step,time,dt,psi_mean,psi_rms,psi_max_abs,omega_mean,omega_rms,omega_max_abs,du_par_mean,du_par_rms,du_par_max_abs,db_par_mean,db_par_rms,db_par_max_abs,drho_mean,drho_rms,drho_max_abs,alfvenic_energy,du_par_energy,db_par_energy,total_energy_proxy,total_energy,total_energy_rhs_dissipation,total_energy_rhs_forcing,total_energy_rhs_stratification,total_energy_rhs_total,auto_dissipation_enabled,auto_dissipation_nu_perp,auto_dissipation_nu_par,auto_dissipation_kd,auto_dissipation_ud,auto_dissipation_Ed
0,0.0,0.0,2.168404344971009e-18,0.43396285738141666,1.4366248209132386,0.0,0.43396285738141666,1.3622706649724292,-1.734723475976807e-18,0.4339628573814166,1.5566301567353047,5.204170427930421e-18,0.43396285738141666,1.4296701781417764,3.469446951953614e-18,0.43396285738141666,1.3773159561730393,0.41666694199164045,0.09416188079332187,0.0941618807933219,0.6049907035782842,0.7499999999999999,0.0,0.0,0.0,0.0,1.0,1.000000000000001e-12,0.0,8.48528137423857,0.0,0.0
6,0.257693691477286,0.04354025690419526,8.673617379884035e-19,0.421123055010441,1.3375134285193817,-1.734723475976807e-18,0.9073452351561219,2.8357027549544656,6.071532165918825e-18,1.0313674717495445,3.373031625771837,-1.734723475976807e-18,0.45029575701448343,1.5405945836751882,0.0,0.3881067443934932,1.3992862324330948,0.4648206310190472,0.5318594308915237,0.10138313439262335,1.0980631963031942,1.240115578857621,-3.27994496883873e-10,0.0,1.8526277599783134,1.852627759650319,1.0,1.000000000000001e-12,0.0,8.48528137423857,0.0,0.0
12,0.5180349170368401,0.04253363195529586,0.0,0.4230315129168701,1.3884162705875316,-5.204170427930421e-18,0.8608686362644031,2.9354242401151875,8.673617379884035e-19,1.8749239995550422,5.998986534501223,-1.1275702593849246e-17,0.5365620065054117,1.7635138165726711,0.0,0.5650472700845738,1.9043027395816587,0.4455825443186027,1.7576700020537372,0.14394939341255672,2.3472019397848967,2.577356505903562,-7.540931449665554e-10,0.0,5.562402920570023,5.562402919815931,1.0,1.000000000000001e-12,0.0,8.48528137423857,0.0,0.0
18,0.761680358641092,0.039175932517535934,-4.336808689942018e-19,0.46802093391595445,1.4734125108511438,1.734723475976807e-18,1.2191815910212374,3.9483240859813655,6.938893903907228e-18,2.6643164910518964,8.678742762193856,5.204170427930421e-18,0.8072097521080354,2.6658216942808606,0.0,0.5526887350287769,2.369265402235234,0.6125760246306808,3.5492911822455446,0.32579379194915786,4.487660998825383,4.8959302969880225,-1.5656944180285437e-09,0.0,9.852863032756337,9.852863031190642,1.0,1.000000000000001e-12,0.0,8.48528137423857,0.0,0.0
25,1.0178272308716398,0.03454332757097039,2.6020852139652106e-18,0.5538022428429592,1.7201001447673732,-3.469446951953614e-18,1.2911028622940925,4.405510987992809,1.214306433183765e-17,3.4890032772998407,11.31798304171436,-2.6020852139652106e-18,1.3214910589634197,4.031980250882981,0.0,0.540025201284862,2.014560303226193,0.7859228348235506,6.086571934504515,0.87316930946013,7.745664078788196,8.697572737114468,-2.8607822130977883e-09,0.0,17.22475985975623,17.224759856895446,1.0,1.000000000000001e-12,0.0,8.48528137423857,0.0,0.0
33,1.2690271229101064,0.02905390866113213,-2.168404344971009e-18,0.6412501128828839,2.1434390934627543,0.0,1.3873238632337965,5.753158243107935,-1.8214596497756474e-17,4.260044281842597,13.762669275768138,-8.673617379884035e-19,1.9712447319156343,6.38439468415649,-1.734723475976807e-18,0.5541403906018377,2.2282044161863235,0.9834891214869659,9.073988641629903,1.9429028965525705,12.000380659669439,14.026192880796028,-4.736602192472703e-09,0.0,25.834180222843923,25.83418021810732,1.0,1.000000000000001e-12,0.0,8.48528137423857,0.0,0.0
42,1.5065765245219234,0.02459212534341372,4.336808689942018e-19,0.7265567214286724,2.628890427540064,-3.469446951953614e-18,1.493807061072496,5.380907159825972,-1.5612511283791264e-17,4.933695029833363,16.004221667727407,-2.6020852139652106e-18,2.701328203805919,8.907805448192553,0.0,0.59920792893394,2.3171098785011672,1.2531591172227015,12.170673323701209,3.648587032338656,17.072419473262567,20.817950043967492,-7.1422598629274305e-09,0.0,36.98217966714707,36.98217966000481,1.0,1.000000000000001e-12,0.0,8.48528137423857,0.0,0.0
53,1.7570321427247886,0.02160354333756486,1.3010426069826053e-18,0.82905777159503,2.979504513434021,1.734723475976807e-18,1.5951553310121473,5.089233025271635,-5.204170427930421e-18,5.595085605492298,18.164574121924552,2.6020852139652106e-18,3.577965201137807,11.67833634520623,0.0,0.6172270294916353,2.1436146260406055,1.626385091139649,15.65249146639356,6.400917490276555,23.679794047809764,30.18357322368879,-1.0256063811402529e-08,0.0,51.714700050272015,51.71470004001595,1.0,1.000000000000001e-12,0.0,8.48528137423857,0.0,0.0
65,2.004284224284544,0.019836341569585726,-2.168404344971009e-18,0.9380008019141092,3.2383066548204216,-1.734723475976807e-18,1.5493621662404653,4.692525234257248,3.469446951953614e-18,6.202241155104984,19.91564707475745,-6.938893903907228e-18,4.506609104946313,14.595287820300767,-1.734723475976807e-18,0.6966640113946976,2.4599512982915446,1.9698476788733494,19.233897673039,10.154762812392505,31.358508164304855,41.64431297778595,-1.422090590742703e-08,0.0,65.96286408515506,65.96286407093416,1.0,1.000000000000001e-12,0.0,8.48528137423857,0.0,0.0
79,2.2669160219106153,0.017809859142564142,1.734723475976807e-18,1.0504138002443628,3.5950068449047192,0.0,1.7459420936312935,6.097486576973806,5.0306980803327406e-17,6.7869779651094095,21.397021702879634,3.469446951953614e-18,5.535041975199085,18.016453705863263,-5.204170427930421e-18,0.7698700387606436,2.726925000580355,2.4346801289684974,23.031534949440335,15.318344833607886,40.78455991201672,56.26293371230156,-1.9173038142179967e-08,0.0,79.91516968290351,79.91516966373047,1.0,1.000000000000001e-12,0.0,8.48528137423857,0.0,0.0
93,2.5018213286720994,0.015959516531595535,-8.673617379884035e-19,1.15467215903493,3.9487752548788846,2.6020852139652106e-18,1.7781714868216794,5.67766369034048,1.734723475976807e-17,7.263951728937145,22.523844902336265,0.0,6.49490725349979,21.173411832165847,-1.734723475976807e-18,0.8642297798726634,3.1531724382376316,2.865260221859682,26.38249736016448,21.091910115782085,50.33966769780625,71.6332389539414,-2.4907065353433146e-08,0.0,98.66657046345564,98.66657043854858,1.0,1.000000000000001e-12,0.0,8.48528137423857,0.0,0.0
110,2.758786788234204,0.014497601988173608,-2.168404344971009e-18,1.2721259518612889,4.299709546789696,8.673617379884035e-19,1.8279435733396932,5.407952316726748,7.632783294297951e-17,7.753252773508864,23.786730059841428,2.6020852139652106e-18,7.559968118855325,24.369792030517463,1.734723475976807e-18,0.8402136264296615,3.044752101335235,3.446968059319394,30.056464284961443,28.576558979054457,62.07999132333529,90.84715921566003,-3.1556607022918435e-08,0.0,115.62945217321625,115.62945214165964,1.0,1.000000000000001e-12,0.0,8.48528137423857,0.0,0.0
128,3.0103622792256153,0.0135617283003512,-4.336808689942018e-19,1.3780046912246284,4.630886746116933,6.938893903907228e-18,1.758776585673924,4.96224901780735,-7.979727989493313e-17,8.197333018751307,24.984397447836606,0.0,8.577308794240118,27.167116081175635,-3.469446951953614e-18,0.8416879410845292,3.0914586617061968,3.976573524901182,33.5981343101552,36.78511307587443,74.35982091093081,111.33621240615035,-3.936132526365688e-08,0.0,124.45749881383847,124.45749877447714,1.0,1.000000000000001e-12,0.0,8.48528137423857,0.0,0.0
147,3.2597570562166127,0.012750263691387794,-1.3010426069826053e-18,1.4710280162699227,4.926132908183454,0.0,1.8173870095899844,5.686113373846323,2.0816681711721685e-17,8.59775957977857,25.842359355340186,1.5612511283791264e-17,9.562634264087412,29.815455849787334,-3.469446951953614e-18,0.886463067801646,3.19093496742276,4.511778345153361,36.96073489583709,45.7219870343493,87.19450027533975,133.12865783774464,-4.787196455361276e-08,0.0,133.72614956611554,133.72614951824357,1.0,1.000000000000001e-12,0.0,8.48528137423857,0.0,0.0
167,3.506936162454581,0.012039422691827503,-1.734723475976807e-18,1.5609383263305219,5.143405204753309,-8.673617379884035e-19,2.0370496677098338,6.13645836257545,-3.469446951953614e-18,8.968155793461767,26.612312348448445,-2.6020852139652106e-18,10.537777376471222,32.392400716944096,3.469446951953614e-18,0.8544406703234787,3.0234703606259625,5.125889496909404,40.21390916790092,55.522376018034336,100.86217468284465,156.58166929283675,-5.720393812123433e-08,0.0,151.76968198277075,151.7696819255668,1.0,1.000000000000001e-12,0.0,8.48528137423857,0.0,0.0
188,3.7540589671212365,0.01155566299017325,4.336808689942018e-19,1.6390786845052518,5.30705125075556,-8.673617379884035e-19,2.038687366890707,6.172962967871426,0.0,9.327114534243645,27.809972708593648,9.540979117872439e-18,11.496837985631574,34.753609858433244,6.938893903907228e-18,0.8464017626288929,2.985095678310878,5.5768334181215815,43.49753276744953,66.08864183393052,115.16300801950163,181.4450767582531,-6.744021521535377e-08,0.0,166.0963512731769,166.09635120573668,1.0,1.000000000000001e-12,0.0,8.48528137423857,0.0,0.0
210,4.004466336065029,0.011274883312172789,-3.469446951953614e-18,1.6857488668142724,5.39683164225082,-5.204170427930421e-18,1.8666665104031126,5.726038727796175,-6.938893903907228e-18,9.676557612473232,29.003258332858074,1.5612511283791264e-17,12.418054826376553,36.61889898497516,-1.734723475976807e-18,0.9134000614088181,3.2585411649357825,5.822615536380676,46.817883613756834,77.10404283544699,129.7445419855845,207.0738457325205,-7.847916468384126e-08,0.0,164.85404176410054,164.85404168562138,1.0,1.000000000000001e-12,0.0,8.48528137423857,0.0,0.0
232,4.252044463566544,0.011260075642735245,-5.204170427930421e-18,1.7125923578943796,5.381378584843384,-8.673617379884035e-19,1.793484801217424,5.61471774324748,-5.898059818321144e-17,9.997611902820497,30.16561776610679,-3.469446951953614e-18,13.281621456833694,38.34650700279832,0.0,0.990443198995821,3.4466848570972086,6.0238148029559255,49.97612187970904,88.20073426131259,144.20067094397757,232.6662691925082,-9.003274465181738e-08,0.0,161.26448042479967,161.26448033476692,1.0,1.000000000000001e-12,0.0,8.48528137423857,0.0,0.0
255,4.510349045027711,0.011114361335719327,-3.903127820947816e-18,1.7566717650328278,5.410698128970769,-2.6020852139652106e-18,1.8188332704020251,5.154329413484698,-6.245004513516506e-17,10.302265695872958,31.18803543068984,8.673617379884035e-18,14.16891177299217,40.65714172199288,-5.204170427930421e-18,0.994753974599096,3.845541937194401,6.3631442581399265,53.068339234180364,100.37903041541803,159.8105139077383,260.4567189000511,-1.023226204052545e-07,0.0,172.0698390879898,172.0698389856672,1.0,1.000000000000001e-12,0.0,8.48528137423857,0.0,0.0
277,4.750887164819362,0.010777499076662833,4.336808689942018e-19,1.8104366257389395,5.59100160890849,6.071532165918825e-18,1.947472292029617,5.722804639826171,4.5102810375396984e-17,10.559804074172133,32.455463970376705,-5.204170427930421e-18,14.9981029631577,43.22882876452189,0.0,0.8983653550421533,3.289110812277564,6.82433499831437,55.75473104245118,112.47154624673988,175.05061228750543,287.74006481825313,-1.1518416338688075e-07,0.0,189.9966540554274,189.99665394024325,1.0,1.000000000000001e-12,0.0,8.48528137423857,0.0,0.0
301,5.00625594616886,0.010540777932956583,3.0357660829594124e-18,1.8525846471315734,5.741984380962702,5.204170427930421e-18,2.0388550034880186,6.092068870673826,4.85722573273506e-17,10.810133128492046,33.70259554043485,1.1275702593849246e-17,15.866739611308729,45.86935314145265,-1.734723475976807e-18,0.8204404492893103,2.9064301596786435,7.235601327092986,58.42948912786059,125.87671294653673,191.5418034014903,317.6002594313512,-1.2867288711204556e-07,0.0,199.02697263081578,199.02697250214288,1.0,1.000000000000001e-12,0.0,8.48528137423857,0.0,0.0
325,5.257450613185194,0.010388055259405926,-3.0357660829594124e-18,1.8752877512470074,5.880222457335822,0.0,1.9660647702371203,7.4636801363932666,4.5102810375396984e-17,11.039145871364145,34.72850107292247,1.734723475976807e-18,16.690766953732762,48.2679851448188,3.469446951953614e-18,0.8486447084731535,3.303951822275552,7.428646960064271,60.93137078462803,139.2908507519088,207.6508684966011,347.13617266563915,-1.4279657014985676e-07,0.0,196.2962675638015,196.29626742100493,1.0,1.000000000000001e-12,0.0,8.48528137423857,0.0,0.0
349,5.5039743135140835,0.010164642624509059,-3.0357660829594124e-18,1.89770611970001,6.1155607375589,2.6020852139652106e-18,1.84268072751667,6.578762144478995,3.469446951953614e-18,11.2459912921953,35.49552982672495,1.474514954580286e-17,17.466494249017984,50.641427630098576,-1.734723475976807e-18,0.8632724542583913,3.125879030804631,7.599090848682176,63.236160072066234,152.53921067548913,223.37446159623755,376.1148868909026,-1.56729554867342e-07,0.0,190.59772740200378,190.59772724527423,1.0,1.000000000000001e-12,0.0,8.48528137423857,0.0,0.0
374,5.755560079215028,0.009989060118326917,2.168404344971009e-18,1.930007273248633,6.408987651570903,1.734723475976807e-18,1.6158472741955079,5.487690583871662,0.0,11.432079685871244,35.94990991283556,7.806255641895632e-18,18.235146138722094,52.97166244963753,-1.734723475976807e-18,0.9156582147093983,3.0600658512652203,7.81497580238398,65.34622297205499,166.26027735027566,239.42147612471462,405.9081295658547,-1.7069511762924043e-07,0.0,192.4835738375327,192.48357366683757,1.0,1.000000000000001e-12,0.0,8.48528137423857,0.0,0.0
399,6.004125128116275,0.009913520810074674,8.673617379884035e-19,1.9696058647804886,6.516605382819893,-8.673617379884035e-19,1.735605888683924,5.291006388590981,-1.3877787807814457e-17,11.598093330032807,36.20270000789117,-8.673617379884035e-19,18.980420040381624,54.849222844306404,1.734723475976807e-18,0.8801575060205288,2.8882499744342245,8.235630049510009,67.25788444607574,180.12817245466016,255.6216869502459,435.9590222584652,-1.848623044933435e-07,0.0,202.84780287480092,202.84780268993862,1.0,1.000000000000001e-12,0.0,8.48528137423857,0.0,0.0
424,6.252076720527138,0.009920439960795939,0.0,2.017339599310272,6.535553937867895,2.6020852139652106e-18,1.7138396601101877,5.12135392611858,-2.42861286636753e-17,11.767202313259526,36.26615200733454,0.0,19.6965527530613,56.41375379973989,3.469446951953614e-18,0.8267252398980174,2.5119665773869837,8.62709628302716,69.23352514059016,193.97709517706335,271.83771660068066,465.99934992576084,-1.9898329618684495e-07,0.0,208.84424791712897,208.84424771814568,1.0,1.000000000000001e-12,0.0,8.48528137423857,0.0,0.0
450,6.5089670688754016,0.009817742142639767,-2.6020852139652106e-18,2.0680021879939265,6.619015367239154,-1.734723475976807e-18,1.287182444484118,4.6689495689457505,6.938893903907228e-18,11.959001814316219,36.054652144992424,-8.673617379884035e-19,20.37240286903057,58.04615638038356,-1.734723475976807e-18,0.8277749161147198,2.605555687192523,8.869581289973103,71.50886219740931,207.51739932904252,287.89584281642493,495.59824919963967,-2.1292386513312496e-07,0.0,193.83642355743177,193.83642334450792,1.0,1.000000000000001e-12,0.0,8.48528137423857,0.0,0.0
475,6.752191105424148,0.009654458694946882,2.168404344971009e-18,2.1009204967741324,6.713381946340751,0.0,1.1000336824110166,3.7918598285963068,9.367506770274758e-17,12.155898447885399,35.55069921980498,-7.806255641895632e-18,20.92941220586524,59.62540119564826,0.0,0.832621025934641,2.7391147012426145,9.117644303660589,73.88293353765133,219.02014764151042,302.02072548282234,521.2280527229965,-2.2588720676435768e-07,0.0,166.33084221271505,166.33084198682783,1.0,1.000000000000001e-12,0.0,8.48528137423857,0.0,0.0
501,7.002331904614913,0.009619167120684707,-2.168404344971009e-18,2.1243440805497724,6.756175864535816,-3.469446951953614e-18,1.1701479499331942,3.870453116251472,-1.9081958235744878e-16,12.380905765001618,34.822748840871164,8.673617379884035e-19,21.42916128895943,60.939238577646165,3.469446951953614e-18,0.8787945551326256,3.0457706502190045,9.383424716366912,76.64341378092514,229.60447677411878,315.6313152714108,545.4443076104648,-2.3776120958817804e-07,0.0,151.05840833713876,151.05840809937754,1.0,1.000000000000001e-12,0.0,8.48528137423857,0.0,0.0
527,7.253472297066872,0.009697770930675597,4.336808689942018e-19,2.15566958093968,6.77532898246995,0.0,1.1323830977350609,4.418281597127459,-3.122502256758253e-17,12.645337185536917,34.00013453378159,5.204170427930421e-18,21.864378627189677,61.9584807668658,0.0,0.8890272618253225,3.236336738982999,9.666402979637562,79.95227626796137,239.02552637655438,328.6442056241533,567.8831317582202,-2.4899894824197345e-07,0.0,145.997601511733,145.99760126273404,1.0,1.000000000000001e-12,0.0,8.48528137423857,0.0,0.0
553,7.50566149482436,0.00967214639998046,1.3010426069826053e-18,2.1967653312436606,6.823263186123433,3.469446951953614e-18,0.9632309520792134,2.9376984945539286,-1.734723475976807e-16,12.955800249677925,33.09893000893519,0.0,22.213827407666155,62.89418854539439,-1.734723475976807e-18,0.8546800401331827,2.744128591487688,9.943460555197035,83.92638005477727,246.72706404878997,340.5969046587643,587.5211977597248,-2.593355646416466e-07,0.0,128.10746114339247,128.1074608840569,1.0,1.000000000000001e-12,0.0,8.48528137423857,0.0,0.0
579,7.755253950199707,0.00953190448767223,8.673617379884035e-19,2.2282192308370328,6.829410327512825,3.469446951953614e-18,0.932841642364144,3.067682063278065,4.163336342344337e-17,13.306188917824567,32.83033751028666,0.0,22.4521175417327,63.58059859720629,1.734723475976807e-18,0.8352574745656521,2.9190419913061687,10.157823188618273,88.52733175841865,252.04879105389057,350.7339460009275,602.9711039179989,-2.6835790376037424e-07,0.0,94.46312034907791,94.46312008072,1.0,1.000000000000001e-12,0.0,8.48528137423857,0.0,0.0
605,8.002308914149198,0.009506908143389,-4.336808689942018e-19,2.237735063528423,6.767881521980483,1.734723475976807e-18,1.093552542337958,3.9950539991215805,4.163336342344337e-17,13.696269753863266,33.59834187843802,1.1275702593849246e-17,22.581360825603273,64.05032099318767,0.0,0.8034119964144095,2.661582258999087,10.326388665095672,93.79390258529483,254.958928368045,359.0792196184355,614.2124251121958,-2.757865765106887e-07,0.0,60.03727894422202,60.03727866843544,1.0,1.000000000000001e-12,0.0,8.48528137423857,0.0,0.0
631,8.250969355222503,0.00958707996182628,8.673617379884035e-19,2.2366015599127067,6.722861211380488,2.6020852139652106e-18,1.0448526387284858,3.3363670698637193,6.938893903907228e-17,14.128995638368824,34.903385456065614,-6.071532165918825e-18,22.607896700538728,64.19902759124543,3.469446951953614e-18,0.8541491405696051,2.955371754991497,10.341166732392198,99.81425887452262,255.5584966111149,365.7139222180297,621.4694029328152,-2.816415520481328e-07,0.0,28.053016296680056,28.053016015038505,1.0,1.000000000000001e-12,0.0,8.48528137423857,0.0,0.0
658,8.509231695481574,0.00959158236576538,-3.0357660829594124e-18,2.2355772576134134,6.721416374340222,8.673617379884035e-19,1.0254026396516327,3.758946299110807,6.245004513516506e-17,14.613024395708837,37.43065413088202,-3.469446951953614e-18,22.53204182811881,63.90936955589171,-3.469446951953614e-18,0.9116059854121856,3.1039811720095623,10.30671123203761,106.77024099479084,253.8464544720479,370.92340669887636,624.9942380485368,-2.8609633583732107e-07,0.0,-0.9945410489407818,-0.9945413350371176,1.0,1.000000000000001e-12,0.0,8.48528137423857,0.0,0.0
684,8.757738376257658,0.009464752278045972,-2.6020852139652106e-18,2.2370040093267125,6.718694944137122,4.336808689942018e-18,1.1407910229103564,4.207498293143369,1.734723475976807e-17,15.106463748464384,39.81982885635499,3.469446951953614e-18,22.378028720695323,63.56940390500931,-3.469446951953614e-18,0.8831800774778403,2.784850125977333,10.320948415144425,114.10262349183432,250.38808471213233,374.8116566191111,625.4103432345419,-2.893155537372757e-07,0.0,-17.19199877264723,-17.191999061962786,1.0,1.000000000000001e-12,0.0,8.48528137423857,0.0,0.0
710,9.001925250989396,0.009359923796204537,3.0357660829594124e-18,2.2367301206455514,6.727079602995864,1.734723475976807e-18,0.9230727247654503,3.4873074847124315,-1.457167719820518e-16,15.609096307475086,41.912918532750346,3.469446951953614e-18,22.155657359978452,62.92773453572054,-1.734723475976807e-18,0.9142433243410093,2.8306499977802697,10.225434055078736,121.82194376801621,245.4365765263836,377.48395434947855,623.1462079070097,-2.91361278764496e-07,0.0,-30.38345663760699,-30.38345692896827,1.0,1.000000000000001e-12,0.0,8.48528137423857,0.0,0.0
737,9.255869399352276,0.009470127745199732,-1.734723475976807e-18,2.22733158137789,6.781496767321396,-8.673617379884035e-19,1.226049697826411,4.264384792518024,6.591949208711867e-17,16.138137396188064,43.82092064982405,8.673617379884035e-18,21.829353144112172,62.0273632604101,1.734723475976807e-18,0.9421414619647354,2.952968633039359,10.16958767715613,130.21973930912182,238.2603293451799,378.6496563314579,617.1496459209131,-2.921276431265287e-07,0.0,-62.687289719078876,-62.68729001120652,1.0,1.000000000000001e-12,0.0,8.48528137423857,0.0,0.0
763,9.502922957190679,0.009489858209291487,4.336808689942018e-19,2.2105169795671875,6.829140634701471,8.673617379884035e-19,1.6001874832075897,5.410778418135958,-1.0755285551056204e-16,16.65686277975853,45.659104451266934,-9.540979117872439e-18,21.414529621804363,60.97098015658841,0.0,0.973494095605756,3.313461413363772,10.077809668126042,138.7255388318525,229.29103946156826,378.0943879615468,607.6413039267434,-2.9148406866161267e-07,0.0,-99.75556852403125,-99.75556881551532,1.0,1.000000000000001e-12,0.0,8.48528137423857,0.0,0.0
790,9.756867261898675,0.009315994282473223,4.336808689942018e-19,2.191777212688164,6.793080930385975,2.6020852139652106e-18,1.520626161320795,4.790957352203881,6.591949208711867e-17,17.19750550612984,47.472700832508245,4.336808689942018e-18,20.921107390785867,59.678026587846325,-1.734723475976807e-18,0.9547356296205941,3.1646704911697996,9.884828828403785,147.8770978166831,218.8463672283975,376.6082938734844,595.700771534948,-2.8981353013337346e-07,0.0,-112.27576212511083,-112.27576241492436,1.0,1.000000000000001e-12,0.0,8.48528137423857,0.0,0.0
817,10.00686173976787,0.009237392281773,-8.673617379884035e-19,2.1757495001033513,6.6933624674320695,1.734723475976807e-18,1.359155468353461,4.509804893042021,1.1102230246251565e-16,17.727619939879077,48.879866643355264,2.6020852139652106e-18,20.391599193400427,58.43785347735192,-1.734723475976807e-18,0.913127220563004,2.9684785871706674,9.646670972841438,157.13425436639915,207.90865883214448,374.68958417138504,582.8233693601815,-2.875852532819332e-07,0.0,-109.5366267047782,-109.53662699236345,1.0,1.000000000000001e-12,0.0,8.48528137423857,0.0,0.0
844,10.257556288004928,0.009349614372384745,1.734723475976807e-18,2.156503263451584,6.582758520240822,8.673617379884035e-19,1.5773569429467809,5.242421500178424,-2.42861286636753e-16,18.24436749326952,50.13764273693265,7.806255641895632e-18,19.799951466683517,57.0399675972717,3.469446951953614e-18,0.927621509615251,3.315158564796313,9.422474963584815,166.42847261473474,196.01903904151138,371.8699866198309,568.1213557109196,-2.848675015120707e-07,0.0,-120.30916263039269,-120.30916291526019,1.0,1.000000000000001e-12,0.0,8.48528137423857,0.0,0.0
870,10.501276858276777,0.009386273493565874,-2.6020852139652106e-18,2.126962293513417,6.500506724078006,-2.6020852139652106e-18,1.9272292162117526,5.890905431696101,9.71445146547012e-17,18.735878816653326,51.71161274554709,1.5612511283791264e-17,19.146507405787354,55.523168666632394,-6.938893903907228e-18,0.9355200316502108,3.5057245035919737,9.211770133058003,175.5165775161594,183.29437291993494,368.02272056915234,551.5533968760844,-2.8151716005338856e-07,0.0,-144.05737737973638,-144.05737766125355,1.0,1.000000000000001e-12,0.0,8.48528137423857,0.0,0.0
897,10.753330095919019,0.00928883386176555,4.336808689942018e-19,2.079262439881313,6.428220570664823,5.204170427930421e-18,1.9025492000279827,6.199030573735696,4.163336342344337e-17,19.2418251947759,53.38628893556023,6.938893903907228e-18,18.393886384687704,53.751266765253305,-3.469446951953614e-18,0.962430038982984,3.59183820216583,8.779991713581587,185.12391841315628,169.16752816639982,363.0714382931377,532.4890597861205,-2.7760395978943096e-07,0.0,-162.0415746343908,-162.04157491199476,1.0,1.000000000000001e-12,0.0,8.48528137423857,0.0,0.0
924,11.004517239453703,0.009364381290949568,-4.336808689942018e-19,2.0152028360467087,6.280881948422765,4.336808689942018e-18,1.6527262829300535,5.032621690738922,2.0122792321330962e-16,19.74091074433852,55.15215726189055,-4.336808689942018e-18,17.582324315139882,51.669540190135514,-3.469446951953614e-18,1.0244541805377936,3.6043439911794675,8.133181101212116,194.85177850796998,154.5690641613796,357.5540237705617,512.4064546513071,-2.7336387304494365e-07,0.0,-167.19967222202132,-167.1996724953852,1.0,1.000000000000001e-12,0.0,8.48528137423857,0.0,0.0
950,11.251880977483648,0.009673018909537888,8.673617379884035e-19,1.9512824590555617,6.023227297654789,-2.6020852139652106e-18,1.6765821510852585,5.139906707612569,-6.245004513516506e-17,20.21973936821535,56.940363697792606,7.806255641895632e-18,16.733796677837613,49.459177620775975,0.0,0.9902448003781879,3.61144752104945,7.610788630813593,204.41893005927886,140.00997562760458,352.039694317697,492.31442783176414,-2.6925035424218913e-07,0.0,-163.49670456056933,-163.4967048298197,1.0,1.000000000000001e-12,0.0,8.48528137423857,0.0,0.0
976,11.50751604419119,0.009957402336647372,8.673617379884035e-19,1.8960428618199219,5.794933428307581,0.0,1.774441517802074,5.384080569840306,-2.7755575615628914e-17,20.69904622720383,58.42407240598938,-1.0408340855860843e-17,15.803718728265665,46.930934521853146,5.204170427930421e-18,0.8651830191110945,3.317694370179447,7.207200398878518,214.22525735796057,124.87876282106745,346.3112205779065,471.39208964624476,-2.65387250789874e-07,0.0,-159.53017164878213,-159.5301719141694,1.0,1.000000000000001e-12,0.0,8.48528137423857,0.0,0.0
1001,11.759221371171686,0.010187431086627213,-4.336808689942018e-19,1.8307012339413635,5.63143471784269,7.806255641895632e-18,1.9006083130206464,6.7987748331126845,-1.0408340855860843e-16,21.156105820587083,59.75026550004255,-1.9081958235744878e-17,14.817688597174362,44.28808369689649,1.734723475976807e-18,0.7683630771917777,2.7585298088565473,6.757926259921678,223.79040674593932,109.78194768141556,340.33028068727657,450.27163145965784,-2.6175438446714316e-07,0.0,-165.42894922687555,-165.42894948862994,1.0,1.000000000000001e-12,0.0,8.48528137423857,0.0,0.0
1025,12.00884790633748,0.010650673391621254,8.673617379884035e-19,1.7269843120289057,5.473581825351527,-8.673617379884035e-19,2.1432830239219847,6.098481694195379,3.8163916471489756e-17,21.596131478765848,60.96491092902191,-1.1275702593849246e-17,13.761716778282373,41.60371291976904,0.0,0.7664523952440606,2.670164816515977,6.158501598860071,233.19644742407056,94.6924243428293,334.04737336575994,428.89840901261664,-2.583646906725185e-07,0.0,-175.1236546042511,-175.12365486261578,1.0,1.000000000000001e-12,0.0,8.48528137423857,0.0,0.0
1047,12.250386201668265,0.011292231960952234,4.336808689942018e-19,1.6061668529796047,5.207051310148181,-8.673617379884035e-19,2.088744602641302,6.403661100434588,-6.245004513516506e-17,22.011245527174903,62.06424680241853,4.336808689942018e-18,12.688637593677102,38.69588152762835,3.469446951953614e-18,0.8639614869364862,3.1460633591431564,5.368104349150942,242.24746482878862,80.5007619918379,328.1163311697775,408.818629113361,-2.5545654170761173e-07,0.0,-170.3947767291808,-170.39477698463733,1.0,1.000000000000001e-12,0.0,8.48528137423857,0.0,0.0
1069,12.506095249667036,0.011919958326845214,0.0,1.4920085882439975,4.881250653157455,0.0,1.8713962995361428,5.632743334829447,2.220446049250313e-16,22.43722494596475,63.16335633053932,4.336808689942018e-18,11.532458893200904,35.35939105190069,-3.469446951953614e-18,0.8333053516046518,2.895441604990329,4.618657976935598,251.71453163791136,66.4988040616843,322.8319936765313,389.518285146649,-2.5333024940765436e-07,0.0,-150.7051423606383,-150.70514261396855,1.0,1.000000000000001e-12,0.0,8.48528137423857,0.0,0.0
1089,12.751736037396613,0.012684397441058691,-8.673617379884035e-19,1.3953722614338842,4.53136039706299,8.673617379884035e-19,1.801655592914902,4.965393041527481,1.457167719820518e-16,22.826856112726198,64.03422149134242,-2.6020852139652106e-18,10.40973772751012,32.02534994890358,0.0,0.743217417295471,2.334476581373686,4.024951226532208,260.5326799955526,54.181319777773766,318.73895099985856,373.0694112525626,-2.522038248741433e-07,0.0,-132.14600314518546,-132.14600339738928,1.0,1.000000000000001e-12,0.0,8.48528137423857,0.0,0.0
1108,13.005525765477595,0.014098519382420014,1.3010426069826053e-18,1.282470463934121,4.100333705389166,-3.469446951953614e-18,1.964442122993497,5.919488250176126,1.8041124150158794e-16,23.207000659963562,64.93978269633617,-9.540979117872439e-18,9.227103346199748,28.445865489245165,-1.734723475976807e-18,0.6835831577427472,2.3822035443705873,3.4915667805054165,269.28243981577464,42.56971808072529,315.34372467700535,358.039609959789,-2.519935099120322e-07,0.0,-121.6138091586259,-121.61380941061941,1.0,1.000000000000001e-12,0.0,8.48528137423857,0.0,0.0
1125,13.261518177318194,0.015957225512002602,-2.6020852139652106e-18,1.152956913735513,3.584716906993428,-2.6020852139652106e-18,2.020372715261123,6.601650693373965,1.5265566588595902e-16,23.572832165086147,65.91708778241016,5.204170427930421e-18,8.024345512985997,24.68180199361915,0.0,0.6650238000985289,2.468131846257098,2.956655931709949,277.83920814166004,32.19506045588925,312.99092452925925,345.3053942819168,-2.527088604111713e-07,0.0,-108.15005267761597,-108.15005293032483,1.0,1.000000000000001e-12,0.0,8.48528137423857,0.0,0.0
1140,13.514150912855172,0.017605085214259665,1.734723475976807e-18,1.0288214359300505,3.2376244216139907,6.938893903907228e-18,1.8410057832176034,5.412732097226663,2.7755575615628914e-16,23.921294716642315,66.6159438175218,2.6020852139652106e-18,6.867294637672713,20.948207185003913,1.734723475976807e-18,0.6742343116490354,2.318840610796248,2.3948435437776388,286.11417046022973,23.57986782030419,312.08888182431156,335.79148945950703,-2.545215173241684e-07,0.0,-85.84229864719973,-85.84229890172125,1.0,1.000000000000001e-12,0.0,8.48528137423857,0.0,0.0
1153,13.754627492881768,0.019410548896719025,4.336808689942018e-19,0.9216654684513814,3.0488191742553155,1.734723475976807e-18,1.68350119989034,5.291892029591977,6.245004513516506e-17,24.241712127313626,66.95336771876687,1.1275702593849246e-17,5.8222710615001585,17.518922357468018,-1.734723475976807e-18,0.6565184999730382,2.0248199759071364,1.9359004834674383,293.8303034317722,16.949420156791085,312.7156240720307,329.78141869483966,-2.5743224591137573e-07,0.0,-62.2012865120288,-62.20128676946105,1.0,1.000000000000001e-12,0.0,8.48528137423857,0.0,0.0
1165,14.006070845128791,0.022500240407154787,2.168404344971009e-18,0.8234691395570897,2.664587311968001,-3.469446951953614e-18,1.6780851318230567,5.5730244784281915,-2.0816681711721685e-16,24.56594236828199,67.10073117838465,1.734723475976807e-18,4.8022189794296155,14.08208038539407,-3.469446951953614e-18,0.6188347343523599,2.2756919211291446,1.5908125665215591,301.7427622208761,11.53065356319701,314.86422835059466,326.4982801494707,-2.6143448229888636e-07,0.0,-41.8712649753009,-41.87126523673538,1.0,1.000000000000001e-12,0.0,8.48528137423857,0.0,0.0
1176,14.273560272565641,0.02601296177132906,2.168404344971009e-18,0.7367572868809298,2.3287971064666184,0.0,1.4917798993848919,5.039260804740182,-1.3530843112619095e-16,24.90372272498196,67.08963585290007,8.673617379884035e-19,3.8180931076302325,11.066968204442082,-5.204170427930421e-18,0.6837343008552105,2.275053236103641,1.259399493944237,310.0977027813915,7.288917489266742,318.64601976460244,326.061160254294,-2.667266897301309e-07,0.0,-22.793721213695108,-22.793721480421798,1.0,1.000000000000001e-12,0.0,8.48528137423857,0.0,0.0
1185,14.522882840393828,0.02888424112204181,4.336808689942018e-19,0.6617338479797455,2.115102743023704,8.673617379884035e-19,1.602767528500847,5.4551752030914304,-3.469446951953614e-18,25.218661576006642,66.8090142059594,4.336808689942018e-18,3.017127838491433,8.960927210343398,0.0,0.6352527953446334,2.043343764528629,1.1393402315530352,317.9904458425769,4.551530196899993,323.6813162710299,328.341803918708,-2.7300730169195237e-07,0.0,-6.139540916051139,-6.139541189058441,1.0,1.000000000000001e-12,0.0,8.48528137423857,0.0,0.0
1193,14.760575110034686,0.030236826472586683,8.673617379884035e-19,0.6057090566928243,2.142973463242335,-8.673617379884035e-19,1.5348633049479652,5.302800543602965,-2.220446049250313e-16,25.5250475450725,66.29998730008394,-4.336808689942018e-18,2.3814320400222915,7.291213511547831,0.0,0.6392671001535568,1.9860253970709452,1.0168009612776439,325.76402608910587,2.835609280622367,329.61643633100584,332.56238446646967,-2.7977290871558607e-07,0.0,7.6814661520602145,7.681465872287306,1.0,1.000000000000001e-12,0.0,8.48528137423857,0.0,0.0
1201,15.009061782901698,0.03185052631470748,4.336808689942018e-19,0.579792153047878,2.077238751406865,0.0,1.3008241998903278,4.811528636058901,2.983724378680108e-16,25.857221615248022,65.63264500396895,-4.336808689942018e-18,1.8781883464493938,5.755105348654399,-3.469446951953614e-18,0.6358227385303031,2.1189665049991238,0.9063310228356318,334.29795483002476,1.7637957323691542,336.9680815852295,338.84103036740345,-2.8724450455327817e-07,0.0,19.313134542029335,19.31313425478483,1.0,1.000000000000001e-12,0.0,8.48528137423857,0.0,0.0
1209,15.27539094970307,0.03444689155343878,-4.336808689942018e-19,0.5777794319361433,1.9378768769344228,5.204170427930421e-18,1.0152833387754125,3.4734764575751242,-1.0408340855860843e-16,26.229485050593247,64.82539436319338,-2.6020852139652106e-18,1.5469205730408024,4.675351993542455,5.204170427930421e-18,0.5932816665174975,1.9048815281124685,0.8595243056016131,343.99294300964726,1.1964816296484424,346.0489489448973,347.34046602121873,-2.9584611531052184e-07,0.0,28.972821514797033,28.97282121895092,1.0,1.000000000000001e-12,0.0,8.48528137423857,0.0,0.0
1216,15.515855845752057,0.03438014904542414,2.6020852139652106e-18,0.5815818596953596,1.9144746515264561,-2.6020852139652106e-18,0.8884238877411239,2.9069609338481697,-6.938893903907228e-18,26.58101015165899,64.23356587513979,-5.204170427930421e-18,1.4142764913663868,4.129832815404079,-1.734723475976807e-18,0.6318861048787524,1.9040577495244448,0.8196509848876325,353.2750503412991,1.0000889970158084,355.0947903232026,356.20268493359384,-3.048740025777718e-07,0.0,35.485139200888874,35.485138896014874,1.0,1.000000000000001e-12,0.0,8.48528137423857,0.0,0.0
1223,15.757700816708732,0.034264916292961405,4.336808689942018e-19,0.5789821543572815,1.932716138476838,0.0,0.8956037712578259,3.739177461035994,-2.8102520310824275e-16,26.951947141992235,65.44855971290679,1.734723475976807e-18,1.395767595969757,3.894356389848737,1.734723475976807e-18,0.6769849500336398,2.0431623836223682,0.8133313758443153,363.2037273723717,0.9740835909795972,364.9911423391956,366.08896925826963,-3.138907689246412e-07,0.0,39.903908760280586,39.90390844638982,1.0,1.000000000000001e-12,0.0,8.48528137423857,0.0,0.0
1231,16.03163371002956,0.0344416707670271,0.0,0.5766437595308204,1.8375175989066945,2.6020852139652106e-18,0.8110078195330832,2.653013614304863,4.163336342344337e-17,27.39471449181111,66.97978758177601,-8.673617379884035e-19,1.4825354348560713,4.015197512995384,0.0,0.7581000094108097,2.9496891555884135,0.7855930285723047,375.2351910439227,1.0989556578019397,377.11973973029694,378.3738686066515,-3.2396124348934497e-07,0.0,44.82333818136894,44.823337857407694,1.0,1.000000000000001e-12,0.0,8.48528137423857,0.0,0.0
1238,16.271969479992542,0.033835642465763524,-3.469446951953614e-18,0.6054980905931516,1.9053853573575057,-2.6020852139652106e-18,0.9404394671070853,3.0961699984327957,-3.191891195797325e-16,27.80009701131294,68.62316798859624,8.673617379884035e-19,1.6422348859130096,4.573871633062766,0.0,0.7711662552836883,2.94652349042783,0.8657132876477363,386.42269691920535,1.3484677102548575,388.63687791710794,390.14591392355067,-3.3440918589056864e-07,0.0,50.020797861266814,50.02079752685763,1.0,1.000000000000001e-12,0.0,8.48528137423857,0.0,0.0
1246,16.52565235198752,0.02979721857751018,1.734723475976807e-18,0.6828987462540822,2.3067735679919967,-1.734723475976807e-18,1.2638782173761136,4.758736669358207,-4.85722573273506e-17,28.243321912368664,70.91353676234188,2.6020852139652106e-18,1.9124196460972307,5.837394120301871,-3.469446951953614e-18,0.6405760682416093,2.2463138622129053,1.129257803643766,398.84261632284193,1.828674451389328,401.800548577875,403.74001420804933,-3.448693361656878e-07,0.0,56.37863670786218,56.37863636299284,1.0,1.000000000000001e-12,0.0,8.48528137423857,0.0,0.0
1255,16.773263248505817,0.026076738590794304,-8.673617379884035e-19,0.7691933587341593,2.6445727241931296,2.6020852139652106e-18,1.077409303776692,4.1416415975664815,3.400058012914542e-16,28.69128208517345,73.11680184497472,7.806255641895632e-18,2.2710641894519417,7.291463125248317,1.734723475976807e-18,0.5786024797630039,2.107764259033134,1.27943731036136,411.59483384549753,2.5788662763055026,415.4531374321644,418.12239453245866,-3.5589923211805805e-07,0.0,63.15809835880454,63.158098002905305,1.0,1.000000000000001e-12,0.0,8.48528137423857,0.0,0.0
1265,17.023594612163322,0.02436561352253006,-2.168404344971009e-18,0.81516022703374,2.771149380524244,8.673617379884035e-19,1.074666759870443,3.746077708148711,2.983724378680108e-16,29.155352814474,75.10483412740756,1.0408340855860843e-17,2.6860108632140776,8.925695502430173,3.469446951953614e-18,0.596513047324526,1.9943097386891013,1.3804562812001304,425.01729886822847,3.607327178652017,430.0050823280806,433.7084830169523,-3.6726837793989107e-07,0.0,66.40389408459644,66.40389371732806,1.0,1.000000000000001e-12,0.0,8.48528137423857,0.0,0.0
1275,17.260594306350924,0.023129744947201745,1.734723475976807e-18,0.8426337079467187,2.91565737066427,1.0408340855860843e-17,1.3800748530802112,4.745686683643434,-1.734723475976807e-16,29.598863991543283,76.64087463037966,3.469446951953614e-18,3.1423747592129203,10.691563853928843,0.0,0.6945771282800407,2.179839496441376,1.5175505826400126,438.0463747949387,4.937259563669228,444.5011849412479,449.56870259944213,-3.7881656994890284e-07,0.0,71.51750232427153,71.51750194545497,1.0,1.000000000000001e-12,0.0,8.48528137423857,0.0,0.0
1286,17.503056634855817,0.021136900816721167,0.0,0.9034442183294514,3.1444562564996454,-2.6020852139652106e-18,1.5217141441174473,5.616340200221064,-1.1102230246251565e-16,30.05636957823784,78.02494137616384,1.3010426069826053e-17,3.7114824314397925,12.711567537049108,-3.469446951953614e-18,0.7653098818884567,2.406669666512036,1.736480816881698,451.69267611181056,6.8875509194431155,460.31670784813537,467.3623975557139,-3.906885204379825e-07,0.0,84.14319884587037,84.14319845518185,1.0,1.000000000000001e-12,0.0,8.48528137423857,0.0,0.0
1299,17.76264281309715,0.018992856781081226,4.336808689942018e-19,1.0006988636701324,3.317179132330339,-6.071532165918825e-18,1.4733001477237713,5.292177488961194,7.632783294297951e-17,30.55253048808556,79.3927527536181,3.469446951953614e-18,4.3904329560998505,15.01121046443145,3.469446951953614e-18,0.6896044003101235,2.34051931786821,2.0705693416433326,466.7285596126988,9.637950771003837,478.43707972534594,488.2034301381601,-4.037726273263073e-07,0.0,96.22640005177867,96.22639964800604,1.0,1.000000000000001e-12,0.0,8.48528137423857,0.0,0.0
1313,18.01712897514149,0.01756229097027134,1.734723475976807e-18,1.0831504403410892,3.526246435591391,0.0,1.4115208652522517,4.609126342114745,-3.677613769070831e-16,31.04151596213955,80.47393374281671,0.0,5.056761291916784,17.26430615080332,0.0,0.6863947126976344,2.4112727644253895,2.320022916900111,481.7878566138823,12.785417381713948,496.89329691249634,509.80592147364746,-4.178271130281103e-07,0.0,100.09474724990574,100.09474683207863,1.0,1.000000000000001e-12,0.0,8.48528137423857,0.0,0.0
1327,18.252762080186766,0.016219147457952384,-2.6020852139652106e-18,1.1403375149112511,3.8771042605754777,-4.336808689942018e-18,1.4640294034934744,5.316576448752013,-4.649058915617843e-16,31.492735555160177,81.46224789034697,-2.6020852139652106e-18,5.684343763346422,19.466116486068174,1.734723475976807e-18,0.735170319135048,2.5085278123510015,2.576823392364067,495.8961963736251,16.15588200994768,514.6289017759369,530.9307121433815,-4.318226550573702e-07,0.0,106.3563487152255,106.35634828340284,1.0,1.000000000000001e-12,0.0,8.48528137423857,0.0,0.0
1343,18.502038526044945,0.015085321632321734,4.336808689942018e-19,1.2036980350868542,4.146323390380751,-3.469446951953614e-18,1.585596813201705,5.253542824959764,-6.245004513516506e-17,31.96954085258404,83.03314221893349,-9.540979117872439e-18,6.3824964222657,21.715649859790012,-1.734723475976807e-18,0.7035802722613627,2.669585823946438,2.9612614230756122,511.0257711625199,20.368130290117232,534.3551628757128,554.8569499696991,-4.463770806023648e-07,0.0,119.888724724043,119.88872427766591,1.0,1.000000000000001e-12,0.0,8.48528137423857,0.0,0.0
1360,18.752701334331764,0.01453403317734218,8.673617379884035e-19,1.2701371294877082,4.1322085086566345,8.673617379884035e-19,1.574295412357542,5.292335088062058,-1.3183898417423734e-16,32.448532870490915,84.45029598742336,2.6020852139652106e-18,7.081757976187472,23.640516882167326,1.734723475976807e-18,0.7231400955951537,2.925356264196094,3.287142992854465,526.4536427236648,25.07564801664744,554.8164337331666,580.0332732812356,-4.6211526895515326e-07,0.0,127.1593384708998,127.15933800878453,1.0,1.000000000000001e-12,0.0,8.48528137423857,0.0,0.0
1378,19.009191123922086,0.013961689908199652,-1.3010426069826053e-18,1.3240900334553027,4.2482804175759785,0.0,1.8493268632956603,5.490278276838212,-7.632783294297951e-17,32.93549917675281,85.8766409759695,8.673617379884035e-19,7.772427516986472,25.483371474341617,0.0,0.7704948978957161,3.066364112528683,3.622956033527229,542.3735530109427,30.205314753404245,576.2018237978741,606.5674273959528,-4.787583456636991e-07,0.0,127.864628221208,127.86462774244964,1.0,1.000000000000001e-12,0.0,8.48528137423857,0.0,0.0
1396,19.25372031170742,0.013253340266908721,-8.673617379884035e-19,1.3700997935777126,4.346344520264637,-3.469446951953614e-18,1.9310831478608024,5.688044513836572,-3.191891195797325e-16,33.397277270737604,87.35798819274939,1.214306433183765e-17,8.452669426954822,27.272298153510256,-3.469446951953614e-18,0.8134565001925763,2.578342782700685,3.915811397970498,557.6890645492633,35.72381022068838,597.3286861679222,633.2311584875911,-4.959730867277166e-07,0.0,141.0318817659504,141.0318812699773,1.0,1.000000000000001e-12,0.0,8.48528137423857,0.0,0.0
1415,19.500331575578894,0.012819316231545815,1.734723475976807e-18,1.4181875987241066,4.385757749328439,0.0,1.8194106534088457,6.127928316536295,-5.342948306008566e-16,33.86191519817869,88.95996645708935,8.673617379884035e-19,9.169463662127054,28.787831682401958,0.0,0.7632234462697416,2.7719233280588735,4.198872588510863,573.3146504443225,42.039531925534234,619.5530549583676,661.7498645917145,-5.137476626872059e-07,0.0,157.61723552246588,157.6172350087182,1.0,1.000000000000001e-12,0.0,8.48528137423857,0.0,0.0
1435,19.75729521933604,0.012955886929170692,0.0,1.4533133370292959,4.492825496366988,6.938893903907228e-18,1.7813816786961159,6.225930807598435,2.0816681711721685e-17,34.340560573738756,90.57208485158253,1.214306433183765e-17,9.899923720775812,30.01446477965017,1.734723475976807e-18,0.7276684774323414,2.6852158743239194,4.424164148551091,589.6370502593103,49.004244838589784,643.0654592464512,692.2126694665642,-5.327639275478724e-07,0.0,156.7373249368268,156.7373244040629,1.0,1.000000000000001e-12,0.0,8.48528137423857,0.0,0.0
1454,20.002926029215438,0.01285062116954821,-2.168404344971009e-18,1.4683607796875853,4.599169330211755,0.0,1.8616464762174947,6.1545122536360175,-1.6653345369377348e-16,34.78766966457301,92.02052646629517,3.469446951953614e-18,10.591288922183141,31.799781045131656,-3.469446951953614e-18,0.8198550350329757,3.0071807470558785,4.568796730224033,605.0909803457266,56.08770051657965,665.7474775925302,722.0166619242966,-5.523457794832e-07,0.0,154.71874894008658,154.71874838774082,1.0,1.000000000000001e-12,0.0,8.48528137423857,0.0,0.0
1474,20.259729760110332,0.012811513257208534,-1.3010426069826053e-18,1.4983235241873492,4.7322677199676715,8.673617379884035e-19,1.9410689593641255,5.886365064424112,-3.885780586188048e-16,35.24333202995043,93.29926899937321,-5.204170427930421e-18,11.376931504775431,33.4296680674714,0.0,0.850424448376419,2.8761444371161677,4.843218638072724,621.0462262866649,64.71728523217587,690.6067301569135,755.5192852595362,-5.727545618540238e-07,0.0,177.33595152745372,177.33595095469914,1.0,1.000000000000001e-12,0.0,8.48528137423857,0.0,0.0
1493,20.50031000994509,0.012477836425178286,8.673617379884035e-19,1.5483454096157012,4.79275571271817,6.071532165918825e-18,2.071649795739905,6.597701154811709,0.0,35.65968417989964,94.40201521437096,6.071532165918825e-18,12.180410364010982,35.1821778678752,1.734723475976807e-18,0.729194830228103,2.7403086917937287,5.263054874930659,635.8065379050923,74.18119831785305,715.250791097876,789.5755551928457,-5.940588350597209e-07,0.0,205.6727462119851,205.67274561792627,1.0,1.000000000000001e-12,0.0,8.48528137423857,0.0,0.0
1514,20.75676264536246,0.01200035363001689,4.336808689942018e-19,1.5955035581433399,4.891577652013138,-8.673617379884035e-19,1.9851982738444796,6.080841582183486,-1.3877787807814457e-17,36.09095118096142,95.44965879975007,0.0,13.057950902609187,37.24225997449613,3.469446951953614e-18,0.764430092219078,2.8329231797195584,5.517093753254914,651.2783785732702,85.25504088747604,742.0505132140012,827.4633295102674,-6.162749346533554e-07,0.0,213.90374101061295,213.903740394338,1.0,1.000000000000001e-12,0.0,8.48528137423857,0.0,0.0
1535,21.006957767084252,0.011895869069038799,-3.469446951953614e-18,1.6212092773954543,4.999674028350473,1.734723475976807e-18,1.97838470219813,6.591413521367041,3.191891195797325e-16,36.49802136181835,96.39146007786641,1.1275702593849246e-17,13.917829089104334,39.39034778512747,1.734723475976807e-18,0.8305337054964346,3.049361546486146,5.7433611527233275,666.0527816638744,96.85298327675937,768.649126093357,865.6883516538271,-6.395152665541525e-07,0.0,214.27478237641202,214.27478173689676,1.0,1.000000000000001e-12,0.0,8.48528137423857,0.0,0.0
1556,21.25732358042543,0.0119034522060408,-4.336808689942018e-19,1.659139271012743,5.128483541921651,0.0,1.8954367583347753,6.239998837939335,-1.8041124150158794e-16,36.89069387702593,97.20206393937683,5.204170427930421e-18,14.805297388654605,41.450051960735045,0.0,0.8848056376842411,3.056236121332239,6.051073838921638,680.4616473642195,109.59841538325142,796.1111365863926,905.920929844093,-6.630466394333869e-07,0.0,229.14810234863242,229.14810168558577,1.0,1.000000000000001e-12,0.0,8.48528137423857,0.0,0.0
1577,21.504545276410184,0.011641952681953165,1.734723475976807e-18,1.7261340714196551,5.328754417973542,8.673617379884035e-19,1.978472411235689,6.2499360057006985,1.3877787807814457e-16,37.2644020277639,97.971184289674,-5.204170427930421e-18,15.710210273324728,43.97697192493387,3.469446951953614e-18,0.8379882598070802,2.808516668692981,6.587145853538111,694.317829243407,123.4053534160389,824.310328512984,947.905282496388,-6.871214014685635e-07,0.0,250.88413015025958,250.88412946313818,1.0,1.000000000000001e-12,0.0,8.48528137423857,0.0,0.0
1599,21.758233738253132,0.011463584682332563,-1.3010426069826053e-18,1.804965423630537,5.509123304294706,-6.071532165918825e-18,1.9508162832098503,6.17794323526155,1.249000902703301e-16,37.63787156026907,98.34787117560278,-8.673617379884035e-19,16.642727139790306,47.05184363951123,-1.734723475976807e-18,0.7856388707892629,2.468876144717023,7.172067675596257,708.3046877936555,138.4901833247564,853.9669387940082,992.6237737962942,-7.120136753944718e-07,0.0,265.54798693403495,265.5479862220213,1.0,1.000000000000001e-12,0.0,8.48528137423857,0.0,0.0
1621,22.009708237551745,0.011393039275033916,4.336808689942018e-19,1.8742224603120363,5.6100199135816995,0.0,1.730073142900959,5.548846460935308,2.7755575615628914e-17,38.003418628117295,98.54887873868174,-1.214306433183765e-17,17.54222351496805,49.98772981833504,1.734723475976807e-18,0.8095177044133631,3.039947061751319,7.5985038966585146,722.1299137119664,153.864802924549,883.593220533174,1037.6349595644376,-7.374504778814671e-07,0.0,269.61992611760445,269.619925380154,1.0,1.000000000000001e-12,0.0,8.48528137423857,0.0,0.0
1643,22.258079741520476,0.011165335834140313,-2.168404344971009e-18,1.9300934718692813,5.786604660194123,-5.204170427930421e-18,1.4216076157806736,4.748797343846673,-5.551115123125783e-17,38.361413337469166,98.58773219628438,7.806255641895632e-18,18.380805150881454,52.69150653525494,1.734723475976807e-18,0.8836980675802673,3.3320881160511595,7.9344561722979,735.7990166240787,168.92699899733512,912.6604717937117,1081.7983198052011,-7.625197961458687e-07,0.0,262.58223599170907,262.5822352291893,1.0,1.000000000000001e-12,0.0,8.48528137423857,0.0,0.0
1665,22.500465824881005,0.010904300664227594,-8.673617379884035e-19,1.9763552626200955,6.0664681048827,0.0,1.4144720604501417,4.663212427998953,-4.163336342344337e-16,38.70866889933421,98.30094535008166,8.673617379884035e-18,19.13783970901444,54.969263861389656,1.734723475976807e-18,0.9630117944239082,3.5264817318023294,8.3011037829461,749.1805239791418,183.1284543639649,940.6100821260528,1123.9889322533916,-7.867486163712834e-07,0.0,250.65052786893557,250.65052708218695,1.0,1.000000000000001e-12,0.0,8.48528137423857,0.0,0.0
1688,22.750045604872508,0.01078906508396382,-4.336808689942018e-19,2.0248507253220214,6.26368910816858,-2.6020852139652106e-18,1.2582653622106703,4.020344344184563,1.3877787807814457e-17,39.06837612449401,97.7499155774721,1.734723475976807e-18,19.85903941634072,57.04258962500254,-1.734723475976807e-18,1.0575120851683584,3.859299636083648,8.664922860667225,763.1690065024668,197.19072326988714,969.0246526330212,1166.517325491683,-8.106119581227372e-07,0.0,246.74081588672044,246.74081507610848,1.0,1.000000000000001e-12,0.0,8.48528137423857,0.0,0.0
1712,23.002586793442042,0.010293227234671314,-4.336808689942018e-19,2.084902492005982,6.305660011557993,-5.204170427930421e-18,1.4093723844108341,4.567418063789745,-9.71445146547012e-17,39.43976457084172,97.15646082630927,1.0408340855860843e-17,20.530928122011968,58.90080040516709,5.204170427930421e-18,0.9782140565227906,3.1559107882249577,9.210779925548788,777.747514701711,210.75950477561094,997.7177994028707,1208.7356679183836,-8.345900955672376e-07,0.0,248.47397521070798,248.4739743761179,1.0,1.000000000000001e-12,0.0,8.48528137423857,0.0,0.0
1737,23.255567724774938,0.010008058247792283,8.673617379884035e-19,2.151408968263005,6.482102428942252,-3.469446951953614e-18,1.1297234084815446,3.44465239012101,-5.551115123125783e-17,39.82087004403515,96.73510467077399,8.673617379884035e-19,21.124190874346063,60.37696848160781,1.734723475976807e-18,0.9151979118837663,3.33317882193307,9.647597159430644,792.8508455319682,223.11572004790273,1025.6141627393015,1248.9560313360416,-8.580789523883736e-07,0.0,237.12701476459574,237.1270139065168,1.0,1.000000000000001e-12,0.0,8.48528137423857,0.0,0.0
1762,23.504820373373096,0.0099532425703105,-8.673617379884035e-19,2.199915099589315,6.610738907411278,-1.734723475976807e-18,1.0570728377144682,4.106061368441723,1.3877787807814457e-17,40.20549667669365,98.01256724158927,1.5612511283791264e-17,21.604316520054226,61.231649370653116,0.0,0.8672496095939893,2.8276151954178657,10.007751834002066,808.240981509812,233.37324614934397,1051.621979493158,1285.1982985515438,-8.802830709022961e-07,0.0,205.23777746833557,205.2377765880525,1.0,1.000000000000001e-12,0.0,8.48528137423857,0.0,0.0
1787,23.7530693263594,0.009894450038592044,3.469446951953614e-18,2.2215547919699303,6.711042763585324,-2.6020852139652106e-18,1.0862201435554226,3.613196451988496,-2.0122792321330962e-16,40.598502401161895,99.23340808219167,3.469446951953614e-18,21.978503318349016,62.1262206197327,1.734723475976807e-18,0.8954664553172947,2.922352588777728,10.216725747388928,824.1191986085742,241.52730405733934,1075.8632284133025,1317.607034717243,-9.008970887852265e-07,0.0,171.32476547295963,171.32476457206255,1.0,1.000000000000001e-12,0.0,8.48528137423857,0.0,0.0
1813,24.008522502608667,0.009755112046326373,8.673617379884035e-19,2.232699165026517,6.7852942960774785,-1.734723475976807e-18,1.1706841267794916,4.31420713343916,0.0,41.01340956997302,100.50603484353783,-1.0408340855860843e-17,22.271949011362665,63.370740246044406,1.734723475976807e-18,0.9810120375570324,3.1269680519341136,10.29871944032197,841.049882277177,248.0198563823692,1099.3684580998681,1347.6481583290517,-9.203907418253243e-07,0.0,148.6212998533769,148.62129893298618,1.0,1.000000000000001e-12,0.0,8.48528137423857,0.0,0.0
1839,24.258594643825294,0.009459362112723971,0.0,2.251629317347452,6.962924652560847,-2.6020852139652106e-18,1.2328606184517004,3.8372634465968005,2.220446049250313e-16,41.4289908194505,101.60737167073792,1.5612511283791264e-17,22.480267052534405,64.37506095876155,-3.469446951953614e-18,1.0105304355449076,3.3261094787354137,10.408810203935474,858.1806401590568,252.6812033766319,1121.270653739624,1374.2275734917698,-9.387318243079207e-07,0.0,133.48314611945975,133.48314518072792,1.0,1.000000000000001e-12,0.0,8.48528137423857,0.0,0.0
1866,24.508560207232623,0.009087074176516587,1.734723475976807e-18,2.2788692703917173,7.182887048792706,1.734723475976807e-18,1.17314670804093,3.7504210603875983,-1.3183898417423734e-16,41.853269040451906,102.55212236834164,-1.1275702593849246e-17,22.610725068068923,65.24060441097348,3.469446951953614e-18,0.9724004569078416,3.548975270150705,10.552628918324224,875.8480646862249,255.62244405190017,1142.0231376564493,1397.9008836234698,-9.557602141996714e-07,0.0,117.37433277525803,117.37433181949781,1.0,1.000000000000001e-12,0.0,8.48528137423857,0.0,0.0
1893,24.750854533573936,0.008905116343234433,-3.903127820947816e-18,2.2988811880998807,7.296030968287652,-8.673617379884035e-19,1.0101690063485589,3.396110293806955,6.938893903907228e-17,42.27217093987199,104.2353002245555,4.336808689942018e-18,22.653492700418422,65.70900892044261,-3.469446951953614e-18,0.9083055786114955,3.339341570937064,10.659110441020072,893.4682179848787,256.5903657639553,1160.717694189854,1417.5308150903263,-9.71290505042595e-07,0.0,91.70331146413514,91.70331049284464,1.0,1.000000000000001e-12,0.0,8.48528137423857,0.0,0.0
1922,25.008139478018162,0.008836126373697099,1.734723475976807e-18,2.3047663061372736,7.3763998369753,-1.734723475976807e-18,1.1087417889216207,3.8783943437044597,-1.6653345369377348e-16,42.7227785197435,105.84114295126153,-1.734723475976807e-18,22.594573442336486,66.029038424263,3.469446951953614e-18,0.8747196489290078,2.9812536149321303,10.710423667479407,912.6179022235283,255.25737452056862,1178.5857004115762,1434.049661237485,-9.855148080047115e-07,0.0,52.90293472833214,52.90293374281733,1.0,1.000000000000001e-12,0.0,8.48528137423857,0.0,0.0
1950,25.25351278306702,0.008673748629451361,-1.3010426069826053e-18,2.302343583412435,7.496581252386881,-2.6020852139652106e-18,1.203092056654898,4.074640027259335,-4.579669976578771e-16,43.157057963183355,107.16521920606337,2.6020852139652106e-18,22.44410366311905,66.13073683049943,-5.204170427930421e-18,0.9402180898014939,3.1911459210808624,10.633468911815331,931.2658260187841,251.86889462041697,1193.7681895510163,1445.8757668866588,-9.982593377942717e-07,0.0,19.154321369325444,19.154320371066106,1.0,1.000000000000001e-12,0.0,8.48528137423857,0.0,0.0
1979,25.501451360250883,0.008439198665781517,8.673617379884035e-19,2.2977151442081287,7.552296409261715,0.0,1.3380271916240498,5.030024016314608,2.914335439641036e-16,43.60181784712562,108.34683406607017,-1.1275702593849246e-17,22.223982509502427,65.97590995406239,1.734723475976807e-18,0.9134034705225526,2.9280336494877037,10.601601917865358,950.5592597869613,246.95269929133494,1208.1135609961616,1455.2915228804864,-1.00966572219583e-06,0.0,8.146213198207318,8.146212188541597,1.0,1.000000000000001e-12,0.0,8.48528137423857,0.0,0.0
2009,25.752325685282255,0.00831983044359191,-8.673617379884035e-19,2.2921072241620273,7.4675204364979555,-6.071532165918825e-18,1.3409736390652252,4.67006378067949,5.551115123125783e-17,44.05756396753815,109.35386274895326,1.8214596497756474e-17,21.93536375112009,65.34252609007139,0.0,0.8512298685774032,3.2284881514097568,10.524694188865347,970.5344713768578,240.58009144697655,1221.6392570126998,1462.414988377749,-1.0204135050741122e-06,0.0,1.1374775254475866,1.1374765050340816,1.0,1.000000000000001e-12,0.0,8.48528137423857,0.0,0.0
2039,26.002116543975713,0.008346471650534528,-1.734723475976807e-18,2.2778571196613937,7.358535202163277,-2.6020852139652106e-18,1.3244940271675796,4.313136584650991,-3.191891195797325e-16,44.51452972977921,110.06131298962727,6.071532165918825e-18,21.5489771938885,64.2606936478128,-3.469446951953614e-18,0.8913143608975391,3.120725663380087,10.30557231290097,990.7716785316986,232.17920905136342,1233.256459895963,1465.650168095611,-1.0301281544549386e-06,0.0,-30.792748200285203,-30.792749230413357,1.0,1.000000000000001e-12,0.0,8.48528137423857,0.0,0.0
2069,26.253257327631673,0.008388310907173225,0.0,2.247315158613677,7.26612891713301,-1.734723475976807e-18,1.6460642863872947,5.232863650865864,-5.551115123125783e-17,44.977132962338466,110.87159203903462,8.673617379884035e-19,21.042226680047765,62.90197967832327,-1.734723475976807e-18,0.9038640883335525,3.3757692635115077,10.077555882141054,1011.4712447559367,221.38765182725695,1242.9364524653347,1464.54468627094,-1.0385024766867186e-06,0.0,-73.9470100119889,-73.94701105049137,1.0,1.000000000000001e-12,0.0,8.48528137423857,0.0,0.0
2099,26.505234827042525,0.00841570942887937,-1.3010426069826053e-18,2.2012285340205304,7.0580952270208535,-4.336808689942018e-18,1.6026466630083798,5.199888894637226,-2.636779683484747e-16,45.44636690026697,112.64061038178077,8.673617379884035e-18,20.43974148569385,61.10577105896625,1.734723475976807e-18,0.9094511634342043,3.3896711132864166,9.701823651665375,1032.6861322168406,208.89151600099711,1251.2794718695031,1460.3943052535415,-1.0458892222043836e-06,0.0,-94.29484967356426,-94.29485071945348,1.0,1.000000000000001e-12,0.0,8.48528137423857,0.0,0.0
2128,26.750133498106972,0.008491654406505547,0.0,2.148118363355538,6.759745137005559,2.6020852139652106e-18,1.4823417503134175,5.12986178671161,4.163336342344337e-17,45.90609298355324,114.25742802342748,1.9949319973733282e-17,19.78345473119244,58.83074238559483,-1.734723475976807e-18,0.8733557363722497,3.1426692993969487,9.25623519614949,1053.6846865073178,195.69254055057024,1258.6334622540376,1454.5319453700163,-1.0526606106163826e-06,0.0,-98.33969221813742,-98.33969327079802,1.0,1.000000000000001e-12,0.0,8.48528137423857,0.0,0.0
2158,27.008262885825086,0.0087370290002783,-2.6020852139652106e-18,2.0895086136567413,6.46750926053519,2.6020852139652106e-18,1.510606988356786,4.949827402293182,1.942890293094024e-16,46.390919527121085,115.91523452534577,1.3877787807814457e-17,19.003433394090067,56.166498551929955,1.734723475976807e-18,0.8657194914005573,3.046241515164274,8.713820551774202,1076.058707285912,180.56524038180874,1265.337768219495,1446.105365565507,-1.0591419759749778e-06,0.0,-110.84923253304576,-110.84923359218774,1.0,1.000000000000001e-12,0.0,8.48528137423857,0.0,0.0
2186,27.25743433065306,0.0090500239922713,1.3010426069826053e-18,2.025467723634108,6.240260262540234,-1.734723475976807e-18,1.7070593773422855,5.23611547494753,-6.938893903907228e-16,46.85722067215828,117.6633215215861,-8.673617379884035e-19,18.153450868812325,53.43957950268206,0.0,0.8310388993683178,3.0806739779421495,8.216284888244505,1097.7995645596682,164.77388922319147,1270.789738671104,1435.7500968204065,-1.0652619238130034e-06,0.0,-129.92424565080987,-129.9242467160718,1.0,1.000000000000001e-12,0.0,8.48528137423857,0.0,0.0
2213,27.505704365853543,0.009329132385478743,1.3010426069826053e-18,1.9439113315363363,6.0306067897030236,-3.469446951953614e-18,1.8418431906617325,5.7338492456093775,3.469446951953614e-16,47.31879994708809,119.42226696100118,-3.469446951953614e-18,17.2206760454257,50.52172120536704,0.0,0.7970260869625111,2.779774337096319,7.694047001271392,1119.5344142162717,148.27584173074922,1275.5043029482922,1423.951662336532,-1.0709948310265032e-06,0.0,-142.4769482447824,-142.47694931577723,1.0,1.000000000000001e-12,0.0,8.48528137423857,0.0,0.0
2239,27.752815040816575,0.00970291832682427,-1.3010426069826053e-18,1.8420316222575701,5.765315935193225,5.204170427930421e-18,1.999994202741257,7.128148041940171,-8.881784197001252e-16,47.77356168352449,121.14104195890272,-5.204170427930421e-18,16.218167758839105,47.5524904550048,1.734723475976807e-18,0.8457989920081227,2.9305161837228155,7.042855973006749,1141.1565979647596,131.5144827269241,1279.7139366646904,1411.4215708940328,-1.0766583770190723e-06,0.0,-149.39232767886435,-149.39232875552273,1.0,1.000000000000001e-12,0.0,8.48528137423857,0.0,0.0
2264,28.002830982239217,0.0103213480627696,-1.734723475976807e-18,1.733646409963208,5.413031378719818,-4.336808689942018e-18,2.001950722771995,6.527795248136769,1.3877787807814457e-16,48.228237565858485,122.78734774190336,-7.806255641895632e-18,15.144202474291403,44.386341958402355,1.734723475976807e-18,0.927937830070731,3.228836726581168,6.2599623712428105,1162.9814493544418,114.6734342911669,1283.9148460168515,1398.820768834467,-1.0825667013121247e-06,0.0,-148.3091107827197,-148.3091118652864,1.0,1.000000000000001e-12,0.0,8.48528137423857,0.0,0.0
2288,28.259924357446177,0.01106549321514881,-1.3010426069826053e-18,1.6383103451951475,5.0264431415835915,2.6020852139652106e-18,1.9869543487381918,6.625757648171037,8.326672684688674e-17,48.6882734359143,124.39609840953649,5.204170427930421e-18,14.005315185130925,40.863560737429275,0.0,0.8337128934207336,3.06140278327888,5.6249185051193455,1185.273985085179,98.07442671742945,1288.9733303077278,1387.2354278660941,-1.0892203630814576e-06,0.0,-134.53627105500436,-134.53627214422474,1.0,1.000000000000001e-12,0.0,8.48528137423857,0.0,0.0
2310,28.511228930521998,0.01177083248388867,1.734723475976807e-18,1.5551192414537278,4.774899441559087,8.673617379884035e-19,1.8636699825746066,5.7956215682017,4.163336342344337e-17,49.12673166103668,125.72109261649554,-3.469446951953614e-18,12.873496639414281,37.36000647593675,0.0,0.7401784423348928,2.7798435905470145,5.074718558053897,1206.7178818477514,82.8634578625054,1294.6560582683107,1377.6674394449706,-1.0967358341413325e-06,0.0,-118.12512740655325,-118.12512850328908,1.0,1.000000000000001e-12,0.0,8.48528137423857,0.0,0.0
2330,28.756058057463317,0.012757438531883573,1.3010426069826053e-18,1.455657133555175,4.439846125163427,2.6020852139652106e-18,2.0784989342432607,6.149154356863062,-2.3592239273284576e-16,49.54239756225425,126.7257166519669,6.071532165918825e-18,11.74630385788191,33.91249678000988,-3.469446951953614e-18,0.6975845520070768,2.484048660917092,4.583415250306529,1227.2245781082274,68.98782716084573,1300.7958205193795,1369.915036216169,-1.1048374688245884e-06,0.0,-110.67689394903543,-110.6768950538729,1.0,1.000000000000001e-12,0.0,8.48528137423857,0.0,0.0
2349,29.01297399648866,0.014295941949685616,-4.336808689942018e-19,1.3257498544573243,4.015064109885361,3.469446951953614e-18,2.112233738736189,6.227866518785173,-2.3592239273284576e-16,49.969394325630006,127.94237754915999,-6.071532165918825e-18,10.546752640794312,30.41525703176207,1.734723475976807e-18,0.7770327087252638,3.0074459997760803,3.912605037222297,1248.4701846351522,55.61699563305089,1307.9997853054253,1363.779801492692,-1.1138372773633067e-06,0.0,-101.17652508288464,-101.17652619672191,1.0,1.000000000000001e-12,0.0,8.48528137423857,0.0,0.0
2365,29.25407776482754,0.015746368181171064,8.673617379884035e-19,1.2090899635385368,3.682568076843535,1.734723475976807e-18,1.866135067282869,5.440595273702013,2.2898349882893854e-16,50.3625375712148,129.07736140762933,8.673617379884035e-19,9.441328243530588,27.671542604855297,1.734723475976807e-18,0.840367832662287,3.0116329635326426,3.243573917045259,1268.192595306011,44.56933950104419,1316.0055087241005,1360.7655271105718,-1.123769791668129e-06,0.0,-79.40855955880949,-79.40856068257928,1.0,1.000000000000001e-12,0.0,8.48528137423857,0.0,0.0
2380,29.50169189460967,0.017223065580606822,-3.469446951953614e-18,1.1136614152765114,3.50820572617583,0.0,1.7073955991297796,4.879034837862402,-2.914335439641036e-16,50.75731368130131,129.79351712414754,-3.469446951953614e-18,8.357247605266753,24.891488620035535,-3.469446951953614e-18,0.8036869648174713,2.8534072097045473,2.7517744965040234,1288.1524460710089,34.92179376786844,1325.8260143353812,1360.9222045423523,-1.1347060911503948e-06,0.0,-52.335267437989295,-52.335268572695384,1.0,1.000000000000001e-12,0.0,8.48528137423857,0.0,0.0
2394,29.757745013010915,0.019165158945431575,-2.168404344971009e-18,1.033331972709995,3.1617672185661325,8.673617379884035e-19,1.7581887919088743,5.395015149444285,1.249000902703301e-16,51.156869690299594,130.05334662249618,8.673617379884035e-19,7.292779524865676,21.877417301414283,-5.204170427930421e-18,0.7318394734863967,2.6007824370282737,2.4081329669114413,1308.5126582551466,26.592316599150017,1337.513107821208,1364.2500334543954,-1.1471772932650647e-06,0.0,-29.475003649579918,-29.47500479675721,1.0,1.000000000000001e-12,0.0,8.48528137423857,0.0,0.0
2407,30.0168931342837,0.020607436314245834,-1.734723475976807e-18,0.9528137655242392,2.9967932930313603,8.673617379884035e-19,1.762518793850574,5.0149323732563715,1.942890293094024e-16,51.555917292540826,130.11948569627563,-6.071532165918825e-18,6.2616327807386405,18.837741842328043,3.469446951953614e-18,0.6600064045031565,2.305203960071431,2.115993458022893,1329.006303937655,19.604022540410355,1350.7263199360882,1370.4479567590747,-1.1610400934924616e-06,0.0,-12.990561128186716,-12.99056228922681,1.0,1.000000000000001e-12,0.0,8.48528137423857,0.0,0.0
2418,30.25235163771264,0.02219715609774296,-8.673617379884035e-19,0.8716082249609866,2.8058712535639065,8.673617379884035e-19,1.698976274754941,5.396778961608455,-8.326672684688674e-17,51.91638219414737,130.0597314605736,0.0,5.3691069652645504,16.21225823330303,0.0,0.6110734237136864,2.0778162467122385,1.8479028829875954,1347.655370064391,14.413654802226155,1363.9169277496048,1378.4314034487065,-1.1753097122268757e-06,0.0,1.8543429074521949,1.8543417321424827,1.0,1.000000000000001e-12,0.0,8.48528137423857,0.0,0.0
2429,30.5107997544364,0.024687597389194578,-4.336808689942018e-19,0.7818517843571584,2.5580526599511337,5.204170427930421e-18,1.5642657872043828,5.126940602884904,7.91033905045424e-16,52.31155433781652,129.81425642914863,-2.6020852139652106e-18,4.464454276150361,13.448445065513242,-3.469446951953614e-18,0.6496713780894885,2.1500233740697356,1.4998534358574576,1368.249358619165,9.96567599191862,1379.714888046941,1389.794523721727,-1.1904927037788065e-06,0.0,19.398027451142568,19.398026260649864,1.0,1.000000000000001e-12,0.0,8.48528137423857,0.0,0.0
2439,30.771063372039407,0.027067829034771895,-3.0357660829594124e-18,0.7068197651294205,2.296166374415656,-1.734723475976807e-18,1.5075052253008334,5.690340408129895,-3.469446951953614e-16,52.71065671270605,129.7541432981867,5.204170427930421e-18,3.6542524486474415,10.982311389399271,1.734723475976807e-18,0.6428071488058215,2.0762046224506046,1.2458045741180925,1389.2066655423714,6.676780479222911,1397.1292505957124,1403.9175953531853,-1.207396195276094e-06,0.0,37.293972750408166,37.29397154301197,1.0,1.000000000000001e-12,0.0,8.48528137423857,0.0,0.0
2448,31.024421592327858,0.02903712093688379,2.168404344971009e-18,0.6708679266854273,2.077119336336928,6.938893903907228e-18,1.3716603839632582,4.555043133179963,-6.938893903907228e-17,53.10134531537082,129.65691241142122,-4.336808689942018e-18,2.96648983263535,9.393202512659585,1.734723475976807e-18,0.6653912532987096,2.4654452709595476,1.0525150382611546,1409.876437151128,4.400030963564454,1415.3289831529535,1419.8485554069084,-1.2250188248878098e-06,0.0,51.18060053382599,51.18059930880716,1.0,1.000000000000001e-12,0.0,8.48528137423857,0.0,0.0
2456,31.265095931457363,0.03085617046696103,0.0,0.655053598973312,1.9261374591268026,8.673617379884035e-19,1.2530551689959504,3.8800832298256944,9.71445146547012e-17,53.47604932839852,130.72011998158,3.469446951953614e-18,2.4234359295137344,7.998081381339699,3.469446951953614e-18,0.6642026355720059,2.2161146285393296,0.9438779737320433,1429.8439258866554,2.936520852229049,1433.7243247126164,1436.7799601529427,-1.2426766810243496e-06,0.0,62.099311977059735,62.09931073438305,1.0,1.000000000000001e-12,0.0,8.48528137423857,0.0,0.0
2464,31.51585401392025,0.03141398598141615,-8.673617379884035e-19,0.6422321185294856,1.9711087938318088,1.0408340855860843e-17,1.2707927620719346,4.451840701584694,-1.5265566588595902e-16,53.87187801875457,131.78809431587538,8.673617379884035e-19,2.0280986110956674,6.77798088005131,-3.469446951953614e-18,0.5978572952788223,1.897078797550619,0.908796540183027,1451.089620633786,2.056591988164088,1454.055009162133,1456.2081081535869,-1.2609074182674658e-06,0.0,72.4063692957733,72.40636803486588,1.0,1.000000000000001e-12,0.0,8.48528137423857,0.0,0.0
2472,31.762664216636924,0.030312217180738316,-8.673617379884035e-19,0.6436452106081791,2.1587622541368012,6.071532165918825e-18,0.9827825419887422,3.520346802148583,-4.163336342344337e-16,54.26678531062084,132.61378499248355,-8.673617379884035e-19,1.8717902183650381,6.029348298544691,5.204170427930421e-18,0.6502899124213736,2.0399509261729607,0.8202163845136718,1472.4419939745067,1.7517993107835186,1475.014009669804,1476.8799857625404,-1.2799625398986645e-06,0.0,81.8272690966034,81.82726781664086,1.0,1.000000000000001e-12,0.0,8.48528137423857,0.0,0.0
2480,32.00075096333194,0.029444756978904266,0.0,0.6722848691290677,2.253431085874938,2.6020852139652106e-18,1.0800494440425348,3.502068151748473,-6.730727086790012e-16,54.65201826346964,133.24088618779948,-6.938893903907228e-18,1.9636132264769077,6.527836640691423,3.469446951953614e-18,0.6331129284757926,2.00641728607582,0.8926155327512022,1493.42155013531,1.9278884515975254,1496.2420541196589,1498.2781672059114,-1.2990591148602243e-06,0.0,90.02571896195688,90.02571766289776,1.0,1.000000000000001e-12,0.0,8.48528137423857,0.0,0.0
2489,32.2603449432586,0.02770331345499062,4.336808689942018e-19,0.7358020296278849,2.331802584563933,-4.336808689942018e-18,1.265459973792044,4.272480950697741,-1.249000902703301e-16,55.07766646175395,133.6557206098661,-5.204170427930421e-18,2.302169748123813,7.787975914615856,-5.204170427930421e-18,0.6000120338464987,1.7982327499671722,1.0529410246118052,1516.7746714361076,2.6499927745882292,1520.4776052353077,1523.2248019089016,-1.319188897590823e-06,0.0,100.0172842577613,100.01728293857241,1.0,1.000000000000001e-12,0.0,8.48528137423857,0.0,0.0
2499,32.516934936164006,0.024206102611986396,2.168404344971009e-18,0.7995617093217581,2.5715187820067884,-5.204170427930421e-18,1.1738854221294555,3.9125393713330068,-4.926614671774132e-16,55.505328221270936,133.80858794475492,-6.071532165918825e-18,2.7639805184588853,9.308789625102582,1.734723475976807e-18,0.6107422223646253,2.149565875270749,1.1843091187522385,1540.4207304755078,3.819794153210124,1545.42483374747,1549.345339537469,-1.3406167726215773e-06,0.0,108.45153531180227,108.4515339711855,1.0,1.000000000000001e-12,0.0,8.48528137423857,0.0,0.0
2510,32.76872486724284,0.022031233675886556,8.673617379884035e-19,0.8368772286538531,2.785704334933745,-1.734723475976807e-18,1.0652023782242572,3.811457655777981,4.371503159461554e-16,55.93096223185526,135.1063832576381,3.469446951953614e-18,3.2414092152499565,11.093580546123944,3.469446951953614e-18,0.6797384147420465,2.4680379530063865,1.2966771940036943,1564.1362680906097,5.25336685035367,1570.686312134967,1576.0644309496893,-1.3622015349855086e-06,0.0,112.20796738561879,112.20796602341726,1.0,1.000000000000001e-12,0.0,8.48528137423857,0.0,0.0
2521,33.003744258978244,0.020869059993423,-8.673617379884035e-19,0.87293826900123,2.8767544016653086,-6.938893903907228e-18,1.1133584823729634,4.16151915217781,-7.355227538141662e-16,56.332535324664775,136.45582961943865,8.673617379884035e-19,3.696730934731501,12.78898440141155,1.734723475976807e-18,0.7635321235577103,2.723795140280189,1.444885251204494,1586.677268052302,6.832909801900417,1594.955063105407,1601.9453778593074,-1.3832779961876015e-06,0.0,116.89115069710726,116.89114931382927,1.0,1.000000000000001e-12,0.0,8.48528137423857,0.0,0.0
2534,33.26484474978039,0.01932200622814027,-4.336808689942018e-19,0.9481926132542859,3.091350182772837,0.0,1.373129988910046,5.43723612607978,-3.3306690738754696e-16,56.78410578244863,137.73522728928276,-2.6020852139652106e-18,4.225275848709131,14.75330979383896,0.0,0.716146231657462,2.6340367821404573,1.7871587120635548,1612.2173347561577,8.926477998842332,1622.9309714670635,1631.9959231306877,-1.4052077657218762e-06,0.0,125.88369515479899,125.88369374959122,1.0,1.000000000000001e-12,0.0,8.48528137423857,0.0,0.0
2547,33.5035912770142,0.01759072820648487,2.6020852139652106e-18,1.0288907889249022,3.3947806254149,-5.204170427930421e-18,1.354765692592855,5.398149287409433,-1.3877787807814457e-16,57.202795987549976,138.78628028293974,-9.540979117872439e-18,4.700374592054012,16.681399387126127,-1.734723475976807e-18,0.6251947392943592,2.317998656363389,2.1146016151041604,1636.079934396632,11.046760652813461,1649.2412966645497,1660.3935918021143,-1.427800069739643e-06,0.0,132.44129269753452,132.44129126973445,1.0,1.000000000000001e-12,0.0,8.48528137423857,0.0,0.0
2562,33.7567603664801,0.016439986946802168,8.673617379884035e-19,1.082281341588559,3.650751008046602,-3.469446951953614e-18,1.1570995795719865,3.7560725668301194,8.326672684688674e-17,57.652411232867514,139.8332741405527,9.540979117872439e-18,5.150487981302299,18.521659521056087,-1.734723475976807e-18,0.6691915680490448,2.445193360257587,2.305489220661282,1661.9002604818338,13.263763222769713,1677.4695129252648,1690.8541868338166,-1.4504227809281926e-06,0.0,131.05009468725524,131.05009323683245,1.0,1.000000000000001e-12,0.0,8.48528137423857,0.0,0.0
2577,34.000623192484014,0.016167015160825353,-1.3010426069826053e-18,1.1058505893035873,3.6895310230159106,-6.938893903907228e-18,1.1989412147347946,3.9023303522346913,-3.7470027081099033e-16,58.08995984423107,140.73614951099216,5.204170427930421e-18,5.536179711593544,19.895291134182827,3.469446951953614e-18,0.7413929628728241,2.4561431503868514,2.4705638772610383,1687.221717352189,15.324642899529985,1705.01692412898,1720.4899761803667,-1.4736178596512678e-06,0.0,129.09652874305053,129.09652726943267,1.0,1.000000000000001e-12,0.0,8.48528137423857,0.0,0.0
2593,34.25707749433381,0.015839522976495584,-1.734723475976807e-18,1.1415494125887002,3.7485184910410556,1.734723475976807e-18,1.2715425030067644,5.431116407674179,-3.608224830031759e-16,58.55393235982714,141.72817754393373,1.734723475976807e-18,5.932057591138399,20.982959838081236,-1.734723475976807e-18,0.8102750995202503,2.8714508857331262,2.6738136928587046,1714.2814973996055,17.594653632291347,1734.5499647247555,1752.3218857060106,-1.4974062944673657e-06,0.0,134.83541452024525,134.83541302283896,1.0,1.000000000000001e-12,0.0,8.48528137423857,0.0,0.0
2609,34.50557690201323,0.015275801071874966,-1.734723475976807e-18,1.1898169429610383,3.8605198872283957,-4.336808689942018e-18,1.3603462418954282,4.8803693324662,-3.7470027081099033e-16,59.00635420788091,143.10873829898227,3.469446951953614e-18,6.311186620929504,21.860072026498454,1.734723475976807e-18,0.8252042567561471,3.2203459622374515,2.9557598361845816,1740.8749184529524,19.915538282099792,1763.7462165712368,1783.8456146109863,-1.5219491127779964e-06,0.0,140.9637238567272,140.96372233477808,1.0,1.000000000000001e-12,0.0,8.48528137423857,0.0,0.0
2626,34.76090778145246,0.014757569481233287,3.469446951953614e-18,1.2316427401662235,3.9344887604746406,0.0,1.7630556119644822,6.4512268032734745,4.163336342344337e-16,59.47359794742488,145.3036946183934,3.469446951953614e-18,6.679575133791203,22.605482262170934,0.0,0.7823398049167744,3.034738335332474,3.3070158416601423,1768.55442640597,22.30836198398088,1794.169804231611,1816.6434212195882,-1.5469717626365764e-06,0.0,140.8386731133889,140.83867156641713,1.0,1.000000000000001e-12,0.0,8.48528137423857,0.0,0.0
2643,35.00798394969164,0.014371518838568634,0.0,1.2654663423191825,4.118947496898681,3.469446951953614e-18,1.8119178751023624,5.946329531302444,-7.355227538141662e-16,59.92837188152177,147.2935251244681,5.204170427930421e-18,7.040489670241931,23.623720702112234,-3.469446951953614e-18,0.7992359173534673,2.749970953168247,3.4907923355677637,1795.7048781849842,24.784247398391667,1823.9799179189436,1848.936635391264,-1.572479336700674e-06,0.0,144.01577164527396,144.01577007279462,1.0,1.000000000000001e-12,0.0,8.48528137423857,0.0,0.0
2660,35.25038943131733,0.01419267785055877,1.734723475976807e-18,1.2964068793403634,4.393845087991041,1.734723475976807e-18,1.6805230347256246,6.490859035221686,1.1102230246251565e-16,60.37629347709771,149.26968009386962,-6.071532165918825e-18,7.432354757991199,24.84050795519343,1.734723475976807e-18,0.7304963430395393,2.6606673128903284,3.662695867782398,1822.648407016316,27.6199486243172,1853.9310515084155,1881.6950788576753,-1.5979955981609182e-06,0.0,153.23575893301125,153.23575733501565,1.0,1.000000000000001e-12,0.0,8.48528137423857,0.0,0.0
2678,35.506180985061256,0.014238769399283332,-4.336808689942018e-18,1.3180114699561958,4.458606462064736,8.673617379884035e-19,1.5725130758876489,5.4979838052323,-1.3877787807814457e-17,60.84709366245335,151.26754976599904,3.469446951953614e-18,7.883441024307211,25.731480588340176,-1.734723475976807e-18,0.7253619968008337,2.9743002462667345,3.79079157782096,1851.1844035836848,31.07432119186496,1886.0495163533708,1917.2658980523647,-1.6246849576750855e-06,0.0,158.58956594820933,158.58956432352437,1.0,1.000000000000001e-12,0.0,8.48528137423857,0.0,0.0
2695,35.75055472065079,0.01454389676891547,1.734723475976807e-18,1.3232819672267393,4.317189175761825,8.673617379884035e-19,1.8701893945108985,5.455235673549362,5.551115123125783e-17,61.29218293664724,152.87504878951523,0.0,8.35515326122917,26.33138299088142,0.0,0.8042932628202689,3.397628870096735,3.925176186791636,1878.365844569715,34.904293009314216,1917.1953137658206,1952.2742664413418,-1.6521542332419792e-06,0.0,161.38760493315556,161.38760328100133,1.0,1.000000000000001e-12,0.0,8.48528137423857,0.0,0.0
2712,36.000793764460916,0.014813464666328137,2.6020852139652106e-18,1.3344474222571467,4.357243126166395,1.734723475976807e-18,2.0395003151373157,5.419796343033243,-5.551115123125783e-17,61.743618118054975,154.36820137090817,6.938893903907228e-18,8.93196029447551,27.017909255934587,-6.938893903907228e-18,0.8834356539902575,3.4003603286941613,4.054017681969002,1906.1371891541035,39.88995735104352,1950.081164187116,1990.1818453479393,-1.680180404924085e-06,0.0,178.58675628756117,178.58675460738075,1.0,1.000000000000001e-12,0.0,8.48528137423857,0.0,0.0
2730,36.26299351928708,0.01431393389947992,1.734723475976807e-18,1.3669686932538674,4.554469540450997,-1.734723475976807e-18,1.9257657111878042,5.7207707900813904,3.3306690738754696e-16,62.21240908744497,156.04947342810075,3.469446951953614e-18,9.659411674421289,27.74531006123832,1.734723475976807e-18,0.8605739387161052,2.686004280715403,4.211570616479852,1935.191922231803,46.65211694797313,1986.0556097962558,2032.9076853703082,-1.7103788719320216e-06,0.0,205.42228407830905,205.42228236793017,1.0,1.000000000000001e-12,0.0,8.48528137423857,0.0,0.0
2747,36.50384422205481,0.014131443736205647,-2.6020852139652106e-18,1.401863276627464,4.584723015083711,3.469446951953614e-18,1.8287651340964224,5.602849740649432,6.938893903907228e-17,62.63672005974891,157.54191705845108,-1.3877787807814457e-17,10.39195350348077,28.22503683173181,-3.469446951953614e-18,0.8113787310597969,2.873651930708343,4.389157095849059,1961.6793499216753,53.99634880925312,2020.0648558267774,2074.2389552062386,-1.741065222878922e-06,0.0,217.98228283773398,217.98228109666874,1.0,1.000000000000001e-12,0.0,8.48528137423857,0.0,0.0
2765,36.757593108060114,0.013975744760364324,-4.336808689942018e-19,1.4298982621552419,4.500088845723343,3.469446951953614e-18,2.000360725237018,6.42383010334377,-2.7755575615628914e-17,63.07482662640994,158.76208407499587,8.673617379884035e-19,11.207146828194016,31.141734550775844,1.734723475976807e-18,0.7801734114656554,3.42767403470525,4.660873542596203,1989.216876975836,62.800070014349586,2056.677820532782,2119.64223159616,-1.772048117458201e-06,0.0,223.45766151560466,223.45765974355655,1.0,1.000000000000001e-12,0.0,8.48528137423857,0.0,0.0
2783,37.00875969933923,0.013959888898002386,4.336808689942018e-19,1.4665392910926365,4.513375270792309,0.0,1.9482040016069209,6.188511699549114,1.942890293094024e-16,63.49976109485384,159.66141936881576,9.540979117872439e-18,12.08950301669184,33.99809457258799,0.0,0.8305676493726565,3.508427255501303,4.919154428714014,2016.109829551756,73.07804159530053,2094.1070255757704,2167.371324678521,-1.8045464559777283e-06,0.0,246.17605207734314,246.1760502727967,1.0,1.000000000000001e-12,0.0,8.48528137423857,0.0,0.0
2801,37.25872786734378,0.013748364510965422,0.0,1.5264194931510107,4.700475102417067,0.0,2.040852614155572,5.765464605414664,3.191891195797325e-16,63.91530165007283,160.40733664949923,-5.204170427930421e-18,13.041269266664022,36.70695106643608,-1.734723475976807e-18,0.7394800525786595,2.703290652806344,5.364482205655516,2042.5828925099008,85.03735204281779,2132.984726758374,2218.169723103196,-1.8378812652304382e-06,0.0,276.6877532306428,276.6877513927615,1.0,1.000000000000001e-12,0.0,8.48528137423857,0.0,0.0
2819,37.50120508616188,0.013212644425621126,-1.3010426069826053e-18,1.5937168473744399,4.9917285860495495,1.734723475976807e-18,1.9962482572815163,5.811408081854923,-2.220446049250313e-16,64.3122438887744,160.97649417874436,-2.6020852139652106e-18,13.986770847509902,39.33070722015531,-3.469446951953614e-18,0.7284853097659769,2.6218671710075885,5.72646359597784,2068.0323570046007,97.81487937037642,2171.5736999709547,2269.5318658698984,-1.871537235946244e-06,0.0,292.29729178334355,292.29728991180633,1.0,1.000000000000001e-12,0.0,8.48528137423857,0.0,0.0
2839,37.76086059578573,0.012839841206121317,2.6020852139652106e-18,1.6555687492601492,5.257107876652599,8.673617379884035e-19,1.8506417696804003,6.493067832178076,8.326672684688674e-17,64.73186551053166,161.4198120284526,-1.734723475976807e-18,14.984528558773691,42.01336826819273,-3.469446951953614e-18,0.8011889200685576,2.890819791289558,6.031903319527354,2095.107206236779,112.26804806435216,2213.4071576206584,2325.848519680133,-1.9063876210463013e-06,0.0,295.19844552251436,295.1984436161267,1.0,1.000000000000001e-12,0.0,8.48528137423857,0.0,0.0
2858,38.003570343872774,0.012711362544634038,-2.6020852139652106e-18,1.7085634022895944,5.480143615451723,-6.938893903907228e-18,1.6567405853473636,5.145696499812065,4.85722573273506e-16,65.11980714415616,161.72438027949596,8.673617379884035e-19,15.899120787472,44.409482209683375,-1.734723475976807e-18,0.8460975612278865,2.9600599347772847,6.361732131124839,2120.294641246045,126.39102090731213,2253.047394284482,2379.6317030842356,-1.941535550978453e-06,0.0,300.41770959019817,300.4177076486626,1.0,1.000000000000001e-12,0.0,8.48528137423857,0.0,0.0
2878,38.25355193590587,0.012268941166937044,-8.673617379884035e-19,1.7765186777488113,5.726295705064109,-1.734723475976807e-18,1.5934374760558712,5.536967596353591,1.8041124150158794e-16,65.51571253996983,161.83619659357893,4.336808689942018e-18,16.819106313459855,47.538888071264374,1.734723475976807e-18,0.851837592541357,3.068321415443259,6.807779991824806,2146.154294809979,141.4411685917326,2294.4032433935363,2436.0403313519673,-1.9762115229824035e-06,0.0,308.6115055408943,308.6115035646828,1.0,1.000000000000001e-12,0.0,8.48528137423857,0.0,0.0
2899,38.50485012646723,0.011708314708084549,3.0357660829594124e-18,1.856899553695062,5.94374925557475,1.734723475976807e-18,1.5743232268590792,4.767425647328518,0.0,65.9117734601136,161.67617880129174,-9.540979117872439e-18,17.71045885635684,50.51654491966548,0.0,0.8169301574003989,2.852949747934432,7.35359012416739,2172.180940328668,156.83017645135422,2336.36470690419,2493.375074573703,-2.0116380345681444e-06,0.0,315.43477686039137,315.4347748487533,1.0,1.000000000000001e-12,0.0,8.48528137423857,0.0,0.0
2921,38.757705931872536,0.011332240972808268,0.0,1.936841475101372,6.089559494149998,8.673617379884035e-19,1.534682677895405,4.676494428133589,5.551115123125783e-16,66.3104235161302,161.45073906185075,-4.336808689942018e-18,18.563820462304406,53.32770567189014,1.734723475976807e-18,0.7799087845374219,2.501254887252516,7.912230847837579,2198.5361334442764,172.30771507833592,2378.75607937045,2551.2280240310797,-2.047299409971818e-06,0.0,320.2929254187976,320.2929233714982,1.0,1.000000000000001e-12,0.0,8.48528137423857,0.0,0.0
2943,39.003428773893546,0.010997520897948282,-1.3010426069826053e-18,2.0086689761097447,6.241905839396934,0.0,1.4077253483190513,4.294619358813772,-5.551115123125783e-17,66.69900483285457,161.5199457299311,1.3877787807814457e-17,19.334554583419575,55.8555290619561,3.469446951953614e-18,0.7983482464175814,3.099965922947489,8.387104269245976,2224.3786228465788,186.9125004696154,2419.67822758544,2606.762815234146,-2.082267829011172e-06,0.0,316.14437976469645,316.1443776824286,1.0,1.000000000000001e-12,0.0,8.48528137423857,0.0,0.0
2966,39.25021901243355,0.010466006358073494,2.168404344971009e-18,2.0701159907454594,6.473738552335749,-8.673617379884035e-19,1.4306188463010765,4.410657187620682,-1.5265566588595902e-16,67.09145330284417,162.45709711365384,-1.0408340855860843e-17,20.02789550554973,58.218605892057234,-1.734723475976807e-18,0.7864116840168559,3.067749655286633,8.868194972804375,2250.631553143861,200.55829919060946,2460.0580473072746,2660.783326198809,-2.1161334499554185e-06,0.0,296.4461448663546,296.44614275022116,1.0,1.000000000000001e-12,0.0,8.48528137423857,0.0,0.0
2991,39.50493110419954,0.009977929839549766,2.6020852139652106e-18,2.121753131312542,6.726101177700048,6.071532165918825e-18,1.1524735880530625,3.804347104433629,-8.326672684688674e-17,67.4993772007475,163.20038829156206,2.6020852139652106e-18,20.65488765477047,60.44432781186057,-3.469446951953614e-18,0.8922198043894587,3.0669988338456102,9.19261344216244,2278.082961244396,213.31219201559475,2500.587766702153,2714.1148938861706,-2.149681240469965e-06,0.0,273.115248203355,273.1152460536738,1.0,1.000000000000001e-12,0.0,8.48528137423857,0.0,0.0
3016,39.75107846459728,0.009752261045804908,3.0357660829594124e-18,2.165087341650833,6.8612807530788675,8.673617379884035e-19,1.23246028691513,4.851315668260634,-6.38378239159465e-16,67.89601359587023,163.75303615497302,1.214306433183765e-17,21.194358744799857,62.208917051175796,5.204170427930421e-18,0.947704512475651,3.209875735529761,9.573938085914872,2304.934331105297,224.60042130163703,2539.1086904928493,2763.951610632087,-2.1823243257997553e-06,0.0,263.38087045255753,263.3808682702332,1.0,1.000000000000001e-12,0.0,8.48528137423857,0.0,0.0
3042,40.00247560290879,0.009559522985737609,2.168404344971009e-18,2.216793858769801,6.945413936749615,0.0,1.4916255909008427,5.673399392817143,-6.106226635438361e-16,68.30383770410045,164.2107856754647,7.806255641895632e-18,21.68859207962285,63.52791266536578,0.0,0.9218090628033138,3.301373242575628,10.077457269740425,2332.7071225540462,235.19751319813946,2577.982093021926,2813.4090338460974,-2.214017676078824e-06,0.0,262.29021853411945,262.29021632010176,1.0,1.000000000000001e-12,0.0,8.48528137423857,0.0,0.0
3069,40.25519995158205,0.009163150333587323,-1.3010426069826053e-18,2.2723660981518243,7.1121391736298465,-2.6020852139652106e-18,1.3466749681043737,4.295785598064206,-7.216449660063518e-16,68.71818699031498,164.4523385442099,-6.071532165918825e-18,22.106464058284857,64.55423455248041,0.0,0.9010103128236531,3.4062295378180116,10.477148221140002,2361.0946116179475,244.3478765801201,2615.9196364192076,2860.486704286958,-2.2451951025940923e-06,0.0,245.48844005979765,245.48843781460255,1.0,1.000000000000001e-12,0.0,8.48528137423857,0.0,0.0
3097,40.506655773202944,0.008842420232011082,-3.903127820947816e-18,2.3091301052851856,7.2999254189012195,4.336808689942018e-18,1.0647956073838516,4.044912994419813,3.608224830031759e-16,69.13499106470356,164.49548715192776,8.673617379884035e-19,22.41645097557109,65.56458992753751,1.734723475976807e-18,0.8897357209029182,3.418466816209726,10.758869907862938,2389.8234947583205,251.248637170091,2651.8310018362745,2903.293379012689,-2.2750029999780226e-06,0.0,206.31465031092958,206.31464803592658,1.0,1.000000000000001e-12,0.0,8.48528137423857,0.0,0.0
3125,40.75226543641581,0.008725202206489025,8.673617379884035e-19,2.3241602813124507,7.405488010021181,-3.469446951953614e-18,1.0140139127861498,4.063170635817945,-1.5265566588595902e-16,69.54510853293834,165.41236610106125,-4.336808689942018e-18,22.62113962733711,66.11818290357047,-3.469446951953614e-18,0.9764227102013731,3.7617641367923724,10.897446542317937,2418.2610604290867,255.85797901974067,2685.016485991145,2941.1318833643154,-2.302808086619537e-06,0.0,170.4832667390838,170.4832644362757,1.0,1.000000000000001e-12,0.0,8.48528137423857,0.0,0.0
3154,41.003270978080806,0.00856240261119877,-8.673617379884035e-19,2.338072366442758,7.472651806034898,0.0,1.052439847744442,4.108583811612478,-1.1102230246251565e-16,69.96735114331159,166.8235790079886,-9.540979117872439e-18,22.75311023563471,66.22509676402154,1.734723475976807e-18,1.0537224786384745,3.533025406913125,11.0421260409774,2447.7151130057327,258.85201269747245,2717.609251744183,2976.7610538283916,-2.3292068027942276e-06,0.0,154.94097050611109,154.94096817690428,1.0,1.000000000000001e-12,0.0,8.48528137423857,0.0,0.0
3184,41.25566979867548,0.008274708948482621,3.903127820947816e-18,2.3599311557014664,7.52066023458445,-5.204170427930421e-18,1.1685595003991112,3.8883814194577515,-1.6930901125533637e-15,70.39648430071965,168.14345581559155,-1.734723475976807e-17,22.81010355553744,66.03925714132504,0.0,1.0238633803498973,3.5175412832572985,11.259127628783489,2477.8325009507344,260.15041210717095,2749.2420406866886,3009.6754927736974,-2.3548971855784244e-06,0.0,144.1717829966252,144.17178064172802,1.0,1.000000000000001e-12,0.0,8.48528137423857,0.0,0.0
3214,41.501142372664866,0.008136043179837956,0.0,2.3734574383067737,7.462245581502751,0.0,1.1404865809241436,3.7315471591166185,-5.551115123125783e-16,70.81840226572218,169.169039284171,0.0,22.76838407404646,65.65616381864878,6.938893903907228e-18,1.007747602001777,3.6829470763173378,11.3563125017438,2507.6230497348224,259.1996566716462,2778.1790189082126,3037.65287549178,-2.3791239221794706e-06,0.0,115.281692724712,115.28169034558807,1.0,1.000000000000001e-12,0.0,8.48528137423857,0.0,0.0
3245,41.75394398177594,0.008168264397413088,-2.168404344971009e-18,2.366983363654353,7.3304099985114135,5.204170427930421e-18,1.4231619603305972,5.296118321676799,4.440892098500626e-16,71.25745187215489,170.27290142763064,4.336808689942018e-18,22.601558865175882,64.8550396829647,5.204170427930421e-18,0.9918972373035221,3.826032153451602,11.371953738071724,2538.8122236562353,255.41523156800525,2805.5994089623123,3061.2802827652476,-2.4017498168978737e-06,0.0,69.25262442730643,69.25262202555662,1.0,1.000000000000001e-12,0.0,8.48528137423857,0.0,0.0
3276,42.00645277657306,0.00811537817889931,2.6020852139652106e-18,2.347045567181738,7.212367632098709,-2.6020852139652106e-18,1.3776211157428642,4.844488925850696,4.440892098500626e-16,71.7013926783257,171.46145821115314,2.6020852139652106e-18,22.312195625574724,63.72380381531053,1.734723475976807e-18,1.021855738770567,3.4959306721761143,11.183366957111934,2570.544856005729,248.91703681695788,2830.645259779799,3079.8442276674887,-2.4229686470858047e-06,0.0,28.337965936283673,28.337963513315024,1.0,1.000000000000001e-12,0.0,8.48528137423857,0.0,0.0
3307,42.257528093340966,0.008094608518022666,-4.336808689942018e-19,2.317225911421341,7.101495027982366,-8.673617379884035e-19,1.2035797363025285,3.6824767699396848,4.440892098500626e-16,72.14859526134599,172.7116978722033,3.382710778154774e-17,21.922491760263753,62.3643645937572,0.0,1.024669979151713,3.640284877911006,10.858667482534257,2602.7098990927575,240.29782248941603,2853.8663890647076,3094.447697666991,-2.442800089687269e-06,0.0,6.147733454364397,6.147731011564308,1.0,1.000000000000001e-12,0.0,8.48528137423857,0.0,0.0
3337,42.50057294248735,0.008135496145923878,5.204170427930421e-18,2.275760597523757,7.050991920674971,-1.734723475976807e-18,1.263321555383603,4.723587811881792,-5.828670879282072e-16,72.58572335704818,174.40598771685669,1.9081958235744878e-17,21.456372401170416,60.75326428541735,-1.734723475976807e-18,0.9859528496779949,3.441833641888638,10.492068128951152,2634.343617632965,230.18795830885375,2875.0236440707704,3105.4740701955066,-2.4613874987882e-06,0.0,-8.276237246357516,-8.276239707745015,1.0,1.000000000000001e-12,0.0,8.48528137423857,0.0,0.0
3368,42.755580584346966,0.008315476366355405,-2.168404344971009e-18,2.221765882637477,6.922179069671407,2.6020852139652106e-18,1.4314287362533815,4.633959188855584,2.7755575615628914e-16,73.04725727271794,176.72710827178955,-1.734723475976807e-18,20.85915586750651,58.80230079363687,0.0,0.991557347571022,3.720022065989622,9.974059526825622,2667.950897533321,217.55219175246557,2895.4771488126125,3113.294800777929,-2.479208342976764e-06,0.0,-33.31267160397563,-33.31267408318397,1.0,1.000000000000001e-12,0.0,8.48528137423857,0.0,0.0
3398,43.00771429128824,0.00848713807572989,-2.168404344971009e-18,2.1574341634640284,6.768171804164577,0.0,1.553651794968433,5.318599576052803,-4.718447854656915e-16,73.50580497156415,178.92599847379591,2.6020852139652106e-18,20.14647244772271,56.96439934916414,0.0,0.9944705124121347,3.6057071778332332,9.376164771131279,2701.5516822588124,202.94017604342517,2913.868023073369,3117.0752214488098,-2.4963171777636892e-06,0.0,-68.10600911611738,-68.10601161243456,1.0,1.000000000000001e-12,0.0,8.48528137423857,0.0,0.0
3427,43.256755773356865,0.008697102101246499,-4.7704895589362195e-18,2.0758221022472716,6.567752746239105,-1.734723475976807e-18,1.7379452791659815,5.519586595997612,9.159339953157541e-16,73.96009239837046,181.10429610780332,5.204170427930421e-18,19.33779917146714,54.869456750155045,0.0,0.9181620160775439,3.2217514205960787,8.785536458698662,2735.047633787748,186.9752383979976,2930.808408644444,3118.0112628441393,-2.5124582576952728e-06,0.0,-91.65210229122235,-91.6521048036806,1.0,1.000000000000001e-12,0.0,8.48528137423857,0.0,0.0
3455,43.50467268517155,0.009022433286062838,2.168404344971009e-18,1.9824146090863173,6.270471650038705,5.204170427930421e-18,1.7385512139379682,5.421058245965481,-6.245004513516506e-16,74.41205800938972,183.15975169588486,-1.214306433183765e-17,18.457608714950634,52.58023318908355,5.204170427930421e-18,0.8789379557392852,3.2188642655098363,8.066705052641908,2768.577188596391,170.34165973711077,2946.9855533861432,3117.535796744365,-2.5281386258628994e-06,0.0,-96.84711852776972,-96.84712105590835,1.0,1.000000000000001e-12,0.0,8.48528137423857,0.0,0.0
3482,43.754169491909714,0.009463521337310748,-2.6020852139652106e-18,1.8905917737586937,5.964205453725617,-1.734723475976807e-18,1.8346890709332508,6.251075509573504,8.187894806610529e-16,74.86487854321801,184.9188032533328,5.204170427930421e-18,17.508757717903496,50.13727152493218,-3.469446951953614e-18,0.7963606569314249,2.854300952152567,7.355779363528911,2802.375019645392,153.27829841212258,2963.009097421044,3116.458627213062,-2.543834499078215e-06,0.0,-97.52270383750945,-97.52270638134395,1.0,1.000000000000001e-12,0.0,8.48528137423857,0.0,0.0
3508,44.00747752471928,0.010022298366169906,-1.3010426069826053e-18,1.7987199846503477,5.6564779564505105,6.071532165918825e-18,1.862190264464955,6.150743810026182,3.885780586188048e-16,75.32077615935471,186.43827685375345,-5.204170427930421e-18,16.484875844968983,47.46321730324163,0.0,0.7457167700398906,2.541514079273525,6.595607703039283,2836.6096606238075,135.8755658120209,2979.0808341388674,3115.1065451961913,-2.5599093097030835e-06,0.0,-99.43584089695374,-99.43584345686304,1.0,1.000000000000001e-12,0.0,8.48528137423857,0.0,0.0
3532,44.25622893462106,0.010714388370960838,-8.673617379884035e-19,1.6933918296453754,5.259508404743501,-6.071532165918825e-18,1.9684293378373445,5.69284303302803,1.942890293094024e-16,75.76310115534078,187.79876262076098,-4.336808689942018e-18,15.432936089079458,44.53439344227615,3.469446951953614e-18,0.6940354048516596,2.3180451894777985,5.909166136572335,2870.0237483371993,119.08775816480559,2995.0206726385773,3114.2384857920433,-2.5763346438401904e-06,0.0,-97.39898334397844,-97.39898592031308,1.0,1.000000000000001e-12,0.0,8.48528137423857,0.0,0.0
3554,44.50121213818842,0.011553568380181943,-8.673617379884035e-19,1.575781862121625,4.852217452992975,4.336808689942018e-18,2.1082900568413594,6.954638998601194,3.608224830031759e-16,76.19305200991758,188.98322760430167,-3.469446951953614e-18,14.366380070366114,41.35652469499443,-1.734723475976807e-18,0.6848370909382067,2.2119515853443907,5.2490751956694925,2902.6905872930024,103.19643816310636,3011.136100651778,3114.459169311988,-2.5930020271245895e-06,0.0,-90.77677569248128,-90.7767782854833,1.0,1.000000000000001e-12,0.0,8.48528137423857,0.0,0.0
3575,44.75471504614807,0.012586260030620595,3.0357660829594124e-18,1.4563814868538962,4.475663330222858,3.469446951953614e-18,2.0576527483258067,6.421122149478848,3.3306690738754696e-16,76.6327804101857,189.98580876344033,-5.204170427930421e-18,13.241884885596674,37.92603812621548,-1.734723475976807e-18,0.7293116094412452,2.5823128762266023,4.499244121015064,2936.29151669787,87.67375766169681,3028.4645184805822,3116.281887906668,-2.6104871550444027e-06,0.0,-81.53501351357845,-81.5350161240656,1.0,1.000000000000001e-12,0.0,8.48528137423857,0.0,0.0
3594,45.00560585790589,0.013813540367835485,0.0,1.3531366897569703,4.1762883077051125,1.734723475976807e-18,1.8563866783855614,5.846326329502827,1.4155343563970746e-15,77.06273535232394,190.8773453705511,0.0,12.130338714240876,34.614632666265685,-1.734723475976807e-18,0.6923060734548128,2.380772843781115,3.8293943995845834,2969.3325899911597,73.57255866110546,3046.73454305185,3120.4365093917777,-2.6290936565600038e-06,0.0,-64.65813087639657,-64.65813350549023,1.0,1.000000000000001e-12,0.0,8.48528137423857,0.0,0.0
3611,45.25266676004318,0.015226181440890036,4.336808689942018e-19,1.2690463515340518,3.8690300109460933,-1.734723475976807e-18,1.7333795113709676,5.114068012501651,-5.551115123125783e-16,77.47971094299821,191.64952466812235,0.0,11.064840419129002,31.64424980029256,0.0,0.5643777312162588,1.7175581398481805,3.366578562133351,3001.5528039052774,61.21534675039544,3066.134729217806,3127.4360769685445,-2.6485900761040816e-06,0.0,-39.91367930537327,-39.91368195396335,1.0,1.000000000000001e-12,0.0,8.48528137423857,0.0,0.0
3627,45.510506210467675,0.0169854606005253,0.0,1.1920017655129007,3.505793738638788,-4.336808689942018e-18,1.7704380908563344,5.267896336408482,-7.216449660063518e-16,77.90813471665435,192.107789125317,1.734723475976807e-18,9.985857940006444,28.836788740580683,0.0,0.5272773514820525,1.884400271442618,2.9851610851170474,3034.8387275141813,49.85867939899485,3087.682567998293,3137.6163131767416,-2.669468824650255e-06,0.0,-18.785892259466628,-18.785894928935452,1.0,1.000000000000001e-12,0.0,8.48528137423857,0.0,0.0
3641,45.76309850178706,0.0190710260513296,0.0,1.1061220678516777,3.140771309994908,-3.469446951953614e-18,1.9885441430005817,5.848202799345232,-2.7755575615628914e-16,78.32359527561107,192.26283426349255,8.673617379884035e-18,8.941344200407517,26.45333140084951,-5.204170427930421e-18,0.5217500510862259,1.8430331398343505,2.669725249347421,3067.2927884488627,39.973818055080564,3109.9363317532907,3149.9836500496403,-2.691578371220422e-06,0.0,-7.546525933985282,-7.546528625563653,1.0,1.000000000000001e-12,0.0,8.48528137423857,0.0,0.0
3653,46.004161163074414,0.020862113780988623,-1.3010426069826053e-18,1.0147624195547138,2.9646424086572165,2.6020852139652106e-18,1.8538636443306211,5.867579539727808,2.220446049250313e-16,78.718054745573,192.45849772791004,5.204170427930421e-18,7.964743627016911,24.336503478084325,1.734723475976807e-18,0.6365416818134063,2.1670627956286004,2.2485599786535655,3098.2660714635135,31.71857052205325,3132.2332019642204,3164.0611725206995,-2.7139022701875847e-06,0.0,5.824803585026312,5.824800871124042,1.0,1.000000000000001e-12,0.0,8.48528137423857,0.0,0.0
3665,46.262777838428825,0.022201909155698817,-2.168404344971009e-18,0.9397246886712566,2.8564032968899857,2.6020852139652106e-18,1.5653942482001788,5.2825447853713445,5.828670879282072e-16,79.13930794624838,192.74941505540113,6.938893903907228e-18,6.982555819601672,21.968650035848537,3.469446951953614e-18,0.689343265903303,2.627149258185168,1.860613454101151,3131.515031105566,24.378042886926593,3157.7536874465936,3182.260032750846,-2.7375675633819606e-06,0.0,29.258438381881213,29.25843564431365,1.0,1.000000000000001e-12,0.0,8.48528137423857,0.0,0.0
3676,46.51647965500686,0.023661263914642933,4.336808689942018e-19,0.9075685920340377,2.7090955928474956,-2.6020852139652106e-18,1.5512245910124123,5.32179213867305,6.661338147750939e-16,79.55032746739288,192.82178874155028,-2.6020852139652106e-18,6.106052140633668,19.599417485166946,0.0,0.6089311447323797,2.0822932994628776,1.711720740540117,3164.1273000847214,18.6419363720685,3184.4809571973296,3203.2230087969347,-2.7629797686061363e-06,0.0,53.14782030729548,53.147817544315714,1.0,1.000000000000001e-12,0.0,8.48528137423857,0.0,0.0
3686,46.756217398770254,0.024042708856660013,-1.734723475976807e-18,0.8978553416567135,2.688580154634648,-8.673617379884035e-19,1.634000570313127,4.995767944430445,2.7755575615628914e-16,79.93701739481868,192.72252076809838,-1.734723475976807e-18,5.341745331571623,17.569321616188308,5.204170427930421e-18,0.5941750108185975,1.9262521446771592,1.640963091561741,3194.963374989771,14.267121593683614,3210.8714596750165,3225.2339031334404,-2.7884295491191904e-06,0.0,67.15615821576725,67.1561554273377,1.0,1.000000000000001e-12,0.0,8.48528137423857,0.0,0.0
3697,47.01715885476639,0.023390467837599842,-8.673617379884035e-19,0.8792547320927463,2.6759181221962667,-7.806255641895632e-18,1.7498132183046922,5.402698650980451,8.326672684688674e-17,80.35768022912106,193.81193327714686,0.0,4.590282411453754,15.465162459007749,3.469446951953614e-18,0.5589843562995288,2.2312666018064813,1.6321628515396132,3228.6783859028355,10.535346308450844,3240.845895062826,3251.4656065191357,-2.8151140497432024e-06,0.0,78.37425787793816,78.37425506282412,1.0,1.000000000000001e-12,0.0,8.48528137423857,0.0,0.0
3708,47.27181583555797,0.02307689908675026,-1.3010426069826053e-18,0.8584634398060413,2.7039922641921956,-8.673617379884035e-19,1.4858981092128694,4.931885402545496,-3.3306690738754696e-16,80.76966412058759,194.77838753810212,-8.673617379884035e-19,4.005471213624649,13.63766110153658,-1.734723475976807e-18,0.6113575449870906,2.0931165420763715,1.5074671636558674,3261.8693210762676,8.021899821587855,3271.398688061511,3279.5215025560087,-2.8434960364153697e-06,0.0,95.01852304461818,95.01852020112214,1.0,1.000000000000001e-12,0.0,8.48528137423857,0.0,0.0
3718,47.50363363443728,0.023274272711849734,-1.3010426069826053e-18,0.850606994836692,2.652311916459099,2.6020852139652106e-18,1.2161418430961957,3.669125043911564,-3.885780586188048e-16,81.14561284134105,195.4378477031824,8.673617379884035e-19,3.644758410005212,12.288911087597565,-3.469446951953614e-18,0.6617254208228388,1.968258238024654,1.4067830407634156,3292.3052416984074,6.64213193365186,3300.3541566728227,3307.114516350265,-2.871084845812953e-06,0.0,109.93344829079584,109.93344541971099,1.0,1.000000000000001e-12,0.0,8.48528137423857,0.0,0.0
3729,47.75840638191883,0.022846822889660463,0.0,0.8634205043583868,2.677419799488269,-6.938893903907228e-18,1.2512797687014074,4.26276897001889,9.159339953157541e-16,81.5583858943551,195.94107408398162,-5.204170427930421e-18,3.4556791756996335,11.523428904256567,0.0,0.7166684696515812,2.3073632165782554,1.444485894350414,3325.8851548462703,5.970859282682048,3333.3005000233024,3339.41003500374,-2.8994064476781434e-06,0.0,121.35769755356999,121.35769465416354,1.0,1.000000000000001e-12,0.0,8.48528137423857,0.0,0.0
3740,48.0022354576386,0.021582091206115747,8.673617379884035e-19,0.8979267177638494,2.8132766905522444,1.734723475976807e-18,1.3754464289360602,4.759001513012214,-1.6653345369377348e-16,81.95371595009657,196.37743180888165,8.673617379884035e-19,3.5017091697591654,12.026278851625598,0.0,0.770767099658608,2.793773123945806,1.5886203419844562,3358.205779014556,6.1309835547877105,3365.925382911328,3372.216768585033,-2.9290752967935994e-06,0.0,134.81823742243336,134.81823449335806,1.0,1.000000000000001e-12,0.0,8.48528137423857,0.0,0.0
3752,48.253128796651474,0.02039351141240882,8.673617379884035e-19,0.933886038715934,2.9967545038411596,1.734723475976807e-18,1.3572347692900195,5.067605997859128,-1.6653345369377348e-16,82.36297989725205,196.72935215214014,-8.673617379884035e-19,3.7417406674174214,12.638754836513183,0.0,0.7552126126290095,2.539003415217591,1.7880473160506516,3391.8302287775714,7.000311611102683,3400.6185877047246,3407.7728927602016,-2.959173862972511e-06,0.0,147.06433941444124,147.06433645526738,1.0,1.000000000000001e-12,0.0,8.48528137423857,0.0,0.0
3765,48.51094060429288,0.01936226829579925,8.673617379884035e-19,0.9620194348209534,3.2504388340547328,-1.734723475976807e-18,1.2836494527672173,4.718581324788138,-8.604228440844963e-16,82.78655667073916,196.8454821908713,2.6020852139652106e-18,4.0792526081690506,13.566440984962933,3.469446951953614e-18,0.7550821549415092,2.6874313969754087,1.9528643811749626,3426.8069826987535,8.320150920626997,3437.0799980005554,3445.554089167574,-2.9906906804870106e-06,0.0,151.9628618453179,151.9628588546272,1.0,1.000000000000001e-12,0.0,8.48528137423857,0.0,0.0
3778,48.75566598361539,0.018381434311341482,4.336808689942018e-19,0.9944753220315229,3.4660042383566516,-3.469446951953614e-18,1.0819381929961036,3.9821851797070513,1.249000902703301e-16,83.19100732686988,196.8355444307889,8.673617379884035e-19,4.437947981466501,14.44701911550434,0.0,0.8322351113897076,2.9987386893748225,2.0695969030578425,3460.3718500296595,9.847691143101297,3472.2891380758188,3482.3238353446895,-3.0222192853305207e-06,0.0,156.5063815261955,156.5063785039762,1.0,1.000000000000001e-12,0.0,8.48528137423857,0.0,0.0
3792,49.00671176218741,0.017604880678509512,-1.734723475976807e-18,1.0437209261888876,3.6170369171961694,2.6020852139652106e-18,1.2710297998345066,4.214823185840203,-5.551115123125783e-17,83.60938993365785,197.42048217206678,-2.6020852139652106e-18,4.837080379571483,15.48240980543455,-5.204170427930421e-18,0.7601629286554912,2.6486455176206487,2.363160516299021,3495.265042539223,11.698673299217699,3509.32687635474,3521.181568527045,-3.053700259815432e-06,0.0,165.64949222131293,165.64948916761267,1.0,1.000000000000001e-12,0.0,8.48528137423857,0.0,0.0
3807,49.26683301232844,0.017152125257595883,4.336808689942018e-19,1.0864317598426103,3.6742191951577365,-3.469446951953614e-18,1.1018418172062892,3.874357791892052,-1.3877787807814457e-16,84.04786377769484,198.7313651077104,1.3010426069826053e-17,5.218241345031596,16.876373201146432,-1.734723475976807e-18,0.763399922694339,2.4568017535049136,2.5150572319919595,3532.0217027969743,13.615021367498581,3548.151781396465,3561.9241532132955,-3.0865363228314e-06,0.0,168.59208916095128,168.59208607441496,1.0,1.000000000000001e-12,0.0,8.48528137423857,0.0,0.0
3821,49.50471289788467,0.016863704044660855,-2.6020852139652106e-18,1.0897464445847995,3.7003865218229244,5.204170427930421e-18,1.0591266958770582,4.473593623002806,-5.551115123125783e-17,84.45332941809575,199.94055992786005,-1.734723475976807e-18,5.477888711968859,18.241119348071887,1.734723475976807e-18,0.8415331581529957,2.7718010995404674,2.5339312011517094,3566.1824249006986,15.003632370357925,3583.719988472208,3598.914828917759,-3.1187092621067188e-06,0.0,160.6003227907842,160.60031967207493,1.0,1.000000000000001e-12,0.0,8.48528137423857,0.0,0.0
3836,49.75464821248173,0.016511067307219202,4.336808689942018e-19,1.082686688742172,3.7122885969561246,1.734723475976807e-18,1.0006027831336102,4.256188001406384,8.187894806610529e-16,84.88403042397958,201.2674162760831,6.071532165918825e-18,5.681948930738359,19.565419730742022,1.734723475976807e-18,0.9350516945727929,3.0923255444651536,2.5053544936365713,3602.649310509546,16.14227182575939,3621.2969368289423,3637.6752755060124,-3.15035943468555e-06,0.0,157.91063656691892,157.91063341655948,1.0,1.000000000000001e-12,0.0,8.48528137423857,0.0,0.0
3851,50.00017549197931,0.0162559552385312,-8.673617379884035e-19,1.1040242582348112,3.6865868293201833,2.6020852139652106e-18,1.0399918904416257,4.038122515240212,6.661338147750939e-16,85.31189612618267,202.71698159601155,-2.6020852139652106e-18,5.850914505861072,20.73857482061093,-1.734723475976807e-18,0.8983638073161264,3.4553989667115355,2.6082328028588826,3639.0598103222915,17.116600277447752,3658.784643402598,3676.1191492132257,-3.1827666394133365e-06,0.0,163.43261997753316,163.43261679476652,1.0,1.000000000000001e-12,0.0,8.48528137423857,0.0,0.0
3867,50.25785763599662,0.015946626574570345,8.673617379884035e-19,1.1409242819043295,3.7986158434049617,8.673617379884035e-19,1.2348886931416,3.8939885114156896,-4.996003610813204e-16,85.7652271415495,204.2054465967502,-3.469446951953614e-18,5.975420478357923,21.588982525104235,1.734723475976807e-18,0.7807024358527037,3.074776804376963,2.804448863719764,3677.83709332079,17.85282494658961,3698.494367131099,3716.511756076893,-3.2160511987172203e-06,0.0,163.30933643472795,163.30933321867676,1.0,1.000000000000001e-12,0.0,8.48528137423857,0.0,0.0
3883,50.509139794954855,0.015482953648287822,-4.336808689942018e-19,1.150309626726125,3.8595726299755055,0.0,1.4882157832551541,4.80469689365215,-5.273559366969494e-16,86.21116379715684,206.07438500211475,1.3010426069826053e-17,6.033884011125994,22.153366378978998,0.0,0.7454486652977993,3.033817410243314,2.881963740647484,3716.1823816301035,18.203878129860954,3737.268223500612,3755.622138932873,-3.250034058587517e-06,0.0,157.29756900125795,157.29756575122389,1.0,1.000000000000001e-12,0.0,8.48528137423857,0.0,0.0
3899,50.75396616315641,0.01520987177020231,-2.6020852139652106e-18,1.1380795435329576,3.846077737828944,0.0,1.5215596564861646,5.758613098719396,-5.551115123125783e-17,86.64955893372112,208.30599098482827,8.673617379884035e-19,6.076103421068781,22.457784354201856,0.0,0.7699154724621207,2.9828157340927333,2.8146579133596936,3754.0730317042057,18.459516391761873,3775.3472060093272,3793.966770256468,-3.283506955809563e-06,0.0,157.95632504346625,157.9563217599593,1.0,1.000000000000001e-12,0.0,8.48528137423857,0.0,0.0
3916,51.014358895840196,0.01551067754823774,1.3010426069826053e-18,1.1285797356866578,3.6251968170857376,3.469446951953614e-18,1.5816575552006151,5.474869033964444,4.718447854656915e-16,87.11864591302076,210.5607412130457,-3.469446951953614e-18,6.149632569170928,22.300493547060178,1.734723475976807e-18,0.7276737469933705,2.3337989597783526,2.7764940382754966,3794.829232859144,18.90899036790391,3816.5147172653233,3835.5666750853848,-3.318144038154109e-06,0.0,163.38693176387437,163.38692844573035,1.0,1.000000000000001e-12,0.0,8.48528137423857,0.0,0.0
3931,51.25164910376273,0.016097156117672238,1.3010426069826053e-18,1.1223656984570765,3.5778986547154705,1.734723475976807e-18,1.5611736765132138,5.0366028443339435,1.6792123247455493e-15,87.54627461661318,212.4577569056753,1.734723475976807e-18,6.260466606145162,21.780012935920247,1.734723475976807e-18,0.7622663024465719,2.7493571227469493,2.7363284401469707,3832.1750996237247,19.596721063329362,3854.5081491272012,3874.261753667809,-3.3529056267854045e-06,0.0,167.23478019302686,167.23477684012124,1.0,1.000000000000001e-12,0.0,8.48528137423857,0.0,0.0
3947,51.513424620605875,0.01654303176480841,0.0,1.1143831813370144,3.4601175960874553,-3.469446951953614e-18,1.832815546644,5.932357682245344,-1.1102230246251565e-16,88.01718764170636,214.48589030793943,-8.673617379884035e-19,6.477540355318156,21.587025477936788,-1.734723475976807e-18,0.753294006134176,2.929042214152399,2.809949481519747,3873.5126601776738,20.979264527387627,3897.3018741865812,3918.434350716081,-3.3885183594180595e-06,0.0,175.21811078723795,175.21810739871958,1.0,1.000000000000001e-12,0.0,8.48528137423857,0.0,0.0
3962,51.763693714544374,0.016820198578672518,2.6020852139652106e-18,1.1245710816288603,3.546532088059094,-6.071532165918825e-18,1.9019747772009206,5.733097039249918,3.608224830031759e-16,88.46674589389403,216.2775770044533,6.938893903907228e-18,6.831566437460736,21.641665844311238,-5.204170427930421e-18,0.6978972951090825,2.510033929892052,2.8929380186457267,3913.1825645274084,23.33514999471998,3939.4106525407738,3962.877308906815,-3.426026012608306e-06,0.0,192.68615452139494,192.68615109536893,1.0,1.000000000000001e-12,0.0,8.48528137423857,0.0,0.0
3976,52.00234676459189,0.017287755936096924,0.0,1.1492619941387405,3.7744674845260744,-1.734723475976807e-18,1.735533040107664,5.1776039532621265,6.938893903907228e-16,88.89386225818203,217.7973316460767,2.6020852139652106e-18,7.301608455772137,22.191695183096307,0.0,0.6566148078922988,2.2329874976239825,2.939556178556648,3951.0593735883194,26.656743020701587,3980.6556727875777,4007.428824419884,-3.4628490262377235e-06,0.0,209.0759024373009,209.07589897445186,1.0,1.000000000000001e-12,0.0,8.48528137423857,0.0,0.0
3991,52.26127508527043,0.017077431115392613,0.0,1.1686182089239183,3.8869820287729806,8.673617379884035e-19,1.6975337440274654,5.239823608927502,-6.106226635438361e-16,89.35337663013541,219.25335553680605,-7.806255641895632e-18,7.9272701369812335,23.843034900153718,3.469446951953614e-18,0.6391081197217624,2.3580067477549047,3.0722766593402393,3992.012957603414,31.420805912337233,4026.5060401750916,4058.0371300683764,-3.501301462504142e-06,0.0,220.09848996693873,220.09848646563728,1.0,1.000000000000001e-12,0.0,8.48528137423857,0.0,0.0
4006,52.516535663507256,0.01702475856242346,3.469446951953614e-18,1.1902950457427306,3.737891823383121,1.734723475976807e-18,1.9093225696978102,5.575290625781625,6.38378239159465e-16,89.80133874907166,220.40208232059973,-7.806255641895632e-18,8.662966712364042,25.422629169578386,-3.469446951953614e-18,0.6848090258471684,2.4666269387393065,3.30761101283648,4032.14022056276,37.52349612976373,4072.97132770536,4110.6214439536325,-3.542040573793657e-06,0.0,236.39755092991825,236.39754738787767,1.0,1.000000000000001e-12,0.0,8.48528137423857,0.0,0.0
4020,52.75484600147774,0.016984670731149114,1.3010426069826053e-18,1.2402956551724613,3.879252831475978,1.734723475976807e-18,2.0373538617198257,6.24709089476918,-4.163336342344337e-16,90.21546169373198,221.282724953649,8.673617379884035e-19,9.46618507565381,26.753997155090303,1.734723475976807e-18,0.690356023317716,2.8832574950292353,3.6421531716280953,4069.414764306611,44.80432994326546,4117.861247421504,4162.7942570532805,-3.58224404559112e-06,0.0,262.9271636983895,262.92716011614544,1.0,1.000000000000001e-12,0.0,8.48528137423857,0.0,0.0
4035,53.007301272307906,0.01663914615200775,-2.168404344971009e-18,1.320762722336251,4.163018354417351,0.0,1.9767117228471929,6.572880153035068,1.4432899320127035e-15,90.65055753285644,222.04839867668014,-1.734723475976807e-18,10.410578333021116,28.85563435913214,3.469446951953614e-18,0.6538847013508292,2.14388867060372,4.03871507538598,4108.761790508859,54.190070613984346,4166.990576198229,4221.296089416932,-3.6233912176071224e-06,0.0,289.4289377406124,289.4289341172212,1.0,1.000000000000001e-12,0.0,8.48528137423857,0.0,0.0
4050,53.2525493565493,0.016095582442638177,-8.673617379884035e-19,1.4006673134410788,4.4689326513827865,-8.673617379884035e-19,1.8204239107634972,5.370006617282396,4.996003610813204e-16,91.06956207667275,222.789785538076,-2.6020852139652106e-18,11.365105477518133,31.636210687229823,0.0,0.6701295853240017,2.5838770381996823,4.389998940365174,4146.8325684184765,64.58281125755633,4215.805378616398,4280.50943976246,-3.6661036718395297e-06,0.0,303.9958910730062,303.9958874069025,1.0,1.000000000000001e-12,0.0,8.48528137423857,0.0,0.0
4066,53.506019165221936,0.015654037201063554,-2.6020852139652106e-18,1.4739112024879328,4.6704542470131125,-2.6020852139652106e-18,1.8578942905129883,6.533358990151771,-2.3592239273284576e-16,91.4983383111929,223.39231224876625,2.6020852139652106e-18,12.35688709206455,34.522498792519,1.734723475976807e-18,0.6957500804610633,2.2392569636326596,4.830823505662734,4185.972956854755,76.34632930301574,4267.150109663433,4343.627137373553,-3.709629731919251e-06,0.0,310.90961358955286,310.90960987992315,1.0,1.000000000000001e-12,0.0,8.48528137423857,0.0,0.0
4082,53.75311450319371,0.015213869435790875,4.336808689942018e-19,1.55043287042982,4.843839536406861,-5.204170427930421e-18,1.888637247353505,5.581910857770282,3.3306690738754696e-16,91.91231682339277,223.65911446657705,-7.806255641895632e-18,13.331955672683131,37.42983518937498,-1.734723475976807e-18,0.7553084674104501,2.6636916657573266,5.321749149515801,4223.936991921864,88.87052102919395,4318.129262100574,4407.153815667622,-3.753925157562962e-06,0.0,324.1317591119848,324.13175535805965,1.0,1.000000000000001e-12,0.0,8.48528137423857,0.0,0.0
4099,54.00161306218969,0.014073719740046722,-4.336808689942018e-19,1.6409916823424273,5.123258901051545,-5.204170427930421e-18,1.7997700679242528,5.822372725160512,5.551115123125783e-16,92.32571975124638,223.76033472434665,1.214306433183765e-17,14.321567194383466,40.42957639818737,0.0,0.7978945023498094,2.9758503499427635,5.860808482579786,4262.019263792843,102.55364345162036,4370.433715727044,4473.1592508006215,-3.7983996772434876e-06,0.0,343.1636215191803,343.1636177207806,1.0,1.000000000000001e-12,0.0,8.48528137423857,0.0,0.0
4118,54.258017446769955,0.013068408975530781,-4.336808689942018e-19,1.737510593095031,5.4228689295798675,1.734723475976807e-18,1.8087933664590294,5.741615747774308,-1.2628786905111156e-15,92.75013898697047,223.86349934341203,3.469446951953614e-18,15.331854225735551,43.498813193895174,1.734723475976807e-18,0.7750305451469739,2.588701069228029,6.4762899481739815,4301.29414105117,117.53287699960252,4425.303307998946,4542.998366531945,-3.8443195260984994e-06,0.0,357.49604584799744,357.4960420036779,1.0,1.000000000000001e-12,0.0,8.48528137423857,0.0,0.0
4137,54.50110896662836,0.012606256368535908,8.673617379884035e-19,1.8181832974099223,5.61504807728313,-3.469446951953614e-18,1.6351838348580832,5.1436741787991345,8.604228440844963e-16,93.15053166135934,223.97209009451683,-6.938893903907228e-18,16.259782091296586,46.20630880811387,-1.734723475976807e-18,0.8583775372378234,3.1388610643616897,6.951819390622023,4338.510774396954,132.19025682822453,4477.652850615801,4610.042046683062,-3.890116345264139e-06,0.0,363.90063295484384,363.9006290647275,1.0,1.000000000000001e-12,0.0,8.48528137423857,0.0,0.0
4158,54.76088247992577,0.01205265165945944,0.0,1.894149199746999,5.814190307884736,-1.734723475976807e-18,1.6027916099196724,5.524299551345779,-1.8041124150158794e-16,93.57621321002465,225.02671789991274,-1.734723475976807e-18,17.205072069486175,48.92653683580444,-1.734723475976807e-18,0.9280710861337894,3.145160198079575,7.516207908369328,4378.253839363995,148.00725245810662,4533.777299730471,4682.017107492626,-3.936256402061414e-06,0.0,364.0051378473084,364.005133911052,1.0,1.000000000000001e-12,0.0,8.48528137423857,0.0,0.0
4179,55.0046320139995,0.011202894824591799,5.637851296924623e-18,1.9649747633069434,6.051614527399094,-6.938893903907228e-18,1.6279433301345734,5.383649741221609,8.326672684688674e-16,93.97431918388118,225.84400734482983,1.0408340855860843e-17,18.03830553170514,51.39465556946221,1.734723475976807e-18,0.9459526201436729,3.0814772347995385,8.09363906203005,4415.586333036988,162.69023322757218,4586.370205326591,4749.302041671243,-3.982225899988025e-06,0.0,358.61355378196794,358.61354979974203,1.0,1.000000000000001e-12,0.0,8.48528137423857,0.0,0.0
4202,55.252023552804026,0.010380956958156995,-4.336808689942018e-19,2.0364620170306345,6.286939986463006,3.469446951953614e-18,1.551236107123976,5.121598379337422,7.355227538141662e-16,94.37782313879285,226.62778113370487,2.6020852139652106e-18,18.829212755030344,53.7249705991418,-3.469446951953614e-18,0.9471101688523123,3.0852140059581274,8.651357275716382,4453.586750208631,177.26962648709866,4639.507733971446,4817.019555229968,-4.026734110049231e-06,0.0,352.6842564551076,352.68425242837344,1.0,1.000000000000001e-12,0.0,8.48528137423857,0.0,0.0
4227,55.50314939523976,0.009787768703122672,-8.673617379884035e-19,2.0994395508601653,6.35338153599653,4.336808689942018e-18,1.5269161183867832,5.44936144253347,-2.498001805406602e-16,94.7869045892975,227.28322413788896,-1.734723475976807e-18,19.586283671010573,55.818203018364116,-1.734723475976807e-18,0.9243319647358567,3.071444909129916,9.22670473995871,4492.278640810293,191.8112540206477,4693.3165995709,4885.358538778426,-4.0716062044919925e-06,0.0,354.24114214884435,354.24113807723813,1.0,1.000000000000001e-12,0.0,8.48528137423857,0.0,0.0
4253,55.75251555422071,0.009433518592194557,0.0,2.1568934647392797,6.509018438194139,1.734723475976807e-18,1.5329842313655921,6.134445319797477,-1.0824674490095276e-15,95.19278999347029,227.73029581865237,1.0408340855860843e-17,20.291887715532933,57.66380190249413,0.0,0.9401617414725096,3.4465042047159566,9.730314016681913,4530.833633370468,205.88035352989817,4746.444300917049,4952.563308553981,-4.116251020940092e-06,0.0,357.11189661595296,357.1118924997019,1.0,1.000000000000001e-12,0.0,8.48528137423857,0.0,0.0
4280,56.00272354534509,0.009103246745102505,0.0,2.208523353313499,6.784690761163683,1.734723475976807e-18,1.522500088409435,4.8428247139189375,-8.326672684688674e-16,95.60085879297222,228.09464205535826,5.204170427930421e-18,20.924726627253808,59.46453036496154,-1.734723475976807e-18,0.9339123061042448,3.734632433641883,10.169090194551856,4569.762100976908,218.92209221265222,4798.853283384113,5018.010867489547,-4.160012716468333e-06,0.0,340.4275687882178,340.42756462820506,1.0,1.000000000000001e-12,0.0,8.48528137423857,0.0,0.0
4308,56.25211464163541,0.008729872843903244,1.734723475976807e-18,2.2430342047402094,7.062237698190101,1.734723475976807e-18,1.2524684402645019,4.688753411501566,2.498001805406602e-16,96.00897341385395,228.4308488506224,3.469446951953614e-18,21.455097477870996,61.216577202295284,-1.734723475976807e-18,0.9797528674651188,3.6799298682670516,10.424477005420863,4608.8614879910565,230.16060389247318,4849.44656888895,5079.866350015376,-4.202541929765997e-06,0.0,304.7685717188253,304.7685675162834,1.0,1.000000000000001e-12,0.0,8.48528137423857,0.0,0.0
4337,56.50093175807643,0.008470354431766688,2.6020852139652106e-18,2.2639327283272612,7.220801948827374,-1.734723475976807e-18,0.992652916698397,3.9334936869355293,1.1379786002407855e-15,96.41717909778835,228.6002835863632,-1.3010426069826053e-17,21.898004529362524,62.64292193151069,1.734723475976807e-18,1.0798936127796752,3.9948839675544408,10.568793949758318,4648.136212587496,239.76130118399075,4898.466307721244,5138.542474863264,-4.243608550064439e-06,0.0,280.46148614883055,280.461481905222,1.0,1.000000000000001e-12,0.0,8.48528137423857,0.0,0.0
4367,56.75306586708995,0.00835532628616464,-3.469446951953614e-18,2.294419490441851,7.2811626400499385,2.6020852139652106e-18,1.1414034269434379,3.7276665446598427,-4.996003610813204e-16,96.832472086003,228.64417248184517,-1.734723475976807e-18,22.285729753620373,63.76595087714591,-6.938893903907228e-18,1.0476263884324954,3.790335091046317,10.896257793380684,4688.263825143274,248.32687532570017,4947.486958262354,5196.110164271486,-4.283827552463365e-06,0.0,280.0431556564143,280.04315137258675,1.0,1.000000000000001e-12,0.0,8.48528137423857,0.0,0.0
4397,57.001928489776624,0.008220055342758166,4.336808689942018e-19,2.3387760740961383,7.398652281808866,-6.071532165918825e-18,1.182325289688056,4.288742953362881,-1.0685896612017132e-15,97.24544847967965,229.50246225663113,5.204170427930421e-18,22.5924627080661,64.58801952666273,-1.734723475976807e-18,0.913350259453421,3.577472013340521,11.258501372196257,4728.338625007015,255.2096856076787,4994.80681198689,5250.241733942608,-4.3230548668343865e-06,0.0,270.7389495803662,270.73894525731134,1.0,1.000000000000001e-12,0.0,8.48528137423857,0.0,0.0
4428,57.25199422899775,0.00794549521339106,-8.673617379884035e-19,2.3638404748257953,7.460322003764358,-4.336808689942018e-18,0.9638948065222378,3.314120774419324,1.249000902703301e-16,97.66392189210057,230.7242499426698,4.336808689942018e-18,22.778048984430896,65.13954325712116,0.0,0.8656125337471772,3.188062412010926,11.392548893500603,4769.12081967316,259.4197577685666,5039.933126335228,5299.555191069611,-4.360635247617594e-06,0.0,224.81626906986554,224.8162647092303,1.0,1.000000000000001e-12,0.0,8.48528137423857,0.0,0.0
4460,57.50421962894564,0.007848372769864557,-8.673617379884035e-19,2.3517665257299707,7.417380870654128,-3.469446951953614e-18,1.3183241664672245,4.73023439916302,1.1102230246251565e-16,98.08958480540552,231.84683264600807,-7.806255641895632e-18,22.828647015586668,65.37855009891915,1.734723475976807e-18,0.9274883741548259,3.1957244138019876,11.32741808349802,4810.78332364842,260.573562281127,5082.684304013045,5343.490129658903,-4.396510718644244e-06,0.0,169.68890952763178,169.68890513112106,1.0,1.000000000000001e-12,0.0,8.48528137423857,0.0,0.0
4492,57.75498942157011,0.00782271074476272,8.673617379884035e-19,2.330637120511784,7.36628595765022,-8.673617379884035e-19,1.2627662558166357,4.821322792410452,2.7755575615628914e-16,98.51737518460952,233.1280283847459,-6.071532165918825e-18,22.7742058097169,65.31969019958358,0.0,1.040866743862488,3.5422703307084094,11.069988002447484,4852.836606632557,259.3322251316715,5123.238819766676,5382.863563864537,-4.4306621861170765e-06,0.0,143.57890389683396,143.57889946617178,1.0,1.000000000000001e-12,0.0,8.48528137423857,0.0,0.0
4524,58.00399995146275,0.007733951955051528,1.734723475976807e-18,2.321447891238724,7.424441652863961,4.336808689942018e-18,1.1527363722346013,4.030258871238008,-9.71445146547012e-17,98.94732643981682,234.59455857434804,1.9081958235744878e-17,22.630233709067998,64.99162274330853,0.0,0.9812049981341001,3.471118757379382,10.908446743686897,4895.286704793834,256.0637388635188,5162.25889040104,5418.5825753416175,-4.463366818090633e-06,0.0,130.91272794229317,130.91272347892635,1.0,1.000000000000001e-12,0.0,8.48528137423857,0.0,0.0
4556,58.25050907331799,0.007703411004974203,2.168404344971009e-18,2.307559532834706,7.574293669644362,-3.469446951953614e-18,1.007615506053349,4.413850462498299,1.6653345369377348e-16,99.37709333270155,236.06878238575328,1.6479873021779667e-17,22.379572731150066,64.22791560152075,-1.734723475976807e-18,0.9274289293466835,3.1989271020439283,10.651024106288656,4937.903339628237,250.42263781441775,5198.977001548943,5449.631872956488,-4.494694429292165e-06,0.0,101.52187858953239,101.52187409483797,1.0,1.000000000000001e-12,0.0,8.48528137423857,0.0,0.0
4589,58.50753688390585,0.00790746908512175,-1.3010426069826053e-18,2.267017100350227,7.334353737651365,3.469446951953614e-18,1.3516456169293274,4.39953635231158,-1.3877787807814457e-17,99.82881484359646,237.55487991864624,9.540979117872439e-18,21.98944079565592,62.946224794395924,0.0,0.8991404952741807,3.262896627358129,10.28237238990506,4982.896136538531,241.76775325282838,5234.946262181265,5476.93229791426,-4.52514159627253e-06,0.0,59.453839883842306,59.45383535870071,1.0,1.000000000000001e-12,0.0,8.48528137423857,0.0,0.0
4620,58.757442230219475,0.00819405975057783,-4.336808689942018e-19,2.2112484725337476,6.914955755992487,2.6020852139652106e-18,1.439509661045787,5.084309545152541,-8.326672684688674e-17,100.27146321942571,239.03440695963798,-1.474514954580286e-17,21.494593293436672,61.271203271266835,1.734723475976807e-18,0.8877097790673968,3.134086656474638,9.804710264680617,5027.183168082322,231.00877042512633,5267.9966487721285,5499.218186933255,-4.5544018769455645e-06,0.0,25.47780991506843,25.477805360666554,1.0,1.000000000000001e-12,0.0,8.48528137423857,0.0,0.0
4650,59.00574635862085,0.008350642924353011,8.673617379884035e-19,2.148666405995756,6.758842851883186,-1.734723475976807e-18,1.4651582975697675,5.046527052022989,2.7755575615628914e-16,100.71386865188234,240.97989234465877,3.469446951953614e-18,20.9046219372028,59.41204478404349,1.734723475976807e-18,0.8629431761437113,2.9097854087292254,9.265542781513217,5071.641669414304,218.50160916869038,5299.408821364507,5518.1114916830165,-4.582163030111652e-06,0.0,2.184401869296013,2.1843972871329833,1.0,1.000000000000001e-12,0.0,8.48528137423857,0.0,0.0
4679,59.25135694669267,0.008619719413385367,0.0,2.0778039647713467,6.5718260284543435,0.0,1.5100292461603335,5.384183821441612,-4.996003610813204e-16,101.15278021727666,242.9111141246863,-1.1275702593849246e-17,20.23902928897946,57.3838508524261,-6.938893903907228e-18,0.8672200388114697,2.7364383589307404,8.661510976982921,5115.942472842338,204.8091532800841,5329.4131370994055,5534.425349440333,-4.609097355393631e-06,0.0,-12.765793970411568,-12.765798579508925,1.0,1.000000000000001e-12,0.0,8.48528137423857,0.0,0.0
4708,59.50881512556401,0.009155885285660534,8.673617379884035e-19,2.001133511818797,6.294558777674705,7.806255641895632e-18,1.698842122525288,6.013869284181016,1.942890293094024e-16,101.61317039754536,245.06229160016437,9.540979117872439e-18,19.47064582934793,55.09909204459954,0.0,0.8287783124546962,2.8217742505948404,8.058149275835193,5162.618199120296,189.55302450595195,5360.229372902083,5549.967853250657,-4.636212469291945e-06,0.0,-19.646493805864015,-19.646498442076485,1.0,1.000000000000001e-12,0.0,8.48528137423857,0.0,0.0
4734,59.754524342290786,0.009718204241539038,8.673617379884035e-19,1.9333778811430076,6.030424257990586,8.673617379884035e-19,1.6050286279122747,5.269833019378826,1.942890293094024e-16,102.05149852816082,246.9759110765662,1.734723475976807e-18,18.67430532394,52.75024592437981,-1.734723475976807e-18,0.8389483080611393,2.974105329043633,7.441843859000565,5207.254175921605,174.3648396658669,5389.060859446473,5563.615734363511,-4.6631361772196125e-06,0.0,-27.003951321282262,-27.00395598441844,1.0,1.000000000000001e-12,0.0,8.48528137423857,0.0,0.0
4759,60.004350024895466,0.010262840993817407,1.3010426069826053e-18,1.8557452839229482,5.742338310470411,-8.673617379884035e-19,1.898438678482124,5.590049812749818,-2.7755575615628914e-17,102.49498123756464,248.641137112486,0.0,17.79866716902618,50.161499193199674,-1.734723475976807e-18,0.7666271829333569,2.4441668004750916,6.961615462181096,5252.610589444364,158.3962764968852,5417.968481403431,5576.523441554471,-4.689569272883287e-06,0.0,-39.93173901559531,-39.931743705164585,1.0,1.000000000000001e-12,0.0,8.48528137423857,0.0,0.0
4783,60.25961105807534,0.011041004865342837,-3.0357660829594124e-18,1.760539019737656,5.3437854028995035,-1.734723475976807e-18,2.019637975043512,6.525827695773355,-1.2490009027033011e-15,102.94585968631091,250.1468335030877,-6.938893903907228e-18,16.85147193156138,47.57400647979571,0.0,0.7817258898137432,2.715597879692983,6.362932997519385,5298.925013276806,141.98605313010046,5447.273999404425,5589.425048283563,-4.716604497587074e-06,0.0,-45.02845420944763,-45.02845892605213,1.0,1.000000000000001e-12,0.0,8.48528137423857,0.0,0.0
4804,60.501842812400724,0.012012989949883004,0.0,1.6767615044668673,4.916974846349735,-1.734723475976807e-18,1.9443424010001482,6.294212054906382,1.1102230246251565e-15,103.37169772162711,251.48103758837757,9.540979117872439e-18,15.92885307222158,45.06558757084128,1.734723475976807e-18,0.7786099697833383,2.7027893786877026,5.769589885372055,5342.853944925724,126.86418009821139,5475.487714909307,5602.515578048481,-4.743610310090384e-06,0.0,-36.34115060438815,-36.34115534799846,1.0,1.000000000000001e-12,0.0,8.48528137423857,0.0,0.0
4824,60.75241914672401,0.012993301917859279,-1.734723475976807e-18,1.6120085821502133,4.58402797156802,-1.734723475976807e-18,1.753180696821717,5.109322707110184,-8.465450562766819e-16,103.80905601222425,252.6163411344785,-8.673617379884035e-19,14.963765928707618,42.32052632577315,-3.469446951953614e-18,0.7216644629328317,2.6699376072326446,5.252199700088697,5388.160055074555,111.95714538457547,5505.369400159219,5617.467161435001,-4.771011457197771e-06,0.0,-22.95463201261918,-22.954636783630637,1.0,1.000000000000001e-12,0.0,8.48528137423857,0.0,0.0
4843,61.00932056887337,0.014001929783991346,-4.336808689942018e-19,1.5526028385103408,4.438125667015552,-1.734723475976807e-18,1.759009398622014,6.213592375936647,-6.800116025829084e-16,104.2532308121108,253.41650909842406,4.336808689942018e-18,13.964050610096287,39.78861069083819,5.204170427930421e-18,0.6777089742845176,2.170265009075953,4.831420186905406,5434.368067381624,97.49735472066523,5536.696842289195,5634.3182051623935,-4.800012570409719e-06,0.0,-11.67520479304887,-11.67520959306144,1.0,1.000000000000001e-12,0.0,8.48528137423857,0.0,0.0
4860,61.25506967052375,0.014826431437852106,3.0357660829594124e-18,1.4831328256373484,4.263503978090065,1.734723475976807e-18,1.8675019800230235,5.74782926653265,4.996003610813204e-16,104.67463711144356,253.97783936922414,-1.0408340855860843e-17,12.994507081365851,37.5301261127097,0.0,0.7044545832836457,2.085218038778877,4.448624442917776,5478.389827206198,84.42860714383363,5567.26705879295,5651.82965512696,-4.829470551228679e-06,0.0,-3.9571019297263215,-3.9571067591968725,1.0,1.000000000000001e-12,0.0,8.48528137423857,0.0,0.0
4877,61.51351938440567,0.015506440034917836,2.168404344971009e-18,1.3975031567318812,4.085018696271836,-2.6020852139652106e-18,1.9470140146222796,6.395194759506058,2.7755575615628914e-16,105.1151862502539,254.489584765633,3.469446951953614e-18,11.95803151503465,35.10795225673866,-1.734723475976807e-18,0.7821972062380441,2.6816080092657546,3.9981596301817035,5524.601190212783,71.49725885728094,5600.096608700245,5671.759062324278,-4.859761393123936e-06,0.0,2.301167380882522,2.3011625211211286,1.0,1.000000000000001e-12,0.0,8.48528137423857,0.0,0.0
4892,61.751724124348726,0.01625331687490328,4.7704895589362195e-18,1.3241100035515285,3.8417215752894402,0.0,1.8516597237337338,6.322265972053476,-1.2212453270876722e-15,105.5192778900678,254.99392500654955,0.0,11.002048943808825,32.90937485672906,1.734723475976807e-18,0.8404524595136658,3.1235562375764223,3.563798620777176,5567.159003220675,60.52254048098244,5631.245342322435,5691.958600094327,-4.890441072732136e-06,0.0,15.221909881256261,15.221904990815188,1.0,1.000000000000001e-12,0.0,8.48528137423857,0.0,0.0
4908,62.01590569823685,0.016655878023304555,-1.3010426069826053e-18,1.2678151138038494,3.6033661251210725,6.071532165918825e-18,1.7615341627688594,5.677870716636402,4.3021142204224816e-16,105.96524215456772,255.49724252826474,0.0,9.974613017751807,30.431184671721404,1.734723475976807e-18,0.7295079482777933,2.1849320888143677,3.2765179135611207,5614.316272438087,49.746452426951905,5667.3392427786,5717.229384304134,-4.9225937848482065e-06,0.0,38.73390335265151,38.73389843005773,1.0,1.000000000000001e-12,0.0,8.48528137423857,0.0,0.0
4923,62.26640038057151,0.016741533072432924,1.734723475976807e-18,1.2353789039667589,3.6563603191443206,3.469446951953614e-18,1.6405430057491497,5.156402394432342,3.608224830031759e-16,106.38545306918842,255.78316202520634,6.071532165918825e-18,9.038257797802013,28.247104442030814,-1.734723475976807e-18,0.6336161289342008,2.1315908011530906,3.0556455666755897,5658.932312368246,40.84505200976442,5702.833009944686,5743.786458692138,-4.956676037817015e-06,0.0,60.22334809323906,60.223343136563024,1.0,1.000000000000001e-12,0.0,8.48528137423857,0.0,0.0
4937,62.50294870915906,0.017095511716275796,2.168404344971009e-18,1.1889031610755212,3.5092446336166154,1.734723475976807e-18,1.7742774402387809,5.634501198847346,1.27675647831893e-15,106.7797634687943,256.20828434812836,6.071532165918825e-18,8.166923110244733,26.294378694902623,1.734723475976807e-18,0.6199468674993872,2.3171966048302837,2.8719545942209264,5700.958943225829,33.34931654432475,5737.180214364375,5770.633301120701,-4.9898364447969256e-06,0.0,68.65258491949368,68.65257992965724,1.0,1.000000000000001e-12,0.0,8.48528137423857,0.0,0.0
4952,62.764410239360885,0.017710157938712886,-3.0357660829594124e-18,1.1055612976811688,3.3120789167062816,-2.6020852139652106e-18,1.9748267255793315,6.8072555419029595,-9.159339953157541e-16,107.21372414054194,257.301293730651,-2.6020852139652106e-18,7.234477687646706,24.090736154727338,-1.734723475976807e-18,0.6778894406150944,2.406446030292414,2.622040212245456,5747.391322042113,26.168833706529014,5776.182195960887,5802.475103872714,-5.024621734871874e-06,0.0,78.74620983329116,78.74620480866943,1.0,1.000000000000001e-12,0.0,8.48528137423857,0.0,0.0
4966,63.01478561549701,0.01797740464452407,4.336808689942018e-19,1.0301241389131017,3.2558580587646233,1.734723475976807e-18,1.711875580231742,5.553932049571275,4.996003610813204e-16,107.62837894304131,258.1816106857307,-5.204170427930421e-18,6.4389779055118685,21.908552574080325,-1.734723475976807e-18,0.7832637343797715,2.4159364088392454,2.249166489285196,5791.933976953449,20.730218233835004,5814.913361676569,5835.809225471355,-5.061395418569092e-06,0.0,101.63282495194667,101.63281989055126,1.0,1.000000000000001e-12,0.0,8.48528137423857,0.0,0.0
4980,63.26746719685146,0.01813398109140449,4.336808689942018e-19,0.986929966863315,3.235879312743256,1.734723475976807e-18,1.489643494581821,4.669267154997385,3.608224830031759e-16,108.04542290404919,258.96674004947255,-2.6020852139652106e-18,5.772038456531568,20.00044879626323,0.0,0.737518210042781,2.337210056003634,2.033871468997103,5836.906705257417,16.658213971839665,5855.598790698254,5872.403866609833,-5.0986143790494595e-06,0.0,123.6864439888893,123.68643889027491,1.0,1.000000000000001e-12,0.0,8.48528137423857,0.0,0.0
4993,63.50489445477063,0.018329871918688602,4.336808689942018e-19,0.9670490991392052,3.2428315080594503,0.0,1.4441392583517112,5.045771420207383,-4.85722573273506e-16,108.43497829936089,259.56410469306064,4.336808689942018e-18,5.272572151427229,18.44138613274999,-3.469446951953614e-18,0.710129839744417,2.412972584218957,1.942878829108916,5879.072259391434,13.900008546002978,5894.915146766546,5908.951312097659,-5.135754542270192e-06,0.0,137.2252942620032,137.22528912624864,1.0,1.000000000000001e-12,0.0,8.48528137423857,0.0,0.0
5007,63.76008505849484,0.018061189420111666,4.336808689942018e-19,0.9545131639294333,3.2611878007698243,-1.734723475976807e-18,1.5506609359506376,5.744468839103744,-2.7755575615628914e-17,108.85163487034771,260.0103180779482,-1.734723475976807e-18,4.91062683998822,17.461105195645082,5.204170427930421e-18,0.6862081716228793,2.09168973276954,1.9751871528232479,5924.339206973747,12.057127980806346,5938.371522107377,5950.55578813498,-5.173861989936745e-06,0.0,151.6870506143006,151.68704544043862,1.0,1.000000000000001e-12,0.0,8.48528137423857,0.0,0.0
5021,64.0082010095557,0.01739827724320638,-2.6020852139652106e-18,0.9484053689039671,3.470772608698668,1.734723475976807e-18,1.5382323344558293,5.721661572507124,-4.163336342344337e-16,109.25637163845815,260.3241092825087,1.734723475976807e-18,4.771570119166878,17.2779784327255,3.469446951953614e-18,0.6311863148643988,2.0176458799397374,2.052500636812979,5968.477371800441,11.383940701063102,5981.913813138317,5993.40532080368,-5.2135871212407485e-06,0.0,170.02658196347082,170.0265767498837,1.0,1.000000000000001e-12,0.0,8.48528137423857,0.0,0.0
5036,64.26558626478185,0.0170775905631421,-8.673617379884035e-19,0.9449287825166766,3.515542307291053,-2.6020852139652106e-18,1.3635069214289581,5.025185881142102,9.575673587391975e-16,109.67682033764152,260.5304509632481,4.336808689942018e-18,4.796074941163792,17.02326767427789,0.0,0.669646306430783,2.2918179575054065,2.0268167549736953,6014.502459687647,11.501167420629635,6028.030443863251,6039.6526863513245,-5.254167528135912e-06,0.0,180.63873072228498,180.63872546811746,1.0,1.000000000000001e-12,0.0,8.48528137423857,0.0,0.0
5050,64.50653095261815,0.017366516755287834,0.0,0.946307656351183,3.36908201852478,-4.336808689942018e-18,1.3654446383206662,4.984469846506329,3.608224830031759e-16,110.07116198416183,260.53765423416365,5.204170427930421e-18,4.907288421033065,16.85541193129366,-1.734723475976807e-18,0.7225421590756331,2.571931903411162,2.0213112306407184,6057.830350271795,12.040739823602593,6071.892401326039,6084.074099285984,-5.294622708046774e-06,0.0,184.33317292994462,184.33316763532193,1.0,1.000000000000001e-12,0.0,8.48528137423857,0.0,0.0
5064,64.75119189468965,0.017492881050389302,-8.673617379884035e-19,0.9700352391587863,3.329331545037358,6.071532165918825e-18,1.2987936619033211,4.912733147618356,-9.298117831235686e-16,110.47310398347643,260.4537560854057,-2.6020852139652106e-18,5.098253786078147,17.828479351049282,-1.734723475976807e-18,0.7267223375107564,2.525175739807966,2.0996951257492547,6102.153351871998,12.996095833630081,6117.249142831378,6130.387832511084,-5.334447897142131e-06,0.0,193.67125384683982,193.6712485123919,1.0,1.000000000000001e-12,0.0,8.48528137423857,0.0,0.0
5079,65.00982498646673,0.01689910287814561,0.0,1.0095351522847489,3.38133555402506,0.0,1.0234925428450263,3.6994213444134485,-8.604228440844963e-16,110.90096505856839,260.619036470779,1.6479873021779667e-17,5.3445984384089025,18.62864945164152,0.0,0.6853140479606534,2.3920387601629853,2.211702523095724,6149.512025460903,14.28236623392144,6166.00609421792,6180.415267394812,-5.3761418757891624e-06,0.0,203.4194120296066,203.41940665346473,1.0,1.000000000000001e-12,0.0,8.48528137423857,0.0,0.0
5094,65.26289347316055,0.017036432389368025,-2.168404344971009e-18,1.0272143131381668,3.3102719335029356,8.673617379884035e-19,1.0627771456479687,4.047781030733232,6.106226635438361e-16,111.32322521799085,262.1605609690849,2.6020852139652106e-18,5.528829855631341,18.9549812248298,6.938893903907228e-18,0.6288090373574035,2.024569935018806,2.316578185827244,6196.430236467757,15.283979786260236,6214.030794439844,6229.421532443579,-5.4188114999423e-06,0.0,198.7493644810854,198.7493590622739,1.0,1.000000000000001e-12,0.0,8.48528137423857,0.0,0.0
5108,65.50578143872518,0.017541013710660584,-4.336808689942018e-18,1.0297973040005315,3.2935675936593825,-3.469446951953614e-18,0.9750407938189224,3.3919893967535524,-2.3592239273284576e-16,111.73213801319795,263.66630201665623,4.336808689942018e-18,5.623372534935361,19.082372535792203,0.0,0.7444468646111099,3.044189465486731,2.253418559448661,6242.035332500159,15.811159333332668,6260.09991039294,6276.060704032514,-5.460256713386841e-06,0.0,191.0455464636009,191.0455410033442,1.0,1.000000000000001e-12,0.0,8.48528137423857,0.0,0.0
5122,65.75062513679005,0.017295478289662356,-1.3010426069826053e-18,1.0419007857565055,3.3768935826906703,1.734723475976807e-18,0.917684745985478,3.260969117293353,5.828670879282072e-16,112.14835902949298,265.33032474410214,1.734723475976807e-18,5.679074525091453,19.123135959759754,1.734723475976807e-18,0.7606607457508863,3.0252427981709338,2.2757820280794934,6288.62721650403,16.12594373077135,6307.028942262881,6323.311109281585,-5.501185734499314e-06,0.0,194.25881465183662,194.25880915065088,1.0,1.000000000000001e-12,0.0,8.48528137423857,0.0,0.0
5137,66.00482375535348,0.016703171955092494,8.673617379884035e-19,1.0657558569587475,3.4106833916141905,-8.673617379884035e-19,1.1397934899504392,4.1395493207549965,0.0,112.58472157863935,266.97095985428456,1.734723475976807e-18,5.695731816288041,19.6187014854717,-1.734723475976807e-18,0.6520008790108511,2.224387679622006,2.418571314575575,6337.659766469869,16.22068046153793,6356.299018245983,6372.634477097004,-5.543401056075638e-06,0.0,197.78759864656521,197.78759310316417,1.0,1.000000000000001e-12,0.0,8.48528137423857,0.0,0.0
5152,66.2544376926579,0.0167069923251329,-4.336808689942018e-19,1.0696431903636558,3.323144438694629,8.673617379884035e-19,1.241485205312413,4.08108945231921,-2.7755575615628914e-17,113.01717995215034,268.44345033136034,-3.469446951953614e-18,5.62980112401404,20.03862837559869,-3.469446951953614e-18,0.6959681927027502,2.1854137008171803,2.394270100358482,6386.441482168366,15.847330347974877,6404.6830826167,6420.661193330492,-5.586279137859504e-06,0.0,190.48041492191325,190.4804093356341,1.0,1.000000000000001e-12,0.0,8.48528137423857,0.0,0.0
5167,66.50883752172585,0.017202279135190512,8.673617379884035e-19,1.0476183638583505,3.238282796808898,3.469446951953614e-18,1.291316908045745,4.586477329359601,7.771561172376096e-16,113.46175702893612,269.9603463183343,2.6020852139652106e-18,5.505753790108176,20.15205121139096,-3.469446951953614e-18,0.781501586793131,2.3778293907181096,2.281278780922146,6436.785154046666,15.156662398645272,6454.223095226234,6469.5446587020215,-5.6294207724228365e-06,0.0,185.67229929350316,185.6722936640824,1.0,1.000000000000001e-12,0.0,8.48528137423857,0.0,0.0
5181,66.752763045191,0.01759599978013954,4.7704895589362195e-18,1.034545511800535,3.2991840577004075,-3.469446951953614e-18,1.3037452321584657,4.433351048241901,-2.498001805406602e-16,113.89053470216038,271.36891438458287,0.0,5.408952661105262,20.107664184010837,0.0,0.802932251551292,2.6644844437746595,2.249449650190609,6485.526947372,14.628384445038847,6502.404781467229,6517.207234966425,-5.672532108183365e-06,0.0,192.99437603223953,192.99437035970743,1.0,1.000000000000001e-12,0.0,8.48528137423857,0.0,0.0
5195,67.002351644915,0.018071883681394892,3.469446951953614e-18,1.0457268703430596,3.4146052784194754,1.734723475976807e-18,1.5723721822643777,4.575831183525258,5.273559366969494e-16,114.33028250816511,272.5855305234752,1.214306433183765e-17,5.362155987569462,19.856660022047087,-1.734723475976807e-18,0.7380416221536235,2.5573067297660246,2.41067727757652,6535.706749198423,14.376358417513513,6552.493784893512,6567.017213778754,-5.715852963250853e-06,0.0,200.25398943685613,200.25398372100318,1.0,1.000000000000001e-12,0.0,8.48528137423857,0.0,0.0
5209,67.26041086096454,0.018739146681705295,-8.673617379884035e-19,1.0654948674623066,3.659141715676542,-8.673617379884035e-19,1.8347238790007483,6.442186515876573,-5.828670879282072e-16,114.78601898021039,273.7162835710451,0.0,5.385708488019007,19.51136462085701,3.469446951953614e-18,0.6901720738349724,2.753203454374135,2.573159253359358,6587.915076662608,14.502927958959988,6604.991163874927,6619.622702956593,-5.761106325759272e-06,0.0,204.30435625606202,204.30435049495568,1.0,1.000000000000001e-12,0.0,8.48528137423857,0.0,0.0
5222,67.5066895017585,0.019039406923506128,-2.168404344971009e-18,1.0750741945694957,3.877059939626204,0.0,1.6338345591108543,5.664831232773745,-1.0269562977782698e-15,115.2223301815358,275.6491891796285,-8.673617379884035e-19,5.529921242052169,19.516641658200015,1.734723475976807e-18,0.7383660282498518,2.4740136845486997,2.539626559566564,6638.092686231429,15.290014471649902,6655.922327262645,6671.359541520045,-5.806832365062483e-06,0.0,214.16010219243762,214.16009638560524,1.0,1.000000000000001e-12,0.0,8.48528137423857,0.0,0.0
5235,67.75404446141972,0.019115286067867616,-8.673617379884035e-19,1.080467771262536,3.9327922538179445,-8.673617379884035e-19,1.4565787494553188,4.252514902739442,2.248201624865942e-15,115.66032002294727,277.5534430823976,-1.0408340855860843e-17,5.8201762323210176,19.82467754879922,-3.469446951953614e-18,0.7702950694148292,2.636550139004014,2.5400061770489764,6688.654813905288,16.93722568763723,6708.132045769974,6725.229477170982,-5.852436109959658e-06,0.0,226.7105078555928,226.71050200315668,1.0,1.000000000000001e-12,0.0,8.48528137423857,0.0,0.0
5248,68.00710278495941,0.01984698858698582,-1.3010426069826053e-18,1.0942217234463574,3.8087395218066686,3.469446951953614e-18,1.5901072002041812,5.466831048276478,-5.551115123125783e-17,116.10617343435757,279.23837122750115,-6.071532165918825e-18,6.253169467654102,19.921236215770122,-3.469446951953614e-18,0.8373183592155025,3.035533109494562,2.683566276308561,6740.32175478456,19.551064195600738,6762.556385256469,6782.296747001434,-5.899549991403156e-06,0.0,237.32958833435583,237.32958243480584,1.0,1.000000000000001e-12,0.0,8.48528137423857,0.0,0.0
5261,68.26489156542834,0.019675971041037705,0.0,1.1300692232395078,3.7127411790333307,8.673617379884035e-19,1.806430467736682,5.534819559976483,1.942890293094024e-16,116.55836557856759,280.7197037629055,-1.734723475976807e-18,6.840521503370303,21.014607841974538,5.204170427930421e-18,0.9183670684759669,3.4313316200009667,2.921854502548074,6792.926293173503,23.39636721903576,6819.2445148950865,6842.868599593688,-5.9485922526735915e-06,0.0,253.7869954352178,253.78698948662554,1.0,1.000000000000001e-12,0.0,8.48528137423857,0.0,0.0
5274,68.5143037923093,0.018684824029494364,-4.336808689942018e-19,1.1923771267518088,3.805657212312001,-6.071532165918825e-18,1.9388436689949775,6.221290678641298,3.608224830031759e-16,116.9950070874658,282.10735819612904,-1.734723475976807e-18,7.5479681353592465,22.25218538388652,-3.469446951953614e-18,0.8621731103549877,2.805725195671749,3.2826467559019186,6843.9158416980845,28.485911486199267,6875.684399940185,6904.371013893883,-5.998425649698096e-06,0.0,277.61494091699547,277.6149349185698,1.0,1.000000000000001e-12,0.0,8.48528137423857,0.0,0.0
5287,68.75097945723924,0.017822086902714616,-4.336808689942018e-19,1.2644008576147494,3.9841842145617736,-1.734723475976807e-18,1.857215626335589,5.265174604800931,-1.1102230246251565e-16,117.40837954518675,283.3829657583549,8.673617379884035e-19,8.302708954396635,23.590715392810214,0.0,0.7793879400144452,2.772673047763334,3.6123517529679856,6892.363793713312,34.46748799070903,6930.443633456988,6965.075131749178,-6.047267774598742e-06,0.0,296.39018610667273,296.39018005940494,1.0,1.000000000000001e-12,0.0,8.48528137423857,0.0,0.0
5302,69.01010398002236,0.016811765113104758,4.336808689942018e-19,1.3334346298864765,4.081659792606327,0.0,1.667720591274193,5.314811991419932,5.273559366969494e-16,117.85924471381055,284.6171214654715,-6.071532165918825e-18,9.167752362637593,25.309242500210868,-1.734723475976807e-18,0.7596750004476547,2.5786933929137645,3.9030392961345903,6945.400782254941,42.02384169132358,6991.3276632423995,7033.507323582426,-6.097991269396678e-06,0.0,305.5961268782022,305.5961207802109,1.0,1.000000000000001e-12,0.0,8.48528137423857,0.0,0.0
5317,69.2554738885655,0.016009453050754137,3.469446951953614e-18,1.3810990755993666,4.214169046915796,-4.336808689942018e-18,1.7413723399912453,5.715013435160913,-1.3877787807814457e-15,118.28415396706866,285.57914626614155,-1.734723475976807e-18,10.010911435326223,27.934249125386074,-1.734723475976807e-18,0.7737458254789028,2.401628659095077,4.195779824210525,6995.570539852602,50.10917388297268,7049.875493559785,7100.146311745419,-6.150366125608298e-06,0.0,313.9162263578875,313.9162202075214,1.0,1.000000000000001e-12,0.0,8.48528137423857,0.0,0.0
5333,69.50706776053485,0.01553503281780156,1.3010426069826053e-18,1.431162661286473,4.433555678243508,8.673617379884035e-19,1.8756124331397448,6.06825084840136,-6.938893903907228e-16,118.71733340048682,286.39443892836636,-1.1275702593849246e-17,10.912249526007907,30.22523091437712,-3.469446951953614e-18,0.8529336621114743,3.0833758912468054,4.5054799420265965,7046.902624861173,59.53859485892987,7110.9466996621295,7170.681718395688,-6.202761494425862e-06,0.0,330.25474235044493,330.25473614768345,1.0,1.000000000000001e-12,0.0,8.48528137423857,0.0,0.0
5349,69.75338303963247,0.015161635426581999,0.0,1.4931403691452316,4.683731609342888,1.734723475976807e-18,2.0475991205907413,6.8257545165877875,1.2490009027033011e-15,119.13922741699895,286.9888577452895,-1.734723475976807e-18,11.833469607278351,32.622852760020244,1.734723475976807e-18,0.8505486049374921,3.0844746084070644,4.932542011131924,7097.077754759697,70.01550147319021,7172.025798244019,7242.236626608137,-6.256141734936573e-06,0.0,352.1189725695319,352.11896631339016,1.0,1.000000000000001e-12,0.0,8.48528137423857,0.0,0.0
5366,70.0030532414172,0.014276767216331495,2.6020852139652106e-18,1.5642182051862232,4.988529584146641,-3.469446951953614e-18,1.9176300701501143,6.708106715055586,6.106226635438361e-16,119.56537360941344,287.5776236359898,8.673617379884035e-18,12.788147886425962,35.834108730904774,5.204170427930421e-18,0.8351216487983616,2.7260327637530892,5.310295888707436,7147.93928317931,81.76836318255039,7235.017942250568,7316.974611038556,-6.3101958306804195e-06,0.0,370.5838896492638,370.583883339068,1.0,1.000000000000001e-12,0.0,8.48528137423857,0.0,0.0
5384,70.25336107932684,0.013650807564187687,-2.6020852139652106e-18,1.63017131285503,5.156489194138098,4.336808689942018e-18,1.7380424780851431,5.559065013637421,6.38378239159465e-16,119.99066251836477,288.2091243928762,1.734723475976807e-18,13.740243885311708,39.066811513209664,1.734723475976807e-18,0.80218890761361,2.8759025416536574,5.671360785304188,7198.879545798054,94.3971510139229,7298.948057597281,7393.518955512947,-6.365324451958645e-06,0.0,379.38743662841273,379.3874302630883,1.0,1.000000000000001e-12,0.0,8.48528137423857,0.0,0.0
5403,70.5079808195218,0.013039257363263423,-8.673617379884035e-19,1.690740108221326,5.259199986722861,2.6020852139652106e-18,1.7165591653729428,5.526940793914258,1.3600232051658168e-15,120.41994506652608,289.0541747266688,8.673617379884035e-19,14.693504994500708,42.0522573507375,3.469446951953614e-18,0.769592255377187,2.725252969538783,6.133051207991324,7250.48158491258,107.94954451170861,7364.56418063228,7472.673638648663,-6.421394366990443e-06,0.0,383.9347699935172,383.93476357212285,1.0,1.000000000000001e-12,0.0,8.48528137423857,0.0,0.0
5423,70.75712179292388,0.011939061560090256,0.0,1.7554734617618368,5.4738379680767455,1.734723475976807e-18,1.7565181165675312,6.506154919839279,-1.6653345369377348e-16,120.83654051864421,289.8343759003036,6.938893903907228e-18,15.617451699809694,44.86024278853779,0.0,0.777370377999069,2.8190873705484867,6.65401786044547,7300.734762256971,121.95239879794433,7429.3411789153615,7551.456739983545,-6.477578707365976e-06,0.0,393.0090036153025,393.0089971377238,1.0,1.000000000000001e-12,0.0,8.48528137423857,0.0,0.0
5445,71.0087258514454,0.01106080346356293,-4.336808689942018e-19,1.825929848115281,5.79122167575349,2.6020852139652106e-18,1.8110305103343678,5.738915142474455,-4.440892098500626e-16,121.25461145748106,290.4786971039738,4.336808689942018e-18,16.543820201212792,47.942258094668354,-6.938893903907228e-18,0.7705335246264694,2.7498091209746494,7.231576405846683,7351.340399852348,136.84899342502823,7495.420969683223,7632.430268024646,-6.533700512192563e-06,0.0,405.9769761988493,405.9769696651488,1.0,1.000000000000001e-12,0.0,8.48528137423857,0.0,0.0
5468,71.25707512333916,0.01060510523132311,-8.673617379884035e-19,1.8928447725205144,6.009262516242864,2.6020852139652106e-18,1.9041395289751968,6.90056651676662,-1.3322676295501878e-15,121.66521195019143,291.0451387932097,-2.6020852139652106e-18,17.44237785586123,50.78818353776422,0.0,0.7582249701488466,2.8766555786861625,7.801405265539975,7401.211899442504,152.1182726333191,7561.131577341363,7713.405074353127,-6.5899487902291465e-06,0.0,417.03084416657947,417.0308375766307,1.0,1.000000000000001e-12,0.0,8.48528137423857,0.0,0.0
5492,71.50687259200441,0.01020665525441526,1.3010426069826053e-18,1.957660445622704,6.181705066542208,1.734723475976807e-18,1.6691632142500679,5.785740157536953,1.942890293094024e-16,122.07653248765196,291.45999356555865,-2.6020852139652106e-18,18.310514149078852,53.33357845403073,-3.469446951953614e-18,0.8442195746754245,3.1342625056109847,8.237615631556604,7451.339892104374,167.63746420180837,7627.2149719377385,7795.044866945919,-6.645888183106687e-06,0.0,419.64675043428105,419.6467437883929,1.0,1.000000000000001e-12,0.0,8.48528137423857,0.0,0.0
5517,71.75497206521135,0.009652304341626132,0.0,2.020831836796779,6.485631703523691,2.6020852139652106e-18,1.5463601099657722,5.615429294242408,2.498001805406602e-16,122.48390106300769,291.62659015577844,1.1275702593849246e-17,19.110568183125896,55.72755749996027,-3.469446951953614e-18,0.8363198417837581,2.921907330339092,8.742596462860956,7501.153009806328,182.60690814095184,7692.50251441014,7875.2982688880875,-6.701263215393531e-06,0.0,407.46148362469523,407.46147692343203,1.0,1.000000000000001e-12,0.0,8.48528137423857,0.0,0.0
5544,72.00790506773039,0.009138128385412102,-1.3010426069826053e-18,2.080869343191344,6.78864564265444,0.0,1.330753094206751,4.3898199673513565,2.498001805406602e-16,122.89822575922297,291.6568586356526,1.9949319973733282e-17,19.85073324572748,57.92697513645416,1.734723475976807e-18,0.8850127103157777,3.412032409875076,9.191841935546215,7551.986947382468,197.02580519651514,7758.204594514529,7955.441876535348,-6.756162089914608e-06,0.0,389.64977740691666,389.6497706507546,1.0,1.000000000000001e-12,0.0,8.48528137423857,0.0,0.0
5571,72.25005336441212,0.008840026414389966,1.734723475976807e-18,2.1337479796848062,6.938478304345054,-5.204170427930421e-18,1.3377347976875853,4.392579124050642,-5.273559366969494e-16,123.29452473615764,291.6414342872251,2.862293735361732e-17,20.50086957416135,59.54901105784211,1.734723475976807e-18,0.9097759905754853,2.971362222955658,9.66540133839081,7600.769914957495,210.14282664838726,7820.578142944272,8030.944446527977,-6.809606325223958e-06,0.0,384.3495261379626,384.3495193283563,1.0,1.000000000000001e-12,0.0,8.48528137423857,0.0,0.0
5600,72.50327790982695,0.00863856298537565,-2.6020852139652106e-18,2.1955000303705017,7.0373485973564485,1.734723475976807e-18,1.2798151567725577,4.205476059181302,-1.6653345369377348e-16,123.70995985301165,291.52600920655584,8.673617379884035e-18,21.12516106375079,60.834380247266346,-1.734723475976807e-18,0.8983392363483279,3.1726526368077512,10.150698821715977,7652.077083416878,223.1362149847062,7885.3639972233,8108.718105821568,-6.862371578278159e-06,0.0,387.9633509526798,387.96334409030817,1.0,1.000000000000001e-12,0.0,8.48528137423857,0.0,0.0
5630,72.75799868608293,0.0083445542827867,-8.673617379884035e-19,2.2579611166417752,7.218917955589639,-1.734723475976807e-18,1.1155210479719877,4.198225205317099,-1.4432899320127035e-15,124.12997657110368,291.41059833328677,9.540979117872439e-18,21.66066918157011,61.963790846210244,0.0,0.8572329768354194,3.3454685365402943,10.562056039570798,7704.125541771375,234.59229469671055,7949.279892507656,8184.070596266043,-6.915452529093479e-06,0.0,369.60108785956174,369.60108094410924,1.0,1.000000000000001e-12,0.0,8.48528137423857,0.0,0.0
5660,73.00431668381826,0.00810901164960674,1.3010426069826053e-18,2.2927464400509425,7.36065137244243,-3.469446951953614e-18,1.1111507994126206,4.130586236259443,3.0531133177191805e-16,124.5382506133386,293.21810811119883,1.3877787807814457e-17,22.052523674089183,62.79665878598339,1.734723475976807e-18,0.8697789960323035,3.3861322910540976,10.829806906898188,7754.887932915365,243.15690019813192,8008.8746400203945,8252.23579940405,-6.966240552744356e-06,0.0,322.42313847315086,322.4231315069103,1.0,1.000000000000001e-12,0.0,8.48528137423857,0.0,0.0
5691,73.25394998854667,0.008016493057980599,-2.6020852139652106e-18,2.3001050888341346,7.337661692597915,-2.6020852139652106e-18,1.1942774386770327,4.7143691969532515,-8.326672684688674e-17,124.9544667129346,294.874399734967,-4.336808689942018e-18,22.330827109352242,63.14253798343837,0.0,0.989342020330397,3.7460737369171135,10.900499883162581,7806.8093757569395,249.33291969389043,8067.042795333992,8316.639990388845,-7.0147381059194725e-06,0.0,281.699178449091,281.6991714343529,1.0,1.000000000000001e-12,0.0,8.48528137423857,0.0,0.0
5722,73.50225374620524,0.008011706837511824,2.6020852139652106e-18,2.308170842966108,7.249496793400194,0.0,1.168325254344079,4.782270497727498,-6.38378239159465e-16,125.37186548949316,296.52927185985527,1.0408340855860843e-17,22.520319291518195,63.05341189851293,0.0,1.056139365544353,3.552802058828721,10.902267653312169,7859.0523281577825,253.58239049596324,8123.536986307058,8377.420543000073,-7.061966515080228e-06,0.0,267.60395164650953,267.603944584543,1.0,1.000000000000001e-12,0.0,8.48528137423857,0.0,0.0
5753,73.75038152147886,0.007990003804878878,0.0,2.3293667309264916,7.369813207827525,-8.673617379884035e-19,1.2027423536025945,3.8086217061253302,8.049116928532385e-16,125.79253142459991,298.16638239748386,-8.673617379884035e-19,22.62336002763669,62.7194616268136,5.204170427930421e-18,0.954270427193343,3.5173497977046497,11.019013589326324,7911.880481104479,255.90820947003473,8178.80770416384,8434.961784286894,-7.107926834308273e-06,0.0,255.0375447597476,255.03753765182074,1.0,1.000000000000001e-12,0.0,8.48528137423857,0.0,0.0
5785,74.0057534854593,0.007982374538614587,4.336808689942018e-19,2.341460448490465,7.3603151501363735,-2.6020852139652106e-18,1.137540254591127,3.651671651565651,-1.0269562977782698e-15,126.2284096472584,299.67540096584634,-6.938893903907228e-18,22.610994278192468,62.18976735113623,1.734723475976807e-18,0.8750945993971893,3.585008955470218,11.03770618397251,7966.805701038039,255.6285311242262,8233.471938346238,8489.307232921095,-7.153218768401855e-06,0.0,218.211847896275,218.21184074305623,1.0,1.000000000000001e-12,0.0,8.48528137423857,0.0,0.0
5816,74.25461798848865,0.008097263700935591,8.673617379884035e-19,2.321388648616911,7.214997252740137,-2.6020852139652106e-18,1.3315649807855852,4.896853118930313,3.885780586188048e-16,126.65600311763026,300.9809407945778,3.469446951953614e-17,22.47447559255459,62.1224710879241,3.469446951953614e-18,0.8802577851811133,3.275865065420552,10.874408011153143,8020.871562866583,252.551026580166,8284.296997457903,8537.057234555527,-7.196930314749538e-06,0.0,171.36838416715023,171.3683769702199,1.0,1.000000000000001e-12,0.0,8.48528137423857,0.0,0.0
5846,74.50115874510331,0.008344505155738261,-4.336808689942018e-19,2.2813018419936046,7.011021257216451,-1.734723475976807e-18,1.3601043811814528,4.5153429522511255,-2.7755575615628914e-16,127.08272344131716,302.2193384115383,-1.214306433183765e-17,22.2367353098599,61.56147461169704,-1.734723475976807e-18,0.9478573266505654,3.1210503185113865,10.482701307366224,8075.00929863115,247.23619862038493,8332.728198558902,8580.20697422744,-7.2383512061404265e-06,0.0,139.50210331504317,139.50209607669197,1.0,1.000000000000001e-12,0.0,8.48528137423857,0.0,0.0
5876,74.75548475507011,0.00859030845835839,-3.0357660829594124e-18,2.237005456623453,6.739062512543224,8.673617379884035e-19,1.160275758722105,3.7681053559342392,7.494005416219807e-16,127.5253908328176,303.335010886514,3.469446951953614e-18,21.90114665688199,60.84347730182721,-1.734723475976807e-18,1.003479327602355,3.2925003878822166,9.9930389470879,8131.362653531438,239.83011244312655,8381.185804921653,8621.287799470228,-7.279085369107273e-06,0.0,119.2465627247715,119.24655544568613,1.0,1.000000000000001e-12,0.0,8.48528137423857,0.0,0.0
5905,75.00759022983425,0.008798405639208475,2.168404344971009e-18,2.1949998802018875,6.561442299973263,-3.469446951953614e-18,1.288053281230767,4.277973501728578,7.494005416219807e-16,127.96535399464472,304.1901145946142,-4.336808689942018e-18,21.483437660867956,60.04165347023855,1.734723475976807e-18,0.9858752055840723,3.2517722301727616,9.624478640361321,8187.565911487369,230.76904686419977,8427.95943699193,8658.990910334795,-7.319448063561335e-06,0.0,100.72438762669492,100.72438030724686,1.0,1.000000000000001e-12,0.0,8.48528137423857,0.0,0.0
5933,75.25870357811189,0.009168229180094122,-1.3010426069826053e-18,2.1539882555488017,6.322887902436873,-1.734723475976807e-18,1.515121756452639,4.602014445844749,8.049116928532385e-16,128.40457822720643,304.9737429100778,3.469446951953614e-18,20.989531693285837,58.86374917294533,-3.469446951953614e-18,0.9596838618374247,3.248168174968667,9.250739741384574,8243.867854853386,220.2802203517253,8473.398814946497,8693.927703439183,-7.358861486510736e-06,0.0,84.93394466810066,84.93393730923918,1.0,1.000000000000001e-12,0.0,8.48528137423857,0.0,0.0
5959,75.50415088691513,0.009708492972294367,-2.168404344971009e-18,2.110360030476876,6.088010895666381,-2.6020852139652106e-18,1.576136600250838,4.954554668549961,-6.38378239159465e-16,128.83498302633257,306.8484213845373,7.806255641895632e-18,20.430833016304607,57.317561649535584,1.734723475976807e-18,0.8916375698440456,3.2179833277128203,8.856084673610901,8299.2264256977,208.70946887006124,8516.791979241372,8725.716102851542,-7.397089939858907e-06,0.0,66.88422424026872,66.88421684317878,1.0,1.000000000000001e-12,0.0,8.48528137423857,0.0,0.0
5984,75.75340752088975,0.01018869589586015,1.734723475976807e-18,2.0519161327425466,5.872622517517135,-1.734723475976807e-18,1.6237709057084933,5.045428160049741,1.2490009027033011e-15,129.27254095912892,308.6874356063723,4.336808689942018e-18,19.77961679801287,55.4849750704894,1.734723475976807e-18,0.8428508138000083,3.067235995526919,8.37184543205116,8355.694923014831,195.6166203381164,8559.683388784999,8755.491816446582,-7.434581750294109e-06,0.0,42.56528466545789,42.565277230876134,1.0,1.000000000000001e-12,0.0,8.48528137423857,0.0,0.0
6008,76.00281982033155,0.010594967663340012,-8.673617379884035e-19,1.9745083074692824,5.6550391634368715,-4.336808689942018e-18,1.669684296845128,5.349745471229697,1.3600232051658168e-15,129.7104016393744,310.3617078375065,8.673617379884035e-18,19.05534987622399,53.42406736583804,-3.469446951953614e-18,0.8755711821183552,2.852657743123157,7.761656080776712,8412.39414672391,181.55317945265477,8601.70898225734,8783.469150431632,-7.4719820910381226e-06,0.0,26.232045436990933,26.232037965008843,1.0,1.000000000000001e-12,0.0,8.48528137423857,0.0,0.0
6031,76.25334842935689,0.011203564967196687,-4.336808689942018e-19,1.8949049513434821,5.415609458864973,-2.6020852139652106e-18,1.7517294471608376,5.368713862449535,-1.304512053934559e-15,130.1502636329748,311.9123077821466,1.5612511283791264e-17,18.28357077003094,51.35360955211103,3.469446951953614e-18,0.8838864939309372,2.7043891396326556,7.13257969023463,8469.54556186642,167.1444800513649,8643.82262160802,8811.178040599607,-7.509478661469649e-06,0.0,29.22962862541234,29.22962111593368,1.0,1.000000000000001e-12,0.0,8.48528137423857,0.0,0.0
6053,76.50820335353951,0.011938806686630036,0.0,1.8298280751287888,5.202273010673036,-8.673617379884035e-19,1.679511936358542,6.063972208038494,1.4988010832439613e-15,130.59702320624592,313.4602423927199,-6.938893903907228e-18,17.459902314232846,49.835790438628905,1.734723475976807e-18,0.8588696016338621,3.0762048688954367,6.545063681109525,8527.791235166369,152.4240944112767,8686.760393258755,8839.383655058036,-7.547659934031989e-06,0.0,35.29619194759626,35.29618439993633,1.0,1.000000000000001e-12,0.0,8.48528137423857,0.0,0.0
6073,76.75286032051442,0.012456282033233049,1.734723475976807e-18,1.7696649594873166,5.0219717238596395,-1.734723475976807e-18,1.7392128583171584,5.316059666808589,-4.440892098500626e-16,131.02453496530043,314.7684385466871,-1.734723475976807e-18,16.614924267206824,48.277457082434125,6.938893903907228e-18,0.8089373239397927,2.7688882557433385,6.078321327647858,8583.71438143662,138.02785420250905,8727.820556966779,8866.025093659684,-7.585665076237175e-06,0.0,28.2894934584501,28.289485872785022,1.0,1.000000000000001e-12,0.0,8.48528137423857,0.0,0.0
6093,77.00599122011617,0.012854660298342094,-4.336808689942018e-19,1.6869986605720695,4.876769643307382,4.336808689942018e-18,1.9102619623915116,6.0926345312025,2.7755575615628914e-16,131.46582574044388,315.8542806446674,-7.806255641895632e-18,15.682492579551774,46.44681620093112,-1.734723475976807e-18,0.7509413397349255,2.5138790318334188,5.602152672970693,8641.631668808379,122.9702867538482,8770.204108235199,8893.32665147089,-7.6238146270441156e-06,0.0,19.71571733331487,19.715709709500242,1.0,1.000000000000001e-12,0.0,8.48528137423857,0.0,0.0
6112,77.25611690899619,0.013486122090646504,1.734723475976807e-18,1.5905980426529693,4.698942758876541,-1.734723475976807e-18,1.8277470011421038,5.749253978725321,1.0269562977782698e-15,131.90108579165852,316.8532756979906,-2.6020852139652106e-18,14.726537783249691,44.44124191442083,0.0,0.7790592614600028,2.294096208651885,4.988052360630297,8698.948216509227,108.43545754074037,8812.371726410596,8920.971055951211,-7.662858903626535e-06,0.0,24.26342260477673,24.263414941917826,1.0,1.000000000000001e-12,0.0,8.48528137423857,0.0,0.0
6130,77.50489174085175,0.014172185873559475,1.3010426069826053e-18,1.504932070466794,4.465538413792716,-4.336808689942018e-18,1.7424560274880645,5.870052033932255,9.159339953157541e-16,132.3323552139806,317.79672333636455,6.938893903907228e-18,13.76392811367356,42.212330201130634,-1.734723475976807e-18,0.768533098267187,2.394118153702154,4.4492391806908325,8755.926118239568,94.7228585591867,8855.098215979446,8949.980548181878,-7.702322687762999e-06,0.0,38.45109057105529,38.4510828687326,1.0,1.000000000000001e-12,0.0,8.48528137423857,0.0,0.0
6148,77.76392708902725,0.01452320711175549,-2.6020852139652106e-18,1.4319022199351097,4.304754258422995,-5.204170427930421e-18,1.8537607860594463,6.143530993580972,5.551115123125783e-17,132.7789736130043,318.4538331546939,-6.071532165918825e-18,12.761001043645164,39.62774497482165,-3.469446951953614e-18,0.662645363096035,2.3062666059694528,4.079138934696439,8815.127916861446,81.42157381795647,8900.628629614099,8982.168760128909,-7.74348263682649e-06,0.0,54.55189108590978,54.551883342427146,1.0,1.000000000000001e-12,0.0,8.48528137423857,0.0,0.0
6165,78.01248017636667,0.014733802329513717,-1.3010426069826053e-18,1.3629059773750622,4.232970547494082,-4.336808689942018e-18,1.8909956506141048,5.65996816329597,6.106226635438361e-16,133.20508924701463,318.7815333912171,6.938893903907228e-18,11.79984770113044,37.01387634678653,1.734723475976807e-18,0.6303280552328409,2.1077450164254654,3.7329241267639968,8871.797900652566,69.61820288493665,8945.149027664265,9014.874505182652,-7.785597002551764e-06,0.0,66.6735775856862,66.6735698000892,1.0,1.000000000000001e-12,0.0,8.48528137423857,0.0,0.0
6181,78.25176732598638,0.015188524941857878,0.0,1.2825733268639263,4.186205969307152,-2.6020852139652106e-18,1.9849428657967148,6.64778262038909,5.551115123125783e-16,133.61294281781156,319.10615526842963,-4.336808689942018e-18,10.876557787359841,34.62577789276039,-1.734723475976807e-18,0.6407316398065113,2.2965922519881135,3.4285077700840256,8926.20924421789,59.14975465088901,8988.787506638862,9048.048106289,-7.826918254381242e-06,0.0,74.14559007000297,74.14558224308472,1.0,1.000000000000001e-12,0.0,8.48528137423857,0.0,0.0
6198,78.51447564680528,0.015629606992218333,2.168404344971009e-18,1.1946456668422043,4.064366418415986,5.204170427930421e-18,1.9401026193653441,7.070870119387619,-6.106226635438361e-16,134.05814088147665,319.9077092409459,8.673617379884035e-18,9.895593675879585,32.1548352916194,-1.734723475976807e-18,0.7222398817988597,2.7723911276941453,3.0521409137946365,8985.792568298919,48.96138709905401,9037.806096311768,9086.908323631475,-7.87037718480187e-06,0.0,88.96148625983547,88.96147838945828,1.0,1.000000000000001e-12,0.0,8.48528137423857,0.0,0.0
6214,78.76511586005061,0.015624645795452738,1.3010426069826053e-18,1.1361377040467093,3.9069841693764094,2.6020852139652106e-18,1.8408064861494289,6.229955614416918,-9.992007221626409e-16,134.48071734099014,320.70624271481506,7.806255641895632e-18,9.040985419443286,29.69831257695327,3.469446951953614e-18,0.6476099909597245,2.153824828354093,2.818441715673422,9042.531668273641,40.869708677293055,9086.219818666608,9127.202764993006,-7.91599146358378e-06,0.0,115.05883939846993,115.05883148247847,1.0,1.000000000000001e-12,0.0,8.48528137423857,0.0,0.0
6230,79.01526567650461,0.015724436093159565,-4.336808689942018e-19,1.1041342339097737,3.739571259495131,-5.204170427930421e-18,1.6608756490039558,6.091791384440544,5.273559366969494e-16,134.89978675381445,321.25870932049196,-4.336808689942018e-18,8.28423444608145,27.451492605018274,0.0,0.5561501941119149,1.7154045681192118,2.6582036272061034,9098.97623311231,34.314270178821204,9135.948706918338,9170.34648891753,-7.961672087009764e-06,0.0,137.3375968923023,137.3375889306302,1.0,1.000000000000001e-12,0.0,8.48528137423857,0.0,0.0
6246,79.26546128713153,0.015487700419225498,3.0357660829594124e-18,1.077742917808297,3.5233252500803114,-4.336808689942018e-18,1.6659855946643987,5.642309312147441,4.718447854656915e-16,135.31572060978215,321.71607697066474,5.204170427930421e-18,7.614448803265842,25.71252637670234,-1.734723475976807e-18,0.5940703326049749,2.239980656464329,2.5589136655794515,9155.172122072312,28.9899152887783,9186.72095102667,9215.80615459667,-8.008236827570874e-06,0.0,149.74496362100706,149.74495561277024,1.0,1.000000000000001e-12,0.0,8.48528137423857,0.0,0.0
6262,79.51136845532264,0.015270132187536877,1.3010426069826053e-18,1.0513253697077376,3.4343401860616165,2.6020852139652106e-18,1.7426808505154354,5.449430399794958,1.1102230246251565e-16,135.72237359429909,322.1207205155083,-8.673617379884035e-19,7.066462422074005,24.79286607958984,-1.734723475976807e-18,0.628750692788343,2.2806145039658405,2.549634909018728,9210.281347035245,24.967445581291997,9237.798427525557,9262.872611513943,-8.05522483181918e-06,0.0,164.92766212234136,164.92765406711652,1.0,1.000000000000001e-12,0.0,8.48528137423857,0.0,0.0
6278,79.75323498079409,0.014910496770287652,-4.7704895589362195e-18,1.0417982180656924,3.5570366655269456,1.734723475976807e-18,1.6462064571565547,5.733156469997779,1.8318679906315083e-15,136.12141462738663,322.4167309517482,2.6020852139652106e-18,6.668004274044486,23.96450330368891,3.469446951953614e-18,0.6526648594415264,2.5030411993478863,2.533049555935359,9264.519760080453,22.231140499337766,9289.283950135727,9311.630102918129,-8.102279611060318e-06,0.0,185.48789010965808,185.48788200737846,1.0,1.000000000000001e-12,0.0,8.48528137423857,0.0,0.0
6295,80.00487849351879,0.014800771992935122,-4.336808689942018e-19,1.0462913061871977,3.7096221645537826,0.0,1.3623838809044315,4.4633565004561415,8.881784197001252e-16,136.53570670612748,322.5466882464601,9.540979117872439e-18,6.37955717525018,23.728809555562172,-3.469446951953614e-18,0.7422511208211184,2.7760340659191822,2.474438680257453,9320.999602870834,20.349374876143024,9343.823416427234,9364.321544219496,-8.150637649962739e-06,0.0,199.0715410016889,199.07153285105124,1.0,1.000000000000001e-12,0.0,8.48528137423857,0.0,0.0
6312,80.25837386982124,0.015007764339434694,-2.6020852139652106e-18,1.0558527656434007,3.7103255872265386,1.734723475976807e-18,1.5585494797613715,5.4724741537239865,1.4710455076283324e-15,136.95243746252743,322.6539214461174,1.214306433183765e-17,6.176429185070257,23.271199878294482,0.0,0.7385182629045404,2.5492054681933993,2.573702995996706,9377.985063463742,19.074138739093815,9399.632905198832,9418.85430442858,-8.200698721208033e-06,0.0,204.86442361982938,204.86441541913067,1.0,1.000000000000001e-12,0.0,8.48528137423857,0.0,0.0
6329,80.51337941062,0.014968327927318698,-5.204170427930421e-18,1.0827436793452774,3.8627106202508954,-5.204170427930421e-18,1.422123770308992,4.6282883487452695,3.885780586188048e-16,137.37231776662134,322.8226502798677,-2.6020852139652106e-18,6.058916872457423,22.908450310093635,0.0,0.7561209451059409,2.8370786320211456,2.640576747006577,9435.576844286792,18.355236833674613,9456.572657867473,9475.082258799728,-8.251590231918161e-06,0.0,215.21577062843977,215.21576237684954,1.0,1.000000000000001e-12,0.0,8.48528137423857,0.0,0.0
6345,80.75191817521649,0.014889755121107892,-2.168404344971009e-18,1.1138195195599192,4.005966985116899,-1.734723475976807e-18,1.3121084528944134,4.465820243097677,7.216449660063518e-16,137.7665325593601,323.35313722909973,6.071532165918825e-18,6.009713573194793,23.11037219392602,3.469446951953614e-18,0.6636192701998535,2.2224933349680702,2.7773251596072797,9489.80874671461,18.05832861592086,9510.64440049014,9528.82163455072,-8.301469366797689e-06,0.0,225.27389250906413,225.27388420759476,1.0,1.000000000000001e-12,0.0,8.48528137423857,0.0,0.0
6362,81.00409246587567,0.014817333593459695,2.6020852139652106e-18,1.1258969477592304,3.967859144436516,1.734723475976807e-18,1.1340456531725802,3.9527696130055174,-3.497202527569243e-15,138.18492774578488,324.9852397986755,4.336808689942018e-18,5.960866098527434,22.753749743680686,0.0,0.6938163830679955,2.5366731932710787,2.7952657387904023,9547.537128053895,17.765962322286835,9568.098356114971,9585.99429135408,-8.351399980981682e-06,0.0,225.78600965939856,225.7860013079986,1.0,1.000000000000001e-12,0.0,8.48528137423857,0.0,0.0
6379,81.25816641026069,0.015142883745260651,1.3010426069826053e-18,1.1146223393429506,3.884356772604045,-1.734723475976807e-18,1.1812828974347351,4.335664508441917,-4.163336342344337e-16,138.60864971600375,326.58320306476645,8.673617379884035e-19,5.875203017666303,22.041057208795507,-1.734723475976807e-18,0.7986208775639183,3.202164166004589,2.7145445375643096,9606.17888804691,17.259005249397617,9626.152437833873,9643.583647815913,-8.403073269394376e-06,0.0,221.09451542938243,221.09450702630915,1.0,1.000000000000001e-12,0.0,8.48528137423857,0.0,0.0
6395,81.505934253713,0.015804840914046856,0.0,1.1077965137373953,3.725219162586522,-2.6020852139652106e-18,1.0573670207920063,3.5139462568714097,4.996003610813204e-16,139.02452273025352,328.15192130767343,1.474514954580286e-17,5.7693667895148355,21.28365256566112,-3.469446951953614e-18,0.8640430811001241,3.9076270434970004,2.6067168482463927,9663.90896018739,16.64279657597836,9683.158473611613,9700.002844208013,-8.454495010982688e-06,0.0,222.29156262127148,222.29155416677648,1.0,1.000000000000001e-12,0.0,8.48528137423857,0.0,0.0
6411,81.76331969052168,0.016273572939816263,1.3010426069826053e-18,1.1096947927440866,3.761981728446105,0.0,0.9656703300510869,3.485867906781128,-1.3322676295501878e-15,139.4592875131552,329.63506779941287,4.336808689942018e-18,5.645672517414267,20.188667479466826,-3.469446951953614e-18,0.8721191155469786,2.918585832043708,2.5301993906921587,9724.446436838442,15.936809086943377,9742.913445316077,9759.05561417598,-8.506583704613139e-06,0.0,226.91506433552163,226.91505582893794,1.0,1.000000000000001e-12,0.0,8.48528137423857,0.0,0.0
6426,82.00968982613894,0.016594575439794347,8.673617379884035e-19,1.1001159542368248,3.853902784174744,-8.673617379884035e-19,1.1373349712236829,3.5148956722158573,1.6653345369377348e-16,139.87795263107773,330.8167365882359,-3.469446951953614e-18,5.495611044135273,18.61062147719065,-3.469446951953614e-18,0.8353354369064024,2.8067679366912968,2.5022744939627195,9782.920816131014,15.10087037421079,9800.523960999188,9815.81323340228,-8.558842304111982e-06,0.0,227.10430746713186,227.10429890828956,1.0,1.000000000000001e-12,0.0,8.48528137423857,0.0,0.0
6441,82.2635620404843,0.017311482888468704,4.336808689942018e-19,1.0814565571692327,3.805519870251934,1.734723475976807e-18,1.328815695728793,4.196695821264548,-5.551115123125783e-17,140.31201029805095,331.9811483766846,2.6020852139652106e-18,5.307382910387236,17.705048063647926,-1.734723475976807e-18,0.7851582164281037,2.9418187068112682,2.4519379783552315,9843.73011694018,14.084156678735248,9860.26621159727,9874.516816100708,-8.611038719728898e-06,0.0,225.56538242838872,225.56537381735,1.0,1.000000000000001e-12,0.0,8.48528137423857,0.0,0.0
6455,82.51392237843946,0.018388935596866787,-1.3010426069826053e-18,1.0712159302048694,3.824683546474744,-8.673617379884035e-19,1.1378827002880476,4.644238089845173,2.220446049250313e-16,140.74228693820498,333.1536359731136,1.0408340855860843e-17,5.126447738791466,17.83374192440475,1.734723475976807e-18,0.7862761846487798,3.1377554740228804,2.3304458469454676,9904.195666298014,13.140233209280066,9919.666345354239,9932.973500727927,-8.664022412592226e-06,0.0,229.1329482285316,229.1329395645092,1.0,1.000000000000001e-12,0.0,8.48528137423857,0.0,0.0
6468,82.75896531124458,0.019203587698207073,1.3010426069826053e-18,1.0662005680548146,3.811588748797636,1.734723475976807e-18,1.3961169871355836,4.79310200539668,4.996003610813204e-16,141.16492344037792,334.09508163545195,-5.204170427930421e-18,4.987839663872562,17.932651567967817,0.0,0.682985819821373,2.3374823377957226,2.365727658754457,9963.767804963882,12.439272256250177,9978.572804878886,9991.138023935257,-8.716590724123203e-06,0.0,235.33365408024358,235.33364536365286,1.0,1.000000000000001e-12,0.0,8.48528137423857,0.0,0.0
6481,83.01413575316147,0.019980568721413173,1.3010426069826053e-18,1.0549079313239258,3.7246333879839417,-8.673617379884035e-19,1.5924456515995657,4.848485994498693,-1.6653345369377348e-16,141.60662883502613,334.8048782336759,3.469446951953614e-18,4.896866422925049,17.93429906616273,-3.469446951953614e-18,0.6652688137324363,2.234488456432979,2.325580819364433,10026.218665010427,11.989650381985381,10040.533896211777,10052.643043894284,-8.770241382123075e-06,0.0,239.99091684504378,239.9909080748024,1.0,1.000000000000001e-12,0.0,8.48528137423857,0.0,0.0
6493,83.2588913043617,0.020774667866551116,-1.3010426069826053e-18,1.0317237349141783,3.5240942744282515,-3.469446951953614e-18,1.4874569362703904,4.577848077560672,-6.106226635438361e-16,142.032127047386,336.2156551277336,3.469446951953614e-18,4.87237538360321,17.81007779992212,-5.204170427930421e-18,0.7497835245752358,2.832111834692572,2.1430283901868146,10086.562556802399,11.870020939371265,10100.575606131957,10112.597414411433,-8.82444222691836e-06,0.0,243.39380266477835,243.39379384033612,1.0,1.000000000000001e-12,0.0,8.48528137423857,0.0,0.0
6505,83.51296190964578,0.0214385859909912,2.168404344971009e-18,1.0063904389541625,3.4436416537890224,-8.673617379884035e-19,1.303278473710111,3.993976160823551,1.1102230246251565e-15,142.47501844998834,338.26306763248647,1.1275702593849246e-17,4.945502498057665,17.95343608709589,0.0,0.7921070985926842,2.7622554607947407,2.0133904683735118,10149.56544116226,12.228997479147303,10163.80782910978,10176.206233675952,-8.87920013550124e-06,0.0,250.18178099488912,250.181772115689,1.0,1.000000000000001e-12,0.0,8.48528137423857,0.0,0.0
6516,83.75077249019249,0.021772673360788808,-1.3010426069826053e-18,1.0075295959413733,3.4334105751531245,-1.734723475976807e-18,1.374911772716303,4.089932210716113,3.608224830031759e-16,142.88973013336408,340.0634993210944,-5.204170427930421e-18,5.1377134592889355,18.273815632174713,-3.469446951953614e-18,0.7824331542372939,2.789477799907198,2.065071357590477,10208.737488792807,13.198049794879342,10224.000609945277,10237.363954183187,-8.933957511717647e-06,0.0,262.09556303637686,262.0955541024193,1.0,1.000000000000001e-12,0.0,8.48528137423857,0.0,0.0
6528,84.01565156104851,0.022354353658793572,0.0,1.0437920188614471,3.3817209078522072,0.0,1.6766151354611603,5.4014962106339865,-5.551115123125783e-17,143.35189278538184,341.74689795393397,-4.336808689942018e-18,5.501738912797767,19.10177560218402,-6.938893903907228e-18,0.6851520966092199,2.6158024804065496,2.323402901353663,10274.882582575803,15.134565532296577,10292.340551009453,10307.601863558533,-8.990812092141347e-06,0.0,276.822555327154,276.82254633634193,1.0,1.000000000000001e-12,0.0,8.48528137423857,0.0,0.0
6539,84.26167825670372,0.02211499840766905,-8.673617379884035e-19,1.0824604234190804,3.372935956998361,-1.734723475976807e-18,1.7148058291078254,5.003121250997768,1.887379141862766e-15,143.78197883466385,343.1278113435549,4.336808689942018e-18,5.960570706950788,20.146205151832447,6.938893903907228e-18,0.6527428138714461,2.333487675195372,2.5002290648806933,10336.628718805858,17.764201576279905,10356.893149447018,10374.772390782186,-9.049573457908088e-06,0.0,290.73727431456433,290.73726526499087,1.0,1.000000000000001e-12,0.0,8.48528137423857,0.0,0.0
6551,84.51982806305632,0.021044474962358145,-1.734723475976807e-18,1.1064268609624357,3.3957743315112436,1.734723475976807e-18,1.6474132388080829,5.437005375872543,-2.7755575615628914e-16,144.23392199854996,344.5313275072147,5.204170427930421e-18,6.531706571733469,21.464062894273788,-1.734723475976807e-18,0.6766042880115988,2.3660436407669128,2.6171137591275273,10401.712127541894,21.331595369613094,10425.660836670635,10447.116036248139,-9.10852186348276e-06,0.0,300.816662286456,300.81665317793414,1.0,1.000000000000001e-12,0.0,8.48528137423857,0.0,0.0
6563,84.76518286501121,0.01980474070585029,-8.673617379884035e-19,1.1276522856672073,3.518894867708137,2.6020852139652106e-18,1.646246902735471,5.190805049531742,-1.887379141862766e-15,144.6634611021314,345.75434325848977,0.0,7.1413787214339655,22.952756795171677,1.734723475976807e-18,0.6952508188774005,2.7059016711610857,2.770741970400981,10463.758489023938,25.49964502147491,10492.028876015813,10517.6590319366,-9.168275201607252e-06,0.0,309.65263563875465,309.65262647047945,1.0,1.000000000000001e-12,0.0,8.48528137423857,0.0,0.0
6576,85.01373164956306,0.01864217206294714,-2.6020852139652106e-18,1.1633203305681639,3.792869083104951,8.673617379884035e-19,1.6559884408541392,6.020761794080086,-1.27675647831893e-15,145.0980071903734,346.74013371440617,-1.734723475976807e-18,7.827760621737907,24.3658574622716,-1.734723475976807e-18,0.757488605495664,2.584401558196947,2.9595180809872734,10526.715845308827,30.63691817561531,10560.312281565428,10591.10412276766,-9.227741044993928e-06,0.0,321.8167230007944,321.8167137730534,1.0,1.000000000000001e-12,0.0,8.48528137423857,0.0,0.0
6589,85.25193120492631,0.01812752226857471,-1.734723475976807e-18,1.2095059673497723,3.982981919033967,-6.071532165918825e-18,1.785108954515023,6.468772183317052,1.3877787807814457e-15,145.5133169506482,347.53168560673925,0.0,8.558611863060811,25.79716694499873,-3.469446951953614e-18,0.8002024964479431,3.2042617769522352,3.2542058178747046,10587.0627049899,36.624918511262614,10626.941829319037,10663.739635319836,-9.287262605931532e-06,0.0,339.15711625935023,339.1571069720876,1.0,1.000000000000001e-12,0.0,8.48528137423857,0.0,0.0
6603,85.50333473534661,0.01767516855204634,0.0,1.2699849419549059,4.092795766284155,-1.734723475976807e-18,2.1122613942545736,7.7058920624777585,-9.992007221626409e-16,145.95024638759548,348.3423411662536,-1.734723475976807e-18,9.407513292595636,27.37348285724979,0.0,0.7309489393081893,2.2561866292633987,3.7490257254337327,10650.737210299914,44.25065317518181,10698.73688920053,10743.13179969072,-9.348183887918262e-06,0.0,360.528736039035,360.5287266908511,1.0,1.000000000000001e-12,0.0,8.48528137423857,0.0,0.0
6618,85.75910638554701,0.016534770012420756,0.0,1.3426025613664594,4.283526996205656,8.673617379884035e-19,1.95453870680721,6.682522300593925,-1.2212453270876722e-15,146.3936588157248,349.06394813366546,3.469446951953614e-18,10.33060849415363,29.51601226193566,-1.734723475976807e-18,0.7323780200987177,2.8898650971868363,4.117284328125637,10715.551670727418,53.36073592973956,10773.029690985284,10826.535248857392,-9.412327810410416e-06,0.0,380.20787926586166,380.20786985353385,1.0,1.000000000000001e-12,0.0,8.48528137423857,0.0,0.0
6634,86.01114171837999,0.014969596506819855,0.0,1.409067495456699,4.507218900330012,-1.734723475976807e-18,1.771340384848874,5.873825252638824,1.27675647831893e-15,146.82893925584142,349.60399546505647,5.204170427930421e-18,11.262833248239849,32.43939506498721,-1.734723475976807e-18,0.7245623389982353,2.655906421996002,4.468295313301721,10779.368701497782,63.425706388828495,10847.262703199913,10910.830157046177,-9.477375582212718e-06,0.0,389.6186139330262,389.61860445565065,1.0,1.000000000000001e-12,0.0,8.48528137423857,0.0,0.0
6651,86.25403746608298,0.013769077421717955,1.734723475976807e-18,1.466700130611131,4.674341338111684,4.336808689942018e-18,1.711189511015839,5.289812138579828,3.885780586188048e-16,147.24532571119923,350.3511726026448,-2.6020852139652106e-18,12.176641525595088,35.57095113841024,3.469446951953614e-18,0.8135422962930678,2.945978977863583,4.851723346189665,10840.592971898574,74.13529942142333,10919.579994666186,10993.893993875932,-9.541390341393113e-06,0.0,398.2032496403234,398.20324009893307,1.0,1.000000000000001e-12,0.0,8.48528137423857,0.0,0.0
6670,86.50478924751236,0.01267816283662774,2.168404344971009e-18,1.5420448992856532,4.862250628846948,1.734723475976807e-18,1.9374870756661575,6.922678145021121,6.661338147750939e-16,147.67157565816055,351.4433019475547,8.673617379884035e-19,13.156605757312084,38.900455083709076,-1.734723475976807e-18,0.8616002636482962,2.825815170702998,5.464095802444708,10903.447128681917,86.54813752666875,10995.45936201103,11082.207935391565,-9.605885582616933e-06,0.0,419.53956155311704,419.5395519472315,1.0,1.000000000000001e-12,0.0,8.48528137423857,0.0,0.0
6691,86.7578513844467,0.011516097131444955,8.673617379884035e-19,1.6382142849466872,5.113228748625387,2.6020852139652106e-18,1.9706772163937885,6.930438783100136,1.304512053934559e-15,148.09913415008407,352.6195968645587,1.3877787807814457e-17,14.179273133213,42.18583431333762,0.0,0.8405039009512352,2.7714522165720066,6.170629517497746,10966.676768002297,100.52589329312798,11073.373290812922,11174.08992474408,-9.67247237803844e-06,0.0,446.1195887921766,446.1195791197042,1.0,1.000000000000001e-12,0.0,8.48528137423857,0.0,0.0
6713,87.00097350897516,0.01070248990870719,1.3010426069826053e-18,1.7296613574396713,5.54796963968587,0.0,1.9032482174273635,7.0033634935123565,4.440892098500626e-16,148.50783315344242,353.47897925190415,-2.6020852139652106e-18,15.152508144144567,44.97225788299032,0.0,0.8515782022874776,3.1283072500658564,6.756847396622817,11027.288253965342,114.79925152918373,11148.844352891148,11263.839404487677,-9.738561506485699e-06,0.0,456.7216263760832,456.72161663752166,1.0,1.000000000000001e-12,0.0,8.48528137423857,0.0,0.0
6737,87.25100555094363,0.010181306427415202,8.673617379884035e-19,1.8101094204734622,5.8820095782807895,0.0,1.8361773562226296,5.63931160430919,-1.2212453270876722e-15,148.92573837614228,354.14426624600827,-1.734723475976807e-18,16.111314118332338,47.62160110379564,1.734723475976807e-18,0.8895977781162747,3.490908900617547,7.334335909123606,11089.437775439586,129.78722130978744,11226.559332658497,11356.560227704127,-9.804290154253332e-06,0.0,453.0250438352683,453.0250340309782,1.0,1.000000000000001e-12,0.0,8.48528137423857,0.0,0.0
6763,87.50806324854557,0.00959495141501489,-1.3010426069826053e-18,1.8911953745707843,6.209837203430414,-6.938893903907228e-18,1.7360101881132965,5.471534189769209,-1.4432899320127035e-15,149.35322968690986,354.73989079336326,-1.734723475976807e-17,17.050351923727774,50.35917358758359,1.734723475976807e-18,0.8886740592956015,3.2257708016005444,7.983653149779467,11153.193608955427,145.35725036148372,11306.534512466691,11452.104993055764,-9.871627217976413e-06,0.0,451.3293450084326,451.32933513680535,1.0,1.000000000000001e-12,0.0,8.48528137423857,0.0,0.0
6790,87.75860824108891,0.009024210690068672,4.336808689942018e-19,1.973633649708344,6.528695417008301,4.336808689942018e-18,1.4429640025175037,4.629140802570315,-7.216449660063518e-16,149.76850598637742,355.1536490656087,1.0408340855860843e-17,17.922053717221957,52.695116950747476,-5.204170427930421e-18,0.9266846475926058,3.6946589144745166,8.53754883793852,11215.302692695786,160.60000472149466,11384.440246255219,11545.272111974456,-9.938716935842252e-06,0.0,454.86848528235026,454.86847534363335,1.0,1.000000000000001e-12,0.0,8.48528137423857,0.0,0.0
6818,88.00688974840662,0.008782227287222659,4.336808689942018e-19,2.0462749154274924,6.64821045133567,1.734723475976807e-18,1.5651045088882758,5.02586002496918,-8.881784197001252e-16,150.17917178815594,355.3940835704309,9.540979117872439e-18,18.73662577268415,54.37763853416658,-1.734723475976807e-18,0.9174524740008854,3.3081291659388556,9.121678938266701,11276.891819488226,175.53057267280587,11461.544071099299,11637.301907913457,-1.0004312736886688e-05,0.0,457.53110664517203,457.5310966408593,1.0,1.000000000000001e-12,0.0,8.48528137423857,0.0,0.0
6846,88.25223241520371,0.008735636375936407,3.0357660829594124e-18,2.110832334404388,6.605112420958992,0.0,1.4682474833698744,5.411301798210458,0.0,150.58489608587135,355.6460830896374,-1.3010426069826053e-17,19.48111821885659,55.614131162814495,-1.734723475976807e-18,0.970449908658468,3.863665477922471,9.541648608382395,11337.905464596337,189.7569835285331,11537.204096733254,11727.215358978596,-1.0068695996203783e-05,0.0,455.74683318057794,455.74682311188195,1.0,1.000000000000001e-12,0.0,8.48528137423857,0.0,0.0
6875,88.50346299274194,0.008568399447632272,-1.3010426069826053e-18,2.1695054027456115,6.636221920706927,0.0,1.224626512163617,4.401871726604249,-1.1102230246251565e-16,151.0010942503349,355.9228710361318,6.071532165918825e-18,20.15374237517162,56.711493051404425,-1.734723475976807e-18,0.9697868838874719,3.650740188763546,9.915056960586421,11400.66523239926,203.0866658623941,11613.666955222241,11817.007552466679,-1.0132532017598045e-05,0.0,436.9305554927985,436.9305453602665,1.0,1.000000000000001e-12,0.0,8.48528137423857,0.0,0.0
6905,88.75653195433746,0.008322272362144053,-8.673617379884035e-19,2.2117516226086993,6.723248784819258,-8.673617379884035e-19,1.2436318568932052,4.496802921630353,-4.996003610813204e-16,151.42113892663585,355.9803279722885,-2.688821387764051e-17,20.718043989152303,57.45708177413308,1.734723475976807e-18,0.9539597401397273,3.217575106855329,10.2296352262133,11464.180656919776,214.6186733682249,11689.028965514213,11903.893349462609,-1.0196032505159204e-05,0.0,401.7987211017954,401.7987109057629,1.0,1.000000000000001e-12,0.0,8.48528137423857,0.0,0.0
6935,89.00449139516729,0.008249435892181939,8.673617379884035e-19,2.2363587212878278,6.73530153635413,1.734723475976807e-18,1.3203230379825714,4.196979699158972,-1.0547118733938987e-15,151.83368462763812,356.2408829249844,-7.806255641895632e-18,21.178488926025942,57.6603060569979,0.0,0.9917935837381963,3.591702774197004,10.407996900379404,11526.733893802535,224.26419659490168,11761.406087297817,11985.935870611158,-1.0257745244783218e-05,0.0,379.1156087578481,379.11559850010286,1.0,1.000000000000001e-12,0.0,8.48528137423857,0.0,0.0
6965,89.25328792920976,0.008347406632151753,0.0,2.2625143946045867,6.78789193581502,0.0,1.2957934452306135,4.0894546205485,1.3322676295501878e-15,152.24937500457887,357.7750216749308,-5.204170427930421e-18,21.574721908798075,58.66047900606497,-1.734723475976807e-18,0.9463967605522485,3.1447230779991804,10.580832064932636,11589.936094642442,232.73431272098577,11833.25123942836,12066.227382193014,-1.0317865688954291e-05,0.0,376.71239278013167,376.71238246226596,1.0,1.000000000000001e-12,0.0,8.48528137423857,0.0,0.0
6995,89.50498588552395,0.008376822681263602,-2.168404344971009e-18,2.2934076869181657,6.944314845113496,2.6020852139652106e-18,1.1330753080619753,4.472623006319777,-6.106226635438361e-16,152.67175592733153,359.39457762613006,8.673617379884035e-18,21.89325985602824,59.551141127556335,-3.469446951953614e-18,0.8697944157203111,3.2345185276094672,10.680042308540642,11654.332528967345,239.65741356178876,11904.669984837674,12144.53166482738,-1.0377398787619223e-05,0.0,362.06476856259275,362.06475818519397,1.0,1.000000000000001e-12,0.0,8.48528137423857,0.0,0.0
7025,89.75541374021732,0.008352772715018749,-2.6020852139652106e-18,2.303557190814803,6.906012193192945,-1.734723475976807e-18,1.2801100599445683,4.373349715193475,-4.440892098500626e-16,153.09329857876898,360.94894921628565,-3.469446951953614e-18,22.096711603699557,60.36437412539148,5.204170427930421e-18,0.8612164495850809,2.9888946270387566,10.667139467802949,11718.779034864056,244.1323318485353,11973.578506180394,12217.911095347648,-1.0435689028958275e-05,0.0,320.31941107714664,320.3194006414576,1.0,1.000000000000001e-12,0.0,8.48528137423857,0.0,0.0
7055,90.00803990009047,0.008495675164030046,-3.469446951953614e-18,2.2855194654175643,6.850898496144529,-8.673617379884035e-19,1.489075441582697,4.7542719131297675,1.0824674490095276e-15,153.52019314013486,362.3083210286583,-6.938893903907228e-18,22.194285438950928,60.937129003867035,3.469446951953614e-18,0.909969908501589,3.2164326201719597,10.518912681483464,11784.224850892158,246.29315307281456,12041.036916646457,12287.55364193255,-1.0492440808684126e-05,0.0,281.88462060002706,281.88461010758624,1.0,1.000000000000001e-12,0.0,8.48528137423857,0.0,0.0
7084,90.25725835406575,0.008682463025705071,-3.903127820947816e-18,2.2635298205287846,6.79869695295218,-2.6020852139652106e-18,1.241209419242814,4.318114639130849,-9.43689570931383e-16,153.94359723001688,363.5567126000142,1.9949319973733282e-17,22.210568555487608,61.27949029973043,3.469446951953614e-18,0.9642384205182837,3.49294273190712,10.21338366515579,11849.315564058827,246.65467777900741,12106.18362550299,12353.08933732953,-1.0547686691983963e-05,0.0,263.6783652316524,263.67835468396567,1.0,1.000000000000001e-12,0.0,8.48528137423857,0.0,0.0
7112,90.50201705027732,0.008790891923459252,-1.3010426069826053e-18,2.2503946955028837,6.812817786758534,2.6020852139652106e-18,1.030257991394705,4.036113849736704,1.1102230246251565e-15,154.36121589882512,364.806587130371,2.2551405187698492e-17,22.151596742174235,61.40951706446464,1.734723475976807e-18,0.9203311910887283,3.2056334347638957,9.966994630139608,11913.69248688185,245.34661911395207,12169.006100625942,12414.581412305242,-1.0601031321089254e-05,0.0,246.88814675806344,246.8881361570321,1.0,1.000000000000001e-12,0.0,8.48528137423857,0.0,0.0
7141,90.75886935337108,0.008925070139481454,4.336808689942018e-19,2.2366339739897025,6.825805327644755,6.071532165918825e-18,1.1183468344318426,4.5781533572268325,-8.326672684688674e-16,154.80061246728414,366.06487018359604,5.204170427930421e-18,22.002426816488665,61.30378954586219,0.0,0.84304718781997,2.645949288539163,9.787014381323454,11981.614810123141,242.05339290746969,12233.455217411934,12475.700507030846,-1.0654244926280947e-05,0.0,223.4544484832181,223.45443782897317,1.0,1.000000000000001e-12,0.0,8.48528137423857,0.0,0.0
7168,91.00340740137972,0.009212857270853818,3.469446951953614e-18,2.2148026519308988,6.710110156636862,-1.734723475976807e-18,1.2525907312309448,4.335459567044724,-9.43689570931383e-16,155.22029437699518,367.0682068083636,-1.734723475976807e-18,21.779768370976594,60.85729648906923,1.734723475976807e-18,0.8125565672988547,2.781678371473718,9.576167436926006,12046.669893240516,237.17915514669622,12293.425215824138,12530.782637978102,-1.0706430751330457e-05,0.0,201.8154962122602,201.81548550582946,1.0,1.000000000000001e-12,0.0,8.48528137423857,0.0,0.0
7195,91.25707114076098,0.009561554668828262,0.0,2.179408168634424,6.569279561770248,0.0,1.4790408300069673,5.149753009946789,1.1657341758564144e-15,155.65764244999812,368.00820847261946,4.336808689942018e-18,21.460124705115405,60.14878559028436,1.734723475976807e-18,0.7706560107358018,2.5845569979830176,9.295732769208104,12114.650826545727,230.26847617955227,12354.215035494486,12584.643867559496,-1.0757269779895408e-05,0.0,175.8342650446925,175.8342542874227,1.0,1.000000000000001e-12,0.0,8.48528137423857,0.0,0.0
7221,91.50919808160799,0.009783309847773558,-1.734723475976807e-18,2.1269472493668076,6.497722249373815,3.469446951953614e-18,1.4629248505021264,4.794311819622328,-9.992007221626409e-16,156.09440191533358,369.30848943634913,-1.8214596497756474e-17,21.043553455731466,59.357169371224295,0.0,0.8278771091571203,2.5114979677755804,8.80969379076872,12182.731154652847,221.41557102211385,12412.956419465729,12634.557043224968,-1.0807890642603295e-05,0.0,142.82960636728063,142.82959555939,1.0,1.000000000000001e-12,0.0,8.48528137423857,0.0,0.0
7246,91.75575609776816,0.009956893250785522,-3.469446951953614e-18,2.0663074298537136,6.370845358152635,6.071532165918825e-18,1.3103060424384398,5.220556537394461,-2.220446049250313e-16,156.52320242701694,371.2669885629647,-8.673617379884035e-19,20.557480061832052,58.55926610960245,1.734723475976807e-18,0.8800149760605425,2.7536034955666704,8.278984373317414,12249.756449004459,211.30499324631117,12469.340426624087,12680.854514987082,-1.0857109354089141e-05,0.0,124.04498040760629,124.04496955049693,1.0,1.000000000000001e-12,0.0,8.48528137423857,0.0,0.0
7271,92.00936002608377,0.010360946288076711,-4.336808689942018e-19,2.013161294340599,6.182678084923886,1.734723475976807e-18,1.3816399664449055,4.486871624567922,-1.7763568394002505e-15,156.96551611850614,373.1254624333908,9.540979117872439e-18,20.004222418319273,57.30330748195384,3.469446951953614e-18,0.8205278624277587,2.7417847032127525,7.87213590155932,12319.086625174506,200.08445728079369,12527.04321835686,12727.309457450368,-1.090621994674903e-05,0.0,125.43240251202181,125.43239160580187,1.0,1.000000000000001e-12,0.0,8.48528137423857,0.0,0.0
7294,92.2538658795144,0.01087828973075952,3.0357660829594124e-18,1.9717162985643435,6.027763658576036,-5.204170427930421e-18,1.5655881247639836,4.915256463882441,-2.7755575615628914e-16,157.39252400302846,374.6187531114802,-1.6479873021779667e-17,19.411715834726593,55.84068139807826,5.204170427930421e-18,0.7447171794285861,2.5567035182759406,7.55173417804987,12386.20330602194,188.40735582408752,12582.162396024078,12770.719494841047,-1.0954996409925422e-05,0.0,119.14979295209335,119.14978199709694,1.0,1.000000000000001e-12,0.0,8.48528137423857,0.0,0.0
7317,92.50906615598115,0.011257564787920274,-4.336808689942018e-19,1.913799343827201,5.702938850611058,0.0,1.8367697583023286,6.233247026605099,-1.4988010832439613e-15,157.83863761837438,375.93793555972604,1.3010426069826053e-17,18.70343416717021,54.20362675546386,-3.469446951953614e-18,0.6846773706761089,2.5987115111230543,7.213203027070446,12456.517762612253,174.90922482283503,12638.640190462158,12813.67598672251,-1.1003623580840794e-05,0.0,91.9959239598684,91.99591295624482,1.0,1.000000000000001e-12,0.0,8.48528137423857,0.0,0.0
7339,92.75928284973041,0.011476547519534913,1.3010426069826053e-18,1.8324615406744829,5.465770096438814,-8.673617379884035e-19,1.7868987154837772,6.1127992562246,7.771561172376096e-16,158.2767937123289,377.1267450740711,-4.336808689942018e-18,17.93238105899734,52.40689214925186,-1.734723475976807e-18,0.7413314838519037,2.7881228330604433,6.6806969655658435,12525.771713927561,160.7851452225433,12693.237556115671,12854.17108587783,-1.1052599027010873e-05,0.0,72.80356702215607,72.80355596955705,1.0,1.000000000000001e-12,0.0,8.48528137423857,0.0,0.0
7360,93.00336684952688,0.011778348179950692,-2.168404344971009e-18,1.7484150312382625,5.1717939967711,-2.6020852139652106e-18,1.6348711388063542,5.462362214699059,6.661338147750939e-16,158.7044475079331,378.1228093357755,-8.673617379884035e-19,17.149165861445304,50.4884104309016,-5.204170427930421e-18,0.798504400381807,2.7730640333056744,6.096528405923721,12593.55082939915,147.04694487168052,12746.694302676755,12893.913402053338,-1.1100723060048156e-05,0.0,80.22257215341976,80.2225610526967,1.0,1.000000000000001e-12,0.0,8.48528137423857,0.0,0.0
7381,93.25458344801916,0.012135005120934057,0.0,1.6798492595147618,4.94642326025593,3.469446951953614e-18,1.671168936581016,5.9614452180622965,-3.3306690738754696e-16,159.14329647482558,378.88125671680393,-1.734723475976807e-18,16.32811903377765,48.31762887958447,-3.469446951953614e-18,0.8047053801290139,2.6712214120982107,5.654328254657285,12663.294406437115,133.30373559060598,12802.252470282378,12935.731044575163,-1.1149545489723171e-05,0.0,93.73359651968896,93.73358537014347,1.0,1.000000000000001e-12,0.0,8.48528137423857,0.0,0.0
7401,93.50015723098346,0.012378923727098201,1.3010426069826053e-18,1.6259361624572521,4.813005648009613,8.673617379884035e-19,1.8631379772718215,7.10581042708427,2.220446049250313e-16,159.5701914012467,379.40893404597824,-8.673617379884035e-19,15.498090654081354,46.113707602288365,-3.469446951953614e-18,0.8060149433247608,2.9558455241682777,5.373961316989213,12731.322991915249,120.0954069610619,12856.7923601933,12977.063175378356,-1.119912584247314e-05,0.0,94.98754406541285,94.98753286628701,1.0,1.000000000000001e-12,0.0,8.48528137423857,0.0,0.0
7422,93.76116311226549,0.012441758959336227,0.0,1.561390982848757,4.669087177517184,2.6020852139652106e-18,2.0036302005021103,7.202803299075384,2.6645352591003757e-15,160.02207471050428,380.3145952431982,2.6020852139652106e-18,14.586253096810466,44.002226423589,0.0,0.8025192742872821,2.8753395987501014,5.111215673845634,12803.532197327106,106.37938970210647,12915.022802703057,13021.57608244528,-1.1250273583363082e-05,0.0,92.8420628065174,92.84205155624382,1.0,1.000000000000001e-12,0.0,8.48528137423857,0.0,0.0
7442,94.01022161152247,0.012456903731575207,8.673617379884035e-19,1.4933641553753463,4.540411954953501,5.204170427930421e-18,2.071596731957737,6.6162057806175145,-1.3877787807814457e-16,160.4516457499119,381.71000891728727,-2.6020852139652106e-18,13.712615193399959,41.98814711858391,-3.469446951953614e-18,0.7961151080326146,2.8665183572763677,4.829704440276412,12872.36531192761,94.01790772113169,12971.212924089019,13065.401957611764,-1.130248074059266e-05,0.0,100.74314291379109,100.74313161131035,1.0,1.000000000000001e-12,0.0,8.48528137423857,0.0,0.0
7462,94.25892964810159,0.01239914987658808,-8.673617379884035e-19,1.4422831969683656,4.703322716094592,8.673617379884035e-19,1.8916391984408596,6.259505840470683,-1.4432899320127035e-15,160.87846385590456,382.8337497753687,-6.071532165918825e-18,12.862883618336603,40.57755046259209,0.0,0.8441490987025609,2.847792188089711,4.50201845932929,12940.940066317795,82.72688748943605,13028.16897226656,13111.088258435224,-1.1354297832898963e-05,0.0,117.71148139464911,117.71147004035127,1.0,1.000000000000001e-12,0.0,8.48528137423857,0.0,0.0
7482,94.50545404967959,0.012229087529562487,-1.734723475976807e-18,1.4106191703539632,4.825758027114402,1.734723475976807e-18,1.885600754228892,6.286596625320846,-1.3322676295501878e-15,161.29925400602968,383.86424659089,-8.673617379884035e-19,12.055854509055413,38.99877649430269,1.734723475976807e-18,0.7576029857036205,2.9753441577241806,4.357886213893489,13008.724671450836,72.67181397175587,13085.754371636485,13158.581155424909,-1.1406859400489334e-05,0.0,135.86666741368074,135.86665600682133,1.0,1.000000000000001e-12,0.0,8.48528137423857,0.0,0.0
7503,94.759615830063,0.012015168337082717,1.734723475976807e-18,1.374836105031509,4.912211740193394,8.673617379884035e-19,1.7503445037328742,5.732169918597058,-1.1102230246251565e-16,161.73071563340548,384.8860243357739,-5.204170427930421e-18,11.258577792515272,37.41586568240851,-1.734723475976807e-18,0.7536396080562731,2.637882474106301,4.138189306735338,13078.412189646735,63.37778695505902,13145.92816590853,13209.459305481472,-1.146098320287706e-05,0.0,148.97698492326114,148.97697346227793,1.0,1.000000000000001e-12,0.0,8.48528137423857,0.0,0.0
7524,95.01157143969286,0.012015833332854537,8.673617379884035e-19,1.323463566341168,4.894667724981142,3.469446951953614e-18,1.7938017960002128,5.88884478693137,-9.43689570931383e-16,162.15592075852598,385.66488498309707,0.0,10.495131349087178,36.074610848125204,1.734723475976807e-18,0.8481191399651157,2.996823046731981,3.8835779245912847,13147.271318522677,55.07389101729623,13206.228787464564,13261.496891122264,-1.1516487925111294e-05,0.0,156.19446818073317,156.19445666424525,1.0,1.000000000000001e-12,0.0,8.48528137423857,0.0,0.0
7544,95.25285562690196,0.012100285034805742,-8.673617379884035e-19,1.2778819696298418,4.838815493830897,1.734723475976807e-18,1.824757360889494,6.123580632388276,8.881784197001252e-16,162.5612233457308,386.29913347402356,1.3010426069826053e-17,9.8047122606371,34.60088474019111,-1.734723475976807e-18,0.9262436419528745,3.3611043519111505,3.6784296131247203,13213.075667830286,48.066191256943725,13264.820288700354,13313.118120324047,-1.157130914646506e-05,0.0,168.85712488701895,168.8571133157098,1.0,1.000000000000001e-12,0.0,8.48528137423857,0.0,0.0
7565,95.50692733516213,0.01208345539962579,-8.673617379884035e-19,1.255461094890425,4.966313937800278,8.673617379884035e-19,1.7078343182743705,5.840337745730493,-1.0547118733938987e-15,162.9869415970364,386.9147893421198,6.071532165918825e-18,9.146338046255925,32.95762520857505,1.734723475976807e-18,0.8845369771802484,3.080358097029798,3.5473224884802788,13282.371565577874,41.82774982819433,13327.74663789455,13369.785637252024,-1.1627231086204255e-05,0.0,189.07014986801926,189.07013824078817,1.0,1.000000000000001e-12,0.0,8.48528137423857,0.0,0.0
7586,95.7611377165271,0.012176122363413214,-8.673617379884035e-19,1.2440613034100505,5.049414379874873,8.673617379884035e-19,1.5419046011955149,5.010351471656161,-9.992007221626409e-16,163.41186881622167,387.2858384775834,-1.0408340855860843e-17,8.545059262113588,31.109139701444867,-3.469446951953614e-18,0.7731194197730819,3.0446387235585792,3.446544752795795,13351.71943500502,36.50901889651661,13391.674998654333,13428.345400232902,-1.1685456890521133e-05,0.0,202.3813069649364,202.38129527947953,1.0,1.000000000000001e-12,0.0,8.48528137423857,0.0,0.0
7606,96.00902510430475,0.012654824764154637,0.0,1.2243590628677539,4.817969958984875,3.469446951953614e-18,1.553052250699177,4.980744535987096,9.992007221626409e-16,163.82493881360074,387.3932764590191,5.204170427930421e-18,7.991035603099887,29.322272337456244,3.469446951953614e-18,0.7460708558621454,2.4495078750919443,3.303206138180597,13419.305288640015,31.928325005004982,13454.5368197832,13486.615432653136,-1.1743584248802865e-05,0.0,206.95463660459123,206.95462486100698,1.0,1.000000000000001e-12,0.0,8.48528137423857,0.0,0.0
7625,96.25394902849794,0.012976559067935317,2.168404344971009e-18,1.2000725330499504,4.4917240601164465,2.6020852139652106e-18,1.565199172656695,4.654984524096983,6.106226635438361e-16,164.2324227516172,387.51926573668317,1.734723475976807e-18,7.493930878306273,27.3467265367669,1.734723475976807e-18,0.7575672497116271,3.029435992978392,3.1458365754691706,13486.144341432959,28.07950000441611,13517.369678012845,13545.604133214474,-1.1801129939883163e-05,0.0,217.75477804919265,217.7547662480627,1.0,1.000000000000001e-12,0.0,8.48528137423857,0.0,0.0
7644,96.50412717756556,0.013435049346911206,0.0,1.1748599128933834,4.3195717664918565,-1.734723475976807e-18,1.6182933109364188,5.32035909828514,-7.771561172376096e-16,164.6487440071655,387.67428961815517,6.071532165918825e-18,7.052131789238672,25.794342565506327,5.204170427930421e-18,0.6683978216958154,2.398767273379983,3.0558570785303463,13554.604451568555,24.86628138639531,13582.526590033482,13607.513495444848,-1.1859547127086917e-05,0.0,231.8939653949321,231.89395353538498,1.0,1.000000000000001e-12,0.0,8.48528137423857,0.0,0.0
7662,96.7540191056734,0.014317195117088698,3.903127820947816e-18,1.1466394267269657,4.070699494819506,1.734723475976807e-18,1.4549538880886987,4.929419391574795,1.0547118733938987e-15,165.06471352227786,387.7768562512195,2.6020852139652106e-18,6.643368577176552,24.509961536307863,1.734723475976807e-18,0.7299313170913094,2.7057587151594977,2.81254007890844,13623.179825095833,22.067173026108403,13648.05953820085,13670.270567153431,-1.1919054401314302e-05,0.0,236.35861517809414,236.35860325903974,1.0,1.000000000000001e-12,0.0,8.48528137423857,0.0,0.0
7679,97.0044477197691,0.015046010576468566,1.3010426069826053e-18,1.1154733851877274,3.8511792770409983,-8.673617379884035e-19,1.3944482922635597,5.218350190960667,5.551115123125783e-16,165.48197771715297,388.61513556299167,7.806255641895632e-18,6.250864137911276,22.881419774842165,-1.734723475976807e-18,0.7660242443512167,2.9096558580989145,2.5893584104591216,13692.14247459016,19.53665123531264,13714.268484235932,13733.963569619835,-1.19789514410445e-05,0.0,237.3914911223659,237.39147914341444,1.0,1.000000000000001e-12,0.0,8.48528137423857,0.0,0.0
7696,97.26493147529851,0.015579694050822115,4.336808689942018e-19,1.1060933288469752,3.8285772604887027,-8.673617379884035e-19,1.2163644634207489,4.645230139318702,-1.3322676295501878e-15,165.91697317318418,390.330808706329,1.3010426069826053e-17,5.899486642713449,21.16625011406738,1.734723475976807e-18,0.7033554468953079,2.520483931120789,2.4280251386939757,13764.220993475557,17.4019713237772,13784.050989938029,13801.586532660667,-1.2040556608776605e-05,0.0,247.93232507662418,247.93231303606757,1.0,1.000000000000001e-12,0.0,8.48528137423857,0.0,0.0
7711,97.50413328742628,0.016331201582295694,0.0,1.10791804743344,3.774888272127362,-3.469446951953614e-18,0.9996327224251796,3.9157732264680485,1.1657341758564144e-15,166.31722433207702,391.81528353226287,-1.1275702593849246e-17,5.628586876227729,19.553216839549236,1.734723475976807e-18,0.6284522760654848,2.1568882906035984,2.323105387038095,13830.709554763216,15.84049511162151,13848.873155261876,13864.820287484587,-1.2101316753737018e-05,0.0,257.64372462725186,257.6437125259351,1.0,1.000000000000001e-12,0.0,8.48528137423857,0.0,0.0
7726,97.7573320447034,0.017364252841320555,8.673617379884035e-19,1.0867013706676054,3.728389174232894,-2.6020852139652106e-18,1.2107822008767817,4.55133949117293,-7.771561172376096e-16,166.74169337801334,393.40873148813154,1.214306433183765e-17,5.358136248705554,17.52841272879605,3.469446951953614e-18,0.6119855911745884,2.1932558294997886,2.242829685593981,13901.396155283708,14.354812029846215,13917.993796999148,13932.449731147222,-1.21616167878096e-05,0.0,258.82634962852745,258.8263374669107,1.0,1.000000000000001e-12,0.0,8.48528137423857,0.0,0.0
7740,98.00804687541303,0.018425950335744366,4.336808689942018e-19,1.051514206794838,3.6182559521413946,0.0,1.3255771346792227,4.6603065464215865,2.220446049250313e-16,167.163536299966,394.96092119058824,-3.469446951953614e-18,5.11530497833255,16.17498136713471,-1.734723475976807e-18,0.6864054334187737,2.539674874824487,2.097519854077711,13971.823934155025,13.083172510676885,13987.00462651978,14000.215010183596,-1.2223718655146953e-05,0.0,262.47423924820015,262.4742270244815,1.0,1.000000000000001e-12,0.0,8.48528137423857,0.0,0.0
7753,98.25766479903444,0.019997338159396628,4.336808689942018e-19,1.0402531891835576,3.3609217444878507,-3.469446951953614e-18,1.2316308984122841,4.549174983639498,8.326672684688674e-17,167.58546525915443,396.3359501602959,4.336808689942018e-18,4.924579455724452,15.254513730216566,0.0,0.6639705207892456,2.6475217722171887,2.0186763534055254,14042.444083063627,12.125741407871672,14056.588500824904,14068.833273582943,-1.2285837467513826e-05,0.0,271.13393298019975,271.1339206943623,1.0,1.000000000000001e-12,0.0,8.48528137423857,0.0,0.0
7765,98.50303174961651,0.02077118386155136,2.6020852139652106e-18,1.0476832683703725,3.275574691282589,3.469446951953614e-18,1.193803661235834,4.877141533051894,4.996003610813204e-16,168.0018310751975,397.5434233152543,8.673617379884035e-19,4.772989599793996,14.432328806475496,1.734723475976807e-18,0.6122983138532206,2.272071664781403,1.996189176754473,14112.307622309596,11.390714859870817,14125.69452634622,14137.186466696881,-1.2347802294027958e-05,0.0,276.187670505652,276.18765815784974,1.0,1.000000000000001e-12,0.0,8.48528137423857,0.0,0.0
7777,98.75711414587526,0.021480307038048627,2.168404344971009e-18,1.0337825418554463,3.3751881015804663,0.0,1.1779138244011962,4.348388891225294,1.4432899320127035e-15,168.43479271548674,398.64328651743875,-8.673617379884035e-19,4.638541639427577,14.545591034575736,-1.734723475976807e-18,0.6452275535152739,2.2101560945060013,1.9275976732221678,14185.139698554489,10.758034270351736,14197.825330498063,14208.695770789287,-1.2410813116749269e-05,0.0,277.84490890493987,277.8448964941268,1.0,1.000000000000001e-12,0.0,8.48528137423857,0.0,0.0
7789,99.01878110269313,0.022114542184042716,-8.673617379884035e-19,0.996332348470563,3.3384689546309385,-4.336808689942018e-18,1.2966946235970327,3.998557446466743,3.3306690738754696e-16,168.88293607589463,399.63455095722657,0.0,4.541473745690658,14.555739513965687,1.734723475976807e-18,0.664197873968166,2.3376824119620485,1.868854427304322,14260.723048807358,10.31249189139877,14272.904395126061,14283.335999897721,-1.2476426096626733e-05,0.0,281.6969851692819,281.6969726928558,1.0,1.000000000000001e-12,0.0,8.48528137423857,0.0,0.0
7800,99.26533511920212,0.02237672456931409,4.336808689942018e-19,0.9746917595249773,3.270490979666434,-3.469446951953614e-18,1.2487481602419765,4.920761248635246,-4.440892098500626e-16,169.30695007613227,400.5075120953321,4.336808689942018e-18,4.50560008652738,14.687884395779571,0.0,0.7079775815555172,2.7510813952205893,1.8327807585333944,14332.421672040971,10.150216069857768,14344.404668869363,14354.690217648338,-1.2541664298690904e-05,0.0,287.4058384037007,287.4058258620364,1.0,1.000000000000001e-12,0.0,8.48528137423857,0.0,0.0
7811,99.508026446114,0.021809752397184547,-8.673617379884035e-19,0.97506795990957,3.275168617970171,2.6020852139652106e-18,1.3380969430615401,5.0835795281939395,-1.1102230246251565e-15,169.72574277584718,401.23926687730227,-1.734723475976807e-18,4.5415466890540355,15.101944492414468,-1.734723475976807e-18,0.7128183181581722,2.719941136879673,1.9001571628512761,14403.413880406522,10.312823164428833,14415.626860733802,14426.076873586,-1.2605065287898152e-05,0.0,294.46125639471063,294.4612437896453,1.0,1.000000000000001e-12,0.0,8.48528137423857,0.0,0.0
7823,99.76656429406239,0.021377989493508665,-1.3010426069826053e-18,0.9814089761003376,3.2535415789679396,8.673617379884035e-19,1.4869539395737617,4.518171780479092,6.661338147750939e-16,170.17366595519897,402.744479319884,-6.071532165918825e-18,4.686057648243671,16.030088448662738,-5.204170427930421e-18,0.6636631365058665,2.5092428755222835,2.039812408166119,14479.538292315825,10.9795681413315,14492.557672865321,14503.65616217152,-1.2670750294742503e-05,0.0,304.71839808499476,304.71838541424444,1.0,1.000000000000001e-12,0.0,8.48528137423857,0.0,0.0
7834,100.0,0.019529717764370957,8.673617379884035e-19,0.9823025152603359,3.0972224279771003,3.469446951953614e-18,1.4499831459623804,5.091380949763586,7.216449660063518e-16,170.57953764017486,404.3419021512548,8.673617379884035e-19,4.909889583917571,17.05972116939798,-5.204170427930421e-18,0.7060830292410898,2.7734815962385735,2.0828311124421983,14548.689330767913,12.053507863131129,14562.825669743486,14575.013786982545,-1.2735980773940214e-05,0.0,313.8889863210379,313.88897358505716,1.0,1.000000000000001e-12,0.0,8.48528137423857,0.0,0.0
