step,time,dt,psi_mean,psi_rms,psi_max_abs,omega_mean,omega_rms,omega_max_abs,du_par_mean,du_par_rms,du_par_max_abs,db_par_mean,db_par_rms,db_par_max_abs,s_mean,s_rms,s_max_abs,alfvenic_energy,du_par_energy,db_par_energy,total_energy_proxy,total_energy,total_energy_rhs_dissipation,total_energy_rhs_forcing,total_energy_rhs_stratification,total_energy_rhs_total,auto_dissipation_enabled,auto_dissipation_nu_perp,auto_dissipation_nu_par,auto_dissipation_kd,auto_dissipation_ud,auto_dissipation_Ed
0,0.0,0.0,-2.5728625772849373e-20,0.45899141256240217,1.414953852530425,3.2663708028493957e-20,0.45466663523145906,1.507811538309917,-2.80579663777987e-20,0.4320349828392493,1.6180007154902132,1.0831433813014366e-19,0.4026011037705292,1.218551925785896,9.68793933422106e-21,0.4553606206747665,1.5267493442955575,0.43859984843174304,0.09332711319845521,0.0810438243786242,0.6129707860088225,0.75,0.0,0.0,0.0,0.0,1.0,1.000000000000001e-12,0.0,8.48528137423857,0.0,0.0
6,0.29332239665899223,0.051332729139646795,-8.353862442295537e-20,0.43029382277500383,1.2530629687374188,-7.898582233146351e-20,1.049553126713784,3.5356382728762434,1.3430766169901e-19,0.43187582902792787,1.59286280152219,3.0551419616278545e-19,0.396370957409372,1.2855412381450626,-8.713851444878615e-20,0.45629729157407267,1.674613635667737,0.45648358290582725,0.09325836584927999,0.0785549679388111,0.6282969166939183,0.7630678335731447,-1.8823824765312203e-10,0.0,0.04431914051571975,0.04431914032748151,1.0,1.000000000000001e-12,0.0,8.48528137423857,0.0,0.0
10,0.5174809689626788,0.05958219533872006,3.910645238354698e-19,0.3904281543167941,1.0893723682116678,-1.4579554604614645e-19,1.3873939609961181,5.183747799141592,1.852884572118782e-20,0.4608840580325566,1.8082723015315072,-9.793818452627848e-20,0.376071396838998,1.2863150379883006,1.1074955785349977e-19,0.48535366019704573,1.7124961748895446,0.4606187426088916,0.10620705747427851,0.07071484776021755,0.6375406478433876,0.7718589029796059,-1.9609321455891588e-10,0.0,0.03891555670089194,0.03891555650479873,1.0,1.000000000000001e-12,0.0,8.48528137423857,0.0,0.0
15,0.8085794447017272,0.061816238642230584,4.0234064994579266e-21,0.3741363465919382,1.2256411539456358,1.9481757786848908e-19,1.3359695946777161,5.046641641196899,3.366955965335844e-20,0.49095990863902567,1.843114033250004,-1.4351914500040051e-19,0.38054596418639736,1.3099310433709328,1.913235669610651e-19,0.5851489349095476,1.748988963130809,0.39296531450772926,0.12052081594542023,0.07240761542927741,0.5858937458824269,0.7507491658386642,-1.933169670331272e-10,0.0,-0.07190542477032213,-0.07190542496363911,1.0,1.000000000000001e-12,0.0,8.48528137423857,0.0,0.0
19,1.039205169785769,0.05590028503134076,6.532741605698791e-20,0.3919894217437379,1.2847462795025069,-2.1652279714188052e-20,1.0614291656927775,3.825485622676949,-2.746239633676052e-19,0.49881171931447893,1.6577725776989873,3.032907346762429e-19,0.4018538048959936,1.3877235976513433,1.0291450309139749e-19,0.6544134002736431,2.001537674837483,0.3247886201583631,0.12440656566273325,0.08074324025469362,0.5299384260757899,0.7263110289140656,-1.7729236089084297e-10,0.0,-0.10509064552010354,-0.1050906456973959,1.0,1.000000000000001e-12,0.0,8.48528137423857,0.0,0.0
23,1.2592818638858254,0.054483131767075144,-1.6866543562201256e-19,0.4055383644166323,1.2284020675836667,4.472333961502706e-19,0.909454427570852,3.4997663081068193,-1.6178329292557136e-19,0.4970916347731103,1.4928224399757268,-5.818057556452975e-20,0.41325308168775654,1.338605626480374,-2.1631103890506695e-19,0.6688516247898273,2.114579118458321,0.30885704798562663,0.12355004668070163,0.08538905476221377,0.517796149428542,0.7239730781064335,-1.6348939946779666e-10,0.0,-0.010385145171716991,-0.01038514533520639,1.0,1.000000000000001e-12,0.0,8.48528137423857,0.0,0.0
28,1.5345273625482903,0.05554171470639851,-9.441770383925279e-20,0.4057818247469037,1.3168034993756292,7.512123450961576e-20,1.04588714150873,4.108656256742848,1.2170804660860228e-19,0.486220247501837,1.6547924843833832,1.0405270361427046e-19,0.41046254020096345,1.2800269757295815,-2.9804971831510693e-19,0.6155937715354012,1.9793100064194158,0.36578994906206996,0.1182050645403738,0.08423974845411378,0.5682347620565575,0.7547925472300298,-1.6169310745553398e-10,0.0,0.11175896201747662,0.11175896185578352,1.0,1.000000000000001e-12,0.0,8.48528137423857,0.0,0.0
33,1.7975368496884991,0.04844381613772836,1.0842021724855044e-19,0.41028149747524784,1.5860143842734054,-1.6601845766184287e-19,1.2433858704236116,4.260406450886901,-7.914464100907369e-20,0.4783040420392825,1.70706185487604,1.971998580326418e-20,0.4007445444467868,1.1805513110280885,1.487601613615365e-20,0.5350304085780258,1.797042739059759,0.4443555688689778,0.11438737831555784,0.08029809495193134,0.639041042136467,0.7966286723762539,-1.773855098911344e-10,0.0,0.1590064068558315,0.15900640667844598,1.0,1.000000000000001e-12,0.0,8.48528137423857,0.0,0.0
38,2.02783630888533,0.04567066824930783,-4.0339944112986054e-20,0.4266967929027799,1.6317222931231459,8.682087709356578e-21,1.356624818515482,4.035027828472311,-2.166816158194907e-19,0.4920036647819021,1.6973589425484286,-4.060464190900302e-20,0.3864790332473818,1.227174769585756,9.163837698107462e-20,0.48229733031357536,1.748386615198089,0.49692500003401674,0.12103380307941114,0.07468302156991542,0.6926418246833433,0.8301297392567113,-2.0160350122596783e-10,0.0,0.14554422279419046,0.14554422259258695,1.0,1.000000000000001e-12,0.0,8.48528137423857,0.0,0.0
43,2.2622299196456574,0.047786841203871465,-1.3287829360051837e-20,0.44452880568566844,1.5012025541392298,5.533242727938717e-19,1.375741630933258,4.434645572596931,2.5125114797930684e-19,0.5292427001269301,1.6859812029359742,2.726916694566813e-19,0.367518163049658,1.1962747199025607,1.6292149344844433e-19,0.46679124229161806,1.732404890808247,0.5243882825493325,0.1400489178188218,0.0675348000856975,0.7319720004538517,0.8583381977871902,-2.2356946682163442e-10,0.0,0.12041144594526755,0.12041144572169808,1.0,1.000000000000001e-12,0.0,8.48528137423857,0.0,0.0
48,2.5157787773508704,0.053569184571366446,9.989694821680405e-20,0.4554735343924541,1.3934652598125448,-4.806911975668154e-19,1.225959219183989,4.8593362884870785,-1.435720845596039e-19,0.5749470906089788,1.76870551147106,5.601005363719061e-20,0.3609694106873982,1.3496071940473766,6.066873484708926e-20,0.48894119672943565,1.7286314308439361,0.5195138300426001,0.1652820784998646,0.06514945772600375,0.7499453662684684,0.8796419673364596,-2.3651814078564287e-10,0.0,0.0841981155861266,0.08419811534960846,1.0,1.000000000000001e-12,0.0,8.48528137423857,0.0,0.0
53,2.7865927422981938,0.05399743185581254,4.198107044829126e-20,0.4570674239737196,1.3556328374228257,3.9810548520952116e-20,0.9360823776101734,4.031411040739408,-1.0407917339387215e-19,0.6081332897984578,1.8244330301230651,-1.6675961149069038e-19,0.386283541440836,1.4601929874490494,1.666537323722836e-19,0.5206635666567825,1.8644763516214888,0.48869882742953674,0.18491304908054748,0.07460748719403702,0.7482193637041212,0.8960212993019738,-2.378039344087657e-10,0.0,0.06086515026222732,0.06086515002442339,1.0,1.000000000000001e-12,0.0,8.48528137423857,0.0,0.0
58,3.042222850124031,0.04962303880524283,1.2451384324638215e-19,0.4487615427652571,1.249357629646649,1.0005576689441423e-19,0.8751201284116124,3.3320222006571267,5.587241078326179e-19,0.6241713165749927,1.9835270253211492,1.2297859602948373e-19,0.4238337251430305,1.534117135293469,1.4333385654318864e-19,0.5211636302762975,1.9535600112581961,0.47144881441987097,0.19479491621747985,0.08981751328430897,0.7560612439216597,0.9192138701771164,-2.3770156266126144e-10,0.0,0.09090810327401912,0.09090810303631755,1.0,1.000000000000001e-12,0.0,8.48528137423857,0.0,0.0
63,3.287628239487332,0.049066101469623674,-1.5569524361718108e-19,0.43812865018434566,1.2873065180632852,4.2375470164356544e-19,1.0765412548476534,3.702644198954099,2.0953477532703255e-19,0.6293178489079586,2.1065687706874883,2.022291161569642e-20,0.45739921838702663,1.4836838546795619,4.6110356066155975e-20,0.49305340069054154,1.7708516608480165,0.4790301580193691,0.19802047747707005,0.10460702249053143,0.7816576579869706,0.9519021275792791,-2.471923841454118e-10,0.0,0.13313606902659464,0.13313606877940226,1.0,1.000000000000001e-12,0.0,8.48528137423857,0.0,0.0
68,3.531670271331611,0.04709034252975741,-1.5257180962418085e-19,0.4429724993727122,1.4744799135713862,-5.097020760102752e-19,1.2010541611921188,4.219692616932005,7.850936629863296e-20,0.6203631286626264,2.109247421291206,-2.582391697941548e-19,0.49048533964364355,1.5205880868984525,-1.7692400685774198e-19,0.4676373395825712,1.5240336524247213,0.4917199616873969,0.19242520570204125,0.12028793420267016,0.8044331015921082,0.9837658997651819,-2.626572813617375e-10,0.0,0.1306021738394466,0.13060217357678933,1.0,1.000000000000001e-12,0.0,8.48528137423857,0.0,0.0
73,3.751196295070791,0.042101035259058804,-4.648093298057973e-20,0.4662424030782578,1.6344195103530788,1.3192538153485728e-19,1.1667063453398907,4.325161325338348,2.5691568081406997e-19,0.5979922191347394,2.008754746491655,-3.332015856261604e-19,0.5198321037989501,1.7034462068912806,4.012818587617248e-20,0.4668348879228452,1.5756615814676622,0.4996079878210495,0.17879734707284511,0.1351127080700212,0.8135180429639157,1.0074731504310597,-2.7323781382083213e-10,0.0,0.10818146657482856,0.10818146630159076,1.0,1.000000000000001e-12,0.0,8.48528137423857,0.0,0.0
80,4.030643897876493,0.03898330643737828,1.8295911660692887e-19,0.49978110576905904,1.7350370338741554,3.4135427774348304e-19,1.1106938677879825,4.450150024643594,-1.3880752423129847e-19,0.5582017346153255,2.0147222731075494,1.9701456957542992e-19,0.5462554195031761,1.6944900266479872,-1.1593763465543236e-20,0.48754567018386374,1.7660425112828975,0.5213005405441081,0.15579458826377912,0.14919749166829543,0.8262926204761827,1.039669322883537,-2.7491272677401003e-10,0.0,0.11530833127484763,0.1153083309999349,1.0,1.000000000000001e-12,0.0,8.48528137423857,0.0,0.0
86,4.265308462957662,0.03948430219015959,-2.0466433588032032e-19,0.5145773712197855,1.7496866690052941,-7.22095587534291e-20,1.1726225016312388,4.624329159166522,-2.797855703899361e-20,0.5244972342878602,1.8819003060372874,-3.6422416731934915e-20,0.5572728389740095,1.684547749759801,-1.0609087664360112e-19,0.5163781043051833,1.863871125805371,0.5507890636172155,0.13754867438780727,0.15527650852907615,0.8436142465340989,1.0708852686467452,-2.71100221511502e-10,0.0,0.13298271103969922,0.132982710768599,1.0,1.000000000000001e-12,0.0,8.48528137423857,0.0,0.0
92,4.511421308459179,0.04175046382707111,-1.5056010637445189e-19,0.5219882200307477,1.691415538765908,4.607859233063394e-19,1.2142450635049833,3.907658045984115,-2.2996944517954254e-19,0.4939306294865621,1.6270205870146797,2.0127620409130312e-19,0.5664098113700148,1.768097789057782,2.7745622978498675e-19,0.5624567747120439,1.843611371488524,0.5704759944671812,0.12198373337249571,0.16041003720810781,0.8528697650477848,1.0986963605791509,-2.684121280013322e-10,0.0,0.11306327900438132,0.11306327873596919,1.0,1.000000000000001e-12,0.0,8.48528137423857,0.0,0.0
98,4.763458384901384,0.041347489762712616,-6.320983368885216e-20,0.5322692958294803,1.6589874531077227,-3.0281427864341237e-19,1.147539159742719,4.329012745463487,-1.462190625197736e-19,0.47785080491035753,1.4903709507002292,2.7078584532535914e-19,0.5736504495248426,1.8556833649081337,-2.5702155993247676e-20,0.6112515599013046,2.2615818299474557,0.5777432346393963,0.11417069587673828,0.16453741912002692,0.8564513496361615,1.1218684555162683,-2.7074974764735254e-10,0.0,0.09218044134666085,0.09218044107591111,1.0,1.000000000000001e-12,0.0,8.48528137423857,0.0,0.0
104,5.001794736532838,0.03878137111906466,-4.481333686567283e-19,0.5417010804128939,1.6773389835261494,1.4060746924421386e-19,1.11683514129207,3.817950959165039,-4.855616370135277e-19,0.49047036299681324,1.5458064577910657,-5.066315815764784e-20,0.5688158623931676,1.7534649879979813,-1.7800926782141156e-19,0.6297536952744697,2.601730345564764,0.6015021801441938,0.12028058848911286,0.16177574265504147,0.8835585112883481,1.152413477455589,-2.806599946638546e-10,0.0,0.12825251660874357,0.12825251632808357,1.0,1.000000000000001e-12,0.0,8.48528137423857,0.0,0.0
111,5.2681795810048975,0.03783692776054025,-2.454277964669335e-19,0.5445581987253715,1.681506187942529,3.091670257478196e-19,1.224775091921837,4.743321009095046,-1.5246593050577406e-20,0.526593135524389,1.631237986172847,1.198551620364835e-19,0.5546382740573552,1.6259556265699389,-3.6283450389026006e-20,0.6113455485869744,2.7292571662595755,0.6514531005225633,0.13865016519070372,0.15381180752466098,0.943915073237928,1.1986375933024083,-2.9692828504523084e-10,0.0,0.1733858537578443,0.173385853460916,1.0,1.000000000000001e-12,0.0,8.48528137423857,0.0,0.0
118,5.537759684130387,0.039428307724049955,-2.848148285142585e-20,0.5448172762809862,1.7543652890058288,-4.137755947337257e-19,1.2641177280720024,4.936252318714,1.2235490184761875e-19,0.5466702335455954,1.6111362078003433,-2.575509555245107e-20,0.5633629497109428,1.5747430090819992,-3.7115924957499373e-19,0.5867349640872982,2.5727411899216497,0.6731650562207896,0.1494241721223979,0.1586889065535071,0.9812781348966946,1.2329166793324826,-3.100709292297927e-10,0.0,0.12711844373236733,0.1271184434222964,1.0,1.000000000000001e-12,0.0,8.48528137423857,0.0,0.0
124,5.772755907298899,0.038318987755026276,9.920873394715993e-20,0.5473888397966845,1.7731394755349585,8.398331672026388e-19,1.1149050250834347,4.7219912716665,2.6575658720103673e-19,0.530797068717634,1.6157361013880196,2.7078584532535914e-20,0.6004411119685038,1.7545096094119947,7.898582233146351e-20,0.5845286363262425,2.3489324833235092,0.6477169205360935,0.14087276407961635,0.18026476447098663,0.9688544490866965,1.2413711197627457,-3.1003237562044093e-10,0.0,0.03621749408774982,0.03621749377771744,1.0,1.000000000000001e-12,0.0,8.48528137423857,0.0,0.0
131,6.034698765981062,0.0371755490575378,2.304988407715765e-19,0.5477720010417042,1.7960830854758043,-9.846758011831241e-21,0.919385399131802,3.1531328951911104,1.7399909621175448e-19,0.4895518311970757,1.7137274776408171,2.345222472710344e-20,0.6446952020917918,2.027077843667535,-3.6438298599695933e-19,0.5893781575676689,2.160497635225954,0.6172521205063601,0.11983049771420504,0.2078159518000881,0.9448985700206534,1.2465035072275636,-3.0270164444712684e-10,0.0,0.019792527557216978,0.019792527254515333,1.0,1.000000000000001e-12,0.0,8.48528137423857,0.0,0.0
137,6.261750681089131,0.03864229767715311,-1.2207862352302604e-19,0.546622541130959,1.642906570181757,-7.199780051661553e-21,0.9778586573115722,4.221275339253349,-5.18278284601225e-20,0.45914163941273545,1.6940177779767263,1.122318655111948e-19,0.6621192326218913,2.1074991932246308,4.409865281642701e-19,0.5907185492191678,2.030359467128683,0.6242030988985865,0.1054055225213072,0.21920093910390112,0.9488095605237948,1.2622265688134275,-3.0029795078784017e-10,0.0,0.06921470528452715,0.0692147049842292,1.0,1.000000000000001e-12,0.0,8.48528137423857,0.0,0.0
143,6.503403558278811,0.04116808437034809,2.3325169785015296e-19,0.5532618669708098,1.72379845466175,1.7872395187065737e-19,1.180870295299574,5.271255152008641,1.657008203066225e-19,0.4476555571226383,1.5819918897892886,-3.2928405824510926e-20,0.6583778587353917,1.9648366757993618,7.178604227980195e-20,0.60690965599148,1.962353131156633,0.6499488215116271,0.10019774891138984,0.2167307024364996,0.9668772728595166,1.2830595945406542,-3.058443732801348e-10,0.0,0.08611035736350711,0.08611035705766273,1.0,1.000000000000001e-12,0.0,8.48528137423857,0.0,0.0
150,6.78430628694581,0.03942655845190025,-7.972697616031102e-20,0.5712947216613975,1.8782704419315879,1.801003804099456e-19,1.3081390038152487,4.774339182825054,-1.4039571100740028e-19,0.4539425743787145,1.4684762490989978,-3.2240191554866807e-20,0.6431130557210318,1.9308921168537683,-1.2980779916672153e-19,0.6573761472499094,2.0028553212399998,0.660695752025626,0.10303193041678738,0.2067972012194215,0.9705248836618349,1.2940008026040029,-3.1118699496127336e-10,0.0,0.03903669563271775,0.03903669532153076,1.0,1.000000000000001e-12,0.0,8.48528137423857,0.0,0.0
156,7.018443334200008,0.0386815984188038,2.3981620319137378e-20,0.5814237164199326,1.922040722006527,7.129899833513073e-19,1.2914883219116147,5.206487999173109,-4.775148240146118e-20,0.46179058402639356,1.4959666862362497,2.915381525330895e-19,0.6337368581678067,1.9823927373000492,-2.727446090158847e-19,0.6977217965419429,2.37076476941178,0.6538738926219632,0.10662527174771882,0.20081120270020136,0.9613103670698834,1.2935618102199082,-3.062670912103929e-10,0.0,-0.0017298437510245648,-0.001729844057291656,1.0,1.000000000000001e-12,0.0,8.48528137423857,0.0,0.0
162,7.250712802389805,0.03893442433378699,4.0165243567614854e-19,0.5827809846143531,1.8198418069428555,6.286043259810976e-19,1.2092384049162872,5.3431726161622155,-1.4833664488790935e-19,0.46240983715308276,1.5495975497407908,2.1202293460959205e-19,0.6336743469784035,2.0851177593340053,2.882360475277778e-19,0.7089932011712083,2.5787691328127034,0.6481580566103774,0.10691142874797024,0.20077158900925307,0.9558410743676007,1.2923339303897432,-2.940191671188841e-10,0.0,-0.0052444196192047085,-0.005244419913223876,1.0,1.000000000000001e-12,0.0,8.48528137423857,0.0,0.0
169,7.524634112137806,0.038638289631122515,-7.824466850261599e-20,0.5836898062308827,1.7591972305023011,-6.426862487292004e-20,1.0388661242544674,3.752207165132674,5.468656465710577e-20,0.452770201349208,1.562076659174859,1.5018952946002813e-19,0.6482550092417448,2.2016210957804594,-3.474158572722716e-19,0.683292669109021,2.585927831660881,0.6402175451774563,0.10250042761490115,0.21011727850350737,0.9528352512958649,1.2890125251470672,-2.814933520645039e-10,0.0,-0.012086527919318994,-0.012086528200812345,1.0,1.000000000000001e-12,0.0,8.48528137423857,0.0,0.0
176,7.785065510199808,0.03653946386441095,3.315075197316518e-19,0.5849780497887208,1.9788589947249744,6.058403155236383e-19,0.8976842356160561,3.2435780497419486,1.0291450309139749e-19,0.45458286589712654,1.5530227384626438,1.028086239729907e-19,0.6646055650569935,2.2100174285380922,5.876291071576709e-19,0.6358250596274199,2.386018009392176,0.6285231769469275,0.10332279098362246,0.22085027855236275,0.9526962464829127,1.2827003717768328,-2.7767390875089573e-10,0.0,-0.02411878004145818,-0.024118780319132088,1.0,1.000000000000001e-12,0.0,8.48528137423857,0.0,0.0
182,8.008126706919063,0.03823283298604532,-5.10416760059521e-19,0.575819315997327,1.9319664724327614,-3.4802466220311065e-19,0.9952157470801242,3.437480530632085,1.4325444720438354e-19,0.4845296418953869,1.6765747897772392,-4.9763185651190145e-21,0.6642269664517328,2.124505233129113,-1.3737815613280684e-19,0.5871096543447777,2.030684837264151,0.6292508800649432,0.11738448693763595,0.22059873148083575,0.9672340984834149,1.2809012214449587,-2.848069690539481e-10,0.0,-0.008021078358655653,-0.008021078643462623,1.0,1.000000000000001e-12,0.0,8.48528137423857,0.0,0.0
189,8.290385718072772,0.041034789924938996,3.537421345970772e-19,0.5502328519639803,1.5764419564224244,-1.6453615000414784e-19,1.2852432621042333,4.86987627235089,8.120928381800605e-20,0.5428567842134766,1.8911238566591666,-3.620007058328066e-19,0.6422536610876336,1.9113704344413645,-1.622597489584019e-20,0.5363061900555354,1.6367667978698088,0.6433607698786721,0.14734674408329856,0.20624488259023452,0.9969523965522051,1.280855848105248,-2.9687021968379127e-10,0.0,-0.0002774442642248921,-0.0002774445610951118,1.0,1.000000000000001e-12,0.0,8.48528137423857,0.0,0.0
195,8.541109692682097,0.0423365844260075,7.109782801015783e-20,0.5351964766990843,1.6703712256126713,1.0765788759602157e-18,1.3354815629858285,4.739289532689247,-3.660770518914679e-20,0.5713114195672025,2.05296456227004,-1.7480642448960623e-19,0.6249370803689606,1.8356738970626525,2.6067438951751093e-19,0.5364970866487655,1.868952655729168,0.6318587275310256,0.16319836906394602,0.19527317721004028,0.9903302738050119,1.2633173144903576,-3.0049398232694515e-10,0.0,-0.06993758520808029,-0.06993758550857426,1.0,1.000000000000001e-12,0.0,8.48528137423857,0.0,0.0
201,8.789715103032059,0.04093600427496824,-1.5188359535453673e-19,0.5392445672532508,1.8661011857880792,-2.4087499437544166e-20,1.067350783918683,3.6583761161548916,8.322098706773501e-20,0.5595688399812857,2.0089303994697882,8.054753932796362e-20,0.6230647729119249,1.9366365722934185,-2.3939268671774663e-19,0.5783066169039789,2.0612817743487586,0.5888241019493667,0.15655864333900088,0.19410485562189428,0.939487600910262,1.223890863183986,-2.8768720017104756e-10,0.0,-0.15826714731597674,-0.15826714760366395,1.0,1.000000000000001e-12,0.0,8.48528137423857,0.0,0.0
207,9.038372313607766,0.04231597465639986,-1.9082064114863285e-19,0.5499599139791356,1.864919149554476,1.0672615135404184e-19,0.7486051891883295,2.8517410124488967,1.2726670032495863e-19,0.5291852141714901,1.840058753350089,-6.585681164902185e-20,0.6173329076429552,1.9111203398908696,-1.741711497791655e-19,0.6139030234195769,2.110862821757198,0.5634764382338525,0.14001849544886288,0.19054995942945274,0.8940448931121682,1.186351621525819,-2.687460737677328e-10,0.0,-0.15067331820200305,-0.15067331847074913,1.0,1.000000000000001e-12,0.0,8.48528137423857,0.0,0.0
213,9.285223108807056,0.039496747340270276,7.771527291058206e-20,0.5552313403135931,1.7840870520775711,1.1932576644444956e-19,0.938760996224181,3.829108443315257,-9.497356921088843e-20,0.5150232342772272,1.638935934102204,-8.6714997975159e-20,0.5856729003558497,1.7865767953159124,2.4193378555950953e-20,0.6125963865967375,1.8995519196409316,0.5950961146782956,0.13262446592268778,0.17150637310561653,0.8992269537066,1.1720573966874888,-2.5952368029039003e-10,0.0,-0.05796620685514276,-0.05796620711466644,1.0,1.000000000000001e-12,0.0,8.48528137423857,0.0,0.0
219,9.51278144118689,0.03709342125528488,1.8343557263975942e-20,0.5562580524847415,1.83165278441727,-6.164811669235205e-19,1.2803070658728548,4.431504288633894,-1.231374147070939e-19,0.5225181349234997,1.5779172093865972,2.437866701316283e-19,0.5394631056089985,1.6245820908166175,-2.5209818092656114e-19,0.5929402537107987,1.860534486605171,0.6469318482297834,0.13651260066196635,0.1455102211566527,0.9289546700484025,1.1693909902121247,-2.620299415854839e-10,0.0,-0.011911979303572608,-0.011911979565602549,1.0,1.000000000000001e-12,0.0,8.48528137423857,0.0,0.0
226,9.768999088313906,0.03651950354304867,2.288312446566696e-19,0.5546787613510841,1.762852421957391,2.217108739438131e-19,1.4155332990628016,4.627090275298101,-2.932851579868015e-19,0.5333197210143169,1.6858959283378154,1.8158268806764064e-19,0.5001304065729174,1.6857618000778534,-3.544832884259247e-19,0.5855116240875015,1.9376025483691972,0.6664176711255038,0.14221496241139442,0.1250652117893958,0.933697845326294,1.1513254998399172,-2.631043022236512e-10,0.0,-0.07051164422852779,-0.0705116444916321,1.0,1.000000000000001e-12,0.0,8.48528137423857,0.0,0.0
233,10.031058018563987,0.03854306523436335,-8.578855568909961e-20,0.5436601116522748,1.7076953562411932,4.1689902872672595e-19,1.266302181890768,4.735168587354897,-6.755087754353045e-20,0.5315390761274981,1.6535506566345382,-4.409865281642701e-20,0.4968875621267891,1.7683263329634324,8.343274530454858e-20,0.5982495605871833,1.9662479847469931,0.6245884983144985,0.14126689472523707,0.12344862469815185,0.8893040177378875,1.1093863273565838,-2.499049530990445e-10,0.0,-0.15983727099507497,-0.15983727124497993,1.0,1.000000000000001e-12,0.0,8.48528137423857,0.0,0.0
239,10.273939937720156,0.04209296916798181,-8.353862442295537e-20,0.5217428718452708,1.7827935109321928,-5.756912365573056e-19,1.0928759427205965,3.9777409434250526,-2.4161614820428917e-19,0.5242707987228475,1.5291951146828486,-1.3719286767559496e-19,0.5147447974328586,1.8308934680030045,-1.0831433813014366e-19,0.6013429804716167,1.9279925305504857,0.5654549240911261,0.1374299351967463,0.13248110324209728,0.8353659625299696,1.0654826784159386,-2.2641735999875753e-10,0.0,-0.18059207968618304,-0.1805920799126004,1.0,1.000000000000001e-12,0.0,8.48528137423857,0.0,0.0
245,10.543021509885353,0.047093500697624545,1.9831158877591307e-19,0.49256042986478865,1.7737278995897026,-6.700030612781516e-19,1.0689188717035782,4.415553924085053,-1.411103950566461e-19,0.5246485441183301,1.5564920019701487,3.8963515573697816e-20,0.5333344341028634,1.939064203028499,4.0159949611694515e-19,0.581937624789666,2.0928267854404154,0.5106295333176911,0.13762804742274165,0.14222280929991077,0.7904803900403434,1.0241390771096306,-2.0525941215189747e-10,0.0,-0.15358975781855128,-0.1535897580238107,1.0,1.000000000000001e-12,0.0,8.48528137423857,0.0,0.0
250,10.786511437121925,0.04969602631237933,2.310017665840087e-19,0.47164948082290453,1.6708076935645608,-2.2499312661442353e-19,1.125783815491252,4.010883310369341,-4.536390828138812e-19,0.5415900394997097,1.6686792462986428,-1.8708840222479359e-19,0.5362804912358721,1.875045652107636,-1.3668994186316272e-19,0.5562908456911347,2.1515280045565426,0.4742858511584371,0.14665988544264857,0.14379838264009415,0.7647441192411798,0.9920965682312085,-1.9499974918615718e-10,0.0,-0.13148703314886007,-0.1314870333438598,1.0,1.000000000000001e-12,0.0,8.48528137423857,0.0,0.0
255,11.040648423811326,0.05144450912428789,1.5601288097240144e-19,0.45954266463828747,1.528009266453246,9.916638229979721e-19,1.196290492217947,4.266830639771371,-4.235164736271502e-21,0.5762580265830379,1.8966519563248445,2.498747194400186e-19,0.5177463680048471,1.739174040286848,2.896852679609707e-19,0.5318192177164661,1.9885527200353557,0.45305919642403125,0.16603665660068864,0.13403065079110527,0.7531265038158252,0.96352170829672,-1.9641703204094583e-10,0.0,-0.11229611221530104,-0.11229611241171808,1.0,1.000000000000001e-12,0.0,8.48528137423857,0.0,0.0
260,11.297779523264227,0.05089337072831871,9.402065714522734e-20,0.4566616343381833,1.557485448290894,6.50230135915684e-20,1.2616941039736558,4.632691834575681,1.6337147970167318e-19,0.612766932600149,2.0452505755212904,2.5093351062408648e-20,0.48035858961078115,1.719031847812415,-3.102258169318875e-19,0.509553883405057,1.6153148084776214,0.45127353475985954,0.1877416568440978,0.11537218730642942,0.7543873789103868,0.9398637594419732,-2.048418175421746e-10,0.0,-0.09198339356881956,-0.09198339377366138,1.0,1.000000000000001e-12,0.0,8.48528137423857,0.0,0.0
265,11.545541109992499,0.048882531006781534,-1.2620790914089075e-19,0.4590474051949589,1.5754552054677275,7.4750657595192e-20,1.2104859828473251,4.544453727748492,-7.284483346386983e-20,0.6255801644773481,2.049715320498925,6.268043809681823e-20,0.44670552129520785,1.6044248988001062,-1.2610203002248396e-19,0.49544581199676907,1.6060103425470307,0.45415389269331796,0.195675271093753,0.09977291137781169,0.7496020751648826,0.9156509557514816,-2.1128009367900999e-10,0.0,-0.09766354420138078,-0.09766354441266087,1.0,1.000000000000001e-12,0.0,8.48528137423857,0.0,0.0
270,11.78893181498494,0.04837773820591984,-1.0820845901173687e-19,0.4597068803822943,1.5277879108975183,-2.271107089825593e-19,0.9963167216200882,4.160894074478304,-1.666537323722836e-19,0.6071988443363752,1.907068127698042,-1.326135958045014e-20,0.4307474032346646,1.4338989144855834,2.3663982963917016e-19,0.4932498436127893,1.8404948091634854,0.4518500227011476,0.18434521828171474,0.09277166269670335,0.7289669036795657,0.8874283265967601,-2.0870886389363247e-10,0.0,-0.11569990910157751,-0.11569990931028638,1.0,1.000000000000001e-12,0.0,8.48528137423857,0.0,0.0
275,12.026770354020545,0.047471671168241664,-1.6623021589865644e-20,0.4542836037850954,1.5050094842455,-5.738648217647885e-20,0.8300842847590753,3.1950580153441837,2.2996944517954254e-19,0.5723766188130134,1.8637655580118573,-5.1457251545698746e-20,0.41978308998409536,1.3673764071226957,-1.921705999083194e-20,0.4956579240368237,2.011783328635839,0.457665371087345,0.1638074968819088,0.08810892131829756,0.7095817892875513,0.8640234405741822,-2.0044157748943908e-10,0.0,-0.09818639436662377,-0.09818639456706535,1.0,1.000000000000001e-12,0.0,8.48528137423857,0.0,0.0
281,12.291022476167859,0.043078416099062884,3.323545526789061e-19,0.4439440111630487,1.51601786160984,-1.8899422635611576e-19,1.0153509514967887,3.217106295547262,6.850378960919154e-20,0.5387061369030245,1.7355150371413441,-2.4018678010579754e-19,0.39225511334033275,1.1580229681987046,9.873227791432938e-20,0.5016523399855456,2.007002078489183,0.48366156763454327,0.1451021509684901,0.07693203697081867,0.705695755573852,0.8505746615021735,-1.9531333831912413e-10,0.0,-0.050927714530576644,-0.05092771472588998,1.0,1.000000000000001e-12,0.0,8.48528137423857,0.0,0.0
286,12.51470976457658,0.04679229761024196,-1.9423524271725175e-19,0.4375206818760528,1.3245027799101985,-4.383395502041004e-19,1.2378200752112603,3.846295256362673,5.749236129488564e-20,0.5181293135465597,1.566125990885685,-1.826414792517085e-20,0.3636851848673745,1.1992625644567088,9.68529235626089e-20,0.5231463082942911,1.8775318445271143,0.5007143825849416,0.13422899277811456,0.06613345684600817,0.7010768322090644,0.8411044452231978,-1.9589230522073585e-10,0.0,-0.04241156406324128,-0.04241156425913358,1.0,1.000000000000001e-12,0.0,8.48528137423857,0.0,0.0
291,12.772495266422714,0.05352353732100885,2.879912020664621e-20,0.43487016994885747,1.3868244201696673,3.9905839727518225e-19,1.288126983129034,4.5700036922267735,1.598774687942492e-19,0.4897754828389694,1.490379911045995,1.0693790959085542e-19,0.3540853479187662,1.2366697911614084,4.524214729522032e-19,0.5701216086973833,2.164646395445219,0.4862914264867957,0.11994001179507277,0.06268821680537687,0.6689196550872453,0.8193683070426192,-1.9383761302670378e-10,0.0,-0.08409778401705907,-0.08409778421089668,1.0,1.000000000000001e-12,0.0,8.48528137423857,0.0,0.0
296,13.057418198737125,0.05906234823469819,-4.2272238023909926e-20,0.4299386379376823,1.3904196077603883,-6.331571280725895e-20,1.168844846836984,4.257992789634544,8.253277279809089e-20,0.4496071319176903,1.5132601747687815,-5.974229256102987e-20,0.377877655408264,1.2289951387803062,-3.2409598144317667e-19,0.6145399985857103,2.2743407792322508,0.4424447161432623,0.1010732865356257,0.07139576122842337,0.6149137639073113,0.7882775657984004,-1.8039710155902936e-10,0.0,-0.10870792149336025,-0.10870792167375735,1.0,1.000000000000001e-12,0.0,8.48528137423857,0.0,0.0
300,13.295880205995983,0.05958572902335172,-1.8168856718604742e-19,0.4181712025460944,1.2698038076100964,-3.382837833096862e-19,1.1365221177819584,4.875057995997566,-7.199780051661553e-21,0.42597372139447737,1.4279836154745402,-1.4081922748102743e-19,0.4033165078509401,1.4172988145172178,3.7375328797596e-20,0.6242196905382418,2.183630973186763,0.40979906140227756,0.0907268056593299,0.08133210275253869,0.5818579698141462,0.7683956325217125,-1.6090278004282597e-10,0.0,-0.08325459664416093,-0.08325459680506371,1.0,1.000000000000001e-12,0.0,8.48528137423857,0.0,0.0
304,13.51158280634902,0.05262014263843582,8.814436607365063e-20,0.40508263964986707,1.3846668445348662,-1.249373597200093e-20,1.1509226897713785,4.966437910319083,1.6120095777433403e-20,0.4227544334870238,1.41738866360391,-3.721651011998582e-20,0.42209622294529553,1.4851236091665698,3.876234524872492e-19,0.6193608423193216,2.0790368703613886,0.3827640155142983,0.0893606555164672,0.08908261071234228,0.5612072817431077,0.7538640127650449,-1.4674823660172215e-10,0.0,-0.06731968328139433,-0.06731968342814257,1.0,1.000000000000001e-12,0.0,8.48528137423857,0.0,0.0
309,13.793338664714657,0.05825605868077363,-6.988021814847978e-20,0.398285037582902,1.4235189426806185,4.8916152703935845e-20,1.0917662782800617,3.436175694965791,1.0106161851927871e-19,0.44097382401817725,1.4761282858287463,1.3044307387716225e-19,0.43626344525123245,1.6103754323024853,-5.262192184817341e-20,0.6104059844875315,1.9531416988639645,0.34732703297829676,0.09722895673460717,0.09516289683123752,0.5397188865441415,0.7354825591678908,-1.4102525692125967e-10,0.0,-0.06484866592387635,-0.06484866606490161,1.0,1.000000000000001e-12,0.0,8.48528137423857,0.0,0.0
313,14.027241593276381,0.05883692448072426,9.34912615531934e-20,0.4039142926635467,1.3635880696639782,5.712178438046188e-19,1.0750917387065466,3.4875091101334026,-3.3351922298138076e-20,0.4677504808977311,1.5249078069830417,-9.26706983855408e-20,0.4283106540236378,1.4965284771363616,-1.7194768829262297e-19,0.5915519021023911,1.7959427171815463,0.34342150101276425,0.10939525619002934,0.09172500817507818,0.5445417653778718,0.7307488598308083,-1.4884585735956418e-10,0.0,-0.019860826722025108,-0.019860826870870964,1.0,1.000000000000001e-12,0.0,8.48528137423857,0.0,0.0
317,14.270950785862716,0.06162371551089985,5.479244377551255e-21,0.4075484871860874,1.234092021961923,1.8888834723770898e-19,1.2172876679625513,4.342289190798986,9.248540992832892e-20,0.4957418177216095,1.6408807565088854,1.1921988732604277e-19,0.3977145683360215,1.3285360693459465,-1.52995326097808e-20,0.5496678833999001,1.5683657254709118,0.38103337632580164,0.12287997491896276,0.07908843893335395,0.5830017901781184,0.7436666202626305,-1.6775853905696298e-10,0.0,0.05284426987044582,0.05284426970268728,1.0,1.000000000000001e-12,0.0,8.48528137423857,0.0,0.0
321,14.501021625903391,0.05196822009761658,-1.4235447469792585e-19,0.3997603654987751,1.1199625291194761,1.0376153603865179e-20,1.3339786837469247,5.746718826979513,-1.8978831974416667e-20,0.5076924100701313,1.7426019821990686,-2.2208145085823687e-19,0.36908766936456994,1.2852304715366607,-1.52995326097808e-19,0.5101220181454621,1.3980658357488576,0.4236646798469833,0.12887579162140916,0.06811285383848503,0.6206533253068776,0.7590267869624984,-1.8741134276438338e-10,0.0,0.06649554605275898,0.06649554586534764,1.0,1.000000000000001e-12,0.0,8.48528137423857,0.0,0.0
327,14.789141800461493,0.04879761351008334,9.576766259893933e-20,0.38698776864473305,1.221655465466852,-1.9937037995998094e-19,1.2063425384019595,5.694994450382946,2.27745983693e-19,0.4946417910846301,1.6276003448217502,-1.6308031212605451e-19,0.36975662722279395,1.257636322693223,2.747563122656137e-20,0.5073788552952584,1.501557504556108,0.4298564292429032,0.12233525074370541,0.06835998168758811,0.6205516616741966,0.7584186351179809,-1.962378149053072e-10,0.0,-0.0018581213765832046,-0.0018581215728210195,1.0,1.000000000000001e-12,0.0,8.48528137423857,0.0,0.0
332,15.046693885967876,0.050579637289815974,9.280304728354928e-20,0.39562478598480666,1.3791682599871584,1.7395939154235193e-19,0.9551884745713795,3.631577677017586,2.260519177984914e-19,0.47938764272896656,1.50732731793848,3.2504889350883776e-20,0.38261061341538094,1.196950723427603,-2.1779334656276197e-19,0.5269312873520721,1.7003540146423433,0.4153640949343696,0.11490625600061763,0.07319544074904703,0.6034657916840342,0.7516285094625195,-1.9339805045062876e-10,0.0,-0.025824974602117152,-0.025824974795515203,1.0,1.000000000000001e-12,0.0,8.48528137423857,0.0,0.0
337,15.29285264206992,0.048718065677667566,-2.5188642268974756e-19,0.4211867082674334,1.4956630803873177,1.7665930906172501e-19,0.94614891226181,3.8627913919245715,2.625802136488331e-20,0.48917390653775517,1.5777849911065784,-7.970050638070932e-20,0.36816357582001435,1.237411061679556,-8.036225087075174e-20,0.5167297453163626,1.7295957115690734,0.43749844344479827,0.11964555541870422,0.06777220928028974,0.6249162081437922,0.7647810174416545,-1.9490393400047605e-10,0.0,0.05345244953142006,0.05345244933651613,1.0,1.000000000000001e-12,0.0,8.48528137423857,0.0,0.0
342,15.538608069970243,0.04985761128615753,1.1699642583950023e-20,0.4440580128849262,1.4867535637017046,-2.6490955425378243e-19,1.1024272470878422,5.040061627767075,-1.767916579597335e-19,0.5167891381675594,1.6489704512792787,6.3792168840089494e-21,0.3364565004346394,1.0441723428911498,-6.749793798432706e-20,0.4822312185113777,1.8446071519478489,0.4821004018953108,0.13353550666398442,0.05660148834236224,0.6722373969016574,0.7916265612329011,-2.0692063694603194e-10,0.0,0.10894220119686258,0.10894220098994195,1.0,1.000000000000001e-12,0.0,8.48528137423857,0.0,0.0
347,15.79832354500794,0.0535667308959878,-1.418780186650953e-20,0.4485891901324832,1.3441357192370842,-1.7893571010747095e-20,1.1415568715106013,4.9626243359031115,-1.9010595709938703e-19,0.5376255636372298,1.6885869908022217,8.645030017914203e-20,0.33468925515718,1.092070829100219,-1.8346204241936111e-19,0.4686179860050533,1.8416413597648087,0.4904107365239406,0.1445206233381245,0.05600844875883396,0.6909398086208991,0.8062410179177399,-2.1921947364133259e-10,0.0,0.05632169223479096,0.05632169201557148,1.0,1.000000000000001e-12,0.0,8.48528137423857,0.0,0.0
351,16.01300800971723,0.05420544486224659,3.756061725480788e-20,0.4337712006261628,1.313089439085105,1.3901928246811204e-19,1.0967571158233798,4.649224096838308,1.7639461126570805e-19,0.5398922069418529,1.6662238660798017,2.5442752153151046e-19,0.37026850842458886,1.174407100353462,5.852468269935181e-20,0.4880378174087961,1.6629738020223015,0.4543598011564567,0.14574179755827227,0.06854938416548492,0.6686509828802139,0.8015092130754069,-2.2008364596274456e-10,0.0,-0.021549698917542253,-0.0215496991376259,1.0,1.000000000000001e-12,0.0,8.48528137423857,0.0,0.0
356,16.299893015376192,0.05862877536821701,1.8242972101489494e-19,0.3988962538069331,1.1692184068132352,2.1302878623445654e-19,1.1313513978500076,4.4326600810180405,1.0185571190732962e-19,0.5310103551243629,1.5869529423732986,1.1932576644444956e-19,0.4269168827486433,1.4066682467737857,1.8740603958001395e-20,0.5190548003265926,1.7087627345442482,0.39647566525110467,0.140985998624651,0.09112901238790944,0.628590676263665,0.7924625178019358,-2.1038694598544787e-10,0.0,-0.031099593716427974,-0.03109959392681492,1.0,1.000000000000001e-12,0.0,8.48528137423857,0.0,0.0
360,16.53821907928554,0.06007468315069376,1.2938428269309438e-19,0.38264525554017853,1.1671720521053932,-1.6305384234645282e-19,1.1902686199842798,3.7791832853205314,-5.132490264769026e-19,0.5226498608996019,1.7446816066536819,-3.346177188348512e-19,0.4555276531637786,1.5571627924516769,1.3976043629695956e-20,0.5323195888500726,1.6802047055938778,0.37532012842246176,0.13658143854918658,0.10375272139844985,0.6156542883700982,0.7959153288303957,-1.9992548630013193e-10,0.0,0.014639327452657417,0.014639327252731931,1.0,1.000000000000001e-12,0.0,8.48528137423857,0.0,0.0
364,16.779257378252275,0.05977285377374411,1.9063535269142097e-19,0.3996278190241673,1.3243024296436765,4.0234064994579266e-20,1.158554937923292,4.03100412861315,3.1499037726019294e-20,0.519515860089532,1.8426581318531385,2.837560373301906e-20,0.46170477811003663,1.7557750795899303,1.5093068328887564e-19,0.5427341518807376,1.5967574762634105,0.38169694054175407,0.1349483644422831,0.10658565106481904,0.6232309560488563,0.8093479042104552,-1.9825992047594727e-10,0.0,0.05596015893501769,0.05596015873675777,1.0,1.000000000000001e-12,0.0,8.48528137423857,0.0,0.0
368,17.005023234651432,0.05440864298605059,-1.0646145355802487e-19,0.43435062952300924,1.4963787870790222,-1.6432439176733427e-19,1.129525379672033,4.011880716413109,1.6215386983999512e-19,0.526769619323375,1.8038679616683055,-6.553917429380149e-20,0.44542732781664013,1.6280003256661675,-2.5093351062408648e-20,0.5504597685048255,1.6810896441829983,0.41269417962012184,0.1387431159210467,0.09920275218293628,0.6506400477241049,0.8316544082274853,-2.0712184202334926e-10,0.0,0.09902878955694852,0.09902878934982667,1.0,1.000000000000001e-12,0.0,8.48528137423857,0.0,0.0
373,17.262662124174703,0.050187994919084294,1.367958209815695e-19,0.46438993716194626,1.6589377221490598,4.526332311890167e-19,1.2433178052920866,4.619318218919035,-5.3574833913834496e-20,0.5433974867955843,1.8127366178529312,9.886462681233787e-20,0.40775944625475014,1.4117613612130937,2.2234614865425384e-20,0.5465556332739067,1.9220960576614312,0.475232848104433,0.14764041432787856,0.08313388300499021,0.7060071454373018,0.8697962547134209,-2.2574693227940608e-10,0.0,0.14800739546313893,0.148007395237392,1.0,1.000000000000001e-12,0.0,8.48528137423857,0.0,0.0
378,17.504301121144973,0.047597099002269876,-5.1631952091069945e-19,0.47285791751534534,1.7035648962163934,-1.895236219481497e-19,1.3501848035236734,4.853877298999078,-1.173140631947206e-19,0.549485577927194,1.875054248971125,7.599473723647176e-20,0.38237550612059007,1.3409747255032518,1.8258853969250512e-19,0.5335743843528099,2.035824285928725,0.5334842372368969,0.1509672001749912,0.0731055138404887,0.7575569512523768,0.9075319034749851,-2.45851749223649e-10,0.0,0.1560743066273725,0.15607430638152076,1.0,1.000000000000001e-12,0.0,8.48528137423857,0.0,0.0
384,17.783399232280114,0.04519800468734823,-2.328811209357292e-19,0.47560697611578623,1.6205934310351804,-6.929788299724245e-19,1.231268731682672,3.904914651283259,-1.5521878758435054e-19,0.5336064168646292,1.827883491415005,8.359156398215876e-20,0.39935004651735495,1.3067277996574338,2.53156972110629e-19,0.5247205406231857,1.920492581485304,0.5615913487340192,0.14236790405955418,0.07974022982670678,0.7836994826202802,0.9377792567999969,-2.5601977390167857e-10,0.0,0.10855795086918586,0.10855795061316609,1.0,1.000000000000001e-12,0.0,8.48528137423857,0.0,0.0
389,18.00634140019902,0.04436816079177497,4.997494388800372e-20,0.4820306078678525,1.4978615117286602,-3.434718601116188e-19,1.0068186884815082,3.2715284379368925,-4.92867296183596e-20,0.5225131473486585,1.7098577621093871,2.248723582449908e-19,0.4310905070339264,1.46313267027735,-3.3193103620527895e-20,0.5208632241489619,1.9014365551854444,0.5611947974461691,0.13650999457610044,0.09291951262738385,0.7906243046496534,0.9567944118101671,-2.560835694437757e-10,0.0,0.08556002317409693,0.08556002291801336,1.0,1.000000000000001e-12,0.0,8.48528137423857,0.0,0.0
395,18.275070570695135,0.04614674296888705,-4.235164736271502e-22,0.48757732068585546,1.4443596394601141,1.7872395187065737e-19,0.928551666210036,3.7815446697876745,1.987880448087436e-19,0.5435576348612742,1.4805069457294175,2.381750768560686e-19,0.45563164453437627,1.5289116118905972,-2.0471727543952371e-19,0.5095648453531427,1.8359440990826625,0.5630245089280911,0.1477274512079911,0.10380009775055007,0.8145520578866323,0.9884593651745208,-2.580351533426112e-10,0.0,0.11786460299305325,0.1178646027350181,1.0,1.000000000000001e-12,0.0,8.48528137423857,0.0,0.0
400,18.51231410119115,0.04738876156030301,2.191962448816519e-19,0.48561238535196594,1.3806192740942893,4.563390003332543e-19,1.0788378206827176,4.954919137696671,-1.1498472258977127e-19,0.5837600082001791,1.6959953362650233,-2.2065208275974524e-19,0.4697220686127842,1.5876515432787879,-1.9534697346052302e-20,0.5039683239387281,1.8859106677774866,0.5606677509023198,0.17038787358693663,0.11031941087093655,0.841375035360193,1.0202701455452043,-2.6856184958024205e-10,0.0,0.13398922553651924,0.1339892252679574,1.0,1.000000000000001e-12,0.0,8.48528137423857,0.0,0.0
405,18.751728106215495,0.04831981238067323,-1.5622463920921502e-19,0.48186033970625125,1.3180095202700453,-4.105992211815221e-19,1.183759238953088,4.8055808915432054,-1.2536087619363645e-19,0.6102605184966838,1.8215515585277449,8.041519042995514e-20,0.5005195004367013,1.6157463836520323,-5.279662239354461e-19,0.5155192861798852,1.936299426856971,0.5348708060478048,0.18620895021792067,0.12525988515870254,0.846339641424428,1.0433547628774535,-2.8047432132142447e-10,0.0,0.09656427148321502,0.09656427120274069,1.0,1.000000000000001e-12,0.0,8.48528137423857,0.0,0.0
411,19.044353985693093,0.04899204086629579,5.2727800966580196e-20,0.4774526745393926,1.289875857769791,3.05990652195616e-19,1.183081415736145,4.4278951528396835,5.683591076076355e-19,0.5971223321231901,1.7408279848472774,-2.0500844301514238e-20,0.5621541351999162,1.7468804072599076,1.2784903547619596e-19,0.5320807401950635,2.075684511703229,0.49214119113293864,0.17827753976011868,0.1580086358611828,0.8284273667542401,1.062875679418785,-2.8528450367502275e-10,0.0,0.06701497128158347,0.06701497099629897,1.0,1.000000000000001e-12,0.0,8.48528137423857,0.0,0.0
416,19.294699430022717,0.050356126134023745,8.825024519205742e-20,0.47378803156105914,1.4005027597318855,6.080108374509775e-19,1.1734442232609923,4.056197504927333,-1.1027310182066923e-19,0.553688035409387,1.562445000403605,-2.0582900618279498e-19,0.61049388714164,1.8237661999111199,1.0349683824263482e-19,0.5282332777523557,2.0559800109544177,0.4850297208690265,0.15328522027775332,0.18635139311865473,0.8246663342654346,1.0863559342298383,-2.8097534725294064e-10,0.0,0.09387424769378724,0.09387424741281189,1.0,1.000000000000001e-12,0.0,8.48528137423857,0.0,0.0
421,19.537317080372475,0.04750387834119191,-8.888551990249814e-20,0.4841350174353277,1.4389491572315167,-6.979551485375435e-19,1.1392788431462715,4.21615175144607,-1.6887719385882613e-19,0.5039794299275396,1.492598701675354,-8.787966827763366e-20,0.6380474228633941,1.9263602954670864,-1.376428539288238e-19,0.5258297741703795,1.9023687735165682,0.5060271401647697,0.12699763289504387,0.20355225691130935,0.8365770299711228,1.1147834637615317,-2.7535941391442403e-10,0.0,0.11718653769253612,0.1171865374171767,1.0,1.000000000000001e-12,0.0,8.48528137423857,0.0,0.0
426,19.767864867867903,0.04481610548412695,-3.0133197098571735e-19,0.516397573607805,1.543201299396871,-5.786293820930939e-20,1.0502412930046752,3.5981201639595173,-2.6469779601696886e-21,0.4719932052000644,1.4165245473941117,-2.821678505540888e-20,0.6413200648285484,2.0251792769911217,-2.778532764790122e-19,0.5439986568384463,2.0847230106292054,0.5398340978223819,0.11138879287751503,0.20564571277584678,0.8568686034757437,1.1424166416849397,-2.7415823059380224e-10,0.0,0.12005196768240373,0.1200519674082455,1.0,1.000000000000001e-12,0.0,8.48528137423857,0.0,0.0
432,20.01201776467142,0.0385319809261026,2.5093351062408648e-20,0.5584171755385582,1.580190755603972,-1.0376153603865179e-19,1.0287650933165648,3.322416737858909,-2.1313466535286332e-19,0.4743680819297236,1.54186473452789,-6.172752603115714e-20,0.6159890434729386,1.9289505069193877,-1.640332241917156e-19,0.5714398019615774,2.130303419658947,0.5984497452222692,0.11251253857684243,0.18972125083935287,0.9006835346384645,1.1785715162396069,-2.806963706631848e-10,0.0,0.14821322408428353,0.14821322380358715,1.0,1.000000000000001e-12,0.0,8.48528137423857,0.0,0.0
439,20.273525460883533,0.03725576031300736,1.8306499572533566e-19,0.5848430073466602,1.6528416911121009,-2.1895801686523664e-19,1.2000988539292508,3.5614624062155116,-4.2881042954748955e-21,0.5098250978583188,1.8002108275618895,-1.190610686484326e-19,0.5647338343972408,1.7675830122133267,2.1517283838219398e-19,0.5860890860082799,2.0722964120858265,0.6873650568433625,0.12996081520312214,0.15946215185650509,0.9767880239029898,1.2289952882787603,-2.957616214507623e-10,0.0,0.19270139649020304,0.19270139619444143,1.0,1.000000000000001e-12,0.0,8.48528137423857,0.0,0.0
445,20.500462980123967,0.03771528122454089,-2.8169139452125826e-19,0.5896049813249563,1.669047428417506,1.7787691892340307e-20,1.3168969234107173,4.977022215084061,1.6535671317180044e-19,0.5357242602659595,1.9912286768844583,-2.5098645018328987e-19,0.5317196005509675,1.6558949723667304,-1.691948312140465e-19,0.5955494872826202,2.0150153896253586,0.742999558477372,0.14350024151875473,0.14136286680504018,1.027862666801167,1.2649889153929068,-3.101695924184204e-10,0.0,0.1584492602216805,0.1584492599115109,1.0,1.000000000000001e-12,0.0,8.48528137423857,0.0,0.0
452,20.767444967595345,0.038697255005013524,-2.0807893744893922e-19,0.5899007127034104,1.6789803618180954,-6.534859188066927e-19,1.1972325689201684,5.347708718255993,-2.950321634405135e-19,0.5328892174046937,1.9166057038928068,-9.539708568451558e-20,0.5466386480832837,1.685750379837078,-3.134021904840911e-20,0.6247859485120966,2.039872120684437,0.7272813471527729,0.14198545901309342,0.14940690578916002,1.0186737119550264,1.2734771377378897,-3.1300127578952973e-10,0.0,0.031944691939440946,0.03194469162643967,1.0,1.000000000000001e-12,0.0,8.48528137423857,0.0,0.0
458,21.003060501896027,0.03984397102191901,-7.199780051661553e-21,0.5887443286353126,1.6794600817761822,-3.970466940254533e-20,0.9430559995802686,4.119997495433536,2.462748294141878e-19,0.5106099218997174,1.6745704763782172,3.084258719189721e-19,0.5930944579480559,1.8332048149630644,1.8973538018496328e-19,0.6509301182200962,2.2051116078349917,0.6640403078139349,0.13036124617121775,0.17588051802434918,0.9702820720095018,1.2605642951114786,-3.0338996485376643e-10,0.0,-0.05443503797835348,-0.054435038281743446,1.0,1.000000000000001e-12,0.0,8.48528137423857,0.0,0.0
465,21.289215345262654,0.042607927304794097,2.762386199233087e-19,0.572501030534916,1.6096780395492942,4.1928130889087867e-20,0.9416707377946967,3.361472752695381,-3.594596069910437e-20,0.4972540606461848,1.6348028558998138,-4.817499887508833e-20,0.6374407259956726,1.9721996930877084,9.296186596115946e-20,0.6409995750574354,2.2485567417129344,0.6181443032278526,0.12363080041455979,0.20316533957894503,0.9449404432213574,1.2590435057107319,-2.936796997554044e-10,0.0,-0.005199220236972543,-0.005199220530652243,1.0,1.000000000000001e-12,0.0,8.48528137423857,0.0,0.0
470,21.508458124442917,0.04425732837992879,-2.45341769683228e-20,0.5517979578753974,1.636695879307748,-2.7486219138402046e-19,1.1802003208849565,3.9849409136722693,-1.1323771713605928e-19,0.5016710941425025,1.718758738725216,-1.2652554649611111e-19,0.651424512235954,1.8802002523181105,1.9868216569033682e-19,0.6040952796146254,2.1107771979485013,0.625872411111971,0.12583694334906778,0.2121769475709252,0.963886302031964,1.2745946484531108,-2.95210572094199e-10,0.0,0.07073210130524343,0.07073210101003286,1.0,1.000000000000001e-12,0.0,8.48528137423857,0.0,0.0
476,21.773277319611896,0.043003471710552583,4.2716930321218434e-19,0.5383596887555303,1.8970961168680756,-6.247926777184533e-19,1.338573285677645,4.887326954036517,-2.1488167080657532e-19,0.4961408474430042,1.7075508902359298,3.46595294104619e-19,0.6614819824628815,2.0652110673440367,2.1514636860259229e-19,0.5685286276508924,1.9344992381980857,0.641728900613741,0.12307787025073118,0.21877920656151195,0.9835859774259841,1.28963588011132,-3.026082537175097e-10,0.0,0.05672610359319463,0.05672610329058638,1.0,1.000000000000001e-12,0.0,8.48528137423857,0.0,0.0
482,22.023900656611023,0.04168257676341293,2.497688403216118e-19,0.5436636135052112,1.9815484045265976,-2.4341609321720456e-19,1.264326125172869,5.145738752611956,-6.818615225397118e-20,0.4658734840148174,1.692332158683593,-4.6269174743766156e-20,0.6726317905620666,2.1359726270582753,-1.4828370532870595e-19,0.5745633583357347,1.941941951289667,0.6367146149385522,0.10851905155405216,0.22621676283736583,0.9714504293299702,1.2868004164076863,-3.0309720096765905e-10,0.0,-0.011138285968763402,-0.011138286271860602,1.0,1.000000000000001e-12,0.0,8.48528137423857,0.0,0.0
488,22.267196161577285,0.039329861764413825,-2.984732347887341e-19,0.5519704514071134,1.9434545875175604,6.079578978917741e-19,1.1237688529721117,4.300357707062253,4.3145740750765924e-20,0.4307436393587741,1.5874647733550753,1.1429650832012715e-19,0.6752592063147312,2.1059289364461216,1.2943722225229777e-19,0.6077365663648128,1.891304494332997,0.6275276747584844,0.09277004142402077,0.2279874978564004,0.9482852140389055,1.2759955201014668,-2.907631641779849e-10,0.0,-0.044271488880273664,-0.04427148917103683,1.0,1.000000000000001e-12,0.0,8.48528137423857,0.0,0.0
495,22.53325575994258,0.037319885053185745,1.9518815478291283e-19,0.5571068818296768,1.7626721377266725,-2.1599340154984659e-19,1.0613218871015688,4.280055251874439,2.0355260513704905e-20,0.41885185329299857,1.4535283855517505,-1.904765340138108e-19,0.6598843134239435,2.1026625044444343,-1.505071668152485e-19,0.6547336958302991,2.1322036814210903,0.624161443955255,0.08771843750348979,0.21772365355149462,0.9296035350102394,1.2630697659247467,-2.706886815223557e-10,0.0,-0.04855603306806804,-0.04855603333875672,1.0,1.000000000000001e-12,0.0,8.48528137423857,0.0,0.0
501,22.75664776397665,0.03742029626012274,-2.956409683713525e-19,0.5637341962412424,1.6953361358871328,1.0132631631529568e-19,1.069753153425278,3.682308909166201,5.634092588221182e-20,0.4378611306509844,1.3707139383825298,1.675007653195379e-19,0.636551971323373,2.009606626502708,-3.6586529365465435e-19,0.6923940159788118,2.5002695322186126,0.6191162324526117,0.09586118486747922,0.20259920609783613,0.917576623417927,1.2496163873238453,-2.542658386248675e-10,0.0,-0.06015043795832612,-0.06015043821259196,1.0,1.000000000000001e-12,0.0,8.48528137423857,0.0,0.0
508,23.024503469962365,0.03904614749132617,1.664949136946734e-19,0.5749164647256767,1.6332748033093583,-2.6379782351051116e-19,1.1168441017910145,3.873019792969419,-2.6316254880007044e-19,0.4795746286061417,1.6387911602793062,-1.6956540812847025e-19,0.6061848535333266,1.896144867566858,-6.839791049078475e-20,0.712627535465623,2.5941177849670227,0.6136429737712591,0.11499591220135938,0.18373003832661033,0.9123689242992288,1.233215223787867,-2.49311279097086e-10,0.0,-0.06111570244109521,-0.06111570269040649,1.0,1.000000000000001e-12,0.0,8.48528137423857,0.0,0.0
514,23.26710165481034,0.04133953009350347,-1.2004045049369538e-19,0.5789751079775963,1.6219695530917884,-2.9974378420961553e-19,1.2022337279142272,4.2516698764445575,-3.1185370837739186e-19,0.5160650333836241,1.8233899689935305,1.7065066909213982e-19,0.5850354789642151,1.7386211885286693,9.767348673026151e-20,0.687706428763583,2.3684646557164877,0.6207955259293756,0.13316155934062057,0.17113325582344427,0.9250903410934405,1.22391743260083,-2.57541953239243e-10,0.0,-0.03833343728881307,-0.03833343754635502,1.0,1.000000000000001e-12,0.0,8.48528137423857,0.0,0.0
520,23.525308866417543,0.04440936351792771,-1.342547221398066e-19,0.571423669127232,1.6658049415739726,-1.8052389688357276e-20,1.2372025425639537,4.774282249585834,2.202285662861181e-20,0.5375658481331806,1.764658990049511,-5.428951796308031e-19,0.581058776708489,1.9076916201610836,-1.9164120431628545e-19,0.6226432982116151,2.091447139780775,0.6256954389623883,0.1444885205395729,0.16881465099498283,0.9389986104969441,1.2124881242300432,-2.701899842195835e-10,0.0,-0.04434163343182836,-0.044341633702018345,1.0,1.000000000000001e-12,0.0,8.48528137423857,0.0,0.0
525,23.751359202194255,0.045072390068702686,-3.494010907423989e-21,0.5562422914017809,1.6640409664800766,4.60997681543153e-19,1.1236311333486773,4.491046633657846,1.274784585617722e-19,0.5395467660932594,1.75246255659239,-3.340486185734147e-20,0.5952857784773807,2.0214039084376547,-7.665648172651418e-20,0.5617830258035695,1.7825951936421751,0.6047028686950977,0.1455553564008471,0.17718257902871054,0.9274408041246553,1.1898354285352397,-2.737505430043103e-10,0.0,-0.10007076022331345,-0.10007076049706398,1.0,1.000000000000001e-12,0.0,8.48528137423857,0.0,0.0
531,24.0232484810173,0.04509079912881892,-1.4754255149985844e-19,0.5302207157988079,1.6318980747432041,-4.877850985000702e-19,0.9115371804936546,3.0062528012236767,-2.454277964669335e-19,0.5377534944927662,1.6184603563536815,-5.073727354053259e-19,0.611696370659597,2.0718881652176195,5.759824041329242e-20,0.5142422466053964,1.5329338279857032,0.5615804960650785,0.14458941041959072,0.18708622493906155,0.8932561314237308,1.151742530175109,-2.6428606062516424e-10,0.0,-0.13977897956597315,-0.13977897983025922,1.0,1.000000000000001e-12,0.0,8.48528137423857,0.0,0.0
537,24.292037915259346,0.0447670615358638,-5.675120746603812e-20,0.503973796866728,1.533302167118395,1.274784585617722e-19,0.9873226899989498,3.349512725823976,1.0693790959085542e-19,0.5512772548279409,1.7936255837598658,1.3790755172484077e-19,0.5969283470284952,2.022451142047756,3.0657298734685333e-19,0.49513154682120736,1.4773325565878754,0.5495131570248362,0.1519533058453152,0.17816172574308575,0.8796281886132371,1.1239818314938645,-2.513550856892379e-10,0.0,-0.10317613035997729,-0.10317613061133238,1.0,1.000000000000001e-12,0.0,8.48528137423857,0.0,0.0
542,24.515191113475147,0.04441849044545134,1.0429093163068573e-19,0.4925853782540961,1.7015978132103808,-2.1948741245727058e-19,1.2054786392086834,4.79457595594997,-1.1519648082658485e-19,0.5689644429169685,1.8792061197332455,3.036083720314633e-19,0.5589773712522437,1.8527096167662092,2.0021741290723524e-19,0.5026452542974875,1.613928101130779,0.5682048413712011,0.16186026865190806,0.1562278507860343,0.8862929608091434,1.11073691954548,-2.4659221098726823e-10,0.0,-0.05948962847188169,-0.0594896287184739,1.0,1.000000000000001e-12,0.0,8.48528137423857,0.0,0.0
548,24.770761639997275,0.041665264947424424,1.1948458512205974e-19,0.493597612206697,1.7686212409152005,3.595654861094505e-19,1.3066418690700212,5.462891531814558,-2.02334995275371e-19,0.5770599203396758,1.8663812501366426,-6.871554784600512e-20,0.509664341741392,1.6379949928377944,-2.948733447629033e-20,0.5498900616759512,1.830462415525716,0.5814340914549327,0.16649907583121643,0.12987887062134318,0.8778120379074923,1.0893332601099304,-2.43871255652582e-10,0.0,-0.08377842672972761,-0.08377842697359887,1.0,1.000000000000001e-12,0.0,8.48528137423857,0.0,0.0
554,25.01881665453599,0.041440489459783576,-2.3002238473874594e-19,0.4964065232231146,1.6115802809683126,4.529508685442371e-19,1.2003358727118436,4.955255792334027,-1.996880173152013e-19,0.5666142460260762,1.8088062426039415,1.207021949837378e-19,0.47812369641927877,1.5180903731978659,1.2440796412797536e-19,0.6187400084144853,2.1678864162220393,0.5607060106502683,0.16052585189984944,0.11430113453881728,0.835532997088935,1.0532007150911968,-2.319760459703057e-10,0.0,-0.14547090025486956,-0.1454709004868456,1.0,1.000000000000001e-12,0.0,8.48528137423857,0.0,0.0
560,25.27344259900477,0.043437885575656414,-8.719145400798954e-20,0.4927625798162324,1.7487648927404404,-8.385626177817573e-20,1.0910357966639939,3.5955317351547373,2.29492989146712e-19,0.5491681356576819,1.657955754877805,-9.412653626363413e-20,0.4636648615760534,1.474107611648536,2.5040411503205254e-19,0.6707553141051393,2.630097774942066,0.5246070279343706,0.15079282061086702,0.10749255193017039,0.7828924004754081,1.0118613790836553,-2.0991172638003547e-10,0.0,-0.16214531945401267,-0.1621453196639244,1.0,1.000000000000001e-12,0.0,8.48528137423857,0.0,0.0
566,25.54242985617593,0.045540357669391913,1.2456678280558554e-19,0.48939648896218874,1.7286137250842462,-1.8041801776516597e-19,1.1432993126324136,3.768920805489741,-2.950851029997169e-19,0.5364689001218858,1.5279662774103273,-2.158875224314398e-19,0.4590321484487556,1.586596992734178,1.1879637085241562e-19,0.6767094136320619,2.651368548553964,0.49975148789617563,0.14389944039899297,0.10535525665474021,0.7490061849499088,0.9780040618391761,-1.8756580101952622e-10,0.0,-0.12580291507730065,-0.12580291526486645,1.0,1.000000000000001e-12,0.0,8.48528137423857,0.0,0.0
571,25.762089608995485,0.04286700652848964,-1.2300506580908543e-19,0.49010088135697905,1.5166814169684093,1.3806637040245096e-19,1.184441392583481,4.371671919711762,7.39036246479377e-20,0.5312976035339442,1.5225919863610673,2.32987000054136e-19,0.46263914998847133,1.5627292758390539,5.992758101824175e-20,0.6458766458008917,2.3035749012163347,0.4899522640037091,0.14113857176045608,0.10701749155102762,0.7381083273151927,0.9577581120957932,-1.7628219207839414e-10,0.0,-0.09213716949399955,-0.09213716967028175,1.0,1.000000000000001e-12,0.0,8.48528137423857,0.0,0.0
577,26.015960343131578,0.04257368724905105,1.3404296390299303e-19,0.4853421364323789,1.524489102094395,-3.2166076171982055e-19,1.143086959433241,4.777608605983273,1.3446648037662018e-20,0.5314181845442648,1.657755993023441,4.1186977060240354e-20,0.47228934575273035,1.5161626170407727,1.972527975918452e-19,0.5846708085654331,2.0525757340155186,0.48218617222541976,0.14120264343216116,0.111528613055771,0.7349174287133519,0.9387428294540334,-1.7673846462861156e-10,0.0,-0.07483689212228951,-0.07483689229902799,1.0,1.000000000000001e-12,0.0,8.48528137423857,0.0,0.0
583,26.28109065862337,0.046095533318516436,-1.130788984584491e-19,0.4670775830120479,1.4244484981588126,-1.06276165100813e-19,1.14031756730366,4.32875117664444,-1.8687664398798e-20,0.5414427204526062,1.7202155601457296,-2.0588194574199838e-19,0.47938351453419203,1.7294087947157881,-6.641267702065749e-20,0.5130538528594606,1.8468372256093355,0.4744387914211726,0.14658010976555955,0.11490427700357697,0.7359231781903092,0.921898004296049,-1.8692036958553604e-10,0.0,-0.06351079400788465,-0.06351079419480501,1.0,1.000000000000001e-12,0.0,8.48528137423857,0.0,0.0
588,26.535857281674282,0.05339295477413843,-3.255782891008717e-20,0.4466765371367905,1.2973516869217847,-2.2721658810096607e-19,1.2276028696169237,4.947438208157945,-2.254166430880507e-19,0.5549029401595031,1.7863500955687195,-6.892730608281869e-20,0.4806898888389003,1.7246121776199814,3.5035400280806e-19,0.4689251867741922,1.6390839997272137,0.4582298321196052,0.15395863649883057,0.11553138461597715,0.7277198532344129,0.9026217621640171,-1.9982769168476605e-10,0.0,-0.07561709680560308,-0.07561709700543078,1.0,1.000000000000001e-12,0.0,8.48528137423857,0.0,0.0
593,26.79921627065805,0.05205264003502595,-8.629148150153185e-20,0.4350305265658517,1.2205502285917436,-7.4750657595192e-20,1.2240564280062765,4.504661462752843,1.321205961594198e-19,0.5617732695158372,1.798874666772083,-7.661677705711164e-20,0.47808108125900783,1.6251230181856524,-5.982170189983496e-21,0.47370222528599193,1.6420687034881043,0.4269518930818664,0.15779460317125668,0.114280760128891,0.699027256382014,0.8738943420359482,-2.047223299560598e-10,0.0,-0.10880328732231959,-0.10880328752704192,1.0,1.000000000000001e-12,0.0,8.48528137423857,0.0,0.0
597,27.007275903794987,0.052199938316771256,-2.4701598324303534e-19,0.4312136980570221,1.266704784095485,-6.374981719272678e-19,1.1075088223221443,4.64859946747582,-1.8221796277808136e-19,0.5622810633130166,1.9248832432078218,-2.191697751020502e-20,0.46710048132418974,1.6270122402501717,-1.8687664398798001e-19,0.49884874211091024,1.8125014198126794,0.40723565806961304,0.1580799970802083,0.10909142982664484,0.6744070849764662,0.8506880330296331,-1.99420953252553e-10,0.0,-0.11117528920673557,-0.11117528940615652,1.0,1.000000000000001e-12,0.0,8.48528137423857,0.0,0.0
602,27.27386884285661,0.054266262474989696,-3.0707591315928557e-19,0.4284277702264274,1.3291835359436548,7.05154928589205e-20,0.9796436699532224,3.3348649491981304,-2.7327400460791865e-19,0.5630315694655882,1.9035180456116487,-4.063111168860472e-20,0.4307482492142043,1.4730177104274038,-2.9434394917086937e-20,0.5229222531109394,2.109319303705651,0.4155998453337894,0.15850227410744172,0.09277202710055113,0.6668741465417822,0.8334770479979612,-1.918419565350299e-10,0.0,-0.0644294864435168,-0.06442948663535876,1.0,1.000000000000001e-12,0.0,8.48528137423857,0.0,0.0
607,27.552880252284933,0.056649701673844616,4.8386757111901907e-20,0.4311636826426997,1.3030603879938334,1.0270274485458392e-20,1.0341416315594945,4.206987492781238,-6.676737206732022e-19,0.5577849589355542,1.7969248028928755,-1.5011012012122304e-19,0.3778492606550348,1.2380062793855742,1.563040485480201e-19,0.5299464542189088,2.1121609368773893,0.454415666176485,0.15556203020736897,0.07138503188877822,0.6813627282726321,0.8285754361329928,-1.9124547267971867e-10,0.0,-0.017650467774390215,-0.01765046796563569,1.0,1.000000000000001e-12,0.0,8.48528137423857,0.0,0.0
611,27.772751582366798,0.054312706591734365,5.998052057744514e-20,0.43771991778628866,1.2365555925218161,-4.716914725022385e-20,1.1008253887633874,4.351616393180921,2.4278081850676383e-19,0.5371220071127188,1.7514681099601566,-2.1142736456855387e-19,0.3526671467085004,1.1370121577359864,2.0877376916348376e-19,0.5342676762266526,1.902677329553599,0.47718413173889507,0.14425002526239777,0.06218705818375747,0.6836212151850504,0.8228775998311771,-1.9670405681116535e-10,0.0,-0.025789286596777903,-0.02578928679348196,1.0,1.000000000000001e-12,0.0,8.48528137423857,0.0,0.0
616,28.022249176806543,0.04588631075463937,2.99267328176785e-19,0.4419001914825595,1.2858474155377508,-4.902203182234263e-19,1.1377660495332,3.7723902744302187,-2.030761491042185e-19,0.4950381051039159,1.704974510160568,5.717472393966527e-20,0.3552050297414852,1.2012199402312085,9.068546491541353e-20,0.5406757851311005,1.740138978791545,0.48392043211127633,0.12253136275243785,0.06308530657682469,0.6695371014405388,0.8115515902666891,-1.9841371091699795e-10,0.0,-0.0451667457417797,-0.04516674594019341,1.0,1.000000000000001e-12,0.0,8.48528137423857,0.0,0.0
622,28.275392218225225,0.040843768069571885,6.167458647195374e-20,0.43658708647721783,1.4064361640858838,-4.711620769102046e-19,1.1994326633074675,4.929773793618477,2.0921713797181218e-19,0.4504352392832665,1.6492460747738655,1.5107626707668497e-19,0.37384691429495065,1.404191273656608,1.8751191869842074e-19,0.5454643347621667,1.6541859430753134,0.478540109303975,0.10144595239408677,0.0698807576639281,0.6498668193619899,0.800081038960252,-1.9150668401895804e-10,0.0,-0.04528576210140151,-0.0452857622929082,1.0,1.000000000000001e-12,0.0,8.48528137423857,0.0,0.0
628,28.524472913885848,0.0429368404484097,2.872500482376146e-19,0.4262973064968922,1.429057808190457,-1.2350799162151767e-19,1.2333910525546763,4.786664273208373,1.9688222067742144e-19,0.42400803165182666,1.48890789524535,1.852355176526748e-19,0.39639546613297266,1.4416405157078613,2.974673831638696e-19,0.5633411420202855,1.7101936190913412,0.4514574588636945,0.08989140545262822,0.07856468278538833,0.619913547101711,0.7841636053061336,-1.7782418219497405e-10,0.0,-0.06392732150558413,-0.06392732168340831,1.0,1.000000000000001e-12,0.0,8.48528137423857,0.0,0.0
633,28.762304154933098,0.051776562186075764,-3.954585072493515e-20,0.41784164660315615,1.2617291381740703,-2.0622605287682044e-19,1.129740676833234,4.240862725510288,-6.130400955752999e-20,0.4186693508530252,1.3060165870202038,1.6334500992207148e-19,0.4217069314829134,1.347127029838922,5.455421575909728e-20,0.6029386674028802,1.9214650220832452,0.3939933291655582,0.08764201267184674,0.08891836803036728,0.5705537098677722,0.757626537793521,-1.6392139297531642e-10,0.0,-0.11126460840018768,-0.11126460856410907,1.0,1.000000000000001e-12,0.0,8.48528137423857,0.0,0.0
637,29.000044588967533,0.062280299179920125,-1.0513796457794003e-19,0.4087423581776171,1.2706060998402249,2.0752307207730358e-19,0.9902975228436813,4.007382856235234,1.0390711982646112e-19,0.43262481861461893,1.4575941615979124,-3.1477861902337936e-19,0.4370494260828505,1.4548968135082259,-5.1457251545698746e-20,0.6374287732398174,2.1239391401695666,0.3383677052580096,0.09358211684066597,0.0955061004196745,0.52745592251835,0.7326671919956095,-1.576258457705237e-10,0.0,-0.10417787245942549,-0.10417787261705133,1.0,1.000000000000001e-12,0.0,8.48528137423857,0.0,0.0
642,29.30551714961051,0.061142701989694605,-2.175551185463467e-19,0.3902622953516728,1.4619766061142192,-2.872500482376146e-19,1.1826042754862267,4.054580525355335,6.437450399132683e-20,0.475996580340835,1.6611579058862644,3.917527381051139e-21,0.41197429659579576,1.4363998622996703,3.171079596283287e-20,0.6154674602251522,2.167248679975663,0.3535990379808798,0.11328637224808451,0.08486141052780033,0.5517468207567646,0.7388842838254848,-1.6842794432383452e-10,0.0,0.02044094580954579,0.020440945641117845,1.0,1.000000000000001e-12,0.0,8.48528137423857,0.0,0.0
646,29.554679879369253,0.062278313073300076,2.5029823591364575e-19,0.3824782005763242,1.4131539764912133,2.7994438906754626e-19,1.4247115473138459,4.656172948019105,7.747704489416678e-20,0.5096750010102123,1.7275386955567011,-1.7920040790348792e-19,0.3659226593581038,1.337822098426742,4.759795767977134e-19,0.5483917258657622,1.952673634073634,0.42386719597368033,0.12988430332737994,0.06694969631585343,0.6207011956169137,0.768848932882235,-1.9342493954230825e-10,0.0,0.11961239479217173,0.11961239459874679,1.0,1.000000000000001e-12,0.0,8.48528137423857,0.0,0.0
650,29.797022702630958,0.058538552517935626,-1.9397054492123478e-19,0.40019982058988457,1.485025062037265,6.235221282975718e-19,1.365428442433852,4.597747663584611,2.380162581784584e-19,0.5182170302275748,1.6877051551379205,4.138550040725308e-20,0.346125103266146,1.4269100043549732,2.6723889485873176e-19,0.5020956025408344,1.6882198409808173,0.4617619375415852,0.1342744452089436,0.059901293555500106,0.655937676306029,0.7839059682660566,-2.104780076375312e-10,0.0,0.06213920603311528,0.06213920582263727,1.0,1.000000000000001e-12,0.0,8.48528137423857,0.0,0.0
654,30.016435186769492,0.05194117236051357,0.0,0.4314052607580263,1.6182300126652398,2.9688504801263227e-19,1.029351388123547,3.878163486188232,-2.7592098256808834e-19,0.5083939640013232,1.598260809920844,9.312068463876964e-20,0.36189042692961776,1.4932375094217631,-3.5151867311053464e-20,0.5055589352090372,1.7822693344540097,0.44824441506904356,0.12923221131648935,0.0654823405516505,0.6429589669371834,0.7774505634706516,-2.1282224782081386e-10,0.0,-0.028704061191808395,-0.028704061404630644,1.0,1.000000000000001e-12,0.0,8.48528137423857,0.0,0.0
659,30.25596463382514,0.04598735079621054,-8.232101456127731e-20,0.4539183015644407,1.7271774957926334,-4.1414617164814947e-19,0.6922975029134647,2.3718446889336793,-1.3880752423129847e-19,0.5021341148598671,1.5795347860725477,-7.326834993749698e-20,0.3790588114618679,1.4931597737421674,-1.496071943087908e-19,0.5212491696344127,1.8124592959985306,0.42964649324113535,0.12606933465305115,0.07184279127344195,0.6275586191676285,0.7727605985891028,-2.0912544319415782e-10,0.0,-0.019118160166224685,-0.019118160375350128,1.0,1.000000000000001e-12,0.0,8.48528137423857,0.0,0.0
665,30.530188563164447,0.04623979516625315,2.5199230180815435e-20,0.44080240018658323,1.6779892657650968,1.929117537371669e-19,0.9795650620346473,3.6503740939725073,3.203902122989391e-19,0.5178033128034618,1.8273653335189803,1.5408058706147757e-19,0.3697584253657519,1.5139510885570937,-1.1037898093907601e-19,0.5068869529503931,1.7657784738631042,0.45507083980438146,0.13406013537511988,0.06836064656448015,0.6574916217439815,0.7952245517377217,-2.1301705412407942e-10,0.0,0.08177781873889857,0.08177781852588152,1.0,1.000000000000001e-12,0.0,8.48528137423857,0.0,0.0
670,30.7724904324283,0.05047845266895768,4.701032857261367e-20,0.40847610067101153,1.489032236490098,-4.821735052245105e-19,1.2818450893622588,4.589058871549085,1.6760664443794468e-19,0.5330946918042141,1.9149622743666777,2.1609928066825337e-19,0.36474599743918584,1.397166643126416,-1.7517700140403e-19,0.4876240273814091,1.5534753835685589,0.4828278193496699,0.14209497521491501,0.06651982132395329,0.6914426158885382,0.8221622790740011,-2.2628271924546108e-10,0.0,0.11090336942485858,0.11090336919857587,1.0,1.000000000000001e-12,0.0,8.48528137423857,0.0,0.0
675,31.050333336939925,0.059109123298449286,5.844527336054672e-20,0.3942812637845337,1.215616182668248,4.800559228563747e-19,1.2744035643814382,4.288708968685842,-1.0953194799182171e-19,0.5285613200724059,1.9498926904010823,-8.165927007123489e-21,0.4041469952639728,1.3505778843792813,1.1096131609031334e-19,0.5061604186165479,1.6875951378330907,0.45716846840350234,0.1396885345383421,0.08166739689044883,0.6785243998322932,0.8293653564537433,-2.354683020066221e-10,0.0,0.026272307452406544,0.026272307216938243,1.0,1.000000000000001e-12,0.0,8.48528137423857,0.0,0.0
679,31.281833477834024,0.0570379616759547,1.3616054627112878e-19,0.41144215815714497,1.1707539253562094,1.1953752468126314e-19,1.0783673035186558,3.78129248725251,6.236280074159786e-20,0.514365073413333,1.776277205654509,-3.528951016498229e-19,0.45266099915217933,1.44061835993671,3.8709405689521525e-19,0.535951679001109,1.7871961211555438,0.40789299542352647,0.13228571437375175,0.10245099007672465,0.6426296998740029,0.8226366245512365,-2.328965016486253e-10,0.0,-0.028374019710947065,-0.028374019943843566,1.0,1.000000000000001e-12,0.0,8.48528137423857,0.0,0.0
683,31.510740287407366,0.057979131284313264,-1.7099477622696188e-19,0.430416726152526,1.3317817892055266,2.150404894841855e-19,0.935462203136601,3.5539694419176726,-2.70971133782571e-19,0.5071763412061888,1.5820267534262735,3.884440156549018e-19,0.4844652259170431,1.593932821480028,-5.1298432868088564e-20,0.5421333003884298,1.8746165688496412,0.3826074830378705,0.1286139205396482,0.1173532775614258,0.6285746811389444,0.8252832578556842,-2.2515183659357472e-10,0.0,0.011897144792847961,0.011897144567696125,1.0,1.000000000000001e-12,0.0,8.48528137423857,0.0,0.0
688,31.78820893486287,0.05440999689953926,-6.860966872759833e-20,0.4363451584089114,1.4876791949174768,-2.1567576419462622e-19,0.9803986599525086,3.350039907568932,4.8492636230308694e-20,0.5126921374485662,1.5972471942239737,-2.7565628477207137e-19,0.492447993054793,1.6092228113557934,6.384510839929289e-20,0.5102550147767354,1.641505152365941,0.4064927123962093,0.13142661390078975,0.12125251293184672,0.6591718392288457,0.8507216007889901,-2.2083025973366694e-10,0.0,0.09170225304522593,0.09170225282439567,1.0,1.000000000000001e-12,0.0,8.48528137423857,0.0,0.0
693,32.035684658526215,0.04716779292794477,-3.431806925360001e-20,0.43810673449866155,1.520887244812143,-7.835054762102278e-21,1.1466519137043933,4.321574216154511,1.5670109524204556e-20,0.5238973569003592,1.7107260260461405,5.658180087658726e-19,0.47929161951164634,1.4836569056600293,-9.00501902049728e-20,0.4693093560553449,1.5598546663363733,0.4603267354839652,0.13723422028359117,0.11486022826704836,0.7124211840346046,0.8867492556555454,-2.2763760077052842e-10,0.0,0.14559889918350435,0.14559889895586675,1.0,1.000000000000001e-12,0.0,8.48528137423857,0.0,0.0
698,32.26700843381366,0.046231418406457794,-1.9964169520089834e-19,0.45213610701966317,1.4625166355067938,8.07328277851755e-20,1.3231545045395783,4.65234030367429,3.0302603688022595e-19,0.5369763895565544,1.8413746849671713,1.351546946462643e-19,0.45642538364181046,1.3878846282563568,3.0053787759766644e-19,0.4464472320929447,1.655339105640333,0.5182778732721232,0.14417182147059618,0.10416206541628692,0.7666117601590062,0.924588910957025,-2.444090777027965e-10,0.0,0.16357084641733058,0.1635708461729215,1.0,1.000000000000001e-12,0.0,8.48528137423857,0.0,0.0
704,32.54238830762675,0.04533334915135022,-4.478686708607113e-20,0.4835010768527472,1.456720846281036,-3.6157718935917946e-19,1.398917558998757,5.460657130512993,-1.7112712512497037e-19,0.5532629585657868,1.7965816847185951,-2.0699367648526965e-20,0.4290992956899867,1.2914704096149818,-1.683477982667922e-19,0.46424845110184865,1.7628566348258197,0.5689622849342018,0.1530499506604837,0.09206310278082133,0.8140753383755067,0.9643306297309537,-2.6416740136288276e-10,0.0,0.14429260146369477,0.14429260119952736,1.0,1.000000000000001e-12,0.0,8.48528137423857,0.0,0.0
709,32.769486642090534,0.045800581720945616,-3.528951016498229e-19,0.5108264113103301,1.5791269784776365,-6.4295094652521735e-19,1.2426574675237407,4.796135784939385,-1.1763170054994096e-19,0.5630330490824821,1.6905692848356275,2.6051557083990075e-19,0.4223722825432888,1.472908978214312,-3.0466716321553115e-20,0.5136079143733661,1.8681012701977648,0.5765111454594551,0.1585031071795583,0.08919917253041387,0.8242134251694273,0.9846367319207201,-2.731461937868846e-10,0.0,0.08957796408481371,0.08957796381166751,1.0,1.000000000000001e-12,0.0,8.48528137423857,0.0,0.0
715,33.04379508707554,0.04513444283133443,-6.739205886592027e-20,0.5321021684458452,1.5746168365732267,-6.383452048745221e-19,0.9014950003454574,3.3795713150340747,4.282810339554556e-20,0.5715209087380773,1.7097338076133828,-9.068546491541353e-20,0.43652983750977675,1.6706182764144166,-9.873889535922981e-20,0.5696576322427597,2.054057441829266,0.5593996503498861,0.16331807456239883,0.09527914951815605,0.817996874430441,1.0008936748011523,-2.6795467124700373e-10,0.0,0.05958113490543561,0.05958113463748094,1.0,1.000000000000001e-12,0.0,8.48528137423857,0.0,0.0
720,33.26303899560113,0.04283386601103148,4.58985978293424e-20,0.5324876488500586,1.4747748635563351,2.5728625772849373e-19,0.8667391624030091,2.988814207117456,-3.5331861812345003e-19,0.5796283941240763,1.8831998932528982,-6.673031437587785e-20,0.45397885160053153,1.6721718690397793,1.0699084915005881e-19,0.5763678558272274,2.084335434556901,0.5582654634348104,0.16798453763742774,0.10304839885026869,0.8292983999225069,1.022040773185112,-2.618817032721889e-10,0.0,0.09656985139699711,0.09656985113511542,1.0,1.000000000000001e-12,0.0,8.48528137423857,0.0,0.0
726,33.51749041919496,0.042635093044855375,4.579271871093561e-21,0.5159873118422852,1.5815352552804072,9.486769009248164e-20,1.1441942185829992,4.406969613575896,-1.537894194858589e-19,0.5854057451540909,1.9902995217616115,-1.0474091788391458e-19,0.4791696868462925,1.59909335343264,3.204960914173459e-19,0.5351129632551384,1.8818945302849792,0.5804855511181302,0.1713499432297082,0.11480179439618703,0.8666372887440253,1.05875247167001,-2.6744664977666186e-10,0.0,0.1441641339137811,0.14416413364633446,1.0,1.000000000000001e-12,0.0,8.48528137423857,0.0,0.0
732,33.783326046257095,0.04563652135197849,-1.6781840267475825e-20,0.49806670305159945,1.5646615237406594,-1.1329065669526267e-19,1.3008569741963727,5.498906658088238,1.8049742710397106e-19,0.5741242060324129,1.8045055478142198,-1.6196858138278324e-19,0.5217337133654323,1.5144061727273408,2.5802741155734124e-19,0.4749272550583444,1.8229357609395587,0.5947897719376349,0.16480930197617416,0.13610303383104155,0.8957021077448506,1.0927052339271506,-2.8325973808588074e-10,0.0,0.12770359452574484,0.1277035942424851,1.0,1.000000000000001e-12,0.0,8.48528137423857,0.0,0.0
737,34.01050658567336,0.04463307925901418,-9.211483301390516e-21,0.49673439752226284,1.690991441331926,3.808471889092148e-19,1.2190854572309018,4.865292384257803,-4.491392202815928e-19,0.5520917633583468,1.6602308418222953,3.781472713898417e-19,0.564990475871682,1.7058300734840228,6.066873484708926e-20,0.44996878591084,1.7762381912805894,0.5832472865426107,0.15240265758406435,0.15960711891285484,0.8952570630395299,1.109531597191785,-2.946607698677144e-10,0.0,0.07429502473721057,0.0742950244425498,1.0,1.000000000000001e-12,0.0,8.48528137423857,0.0,0.0
743,34.271984161376935,0.04328744017158164,1.658066994250293e-19,0.5066333084070145,1.6227110228674169,1.3129010682441655e-19,1.0860887588384454,3.745291049674872,-1.4590142516455323e-19,0.5324449135641963,1.7071176968627888,-2.1811098391798234e-20,0.6000244000675231,1.883890744171904,-2.0328790734103208e-20,0.46365503364959865,1.7763569007478615,0.5648684975011662,0.14174879299019227,0.1800146403381955,0.8866319308295539,1.1246900885294742,-2.9483163205768113e-10,0.0,0.058135274754525144,0.05813527445969351,1.0,1.000000000000001e-12,0.0,8.48528137423857,0.0,0.0
749,34.53374760345547,0.044011688386130454,2.1472285212896514e-19,0.5155890615271276,1.4841386693350211,-1.6644197413547002e-19,1.1151616475613193,4.404013430548394,-2.97520322723073e-20,0.5289391946734421,1.662139514149962,-8.893845946170154e-21,0.6114245381012711,1.85791327233035,-9.34647917735917e-20,0.5116332082785877,1.8492668303148125,0.5581018961045082,0.1398883358308947,0.18691998289617634,0.8849102148315793,1.1425077034773845,-2.86560069872209e-10,0.0,0.0680667703255392,0.06806677003897914,1.0,1.000000000000001e-12,0.0,8.48528137423857,0.0,0.0
754,34.757634044745544,0.04523341054459574,1.274784585617722e-19,0.5223967882736094,1.4583372264305243,1.369017000999763e-19,1.1587177265992818,4.30196250134341,4.8069119756681544e-20,0.5263116174781874,1.6369403961656106,1.0995546446544886e-19,0.6128541167341022,1.865976174907494,4.092624973116364e-19,0.5697151112224648,1.8864090448325552,0.5532914359081964,0.13850195934625295,0.1877950841989683,0.8795884794534177,1.1550188968002966,-2.770755660481488e-10,0.0,0.055981120917953854,0.05598112064087829,1.0,1.000000000000001e-12,0.0,8.48528137423857,0.0,0.0
760,35.02950049277689,0.0447469384519223,-1.0042634380883798e-19,0.5344139504718051,1.5621896411034633,-9.02513605299457e-19,1.1170912269405042,3.8952635381320277,6.596269076742864e-20,0.5100595118470403,1.6936580215346915,1.3698110943878138e-19,0.613818052569194,1.897782773660595,7.943580858469235e-20,0.6313822333388196,2.0948925973557966,0.5541450920068473,0.13008035281282052,0.18838630082991886,0.8726117456495865,1.1686317981150027,-2.7128177086713984e-10,0.0,0.050326024103843486,0.05032602383256172,1.0,1.000000000000001e-12,0.0,8.48528137423857,0.0,0.0
766,35.28467038559083,0.041633664999641135,-1.6337147970167318e-19,0.5467785107083312,1.7211462978343322,2.437337305724249e-19,1.1069496033125814,3.9554429928888823,-1.7152417181899582e-20,0.49068769110576027,1.6660580111278318,-1.0767906341970293e-19,0.6085386383457217,1.8965410255409858,-1.393369198233324e-19,0.6488187913098056,2.1607159697604006,0.5888236904763122,0.12038720510135098,0.18515963717983258,0.8943705327574958,1.1931909424056417,-2.744614112164836e-10,0.0,0.0962983179639419,0.0962983176894805,1.0,1.000000000000001e-12,0.0,8.48528137423857,0.0,0.0
772,35.53413370178594,0.040767113326911866,8.152692117322641e-21,0.5597148153669116,1.8737174581495226,-2.5199230180815435e-20,1.1744618092229993,4.113820837835272,-1.8391202867258996e-19,0.4804794256714692,1.5746214628891453,-1.3129010682441655e-20,0.5980374861628183,1.8516091920762352,6.479802046495398e-20,0.6289218868180362,1.9463780409515188,0.6462144064602803,0.11543023924679241,0.1788244174279715,0.9404690631350442,1.2260900202870806,-2.859747621650782e-10,0.0,0.13172951961416687,0.1317295193281921,1.0,1.000000000000001e-12,0.0,8.48528137423857,0.0,0.0
778,35.765754252088946,0.037241723789534976,-1.563305183276218e-19,0.5764403539003886,1.9138812453019047,-3.0048493803846305e-19,1.1728447323140405,4.746308877496208,-4.309280119156253e-20,0.477367666627703,1.500064256967451,-9.666763510539703e-20,0.5954407039391287,1.9478588943161892,-1.3234889800848443e-19,0.604549854562774,1.8282715748641556,0.6796866482578958,0.11393994457078888,0.17727481595376257,0.9709014087824474,1.246855966932215,-2.958523075840577e-10,0.0,0.08963405993678912,0.08963405964093682,1.0,1.000000000000001e-12,0.0,8.48528137423857,0.0,0.0
785,36.016752567221815,0.03515831032491474,1.5760106774850326e-19,0.5928524265335977,2.0682333721700465,-2.5291874409421374e-19,1.0489722222465685,3.86826430124954,4.1345795737850535e-19,0.47625440599888363,1.5347134520946666,3.0292015776181916e-19,0.605489005793745,2.1081300368918288,2.0466433588032032e-19,0.5909835759566885,1.8538689279865168,0.6764643584610518,0.11340912961667474,0.1833084680685489,0.9731819561462753,1.250791052718474,-2.9650883567584267e-10,0.0,0.015831458124594126,0.01583145782808529,1.0,1.000000000000001e-12,0.0,8.48528137423857,0.0,0.0
792,36.26280247314371,0.03549931084595226,4.404041930130328e-19,0.5902717435844909,2.0866124249985383,-1.4060746924421386e-19,0.9681060314543685,2.958535861240657,1.9248823726353975e-19,0.47810127263572366,1.6118885267972582,-9.43912340596511e-20,0.6175043282726298,2.2441834502095723,3.0051140781806474e-19,0.5826372170806248,1.7933339279265774,0.661045074993375,0.11429041344794927,0.1906557977177159,0.9659912861590401,1.2483029380931687,-2.898105577197666e-10,0.0,-0.01000448770146885,-0.010004487991279407,1.0,1.000000000000001e-12,0.0,8.48528137423857,0.0,0.0
799,36.521059092915706,0.038272534545595586,-2.219226321806267e-19,0.5642607911839794,1.8799586313496968,2.7412103755517295e-19,1.0706505219961295,3.9861664924889277,1.1011428314305904e-19,0.4788098437147578,1.5982346384752737,4.5252735207061e-19,0.6246188278891194,2.3025775313610644,-2.54030474837485e-19,0.5777789192870851,1.7026792033046887,0.6528415299053146,0.11462943321907539,0.1950743400767887,0.9625453032011787,1.2477533327625565,-2.8422523623092533e-10,0.0,-0.0021580576002996005,-0.0021580578845248367,1.0,1.000000000000001e-12,0.0,8.48528137423857,0.0,0.0
805,36.76539530485886,0.04272373616183137,1.51248320644096e-19,0.5380256507248511,1.5765160357532666,-4.2870455042908276e-19,1.203213738823936,4.986834953549602,-2.567568621364598e-19,0.46983542692155245,1.4924013880781577,2.276401045745932e-19,0.6304316830806669,2.265857327617022,4.737561153111709e-19,0.59673716588203,1.9439305798260658,0.6372213533631068,0.11037266419527869,0.19872205351596123,0.9463160710743468,1.2411838407794356,-2.829258072753543e-10,0.0,-0.026843855584170344,-0.02684385586709615,1.0,1.000000000000001e-12,0.0,8.48528137423857,0.0,0.0
811,37.03432609130991,0.0452016049009302,1.683477982667922e-19,0.5277078774301401,1.502912090931686,-4.019171334721655e-19,1.2758008276170218,4.440899138694615,1.1405828030371188e-19,0.4562363815664513,1.4643040215851073,2.064642808932357e-21,0.6340568884454056,2.129155021258786,-6.680972371468294e-20,0.6429171728166204,2.197923524220249,0.6072292123571583,0.10407581793242425,0.20101406889253481,0.9123190991821174,1.2249356406723315,-2.8018217618350813e-10,0.0,-0.060170327375614355,-0.06017032765579653,1.0,1.000000000000001e-12,0.0,8.48528137423857,0.0,0.0
816,37.264100983401164,0.04677155655924884,-1.5868632871217283e-19,0.5283871438601624,1.391799137700023,-6.061579528788587e-19,1.3070112551400415,4.666585879728944,1.8740603958001395e-20,0.4596692633604165,1.440493195643413,1.8422966602781032e-19,0.6256415402805822,1.9544979426997058,-2.7983850994913947e-19,0.6757648799275485,2.300000525553717,0.5943201579228028,0.10564791583915398,0.19571366846232963,0.8956817422242864,1.2146931173813593,-2.707011065571145e-10,0.0,-0.04445941742490429,-0.0444594176956054,1.0,1.000000000000001e-12,0.0,8.48528137423857,0.0,0.0
822,37.54087432837997,0.045004777188781826,1.6718312796431753e-19,0.5309169073842425,1.438587479062735,-2.5781565332052767e-19,1.2675177138464007,4.851633746404838,-1.4309562852677336e-19,0.48375129327732297,1.397845505154185,3.282252670610414e-20,0.6049829411705132,1.880593912689137,4.1859309462123455e-19,0.690265703685776,2.3005739143110215,0.5972321806809885,0.11700765687374128,0.1830021795536623,0.897242017108392,1.2088902169169555,-2.5380740954135065e-10,0.0,-0.021062053305130477,-0.021062053558937886,1.0,1.000000000000001e-12,0.0,8.48528137423857,0.0,0.0
827,37.75792853766392,0.04215948822066151,4.378895639508716e-19,0.5378105845808197,1.5208334336078513,-4.8069119756681544e-20,1.0931240298527327,3.925371014151477,1.3563115067909484e-19,0.5009020098703113,1.5490629939458451,1.2737257944336541e-19,0.5962693270920968,1.9380789026162737,2.2160499482540633e-19,0.6910111261987139,2.2934469759642595,0.5880704972296505,0.1254514117460587,0.17776855521543097,0.8912904641911402,1.1979830410697831,-2.3508656619178307e-10,0.0,-0.05018531205138981,-0.05018531228647638,1.0,1.000000000000001e-12,0.0,8.48528137423857,0.0,0.0
834,38.03349142655786,0.03787293174907998,2.3235172534369526e-19,0.5481289068243177,1.7189343152640935,5.749236129488564e-20,0.7958051089599688,3.120253098548971,4.8757334026325663e-20,0.5124949923697467,1.6110034967861373,8.682087709356578e-21,0.5996350788502174,2.102709424747161,2.7740329022578336e-19,0.6801725933280827,2.181664214004323,0.5598601417657868,0.13132555860203338,0.17978111389385318,0.8709668142616733,1.1756593124684818,-2.2259490491785332e-10,0.0,-0.08076845870745301,-0.08076845893004791,1.0,1.000000000000001e-12,0.0,8.48528137423857,0.0,0.0
840,38.25750316211292,0.03732037273591081,-3.501951841304498e-19,0.5429950623093706,1.7518751571791646,-1.7205356741102976e-19,0.8845663887258604,3.1952399046690347,2.567568621364598e-19,0.5260093284666444,1.5678939706136363,1.8910010547452255e-19,0.597728097073484,2.0153685838067354,-5.4263048183478615e-21,0.6472802321215586,2.076002140987369,0.5580042070633451,0.1383429068169651,0.17863943901554416,0.8749865528958543,1.16674835061314,-2.2396124375553764e-10,0.0,-0.03969286991742156,-0.039692870141382806,1.0,1.000000000000001e-12,0.0,8.48528137423857,0.0,0.0
847,38.52826053074966,0.04028986649791728,-1.4516027133570572e-19,0.5191866581849939,1.7409773141808713,-1.8984125930337006e-19,1.284013824885457,4.704991963405704,1.427250516123496e-19,0.5538759640750299,1.6368867072721922,-2.7740329022578336e-20,0.5793378984037513,1.754624128267253,-5.110785045495635e-19,0.5822249418077492,1.8324729780324902,0.5899525844459279,0.15338929179002192,0.1678162002634376,0.9111580764993874,1.170500465135845,-2.388733912796967e-10,0.0,0.013671888727192855,0.013671888488319463,1.0,1.000000000000001e-12,0.0,8.48528137423857,0.0,0.0
853,38.78735635644936,0.04445922080544039,-1.7147123225979242e-19,0.5064152543273147,1.5571504585101938,1.9312351197398048e-19,1.4200729528507845,4.876384447133047,2.149346103657787e-20,0.573539638088249,1.8448015941870484,5.706884482125849e-20,0.5651354497234085,1.781450340805179,-3.706827935421632e-19,0.5447570933499778,1.6600250581170086,0.5958833777460139,0.16447385822919983,0.15968903826703956,0.9200462742422533,1.159860591013174,-2.5282269183722025e-10,0.0,-0.041146718562140694,-0.04114671881496339,1.0,1.000000000000001e-12,0.0,8.48528137423857,0.0,0.0
858,39.007634840090375,0.043533145918495934,-1.3224301889007764e-19,0.5167182241916364,1.561807449324465,-1.6374205661609693e-19,1.211641593653981,4.263932295261529,6.082755352469944e-20,0.5738229114242924,1.8580190059813253,-2.7729741110737657e-19,0.5679382600601541,1.7756528744189517,-8.682087709356578e-21,0.5582098044175277,1.7453495163011625,0.5551160334574279,0.16463636683772565,0.1612769336200776,0.8810293339152311,1.1264377776872294,-2.5065715467359415e-10,0.0,-0.15136024525514807,-0.15136024550580524,1.0,1.000000000000001e-12,0.0,8.48528137423857,0.0,0.0
864,39.2678960140785,0.043846284329863136,1.6527730383299535e-19,0.5342228942650559,1.5452002181899804,-2.581002034512459e-19,0.7838038280053163,3.387245883233768,-3.7703554064657044e-19,0.5643052581631638,1.7280853505173923,4.8492636230308694e-20,0.57095333054317,1.7730829232964687,1.8973538018496328e-19,0.5852117277694646,1.8781772234596201,0.5038763147897509,0.15922021219529744,0.16299385282916914,0.8260903798142175,1.0815518795494956,-2.3762441095825147e-10,0.0,-0.17203510829384144,-0.17203510853146586,1.0,1.000000000000001e-12,0.0,8.48528137423857,0.0,0.0
870,39.53530772593965,0.044833575345500074,-9.526473678650709e-20,0.5331076959379021,1.6183235819836002,4.139873529705393e-19,0.8365352809165824,3.4242660664250764,1.716300509374026e-19,0.5605788313387419,1.7200265344937358,-8.576208590949791e-20,0.547176717683558,1.8176575807548083,3.686710902924342e-19,0.5708722719380562,1.922401941164756,0.5185884713270983,0.15712431307255476,0.14970118018747602,0.8254139645871291,1.063106835508889,-2.2859977174113663e-10,0.0,-0.06898459081980067,-0.06898459104840045,1.0,1.000000000000001e-12,0.0,8.48528137423857,0.0,0.0
875,39.75945133786286,0.04499388034422475,-5.535360310306853e-19,0.5191075522810213,1.661813663076138,-1.615715346887578e-19,1.1810960861334052,4.198356473320159,-1.8973538018496328e-19,0.5603462214637617,1.7890703268320325,-3.7708848020577383e-19,0.5103284163392481,1.8339239750533003,-3.8307065039575733e-19,0.5341795169890272,1.8524428857062811,0.5701389044455514,0.15699394395435748,0.1302175462616625,0.8573503946615714,1.064611835143304,-2.3142819124580527e-10,0.0,0.006422161473130115,0.006422161241701924,1.0,1.000000000000001e-12,0.0,8.48528137423857,0.0,0.0
881,40.03494141285563,0.0464928517408013,1.0328508000582125e-19,0.5017528703169037,1.5781734353702548,-2.31239994600424e-19,1.3792752812567168,4.324797211667997,3.0969642133985356e-21,0.5505610013014036,1.8705973544382861,-1.0045281358843968e-19,0.47564209197672463,1.7354081465820697,-1.5797164466292701e-19,0.5189677923433124,1.7601657242944353,0.602977426778659,0.15155870807700209,0.11311769982999745,0.8676538346856585,1.0534899782778726,-2.344607191091669e-10,0.0,-0.04042792205055075,-0.04042792228501147,1.0,1.000000000000001e-12,0.0,8.48528137423857,0.0,0.0
886,40.26098772712471,0.044695805910015804,3.945055951836904e-19,0.49100641992457567,1.5014970862725256,-6.521094902674045e-19,1.2940098247609506,4.137402699238222,2.0498197323554068e-19,0.5351477394425408,1.7821668945577906,-1.402898318889935e-19,0.4699282400840806,1.5288926708679353,1.818473858636576e-19,0.5521760102368847,1.7691102377928125,0.5755494776228457,0.14319155151523077,0.1104162754142606,0.829157304552337,1.0218961334625012,-2.2500617655937176e-10,0.0,-0.13949666907322295,-0.13949666929822913,1.0,1.000000000000001e-12,0.0,8.48528137423857,0.0,0.0
892,40.529058254223564,0.04505606344526629,-1.8899422635611576e-19,0.47606486893032757,1.5762389593794104,-4.782559778434593e-19,1.072017548974673,3.499846716872174,9.17971956586848e-20,0.5203071714534067,1.774734951869403,-3.2176664083822734e-19,0.4775445471102243,1.5808427410647081,1.6363617749769015e-19,0.6073326399089596,1.9992310530635822,0.5095717931683498,0.13535977633292234,0.11402439723735464,0.7589559667386268,0.9725706565606536,-2.0307783792372717e-10,0.0,-0.18371141575189784,-0.18371141595497567,1.0,1.000000000000001e-12,0.0,8.48528137423857,0.0,0.0
897,40.76057207143053,0.04714409669275187,-2.091112588534054e-20,0.45783251721487367,1.537446800838365,-1.9672340199981125e-19,0.9628101985233759,3.806205414668437,2.6480367513537564e-19,0.515968339162128,1.7470846704890306,1.1572587641861878e-19,0.4825083629613101,1.5390840043381295,5.653944922922455e-20,0.6362567505478242,2.1566142199270324,0.4604440115195779,0.13311166350886233,0.11640716016380166,0.709962835192242,0.935672111562816,-1.7992879092498713e-10,0.0,-0.15920442448796265,-0.15920442466789145,1.0,1.000000000000001e-12,0.0,8.48528137423857,0.0,0.0
902,41.004396804941635,0.04991785542702889,1.0824816368113941e-19,0.43542302490174517,1.4488044024565845,-2.312929341596274e-19,1.0217565280315304,4.2528416644576,-7.81917289434126e-20,0.5184955119301942,1.6829493872889896,5.2727800966580196e-20,0.47972919939595704,1.5556159456824248,-1.4558378780933287e-19,0.6380725495321519,2.241766380396891,0.43517949336883416,0.13441879794587708,0.11507005237654291,0.6846683436912542,0.9096652722537413,-1.677549109675542e-10,0.0,-0.10657175903031707,-0.10657175919807198,1.0,1.000000000000001e-12,0.0,8.48528137423857,0.0,0.0
907,41.262286199102924,0.05253754666930587,3.061494708732262e-19,0.4186886372681583,1.380737905868832,-4.446922973085077e-20,1.2099552891142529,4.5732905610824925,-3.458541402757715e-19,0.5265200610862423,2.0028231386060265,7.189192139820874e-20,0.4667798181128959,1.5737029839504093,-2.1885213774682985e-19,0.6140760706409543,2.0913555914189157,0.43666034353605554,0.13861168736313012,0.10894169929875405,0.6842137301979397,0.8949695730408289,-1.7048686968434993e-10,0.0,-0.05698314255652145,-0.056983142727008315,1.0,1.000000000000001e-12,0.0,8.48528137423857,0.0,0.0
912,41.526111023117174,0.051382230333143264,2.898440866385809e-20,0.42544572270962483,1.3697735390038004,-6.416274575451325e-20,1.361756383016624,5.809475792081987,-4.3807485240808346e-20,0.5338742828203735,2.1639397599990513,-1.8089447379799652e-19,0.4502381619167022,1.3904167278002317,-1.895236219481497e-19,0.5788404587407782,1.9932880281642484,0.44823888117900335,0.14251087492848405,0.10135720122306527,0.6921069573305526,0.8839293532559314,-1.8594864550137831e-10,0.0,-0.04187894188717507,-0.04187894207312372,1.0,1.000000000000001e-12,0.0,8.48528137423857,0.0,0.0
917,41.782457632527816,0.05116074967055704,-8.258571235729428e-20,0.4529827947894519,1.3910958314675672,7.195544886925281e-19,1.3008948773209978,5.009984081574409,8.809142651444724e-20,0.5296462012841414,2.06435892755207,-4.08164001458166e-20,0.4443931429666429,1.4259604669396568,-9.206189345470177e-20,0.5523594783339351,2.04797192324249,0.4459503726605434,0.14026254926736065,0.09874263275788554,0.6849555546857895,0.8660754556361161,-2.0086116173148991e-10,0.0,-0.06948742781433155,-0.06948742801519271,1.0,1.000000000000001e-12,0.0,8.48528137423857,0.0,0.0
922,42.0396174190894,0.05179499284732931,-1.4097804615863761e-19,0.47482640315248953,1.4586677857282102,1.1064367873509298e-19,1.0233962117349773,3.8245122877557263,8.311510794932822e-21,0.5144212599043363,1.868872050139304,5.2727800966580196e-20,0.4471630292317169,1.6601222353869112,3.790472438962994e-20,0.5349482053714676,1.7656613353688726,0.4337100009463561,0.1323146163207823,0.09997738735584269,0.6660020046229811,0.8432451792349652,-2.0415275042616447e-10,0.0,-0.0884352184769822,-0.08843521868113495,1.0,1.000000000000001e-12,0.0,8.48528137423857,0.0,0.0
927,42.280044393776855,0.04608596713098197,2.8084436157400396e-19,0.47168419896167885,1.480214411318625,2.626860927672399e-19,0.8414081428359539,3.5087265910978367,3.902174908882155e-19,0.5053702580946146,1.7967792908611657,-1.1204657705398292e-19,0.4396693481460208,1.7011278390029068,5.270397816493867e-19,0.5175270830840039,1.76260375944049,0.43632554489428427,0.12769954888330864,0.09665456784957344,0.6606796616271664,0.8296494855426078,-1.996481084810653e-10,0.0,-0.05639365386676486,-0.056393654066412974,1.0,1.000000000000001e-12,0.0,8.48528137423857,0.0,0.0
932,42.511404082486,0.047354114182848746,-4.454334511373552e-19,0.4506765244819682,1.4178626346317094,-1.0630263488041469e-19,0.9981690882668484,3.3781755778861715,2.404514779018145e-19,0.5114709090310776,1.7662255727768454,-5.489832289391934e-20,0.41475680818521243,1.6152323859795668,-1.8401790779099675e-19,0.5063372576475668,1.847926227396484,0.4542515313332273,0.13080124539253846,0.08601160496799254,0.6710643816937584,0.8262978896519065,-1.9817751316527465e-10,0.0,-0.014566050438093415,-0.014566050636270927,1.0,1.000000000000001e-12,0.0,8.48528137423857,0.0,0.0
937,42.77098814411959,0.05520593607592639,2.1175823681357508e-20,0.4252657245209068,1.3766958188642828,5.490891080576002e-19,1.2295593807512646,4.3740461899556715,-1.0312626132821107e-19,0.5260107127567193,1.7004016556803747,-2.9963790509120874e-20,0.38083323946744996,1.5554750500198462,2.958791963877678e-19,0.5253479984682101,1.883528494533061,0.4629336354234369,0.13834363496741592,0.07251697814163605,0.6737942485324889,0.8208286669376545,-2.0274394823623e-10,0.0,-0.021064902098838816,-0.021064902301582762,1.0,1.000000000000001e-12,0.0,8.48528137423857,0.0,0.0
942,43.05644205592426,0.057103272689830904,3.4622471719019526e-20,0.4100369655141929,1.4496787208524802,-4.086933970501999e-20,1.216910855915177,4.626450447295611,5.982170189983496e-21,0.5315027706474951,1.7266663647746667,-1.44524996625265e-20,0.3640893791526558,1.3199091933948992,1.129730193400423e-19,0.5775679916227102,1.9484757129565384,0.43911997442365414,0.14124759760298186,0.06628053800588318,0.6466481100325192,0.802996539974117,-2.0628315352133295e-10,0.0,-0.06206638438854254,-0.06206638459482569,1.0,1.000000000000001e-12,0.0,8.48528137423857,0.0,0.0
946,43.273806097979204,0.053285401665491984,7.861524541703975e-20,0.40413025600958785,1.5221604816036884,4.3124564927084566e-19,1.0980119466960783,4.380030178191595,2.752857078576476e-21,0.5256213996512318,1.8205735641918377,-1.7205356741102976e-21,0.36784676364407376,1.2303246934126957,4.446922973085077e-21,0.6048066115158645,1.9255423266774616,0.4177347089777508,0.13813892788565996,0.06765562076170953,0.6235292576251202,0.7899484584668213,-2.019376169887356e-10,0.0,-0.05972501607386348,-0.059725016275801096,1.0,1.000000000000001e-12,0.0,8.48528137423857,0.0,0.0
951,43.543434131951145,0.05502225452174375,2.0625252265642213e-19,0.3977993652568298,1.503621623562227,-4.446922973085077e-21,1.055282735984388,4.153088326679755,9.285598684275267e-20,0.5095616874236002,2.01890427265044,-8.356509420255707e-20,0.386255795467524,1.3248852776048006,-2.2764010457459322e-20,0.601538408258895,1.83528227671787,0.4063813182616427,0.12982655664499337,0.07459676976612487,0.610804644672761,0.7831004977237599,-1.92917536389235e-10,0.0,-0.025397890929692763,-0.0253978911226103,1.0,1.000000000000001e-12,0.0,8.48528137423857,0.0,0.0
955,43.76194778111978,0.05356581570019706,1.1625527201065272e-19,0.3945964328469232,1.3742205282451427,-5.480303168735323e-19,1.0855942128042204,4.371361646239826,-4.2351647362715017e-20,0.48847519317102145,2.0093325891024687,-6.125106999832659e-20,0.41399175605622207,1.252284329402533,3.0996111913587053e-20,0.5817545577799081,1.9871888696107516,0.39701822007139587,0.11930400717173337,0.08569458704125724,0.6020168142843865,0.7790897600100217,-1.847724151585442e-10,0.0,-0.018287860963260422,-0.01828786114803284,1.0,1.000000000000001e-12,0.0,8.48528137423857,0.0,0.0
960,44.01836944745268,0.05096979987963536,-1.2541381575283984e-19,0.3968437648776515,1.4148971864532487,-2.0773483031411716e-19,1.0678429837988157,3.4671761781515515,3.621065849512134e-20,0.4586169071907197,1.7672691015017912,2.3086941768600024e-19,0.45067346833395494,1.5795174077575616,1.9248823726353975e-19,0.5591147417108112,2.0381034585437323,0.3796116449323011,0.1051647337805906,0.10155328753007815,0.5863296662429699,0.7722874632606017,-1.8184072841769818e-10,0.0,-0.02617920487721103,-0.02617920505905176,1.0,1.000000000000001e-12,0.0,8.48528137423857,0.0,0.0
965,44.290609887158766,0.0584907096192156,-1.9280587461876011e-19,0.4091275289884853,1.3288843967026174,3.3600738226394027e-19,1.1021919939973983,3.8374851943456694,2.754180567556561e-19,0.4443831777512606,1.5714180582941744,-2.423043624739333e-19,0.46220855911940595,1.7835339381308848,1.7282119101947897e-19,0.5294124842170566,1.8209086683508078,0.39021681458886054,0.09873820433415426,0.10681837606161868,0.5957733949846334,0.7782667172263684,-1.8904200368730802e-10,0.0,0.02225365129983291,0.022253651110790907,1.0,1.000000000000001e-12,0.0,8.48528137423857,0.0,0.0
969,44.52157896380445,0.056473153834589535,-9.534414612531218e-20,0.42678664801248845,1.2012057333766706,7.946227836429405e-20,1.2587024723450502,4.432594032821403,-1.113583627843388e-19,0.46035309250512796,1.699731859536388,-2.440513679276453e-20,0.4362792782960885,1.6418386028656617,-1.6898307297723292e-19,0.49420352952193747,1.553355705023002,0.43909045924029455,0.10596248488951744,0.09516980433527789,0.6402227484650899,0.8013365775201916,-2.069556910074082e-10,0.0,0.09967097723791395,0.09967097703095826,1.0,1.000000000000001e-12,0.0,8.48528137423857,0.0,0.0
974,44.79472836878736,0.05291995875293291,-1.6840073782599559e-19,0.4495108883375877,1.343254139901119,3.196490584700916e-19,1.3639856052415984,5.566798043426191,-9.560884392132915e-20,0.49355955396323564,1.8176642241040475,-5.140431198649535e-20,0.3877403664117753,1.45748269775064,-4.2192828685104836e-20,0.47535708507058166,1.6204092982388127,0.49526739016575183,0.12180051665419404,0.07517129587256888,0.6922392026925147,0.8284208753133195,-2.2621552679717227e-10,0.0,0.09895885569096385,0.09895885546474832,1.0,1.000000000000001e-12,0.0,8.48528137423857,0.0,0.0
979,45.05018819595982,0.05084852547186893,5.320425699941074e-20,0.463894437019727,1.3763694482579025,-3.3447213504704185e-19,1.2201373498056245,4.872519839206753,1.5445116397590133e-20,0.5140866289495102,1.9016455352941117,1.2710788164734844e-19,0.36502112567414025,1.3824944339174667,1.9359996800681102e-19,0.5053120252185028,1.7816370345210306,0.4990476157383237,0.13214253103233564,0.06662021109420824,0.6978103578648676,0.8333724345232905,-2.3391764536221196e-10,0.0,0.019726230888652104,0.01972623065473446,1.0,1.000000000000001e-12,0.0,8.48528137423857,0.0,0.0
983,45.2515046643774,0.050063471669543905,4.0234064994579266e-21,0.46796796365102067,1.4500297886003661,-7.519534989250051e-19,1.031989525265959,4.070984798999782,6.405686663610646e-20,0.5213733625928649,1.9109705927372018,-1.1699642583950023e-20,0.36619760361360537,1.3092941055397742,-2.6988587281890145e-19,0.5348360805875118,1.7985790768734788,0.48398977865878134,0.13591509161069545,0.0670503424461736,0.6869552127156504,0.831238956098341,-2.3029516115638288e-10,0.0,-0.01010722196181201,-0.010107222192107171,1.0,1.000000000000001e-12,0.0,8.48528137423857,0.0,0.0
989,45.53860767603454,0.046003652871918106,1.6040686438628313e-19,0.46686652961682745,1.398790717440383,-1.2811373327221293e-19,0.9882766076220307,3.2316313944730677,-2.710505431213761e-19,0.5285449239720471,1.8310786350055492,4.50515648820881e-20,0.37229890991893,1.5223345559758599,-1.3806637040245096e-19,0.5362756736338845,1.9181036128465108,0.4881411571413939,0.1396798683283085,0.06930323916341177,0.6971242646331142,0.8440772352920245,-2.284197874739275e-10,0.0,0.044810528324424205,0.044810528096004415,1.0,1.000000000000001e-12,0.0,8.48528137423857,0.0,0.0
994,45.759088414780244,0.043293502798567855,-1.8253560013330172e-19,0.46568461746579465,1.5043302547088815,2.9347044644401337e-19,1.1024167847017075,4.311598283111401,-1.402898318889935e-19,0.5338413865820595,1.8423471568289265,-1.7615638324929277e-19,0.37979004572798375,1.638976013616661,-7.379774552953092e-20,0.5074611221908841,1.785601719388584,0.5093936039682063,0.14249331301392792,0.072120239417032,0.7240071563991661,0.8656569292607108,-2.3668899708992404e-10,0.0,0.09772312467996652,0.09772312444327752,1.0,1.000000000000001e-12,0.0,8.48528137423857,0.0,0.0
1000,46.019939671019706,0.044170964783528145,-1.61465655570351e-20,0.4640154702197871,1.5323099078710702,-2.710505431213761e-19,1.153464662488323,5.136454787413981,2.786738396466648e-19,0.5389249638502879,1.9949257889171137,1.4637788119738378e-20,0.40688907216776316,1.6479042541426292,-5.378659215064807e-20,0.4763210625339493,1.5850597130898663,0.51322689140245,0.14522005833051707,0.08277935852477157,0.7412263082577387,0.8852637405281473,-2.495779130543835e-10,0.0,0.07518857460680155,0.07518857435722363,1.0,1.000000000000001e-12,0.0,8.48528137423857,0.0,0.0
1006,46.29717177267598,0.048080005490952905,-2.848148285142585e-20,0.4527802872613574,1.480303758568839,-1.6347735882007997e-19,1.1378285095653178,4.50564745189306,9.476181097407485e-21,0.5479882743608256,2.167341714802291,2.380956675172635e-19,0.451479848795051,1.7315832650797338,-1.0296744265060088e-20,0.46378619167072394,1.601504073931379,0.481158499601045,0.15014557441847776,0.10191702693400106,0.7332211009535239,0.8932144884153218,-2.575961489439343e-10,0.0,0.028904368553617187,0.028904368296021037,1.0,1.000000000000001e-12,0.0,8.48528137423857,0.0,0.0
1011,46.54932040945511,0.052830781695491484,-1.68188979589182e-19,0.43180087913022147,1.3926729200121946,3.55330321373179e-19,1.1658377260236605,4.370109139628758,-3.7629438681772293e-19,0.5582772587679281,2.1040795646282437,-2.345751868302378e-19,0.4898535134200472,1.6828412261128394,-3.525774642946025e-20,0.45478905998780184,1.6028816531250152,0.44705276536195343,0.15583674882871612,0.11997823230498217,0.7228677464956518,0.8986909128534726,-2.550742217633138e-10,0.0,0.02185203688307293,0.021852036627998707,1.0,1.000000000000001e-12,0.0,8.48528137423857,0.0,0.0
1015,46.775750500606286,0.057764773202425686,1.232432938255007e-19,0.4180887876543969,1.3320246281007053,8.004461351553138e-20,1.1375373009371659,4.145903878180708,-4.7645603283054394e-20,0.5583355815020157,1.7930457343274837,-1.0767906341970293e-19,0.5193266530865531,1.8199802345496137,-7.99387343971246e-21,0.4503239277436323,1.461803954663271,0.4238604349686108,0.155869310785597,0.13485008630304054,0.7145798320572483,0.9041836611328709,-2.4712173343191867e-10,0.0,0.024413765199520626,0.024413764952398893,1.0,1.000000000000001e-12,0.0,8.48528137423857,0.0,0.0
1019,47.004204038523575,0.05597279293756509,1.7115359490457206e-19,0.4261587726679698,1.4024982755943258,-3.5045988192646677e-20,1.0038553075758512,3.507077022528766,2.1975211025328754e-19,0.5461268234235245,1.7719413201464826,7.813878938420921e-20,0.5401161775631124,1.9633585053965112,-5.659238878842794e-20,0.46075410228548286,1.4845566789572382,0.41226214868813804,0.14912725363133472,0.14586274263269372,0.7072521449521665,0.9104343601335435,-2.4045218726133095e-10,0.0,0.0277626701154031,0.027762669874950914,1.0,1.000000000000001e-12,0.0,8.48528137423857,0.0,0.0
1024,47.26806526575914,0.05077423224211789,-3.5808317845175547e-19,0.45942176929861345,1.59271174886365,6.116636670360116e-19,0.9647401475497901,3.6009237501927225,2.994129119645943e-19,0.5340974333524617,1.9103259651880178,-8.83561243104642e-20,0.5354236138415609,1.816101144766252,1.6305384234645282e-20,0.4820571964195957,1.7724060015970595,0.43806788472999975,0.1426300341568436,0.14333922312957842,0.7240371420164218,0.9301187331133788,-2.4228742906702875e-10,0.0,0.0748975589151364,0.07489755867284897,1.0,1.000000000000001e-12,0.0,8.48528137423857,0.0,0.0
1029,47.50752365357488,0.04640520279702499,-6.702148195149651e-20,0.489684427110249,1.7243676517352076,1.2959604092990795e-19,1.204007771738345,4.968502528973404,-9.923520372676162e-20,0.541141595540569,1.9338229365733561,-1.0905549195899117e-19,0.4952875732272888,1.5846169138263562,-2.7674154573574094e-19,0.49498773549007924,2.0289443087791774,0.5091573149664932,0.14641711321209636,0.12265489009668845,0.778229318275278,0.9670376801090774,-2.5671319825882185e-10,0.0,0.15405448582786713,0.15405448557115392,1.0,1.000000000000001e-12,0.0,8.48528137423857,0.0,0.0
1035,47.77860567017057,0.04467434412910976,-2.0535255014996444e-19,0.5115763749565686,1.6925664233292217,1.717359300558094e-19,1.407000569211187,5.364402497187947,1.4833664488790935e-19,0.5543965118711193,1.7799792819958586,-2.0516726169275256e-19,0.43600843951772167,1.3905664467022938,-2.338869725605937e-19,0.5154131955169767,2.088766309313634,0.5964331300449139,0.15367774618743207,0.09505167966533934,0.8451625558976854,1.0119399413335404,-2.7446999392110276e-10,0.0,0.1654557238433458,0.1654557235688758,1.0,1.000000000000001e-12,0.0,8.48528137423857,0.0,0.0
1040,48.0034674223965,0.04534221699344112,7.591532789766667e-20,0.526447250494898,1.6056968295643943,-6.71273610699033e-19,1.2996445237791499,5.009056006492238,-1.0053222292724477e-19,0.5475740089679616,1.7828549992994591,3.14460981668159e-19,0.4169005234060934,1.3362529708872568,-8.703263533037936e-20,0.5492096569034647,2.0363686349701844,0.6272054499707559,0.14991864764862267,0.08690302320813731,0.8640271208275159,1.0323705807893788,-2.801967018330022e-10,0.0,0.09102566618053087,0.09102566590033417,1.0,1.000000000000001e-12,0.0,8.48528137423857,0.0,0.0
1046,48.2680582906118,0.04249987001441195,1.2006692027329707e-19,0.5440019562060392,1.5530167496858134,-1.61465655570351e-19,0.9493042431308427,3.4103715654400135,-2.777738671402071e-19,0.5185922686366754,1.8004023595555907,3.662358705690781e-19,0.44091407566400964,1.3796270617606075,1.6866543562201256e-19,0.5851869935816514,2.1174187409465595,0.6210093620773934,0.13446897054486684,0.09720261105932398,0.8526809436815843,1.042343385454334,-2.7275830008833004e-10,0.0,0.03803596802671003,0.03803596775395173,1.0,1.000000000000001e-12,0.0,8.48528137423857,0.0,0.0
1052,48.51433714177322,0.04092445687517022,-1.8232384189648815e-19,0.5506735009193998,1.5249731847429415,-7.877406409464993e-20,0.8389594954579601,3.0186993663261568,5.849821291975012e-20,0.49534972905602376,1.7539965863756906,6.776263578034403e-21,0.47664835918055104,1.6665136767360442,1.3483705729104394e-19,0.5863493506733388,1.989701614977467,0.6163027171928723,0.12268567703793806,0.1135968291547558,0.8525852233855662,1.0590095540197844,-2.6569628061630683e-10,0.0,0.06774774806421503,0.06774774779851875,1.0,1.000000000000001e-12,0.0,8.48528137423857,0.0,0.0
1058,48.77228187404739,0.044900539844245246,-8.337980574534519e-20,0.5414154859603015,1.5109510910094415,2.908499382634454e-19,1.0908386983202853,4.874955248165854,-1.6816250980958031e-19,0.4922510467430927,1.6945398952457331,1.2599615090407718e-19,0.5118571019094624,1.7817669005618193,4.801088624155781e-19,0.5604431100848485,1.9357642150860594,0.6178209914779312,0.1211555465098352,0.13099884638757686,0.8699753843753433,1.085780280266146,-2.695840555113694e-10,0.0,0.10366499415530549,0.10366499388572144,1.0,1.000000000000001e-12,0.0,8.48528137423857,0.0,0.0
1063,49.00431589456666,0.04631477121519093,3.6740054087155277e-19,0.5258611453833493,1.5272891672846443,8.237395412048071e-20,1.2758560488217783,5.1529253578365815,2.056172479459814e-19,0.5012249731293218,1.5770767631271092,1.9926450084157415e-19,0.5478714078409227,1.8004676884553252,-1.3023131564034868e-19,0.5404654061413118,1.8977607149727889,0.5984158713676073,0.12561323684424464,0.15008153976479732,0.8741106479766493,1.1030599586550298,-2.7817405314883e-10,0.0,0.07451230253445006,0.074512302256276,1.0,1.000000000000001e-12,0.0,8.48528137423857,0.0,0.0
1069,49.27331880765961,0.04384063983164535,2.381750768560686e-19,0.5082904860972806,1.509409206411632,-1.461131834013668e-19,1.316441609632179,4.9122891380861144,1.8687664398798e-20,0.5128456251142056,1.6267113208194042,3.0821411368215854e-19,0.5932167461945312,1.796062075983429,-1.1921988732604277e-19,0.5323556761067064,1.8987679898535195,0.5500168279582669,0.1315053175993901,0.17595305398281347,0.8574751995404705,1.1099469463117018,-2.8083352599528965e-10,0.0,0.025826081418984632,0.025826081138151106,1.0,1.000000000000001e-12,0.0,8.48528137423857,0.0,0.0
1075,49.540007163550364,0.04531279336507671,-2.0670250890965098e-19,0.49229950586341775,1.5669808788889208,-1.411368648362478e-19,1.2466088289875987,4.716571885492526,-1.3631936494873896e-19,0.5193293192953488,1.5935833652030607,-1.5352472168984194e-20,0.6281112112880612,1.8086756978546594,-1.291725244562808e-19,0.5263183872847589,1.9973973369103768,0.5110762478230517,0.13485147093988514,0.19726184687287773,0.8431895656358146,1.1152443946030801,-2.7375617069466307e-10,0.0,0.01999662112029336,0.01999662084653719,1.0,1.000000000000001e-12,0.0,8.48528137423857,0.0,0.0
1080,49.7631330720312,0.04423887317644808,-2.0752307207730358e-20,0.48551342991555385,1.5547735035421963,-4.74444329580815e-19,1.120342804872484,4.419126736729384,-6.90398026461259e-20,0.5166900240400663,1.7227727118105376,2.839677955670042e-19,0.643613575551674,1.7615513190583543,1.7366822396673327e-19,0.5259620406346405,1.990317831270281,0.5011206771129441,0.13348429047126215,0.20711921731720515,0.8417241849014114,1.1235351406295264,-2.629179651207972e-10,0.0,0.037227393437684386,0.03722739317476642,1.0,1.000000000000001e-12,0.0,8.48528137423857,0.0,0.0
1086,50.0,0.022684952842979555,1.7880336120946246e-19,0.4951104029877391,1.5231257160688927,-2.577097742021209e-19,0.9449444458655932,3.51021670621177,-8.385626177817573e-20,0.5075869373659154,1.8228536235125379,3.4368361834843236e-19,0.6435273123934059,1.8241122621341535,6.46392017873438e-20,0.542842273931085,1.9226920163372254,0.5138144499004695,0.12882224949225485,0.20706370089814005,0.8497004002908645,1.1363270894680055,-2.5481103757707223e-10,0.0,0.05412988281035044,0.054129882555539396,1.0,1.000000000000001e-12,0.0,8.48528137423857,0.0,0.0
