2026-06-08T12:45:59+12:00 run start {'title': 'Inhomogeneous rmhd simulation test', 'input_file': 'C:\\Users\\naoki\\Downloads\\rmhd-gpu-new\\examples\\nokias_inhomogeneous.input', 'output_dir': 'C:\\Users\\naoki\\Downloads\\rmhd-gpu-new\\examples\\outputs_nokia_rmhd_s_16', 'backend': 'numpy', 'equation_set': 'inhomogeneous_rmhd_s', 'equation_mode': 'nonlinear', 'grid': [16, 16, 16], 'output_cadences': {'scalar': 0.25, 'spectra': 0.0, 'full_field': 0.0}, 'hostname': 'Naoki', 'python_executable': 'C:\\Users\\naoki\\AppData\\Local\\Programs\\Python\\Python313\\python.exe', 'git_commit': 'cde2789c3d6596cb8e14f232da25acf4598750f1', 'command': "'C:\\Users\\naoki\\Downloads\\rmhd-gpu-new\\rmhdgpu\\run.py' '.\\examples\\nokias_inhomogeneous.input'"}
2026-06-08T12:45:59+12:00 run setup {'resolved_output_dir': 'C:\\Users\\naoki\\Downloads\\rmhd-gpu-new\\examples\\outputs_nokia_rmhd_s_16', 'input_file': 'C:\\Users\\naoki\\Downloads\\rmhd-gpu-new\\examples\\nokias_inhomogeneous.input', 'backend': 'numpy', 'equation_set': 'inhomogeneous_rmhd_s', 'equation_mode': 'nonlinear', 'grid': [16, 16, 16], 'output_cadences': {'scalar': 0.25, 'spectra': 0.0, 'full_field': 0.0}, 'dissipation_mode': 'auto', 'initial_condition': {'type': 'random_spectrum', 'parameters': {'n_min': 1.0, 'n_max': 3.0, 'alpha': 0.0, 'init_energy': 0.75, 'seed': 1}}}
2026-06-08T12:45:59+12:00 scalar diagnostics {'step': 0, 'time': 0.0, 'dt': 0.0, 'total_energy': 0.7500000000000001}
2026-06-08T12:45:59+12:00 scalar diagnostics {'step': 3, 'time': 0.27712597494809765, 'dt': 0.09347120608408317, 'total_energy': 0.8106960012543292}
2026-06-08T12:45:59+12:00 scalar diagnostics {'step': 6, 'time': 0.6012944972015338, 'dt': 0.11696879561460131, 'total_energy': 1.1293052199691123}
2026-06-08T12:45:59+12:00 scalar diagnostics {'step': 8, 'time': 0.8334629884830744, 'dt': 0.11213891178144128, 'total_energy': 1.4883320594779927}
2026-06-08T12:45:59+12:00 scalar diagnostics {'step': 10, 'time': 1.0433511755187017, 'dt': 0.10358977416546596, 'total_energy': 1.7760564521407796}
2026-06-08T12:45:59+12:00 scalar diagnostics {'step': 12, 'time': 1.2532892682586172, 'dt': 0.10629882292323495, 'total_energy': 1.946657081755888}
2026-06-08T12:45:59+12:00 scalar diagnostics {'step': 15, 'time': 1.5940922247141072, 'dt': 0.11389050842682509, 'total_energy': 2.0053379670271863}
2026-06-08T12:45:59+12:00 scalar diagnostics {'step': 17, 'time': 1.7965480113267083, 'dt': 0.09828536279348171, 'total_energy': 1.9902966914920905}
2026-06-08T12:46:00+12:00 scalar diagnostics {'step': 20, 'time': 2.0855354871417036, 'dt': 0.09820023451801155, 'total_energy': 1.9733573473615638}
2026-06-08T12:46:00+12:00 scalar diagnostics {'step': 22, 'time': 2.285084966827215, 'dt': 0.10061214437294352, 'total_energy': 1.9804564339834894}
2026-06-08T12:46:00+12:00 scalar diagnostics {'step': 25, 'time': 2.5648751673595664, 'dt': 0.09175177366436352, 'total_energy': 2.0375862396638946}
2026-06-08T12:46:00+12:00 scalar diagnostics {'step': 27, 'time': 2.7507137471173246, 'dt': 0.09323433577237475, 'total_energy': 2.1109906856348957}
2026-06-08T12:46:00+12:00 scalar diagnostics {'step': 30, 'time': 3.033481804664384, 'dt': 0.09495332350064385, 'total_energy': 2.263245952180462}
2026-06-08T12:46:00+12:00 scalar diagnostics {'step': 33, 'time': 3.3164014295180975, 'dt': 0.0944554625343673, 'total_energy': 2.4448172016654235}
2026-06-08T12:46:00+12:00 scalar diagnostics {'step': 35, 'time': 3.512357695035428, 'dt': 0.09921998330084274, 'total_energy': 2.5788892346167103}
2026-06-08T12:46:00+12:00 scalar diagnostics {'step': 38, 'time': 3.816388366802734, 'dt': 0.1025502431693457, 'total_energy': 2.773138515225849}
2026-06-08T12:46:00+12:00 scalar diagnostics {'step': 40, 'time': 4.01486399452066, 'dt': 0.0992502253079031, 'total_energy': 2.882922282001168}
2026-06-08T12:46:00+12:00 scalar diagnostics {'step': 43, 'time': 4.300047761054328, 'dt': 0.09267440576352116, 'total_energy': 3.032360644184468}
2026-06-08T12:46:00+12:00 scalar diagnostics {'step': 46, 'time': 4.58912103309499, 'dt': 0.10035027778156377, 'total_energy': 3.2011798958491147}
2026-06-08T12:46:00+12:00 scalar diagnostics {'step': 48, 'time': 4.783487149537603, 'dt': 0.09512279971522014, 'total_energy': 3.324782835039678}
2026-06-08T12:46:00+12:00 scalar diagnostics {'step': 51, 'time': 5.0681645997638025, 'dt': 0.09676818364294093, 'total_energy': 3.498964986176662}
2026-06-08T12:46:00+12:00 scalar diagnostics {'step': 53, 'time': 5.261493662273449, 'dt': 0.09545678271817197, 'total_energy': 3.6077366780344673}
2026-06-08T12:46:00+12:00 scalar diagnostics {'step': 56, 'time': 5.528454248520554, 'dt': 0.08422380634841974, 'total_energy': 3.758752722044008}
2026-06-08T12:46:00+12:00 scalar diagnostics {'step': 59, 'time': 5.7875109987874565, 'dt': 0.09011599540809913, 'total_energy': 3.931456954627116}
2026-06-08T12:46:00+12:00 scalar diagnostics {'step': 62, 'time': 6.077353707168817, 'dt': 0.09229489674312634, 'total_energy': 4.153315323251558}
2026-06-08T12:46:00+12:00 scalar diagnostics {'step': 64, 'time': 6.252245364921719, 'dt': 0.08718613264922086, 'total_energy': 4.289684298413676}
2026-06-08T12:46:00+12:00 scalar diagnostics {'step': 67, 'time': 6.518064556644991, 'dt': 0.0886661566863222, 'total_energy': 4.491363388102282}
2026-06-08T12:46:00+12:00 scalar diagnostics {'step': 70, 'time': 6.803056159015647, 'dt': 0.09744541303392658, 'total_energy': 4.698685315800431}
2026-06-08T12:46:00+12:00 scalar diagnostics {'step': 73, 'time': 7.0882003645413025, 'dt': 0.09137428117092092, 'total_energy': 4.883636184392234}
2026-06-08T12:46:00+12:00 scalar diagnostics {'step': 75, 'time': 7.27404221882055, 'dt': 0.09355590342530007, 'total_energy': 4.9995259722820835}
2026-06-08T12:46:00+12:00 scalar diagnostics {'step': 78, 'time': 7.549175258084824, 'dt': 0.08767466108462461, 'total_energy': 5.194409551384128}
2026-06-08T12:46:00+12:00 scalar diagnostics {'step': 81, 'time': 7.798344157171782, 'dt': 0.08319849394613947, 'total_energy': 5.400367195172601}
2026-06-08T12:46:00+12:00 scalar diagnostics {'step': 84, 'time': 8.070329305526242, 'dt': 0.09153415767237634, 'total_energy': 5.6550299823179815}
2026-06-08T12:46:00+12:00 scalar diagnostics {'step': 86, 'time': 8.251773022634818, 'dt': 0.09108656207669862, 'total_energy': 5.842629392792289}
2026-06-08T12:46:00+12:00 scalar diagnostics {'step': 89, 'time': 8.523020972179657, 'dt': 0.08493977955368998, 'total_energy': 6.13675798114825}
2026-06-08T12:46:00+12:00 scalar diagnostics {'step': 92, 'time': 8.755093313176108, 'dt': 0.07580467519183101, 'total_energy': 6.3890625275839525}
2026-06-08T12:46:00+12:00 scalar diagnostics {'step': 96, 'time': 9.086227954695445, 'dt': 0.08756937631281562, 'total_energy': 6.722857732731295}
2026-06-08T12:46:01+12:00 scalar diagnostics {'step': 98, 'time': 9.253512485481554, 'dt': 0.08281932870349472, 'total_energy': 6.867474863707923}
2026-06-08T12:46:01+12:00 progress {'step': 100, 'time': 9.418457765817042, 'dt': 0.08274875067612751}
2026-06-08T12:46:01+12:00 scalar diagnostics {'step': 101, 'time': 9.502962903586923, 'dt': 0.08450513776988118, 'total_energy': 7.0866281781467775}
2026-06-08T12:46:01+12:00 scalar diagnostics {'step': 104, 'time': 9.768181426611747, 'dt': 0.08948916541931554, 'total_energy': 7.385251930098385}
2026-06-08T12:46:01+12:00 scalar diagnostics {'step': 108, 'time': 10.070035506143464, 'dt': 0.07338859816950026, 'total_energy': 7.742156657823654}
2026-06-08T12:46:01+12:00 scalar diagnostics {'step': 111, 'time': 10.296032617876236, 'dt': 0.07459406896265086, 'total_energy': 7.9670628704717865}
2026-06-08T12:46:01+12:00 scalar diagnostics {'step': 114, 'time': 10.524457412252527, 'dt': 0.07577554090266528, 'total_energy': 8.199993846845349}
2026-06-08T12:46:01+12:00 scalar diagnostics {'step': 118, 'time': 10.821098069941668, 'dt': 0.07675454292913315, 'total_energy': 8.539267864369794}
2026-06-08T12:46:01+12:00 scalar diagnostics {'step': 121, 'time': 11.058619607104818, 'dt': 0.08059639878752589, 'total_energy': 8.780433234481949}
2026-06-08T12:46:01+12:00 scalar diagnostics {'step': 124, 'time': 11.295598065523636, 'dt': 0.07707432248313757, 'total_energy': 9.030096926815723}
2026-06-08T12:46:01+12:00 scalar diagnostics {'step': 127, 'time': 11.51102604571716, 'dt': 0.06790153778571884, 'total_energy': 9.31140691946964}
2026-06-08T12:46:01+12:00 scalar diagnostics {'step': 131, 'time': 11.771055399893909, 'dt': 0.06586748281540712, 'total_energy': 9.63787957488093}
2026-06-08T12:46:01+12:00 scalar diagnostics {'step': 135, 'time': 12.06046719711059, 'dt': 0.07492824539897537, 'total_energy': 9.898050354425669}
2026-06-08T12:46:01+12:00 scalar diagnostics {'step': 138, 'time': 12.28192693475049, 'dt': 0.0718992703720827, 'total_energy': 10.099138980164415}
2026-06-08T12:46:01+12:00 scalar diagnostics {'step': 142, 'time': 12.569447407563736, 'dt': 0.07588325477843247, 'total_energy': 10.415079377780145}
2026-06-08T12:46:01+12:00 scalar diagnostics {'step': 145, 'time': 12.791277215414754, 'dt': 0.0725191650508789, 'total_energy': 10.692845732120503}
2026-06-08T12:46:01+12:00 scalar diagnostics {'step': 149, 'time': 13.042573653210862, 'dt': 0.05899197756200345, 'total_energy': 11.220756435761778}
2026-06-08T12:46:01+12:00 scalar diagnostics {'step': 153, 'time': 13.296545159481633, 'dt': 0.06474567080541775, 'total_energy': 11.857099912264072}
2026-06-08T12:46:01+12:00 scalar diagnostics {'step': 157, 'time': 13.554812348752815, 'dt': 0.06599052910415303, 'total_energy': 12.358684520781868}
2026-06-08T12:46:01+12:00 scalar diagnostics {'step': 160, 'time': 13.758026845887317, 'dt': 0.06505440465916348, 'total_energy': 12.678774405942058}
2026-06-08T12:46:01+12:00 scalar diagnostics {'step': 164, 'time': 14.00916996364569, 'dt': 0.06274131759033089, 'total_energy': 13.054254633472615}
2026-06-08T12:46:01+12:00 scalar diagnostics {'step': 168, 'time': 14.26876381179045, 'dt': 0.06275424570648654, 'total_energy': 13.50870489126024}
2026-06-08T12:46:01+12:00 scalar diagnostics {'step': 173, 'time': 14.537983192455643, 'dt': 0.05300039508573255, 'total_energy': 13.833236859095932}
2026-06-08T12:46:01+12:00 scalar diagnostics {'step': 177, 'time': 14.766661169118166, 'dt': 0.05580215770742365, 'total_energy': 13.99123278472582}
2026-06-08T12:46:02+12:00 scalar diagnostics {'step': 181, 'time': 15.012892752749636, 'dt': 0.06462780478574193, 'total_energy': 14.339436101466454}
2026-06-08T12:46:02+12:00 scalar diagnostics {'step': 185, 'time': 15.253469599058077, 'dt': 0.05557806523609396, 'total_energy': 14.811285732767278}
2026-06-08T12:46:02+12:00 scalar diagnostics {'step': 190, 'time': 15.548364084806266, 'dt': 0.06449600774997559, 'total_energy': 15.275239284799733}
2026-06-08T12:46:02+12:00 scalar diagnostics {'step': 194, 'time': 15.784068837210643, 'dt': 0.05876412226602861, 'total_energy': 15.623624103757159}
2026-06-08T12:46:02+12:00 scalar diagnostics {'step': 198, 'time': 16.012340064163688, 'dt': 0.05409862923237029, 'total_energy': 15.992810715168973}
2026-06-08T12:46:02+12:00 progress {'step': 200, 'time': 16.12033506354114, 'dt': 0.05478917078693782}
2026-06-08T12:46:02+12:00 scalar diagnostics {'step': 203, 'time': 16.285185741555576, 'dt': 0.05230382479009257, 'total_energy': 16.324359875573073}
2026-06-08T12:46:02+12:00 scalar diagnostics {'step': 207, 'time': 16.50877810387141, 'dt': 0.05647277820337622, 'total_energy': 16.45910403687578}
2026-06-08T12:46:02+12:00 scalar diagnostics {'step': 212, 'time': 16.777687616694323, 'dt': 0.05240401410824591, 'total_energy': 16.42849566679017}
2026-06-08T12:46:02+12:00 scalar diagnostics {'step': 217, 'time': 17.044097343113215, 'dt': 0.05096724544887374, 'total_energy': 16.237759796273895}
2026-06-08T12:46:02+12:00 scalar diagnostics {'step': 221, 'time': 17.26655540748708, 'dt': 0.0557408571994445, 'total_energy': 15.943793721768188}
2026-06-08T12:46:02+12:00 scalar diagnostics {'step': 226, 'time': 17.521747829467685, 'dt': 0.04943278725050173, 'total_energy': 15.381142581311735}
2026-06-08T12:46:02+12:00 scalar diagnostics {'step': 231, 'time': 17.775810198096718, 'dt': 0.05077331681230046, 'total_energy': 14.764267880013541}
2026-06-08T12:46:02+12:00 scalar diagnostics {'step': 236, 'time': 18.02886617432514, 'dt': 0.05329895205824748, 'total_energy': 13.756350012373781}
2026-06-08T12:46:02+12:00 scalar diagnostics {'step': 241, 'time': 18.294122257364155, 'dt': 0.05133944478933559, 'total_energy': 12.823685183433213}
2026-06-08T12:46:02+12:00 scalar diagnostics {'step': 245, 'time': 18.53571605405719, 'dt': 0.06517690304242085, 'total_energy': 11.350236888174248}
2026-06-08T12:46:02+12:00 scalar diagnostics {'step': 249, 'time': 18.8191560625554, 'dt': 0.07041760607473795, 'total_energy': 9.967684163342927}
2026-06-08T12:46:02+12:00 scalar diagnostics {'step': 252, 'time': 19.0418619983066, 'dt': 0.07604211285399681, 'total_energy': 8.568476291336104}
2026-06-08T12:46:02+12:00 scalar diagnostics {'step': 255, 'time': 19.27633806040835, 'dt': 0.08391477142383294, 'total_energy': 7.431414607554331}
2026-06-08T12:46:02+12:00 scalar diagnostics {'step': 258, 'time': 19.531612136473797, 'dt': 0.08660455646561614, 'total_energy': 6.67038597047342}
2026-06-08T12:46:02+12:00 scalar diagnostics {'step': 261, 'time': 19.788159513516668, 'dt': 0.0831744525023381, 'total_energy': 5.861821036239894}
2026-06-08T12:46:02+12:00 scalar diagnostics {'step': 264, 'time': 20.0549110003465, 'dt': 0.09401151252642204, 'total_energy': 5.023339135700649}
2026-06-08T12:46:03+12:00 scalar diagnostics {'step': 266, 'time': 20.250502234393462, 'dt': 0.10049533037579707, 'total_energy': 4.659857400277201}
2026-06-08T12:46:03+12:00 scalar diagnostics {'step': 269, 'time': 20.536760364103614, 'dt': 0.09522459566644542, 'total_energy': 4.326159584984813}
2026-06-08T12:46:03+12:00 scalar diagnostics {'step': 272, 'time': 20.8516259289474, 'dt': 0.10267779534904103, 'total_energy': 3.9588608465390442}
2026-06-08T12:46:03+12:00 scalar diagnostics {'step': 274, 'time': 21.067859964679613, 'dt': 0.1121601212580761, 'total_energy': 3.767156962296413}
2026-06-08T12:46:03+12:00 scalar diagnostics {'step': 276, 'time': 21.283570163417924, 'dt': 0.10448610126431877, 'total_energy': 3.614752536254433}
2026-06-08T12:46:03+12:00 scalar diagnostics {'step': 278, 'time': 21.50267131135034, 'dt': 0.11293379894102425, 'total_energy': 3.470405466012805}
2026-06-08T12:46:03+12:00 scalar diagnostics {'step': 280, 'time': 21.75667486308777, 'dt': 0.1282097615658579, 'total_energy': 3.3534252302522294}
2026-06-08T12:46:03+12:00 scalar diagnostics {'step': 282, 'time': 22.027833680869144, 'dt': 0.13625614665273642, 'total_energy': 3.229550003348324}
2026-06-08T12:46:03+12:00 scalar diagnostics {'step': 284, 'time': 22.298831855561236, 'dt': 0.13429611718498527, 'total_energy': 3.138152664895109}
2026-06-08T12:46:03+12:00 scalar diagnostics {'step': 286, 'time': 22.574834103603767, 'dt': 0.1420565842536428, 'total_energy': 3.065747733772229}
2026-06-08T12:46:03+12:00 scalar diagnostics {'step': 288, 'time': 22.842566026269076, 'dt': 0.1338857532937747, 'total_energy': 2.973667373996773}
2026-06-08T12:46:03+12:00 scalar diagnostics {'step': 290, 'time': 23.13591263533595, 'dt': 0.1507128342078886, 'total_energy': 2.8602913305085287}
2026-06-08T12:46:03+12:00 scalar diagnostics {'step': 291, 'time': 23.281804553048474, 'dt': 0.14589191771252533, 'total_energy': 2.787451778311946}
2026-06-08T12:46:03+12:00 scalar diagnostics {'step': 293, 'time': 23.585846688053735, 'dt': 0.15231741295609494, 'total_energy': 2.6829226060174074}
2026-06-08T12:46:03+12:00 scalar diagnostics {'step': 294, 'time': 23.7520039623731, 'dt': 0.16615727431936367, 'total_energy': 2.6742729441333615}
2026-06-08T12:46:03+12:00 scalar diagnostics {'step': 296, 'time': 24.057279732726847, 'dt': 0.15207962012255577, 'total_energy': 2.702880903073936}
2026-06-08T12:46:03+12:00 scalar diagnostics {'step': 298, 'time': 24.36339891107118, 'dt': 0.1540503092748908, 'total_energy': 2.7527012613614583}
2026-06-08T12:46:03+12:00 scalar diagnostics {'step': 299, 'time': 24.515779887070376, 'dt': 0.152380975999197, 'total_energy': 2.7906063327590447}
2026-06-08T12:46:03+12:00 progress {'step': 300, 'time': 24.685771572790216, 'dt': 0.16999168571984052}
2026-06-08T12:46:03+12:00 scalar diagnostics {'step': 301, 'time': 24.854711983303982, 'dt': 0.1689404105137678, 'total_energy': 2.8680820101240823}
2026-06-08T12:46:03+12:00 scalar diagnostics {'step': 302, 'time': 25.022843426915536, 'dt': 0.1681314436115534, 'total_energy': 2.8849503258406353}
2026-06-08T12:46:03+12:00 scalar diagnostics {'step': 304, 'time': 25.35922056478997, 'dt': 0.16514893226733238, 'total_energy': 2.852380093479914}
2026-06-08T12:46:03+12:00 scalar diagnostics {'step': 305, 'time': 25.51046337309899, 'dt': 0.15124280830901915, 'total_energy': 2.8169921283583643}
2026-06-08T12:46:03+12:00 scalar diagnostics {'step': 307, 'time': 25.808721373246456, 'dt': 0.15124423454793473, 'total_energy': 2.757499902649437}
2026-06-08T12:46:03+12:00 scalar diagnostics {'step': 309, 'time': 26.11212887682097, 'dt': 0.15612948887977432, 'total_energy': 2.714310815250983}
2026-06-08T12:46:03+12:00 scalar diagnostics {'step': 310, 'time': 26.279637409135887, 'dt': 0.1675085323149143, 'total_energy': 2.6982074860983203}
2026-06-08T12:46:03+12:00 scalar diagnostics {'step': 312, 'time': 26.667317690553755, 'dt': 0.19634954084936207, 'total_energy': 2.718895152050476}
2026-06-08T12:46:03+12:00 scalar diagnostics {'step': 313, 'time': 26.856246069348906, 'dt': 0.18892837879515037, 'total_energy': 2.739033225455935}
2026-06-08T12:46:03+12:00 scalar diagnostics {'step': 314, 'time': 27.040550258768796, 'dt': 0.18430418941989066, 'total_energy': 2.760456959151308}
2026-06-08T12:46:03+12:00 scalar diagnostics {'step': 316, 'time': 27.411183369227786, 'dt': 0.18055209830039007, 'total_energy': 2.829470403888685}
2026-06-08T12:46:03+12:00 scalar diagnostics {'step': 317, 'time': 27.607532910077147, 'dt': 0.19634954084936207, 'total_energy': 2.8576499911206144}
2026-06-08T12:46:03+12:00 scalar diagnostics {'step': 318, 'time': 27.80388245092651, 'dt': 0.19634954084936207, 'total_energy': 2.875074388220894}
2026-06-08T12:46:03+12:00 scalar diagnostics {'step': 319, 'time': 28.00023199177587, 'dt': 0.19634954084936207, 'total_energy': 2.894206619467992}
2026-06-08T12:46:03+12:00 scalar diagnostics {'step': 321, 'time': 28.381516031556625, 'dt': 0.1849344989313943, 'total_energy': 2.9595171579311157}
2026-06-08T12:46:03+12:00 scalar diagnostics {'step': 322, 'time': 28.564103481677108, 'dt': 0.18258745012048178, 'total_energy': 2.998107649509226}
2026-06-08T12:46:03+12:00 scalar diagnostics {'step': 323, 'time': 28.752255649866065, 'dt': 0.18815216818895703, 'total_energy': 3.0299664115654212}
2026-06-08T12:46:03+12:00 scalar diagnostics {'step': 325, 'time': 29.135317220308732, 'dt': 0.19261784998233847, 'total_energy': 3.0689719691045525}
2026-06-08T12:46:03+12:00 scalar diagnostics {'step': 326, 'time': 29.331666761158093, 'dt': 0.19634954084936207, 'total_energy': 3.0806807515743726}
2026-06-08T12:46:03+12:00 scalar diagnostics {'step': 327, 'time': 29.528016302007455, 'dt': 0.19634954084936207, 'total_energy': 3.0860938681536045}
2026-06-08T12:46:03+12:00 scalar diagnostics {'step': 329, 'time': 29.920715383706177, 'dt': 0.19634954084936207, 'total_energy': 3.108887374965074}
2026-06-08T12:46:03+12:00 scalar diagnostics {'step': 330, 'time': 30.11706492455554, 'dt': 0.19634954084936207, 'total_energy': 3.1352019813631316}
2026-06-08T12:46:03+12:00 scalar diagnostics {'step': 331, 'time': 30.30777988258522, 'dt': 0.19071495802967883, 'total_energy': 3.16356419270158}
2026-06-08T12:46:03+12:00 scalar diagnostics {'step': 332, 'time': 30.50412942343458, 'dt': 0.19634954084936207, 'total_energy': 3.1896186047792816}
2026-06-08T12:46:03+12:00 scalar diagnostics {'step': 334, 'time': 30.896828505133303, 'dt': 0.19634954084936207, 'total_energy': 3.2209259209469385}
2026-06-08T12:46:03+12:00 scalar diagnostics {'step': 335, 'time': 31.093178045982665, 'dt': 0.19634954084936207, 'total_energy': 3.2246282806034037}
2026-06-08T12:46:03+12:00 scalar diagnostics {'step': 336, 'time': 31.289527586832026, 'dt': 0.19634954084936207, 'total_energy': 3.22931915942867}
2026-06-08T12:46:03+12:00 scalar diagnostics {'step': 338, 'time': 31.681649388767614, 'dt': 0.19577226108622794, 'total_energy': 3.258807427105056}
2026-06-08T12:46:03+12:00 scalar diagnostics {'step': 339, 'time': 31.86621118179576, 'dt': 0.18456179302814318, 'total_energy': 3.2786577462537285}
2026-06-08T12:46:03+12:00 scalar diagnostics {'step': 340, 'time': 32.05905847934776, 'dt': 0.19284729755200283, 'total_energy': 3.301499025874429}
2026-06-08T12:46:03+12:00 scalar diagnostics {'step': 341, 'time': 32.25540802019712, 'dt': 0.19634954084936207, 'total_energy': 3.333222322695959}
2026-06-08T12:46:03+12:00 scalar diagnostics {'step': 343, 'time': 32.648107101895846, 'dt': 0.19634954084936207, 'total_energy': 3.4494444697221422}
2026-06-08T12:46:04+12:00 scalar diagnostics {'step': 344, 'time': 32.84445664274521, 'dt': 0.19634954084936207, 'total_energy': 3.5230256122438925}
2026-06-08T12:46:04+12:00 scalar diagnostics {'step': 345, 'time': 33.04080618359457, 'dt': 0.19634954084936207, 'total_energy': 3.591655798831921}
2026-06-08T12:46:04+12:00 scalar diagnostics {'step': 347, 'time': 33.43350526529329, 'dt': 0.19634954084936207, 'total_energy': 3.697390309413817}
2026-06-08T12:46:04+12:00 scalar diagnostics {'step': 348, 'time': 33.62985480614265, 'dt': 0.19634954084936207, 'total_energy': 3.725735894432994}
2026-06-08T12:46:04+12:00 scalar diagnostics {'step': 349, 'time': 33.826204346992014, 'dt': 0.19634954084936207, 'total_energy': 3.7319750384550527}
2026-06-08T12:46:04+12:00 scalar diagnostics {'step': 350, 'time': 34.022553887841376, 'dt': 0.19634954084936207, 'total_energy': 3.718484711702045}
2026-06-08T12:46:04+12:00 scalar diagnostics {'step': 352, 'time': 34.4152529695401, 'dt': 0.19634954084936207, 'total_energy': 3.6551503822178724}
2026-06-08T12:46:04+12:00 scalar diagnostics {'step': 353, 'time': 34.61160251038946, 'dt': 0.19634954084936207, 'total_energy': 3.618050515263681}
2026-06-08T12:46:04+12:00 scalar diagnostics {'step': 354, 'time': 34.80795205123882, 'dt': 0.19634954084936207, 'total_energy': 3.5849830328159236}
2026-06-08T12:46:04+12:00 scalar diagnostics {'step': 355, 'time': 35.00430159208818, 'dt': 0.19634954084936207, 'total_energy': 3.558170151475693}
2026-06-08T12:46:04+12:00 scalar diagnostics {'step': 357, 'time': 35.397000673786906, 'dt': 0.19634954084936207, 'total_energy': 3.5354031782792665}
2026-06-08T12:46:04+12:00 scalar diagnostics {'step': 358, 'time': 35.59335021463627, 'dt': 0.19634954084936207, 'total_energy': 3.5554050026514328}
2026-06-08T12:46:04+12:00 scalar diagnostics {'step': 359, 'time': 35.78969975548563, 'dt': 0.19634954084936207, 'total_energy': 3.60401532405739}
2026-06-08T12:46:04+12:00 scalar diagnostics {'step': 361, 'time': 36.18239883718435, 'dt': 0.19634954084936207, 'total_energy': 3.7550152919016315}
2026-06-08T12:46:04+12:00 scalar diagnostics {'step': 362, 'time': 36.37874837803371, 'dt': 0.19634954084936207, 'total_energy': 3.8334428600886445}
2026-06-08T12:46:04+12:00 scalar diagnostics {'step': 363, 'time': 36.575097918883074, 'dt': 0.19634954084936207, 'total_energy': 3.9057383714658953}
2026-06-08T12:46:04+12:00 scalar diagnostics {'step': 364, 'time': 36.771447459732435, 'dt': 0.19634954084936207, 'total_energy': 3.9700281795942365}
2026-06-08T12:46:04+12:00 scalar diagnostics {'step': 366, 'time': 37.16414654143116, 'dt': 0.19634954084936207, 'total_energy': 4.0694292744031175}
2026-06-08T12:46:04+12:00 scalar diagnostics {'step': 367, 'time': 37.36049608228052, 'dt': 0.19634954084936207, 'total_energy': 4.104984886884454}
2026-06-08T12:46:04+12:00 scalar diagnostics {'step': 368, 'time': 37.55684562312988, 'dt': 0.19634954084936207, 'total_energy': 4.128631824871429}
2026-06-08T12:46:04+12:00 scalar diagnostics {'step': 369, 'time': 37.75319516397924, 'dt': 0.19634954084936207, 'total_energy': 4.136046136482408}
2026-06-08T12:46:04+12:00 scalar diagnostics {'step': 371, 'time': 38.145894245677965, 'dt': 0.19634954084936207, 'total_energy': 4.110593548325022}
2026-06-08T12:46:04+12:00 scalar diagnostics {'step': 372, 'time': 38.34224378652733, 'dt': 0.19634954084936207, 'total_energy': 4.094912532685932}
2026-06-08T12:46:04+12:00 scalar diagnostics {'step': 373, 'time': 38.53859332737669, 'dt': 0.19634954084936207, 'total_energy': 4.087549033053984}
2026-06-08T12:46:04+12:00 scalar diagnostics {'step': 375, 'time': 38.93129240907541, 'dt': 0.19634954084936207, 'total_energy': 4.100838811122133}
2026-06-08T12:46:04+12:00 scalar diagnostics {'step': 376, 'time': 39.12764194992477, 'dt': 0.19634954084936207, 'total_energy': 4.1134932875560075}
2026-06-08T12:46:04+12:00 scalar diagnostics {'step': 377, 'time': 39.323991490774134, 'dt': 0.19634954084936207, 'total_energy': 4.124030089401506}
2026-06-08T12:46:04+12:00 scalar diagnostics {'step': 378, 'time': 39.520341031623495, 'dt': 0.19634954084936207, 'total_energy': 4.132234539877453}
2026-06-08T12:46:04+12:00 scalar diagnostics {'step': 380, 'time': 39.91304011332222, 'dt': 0.19634954084936207, 'total_energy': 4.161762824998982}
2026-06-08T12:46:04+12:00 scalar diagnostics {'step': 381, 'time': 40.10938965417158, 'dt': 0.19634954084936207, 'total_energy': 4.190885132660392}
2026-06-08T12:46:04+12:00 scalar diagnostics {'step': 382, 'time': 40.30573919502094, 'dt': 0.19634954084936207, 'total_energy': 4.226547567326568}
2026-06-08T12:46:04+12:00 scalar diagnostics {'step': 383, 'time': 40.5020887358703, 'dt': 0.19634954084936207, 'total_energy': 4.264458258987194}
2026-06-08T12:46:04+12:00 scalar diagnostics {'step': 385, 'time': 40.894787817569025, 'dt': 0.19634954084936207, 'total_energy': 4.338850266401519}
2026-06-08T12:46:04+12:00 scalar diagnostics {'step': 386, 'time': 41.091137358418386, 'dt': 0.19634954084936207, 'total_energy': 4.375876292083336}
2026-06-08T12:46:04+12:00 scalar diagnostics {'step': 387, 'time': 41.28748689926775, 'dt': 0.19634954084936207, 'total_energy': 4.417201620376312}
2026-06-08T12:46:04+12:00 scalar diagnostics {'step': 389, 'time': 41.68018598096647, 'dt': 0.19634954084936207, 'total_energy': 4.52084276351473}
2026-06-08T12:46:04+12:00 scalar diagnostics {'step': 390, 'time': 41.87653552181583, 'dt': 0.19634954084936207, 'total_energy': 4.573239980557922}
2026-06-08T12:46:04+12:00 scalar diagnostics {'step': 391, 'time': 42.07288506266519, 'dt': 0.19634954084936207, 'total_energy': 4.615413936412795}
2026-06-08T12:46:04+12:00 scalar diagnostics {'step': 392, 'time': 42.269234603514555, 'dt': 0.19634954084936207, 'total_energy': 4.643275458370553}
2026-06-08T12:46:04+12:00 scalar diagnostics {'step': 394, 'time': 42.66193368521328, 'dt': 0.19634954084936207, 'total_energy': 4.665104704132033}
2026-06-08T12:46:04+12:00 scalar diagnostics {'step': 395, 'time': 42.85828322606264, 'dt': 0.19634954084936207, 'total_energy': 4.669473332037537}
2026-06-08T12:46:04+12:00 scalar diagnostics {'step': 396, 'time': 43.054632766912, 'dt': 0.19634954084936207, 'total_energy': 4.674265176298466}
2026-06-08T12:46:04+12:00 scalar diagnostics {'step': 397, 'time': 43.25098230776136, 'dt': 0.19634954084936207, 'total_energy': 4.678557503537232}
2026-06-08T12:46:04+12:00 scalar diagnostics {'step': 399, 'time': 43.643681389460085, 'dt': 0.19634954084936207, 'total_energy': 4.680922628189104}
2026-06-08T12:46:04+12:00 progress {'step': 400, 'time': 43.840030930309446, 'dt': 0.19634954084936207}
2026-06-08T12:46:04+12:00 scalar diagnostics {'step': 400, 'time': 43.840030930309446, 'dt': 0.19634954084936207, 'total_energy': 4.687225651774732}
2026-06-08T12:46:04+12:00 scalar diagnostics {'step': 401, 'time': 44.03638047115881, 'dt': 0.19634954084936207, 'total_energy': 4.707388740263861}
2026-06-08T12:46:04+12:00 scalar diagnostics {'step': 403, 'time': 44.42907955285753, 'dt': 0.19634954084936207, 'total_energy': 4.791314470763905}
2026-06-08T12:46:04+12:00 scalar diagnostics {'step': 404, 'time': 44.62542909370689, 'dt': 0.19634954084936207, 'total_energy': 4.845980805637756}
2026-06-08T12:46:04+12:00 scalar diagnostics {'step': 405, 'time': 44.82177863455625, 'dt': 0.19634954084936207, 'total_energy': 4.903438608651147}
2026-06-08T12:46:04+12:00 scalar diagnostics {'step': 406, 'time': 45.018128175405614, 'dt': 0.19634954084936207, 'total_energy': 4.961103548590709}
2026-06-08T12:46:04+12:00 scalar diagnostics {'step': 408, 'time': 45.41082725710434, 'dt': 0.19634954084936207, 'total_energy': 5.06619167178921}
2026-06-08T12:46:04+12:00 scalar diagnostics {'step': 409, 'time': 45.6071767979537, 'dt': 0.19634954084936207, 'total_energy': 5.109462177205547}
2026-06-08T12:46:04+12:00 scalar diagnostics {'step': 410, 'time': 45.80352633880306, 'dt': 0.19634954084936207, 'total_energy': 5.143621369127938}
2026-06-08T12:46:04+12:00 scalar diagnostics {'step': 412, 'time': 46.19622542050178, 'dt': 0.19634954084936207, 'total_energy': 5.1724541623351294}
2026-06-08T12:46:04+12:00 scalar diagnostics {'step': 413, 'time': 46.392574961351144, 'dt': 0.19634954084936207, 'total_energy': 5.170888623171509}
2026-06-08T12:46:04+12:00 scalar diagnostics {'step': 414, 'time': 46.588924502200506, 'dt': 0.19634954084936207, 'total_energy': 5.170489253402129}
2026-06-08T12:46:04+12:00 scalar diagnostics {'step': 415, 'time': 46.78527404304987, 'dt': 0.19634954084936207, 'total_energy': 5.180947265341372}
2026-06-08T12:46:04+12:00 scalar diagnostics {'step': 417, 'time': 47.17797312474859, 'dt': 0.19634954084936207, 'total_energy': 5.241320196159742}
2026-06-08T12:46:04+12:00 scalar diagnostics {'step': 418, 'time': 47.37432266559795, 'dt': 0.19634954084936207, 'total_energy': 5.279180873609093}
2026-06-08T12:46:05+12:00 scalar diagnostics {'step': 419, 'time': 47.57067220644731, 'dt': 0.19634954084936207, 'total_energy': 5.31223514483964}
2026-06-08T12:46:05+12:00 scalar diagnostics {'step': 420, 'time': 47.767021747296674, 'dt': 0.19634954084936207, 'total_energy': 5.338445575970849}
2026-06-08T12:46:05+12:00 scalar diagnostics {'step': 422, 'time': 48.1597208289954, 'dt': 0.19634954084936207, 'total_energy': 5.38531199822928}
2026-06-08T12:46:05+12:00 scalar diagnostics {'step': 423, 'time': 48.35607036984476, 'dt': 0.19634954084936207, 'total_energy': 5.413504518631184}
2026-06-08T12:46:05+12:00 scalar diagnostics {'step': 424, 'time': 48.55241991069412, 'dt': 0.19634954084936207, 'total_energy': 5.444710314884353}
2026-06-08T12:46:05+12:00 scalar diagnostics {'step': 426, 'time': 48.94511899239284, 'dt': 0.19634954084936207, 'total_energy': 5.510501274776384}
2026-06-08T12:46:05+12:00 scalar diagnostics {'step': 427, 'time': 49.141468533242204, 'dt': 0.19634954084936207, 'total_energy': 5.546194897656411}
2026-06-08T12:46:05+12:00 scalar diagnostics {'step': 428, 'time': 49.337818074091565, 'dt': 0.19634954084936207, 'total_energy': 5.585666033053769}
2026-06-08T12:46:05+12:00 scalar diagnostics {'step': 429, 'time': 49.53416761494093, 'dt': 0.19634954084936207, 'total_energy': 5.630055157309977}
2026-06-08T12:46:05+12:00 scalar diagnostics {'step': 431, 'time': 49.92686669663965, 'dt': 0.19634954084936207, 'total_energy': 5.736404780668984}
2026-06-08T12:46:05+12:00 scalar diagnostics {'step': 432, 'time': 50.12321623748901, 'dt': 0.19634954084936207, 'total_energy': 5.79657090932348}
2026-06-08T12:46:05+12:00 scalar diagnostics {'step': 433, 'time': 50.31956577833837, 'dt': 0.19634954084936207, 'total_energy': 5.85602313759336}
2026-06-08T12:46:05+12:00 scalar diagnostics {'step': 434, 'time': 50.515915319187734, 'dt': 0.19634954084936207, 'total_energy': 5.908331806456106}
2026-06-08T12:46:05+12:00 scalar diagnostics {'step': 436, 'time': 50.90861440088646, 'dt': 0.19634954084936207, 'total_energy': 5.970407801170681}
2026-06-08T12:46:05+12:00 scalar diagnostics {'step': 437, 'time': 51.10496394173582, 'dt': 0.19634954084936207, 'total_energy': 5.976629386054597}
2026-06-08T12:46:05+12:00 scalar diagnostics {'step': 438, 'time': 51.30131348258518, 'dt': 0.19634954084936207, 'total_energy': 5.969201878697335}
2026-06-08T12:46:05+12:00 scalar diagnostics {'step': 440, 'time': 51.6940125642839, 'dt': 0.19634954084936207, 'total_energy': 5.933127660090632}
2026-06-08T12:46:05+12:00 scalar diagnostics {'step': 441, 'time': 51.89036210513326, 'dt': 0.19634954084936207, 'total_energy': 5.91619091775248}
2026-06-08T12:46:05+12:00 scalar diagnostics {'step': 442, 'time': 52.086711645982625, 'dt': 0.19634954084936207, 'total_energy': 5.909306575337586}
2026-06-08T12:46:05+12:00 scalar diagnostics {'step': 443, 'time': 52.283061186831986, 'dt': 0.19634954084936207, 'total_energy': 5.917338256832843}
2026-06-08T12:46:05+12:00 scalar diagnostics {'step': 445, 'time': 52.67576026853071, 'dt': 0.19634954084936207, 'total_energy': 5.981589510238255}
2026-06-08T12:46:05+12:00 scalar diagnostics {'step': 446, 'time': 52.87210980938007, 'dt': 0.19634954084936207, 'total_energy': 6.034128335304185}
2026-06-08T12:46:05+12:00 scalar diagnostics {'step': 447, 'time': 53.06845935022943, 'dt': 0.19634954084936207, 'total_energy': 6.095121759037804}
2026-06-08T12:46:05+12:00 scalar diagnostics {'step': 448, 'time': 53.26480889107879, 'dt': 0.19634954084936207, 'total_energy': 6.157171215785333}
2026-06-08T12:46:05+12:00 scalar diagnostics {'step': 450, 'time': 53.657507972777516, 'dt': 0.19634954084936207, 'total_energy': 6.250011283480816}
2026-06-08T12:46:05+12:00 scalar diagnostics {'step': 451, 'time': 53.85385751362688, 'dt': 0.19634954084936207, 'total_energy': 6.273894819773068}
2026-06-08T12:46:05+12:00 scalar diagnostics {'step': 452, 'time': 54.05020705447624, 'dt': 0.19634954084936207, 'total_energy': 6.289423584170609}
2026-06-08T12:46:05+12:00 scalar diagnostics {'step': 454, 'time': 54.44290613617496, 'dt': 0.19634954084936207, 'total_energy': 6.319485440464585}
2026-06-08T12:46:05+12:00 scalar diagnostics {'step': 455, 'time': 54.63925567702432, 'dt': 0.19634954084936207, 'total_energy': 6.335764671176814}
2026-06-08T12:46:05+12:00 scalar diagnostics {'step': 456, 'time': 54.835605217873685, 'dt': 0.19634954084936207, 'total_energy': 6.349955387074861}
2026-06-08T12:46:05+12:00 scalar diagnostics {'step': 457, 'time': 55.031954758723046, 'dt': 0.19634954084936207, 'total_energy': 6.362274051282172}
2026-06-08T12:46:05+12:00 scalar diagnostics {'step': 459, 'time': 55.42465384042177, 'dt': 0.19634954084936207, 'total_energy': 6.398095263320554}
2026-06-08T12:46:05+12:00 scalar diagnostics {'step': 460, 'time': 55.62100338127113, 'dt': 0.19634954084936207, 'total_energy': 6.428172888667942}
2026-06-08T12:46:05+12:00 scalar diagnostics {'step': 461, 'time': 55.81735292212049, 'dt': 0.19634954084936207, 'total_energy': 6.46211948759689}
2026-06-08T12:46:05+12:00 scalar diagnostics {'step': 462, 'time': 56.01370246296985, 'dt': 0.19634954084936207, 'total_energy': 6.493956012778672}
2026-06-08T12:46:05+12:00 scalar diagnostics {'step': 464, 'time': 56.406401544668576, 'dt': 0.19634954084936207, 'total_energy': 6.531660847259657}
2026-06-08T12:46:05+12:00 scalar diagnostics {'step': 465, 'time': 56.60275108551794, 'dt': 0.19634954084936207, 'total_energy': 6.5371839260444}
2026-06-08T12:46:05+12:00 scalar diagnostics {'step': 466, 'time': 56.7991006263673, 'dt': 0.19634954084936207, 'total_energy': 6.538038587312795}
2026-06-08T12:46:05+12:00 scalar diagnostics {'step': 468, 'time': 57.19179970806602, 'dt': 0.19634954084936207, 'total_energy': 6.543110301805081}
2026-06-08T12:46:05+12:00 scalar diagnostics {'step': 469, 'time': 57.38814924891538, 'dt': 0.19634954084936207, 'total_energy': 6.552973733156971}
2026-06-08T12:46:05+12:00 scalar diagnostics {'step': 470, 'time': 57.584498789764744, 'dt': 0.19634954084936207, 'total_energy': 6.567343352327203}
2026-06-08T12:46:05+12:00 scalar diagnostics {'step': 471, 'time': 57.780848330614106, 'dt': 0.19634954084936207, 'total_energy': 6.583358464275852}
2026-06-08T12:46:05+12:00 scalar diagnostics {'step': 473, 'time': 58.17354741231283, 'dt': 0.19634954084936207, 'total_energy': 6.626049238458014}
2026-06-08T12:46:05+12:00 scalar diagnostics {'step': 474, 'time': 58.36989695316219, 'dt': 0.19634954084936207, 'total_energy': 6.6558757614194946}
2026-06-08T12:46:05+12:00 scalar diagnostics {'step': 475, 'time': 58.56624649401155, 'dt': 0.19634954084936207, 'total_energy': 6.689385193129334}
2026-06-08T12:46:05+12:00 scalar diagnostics {'step': 476, 'time': 58.76259603486091, 'dt': 0.19634954084936207, 'total_energy': 6.720378501765818}
2026-06-08T12:46:05+12:00 scalar diagnostics {'step': 478, 'time': 59.155295116559635, 'dt': 0.19634954084936207, 'total_energy': 6.749340165564254}
2026-06-08T12:46:05+12:00 scalar diagnostics {'step': 479, 'time': 59.351644657409, 'dt': 0.19634954084936207, 'total_energy': 6.744532442330943}
2026-06-08T12:46:05+12:00 scalar diagnostics {'step': 480, 'time': 59.54799419825836, 'dt': 0.19634954084936207, 'total_energy': 6.732739403785867}
2026-06-08T12:46:05+12:00 scalar diagnostics {'step': 482, 'time': 59.94069327995708, 'dt': 0.19634954084936207, 'total_energy': 6.706242554521465}
2026-06-08T12:46:05+12:00 scalar diagnostics {'step': 483, 'time': 60.13704282080644, 'dt': 0.19634954084936207, 'total_energy': 6.694894765743168}
2026-06-08T12:46:05+12:00 scalar diagnostics {'step': 484, 'time': 60.333392361655804, 'dt': 0.19634954084936207, 'total_energy': 6.684727540624095}
2026-06-08T12:46:05+12:00 scalar diagnostics {'step': 485, 'time': 60.529741902505165, 'dt': 0.19634954084936207, 'total_energy': 6.6785133691120935}
2026-06-08T12:46:05+12:00 scalar diagnostics {'step': 487, 'time': 60.92244098420389, 'dt': 0.19634954084936207, 'total_energy': 6.69719551410976}
2026-06-08T12:46:05+12:00 scalar diagnostics {'step': 488, 'time': 61.11879052505325, 'dt': 0.19634954084936207, 'total_energy': 6.728075321264946}
2026-06-08T12:46:05+12:00 scalar diagnostics {'step': 489, 'time': 61.31514006590261, 'dt': 0.19634954084936207, 'total_energy': 6.771601703365757}
2026-06-08T12:46:05+12:00 scalar diagnostics {'step': 490, 'time': 61.51148960675197, 'dt': 0.19634954084936207, 'total_energy': 6.821818527696089}
2026-06-08T12:46:05+12:00 scalar diagnostics {'step': 492, 'time': 61.904188688450695, 'dt': 0.19634954084936207, 'total_energy': 6.908007001924849}
2026-06-08T12:46:05+12:00 scalar diagnostics {'step': 493, 'time': 62.10053822930006, 'dt': 0.19634954084936207, 'total_energy': 6.932959860299823}
2026-06-08T12:46:05+12:00 scalar diagnostics {'step': 494, 'time': 62.29688777014942, 'dt': 0.19634954084936207, 'total_energy': 6.9453523975411}
2026-06-08T12:46:06+12:00 scalar diagnostics {'step': 496, 'time': 62.68958685184814, 'dt': 0.19634954084936207, 'total_energy': 6.9482140785497375}
2026-06-08T12:46:06+12:00 scalar diagnostics {'step': 497, 'time': 62.8859363926975, 'dt': 0.19634954084936207, 'total_energy': 6.944378832705112}
2026-06-08T12:46:06+12:00 scalar diagnostics {'step': 498, 'time': 63.08228593354686, 'dt': 0.19634954084936207, 'total_energy': 6.937618238676457}
2026-06-08T12:46:06+12:00 scalar diagnostics {'step': 499, 'time': 63.278635474396225, 'dt': 0.19634954084936207, 'total_energy': 6.927604296435692}
2026-06-08T12:46:06+12:00 progress {'step': 500, 'time': 63.474985015245586, 'dt': 0.19634954084936207}
2026-06-08T12:46:06+12:00 scalar diagnostics {'step': 501, 'time': 63.67133455609495, 'dt': 0.19634954084936207, 'total_energy': 6.9009104985964225}
2026-06-08T12:46:06+12:00 scalar diagnostics {'step': 502, 'time': 63.86768409694431, 'dt': 0.19634954084936207, 'total_energy': 6.888808884168404}
2026-06-08T12:46:06+12:00 scalar diagnostics {'step': 503, 'time': 64.06403363779367, 'dt': 0.19634954084936207, 'total_energy': 6.880245368750982}
2026-06-08T12:46:06+12:00 scalar diagnostics {'step': 504, 'time': 64.26038317864304, 'dt': 0.19634954084936207, 'total_energy': 6.875140301027221}
2026-06-08T12:46:06+12:00 scalar diagnostics {'step': 506, 'time': 64.65308226034178, 'dt': 0.19634954084936207, 'total_energy': 6.870637440975565}
2026-06-08T12:46:06+12:00 scalar diagnostics {'step': 507, 'time': 64.84943180119114, 'dt': 0.19634954084936207, 'total_energy': 6.869231405968018}
2026-06-08T12:46:06+12:00 scalar diagnostics {'step': 508, 'time': 65.04578134204051, 'dt': 0.19634954084936207, 'total_energy': 6.868101276312338}
2026-06-08T12:46:06+12:00 scalar diagnostics {'step': 510, 'time': 65.43848042373925, 'dt': 0.19634954084936207, 'total_energy': 6.869455396111723}
2026-06-08T12:46:06+12:00 scalar diagnostics {'step': 511, 'time': 65.63482996458862, 'dt': 0.19634954084936207, 'total_energy': 6.872411041772356}
2026-06-08T12:46:06+12:00 scalar diagnostics {'step': 512, 'time': 65.83117950543799, 'dt': 0.19634954084936207, 'total_energy': 6.876768629461041}
2026-06-08T12:46:06+12:00 scalar diagnostics {'step': 513, 'time': 66.02752904628736, 'dt': 0.19634954084936207, 'total_energy': 6.8816231050402195}
2026-06-08T12:46:06+12:00 scalar diagnostics {'step': 515, 'time': 66.42022812798609, 'dt': 0.19634954084936207, 'total_energy': 6.8968531066096}
2026-06-08T12:46:06+12:00 scalar diagnostics {'step': 516, 'time': 66.61657766883546, 'dt': 0.19634954084936207, 'total_energy': 6.913504560146524}
2026-06-08T12:46:06+12:00 scalar diagnostics {'step': 517, 'time': 66.81292720968483, 'dt': 0.19634954084936207, 'total_energy': 6.939394502853549}
2026-06-08T12:46:06+12:00 scalar diagnostics {'step': 518, 'time': 67.0092767505342, 'dt': 0.19634954084936207, 'total_energy': 6.972622838009172}
2026-06-08T12:46:06+12:00 scalar diagnostics {'step': 520, 'time': 67.40197583223294, 'dt': 0.19634954084936207, 'total_energy': 7.035492655590654}
2026-06-08T12:46:06+12:00 scalar diagnostics {'step': 521, 'time': 67.5983253730823, 'dt': 0.19634954084936207, 'total_energy': 7.050180043310796}
2026-06-08T12:46:06+12:00 scalar diagnostics {'step': 522, 'time': 67.79467491393167, 'dt': 0.19634954084936207, 'total_energy': 7.049095289793373}
2026-06-08T12:46:06+12:00 scalar diagnostics {'step': 524, 'time': 68.18737399563041, 'dt': 0.19634954084936207, 'total_energy': 7.006666837572041}
2026-06-08T12:46:06+12:00 scalar diagnostics {'step': 525, 'time': 68.38372353647978, 'dt': 0.19634954084936207, 'total_energy': 6.974509640296182}
2026-06-08T12:46:06+12:00 scalar diagnostics {'step': 526, 'time': 68.58007307732915, 'dt': 0.19634954084936207, 'total_energy': 6.9418848654409295}
2026-06-08T12:46:06+12:00 scalar diagnostics {'step': 527, 'time': 68.77642261817851, 'dt': 0.19634954084936207, 'total_energy': 6.91269409467937}
2026-06-08T12:46:06+12:00 scalar diagnostics {'step': 529, 'time': 69.16912169987725, 'dt': 0.19634954084936207, 'total_energy': 6.873483998932676}
2026-06-08T12:46:06+12:00 scalar diagnostics {'step': 530, 'time': 69.36547124072662, 'dt': 0.19634954084936207, 'total_energy': 6.866616062255852}
2026-06-08T12:46:06+12:00 scalar diagnostics {'step': 531, 'time': 69.56182078157599, 'dt': 0.19634954084936207, 'total_energy': 6.870181645411874}
2026-06-08T12:46:06+12:00 scalar diagnostics {'step': 532, 'time': 69.75817032242536, 'dt': 0.19634954084936207, 'total_energy': 6.8855025598088195}
2026-06-08T12:46:06+12:00 scalar diagnostics {'step': 534, 'time': 70.1508694041241, 'dt': 0.19634954084936207, 'total_energy': 6.943444828808651}
2026-06-08T12:46:06+12:00 scalar diagnostics {'step': 535, 'time': 70.34721894497346, 'dt': 0.19634954084936207, 'total_energy': 6.976263994942602}
2026-06-08T12:46:06+12:00 scalar diagnostics {'step': 536, 'time': 70.54356848582283, 'dt': 0.19634954084936207, 'total_energy': 7.00411157487688}
2026-06-08T12:46:06+12:00 scalar diagnostics {'step': 538, 'time': 70.93626756752157, 'dt': 0.19634954084936207, 'total_energy': 7.031985463272427}
2026-06-08T12:46:06+12:00 scalar diagnostics {'step': 539, 'time': 71.13261710837094, 'dt': 0.19634954084936207, 'total_energy': 7.031147112135647}
2026-06-08T12:46:06+12:00 scalar diagnostics {'step': 540, 'time': 71.3289666492203, 'dt': 0.19634954084936207, 'total_energy': 7.022265810270757}
2026-06-08T12:46:06+12:00 scalar diagnostics {'step': 541, 'time': 71.52531619006967, 'dt': 0.19634954084936207, 'total_energy': 7.007149420225051}
2026-06-08T12:46:06+12:00 scalar diagnostics {'step': 543, 'time': 71.91801527176841, 'dt': 0.19634954084936207, 'total_energy': 6.968228887478761}
2026-06-08T12:46:06+12:00 scalar diagnostics {'step': 544, 'time': 72.11436481261778, 'dt': 0.19634954084936207, 'total_energy': 6.9501608637211}
2026-06-08T12:46:06+12:00 scalar diagnostics {'step': 545, 'time': 72.31071435346715, 'dt': 0.19634954084936207, 'total_energy': 6.937032896640899}
2026-06-08T12:46:06+12:00 scalar diagnostics {'step': 546, 'time': 72.50706389431652, 'dt': 0.19634954084936207, 'total_energy': 6.930946326399338}
2026-06-08T12:46:06+12:00 scalar diagnostics {'step': 548, 'time': 72.89976297601525, 'dt': 0.19634954084936207, 'total_energy': 6.938843954006041}
2026-06-08T12:46:06+12:00 scalar diagnostics {'step': 549, 'time': 73.09611251686462, 'dt': 0.19634954084936207, 'total_energy': 6.946605713082825}
2026-06-08T12:46:06+12:00 scalar diagnostics {'step': 550, 'time': 73.29246205771399, 'dt': 0.19634954084936207, 'total_energy': 6.950795774933302}
2026-06-08T12:46:07+12:00 scalar diagnostics {'step': 552, 'time': 73.68516113941273, 'dt': 0.19634954084936207, 'total_energy': 6.939781396097648}
2026-06-08T12:46:07+12:00 scalar diagnostics {'step': 553, 'time': 73.8815106802621, 'dt': 0.19634954084936207, 'total_energy': 6.928239084221058}
2026-06-08T12:46:07+12:00 scalar diagnostics {'step': 554, 'time': 74.07786022111146, 'dt': 0.19634954084936207, 'total_energy': 6.917277719525485}
2026-06-08T12:46:07+12:00 scalar diagnostics {'step': 555, 'time': 74.27420976196083, 'dt': 0.19634954084936207, 'total_energy': 6.909095912449936}
2026-06-08T12:46:07+12:00 scalar diagnostics {'step': 557, 'time': 74.66690884365957, 'dt': 0.19634954084936207, 'total_energy': 6.903752881399539}
2026-06-08T12:46:07+12:00 scalar diagnostics {'step': 558, 'time': 74.86325838450894, 'dt': 0.19634954084936207, 'total_energy': 6.908711875443364}
2026-06-08T12:46:07+12:00 scalar diagnostics {'step': 559, 'time': 75.0596079253583, 'dt': 0.19634954084936207, 'total_energy': 6.921781833509911}
2026-06-08T12:46:07+12:00 scalar diagnostics {'step': 560, 'time': 75.25595746620768, 'dt': 0.19634954084936207, 'total_energy': 6.94491213661306}
2026-06-08T12:46:07+12:00 scalar diagnostics {'step': 562, 'time': 75.64865654790641, 'dt': 0.19634954084936207, 'total_energy': 7.016322268359076}
2026-06-08T12:46:07+12:00 scalar diagnostics {'step': 563, 'time': 75.84500608875578, 'dt': 0.19634954084936207, 'total_energy': 7.053434463195208}
2026-06-08T12:46:07+12:00 scalar diagnostics {'step': 564, 'time': 76.04135562960515, 'dt': 0.19634954084936207, 'total_energy': 7.081033712424228}
2026-06-08T12:46:07+12:00 scalar diagnostics {'step': 566, 'time': 76.43405471130389, 'dt': 0.19634954084936207, 'total_energy': 7.085794505581754}
2026-06-08T12:46:07+12:00 scalar diagnostics {'step': 567, 'time': 76.63040425215326, 'dt': 0.19634954084936207, 'total_energy': 7.0628570473470855}
2026-06-08T12:46:07+12:00 scalar diagnostics {'step': 568, 'time': 76.82675379300262, 'dt': 0.19634954084936207, 'total_energy': 7.029913406187281}
2026-06-08T12:46:07+12:00 scalar diagnostics {'step': 569, 'time': 77.02310333385199, 'dt': 0.19634954084936207, 'total_energy': 6.993999980574097}
2026-06-08T12:46:07+12:00 scalar diagnostics {'step': 571, 'time': 77.41580241555073, 'dt': 0.19634954084936207, 'total_energy': 6.931790020016324}
2026-06-08T12:46:07+12:00 scalar diagnostics {'step': 572, 'time': 77.6121519564001, 'dt': 0.19634954084936207, 'total_energy': 6.90936547402637}
2026-06-08T12:46:07+12:00 scalar diagnostics {'step': 573, 'time': 77.80850149724947, 'dt': 0.19634954084936207, 'total_energy': 6.89491744397052}
2026-06-08T12:46:07+12:00 scalar diagnostics {'step': 574, 'time': 78.00485103809883, 'dt': 0.19634954084936207, 'total_energy': 6.8912356767569225}
2026-06-08T12:46:07+12:00 scalar diagnostics {'step': 576, 'time': 78.39755011979757, 'dt': 0.19634954084936207, 'total_energy': 6.921966963476362}
2026-06-08T12:46:07+12:00 scalar diagnostics {'step': 577, 'time': 78.59389966064694, 'dt': 0.19634954084936207, 'total_energy': 6.951376918519481}
2026-06-08T12:46:07+12:00 scalar diagnostics {'step': 578, 'time': 78.79024920149631, 'dt': 0.19634954084936207, 'total_energy': 6.9823487884961954}
2026-06-08T12:46:07+12:00 scalar diagnostics {'step': 580, 'time': 79.18294828319505, 'dt': 0.19634954084936207, 'total_energy': 7.028646435817865}
2026-06-08T12:46:07+12:00 scalar diagnostics {'step': 581, 'time': 79.37929782404441, 'dt': 0.19634954084936207, 'total_energy': 7.040815124869371}
2026-06-08T12:46:07+12:00 scalar diagnostics {'step': 582, 'time': 79.57564736489378, 'dt': 0.19634954084936207, 'total_energy': 7.0467887242062766}
2026-06-08T12:46:07+12:00 scalar diagnostics {'step': 583, 'time': 79.77199690574315, 'dt': 0.19634954084936207, 'total_energy': 7.048129576640834}
2026-06-08T12:46:08+12:00 scalar diagnostics {'step': 585, 'time': 80.16469598744189, 'dt': 0.19634954084936207, 'total_energy': 7.040805329345477}
2026-06-08T12:46:08+12:00 scalar diagnostics {'step': 586, 'time': 80.36104552829126, 'dt': 0.19634954084936207, 'total_energy': 7.034007411836381}
2026-06-08T12:46:08+12:00 scalar diagnostics {'step': 587, 'time': 80.55739506914063, 'dt': 0.19634954084936207, 'total_energy': 7.027183783887912}
2026-06-08T12:46:08+12:00 scalar diagnostics {'step': 588, 'time': 80.75374460999, 'dt': 0.19634954084936207, 'total_energy': 7.022353847629001}
2026-06-08T12:46:08+12:00 scalar diagnostics {'step': 590, 'time': 81.14644369168873, 'dt': 0.19634954084936207, 'total_energy': 7.02446571348509}
2026-06-08T12:46:08+12:00 scalar diagnostics {'step': 591, 'time': 81.3427932325381, 'dt': 0.19634954084936207, 'total_energy': 7.031370777196537}
2026-06-08T12:46:08+12:00 scalar diagnostics {'step': 592, 'time': 81.53914277338747, 'dt': 0.19634954084936207, 'total_energy': 7.038989158730945}
2026-06-08T12:46:08+12:00 scalar diagnostics {'step': 594, 'time': 81.9318418550862, 'dt': 0.19634954084936207, 'total_energy': 7.043355862397556}
2026-06-08T12:46:08+12:00 scalar diagnostics {'step': 595, 'time': 82.12819139593557, 'dt': 0.19634954084936207, 'total_energy': 7.036686904062765}
2026-06-08T12:46:08+12:00 scalar diagnostics {'step': 596, 'time': 82.32454093678494, 'dt': 0.19634954084936207, 'total_energy': 7.025359273901158}
2026-06-08T12:46:08+12:00 scalar diagnostics {'step': 597, 'time': 82.52089047763431, 'dt': 0.19634954084936207, 'total_energy': 7.012233844303478}
2026-06-08T12:46:08+12:00 scalar diagnostics {'step': 599, 'time': 82.91358955933305, 'dt': 0.19634954084936207, 'total_energy': 6.9925928981829815}
2026-06-08T12:46:08+12:00 progress {'step': 600, 'time': 83.10993910018242, 'dt': 0.19634954084936207}
2026-06-08T12:46:08+12:00 scalar diagnostics {'step': 600, 'time': 83.10993910018242, 'dt': 0.19634954084936207, 'total_energy': 6.990536052708263}
2026-06-08T12:46:08+12:00 scalar diagnostics {'step': 601, 'time': 83.30628864103178, 'dt': 0.19634954084936207, 'total_energy': 6.995369967499496}
2026-06-08T12:46:08+12:00 scalar diagnostics {'step': 602, 'time': 83.50263818188115, 'dt': 0.19634954084936207, 'total_energy': 7.006780592842161}
2026-06-08T12:46:08+12:00 scalar diagnostics {'step': 604, 'time': 83.89533726357989, 'dt': 0.19634954084936207, 'total_energy': 7.044833587949365}
2026-06-08T12:46:08+12:00 scalar diagnostics {'step': 605, 'time': 84.09168680442926, 'dt': 0.19634954084936207, 'total_energy': 7.06836486515304}
2026-06-08T12:46:08+12:00 scalar diagnostics {'step': 606, 'time': 84.28803634527863, 'dt': 0.19634954084936207, 'total_energy': 7.092724853893774}
2026-06-08T12:46:08+12:00 scalar diagnostics {'step': 608, 'time': 84.68073542697736, 'dt': 0.19634954084936207, 'total_energy': 7.134910106501493}
2026-06-08T12:46:08+12:00 scalar diagnostics {'step': 609, 'time': 84.87708496782673, 'dt': 0.19634954084936207, 'total_energy': 7.146963873741717}
2026-06-08T12:46:08+12:00 scalar diagnostics {'step': 610, 'time': 85.0734345086761, 'dt': 0.19634954084936207, 'total_energy': 7.150206472829593}
2026-06-08T12:46:08+12:00 scalar diagnostics {'step': 611, 'time': 85.26978404952547, 'dt': 0.19634954084936207, 'total_energy': 7.145791179748375}
2026-06-08T12:46:08+12:00 scalar diagnostics {'step': 613, 'time': 85.6624831312242, 'dt': 0.19634954084936207, 'total_energy': 7.124302435816277}
2026-06-08T12:46:08+12:00 scalar diagnostics {'step': 614, 'time': 85.85883267207358, 'dt': 0.19634954084936207, 'total_energy': 7.113692556361637}
2026-06-08T12:46:09+12:00 scalar diagnostics {'step': 615, 'time': 86.05518221292294, 'dt': 0.19634954084936207, 'total_energy': 7.105432061191164}
2026-06-08T12:46:09+12:00 scalar diagnostics {'step': 616, 'time': 86.25153175377231, 'dt': 0.19634954084936207, 'total_energy': 7.099953947509296}
2026-06-08T12:46:09+12:00 scalar diagnostics {'step': 618, 'time': 86.64423083547105, 'dt': 0.19634954084936207, 'total_energy': 7.100362790623503}
2026-06-08T12:46:09+12:00 scalar diagnostics {'step': 619, 'time': 86.84058037632042, 'dt': 0.19634954084936207, 'total_energy': 7.108971916204308}
2026-06-08T12:46:09+12:00 scalar diagnostics {'step': 620, 'time': 87.03692991716979, 'dt': 0.19634954084936207, 'total_energy': 7.124376074812494}
2026-06-08T12:46:09+12:00 scalar diagnostics {'step': 622, 'time': 87.42962899886852, 'dt': 0.19634954084936207, 'total_energy': 7.17019194890609}
2026-06-08T12:46:09+12:00 scalar diagnostics {'step': 623, 'time': 87.62597853971789, 'dt': 0.19634954084936207, 'total_energy': 7.193875158363439}
2026-06-08T12:46:09+12:00 scalar diagnostics {'step': 624, 'time': 87.82232808056726, 'dt': 0.19634954084936207, 'total_energy': 7.213249488243543}
2026-06-08T12:46:09+12:00 scalar diagnostics {'step': 625, 'time': 88.01867762141663, 'dt': 0.19634954084936207, 'total_energy': 7.226416121059808}
2026-06-08T12:46:09+12:00 scalar diagnostics {'step': 627, 'time': 88.41137670311537, 'dt': 0.19634954084936207, 'total_energy': 7.236988475583328}
2026-06-08T12:46:09+12:00 scalar diagnostics {'step': 628, 'time': 88.60772624396473, 'dt': 0.19634954084936207, 'total_energy': 7.238397229134081}
2026-06-08T12:46:09+12:00 scalar diagnostics {'step': 629, 'time': 88.8040757848141, 'dt': 0.19634954084936207, 'total_energy': 7.238936742932868}
2026-06-08T12:46:09+12:00 scalar diagnostics {'step': 630, 'time': 89.00042532566347, 'dt': 0.19634954084936207, 'total_energy': 7.238504001481842}
2026-06-08T12:46:09+12:00 scalar diagnostics {'step': 632, 'time': 89.39312440736221, 'dt': 0.19634954084936207, 'total_energy': 7.236520773108903}
2026-06-08T12:46:09+12:00 scalar diagnostics {'step': 633, 'time': 89.58947394821158, 'dt': 0.19634954084936207, 'total_energy': 7.238113177716138}
2026-06-08T12:46:09+12:00 scalar diagnostics {'step': 634, 'time': 89.78582348906095, 'dt': 0.19634954084936207, 'total_energy': 7.2443706788544135}
2026-06-08T12:46:09+12:00 scalar diagnostics {'step': 636, 'time': 90.17852257075968, 'dt': 0.19634954084936207, 'total_energy': 7.268148819091312}
2026-06-08T12:46:09+12:00 scalar diagnostics {'step': 637, 'time': 90.37487211160905, 'dt': 0.19634954084936207, 'total_energy': 7.279059950660262}
2026-06-08T12:46:09+12:00 scalar diagnostics {'step': 638, 'time': 90.57122165245842, 'dt': 0.19634954084936207, 'total_energy': 7.285294244301873}
2026-06-08T12:46:09+12:00 scalar diagnostics {'step': 639, 'time': 90.76757119330779, 'dt': 0.19634954084936207, 'total_energy': 7.286943911837275}
2026-06-08T12:46:09+12:00 scalar diagnostics {'step': 641, 'time': 91.16027027500652, 'dt': 0.19634954084936207, 'total_energy': 7.287676436929661}
2026-06-08T12:46:09+12:00 scalar diagnostics {'step': 642, 'time': 91.3566198158559, 'dt': 0.19634954084936207, 'total_energy': 7.291704388629287}
2026-06-08T12:46:09+12:00 scalar diagnostics {'step': 643, 'time': 91.55296935670526, 'dt': 0.19634954084936207, 'total_energy': 7.298530834180208}
2026-06-08T12:46:10+12:00 scalar diagnostics {'step': 645, 'time': 91.945668438404, 'dt': 0.19634954084936207, 'total_energy': 7.315900731680178}
2026-06-08T12:46:10+12:00 scalar diagnostics {'step': 646, 'time': 92.14201797925337, 'dt': 0.19634954084936207, 'total_energy': 7.3257683030512775}
2026-06-08T12:46:10+12:00 scalar diagnostics {'step': 647, 'time': 92.33836752010274, 'dt': 0.19634954084936207, 'total_energy': 7.337998044310522}
2026-06-08T12:46:10+12:00 scalar diagnostics {'step': 648, 'time': 92.5347170609521, 'dt': 0.19634954084936207, 'total_energy': 7.354363240018476}
2026-06-08T12:46:10+12:00 scalar diagnostics {'step': 650, 'time': 92.92741614265084, 'dt': 0.19634954084936207, 'total_energy': 7.4008294830722425}
2026-06-08T12:46:10+12:00 scalar diagnostics {'step': 651, 'time': 93.12376568350021, 'dt': 0.19634954084936207, 'total_energy': 7.427152741024879}
2026-06-08T12:46:10+12:00 scalar diagnostics {'step': 652, 'time': 93.32011522434958, 'dt': 0.19634954084936207, 'total_energy': 7.450583874988189}
2026-06-08T12:46:10+12:00 scalar diagnostics {'step': 653, 'time': 93.51646476519895, 'dt': 0.19634954084936207, 'total_energy': 7.468143337731289}
2026-06-08T12:46:10+12:00 scalar diagnostics {'step': 655, 'time': 93.90916384689768, 'dt': 0.19634954084936207, 'total_energy': 7.483319647638175}
2026-06-08T12:46:10+12:00 scalar diagnostics {'step': 656, 'time': 94.10551338774705, 'dt': 0.19634954084936207, 'total_energy': 7.483651761439815}
2026-06-08T12:46:10+12:00 scalar diagnostics {'step': 657, 'time': 94.30186292859642, 'dt': 0.19634954084936207, 'total_energy': 7.4815721786326055}
2026-06-08T12:46:10+12:00 scalar diagnostics {'step': 659, 'time': 94.69456201029516, 'dt': 0.19634954084936207, 'total_energy': 7.475637638262733}
2026-06-08T12:46:10+12:00 scalar diagnostics {'step': 660, 'time': 94.89091155114453, 'dt': 0.19634954084936207, 'total_energy': 7.474860937061602}
2026-06-08T12:46:10+12:00 scalar diagnostics {'step': 661, 'time': 95.0872610919939, 'dt': 0.19634954084936207, 'total_energy': 7.478735197598105}
2026-06-08T12:46:10+12:00 scalar diagnostics {'step': 662, 'time': 95.28361063284326, 'dt': 0.19634954084936207, 'total_energy': 7.488796800889261}
2026-06-08T12:46:10+12:00 scalar diagnostics {'step': 664, 'time': 95.676309714542, 'dt': 0.19634954084936207, 'total_energy': 7.52866526242093}
2026-06-08T12:46:10+12:00 scalar diagnostics {'step': 665, 'time': 95.87265925539137, 'dt': 0.19634954084936207, 'total_energy': 7.554930413574969}
2026-06-08T12:46:10+12:00 scalar diagnostics {'step': 666, 'time': 96.06900879624074, 'dt': 0.19634954084936207, 'total_energy': 7.581274998126267}
2026-06-08T12:46:10+12:00 scalar diagnostics {'step': 667, 'time': 96.2653583370901, 'dt': 0.19634954084936207, 'total_energy': 7.604527893109041}
2026-06-08T12:46:11+12:00 scalar diagnostics {'step': 669, 'time': 96.65805741878884, 'dt': 0.19634954084936207, 'total_energy': 7.633904255057905}
2026-06-08T12:46:11+12:00 scalar diagnostics {'step': 670, 'time': 96.85440695963821, 'dt': 0.19634954084936207, 'total_energy': 7.639565480884514}
2026-06-08T12:46:11+12:00 scalar diagnostics {'step': 671, 'time': 97.05075650048758, 'dt': 0.19634954084936207, 'total_energy': 7.641320226655445}
2026-06-08T12:46:11+12:00 scalar diagnostics {'step': 673, 'time': 97.44345558218632, 'dt': 0.19634954084936207, 'total_energy': 7.641177361744002}
2026-06-08T12:46:11+12:00 scalar diagnostics {'step': 674, 'time': 97.63980512303569, 'dt': 0.19634954084936207, 'total_energy': 7.643551011231937}
2026-06-08T12:46:11+12:00 scalar diagnostics {'step': 675, 'time': 97.83615466388505, 'dt': 0.19634954084936207, 'total_energy': 7.649759239766892}
2026-06-08T12:46:11+12:00 scalar diagnostics {'step': 676, 'time': 98.03250420473442, 'dt': 0.19634954084936207, 'total_energy': 7.660812454943092}
2026-06-08T12:46:11+12:00 scalar diagnostics {'step': 678, 'time': 98.42520328643316, 'dt': 0.19634954084936207, 'total_energy': 7.698011647657611}
2026-06-08T12:46:11+12:00 scalar diagnostics {'step': 679, 'time': 98.62155282728253, 'dt': 0.19634954084936207, 'total_energy': 7.7223740425095535}
2026-06-08T12:46:11+12:00 scalar diagnostics {'step': 680, 'time': 98.8179023681319, 'dt': 0.19634954084936207, 'total_energy': 7.7481499351312175}
2026-06-08T12:46:11+12:00 scalar diagnostics {'step': 681, 'time': 99.01425190898127, 'dt': 0.19634954084936207, 'total_energy': 7.773344381082465}
2026-06-08T12:46:11+12:00 scalar diagnostics {'step': 683, 'time': 99.40695099068, 'dt': 0.19634954084936207, 'total_energy': 7.813391492558753}
2026-06-08T12:46:11+12:00 scalar diagnostics {'step': 684, 'time': 99.60330053152937, 'dt': 0.19634954084936207, 'total_energy': 7.826681251525299}
2026-06-08T12:46:11+12:00 scalar diagnostics {'step': 685, 'time': 99.79965007237874, 'dt': 0.19634954084936207, 'total_energy': 7.836386961400518}
2026-06-08T12:46:11+12:00 scalar diagnostics {'step': 687, 'time': 100.19234915407748, 'dt': 0.19634954084936207, 'total_energy': 7.8513505748402785}
2026-06-08T12:46:11+12:00 scalar diagnostics {'step': 688, 'time': 100.38869869492684, 'dt': 0.19634954084936207, 'total_energy': 7.858565706645884}
2026-06-08T12:46:11+12:00 scalar diagnostics {'step': 689, 'time': 100.58504823577621, 'dt': 0.19634954084936207, 'total_energy': 7.865646262185828}
2026-06-08T12:46:11+12:00 scalar diagnostics {'step': 690, 'time': 100.78139777662558, 'dt': 0.19634954084936207, 'total_energy': 7.872685669651037}
2026-06-08T12:46:12+12:00 scalar diagnostics {'step': 692, 'time': 101.17409685832432, 'dt': 0.19634954084936207, 'total_energy': 7.892527960059607}
2026-06-08T12:46:12+12:00 scalar diagnostics {'step': 693, 'time': 101.37044639917369, 'dt': 0.19634954084936207, 'total_energy': 7.909153329921139}
2026-06-08T12:46:12+12:00 scalar diagnostics {'step': 694, 'time': 101.56679594002306, 'dt': 0.19634954084936207, 'total_energy': 7.930871668957394}
2026-06-08T12:46:12+12:00 scalar diagnostics {'step': 695, 'time': 101.76314548087242, 'dt': 0.19634954084936207, 'total_energy': 7.955349987271946}
2026-06-08T12:46:12+12:00 scalar diagnostics {'step': 697, 'time': 102.15584456257116, 'dt': 0.19634954084936207, 'total_energy': 7.9980560924784765}
2026-06-08T12:46:12+12:00 scalar diagnostics {'step': 698, 'time': 102.35219410342053, 'dt': 0.19634954084936207, 'total_energy': 8.011728286646207}
2026-06-08T12:46:12+12:00 scalar diagnostics {'step': 699, 'time': 102.5485436442699, 'dt': 0.19634954084936207, 'total_energy': 8.020997529472456}
2026-06-08T12:46:12+12:00 progress {'step': 700, 'time': 102.74489318511927, 'dt': 0.19634954084936207}
2026-06-08T12:46:12+12:00 scalar diagnostics {'step': 701, 'time': 102.94124272596864, 'dt': 0.19634954084936207, 'total_energy': 8.036893614094145}
2026-06-08T12:46:12+12:00 scalar diagnostics {'step': 702, 'time': 103.137592266818, 'dt': 0.19634954084936207, 'total_energy': 8.047354813422533}
2026-06-08T12:46:12+12:00 scalar diagnostics {'step': 703, 'time': 103.33394180766737, 'dt': 0.19634954084936207, 'total_energy': 8.060042164284464}
2026-06-08T12:46:12+12:00 scalar diagnostics {'step': 704, 'time': 103.53029134851674, 'dt': 0.19634954084936207, 'total_energy': 8.074881110735726}
2026-06-08T12:46:12+12:00 scalar diagnostics {'step': 706, 'time': 103.92299043021548, 'dt': 0.19634954084936207, 'total_energy': 8.113708484714259}
2026-06-08T12:46:12+12:00 scalar diagnostics {'step': 707, 'time': 104.11933997106485, 'dt': 0.19634954084936207, 'total_energy': 8.139835382771222}
2026-06-08T12:46:12+12:00 scalar diagnostics {'step': 708, 'time': 104.31568951191421, 'dt': 0.19634954084936207, 'total_energy': 8.17020915941714}
2026-06-08T12:46:12+12:00 scalar diagnostics {'step': 709, 'time': 104.51203905276358, 'dt': 0.19634954084936207, 'total_energy': 8.202088882222087}
2026-06-08T12:46:12+12:00 scalar diagnostics {'step': 711, 'time': 104.90473813446232, 'dt': 0.19634954084936207, 'total_energy': 8.253590689365222}
2026-06-08T12:46:12+12:00 scalar diagnostics {'step': 712, 'time': 105.10108767531169, 'dt': 0.19634954084936207, 'total_energy': 8.267434512122842}
2026-06-08T12:46:12+12:00 scalar diagnostics {'step': 713, 'time': 105.29743721616106, 'dt': 0.19634954084936207, 'total_energy': 8.27395048966259}
2026-06-08T12:46:13+12:00 scalar diagnostics {'step': 715, 'time': 105.6901362978598, 'dt': 0.19634954084936207, 'total_energy': 8.278687190162369}
2026-06-08T12:46:13+12:00 scalar diagnostics {'step': 716, 'time': 105.88648583870916, 'dt': 0.19634954084936207, 'total_energy': 8.282814288486556}
2026-06-08T12:46:13+12:00 scalar diagnostics {'step': 717, 'time': 106.08283537955853, 'dt': 0.19634954084936207, 'total_energy': 8.289564936612324}
2026-06-08T12:46:13+12:00 scalar diagnostics {'step': 718, 'time': 106.2791849204079, 'dt': 0.19634954084936207, 'total_energy': 8.298936409250018}
2026-06-08T12:46:13+12:00 scalar diagnostics {'step': 720, 'time': 106.67188400210664, 'dt': 0.19634954084936207, 'total_energy': 8.328259710603936}
2026-06-08T12:46:13+12:00 scalar diagnostics {'step': 721, 'time': 106.868233542956, 'dt': 0.19634954084936207, 'total_energy': 8.351224515393605}
2026-06-08T12:46:13+12:00 scalar diagnostics {'step': 722, 'time': 107.06458308380537, 'dt': 0.19634954084936207, 'total_energy': 8.380378943368642}
2026-06-08T12:46:13+12:00 scalar diagnostics {'step': 723, 'time': 107.26093262465474, 'dt': 0.19634954084936207, 'total_energy': 8.414226995451145}
2026-06-08T12:46:13+12:00 scalar diagnostics {'step': 725, 'time': 107.65363170635348, 'dt': 0.19634954084936207, 'total_energy': 8.482960963720748}
2026-06-08T12:46:13+12:00 scalar diagnostics {'step': 726, 'time': 107.84998124720285, 'dt': 0.19634954084936207, 'total_energy': 8.511200419458454}
2026-06-08T12:46:13+12:00 scalar diagnostics {'step': 727, 'time': 108.04633078805222, 'dt': 0.19634954084936207, 'total_energy': 8.532906429315059}
2026-06-08T12:46:13+12:00 scalar diagnostics {'step': 729, 'time': 108.43902986975095, 'dt': 0.19634954084936207, 'total_energy': 8.55820821848202}
2026-06-08T12:46:13+12:00 scalar diagnostics {'step': 730, 'time': 108.63537941060032, 'dt': 0.19634954084936207, 'total_energy': 8.564435594464003}
2026-06-08T12:46:13+12:00 scalar diagnostics {'step': 731, 'time': 108.83172895144969, 'dt': 0.19634954084936207, 'total_energy': 8.56831022223737}
2026-06-08T12:46:13+12:00 scalar diagnostics {'step': 732, 'time': 109.02807849229906, 'dt': 0.19634954084936207, 'total_energy': 8.5711528045607}
2026-06-08T12:46:13+12:00 scalar diagnostics {'step': 734, 'time': 109.4207775739978, 'dt': 0.19634954084936207, 'total_energy': 8.580651153123277}
2026-06-08T12:46:13+12:00 scalar diagnostics {'step': 735, 'time': 109.61712711484716, 'dt': 0.19634954084936207, 'total_energy': 8.591272125421268}
2026-06-08T12:46:13+12:00 scalar diagnostics {'step': 736, 'time': 109.81347665569653, 'dt': 0.19634954084936207, 'total_energy': 8.607672043854036}
2026-06-08T12:46:13+12:00 scalar diagnostics {'step': 737, 'time': 110.0098261965459, 'dt': 0.19634954084936207, 'total_energy': 8.629762665892436}
2026-06-08T12:46:13+12:00 scalar diagnostics {'step': 739, 'time': 110.40252527824464, 'dt': 0.19634954084936207, 'total_energy': 8.684647889377533}
2026-06-08T12:46:14+12:00 scalar diagnostics {'step': 740, 'time': 110.59887481909401, 'dt': 0.19634954084936207, 'total_energy': 8.712965969357455}
2026-06-08T12:46:14+12:00 scalar diagnostics {'step': 741, 'time': 110.79522435994338, 'dt': 0.19634954084936207, 'total_energy': 8.739530085739295}
2026-06-08T12:46:14+12:00 scalar diagnostics {'step': 743, 'time': 111.18792344164211, 'dt': 0.19634954084936207, 'total_energy': 8.784647804965765}
2026-06-08T12:46:14+12:00 scalar diagnostics {'step': 744, 'time': 111.38427298249148, 'dt': 0.19634954084936207, 'total_energy': 8.804572629011535}
2026-06-08T12:46:14+12:00 scalar diagnostics {'step': 745, 'time': 111.58062252334085, 'dt': 0.19634954084936207, 'total_energy': 8.824550620697652}
2026-06-08T12:46:14+12:00 scalar diagnostics {'step': 746, 'time': 111.77697206419022, 'dt': 0.19634954084936207, 'total_energy': 8.845671597144866}
2026-06-08T12:46:14+12:00 scalar diagnostics {'step': 748, 'time': 112.16967114588896, 'dt': 0.19634954084936207, 'total_energy': 8.891919471700168}
2026-06-08T12:46:14+12:00 scalar diagnostics {'step': 749, 'time': 112.36602068673832, 'dt': 0.19634954084936207, 'total_energy': 8.916036441300577}
2026-06-08T12:46:14+12:00 scalar diagnostics {'step': 750, 'time': 112.56237022758769, 'dt': 0.19634954084936207, 'total_energy': 8.940172465992095}
2026-06-08T12:46:14+12:00 scalar diagnostics {'step': 751, 'time': 112.75871976843706, 'dt': 0.19634954084936207, 'total_energy': 8.964291407205177}
2026-06-08T12:46:14+12:00 scalar diagnostics {'step': 753, 'time': 113.1514188501358, 'dt': 0.19634954084936207, 'total_energy': 9.010490034917083}
2026-06-08T12:46:14+12:00 scalar diagnostics {'step': 754, 'time': 113.34776839098517, 'dt': 0.19634954084936207, 'total_energy': 9.030468226097849}
2026-06-08T12:46:14+12:00 scalar diagnostics {'step': 755, 'time': 113.54411793183453, 'dt': 0.19634954084936207, 'total_energy': 9.046442457050517}
2026-06-08T12:46:14+12:00 scalar diagnostics {'step': 757, 'time': 113.93681701353327, 'dt': 0.19634954084936207, 'total_energy': 9.064276393223668}
2026-06-08T12:46:14+12:00 scalar diagnostics {'step': 758, 'time': 114.13316655438264, 'dt': 0.19634954084936207, 'total_energy': 9.068452692989117}
2026-06-08T12:46:14+12:00 scalar diagnostics {'step': 759, 'time': 114.32951609523201, 'dt': 0.19634954084936207, 'total_energy': 9.072872822717251}
2026-06-08T12:46:14+12:00 scalar diagnostics {'step': 760, 'time': 114.52586563608138, 'dt': 0.19634954084936207, 'total_energy': 9.08025283161406}
2026-06-08T12:46:14+12:00 scalar diagnostics {'step': 762, 'time': 114.91856471778011, 'dt': 0.19634954084936207, 'total_energy': 9.109722298357998}
2026-06-08T12:46:15+12:00 scalar diagnostics {'step': 763, 'time': 115.11491425862948, 'dt': 0.19634954084936207, 'total_energy': 9.131930021229731}
2026-06-08T12:46:15+12:00 scalar diagnostics {'step': 764, 'time': 115.31126379947885, 'dt': 0.19634954084936207, 'total_energy': 9.158605161194592}
2026-06-08T12:46:15+12:00 scalar diagnostics {'step': 765, 'time': 115.50761334032822, 'dt': 0.19634954084936207, 'total_energy': 9.189767197984134}
2026-06-08T12:46:15+12:00 scalar diagnostics {'step': 767, 'time': 115.90031242202696, 'dt': 0.19634954084936207, 'total_energy': 9.2652419969262}
2026-06-08T12:46:15+12:00 scalar diagnostics {'step': 768, 'time': 116.09666196287633, 'dt': 0.19634954084936207, 'total_energy': 9.306608118806048}
2026-06-08T12:46:15+12:00 scalar diagnostics {'step': 769, 'time': 116.2930115037257, 'dt': 0.19634954084936207, 'total_energy': 9.346001479549063}
2026-06-08T12:46:15+12:00 scalar diagnostics {'step': 771, 'time': 116.68571058542443, 'dt': 0.19634954084936207, 'total_energy': 9.405445685777126}
2026-06-08T12:46:15+12:00 scalar diagnostics {'step': 772, 'time': 116.8820601262738, 'dt': 0.19634954084936207, 'total_energy': 9.423173459316235}
2026-06-08T12:46:15+12:00 scalar diagnostics {'step': 773, 'time': 117.07840966712317, 'dt': 0.19634954084936207, 'total_energy': 9.434723716063534}
2026-06-08T12:46:15+12:00 scalar diagnostics {'step': 774, 'time': 117.27475920797254, 'dt': 0.19634954084936207, 'total_energy': 9.442568651020999}
2026-06-08T12:46:15+12:00 scalar diagnostics {'step': 776, 'time': 117.66745828967127, 'dt': 0.19634954084936207, 'total_energy': 9.453860971699282}
2026-06-08T12:46:15+12:00 scalar diagnostics {'step': 777, 'time': 117.86380783052064, 'dt': 0.19634954084936207, 'total_energy': 9.45924058852477}
2026-06-08T12:46:15+12:00 scalar diagnostics {'step': 778, 'time': 118.06015737137001, 'dt': 0.19634954084936207, 'total_energy': 9.466210805657736}
2026-06-08T12:46:15+12:00 scalar diagnostics {'step': 779, 'time': 118.25650691221938, 'dt': 0.19634954084936207, 'total_energy': 9.476937481456368}
2026-06-08T12:46:15+12:00 scalar diagnostics {'step': 781, 'time': 118.64920599391812, 'dt': 0.19634954084936207, 'total_energy': 9.51670563999021}
2026-06-08T12:46:15+12:00 scalar diagnostics {'step': 782, 'time': 118.84555553476748, 'dt': 0.19634954084936207, 'total_energy': 9.545369369250874}
2026-06-08T12:46:15+12:00 scalar diagnostics {'step': 783, 'time': 119.04190507561685, 'dt': 0.19634954084936207, 'total_energy': 9.576776080048909}
2026-06-08T12:46:16+12:00 scalar diagnostics {'step': 785, 'time': 119.43460415731559, 'dt': 0.19634954084936207, 'total_energy': 9.637210105320063}
2026-06-08T12:46:16+12:00 scalar diagnostics {'step': 786, 'time': 119.63095369816496, 'dt': 0.19634954084936207, 'total_energy': 9.664508754839932}
2026-06-08T12:46:16+12:00 scalar diagnostics {'step': 787, 'time': 119.82730323901433, 'dt': 0.19634954084936207, 'total_energy': 9.691273921481711}
2026-06-08T12:46:16+12:00 scalar diagnostics {'step': 788, 'time': 120.0236527798637, 'dt': 0.19634954084936207, 'total_energy': 9.71892583007142}
2026-06-08T12:46:16+12:00 scalar diagnostics {'step': 790, 'time': 120.41635186156243, 'dt': 0.19634954084936207, 'total_energy': 9.77634413180552}
2026-06-08T12:46:16+12:00 scalar diagnostics {'step': 791, 'time': 120.6127014024118, 'dt': 0.19634954084936207, 'total_energy': 9.802971036727786}
2026-06-08T12:46:16+12:00 scalar diagnostics {'step': 792, 'time': 120.80905094326117, 'dt': 0.19634954084936207, 'total_energy': 9.826236467777438}
2026-06-08T12:46:16+12:00 scalar diagnostics {'step': 793, 'time': 121.00540048411054, 'dt': 0.19634954084936207, 'total_energy': 9.846126816581574}
2026-06-08T12:46:16+12:00 scalar diagnostics {'step': 795, 'time': 121.39809956580928, 'dt': 0.19634954084936207, 'total_energy': 9.880534205963727}
2026-06-08T12:46:16+12:00 scalar diagnostics {'step': 796, 'time': 121.59444910665864, 'dt': 0.19634954084936207, 'total_energy': 9.897238550247694}
2026-06-08T12:46:16+12:00 scalar diagnostics {'step': 797, 'time': 121.79079864750801, 'dt': 0.19634954084936207, 'total_energy': 9.913844357213637}
2026-06-08T12:46:16+12:00 scalar diagnostics {'step': 799, 'time': 122.18349772920675, 'dt': 0.19634954084936207, 'total_energy': 9.944938460064884}
2026-06-08T12:46:16+12:00 progress {'step': 800, 'time': 122.37984727005612, 'dt': 0.19634954084936207}
2026-06-08T12:46:16+12:00 scalar diagnostics {'step': 800, 'time': 122.37984727005612, 'dt': 0.19634954084936207, 'total_energy': 9.95918239702484}
2026-06-08T12:46:16+12:00 scalar diagnostics {'step': 801, 'time': 122.57619681090549, 'dt': 0.19634954084936207, 'total_energy': 9.973251879144806}
2026-06-08T12:46:16+12:00 scalar diagnostics {'step': 802, 'time': 122.77254635175485, 'dt': 0.19634954084936207, 'total_energy': 9.987646072767555}
2026-06-08T12:46:16+12:00 scalar diagnostics {'step': 804, 'time': 123.16524543345359, 'dt': 0.19634954084936207, 'total_energy': 10.020159024571239}
2026-06-08T12:46:16+12:00 scalar diagnostics {'step': 805, 'time': 123.36159497430296, 'dt': 0.19634954084936207, 'total_energy': 10.040136892348576}
2026-06-08T12:46:16+12:00 scalar diagnostics {'step': 806, 'time': 123.55794451515233, 'dt': 0.19634954084936207, 'total_energy': 10.064351307727168}
2026-06-08T12:46:16+12:00 scalar diagnostics {'step': 807, 'time': 123.7542940560017, 'dt': 0.19634954084936207, 'total_energy': 10.094146436142784}
2026-06-08T12:46:17+12:00 scalar diagnostics {'step': 809, 'time': 124.14699313770043, 'dt': 0.19634954084936207, 'total_energy': 10.1719577348494}
2026-06-08T12:46:17+12:00 scalar diagnostics {'step': 810, 'time': 124.3433426785498, 'dt': 0.19634954084936207, 'total_energy': 10.217429930313099}
2026-06-08T12:46:17+12:00 scalar diagnostics {'step': 811, 'time': 124.53969221939917, 'dt': 0.19634954084936207, 'total_energy': 10.263568686246952}
2026-06-08T12:46:17+12:00 scalar diagnostics {'step': 813, 'time': 124.93239130109791, 'dt': 0.19634954084936207, 'total_energy': 10.343715883761316}
2026-06-08T12:46:17+12:00 scalar diagnostics {'step': 814, 'time': 125.12874084194728, 'dt': 0.19634954084936207, 'total_energy': 10.37237974705306}
2026-06-08T12:46:17+12:00 scalar diagnostics {'step': 815, 'time': 125.32509038279665, 'dt': 0.19634954084936207, 'total_energy': 10.391987723989313}
2026-06-08T12:46:17+12:00 scalar diagnostics {'step': 816, 'time': 125.52143992364601, 'dt': 0.19634954084936207, 'total_energy': 10.403244942030872}
2026-06-08T12:46:17+12:00 scalar diagnostics {'step': 818, 'time': 125.91413900534475, 'dt': 0.19634954084936207, 'total_energy': 10.408858468269349}
2026-06-08T12:46:17+12:00 scalar diagnostics {'step': 819, 'time': 126.11048854619412, 'dt': 0.19634954084936207, 'total_energy': 10.4085102830628}
2026-06-08T12:46:17+12:00 scalar diagnostics {'step': 820, 'time': 126.30683808704349, 'dt': 0.19634954084936207, 'total_energy': 10.409495721276064}
2026-06-08T12:46:17+12:00 scalar diagnostics {'step': 821, 'time': 126.50318762789286, 'dt': 0.19634954084936207, 'total_energy': 10.413995066767463}
2026-06-08T12:46:17+12:00 scalar diagnostics {'step': 823, 'time': 126.8958867095916, 'dt': 0.19634954084936207, 'total_energy': 10.439623783014248}
2026-06-08T12:46:17+12:00 scalar diagnostics {'step': 824, 'time': 127.09223625044096, 'dt': 0.19634954084936207, 'total_energy': 10.46267306227198}
2026-06-08T12:46:17+12:00 scalar diagnostics {'step': 825, 'time': 127.28858579129033, 'dt': 0.19634954084936207, 'total_energy': 10.492530349950169}
2026-06-08T12:46:17+12:00 scalar diagnostics {'step': 827, 'time': 127.68128487298907, 'dt': 0.19634954084936207, 'total_energy': 10.565920137795278}
2026-06-08T12:46:17+12:00 scalar diagnostics {'step': 828, 'time': 127.87763441383844, 'dt': 0.19634954084936207, 'total_energy': 10.604092977514403}
2026-06-08T12:46:17+12:00 scalar diagnostics {'step': 829, 'time': 128.0739839546878, 'dt': 0.19634954084936207, 'total_energy': 10.640001699362607}
2026-06-08T12:46:17+12:00 scalar diagnostics {'step': 830, 'time': 128.27033349553716, 'dt': 0.19634954084936207, 'total_energy': 10.67265289317637}
2026-06-08T12:46:18+12:00 scalar diagnostics {'step': 832, 'time': 128.66303257723587, 'dt': 0.19634954084936207, 'total_energy': 10.730254362660954}
2026-06-08T12:46:18+12:00 scalar diagnostics {'step': 833, 'time': 128.85938211808522, 'dt': 0.19634954084936207, 'total_energy': 10.756606072631195}
2026-06-08T12:46:18+12:00 scalar diagnostics {'step': 834, 'time': 129.05573165893458, 'dt': 0.19634954084936207, 'total_energy': 10.78146540782944}
2026-06-08T12:46:18+12:00 scalar diagnostics {'step': 835, 'time': 129.25208119978393, 'dt': 0.19634954084936207, 'total_energy': 10.804336856904474}
2026-06-08T12:46:18+12:00 scalar diagnostics {'step': 837, 'time': 129.64478028148264, 'dt': 0.19634954084936207, 'total_energy': 10.844088361719834}
2026-06-08T12:46:18+12:00 scalar diagnostics {'step': 838, 'time': 129.841129822332, 'dt': 0.19634954084936207, 'total_energy': 10.862879098528012}
2026-06-08T12:46:18+12:00 scalar diagnostics {'step': 839, 'time': 130.03747936318135, 'dt': 0.19634954084936207, 'total_energy': 10.882632943821022}
2026-06-08T12:46:18+12:00 scalar diagnostics {'step': 841, 'time': 130.43017844488006, 'dt': 0.19634954084936207, 'total_energy': 10.925156375001885}
2026-06-08T12:46:18+12:00 scalar diagnostics {'step': 842, 'time': 130.6265279857294, 'dt': 0.19634954084936207, 'total_energy': 10.945285903896123}
2026-06-08T12:46:18+12:00 scalar diagnostics {'step': 843, 'time': 130.82287752657876, 'dt': 0.19634954084936207, 'total_energy': 10.962708240210342}
2026-06-08T12:46:18+12:00 scalar diagnostics {'step': 844, 'time': 131.01922706742812, 'dt': 0.19634954084936207, 'total_energy': 10.977381899145486}
2026-06-08T12:46:18+12:00 scalar diagnostics {'step': 846, 'time': 131.41192614912683, 'dt': 0.19634954084936207, 'total_energy': 11.005277316319804}
2026-06-08T12:46:18+12:00 scalar diagnostics {'step': 847, 'time': 131.60827568997618, 'dt': 0.19634954084936207, 'total_energy': 11.022981008451554}
2026-06-08T12:46:18+12:00 scalar diagnostics {'step': 848, 'time': 131.80462523082554, 'dt': 0.19634954084936207, 'total_energy': 11.04511424037977}
2026-06-08T12:46:18+12:00 scalar diagnostics {'step': 849, 'time': 132.0009747716749, 'dt': 0.19634954084936207, 'total_energy': 11.071967201816092}
2026-06-08T12:46:18+12:00 scalar diagnostics {'step': 851, 'time': 132.3936738533736, 'dt': 0.19634954084936207, 'total_energy': 11.139555107118014}
2026-06-08T12:46:18+12:00 scalar diagnostics {'step': 852, 'time': 132.59002339422295, 'dt': 0.19634954084936207, 'total_energy': 11.180069325197996}
2026-06-08T12:46:18+12:00 scalar diagnostics {'step': 853, 'time': 132.7863729350723, 'dt': 0.19634954084936207, 'total_energy': 11.224028842079633}
2026-06-08T12:46:18+12:00 scalar diagnostics {'step': 855, 'time': 133.17907201677102, 'dt': 0.19634954084936207, 'total_energy': 11.311422022819265}
2026-06-08T12:46:18+12:00 scalar diagnostics {'step': 856, 'time': 133.37542155762037, 'dt': 0.19634954084936207, 'total_energy': 11.347048396503931}
2026-06-08T12:46:19+12:00 scalar diagnostics {'step': 857, 'time': 133.57177109846972, 'dt': 0.19634954084936207, 'total_energy': 11.37298027033938}
2026-06-08T12:46:19+12:00 scalar diagnostics {'step': 858, 'time': 133.76812063931908, 'dt': 0.19634954084936207, 'total_energy': 11.388530742196593}
2026-06-08T12:46:19+12:00 scalar diagnostics {'step': 860, 'time': 134.1608197210178, 'dt': 0.19634954084936207, 'total_energy': 11.397087601526183}
2026-06-08T12:46:19+12:00 scalar diagnostics {'step': 861, 'time': 134.35716926186714, 'dt': 0.19634954084936207, 'total_energy': 11.397125684512773}
2026-06-08T12:46:19+12:00 scalar diagnostics {'step': 862, 'time': 134.5535188027165, 'dt': 0.19634954084936207, 'total_energy': 11.398548207566984}
2026-06-08T12:46:19+12:00 scalar diagnostics {'step': 864, 'time': 134.9462178844152, 'dt': 0.19634954084936207, 'total_energy': 11.413286058360884}
2026-06-08T12:46:19+12:00 scalar diagnostics {'step': 865, 'time': 135.14256742526456, 'dt': 0.19634954084936207, 'total_energy': 11.429413373616502}
2026-06-08T12:46:19+12:00 scalar diagnostics {'step': 866, 'time': 135.3389169661139, 'dt': 0.19634954084936207, 'total_energy': 11.452961953673574}
2026-06-08T12:46:19+12:00 scalar diagnostics {'step': 867, 'time': 135.53526650696327, 'dt': 0.19634954084936207, 'total_energy': 11.484433256778045}
2026-06-08T12:46:19+12:00 scalar diagnostics {'step': 869, 'time': 135.92796558866198, 'dt': 0.19634954084936207, 'total_energy': 11.56681499414937}
2026-06-08T12:46:19+12:00 scalar diagnostics {'step': 870, 'time': 136.12431512951133, 'dt': 0.19634954084936207, 'total_energy': 11.612426031901212}
2026-06-08T12:46:19+12:00 scalar diagnostics {'step': 871, 'time': 136.32066467036069, 'dt': 0.19634954084936207, 'total_energy': 11.656828356324876}
2026-06-08T12:46:19+12:00 scalar diagnostics {'step': 872, 'time': 136.51701421121004, 'dt': 0.19634954084936207, 'total_energy': 11.697305047249664}
2026-06-08T12:46:19+12:00 scalar diagnostics {'step': 874, 'time': 136.90971329290875, 'dt': 0.19634954084936207, 'total_energy': 11.761676632294945}
2026-06-08T12:46:19+12:00 scalar diagnostics {'step': 875, 'time': 137.1060628337581, 'dt': 0.19634954084936207, 'total_energy': 11.785275330387217}
2026-06-08T12:46:19+12:00 scalar diagnostics {'step': 876, 'time': 137.30241237460746, 'dt': 0.19634954084936207, 'total_energy': 11.803749308651973}
2026-06-08T12:46:19+12:00 scalar diagnostics {'step': 878, 'time': 137.69511145630617, 'dt': 0.19634954084936207, 'total_energy': 11.829543942991167}
2026-06-08T12:46:19+12:00 scalar diagnostics {'step': 879, 'time': 137.89146099715552, 'dt': 0.19634954084936207, 'total_energy': 11.840265396726611}
2026-06-08T12:46:20+12:00 scalar diagnostics {'step': 880, 'time': 138.08781053800487, 'dt': 0.19634954084936207, 'total_energy': 11.852366020476307}
2026-06-08T12:46:20+12:00 scalar diagnostics {'step': 881, 'time': 138.28416007885423, 'dt': 0.19634954084936207, 'total_energy': 11.867660784825997}
2026-06-08T12:46:20+12:00 scalar diagnostics {'step': 883, 'time': 138.67685916055294, 'dt': 0.19634954084936207, 'total_energy': 11.910195852291096}
2026-06-08T12:46:20+12:00 scalar diagnostics {'step': 884, 'time': 138.8732087014023, 'dt': 0.19634954084936207, 'total_energy': 11.935593674340586}
2026-06-08T12:46:20+12:00 scalar diagnostics {'step': 885, 'time': 139.06955824225165, 'dt': 0.19634954084936207, 'total_energy': 11.961262710018017}
2026-06-08T12:46:20+12:00 scalar diagnostics {'step': 886, 'time': 139.265907783101, 'dt': 0.19634954084936207, 'total_energy': 11.985526623396078}
2026-06-08T12:46:20+12:00 scalar diagnostics {'step': 888, 'time': 139.6586068647997, 'dt': 0.19634954084936207, 'total_energy': 12.028367852187914}
2026-06-08T12:46:20+12:00 scalar diagnostics {'step': 889, 'time': 139.85495640564906, 'dt': 0.19634954084936207, 'total_energy': 12.048988205573773}
2026-06-08T12:46:20+12:00 scalar diagnostics {'step': 890, 'time': 140.05130594649842, 'dt': 0.19634954084936207, 'total_energy': 12.071308322396302}
2026-06-08T12:46:20+12:00 scalar diagnostics {'step': 892, 'time': 140.44400502819713, 'dt': 0.19634954084936207, 'total_energy': 12.125325824115528}
2026-06-08T12:46:20+12:00 scalar diagnostics {'step': 893, 'time': 140.64035456904648, 'dt': 0.19634954084936207, 'total_energy': 12.157117133201343}
2026-06-08T12:46:20+12:00 scalar diagnostics {'step': 894, 'time': 140.83670410989583, 'dt': 0.19634954084936207, 'total_energy': 12.19102330015214}
2026-06-08T12:46:20+12:00 scalar diagnostics {'step': 895, 'time': 141.0330536507452, 'dt': 0.19634954084936207, 'total_energy': 12.225908028541333}
2026-06-08T12:46:20+12:00 scalar diagnostics {'step': 897, 'time': 141.4257527324439, 'dt': 0.19634954084936207, 'total_energy': 12.294071061710378}
2026-06-08T12:46:20+12:00 scalar diagnostics {'step': 898, 'time': 141.62210227329325, 'dt': 0.19634954084936207, 'total_energy': 12.32496149807814}
2026-06-08T12:46:20+12:00 scalar diagnostics {'step': 899, 'time': 141.8184518141426, 'dt': 0.19634954084936207, 'total_energy': 12.351999464429495}
2026-06-08T12:46:20+12:00 progress {'step': 900, 'time': 142.01480135499196, 'dt': 0.19634954084936207}
2026-06-08T12:46:20+12:00 scalar diagnostics {'step': 900, 'time': 142.01480135499196, 'dt': 0.19634954084936207, 'total_energy': 12.374098113282063}
2026-06-08T12:46:20+12:00 scalar diagnostics {'step': 902, 'time': 142.40750043669067, 'dt': 0.19634954084936207, 'total_energy': 12.403069841578805}
2026-06-08T12:46:21+12:00 scalar diagnostics {'step': 903, 'time': 142.60384997754002, 'dt': 0.19634954084936207, 'total_energy': 12.412224892160326}
2026-06-08T12:46:21+12:00 scalar diagnostics {'step': 904, 'time': 142.80019951838938, 'dt': 0.19634954084936207, 'total_energy': 12.420779917937942}
2026-06-08T12:46:21+12:00 scalar diagnostics {'step': 906, 'time': 143.19289860008809, 'dt': 0.19634954084936207, 'total_energy': 12.445097438410151}
2026-06-08T12:46:21+12:00 scalar diagnostics {'step': 907, 'time': 143.38924814093744, 'dt': 0.19634954084936207, 'total_energy': 12.463873624582082}
2026-06-08T12:46:21+12:00 scalar diagnostics {'step': 908, 'time': 143.5855976817868, 'dt': 0.19634954084936207, 'total_energy': 12.488133756413887}
2026-06-08T12:46:21+12:00 scalar diagnostics {'step': 909, 'time': 143.78194722263615, 'dt': 0.19634954084936207, 'total_energy': 12.51834253291312}
2026-06-08T12:46:21+12:00 scalar diagnostics {'step': 911, 'time': 144.17464630433486, 'dt': 0.19634954084936207, 'total_energy': 12.596825833258906}
2026-06-08T12:46:21+12:00 scalar diagnostics {'step': 912, 'time': 144.3709958451842, 'dt': 0.19634954084936207, 'total_energy': 12.642892579618245}
2026-06-08T12:46:21+12:00 scalar diagnostics {'step': 913, 'time': 144.56734538603357, 'dt': 0.19634954084936207, 'total_energy': 12.689839701853682}
2026-06-08T12:46:21+12:00 scalar diagnostics {'step': 914, 'time': 144.76369492688292, 'dt': 0.19634954084936207, 'total_energy': 12.733799335827657}
2026-06-08T12:46:21+12:00 scalar diagnostics {'step': 916, 'time': 145.15639400858163, 'dt': 0.19634954084936207, 'total_energy': 12.79980592704408}
2026-06-08T12:46:21+12:00 scalar diagnostics {'step': 917, 'time': 145.35274354943098, 'dt': 0.19634954084936207, 'total_energy': 12.81944309160611}
2026-06-08T12:46:21+12:00 scalar diagnostics {'step': 918, 'time': 145.54909309028034, 'dt': 0.19634954084936207, 'total_energy': 12.831620474641577}
2026-06-08T12:46:21+12:00 scalar diagnostics {'step': 920, 'time': 145.94179217197905, 'dt': 0.19634954084936207, 'total_energy': 12.843541556543162}
2026-06-08T12:46:21+12:00 scalar diagnostics {'step': 921, 'time': 146.1381417128284, 'dt': 0.19634954084936207, 'total_energy': 12.847830524310279}
2026-06-08T12:46:21+12:00 scalar diagnostics {'step': 922, 'time': 146.33449125367775, 'dt': 0.19634954084936207, 'total_energy': 12.853769636176878}
2026-06-08T12:46:21+12:00 scalar diagnostics {'step': 923, 'time': 146.5308407945271, 'dt': 0.19634954084936207, 'total_energy': 12.863182141855312}
2026-06-08T12:46:21+12:00 scalar diagnostics {'step': 925, 'time': 146.92353987622582, 'dt': 0.19634954084936207, 'total_energy': 12.898850934827571}
2026-06-08T12:46:21+12:00 scalar diagnostics {'step': 926, 'time': 147.11988941707517, 'dt': 0.19634954084936207, 'total_energy': 12.926378961838653}
2026-06-08T12:46:21+12:00 scalar diagnostics {'step': 927, 'time': 147.31623895792453, 'dt': 0.19634954084936207, 'total_energy': 12.959010614550191}
2026-06-08T12:46:22+12:00 scalar diagnostics {'step': 928, 'time': 147.51258849877388, 'dt': 0.19634954084936207, 'total_energy': 12.994298634494864}
2026-06-08T12:46:22+12:00 scalar diagnostics {'step': 930, 'time': 147.9052875804726, 'dt': 0.19634954084936207, 'total_energy': 13.063370696678161}
2026-06-08T12:46:22+12:00 scalar diagnostics {'step': 931, 'time': 148.10163712132194, 'dt': 0.19634954084936207, 'total_energy': 13.095135360694735}
2026-06-08T12:46:22+12:00 scalar diagnostics {'step': 932, 'time': 148.2979866621713, 'dt': 0.19634954084936207, 'total_energy': 13.125331813894416}
2026-06-08T12:46:22+12:00 scalar diagnostics {'step': 934, 'time': 148.69068574387, 'dt': 0.19634954084936207, 'total_energy': 13.183870319918453}
2026-06-08T12:46:22+12:00 scalar diagnostics {'step': 935, 'time': 148.88703528471936, 'dt': 0.19634954084936207, 'total_energy': 13.212575317366307}
2026-06-08T12:46:22+12:00 scalar diagnostics {'step': 936, 'time': 149.08338482556871, 'dt': 0.19634954084936207, 'total_energy': 13.240627086309146}
2026-06-08T12:46:22+12:00 scalar diagnostics {'step': 937, 'time': 149.27973436641807, 'dt': 0.19634954084936207, 'total_energy': 13.268000095874875}
2026-06-08T12:46:22+12:00 scalar diagnostics {'step': 939, 'time': 149.67243344811678, 'dt': 0.19634954084936207, 'total_energy': 13.321892581684374}
2026-06-08T12:46:22+12:00 scalar diagnostics {'step': 940, 'time': 149.86878298896613, 'dt': 0.19634954084936207, 'total_energy': 13.348506259404957}
2026-06-08T12:46:22+12:00 scalar diagnostics {'step': 941, 'time': 150.0651325298155, 'dt': 0.19634954084936207, 'total_energy': 13.373944377070462}
2026-06-08T12:46:22+12:00 scalar diagnostics {'step': 942, 'time': 150.26148207066484, 'dt': 0.19634954084936207, 'total_energy': 13.396820016080696}
2026-06-08T12:46:22+12:00 scalar diagnostics {'step': 944, 'time': 150.65418115236355, 'dt': 0.19634954084936207, 'total_energy': 13.431331751923114}
2026-06-08T12:46:22+12:00 scalar diagnostics {'step': 945, 'time': 150.8505306932129, 'dt': 0.19634954084936207, 'total_energy': 13.443686833070723}
2026-06-08T12:46:22+12:00 scalar diagnostics {'step': 946, 'time': 151.04688023406226, 'dt': 0.19634954084936207, 'total_energy': 13.454844597429265}
2026-06-08T12:46:22+12:00 scalar diagnostics {'step': 948, 'time': 151.43957931576097, 'dt': 0.19634954084936207, 'total_energy': 13.481156036193278}
2026-06-08T12:46:22+12:00 scalar diagnostics {'step': 949, 'time': 151.63592885661032, 'dt': 0.19634954084936207, 'total_energy': 13.499170884216527}
2026-06-08T12:46:22+12:00 scalar diagnostics {'step': 950, 'time': 151.83227839745967, 'dt': 0.19634954084936207, 'total_energy': 13.521705625428407}
2026-06-08T12:46:22+12:00 scalar diagnostics {'step': 951, 'time': 152.02862793830903, 'dt': 0.19634954084936207, 'total_energy': 13.549415994852243}
2026-06-08T12:46:23+12:00 scalar diagnostics {'step': 953, 'time': 152.42132702000774, 'dt': 0.19634954084936207, 'total_energy': 13.622349485672295}
2026-06-08T12:46:23+12:00 scalar diagnostics {'step': 954, 'time': 152.6176765608571, 'dt': 0.19634954084936207, 'total_energy': 13.666546668395624}
2026-06-08T12:46:23+12:00 scalar diagnostics {'step': 955, 'time': 152.81402610170645, 'dt': 0.19634954084936207, 'total_energy': 13.71332562036656}
2026-06-08T12:46:23+12:00 scalar diagnostics {'step': 956, 'time': 153.0103756425558, 'dt': 0.19634954084936207, 'total_energy': 13.759515658047418}
2026-06-08T12:46:23+12:00 scalar diagnostics {'step': 958, 'time': 153.4030747242545, 'dt': 0.19634954084936207, 'total_energy': 13.837039533643795}
2026-06-08T12:46:23+12:00 scalar diagnostics {'step': 959, 'time': 153.59942426510386, 'dt': 0.19634954084936207, 'total_energy': 13.86398829025703}
2026-06-08T12:46:23+12:00 scalar diagnostics {'step': 960, 'time': 153.79577380595322, 'dt': 0.19634954084936207, 'total_energy': 13.882539855115475}
2026-06-08T12:46:23+12:00 scalar diagnostics {'step': 962, 'time': 154.18847288765193, 'dt': 0.19634954084936207, 'total_energy': 13.901184304915747}
2026-06-08T12:46:23+12:00 scalar diagnostics {'step': 963, 'time': 154.38482242850128, 'dt': 0.19634954084936207, 'total_energy': 13.9062910946315}
2026-06-08T12:46:23+12:00 scalar diagnostics {'step': 964, 'time': 154.58117196935063, 'dt': 0.19634954084936207, 'total_energy': 13.912159232047221}
2026-06-08T12:46:23+12:00 scalar diagnostics {'step': 965, 'time': 154.7775215102, 'dt': 0.19634954084936207, 'total_energy': 13.921067185066807}
2026-06-08T12:46:23+12:00 scalar diagnostics {'step': 967, 'time': 155.1702205918987, 'dt': 0.19634954084936207, 'total_energy': 13.954485877779057}
2026-06-08T12:46:23+12:00 scalar diagnostics {'step': 968, 'time': 155.36657013274805, 'dt': 0.19634954084936207, 'total_energy': 13.980676863626979}
2026-06-08T12:46:23+12:00 scalar diagnostics {'step': 969, 'time': 155.5629196735974, 'dt': 0.19634954084936207, 'total_energy': 14.013030409240283}
2026-06-08T12:46:23+12:00 scalar diagnostics {'step': 970, 'time': 155.75926921444676, 'dt': 0.19634954084936207, 'total_energy': 14.05033027548684}
2026-06-08T12:46:23+12:00 scalar diagnostics {'step': 972, 'time': 156.15196829614547, 'dt': 0.19634954084936207, 'total_energy': 14.131809116078589}
2026-06-08T12:46:23+12:00 scalar diagnostics {'step': 973, 'time': 156.34831783699482, 'dt': 0.19634954084936207, 'total_energy': 14.171388750415492}
2026-06-08T12:46:23+12:00 scalar diagnostics {'step': 974, 'time': 156.54466737784418, 'dt': 0.19634954084936207, 'total_energy': 14.208090987732216}
2026-06-08T12:46:23+12:00 scalar diagnostics {'step': 976, 'time': 156.9373664595429, 'dt': 0.19634954084936207, 'total_energy': 14.271679475799571}
2026-06-08T12:46:24+12:00 scalar diagnostics {'step': 977, 'time': 157.13371600039224, 'dt': 0.19634954084936207, 'total_energy': 14.2993920642704}
2026-06-08T12:46:24+12:00 scalar diagnostics {'step': 978, 'time': 157.3300655412416, 'dt': 0.19634954084936207, 'total_energy': 14.325070416233864}
2026-06-08T12:46:24+12:00 scalar diagnostics {'step': 979, 'time': 157.52641508209095, 'dt': 0.19634954084936207, 'total_energy': 14.349021590901506}
2026-06-08T12:46:24+12:00 scalar diagnostics {'step': 981, 'time': 157.91911416378966, 'dt': 0.19634954084936207, 'total_energy': 14.392904438795567}
2026-06-08T12:46:24+12:00 scalar diagnostics {'step': 982, 'time': 158.115463704639, 'dt': 0.19634954084936207, 'total_energy': 14.41402709344713}
2026-06-08T12:46:24+12:00 scalar diagnostics {'step': 983, 'time': 158.31181324548837, 'dt': 0.19634954084936207, 'total_energy': 14.435513558354792}
2026-06-08T12:46:24+12:00 scalar diagnostics {'step': 984, 'time': 158.50816278633772, 'dt': 0.19634954084936207, 'total_energy': 14.457463436616768}
2026-06-08T12:46:24+12:00 scalar diagnostics {'step': 986, 'time': 158.90086186803643, 'dt': 0.19634954084936207, 'total_energy': 14.499707737942275}
2026-06-08T12:46:24+12:00 scalar diagnostics {'step': 987, 'time': 159.09721140888578, 'dt': 0.19634954084936207, 'total_energy': 14.517932293303026}
2026-06-08T12:46:24+12:00 scalar diagnostics {'step': 988, 'time': 159.29356094973514, 'dt': 0.19634954084936207, 'total_energy': 14.53385789978688}
2026-06-08T12:46:24+12:00 scalar diagnostics {'step': 990, 'time': 159.68626003143385, 'dt': 0.19634954084936207, 'total_energy': 14.56431823783576}
2026-06-08T12:46:24+12:00 scalar diagnostics {'step': 991, 'time': 159.8826095722832, 'dt': 0.19634954084936207, 'total_energy': 14.583322547470644}
2026-06-08T12:46:24+12:00 scalar diagnostics {'step': 992, 'time': 160.07895911313256, 'dt': 0.19634954084936207, 'total_energy': 14.607221662971615}
2026-06-08T12:46:24+12:00 scalar diagnostics {'step': 993, 'time': 160.2753086539819, 'dt': 0.19634954084936207, 'total_energy': 14.63690104653856}
2026-06-08T12:46:24+12:00 scalar diagnostics {'step': 995, 'time': 160.66800773568062, 'dt': 0.19634954084936207, 'total_energy': 14.71357799579254}
2026-06-08T12:46:24+12:00 scalar diagnostics {'step': 996, 'time': 160.86435727652997, 'dt': 0.19634954084936207, 'total_energy': 14.759403401925386}
2026-06-08T12:46:24+12:00 scalar diagnostics {'step': 997, 'time': 161.06070681737933, 'dt': 0.19634954084936207, 'total_energy': 14.808591139673997}
2026-06-08T12:46:24+12:00 scalar diagnostics {'step': 998, 'time': 161.25705635822868, 'dt': 0.19634954084936207, 'total_energy': 14.858938476451002}
2026-06-08T12:46:24+12:00 progress {'step': 1000, 'time': 161.6497554399274, 'dt': 0.19634954084936207}
2026-06-08T12:46:24+12:00 scalar diagnostics {'step': 1000, 'time': 161.6497554399274, 'dt': 0.19634954084936207, 'total_energy': 14.950727579059759}
2026-06-08T12:46:25+12:00 scalar diagnostics {'step': 1001, 'time': 161.84610498077674, 'dt': 0.19634954084936207, 'total_energy': 14.986083155986258}
2026-06-08T12:46:25+12:00 scalar diagnostics {'step': 1002, 'time': 162.0424545216261, 'dt': 0.19634954084936207, 'total_energy': 15.012272774578033}
2026-06-08T12:46:25+12:00 scalar diagnostics {'step': 1004, 'time': 162.4351536033248, 'dt': 0.19634954084936207, 'total_energy': 15.040877893686815}
2026-06-08T12:46:25+12:00 scalar diagnostics {'step': 1005, 'time': 162.63150314417416, 'dt': 0.19634954084936207, 'total_energy': 15.048164205403394}
2026-06-08T12:46:25+12:00 scalar diagnostics {'step': 1006, 'time': 162.82785268502352, 'dt': 0.19634954084936207, 'total_energy': 15.054509878985892}
2026-06-08T12:46:25+12:00 scalar diagnostics {'step': 1007, 'time': 163.02420222587287, 'dt': 0.19634954084936207, 'total_energy': 15.062315996388447}
2026-06-08T12:46:25+12:00 scalar diagnostics {'step': 1009, 'time': 163.41690130757158, 'dt': 0.19634954084936207, 'total_energy': 15.090122663163102}
2026-06-08T12:46:25+12:00 scalar diagnostics {'step': 1010, 'time': 163.61325084842093, 'dt': 0.19634954084936207, 'total_energy': 15.113377619788093}
2026-06-08T12:46:25+12:00 scalar diagnostics {'step': 1011, 'time': 163.8096003892703, 'dt': 0.19634954084936207, 'total_energy': 15.144364814619468}
2026-06-08T12:46:25+12:00 scalar diagnostics {'step': 1012, 'time': 164.00594993011964, 'dt': 0.19634954084936207, 'total_energy': 15.182612811772483}
2026-06-08T12:46:25+12:00 scalar diagnostics {'step': 1014, 'time': 164.39864901181835, 'dt': 0.19634954084936207, 'total_energy': 15.273083338407686}
2026-06-08T12:46:25+12:00 scalar diagnostics {'step': 1015, 'time': 164.5949985526677, 'dt': 0.19634954084936207, 'total_energy': 15.319282777535566}
2026-06-08T12:46:25+12:00 scalar diagnostics {'step': 1016, 'time': 164.79134809351706, 'dt': 0.19634954084936207, 'total_energy': 15.362262038498153}
2026-06-08T12:46:25+12:00 scalar diagnostics {'step': 1018, 'time': 165.18404717521577, 'dt': 0.19634954084936207, 'total_energy': 15.432933768010107}
2026-06-08T12:46:25+12:00 scalar diagnostics {'step': 1019, 'time': 165.38039671606512, 'dt': 0.19634954084936207, 'total_energy': 15.460694833449402}
2026-06-08T12:46:25+12:00 scalar diagnostics {'step': 1020, 'time': 165.57674625691448, 'dt': 0.19634954084936207, 'total_energy': 15.484711260382642}
2026-06-08T12:46:25+12:00 scalar diagnostics {'step': 1021, 'time': 165.77309579776383, 'dt': 0.19634954084936207, 'total_energy': 15.506196211060486}
2026-06-08T12:46:25+12:00 scalar diagnostics {'step': 1023, 'time': 166.16579487946254, 'dt': 0.19634954084936207, 'total_energy': 15.547681432187971}
2026-06-08T12:46:25+12:00 scalar diagnostics {'step': 1024, 'time': 166.3621444203119, 'dt': 0.19634954084936207, 'total_energy': 15.570344292394081}
2026-06-08T12:46:26+12:00 scalar diagnostics {'step': 1025, 'time': 166.55849396116125, 'dt': 0.19634954084936207, 'total_energy': 15.595579677923602}
2026-06-08T12:46:26+12:00 scalar diagnostics {'step': 1026, 'time': 166.7548435020106, 'dt': 0.19634954084936207, 'total_energy': 15.623573254086889}
2026-06-08T12:46:26+12:00 scalar diagnostics {'step': 1028, 'time': 167.1475425837093, 'dt': 0.19634954084936207, 'total_energy': 15.68455910122643}
2026-06-08T12:46:26+12:00 scalar diagnostics {'step': 1029, 'time': 167.34389212455866, 'dt': 0.19634954084936207, 'total_energy': 15.714689746615424}
2026-06-08T12:46:26+12:00 scalar diagnostics {'step': 1030, 'time': 167.54024166540802, 'dt': 0.19634954084936207, 'total_energy': 15.742912935176822}
2026-06-08T12:46:26+12:00 scalar diagnostics {'step': 1032, 'time': 167.93294074710673, 'dt': 0.19634954084936207, 'total_energy': 15.793895702590065}
2026-06-08T12:46:26+12:00 scalar diagnostics {'step': 1033, 'time': 168.12929028795608, 'dt': 0.19634954084936207, 'total_energy': 15.818282802637354}
2026-06-08T12:46:26+12:00 scalar diagnostics {'step': 1034, 'time': 168.32563982880544, 'dt': 0.19634954084936207, 'total_energy': 15.843991926159621}
2026-06-08T12:46:26+12:00 scalar diagnostics {'step': 1035, 'time': 168.5219893696548, 'dt': 0.19634954084936207, 'total_energy': 15.872495208274527}
2026-06-08T12:46:26+12:00 scalar diagnostics {'step': 1037, 'time': 168.9146884513535, 'dt': 0.19634954084936207, 'total_energy': 15.941518500545348}
2026-06-08T12:46:26+12:00 scalar diagnostics {'step': 1038, 'time': 169.11103799220285, 'dt': 0.19634954084936207, 'total_energy': 15.982463155852294}
2026-06-08T12:46:26+12:00 scalar diagnostics {'step': 1039, 'time': 169.3073875330522, 'dt': 0.19634954084936207, 'total_energy': 16.02701794721063}
2026-06-08T12:46:26+12:00 scalar diagnostics {'step': 1040, 'time': 169.50373707390156, 'dt': 0.19634954084936207, 'total_energy': 16.0739187221388}
2026-06-08T12:46:26+12:00 scalar diagnostics {'step': 1042, 'time': 169.89643615560027, 'dt': 0.19634954084936207, 'total_energy': 16.166795209032685}
2026-06-08T12:46:26+12:00 scalar diagnostics {'step': 1043, 'time': 170.09278569644962, 'dt': 0.19634954084936207, 'total_energy': 16.20792776377622}
2026-06-08T12:46:26+12:00 scalar diagnostics {'step': 1044, 'time': 170.28913523729898, 'dt': 0.19634954084936207, 'total_energy': 16.242633815802023}
2026-06-08T12:46:26+12:00 scalar diagnostics {'step': 1046, 'time': 170.6818343189977, 'dt': 0.19634954084936207, 'total_energy': 16.289880471076792}
2026-06-08T12:46:26+12:00 scalar diagnostics {'step': 1047, 'time': 170.87818385984704, 'dt': 0.19634954084936207, 'total_energy': 16.304367080744022}
2026-06-08T12:46:26+12:00 scalar diagnostics {'step': 1048, 'time': 171.0745334006964, 'dt': 0.19634954084936207, 'total_energy': 16.315868494254442}
2026-06-08T12:46:26+12:00 scalar diagnostics {'step': 1049, 'time': 171.27088294154575, 'dt': 0.19634954084936207, 'total_energy': 16.327236604026897}
2026-06-08T12:46:27+12:00 scalar diagnostics {'step': 1051, 'time': 171.66358202324446, 'dt': 0.19634954084936207, 'total_energy': 16.35947424076534}
2026-06-08T12:46:27+12:00 scalar diagnostics {'step': 1052, 'time': 171.8599315640938, 'dt': 0.19634954084936207, 'total_energy': 16.38385346719128}
2026-06-08T12:46:27+12:00 scalar diagnostics {'step': 1053, 'time': 172.05628110494317, 'dt': 0.19634954084936207, 'total_energy': 16.41512921703362}
2026-06-08T12:46:27+12:00 scalar diagnostics {'step': 1054, 'time': 172.25263064579252, 'dt': 0.19634954084936207, 'total_energy': 16.45364097059283}
2026-06-08T12:46:27+12:00 scalar diagnostics {'step': 1056, 'time': 172.64532972749123, 'dt': 0.19634954084936207, 'total_energy': 16.54962092460138}
2026-06-08T12:46:27+12:00 scalar diagnostics {'step': 1057, 'time': 172.84167926834058, 'dt': 0.19634954084936207, 'total_energy': 16.60321094651335}
2026-06-08T12:46:27+12:00 scalar diagnostics {'step': 1058, 'time': 173.03802880918994, 'dt': 0.19634954084936207, 'total_energy': 16.656624090676424}
2026-06-08T12:46:27+12:00 scalar diagnostics {'step': 1060, 'time': 173.43072789088865, 'dt': 0.19634954084936207, 'total_energy': 16.751461075036083}
2026-06-08T12:46:27+12:00 scalar diagnostics {'step': 1061, 'time': 173.627077431738, 'dt': 0.19634954084936207, 'total_energy': 16.789676858812406}
2026-06-08T12:46:27+12:00 scalar diagnostics {'step': 1062, 'time': 173.82342697258736, 'dt': 0.19634954084936207, 'total_energy': 16.821734934395344}
2026-06-08T12:46:27+12:00 scalar diagnostics {'step': 1063, 'time': 174.0197765134367, 'dt': 0.19634954084936207, 'total_energy': 16.848914663249154}
2026-06-08T12:46:27+12:00 scalar diagnostics {'step': 1065, 'time': 174.41247559513542, 'dt': 0.19634954084936207, 'total_energy': 16.895414444303043}
2026-06-08T12:46:27+12:00 scalar diagnostics {'step': 1066, 'time': 174.60882513598477, 'dt': 0.19634954084936207, 'total_energy': 16.917999288029318}
2026-06-08T12:46:27+12:00 scalar diagnostics {'step': 1067, 'time': 174.80517467683413, 'dt': 0.19634954084936207, 'total_energy': 16.9420747932296}
2026-06-08T12:46:27+12:00 scalar diagnostics {'step': 1068, 'time': 175.00152421768348, 'dt': 0.19634954084936207, 'total_energy': 16.968842556530486}
2026-06-08T12:46:27+12:00 scalar diagnostics {'step': 1070, 'time': 175.3942232993822, 'dt': 0.19634954084936207, 'total_energy': 17.032742965455963}
2026-06-08T12:46:27+12:00 scalar diagnostics {'step': 1071, 'time': 175.59057284023154, 'dt': 0.19634954084936207, 'total_energy': 17.069295454555267}
2026-06-08T12:46:27+12:00 scalar diagnostics {'step': 1072, 'time': 175.7869223810809, 'dt': 0.19634954084936207, 'total_energy': 17.106858271332054}
2026-06-08T12:46:27+12:00 scalar diagnostics {'step': 1074, 'time': 176.1796214627796, 'dt': 0.19634954084936207, 'total_energy': 17.17894030699143}
2026-06-08T12:46:27+12:00 scalar diagnostics {'step': 1075, 'time': 176.37597100362896, 'dt': 0.19634954084936207, 'total_energy': 17.212261307582427}
2026-06-08T12:46:28+12:00 scalar diagnostics {'step': 1076, 'time': 176.57232054447832, 'dt': 0.19634954084936207, 'total_energy': 17.24457294597671}
2026-06-08T12:46:28+12:00 scalar diagnostics {'step': 1077, 'time': 176.76867008532767, 'dt': 0.19634954084936207, 'total_energy': 17.277207538103667}
2026-06-08T12:46:28+12:00 scalar diagnostics {'step': 1079, 'time': 177.16136916702638, 'dt': 0.19634954084936207, 'total_energy': 17.347974950696504}
2026-06-08T12:46:28+12:00 scalar diagnostics {'step': 1080, 'time': 177.35771870787573, 'dt': 0.19634954084936207, 'total_energy': 17.3871296693229}
2026-06-08T12:46:28+12:00 scalar diagnostics {'step': 1081, 'time': 177.5540682487251, 'dt': 0.19634954084936207, 'total_energy': 17.42864967464028}
2026-06-08T12:46:28+12:00 scalar diagnostics {'step': 1082, 'time': 177.75041778957444, 'dt': 0.19634954084936207, 'total_energy': 17.472302979697123}
2026-06-08T12:46:28+12:00 scalar diagnostics {'step': 1084, 'time': 178.14311687127315, 'dt': 0.19634954084936207, 'total_energy': 17.56344658887102}
2026-06-08T12:46:28+12:00 scalar diagnostics {'step': 1085, 'time': 178.3394664121225, 'dt': 0.19634954084936207, 'total_energy': 17.60861464298154}
2026-06-08T12:46:28+12:00 scalar diagnostics {'step': 1086, 'time': 178.53581595297186, 'dt': 0.19634954084936207, 'total_energy': 17.65127781798101}
2026-06-08T12:46:28+12:00 scalar diagnostics {'step': 1088, 'time': 178.92851503467057, 'dt': 0.19634954084936207, 'total_energy': 17.722935997748298}
2026-06-08T12:46:28+12:00 scalar diagnostics {'step': 1089, 'time': 179.12486457551992, 'dt': 0.19634954084936207, 'total_energy': 17.750894199268476}
2026-06-08T12:46:28+12:00 scalar diagnostics {'step': 1090, 'time': 179.32121411636928, 'dt': 0.19634954084936207, 'total_energy': 17.774770926321278}
2026-06-08T12:46:28+12:00 scalar diagnostics {'step': 1091, 'time': 179.51756365721863, 'dt': 0.19634954084936207, 'total_energy': 17.796838097822008}
2026-06-08T12:46:28+12:00 scalar diagnostics {'step': 1093, 'time': 179.91026273891734, 'dt': 0.19634954084936207, 'total_energy': 17.843650018723018}
2026-06-08T12:46:28+12:00 scalar diagnostics {'step': 1094, 'time': 180.1066122797667, 'dt': 0.19634954084936207, 'total_energy': 17.872314306845976}
2026-06-08T12:46:28+12:00 scalar diagnostics {'step': 1095, 'time': 180.30296182061605, 'dt': 0.19634954084936207, 'total_energy': 17.90641122468514}
2026-06-08T12:46:28+12:00 scalar diagnostics {'step': 1097, 'time': 180.69566090231476, 'dt': 0.19634954084936207, 'total_energy': 17.99375498945213}
2026-06-08T12:46:28+12:00 scalar diagnostics {'step': 1098, 'time': 180.8920104431641, 'dt': 0.19634954084936207, 'total_energy': 18.0466768400326}
2026-06-08T12:46:28+12:00 scalar diagnostics {'step': 1099, 'time': 181.08835998401347, 'dt': 0.19634954084936207, 'total_energy': 18.10398496173536}
2026-06-08T12:46:28+12:00 progress {'step': 1100, 'time': 181.28470952486282, 'dt': 0.19634954084936207}
2026-06-08T12:46:29+12:00 scalar diagnostics {'step': 1100, 'time': 181.28470952486282, 'dt': 0.19634954084936207, 'total_energy': 18.163162892605317}
2026-06-08T12:46:29+12:00 scalar diagnostics {'step': 1102, 'time': 181.67740860656153, 'dt': 0.19634954084936207, 'total_energy': 18.275416380747842}
2026-06-08T12:46:29+12:00 scalar diagnostics {'step': 1103, 'time': 181.87375814741088, 'dt': 0.19634954084936207, 'total_energy': 18.323253125060024}
2026-06-08T12:46:29+12:00 scalar diagnostics {'step': 1104, 'time': 182.07010768826024, 'dt': 0.19634954084936207, 'total_energy': 18.363908609692775}
2026-06-08T12:46:29+12:00 scalar diagnostics {'step': 1105, 'time': 182.2664572291096, 'dt': 0.19634954084936207, 'total_energy': 18.3977073456349}
2026-06-08T12:46:29+12:00 scalar diagnostics {'step': 1107, 'time': 182.6591563108083, 'dt': 0.19634954084936207, 'total_energy': 18.45064038942393}
2026-06-08T12:46:29+12:00 scalar diagnostics {'step': 1108, 'time': 182.85550585165765, 'dt': 0.19634954084936207, 'total_energy': 18.47381853190181}
2026-06-08T12:46:29+12:00 scalar diagnostics {'step': 1109, 'time': 183.051855392507, 'dt': 0.19634954084936207, 'total_energy': 18.497582623297102}
2026-06-08T12:46:29+12:00 scalar diagnostics {'step': 1111, 'time': 183.44455447420572, 'dt': 0.19634954084936207, 'total_energy': 18.55396700289825}
2026-06-08T12:46:29+12:00 scalar diagnostics {'step': 1112, 'time': 183.64090401505507, 'dt': 0.19634954084936207, 'total_energy': 18.589036378986393}
2026-06-08T12:46:29+12:00 scalar diagnostics {'step': 1113, 'time': 183.83725355590443, 'dt': 0.19634954084936207, 'total_energy': 18.629193261608133}
2026-06-08T12:46:29+12:00 scalar diagnostics {'step': 1114, 'time': 184.03360309675378, 'dt': 0.19634954084936207, 'total_energy': 18.673769548821582}
2026-06-08T12:46:29+12:00 scalar diagnostics {'step': 1116, 'time': 184.4263021784525, 'dt': 0.19634954084936207, 'total_energy': 18.770097171681222}
2026-06-08T12:46:29+12:00 scalar diagnostics {'step': 1117, 'time': 184.62265171930184, 'dt': 0.19634954084936207, 'total_energy': 18.818334801781987}
2026-06-08T12:46:29+12:00 scalar diagnostics {'step': 1118, 'time': 184.8190012601512, 'dt': 0.19634954084936207, 'total_energy': 18.864943799869163}
2026-06-08T12:46:29+12:00 scalar diagnostics {'step': 1119, 'time': 185.01535080100055, 'dt': 0.19634954084936207, 'total_energy': 18.909632164091615}
2026-06-08T12:46:29+12:00 scalar diagnostics {'step': 1121, 'time': 185.40804988269926, 'dt': 0.19634954084936207, 'total_energy': 18.99583960162892}
2026-06-08T12:46:29+12:00 scalar diagnostics {'step': 1122, 'time': 185.6043994235486, 'dt': 0.19634954084936207, 'total_energy': 19.039152685454905}
2026-06-08T12:46:30+12:00 scalar diagnostics {'step': 1123, 'time': 185.80074896439797, 'dt': 0.19634954084936207, 'total_energy': 19.083489429641663}
2026-06-08T12:46:30+12:00 scalar diagnostics {'step': 1125, 'time': 186.19344804609668, 'dt': 0.19634954084936207, 'total_energy': 19.17641521489969}
2026-06-08T12:46:30+12:00 scalar diagnostics {'step': 1126, 'time': 186.38979758694603, 'dt': 0.19634954084936207, 'total_energy': 19.224863544972187}
2026-06-08T12:46:30+12:00 scalar diagnostics {'step': 1127, 'time': 186.58614712779539, 'dt': 0.19634954084936207, 'total_energy': 19.274047414535268}
2026-06-08T12:46:30+12:00 scalar diagnostics {'step': 1128, 'time': 186.78249666864474, 'dt': 0.19634954084936207, 'total_energy': 19.323058989214836}
2026-06-08T12:46:30+12:00 scalar diagnostics {'step': 1130, 'time': 187.17519575034345, 'dt': 0.19634954084936207, 'total_energy': 19.415216864216532}
2026-06-08T12:46:30+12:00 scalar diagnostics {'step': 1131, 'time': 187.3715452911928, 'dt': 0.19634954084936207, 'total_energy': 19.455805709938225}
2026-06-08T12:46:30+12:00 scalar diagnostics {'step': 1132, 'time': 187.56789483204216, 'dt': 0.19634954084936207, 'total_energy': 19.491680883623}
2026-06-08T12:46:30+12:00 scalar diagnostics {'step': 1133, 'time': 187.7642443728915, 'dt': 0.19634954084936207, 'total_energy': 19.52333652889914}
2026-06-08T12:46:30+12:00 scalar diagnostics {'step': 1135, 'time': 188.15694345459022, 'dt': 0.19634954084936207, 'total_energy': 19.580730034829866}
2026-06-08T12:46:30+12:00 scalar diagnostics {'step': 1136, 'time': 188.35329299543957, 'dt': 0.19634954084936207, 'total_energy': 19.611043335438836}
2026-06-08T12:46:30+12:00 scalar diagnostics {'step': 1137, 'time': 188.54964253628893, 'dt': 0.19634954084936207, 'total_energy': 19.64532190681943}
2026-06-08T12:46:30+12:00 scalar diagnostics {'step': 1139, 'time': 188.94234161798764, 'dt': 0.19634954084936207, 'total_energy': 19.73126707049301}
2026-06-08T12:46:30+12:00 scalar diagnostics {'step': 1140, 'time': 189.138691158837, 'dt': 0.19634954084936207, 'total_energy': 19.783991167976453}
2026-06-08T12:46:30+12:00 scalar diagnostics {'step': 1141, 'time': 189.33504069968635, 'dt': 0.19634954084936207, 'total_energy': 19.84282956852099}
2026-06-08T12:46:30+12:00 scalar diagnostics {'step': 1142, 'time': 189.5313902405357, 'dt': 0.19634954084936207, 'total_energy': 19.906142550589752}
2026-06-08T12:46:30+12:00 scalar diagnostics {'step': 1144, 'time': 189.9240893222344, 'dt': 0.19634954084936207, 'total_energy': 20.036188814790812}
2026-06-08T12:46:30+12:00 scalar diagnostics {'step': 1145, 'time': 190.12043886308376, 'dt': 0.19634954084936207, 'total_energy': 20.096972192954176}
2026-06-08T12:46:30+12:00 scalar diagnostics {'step': 1146, 'time': 190.31678840393312, 'dt': 0.19634954084936207, 'total_energy': 20.151575447762006}
2026-06-08T12:46:30+12:00 scalar diagnostics {'step': 1147, 'time': 190.51313794478247, 'dt': 0.19634954084936207, 'total_energy': 20.19884935404402}
2026-06-08T12:46:31+12:00 scalar diagnostics {'step': 1149, 'time': 190.90583702648118, 'dt': 0.19634954084936207, 'total_energy': 20.273635376105066}
2026-06-08T12:46:31+12:00 scalar diagnostics {'step': 1150, 'time': 191.10218656733053, 'dt': 0.19634954084936207, 'total_energy': 20.304754273819437}
2026-06-08T12:46:31+12:00 scalar diagnostics {'step': 1151, 'time': 191.2985361081799, 'dt': 0.19634954084936207, 'total_energy': 20.33492715654785}
2026-06-08T12:46:31+12:00 scalar diagnostics {'step': 1153, 'time': 191.6912351898786, 'dt': 0.19634954084936207, 'total_energy': 20.400228013405748}
2026-06-08T12:46:31+12:00 scalar diagnostics {'step': 1154, 'time': 191.88758473072795, 'dt': 0.19634954084936207, 'total_energy': 20.43866509767941}
2026-06-08T12:46:31+12:00 scalar diagnostics {'step': 1155, 'time': 192.0839342715773, 'dt': 0.19634954084936207, 'total_energy': 20.482439709895964}
2026-06-08T12:46:31+12:00 scalar diagnostics {'step': 1156, 'time': 192.28028381242666, 'dt': 0.19634954084936207, 'total_energy': 20.53188271214821}
2026-06-08T12:46:31+12:00 scalar diagnostics {'step': 1158, 'time': 192.67298289412537, 'dt': 0.19634954084936207, 'total_energy': 20.644838815489987}
2026-06-08T12:46:31+12:00 scalar diagnostics {'step': 1159, 'time': 192.86933243497472, 'dt': 0.19634954084936207, 'total_energy': 20.704971327100473}
2026-06-08T12:46:31+12:00 scalar diagnostics {'step': 1160, 'time': 193.06568197582408, 'dt': 0.19634954084936207, 'total_energy': 20.764769153760014}
2026-06-08T12:46:31+12:00 scalar diagnostics {'step': 1161, 'time': 193.26203151667343, 'dt': 0.19634954084936207, 'total_energy': 20.822937588844066}
2026-06-08T12:46:31+12:00 scalar diagnostics {'step': 1163, 'time': 193.65473059837214, 'dt': 0.19634954084936207, 'total_energy': 20.930696852234195}
2026-06-08T12:46:31+12:00 scalar diagnostics {'step': 1164, 'time': 193.8510801392215, 'dt': 0.19634954084936207, 'total_energy': 20.98093682562074}
2026-06-08T12:46:31+12:00 scalar diagnostics {'step': 1165, 'time': 194.04742968007085, 'dt': 0.19634954084936207, 'total_energy': 21.029865688814233}
2026-06-08T12:46:31+12:00 scalar diagnostics {'step': 1167, 'time': 194.44012876176956, 'dt': 0.19634954084936207, 'total_energy': 21.12708481080525}
2026-06-08T12:46:31+12:00 scalar diagnostics {'step': 1168, 'time': 194.6364783026189, 'dt': 0.19634954084936207, 'total_energy': 21.17655839726867}
2026-06-08T12:46:31+12:00 scalar diagnostics {'step': 1169, 'time': 194.83282784346827, 'dt': 0.19634954084936207, 'total_energy': 21.227058497247715}
2026-06-08T12:46:31+12:00 scalar diagnostics {'step': 1170, 'time': 195.02917738431762, 'dt': 0.19634954084936207, 'total_energy': 21.278586053147006}
2026-06-08T12:46:31+12:00 scalar diagnostics {'step': 1172, 'time': 195.42187646601633, 'dt': 0.19634954084936207, 'total_energy': 21.382852795957554}
2026-06-08T12:46:31+12:00 scalar diagnostics {'step': 1173, 'time': 195.61822600686568, 'dt': 0.19634954084936207, 'total_energy': 21.433323152746603}
2026-06-08T12:46:32+12:00 scalar diagnostics {'step': 1174, 'time': 195.81457554771504, 'dt': 0.19634954084936207, 'total_energy': 21.481029019596704}
2026-06-08T12:46:32+12:00 scalar diagnostics {'step': 1175, 'time': 196.0109250885644, 'dt': 0.19634954084936207, 'total_energy': 21.525195136797997}
2026-06-08T12:46:32+12:00 scalar diagnostics {'step': 1177, 'time': 196.4036241702631, 'dt': 0.19634954084936207, 'total_energy': 21.60417205446558}
2026-06-08T12:46:32+12:00 scalar diagnostics {'step': 1178, 'time': 196.59997371111245, 'dt': 0.19634954084936207, 'total_energy': 21.641833774741293}
2026-06-08T12:46:32+12:00 scalar diagnostics {'step': 1179, 'time': 196.7963232519618, 'dt': 0.19634954084936207, 'total_energy': 21.681035087090997}
2026-06-08T12:46:32+12:00 scalar diagnostics {'step': 1181, 'time': 197.18902233366052, 'dt': 0.19634954084936207, 'total_energy': 21.77217519532844}
2026-06-08T12:46:32+12:00 scalar diagnostics {'step': 1182, 'time': 197.38537187450987, 'dt': 0.19634954084936207, 'total_energy': 21.82668730726811}
2026-06-08T12:46:32+12:00 scalar diagnostics {'step': 1183, 'time': 197.58172141535923, 'dt': 0.19634954084936207, 'total_energy': 21.887674937727244}
2026-06-08T12:46:32+12:00 scalar diagnostics {'step': 1184, 'time': 197.77807095620858, 'dt': 0.19634954084936207, 'total_energy': 21.95473756936602}
2026-06-08T12:46:32+12:00 scalar diagnostics {'step': 1186, 'time': 198.1707700379073, 'dt': 0.19634954084936207, 'total_energy': 22.101482590335046}
2026-06-08T12:46:32+12:00 scalar diagnostics {'step': 1187, 'time': 198.36711957875664, 'dt': 0.19634954084936207, 'total_energy': 22.176459016856874}
2026-06-08T12:46:32+12:00 scalar diagnostics {'step': 1188, 'time': 198.563469119606, 'dt': 0.19634954084936207, 'total_energy': 22.248643262622505}
2026-06-08T12:46:32+12:00 scalar diagnostics {'step': 1189, 'time': 198.75981866045535, 'dt': 0.19634954084936207, 'total_energy': 22.31537564437698}
2026-06-08T12:46:32+12:00 scalar diagnostics {'step': 1191, 'time': 199.15251774215406, 'dt': 0.19634954084936207, 'total_energy': 22.426792708460155}
2026-06-08T12:46:32+12:00 scalar diagnostics {'step': 1192, 'time': 199.34886728300341, 'dt': 0.19634954084936207, 'total_energy': 22.471734809614976}
2026-06-08T12:46:32+12:00 scalar diagnostics {'step': 1193, 'time': 199.54521682385277, 'dt': 0.19634954084936207, 'total_energy': 22.511483066464155}
2026-06-08T12:46:32+12:00 scalar diagnostics {'step': 1195, 'time': 199.93791590555148, 'dt': 0.19634954084936207, 'total_energy': 22.584769083150057}
2026-06-08T12:46:32+12:00 progress {'step': 1196, 'time': 200.0, 'dt': 0.062084094448522364}
2026-06-08T12:46:32+12:00 scalar diagnostics {'step': 1196, 'time': 200.0, 'dt': 0.062084094448522364, 'total_energy': 22.596558426254035}
2026-06-08T12:46:32+12:00 run complete {'backend': 'numpy', 'equation_set': 'inhomogeneous_rmhd_s', 'equation_mode': 'nonlinear', 'grid': [16, 16, 16], 'steps': 1196, 't_final': 200.0, 'dt_last': 0.062084094448522364, 'total_energy_initial': 0.7500000000000001, 'total_energy_final': 22.596558426254035, 'psi_hat_max_abs': 207.3672095837594, 'output_dir': 'C:\\Users\\naoki\\Downloads\\rmhd-gpu-new\\examples\\outputs_nokia_rmhd_s_16', 'scalar_diagnostics_csv': 'C:\\Users\\naoki\\Downloads\\rmhd-gpu-new\\examples\\outputs_nokia_rmhd_s_16\\scalar_diagnostics.csv'}
