step,time,dt,psi_mean,psi_rms,psi_max_abs,omega_mean,omega_rms,omega_max_abs,du_par_mean,du_par_rms,du_par_max_abs,db_par_mean,db_par_rms,db_par_max_abs,s_mean,s_rms,s_max_abs,alfvenic_energy,du_par_energy,db_par_energy,total_energy_proxy,total_energy,total_energy_rhs_dissipation,total_energy_rhs_forcing,total_energy_rhs_stratification,total_energy_rhs_total,auto_dissipation_enabled,auto_dissipation_nu_perp,auto_dissipation_nu_par,auto_dissipation_kd,auto_dissipation_ud,auto_dissipation_Ed
0,0.0,0.0,1.734723475976807e-18,0.4342173625223503,1.4616505902339754,-6.938893903907228e-18,0.4342173625223504,1.578884777563656,-3.469446951953614e-18,0.4342173625223503,1.5171696917044408,3.469446951953614e-18,0.4342173625223503,1.34588600943537,-3.469446951953614e-18,0.4342173625223503,1.6791033171458931,0.416275849288917,0.0942723589579331,0.09427235895793307,0.6048205672047832,0.7500000000000001,0.0,0.0,0.0,0.0,1.0,2e-12,0.0,4.242640687119285,0.5766225342029709,0.16624677347532818
3,0.27712597494809765,0.09347120608408317,1.734723475976807e-18,0.4223020343963185,1.325190581345013,0.0,0.7386829103337879,2.6175703048888246,-6.938893903907228e-18,0.475386889996419,1.7255404142317827,-6.938893903907228e-18,0.4391901847740185,1.3737046208535142,-3.469446951953614e-18,0.578132650645534,2.018100561919824,0.4145675475918026,0.11299634759023368,0.09644400920091825,0.6240079043829545,0.8106960012543292,-6.290123293330102e-10,0.0,0.22304337055449963,0.2230433699254873,1.0,2e-12,0.0,4.242640687119285,0.5766225342029709,0.16624677347532818
6,0.6012944972015338,0.11696879561460131,-3.469446951953614e-18,0.38338313438742977,1.2679419239843361,-3.469446951953614e-18,1.0949691698954558,4.089866294621759,-1.734723475976807e-18,0.5917319848801038,2.221228981223777,0.0,0.43665128660427927,1.4334038624558139,1.734723475976807e-18,1.184472446235662,4.394485400720271,0.38476425942016346,0.17507337096507367,0.09533217304658623,0.6551698034318234,1.1293052199691123,-1.5620703959926399e-09,0.0,0.9814300835637529,0.9814300820016826,1.0,2e-12,0.0,4.242640687119285,0.5766225342029709,0.16624677347532818
8,0.8334629884830744,0.11213891178144128,1.734723475976807e-18,0.3610548944430347,1.175469306610187,1.734723475976807e-18,1.1527400800942529,4.291238252546681,-2.6020852139652106e-18,0.6678783920830932,2.753480801392676,6.938893903907228e-18,0.4408979307634335,1.4972656933541475,-1.3877787807814457e-17,1.639484648135219,6.004789902603065,0.34517462472357957,0.223030773305749,0.09719549267573868,0.6654008907050672,1.4883320594779927,-3.915205020034866e-09,0.0,1.5340732154608792,1.534073211545674,1.0,2e-12,0.0,4.242640687119285,0.5766225342029709,0.16624677347532818
10,1.0433511755187017,0.10358977416546596,0.0,0.3479157986198188,1.1496408651283876,6.938893903907228e-18,1.1451835556863266,4.093439511623433,-5.204170427930421e-18,0.7242075213890339,3.0697242994108604,0.0,0.4536441640628776,1.5629249386734272,-5.204170427930421e-18,1.9174431685043443,7.732174018259927,0.3153463153343744,0.26223826701822395,0.1028965137941535,0.6804810961467519,1.7760564521407796,-6.92789206581249e-09,0.0,1.3650309253339408,1.3650309184060487,1.0,4e-12,0.0,4.242640687119285,0.9909556534040731,0.49099655350674676
12,1.2532892682586172,0.10629882292323495,-8.673617379884035e-18,0.3413766754221388,1.2259031134716114,-6.938893903907228e-18,1.1557497352834694,4.076950728893269,-2.6020852139652106e-18,0.7720037037125418,2.9748707906001064,-1.734723475976807e-18,0.4753066783500396,1.8195297081582846,-5.204170427930421e-18,2.0347616731326417,8.53568373630916,0.30487691605742173,0.29799485927294095,0.11295821924207397,0.7158299945724367,1.946657081755888,-2.0460732442188356e-08,0.0,0.8163784994252409,0.8163784789645084,1.0,4e-12,0.0,4.242640687119285,0.9909556534040731,0.49099655350674676
15,1.5940922247141072,0.11389050842682509,1.734723475976807e-18,0.3483028930765373,1.2382608666965687,0.0,1.2415404998146524,5.623974219618367,-5.204170427930421e-18,0.8404724796563816,2.8622242178225323,3.469446951953614e-18,0.5247079262735849,1.9741280760141695,1.0408340855860843e-17,1.97155419830312,7.653318381008624,0.32732555625439014,0.3531969945298733,0.13765920394716288,0.8181817547314263,2.0053379670271863,-2.9416598589442362e-08,0.0,0.18289894050219604,0.18289891108559744,1.0,4e-12,0.0,4.242640687119285,0.9909556534040731,0.49099655350674676
17,1.7965480113267083,0.09828536279348171,0.0,0.35949240847139313,1.2720129695197802,-3.469446951953614e-18,1.3115067963953175,5.544237161578593,-3.0357660829594124e-18,0.8776828132310451,3.2864007138935847,-1.734723475976807e-18,0.5588354765461431,2.0554076366294733,-6.938893903907228e-18,1.8674338263590087,7.721072935307652,0.35126258545089656,0.38516356032058086,0.15614854492327734,0.8925746906947547,1.9902966914920905,-3.892616193730899e-08,0.0,-0.06851717441951848,-0.06851721334568041,1.0,4e-12,0.0,4.242640687119285,0.9909556534040731,0.49099655350674676
20,2.0855354871417036,0.09820023451801155,-5.204170427930421e-18,0.373844273053185,1.2707273009338131,1.734723475976807e-17,1.4348002821385062,5.33472654616317,-7.37257477290143e-18,0.9285529383059187,3.973287817694371,2.6020852139652106e-18,0.6077960491825645,2.2325804050981404,-1.0408340855860843e-17,1.7087270451598169,7.379311133850687,0.38450403932899074,0.43110527961827755,0.1847080187009671,1.0003173376482355,1.9733573473615638,-4.873002951735097e-08,0.0,-0.05501954346835594,-0.05501959219838546,1.0,8e-12,0.0,4.242640687119285,1.3479582829631562,0.9084957663044902
22,2.285084966827215,0.10061214437294352,3.469446951953614e-18,0.3784856015985775,1.2190003742300786,3.469446951953614e-18,1.5046339289465613,5.872987688805827,-3.0357660829594124e-18,0.9630426152434793,4.247600552774461,-8.673617379884035e-19,0.6396131808139214,2.255299439340592,0.0,1.6163321643587047,6.613184039580329,0.40224286382915386,0.46372553938749994,0.20455251053545104,1.0705209137521048,1.9804564339834894,-1.1904957931270304e-07,0.0,0.03964515586764304,0.03964503681806373,1.0,8e-12,0.0,4.242640687119285,1.3479582829631562,0.9084957663044902
25,2.5648751673595664,0.09175177366436352,1.734723475976807e-18,0.3766256653516529,1.175902010838284,1.0408340855860843e-17,1.5845116544718285,5.983111567509162,3.469446951953614e-18,1.0083441779234532,4.381824516951939,6.938893903907228e-18,0.6823023879418149,2.751316732386241,5.204170427930421e-18,1.5495722800315674,5.919796722784962,0.4153536527153281,0.5083789905760622,0.23276827429555141,1.1565009175869416,2.0375862396638946,-1.4318044212848625e-07,0.0,0.2073452382343636,0.20734509505392146,1.0,8e-12,0.0,4.242640687119285,1.3479582829631562,0.9084957663044902
27,2.7507137471173246,0.09323433577237475,-3.469446951953614e-18,0.3709044447173321,1.1536350654956238,2.7755575615628914e-17,1.6341170974672639,6.109280611303095,-3.903127820947816e-18,1.0372390108239309,4.310670458590585,1.734723475976807e-18,0.7089492583584799,3.132015821179545,-1.0408340855860843e-17,1.5568528160669064,6.006124608853114,0.4160257653785807,0.5379323827875033,0.2513045254635193,1.2052626736296033,2.1109906856348957,-1.6833774338772544e-07,0.0,0.3973651454385292,0.3973649771007858,1.0,8e-12,0.0,4.242640687119285,1.3479582829631562,0.9084957663044902
30,3.033481804664384,0.09495332350064385,-1.734723475976807e-18,0.359027569497256,1.156647179817524,3.122502256758253e-17,1.682145546780098,5.936114755789324,6.938893903907228e-18,1.082730821684726,4.595197576009577,1.0408340855860843e-17,0.7456994579238444,2.858130874769178,-1.214306433183765e-17,1.6236888423429083,6.114840414669822,0.40920658119731534,0.586153016113041,0.2780338407739576,1.273393438084314,2.263245952180462,-1.926900502461398e-07,0.0,0.5411038338900589,0.5411036412000086,1.0,1.6e-11,0.0,4.242640687119285,1.577044946343396,1.2435353813936223
33,3.3164014295180975,0.0944554625343673,3.469446951953614e-18,0.35157476588809805,1.1859928548761516,3.469446951953614e-17,1.711048735760954,6.200393381942778,5.204170427930421e-18,1.129608970920262,4.310049313600526,1.0408340855860843e-17,0.7793409955197664,2.8246316856225024,6.938893903907228e-18,1.721820026717203,6.213835886397803,0.39897726558672075,0.6380082135917664,0.3036861936488703,1.3406716728273573,2.4448172016654235,-4.3810266925811146e-07,0.0,0.645051005644174,0.6450505675415047,1.0,1.6e-11,0.0,4.242640687119285,1.577044946343396,1.2435353813936223
35,3.512357695035428,0.09921998330084274,1.734723475976807e-18,0.3529056981684366,1.163670572568245,3.122502256758253e-17,1.7374286765275482,6.23805211455131,5.204170427930421e-18,1.1612330993467896,4.241028613155808,-1.0408340855860843e-17,0.8019889223046244,2.957783269899728,-1.9081958235744878e-17,1.7946606430671874,6.342547620034438,0.3918540051890331,0.6742311555092755,0.32159311574966637,1.387678276447975,2.5788892346167103,-4.774471105921904e-07,0.0,0.6872116977617071,0.6872112203145965,1.0,1.6e-11,0.0,4.242640687119285,1.577044946343396,1.2435353813936223
38,3.816388366802734,0.1025502431693457,-3.469446951953614e-18,0.36215162505152054,1.3077132977752992,1.0408340855860843e-17,1.7900875900975413,7.275302890641494,8.673617379884035e-18,1.2084671423110531,4.165807451740179,0.0,0.8370172853659065,3.3529394134929498,6.938893903907228e-18,1.8828787491474326,6.440812117848582,0.3851314185242468,0.7301964170227215,0.35029896800065563,1.4656268035476239,2.773138515225849,-5.212175843852427e-07,0.0,0.6430158199364024,0.643015298718818,1.0,1.6e-11,0.0,4.242640687119285,1.577044946343396,1.2435353813936223
40,4.01486399452066,0.0992502253079031,0.0,0.3677677836899816,1.4019658306590022,3.469446951953614e-17,1.80063698803534,6.720920988595078,1.214306433183765e-17,1.238314425195015,4.1090872537139855,0.0,0.8607104372413156,3.4943002045104667,3.469446951953614e-18,1.9144326130285043,6.569084248144348,0.3858244153486724,0.7667113078230299,0.37041122838806817,1.5229469515597707,2.882922282001168,-5.710219357201636e-07,0.0,0.5585564766732983,0.5585559056513626,1.0,3.2e-11,0.0,4.242640687119285,1.8867337500845853,1.7798821218541212
43,4.300047761054328,0.09267440576352116,1.734723475976807e-18,0.37149446018579096,1.4756505851171948,2.7755575615628914e-17,1.843163435069107,6.951379264334528,5.204170427930421e-18,1.2771312144257247,4.71371661290855,1.3877787807814457e-17,0.8988234767158754,3.896696853600298,1.0408340855860843e-17,1.9395559100812603,6.609203202057545,0.39323810780918234,0.8155320694302634,0.40394182114780686,1.6127119983872524,3.032360644184468,-1.2395384451756505e-06,0.0,0.5294058504985654,0.5294046109601201,1.0,3.2e-11,0.0,4.242640687119285,1.8867337500845853,1.7798821218541212
46,4.58912103309499,0.10035027778156377,-8.673617379884035e-18,0.37105900802500646,1.360749781636727,3.8163916471489756e-17,1.876879071830528,6.795271859894746,1.734723475976807e-18,1.3099701701863466,4.630831158984899,6.938893903907228e-18,0.9418755543750752,3.7505172044865005,1.5612511283791264e-17,1.9750787791139086,7.4589118797000005,0.4027866429300933,0.8580109233890229,0.4435647799646776,1.7043623462837938,3.2011798958491147,-1.3565195127726623e-06,0.0,0.5889967213767177,0.5889953648572049,1.0,3.2e-11,0.0,4.242640687119285,1.8867337500845853,1.7798821218541212
48,4.783487149537603,0.09512279971522014,-8.673617379884035e-18,0.3672060552602227,1.3214528104063112,1.734723475976807e-17,1.9022594881411803,6.592477119831901,1.734723475976807e-18,1.3316719758179252,4.700858202775823,2.0816681711721685e-17,0.9689741301403714,3.446934020362269,2.6020852139652106e-17,2.0113521876017755,7.621137643550337,0.40690168647496017,0.8866751255894081,0.4694554324406446,1.7630322445050128,3.324782835039678,-1.4533662472149371e-06,0.0,0.6406352257353561,0.6406337723691089,1.0,3.2e-11,0.0,4.242640687119285,1.8867337500845853,1.7798821218541212
51,5.0681645997638025,0.09676818364294093,0.0,0.3551229971947868,1.1766684927088584,3.469446951953614e-17,1.9729623874961666,6.989050190027763,0.0,1.366467532801655,4.658344526054623,6.938893903907228e-18,1.0032086546001138,3.5777654492253097,1.5612511283791264e-17,2.0625514162136307,7.446595013192386,0.4103086693898612,0.9336167591005206,0.5032138023322851,1.847139230822667,3.498964986176662,-2.1150606249014114e-06,0.0,0.6171569248956525,0.6171548098350277,1.0,6.4e-11,0.0,4.242640687119285,2.08703363753082,2.1778547020925636
53,5.261493662273449,0.09545678271817197,0.0,0.34663230752742497,1.1961011023458776,2.42861286636753e-17,2.006858685871568,7.259976182294553,-1.214306433183765e-17,1.3934857785993995,4.496873229299272,0.0,1.023184774190689,3.7006418063574396,8.673617379884035e-18,2.087668206325144,7.991166567827358,0.41317148260020176,0.9709013075793872,0.5234535410678255,1.9075263312474147,3.6077366780344673,-3.4450441636457147e-06,0.0,0.5697401007919308,0.5697366557477672,1.0,6.4e-11,0.0,4.242640687119285,2.08703363753082,2.1778547020925636
56,5.528454248520554,0.08422380634841974,-5.204170427930421e-18,0.3417591054019924,1.2350730822479536,3.122502256758253e-17,2.016930809870421,7.603892538759848,-8.673617379884035e-18,1.4331941984679366,4.8435734546926605,6.938893903907228e-18,1.0489137395138963,3.6018093978724837,1.0408340855860843e-17,2.119929539242274,7.862057555724396,0.4181025459768778,1.0270228052610753,0.550110016470513,1.995235367708466,3.758752722044008,-3.816265308415147e-06,0.0,0.5723625622031502,0.5723587459378418,1.0,6.4e-11,0.0,4.242640687119285,2.08703363753082,2.1778547020925636
59,5.7875109987874565,0.09011599540809913,-3.469446951953614e-18,0.34625907084932905,1.190794071459233,6.938893903907228e-18,2.046355600317629,7.902738996742622,-6.938893903907228e-18,1.472739773262234,4.98114127674362,0.0,1.0739797424605848,4.15243955460617,5.204170427930421e-18,2.169834882407031,7.873818708089225,0.4223337249713742,1.0844812198742482,0.5767162436078519,2.0835311884534744,3.931456954627116,-4.1688490164275066e-06,0.0,0.6718732772907907,0.6718691084417743,1.0,6.4e-11,0.0,4.242640687119285,2.08703363753082,2.1778547020925636
62,6.077353707168817,0.09229489674312634,5.204170427930421e-18,0.3567457356382162,1.2404976630793405,0.0,2.1765058404009276,7.9036360383757716,0.0,1.5214268853649764,5.720244427248957,6.938893903907228e-18,1.0997999025816048,4.384922845629951,8.673617379884035e-18,2.2439621267312275,7.580734582064457,0.4268367867022489,1.1573698837556865,0.6047799128592537,2.188986583317189,4.153315323251558,-7.5389324685630994e-06,0.0,0.7722009615355659,0.7721934226030974,1.0,1.28e-10,0.0,4.242640687119285,2.3108550083618784,2.6700254348355887
64,6.252245364921719,0.08718613264922086,-6.938893903907228e-18,0.3623871679483792,1.2829099165903015,3.469446951953614e-18,2.220467889227409,8.679659899696492,-1.214306433183765e-17,1.5483791287452642,6.106432501006091,0.0,1.1166455845233754,4.311458943929053,2.42861286636753e-17,2.288375415014001,7.686117294021903,0.4301492230002194,1.1987389631669714,0.6234486807177753,2.252336866884966,4.289684298413676,-9.788423164959467e-06,0.0,0.7857983218813814,0.7857885334582164,1.0,1.28e-10,0.0,4.242640687119285,2.3108550083618784,2.6700254348355887
67,6.518064556644991,0.0886661566863222,1.734723475976807e-18,0.36857534473754616,1.2894905642472252,6.938893903907228e-18,2.24258875367181,7.6986456661222205,-1.734723475976807e-17,1.5823496250045561,6.665763485880443,0.0,1.1456641886052623,4.508695651716627,3.2959746043559335e-17,2.3495692003340403,8.998522061901184,0.43637342184094735,1.2519151678760294,0.6562732165262769,2.3445618062432536,4.491363388102282,-1.0626255251626365e-05,0.0,0.7654888951093224,0.7654782688540708,1.0,1.28e-10,0.0,4.242640687119285,2.3108550083618784,2.6700254348355887
70,6.803056159015647,0.09744541303392658,-1.734723475976807e-18,0.37324833575331534,1.295334385717787,3.469446951953614e-18,2.2910279432165677,8.994750201546896,-3.469446951953614e-18,1.624555205855031,6.97237767014253,2.7755575615628914e-17,1.1707253948843903,4.272275116648128,1.5612511283791264e-17,2.4064569075103526,9.917192960342053,0.4449181482577213,1.319589808435341,0.6852989751136058,2.449806931806668,4.698685315800431,-1.1570853508605612e-05,0.0,0.7353651550026342,0.7353535841491257,1.0,2.56e-10,0.0,4.242640687119285,2.5358442068096383,3.2152529206050016
73,7.0882003645413025,0.09137428117092092,1.734723475976807e-18,0.37419010532003366,1.3914667803075709,3.469446951953614e-18,2.37490711982741,9.030432699440729,3.469446951953614e-18,1.6659249855055,6.958062146273974,6.938893903907228e-18,1.1938836178249794,4.663470919933271,2.6020852139652106e-17,2.4452562297961458,9.813819858842734,0.45621999488927056,1.3876530286657505,0.7126790464554309,2.5565520700104516,4.883636184392234,-2.4683167022142123e-05,0.0,0.6585304399489306,0.6585057567819085,1.0,2.56e-10,0.0,4.242640687119285,2.5358442068096383,3.2152529206050016
75,7.27404221882055,0.09355590342530007,-3.469446951953614e-18,0.37170979387049896,1.48080354642256,-1.0408340855860843e-17,2.414623655234686,9.692285227801708,6.938893903907228e-18,1.6872187693399476,7.042311140622152,-6.938893903907228e-18,1.213124155452308,4.761440514776029,2.0816681711721685e-17,2.463269672965487,10.031691281100162,0.4662238478608013,1.4233535878065036,0.7358351082709376,2.6254125439382427,4.9995259722820835,-2.573551941648665e-05,0.0,0.6348772319200733,0.6348514964006567,1.0,2.56e-10,0.0,4.242640687119285,2.5358442068096383,3.2152529206050016
78,7.549175258084824,0.08767466108462461,-8.673617379884035e-18,0.3638035059767912,1.495606963095558,6.938893903907228e-18,2.499326140890856,10.675740433576507,0.0,1.7228623167376074,6.739474444476247,2.0816681711721685e-17,1.24168731296882,4.844343768694666,3.122502256758253e-17,2.496812440554285,10.797136878803517,0.48529534888636955,1.4841272812172377,0.7708936915938641,2.7403163216974713,5.194409551384128,-2.660903042213312e-05,0.0,0.718814674350402,0.7187880653199799,1.0,2.56e-10,0.0,4.242640687119285,2.5358442068096383,3.2152529206050016
81,7.798344157171782,0.08319849394613947,0.0,0.3569303000155202,1.4500584997988777,8.673617379884035e-18,2.6025192039106364,9.428395210694767,-1.3877787807814457e-17,1.7560374192016803,6.297791526813469,0.0,1.269131411409,5.109936476377761,1.3877787807814457e-17,2.5413683771058055,11.580606748815121,0.5040295753279368,1.541833708818249,0.8053472697125001,2.851210553858686,5.400367195172601,-3.680516335057467e-05,0.0,0.8351056203162751,0.8350688151529245,1.0,5.12e-10,0.0,4.242640687119285,2.7548292909966525,3.7945422112665597
84,8.070329305526242,0.09153415767237634,1.734723475976807e-18,0.3527712733188801,1.3526665398019064,8.673617379884035e-18,2.677015829079015,9.404862510995084,-6.938893903907228e-18,1.789195907455802,6.748852450851126,2.7755575615628914e-17,1.3001113347423188,4.840777255327109,1.3877787807814457e-17,2.614450394789419,13.288105394450376,0.5185847679243052,1.6006109976282952,0.8451447413627269,2.9643405069153275,5.6550299823179815,-5.736256346531879e-05,0.0,0.9480731889140146,0.9480158263505493,1.0,5.12e-10,0.0,4.242640687119285,2.7548292909966525,3.7945422112665597
86,8.251773022634818,0.09108656207669862,-1.734723475976807e-18,0.3509318146559736,1.2119874404336226,-1.3877787807814457e-17,2.713172596613028,9.309540813574817,-2.7755575615628914e-17,1.8146546050646386,6.497783293279917,6.938893903907228e-18,1.3173370593752476,4.683171528050165,2.7755575615628914e-17,2.6785894687877008,13.304760748018357,0.523559580526614,1.6464856678411495,0.8676884640017122,3.0377337123694756,5.842629392792289,-5.9682150322358716e-05,0.0,1.0456039085490099,1.0455442263986876,1.0,5.12e-10,0.0,4.242640687119285,2.7548292909966525,3.7945422112665597
89,8.523020972179657,0.08493977955368998,-8.673617379884035e-18,0.3509261216218861,1.1581947056492135,-1.0408340855860843e-17,2.793442062742054,10.252942703276776,2.0816681711721685e-17,1.8584597527021525,6.850286456879134,-1.3877787807814457e-17,1.3393793005395347,5.1248179817410815,-1.3877787807814457e-17,2.7793713467686785,12.505034702161222,0.5301603717531467,1.7269363262068724,0.8969684553568865,3.154065153316906,6.13675798114825,-6.19245901195972e-05,0.0,1.097124442514621,1.0970625179245013,1.0,5.12e-10,0.0,4.242640687119285,2.7548292909966525,3.7945422112665597
92,8.755093313176108,0.07580467519183101,-1.734723475976807e-18,0.35521474124567115,1.0495468063618174,-3.469446951953614e-18,2.8709932953510817,11.005505904932171,1.3877787807814457e-17,1.9078719825419606,6.922966371481742,-1.3877787807814457e-17,1.3509733021761232,5.752020133857224,6.938893903907228e-18,2.857081737746818,12.211672967359114,0.5399585783420786,1.8199877508842957,0.9125644315963293,3.272510760822703,6.3890625275839525,-0.00010606264687445422,0.0,1.0973042884224784,1.0971982257756039,1.0,1.024e-09,0.0,4.242640687119285,3.017311529757545,4.552084433803908
96,9.086227954695445,0.08756937631281562,-4.336808689942018e-18,0.36175653714934514,1.2948093439124255,-2.0816681711721685e-17,2.927501189748576,10.885174329859169,4.163336342344337e-17,1.9800383549720013,8.12585046841535,-6.938893903907228e-18,1.3636642454671262,5.097742997987658,-1.0408340855860843e-17,2.9479405931507108,12.786175291731423,0.5566061047843986,1.9602759435801143,0.9297900871827132,3.4466721355472263,6.722857732731295,-0.00013348221079384918,0.0,1.0220582324476264,1.0219247502368325,1.0,1.024e-09,0.0,4.242640687119285,3.017311529757545,4.552084433803908
98,9.253512485481554,0.08281932870349472,1.734723475976807e-18,0.36317946371313664,1.2827357242427784,8.673617379884035e-18,2.9685165027098956,11.299463202867141,1.3877787807814457e-17,2.0004721406538284,7.741657200881023,0.0,1.3808204199811185,5.43298426461366,2.7755575615628914e-17,2.97660343179864,12.836431343936127,0.5676200813522669,2.0009443927660544,0.9533325161184162,3.5218969902367374,6.867474863707923,-0.00014005168813653355,0.0,0.883502314560444,0.8833622628723075,1.0,1.024e-09,0.0,4.242640687119285,3.017311529757545,4.552084433803908
101,9.502962903586923,0.08450513776988118,-3.469446951953614e-18,0.36727695300818913,1.2301542976283348,-2.0816681711721685e-17,3.0202966338055908,11.747703191662236,2.0816681711721685e-17,2.017845143019855,7.823628226773334,0.0,1.4168048153156683,5.572299143588836,-1.5612511283791264e-17,3.016702278805161,11.741994936832944,0.5863097703246754,2.035849510604409,1.0036679423508326,3.625827223279917,7.0866281781467775,-0.0001976580344475222,0.0,0.8985730594322574,0.8983754013978099,1.0,2.048e-09,0.0,4.242640687119285,3.2532198975793385,5.2917198510030605
104,9.768181426611747,0.08948916541931554,1.734723475976807e-18,0.3716166401051092,1.2914630684443593,3.469446951953614e-18,3.096343641715537,16.606437075389106,6.938893903907228e-18,2.036975351665837,6.766245819868043,-6.938893903907228e-18,1.4583756652338602,6.06552480071158,-1.734723475976807e-17,3.0906238182635266,12.36226032577079,0.6047300492801908,2.0746342916470804,1.063429790473152,3.742794131400423,7.385251930098385,-0.000312339078373519,0.0,1.1440242393603715,1.143711900281998,1.0,2.048e-09,0.0,4.242640687119285,3.2532198975793385,5.2917198510030605
108,10.070035506143464,0.07338859816950026,-5.204170427930421e-18,0.37375918570215005,1.2401686749558631,0.0,3.1507338477466296,15.585077087511833,0.0,2.055137318609118,7.242608656774879,0.0,1.5103645298669903,6.268175142125301,-2.2551405187698492e-17,3.174578066780688,12.428932435099814,0.6281155520104305,2.1117946991699372,1.140600506540167,3.8805107577205344,7.742156657823654,-0.0003243808778799829,0.0,1.1962555856786787,1.1959312048007988,1.0,2.048e-09,0.0,4.242640687119285,3.2532198975793385,5.2917198510030605
111,10.296032617876236,0.07459406896265086,-3.469446951953614e-18,0.37441266020233044,1.287246005898981,-1.5612511283791264e-17,3.1955092260711537,12.10974383243503,6.938893903907228e-18,2.090023280917931,7.1857456041377405,6.938893903907228e-18,1.5310696260886427,5.123850136656976,-1.5612511283791264e-17,3.2151820141665968,12.822924021973988,0.6476932594115953,2.1840986573894763,1.1720870999656077,4.003879016766679,7.9670628704717865,-0.00043612749615758645,0.0,1.0141257881520125,1.013689660655855,1.0,4.096e-09,0.0,4.242640687119285,3.4527472525810974,5.9607317951031575
114,10.524457412252527,0.07577554090266528,-1.0408340855860843e-17,0.3735053552823778,1.3871884361220546,-1.0408340855860843e-17,3.320952609137539,11.710149632455611,1.3877787807814457e-17,2.1189389068707065,7.391533353475753,2.0816681711721685e-17,1.557281537158174,5.245640637330817,8.673617379884035e-18,3.2535163426308444,11.96203868318442,0.6718674955695951,2.2449510455252124,1.2125628929868626,4.12938143408167,8.199993846845349,-0.000662247207075971,0.0,1.0399786473304504,1.0393164001233746,1.0,4.096e-09,0.0,4.242640687119285,3.4527472525810974,5.9607317951031575
118,10.821098069941668,0.07675454292913315,-1.734723475976807e-18,0.37498035145332426,1.5118213226559414,-1.734723475976807e-17,3.3676758288924407,12.131998066835385,-1.3877787807814457e-17,2.149926959865571,7.5075985471523214,1.3877787807814457e-17,1.598554729341497,5.642146163546636,-1.0408340855860843e-17,3.3138225699737576,11.88476149191759,0.7078142684691006,2.311092966378408,1.2776886113500332,4.296595846197542,8.539267864369794,-0.000701667762500452,0.0,1.1615170803701391,1.1608154126076387,1.0,4.096e-09,0.0,4.242640687119285,3.4527472525810974,5.9607317951031575
121,11.058619607104818,0.08059639878752589,-1.734723475976807e-18,0.3724158090541641,1.3617434906791603,-1.0408340855860843e-17,3.4385580109468568,12.282152632166227,-2.7755575615628914e-17,2.2213900187019715,7.238449942039795,2.0816681711721685e-17,1.593837617821543,5.977447251058408,-2.7755575615628914e-17,3.355144909814275,12.742210912087819,0.7334387861243148,2.4672868075943724,1.270159175991525,4.470884769710212,8.780433234481949,-0.001015706155293717,0.0,1.0441020082205648,1.043086302065271,1.0,8.192e-09,0.0,4.242640687119285,3.6167006136245035,6.5402616642959295
124,11.295598065523636,0.07707432248313757,-6.938893903907228e-18,0.3707874723696057,1.182234255896736,0.0,3.57590293843761,13.089307685529734,0.0,2.2723295066295934,8.593254723170954,0.0,1.601452268635747,6.558918777343644,-2.42861286636753e-17,3.40185610900205,12.919353415993612,0.7590981184316659,2.5817406933497455,1.2823246843592906,4.623163496140702,9.030096926815723,-0.001568710294319595,0.0,1.0864397173288387,1.084871007034519,1.0,8.192e-09,0.0,4.242640687119285,3.6167006136245035,6.5402616642959295
127,11.51102604571716,0.06790153778571884,-1.734723475976807e-18,0.36791634399496054,1.119720904593043,8.673617379884035e-18,3.627581510696533,14.404907183520141,-1.3877787807814457e-17,2.287530019119156,8.872734541597561,3.469446951953614e-18,1.6320135293391629,6.4189268341614305,1.3877787807814457e-17,3.4692551509250977,12.104881417832763,0.7818945137384405,2.616396794185642,1.3317340799730348,4.7300253878971175,9.31140691946964,-0.0016242253528506857,0.0,1.3308020540050962,1.3291778286522455,1.0,8.192e-09,0.0,4.242640687119285,3.6167006136245035,6.5402616642959295
131,11.771055399893909,0.06586748281540712,-3.469446951953614e-18,0.36318910975925944,1.1709478096734907,-1.9081958235744878e-17,3.6962235653377142,15.308010622957921,-1.3877787807814457e-17,2.33664002652279,8.89688977910527,1.734723475976807e-17,1.6431957915434565,6.400216786859415,0.0,3.5479967779626254,12.924319832104718,0.8090079519236373,2.729943306774212,1.350046204673063,4.888997463370912,9.63787957488093,-0.002149808978899552,0.0,1.2769551769651724,1.2748053679862728,1.0,1.6384e-08,0.0,4.242640687119285,3.84461750366599,7.390541874747456
135,12.06046719711059,0.07492824539897537,-6.938893903907228e-18,0.3683455702037314,1.3778240753532147,-2.0816681711721685e-17,3.9466298276159355,15.872186333952879,1.3877787807814457e-17,2.3886850489523814,9.01883135328415,2.7755575615628914e-17,1.6531499074568408,6.187220256140642,2.0816681711721685e-17,3.5800577518833214,14.10932257269587,0.8516979595154257,2.85290813154432,1.3664523082622804,5.071058399322026,9.898050354425669,-0.003570530279900956,0.0,0.9359167926366897,0.9323462623567887,1.0,1.6384e-08,0.0,4.242640687119285,3.84461750366599,7.390541874747456
138,12.28192693475049,0.0718992703720827,-1.734723475976807e-18,0.37855836147051325,1.4326181071681754,-2.0816681711721685e-17,4.101248283811233,14.304502444051622,1.3877787807814457e-17,2.4192413763542517,8.259449834047354,1.734723475976807e-17,1.6697891576120862,5.953378880775465,2.0816681711721685e-17,3.59705665033081,14.550921860951274,0.8910982634172715,2.9263644185322075,1.3940979154394402,5.211560597388919,10.099138980164415,-0.003834303129203268,0.0,0.946454230795957,0.9426199276667537,1.0,1.6384e-08,0.0,4.242640687119285,3.84461750366599,7.390541874747456
142,12.569447407563736,0.07588325477843247,-1.734723475976807e-18,0.3913416890528937,1.5822801255747434,-6.938893903907228e-18,4.136003159367719,14.130224886299995,-1.3877787807814457e-17,2.4563464042317835,9.371238827880145,-6.938893903907228e-18,1.6907579849863787,5.944687550491343,0.0,3.6552695406934763,15.777268817224108,0.9321292231109364,3.016818828791206,1.4293312818975996,5.3782793337997425,10.415079377780145,-0.006408307312821234,0.0,1.1425530156304564,1.1361447083176353,1.0,3.2768e-08,0.0,4.242640687119285,4.016170463968935,8.064812597828226
145,12.791277215414754,0.0725191650508789,0.0,0.3926936025417243,1.6481007745424108,4.5102810375396984e-17,4.292640369897848,14.590592500222057,1.3877787807814457e-17,2.4652909929156603,8.824806644842242,2.0816681711721685e-17,1.719511116366209,7.176402633375217,2.7755575615628914e-17,3.720376962472341,15.47115838964943,0.9601721323563686,3.0388298398755413,1.478359239653483,5.477361211885393,10.692845732120503,-0.008946911380655695,0.0,1.3165908777436897,1.307643966363034,1.0,3.2768e-08,0.0,4.242640687119285,4.016170463968935,8.064812597828226
149,13.042573653210862,0.05899197756200345,-1.734723475976807e-18,0.39733473806493314,1.537144001713663,3.469446951953614e-17,4.436607454252538,15.736051410507416,4.85722573273506e-17,2.474025601806827,11.368858571968786,3.469446951953614e-17,1.758403302670423,5.970863262372944,-6.938893903907228e-18,3.88987196169944,16.551072084475276,0.9829748745495434,3.0604013391978153,1.5459910874211258,5.589367301168485,11.220756435761778,-0.009247500908941848,0.0,2.142301104590278,2.1330536036813363,1.0,3.2768e-08,0.0,4.242640687119285,4.016170463968935,8.064812597828226
153,13.296545159481633,0.06474567080541775,-6.938893903907228e-18,0.4049127765400179,1.56457641517198,3.122502256758253e-17,4.445212588667516,19.330064497573737,-6.938893903907228e-18,2.4826286860948543,10.189295730760538,1.3877787807814457e-17,1.8011389715333528,6.810226314331319,-3.469446951953614e-18,4.0923809565395795,16.762483830264998,1.0094286097464114,3.0817225965105313,1.6220507973881115,5.713202003645054,11.857099912264072,-0.01604219131027253,0.0,2.5554668345453666,2.539424643235094,1.0,6.5536e-08,0.0,4.242640687119285,4.220976672384805,8.90832203440835
157,13.554812348752815,0.06599052910415303,-5.204170427930421e-18,0.40458190927511384,1.5404946239838555,2.42861286636753e-17,4.544189760078946,17.06812590960896,3.469446951953614e-17,2.4708141420614123,9.5570587956663,3.122502256758253e-17,1.8567930644882547,8.319456025487387,-2.7755575615628914e-17,4.215546000029092,16.553931579496435,1.0604191929873068,3.0524612623053367,1.7238402421658419,5.836720697458485,12.358684520781868,-0.01724731472743393,0.0,2.0090048062474994,1.9917574915200655,1.0,6.5536e-08,0.0,4.242640687119285,4.220976672384805,8.90832203440835
160,13.758026845887317,0.06505440465916348,-6.938893903907228e-18,0.40073108783687017,1.440602597765543,3.122502256758253e-17,4.685488183923913,18.710661834229022,2.2551405187698492e-17,2.4837963387796127,9.058385439056494,3.469446951953614e-18,1.8828306467110243,8.13164464166699,4.163336342344337e-17,4.277988517880829,17.22989546884798,1.107780880517844,3.0846221262675044,1.7725256220971266,5.9649286288824745,12.678774405942058,-0.017018269742392768,0.0,1.651044723786075,1.6340264540436822,1.0,1.31072e-07,0.0,4.242640687119285,4.44891434995974,9.896419446638845
164,14.00916996364569,0.06274131759033089,-5.204170427930421e-18,0.39118846962956355,1.3931268097933682,2.7755575615628914e-17,4.8101279628425235,21.182575838128557,3.122502256758253e-17,2.5480168366064806,9.523752189028116,-6.938893903907228e-18,1.8736770375564697,6.65375504771189,1.3877787807814457e-17,4.366125259964671,15.531194946775093,1.1503706504517583,3.2461948998150483,1.755332820533194,6.1518983708000015,13.054254633472615,-0.03471883276605587,0.0,1.5977017120762764,1.5629828793102205,1.0,1.31072e-07,0.0,4.242640687119285,4.44891434995974,9.896419446638845
168,14.26876381179045,0.06275424570648654,-3.469446951953614e-18,0.3872247829907642,1.5870981153671253,1.734723475976807e-17,4.746938382720963,17.284077377107756,4.85722573273506e-17,2.592980860108875,12.293910977321813,0.0,1.8754039600720713,6.790839842979403,0.0,4.494130449296555,14.777563463903762,1.1765437136312524,3.3617748704454806,1.7585700067270036,6.296888590803737,13.50870489126024,-0.035883278358013276,0.0,1.8529636082719105,1.8170803299138973,1.0,1.31072e-07,0.0,4.242640687119285,4.44891434995974,9.896419446638845
173,14.537983192455643,0.05300039508573255,-5.204170427930421e-18,0.39451529783382233,1.7178153996817191,2.0816681711721685e-17,4.805265745114277,20.534948340511747,9.540979117872439e-18,2.626579609639115,11.569276679139472,-1.3877787807814457e-17,1.891314418098779,8.389067476838424,3.469446951953614e-17,4.543219633419951,19.77508443067262,1.2336783559786486,3.4494602228859836,1.7885351140541619,6.471673692918794,13.833236859095932,-0.0601200776624064,0.0,1.3415108735261883,1.2813907958637818,1.0,2.62144e-07,0.0,4.242640687119285,4.659858491097434,10.857140578526426
177,14.766661169118166,0.05580215770742365,-1.0408340855860843e-17,0.4014224376053613,1.5821356624763447,3.8163916471489756e-17,5.005136894426474,20.121742107886316,-6.071532165918825e-18,2.6412974544836905,10.554788951623951,0.0,1.9149617760319597,7.612592889018991,5.551115123125783e-17,4.5262487497604305,19.14942829074583,1.3044575684602133,3.4882261215310115,1.8335393018317383,6.626222991822964,13.99123278472582,-0.08056368411316867,0.0,0.8755328476417342,0.7949691635285656,1.0,2.62144e-07,0.0,4.242640687119285,4.659858491097434,10.857140578526426
181,15.012892752749636,0.06462780478574193,-8.673617379884035e-18,0.41281460595171354,1.6004698744102523,4.163336342344337e-17,5.153094928149538,18.899435194724408,4.336808689942018e-17,2.6437669028612185,9.979953335471922,2.0816681711721685e-17,1.9479888064167852,8.294300142739838,0.0,4.591261158185357,16.585618982276742,1.3585106570905472,3.4947517183322,1.8973301949625456,6.750592570385293,14.339436101466454,-0.10472302051622757,0.0,1.6468739738917675,1.54215095337554,1.0,5.24288e-07,0.0,4.242640687119285,4.726584806353461,11.170301965825693
185,15.253469599058077,0.05557806523609396,-3.469446951953614e-18,0.4249737726633875,1.5450472256813428,0.0,5.184145373691126,21.498831200593756,1.9081958235744878e-17,2.662442841132697,9.668098874379286,-6.938893903907228e-18,1.9642275240867781,7.962820174007778,-2.7755575615628914e-17,4.721328316277382,17.657273058940078,1.3902409363155268,3.544300941149373,1.9290948831900367,6.863636760654937,14.811285732767278,-0.16638478326187875,0.0,2.2954323939032895,2.1290476106414107,1.0,5.24288e-07,0.0,4.242640687119285,4.726584806353461,11.170301965825693
190,15.548364084806266,0.06449600774997559,-8.673617379884035e-18,0.43878927925187017,1.536855447807669,-1.0408340855860843e-17,5.344044126063258,22.1648691186314,1.0408340855860843e-17,2.7161682999382197,9.086987950490952,-6.938893903907228e-18,1.9573522617969317,8.582028424824568,-1.0408340855860843e-17,4.833933786762979,17.486075780469864,1.4461590104451902,3.688785116794639,1.9156139383807815,7.050558065620611,15.275239284799733,-0.16725106980997081,0.0,1.9279323971175015,1.7606813273075308,1.0,1.048576e-06,0.0,4.242640687119285,4.888004868131343,11.946295795437855
194,15.784068837210643,0.05876412226602861,-6.938893903907228e-18,0.43991120134400785,1.5136501820576767,-1.0408340855860843e-17,5.480451147357633,20.462785444273457,6.938893903907228e-18,2.6978732033858055,9.86573522730656,-1.0408340855860843e-17,1.988180793844198,8.49277094755161,-5.551115123125783e-17,4.925179960138165,19.225589038690103,1.4820039612410496,3.639259910773593,1.9764314345054723,7.097695306520115,15.623624103757159,-0.3316557178801899,0.0,2.1356123820877486,1.8039566642075586,1.0,1.048576e-06,0.0,4.242640687119285,4.888004868131343,11.946295795437855
198,16.012340064163688,0.05409862923237029,-8.673617379884035e-18,0.4469701940119173,1.7223385943698095,-3.209238430557093e-17,5.4250858689745645,20.10417716238549,8.673617379884035e-18,2.740450024168122,11.448126951004003,-2.7755575615628914e-17,1.9803556999799905,7.180940848491051,-4.85722573273506e-17,5.019029767529625,18.94341525921324,1.5144907012601165,3.7550331674815296,1.960904349221619,7.230428217963265,15.992810715168973,-0.32160272693731357,0.0,2.266444225998051,1.9448414990607372,1.0,1.048576e-06,0.0,4.242640687119285,4.888004868131343,11.946295795437855
203,16.285185741555576,0.05230382479009257,-2.6020852139652106e-18,0.46923247522828304,1.7948457322260551,-5.204170427930421e-17,5.648993308129932,19.93012756293804,5.377642775528102e-17,2.7702802767938306,11.697261017076402,-1.734723475976807e-17,1.9761763542472681,6.682922629121292,-3.469446951953614e-17,5.10286196857098,16.211685333768365,1.5512764135128168,3.8372264059964514,1.9526364915430117,7.34113931105228,16.324359875573073,-0.5131158765024071,0.0,2.1981102192422326,1.6849943427398255,1.0,2.097152e-06,0.0,4.242640687119285,5.064568089367141,12.824924965917965
207,16.50877810387141,0.05647277820337622,-1.0408340855860843e-17,0.4634157945555158,1.7231728177759278,-2.7755575615628914e-17,5.565386107036267,21.130968444726612,2.7755575615628914e-17,2.80152928760144,9.978345854712781,0.0,1.9701201506616808,8.244611851012788,0.0,5.108723175840503,17.100861665863448,1.6067032825983962,3.924283174644316,1.9406867040216018,7.471673161264313,16.45910403687578,-0.6576250969375421,0.0,1.819428065582369,1.1618029686448268,1.0,2.097152e-06,0.0,4.242640687119285,5.064568089367141,12.824924965917965
212,16.777687616694323,0.05240401410824591,0.0,0.46155898065809037,1.74619968095067,-5.551115123125783e-17,5.614878651636955,21.226132919689164,2.0816681711721685e-17,2.8117986932119097,10.647203727984525,0.0,1.9598750339622553,7.270982277715163,1.3877787807814457e-17,5.085463820529407,20.059747039498056,1.6515551595908629,3.9531059455741007,1.9205550743742754,7.525216179539239,16.42849566679017,-0.9430327101813439,0.0,1.560637605313356,0.617604895132012,1.0,4.194304e-06,0.0,4.242640687119285,5.14997572162442,13.261124966660486
217,17.044097343113215,0.05096724544887374,-6.938893903907228e-18,0.47509967916198725,1.4460135317907836,-4.683753385137379e-17,5.66659765841384,20.402484057532444,3.122502256758253e-17,2.7625036167543278,10.55177365967582,-2.7755575615628914e-17,1.9617504476018908,7.280763570778877,-5.551115123125783e-17,5.06519754572936,19.03074476339444,1.6464007934563696,3.815713116290371,1.9242324093331091,7.38634631907985,16.237759796273895,-1.3003442838667318,0.0,1.6715061749583329,0.371161891091601,1.0,4.194304e-06,0.0,4.242640687119285,5.14997572162442,13.261124966660486
221,17.26655540748708,0.0557408571994445,-6.938893903907228e-18,0.46586797815541836,1.6477657249959659,-6.938893903907228e-18,5.718596004033621,21.587032387107836,2.42861286636753e-17,2.69499048558253,11.278566242975097,1.214306433183765e-17,1.969163300059992,7.493161482844056,-2.7755575615628914e-17,5.022843228732773,19.62192832085124,1.6228851536596531,3.6314868586901796,1.9388020511515789,7.193174063501412,15.943793721768188,-1.4696742955024005,0.0,1.4890211794920842,0.01934688398968376,1.0,8.388608e-06,0.0,4.242640687119285,5.05302028394373,12.766506994973389
226,17.521747829467685,0.04943278725050173,-1.214306433183765e-17,0.4652206140943239,1.6313632146954975,-4.85722573273506e-17,5.31046156163169,18.339078544344108,6.245004513516506e-17,2.6349181702301077,10.34156052716573,-6.938893903907228e-18,1.9405722296891512,7.311956947554106,-2.7755575615628914e-17,4.929644183506636,22.329372898449854,1.5825493412518057,3.4713968819043894,1.8829102893203618,6.936856512476558,15.381142581311735,-2.167031784227884,0.0,1.791404033157179,-0.3756277510707051,1.0,8.388608e-06,0.0,4.242640687119285,5.05302028394373,12.766506994973389
231,17.775810198096718,0.05077331681230046,-6.938893903907228e-18,0.467963934966016,1.6095528584857366,-6.245004513516506e-17,5.019955885441749,18.70598156259048,3.469446951953614e-17,2.5941828832906566,10.14610819666083,1.734723475976807e-17,1.8784739840737088,7.726662588776904,-2.7755575615628914e-17,4.847628070175733,20.959999507510105,1.5258465203686429,3.3648924159791114,1.764332254420876,6.65507119076863,14.764267880013541,-2.419826469985568,0.0,1.9927566873127753,-0.4270697826727925,1.0,1.6777216e-05,0.0,4.242640687119285,4.887142138180289,11.942079139388706
236,18.02886617432514,0.05329895205824748,-5.204170427930421e-18,0.45633117209426716,1.75762314897423,-6.245004513516506e-17,4.923116050454375,17.154751543797197,3.2959746043559335e-17,2.4794354936662204,8.348825542802281,6.938893903907228e-18,1.8088161212615181,6.398562598223372,-4.163336342344337e-17,4.712620186642393,16.29366275128302,1.4143610318539603,3.073800183625927,1.6359078802677811,6.124069095747669,13.756350012373781,-3.4225742734122058,0.0,2.0743340702735438,-1.348240203138662,1.0,1.6777216e-05,0.0,4.242640687119285,4.887142138180289,11.942079139388706
241,18.294122257364155,0.05133944478933559,-6.938893903907228e-18,0.44173322815383653,1.6837948243085668,-6.938893903907228e-17,4.415535919366984,15.64770472297622,3.9898639947466563e-17,2.358152261576059,8.851177524258535,1.0408340855860843e-17,1.721354504506829,6.662755593490906,-1.3877787807814457e-17,4.643002763651034,16.332834254526208,1.2596646497759152,2.780441044388141,1.4815306650929756,5.521636359257032,12.823685183433213,-3.396538291793357,0.0,2.425371677029129,-0.9711666147642282,1.0,3.3554432e-05,0.0,4.242640687119285,4.423524989141563,9.783786664779932
245,18.53571605405719,0.06517690304242085,-6.938893903907228e-18,0.43335280496396283,1.7947634592621928,-5.551115123125783e-17,3.977140587896173,14.157704038467404,1.0408340855860843e-17,2.2004696975297375,8.678518902435783,3.469446951953614e-18,1.6098128149207027,6.541974454010695,-4.163336342344337e-17,4.405160759072482,15.350500469278474,1.0982369896345747,2.4210334448733075,1.295748649541458,4.81501908404934,11.350236888174248,-4.201741538824981,0.0,1.5845220054579985,-2.617219533366983,1.0,3.3554432e-05,0.0,4.242640687119285,4.423524989141563,9.783786664779932
249,18.8191560625554,0.07041760607473795,-8.673617379884035e-18,0.4200644083968381,1.6936000313205337,-5.551115123125783e-17,3.5735025352018446,15.767147163254887,2.7755575615628914e-17,2.034945612666863,7.070205875134799,6.938893903907228e-18,1.5354606231122216,5.332576897465473,-3.469446951953614e-17,4.104617431814005,16.43094143741788,0.9906142643398221,2.070501823256057,1.178819662564086,4.239935750159965,9.967684163342927,-2.9881084332210115,0.0,0.9692590953104381,-2.0188493379105736,1.0,3.3554432e-05,0.0,4.242640687119285,4.423524989141563,9.783786664779932
252,19.0418619983066,0.07604211285399681,-5.204170427930421e-18,0.4188236029483965,1.6669387834997251,-8.326672684688674e-17,3.152642877499921,10.930599066165616,2.2551405187698492e-17,1.9376223881039354,7.559518881516222,0.0,1.4066925808529518,5.921396622701549,-4.163336342344337e-17,3.768755051650438,14.787132730754523,0.8775530622465831,1.8771902594407988,0.9893920085133692,3.744135330200751,8.568476291336104,-3.487572064638106,0.0,0.5468848813011713,-2.9406871833369346,1.0,6.7108864e-05,0.0,4.242640687119285,3.6188186455453697,6.547924194673412
255,19.27633806040835,0.08391477142383294,-1.0408340855860843e-17,0.40831183299268897,1.5376278415030376,-1.0408340855860843e-16,2.935535003787823,11.233114790342169,2.6020852139652106e-17,1.8578673885659391,8.38289027265972,6.938893903907228e-18,1.2893760575494424,4.826153643572633,-5.551115123125783e-17,3.4765542673133023,13.29521554071788,0.7797523881591084,1.725835616748411,0.8312453088908714,3.3368333137983908,7.431414607554331,-2.7419025358632014,0.0,0.3169377223724172,-2.424964813490784,1.0,6.7108864e-05,0.0,4.242640687119285,3.6188186455453697,6.547924194673412
258,19.531612136473797,0.08660455646561614,-5.204170427930421e-18,0.413867741101581,1.2814499111462156,-6.245004513516506e-17,2.5565841006469987,9.828163337711423,5.551115123125783e-17,1.7355841368895262,7.4966555600252125,3.469446951953614e-18,1.2445847585697547,4.648199620929647,-1.3877787807814457e-17,3.288124906121771,13.773121164320532,0.6960919435682655,1.5061261481112806,0.7744956106320673,2.9767137023116135,6.67038597047342,-2.0072029665811217,0.0,0.6797980211300282,-1.3274049454510934,1.0,6.7108864e-05,0.0,4.242640687119285,3.6188186455453697,6.547924194673412
261,19.788159513516668,0.0831744525023381,-3.469446951953614e-18,0.4039914689714438,1.2911325925948935,-6.938893903907228e-17,2.2370627279630533,8.756909969225553,3.8163916471489756e-17,1.6685060078211411,5.9482145327514235,-1.734723475976807e-18,1.1583266597260502,4.679313997208887,-2.7755575615628914e-17,3.0514040180891597,11.382501505398938,0.6141562865052846,1.3919561490676209,0.6708603253160543,2.67697276088896,5.861821036239894,-1.8892520526627126,0.0,0.3417311973534656,-1.547520855309247,1.0,0.00013111454182261072,0.0,4.242640687119285,2.6261287970151317,3.448276229256072
264,20.0549110003465,0.09401151252642204,-1.0408340855860843e-17,0.38005568894000075,1.3179193141200134,-5.551115123125783e-17,1.988944795324345,7.262749356007458,3.469446951953614e-17,1.6329177320160513,6.283625604193546,-5.204170427930421e-18,1.0441598685283422,4.125091242027585,-2.7755575615628914e-17,2.764466738686194,8.685850849308682,0.5364445305776872,1.333210159766222,0.5451349155225624,2.4147896058664715,5.023339135700649,-1.6823498715915957,0.0,-0.04660482478754861,-1.7289546963791442,1.0,0.00013111454182261072,0.0,4.242640687119285,2.6261287970151317,3.448276229256072
266,20.250502234393462,0.10049533037579707,-1.734723475976807e-18,0.38755095684663143,1.34178480220741,-5.898059818321144e-17,1.8275679098826485,6.661341956910906,4.163336342344337e-17,1.5764144984513784,6.019785274915032,-3.469446951953614e-18,1.0239487782714507,4.059450947745616,-4.163336342344337e-17,2.6338029913116663,8.617897476893503,0.4958770510883346,1.242541335463855,0.5242355502617982,2.262653936813988,4.659857400277201,-1.1670646312211768,0.0,0.2354085234425707,-0.9316561077786061,1.0,0.00013111454182261072,0.0,4.242640687119285,2.6261287970151317,3.448276229256072
269,20.536760364103614,0.09522459566644542,-5.204170427930421e-18,0.38741909938847807,1.3190396317193824,-7.112366251504909e-17,1.6313612616030237,6.035357545301175,4.163336342344337e-17,1.4961829317373978,5.180167646092013,-3.469446951953614e-18,1.0256549027237705,4.254797405835662,0.0,2.5148985578188365,9.255008505610983,0.4472369387401485,1.1192816826111571,0.5259839897406534,2.092502611091959,4.326159584984813,-0.8943658451321327,0.0,0.4223043687396144,-0.4720614763925183,1.0,0.00013111454182261072,0.0,4.242640687119285,2.6261287970151317,3.448276229256072
272,20.8516259289474,0.10267779534904103,-3.469446951953614e-18,0.3851666716369511,1.3951179888800835,-7.28583859910259e-17,1.508458197480046,6.68445174275924,1.3877787807814457e-17,1.4607738480090793,4.9094332809866685,-3.469446951953614e-18,0.9803423895761304,3.8773396325944294,1.3877787807814457e-17,2.3865641186064095,8.96154287987778,0.3930236893262927,1.0669301175136263,0.48053560039991877,1.9404894072398378,3.9588608465390442,-0.8829247471709979,0.0,0.3608608973189016,-0.5220638498520963,1.0,0.00020758379544516086,0.0,4.242640687119285,1.7928545494330108,1.6071637177113223
274,21.067859964679613,0.1121601212580761,-1.734723475976807e-18,0.40234108563537024,1.5215660656378909,-5.724587470723463e-17,1.364890416833472,5.113605893973894,3.469446951953614e-17,1.4525823229439365,5.024057247104166,-1.0408340855860843e-17,0.9482943695448982,3.028571351400105,0.0,2.3138176312264047,7.1197983274143155,0.36738400026623075,1.0549977024646013,0.4496311056552779,1.87201280838611,3.767156962296413,-0.7150073269453507,0.0,0.3264223174977129,-0.38858500944763785,1.0,0.00020758379544516086,0.0,4.242640687119285,1.7928545494330108,1.6071637177113223
276,21.283570163417924,0.10448610126431877,-6.938893903907228e-18,0.4052088619879384,1.6575642350879782,-7.112366251504909e-17,1.2309337560657525,4.589006426498305,0.0,1.4374076735686911,4.46776646485755,-6.938893903907228e-18,0.9325027146924799,3.2443677321404634,-1.3877787807814457e-17,2.24668376189688,7.732029702503803,0.3492720733163095,1.0330704100170784,0.4347806564544223,1.8171231397878103,3.614752536254433,-0.5763003468191072,0.0,0.256250774144387,-0.32004957267472023,1.0,0.00020758379544516086,0.0,4.242640687119285,1.7928545494330108,1.6071637177113223
278,21.50267131135034,0.11293379894102425,-6.938893903907228e-18,0.3872396023409113,1.5431286388142258,-7.37257477290143e-17,1.2516401230921987,4.416968408355947,2.7755575615628914e-17,1.4204316476688374,5.326978127790132,-3.469446951953614e-18,0.9264471324679903,3.1156245121286728,1.3877787807814457e-17,2.165092215865003,7.626331103881704,0.3376295820412486,1.0088130328496043,0.42915214462908086,1.775594759519934,3.470405466012805,-0.4776076070575689,0.0,0.14408768379007714,-0.33351992326749175,1.0,0.00020758379544516086,0.0,4.242640687119285,1.7928545494330108,1.6071637177113223
280,21.75667486308777,0.1282097615658579,-8.673617379884035e-18,0.3816757098400362,1.4456627890357812,-8.066464163292153e-17,1.2127286348341555,4.600718567998446,2.7755575615628914e-17,1.4169017745165415,5.624411572791592,-2.42861286636753e-17,0.9125978411877218,2.9677862390360596,0.0,2.103295259559008,7.608050412095001,0.32234533499916146,1.0038053193140621,0.4164174098702451,1.7425680641834687,3.3534252302522294,-0.41743536591899666,0.0,0.23794297410457604,-0.17949239181442062,1.0,0.0002797800441150881,0.0,4.242640687119285,1.2690862570944772,0.8052899639730347
282,22.027833680869144,0.13625614665273642,-5.204170427930421e-18,0.3629982624888941,1.206089019789156,-6.765421556309548e-17,1.1229548311847928,4.0469742241668,8.326672684688674e-17,1.4153872885286942,4.461039176503897,-1.3877787807814457e-17,0.8873364726628956,3.169021642836092,-2.7755575615628914e-17,2.0577006351959124,7.7109908452648055,0.2973077852630621,1.0016605882643044,0.3936830078589148,1.6926513813862814,3.229550003348324,-0.4639001051900041,0.0,0.31692660971173536,-0.1469734954782687,1.0,0.0002797800441150881,0.0,4.242640687119285,1.2690862570944772,0.8052899639730347
284,22.298831855561236,0.13429611718498527,-1.734723475976807e-18,0.3422757920011608,1.1270758034954627,-6.505213034913027e-17,1.0739556159552426,3.676173227150822,5.551115123125783e-17,1.411397508482481,4.461272240302474,-6.938893903907228e-18,0.8736324779533818,3.9483361779077404,-2.7755575615628914e-17,2.021803924430828,8.125361127600275,0.27522089549701323,0.9960214634752774,0.38161685326748307,1.6528592122397736,3.138152664895109,-0.37652224604550794,0.0,0.2915219721178474,-0.08500027392766052,1.0,0.0002797800441150881,0.0,4.242640687119285,1.2690862570944772,0.8052899639730347
286,22.574834103603767,0.1420565842536428,0.0,0.3460877713841217,1.16708724740269,-6.591949208711867e-17,0.9936047904608124,3.6135904094315023,5.551115123125783e-17,1.398791480188544,4.658546768992532,-6.938893903907228e-18,0.8676517526677086,3.907555049647288,-2.7755575615628914e-17,2.004720127028955,7.816160699792308,0.24951561465780625,0.9783088025240289,0.37640978195367325,1.6042341991355085,3.065747733772229,-0.3270505624460125,0.0,0.2680668839702414,-0.05898367847577107,1.0,0.0002797800441150881,0.0,4.242640687119285,1.2690862570944772,0.8052899639730347
288,22.842566026269076,0.1338857532937747,-5.204170427930421e-18,0.3295134861267076,1.2150475644686294,-5.551115123125783e-17,0.9393864423554091,3.0549821962050685,1.3877787807814457e-17,1.3834293697557034,4.322176307026479,0.0,0.8677179467073723,3.2571155616459944,-6.938893903907228e-17,1.9566786822586528,6.876336000459991,0.23007483269390988,0.9569384105513312,0.3764672175190291,1.5634804607642703,2.973667373996773,-0.2816890786116944,0.0,0.1235748029558852,-0.1581142756558092,1.0,0.0002797800441150881,0.0,4.242640687119285,1.2690862570944772,0.8052899639730347
290,23.13591263533595,0.1507128342078886,-6.938893903907228e-18,0.33059711291043636,1.0933963900308732,-6.245004513516506e-17,0.8875925150464612,3.0261091164796703,4.163336342344337e-17,1.397818748487233,4.8281908617863305,-1.3877787807814457e-17,0.8522233653605791,3.104306818219271,-2.7755575615628914e-17,1.8627934850541832,7.068298329277708,0.2201581558815279,0.9769486268112073,0.36314233223325554,1.5602491149259907,2.8602913305085287,-0.2391162766933714,0.0,0.026478629363149608,-0.2126376473302218,1.0,0.00033450791425636354,0.0,4.242640687119285,0.9396071487928731,0.44143079703133614
291,23.281804553048474,0.14589191771252533,-5.204170427930421e-18,0.3307548761530136,1.030338632489662,-6.418476861114186e-17,0.8803105410049182,2.9583794435063897,5.551115123125783e-17,1.414274553829549,4.81716348322944,-1.3877787807814457e-17,0.8343880734243638,3.1830599733352956,-1.3877787807814457e-17,1.7999090700860974,6.809338736507023,0.21645044607812605,1.000086256804885,0.34810172853641075,1.5646384314194217,2.787451778311946,-0.25671707196919746,0.0,-0.04911108627192676,-0.3058281582411242,1.0,0.00033450791425636354,0.0,4.242640687119285,0.9396071487928731,0.44143079703133614
293,23.585846688053735,0.15231741295609494,0.0,0.3182484423775223,0.9850734899726985,-6.071532165918825e-17,0.8703964997805452,2.8461837332390023,2.7755575615628914e-17,1.4326072640083845,4.650663653325568,-1.3877787807814457e-17,0.8147587874359626,2.8814121653355897,-2.7755575615628914e-17,1.704887504163864,6.198325416261012,0.20811575936788917,1.0261817864447946,0.33191594085206005,1.5662134866647437,2.6829226060174074,-0.2322742647511064,0.0,0.056984745457557315,-0.17528951929354908,1.0,0.00033450791425636354,0.0,4.242640687119285,0.9396071487928731,0.44143079703133614
294,23.7520039623731,0.16615727431936367,-6.938893903907228e-18,0.31679314893127786,1.212084135586317,-6.938893903907228e-17,0.8519408026033135,3.1328376993772156,2.7755575615628914e-17,1.4281511641225306,4.681392202650185,0.0,0.8229424496861829,2.6610379823097805,-1.3877787807814457e-17,1.6925814539597392,5.519603730489738,0.20372616070771105,1.0198078737922693,0.33861713774774793,1.5621511722477281,2.6742729441333615,-0.21335367498603508,0.0,0.2998208907876097,0.08646721580157463,1.0,0.00033450791425636354,0.0,4.242640687119285,0.9396071487928731,0.44143079703133614
296,24.057279732726847,0.15207962012255577,-3.469446951953614e-18,0.32883265663335526,1.246465141763343,-5.551115123125783e-17,0.7970428115315505,2.9703260033516354,4.163336342344337e-17,1.4340583559582103,4.775480501535016,0.0,0.8308390887604923,2.638990547031626,-4.163336342344337e-17,1.7078657964658672,5.772391730498802,0.1967881212555313,1.0282616841467824,0.34514679570618256,1.5701966011084965,2.702880903073936,-0.2012112992537104,0.0,0.4236864895563959,0.22247519030268548,1.0,0.00033450791425636354,0.0,4.242640687119285,0.9396071487928731,0.44143079703133614
298,24.36339891107118,0.1540503092748908,-5.204170427930421e-18,0.32876129150129313,1.0321840051121711,-6.331740687315346e-17,0.740331295385355,2.522653042053239,4.163336342344337e-17,1.4791612418155824,4.562149772098071,0.0,0.8035616294165393,2.831844165841294,-2.7755575615628914e-17,1.748405170581692,5.915886040247393,0.18766240650665272,1.0939589896447077,0.32285564613528184,1.6044770422866423,2.7527012613614583,-0.18992389416611832,0.0,0.4762876352653997,0.28636374109928137,1.0,0.00033450791425636354,0.0,4.242640687119285,0.9396071487928731,0.44143079703133614
299,24.515779887070376,0.152380975999197,-1.0408340855860843e-17,0.32436998496145464,1.0311545668480797,-5.811323644522304e-17,0.7296079374970862,2.4721166937465693,2.7755575615628914e-17,1.49270124561633,4.3460048147726,-1.3877787807814457e-17,0.7993933006327427,2.625039532737307,-2.7755575615628914e-17,1.7797150221052813,6.549751195282797,0.18230407815531857,1.1140785043322714,0.31951482454825525,1.6158974070358454,2.7906063327590447,-0.1813739878582143,0.0,0.5368847309234202,0.35551074306520586,1.0,0.00033450791425636354,0.0,4.242640687119285,0.9396071487928731,0.44143079703133614
301,24.854711983303982,0.1689404105137678,-6.938893903907228e-18,0.31538154999707224,1.188753418745359,-6.418476861114186e-17,0.702248754752866,2.4532719724071947,2.7755575615628914e-17,1.4745738501379584,4.876043170380482,0.0,0.8334858317014017,2.6616761394923545,-2.7755575615628914e-17,1.8438905861246049,7.3898612203354155,0.16821758545005075,1.0871840197553408,0.3473493158234886,1.6027509210288802,2.8680820101240823,-0.1796862510936347,0.0,0.510317346150849,0.33063109505721433,1.0,0.00036400510395088586,0.0,4.242640687119285,0.7016055879978546,0.2461252005549076
302,25.022843426915536,0.1681314436115534,-8.673617379884035e-18,0.3121914405765442,1.0887661109461308,-7.28583859910259e-17,0.688760138467268,2.1795328506513965,1.3877787807814457e-17,1.4680593120955925,4.7215391204398935,-1.3877787807814457e-17,0.8465668772718254,2.656647560373325,0.0,1.8542041245710643,7.426576713156464,0.16239608362596,1.0775990719152921,0.358337738846885,1.598332894388137,2.8849503258406353,-0.1754553265718346,0.0,0.37112497467293526,0.19566964810110066,1.0,0.00036400510395088586,0.0,4.242640687119285,0.7016055879978546,0.2461252005549076
304,25.35922056478997,0.16514893226733238,-6.938893903907228e-18,0.30399066723551477,0.9660675970072152,-6.938893903907228e-17,0.654875179524656,2.271138312190378,4.163336342344337e-17,1.490884088656941,5.000591629204132,0.0,0.8390217263861725,2.704477160444503,-5.551115123125783e-17,1.805485887458753,7.101411700044128,0.15691454497722876,1.1113676829052186,0.3519787286740167,1.6202609565564638,2.852380093479914,-0.1650718377733894,0.0,0.16017848725400302,-0.004893350519386386,1.0,0.00036400510395088586,0.0,4.242640687119285,0.7016055879978546,0.2461252005549076
305,25.51046337309899,0.15124280830901915,-6.938893903907228e-18,0.30314449528241144,0.9959863417995345,-6.245004513516506e-17,0.6239732127788353,2.3588048398478114,2.7755575615628914e-17,1.4992507263031782,4.813282855632407,-4.163336342344337e-17,0.8360484687501468,2.7827294445817516,-5.551115123125783e-17,1.7619076135010916,6.895338257997359,0.1559727377000554,1.1238763701603038,0.34948852104973255,1.6293376289100918,2.8169921283583643,-0.1565444159411912,0.0,0.008832483982721545,-0.14771193195846966,1.0,0.00036400510395088586,0.0,4.242640687119285,0.7016055879978546,0.2461252005549076
307,25.808721373246456,0.15124423454793473,-1.0408340855860843e-17,0.3136037821920576,1.0039344368239387,-6.548581121812447e-17,0.5785019811894329,2.175369007941759,2.7755575615628914e-17,1.4969184850850052,4.589928113916669,2.7755575615628914e-17,0.8463431930501029,2.817938197641806,-2.7755575615628914e-17,1.6876287282166074,6.432328803343637,0.15183613117105893,1.1203824754945935,0.3581484002111218,1.6303670068767744,2.757499902649437,-0.1486803241811573,0.0,0.023099998726943145,-0.12558032545421413,1.0,0.00036400510395088586,0.0,4.242640687119285,0.7016055879978546,0.2461252005549076
309,26.11212887682097,0.15612948887977432,-5.204170427930421e-18,0.301049798536304,0.9288782654521865,-6.461844948013606e-17,0.6150093839820865,2.1746810737494533,1.3877787807814457e-17,1.5022825636047528,4.306746567956365,0.0,0.8498208891280324,2.998334224982213,-2.7755575615628914e-17,1.6312387460479143,5.69270301421341,0.14523506261303715,1.1284264504554338,0.36109777179917985,1.6347592848676509,2.714310815250983,-0.13632541485559083,0.0,0.0627548930189921,-0.07357052183659872,1.0,0.00036400510395088586,0.0,4.242640687119285,0.7016055879978546,0.2461252005549076
310,26.279637409135887,0.1675085323149143,-5.204170427930421e-18,0.28687664054037676,0.8230973129238395,-6.288372600415926e-17,0.6402619541496063,2.153321973512397,2.7755575615628914e-17,1.5159164993577383,4.338070484757659,0.0,0.8433802481156881,3.0068260113418814,-2.7755575615628914e-17,1.6055690066823365,5.576913632516799,0.1418958311650267,1.1490014165125098,0.3556451214558398,1.6465423691333763,2.6982074860983203,-0.12877408232960888,0.0,0.10699070236588813,-0.021783379963720748,1.0,0.0003699847572353759,0.0,4.242640687119285,0.5428383615276464,0.1473367433730099
312,26.667317690553755,0.19634954084936207,-6.938893903907228e-18,0.28265775430635426,0.9888591224264403,-6.765421556309548e-17,0.6015656987158668,2.181475562411351,5.551115123125783e-17,1.549183203590737,4.842916294354635,2.7755575615628914e-17,0.8326487138334682,2.9596700629574455,-4.163336342344337e-17,1.6006281643750002,5.44571438157409,0.1338641316986887,1.199984299143829,0.3466519403242644,1.680500371166782,2.718895152050476,-0.12770477063068106,0.0,0.25061056907929175,0.12290579844861069,1.0,0.0003699847572353759,0.0,4.242640687119285,0.5428383615276464,0.1473367433730099
313,26.856246069348906,0.18892837879515037,-6.938893903907228e-18,0.2792986216250713,0.9260298474309009,-6.158268339717665e-17,0.5795723414555034,1.831848892567766,4.163336342344337e-17,1.5543157004778232,4.864162716312033,-2.7755575615628914e-17,0.8386755575566711,3.359786316597579,0.0,1.606986718480647,5.533905725730387,0.1304581816262451,1.2079486483759332,0.3516883454214966,1.6900951754236748,2.739033225455935,-0.12571133233209164,0.0,0.3085560931079351,0.18284476077584344,1.0,0.0003699847572353759,0.0,4.242640687119285,0.5428383615276464,0.1473367433730099
314,27.040550258768796,0.18430418941989066,-5.204170427930421e-18,0.2808786656066468,0.9010974838912555,-6.808789643208968e-17,0.5683476663041983,2.294972915925274,1.3877787807814457e-17,1.5521133850168845,4.599601880994083,0.0,0.8522389669127997,3.6332876379558146,-2.7755575615628914e-17,1.6112800127288784,5.594432463898741,0.12863743700914165,1.2045279799742858,0.36315562836229787,1.6963210453457254,2.760456959151308,-0.12478999880713981,0.0,0.31998855612062505,0.19519855731348523,1.0,0.0003699847572353759,0.0,4.242640687119285,0.5428383615276464,0.1473367433730099
316,27.411183369227786,0.18055209830039007,1.734723475976807e-18,0.30522693566478454,0.9451173328307271,-6.201636426617085e-17,0.5375950479731333,2.161970302544417,1.3877787807814457e-17,1.5542628251009563,4.680994449891615,0.0,0.8779699258916119,3.6638307782247006,-2.7755575615628914e-17,1.6356694606084652,5.803328642354897,0.12841081059401976,1.2078664647454027,0.3854155953850612,1.7216928707244836,2.829470403888685,-0.12538819680496466,0.0,0.3780065376904735,0.25261834088550883,1.0,0.0003699847572353759,0.0,4.242640687119285,0.5428383615276464,0.1473367433730099
317,27.607532910077147,0.19634954084936207,-8.673617379884035e-18,0.30368533922149776,1.0149777443704218,-6.808789643208968e-17,0.5279558929642222,1.980702899086219,4.163336342344337e-17,1.5700666301480208,5.041806019887994,0.0,0.8771505656873504,3.4629676610234563,-2.7755575615628914e-17,1.6412032340183746,5.698874720071979,0.12844428973765454,1.232554611552181,0.3846965574428194,1.745695458732655,2.8576499911206144,-0.12604202203613543,0.0,0.34190316716810104,0.2158611451319656,1.0,0.0003699847572353759,0.0,4.242640687119285,0.5428383615276464,0.1473367433730099
318,27.80388245092651,0.19634954084936207,-5.204170427930421e-18,0.2960115472860986,1.0228351307136792,-6.158268339717665e-17,0.5253867864139349,1.8154661101252338,2.7755575615628914e-17,1.5885458738560942,5.151592256462059,-2.7755575615628914e-17,0.8727665258067713,3.300506321530192,-1.3877787807814457e-17,1.6366914878085705,5.587836824320483,0.12834904588790302,1.261738996672611,0.38086070428441077,1.7709487468449248,2.875074388220894,-0.125056665009648,0.0,0.2889750043264684,0.1639183393168204,1.0,0.0003699847572353759,0.0,4.242640687119285,0.5428383615276464,0.1473367433730099
319,28.00023199177587,0.19634954084936207,-5.204170427930421e-18,0.28953180310451093,1.072811597515664,-6.396792817664476e-17,0.5257121537183214,1.8649858046716905,2.7755575615628914e-17,1.598310800074627,4.852159202971574,-2.7755575615628914e-17,0.8771225823253155,3.2765126384575276,-2.7755575615628914e-17,1.6325429904883786,5.7007710836637395,0.12796080196132617,1.277298706817597,0.38467201221251496,1.789931520991438,2.894206619467992,-0.12287021161307611,0.0,0.2886417208839672,0.16577150927089113,1.0,0.0003699847572353759,0.0,4.242640687119285,0.5428383615276464,0.1473367433730099
321,28.381516031556625,0.1849344989313943,-3.469446951953614e-18,0.27618632715393693,0.99236622132139,-6.245004513516506e-17,0.5313471975802815,2.0665565781139876,2.7755575615628914e-17,1.6011492828469338,4.398138949013056,0.0,0.9027024644987396,3.359140572837808,-4.163336342344337e-17,1.6552679399248105,5.846107151780704,0.1230296782438027,1.281839512980625,0.407435869706049,1.8123050609304767,2.9595171579311157,-0.11875605303559536,0.0,0.34740436440972244,0.22864831137412708,1.0,0.00036669292495518184,0.0,4.242640687119285,0.48636082591672025,0.11827342649319714
322,28.564103481677108,0.18258745012048178,-1.0408340855860843e-17,0.27623611565554096,0.9039105441661359,-6.635317295611287e-17,0.5184577694586378,2.037124028404557,0.0,1.6139779636763016,4.414578118257916,0.0,0.9045619585663042,3.5761197760927126,-1.3877787807814457e-17,1.676676005777495,6.510378822267378,0.11837742335307405,1.3024624336163506,0.40911616844265414,1.8299560254120788,2.998107649509226,-0.11561031677177185,0.0,0.3726415119546789,0.257031195182907,1.0,0.00036669292495518184,0.0,4.242640687119285,0.48636082591672025,0.11827342649319714
323,28.752255649866065,0.18815216818895703,-5.204170427930421e-18,0.2749413612943287,0.9196803003438185,-6.505213034913027e-17,0.5001786322669518,2.1208883124700306,4.163336342344337e-17,1.633050655030257,4.530004031529107,0.0,0.9009012508853833,3.80177248235612,-2.7755575615628914e-17,1.690122831336297,6.798345626534005,0.1136570268200584,1.3334272209473756,0.4058115319234242,1.852895779690858,3.0299664115654212,-0.11412926656551751,0.0,0.33102341365581067,0.21689414709029314,1.0,0.00036669292495518184,0.0,4.242640687119285,0.48636082591672025,0.11827342649319714
325,29.135317220308732,0.19261784998233847,0.0,0.27160163633887224,0.8053796395205132,-6.331740687315346e-17,0.47981749076271485,1.719905432576529,1.3877787807814457e-17,1.6456721309517484,4.4850093853311,0.0,0.9172583659103081,3.6943096233516863,-1.3877787807814457e-17,1.6859326428486554,6.369767794740405,0.1060510813963533,1.3541183812956339,0.42068145491622433,1.8808509176082115,3.0689719691045525,-0.11240601587104082,0.0,0.26293829394881624,0.15053227807777542,1.0,0.00036669292495518184,0.0,4.242640687119285,0.48636082591672025,0.11827342649319714
326,29.331666761158093,0.19634954084936207,-3.469446951953614e-18,0.27797278865674163,0.7593100124723233,-6.591949208711867e-17,0.4741828289149069,1.6252161418327629,6.938893903907228e-17,1.6425300196573311,4.599850578011805,0.0,0.9349832097323544,3.657193251872115,-6.938893903907228e-17,1.6708373137483536,6.080278138699262,0.10377643752147123,1.3489524327377564,0.4370968012407079,1.8898256714999355,3.0806807515743726,-0.11107946204186263,0.0,0.2183624872618606,0.10728302521999798,1.0,0.00036669292495518184,0.0,4.242640687119285,0.48636082591672025,0.11827342649319714
327,29.528016302007455,0.19634954084936207,-6.938893903907228e-18,0.2816511300173999,0.8137107347813901,-6.678685382510707e-17,0.47094132302872377,1.677010897399916,1.3877787807814457e-17,1.6481602034782532,4.653790481725409,2.7755575615628914e-17,0.945646675257279,3.6135568701453558,-4.163336342344337e-17,1.6446936826121907,6.224141794511065,0.10327553196511904,1.3582160281647389,0.4471238172125728,1.9086153773424308,3.0860938681536045,-0.10977211820762661,0.0,0.18874722331151778,0.07897510510389116,1.0,0.00036669292495518184,0.0,4.242640687119285,0.48636082591672025,0.11827342649319714
329,29.920715383706177,0.19634954084936207,-3.469446951953614e-18,0.2793225371957822,0.8297496301516532,-6.505213034913027e-17,0.4503138734459961,1.79187531824022,0.0,1.6775175958565582,4.409490575420487,2.7755575615628914e-17,0.9517770366183356,3.9106638430777374,-1.3877787807814457e-17,1.602534841735001,5.310455620638132,0.10258336720376139,1.4070326422041832,0.4529397637169903,1.962555773124935,3.108887374965074,-0.10786944676761762,0.0,0.21412351567299492,0.10625406890537731,1.0,0.00036669292495518184,0.0,4.242640687119285,0.48636082591672025,0.11827342649319714
330,30.11706492455554,0.19634954084936207,-6.938893903907228e-18,0.28038856001909684,0.8436619614457717,-6.331740687315346e-17,0.44282989186744903,1.52542362749772,2.7755575615628914e-17,1.6852194396757152,4.336918658258812,2.7755575615628914e-17,0.9601749064980155,3.7632275467949805,-4.163336342344337e-17,1.6019041311087243,5.74804471804775,0.1004377021431304,1.4199822799304658,0.4609679255342363,1.9813879076078325,3.1352019813631316,-0.1069847666330856,0.0,0.2826647251808056,0.17567995854772,1.0,0.0003592585894544303,0.0,4.242640687119285,0.45499533305933937,0.10351037655288958
331,30.30777988258522,0.19071495802967883,-6.071532165918825e-18,0.27975153845112966,0.7894218665230153,-6.245004513516506e-17,0.4464512162030743,1.7910223365886884,5.551115123125783e-17,1.688865338651102,4.3572533219813,-2.7755575615628914e-17,0.9709665176475144,3.692926563375913,-1.3877787807814457e-17,1.606276618847948,6.156279561306189,0.09802151267093906,1.4261330660485507,0.47138798919627023,1.9955425679157601,3.16356419270158,-0.10509516849506577,0.0,0.2962052911901155,0.19111012269504973,1.0,0.0003592585894544303,0.0,4.242640687119285,0.45499533305933937,0.10351037655288958
332,30.50412942343458,0.19634954084936207,-3.469446951953614e-18,0.2772380242411178,0.7716474891195623,-6.245004513516506e-17,0.44735503170762886,1.8318507767210506,4.163336342344337e-17,1.6952135985078554,4.398199748954342,0.0,0.9789015495938026,3.7160004304518424,-5.551115123125783e-17,1.6081938650811847,6.538012517794046,0.09619816162427271,1.436874572282976,0.4791241218985739,2.0121968558058225,3.1896186047792816,-0.10605578116026965,0.0,0.2842497726779183,0.17819399151764864,1.0,0.0003592585894544303,0.0,4.242640687119285,0.45499533305933937,0.10351037655288958
334,30.896828505133303,0.19634954084936207,1.734723475976807e-18,0.2777304915228913,0.8592881928304107,-6.852157730108388e-17,0.42023300007783865,1.548473717495546,2.7755575615628914e-17,1.7222776063827636,4.449591670050726,0.0,0.9789650942181625,3.680860235895493,-2.7755575615628914e-17,1.591385630031907,6.439073635893218,0.09565596818813896,1.4831200767237709,0.4791863278487879,2.0579623727606977,3.2209259209469385,-0.10826544893532596,0.0,0.2372944865887249,0.12902903765339896,1.0,0.0003592585894544303,0.0,4.242640687119285,0.45499533305933937,0.10351037655288958
335,31.093178045982665,0.19634954084936207,-8.673617379884035e-18,0.28010961907816806,0.8607424323972259,-6.765421556309548e-17,0.41656118941746584,1.4447233575003098,0.0,1.7351688137127887,4.487798563540105,0.0,0.9773655742284354,3.5509490330392994,-2.7755575615628914e-17,1.5731282462040113,5.898373784686045,0.09580163954447665,1.5054054060407231,0.47762173284343945,2.0788287784286394,3.2246282806034037,-0.11035013549169176,0.0,0.18435723404432025,0.07400709855262849,1.0,0.0003592585894544303,0.0,4.242640687119285,0.45499533305933937,0.10351037655288958
336,31.289527586832026,0.19634954084936207,-3.469446951953614e-18,0.28244039496196494,0.9350012317651024,-6.591949208711867e-17,0.4225673137542134,1.4620230392190394,2.7755575615628914e-17,1.7420619601667662,4.644590336769541,0.0,0.98102160394386,3.9081186993042683,-4.163336342344337e-17,1.555829800645991,5.285696003502431,0.09596211597795033,1.5173899365300376,0.48120169370229166,2.0945537462102797,3.22931915942867,-0.11150186289788522,0.0,0.18694172312925258,0.07543986023136737,1.0,0.0003592585894544303,0.0,4.242640687119285,0.45499533305933937,0.10351037655288958
338,31.681649388767614,0.19577226108622794,-5.204170427930421e-18,0.2800388692242309,0.9055504587811194,-6.245004513516506e-17,0.44455461417194564,1.5627290263084403,8.326672684688674e-17,1.7405234638582763,4.444046643121757,2.7755575615628914e-17,1.005081233559979,4.165521137287625,0.0,1.5346596299197703,5.561804751630852,0.09800952840951908,1.5147109641206062,0.5050941430272247,2.11781463555735,3.258807427105056,-0.11350149804519433,0.0,0.23322597522463304,0.11972447717943871,1.0,0.0003592585894544303,0.0,4.242640687119285,0.45499533305933937,0.10351037655288958
339,31.86621118179576,0.18456179302814318,-5.204170427930421e-18,0.2777998911671889,0.8808363176757281,-6.765421556309548e-17,0.4431417951260425,1.4499259960535782,2.7755575615628914e-17,1.7427557909509206,4.590433448611167,0.0,1.0141196973693962,4.053899082977572,-5.551115123125783e-17,1.5306847535406019,5.721723886455214,0.09901124223980233,1.5185988734464844,0.5142193802962978,2.1318294959825845,3.2786577462537285,-0.1158053323752833,0.0,0.26606962385589195,0.15026429148060866,1.0,0.0003592585894544303,0.0,4.242640687119285,0.45499533305933937,0.10351037655288958
340,32.05905847934776,0.19284729755200283,-8.673617379884035e-18,0.2732927886043982,0.8320201640918925,-6.418476861114186e-17,0.43431457220006675,1.3211423589027012,5.551115123125783e-17,1.751947672123346,4.724801231570813,-5.551115123125783e-17,1.0167800709979362,3.6302070095882675,0.0,1.5323363111600607,5.714633297902992,0.09902225613175812,1.5346603229292055,0.516920856389284,2.1506034354502477,3.301499025874429,-0.11733330574750293,0.0,0.28270366384485257,0.16537035809734962,1.0,0.00035897282175666244,0.0,4.242640687119285,0.49188147376302377,0.12097369211564211
341,32.25540802019712,0.19634954084936207,-6.938893903907228e-18,0.265118943051052,0.7888924827988999,-6.418476861114186e-17,0.42738800538243793,1.342137648539949,2.7755575615628914e-17,1.764357816420414,4.918427321021608,-5.551115123125783e-17,1.0162412402171235,3.5500495614414236,-2.7755575615628914e-17,1.5475822905168508,5.501229362524091,0.0973438567972435,1.5564792521819055,0.5163731291590186,2.1701962381381676,3.333222322695959,-0.11851364916271576,0.0,0.3289142915655656,0.21040064240284986,1.0,0.00035897282175666244,0.0,4.242640687119285,0.49188147376302377,0.12097369211564211
343,32.648107101895846,0.19634954084936207,-5.204170427930421e-18,0.25606024411167555,0.7478007395293148,-6.418476861114186e-17,0.4110795604962115,1.4954880489256914,4.163336342344337e-17,1.7783608014272894,4.577116590777828,0.0,1.0262878736861547,3.8059203825397625,-2.7755575615628914e-17,1.6392700345324018,5.222621080951774,0.0893484135690559,1.5812835700265555,0.5266333998376244,2.1972653834332356,3.4494444697221422,-0.11913937837990643,0.0,0.4562917921636932,0.3371524137837868,1.0,0.00035897282175666244,0.0,4.242640687119285,0.49188147376302377,0.12097369211564211
344,32.84445664274521,0.19634954084936207,0.0,0.2525679889420429,0.7435937067838291,-6.765421556309548e-17,0.40195622160830263,1.5116107282919529,4.163336342344337e-17,1.7845269415310454,4.278509214966286,0.0,1.033622029903327,3.8810548467438934,-5.551115123125783e-17,1.6963393515352485,5.6198287913772775,0.08543976621424881,1.5922682025250734,0.5341872503507369,2.211895219090059,3.5230256122438925,-0.11855161583648008,0.0,0.5313275827936,0.41277596695711993,1.0,0.00035897282175666244,0.0,4.242640687119285,0.49188147376302377,0.12097369211564211
345,33.04080618359457,0.19634954084936207,-5.204170427930421e-18,0.24527487472077936,0.7876059568587486,-5.724587470723463e-17,0.4002360782351205,1.364156953057663,4.163336342344337e-17,1.7953275576938021,4.385823305532443,0.0,1.037426139676471,3.687664323643596,-1.3877787807814457e-17,1.743902340277156,5.949294479420644,0.08267953328598159,1.6116005197073964,0.5381264976420125,2.2324065506353903,3.591655798831921,-0.11763272375348079,0.0,0.5082828572400587,0.39065013348657796,1.0,0.00035897282175666244,0.0,4.242640687119285,0.49188147376302377,0.12097369211564211
347,33.43350526529329,0.19634954084936207,-8.673617379884035e-18,0.24810407145157168,0.9309487640997938,-6.245004513516506e-17,0.39460059819181503,1.3977231941011092,1.3877787807814457e-17,1.8136745233481104,4.463106534252722,0.0,1.0476981432779384,3.865346786590987,-4.163336342344337e-17,1.8007990081826173,6.079524321313704,0.07943446333947565,1.6447076383209975,0.5488356997140198,2.272977801374493,3.697390309413817,-0.11626788678425497,0.0,0.4259498073855429,0.3096819206012879,1.0,0.00035897282175666244,0.0,4.242640687119285,0.49188147376302377,0.12097369211564211
348,33.62985480614265,0.19634954084936207,-8.673617379884035e-18,0.25782317810005667,0.9666313927788802,-6.765421556309548e-17,0.3831026311845895,1.351196395346459,5.551115123125783e-17,1.8148089368197766,4.524962685140132,0.0,1.0592809454150847,3.9322623226122855,-2.7755575615628914e-17,1.8029287374108964,5.760424746757383,0.07924498584390254,1.646765738580464,0.5610380606597377,2.2870487850841044,3.725735894432994,-0.11547821737074833,0.0,0.30061790818726325,0.18513969081651493,1.0,0.00035897282175666244,0.0,4.242640687119285,0.49188147376302377,0.12097369211564211
349,33.826204346992014,0.19634954084936207,-1.734723475976807e-18,0.26535125172545115,0.9436929586981797,-6.591949208711867e-17,0.37492499693408765,1.2242077188550895,4.163336342344337e-17,1.816363957755151,4.457197294697007,0.0,1.0697810102647343,3.928898120057544,-2.7755575615628914e-17,1.7823469266835787,5.626326989594174,0.08022926191027241,1.6495890135159779,0.5722157049615177,2.302033980387768,3.7319750384550527,-0.11502515510438671,0.0,0.19012928023178566,0.07510412512739895,1.0,0.00035897282175666244,0.0,4.242640687119285,0.49188147376302377,0.12097369211564211
350,34.022553887841376,0.19634954084936207,0.0,0.27054475472327927,0.8757082289932782,-6.418476861114186e-17,0.3725549434278572,1.2470261190555099,0.0,1.823125446650379,4.624001499937249,5.551115123125783e-17,1.0747202635415551,3.8302607000136577,-2.7755575615628914e-17,1.742803636406008,5.741831397622748,0.08147945065424293,1.661893197112072,0.5775118224334148,2.3208844701997298,3.718484711702045,-0.11433747785291164,0.0,0.08912443754767199,-0.025213040305239645,1.0,0.00035863725028299103,0.0,4.242640687119285,0.4911475337224133,0.12061294994080457
352,34.4152529695401,0.19634954084936207,-1.734723475976807e-18,0.26833354679880916,0.7914187720701793,-6.418476861114186e-17,0.37236600136331804,1.168048037540712,5.551115123125783e-17,1.8426390595509645,4.848197450947553,-5.551115123125783e-17,1.0753436677802777,3.9006601894358646,1.3877787807814457e-17,1.6327528115176,5.894104179874912,0.08133895574127206,1.6976593518914311,0.5781820019175701,2.357180309550273,3.6551503822178724,-0.11322320095737774,0.0,-0.005954899010528288,-0.11917809996790603,1.0,0.00035863725028299103,0.0,4.242640687119285,0.4911475337224133,0.12061294994080457
353,34.61160251038946,0.19634954084936207,-5.204170427930421e-18,0.26164071824324314,0.7610177022964908,-5.898059818321144e-17,0.3697578661019588,1.0887463173127077,6.938893903907228e-17,1.8484666064368551,4.737054461525073,-5.551115123125783e-17,1.0780302179297494,3.7810779625607656,-2.7755575615628914e-17,1.5718481510882616,5.841608798894628,0.08039618221643768,1.708414397556092,0.5810745753848314,2.3698851551573608,3.618050515263681,-0.11265433123204428,0.0,-0.036231134304156976,-0.14888546553620124,1.0,0.00035863725028299103,0.0,4.242640687119285,0.4911475337224133,0.12061294994080457
354,34.80795205123882,0.19634954084936207,-5.204170427930421e-18,0.2581680250130532,0.7390036298620077,-6.245004513516506e-17,0.3605695714063859,1.0582822348729244,0.0,1.8530029694355732,4.65891400503209,0.0,1.0818953138668943,3.621502530283124,-2.7755575615628914e-17,1.5131600890919576,5.625263718037083,0.07946912737064146,1.7168100023685255,0.5852487350835729,2.38152786482274,3.5849830328159236,-0.11237589061389208,0.0,-0.018835449764647988,-0.13121134037854007,1.0,0.00035863725028299103,0.0,4.242640687119285,0.4911475337224133,0.12061294994080457
355,35.00430159208818,0.19634954084936207,-5.204170427930421e-18,0.2582864547113492,0.7498650988977867,-6.071532165918825e-17,0.3495490831496662,1.1712507146106554,2.7755575615628914e-17,1.8594297862922717,4.6572348359474836,0.0,1.0840467681412755,3.6884924509071837,-1.3877787807814457e-17,1.4602656143742652,5.2492759855179685,0.07853176146124713,1.7287395650754618,0.5875786977587723,2.394850024295481,3.558170151475693,-0.11179590519433003,0.0,0.011066190932764619,-0.1007297142615654,1.0,0.00035863725028299103,0.0,4.242640687119285,0.4911475337224133,0.12061294994080457
357,35.397000673786906,0.19634954084936207,-3.469446951953614e-18,0.2515199542947724,0.741989265817928,-6.591949208711867e-17,0.3621250947903203,1.5068007953269693,4.163336342344337e-17,1.8822622427541655,4.923607193164747,-5.551115123125783e-17,1.080124218210038,3.468703276947369,-1.3877787807814457e-17,1.3881860497823768,4.561052958573071,0.07697293888764288,1.7714555752489702,0.5833341633819226,2.4317626775185355,3.5354031782792665,-0.1099959072203056,0.0,0.08895119622997913,-0.021044710990326468,1.0,0.00035863725028299103,0.0,4.242640687119285,0.4911475337224133,0.12061294994080457
358,35.59335021463627,0.19634954084936207,-1.734723475976807e-18,0.24840247264087223,0.7964768706520144,-6.245004513516506e-17,0.36800347934659544,1.374381124935634,4.163336342344337e-17,1.8945790943331866,4.824696689576764,0.0,1.0790944922844383,3.38386478553384,-1.3877787807814457e-17,1.3877919086633965,4.4309613884525705,0.0762341839577149,1.794714972342179,0.5822224616393048,2.4531716179391987,3.5554050026514328,-0.10753335278391465,0.0,0.2423569873383817,0.13482363455446705,1.0,0.00035863725028299103,0.0,4.242640687119285,0.4911475337224133,0.12061294994080457
359,35.78969975548563,0.19634954084936207,3.469446951953614e-18,0.251429478890725,0.8308393191186683,-6.245004513516506e-17,0.35890997482081366,1.1849724430982023,2.7755575615628914e-17,1.9025282896530016,4.895640606033463,-5.551115123125783e-17,1.0839076581781106,3.7561086093724034,-4.163336342344337e-17,1.4194782389623732,4.45932953571802,0.07532457899556244,1.8098069464649875,0.5874279057285781,2.4725594311891284,3.60401532405739,-0.1054279114263365,0.0,0.3793233660091829,0.2738954545828464,1.0,0.00035863725028299103,0.0,4.242640687119285,0.4911475337224133,0.12061294994080457
361,36.18239883718435,0.19634954084936207,-3.469446951953614e-18,0.2583073293405591,0.694601339521915,-6.591949208711867e-17,0.34859416888292516,1.4122632731891187,4.163336342344337e-17,1.9057774649950197,4.592328042011602,0.0,1.108966617743217,4.259685398957405,-4.163336342344337e-17,1.5333146965527709,5.208078600054304,0.0744298907519069,1.8159938730414213,0.614903479634415,2.505327243427743,3.7550152919016315,-0.1008236346141025,0.0,0.5090462774911109,0.4082226428770084,1.0,0.00035174403126535107,0.0,4.242640687119285,0.4473973028715902,0.10008217330838669
362,36.37874837803371,0.19634954084936207,-3.469446951953614e-18,0.2566516513873739,0.6953161864150206,-6.591949208711867e-17,0.3571745476267093,1.3857649537432146,2.7755575615628914e-17,1.9095228528691417,4.598522361983868,0.0,1.1194829774189912,4.110638695949696,-4.163336342344337e-17,1.590362007356796,5.599329811651238,0.07416410564313994,1.823138762814753,0.6266210683654445,2.5239239368233375,3.8334428600886445,-0.09719066251359584,0.0,0.5259278713752767,0.4287372088616809,1.0,0.00035174403126535107,0.0,4.242640687119285,0.4473973028715902,0.10008217330838669
363,36.575097918883074,0.19634954084936207,0.0,0.25567197886409454,0.7768176677681117,-6.245004513516506e-17,0.36073163978644224,1.3836107732534457,4.163336342344337e-17,1.9179225226515426,4.6576326681152915,1.1102230246251565e-16,1.1249306560282597,3.726628906659888,-1.3877787807814457e-17,1.6418771455444325,5.685856370169331,0.07320063766019094,1.8392134014470285,0.6327344904360855,2.545148529543305,3.9057383714658953,-0.09668559451321194,0.0,0.49656747608428997,0.399881881571078,1.0,0.00035174403126535107,0.0,4.242640687119285,0.4473973028715902,0.10008217330838669
364,36.771447459732435,0.19634954084936207,-1.734723475976807e-18,0.25586534720605913,0.8263831066293987,-6.245004513516506e-17,0.35612773605748055,1.1515397637458231,4.163336342344337e-17,1.9280061985999954,4.69787638392499,-5.551115123125783e-17,1.1281484914950832,3.283003095529211,-1.3877787807814457e-17,1.6854267396154292,5.448317122702777,0.07172612026671431,1.8586039509200027,0.636359509431316,2.566689580618033,3.9700281795942365,-0.09695755608904215,0.0,0.45722972061446643,0.36027216452542427,1.0,0.00035174403126535107,0.0,4.242640687119285,0.4473973028715902,0.10008217330838669
366,37.16414654143116,0.19634954084936207,-1.734723475976807e-18,0.25137525469508476,0.8021095896634679,-6.591949208711867e-17,0.3369674698118726,1.2757463151489876,1.3877787807814457e-17,1.9436708639858364,4.5420202370729434,-5.551115123125783e-17,1.1376396834077795,3.685417971495197,-2.7755575615628914e-17,1.7395156653203312,5.8722480396525265,0.06928002891363624,1.8889282137537244,0.6471120246320764,2.605320267299437,4.0694292744031175,-0.09732528866249314,0.0,0.38621311521549,0.2888878265529969,1.0,0.00035174403126535107,0.0,4.242640687119285,0.4473973028715902,0.10008217330838669
367,37.36049608228052,0.19634954084936207,-5.204170427930421e-18,0.24814869060061084,0.7425129325462843,-6.418476861114186e-17,0.3260849486979316,1.1799159602425984,5.551115123125783e-17,1.952057790662228,4.534434806241226,-5.551115123125783e-17,1.1414739866482775,3.8775473942534835,0.0,1.751921918448263,6.1367635206541795,0.0680650053955434,1.9052648090425497,0.6514814310973559,2.624811245535449,4.104984886884454,-0.09681577198610443,0.0,0.31320349389952923,0.2163877219134248,1.0,0.00035174403126535107,0.0,4.242640687119285,0.4473973028715902,0.10008217330838669
368,37.55684562312988,0.19634954084936207,-1.734723475976807e-18,0.24559378101926432,0.7254413255858009,-6.591949208711867e-17,0.3187312209815505,0.9502599239351903,4.163336342344337e-17,1.9618363061784179,4.712489886933479,0.0,1.1435095083464195,3.795135401705034,-2.7755575615628914e-17,1.7531662111416346,6.2571712447510235,0.06674720682291793,1.924400846119889,0.6538069978393349,2.644955050782142,4.128631824871429,-0.09612435827627647,0.0,0.2510518675519883,0.1549275092757118,1.0,0.00035174403126535107,0.0,4.242640687119285,0.4473973028715902,0.10008217330838669
369,37.75319516397924,0.19634954084936207,-1.734723475976807e-18,0.2429534623939828,0.7143612336133032,-6.591949208711867e-17,0.32044758039611965,1.1930248170853364,2.7755575615628914e-17,1.9704271468638972,5.048663112322998,0.0,1.1459992384856745,3.4626365316064978,-2.7755575615628914e-17,1.7377956277094426,6.2423207161616965,0.06605822752832917,1.941291570549099,0.6566571273048727,2.664006925382301,4.136046136482408,-0.0956694369727367,0.0,0.1699595192809653,0.07429008230822862,1.0,0.00035174403126535107,0.0,4.242640687119285,0.4473973028715902,0.10008217330838669
371,38.145894245677965,0.19634954084936207,1.734723475976807e-18,0.2385337758653027,0.6684246885782358,-6.418476861114186e-17,0.34457234059795433,1.2040988824838381,-1.3877787807814457e-17,1.9810159377639331,5.0293596266530285,0.0,1.1563824719901017,3.637171554136528,-2.7755575615628914e-17,1.6589156242094296,5.662717067760834,0.06812077093526228,1.9622120728373578,0.6686102107629692,2.6989430545355892,4.110593548325022,-0.09566440854823055,0.0,0.06944167187231584,-0.02622273667591471,1.0,0.00034585774565919507,0.0,4.242640687119285,0.4443875140214058,0.09874013130906256
372,38.34224378652733,0.19634954084936207,-7.806255641895632e-18,0.23755454431641293,0.684782562794714,-6.678685382510707e-17,0.349960264052963,1.3228392977794323,8.326672684688674e-17,1.9871086493300119,4.799140142540181,-5.551115123125783e-17,1.1608295246768208,3.7241623747411317,-4.163336342344337e-17,1.6145528123477453,5.060188843310728,0.0692561435612429,1.974300392121072,0.6737625926807067,2.717319128363022,4.094912532685932,-0.09735658063964091,0.0,0.05266966882629244,-0.04468691181334847,1.0,0.00034585774565919507,0.0,4.242640687119285,0.4443875140214058,0.09874013130906256
373,38.53859332737669,0.19634954084936207,-3.469446951953614e-18,0.23780184611374428,0.6972944316497318,-6.505213034913027e-17,0.3431393062101831,1.3830819911290657,2.7755575615628914e-17,1.994837350787205,4.67457522179131,5.551115123125783e-17,1.1637602657493422,3.635588429003355,-1.3877787807814457e-17,1.5801571978988038,4.921497212044697,0.06936092094986836,1.989688028047857,0.6771689780684899,2.7362179270662152,4.087549033053984,-0.09925234359785715,0.0,0.09346313889329991,-0.005789204704557238,1.0,0.00034585774565919507,0.0,4.242640687119285,0.4443875140214058,0.09874013130906256
375,38.93129240907541,0.19634954084936207,-5.204170427930421e-18,0.24589264420331078,0.6792755638500074,-6.418476861114186e-17,0.31336940942948255,1.1855096710233841,2.7755575615628914e-17,2.0082651798547886,4.813593091035752,0.0,1.1725884687141903,3.6220302823032915,-2.7755575615628914e-17,1.5403599818649842,4.93672311255383,0.06867918194465503,2.0165645163085926,0.6874818584807446,2.772725556733992,4.100838811122133,-0.10082875451843629,0.0,0.16311383296619902,0.06228507844776274,1.0,0.00034585774565919507,0.0,4.242640687119285,0.4443875140214058,0.09874013130906256
376,39.12764194992477,0.19634954084936207,0.0,0.2519389161926551,0.691925227170292,-6.591949208711867e-17,0.30495662860203704,1.1878203849771356,2.7755575615628914e-17,2.0126121650326403,4.916448959058203,0.0,1.179538317462141,3.687441131671586,-1.3877787807814457e-17,1.5250708879819417,4.809559656226165,0.06890165416599699,2.025303863418685,0.6956553211807093,2.7898608387653914,4.1134932875560075,-0.10136969853695017,0.0,0.19409251992098758,0.09272282138403741,1.0,0.00034585774565919507,0.0,4.242640687119285,0.4443875140214058,0.09874013130906256
377,39.323991490774134,0.19634954084936207,-5.204170427930421e-18,0.25664472551419365,0.7643728514155728,-6.765421556309548e-17,0.3026813674611058,1.0015284112486467,0.0,2.016961679270725,4.853293997726127,0.0,1.1860350897627758,3.5948047092805058,-1.3877787807814457e-17,1.5080750354889665,4.783472374322116,0.06922526301005623,2.034067207823291,0.7033396170742979,2.806632087907645,4.124030089401506,-0.10157149645413016,0.0,0.1854181446778204,0.08384664822369023,1.0,0.00034585774565919507,0.0,4.242640687119285,0.4443875140214058,0.09874013130906256
378,39.520341031623495,0.19634954084936207,0.0,0.25910128530728416,0.8961375868764263,-6.418476861114186e-17,0.30488537449025677,0.955032179266282,1.3877787807814457e-17,2.023039172975575,4.750372772366014,0.0,1.1903225327653535,3.605405171630238,-2.7755575615628914e-17,1.4905163658433425,4.715142959904412,0.06918052022303038,2.046343747696849,0.7084338660044629,2.823958133924342,4.132234539877453,-0.10162912997614046,0.0,0.1757482866119821,0.07411915663584165,1.0,0.00034585774565919507,0.0,4.242640687119285,0.4443875140214058,0.09874013130906256
380,39.91304011332222,0.19634954084936207,-1.734723475976807e-18,0.25850741771834945,1.0165239558841794,-6.071532165918825e-17,0.3077997294314362,1.1621098170537398,4.163336342344337e-17,2.042593287206694,4.85727818253507,0.0,1.1913504854893733,3.294050589661926,-2.7755575615628914e-17,1.4786675045792415,4.982375006880449,0.06600962819567105,2.0860936684709244,0.7096579896378827,2.8617612863044783,4.161762824998982,-0.10106333742792373,0.0,0.20753242613337228,0.10646908870544855,1.0,0.00034156696962531143,0.0,4.242640687119285,0.4466533243935622,0.09974959609591036
381,40.10938965417158,0.19634954084936207,-5.204170427930421e-18,0.2552636671820458,1.0050200421872109,-6.331740687315346e-17,0.30181126570342637,1.0730331793963546,-1.3877787807814457e-17,2.053139545681991,4.883387062039202,5.551115123125783e-17,1.1915341315912993,3.322703830638504,-2.7755575615628914e-17,1.4914202241818222,5.466424878648136,0.06287029191512389,2.107690997021626,0.7098767933735158,2.8804380823102655,4.190885132660392,-0.09913127969364022,0.0,0.2745125488474228,0.1753812691537826,1.0,0.00034156696962531143,0.0,4.242640687119285,0.4466533243935622,0.09974959609591036
382,40.30573919502094,0.19634954084936207,-1.734723475976807e-18,0.2492952817867124,0.9546638142930419,-6.375108774214766e-17,0.29469803065804134,1.0266689397179765,4.163336342344337e-17,2.060714003437031,4.949247002887594,0.0,1.1948588454656994,3.6077133654760902,-1.3877787807814457e-17,1.510221969944711,5.7564139303346025,0.05978079716221227,2.123271101980737,0.7138438302938119,2.8968957294367614,4.226547567326568,-0.09891591269420599,0.0,0.30733164925993217,0.20841573656572618,1.0,0.00034156696962531143,0.0,4.242640687119285,0.4466533243935622,0.09974959609591036
383,40.5020887358703,0.19634954084936207,0.0,0.24193001182611462,0.8721666196927509,-6.418476861114186e-17,0.2918596072408675,1.1552091774827766,1.3877787807814457e-17,2.0647783755262608,5.132528852369111,0.0,1.2017719943376068,3.8929536727353753,-1.3877787807814457e-17,1.5287187135193043,5.857576627149038,0.05756261822526232,2.131654870020431,0.7221279631870945,2.911345451432788,4.264458258987194,-0.0986052736543049,0.0,0.31960091578055266,0.22099564212624778,1.0,0.00034156696962531143,0.0,4.242640687119285,0.4466533243935622,0.09974959609591036
385,40.894787817569025,0.19634954084936207,-1.734723475976807e-18,0.23049484090559902,0.9782977235948388,-5.984795992119984e-17,0.300183003656473,1.038748584404423,5.551115123125783e-17,2.0719485661908528,5.088582749326815,0.0,1.2169639066416238,3.8605958310185713,-2.7755575615628914e-17,1.5578267413598794,5.607826504840521,0.0561211637170073,2.1464854304701655,0.7405005750342215,2.943107169221394,4.338850266401519,-0.0976698603137141,0.0,0.31608043287994664,0.21841057256623253,1.0,0.00034156696962531143,0.0,4.242640687119285,0.4466533243935622,0.09974959609591036
386,41.091137358418386,0.19634954084936207,-5.204170427930421e-18,0.22629425838288322,0.98192948072945,-6.418476861114186e-17,0.304265594946696,0.9615130368903895,1.3877787807814457e-17,2.0785202675615615,4.959752020910613,-5.551115123125783e-17,1.221971133661878,3.5482929705382125,0.0,1.5706965396414492,5.577988898494679,0.056425931945111536,2.1601232513320925,0.7466067257514475,2.963155909028652,4.375876292083336,-0.0966306654739171,0.0,0.3157787515840943,0.2191480861101772,1.0,0.00034156696962531143,0.0,4.242640687119285,0.4466533243935622,0.09974959609591036
387,41.28748689926775,0.19634954084936207,-3.469446951953614e-18,0.22314807852439644,0.8900497896870605,-6.591949208711867e-17,0.3052075566785458,0.968139137932783,2.7755575615628914e-17,2.0860097498241355,5.081257032736646,0.0,1.2264277166783963,3.3909728315218417,0.0,1.5874022213007803,5.530076423976354,0.05699996866717574,2.1757183381806753,0.7520624721184923,2.984780778966343,4.417201620376312,-0.0962483614910895,0.0,0.33715907162192227,0.24091071013083276,1.0,0.00034156696962531143,0.0,4.242640687119285,0.4466533243935622,0.09974959609591036
389,41.68018598096647,0.19634954084936207,-3.469446951953614e-18,0.22744597988857942,0.6531933868904747,-6.158268339717665e-17,0.30371260434802144,1.2185582749937067,5.551115123125783e-17,2.1004295481004034,5.057688001383061,0.0,1.236951231016841,3.5396074032912503,-2.7755575615628914e-17,1.6412149121212556,5.614111625664702,0.0576239476363409,2.205902143266632,0.7650241739570391,3.028550264860012,4.52084276351473,-0.09642346407472528,0.0,0.38704644041015324,0.29062297633542794,1.0,0.00034156696962531143,0.0,4.242640687119285,0.4466533243935622,0.09974959609591036
390,41.87653552181583,0.19634954084936207,-1.734723475976807e-18,0.23458014919645465,0.7284005803293995,-6.505213034913027e-17,0.3022779951439208,1.1871796998513653,0.0,2.107799220358162,5.048427971412509,5.551115123125783e-17,1.2421473635278055,3.5482284591412663,-1.3877787807814457e-17,1.667788104261617,5.924846122226713,0.05789149777413592,2.221408776671238,0.771465036359539,3.0507653108049126,4.573239980557922,-0.09709301686337565,0.0,0.389628735167361,0.2925357183039854,1.0,0.00033837596606377387,0.0,4.242640687119285,0.4479972410550509,0.1003507639964687
391,42.07288506266519,0.19634954084936207,-6.938893903907228e-18,0.24115170491958193,0.7821589521467014,-6.375108774214766e-17,0.2982756710561657,1.0864707917554766,0.0,2.1150909163744083,5.118478314928241,0.0,1.2471893277255917,3.4144786207706237,-4.163336342344337e-17,1.682531378370605,6.095598722674515,0.0587817283709586,2.236804792264768,0.7777406095963065,3.0733271302320326,4.615413936412795,-0.09661727252976288,0.0,0.3390430069580291,0.2424257344282662,1.0,0.00033837596606377387,0.0,4.242640687119285,0.4479972410550509,0.1003507639964687
392,42.269234603514555,0.19634954084936207,-8.673617379884035e-18,0.24484168898478437,0.8538647179080857,-6.245004513516506e-17,0.2922101372905374,1.0236214960554024,5.551115123125783e-17,2.121721388873995,5.222632866997132,0.0,1.252339898971951,3.4075582677948066,0.0,1.682030888022492,6.3421959526105205,0.060177874580110924,2.250850826002698,0.7841776112785381,3.095206311861347,4.643275458370553,-0.09668614559835059,0.0,0.26840124061841586,0.17171509502006527,1.0,0.00033837596606377387,0.0,4.242640687119285,0.4479972410550509,0.1003507639964687
394,42.66193368521328,0.19634954084936207,-4.336808689942018e-18,0.24390075494306054,0.8044983535325252,-6.375108774214766e-17,0.2864900072991212,1.1273965936971506,6.938893903907228e-17,2.1345937682380023,5.211703099617069,-5.551115123125783e-17,1.2608014312450821,3.353771816745862,0.0,1.6518407050605746,6.216190105358557,0.06052319438047502,2.2782452777002566,0.7948101245148238,3.1335785965955556,4.665104704132033,-0.0955287445863035,0.0,0.18230224057295413,0.08677349598665063,1.0,0.00033837596606377387,0.0,4.242640687119285,0.4479972410550509,0.1003507639964687
395,42.85828322606264,0.19634954084936207,-9.540979117872439e-18,0.24144584897360036,0.6948702785770713,-6.461844948013606e-17,0.28546403093405887,1.1784860939486057,1.3877787807814457e-17,2.1419713260889353,5.085496218222502,5.551115123125783e-17,1.2632580506295643,3.3348243750447963,-4.163336342344337e-17,1.634721560197952,5.923488529057505,0.0581069122320089,2.2940205808935956,0.797910451240203,3.1500379443658075,4.669473332037537,-0.09323663665440089,0.0,0.14523475260574634,0.051998115951345444,1.0,0.00033837596606377387,0.0,4.242640687119285,0.4479972410550509,0.1003507639964687
396,43.054632766912,0.19634954084936207,-3.469446951953614e-18,0.2389141585583591,0.6990766974185174,-6.418476861114186e-17,0.28108044142012906,1.0111093777938542,1.3877787807814457e-17,2.1493769448503697,5.116450126088814,1.1102230246251565e-16,1.2656120289075345,3.452094770186434,-4.163336342344337e-17,1.6192256300942736,5.618723032848154,0.054669999944231606,2.3099106255271553,0.8008869038577231,3.16546752932911,4.674265176298466,-0.09135850386179388,0.0,0.14310186496073035,0.05174336109893647,1.0,0.00033837596606377387,0.0,4.242640687119285,0.4479972410550509,0.1003507639964687
397,43.25098230776136,0.19634954084936207,-5.204170427930421e-18,0.23675764543497882,0.7070740021340918,-6.591949208711867e-17,0.27443761512390363,0.8244778572956117,2.7755575615628914e-17,2.1559825151898493,5.127788375700019,0.0,1.2690471695613588,3.552927477228816,-1.3877787807814457e-17,1.6012265293083199,5.714835474189977,0.05168635455995376,2.324130302902174,0.8052403592858481,3.181057016747976,4.678557503537232,-0.08963999947659552,0.0,0.13759709635516487,0.04795709687856935,1.0,0.00033837596606377387,0.0,4.242640687119285,0.4479972410550509,0.1003507639964687
399,43.643681389460085,0.19634954084936207,-3.469446951953614e-18,0.23323507443729716,0.7045956372406503,-6.071532165918825e-17,0.26973322628888075,0.8101831944411835,2.7755575615628914e-17,2.1669123900989176,5.126780670373918,-5.551115123125783e-17,1.2798916570770418,3.6939145436621352,-2.7755575615628914e-17,1.544304054893267,5.658293221886897,0.05112906738244411,2.347754653182101,0.819061326927708,3.217945047492253,4.680922628189104,-0.08802162765858973,0.0,0.1222150843575158,0.03419345669892607,1.0,0.00033837596606377387,0.0,4.242640687119285,0.4479972410550509,0.1003507639964687
400,43.840030930309446,0.19634954084936207,-5.204170427930421e-18,0.23271279095230368,0.6565383103012277,-6.331740687315346e-17,0.2725867872605664,0.9157422097580121,1.3877787807814457e-17,2.1722133462395576,5.1540591471181525,5.551115123125783e-17,1.2863385940903913,3.7295087721956217,-2.7755575615628914e-17,1.515903220631842,5.371627974648743,0.05285336727072293,2.359255410790628,0.827333489323222,3.2394422673845726,4.687225651774732,-0.08761541508387417,0.0,0.1488254661131268,0.06121005102925263,1.0,0.0003281108370897229,0.0,4.242640687119285,0.39873660070847017,0.07949543837227299
401,44.03638047115881,0.19634954084936207,-8.673617379884035e-18,0.23427640375367212,0.6229099603714685,-6.591949208711867e-17,0.2753534193371395,0.9165746775993889,2.7755575615628914e-17,2.1782647357600085,5.318359620511596,0.0,1.2926849182918254,3.78070481265166,0.0,1.5025743545785502,5.001229940898002,0.054348796176879405,2.3724186295278096,0.8355171489895714,3.2622845746942604,4.707388740263861,-0.08563647855572004,0.0,0.21409103054287038,0.12845455198715033,1.0,0.0003281108370897229,0.0,4.242640687119285,0.39873660070847017,0.07949543837227299
403,44.42907955285753,0.19634954084936207,-1.734723475976807e-18,0.2376222440408457,0.689957637289345,-6.505213034913027e-17,0.2758309296027203,0.8462312303162721,0.0,2.19368823175174,5.504667769555447,0.0,1.3030505695411407,3.855271031904829,-2.7755575615628914e-17,1.5302744185690702,4.612568755662183,0.054969909965111564,2.406134029063038,0.8489703933907458,3.3100743324188953,4.791314470763905,-0.08800739043891154,0.0,0.3241042577284392,0.23609686728952767,1.0,0.0003281108370897229,0.0,4.242640687119285,0.39873660070847017,0.07949543837227299
404,44.62542909370689,0.19634954084936207,-3.469446951953614e-18,0.23595877947168847,0.6223921709474562,-6.418476861114186e-17,0.274147506330324,0.8618613004724286,4.163336342344337e-17,2.201867268938491,5.528192365791601,0.0,1.3079738030164287,3.8679239391905553,-4.163336342344337e-17,1.558968800601756,4.866804149354985,0.05487199651175981,2.4241097350113243,0.8553977346886297,3.334379466211714,4.845980805637756,-0.09125545433606021,0.0,0.39275711603754043,0.30150166170148024,1.0,0.0003281108370897229,0.0,4.242640687119285,0.39873660070847017,0.07949543837227299
405,44.82177863455625,0.19634954084936207,-1.734723475976807e-18,0.2339731249829909,0.6507888799737289,-6.418476861114186e-17,0.2716192274953308,1.093298397182052,5.551115123125783e-17,2.208631751353857,5.58210106282426,0.0,1.314154005610225,3.8572634060179136,-4.163336342344337e-17,1.589725177513045,5.240872340492482,0.055059693840447115,2.439027106544203,0.8635003752306994,3.35758717561535,4.903438608651147,-0.09360658619960566,0.0,0.41038107924544387,0.3167744930458382,1.0,0.0003281108370897229,0.0,4.242640687119285,0.39873660070847017,0.07949543837227299
406,45.018128175405614,0.19634954084936207,-6.938893903907228e-18,0.23363597218146762,0.6936555336264011,-6.461844948013606e-17,0.2702495303353771,1.175793297337387,0.0,2.213577387281446,5.50297867216152,0.0,1.3218260099951886,3.819567800641251,-5.551115123125783e-17,1.6197148173890208,5.504645273661153,0.05557857893825519,2.449962424741876,0.8736120003499002,3.3791530040300315,4.961103548590709,-0.09572305521671282,0.0,0.41396415283610555,0.31824109761939273,1.0,0.0003281108370897229,0.0,4.242640687119285,0.39873660070847017,0.07949543837227299
408,45.41082725710434,0.19634954084936207,-1.734723475976807e-18,0.23417164885718283,0.6824911433524088,-6.635317295611287e-17,0.2794169197895277,0.990807187863734,5.551115123125783e-17,2.221984549909601,5.275357615933825,0.0,1.33724446124702,3.8030780777383644,1.3877787807814457e-17,1.6699034833818576,5.570045880373644,0.05644528880595946,2.468607670018486,0.8941113745679163,3.419164333392362,5.06619167178921,-0.09807166931058788,0.0,0.3912791238081304,0.29320745449754254,1.0,0.0003281108370897229,0.0,4.242640687119285,0.39873660070847017,0.07949543837227299
409,45.6071767979537,0.19634954084936207,-5.204170427930421e-18,0.23486852867724822,0.7015252721801633,-6.440160904563896e-17,0.28245219224101803,0.9848741161284893,1.3877787807814457e-17,2.227264764701036,5.316287232547239,0.0,1.342914710539856,3.74870860384655,-2.7755575615628914e-17,1.688513802793144,5.634408215313002,0.055896798581620055,2.4803541660393815,0.9017099598921725,3.437960924513174,5.109462177205547,-0.09979890593599898,0.0,0.34606152225062164,0.24626261631462265,1.0,0.0003281108370897229,0.0,4.242640687119285,0.39873660070847017,0.07949543837227299
410,45.80352633880306,0.19634954084936207,-1.734723475976807e-18,0.2376279642033996,0.759845155025538,-6.548581121812447e-17,0.277281311919959,1.0087210957643211,4.163336342344337e-17,2.233166329694248,5.369500947455178,5.551115123125783e-17,1.3471503927350623,3.730810810077314,-2.7755575615628914e-17,1.700433104545844,5.5517145947383195,0.054593619822105435,2.493515928040039,0.907407090323116,3.4555166381852604,5.143621369127938,-0.10067821598857467,0.0,0.30002640155052074,0.19934818556194606,1.0,0.0003299059642865205,0.0,4.242640687119285,0.4635000646310152,0.10741615495647763
412,46.19622542050178,0.19634954084936207,-3.469446951953614e-18,0.242518194051746,0.8468323578892958,-6.548581121812447e-17,0.26188598523996587,0.955094781644831,-1.3877787807814457e-17,2.2452509363606805,5.332652883979424,0.0,1.3532425808093431,3.751779644455715,-1.3877787807814457e-17,1.6865530325822438,5.217749803800767,0.05260829064300432,2.5205758836142556,0.9156327412577658,3.4888169155150255,5.1724541623351294,-0.10167528645939101,0.0,0.20318845450361286,0.10151316804422185,1.0,0.0003299059642865205,0.0,4.242640687119285,0.4635000646310152,0.10741615495647763
413,46.392574961351144,0.19634954084936207,-5.204170427930421e-18,0.24077333405441925,0.868118210597449,-6.440160904563896e-17,0.2654920649082367,0.9607016157915574,2.7755575615628914e-17,2.2512100320947943,5.3453156170620035,0.0,1.3559582434895778,3.7848555263562647,-1.3877787807814457e-17,1.661695956395725,5.135244703398165,0.052759528876532374,2.5339733043021218,0.9193113790436707,3.5060442122223248,5.170888623171509,-0.10109656481820162,0.0,0.1251807545024915,0.02408418968428988,1.0,0.0003299059642865205,0.0,4.242640687119285,0.4635000646310152,0.10741615495647763
414,46.588924502200506,0.19634954084936207,-2.6020852139652106e-18,0.23687805101166123,0.8655945768589548,-6.526897078362737e-17,0.2730007355232705,0.9241206869336602,2.7755575615628914e-17,2.2570455412475483,5.418234897356322,1.1102230246251565e-16,1.358879966137412,3.8108549363489432,-2.7755575615628914e-17,1.6374810545761056,5.115584786961136,0.0528442682939649,2.5471272876327182,0.923277381184807,3.52324893711149,5.170489253402129,-0.10038734941965166,0.0,0.13009123098551867,0.029703881565867007,1.0,0.0003299059642865205,0.0,4.242640687119285,0.4635000646310152,0.10741615495647763
415,46.78527404304987,0.19634954084936207,-8.673617379884035e-18,0.23218890074204,0.819501335815252,-6.418476861114186e-17,0.27625208405427687,0.9323285196520347,5.551115123125783e-17,2.26281598514374,5.42631141141551,5.551115123125783e-17,1.3621144466033004,3.7999573640050093,-4.163336342344337e-17,1.6256716065810095,5.022053878989718,0.05186520182514663,2.560168091311017,0.9276778828227075,3.539711175958871,5.180947265341372,-0.09977035724191229,0.0,0.18191749028757773,0.08214713304566544,1.0,0.0003299059642865205,0.0,4.242640687119285,0.4635000646310152,0.10741615495647763
417,47.17797312474859,0.19634954084936207,-7.806255641895632e-18,0.22390914265984982,0.6866447832705749,-6.461844948013606e-17,0.261904706605634,0.8262716651138176,5.551115123125783e-17,2.2747312708097405,5.456969259387664,5.551115123125783e-17,1.3694894815361804,3.8900474453387246,-4.163336342344337e-17,1.6463785733306098,5.277674470682126,0.04676572910668142,2.5872011771998484,0.9377507200191184,3.5717176263256483,5.241320196159742,-0.09916926712099111,0.0,0.277645087387962,0.1784758202669709,1.0,0.0003299059642865205,0.0,4.242640687119285,0.4635000646310152,0.10741615495647763
418,47.37432266559795,0.19634954084936207,-5.204170427930421e-18,0.22130915962742176,0.6581406157696892,-6.245004513516506e-17,0.2541757040947531,0.8497450293720403,2.7755575615628914e-17,2.280745896849812,5.480924018839021,5.551115123125783e-17,1.3738596379306123,3.874961657717632,-4.163336342344337e-17,1.6622889933423437,5.377473273455962,0.04472437758111464,2.6009009229986266,0.9437451523674165,3.5893704529471577,5.279180873609093,-0.0987886762770978,0.0,0.31622186205132385,0.21743318577422605,1.0,0.0003299059642865205,0.0,4.242640687119285,0.4635000646310152,0.10741615495647763
419,47.57067220644731,0.19634954084936207,0.0,0.21939862573184202,0.7340956824559259,-6.461844948013606e-17,0.25465982185309216,0.8547431087807998,2.7755575615628914e-17,2.286602122699067,5.4622220885113375,0.0,1.3787578471396886,3.874817787456992,-2.7755575615628914e-17,1.6695616114329486,5.34817897739508,0.044379596944373934,2.61427463376594,0.9504866005246346,3.609140831234949,5.31223514483964,-0.09872127715807535,0.0,0.2943365764722036,0.19561529931412827,1.0,0.0003299059642865205,0.0,4.242640687119285,0.4635000646310152,0.10741615495647763
420,47.767021747296674,0.19634954084936207,-3.469446951953614e-18,0.2181375210663336,0.7592016018476466,-6.591949208711867e-17,0.26275201096441114,0.8366251787762158,8.326672684688674e-17,2.292395079887985,5.458393992966266,0.0,1.3839115311750139,3.875943730423565,-4.163336342344337e-17,1.6666898363799205,5.3285410407619365,0.045675995817484,2.6275376011473206,0.9576055630595854,3.63081916002439,5.338445575970849,-0.09899054546449164,0.0,0.26247628547512425,0.1634857400106326,1.0,0.00033096597064555884,0.0,4.242640687119285,0.4608263537531718,0.10618046415672172
422,48.1597208289954,0.19634954084936207,-7.806255641895632e-18,0.22107259747220018,0.7875019033828696,-6.245004513516506e-17,0.2762247041751584,0.8945907008449772,4.163336342344337e-17,2.3036697435864504,5.534155839882193,1.1102230246251565e-16,1.394174744063332,3.8445469398207455,-1.3877787807814457e-17,1.6543131086329286,5.134774302151647,0.04921863491081177,2.6534471437578317,0.9718616084920286,3.674527387160672,5.38531199822928,-0.10079516828176394,0.0,0.25041832418797016,0.14962315590620623,1.0,0.00033096597064555884,0.0,4.242640687119285,0.4608263537531718,0.10618046415672172
423,48.35607036984476,0.19634954084936207,-6.938893903907228e-18,0.22479702085965775,0.8259183892430393,-6.071532165918825e-17,0.2745399854559607,0.8826643439669549,2.7755575615628914e-17,2.308598658683656,5.529143833733932,-5.551115123125783e-17,1.3994538588698204,3.9375035442746733,-2.7755575615628914e-17,1.6559501850736478,4.896603859070421,0.049833357917295,2.664813883437988,0.9792355515528155,3.6938827929080986,5.413504518631184,-0.10333120273330255,0.0,0.27501819571623454,0.171686992982932,1.0,0.00033096597064555884,0.0,4.242640687119285,0.4608263537531718,0.10618046415672172
424,48.55241991069412,0.19634954084936207,-5.204170427930421e-18,0.22801703072306656,0.8115546864239039,-6.331740687315346e-17,0.26951424545762137,0.8288493617441897,1.3877787807814457e-17,2.3132018366308484,5.522995294801751,-5.551115123125783e-17,1.404671186107565,4.102775415547006,-4.163336342344337e-17,1.6626737699804452,4.893276707907811,0.04974710765449021,2.6754513684961645,0.9865505705404163,3.7117490466910708,5.444710314884353,-0.10537616907262576,0.0,0.2922820912114352,0.18690592213880947,1.0,0.00033096597064555884,0.0,4.242640687119285,0.4608263537531718,0.10618046415672172
426,48.94511899239284,0.19634954084936207,-3.469446951953614e-18,0.23348272837876946,0.6657988853191694,-6.418476861114186e-17,0.26026380756934914,0.7056654743014235,4.163336342344337e-17,2.3242128633124386,5.745345089428276,0.0,1.4130789360181304,4.247911168540428,-2.7755575615628914e-17,1.6814550648642388,5.230696144151631,0.04935787187219823,2.700982716993502,0.9983960397090657,3.7487366285747656,5.510501274776384,-0.1082777264451864,0.0,0.3054785554075348,0.19720082896234842,1.0,0.00033096597064555884,0.0,4.242640687119285,0.4608263537531718,0.10618046415672172
427,49.141468533242204,0.19634954084936207,-6.938893903907228e-18,0.23739147810157205,0.5897930938557924,-6.505213034913027e-17,0.2561855268581871,0.7638016359526607,6.938893903907228e-17,2.330666214343839,5.796811971010867,5.551115123125783e-17,1.416548053106268,4.247576569752025,-2.7755575615628914e-17,1.693259576773917,5.233667937101075,0.04945945108445596,2.7160025013419196,1.0033041933795785,3.7687661458059543,5.546194897656411,-0.11063580693085845,0.0,0.32315478135058734,0.2125189744197289,1.0,0.00033096597064555884,0.0,4.242640687119285,0.4608263537531718,0.10618046415672172
428,49.337818074091565,0.19634954084936207,-3.469446951953614e-18,0.24099823739021928,0.634798689154713,-6.245004513516506e-17,0.2523563789016817,0.7631052025666667,4.163336342344337e-17,2.3366014276607667,5.844973391431797,-5.551115123125783e-17,1.4206555002200445,4.212783563816864,-5.551115123125783e-17,1.7081083613435328,5.252957929228401,0.049789639870383165,2.7298531158731665,1.0091310251527326,3.788773780896282,5.585666033053769,-0.11161177111677961,0.0,0.34395456489419785,0.23234279377741823,1.0,0.00033096597064555884,0.0,4.242640687119285,0.4608263537531718,0.10618046415672172
429,49.53416761494093,0.19634954084936207,-8.673617379884035e-18,0.2426960553299776,0.6785572750440751,-6.418476861114186e-17,0.25116492964043596,0.824717283474597,1.3877787807814457e-17,2.341402727674694,5.7813400346605945,0.0,1.4259612739007987,4.315588721932593,-5.551115123125783e-17,1.7270752918056211,5.3018288361631525,0.050253188901262805,2.741083366581248,1.0166827773323948,3.8080193328149057,5.630055157309977,-0.11196604594280658,0.0,0.3702895026379936,0.258323456695187,1.0,0.00033096597064555884,0.0,4.242640687119285,0.4608263537531718,0.10618046415672172
431,49.92686669663965,0.19634954084936207,-6.938893903907228e-18,0.23916692911080398,0.689964017802772,-6.331740687315346e-17,0.26039161126799293,0.9462191546643275,4.163336342344337e-17,2.349259696638579,5.505606848434597,0.0,1.4384372559871175,4.4578393976477,-5.551115123125783e-17,1.78227517018326,5.689131210373836,0.05013618892406494,2.7595105611251936,1.0345508697058738,3.8441976197551324,5.736404780668984,-0.11227105539794986,0.0,0.4158719060079762,0.30360085061002634,1.0,0.0003369234112747875,0.0,4.242640687119285,0.4973977747732509,0.12370227317469083
432,50.12321623748901,0.19634954084936207,-3.469446951953614e-18,0.23443981040532885,0.7217322934318484,-6.418476861114186e-17,0.2642951235954241,0.9034946511298881,4.163336342344337e-17,2.3538824670374003,5.568073020817717,-5.551115123125783e-17,1.444054990756004,4.447706037617972,-5.551115123125783e-17,1.8177228392571732,5.843822617718684,0.048783352186684524,2.770381334313039,1.0426474081636614,3.861812094663385,5.79657090932348,-0.11185413260763497,0.0,0.4501602482358996,0.3383061156282646,1.0,0.0003369234112747875,0.0,4.242640687119285,0.4973977747732509,0.12370227317469083
433,50.31956577833837,0.19634954084936207,-3.469446951953614e-18,0.2280504771201139,0.7101012203302194,-6.548581121812447e-17,0.26245979837102684,0.9044096284390049,2.7755575615628914e-17,2.3594086159774563,5.704748325490353,0.0,1.4487243400138226,4.393822432870406,-5.551115123125783e-17,1.8531813820085676,6.127737333168728,0.046560482322285705,2.783404508574328,1.0494011066742428,3.8793660975708564,5.85602313759336,-0.11110768474733725,0.0,0.4455678718687561,0.3344601871214189,1.0,0.0003369234112747875,0.0,4.242640687119285,0.4973977747732509,0.12370227317469083
434,50.515915319187734,0.19634954084936207,-5.204170427930421e-18,0.2207323677244027,0.6599638659711313,-6.375108774214766e-17,0.25512603645513615,0.9019270613322858,8.326672684688674e-17,2.3656007640423304,5.86461536410998,0.0,1.4524794649843171,4.299658863097807,0.0,1.8823692795150682,6.286855490315025,0.04390691463138879,2.7980334874188277,1.054848298100564,3.8967887001507804,5.908331806456106,-0.11076629661325278,0.0,0.40979131586341255,0.2990250192501598,1.0,0.0003369234112747875,0.0,4.242640687119285,0.4973977747732509,0.12370227317469083
436,50.90861440088646,0.19634954084936207,-3.469446951953614e-18,0.20707530275107844,0.6225799200264821,-6.245004513516506e-17,0.2411999684665541,0.8992250566920335,2.7755575615628914e-17,2.378801860044647,5.956011969496905,0.0,1.457670256391436,4.140180738282741,-2.7755575615628914e-17,1.9021217357297937,6.155324141919989,0.03937796379182496,2.829349144675937,1.0624012881841374,3.9311283966518995,5.970407801170681,-0.1109734501399888,0.0,0.30464156190263236,0.19366811176264356,1.0,0.0003369234112747875,0.0,4.242640687119285,0.4973977747732509,0.12370227317469083
437,51.10496394173582,0.19634954084936207,-3.469446951953614e-18,0.2025811483558259,0.5823701215423464,-6.331740687315346e-17,0.23987653924312177,1.036282492016492,6.938893903907228e-17,2.3855376883924335,5.861527209360235,-5.551115123125783e-17,1.459248746179081,4.165067025050541,0.0,1.8892137531752635,5.973004802626836,0.03816272805864731,2.8453950313703578,1.06470345161261,3.948261211041615,5.976629386054597,-0.11176429712598386,0.0,0.1820790576512809,0.07031476052529705,1.0,0.0003369234112747875,0.0,4.242640687119285,0.4973977747732509,0.12370227317469083
438,51.30131348258518,0.19634954084936207,-5.204170427930421e-18,0.2009668470533102,0.5371133463749496,-6.678685382510707e-17,0.23954235323315032,1.1480172609785155,4.163336342344337e-17,2.3921605805633503,5.692992288412211,5.551115123125783e-17,1.4604757790809746,4.219861495151495,-2.7755575615628914e-17,1.8630871208359443,5.81782883027024,0.03780097846187458,2.861216121600593,1.0664947506410902,3.9655118507035576,5.969201878697335,-0.11274474867781524,0.0,0.1147092355176437,0.001964486839828458,1.0,0.0003369234112747875,0.0,4.242640687119285,0.4973977747732509,0.12370227317469083
440,51.6940125642839,0.19634954084936207,-6.938893903907228e-18,0.2064889964426197,0.6011203238600695,-6.375108774214766e-17,0.23849897118454758,0.8277313671913268,4.163336342344337e-17,2.4035632309188153,5.9053099424693265,5.551115123125783e-17,1.464077378586247,4.284815362565049,-2.7755575615628914e-17,1.7860822619526953,5.587526405575151,0.03972272854545447,2.8885581025124463,1.0717612852439884,4.0000421163018895,5.933127660090632,-0.11512961515715922,0.0,0.0640803986498518,-0.05104921650730743,1.0,0.0003430917066151563,0.0,4.242640687119285,0.5071163431458557,0.12858349274281267
441,51.89036210513326,0.19634954084936207,-6.938893903907228e-18,0.2126573856142412,0.6046525851351581,-6.201636426617085e-17,0.24027606521670758,0.7928812136701568,4.163336342344337e-17,2.4080983093576975,6.009912212887728,0.0,1.466975790521792,4.318094054148723,-5.551115123125783e-17,1.7457895859177441,5.436921814717885,0.041803268869054735,2.899468733765701,1.076008984988518,4.017280987623273,5.91619091775248,-0.12047969202579213,0.0,0.07622189825203593,-0.0442577937737562,1.0,0.0003430917066151563,0.0,4.242640687119285,0.5071163431458557,0.12858349274281267
442,52.086711645982625,0.19634954084936207,-5.204170427930421e-18,0.22096440319099833,0.613658781347973,-6.158268339717665e-17,0.2410484339507937,0.7374672391063819,6.938893903907228e-17,2.4126968855765814,6.052020497286266,5.551115123125783e-17,1.4702048654529158,4.320138957196265,-2.7755575615628914e-17,1.713938526284847,5.486483568404872,0.04410307469215613,2.910553130835468,1.080751173200713,4.035407378728337,5.909306575337586,-0.12295530663207285,0.0,0.12884951447141402,0.0058942078393411645,1.0,0.0003430917066151563,0.0,4.242640687119285,0.5071163431458557,0.12858349274281267
443,52.283061186831986,0.19634954084936207,-4.336808689942018e-18,0.23033465701570377,0.6861625444627827,-6.158268339717665e-17,0.23761338024241993,0.7094287310474916,8.326672684688674e-17,2.417993326130198,5.991544945983728,-5.551115123125783e-17,1.4732557215373612,4.283537005224922,-5.551115123125783e-17,1.6969035078088852,5.631943435225737,0.04604996418537692,2.9233458626050886,1.0852412105212856,4.0546370373117515,5.917338256832843,-0.12555424605816978,0.0,0.20541300062603854,0.07985875456786876,1.0,0.0003430917066151563,0.0,4.242640687119285,0.5071163431458557,0.12858349274281267
445,52.67576026853071,0.19634954084936207,-8.673617379884035e-18,0.2407194018581432,0.7827771956941685,-6.591949208711867e-17,0.22657853200739428,0.7880927072168333,8.326672684688674e-17,2.4296011980710803,5.965963399925477,-5.551115123125783e-17,1.4794818847462365,4.342052172037009,0.0,1.7144813957921643,5.890965833434531,0.04759132885205281,2.9514809908342152,1.094433323646138,4.093505643332406,5.981589510238255,-0.1291133529480552,0.0,0.32940137847456175,0.20028802552650654,1.0,0.0003430917066151563,0.0,4.242640687119285,0.5071163431458557,0.12858349274281267
446,52.87210980938007,0.19634954084936207,-6.938893903907228e-18,0.2381525260164844,0.7854178903666579,-6.288372600415926e-17,0.22625713701159353,0.7814259780590876,8.326672684688674e-17,2.4346605609377057,6.133180375785347,-5.551115123125783e-17,1.483542804613921,4.418006528275612,0.0,1.745251711427236,5.939559655931479,0.04704910390497821,2.9637860234927516,1.1004496265608688,4.111284753958598,6.034128335304185,-0.13179885432270422,0.0,0.4344445779152582,0.302645723592554,1.0,0.0003430917066151563,0.0,4.242640687119285,0.5071163431458557,0.12858349274281267
447,53.06845935022943,0.19634954084936207,-8.673617379884035e-18,0.2323692106704214,0.760790098211383,-6.331740687315346e-17,0.22851232305549937,0.8169804946453079,8.326672684688674e-17,2.439368797525625,6.257342530040033,0.0,1.4879636191756045,4.494839215169509,0.0,1.7847874382932105,6.231298942310715,0.045750087906738915,2.975260065170806,1.1070178659950818,4.128028019072627,6.095121759037804,-0.13277749942428413,0.0,0.4768346945434328,0.3440571951191487,1.0,0.0003430917066151563,0.0,4.242640687119285,0.5071163431458557,0.12858349274281267
448,53.26480889107879,0.19634954084936207,-5.204170427930421e-18,0.226365088793677,0.7211638838135996,-6.678685382510707e-17,0.2312004548484836,0.7806975289783518,6.938893903907228e-17,2.4445373100962366,6.312172467513223,0.0,1.4919068441594374,4.571415446181614,0.0,1.825090166629633,6.658499184607686,0.044146242500680825,2.9878813302262714,1.1128930158248855,4.144920588551837,6.157171215785333,-0.13311971006342163,0.0,0.4815052604622988,0.3483855503988772,1.0,0.0003430917066151563,0.0,4.242640687119285,0.5071163431458557,0.12858349274281267
450,53.657507972777516,0.19634954084936207,-1.734723475976807e-18,0.21817089376000698,0.788338501880268,-6.461844948013606e-17,0.24233111651599815,0.7632903989334427,6.938893903907228e-17,2.4570388492449915,6.356932619639009,5.551115123125783e-17,1.4971928199885174,4.687310563528751,0.0,1.8728127792909073,7.06529491965347,0.04289950921173201,3.0185199533495757,1.1207931701125842,4.182212632673892,6.250011283480816,-0.13263923698156896,0.0,0.40425279208292,0.271613555101351,1.0,0.0003491627473801588,0.0,4.242640687119285,0.5148490222633684,0.13253475786277322
451,53.85385751362688,0.19634954084936207,-6.938893903907228e-18,0.21583047647859205,0.7424711462261817,-6.288372600415926e-17,0.2510263558310448,0.8285116109028108,5.551115123125783e-17,2.4629120523865944,6.260377712119713,0.0,1.4995179115295725,4.700571669550277,2.7755575615628914e-17,1.8744901969850456,6.946799748523506,0.04367031925936587,3.032967888895573,1.124276983499005,4.200915191653944,6.273894819773068,-0.13390276403119084,0.0,0.29598927369731987,0.16208650966612903,1.0,0.0003491627473801588,0.0,4.242640687119285,0.5148490222633684,0.13253475786277322
452,54.05020705447624,0.19634954084936207,-6.938893903907228e-18,0.21525157840082593,0.6470050078152476,-6.418476861114186e-17,0.25667782614325924,0.7998705241045485,5.551115123125783e-17,2.4677153437761223,6.220283204807257,5.551115123125783e-17,1.502434959781295,4.670575502369636,0.0,1.8686848671412557,6.638907576276356,0.04446782101919689,3.044809508954053,1.128655404186511,4.217932734159761,6.289423584170609,-0.13317328741116724,0.0,0.2535073728652325,0.12033408545406526,1.0,0.0003491627473801588,0.0,4.242640687119285,0.5148490222633684,0.13253475786277322
454,54.44290613617496,0.19634954084936207,-6.938893903907228e-18,0.21913610775936274,0.6359476021088959,-6.245004513516506e-17,0.24902392754358998,0.7961140698103489,5.551115123125783e-17,2.475291658044836,6.360625089648732,0.0,1.5091724027793878,4.435305967717581,-2.7755575615628914e-17,1.860745980665875,5.981313002836336,0.04350828972816108,3.063534396193177,1.1388006706554554,4.245843356576794,6.319485440464585,-0.1328699777762069,0.0,0.2490446478204658,0.11617467004425888,1.0,0.0003491627473801588,0.0,4.242640687119285,0.5148490222633684,0.13253475786277322
455,54.63925567702432,0.19634954084936207,-7.806255641895632e-18,0.22100494500800374,0.6767998949707545,-6.591949208711867e-17,0.2401677860413405,0.7691362575644226,4.163336342344337e-17,2.479453040013064,6.325605478663339,-5.551115123125783e-17,1.5119770800003756,4.310403884152432,0.0,1.8595077206512678,5.954083848894962,0.04224867186168922,3.0738436888150114,1.1430373452232312,4.259129705899932,6.335764671176814,-0.13339521142712402,0.0,0.25603911210031094,0.12264390067318692,1.0,0.0003491627473801588,0.0,4.242640687119285,0.5148490222633684,0.13253475786277322
456,54.835605217873685,0.19634954084936207,-3.469446951953614e-18,0.22146313312177546,0.6828467959584589,-6.245004513516506e-17,0.23304717315676549,0.8043766234913005,6.938893903907228e-17,2.4843871917726275,6.227679056959454,-5.551115123125783e-17,1.514104078565356,4.242159824007916,-8.326672684688674e-17,1.8558003595934391,6.02890842775623,0.041475723864550264,3.08608985932194,1.1462555803641223,4.273821163550613,6.349955387074861,-0.13420201866558487,0.0,0.2484516269696937,0.11424960830410882,1.0,0.0003491627473801588,0.0,4.242640687119285,0.5148490222633684,0.13253475786277322
457,55.031954758723046,0.19634954084936207,-5.204170427930421e-18,0.22107297161489842,0.6537743843122437,-6.071532165918825e-17,0.22925419197251706,0.7749464235356534,6.938893903907228e-17,2.490041037503353,6.191935285399319,-5.551115123125783e-17,1.5156834830447945,4.30830373237362,0.0,1.8492290638043298,6.205833566196234,0.041520451068953454,3.100152184225387,1.1486482103874,4.290320845681741,6.362274051282172,-0.1352671169328495,0.0,0.24232054981158324,0.10705343287873373,1.0,0.0003491627473801588,0.0,4.242640687119285,0.5148490222633684,0.13253475786277322
459,55.42465384042177,0.19634954084936207,-8.673617379884035e-18,0.2227654968098344,0.5797203103498614,-6.158268339717665e-17,0.22730691581637463,0.6958208680414257,5.551115123125783e-17,2.5030976451067133,6.403576933994545,0.0,1.517696596240764,4.3141320443634745,-5.551115123125783e-17,1.8455052379153347,6.303163797470909,0.04235320715367477,3.1327489104693873,1.1517014791204003,4.326803596743463,6.398095263320554,-0.13724867825688075,0.0,0.27266744147937244,0.1354187632224917,1.0,0.0003491627473801588,0.0,4.242640687119285,0.5148490222633684,0.13253475786277322
460,55.62100338127113,0.19634954084936207,-5.204170427930421e-18,0.22513602722059622,0.6140893246641627,-6.245004513516506e-17,0.2244614236096012,0.658910437309907,4.163336342344337e-17,2.510185914154292,6.455514520935276,-1.1102230246251565e-16,1.5183146208044889,4.326870915798069,-2.7755575615628914e-17,1.8563203724837873,6.255861081562614,0.04197710127940003,3.1505166618093092,1.1526396438743391,4.345133406963049,6.428172888667942,-0.13955406060170564,0.0,0.3335869027396859,0.19403284213798025,1.0,0.0003592349525991254,0.0,4.242640687119285,0.5533024371609961,0.15307179348414907
461,55.81735292212049,0.19634954084936207,-3.469446951953614e-18,0.22665157309349118,0.6299527405979172,-6.418476861114186e-17,0.21878239362895888,0.6920660793116431,9.71445146547012e-17,2.5168053518038818,6.425529442365978,0.0,1.5189751083275937,4.2944867425486075,-5.551115123125783e-17,1.872465279023661,6.393157107570373,0.04102543873346329,3.1671545894343307,1.153642689859412,4.361822718027206,6.46211948759689,-0.14516651803708586,0.0,0.3585713172242252,0.21340479918713934,1.0,0.0003592349525991254,0.0,4.242640687119285,0.5533024371609961,0.15307179348414907
462,56.01370246296985,0.19634954084936207,-1.734723475976807e-18,0.22620292044052362,0.6303539193752947,-6.245004513516506e-17,0.21284322707578074,0.7188210918229401,5.551115123125783e-17,2.5224514729824734,6.406690268950169,1.1102230246251565e-16,1.520270595982404,4.3458927881652425,-2.7755575615628914e-17,1.8868336490448085,6.554722984289547,0.04011448181896134,3.181380716775725,1.1556113425043473,4.3771065410990335,6.493956012778672,-0.14663101686459995,0.0,0.3498603730451737,0.20322935618057375,1.0,0.0003592349525991254,0.0,4.242640687119285,0.5533024371609961,0.15307179348414907
464,56.406401544668576,0.19634954084936207,-6.938893903907228e-18,0.22312319738237324,0.5603898277620891,-6.245004513516506e-17,0.21434452031561857,0.6149641468133247,6.938893903907228e-17,2.5309931810243453,6.447746783799096,0.0,1.524514069067715,4.3237237174403,-2.7755575615628914e-17,1.88964988323169,6.804246229078759,0.040444755355051945,3.202963241195867,1.162071573392701,4.405479569943619,6.531660847259657,-0.14863004525935758,0.0,0.2884546031044822,0.1398245578451246,1.0,0.0003592349525991254,0.0,4.242640687119285,0.5533024371609961,0.15307179348414907
465,56.60275108551794,0.19634954084936207,-1.734723475976807e-18,0.22279178038822336,0.5668740701705781,-6.245004513516506e-17,0.22227549975725472,0.624658819233954,6.938893903907228e-17,2.5355061414770237,6.410958394436727,0.0,1.5260496239674994,4.334876088296839,-5.551115123125783e-17,1.8782275629260121,6.728547361339101,0.04147130440275368,3.214395696733852,1.1644137274056734,4.420280728542279,6.5371839260444,-0.15026044643476344,0.0,0.22416684121231617,0.07390639477755273,1.0,0.0003592349525991254,0.0,4.242640687119285,0.5533024371609961,0.15307179348414907
466,56.7991006263673,0.19634954084936207,-1.1275702593849246e-17,0.22223823955021502,0.5608707878405652,-6.375108774214766e-17,0.23061417859158254,0.7767479557197069,6.938893903907228e-17,2.540961156484993,6.427592548844726,1.1102230246251565e-16,1.5264482988260712,4.309099231308016,0.0,1.8634001142758583,6.643545145435466,0.04224218275252613,3.2282417993827766,1.1650222044945029,4.435506186629806,6.538038587312795,-0.15122336953290677,0.0,0.2020421593167167,0.05081878978380994,1.0,0.0003592349525991254,0.0,4.242640687119285,0.5533024371609961,0.15307179348414907
468,57.19179970806602,0.19634954084936207,-6.938893903907228e-18,0.2169536639167948,0.5874479569537336,-6.158268339717665e-17,0.23342609808347026,0.8898557962322535,1.1102230246251565e-16,2.552768362999273,6.62503260754115,0.0,1.5255652010536942,4.232896642168903,-5.551115123125783e-17,1.8423720010560607,6.568746098749892,0.04097762219975416,3.2583131575649933,1.1636745913329993,4.462965371097747,6.543110301805081,-0.15280111751440018,0.0,0.211911290140631,0.059110172626230834,1.0,0.0003592349525991254,0.0,4.242640687119285,0.5533024371609961,0.15307179348414907
469,57.38814924891538,0.19634954084936207,-1.734723475976807e-18,0.2138340636607875,0.5681523205910948,-6.245004513516506e-17,0.22643380215852454,0.7795926700909299,5.551115123125783e-17,2.558142983528813,6.7286997833152435,-5.551115123125783e-17,1.525478449946865,4.250516061681607,0.0,1.8405060837887328,6.463868790867657,0.039226555810731666,3.272047762088848,1.1635422506261448,4.474816568525725,6.552973733156971,-0.15440152104321603,0.0,0.24944248237587968,0.09504096133266365,1.0,0.0003592349525991254,0.0,4.242640687119285,0.5533024371609961,0.15307179348414907
470,57.584498789764744,0.19634954084936207,-5.204170427930421e-18,0.21136371659082304,0.5533629245702545,-6.071532165918825e-17,0.2192021241425406,0.7024287962934036,8.326672684688674e-17,2.5635570226681486,6.764381113064237,0.0,1.525590320974605,4.280744909372577,-2.7755575615628914e-17,1.8421969222531787,6.314306357294052,0.03770905554326293,3.2859123042355907,1.1637129137256987,4.487334273504552,6.567343352327203,-0.15524209891020474,0.0,0.27312583945732627,0.11788374054712153,1.0,0.00037016147072341064,0.0,4.242640687119285,0.5736182760700044,0.16451896332076188
471,57.780848330614106,0.19634954084936207,-3.469446951953614e-18,0.20920803057199377,0.5469902122430923,-6.245004513516506e-17,0.2172615729970873,0.8476164348503947,5.551115123125783e-17,2.569476601827639,6.75879922677162,0.0,1.5253041739913056,4.348588617668477,-5.551115123125783e-17,1.8445591816275635,6.253262325840685,0.03705302228852979,3.3011050036698553,1.1632764115976493,4.501434437556035,6.583358464275852,-0.16036076060064644,0.0,0.2889811382684505,0.12862037766780407,1.0,0.00037016147072341064,0.0,4.242640687119285,0.5736182760700044,0.16451896332076188
473,58.17354741231283,0.19634954084936207,-4.336808689942018e-18,0.2074448786158142,0.5784427283202049,-6.158268339717665e-17,0.22792645332512024,0.9146315187269376,4.163336342344337e-17,2.5831012027046123,6.999297415530117,-5.551115123125783e-17,1.5240410713967338,4.3735891792039325,-5.551115123125783e-17,1.8553283015713433,6.55574828746688,0.03773650066177037,3.3362059117070078,1.161350593652052,4.53529300602083,6.626049238458014,-0.16054696285659154,0.0,0.3170313117397738,0.15648434888318224,1.0,0.00037016147072341064,0.0,4.242640687119285,0.5736182760700044,0.16451896332076188
474,58.36989695316219,0.19634954084936207,-5.204170427930421e-18,0.21001225587662048,0.6337185198340155,-6.331740687315346e-17,0.23036758157874787,0.8681820904249181,5.551115123125783e-17,2.589302035331483,6.9960817672205415,5.551115123125783e-17,1.5241433773994575,4.365381303295873,-2.7755575615628914e-17,1.868544176220199,6.571559812191527,0.03792673007165557,3.3522425150858797,1.1615065174353125,4.551675762592848,6.6558757614194946,-0.16115154154368072,0.0,0.3585494403806646,0.1973978988369839,1.0,0.00037016147072341064,0.0,4.242640687119285,0.5736182760700044,0.16451896332076188
475,58.56624649401155,0.19634954084936207,-3.469446951953614e-18,0.21498478007905172,0.6772459561483182,-5.984795992119984e-17,0.22690075326436454,0.9127137711159903,8.326672684688674e-17,2.5942963109110635,6.89278359234512,-5.551115123125783e-17,1.5252790684095017,4.489848131503659,-5.551115123125783e-17,1.8855966490852536,6.705872129149795,0.037744106976587616,3.3651866744033767,1.163238118264078,4.566168899644042,6.689385193129334,-0.1619714082993181,0.0,0.37579295516329014,0.21382154686397203,1.0,0.00037016147072341064,0.0,4.242640687119285,0.5736182760700044,0.16451896332076188
476,58.76259603486091,0.19634954084936207,-8.673617379884035e-18,0.22093300977666225,0.7049801242374711,-6.505213034913027e-17,0.22003991122645347,0.9026540541940659,6.938893903907228e-17,2.5982171660107496,6.7367755661114,0.0,1.5271965687635753,4.591824730712765,-5.551115123125783e-17,1.900333553434007,6.920624077945162,0.03764066538319265,3.375366220876466,1.166164679821619,4.5791715660812775,6.720378501765818,-0.1630439444790228,0.0,0.36304511874429957,0.20000117426527678,1.0,0.00037016147072341064,0.0,4.242640687119285,0.5736182760700044,0.16451896332076188
478,59.155295116559635,0.19634954084936207,-5.204170427930421e-18,0.22858019731968368,0.7055971206659843,-6.375108774214766e-17,0.21537075723060756,0.6672056092473528,8.326672684688674e-17,2.605188253551326,6.874884493062628,5.551115123125783e-17,1.5306724022956857,4.669769787763425,-8.326672684688674e-17,1.8987585857413396,7.0040330536670385,0.039452519123561625,3.393502918220905,1.1714790015748224,4.604434438919289,6.749340165564254,-0.16491507450601367,0.0,0.28299981032578075,0.11808473581976708,1.0,0.00037016147072341064,0.0,4.242640687119285,0.5736182760700044,0.16451896332076188
479,59.351644657409,0.19634954084936207,-5.204170427930421e-18,0.22815779645379497,0.6960141989506601,-6.245004513516506e-17,0.2197283053422224,0.6837789926309266,5.551115123125783e-17,2.60926910835831,6.932863752549492,5.551115123125783e-17,1.5310776894953166,4.635560922492978,2.7755575615628914e-17,1.8808760576349066,6.85026719424881,0.0410133302144,3.404142639916485,1.1720994456351586,4.617255415766043,6.744532442330943,-0.16686714416136278,0.0,0.18993784327773727,0.023070699116374493,1.0,0.00037016147072341064,0.0,4.242640687119285,0.5736182760700044,0.16451896332076188
480,59.54799419825836,0.19634954084936207,-3.469446951953614e-18,0.225497345820648,0.6934261174004737,-6.245004513516506e-17,0.22349249642857147,0.7178950880033537,6.938893903907228e-17,2.6140636521445,6.945052868618923,-5.551115123125783e-17,1.53029756167217,4.557496633140814,-5.551115123125783e-17,1.8581194388285514,6.581058876638789,0.04206026857737547,3.41666438873152,1.1709053136298941,4.629629970938789,6.732739403785867,-0.16816934521782786,0.0,0.15611067928521716,-0.012058665932610707,1.0,0.00037838275645780267,0.0,4.242640687119285,0.5679016073268454,0.16125611780220722
482,59.94069327995708,0.19634954084936207,-3.469446951953614e-18,0.21860841497823733,0.7044414250646919,-6.245004513516506e-17,0.22261746479357872,0.6911079652485583,1.1102230246251565e-16,2.6254898904396766,6.79368229096684,1.1102230246251565e-16,1.5254862469088286,4.382894105750016,-2.7755575615628914e-17,1.816962502432418,5.8897532912897415,0.0411704440967314,3.4465985824004726,1.1635541447539912,4.651323171251195,6.706242554521465,-0.1734691552982783,0.0,0.1535427269084827,-0.01992642838979561,1.0,0.00037838275645780267,0.0,4.242640687119285,0.5679016073268454,0.16125611780220722
483,60.13704282080644,0.19634954084936207,-1.734723475976807e-18,0.2153857668729596,0.7229702131416103,-6.375108774214766e-17,0.2235619265489617,0.7197236908911797,8.326672684688674e-17,2.6317273795183946,6.858321475137675,-1.1102230246251565e-16,1.522386637392487,4.34889180489222,0.0,1.7994593177045006,5.892587928993634,0.03996465623872903,3.462994500053376,1.1588305368556018,4.661789693147707,6.694894765743168,-0.1745732998904902,0.0,0.1646418738763445,-0.009931426014145706,1.0,0.00037838275645780267,0.0,4.242640687119285,0.5679016073268454,0.16125611780220722
484,60.333392361655804,0.19634954084936207,-3.469446951953614e-18,0.2125621736841483,0.7345595411092045,-6.158268339717665e-17,0.2278117397090641,0.6819159539704966,9.71445146547012e-17,2.6375344344432277,6.986454498980901,0.0,1.5197791420354618,4.383148378237835,-5.551115123125783e-17,1.7822649670693176,5.919228143882794,0.039058482153672365,3.478293946436878,1.1548643202830222,4.672216748873573,6.684727540624095,-0.17492024107774418,0.0,0.17289525226485236,-0.0020249888128918148,1.0,0.00037838275645780267,0.0,4.242640687119285,0.5679016073268454,0.16125611780220722
485,60.529741902505165,0.19634954084936207,-6.071532165918825e-18,0.21082258832684816,0.726899468291777,-5.984795992119984e-17,0.23226067889602758,0.7138855278510544,8.326672684688674e-17,2.642455912721596,7.097094406157934,-5.551115123125783e-17,1.5183083191378839,4.381694786399076,-5.551115123125783e-17,1.7672927447765965,6.0480561494153395,0.03866920746032559,3.4912866253386623,1.1526300759816532,4.682585908780641,6.6785133691120935,-0.17492229291825437,0.0,0.1944852925636053,0.019562999645350937,1.0,0.00037838275645780267,0.0,4.242640687119285,0.5679016073268454,0.16125611780220722
487,60.92244098420389,0.19634954084936207,-2.6020852139652106e-18,0.21078450443813046,0.6967554351797388,-6.028164079019405e-17,0.22958205148076025,0.70936145666177,1.1102230246251565e-16,2.6506630125229016,7.157427769641762,-5.551115123125783e-17,1.5185287888772665,4.3933216671754955,0.0,1.763677991934145,6.2965218753615995,0.038407412489340584,3.5130072029784905,1.1529648413245286,4.70437945679236,6.69719551410976,-0.1744573399127534,0.0,0.2727568184875529,0.09829947857479951,1.0,0.00037838275645780267,0.0,4.242640687119285,0.5679016073268454,0.16125611780220722
488,61.11879052505325,0.19634954084936207,-1.734723475976807e-18,0.21095009244106855,0.6476116173463854,-6.114900252818245e-17,0.2230349441081814,0.680321751346513,2.7755575615628914e-17,2.6552200413063147,7.082034487596194,0.0,1.5190497884717944,4.4015315341885515,-2.7755575615628914e-17,1.7823410483669717,6.322990809252395,0.0377466321040439,3.525096733877354,1.1537561299281012,4.716599495909499,6.728075321264946,-0.17382632763459255,0.0,0.3797407320093331,0.20591440437474057,1.0,0.00037838275645780267,0.0,4.242640687119285,0.5679016073268454,0.16125611780220722
489,61.31514006590261,0.19634954084936207,-6.938893903907228e-18,0.2110234924278544,0.5753124876673344,-5.854691731421724e-17,0.21541414237740134,0.6043575884216617,6.938893903907228e-17,2.6603655823085823,6.959036803719741,0.0,1.5193706747554427,4.348875897179435,0.0,1.8133515473636663,6.276387728274712,0.03651610502483202,3.5387725157660417,1.1542436236534048,4.729532244444279,6.771601703365757,-0.17351002939614663,0.0,0.4422054626280554,0.26869543323190875,1.0,0.00037838275645780267,0.0,4.242640687119285,0.5679016073268454,0.16125611780220722
490,61.51148960675197,0.19634954084936207,-6.938893903907228e-18,0.21166481883048655,0.5465140685507043,-5.984795992119984e-17,0.20814801666172453,0.6354321189354184,8.326672684688674e-17,2.6656608340344814,6.945175244108063,5.551115123125783e-17,1.5196970046716496,4.270780658343141,-5.551115123125783e-17,1.8503461137904353,6.359230846744546,0.03504490061417334,3.552873841052703,1.154739493003992,4.742658234670868,6.821818527696089,-0.17348379103676553,0.0,0.4751182766191836,0.30163448558241807,1.0,0.0003853565845301403,0.0,4.242640687119285,0.5698621820743103,0.16237145327924718
492,61.904188688450695,0.19634954084936207,-2.6020852139652106e-18,0.2145512578526383,0.5859560681809294,-6.245004513516506e-17,0.20268009268417436,0.6371691500279661,6.938893903907228e-17,2.6752463655975682,7.121782319853502,-5.551115123125783e-17,1.5206484093443235,4.219974296387239,-8.326672684688674e-17,1.9083259651340627,6.590352081242652,0.033902701676618775,3.5784715583214988,1.1561857924207104,4.768560052418828,6.908007001924849,-0.17734533852860954,0.0,0.4447268981392294,0.2673815596106198,1.0,0.0003853565845301403,0.0,4.242640687119285,0.5698621820743103,0.16237145327924718
493,62.10053822930006,0.19634954084936207,-3.469446951953614e-18,0.2156003564251965,0.6087606293375516,-6.028164079019405e-17,0.20710449570551165,0.7285736641571747,4.163336342344337e-17,2.680209864566228,7.156713876398587,5.551115123125783e-17,1.5205390999692037,4.256177263543762,-8.326672684688674e-17,1.919025478257883,6.592806196768697,0.0348403744308268,3.5917624590590584,1.1560195772675776,4.782622410757463,6.932959860299823,-0.17900016464909768,0.0,0.35759469858318993,0.17859453393409225,1.0,0.0003853565845301403,0.0,4.242640687119285,0.5698621820743103,0.16237145327924718
494,62.29688777014942,0.19634954084936207,-4.336808689942018e-18,0.2160700256152562,0.6284244058650665,-6.158268339717665e-17,0.21311960754750026,0.8016918868588063,6.938893903907228e-17,2.6858822245225156,7.152222640431386,0.0,1.5192629420387946,4.298742728064127,-2.7755575615628914e-17,1.9187192107210376,6.505927558864209,0.03621032789642871,3.6069816620030077,1.154079943526187,4.797271933425623,6.9453523975411,-0.18079728082823665,0.0,0.29739611713835495,0.1165988363101183,1.0,0.0003853565845301403,0.0,4.242640687119285,0.5698621820743103,0.16237145327924718
496,62.68958685184814,0.19634954084936207,-5.204170427930421e-18,0.2155536041473544,0.6395674701950456,-6.136584296267955e-17,0.21392770645708087,0.7199084347534112,2.7755575615628914e-17,2.6987030420409215,7.08232942281678,0.0,1.5135054041592537,4.3891975904294105,0.0,1.9038373202458272,6.553923900567517,0.03737534924058887,3.6414990545604633,1.145349304209633,4.824223708010685,6.9482140785497375,-0.18419226490816082,0.0,0.24529047025207185,0.06109820534391103,1.0,0.0003853565845301403,0.0,4.242640687119285,0.5698621820743103,0.16237145327924718
497,62.8859363926975,0.19634954084936207,-8.673617379884035e-18,0.214371750757998,0.5977535964341751,-6.049848122469115e-17,0.20767194331179792,0.6136751176359012,9.71445146547012e-17,2.704650944698267,7.101491235594536,0.0,1.5102857580893578,4.419586939417184,-8.326672684688674e-17,1.8944586478194734,6.470668831526691,0.036824531848496045,3.6575683663286136,1.1404815355437732,4.834874433720882,6.944378832705112,-0.1875377440315535,0.0,0.22115773239557918,0.03361998836402569,1.0,0.0003853565845301403,0.0,4.242640687119285,0.5698621820743103,0.16237145327924718
498,63.08228593354686,0.19634954084936207,-6.938893903907228e-18,0.21266555970296103,0.5350012446428424,-6.10405823109339e-17,0.20169467190546472,0.6399892571402601,9.71445146547012e-17,2.7096640485331975,7.208922402606777,5.551115123125783e-17,1.507667129588648,4.418534815944559,-5.551115123125783e-17,1.8829999649389937,6.358342757498933,0.036082442728457426,3.6711396279566593,1.1365300868210362,4.843752157506152,6.937618238676457,-0.18898660856843355,0.0,0.20775839250073935,0.018771783932305802,1.0,0.0003853565845301403,0.0,4.242640687119285,0.5698621820743103,0.16237145327924718
499,63.278635474396225,0.19634954084936207,-3.469446951953614e-18,0.2108522584092582,0.5242806255829865,-5.99563801384484e-17,0.20024419582195074,0.6739106158936956,5.551115123125783e-17,2.7138071177676517,7.308575716782039,0.0,1.5057677422897882,4.375451986665372,-5.551115123125783e-17,1.8680988215285883,6.412506210264569,0.035649100602966756,3.682374536223185,1.1336682468602426,4.851691883686394,6.927604296435692,-0.18940496766184034,0.0,0.19201812186641398,0.0026131542045736422,1.0,0.0003853565845301403,0.0,4.242640687119285,0.5698621820743103,0.16237145327924718
501,63.67133455609495,0.19634954084936207,-5.204170427930421e-18,0.2079735207299574,0.5571325147017118,-5.99563801384484e-17,0.21090072242966532,0.7573060356003365,5.551115123125783e-17,2.7212108381189046,7.413232056929338,5.551115123125783e-17,1.502552908105284,4.168727351359743,0.0,1.830626665940988,6.508887027581869,0.03592866687824345,3.7024942127478955,1.128832620827823,4.867255500453962,6.9009104985964225,-0.19050903992776116,0.0,0.17676734082174678,-0.013741699106014388,1.0,0.0003954411014858525,0.0,4.242640687119285,0.6027526967916488,0.18165540674480263
502,63.86768409694431,0.19634954084936207,-1.734723475976807e-18,0.20682465436542247,0.5660797252296563,-6.245004513516506e-17,0.2165046169581913,0.7363046215150935,5.551115123125783e-17,2.725482564706299,7.435846878111738,0.0,1.500375189783833,4.13692096380656,-5.551115123125783e-17,1.8129774691122014,6.502285667686531,0.03609599684322745,3.714127605259013,1.1255628550594365,4.875786457161677,6.888808884168404,-0.1903171368719072,0.0,0.18181814385848766,-0.008498993013419553,1.0,0.0003954411014858525,0.0,4.242640687119285,0.6027526967916488,0.18165540674480263
503,64.06403363779367,0.19634954084936207,-3.469446951953614e-18,0.20589719721931482,0.5424486107668987,-6.261267546103788e-17,0.2189181295866934,0.782196297792771,6.938893903907228e-17,2.7305031638227897,7.448633523261591,0.0,1.497592490141222,4.207121648162462,-5.551115123125783e-17,1.7988002978123223,6.43475999454365,0.036004060319847105,3.727823763823132,1.1213916332636928,4.885219457406672,6.880245368750982,-0.18872030865702827,0.0,0.19640313939612286,0.007682830739094593,1.0,0.0003954411014858525,0.0,4.242640687119285,0.6027526967916488,0.18165540674480263
504,64.26038317864304,0.19634954084936207,-8.673617379884035e-18,0.2056751776069756,0.5324107427484221,-6.109479241955817e-17,0.21800382314725733,0.791589438660975,8.326672684688674e-17,2.736167383303539,7.452266334810554,1.1102230246251565e-16,1.4942784911141316,4.25746650451667,0.0,1.7880899043545682,6.301775287928198,0.03570443065905135,3.743305974727068,1.1164341045031627,4.895444509889282,6.875140301027221,-0.187634945795835,0.0,0.2114274538702979,0.023792508074462898,1.0,0.0003954411014858525,0.0,4.242640687119285,0.6027526967916488,0.18165540674480263
506,64.65308226034178,0.19634954084936207,-7.806255641895632e-18,0.20966031449508074,0.6108660815937806,-6.16911036144252e-17,0.2100596709635503,0.6868214520283368,2.7755575615628914e-17,2.7480319514343745,7.423020003547211,-5.551115123125783e-17,1.4871921362851603,4.210151595915096,-8.326672684688674e-17,1.7721651409054604,5.979159481385883,0.035103480302110954,3.7758398030521074,1.1058702251142094,4.916813508468428,6.870637440975565,-0.18703751687199446,0.0,0.22415397449834432,0.03711645762634985,1.0,0.0003954411014858525,0.0,4.242640687119285,0.6027526967916488,0.18165540674480263
507,64.84943180119114,0.19634954084936207,-6.938893903907228e-18,0.2132978835547956,0.6566169708397789,-6.028164079019405e-17,0.20524702705347678,0.73357260500517,8.326672684688674e-17,2.753369440411996,7.379176777516122,0.0,1.4842252458974219,4.101821415454308,-8.326672684688674e-17,1.764622012372482,5.981470577037143,0.035034659143055015,3.790521637697334,1.1014622902796312,4.9270185871200205,6.869231405968018,-0.1872921990355736,0.0,0.22804118699340242,0.04074898795782883,1.0,0.0003954411014858525,0.0,4.242640687119285,0.6027526967916488,0.18165540674480263
508,65.04578134204051,0.19634954084936207,-3.469446951953614e-18,0.21626144638970782,0.6903729056868664,-6.114900252818245e-17,0.20153438911202115,0.7268332188509616,2.7755575615628914e-17,2.7580200678994173,7.452599888140298,-5.551115123125783e-17,1.48196759994315,3.9787115340929766,-5.551115123125783e-17,1.7568944831121684,5.967731184378441,0.03513284086983179,3.803337347467953,1.0981139836406304,4.936584171978415,6.868101276312338,-0.18796222059387838,0.0,0.22993834236494495,0.04197612177106658,1.0,0.0003954411014858525,0.0,4.242640687119285,0.6027526967916488,0.18165540674480263
510,65.43848042373925,0.19634954084936207,-3.469446951953614e-18,0.21622273403517858,0.6762659628772971,-6.08237418764368e-17,0.20069180418487467,0.6323445044223373,9.71445146547012e-17,2.766378032542133,7.473189961658894,1.1102230246251565e-16,1.4784517171381113,3.9596875267509115,-8.326672684688674e-17,1.7449761276175364,5.925929389097703,0.03507795152937817,3.82642370946584,1.092909739954315,4.9544114009495335,6.869455396111723,-0.18970741743939884,0.0,0.24086138224997253,0.05115396481057369,1.0,0.00040139431955331004,0.0,4.242640687119285,0.5857470969685791,0.171549830803559
511,65.63482996458862,0.19634954084936207,-6.071532165918825e-18,0.2135809838871275,0.6415651907833404,-6.21247844834194e-17,0.20317339136790813,0.637747689870716,5.551115123125783e-17,2.770677851273691,7.388733941514039,5.551115123125783e-17,1.4763051024159588,3.9603158681700146,0.0,1.7427433146926228,5.794413092059973,0.03457475813908919,3.8383278777692995,1.0897383777096972,4.962641013618086,6.872411041772356,-0.1948003509725247,0.0,0.25821084487550083,0.06341049390297612,1.0,0.00040139431955331004,0.0,4.242640687119285,0.5857470969685791,0.171549830803559
512,65.83117950543799,0.19634954084936207,-6.071532165918825e-18,0.2103254289681997,0.6796181591558802,-5.979374981257557e-17,0.20706908367760005,0.6430317938531693,6.938893903907228e-17,2.7751435164616485,7.310793692130448,5.551115123125783e-17,1.4739330776429087,3.915205136584182,-2.7755575615628914e-17,1.7423020359897121,5.628644553469607,0.033962719765832185,3.8507107684795607,1.0862393586849486,4.970912846930341,6.876768629461041,-0.19623803313458982,0.0,0.26714447389642276,0.07090644076183295,1.0,0.00040139431955331004,0.0,4.242640687119285,0.5857470969685791,0.171549830803559
513,66.02752904628736,0.19634954084936207,-5.204170427930421e-18,0.20729908491881188,0.7189721661258939,-5.984795992119984e-17,0.2122713442070189,0.6221676493633441,1.1102230246251565e-16,2.779475261610393,7.435605164082248,0.0,1.471722813783979,3.863536909329955,0.0,1.7418681671238143,5.771435889758838,0.033705427333299884,3.8627413649520808,1.0829840203061167,4.979430812591497,6.8816231050402195,-0.19748963659651764,0.0,0.2719713697967183,0.07448173320020068,1.0,0.00040139431955331004,0.0,4.242640687119285,0.5857470969685791,0.171549830803559
515,66.42022812798609,0.19634954084936207,-8.673617379884035e-18,0.20453521732905752,0.6788170138791646,-6.136584296267955e-17,0.22273604435676414,0.6890775983474907,9.71445146547012e-17,2.7874591604728898,7.542428433695438,0.0,1.4685613392590169,3.9386594136784217,-2.7755575615628914e-17,1.7428610743458077,5.992559839188742,0.03507393818439718,3.8849642856521136,1.0783362035831185,4.998374427419629,6.8968531066096,-0.1987161918737734,0.0,0.28902859892571797,0.09031240705194457,1.0,0.00040139431955331004,0.0,4.242640687119285,0.5857470969685791,0.171549830803559
516,66.61657766883546,0.19634954084936207,-3.469446951953614e-18,0.20527904743668832,0.6115151073405024,-6.23416249179165e-17,0.22410343920946113,0.7224497112312794,8.326672684688674e-17,2.791683970586238,7.537238941955499,5.551115123125783e-17,1.4671564452643213,3.9534078840963174,-2.7755575615628914e-17,1.7513787988687355,6.036013823246819,0.03602835122755283,3.896749695814071,1.0762740174403196,5.009052064481944,6.913504560146524,-0.19935279771295542,0.0,0.3356291490088245,0.1362763512958691,1.0,0.00040139431955331004,0.0,4.242640687119285,0.5857470969685791,0.171549830803559
517,66.81292720968483,0.19634954084936207,-7.806255641895632e-18,0.20677220049401554,0.5495233556782486,-5.919743861770854e-17,0.22109430413835915,0.7360188017676641,8.326672684688674e-17,2.796461548201094,7.530789736485884,0.0,1.4654114776337686,3.986771954724439,-5.551115123125783e-17,1.7695703552655757,6.030876361894915,0.036392713385756004,3.9100985952836305,1.0737153993903925,5.020206708059779,6.939394502853549,-0.19947350984613685,0.0,0.381208397594714,0.18173488774857713,1.0,0.00040139431955331004,0.0,4.242640687119285,0.5857470969685791,0.171549830803559
518,67.0092767505342,0.19634954084936207,-6.938893903907228e-18,0.20809236073211887,0.5670464016904663,-6.071532165918825e-17,0.21427803907532725,0.6943266532299526,5.551115123125783e-17,2.8017250665095537,7.480158092459779,5.551115123125783e-17,1.463268493749082,3.971253741798041,-1.1102230246251565e-16,1.795798591397912,5.988709230526051,0.03591548222246686,3.9248316741539813,1.070577342399354,5.031324498775803,6.972622838009172,-0.19935149827995252,0.0,0.41669348740849244,0.21734198912853991,1.0,0.00040139431955331004,0.0,4.242640687119285,0.5857470969685791,0.171549830803559
520,67.40197583223294,0.19634954084936207,-3.469446951953614e-18,0.2089598937125973,0.6358152311111297,-6.071532165918825e-17,0.197380677809734,0.5779038066501478,2.7755575615628914e-17,2.8121357103313374,7.475765095681155,5.551115123125783e-17,1.4587496557756734,4.0451202487396065,-8.326672684688674e-17,1.8457562213530583,6.016614055924323,0.03364814296549357,3.9540536266603663,1.0639752791128225,5.051677048738682,7.035492655590654,-0.19853295983769204,0.0,0.40617694380047736,0.20764398396278533,1.0,0.0004071771833683996,0.0,4.242640687119285,0.5926708171581804,0.17562934875547265
521,67.5983253730823,0.19634954084936207,-6.938893903907228e-18,0.20947466563249834,0.6380648136691686,-6.08237418764368e-17,0.19129424051690325,0.5688670159129574,8.326672684688674e-17,2.8164336167599595,7.491105278356786,1.1102230246251565e-16,1.4567205932193525,4.096566547388306,-2.7755575615628914e-17,1.8550821574102156,6.080601864404764,0.032836948893390935,3.966149158807792,1.061017443354671,5.060003551055854,7.050180043310796,-0.19975405657404194,0.0,0.3245867335577769,0.12483267698373496,1.0,0.0004071771833683996,0.0,4.242640687119285,0.5926708171581804,0.17562934875547265
522,67.79467491393167,0.19634954084936207,-2.6020852139652106e-18,0.21074747194086546,0.6305778085145706,-6.136584296267955e-17,0.18802482885911145,0.6248791534855297,8.326672684688674e-17,2.820180855313303,7.534719843110647,-5.551115123125783e-17,1.4547553381028848,4.098589703849773,-2.7755575615628914e-17,1.8494507226885153,6.135289983267221,0.032545814290369686,3.9767100283378367,1.0581565468694194,5.067412389497626,7.049095289793373,-0.1981415556219275,0.0,0.24418869229656387,0.04604713667463636,1.0,0.0004071771833683996,0.0,4.242640687119285,0.5926708171581804,0.17562934875547265
524,68.18737399563041,0.19634954084936207,-6.938893903907228e-18,0.21377025224944463,0.5966087677567657,-6.028164079019405e-17,0.18923769946929173,0.622014662131916,9.71445146547012e-17,2.827565766444238,7.533558232439782,5.551115123125783e-17,1.4494060862199993,4.038080347768497,-5.551115123125783e-17,1.800773274895,5.93544723117352,0.032772968371233446,3.9975640817836955,1.050389001385788,5.080726051540717,7.006666837572041,-0.19553744534957268,0.0,0.14002293831539672,-0.05551450703417596,1.0,0.0004071771833683996,0.0,4.242640687119285,0.5926708171581804,0.17562934875547265
525,68.38372353647978,0.19634954084936207,-1.0408340855860843e-17,0.21386431131705025,0.6089081877850187,-5.789639601072594e-17,0.19191555437316282,0.6725502295486352,8.326672684688674e-17,2.831912336281729,7.537082151631811,1.1102230246251565e-16,1.445519365875275,3.983968099616159,-2.7755575615628914e-17,1.7663092934712645,5.8078522103119905,0.03276056252860762,4.009863740192319,1.0447631185602284,5.087387421281155,6.974509640296182,-0.19317394589542453,0.0,0.08135303223822477,-0.11182091365719976,1.0,0.0004071771833683996,0.0,4.242640687119285,0.5926708171581804,0.17562934875547265
526,68.58007307732915,0.19634954084936207,-5.204170427930421e-18,0.21277710658293475,0.5973235924637215,-5.724587470723463e-17,0.19348151174418313,0.6368618440990204,6.938893903907228e-17,2.8367769980970263,7.489141612979177,-5.551115123125783e-17,1.4409683099003794,3.9124578830942465,-1.1102230246251565e-16,1.7313535767542203,5.755846326784814,0.03249532074788699,4.023651868466187,1.0381948350685777,5.094342024282652,6.9418848654409295,-0.1921302058908561,0.0,0.07684625263990022,-0.11528395325095589,1.0,0.0004071771833683996,0.0,4.242640687119285,0.5926708171581804,0.17562934875547265
527,68.77642261817851,0.19634954084936207,-5.204170427930421e-18,0.21120527755080604,0.5757618100739306,-6.006480035569695e-17,0.19242062065677945,0.7082838196529377,2.7755575615628914e-17,2.8419612182997285,7.466996248607411,5.551115123125783e-17,1.436133703019537,3.8664608746333564,-5.551115123125783e-17,1.6993913211168434,5.680898953943671,0.032100965753369085,4.038371783159839,1.0312400064743035,5.101712755387512,6.91269409467937,-0.19169863752272243,0.0,0.09270287649044566,-0.09899576103227677,1.0,0.0004071771833683996,0.0,4.242640687119285,0.5926708171581804,0.17562934875547265
529,69.16912169987725,0.19634954084936207,-8.673617379884035e-18,0.20873127470835995,0.5133970031999615,-5.898059818321144e-17,0.18714763569144355,0.6786453072718783,6.938893903907228e-17,2.852271850194999,7.534654527980136,5.551115123125783e-17,1.4273078104012293,3.77657065470101,-5.551115123125783e-17,1.6515614262847231,5.514336569784538,0.0320821704991869,4.0677273537074,1.0186037928161755,5.118413317022762,6.873483998932676,-0.19222315418132602,0.0,0.14097322604049373,-0.05124992814083229,1.0,0.0004071771833683996,0.0,4.242640687119285,0.5926708171581804,0.17562934875547265
530,69.36547124072662,0.19634954084936207,0.0,0.2076628627191929,0.5070965195483016,-6.114900252818245e-17,0.18820246746172012,0.6225774350913398,1.1102230246251565e-16,2.8570035764988497,7.585533735134735,0.0,1.423946185040152,3.7801711665093194,-2.7755575615628914e-17,1.6386644183751324,5.4524434831466015,0.03274891576868641,4.08123471806361,1.0138113689452015,5.127795002777498,6.866616062255852,-0.19352832121458974,0.0,0.20677619130316266,0.013247870088572922,1.0,0.00041040690918446154,0.0,4.242640687119285,0.5822652138482879,0.1695163896288962
531,69.56182078157599,0.19634954084936207,-3.469446951953614e-18,0.20642767126083103,0.5305544162407068,-6.049848122469115e-17,0.1922698843395285,0.6321370305938762,5.551115123125783e-17,2.861328228710499,7.63984964203463,0.0,1.4213211078573913,3.7887310320298466,0.0,1.6362579164439766,5.418747676671906,0.0335465458992226,4.093599616207782,1.010076845820481,5.137223007927486,6.870181645411874,-0.19610661359922807,0.0,0.26230775286170893,0.06620113926248086,1.0,0.00041040690918446154,0.0,4.242640687119285,0.5822652138482879,0.1695163896288962
532,69.75817032242536,0.19634954084936207,-6.938893903907228e-18,0.20506512962563053,0.5389842924096815,-5.984795992119984e-17,0.1970039345105542,0.6545902245243668,6.938893903907228e-17,2.865458724442473,7.672147333208229,5.551115123125783e-17,1.4192244737160897,3.791647043292537,0.0,1.6463774019342254,5.515619319303686,0.03402679388044922,4.105426850741743,1.0070990533973558,5.146552698019549,6.8855025598088195,-0.19710641069068113,0.0,0.3220639239315355,0.12495751324085436,1.0,0.00041040690918446154,0.0,4.242640687119285,0.5822652138482879,0.1695163896288962
534,70.1508694041241,0.19634954084936207,-6.071532165918825e-18,0.20236202741134576,0.5064815010586082,-5.876375774871434e-17,0.20307145372773172,0.637326994550931,6.938893903907228e-17,2.8738386078861464,7.706777057523094,0.0,1.4154001530709355,3.8074330855218723,-5.551115123125783e-17,1.6965265311273217,5.889531372706532,0.03349845028582814,4.129474172088492,1.0016787966566139,5.164651419030934,6.943444828808651,-0.19835005607538994,0.0,0.39125488293464095,0.192904826859251,1.0,0.00041040690918446154,0.0,4.242640687119285,0.5822652138482879,0.1695163896288962
535,70.34721894497346,0.19634954084936207,-3.469446951953614e-18,0.20160080554404186,0.474107100035914,-5.789639601072594e-17,0.2048307632184821,0.6939338620016098,1.249000902703301e-16,2.8780983475215938,7.699914079779461,0.0,1.4134545218529815,3.7876154439815926,-2.7755575615628914e-17,1.7252656363276724,6.020999943092323,0.03301905130155352,4.141725049003264,0.9989268426733204,5.173670942978138,6.976263994942602,-0.1989677982127476,0.0,0.4114162141005223,0.21244841588777472,1.0,0.00041040690918446154,0.0,4.242640687119285,0.5822652138482879,0.1695163896288962
536,70.54356848582283,0.19634954084936207,-6.938893903907228e-18,0.20204517574965866,0.5090652512076392,-5.898059818321144e-17,0.2053242261757483,0.7160068652870248,6.938893903907228e-17,2.8822301592065727,7.736856487875324,5.551115123125783e-17,1.4115071367720973,3.7462106512767273,-2.7755575615628914e-17,1.74838300910001,6.092167294090912,0.03278618284075174,4.153625345319972,0.9961761985792824,5.182587726740006,7.00411157487688,-0.19882968977835846,0.0,0.3870545214030527,0.18822483162469422,1.0,0.00041040690918446154,0.0,4.242640687119285,0.5822652138482879,0.1695163896288962
538,70.93626756752157,0.19634954084936207,-9.540979117872439e-18,0.20693348707089634,0.6008257144006247,-6.028164079019405e-17,0.19812864686418388,0.6900005669481035,5.551115123125783e-17,2.8901193433799564,7.870253573065019,0.0,1.4069084126636826,3.762364509216228,-2.7755575615628914e-17,1.7675895738572425,6.022598595671293,0.03261858872470775,4.176394909489494,0.9896956408119213,5.198709139026122,7.031985463272427,-0.1980507416810547,0.0,0.3172782590325899,0.1192275173515352,1.0,0.00041040690918446154,0.0,4.242640687119285,0.5822652138482879,0.1695163896288962
539,71.13261710837094,0.19634954084936207,-2.6020852139652106e-18,0.2095154955441483,0.6489822344515626,-5.778797579347739e-17,0.19154902113942482,0.6842956725283476,8.326672684688674e-17,2.894224270417783,7.945634385316874,5.551115123125783e-17,1.403637533202025,3.810124031831424,-8.326672684688674e-17,1.7644277018176533,5.904243716949876,0.0321163427502951,4.188267063737674,0.9850991623067327,5.205482568794702,7.031147112135647,-0.19700301616289803,0.0,0.24181319287291472,0.04481017671001669,1.0,0.00041040690918446154,0.0,4.242640687119285,0.5822652138482879,0.1695163896288962
540,71.3289666492203,0.19634954084936207,-3.469446951953614e-18,0.21052575218484168,0.671736095656415,-5.811323644522304e-17,0.186231149225713,0.6324808722577882,1.249000902703301e-16,2.898654822404095,7.953788315317184,0.0,1.3995245958579385,3.8525893454125204,0.0,1.754650690226977,5.939530583124688,0.031221084063392676,4.201099889723256,0.9793345472056632,5.211655520992313,7.022265810270757,-0.19615568174099618,0.0,0.1997849078481362,0.0036292261071400322,1.0,0.000412114413190636,0.0,4.242640687119285,0.5759856017964211,0.16587970673839272
541,71.52531619006967,0.19634954084936207,-9.540979117872439e-18,0.20949518408779236,0.6686078446983172,-6.006480035569695e-17,0.18412727605834783,0.5687555384842267,8.326672684688674e-17,2.9033474826917067,7.908822019070511,-5.551115123125783e-17,1.3947896730436256,3.8874725379280353,0.0,1.7392993007183495,5.961060187633364,0.030204130050350546,4.214713302626136,0.9727191160145721,5.2176365486910585,7.007149420225051,-0.19592179634257012,0.0,0.16755061320742998,-0.028371183135140143,1.0,0.000412114413190636,0.0,4.242640687119285,0.5759856017964211,0.16587970673839272
543,71.91801527176841,0.19634954084936207,-4.336808689942018e-18,0.20373849784077433,0.6087932561891755,-6.071532165918825e-17,0.18764014660153713,0.6299884497855617,6.938893903907228e-17,2.912723110245274,7.992513997634658,0.0,1.3855823709228547,3.918172034397243,-5.551115123125783e-17,1.696511946438704,5.865158983183202,0.029311170597616,4.241977958478451,0.9599192533060998,5.2312083823821665,6.968228887478761,-0.19408789824117578,0.0,0.14297691683223884,-0.05111098140893694,1.0,0.000412114413190636,0.0,4.242640687119285,0.5759856017964211,0.16587970673839272
544,72.11436481261778,0.19634954084936207,-5.204170427930421e-18,0.200838368348604,0.5698287896972696,-5.898059818321144e-17,0.19063699097697137,0.6246435858524397,8.326672684688674e-17,2.9169787277895654,8.007257440344388,5.551115123125783e-17,1.3819765663354515,3.8986511567063764,-8.326672684688674e-17,1.6735037135616841,5.737530686023815,0.02975322122007954,4.254382449188414,0.9549296149501624,5.239065285358657,6.9501608637211,-0.19245444865834418,0.0,0.1476553093390273,-0.044799139319316894,1.0,0.000412114413190636,0.0,4.242640687119285,0.5759856017964211,0.16587970673839272
545,72.31071435346715,0.19634954084936207,-1.734723475976807e-18,0.1984298348526076,0.5527021590239865,-6.114900252818245e-17,0.19389279331102904,0.5858226134286245,5.551115123125783e-17,2.9209737787969265,8.019009418162867,-5.551115123125783e-17,1.3790725763885212,3.8434971492078187,-5.551115123125783e-17,1.653967243373355,5.5610790696507895,0.030533754103372668,4.266043908209598,0.9509205854734368,5.247498247786408,6.937032896640899,-0.1918392930677888,0.0,0.17131937132281694,-0.02051992174497186,1.0,0.000412114413190636,0.0,4.242640687119285,0.5759856017964211,0.16587970673839272
546,72.50706389431652,0.19634954084936207,-2.6020852139652106e-18,0.19644107467828167,0.5303223908157795,-5.811323644522304e-17,0.19716403823215237,0.5711222057899833,2.7755575615628914e-17,2.9249642221571364,8.035046787440626,0.0,1.376486816706042,3.74911920980731,0.0,1.6412465814275456,5.355735701426492,0.031226127301303145,4.27770785044965,0.9473579782827661,5.256291956033719,6.930946326399338,-0.19176419919533075,0.0,0.20591311905097937,0.014148919855648617,1.0,0.000412114413190636,0.0,4.242640687119285,0.5759856017964211,0.16587970673839272
548,72.89976297601525,0.19634954084936207,-4.336808689942018e-18,0.19473486154987962,0.5252705658511565,-6.071532165918825e-17,0.19909201872563906,0.5570898569060455,8.326672684688674e-17,2.9336351253812856,8.059811232209627,5.551115123125783e-17,1.3707796414102793,3.587149872816237,0.0,1.6393488965146825,5.638271399210931,0.031084107049657188,4.303107524435435,0.939518412652447,5.273710044137539,6.938843954006041,-0.19276459187488626,0.0,0.2560794468614304,0.06331485498654416,1.0,0.000412114413190636,0.0,4.242640687119285,0.5759856017964211,0.16587970673839272
549,73.09611251686462,0.19634954084936207,-9.540979117872439e-18,0.19562662955276222,0.5496840403624496,-5.854691731421724e-17,0.19650006558433908,0.5834020227874541,1.1102230246251565e-16,2.938165132818827,8.065862263389823,0.0,1.3674971331632313,3.656677912921663,-2.7755575615628914e-17,1.6440236318915082,5.670289549711043,0.030390430418238835,4.316407173856138,0.9350242046048285,5.281821808879205,6.946605713082825,-0.1946172963422602,0.0,0.27646450942823453,0.08184721308597434,1.0,0.000412114413190636,0.0,4.242640687119285,0.5759856017964211,0.16587970673839272
550,73.29246205771399,0.19634954084936207,-5.204170427930421e-18,0.1973170812029397,0.5693577968963358,-5.984795992119984e-17,0.19344248840808992,0.585676241773081,4.163336342344337e-17,2.9425552722262713,8.039501731260275,1.1102230246251565e-16,1.3641204357820673,3.7031290809037443,-2.7755575615628914e-17,1.6452011559246613,5.59762259944182,0.029849998828656014,4.329315765053312,0.9304122816591283,5.289578045541096,6.950795774933302,-0.1960987083125824,0.0,0.2606569007569708,0.0645581924443884,1.0,0.00041364647892162034,0.0,4.242640687119285,0.5771074850888382,0.1665265246727818
552,73.68516113941273,0.19634954084936207,-4.336808689942018e-18,0.20163826571262883,0.5564147526175007,-5.898059818321144e-17,0.19196769084254237,0.5535027780216348,6.938893903907228e-17,2.95053452228271,7.8652991095447895,5.551115123125783e-17,1.3574704169207867,3.66908038209725,-5.551115123125783e-17,1.626128836650709,5.228216983489127,0.030268831477037003,4.35282698359103,0.9213629664075471,5.304458781475614,6.939781396097648,-0.19870910975707778,0.0,0.21646654560247797,0.017757435845400182,1.0,0.00041364647892162034,0.0,4.242640687119285,0.5771074850888382,0.1665265246727818
553,73.8815106802621,0.19634954084936207,-3.469446951953614e-18,0.2043803874673268,0.5285073146891173,-5.724587470723463e-17,0.19102732982206846,0.618710873245059,2.7755575615628914e-17,2.954246971964507,7.849198360899878,-5.551115123125783e-17,1.3541749434019952,3.588677636635968,-2.7755575615628914e-17,1.6100573357912336,5.3169653424773875,0.0307448725780397,4.363787585680729,0.9168948886688983,5.311427346927667,6.928239084221058,-0.19985150349330008,0.0,0.1880297745930915,-0.011821728900208578,1.0,0.00041364647892162034,0.0,4.242640687119285,0.5771074850888382,0.1665265246727818
554,74.07786022111146,0.19634954084936207,-5.204170427930421e-18,0.20717219456496888,0.5172614598694214,-5.594483210025203e-17,0.18697216926003052,0.6597582130551833,1.3877787807814457e-17,2.957917026849772,7.800694287152516,-5.551115123125783e-17,1.3507730227517463,3.5039184495079443,0.0,1.5954508179848086,5.358656239115457,0.030778297263431703,4.374636568863897,0.9122938794969447,5.317708745624273,6.917277719525485,-0.19994515143506203,0.0,0.1905887256550038,-0.009356425780058242,1.0,0.00041364647892162034,0.0,4.242640687119285,0.5771074850888382,0.1665265246727818
555,74.27420976196083,0.19634954084936207,-5.204170427930421e-18,0.20901903036038003,0.5267687060324575,-5.767955557622884e-17,0.18040380175092652,0.6664556811163118,4.163336342344337e-17,2.961671712577442,7.790808143808795,5.551115123125783e-17,1.347195291643346,3.510104075809381,-5.551115123125783e-17,1.5848618689955298,5.3346968718258445,0.030228563258315844,4.385749666540699,0.9074675769130001,5.323445806712014,6.909095912449936,-0.1994380896174559,0.0,0.2035838903279271,0.004145800710471187,1.0,0.00041364647892162034,0.0,4.242640687119285,0.5771074850888382,0.1665265246727818
557,74.66690884365957,0.19634954084936207,-5.204170427930421e-18,0.20703442510774286,0.5612432961897746,-5.898059818321144e-17,0.17464350530951014,0.5866114709327147,8.326672684688674e-17,2.9697296920184244,7.787472611285143,-5.551115123125783e-17,1.3398929876057426,3.5325303118076463,-5.551115123125783e-17,1.5753442547740701,5.117505669652387,0.028730870653164833,4.409647221827922,0.8976566091175211,5.336034701598608,6.903752881399539,-0.19753733697526363,0.0,0.2296456992503338,0.03210836227507016,1.0,0.00041364647892162034,0.0,4.242640687119285,0.5771074850888382,0.1665265246727818
558,74.86325838450894,0.19634954084936207,-8.673617379884035e-18,0.20384180401000063,0.5707955466774681,-5.637851296924623e-17,0.1800934374827748,0.5265342669065971,8.326672684688674e-17,2.973964666141625,7.839538563846654,5.551115123125783e-17,1.3366956086995232,3.520637196691309,-5.551115123125783e-17,1.5766288853142008,4.979775890567299,0.02856897405542687,4.422232917729433,0.8933775751582942,5.344179466943154,6.908711875443364,-0.19494328088925672,0.0,0.2660713721337149,0.07112809124445818,1.0,0.00041364647892162034,0.0,4.242640687119285,0.5771074850888382,0.1665265246727818
559,75.0596079253583,0.19634954084936207,-6.071532165918825e-18,0.20051193353920485,0.5702475185830518,-5.724587470723463e-17,0.18771447516002418,0.5278315154607576,5.551115123125783e-17,2.9782118049303214,7.898567737407728,5.551115123125783e-17,1.3341347726961799,3.49240767893454,-5.551115123125783e-17,1.584839763921167,5.015354650240379,0.02882985340712541,4.43487277751316,0.8899577958585434,5.353660426778829,6.921781833509911,-0.19322942075377117,0.0,0.3050534855466126,0.11182406479284143,1.0,0.00041364647892162034,0.0,4.242640687119285,0.5771074850888382,0.1665265246727818
560,75.25595746620768,0.19634954084936207,-6.938893903907228e-18,0.19781776312503696,0.5640667004803785,-5.898059818321144e-17,0.19276698469105288,0.5977204261353073,8.326672684688674e-17,2.982427919690673,7.919533886446934,0.0,1.332224321627161,3.454682546738646,-2.7755575615628914e-17,1.602661715715758,5.096129117023134,0.02915071014723114,4.447438148075217,0.8874108215674745,5.363999679789923,6.94491213661306,-0.19185183434911035,0.0,0.35350941902525607,0.16165758467614572,1.0,0.00041206094464887096,0.0,4.242640687119285,0.5577906171051913,0.15556518626529509
562,75.64865654790641,0.19634954084936207,-8.673617379884035e-18,0.19484271157807417,0.5327142256759421,-5.898059818321144e-17,0.18787302313369347,0.5099259379193202,5.551115123125783e-17,2.9910059690996498,7.960615064959906,0.0,1.3293704582209915,3.434312776101223,-2.7755575615628914e-17,1.663668183816479,5.304309241304505,0.028734306595849538,4.473058353594868,0.8836129075953447,5.385405567786062,7.016322268359076,-0.18996084356485257,0.0,0.4128789059636098,0.22291806239875725,1.0,0.00041206094464887096,0.0,4.242640687119285,0.5577906171051913,0.15556518626529509
563,75.84500608875578,0.19634954084936207,-4.336808689942018e-18,0.19428110444160457,0.5183248695556049,-5.681219383824043e-17,0.18205680523786147,0.5523932470570243,8.326672684688674e-17,2.9954459886460723,7.910209991866029,0.0,1.3277186558510001,3.4373722989638322,0.0,1.695466376625105,5.335792907391697,0.02810561540060833,4.486348335447923,0.8814184145473932,5.395872365395925,7.053434463195208,-0.18941234058770579,0.0,0.41800274163389906,0.22859040104619327,1.0,0.00041206094464887096,0.0,4.242640687119285,0.5577906171051913,0.15556518626529509
564,76.04135562960515,0.19634954084936207,-2.6020852139652106e-18,0.19424356294999962,0.494505409967028,-5.681219383824043e-17,0.17933741638696943,0.5774096450136407,4.163336342344337e-17,2.9999350074908016,7.892578444280047,5.551115123125783e-17,1.325626086780504,3.448657673308705,-2.7755575615628914e-17,1.717274796955812,5.289709308509242,0.027705329256720125,4.4998050245844174,0.878642260976496,5.406152614817633,7.081033712424228,-0.1891534697366128,0.0,0.36980217265969734,0.18064870292308455,1.0,0.00041206094464887096,0.0,4.242640687119285,0.5577906171051913,0.15556518626529509
566,76.43405471130389,0.19634954084936207,-1.0408340855860843e-17,0.19535399974944656,0.4780521644079897,-5.551115123125783e-17,0.18801537404388832,0.5511064701868347,8.326672684688674e-17,3.0084195224932437,8.020560158295213,0.0,1.320242563746314,3.514469980470445,-5.551115123125783e-17,1.7090871164122652,5.484351464448641,0.028795798493754347,4.525294011659236,0.8715202135637199,5.42561002371671,7.085794505581754,-0.18881062238972315,0.0,0.2435670615060261,0.05475643911630296,1.0,0.00041206094464887096,0.0,4.242640687119285,0.5577906171051913,0.15556518626529509
567,76.63040425215326,0.19634954084936207,-5.204170427930421e-18,0.19639111713094076,0.4824982880247559,-5.594483210025203e-17,0.1940931015889214,0.6005824821764268,9.71445146547012e-17,3.0122345346845525,8.05361833288305,5.551115123125783e-17,1.3170780552683943,3.5388113613531424,-5.551115123125783e-17,1.6792081202472302,5.467092580055137,0.030054221706235364,4.536778445973131,0.8673473018347877,5.434179969514155,7.0628570473470855,-0.18886387342086197,0.0,0.11715596755782365,-0.07170790586303832,1.0,0.00041206094464887096,0.0,4.242640687119285,0.5577906171051913,0.15556518626529509
568,76.82675379300262,0.19634954084936207,-6.938893903907228e-18,0.19817729591108452,0.49391628336656035,-5.637851296924623e-17,0.19623800324711368,0.5691117927740705,2.7755575615628914e-17,3.015938594894047,8.044089325415827,5.551115123125783e-17,1.3134720632431582,3.52459233053696,-8.326672684688674e-17,1.6393628070009387,5.35370387496164,0.03113392967724273,4.547942804085738,0.8626044304601195,5.4416811642231,7.029913406187281,-0.18941513411248842,0.0,0.06702609781409757,-0.12238903629839085,1.0,0.00041206094464887096,0.0,4.242640687119285,0.5577906171051913,0.15556518626529509
569,77.02310333385199,0.19634954084936207,-1.1275702593849246e-17,0.2011169144507425,0.5170684904151576,-5.767955557622884e-17,0.1925875586800028,0.5794494993494114,8.326672684688674e-17,3.0198052668650273,8.011702555686465,0.0,1.3092336393107609,3.4764728208375906,0.0,1.5971502019366413,5.157290103763697,0.031555366140830265,4.559611924892879,0.8570463611514496,5.448213652185159,6.993999980574097,-0.1903580016918382,0.0,0.05189175835494319,-0.138466243336895,1.0,0.00041206094464887096,0.0,4.242640687119285,0.5577906171051913,0.15556518626529509
571,77.41580241555073,0.19634954084936207,-4.336808689942018e-18,0.20804719608798533,0.6167320773641342,-5.724587470723463e-17,0.17503300145753267,0.5576973460085244,6.938893903907228e-17,3.0284368171223663,8.117323391639417,1.1102230246251565e-16,1.2991116815355448,3.4237989451017086,-8.326672684688674e-17,1.5250882897499691,5.010878804793162,0.030392622549317835,4.585714777651125,0.8438455805510554,5.459952980751498,6.931790020016324,-0.19194831618571498,0.0,0.0761636465003403,-0.11578466968537468,1.0,0.0004117684610466001,0.0,4.242640687119285,0.5644179846900904,0.1592838307208116
572,77.6121519564001,0.19634954084936207,-4.336808689942018e-18,0.2092415862286678,0.6442484480576092,-5.724587470723463e-17,0.1697389853812444,0.582620350927421,4.163336342344337e-17,3.0328796028889546,8.168399397076914,1.1102230246251565e-16,1.2940640254992746,3.402710501376256,-5.551115123125783e-17,1.498132909557366,5.0714732688116015,0.029595831156371762,4.599179342809932,0.8373008510456936,5.466076025011997,6.90936547402637,-0.19306278298775847,0.0,0.12114527849718537,-0.0719175044905731,1.0,0.0004117684610466001,0.0,4.242640687119285,0.5644179846900904,0.1592838307208116
573,77.80850149724947,0.19634954084936207,-1.734723475976807e-18,0.20785877968036273,0.6491535960453725,-5.681219383824043e-17,0.17050405798373935,0.5501756149842845,6.938893903907228e-17,3.0370927656177304,8.214385629614341,5.551115123125783e-17,1.2897200137334455,3.378737100575166,-2.7755575615628914e-17,1.478820236362061,5.109583442141794,0.029107987964179828,4.611966233483778,0.8316888569122993,5.4727630783602566,6.89491744397052,-0.1931887046161546,0.0,0.1622137684129697,-0.030974936203184894,1.0,0.0004117684610466001,0.0,4.242640687119285,0.5644179846900904,0.1592838307208116
574,78.00485103809883,0.19634954084936207,-4.336808689942018e-18,0.20457343334635728,0.6344629172976766,-5.811323644522304e-17,0.1753499196290609,0.6138806000491616,6.938893903907228e-17,3.0409968910264165,8.25335763809193,0.0,1.2863554393827568,3.375017274681361,-5.551115123125783e-17,1.470487412284773,5.118166774545367,0.028864342695400377,4.623831045616166,0.8273551582148027,5.480050546526369,6.8912356767569225,-0.19281307933277333,0.0,0.21629020848953373,0.023477129156760396,1.0,0.0004117684610466001,0.0,4.242640687119285,0.5644179846900904,0.1592838307208116
576,78.39755011979757,0.19634954084936207,-5.204170427930421e-18,0.1973395801149225,0.5864294401632817,-5.637851296924623e-17,0.18411977167980756,0.6270548331256985,8.326672684688674e-17,3.0482549050203587,8.30762135522552,-5.551115123125783e-17,1.2822267182040261,3.3858977602824423,0.0,1.4954220139194994,5.0548133565444715,0.02813513368669264,4.6459289829903385,0.8220526784381335,5.496116795115165,6.921966963476362,-0.1917741393827796,0.0,0.31011326293135283,0.11833912354857323,1.0,0.0004117684610466001,0.0,4.242640687119285,0.5644179846900904,0.1592838307208116
577,78.59389966064694,0.19634954084936207,-7.806255641895632e-18,0.19490815427663696,0.6191287171603999,-5.854691731421724e-17,0.18611612168142824,0.5879294180984362,8.326672684688674e-17,3.051895333319533,8.327005021692939,5.551115123125783e-17,1.2808637466159862,3.400441413268482,-5.551115123125783e-17,1.522811139563486,4.996855735474204,0.02761490132533491,4.65703256276877,0.8203059686975708,5.504953432791676,6.951376918519481,-0.19088541399663245,0.0,0.3790855502552052,0.18820013625857274,1.0,0.0004117684610466001,0.0,4.242640687119285,0.5644179846900904,0.1592838307208116
578,78.79024920149631,0.19634954084936207,-4.336808689942018e-18,0.19357351900398076,0.6238923770034053,-5.724587470723463e-17,0.18780713700358648,0.5528603619173522,2.7755575615628914e-17,3.0556666791337,8.31791211373343,-5.551115123125783e-17,1.2795194641799863,3.395471621441997,-5.551115123125783e-17,1.5507228030370666,4.942802438815032,0.027349175094803183,4.668549426983986,0.8185850296077195,5.514483631686509,6.9823487884961954,-0.1906549527909098,0.0,0.3871872278608796,0.19653227506996981,1.0,0.0004117684610466001,0.0,4.242640687119285,0.5644179846900904,0.1592838307208116
580,79.18294828319505,0.19634954084936207,-4.336808689942018e-18,0.19495690657453532,0.5561206248233015,-5.637851296924623e-17,0.1908896921448606,0.6408111375343019,4.163336342344337e-17,3.0635468038907994,8.258546528137533,-5.551115123125783e-17,1.2759968224372975,3.388393913676827,-2.7755575615628914e-17,1.5865531315158226,4.977236165289154,0.028188308569900893,4.692659509814765,0.8140839454350401,5.534931763819706,7.028646435817865,-0.19082463233460337,0.0,0.34945443655284253,0.15862980421823916,1.0,0.0004096284510466316,0.0,4.242640687119285,0.5514669782430642,0.15205791404626812
581,79.37929782404441,0.19634954084936207,-2.6020852139652106e-18,0.1972933722159016,0.5086489736246363,-5.637851296924623e-17,0.19016430893746916,0.6168168515158525,5.551115123125783e-17,3.067553795996365,8.215490370396948,1.1102230246251565e-16,1.273660193167449,3.357259255314683,0.0,1.5925518546210236,5.050927291260319,0.028881910936820937,4.704943145665854,0.8111051438296717,5.544930200432347,7.040815124869371,-0.19025708499840893,0.0,0.2942222727553392,0.10396518775693026,1.0,0.0004096284510466316,0.0,4.242640687119285,0.5514669782430642,0.15205791404626812
582,79.57564736489378,0.19634954084936207,-7.806255641895632e-18,0.19952218460971569,0.5558741788311553,-5.681219383824043e-17,0.18688318537907625,0.5986216624391894,8.326672684688674e-17,3.0714968230827537,8.221288526049277,0.0,1.2709197012091746,3.3022406586388184,0.0,1.5931002961218619,5.072609984233953,0.02925396073497376,4.717046367103724,0.8076184434608089,5.553918771299507,7.0467887242062766,-0.19051337347578717,0.0,0.26305636151008926,0.07254298803430209,1.0,0.0004096284510466316,0.0,4.242640687119285,0.5514669782430642,0.15205791404626812
583,79.77199690574315,0.19634954084936207,-5.204170427930421e-18,0.20065378000745193,0.5895403810523951,-5.724587470723463e-17,0.1817325111102854,0.5969556070755002,9.71445146547012e-17,3.0753848635188725,8.209686147697386,0.0,1.2678082459678002,3.314759115024775,0.0,1.5901164399654273,5.055079673952932,0.02910881970133976,4.7289960293804985,0.8036688742719749,5.561773723353813,7.048129576640834,-0.19057797012665806,0.0,0.23933744979717328,0.04875947967051522,1.0,0.0004096284510466316,0.0,4.242640687119285,0.5514669782430642,0.15205791404626812
585,80.16469598744189,0.19634954084936207,-4.336808689942018e-18,0.1995764594407884,0.5933811363502044,-5.724587470723463e-17,0.17255398335054112,0.5727553932664438,2.7755575615628914e-17,3.083298235403818,8.237482833482144,0.0,1.2606225867938974,3.361190753956732,-5.551115123125783e-17,1.5757857534779338,4.9906565455850895,0.027834818755104795,4.753364004222148,0.7945846531674687,5.575783476144722,7.040805329345477,-0.19009186654402271,0.0,0.21339313658807668,0.023301270044053968,1.0,0.0004096284510466316,0.0,4.242640687119285,0.5514669782430642,0.15205791404626812
586,80.36104552829126,0.19634954084936207,-6.938893903907228e-18,0.19900497859324714,0.5719113028947322,-5.811323644522304e-17,0.1712057147661188,0.5688969322668476,8.326672684688674e-17,3.087470434294153,8.243948315663243,5.551115123125783e-17,1.25670123719126,3.3592663029532934,-2.7755575615628914e-17,1.5648792912866327,4.999658453001347,0.027283827957681958,4.766236841320262,0.7896489997790219,5.583169669056965,7.034007411836381,-0.18888249707846647,0.0,0.19656299565679902,0.007680498578332556,1.0,0.0004096284510466316,0.0,4.242640687119285,0.5514669782430642,0.15205791404626812
587,80.55739506914063,0.19634954084936207,-6.938893903907228e-18,0.19919099220960526,0.5534865698981917,-5.594483210025203e-17,0.17224326772744117,0.5602321499902305,9.71445146547012e-17,3.09175656479002,8.275529522329647,1.1102230246251565e-16,1.2527989902993688,3.361479887835948,-2.7755575615628914e-17,1.5529808667989677,5.0256305073703915,0.02702676121791167,4.779479327961091,0.784752655047559,5.591258744226563,7.027183783887912,-0.18762632039589694,0.0,0.19522500320731534,0.0075986828114184,1.0,0.0004096284510466316,0.0,4.242640687119285,0.5514669782430642,0.15205791404626812
588,80.75374460999,0.19634954084936207,-2.6020852139652106e-18,0.1997624321382078,0.5469757399036117,-5.724587470723463e-17,0.17478429751333538,0.5292464366427642,1.1102230246251565e-16,3.0960135932239727,8.28998789891736,0.0,1.2491867988232361,3.3751626456901915,-2.7755575615628914e-17,1.5422748745526864,5.06099306686355,0.02701092161829237,4.792650084713808,0.780233829177122,5.599894835509222,7.022353847629001,-0.18620496084417348,0.0,0.20364973300222944,0.017444772158055954,1.0,0.0004096284510466316,0.0,4.242640687119285,0.5514669782430642,0.15205791404626812
590,81.14644369168873,0.19634954084936207,-5.204170427930421e-18,0.19954450167793744,0.5479760347598736,-5.854691731421724e-17,0.17887329234100216,0.5513707562555081,5.551115123125783e-17,3.104028131967413,8.254508600289249,0.0,1.2433964719663515,3.346938931281088,-2.7755575615628914e-17,1.5323181895417235,5.10029315738584,0.02697586578405062,4.8174953220225545,0.7730173932491851,5.61748858105579,7.02446571348509,-0.18430830540758789,0.0,0.23055650460914454,0.04624819920155665,1.0,0.00040688060636394363,0.0,4.242640687119285,0.5444471891266778,0.14821137087397024
591,81.3427932325381,0.19634954084936207,-3.469446951953614e-18,0.198456001669643,0.5506693882751226,-5.637851296924623e-17,0.17831087190681874,0.5621905409736851,1.3877787807814457e-16,3.108011171566007,8.22038260489802,5.551115123125783e-17,1.2408994048514768,3.298045159387981,-5.551115123125783e-17,1.5335246291136915,5.0863638992396325,0.02671432015969894,4.829866721289552,0.7699156664803747,5.6264967079296255,7.031370777196537,-0.1819375688857518,0.0,0.2562340362108083,0.07429646732505651,1.0,0.00040688060636394363,0.0,4.242640687119285,0.5444471891266778,0.14821137087397024
592,81.53914277338747,0.19634954084936207,-3.469446951953614e-18,0.19699334586440304,0.5372273396090577,-5.681219383824043e-17,0.17629892801672178,0.6028197740699264,8.326672684688674e-17,3.1122364276244663,8.225768463094093,0.0,1.2381172885161276,3.237401217235694,0.0,1.535581671883223,5.026141092269913,0.02638395871567454,4.843007790716349,0.766467210061264,5.635858959493288,7.038989158730945,-0.18182326514605682,0.0,0.25918457428772257,0.07736130914166575,1.0,0.00040688060636394363,0.0,4.242640687119285,0.5444471891266778,0.14821137087397024
594,81.9318418550862,0.19634954084936207,-4.336808689942018e-18,0.1934952914873744,0.4816312229066206,-5.637851296924623e-17,0.17433307499780604,0.4826280279847621,6.938893903907228e-17,3.121585062840128,8.364830968233191,0.0,1.2309983948070315,3.1349332998901223,-2.7755575615628914e-17,1.5269741113505702,4.7830690701633,0.026306679188353596,4.872146652273301,0.757678524008744,5.656131855470399,7.043355862397556,-0.18234087138986066,0.0,0.23249036806301399,0.050149496673153326,1.0,0.00040688060636394363,0.0,4.242640687119285,0.5444471891266778,0.14821137087397024
595,82.12819139593557,0.19634954084936207,-8.673617379884035e-18,0.1917211002589526,0.4783201406260901,-5.5077470362263625e-17,0.1766565911682299,0.5248957499740705,1.249000902703301e-16,3.126297772308977,8.425678826992668,0.0,1.2270268816190653,3.1755880519362147,2.7755575615628914e-17,1.5123527492057043,4.688574641812993,0.026676129006808602,4.886868880572036,0.7527974841079039,5.6663424936867495,7.036686904062765,-0.18333237701105565,0.0,0.1894789377766565,0.006146560765600856,1.0,0.00040688060636394363,0.0,4.242640687119285,0.5444471891266778,0.14821137087397024
596,82.32454093678494,0.19634954084936207,-9.540979117872439e-18,0.19013450594579653,0.48074465509464187,-5.811323644522304e-17,0.180917072084246,0.62492453398815,1.1102230246251565e-16,3.1306885051961975,8.461312334602843,-1.1102230246251565e-16,1.2232024034423674,3.1979539666572236,-2.7755575615628914e-17,1.492486878062677,4.609029547640256,0.027100283909068018,4.900605258283801,0.7481120598935918,5.675817602086461,7.025359273901158,-0.18421890548783465,0.0,0.16696171648341385,-0.017257189004420803,1.0,0.00040688060636394363,0.0,4.242640687119285,0.5444471891266778,0.14821137087397024
597,82.52089047763431,0.19634954084936207,-4.336808689942018e-18,0.1887741579005806,0.4723038568577983,-5.724587470723463e-17,0.18592161753204522,0.6631023425434689,8.326672684688674e-17,3.134664795509781,8.46168575347049,5.551115123125783e-17,1.2196991598930726,3.1940648558058324,0.0,1.470904696345247,4.509981452942131,0.027344744608186373,4.913061690104189,0.7438330203219335,5.684239455034309,7.012233844303478,-0.18521969864853643,0.0,0.1586114881264949,-0.026608210522041542,1.0,0.00040688060636394363,0.0,4.242640687119285,0.5444471891266778,0.14821137087397024
599,82.91358955933305,0.19634954084936207,-6.938893903907228e-18,0.18751656058837346,0.43368994622360174,-5.551115123125783e-17,0.19151715451299078,0.6017683783311454,5.551115123125783e-17,3.141781700703358,8.351816001804602,0.0,1.2136811043743099,3.11061616231265,-5.551115123125783e-17,1.4364655221996967,4.287074171592045,0.027047984584015892,4.935396127437242,0.7365109115576219,5.69895502357888,6.9925928981829815,-0.18678611992923394,0.0,0.17622308566938594,-0.010563034259848003,1.0,0.00040688060636394363,0.0,4.242640687119285,0.5444471891266778,0.14821137087397024
600,83.10993910018242,0.19634954084936207,-6.071532165918825e-18,0.18891518996380077,0.45925397401474366,-5.681219383824043e-17,0.18878772571097407,0.5685356956816806,1.3877787807814457e-16,3.145252246212473,8.332129323749019,5.551115123125783e-17,1.211123109169416,3.0687209060607716,-5.551115123125783e-17,1.4280814469420733,4.203522491387464,0.02676853383472401,4.946305846152301,0.7334095927820964,5.706483972769121,6.990536052708263,-0.18820836843200955,0.0,0.21629851784318943,0.028090149411179877,1.0,0.0004049679200486202,0.0,4.242640687119285,0.5462813953171602,0.14921168143483177
601,83.30628864103178,0.19634954084936207,-6.071532165918825e-18,0.19243040095939218,0.5032195491032684,-5.681219383824043e-17,0.18173553458657987,0.5926767460807358,6.938893903907228e-17,3.1488530059213224,8.299718227901929,1.1102230246251565e-16,1.2089080071754001,3.0430585144426083,-2.7755575615628914e-17,1.4267711864612596,4.199276033666496,0.026641246237485365,4.957637626449875,0.7307292849063984,5.715008157593759,6.995369967499496,-0.18801851656758145,0.0,0.25039003539441085,0.0623715188268294,1.0,0.0004049679200486202,0.0,4.242640687119285,0.5462813953171602,0.14921168143483177
602,83.50263818188115,0.19634954084936207,-8.673617379884035e-18,0.19751148998847742,0.5355810987124339,-5.5077470362263625e-17,0.17231271177661736,0.5767797770739063,6.938893903907228e-17,3.1525766211652586,8.233061160564414,0.0,1.2070158450622086,3.0381148637958857,0.0,1.4321495698494893,4.277862782225191,0.026739521038625407,4.969369676158879,0.7284436251156187,5.724552822313123,7.006780592842161,-0.1883419713117448,0.0,0.28358792269671407,0.09524595138496927,1.0,0.0004049679200486202,0.0,4.242640687119285,0.5462813953171602,0.14921168143483177
604,83.89533726357989,0.19634954084936207,-9.540979117872439e-18,0.20574358993941852,0.5954632754878145,-5.767955557622884e-17,0.16136136393248246,0.505684655665824,9.71445146547012e-17,3.1603068193988415,8.367555476888434,5.551115123125783e-17,1.203956631911925,3.066496222637708,0.0,1.4583986404632705,4.48552249585769,0.027282239538866382,4.993769596369411,0.7247557857623534,5.745807621670631,7.044833587949365,-0.18767439822296655,0.0,0.3211133837564567,0.13343898553349015,1.0,0.0004049679200486202,0.0,4.242640687119285,0.5462813953171602,0.14921168143483177
605,84.09168680442926,0.19634954084936207,-6.938893903907228e-18,0.2059312900456143,0.5872294401442026,-5.594483210025203e-17,0.16389911414323083,0.5559963390831756,9.71445146547012e-17,3.1642393857297204,8.465288734621522,5.551115123125783e-17,1.2025837291386543,3.058240436312592,-2.7755575615628914e-17,1.4764822078584425,4.576467790338995,0.027351872729324544,5.006205445101597,0.7231038127945162,5.756661130625438,7.06836486515304,-0.1858369823263126,0.0,0.34193837085422113,0.15610138852790853,1.0,0.0004049679200486202,0.0,4.242640687119285,0.5462813953171602,0.14921168143483177
606,84.28803634527863,0.19634954084936207,-3.469446951953614e-18,0.203188810915896,0.5859542052817208,-5.637851296924623e-17,0.1689128693672071,0.596468985561655,1.1102230246251565e-16,3.1681894400209827,8.498511407464456,5.551115123125783e-17,1.2011680960037348,3.0546630043805005,0.0,1.4958667385325881,4.635586441431219,0.027051224255310126,5.018712163930233,0.721402397428619,5.7671657856141625,7.092724853893774,-0.18411815017324587,0.0,0.3441777873697486,0.1600596371965027,1.0,0.0004049679200486202,0.0,4.242640687119285,0.5462813953171602,0.14921168143483177
608,84.68073542697736,0.19634954084936207,-5.204170427930421e-18,0.1934821283019565,0.5431832411973584,-5.767955557622884e-17,0.174124737775612,0.6293241899174256,9.71445146547012e-17,3.1762681686321517,8.388073106742851,5.551115123125783e-17,1.1977188471662124,3.0613988440507645,-5.551115123125783e-17,1.5281357729827052,4.705051957553529,0.025536216130660094,5.044339739532921,0.7172652184285803,5.787141174092161,7.134910106501493,-0.18160024608654732,0.0,0.32463529569496197,0.14303504960841465,1.0,0.0004049679200486202,0.0,4.242640687119285,0.5462813953171602,0.14921168143483177
609,84.87708496782673,0.19634954084936207,-4.336808689942018e-18,0.18904033602057077,0.5183040056937253,-5.594483210025203e-17,0.17413275959068883,0.6186754610786483,6.938893903907228e-17,3.180483541192834,8.37293641269446,5.551115123125783e-17,1.1954834244000032,3.096114047948513,-2.7755575615628914e-17,1.5337868545879954,4.622913389551729,0.02486990669443171,5.057737777899253,0.7145903090075794,5.797197993601264,7.146963873741717,-0.17957060186213342,0.0,0.2770984007099123,0.0975277988477789,1.0,0.0004049679200486202,0.0,4.242640687119285,0.5462813953171602,0.14921168143483177
610,85.0734345086761,0.19634954084936207,-4.336808689942018e-18,0.18591778644169898,0.5001468577069915,-5.854691731421724e-17,0.174690068007272,0.5574788932454174,1.1102230246251565e-16,3.1847794466702988,8.366142084548667,-5.551115123125783e-17,1.1929323546249366,3.114242728640547,-5.551115123125783e-17,1.5288310713569992,4.508044783789322,0.024631208070232856,5.071410061966786,0.7115438013554978,5.807585071392516,7.150206472829593,-0.1786032384876376,0.0,0.23237076019777542,0.05376752171013782,1.0,0.0003992207184909741,0.0,4.242640687119285,0.5182796256655198,0.13430688518999567
611,85.26978404952547,0.19634954084936207,-5.204170427930421e-18,0.184484169116141,0.4943603158664178,-5.767955557622884e-17,0.17614486481309702,0.4927600280228539,9.71445146547012e-17,3.1891282034866895,8.416394569795884,5.551115123125783e-17,1.1903070949510002,3.1137267853496464,-2.7755575615628914e-17,1.513978672408771,4.508348477672463,0.024815366783235676,5.08526934913712,0.7084154901453443,5.818500206065701,7.145791179748375,-0.1754705050481168,0.0,0.19081128463729174,0.015340779589174958,1.0,0.0003992207184909741,0.0,4.242640687119285,0.5182796256655198,0.13430688518999567
613,85.6624831312242,0.19634954084936207,-9.540979117872439e-18,0.18669068237464867,0.5198674959765359,-5.637851296924623e-17,0.17561117597578377,0.5434994620738824,9.71445146547012e-17,3.1973099513453924,8.446936477067249,0.0,1.1851892433037998,3.079844511247161,0.0,1.469249751965548,4.354713867145926,0.025385825801383384,5.111395462486138,0.7023367712215168,5.839118059509039,7.124302435816277,-0.17530894171588068,0.0,0.15870204051779482,-0.01660690119808586,1.0,0.0003992207184909741,0.0,4.242640687119285,0.5182796256655198,0.13430688518999567
614,85.85883267207358,0.19634954084936207,-4.336808689942018e-18,0.18931723791307312,0.5480543114295747,-5.551115123125783e-17,0.17254601347645462,0.5596374180771526,8.326672684688674e-17,3.2012914848945435,8.42012162328839,0.0,1.1825873886920972,3.0341107265330822,-5.551115123125783e-17,1.447443354209536,4.217135350090825,0.025371127654642577,5.124133585629156,0.6992564659467966,5.848761179230595,7.113692556361637,-0.17588010586589847,0.0,0.15924778856336663,-0.01663231730253184,1.0,0.0003992207184909741,0.0,4.242640687119285,0.5182796256655198,0.13430688518999567
615,86.05518221292294,0.19634954084936207,-3.469446951953614e-18,0.19204977841957202,0.5680484513400729,-5.724587470723463e-17,0.16981137128471605,0.5716950755704668,8.326672684688674e-17,3.205440338998132,8.429479169654076,-5.551115123125783e-17,1.1797396968136276,2.976822549454002,0.0,1.4284676030591419,4.062706465237793,0.025282108407852333,5.137423883438229,0.6958928761189548,5.8585988679650365,7.105432061191164,-0.17675426455551427,0.0,0.1718769986600104,-0.004877265895503857,1.0,0.0003992207184909741,0.0,4.242640687119285,0.5182796256655198,0.13430688518999567
616,86.25153175377231,0.19634954084936207,-9.540979117872439e-18,0.19465086204217086,0.5798481064663216,-5.421010862427522e-17,0.1692535159747898,0.5527949944679529,4.163336342344337e-17,3.209837257159766,8.42370438415671,0.0,1.1766535306997414,2.923496179908212,0.0,1.4122629241206686,3.9154635373813864,0.02540143442728096,5.1515276087254644,0.6922567656540837,5.869185808806829,7.099953947509296,-0.17790231808932816,0.0,0.18752503543278443,0.009622717343456266,1.0,0.0003992207184909741,0.0,4.242640687119285,0.5182796256655198,0.13430688518999567
618,86.64423083547105,0.19634954084936207,-4.336808689942018e-18,0.1998491670149387,0.584930936008075,-5.551115123125783e-17,0.1719282957239928,0.6160223130489377,9.71445146547012e-17,3.2188463463338617,8.487602864045828,5.551115123125783e-17,1.1708643343908738,2.9495373703421315,0.0,1.3908625580859646,4.112963760727632,0.026638963440428157,5.180485900653425,0.6854616447742918,5.892586508868145,7.100362790623503,-0.17987974807466633,0.0,0.21921950285651642,0.03933975478185009,1.0,0.0003992207184909741,0.0,4.242640687119285,0.5182796256655198,0.13430688518999567
619,86.84058037632042,0.19634954084936207,-6.938893903907228e-18,0.20192831608404901,0.5813606383250467,-5.724587470723463e-17,0.17122181701323022,0.6750300139775369,5.551115123125783e-17,3.2230440067281485,8.48951594653797,0.0,1.1687440115162815,2.9536313647593926,0.0,1.3900518515393911,4.22623859124473,0.027297096604635404,5.19400633465312,0.6829812822275847,5.904284713485341,7.108971916204308,-0.18185796942882151,0.0,0.26407527479999854,0.08221730537117702,1.0,0.0003992207184909741,0.0,4.242640687119285,0.5182796256655198,0.13430688518999567
620,87.03692991716979,0.19634954084936207,-6.071532165918825e-18,0.2026654337199104,0.5762573658608441,-5.594483210025203e-17,0.16840050754395572,0.7332571517961508,8.326672684688674e-17,3.22691302354573,8.460238052892834,5.551115123125783e-17,1.167208518577063,2.9487487812439466,-2.7755575615628914e-17,1.398428082009098,4.313525024517792,0.027504221060167332,5.206483830764522,0.681187862919431,5.91517591474412,7.124376074812494,-0.1830119846619718,0.0,0.2992534544196457,0.11624146975767388,1.0,0.000398108123719102,0.0,4.242640687119285,0.541170574195438,0.14643279518751004
622,87.42962899886852,0.19634954084936207,-6.938893903907228e-18,0.1986826184725206,0.5597266077710443,-5.637851296924623e-17,0.163671472745208,0.7042109448976414,4.163336342344337e-17,3.2341108511647816,8.466872955078227,5.551115123125783e-17,1.1650596638560742,2.9394149140008823,-2.7755575615628914e-17,1.4360306281561452,4.375322108381203,0.02630175920008325,5.229736498810894,0.6786820101722142,5.934720268183192,7.17019194890609,-0.18359091485896178,0.0,0.33697640760827985,0.15338549274931806,1.0,0.000398108123719102,0.0,4.242640687119285,0.541170574195438,0.14643279518751004
623,87.62597853971789,0.19634954084936207,-6.938893903907228e-18,0.19499139673979632,0.5445090343616285,-5.681219383824043e-17,0.1648554235421496,0.6287145692997425,1.249000902703301e-16,3.2377244715988884,8.511198028883719,5.551115123125783e-17,1.163962108324901,2.9099500774759712,0.0,1.45577923260294,4.359082705592469,0.025428334751082537,5.241429876995149,0.6774038948080742,5.944262106554305,7.193875158363439,-0.18363066866251782,0.0,0.3408239007639957,0.1571932321014779,1.0,0.000398108123719102,0.0,4.242640687119285,0.541170574195438,0.14643279518751004
624,87.82232808056726,0.19634954084936207,-6.938893903907228e-18,0.19148257512762853,0.5242786799239163,-5.724587470723463e-17,0.16787661963515418,0.5315824038920973,5.551115123125783e-17,3.241500947232398,8.545638939645372,5.551115123125783e-17,1.1626291800085586,2.900628520949824,-2.7755575615628914e-17,1.4694901278452017,4.427143341109093,0.024840348906585652,5.253664195454266,0.6758533051036868,5.954357849464538,7.213249488243543,-0.1828177262905946,0.0,0.3187160308935947,0.1358983046030001,1.0,0.000398108123719102,0.0,4.242640687119285,0.541170574195438,0.14643279518751004
625,88.01867762141663,0.19634954084936207,-4.336808689942018e-18,0.1888890105767596,0.4948781609235205,-5.551115123125783e-17,0.1710304656416782,0.564930723372174,6.938893903907228e-17,3.2454927590818454,8.570329761045333,5.551115123125783e-17,1.1609577511871028,2.909277732687382,0.0,1.4748841173212568,4.520711089660771,0.024655143319893123,5.2666116246263455,0.6739114500207073,5.965178217966946,7.226416121059808,-0.18144614256314293,0.0,0.2865693884129925,0.10512324584984958,1.0,0.000398108123719102,0.0,4.242640687119285,0.541170574195438,0.14643279518751004
627,88.41137670311537,0.19634954084936207,-5.204170427930421e-18,0.18714327280691748,0.4814715579680474,-5.811323644522304e-17,0.1731429330057596,0.6178946458146268,8.326672684688674e-17,3.254102251509345,8.583942065497405,5.551115123125783e-17,1.1564664874893666,2.9146506819163984,-2.7755575615628914e-17,1.4659535681018672,4.518119118191377,0.024747644023982194,5.294590731639094,0.6687073683429967,5.988045744006072,7.236988475583328,-0.17873255950830189,0.0,0.24406810839196474,0.06533554888366286,1.0,0.000398108123719102,0.0,4.242640687119285,0.541170574195438,0.14643279518751004
628,88.60772624396473,0.19634954084936207,-6.938893903907228e-18,0.1876226077165007,0.47513591429837,-5.551115123125783e-17,0.17201090585735274,0.6596735261095226,5.551115123125783e-17,3.2586023748541746,8.580951006510444,0.0,1.15379217161278,2.891522140070333,-5.551115123125783e-17,1.4572442896156157,4.435945618318751,0.02455468685983717,5.309244718702633,0.6656181876374675,5.999417593199937,7.238397229134081,-0.17594336505173683,0.0,0.22051606850871544,0.04457270345697861,1.0,0.000398108123719102,0.0,4.242640687119285,0.541170574195438,0.14643279518751004
629,88.8040757848141,0.19634954084936207,-3.469446951953614e-18,0.1884769503345937,0.47895097971389083,-5.551115123125783e-17,0.1706250274814466,0.6340741395369944,8.326672684688674e-17,3.2631244964047577,8.578490706148417,-5.551115123125783e-17,1.1510320044673088,2.8960280617200764,-5.551115123125783e-17,1.4476824715234766,4.3264343283959255,0.02420950275022677,5.323990739518401,0.6624373376540156,6.010637579922644,7.238936742932868,-0.17442931581579801,0.0,0.21366251039334985,0.03923319457755184,1.0,0.000398108123719102,0.0,4.242640687119285,0.541170574195438,0.14643279518751004
630,89.00042532566347,0.19634954084936207,-7.806255641895632e-18,0.1892680309893746,0.4806665382364195,-5.854691731421724e-17,0.1701868730695811,0.5461777668120894,9.71445146547012e-17,3.267623610188872,8.580135584074135,5.551115123125783e-17,1.148306293257866,2.895113921873765,-2.7755575615628914e-17,1.436596786847726,4.315706674461732,0.023985840859417122,5.338682028931877,0.65930367156781,6.021971541359104,7.238504001481842,-0.1734466824812638,0.0,0.20739710554644286,0.033950423065179064,1.0,0.0003937230685274109,0.0,4.242640687119285,0.5177634738065292,0.13403950740410225
632,89.39312440736221,0.19634954084936207,-2.6020852139652106e-18,0.1906124633506975,0.4696082616860702,-5.551115123125783e-17,0.1722880772930596,0.49901549727852906,1.3877787807814457e-16,3.2767058852360327,8.621231148999145,-5.551115123125783e-17,1.1431996669617084,2.8743482585892055,-2.7755575615628914e-17,1.4097267456385232,4.325289229053412,0.024635601107798326,5.368400729170225,0.6534527392706806,6.046489069548704,7.236520773108903,-0.17162282577822338,0.0,0.20287446898134612,0.031251643203122736,1.0,0.0003937230685274109,0.0,4.242640687119285,0.5177634738065292,0.13403950740410225
633,89.58947394821158,0.19634954084936207,-6.071532165918825e-18,0.19208108215398367,0.4852874443845935,-5.637851296924623e-17,0.17172476520955418,0.5149393778843897,0.0,3.281164076231639,8.655946739642083,5.551115123125783e-17,1.1408462280415992,2.8959107589126227,0.0,1.3988913837147232,4.304380164868363,0.025201996176431467,5.383018847576514,0.650765058018372,6.058985901771317,7.238113177716138,-0.17323589192715774,0.0,0.2175625702255604,0.044326678298402644,1.0,0.0003937230685274109,0.0,4.242640687119285,0.5177634738065292,0.13403950740410225
634,89.78582348906095,0.19634954084936207,-6.938893903907228e-18,0.19438502367062668,0.509088060108352,-5.551115123125783e-17,0.16795944058912474,0.4999475174274896,9.71445146547012e-17,3.285441579570038,8.684702721107032,5.551115123125783e-17,1.138773599586298,2.917870821639045,-2.7755575615628914e-17,1.3944953409848593,4.26561708395564,0.025455522228159003,5.397063186383831,0.648402655557367,6.070921364169358,7.2443706788544135,-0.17502116096068843,0.0,0.2419533844152071,0.06693222345451869,1.0,0.0003937230685274109,0.0,4.242640687119285,0.5177634738065292,0.13403950740410225
636,90.17852257075968,0.19634954084936207,-7.806255641895632e-18,0.19809040842158415,0.5869050520458822,-5.637851296924623e-17,0.15502281156602768,0.5498648244958401,9.71445146547012e-17,3.2932181731005636,8.705799390686078,0.0,1.1355658397380068,2.957163271719282,-2.7755575615628914e-17,1.4028345995830434,4.147784888631133,0.024650948168945194,5.422642967819906,0.6447548881899423,6.092048804178793,7.268148819091312,-0.17771855701625414,0.0,0.2715519321423328,0.09383337512607867,1.0,0.0003937230685274109,0.0,4.242640687119285,0.5177634738065292,0.13403950740410225
637,90.37487211160905,0.19634954084936207,-6.071532165918825e-18,0.19726904190215666,0.6017116330133565,-5.681219383824043e-17,0.1526176468327211,0.5667035933173659,2.7755575615628914e-17,3.296899408566443,8.695963164082043,5.551115123125783e-17,1.134045289467967,2.9554440293255855,0.0,1.4065000884723668,4.075866970085624,0.024102902297247077,5.4347728551028816,0.6430293592822424,6.101905116682371,7.279059950660262,-0.1794700975289813,0.0,0.26831447480387394,0.08884437727489264,1.0,0.0003937230685274109,0.0,4.242640687119285,0.5177634738065292,0.13403950740410225
638,90.57122165245842,0.19634954084936207,0.0,0.19422613132304126,0.5982045954754528,-5.681219383824043e-17,0.1564978942633237,0.551215277914387,1.249000902703301e-16,3.3006847946395355,8.706514713142138,0.0,1.1322172748084576,2.9367664946747185,-2.7755575615628914e-17,1.4040341117166648,3.998887740548949,0.023864047691586926,5.447260056782317,0.640957978687345,6.112082083161249,7.285294244301873,-0.17961936747026525,0.0,0.2457381585784144,0.06611879110814917,1.0,0.0003937230685274109,0.0,4.242640687119285,0.5177634738065292,0.13403950740410225
639,90.76757119330779,0.19634954084936207,-8.673617379884035e-18,0.18976343897789566,0.5787451454545337,-5.4643789493269423e-17,0.1651143593506416,0.577587086090344,6.938893903907228e-17,3.3046699314944488,8.741611395943224,5.551115123125783e-17,1.1300088605702274,2.916597822604425,-2.7755575615628914e-17,1.3953119616919343,3.9197744118146582,0.02394043178933012,5.460421678061762,0.6384600124836117,6.1228221223347035,7.286943911837275,-0.1790466976382575,0.0,0.2227510933028838,0.043704395664626305,1.0,0.0003937230685274109,0.0,4.242640687119285,0.5177634738065292,0.13403950740410225
641,91.16027027500652,0.19634954084936207,-4.336808689942018e-18,0.18153871581684516,0.5225927274655876,-5.4643789493269423e-17,0.18018504105046276,0.5694571535637412,4.163336342344337e-17,3.312992718917083,8.812171060020148,0.0,1.125324377334732,2.8457062488820344,-5.551115123125783e-17,1.373594661940019,4.266719407202168,0.023935285173325428,5.487960377798804,0.633177477111901,6.145073140084031,7.287676436929661,-0.17671158312798513,0.0,0.21349739379546423,0.0367858106674791,1.0,0.00039006859879704464,0.0,4.242640687119285,0.5165623740314239,0.13341834313249035
642,91.3566198158559,0.19634954084936207,-9.540979117872439e-18,0.17961171748632343,0.510616984772462,-5.811323644522304e-17,0.18070157059667175,0.5554773188149432,1.1102230246251565e-16,3.3170557142458925,8.826926978259015,5.551115123125783e-17,1.1233862151695926,2.851576959015012,-5.551115123125783e-17,1.3674190056970674,4.499011101012305,0.023423115462341576,5.501429305705663,0.6309982942165311,6.155850715384536,7.291704388629287,-0.17467253922563852,0.0,0.2287675015965002,0.05409496237086167,1.0,0.00039006859879704464,0.0,4.242640687119285,0.5165623740314239,0.13341834313249035
643,91.55296935670526,0.19634954084936207,-5.204170427930421e-18,0.17954606161816677,0.4836208563119845,-5.724587470723463e-17,0.1761973792432091,0.565760508565931,9.71445146547012e-17,3.320961577125917,8.813651244463529,0.0,1.121865029086164,2.8822317924828544,-2.7755575615628914e-17,1.3646920093873285,4.680580133098408,0.022713036589262735,5.514392898373328,0.6292905717432495,6.16639650670584,7.298530834180208,-0.17433092765887342,0.0,0.242257224211465,0.06792629655259158,1.0,0.00039006859879704464,0.0,4.242640687119285,0.5165623740314239,0.13341834313249035
645,91.945668438404,0.19634954084936207,-6.071532165918825e-18,0.18374341276028336,0.5079292438647757,-5.594483210025203e-17,0.16238560247304168,0.5102252384702775,1.1102230246251565e-16,3.328567876366657,8.692644004047319,-5.551115123125783e-17,1.1198640944038236,2.872521614818078,-5.551115123125783e-17,1.3608749430215703,4.807537750143672,0.022088323108393308,5.539682053790018,0.627047794967448,6.18881817186586,7.315900731680178,-0.17439360975786375,0.0,0.25230088634160547,0.07790727658374172,1.0,0.00039006859879704464,0.0,4.242640687119285,0.5165623740314239,0.13341834313249035
646,92.14201797925337,0.19634954084936207,-6.071532165918825e-18,0.18665943082402045,0.5174753315616529,-5.5077470362263625e-17,0.1592375853545693,0.511088858463331,8.326672684688674e-17,3.332416805434462,8.625948546375835,-5.551115123125783e-17,1.1192380670981033,2.846603600427633,-2.7755575615628914e-17,1.3581539798332516,4.748966612906442,0.02253636674580402,5.55250088257101,0.6263469254207492,6.201384174737564,7.3257683030512775,-0.1746412098785935,0.0,0.25944455035099767,0.08480334047240418,1.0,0.00039006859879704464,0.0,4.242640687119285,0.5165623740314239,0.13341834313249035
647,92.33836752010274,0.19634954084936207,-5.204170427930421e-18,0.18913951308171895,0.5432509543861591,-5.637851296924623e-17,0.16013406827386237,0.5010963767298916,1.1102230246251565e-16,3.3363498362260855,8.615490766248822,5.551115123125783e-17,1.1187717576280292,2.8325120225025984,-2.7755575615628914e-17,1.3573557817445434,4.615968657947583,0.02328070987795794,5.565615114842915,0.6258251228330546,6.214720947553928,7.337998044310522,-0.17472913141553417,0.0,0.27175666523879444,0.09702753382326026,1.0,0.00039006859879704464,0.0,4.242640687119285,0.5165623740314239,0.13341834313249035
648,92.5347170609521,0.19634954084936207,-1.0408340855860843e-17,0.1908258936800768,0.5652806273483686,-5.4643789493269423e-17,0.16317569352649483,0.537828669020235,1.1102230246251565e-16,3.3403851953799504,8.615690548714113,5.551115123125783e-17,1.118370912632232,2.8113442855521185,-5.551115123125783e-17,1.3616217662678312,4.430399183533243,0.023939379758782256,5.579086626756775,0.6253767491109258,6.228402755626482,7.354363240018476,-0.17471877718406081,0.0,0.29250605316821343,0.11778727598415262,1.0,0.00039006859879704464,0.0,4.242640687119285,0.5165623740314239,0.13341834313249035
650,92.92741614265084,0.19634954084936207,-6.938893903907228e-18,0.19235320430408676,0.5618602967951425,-5.2909066017292616e-17,0.16538036595412248,0.5465652143610731,1.1102230246251565e-16,3.3487659892687645,8.568080332382822,0.0,1.117388260181866,2.8423849455241035,-2.7755575615628914e-17,1.3893125997064235,4.053909950434858,0.024004968718566968,5.607116825441603,0.6242782619961287,6.255400056156299,7.4008294830722425,-0.1745369892393619,0.0,0.3263701358740355,0.15183314663467362,1.0,0.00038739116664077123,0.0,4.242640687119285,0.5180430718243436,0.134184312132601
651,93.12376568350021,0.19634954084936207,-4.336808689942018e-18,0.19267030586439315,0.5453577112092498,-5.377642775528102e-17,0.16289215111909103,0.5122568819303112,1.3877787807814457e-16,3.35309513489689,8.565871134353948,0.0,1.1167627916492087,2.854616619024933,-5.551115123125783e-17,1.4074014332751363,4.1091443918613955,0.0235598418942247,5.621623491834596,0.6235795664060672,6.268762900134888,7.427152741024879,-0.17296995911554894,0.0,0.33995154413777273,0.1669815850222238,1.0,0.00038739116664077123,0.0,4.242640687119285,0.5180430718243436,0.134184312132601
652,93.32011522434958,0.19634954084936207,-4.336808689942018e-18,0.19271921335018552,0.5320441779996425,-5.551115123125783e-17,0.15976691879563704,0.46546852619179613,9.71445146547012e-17,3.3574231950384874,8.55789907869011,5.551115123125783e-17,1.1160219713258959,2.8474311561037386,-2.7755575615628914e-17,1.4217156226114627,4.139732634642765,0.023189245088902515,5.636145255291224,0.6227525202410693,6.282087020621195,7.450583874988189,-0.17251535839259943,0.0,0.3254177106620243,0.15290235226942486,1.0,0.00038739116664077123,0.0,4.242640687119285,0.5180430718243436,0.134184312132601
653,93.51646476519895,0.19634954084936207,0.0,0.1924158449243857,0.5188363310802532,-5.681219383824043e-17,0.15790885657837594,0.4343363275212577,4.163336342344337e-17,3.3617441449400842,8.537220776727844,0.0,1.1151128842528077,2.823744606654534,-2.7755575615628914e-17,1.4284041979790831,4.13910880825382,0.023113335828052126,5.65066184801947,0.6217383723133079,6.29551355616083,7.468143337731289,-0.1718185547826103,0.0,0.29592282148715,0.1241042667045397,1.0,0.00038739116664077123,0.0,4.242640687119285,0.5180430718243436,0.134184312132601
655,93.90916384689768,0.19634954084936207,-5.204170427930421e-18,0.19116176169857332,0.5214241413722396,-5.681219383824043e-17,0.15934478897571797,0.4504956789737903,4.163336342344337e-17,3.3705154560215647,8.536989857233564,0.0,1.1123939944631411,2.791928069218469,0.0,1.4169352506758215,4.03615979028711,0.023631542836292627,5.6801872196401275,0.6187101994588313,6.322528961935252,7.483319647638175,-0.17048133617811698,0.0,0.24507464360558595,0.07459330742746897,1.0,0.00038739116664077123,0.0,4.242640687119285,0.5180430718243436,0.134184312132601
656,94.10551338774705,0.19634954084936207,-6.071532165918825e-18,0.19060414817794577,0.5193098459510939,-5.4643789493269423e-17,0.16082162267324515,0.45259415321225416,1.1102230246251565e-16,3.3749834867373574,8.52512924125719,0.0,1.1105684412770103,2.7807102678552775,-2.7755575615628914e-17,1.4026358820947151,3.9418512855814334,0.02383812801474503,5.695256767874926,0.616681131380224,6.335776027269895,7.483651761439815,-0.16921936813666522,0.0,0.20704170251167303,0.037822334375007816,1.0,0.00038739116664077123,0.0,4.242640687119285,0.5180430718243436,0.134184312132601
657,94.30186292859642,0.19634954084936207,-7.806255641895632e-18,0.190119813538587,0.5087269460734868,-5.767955557622884e-17,0.16198973350924867,0.4807121977002058,8.326672684688674e-17,3.379422726162325,8.543654048402766,0.0,1.1086420505360761,2.757219381799077,-2.7755575615628914e-17,1.3855966517483809,3.8995958166869436,0.02386891940376414,5.7102489810511985,0.6145435981084176,6.34866149856338,7.4815721786326055,-0.1686619575068484,0.0,0.1938850057636361,0.0252230482567877,1.0,0.00038739116664077123,0.0,4.242640687119285,0.5180430718243436,0.134184312132601
659,94.69456201029516,0.19634954084936207,-6.071532165918825e-18,0.1884432671342567,0.4660653838300934,-5.594483210025203e-17,0.1650601876687639,0.534512825162937,1.1102230246251565e-16,3.3880062198684797,8.586624046468119,-5.551115123125783e-17,1.1051991120932414,2.6939248358839043,-2.7755575615628914e-17,1.3487560240095906,4.036893422445858,0.02371092863570834,5.739293072933752,0.6107325386858447,6.3737365402553054,7.475637638262733,-0.16845850037317406,0.0,0.18893666135690618,0.02047816098373212,1.0,0.00038739116664077123,0.0,4.242640687119285,0.5180430718243436,0.134184312132601
660,94.89091155114453,0.19634954084936207,-6.938893903907228e-18,0.18692690291189323,0.4590095755892078,-5.594483210025203e-17,0.16759375713413044,0.5158093704871859,8.326672684688674e-17,3.3922409707928156,8.676707492323242,1.1102230246251565e-16,1.1037262564771377,2.6699541632877084,0.0,1.332410231156839,4.093575415977785,0.023664289357190393,5.753649401962693,0.609105824618518,6.386419515938401,7.474860937061602,-0.1689199123186078,0.0,0.20051192900134923,0.03159201668274142,1.0,0.0003834936673144422,0.0,4.242640687119285,0.5062597403902696,0.12814946237001157
661,95.0872610919939,0.19634954084936207,-5.204170427930421e-18,0.18508975655721333,0.4507164870401313,-5.421010862427522e-17,0.1700903907453435,0.5025025127347893,1.1102230246251565e-16,3.396618114881278,8.742790933394538,0.0,1.1023688941715548,2.672253136340231,0.0,1.3213889391471079,4.143666490740198,0.023572152896180205,5.768507309169824,0.6076085894185081,6.399688051484512,7.478735197598105,-0.16801366760345138,0.0,0.22264075423387017,0.05462708663041879,1.0,0.0003834936673144422,0.0,4.242640687119285,0.5062597403902696,0.12814946237001157
662,95.28361063284326,0.19634954084936207,-8.673617379884035e-18,0.1832703875443294,0.44987475082980616,-5.594483210025203e-17,0.17132922120389815,0.5305509676710842,1.1102230246251565e-16,3.401070267585385,8.78789341745835,0.0,1.1010936024367366,2.686274519129709,-8.326672684688674e-17,1.3185892391059242,4.160662746787866,0.023307250034287248,5.783639482526661,0.606203560663555,6.413150293224504,7.488796800889261,-0.16915450019239683,0.0,0.254635852108254,0.08548135191585718,1.0,0.0003834936673144422,0.0,4.242640687119285,0.5062597403902696,0.12814946237001157
664,95.676309714542,0.19634954084936207,-7.806255641895632e-18,0.18146667212187836,0.4689973240321529,-5.551115123125783e-17,0.1664992163306102,0.5419280918295885,8.326672684688674e-17,3.4097579005307805,8.847957610300627,-5.551115123125783e-17,1.0993982921672383,2.7890198620892694,-2.7755575615628914e-17,1.339726444114479,4.212476049022789,0.02215011231855147,5.813224470116038,0.6043383024101202,6.43971288484471,7.52866526242093,-0.17122492611724913,0.0,0.30583087225491773,0.1346059461376686,1.0,0.0003834936673144422,0.0,4.242640687119285,0.5062597403902696,0.12814946237001157
665,95.87265925539137,0.19634954084936207,-5.204170427930421e-18,0.18232834600225578,0.4967758988685632,-5.4643789493269423e-17,0.1605782494723169,0.4986435424091503,1.3877787807814457e-16,3.4137870431616575,8.811890312100424,-5.551115123125783e-17,1.0992191514732934,2.8225844509125415,0.0,1.3583126641938925,4.265189012837607,0.021523093278528017,5.826970988029205,0.6041413714828336,6.452635452790567,7.554930413574969,-0.17323388632755057,0.0,0.33939077155660824,0.16615688522905767,1.0,0.0003834936673144422,0.0,4.242640687119285,0.5062597403902696,0.12814946237001157
666,96.06900879624074,0.19634954084936207,-7.806255641895632e-18,0.18453891677508513,0.5171148496640269,-5.637851296924623e-17,0.1541230624759575,0.4632740940387883,1.3877787807814457e-16,3.4176160465185346,8.79803253153256,5.551115123125783e-17,1.0994085860835972,2.8382482316295494,0.0,1.3762168526886192,4.321428178527443,0.02115337534292002,5.840049720710489,0.6043496195771672,6.465552715630577,7.581274998126267,-0.17415243191111393,0.0,0.3406759752906151,0.16652354337950118,1.0,0.0003834936673144422,0.0,4.242640687119285,0.5062597403902696,0.12814946237001157
667,96.2653583370901,0.19634954084936207,-3.469446951953614e-18,0.18762165214501755,0.5321335128419937,-5.551115123125783e-17,0.14951282383555312,0.4531894076967976,8.326672684688674e-17,3.4213516818392398,8.787424244065496,0.0,1.0997500863069525,2.835841107666967,-2.7755575615628914e-17,1.389179606324333,4.371891119340011,0.021202581135389816,5.852823665412096,0.6047251261660745,6.47875137271356,7.604527893109041,-0.1744888326007526,0.0,0.32546157887613447,0.15097274627538187,1.0,0.0003834936673144422,0.0,4.242640687119285,0.5062597403902696,0.12814946237001157
669,96.65805741878884,0.19634954084936207,-8.673617379884035e-18,0.19276707042373525,0.5552022323729022,-5.4643789493269423e-17,0.15204302089602006,0.45437057758397115,1.1102230246251565e-16,3.428952027673012,8.823498236348549,0.0,1.0999931830392635,2.787158796960241,-5.551115123125783e-17,1.3912377635856028,4.408656053530324,0.022466769280424015,5.878856004041429,0.6049925013664252,6.506315274688278,7.633904255057905,-0.1737115988342573,0.0,0.2815808787817795,0.10786927994752221,1.0,0.0003834936673144422,0.0,4.242640687119285,0.5062597403902696,0.12814946237001157
670,96.85440695963821,0.19634954084936207,-6.938893903907228e-18,0.19331623851775834,0.5577708525117837,-5.551115123125783e-17,0.15751366696573632,0.47556387342790574,8.326672684688674e-17,3.432917798988149,8.846556387061158,5.551115123125783e-17,1.099585030915547,2.770065483975129,-2.7755575615628914e-17,1.380768566822316,4.37033230790953,0.023255037882521888,5.892462307304817,0.6045436201067722,6.520260965294112,7.639565480884514,-0.17205597907968415,0.0,0.23437256104147364,0.06231658196178949,1.0,0.0003805411405694507,0.0,4.242640687119285,0.5071734998300459,0.1286124794649288
671,97.05075650048758,0.19634954084936207,-6.071532165918825e-18,0.1922580404575259,0.548944680960556,-5.4643789493269423e-17,0.1626437102198352,0.49997955224078,8.326672684688674e-17,3.4370598195980033,8.857637667841757,5.551115123125783e-17,1.0987679224697504,2.7915619987103453,0.0,1.3656735501143251,4.281510792251013,0.023771831179321076,5.906690101747528,0.6036454737242459,6.534107406651095,7.641320226655445,-0.16957777449118305,0.0,0.21179169025639713,0.04221391576521408,1.0,0.0003805411405694507,0.0,4.242640687119285,0.5071734998300459,0.1286124794649288
673,97.44345558218632,0.19634954084936207,-4.336808689942018e-18,0.18717224380471534,0.5390115307673522,-5.5077470362263625e-17,0.16630898422958568,0.4954187870300124,1.3877787807814457e-16,3.445632462768704,8.959700988968343,0.0,1.0961361206914209,2.807249627472138,0.0,1.3332243390777345,3.9584520486666235,0.023549905073301024,5.936191534242761,0.6007571975422183,6.560498636858281,7.641177361744002,-0.1684485397088491,0.0,0.2011233622237311,0.03267482251488199,1.0,0.0003805411405694507,0.0,4.242640687119285,0.5071734998300459,0.1286124794649288
674,97.63980512303569,0.19634954084936207,-5.204170427930421e-18,0.18465351855779244,0.5173823733740478,-5.334274688628682e-17,0.1651597982534169,0.5089409160790431,8.326672684688674e-17,3.449964900558572,9.007554843128984,-5.551115123125783e-17,1.0947737295666427,2.8116809097048168,-5.551115123125783e-17,1.3205666947915726,3.7562135450289915,0.02304055798358021,5.95112890754306,0.5992647594746283,6.573434225001268,7.643551011231937,-0.1679640577618893,0.0,0.2128146420555868,0.04485058429369751,1.0,0.0003805411405694507,0.0,4.242640687119285,0.5071734998300459,0.1286124794649288
675,97.83615466388505,0.19634954084936207,-7.806255641895632e-18,0.1830821065566889,0.4950334481930915,-5.4643789493269423e-17,0.1633279503183856,0.514707546992344,5.551115123125783e-17,3.454256991642385,9.01156407622443,5.551115123125783e-17,1.0937305687733874,2.8301450067133236,0.0,1.3123421572911724,3.5931228259028654,0.022561677335400564,5.96594568215515,0.5981232785346788,6.5866306380252295,7.649759239766892,-0.16791737547331917,0.0,0.2321662256165867,0.06424885014326753,1.0,0.0003805411405694507,0.0,4.242640687119285,0.5071734998300459,0.1286124794649288
676,98.03250420473442,0.19634954084936207,-4.336808689942018e-18,0.18267747799509512,0.48773308021217887,-5.637851296924623e-17,0.16179259670680762,0.49150746306273174,1.1102230246251565e-16,3.458500097761321,8.971465200513272,-5.551115123125783e-17,1.0931350835807494,2.8329670853464,0.0,1.3094962018882217,3.6197371484021414,0.022265999135353903,5.980611463107536,0.597472155477546,6.600349617720436,7.660812454943092,-0.1679231454131822,0.0,0.2567106083171467,0.0887874629039645,1.0,0.0003805411405694507,0.0,4.242640687119285,0.5071734998300459,0.1286124794649288
678,98.42520328643316,0.19634954084936207,-6.938893903907228e-18,0.18403411922865173,0.5061838040049012,-5.421010862427522e-17,0.1616135433261603,0.4843080047927435,8.326672684688674e-17,3.46696567016401,8.923114855679264,-5.551115123125783e-17,1.0930335516074892,2.862247027586561,0.0,1.3210094146538864,3.679696942938564,0.022196037796901692,6.009925479047894,0.5973611724698409,6.629482689314637,7.698011647657611,-0.16791097491489004,0.0,0.29487221902299493,0.1269612441081049,1.0,0.0003805411405694507,0.0,4.242640687119285,0.5071734998300459,0.1286124794649288
679,98.62155282728253,0.19634954084936207,-6.938893903907228e-18,0.18500541363269787,0.5231268884738248,-5.594483210025203e-17,0.16265506572789862,0.5371679407724336,8.326672684688674e-17,3.4712011601048935,8.940569739762084,-5.551115123125783e-17,1.093269318788322,2.8540143806475404,-5.551115123125783e-17,1.3337462475569435,3.701717039818856,0.022220147873390654,6.0246187469567785,0.5976189017019409,6.6444577965321105,7.7223740425095535,-0.16793018140239535,0.0,0.32405175710204115,0.1561215756996458,1.0,0.0003805411405694507,0.0,4.242640687119285,0.5071734998300459,0.1286124794649288
680,98.8179023681319,0.19634954084936207,-8.673617379884035e-18,0.18613778807935613,0.5343116267033726,-5.5077470362263625e-17,0.163353585788895,0.5836763887411389,1.1102230246251565e-16,3.4753762174950316,8.93595827267279,5.551115123125783e-17,1.0935909555455121,2.8734667033439525,-2.7755575615628914e-17,1.3483971928450789,3.7118612344571034,0.022181583303663273,6.039119926565036,0.597970589025473,6.659272098894172,7.7481499351312175,-0.16803612215293579,0.0,0.33138897224379615,0.16335285009086037,1.0,0.00037755952360401667,0.0,4.242640687119285,0.502923521481739,0.12646603422979663
681,99.01425190898127,0.19634954084936207,-1.734723475976807e-18,0.18763306130594026,0.5407889857845253,-5.421010862427522e-17,0.1627382326807285,0.5956752765358453,1.1102230246251565e-16,3.4795003682121237,8.910331299696256,-5.551115123125783e-17,1.0939806041752822,2.8829116108876813,-2.7755575615628914e-17,1.3621676292493807,3.955638686044683,0.02210423702938108,6.053461406194153,0.5983967811558577,6.673962424379392,7.773344381082465,-0.1669511752557048,0.0,0.3272911722955717,0.1603399970398669,1.0,0.00037755952360401667,0.0,4.242640687119285,0.502923521481739,0.12646603422979663
683,99.40695099068,0.19634954084936207,-4.336808689942018e-18,0.19102655986053668,0.5522092696125795,-5.421010862427522e-17,0.15725616956371685,0.5037798902876927,5.551115123125783e-17,3.4876018340753894,8.879223261046345,1.1102230246251565e-16,1.0943717963276471,2.9296136723346167,-2.7755575615628914e-17,1.3769328361150914,4.4264038845233715,0.02215369794191463,6.081683276523011,0.5988248142987007,6.702661788763626,7.813391492558753,-0.16740990725520055,0.0,0.30202104711739847,0.13461113986219791,1.0,0.00037755952360401667,0.0,4.242640687119285,0.502923521481739,0.12646603422979663
684,99.60330053152937,0.19634954084936207,-7.806255641895632e-18,0.19169861257267629,0.5659943677675949,-5.5077470362263625e-17,0.15464239430831123,0.4587830180665001,1.3877787807814457e-16,3.4917416367763434,8.854710730509197,0.0,1.0940967287471828,2.934542158315084,-2.7755575615628914e-17,1.3759457136575963,4.588266221863595,0.022332586799413162,6.096129828998767,0.5985238259276433,6.716986241725824,7.826681251525299,-0.16774052175875478,0.0,0.268731685220353,0.10099116346159823,1.0,0.00037755952360401667,0.0,4.242640687119285,0.502923521481739,0.12646603422979663
685,99.79965007237874,0.19634954084936207,-7.806255641895632e-18,0.19096128775866594,0.5716811988644008,-5.594483210025203e-17,0.15376146198698493,0.4470426946815115,8.326672684688674e-17,3.4959726833392777,8.874560344926078,1.1102230246251565e-16,1.0934819805733549,2.9204657608006293,-2.7755575615628914e-17,1.3707161228293423,4.672746225091915,0.022478692100916572,6.110912501327213,0.5978514209193133,6.731242614347443,7.836386961400518,-0.16779254092639434,0.0,0.25072338649646486,0.08293084557007052,1.0,0.00037755952360401667,0.0,4.242640687119285,0.502923521481739,0.12646603422979663
687,100.19234915407748,0.19634954084936207,-1.0408340855860843e-17,0.1860505485588117,0.5626144349171464,-5.5077470362263625e-17,0.15560900964807936,0.5293552361645472,1.1102230246251565e-16,3.5043997458390344,8.864652988347862,0.0,1.0919195996308133,2.85581151568501,-5.551115123125783e-17,1.3561501491915675,4.595896947070614,0.02208470213289461,6.140408789318346,0.5961442060289578,6.758637697480198,7.8513505748402785,-0.16765331392740926,0.0,0.23882652763154558,0.07117321370413632,1.0,0.00037755952360401667,0.0,4.242640687119285,0.502923521481739,0.12646603422979663
688,100.38869869492684,0.19634954084936207,-7.806255641895632e-18,0.1832118001626224,0.5354443962109385,-5.421010862427522e-17,0.15633240488619457,0.5524034233296578,8.326672684688674e-17,3.508457003215916,8.83061865134424,0.0,1.0913506340730936,2.835593431440189,-2.7755575615628914e-17,1.348953187598578,4.460838880110515,0.0215720588169979,6.154635271707402,0.5955231032458719,6.771730433770273,7.858565706645884,-0.1674346396114686,0.0,0.23664585320118695,0.06921121358971835,1.0,0.00037755952360401667,0.0,4.242640687119285,0.502923521481739,0.12646603422979663
689,100.58504823577621,0.19634954084936207,-7.806255641895632e-18,0.18092031628226202,0.4941201694177031,-5.551115123125783e-17,0.15688902675014546,0.5487040973181095,1.1102230246251565e-16,3.512421588343459,8.779001718838996,0.0,1.0910442896881358,2.8505276487989537,-5.551115123125783e-17,1.341055758696059,4.299169235312757,0.021139665052542445,6.168552707130595,0.5951888210305445,6.784881193213682,7.865646262185828,-0.16730887165785596,0.0,0.2359215235475161,0.06861265188966015,1.0,0.00037755952360401667,0.0,4.242640687119285,0.502923521481739,0.12646603422979663
690,100.78139777662558,0.19634954084936207,-3.469446951953614e-18,0.17938970260783893,0.4540487973601267,-5.551115123125783e-17,0.15822903784324466,0.5058374983258092,1.1102230246251565e-16,3.5163632541380947,8.714350134563299,5.551115123125783e-17,1.0909988275360931,2.8801538184802102,2.7755575615628914e-17,1.3319162286356665,4.147440860642411,0.021021733611756497,6.182405267526324,0.595139220842565,6.7985662219806455,7.872685669651037,-0.16720724094515246,0.0,0.23613132569550097,0.0689240847503485,1.0,0.00037638955451809234,0.0,4.242640687119285,0.5110075978041209,0.13056438250676905
692,101.17409685832432,0.19634954084936207,-6.938893903907228e-18,0.17844875136297617,0.4401130901152097,-5.594483210025203e-17,0.1634932448362782,0.584580122602316,1.3877787807814457e-16,3.524445470743517,8.78370786410295,-5.551115123125783e-17,1.0916294290935342,2.890180202909229,0.0,1.31712250196326,3.9919077505093226,0.02161605647623812,6.210857938122246,0.5958274052315375,6.828301399830021,7.892527960059607,-0.16658694344599018,0.0,0.25058715814565197,0.08400021469966179,1.0,0.00037638955451809234,0.0,4.242640687119285,0.5110075978041209,0.13056438250676905
693,101.37044639917369,0.19634954084936207,-7.806255641895632e-18,0.17886367520509502,0.45345173664425387,-5.637851296924623e-17,0.16473626062505575,0.6008157598139676,8.326672684688674e-17,3.528611062449553,8.825858391188584,0.0,1.0922056383735501,2.8749591648351966,-5.551115123125783e-17,1.3177989724072634,4.009889018541573,0.021811742852522416,6.225548015020681,0.5964565782474871,6.84381633612069,7.909153329921139,-0.16652869790536637,0.0,0.2839781916935005,0.11744949378813416,1.0,0.00037638955451809234,0.0,4.242640687119285,0.5110075978041209,0.13056438250676905
694,101.56679594002306,0.19634954084936207,-8.673617379884035e-18,0.17981939080018444,0.46318590651197056,-5.5077470362263625e-17,0.16322902521404287,0.5698183071923841,1.1102230246251565e-16,3.5328637900138555,8.868088893804002,0.0,1.0928291390600857,2.851559137821235,-5.551115123125783e-17,1.3254940823622958,4.077174803508377,0.021660530541140057,6.24056327939553,0.597137763589404,6.859361573526074,7.930871668957394,-0.16653850995222932,0.0,0.3089929839506217,0.14245447399839237,1.0,0.00037638955451809234,0.0,4.242640687119285,0.5110075978041209,0.13056438250676905
695,101.76314548087242,0.19634954084936207,-5.204170427930421e-18,0.18135242563564627,0.4604351425870988,-5.594483210025203e-17,0.1591232534664221,0.501710746478365,1.1102230246251565e-16,3.5371912688590084,8.901470755747171,0.0,1.0933790481616492,2.8586400244816925,-5.551115123125783e-17,1.337172937415869,4.167364388883122,0.021242712636378544,6.2558610362462,0.5977388714794369,6.874842620362015,7.955349987271946,-0.16658367150440676,0.0,0.3225487010406816,0.15596502953627486,1.0,0.00037638955451809234,0.0,4.242640687119285,0.5110075978041209,0.13056438250676905
697,102.15584456257116,0.19634954084936207,-7.806255641895632e-18,0.18604833608380467,0.48925734988437175,-5.572799166575493e-17,0.1500924150637554,0.41795170167461104,8.326672684688674e-17,3.5459039828749987,8.971374822729103,5.551115123125783e-17,1.0940369105845005,2.869350717115287,-2.7755575615628914e-17,1.352260107405731,4.304578389765288,0.02069780539095008,6.286717527884391,0.598458380860639,6.905873714135979,7.9980560924784765,-0.16661898962999233,0.0,0.3072724250400484,0.1406534354100561,1.0,0.00037638955451809234,0.0,4.242640687119285,0.5110075978041209,0.13056438250676905
698,102.35219410342053,0.19634954084936207,-5.204170427930421e-18,0.1885917861192925,0.5086222790634599,-5.5294310796760726e-17,0.14876579360232178,0.4628671550782081,1.1102230246251565e-16,3.5501850435932663,8.957654619910093,0.0,1.0941884877376622,2.879222067708218,-2.7755575615628914e-17,1.3494422031970934,4.314023322274102,0.020904467934169814,6.30190692187666,0.5986242233488159,6.9214356131596455,8.011728286646207,-0.1665131051094113,0.0,0.2692655097370239,0.10275240462761259,1.0,0.00037638955451809234,0.0,4.242640687119285,0.5110075978041209,0.13056438250676905
699,102.5485436442699,0.19634954084936207,-6.938893903907228e-18,0.19044738170876196,0.534652986426092,-5.4643789493269423e-17,0.14976116928066896,0.5204661367647364,1.1102230246251565e-16,3.5543910855617136,8.967541221839072,0.0,1.0942644344713734,2.8805702801195348,0.0,1.3408914453743315,4.278956938593996,0.02127761792813691,6.316847994560286,0.5987073262744774,6.9368329387629,8.020997529472456,-0.16633420725775547,0.0,0.24695082957092934,0.08061662231317387,1.0,0.00037638955451809234,0.0,4.242640687119285,0.5110075978041209,0.13056438250676905
701,102.94124272596864,0.19634954084936207,-3.469446951953614e-18,0.19007509011486592,0.5659858746327278,-5.4860629927766524e-17,0.1531467598679885,0.525682923495822,1.3877787807814457e-16,3.5627552505176707,8.956800534686392,5.551115123125783e-17,1.0942510342380865,2.8622990524974017,-5.551115123125783e-17,1.3213546656872284,4.12872978213483,0.02148169943338974,6.346612487545615,0.598692662965561,6.966786849944566,8.036893614094145,-0.16528473879429664,0.0,0.23816441495845292,0.07287967616415628,1.0,0.0003729981036406809,0.0,4.242640687119285,0.49449753603016056,0.12226390656994998
702,103.137592266818,0.19634954084936207,-5.204170427930421e-18,0.18785079705198154,0.5544105553850887,-5.5077470362263625e-17,0.15433951186145353,0.47014651622646625,8.326672684688674e-17,3.5669470568462627,8.939427645285074,1.1102230246251565e-16,1.0942749628560124,2.8509834941139762,2.7755575615628914e-17,1.315408093079689,4.055957281522245,0.021180884055220808,6.361555653172108,0.5987188471667636,6.981455384394092,8.047354813422533,-0.16437091241479607,0.0,0.248689724844184,0.08431881242938793,1.0,0.0003729981036406809,0.0,4.242640687119285,0.49449753603016056,0.12226390656994998
703,103.33394180766737,0.19634954084936207,-6.938893903907228e-18,0.18496288874874248,0.5279453224836341,-5.4643789493269423e-17,0.1562532998635806,0.4933719626682548,8.326672684688674e-17,3.5710991638779905,8.918524960265131,-5.551115123125783e-17,1.0944976930512038,2.843257590971714,-2.7755575615628914e-17,1.3121378421179672,4.013025873177001,0.020881801551156084,6.376374619125041,0.5989626000472035,6.996219020723401,8.060042164284464,-0.16434146803175725,0.0,0.25967344897241507,0.09533198094065781,1.0,0.0003729981036406809,0.0,4.242640687119285,0.49449753603016056,0.12226390656994998
704,103.53029134851674,0.19634954084936207,-6.938893903907228e-18,0.18214722914865053,0.49768823047442057,-5.421010862427522e-17,0.15975138738781092,0.5083244664211362,1.3877787807814457e-16,3.575189773446044,8.90239548722537,-5.551115123125783e-17,1.095059294732625,2.8646924112742833,0.0,1.310763348077079,4.013791490838303,0.02084814392002098,6.390990958076588,0.5995774294901568,7.011416531486766,8.074881110735726,-0.16438107448981965,0.0,0.27082006527294,0.10643899078312036,1.0,0.0003729981036406809,0.0,4.242640687119285,0.49449753603016056,0.12226390656994998
706,103.92299043021548,0.19634954084936207,-5.204170427930421e-18,0.17887103481545244,0.4815482783898284,-5.377642775528102e-17,0.1679150545702258,0.5111295516313805,8.326672684688674e-17,3.5832825792807244,8.915185791531401,-5.551115123125783e-17,1.0972033548323512,2.916313767811786,0.0,1.31696523200546,4.150655361936365,0.021608957346510548,6.419957021488359,0.6019276009276832,7.043493579762552,8.113708484714259,-0.16464438944255297,0.0,0.29462008307290194,0.12997569363034897,1.0,0.0003729981036406809,0.0,4.242640687119285,0.49449753603016056,0.12226390656994998
707,104.11933997106485,0.19634954084936207,-6.938893903907228e-18,0.17882481553238705,0.4631977321377879,-5.594483210025203e-17,0.16840908250776757,0.46547642921097787,1.942890293094024e-16,3.5873658081707824,8.959863062297895,0.0,1.0985559585435254,2.9448347452563044,0.0,1.3284810006093315,4.2628110873832075,0.02190079027874247,6.434596720816404,0.603412597025742,7.059910108120889,8.139835382771222,-0.1651601589680539,0.0,0.32872120228684715,0.16356104331879326,1.0,0.0003729981036406809,0.0,4.242640687119285,0.49449753603016056,0.12226390656994998
708,104.31568951191421,0.19634954084936207,-6.071532165918825e-18,0.1797100346877962,0.4777265466691095,-5.637851296924623e-17,0.16480230297163695,0.45964737993171345,8.326672684688674e-17,3.591468421545034,9.003128386387216,0.0,1.099946087007562,2.9600438844895387,-5.551115123125783e-17,1.3460474608747952,4.376536391551377,0.021807236545885136,6.449322711477589,0.6049406971616236,7.076070645185098,8.17020915941714,-0.16561963364145504,0.0,0.34998767286374655,0.1843680392222915,1.0,0.0003729981036406809,0.0,4.242640687119285,0.49449753603016056,0.12226390656994998
709,104.51203905276358,0.19634954084936207,-4.336808689942018e-18,0.18115485164895645,0.505450901605688,-5.702903427273753e-17,0.15821477338233791,0.4648406138234145,5.551115123125783e-17,3.595530492194592,9.036154611255576,0.0,1.1013312276883993,2.967785062793931,0.0,1.3660801098630462,4.469912631320694,0.021371435017782693,6.463919760150542,0.6064652365408183,7.091756431709143,8.202088882222087,-0.1660290822856037,0.0,0.35759122596801024,0.19156214368240654,1.0,0.0003729981036406809,0.0,4.242640687119285,0.49449753603016056,0.12226390656994998
711,104.90473813446232,0.19634954084936207,-3.469446951953614e-18,0.18383971640929406,0.5686333364342866,-5.5294310796760726e-17,0.1483191874597209,0.5233792398549565,1.3877787807814457e-16,3.60337371554291,9.051464971918962,0.0,1.10392394070566,2.971299440417571,-2.7755575615628914e-17,1.3906746487946628,4.55719022051335,0.02061804129330607,6.49215106693276,0.6093240334315568,7.122093141657623,8.253590689365222,-0.16603789499784075,0.0,0.32737988303256765,0.1613419880347269,1.0,0.0003723681813662635,0.0,4.242640687119285,0.5084140994151809,0.1292424482420747
712,105.10108767531169,0.19634954084936207,-6.071532165918825e-18,0.18455718816265712,0.5839089306380005,-5.421010862427522e-17,0.14931332925574578,0.518392484390888,1.1102230246251565e-16,3.6072046445317603,9.035697010842895,5.551115123125783e-17,1.104931819997562,3.0215138725700723,-2.7755575615628914e-17,1.387630553461088,4.523471944505551,0.02070750223130896,6.505962673765752,0.6104371634215624,7.137107339418623,8.267434512122842,-0.16539583488866244,0.0,0.2682934673929746,0.10289763250431216,1.0,0.0003723681813662635,0.0,4.242640687119285,0.5084140994151809,0.1292424482420747
713,105.29743721616106,0.19634954084936207,-4.336808689942018e-18,0.18495232599026168,0.5864989513563537,-5.659535340374333e-17,0.15267712542352402,0.5118956548116541,1.1102230246251565e-16,3.611067679844257,9.01197084916006,5.551115123125783e-17,1.105600603038542,3.0631762649545164,-2.7755575615628914e-17,1.3753599881274097,4.416287452722172,0.02095682584121709,6.519904894207892,0.6111763467195939,7.152038066768703,8.27395048966259,-0.1646998336364496,0.0,0.23139394285055306,0.06669410921410346,1.0,0.0003723681813662635,0.0,4.242640687119285,0.5084140994151809,0.1292424482420747
715,105.6901362978598,0.19634954084936207,-6.938893903907228e-18,0.18520690678932353,0.5585317781596013,-5.334274688628682e-17,0.15489993099821764,0.42878633649478115,1.3877787807814457e-16,3.6191029093835465,9.011249111630681,0.0,1.1059537305339844,3.108741134039422,-2.7755575615628914e-17,1.3414524459932144,4.179995011609952,0.020737042213589917,6.548952934354224,0.6115668270410184,7.181256803608832,8.278687190162369,-0.16356618347663407,0.0,0.20900236118995433,0.04543617771332026,1.0,0.0003723681813662635,0.0,4.242640687119285,0.5084140994151809,0.1292424482420747
716,105.88648583870916,0.19634954084936207,-7.806255641895632e-18,0.184853423586813,0.5432543813823351,-5.594483210025203e-17,0.15176291980719578,0.45377485297129716,1.3877787807814457e-16,3.6233086299149,8.992572322099965,0.0,1.105866782772456,3.1086944526371383,-2.7755575615628914e-17,1.327171080665073,4.055612643942654,0.020116802553660156,6.564182713807894,0.6114706706197512,7.1957701869813055,8.282814288486556,-0.16266792105251815,0.0,0.2159769433856651,0.05330902233314694,1.0,0.0003723681813662635,0.0,4.242640687119285,0.5084140994151809,0.1292424482420747
717,106.08283537955853,0.19634954084936207,-5.204170427930421e-18,0.18403432365587644,0.530684831839571,-5.334274688628682e-17,0.1477168535632483,0.47219421754992363,1.1102230246251565e-16,3.627633841309718,8.963572004087364,0.0,1.1058097686603765,3.0933453949161773,0.0,1.3157086632634019,3.9475074340522793,0.01949194146153815,6.579863643307753,0.6114076222323577,7.21076320700165,8.289564936612324,-0.16228792412219392,0.0,0.22859204432055696,0.06630412019836304,1.0,0.0003723681813662635,0.0,4.242640687119285,0.5084140994151809,0.1292424482420747
718,106.2791849204079,0.19634954084936207,-6.938893903907228e-18,0.18295164276007578,0.5129667959888315,-5.551115123125783e-17,0.14524773518187392,0.4737503361881303,5.551115123125783e-17,3.6320539247597323,8.9291100687756,0.0,1.1059351819621128,3.0646922039333004,-2.7755575615628914e-17,1.30628007170985,3.8667072272086176,0.019216667415661155,6.595907856181287,0.6115463133507857,7.226670836947735,8.298936409250018,-0.16202681754972215,0.0,0.24183840411102908,0.07981158656130694,1.0,0.0003723681813662635,0.0,4.242640687119285,0.5084140994151809,0.1292424482420747
720,106.67188400210664,0.19634954084936207,-5.204170427930421e-18,0.18169785912590902,0.48459487181307703,-5.2909066017292616e-17,0.14930210034386932,0.46917516840425294,1.1102230246251565e-16,3.6409478963552706,8.915282892629786,5.551115123125783e-17,1.107309795492272,3.034090080663444,-2.7755575615628914e-17,1.2963731111310848,3.8032080407141367,0.020116459742669172,6.628250791986933,0.6130674915965683,7.261434743326171,8.328259710603936,-0.16179651010975407,0.0,0.26886294063414384,0.10706643052438977,1.0,0.0003697597047662913,0.0,4.242640687119285,0.4941842668705361,0.12210904481118465
721,106.868233542956,0.19634954084936207,-5.204170427930421e-18,0.18202631751735232,0.4639138290712769,-5.551115123125783e-17,0.15389400775458864,0.4954958984048551,5.551115123125783e-17,3.6453234551419045,8.930264655419798,5.551115123125783e-17,1.1087683875561776,3.009870992443915,-2.7755575615628914e-17,1.3006730574058893,3.8255893229362106,0.02089302323519784,6.644191546303854,0.614683668621963,7.279768238161015,8.351224515393605,-0.16068806585268258,0.0,0.30926049662994615,0.14857243077726356,1.0,0.0003697597047662913,0.0,4.242640687119285,0.4941842668705361,0.12210904481118465
722,107.06458308380537,0.19634954084936207,-5.204170427930421e-18,0.1827684788758049,0.45364885082882817,-5.5294310796760726e-17,0.15786774935973466,0.5137769393808903,1.1102230246251565e-16,3.649572716174197,8.954557205140498,5.551115123125783e-17,1.1106648112615711,3.0045937840133994,0.0,1.3132069693145938,3.893924721637541,0.021493728123155774,6.659690505321551,0.6167881614873506,7.297972394932057,8.380378943368642,-0.16099298200542023,0.0,0.3402126191796438,0.17921963717422357,1.0,0.0003697597047662913,0.0,4.242640687119285,0.4941842668705361,0.12210904481118465
723,107.26093262465474,0.19634954084936207,-6.071532165918825e-18,0.18348616763346354,0.4500118919882433,-5.659535340374333e-17,0.16016398833478868,0.4977144377118777,1.1102230246251565e-16,3.6537125248204787,8.96484871918017,5.551115123125783e-17,1.1128087889122082,2.9911848758032424,-8.326672684688674e-17,1.3323675677450981,3.925995280138461,0.02177108714954469,6.674807607015016,0.619171700340128,7.315750394504689,8.414226995451145,-0.16153009317007916,0.0,0.36389876591293946,0.2023686727428603,1.0,0.0003697597047662913,0.0,4.242640687119285,0.4941842668705361,0.12210904481118465
725,107.65363170635348,0.19634954084936207,-6.938893903907228e-18,0.18366764504078012,0.41776895913841966,-5.334274688628682e-17,0.1595200201788032,0.5269019927920182,8.326672684688674e-17,3.6617959489756156,8.941026281690421,0.0,1.1169256446089668,3.00855519561912,0.0,1.3736611427065553,3.989637147529498,0.021588149723372155,6.704374785967115,0.6237614477925778,7.349724383483065,8.482960963720748,-0.16269316031533676,0.0,0.3675659612055038,0.20487280089016702,1.0,0.0003697597047662913,0.0,4.242640687119285,0.4941842668705361,0.12210904481118465
726,107.84998124720285,0.19634954084936207,-7.806255641895632e-18,0.1832237407748354,0.4245863663154358,-5.4860629927766524e-17,0.1574472681803949,0.5063475983522844,1.1102230246251565e-16,3.665769803307924,8.911245349727652,0.0,1.1185750370173213,3.017982215744629,-2.7755575615628914e-17,1.387347656831287,4.04180270110529,0.021378129950923617,6.718934125422107,0.6256050567191509,7.365917312092181,8.511200419458454,-0.16392117675115608,0.0,0.3382939769078905,0.1743728001567344,1.0,0.0003697597047662913,0.0,4.242640687119285,0.4941842668705361,0.12210904481118465
727,108.04633078805222,0.19634954084936207,-6.071532165918825e-18,0.18284666326189403,0.44825780664001363,-5.5077470362263625e-17,0.1546583746963769,0.4636863754331816,1.1102230246251565e-16,3.6697063540403505,8.900608468787972,0.0,1.119846659553772,3.0740192101992827,-5.551115123125783e-17,1.3935378305226465,4.097851037399861,0.021151650982857206,6.733372362442065,0.6270282704568707,7.381552283881793,8.532906429315059,-0.16453390021256328,0.0,0.3061677427140287,0.1416338425014654,1.0,0.0003697597047662913,0.0,4.242640687119285,0.4941842668705361,0.12210904481118465
729,108.43902986975095,0.19634954084936207,-4.336808689942018e-18,0.1832453104205639,0.48898418205078165,-5.616167253474913e-17,0.14727783200503775,0.43697644679044334,1.942890293094024e-16,3.6775817493023437,8.88242252233593,5.551115123125783e-17,1.12116342744408,3.136214477577625,-2.7755575615628914e-17,1.3857604906365764,4.229406655584201,0.02040734894250251,6.762303761400845,0.6285037155190788,7.411214825862426,8.55820821848202,-0.1647911698560686,0.0,0.2604723204524404,0.0956811505963718,1.0,0.0003697597047662913,0.0,4.242640687119285,0.4941842668705361,0.12210904481118465
730,108.63537941060032,0.19634954084936207,-5.204170427930421e-18,0.1837565051401503,0.5015388831275617,-5.377642775528102e-17,0.14357692711937523,0.41475042985910604,2.220446049250313e-16,3.681580540818756,8.911720583170187,5.551115123125783e-17,1.1213030301164704,3.1355734708010554,-2.7755575615628914e-17,1.3747061988537437,4.30269140327324,0.019846843892898695,6.777017639267661,0.628660242674189,7.425524725834749,8.564435594464003,-0.16429168167714983,0.0,0.22684584144805964,0.0625541597709098,1.0,0.0003693564398252695,0.0,4.242640687119285,0.5055118196946602,0.12777109992550334
731,108.83172895144969,0.19634954084936207,-6.071532165918825e-18,0.18388550121046032,0.513388819356251,-5.551115123125783e-17,0.141463217537345,0.4369129585729496,1.3877787807814457e-16,3.685616493612093,8.94028029546603,0.0,1.1213226247597605,3.1136205424726366,-2.7755575615628914e-17,1.3605054410373079,4.373749768412976,0.019298059571628414,6.79188446899275,0.6286822143990594,7.439864742963438,8.56831022223737,-0.16335152515487095,0.0,0.21358935625509648,0.05023783110022553,1.0,0.0003693564398252695,0.0,4.242640687119285,0.5055118196946602,0.12777109992550334
732,109.02807849229906,0.19634954084936207,-5.204170427930421e-18,0.18324227228353346,0.5312892054273087,-5.572799166575493e-17,0.14217619813953067,0.43263368482088393,1.1102230246251565e-16,3.6896349482973636,8.976902347499088,0.0,1.1214710030559372,3.0737624419821508,-5.551115123125783e-17,1.3441484216945696,4.4338103839978364,0.018934123539884957,6.806703025848644,0.6288486053476448,7.454485754736173,8.5711528045607,-0.16241832088631195,0.0,0.2072970604465688,0.04487873956025684,1.0,0.0003693564398252695,0.0,4.242640687119285,0.5055118196946602,0.12777109992550334
734,109.4207775739978,0.19634954084936207,-6.938893903907228e-18,0.17980078236637012,0.530207380667284,-5.551115123125783e-17,0.1505332198231451,0.4440842714278137,1.1102230246251565e-16,3.6974896714652234,9.085970627483714,0.0,1.1229109118721001,2.994892626629242,-5.551115123125783e-17,1.3123155216604268,4.484802059101392,0.019020854160306355,6.835714935296004,0.6304644580007155,7.485200247457025,8.580651153123277,-0.1611313669995463,0.0,0.21572091898614723,0.054589551986600926,1.0,0.0003693564398252695,0.0,4.242640687119285,0.5055118196946602,0.12777109992550334
735,109.61712711484716,0.19634954084936207,-6.071532165918825e-18,0.17782723225793823,0.5132173261810122,-5.572799166575493e-17,0.1545585685871746,0.45282847865121073,1.3877787807814457e-16,3.7013548065962545,9.103389631403404,0.0,1.12427649125137,3.0567750390703354,-2.7755575615628914e-17,1.3024042576666333,4.462679869094449,0.01927144487937208,6.8500137021565966,0.631998814390246,7.501283961426215,8.591272125421268,-0.160439240894154,0.0,0.24462852057219867,0.08418927967804465,1.0,0.0003693564398252695,0.0,4.242640687119285,0.5055118196946602,0.12777109992550334
736,109.81347665569653,0.19634954084936207,-6.938893903907228e-18,0.17630857709406964,0.48954362771768395,-5.421010862427522e-17,0.15648639466278033,0.45843677262871324,5.551115123125783e-17,3.705233770221332,9.094119744976355,0.0,1.12596268716958,3.099938416173494,-2.7755575615628914e-17,1.2996495641581582,4.4062301937561426,0.01944739776514923,6.864378645994293,0.6338959864490707,7.517722030208513,8.607672043854036,-0.16057090203888463,0.0,0.27376163410107723,0.1131907320621926,1.0,0.0003693564398252695,0.0,4.242640687119285,0.5055118196946602,0.12777109992550334
737,110.0098261965459,0.19634954084936207,-7.806255641895632e-18,0.17550934216926692,0.46792751948623607,-5.399326818977812e-17,0.1563520868653949,0.4626074865930857,1.3877787807814457e-16,3.709154567127641,9.062936070687725,5.551115123125783e-17,1.127860428931083,3.114901881520812,-2.7755575615628914e-17,1.3042601500533924,4.319410356419919,0.019484191787240104,6.878913801421919,0.6360345735743029,7.534432566783462,8.629762665892436,-0.16111898433104277,0.0,0.3029364009135739,0.1418174165825311,1.0,0.0003693564398252695,0.0,4.242640687119285,0.5055118196946602,0.12777109992550334
739,110.40252527824464,0.19634954084936207,-4.336808689942018e-18,0.176233448609169,0.44159308379792095,-5.355958732078392e-17,0.15422315743535414,0.44514077069772406,1.1102230246251565e-16,3.717139923875003,8.984028478045214,0.0,1.1319246592147902,3.0703563190768137,0.0,1.3269586257881179,4.100002185017707,0.019408665876840266,6.908564606832732,0.6406267170692594,7.568599989778831,8.684647889377533,-0.1623429267843367,0.0,0.3314568554145487,0.16911392863021202,1.0,0.0003693564398252695,0.0,4.242640687119285,0.5055118196946602,0.12777109992550334
740,110.59887481909401,0.19634954084936207,-6.071532165918825e-18,0.17748282683951858,0.45924692143687385,-5.442694905877232e-17,0.15412036344533783,0.440939104854459,1.1102230246251565e-16,3.7212017346087425,8.999726567788343,1.1102230246251565e-16,1.1339096457834308,3.044723040427797,0.0,1.3389346856218436,4.034494165154084,0.019502264791652887,6.9236711748275575,0.6428755424003527,7.5860489820195625,8.712965969357455,-0.16345570246199814,0.0,0.3376423730007587,0.17418667053876058,1.0,0.0003676026092182295,0.0,4.242640687119285,0.49578283610057355,0.1229003102859641
741,110.79522435994338,0.19634954084936207,-6.071532165918825e-18,0.17893664829702832,0.48399202455115214,-5.4860629927766524e-17,0.15485468154293142,0.4621984183196981,1.1102230246251565e-16,3.725330502834793,9.038756205353907,5.551115123125783e-17,1.1357770221491388,3.0819928203530833,-5.551115123125783e-17,1.3481914536354613,3.9697002588217485,0.01973951119462453,6.939043677675666,0.6449947220209826,7.603777910891273,8.739530085739295,-0.16311713747388346,0.0,0.32885923164744896,0.1657420941735655,1.0,0.0003676026092182295,0.0,4.242640687119285,0.49578283610057355,0.1229003102859641
743,111.18792344164211,0.19634954084936207,-7.806255641895632e-18,0.18136897475814862,0.5087335696027471,-5.551115123125783e-17,0.15649369462126633,0.5005590583321821,5.551115123125783e-17,3.7335739466652984,9.103926695101729,-1.1102230246251565e-16,1.139107644639196,3.1676210500895357,0.0,1.3566483853591464,3.8897395190172555,0.020360764077017663,6.969787207608944,0.6487831130377284,7.638931084723691,8.784647804965765,-0.16318144232087525,0.0,0.3094140134668286,0.14623257114595337,1.0,0.0003676026092182295,0.0,4.242640687119285,0.49578283610057355,0.1229003102859641
744,111.38427298249148,0.19634954084936207,-5.204170427930421e-18,0.1822812071009169,0.5113866113090442,-5.442694905877232e-17,0.1559301888656012,0.5024158496795198,1.1102230246251565e-16,3.7376047495951754,9.127939776039762,0.0,1.1407159575252375,3.2187607365645317,5.551115123125783e-17,1.3581065912495325,3.9534553100784233,0.020492652597844774,6.984844632098205,0.6506164478763596,7.655953732572409,8.804572629011535,-0.16269886319938287,0.0,0.2959363034610034,0.13323744026162054,1.0,0.0003676026092182295,0.0,4.242640687119285,0.49578283610057355,0.1229003102859641
745,111.58062252334085,0.19634954084936207,-5.204170427930421e-18,0.18319370336346352,0.5145098734105763,-5.616167253474913e-17,0.15374002804138698,0.4934806660140974,8.326672684688674e-17,3.7415561173719145,9.128874687635278,0.0,1.1423881543563483,3.2562945697792474,0.0,1.360163030324228,4.057643864496882,0.020367099115938998,6.999621089721597,0.6525253476068518,7.672513536444387,8.824550620697652,-0.16211404246832595,0.0,0.2954232608082773,0.13330921833995135,1.0,0.0003676026092182295,0.0,4.242640687119285,0.49578283610057355,0.1229003102859641
746,111.77697206419022,0.19634954084936207,-2.6020852139652106e-18,0.18415566677555986,0.5166357782549189,-5.442694905877232e-17,0.1501140179398183,0.470135423213909,1.3877787807814457e-16,3.7454624227101525,9.102512874796837,0.0,1.1441503632078343,3.284049404169894,-5.551115123125783e-17,1.3640246322653942,4.1855713695462375,0.019995100244127054,7.014244379966901,0.6545400268143092,7.6887795070253375,8.845671597144866,-0.1614155069746014,0.0,0.30009807080855566,0.13868256383395425,1.0,0.0003676026092182295,0.0,4.242640687119285,0.49578283610057355,0.1229003102859641
748,112.16967114588896,0.19634954084936207,-6.938893903907228e-18,0.18532254856537037,0.5307390129028837,-5.4643789493269423e-17,0.14338547789109887,0.44802132886059565,5.551115123125783e-17,3.753349298953017,8.971419450103545,5.551115123125783e-17,1.1479175310075334,3.3496809440735826,-2.7755575615628914e-17,1.3760858910642528,4.425873893929049,0.019113991241938404,7.043815479975551,0.6588573289972157,7.721786800214705,8.891919471700168,-0.16030052570318978,0.0,0.3086377542024051,0.1483372284992153,1.0,0.0003676026092182295,0.0,4.242640687119285,0.49578283610057355,0.1229003102859641
749,112.36602068673832,0.19634954084936207,-5.204170427930421e-18,0.18494929936626103,0.5403956026336346,-5.594483210025203e-17,0.1432012081008989,0.4299752290421457,1.3877787807814457e-16,3.757397043353772,8.928871084953853,0.0,1.1498990625205232,3.3636379709180684,-5.551115123125783e-17,1.382148960630172,4.49678281576534,0.018961664282977526,7.059016270701834,0.6611339269927888,7.739111861977601,8.916036441300577,-0.15928541009949376,0.0,0.31260657605145437,0.1533211659519606,1.0,0.0003676026092182295,0.0,4.242640687119285,0.49578283610057355,0.1229003102859641
750,112.56237022758769,0.19634954084936207,-3.469446951953614e-18,0.18384366197354118,0.5453029814254194,-5.4860629927766524e-17,0.14554144412431547,0.4278450083611313,8.326672684688674e-17,3.7615239751281964,8.966963805591151,5.551115123125783e-17,1.151901812249769,3.367722858106945,0.0,1.3873695355094833,4.517026920038022,0.019068931619533887,7.074531307732112,0.6634388925321513,7.757039131883798,8.940172465992095,-0.15879885183675163,0.0,0.31233679233282263,0.153537940496071,1.0,0.0003661789779974454,0.0,4.242640687119285,0.4956030411258016,0.1228111871865715
751,112.75871976843706,0.19634954084936207,-4.336808689942018e-18,0.1822147887677881,0.5417744757525957,-5.5294310796760726e-17,0.14906424873555202,0.4301882585185479,8.326672684688674e-17,3.765746146149945,9.004515655257123,-5.551115123125783e-17,1.1538577788093176,3.363783516081945,-2.7755575615628914e-17,1.3920147171668094,4.485550599327316,0.019301272206398143,7.09042201862158,0.665693886859386,7.775417177687364,8.964291407205177,-0.15794480559733992,0.0,0.3112991647095579,0.15335435911221795,1.0,0.0003661789779974454,0.0,4.242640687119285,0.4956030411258016,0.1228111871865715
753,113.1514188501358,0.19634954084936207,-1.0408340855860843e-17,0.1785586852572856,0.5010348265660189,-5.312590645178972e-17,0.15341653563504087,0.5063888240151805,5.551115123125783e-17,3.7743208342560273,9.060205947029988,0.0,1.157220529082213,3.333157580164338,-2.7755575615628914e-17,1.399946067972095,4.314809641629532,0.019422573865967747,7.122748879949555,0.6695796764646584,7.8117511302801805,9.010490034917083,-0.15813181265667625,0.0,0.306098278448215,0.14796646579153877,1.0,0.0003661789779974454,0.0,4.242640687119285,0.4956030411258016,0.1228111871865715
754,113.34776839098517,0.19634954084936207,-6.938893903907228e-18,0.1769948000105164,0.4643239549625026,-5.355958732078392e-17,0.15319776149638406,0.5272336552887682,1.3877787807814457e-16,3.7785758133673704,9.070102221145548,0.0,1.1585796779404665,3.3058223276067533,0.0,1.4012507685161422,4.2146082405183165,0.019197763886658233,7.138817588682444,0.6711534350683174,7.829168787637419,9.030468226097849,-0.15875609940053437,0.0,0.29081899570359704,0.13206289630306267,1.0,0.0003661789779974454,0.0,4.242640687119285,0.4956030411258016,0.1228111871865715
755,113.54411793183453,0.19634954084936207,-6.938893903907228e-18,0.17578933716264333,0.4202369873453409,-5.399326818977812e-17,0.15222496264484853,0.5141472750099018,5.551115123125783e-17,3.7827260719587867,9.064501135007806,0.0,1.1598049203484306,3.2703784271770067,-2.7755575615628914e-17,1.3982243688546687,4.174788386588899,0.01892826191977104,7.154508267738378,0.6725737266322147,7.846010256290364,9.046442457050517,-0.15933402742815395,0.0,0.2713976513907872,0.11206362396263325,1.0,0.0003661789779974454,0.0,4.242640687119285,0.4956030411258016,0.1228111871865715
757,113.93681701353327,0.19634954084936207,-6.938893903907228e-18,0.17464851540683524,0.41833618259388966,-5.4860629927766524e-17,0.15141817000646213,0.4761809795822728,1.6653345369377348e-16,3.7906327222526106,9.029638987225932,0.0,1.1621413308914286,3.263436911519138,0.0,1.3749577656277392,4.047362464510442,0.01881831129124001,7.184448217506122,0.6752862364830505,7.878552765280413,9.064276393223668,-0.16020694249987927,0.0,0.23731656258375228,0.07710962008387301,1.0,0.0003661789779974454,0.0,4.242640687119285,0.4956030411258016,0.1228111871865715
758,114.13316655438264,0.19634954084936207,-6.071532165918825e-18,0.17482041322668007,0.43484162986863095,-5.659535340374333e-17,0.15155939481838795,0.4655015276095156,1.1102230246251565e-16,3.7944638536410693,9.02201071469595,0.0,1.1632984399296,3.288873895160277,-5.551115123125783e-17,1.357033608489529,4.045392871099162,0.018995606418231566,7.198977968294316,0.6766316301713206,7.894605204883868,9.068452692989117,-0.16098915011368636,0.0,0.21464286823847176,0.05365371812478539,1.0,0.0003661789779974454,0.0,4.242640687119285,0.4956030411258016,0.1228111871865715
759,114.32951609523201,0.19634954084936207,-5.204170427930421e-18,0.17569434726459265,0.46085036053245165,-5.5077470362263625e-17,0.15092502228090723,0.4218848999849644,8.326672684688674e-17,3.798295244857865,9.064267306239671,0.0,1.1644595717687105,3.2954624713426734,-5.551115123125783e-17,1.3391707673100945,4.06423312496056,0.019171191993714788,7.213523383554933,0.6779830471418842,7.910677622690533,9.072872822717251,-0.1614380205947271,0.0,0.2161709059041618,0.05473288530943471,1.0,0.0003661789779974454,0.0,4.242640687119285,0.4956030411258016,0.1228111871865715
760,114.52586563608138,0.19634954084936207,-5.204170427930421e-18,0.17746094718774028,0.4804468461779654,-5.4860629927766524e-17,0.14876227161412292,0.3891057814892804,8.326672684688674e-17,3.802166748154331,9.098358043270556,5.551115123125783e-17,1.1656767040862346,3.285675981280893,-5.551115123125783e-17,1.3249462103070022,4.091275009241439,0.01923439852361435,7.228235990385239,0.6794010892246733,7.926871478133527,9.08025283161406,-0.16182279218542217,0.0,0.23098202975707868,0.06915923757165651,1.0,0.0003658929977627752,0.0,4.242640687119285,0.5013928325063758,0.1256973862443833
762,114.91856471778011,0.19634954084936207,-5.204170427930421e-18,0.18303669895006025,0.48882950590175034,-5.4643789493269423e-17,0.1419312195385575,0.390619328375848,8.326672684688674e-17,3.8100721315867507,9.107603410595638,5.551115123125783e-17,1.1686337732315903,3.254122105222864,0.0,1.314522655372224,4.1271161250658555,0.019140729372041237,7.258324823947002,0.6828524479687522,7.960318001287796,9.109722298357998,-0.1620557947612476,0.0,0.26743731916646646,0.10538152440521886,1.0,0.0003658929977627752,0.0,4.242640687119285,0.5013928325063758,0.1256973862443833
763,115.11491425862948,0.19634954084936207,-7.806255641895632e-18,0.18549479205006744,0.5173623140798408,-5.4860629927766524e-17,0.14067684822969428,0.3973694529499035,1.3877787807814457e-16,3.814092888198703,9.081340076413477,0.0,1.1705061208344123,3.2244729535497227,0.0,1.3179230810611322,4.1205900449861,0.01922442556465689,7.273652279903961,0.6850422894554119,7.977918994924029,9.131930021229731,-0.16207743684501041,0.0,0.3048054527653887,0.14272801592037826,1.0,0.0003658929977627752,0.0,4.242640687119285,0.5013928325063758,0.1256973862443833
764,115.31126379947885,0.19634954084936207,-4.336808689942018e-18,0.18659855761040142,0.5435598387213159,-5.421010862427522e-17,0.142663455656899,0.4029731613920456,1.1102230246251565e-16,3.8181449963708958,9.062816864932442,5.551115123125783e-17,1.1726741184696736,3.192126629181349,-2.7755575615628914e-17,1.3261782030396567,4.095884078141122,0.01946283733119004,7.289115606656052,0.6875822940643128,7.996160738051556,9.158605161194592,-0.16184302960231328,0.0,0.32721110721225016,0.16536807760993688,1.0,0.0003658929977627752,0.0,4.242640687119285,0.5013928325063758,0.1256973862443833
765,115.50761334032822,0.19634954084936207,-4.336808689942018e-18,0.18593142029121962,0.5537103384864278,-5.4643789493269423e-17,0.14707830026547222,0.4167160851198255,8.326672684688674e-17,3.822200001659278,9.06909493100704,0.0,1.175140113277054,3.166995121824285,-2.7755575615628914e-17,1.3395429196112016,4.059695133899622,0.01972517276950208,7.30460642634209,0.6904771429164038,8.014808742027997,9.189767197984134,-0.1614789524601769,0.0,0.3495093158375233,0.1880303633773464,1.0,0.0003658929977627752,0.0,4.242640687119285,0.5013928325063758,0.1256973862443833
767,115.90031242202696,0.19634954084936207,-6.071532165918825e-18,0.180618701208661,0.5270972573106372,-5.4860629927766524e-17,0.154205919712943,0.47864530682706774,1.1102230246251565e-16,3.8301497409197998,9.085833239211548,0.0,1.1809072213355174,3.194541172138501,-5.551115123125783e-17,1.3826192510878306,4.003316495079508,0.019534894350582477,7.335023518934006,0.6972709327011863,8.051829345985775,9.2652419969262,-0.16088521286681973,0.0,0.381492234378624,0.22060702151180428,1.0,0.0003658929977627752,0.0,4.242640687119285,0.5013928325063758,0.1256973862443833
768,116.09666196287633,0.19634954084936207,-4.336808689942018e-18,0.17756334331203705,0.49686854753369886,-5.5294310796760726e-17,0.1540477726233046,0.4608178602816384,1.6653345369377348e-16,3.833996296452389,9.078113916361666,-1.1102230246251565e-16,1.1840656956210154,3.2482655214537983,-5.551115123125783e-17,1.4087433545352712,4.008510003562795,0.019002130138486176,7.3497638006053165,0.7010057857732392,8.069771716517042,9.306608118806048,-0.16039826685299102,0.0,0.3984975028854714,0.2380992360324804,1.0,0.0003658929977627752,0.0,4.242640687119285,0.5013928325063758,0.1256973862443833
769,116.2930115037257,0.19634954084936207,-6.071532165918825e-18,0.17526251823891395,0.48794396420254893,-5.551115123125783e-17,0.15214215867614242,0.4253110780959355,8.326672684688674e-17,3.8377825992722143,9.050589006107094,0.0,1.187205029880849,3.31065204637784,-2.7755575615628914e-17,1.4321733998539408,4.044048877315331,0.018455482179095983,7.364287639638297,0.7047278914871937,8.087471013304587,9.346001479549063,-0.1601571536924486,0.0,0.3882474080626291,0.2280902543701805,1.0,0.0003658929977627752,0.0,4.242640687119285,0.5013928325063758,0.1256973862443833
771,116.68571058542443,0.19634954084936207,-5.204170427930421e-18,0.17419415428823162,0.46211043659792217,-5.2692225582795515e-17,0.15014339530480397,0.4554138780392325,5.551115123125783e-17,3.8454104103138076,9.039049670719514,5.551115123125783e-17,1.1927018833031842,3.392647277498932,-5.551115123125783e-17,1.4541971570572796,4.204929225542401,0.018351161137023387,7.393590611874901,0.7112688912174812,8.123210664229406,9.405445685777126,-0.15941894528449463,0.0,0.33955433768587995,0.18013539240138532,1.0,0.00036400442274105025,0.0,4.242640687119285,0.4901152003560443,0.12010645481002272
772,116.8820601262738,0.19634954084936207,-1.734723475976807e-18,0.17530482660329086,0.4551369399419207,-5.442694905877232e-17,0.15125054313290848,0.4626938371053518,8.326672684688674e-17,3.849333033739723,9.070084119912302,0.0,1.1948002052876245,3.4130117225446233,-5.551115123125783e-17,1.450576084216276,4.285184319654777,0.018817362893895746,7.408682402319931,0.713773765277675,8.141273530491501,9.423173459316235,-0.15871214596043282,0.0,0.27922093613461596,0.12050879017418314,1.0,0.00036400442274105025,0.0,4.242640687119285,0.4901152003560443,0.12010645481002272
773,117.07840966712317,0.19634954084936207,-5.204170427930421e-18,0.17709479133538178,0.4769741793083918,-5.377642775528102e-17,0.15225223997654622,0.44931586180993865,1.1102230246251565e-16,3.85333949579707,9.08687628932475,0.0,1.1964061889820374,3.4595810391164385,-2.7755575615628914e-17,1.4400578423350587,4.335104989759715,0.01930633299111304,7.424112634934809,0.7156938845172611,8.159112852443183,9.434723716063534,-0.15856316831100392,0.0,0.24793946247514567,0.08937629416414175,1.0,0.00036400442274105025,0.0,4.242640687119285,0.4901152003560443,0.12010645481002272
774,117.27475920797254,0.19634954084936207,-6.071532165918825e-18,0.1791466627197123,0.5152248148022308,-5.5077470362263625e-17,0.15172602906982507,0.46771732878670425,1.1102230246251565e-16,3.8574239956848495,9.082589302988065,-1.1102230246251565e-16,1.197565661949324,3.4914272575910625,-5.551115123125783e-17,1.4259293926332406,4.3401739195792715,0.019561044248883108,7.439859941242634,0.7170817573400612,8.176502742831579,9.442568651020999,-0.15850809509826744,0.0,0.22881772949481277,0.07030963439654533,1.0,0.00036400442274105025,0.0,4.242640687119285,0.4901152003560443,0.12010645481002272
776,117.66745828967127,0.19634954084936207,-5.204170427930421e-18,0.18262444202244243,0.5724513656093366,-5.572799166575493e-17,0.14628482772147064,0.463106121132951,1.1102230246251565e-16,3.8657145476700223,9.053043909875447,0.0,1.1990560021818502,3.493817718427126,-2.7755575615628914e-17,1.394366166682019,4.2210713203280275,0.019301801464510968,7.471874482033824,0.7188676481841605,8.210043931682495,9.453860971699282,-0.15864161501486834,0.0,0.2175179080707496,0.05887629305588127,1.0,0.00036400442274105025,0.0,4.242640687119285,0.4901152003560443,0.12010645481002272
777,117.86380783052064,0.19634954084936207,-5.204170427930421e-18,0.18360408828843708,0.5847062214329313,-5.4860629927766524e-17,0.14402355367857742,0.4248820649401085,8.326672684688674e-17,3.869819714590939,9.088291672886344,5.551115123125783e-17,1.199787614662377,3.4653252372586967,-2.7755575615628914e-17,1.3782419179340917,4.125705744175168,0.019119244734512434,7.487752311718347,0.719745160148618,8.226616716601477,9.45924058852477,-0.15888555396827758,0.0,0.21687533483198254,0.05798978086370496,1.0,0.00036400442274105025,0.0,4.242640687119285,0.4901152003560443,0.12010645481002272
778,118.06015737137001,0.19634954084936207,-6.938893903907228e-18,0.18390338121106165,0.5837972613110916,-5.616167253474913e-17,0.143513317425786,0.43873280630968925,8.326672684688674e-17,3.8738287466586008,9.14971435809322,0.0,1.200798577620549,3.423123012478781,0.0,1.3634935844191374,4.08439434020131,0.019058018639849298,7.503274579219274,0.7209586120077667,8.24329120986689,9.466210805657736,-0.15901570708552776,0.0,0.22557438316153675,0.06655867607600899,1.0,0.00036400442274105025,0.0,4.242640687119285,0.4901152003560443,0.12010645481002272
779,118.25650691221938,0.19634954084936207,-5.204170427930421e-18,0.18342617865782826,0.5783363018362478,-5.572799166575493e-17,0.14424700667709864,0.4692892459001655,8.326672684688674e-17,3.8777256206133823,9.199459357657322,-5.551115123125783e-17,1.2022242519495832,3.409773039816017,0.0,1.352886146844831,4.039051410587567,0.019035084992257516,7.51837799438072,0.7226715759878672,8.260084655360846,9.476937481456368,-0.15907053462962265,0.0,0.24484735593413398,0.08577682130451134,1.0,0.00036400442274105025,0.0,4.242640687119285,0.4901152003560443,0.12010645481002272
781,118.64920599391812,0.19634954084936207,-7.806255641895632e-18,0.18011443529394094,0.5370856473977591,-5.399326818977812e-17,0.1442214510733851,0.48795203756049205,8.326672684688674e-17,3.885356412346613,9.238112949767864,0.0,1.2062946760779043,3.369034433104459,0.0,1.3541230855608066,3.972643713176659,0.0184762496456872,7.5479972254814705,0.7275734227669481,8.294046897894106,9.51670563999021,-0.15875435450956116,0.0,0.29031244725053323,0.13155809274097208,1.0,0.00036277287308840813,0.0,4.242640687119285,0.49195869823087585,0.121011680382509
782,118.84555553476748,0.19634954084936207,-6.938893903907228e-18,0.1776707420938143,0.5061087328465708,-5.4643789493269423e-17,0.1427940159272529,0.474674278447054,5.551115123125783e-17,3.8892182792859074,9.222868839516217,0.0,1.2087204380240166,3.38142452712888,0.0,1.365491763346051,3.9610055647759688,0.017921565931290254,7.563009411965817,0.7305025486484853,8.311433526545592,9.545369369250874,-0.1583870034808156,0.0,0.333692057497059,0.17530505401624338,1.0,0.00036277287308840813,0.0,4.242640687119285,0.49195869823087585,0.121011680382509
783,119.04190507561685,0.19634954084936207,-6.071532165918825e-18,0.1752419395364336,0.47388884145658755,-5.442694905877232e-17,0.14225814652216323,0.4391913795562739,1.3877787807814457e-16,3.8931673501811783,9.18758017275675,1.1102230246251565e-16,1.211238838399663,3.393175768484552,-2.7755575615628914e-17,1.3795338964439714,3.962550547714118,0.01745982985454557,7.578376008258369,0.7335497618238827,8.329385599936797,9.576776080048909,-0.15829981867061885,0.0,0.34757407769565674,0.1892742590250379,1.0,0.00036277287308840813,0.0,4.242640687119285,0.49195869823087585,0.121011680382509
785,119.43460415731559,0.19634954084936207,-4.336808689942018e-18,0.17210155965002738,0.44273158145155234,-5.4860629927766524e-17,0.14967286380861416,0.49149511741087887,8.326672684688674e-17,3.9013437521111483,9.080475596883236,0.0,1.216243339022818,3.4062317345957815,-5.551115123125783e-17,1.4011373847180113,3.9828750522091974,0.01766049740365128,7.610241536068345,0.7396239298586863,8.367525963330682,9.637210105320063,-0.1581728019830323,0.0,0.34239734302110464,0.18422454103807234,1.0,0.00036277287308840813,0.0,4.242640687119285,0.49195869823087585,0.121011680382509
786,119.63095369816496,0.19634954084936207,-8.673617379884035e-18,0.1718240230787023,0.44688075314559716,-5.312590645178972e-17,0.15581823525177102,0.5203978808976945,1.6653345369377348e-16,3.90553430309934,9.102777881935815,0.0,1.2186375106971705,3.411122471080681,0.0,1.4071275774517442,4.090843703933511,0.018230110828103843,7.626599096342824,0.7425386912390981,8.387367898410027,9.664508754839932,-0.1581392737805663,0.0,0.3284729138453224,0.1703336400647561,1.0,0.00036277287308840813,0.0,4.242640687119285,0.49195869823087585,0.121011680382509
787,119.82730323901433,0.19634954084936207,-8.673617379884035e-18,0.1723743150909899,0.4418974469218545,-5.421010862427522e-17,0.159856707977214,0.5174346605518516,1.6653345369377348e-16,3.909750359922716,9.160282594180684,5.551115123125783e-17,1.2209404097039565,3.4357964567475774,-5.551115123125783e-17,1.412611841712202,4.204306420783597,0.01872700083244825,7.643073938457901,0.7453477420240328,8.407148681314382,9.691273921481711,-0.15827045578090249,0.0,0.3257989006980758,0.16752844491717334,1.0,0.00036277287308840813,0.0,4.242640687119285,0.49195869823087585,0.121011680382509
788,120.0236527798637,0.19634954084936207,-6.071532165918825e-18,0.1735387907018112,0.42918939337054357,-5.4643789493269423e-17,0.15957223124417522,0.49781623552514753,1.1102230246251565e-16,3.9139454526235498,9.20111373893418,0.0,1.2231852184127625,3.459299219190898,0.0,1.419941972265708,4.29349741478062,0.018875743229168598,7.659484503056281,0.7480910392717386,8.426451285557189,9.71892583007142,-0.15856782008086698,0.0,0.3299436619692414,0.17137584188837443,1.0,0.00036277287308840813,0.0,4.242640687119285,0.49195869823087585,0.121011680382509
790,120.41635186156243,0.19634954084936207,-6.071532165918825e-18,0.17660787533686897,0.4152656261081792,-5.377642775528102e-17,0.14750607773457922,0.4661038492039251,1.6653345369377348e-16,3.9220828242725445,9.240019474189623,0.0,1.227752549097012,3.5302330318239026,-2.7755575615628914e-17,1.4394043011274762,4.358291979104153,0.01819208939630472,7.69136684022685,0.7536881609071052,8.46324709053026,9.77634413180552,-0.15928614502322166,0.0,0.3350182341176186,0.17573208909439694,1.0,0.00036276188413288167,0.0,4.242640687119285,0.49859772092962695,0.12429984365810909
791,120.6127014024118,0.19634954084936207,-6.071532165918825e-18,0.17812527664848665,0.42839629897830567,-5.399326818977812e-17,0.1410180635603632,0.42146673765402204,1.3877787807814457e-16,3.925985714706789,9.245652874977537,5.551115123125783e-17,1.2301427741717907,3.5724737645260256,-2.7755575615628914e-17,1.4468054996007556,4.330718601100022,0.017861414347582524,7.706681916040887,0.7566256224235346,8.481168952812006,9.802971036727786,-0.16007374792344814,0.0,0.3250961929437647,0.16502244502031654,1.0,0.00036276188413288167,0.0,4.242640687119285,0.49859772092962695,0.12429984365810909
792,120.80905094326117,0.19634954084936207,-4.336808689942018e-18,0.17957753155801626,0.4482013963223392,-5.442694905877232e-17,0.13796075911598119,0.38329304133879166,2.7755575615628914e-17,3.9298113083594934,9.23246092796987,5.551115123125783e-17,1.2325532090397633,3.60786255756507,0.0,1.449784830297792,4.27189952226778,0.01783406038451242,7.7217084596550745,0.759593706557109,8.499136226596695,9.826236467777438,-0.16050061262041854,0.0,0.30886116867402874,0.1483605560536102,1.0,0.00036276188413288167,0.0,4.242640687119285,0.49859772092962695,0.12429984365810909
793,121.00540048411054,0.19634954084936207,-6.071532165918825e-18,0.1809732404129744,0.4737293736748555,-5.442694905877232e-17,0.13865841976606647,0.41642729220284935,8.326672684688674e-17,3.933615130335371,9.203789595574493,-5.551115123125783e-17,1.234892813243587,3.6360609405649704,-5.551115123125783e-17,1.448385871334906,4.194293458326337,0.0180907188629393,7.736663996801679,0.7624801301003304,8.517234845764948,9.846126816581574,-0.16078400389179123,0.0,0.2923184333799691,0.13153442948817787,1.0,0.00036276188413288167,0.0,4.242640687119285,0.49859772092962695,0.12429984365810909
795,121.39809956580928,0.19634954084936207,-5.204170427930421e-18,0.18295137496448036,0.5094826257420759,-5.551115123125783e-17,0.1440571221345681,0.4240953703737937,1.6653345369377348e-16,3.9413488820838802,9.149740802017051,0.0,1.2390658191328503,3.6923254985500047,-8.326672684688674e-17,1.439459692813053,4.041070376056375,0.01868266071541229,7.767115505151925,0.7676420520716805,8.553440217939018,9.880534205963727,-0.16092699466240692,0.0,0.278537395740878,0.11761040107847107,1.0,0.00036276188413288167,0.0,4.242640687119285,0.49859772092962695,0.12429984365810909
796,121.59444910665864,0.19634954084936207,-5.204170427930421e-18,0.18289053153574109,0.510491838650989,-5.442694905877232e-17,0.14581094290558594,0.38466105087563984,1.6653345369377348e-16,3.945323860111983,9.181112151578077,5.551115123125783e-17,1.2408553838315162,3.706041553951992,-5.551115123125783e-17,1.4350305283732856,4.056232813403866,0.01871187939148255,7.78279018058446,0.7698610417918295,8.571363101767773,9.897238550247694,-0.16084309973977418,0.0,0.2752206826120449,0.11437758287227073,1.0,0.00036276188413288167,0.0,4.242640687119285,0.49859772092962695,0.12429984365810909
797,121.79079864750801,0.19634954084936207,-4.336808689942018e-18,0.18181425088440867,0.5112122719375038,-5.377642775528102e-17,0.14678888073358182,0.4132495613919077,1.3877787807814457e-16,3.9493679014655316,9.213209522300268,0.0,1.242480073362083,3.706204564651534,-2.7755575615628914e-17,1.4308244524684082,4.062237621850658,0.018574388227651117,7.798753410563128,0.7718783663509237,8.589206165141702,9.913844357213637,-0.16067475614772853,0.0,0.27428602420021514,0.11361126805248661,1.0,0.00036276188413288167,0.0,4.242640687119285,0.49859772092962695,0.12429984365810909
799,122.18349772920675,0.19634954084936207,-7.806255641895632e-18,0.177449142513727,0.49765271670336075,-5.442694905877232e-17,0.14813985423850376,0.45085946473605354,1.3877787807814457e-16,3.957548447691546,9.242462683652185,5.551115123125783e-17,1.245487840205787,3.6687354174845317,-5.551115123125783e-17,1.419931605097414,4.08701170802002,0.01822808599980545,7.831094857912885,0.7756199800502377,8.624942923962928,9.944938460064884,-0.1603440105485091,0.0,0.2687298072212455,0.1083857966727364,1.0,0.00036276188413288167,0.0,4.242640687119285,0.49859772092962695,0.12429984365810909
800,122.37984727005612,0.19634954084936207,-5.204170427930421e-18,0.17523447160797442,0.4807158024794562,-5.4643789493269423e-17,0.14845759091972763,0.44393213813278487,5.551115123125783e-17,3.9615897477274524,9.237535585619678,0.0,1.2470403469810545,3.6346055518517435,0.0,1.4127205923430233,4.105838745367184,0.01811564792847465,7.84709666464963,0.7775548134993143,8.642767126077418,9.95918239702484,-0.16004151975744954,0.0,0.2621296953593577,0.10208817560190817,1.0,0.0003612963504695,0.0,4.242640687119285,0.48866646981024764,0.11939745935840483
801,122.57619681090549,0.19634954084936207,-6.071532165918825e-18,0.17370675280074246,0.4697358619384142,-5.5077470362263625e-17,0.14823992000981634,0.42723750564575,1.942890293094024e-16,3.9655590863285477,9.2203965096469,0.0,1.24874385189542,3.5940372708869703,-5.551115123125783e-17,1.4050934538383288,4.108646137567777,0.018003582131525236,7.862829433581455,0.7796806038233053,8.660513619536285,9.973251879144806,-0.15929175115013047,0.0,0.26049554741662173,0.10120379626649126,1.0,0.0003612963504695,0.0,4.242640687119285,0.48866646981024764,0.11939745935840483
802,122.77254635175485,0.19634954084936207,-6.938893903907228e-18,0.1730452677907365,0.4648474671372596,-5.2909066017292616e-17,0.1476786231505084,0.4196606273459837,1.1102230246251565e-16,3.9694212830956093,9.201168958127347,5.551115123125783e-17,1.2506164867958698,3.558133568551729,0.0,1.3978753166030489,4.105358666890821,0.017856856168336637,7.878152661346195,0.782020798522822,8.678030316037352,9.987646072767555,-0.1592815214728014,0.0,0.26221226362924704,0.10293074215644565,1.0,0.0003612963504695,0.0,4.242640687119285,0.48866646981024764,0.11939745935840483
804,123.16524543345359,0.19634954084936207,-4.336808689942018e-18,0.1734942039296487,0.4885620788071802,-5.399326818977812e-17,0.1479479224882282,0.4574112969980981,1.3877787807814457e-16,3.976974807875752,9.165775638733422,-5.551115123125783e-17,1.2547969033780972,3.6813276175053886,-5.551115123125783e-17,1.3876407789630831,4.112753662422235,0.017581773115645342,7.908164311239188,0.7872576343636309,8.713003718718465,10.020159024571239,-0.15939054686946277,0.0,0.2720424599581357,0.11265191308867292,1.0,0.0003612963504695,0.0,4.242640687119285,0.48866646981024764,0.11939745935840483
805,123.36159497430296,0.19634954084936207,-6.938893903907228e-18,0.1739971894352906,0.5097332263203189,-5.421010862427522e-17,0.14937067006115576,0.44838383885373523,8.326672684688674e-17,3.980784553451668,9.201376805022857,1.1102230246251565e-16,1.2570593506777392,3.718177966281788,-2.7755575615628914e-17,1.3864856563531278,4.092796785265858,0.017583382398839165,7.9233228304996945,0.7900991055631696,8.731005318461703,10.040136892348576,-0.1596054490493372,0.0,0.29153371515792514,0.13192826610858793,1.0,0.0003612963504695,0.0,4.242640687119285,0.48866646981024764,0.11939745935840483
806,123.55794451515233,0.19634954084936207,-4.336808689942018e-18,0.17454185507189784,0.5285934286257744,-5.5077470362263625e-17,0.15095039836376137,0.49102291416357957,1.1102230246251565e-16,3.9846709038495236,9.24072123475143,5.551115123125783e-17,1.259457496503689,3.737929549070624,0.0,1.3899208334243038,4.062643428090699,0.017709436974873774,7.9388011059924875,0.79311659274967,8.74962713571703,10.064351307727168,-0.15983069354090018,0.0,0.31338403436139783,0.15355334082049765,1.0,0.0003612963504695,0.0,4.242640687119285,0.48866646981024764,0.11939745935840483
807,123.7542940560017,0.19634954084936207,-2.6020852139652106e-18,0.17527098193173163,0.5419398434611785,-5.421010862427522e-17,0.15161181126466675,0.529037396794803,1.3877787807814457e-16,3.9886384377363964,9.266777514319225,-5.551115123125783e-17,1.2620365518456456,3.7420198365324757,-2.7755575615628914e-17,1.3995938314058658,4.154274764168365,0.017898903368691883,7.954618293494118,0.7963681290972234,8.768885325960033,10.094146436142784,-0.16012699623677948,0.0,0.3418691558633554,0.18174215962657594,1.0,0.0003612963504695,0.0,4.242640687119285,0.48866646981024764,0.11939745935840483
809,124.14699313770043,0.19634954084936207,-2.6020852139652106e-18,0.17773294484540525,0.5482714830888578,-5.5077470362263625e-17,0.1474090735605874,0.5361494823020451,1.3877787807814457e-16,3.996744302316455,9.263868248762666,5.551115123125783e-17,1.267801082998333,3.7247759283705864,-2.7755575615628914e-17,1.4396290591553293,4.379678072291277,0.018072046197727256,7.986982509049522,0.803659793025873,8.80871434827312,10.1719577348494,-0.16064313575234837,0.0,0.38800589588520396,0.22736276013285558,1.0,0.0003612963504695,0.0,4.242640687119285,0.48866646981024764,0.11939745935840483
810,124.3433426785498,0.19634954084936207,-6.071532165918825e-18,0.17915884127493856,0.5432246023480615,-5.4860629927766524e-17,0.14301689137352008,0.5091532737587534,1.1102230246251565e-16,4.000829148424724,9.256689588809826,5.551115123125783e-17,1.2709091199904827,3.7208016730095705,0.0,1.4668610572836545,4.483790248140142,0.017949034024326634,8.003316937442449,0.8076049956374916,8.828870967104267,10.217429930313099,-0.16105449391631144,0.0,0.4211493375165754,0.26009484360026397,1.0,0.00036056062440852944,0.0,4.242640687119285,0.49160744330600975,0.1208389391569358
811,124.53969221939917,0.19634954084936207,-7.806255641895632e-18,0.1802381398008188,0.5373761345696468,-5.572799166575493e-17,0.13865493262548573,0.4665062903653536,1.6653345369377348e-16,4.004905441707277,9.2646876016673,0.0,1.2740730003474683,3.7018287616209795,-5.551115123125783e-17,1.494347642245274,4.568095175391003,0.017742661035591082,8.01963379850828,0.8116310051072,8.849007464651072,10.263568686246952,-0.16078851761137208,0.0,0.4241411864036059,0.2633526687922338,1.0,0.00036056062440852944,0.0,4.242640687119285,0.49160744330600975,0.1208389391569358
813,124.93239130109791,0.19634954084936207,-5.204170427930421e-18,0.18056699058727635,0.5257920610840437,-5.442694905877232e-17,0.1357181304738492,0.3874993796014198,1.6653345369377348e-16,4.012904408861546,9.25211415289623,5.551115123125783e-17,1.2801789170934321,3.6967173249317824,-2.7755575615628914e-17,1.5343215852177547,4.652280073310963,0.01753839040700159,8.05170089733022,0.8194290298852563,8.888668317622477,10.343715883761316,-0.1603764588995075,0.0,0.3935087393533623,0.23313228045385478,1.0,0.00036056062440852944,0.0,4.242640687119285,0.49160744330600975,0.1208389391569358
814,125.12874084194728,0.19634954084936207,-6.071532165918825e-18,0.18000826517517649,0.5147616996780556,-5.377642775528102e-17,0.13832915018859687,0.4017057843592644,1.1102230246251565e-16,4.016838591114818,9.249691389686355,0.0,1.2829020124502113,3.7169057747519765,-5.551115123125783e-17,1.54121674504749,4.649578992879523,0.017701795061623934,8.06749613353464,0.822918786774401,8.908116715370666,10.37237974705306,-0.15947283057763767,0.0,0.33567273056924585,0.17619989999160818,1.0,0.00036056062440852944,0.0,4.242640687119285,0.49160744330600975,0.1208389391569358
815,125.32509038279665,0.19634954084936207,-5.204170427930421e-18,0.17927636787980625,0.4990532917972369,-5.442694905877232e-17,0.1427581818040531,0.3957436645041627,1.1102230246251565e-16,4.020784002875943,9.263610614229695,0.0,1.2852387902507394,3.7433247177237226,2.7755575615628914e-17,1.5381308312676651,4.620950979139055,0.018018434526621864,8.083351998891544,0.825919373982592,8.927289807400758,10.391987723989313,-0.15869265167581195,0.0,0.2895940849520009,0.13090143327618894,1.0,0.00036056062440852944,0.0,4.242640687119285,0.49160744330600975,0.1208389391569358
816,125.52143992364601,0.19634954084936207,-8.673617379884035e-19,0.17852316285403988,0.47827204923527195,-5.334274688628682e-17,0.1474918484193374,0.4351807043873501,1.1102230246251565e-16,4.024794627462682,9.283304136498595,0.0,1.287089603254777,3.7583868929145985,-2.7755575615628914e-17,1.5260572370169558,4.572389470529701,0.018369712122107387,8.099485896626232,0.8282998234032694,8.946155432151608,10.403244942030872,-0.15797260520703954,0.0,0.24697933591138416,0.08900673070434462,1.0,0.00036056062440852944,0.0,4.242640687119285,0.49160744330600975,0.1208389391569358
818,125.91413900534475,0.19634954084936207,-1.734723475976807e-18,0.17703190721041817,0.42457610512456057,-5.551115123125783e-17,0.15244360463200546,0.46743950770449255,1.3877787807814457e-16,4.033116646990864,9.349595758542263,5.551115123125783e-17,1.2893039066399996,3.8090534841731585,0.0,1.4843823529726978,4.446663101773412,0.01862339862424353,8.133014944117416,0.8311522818385824,8.982790624580241,10.408858468269349,-0.1574296076664943,0.0,0.20374781866953662,0.046318211003042314,1.0,0.00036056062440852944,0.0,4.242640687119285,0.49160744330600975,0.1208389391569358
819,126.11048854619412,0.19634954084936207,-7.806255641895632e-18,0.17625334642553847,0.4216521057932442,-5.399326818977812e-17,0.1514824148145172,0.5070477448225035,1.3877787807814457e-16,4.037399344568272,9.3972438101603,5.551115123125783e-17,1.289877438680339,3.8306390677723545,-2.7755575615628914e-17,1.4606372815333255,4.387156803354287,0.01839520007072464,8.150296733760156,0.8318919034082761,9.000583837239157,10.4085102830628,-0.15768743479460193,0.0,0.1877046415567578,0.030017206762155885,1.0,0.00036056062440852944,0.0,4.242640687119285,0.49160744330600975,0.1208389391569358
820,126.30683808704349,0.19634954084936207,-4.336808689942018e-18,0.17547248347154815,0.42205277415894255,-5.4860629927766524e-17,0.1487946472225211,0.5093553190507694,8.326672684688674e-17,4.041705086741746,9.427012588485862,5.551115123125783e-17,1.2903497829283443,3.8360427801130967,-2.7755575615628914e-17,1.4386168207145933,4.341664250994312,0.018006198528188695,8.16769000409705,0.8325012811516127,9.018197483776852,10.409495721276064,-0.15839927739607962,0.0,0.19482341886545845,0.036424141469378835,1.0,0.0003598991911794301,0.0,4.242640687119285,0.49110281929748656,0.12059098956096986
821,126.50318762789286,0.19634954084936207,-6.938893903907228e-18,0.17476558468700193,0.41776295628736093,-5.2909066017292616e-17,0.1456167994553052,0.4820941993445301,1.3877787807814457e-16,4.045988976011266,9.43458965122124,0.0,1.290953666704391,3.8252630845407696,-2.7755575615628914e-17,1.4205077575179375,4.317491885948521,0.01760288211207066,8.185013397002347,0.8332806847887559,9.035896963903173,10.413995066767463,-0.15911125650346428,0.0,0.2129693961768947,0.05385813967343042,1.0,0.0003598991911794301,0.0,4.242640687119285,0.49110281929748656,0.12059098956096986
823,126.8958867095916,0.19634954084936207,-3.469446951953614e-18,0.1741642367501233,0.45283825384193244,-5.421010862427522e-17,0.14214118632007178,0.4335136579631003,5.551115123125783e-17,4.054257094979222,9.378089025073983,5.551115123125783e-17,1.293326932841509,3.763579599940628,-5.551115123125783e-17,1.4026661915769094,4.345155241228189,0.017211371558266967,8.218500296094678,0.8363472776066123,9.072058945259556,10.439623783014248,-0.16080574140504258,0.0,0.2564351337558986,0.09562939235085602,1.0,0.0003598991911794301,0.0,4.242640687119285,0.49110281929748656,0.12059098956096986
824,127.09223625044096,0.19634954084936207,-6.071532165918825e-18,0.17461870865156173,0.4685333245820306,-5.355958732078392e-17,0.14201763762922218,0.43662276908397973,1.3877787807814457e-16,4.058179060740005,9.39827047939977,0.0,1.2953176365688748,3.7388429453361063,-2.7755575615628914e-17,1.4052617231976554,4.392820571505225,0.017231300266488156,8.234408644514316,0.8389238898031876,9.09056383458399,10.46267306227198,-0.16231780157906556,0.0,0.3093810513701416,0.14706324979107605,1.0,0.0003598991911794301,0.0,4.242640687119285,0.49110281929748656,0.12059098956096986
825,127.28858579129033,0.19634954084936207,-5.204170427930421e-18,0.17564856276373683,0.4766652275369143,-5.442694905877232e-17,0.1419305640461801,0.421861756276662,1.3877787807814457e-16,4.061970512612999,9.458243117174018,0.0,1.2978151946519725,3.7302658801608803,-2.7755575615628914e-17,1.4156795343041075,4.453724380689847,0.01728374097305292,8.249802222668755,0.8421621397347686,9.109248103376576,10.492530349950169,-0.1630414996524902,0.0,0.34418969847362835,0.18114819882113814,1.0,0.0003598991911794301,0.0,4.242640687119285,0.49110281929748656,0.12059098956096986
827,127.68128487298907,0.19634954084936207,-2.6020852139652106e-18,0.17827819159760896,0.4820572466142173,-5.2475385148298415e-17,0.14077250623934742,0.4001532988884241,2.220446049250313e-16,4.069395697108186,9.510813037716666,0.0,1.3036641451439823,3.6991132851940582,-2.7755575615628914e-17,1.4517953557778787,4.573582595777742,0.017307630774256705,8.27999066982131,0.8497701016669952,9.147068402262562,10.565920137795278,-0.16358994539752944,0.0,0.37892175434970904,0.2153318089521796,1.0,0.0003598991911794301,0.0,4.242640687119285,0.49110281929748656,0.12059098956096986
828,127.87763441383844,0.19634954084936207,-4.336808689942018e-18,0.17891071017565957,0.4943170524884804,-5.377642775528102e-17,0.1411994490530256,0.4259335243688359,8.326672684688674e-17,4.073168545317629,9.500222325969276,5.551115123125783e-17,1.3066114490601493,3.6984025405365237,0.0,1.4708826179313508,4.611688972158436,0.01736466696907602,8.29535099928247,0.8536167394075316,9.166332405659077,10.604092977514403,-0.16361976503607414,0.0,0.3865725894798756,0.22295282444380146,1.0,0.0003598991911794301,0.0,4.242640687119285,0.49110281929748656,0.12059098956096986
829,128.0739839546878,0.19634954084936207,-3.469446951953614e-18,0.17857581507008102,0.5019509228179595,-5.399326818977812e-17,0.1433467839898369,0.4279821937359929,8.326672684688674e-17,4.077042963254242,9.469583919961147,5.551115123125783e-17,1.309369151262038,3.6979267311766923,-5.551115123125783e-17,1.4868552382466436,4.624834985790824,0.017515068110069795,8.311139662110465,0.857223787138335,9.18587851735887,10.640001699362607,-0.16335516916278087,0.0,0.37530886234662164,0.21195369318384077,1.0,0.0003598991911794301,0.0,4.242640687119285,0.49110281929748656,0.12059098956096986
830,128.27033349553716,0.19634954084936207,-3.469446951953614e-18,0.17724460100279749,0.4980549871493735,-5.377642775528102e-17,0.14668602147595375,0.41745423475973187,1.1102230246251565e-16,4.081026568366818,9.425507690544768,5.551115123125783e-17,1.3118712642862576,3.7255445016474478,0.0,1.4988349018913139,4.610231355038655,0.01770111621398926,8.327388925857923,0.8605031070300118,9.205593149101922,10.67265289317637,-0.16295870027268097,0.0,0.3588629558356183,0.1959042555629373,1.0,0.0003586167372193659,0.0,4.242640687119285,0.4859712249159897,0.11808401572317373
832,128.66303257723587,0.19634954084936207,-5.204170427930421e-18,0.1729878876896454,0.47222075254479035,-5.5077470362263625e-17,0.1506147206293304,0.47279196834964815,1.1102230246251565e-16,4.089278169680301,9.434144443945101,5.551115123125783e-17,1.3161642004667355,3.7911967913317297,-5.551115123125783e-17,1.5144285854202733,4.513045739734666,0.017624821667502587,8.361097974511937,0.8661441012951205,9.24486689747456,10.730254362660954,-0.16174445799718976,0.0,0.3381230283866232,0.17637857038943347,1.0,0.0003586167372193659,0.0,4.242640687119285,0.4859712249159897,0.11808401572317373
833,128.85938211808522,0.19634954084936207,-4.336808689942018e-18,0.17110783062777468,0.4805115087789162,-5.4643789493269423e-17,0.1490454680158789,0.4782468525973327,1.1102230246251565e-16,4.093453237668322,9.468049321741873,5.551115123125783e-17,1.3180641892622915,3.834945018266919,-5.551115123125783e-17,1.5201222119867814,4.448579409362074,0.017224845495491425,8.378179704488634,0.8686466035078309,9.264051153491955,10.756606072631195,-0.16118565811743832,0.0,0.324735885266258,0.1635502271488197,1.0,0.0003586167372193659,0.0,4.242640687119285,0.4859712249159897,0.11808401572317373
834,129.05573165893458,0.19634954084936207,-4.336808689942018e-18,0.16996025765590067,0.475557500013443,-5.377642775528102e-17,0.14584262237815965,0.461122010403642,8.326672684688674e-17,4.097603703637076,9.485183555201756,0.0,1.319926516663669,3.868452918236073,-5.551115123125783e-17,1.524309167491406,4.389248183795269,0.016731364120859255,8.39517805603014,0.8711030046959432,9.283012424846943,10.78146540782944,-0.16087568714754,0.0,0.31667316817636226,0.15579748102882227,1.0,0.0003586167372193659,0.0,4.242640687119285,0.4859712249159897,0.11808401572317373
835,129.25208119978393,0.19634954084936207,-6.071532165918825e-18,0.16968023559259027,0.4580955980641409,-5.377642775528102e-17,0.14296891080892415,0.43363588470694603,1.6653345369377348e-16,4.101693931003749,9.4876378202371,0.0,1.321849018904588,3.895123896911097,-2.7755575615628914e-17,1.5259830876019493,4.345556292171551,0.016376892724222655,8.411946551816493,0.8736424143895111,9.301965858930227,10.804336856904474,-0.1606008012449835,0.0,0.3064566204489972,0.1458558192040137,1.0,0.0003586167372193659,0.0,4.242640687119285,0.4859712249159897,0.11808401572317373
837,129.64478028148264,0.19634954084936207,-6.938893903907228e-18,0.1712554799386879,0.4634308704433361,-5.334274688628682e-17,0.14387567520741285,0.443550327411494,1.1102230246251565e-16,4.109681812045563,9.481826357513215,0.0,1.3260421235791007,3.971895096103255,-2.7755575615628914e-17,1.5206679510458683,4.328159137512929,0.016601975403340918,8.444742298129054,0.8791938567530853,9.34053813028548,10.844088361719834,-0.1602852860444542,0.0,0.29154080810823746,0.13125552206378327,1.0,0.0003586167372193659,0.0,4.242640687119285,0.4859712249159897,0.11808401572317373
838,129.841129822332,0.19634954084936207,-6.071532165918825e-18,0.17276482013283337,0.4962822614328969,-5.399326818977812e-17,0.1463773866197301,0.4641271545596073,1.3877787807814457e-16,4.113652820656275,9.464118173754823,0.0,1.32822597588798,4.007003886997352,-2.7755575615628914e-17,1.5161115856802156,4.354924735670394,0.017004619194652754,8.461069764446663,0.8820921215117884,9.360166505153105,10.862879098528012,-0.1601842476382005,0.0,0.2862679284912185,0.12608368085301802,1.0,0.0003586167372193659,0.0,4.242640687119285,0.4859712249159897,0.11808401572317373
839,130.03747936318135,0.19634954084936207,-5.204170427930421e-18,0.1746189014855005,0.5340611672605919,-5.334274688628682e-17,0.14747770990548323,0.46086478847574963,8.326672684688674e-17,4.117682379412775,9.434002185794439,0.0,1.330328313493206,4.03986991689405,0.0,1.5127891927385237,4.3996018579200316,0.017302025026172868,8.477654088863225,0.8848867108408389,9.379842824730236,10.882632943821022,-0.16035631128335742,0.0,0.2911513710260095,0.1307950597426521,1.0,0.0003586167372193659,0.0,4.242640687119285,0.4859712249159897,0.11808401572317373
841,130.43017844488006,0.19634954084936207,-5.204170427930421e-18,0.17881522343872142,0.5871435726938989,-5.442694905877232e-17,0.14135386657225282,0.39751419209053684,1.3877787807814457e-16,4.126050747102125,9.401018867393525,1.1102230246251565e-16,1.333935318779917,4.057709536176497,-2.7755575615628914e-17,1.5110202350509039,4.515444166241557,0.01716637578441777,8.512147383831001,0.8896917173442392,9.41900547695966,10.925156375001885,-0.16079560879472643,0.0,0.29889730076254084,0.1381016919678144,1.0,0.000357714178771198,0.0,4.242640687119285,0.48678794707294165,0.11848125270774451
842,130.6265279857294,0.19634954084936207,-4.336808689942018e-18,0.180499410885832,0.5958400540293118,-5.442694905877232e-17,0.13626979472041614,0.410975598930448,1.6653345369377348e-16,4.130369620092448,9.449453029557128,0.0,1.3353916959763703,4.0458703275013805,-5.551115123125783e-17,1.5093516003850358,4.573638387427103,0.01693991445424867,8.529976599291313,0.8916354908413233,9.438552004586885,10.945285903896123,-0.16144075548938758,0.0,0.29410857528114315,0.13266781979175557,1.0,0.000357714178771198,0.0,4.242640687119285,0.48678794707294165,0.11848125270774451
843,130.82287752657876,0.19634954084936207,-6.938893903907228e-18,0.181303514324959,0.5906553641024004,-5.355958732078392e-17,0.13303450403703296,0.404115355985883,8.326672684688674e-17,4.134721331016852,9.483373929819338,0.0,1.3366744495413596,4.023915733884699,-5.551115123125783e-17,1.5045627475598817,4.625951685225281,0.016847967007631214,8.547960242582882,0.8933492920283483,9.458157501618862,10.962708240210342,-0.1619445816142846,0.0,0.28159755274084797,0.11965297112656337,1.0,0.000357714178771198,0.0,4.242640687119285,0.48678794707294165,0.11848125270774451
844,131.01922706742812,0.19634954084936207,-4.336808689942018e-18,0.18092480908854547,0.5811581234628976,-5.2692225582795515e-17,0.13320288625820106,0.3873164797106852,8.326672684688674e-17,4.139055702481798,9.49835217990888,5.551115123125783e-17,1.3378780627307538,3.994494260602441,0.0,1.4964485586733547,4.670692450344863,0.016946396321744852,8.565891054123544,0.8949588553680973,9.477796305813385,10.977381899145486,-0.16229681179918626,0.0,0.26873281182968156,0.1064360000304953,1.0,0.000357714178771198,0.0,4.242640687119285,0.48678794707294165,0.11848125270774451
846,131.41192614912683,0.19634954084936207,-5.204170427930421e-18,0.17705554444440297,0.5321520976565891,-5.2475385148298415e-17,0.14036354035612478,0.3757024219975881,1.1102230246251565e-16,4.147501736982254,9.471288371647628,0.0,1.3405029711368681,3.920881914468393,-2.7755575615628914e-17,1.4784909139306348,4.740735700881427,0.017241218262254335,8.600885329135407,0.8984741078133853,9.516600655211047,11.005277316319804,-0.16253340601677618,0.0,0.26558611001586135,0.10305270399908517,1.0,0.000357714178771198,0.0,4.242640687119285,0.48678794707294165,0.11848125270774451
847,131.60827568997618,0.19634954084936207,-4.336808689942018e-18,0.17448900687889868,0.4980085930797492,-5.334274688628682e-17,0.143813568913074,0.3792023603981029,1.3877787807814457e-16,4.151573477011249,9.481713452024993,5.551115123125783e-17,1.3421295282219008,3.8800004310636833,-2.7755575615628914e-17,1.4741153952658563,4.770325411396444,0.017173796803627878,8.617781167511636,0.9006558352625706,9.535610799577833,11.022981008451554,-0.16262258205257418,0.0,0.28419766122042495,0.12157507916785076,1.0,0.000357714178771198,0.0,4.242640687119285,0.48678794707294165,0.11848125270774451
848,131.80462523082554,0.19634954084936207,-2.6020852139652106e-18,0.1722365688187505,0.4608125391203529,-5.334274688628682e-17,0.14606523797229043,0.44122408922480827,8.326672684688674e-17,4.155564574112002,9.487866544498074,0.0,1.3440430281525142,3.8797935185054206,-2.7755575615628914e-17,1.4748769741474896,4.798815618148676,0.016983350052031762,8.634358464807335,0.9032258307626897,9.554567645622056,11.04511424037977,-0.16268592330379847,0.0,0.30629075267177774,0.14360482936797928,1.0,0.000357714178771198,0.0,4.242640687119285,0.48678794707294165,0.11848125270774451
849,132.0009747716749,0.19634954084936207,-7.806255641895632e-18,0.1706724379586155,0.42450092900463776,-5.399326818977812e-17,0.14749379980804173,0.4807275936421517,1.1102230246251565e-16,4.159523155989193,9.48975532804491,-5.551115123125783e-17,1.346238247689401,3.9461866458704042,0.0,1.4807033304570938,4.826468467565245,0.016823104405897692,8.650816442605146,0.9061787097709144,9.573818256781959,11.071967201816092,-0.16279493879201298,0.0,0.3301761732679683,0.1673812344759553,1.0,0.000357714178771198,0.0,4.242640687119285,0.48678794707294165,0.11848125270774451
851,132.3936738533736,0.19634954084936207,-7.806255641895632e-18,0.16998910568706102,0.417732047776058,-5.377642775528102e-17,0.14934807296213348,0.4820958381182466,8.326672684688674e-17,4.16756772755021,9.532042892997474,-5.551115123125783e-17,1.3512651474170545,4.032675814878972,-2.7755575615628914e-17,1.5059953514636653,4.871824790190312,0.0169612870048223,8.68431038185901,0.912958749312017,9.614230418175849,11.139555107118014,-0.16289838717262847,0.0,0.3655646123290536,0.2026662251564251,1.0,0.00035692176379247394,0.0,4.242640687119285,0.4862972306026643,0.11824249824591042
852,132.59002339422295,0.19634954084936207,-3.469446951953614e-18,0.170649304638076,0.40479849117141986,-5.334274688628682e-17,0.14906886476091832,0.45493989358921605,1.6653345369377348e-16,4.171715873518899,9.569717085094236,0.0,1.3539433269942678,4.04906431925227,-2.7755575615628914e-17,1.5253284220805576,4.882863379738517,0.017110893095089792,8.701606664684771,0.9165812663561532,9.635298824136015,11.180069325197996,-0.1631464287856777,0.0,0.3996927376283017,0.236546308842624,1.0,0.00035692176379247394,0.0,4.242640687119285,0.4862972306026643,0.11824249824591042
853,132.7863729350723,0.19634954084936207,-3.469446951953614e-18,0.1717172886080604,0.4103208351130971,-5.355958732078392e-17,0.14710486622851024,0.4088418152971366,1.3877787807814457e-16,4.1759431393039534,9.595909103561302,5.551115123125783e-17,1.3566151115109688,4.048118585343854,5.551115123125783e-17,1.5483199525026623,4.881810094373135,0.017104167614020345,8.719250551349878,0.9202022803899591,9.656556999353858,11.224028842079633,-0.16350833360637348,0.0,0.41705097574951117,0.2535426421431377,1.0,0.00035692176379247394,0.0,4.242640687119285,0.4862972306026643,0.11824249824591042
855,133.17907201677102,0.19634954084936207,-9.540979117872439e-18,0.17442696187319862,0.4321989262821672,-5.5294310796760726e-17,0.1391635596831375,0.39824946274125583,5.551115123125783e-17,4.184530260368738,9.64855832990442,0.0,1.3615724170718668,4.010183446594436,-5.551115123125783e-17,1.5937746597459836,4.841169316569261,0.0165640560844345,8.755146749970828,0.9269397234654628,9.698650529520725,11.311422022819265,-0.16405450294747745,0.0,0.4157516034533365,0.25169710050585903,1.0,0.00035692176379247394,0.0,4.242640687119285,0.4862972306026643,0.11824249824591042
856,133.37542155762037,0.19634954084936207,-7.806255641895632e-18,0.17583611397863308,0.4448997919098908,-5.4860629927766524e-17,0.13581039610262466,0.3759787564556588,1.1102230246251565e-16,4.1888212057635075,9.67791150751152,5.551115123125783e-17,1.3636973557366285,3.9848662948385294,0.0,1.607771169217783,4.807374466855437,0.016335775740498423,8.773111546927021,0.9298352390215363,9.719282561689056,11.347048396503931,-0.16446372617406982,0.0,0.37566516567343455,0.21120143949936473,1.0,0.00035692176379247394,0.0,4.242640687119285,0.4862972306026643,0.11824249824591042
857,133.57177109846972,0.19634954084936207,-7.806255641895632e-18,0.17710781134811787,0.46199644127339884,-5.442694905877232e-17,0.1347633419478662,0.36033273101342456,8.326672684688674e-17,4.1930640256510845,9.692128314903941,-5.551115123125783e-17,1.3655290325616074,3.9471236879449667,-5.551115123125783e-17,1.6113748549875628,4.772492090268715,0.016354960678830563,8.790892961604639,0.9323347693843194,9.739582691667788,11.37298027033938,-0.16458064458142446,0.0,0.3274962468639055,0.16291560228248103,1.0,0.00035692176379247394,0.0,4.242640687119285,0.4862972306026643,0.11824249824591042
858,133.76812063931908,0.19634954084936207,-3.469446951953614e-18,0.17805755272858603,0.47699353150121104,-5.334274688628682e-17,0.1361714888071677,0.3573182566154609,1.6653345369377348e-16,4.197236416704201,9.687375991704476,0.0,1.3670718265880122,3.930589518236226,0.0,1.6039623357014439,4.743544778516136,0.01662089721776895,8.808396768853958,0.9344426895253417,9.759460355597069,11.388530742196593,-0.16458949601122527,0.0,0.27572391088502823,0.11113441487380296,1.0,0.00035692176379247394,0.0,4.242640687119285,0.4862972306026643,0.11824249824591042
860,134.1608197210178,0.19634954084936207,-6.071532165918825e-18,0.17832908955298366,0.49462706428324277,-5.312590645178972e-17,0.14133125783448885,0.3953568935399868,1.6653345369377348e-16,4.205409771696112,9.646385064016481,0.0,1.3694140983060912,3.9991971187203887,0.0,1.5656397838834848,4.72360984680746,0.017225413070870357,8.842735673938572,0.9376474863197424,9.797608573329184,11.397087601526183,-0.16452309617904184,0.0,0.21888608106077556,0.05436298488173372,1.0,0.0003567627860826049,0.0,4.242640687119285,0.4895385250440443,0.1198239837511492
861,134.35716926186714,0.19634954084936207,-7.806255641895632e-18,0.1775827324804332,0.4903408190561207,-5.5294310796760726e-17,0.14246802886456977,0.39833782475347146,1.6653345369377348e-16,4.209500970698197,9.619194649687039,5.551115123125783e-17,1.3702932752886603,4.021309063529808,0.0,1.5422750315095557,4.735146957203676,0.01724749939611282,8.85994921115453,0.938851830150662,9.816048540701306,11.397125684512773,-0.1644482215050955,0.0,0.1967396428217402,0.0322914213166447,1.0,0.0003567627860826049,0.0,4.242640687119285,0.4895385250440443,0.1198239837511492
862,134.5535188027165,0.19634954084936207,-5.204170427930421e-18,0.1764489846048829,0.48396908455646825,-5.377642775528102e-17,0.14233791011587826,0.4197013073733774,8.326672684688674e-17,4.213666981516263,9.583428199287566,5.551115123125783e-17,1.3710487677833942,4.0477467384313535,0.0,1.5204631940991964,4.7574080523822015,0.017090520721648465,8.877494715560184,0.9398873618201817,9.834472598102014,11.398548207566984,-0.16453774205853922,0.0,0.20330944339359094,0.03877170133505173,1.0,0.0003567627860826049,0.0,4.242640687119285,0.4895385250440443,0.1198239837511492
864,134.9462178844152,0.19634954084936207,-4.336808689942018e-18,0.17419008389169466,0.4858211737027326,-5.421010862427522e-17,0.14214804938583844,0.43172197119809913,1.6653345369377348e-16,4.22231519430335,9.64963736287029,5.551115123125783e-17,1.3725748282273766,4.094451115879839,2.7755575615628914e-17,1.4887966620510582,4.813281178047797,0.016892414002720766,8.91397280002247,0.9419808295417064,9.872846043566897,11.413286058360884,-0.1647736430674184,0.0,0.23333379960094533,0.06856015653352693,1.0,0.0003567627860826049,0.0,4.242640687119285,0.4895385250440443,0.1198239837511492
865,135.14256742526456,0.19634954084936207,-2.6020852139652106e-18,0.17358504175893782,0.47569664663107447,-5.312590645178972e-17,0.14361615473468434,0.42843381179081047,8.326672684688674e-17,4.226756648262738,9.697427192745732,0.0,1.3735909349750781,4.0974626206907825,0.0,1.4818243998497698,4.837382354207918,0.01705847611683347,8.932735881816626,0.9433760283228546,9.893170386256314,11.429413373616502,-0.16506292856630628,0.0,0.2779614109566511,0.11289848239034483,1.0,0.0003567627860826049,0.0,4.242640687119285,0.4895385250440443,0.1198239837511492
866,135.3389169661139,0.19634954084936207,-2.6020852139652106e-18,0.17345178290303673,0.45708549264934994,-5.334274688628682e-17,0.14571710952804548,0.4139923536393838,1.6653345369377348e-16,4.2312086573086765,9.71740516523827,0.0,1.3749212487045068,4.0882236453621426,-1.1102230246251565e-16,1.482829979324827,4.855323395206821,0.017318280844661544,8.951563350841944,0.9452042200695803,9.914085851756186,11.452961953673574,-0.165288837851981,0.0,0.3156294506830698,0.1503406128310888,1.0,0.0003567627860826049,0.0,4.242640687119285,0.4895385250440443,0.1198239837511492
867,135.53526650696327,0.19634954084936207,-3.469446951953614e-18,0.1736514800819424,0.472479261348118,-5.399326818977812e-17,0.14737612037450465,0.43798152611558205,1.1102230246251565e-16,4.235613870413233,9.710790736453786,0.0,1.3766203448368473,4.068956075617379,0.0,1.4927420097866646,4.867065891638197,0.017502002239721613,8.970212429618483,0.9475417869093596,9.935256218767565,11.484433256778045,-0.16556229130355943,0.0,0.35568052111421367,0.19011822981065424,1.0,0.0003567627860826049,0.0,4.242640687119285,0.4895385250440443,0.1198239837511492
869,135.92796558866198,0.19634954084936207,-5.204170427930421e-18,0.17406822228245972,0.5397268194395108,-5.377642775528102e-17,0.14692253483379974,0.47322637785317717,1.6653345369377348e-16,4.2441248075370686,9.693854373314341,0.0,1.381047818054416,4.017931774473134,0.0,1.5347342552897458,4.880478663545004,0.01726373414359188,9.00629769097578,0.9536465378764315,9.977207962995804,11.56681499414937,-0.16610203565254397,0.0,0.4049562957081113,0.23885426005556734,1.0,0.0003567627860826049,0.0,4.242640687119285,0.4895385250440443,0.1198239837511492
870,136.12431512951133,0.19634954084936207,-7.806255641895632e-18,0.17402087327956037,0.5619929141413984,-5.2475385148298415e-17,0.14533985449956355,0.4636420918509666,1.942890293094024e-16,4.248213048841543,9.728300172015103,5.551115123125783e-17,1.383599382383845,4.01564629702473,-5.551115123125783e-17,1.560483600608338,4.888331179296815,0.01694227849723083,9.02365705417378,0.9571736254664789,9.99777295813749,11.612426031901212,-0.16673102152566655,0.0,0.42805138654710884,0.2613203650214423,1.0,0.00035526287257818366,0.0,4.242640687119285,0.4801889820439743,0.11529072923821414
871,136.32066467036069,0.19634954084936207,-5.204170427930421e-18,0.17394200247171354,0.5748114781106533,-5.2692225582795515e-17,0.14368648003955065,0.44259603367446543,1.6653345369377348e-16,4.25224942896076,9.75548631614155,5.551115123125783e-17,1.386199673325849,4.0108220403774135,0.0,1.5844366474869147,4.900514523734389,0.01664755667474566,9.040812603048556,0.9607747671643455,10.018234926887647,11.656828356324876,-0.16644425263740392,0.0,0.4220143354944602,0.2555700828570563,1.0,0.00035526287257818366,0.0,4.242640687119285,0.4801889820439743,0.11529072923821414
872,136.51701421121004,0.19634954084936207,-8.673617379884035e-18,0.1740582242876302,0.5782142178327531,-5.2909066017292616e-17,0.14211524228376224,0.42177473710177416,2.220446049250313e-16,4.25626630177294,9.764472920446735,5.551115123125783e-17,1.3886669156894489,4.002523886485549,-5.551115123125783e-17,1.603888753391053,4.917140577043149,0.016443862736605905,9.057901415803949,0.9641979013652233,10.038543179905778,11.697305047249664,-0.16678286459959268,0.0,0.4030710724737311,0.2362882078741384,1.0,0.00035526287257818366,0.0,4.242640687119285,0.4801889820439743,0.11529072923821414
874,136.90971329290875,0.19634954084936207,-6.071532165918825e-18,0.17506428025419868,0.5616435736525612,-5.421010862427522e-17,0.13798389981896683,0.4111913352370763,1.3877787807814457e-16,4.26447287086752,9.731719834426087,0.0,1.392654135109148,3.996665354783347,0.0,1.6251955914129774,4.9547439943708955,0.016186267281797145,9.092864433182532,0.9697427700183043,10.078793470482633,11.761676632294945,-0.16699232609066383,0.0,0.3619066165804542,0.19491429048979036,1.0,0.00035526287257818366,0.0,4.242640687119285,0.4801889820439743,0.11529072923821414
875,137.1060628337581,0.19634954084936207,-2.6020852139652106e-18,0.17551936126992132,0.5453938686935997,-5.2692225582795515e-17,0.13551050425253688,0.4198658650647975,1.3877787807814457e-16,4.268736194973177,9.699539335739608,1.1102230246251565e-16,1.3940474414423267,3.9950934463421532,-5.551115123125783e-17,1.627097040570091,4.9680393874203705,0.016042619811657333,9.111054351137037,0.9716841344959484,10.098781105444642,11.785275330387217,-0.1668597536035829,0.0,0.31855768862429207,0.15169793502070916,1.0,0.00035526287257818366,0.0,4.242640687119285,0.4801889820439743,0.11529072923821414
876,137.30241237460746,0.19634954084936207,-6.071532165918825e-18,0.1755362104878006,0.5288792072367422,-5.2909066017292616e-17,0.13398401942951452,0.4050925604550242,1.3877787807814457e-16,4.273114034475978,9.703714772621261,0.0,1.3950769571803707,3.993489378819768,0.0,1.6237148510869812,4.973098465589691,0.015916338615634414,9.129751775817784,0.9731198582278209,10.118787972661238,11.803749308651973,-0.16655957276223565,0.0,0.2924393368531915,0.12587976409095586,1.0,0.00035526287257818366,0.0,4.242640687119285,0.4801889820439743,0.11529072923821414
878,137.69511145630617,0.19634954084936207,-6.938893903907228e-18,0.17393866271285513,0.5041652594697057,-5.355958732078392e-17,0.13778614235648218,0.3849068123380359,1.6653345369377348e-16,4.282112287010397,9.772078852626832,0.0,1.3964935776787442,4.013539594597114,-5.551115123125783e-17,1.604506352044387,4.957559119121914,0.016007840097771273,9.168242819282703,0.9750971562489892,10.159347815629463,11.829543942991167,-0.16593739799612905,0.0,0.2639123747610443,0.09797497676491523,1.0,0.00035526287257818366,0.0,4.242640687119285,0.4801889820439743,0.11529072923821414
879,137.89146099715552,0.19634954084936207,-6.938893903907228e-18,0.17266386593643535,0.4854437170400536,-5.377642775528102e-17,0.1424855650536376,0.4381678336986847,1.1102230246251565e-16,4.286651726473507,9.80263213728869,0.0,1.3971644382208315,4.03146513109346,0.0,1.5919282194370787,4.943296913502266,0.016261844181704656,9.187691512039148,0.9760342337144656,10.179987589935317,11.840265396726611,-0.16537467077653595,0.0,0.2526319487236156,0.08725727794707966,1.0,0.00035526287257818366,0.0,4.242640687119285,0.4801889820439743,0.11529072923821414
880,138.08781053800487,0.19634954084936207,-6.938893903907228e-18,0.17144120387731926,0.4654665833080698,-5.334274688628682e-17,0.14688104199016744,0.49298836510279387,1.3877787807814457e-16,4.291159194692915,9.819558899131989,0.0,1.3979828885745837,4.045410165740979,-5.551115123125783e-17,1.5804833058887648,4.932124174715593,0.016545826978067904,9.20702361709877,0.9771780783736683,10.200747522450506,11.852366020476307,-0.1652260593327347,0.0,0.2594654680804195,0.09423940874768477,1.0,0.0003554049764483385,0.0,4.242640687119285,0.48932735320435233,0.11972062929698848
881,138.28416007885423,0.19634954084936207,-6.071532165918825e-18,0.17048358703480893,0.4408831678897326,-5.312590645178972e-17,0.14924643635876117,0.5164662002044396,2.220446049250313e-16,4.295602121183256,9.843607145496328,0.0,1.399019497263202,4.0576942686899535,0.0,1.5724291402648072,4.929944573749208,0.01672242103480907,9.226098791757046,0.9786277768612913,10.221448989653146,11.867660784825997,-0.1654261786740802,0.0,0.275655154643703,0.1102289759696228,1.0,0.0003554049764483385,0.0,4.242640687119285,0.48932735320435233,0.11972062929698848
883,138.67685916055294,0.19634954084936207,-5.204170427930421e-18,0.16963937215046818,0.39628836583398086,-5.377642775528102e-17,0.14562488882229804,0.4686247395725308,1.3877787807814457e-16,4.304313066002361,9.835967357012786,5.551115123125783e-17,1.4016656428236764,4.1285126940205785,0.0,1.5700082644926892,4.967155271263621,0.01644378628411866,9.263555485079324,0.982333287136155,10.2623325584996,11.910195852291096,-0.16622794617008693,0.0,0.3062664619824223,0.14003851581233537,1.0,0.0003554049764483385,0.0,4.242640687119285,0.48932735320435233,0.11972062929698848
884,138.8732087014023,0.19634954084936207,-6.071532165918825e-18,0.16970802168864474,0.4029542974804762,-5.334274688628682e-17,0.1412733170523106,0.4223868992608918,1.6653345369377348e-16,4.308652492984974,9.801412685204822,5.551115123125783e-17,1.40307366399098,4.171267683596925,-5.551115123125783e-17,1.5736939047124094,5.00568826659838,0.016076438555869346,9.282243152652816,0.9843078532925369,10.282627444501221,11.935593674340586,-0.16746908035040015,0.0,0.3282257886146953,0.16075670826429517,1.0,0.0003554049764483385,0.0,4.242640687119285,0.48932735320435233,0.11972062929698848
885,139.06955824225165,0.19634954084936207,-2.6020852139652106e-18,0.1700796591163052,0.41050584603372736,-5.2692225582795515e-17,0.13746654299335972,0.38307182560488195,1.6653345369377348e-16,4.3130415918919685,9.782548996691288,1.1102230246251565e-16,1.404377224050391,4.208225776391561,0.0,1.5777131247904168,5.050840929639266,0.01574518577483502,9.301163886694999,0.9861376937157408,10.303046766185574,11.961262710018017,-0.16839663077948783,0.0,0.33071484409816126,0.16231821331867344,1.0,0.0003554049764483385,0.0,4.242640687119285,0.48932735320435233,0.11972062929698848
886,139.265907783101,0.19634954084936207,-6.938893903907228e-18,0.17079857693531258,0.43541613359271014,-5.204170427930421e-17,0.13560592870194849,0.39012413870983254,1.6653345369377348e-16,4.317503816896208,9.80971610166384,0.0,1.4055084075460809,4.235973412933951,0.0,1.5800390084051477,5.094224368035897,0.01559185287458222,9.32041960445666,0.9877269418413599,10.323738399172601,11.985526623396078,-0.16925410762040638,0.0,0.3248324802385112,0.1555783726181048,1.0,0.0003554049764483385,0.0,4.242640687119285,0.48932735320435233,0.11972062929698848
888,139.6586068647997,0.19634954084936207,-6.938893903907228e-18,0.1734242514602818,0.4746075990205052,-5.355958732078392e-17,0.13773455164829634,0.4098707132254168,1.3877787807814457e-16,4.3265886477269655,9.872337418576006,5.551115123125783e-17,1.4073511349871854,4.257207943817624,5.551115123125783e-17,1.5777438209056664,5.14239712774716,0.015941569328647015,9.359684663319927,0.9903186085748593,10.365944841223433,12.028367852187914,-0.17023415295673067,0.0,0.31189340200058074,0.14165924904385008,1.0,0.0003554049764483385,0.0,4.242640687119285,0.48932735320435233,0.11972062929698848
889,139.85495640564906,0.19634954084936207,-6.071532165918825e-18,0.1751100312608563,0.48136381609981016,-5.2692225582795515e-17,0.139612126843331,0.42015405375104087,1.6653345369377348e-16,4.33113070534251,9.897380930003324,-5.551115123125783e-17,1.408247726869184,4.25103762086978,-5.551115123125783e-17,1.575527493059114,5.137557070783213,0.016262493987208283,9.379346593380355,0.9915808301161119,10.387189917483674,12.048988205573773,-0.17085845199983102,0.0,0.30843352047396544,0.13757506847413442,1.0,0.0003554049764483385,0.0,4.242640687119285,0.48932735320435233,0.11972062929698848
890,140.05130594649842,0.19634954084936207,-2.6020852139652106e-18,0.17662304885963107,0.47850977691764984,-5.421010862427522e-17,0.14066399847336233,0.41552096941033584,1.1102230246251565e-16,4.335616440998251,9.917441613911139,-5.551115123125783e-17,1.409274642101544,4.235508954778833,0.0,1.5752365218869238,5.114556697490341,0.016498416829363902,9.398784961727172,0.9930275084352176,10.408310886991753,12.071308322396302,-0.1710455977822214,0.0,0.3168123927682944,0.14576679498607303,1.0,0.00035572134464768374,0.0,4.242640687119285,0.49072351668013536,0.12040478491145953
892,140.44400502819713,0.19634954084936207,-2.6020852139652106e-18,0.17761045738414225,0.4726188652452594,-5.355958732078392e-17,0.13981635756153005,0.3952942939947892,1.1102230246251565e-16,4.344334236514543,9.95971031952274,0.0,1.4119913393727823,4.18330337489887,5.551115123125783e-17,1.585232572189868,5.041834909533826,0.01648647923402625,9.4366199792762,0.9968597712318719,10.449966229742099,12.125325824115528,-0.1711639729053252,0.0,0.33990639774444176,0.16874242483911656,1.0,0.00035572134464768374,0.0,4.242640687119285,0.49072351668013536,0.12040478491145953
893,140.64035456904648,0.19634954084936207,-6.071532165918825e-18,0.17668259367540842,0.47476176981528834,-5.334274688628682e-17,0.13892988368233464,0.41646238503066013,1.1102230246251565e-16,4.348588316206936,9.97078040363078,5.551115123125783e-17,1.4136989794780943,4.150091807117259,-5.551115123125783e-17,1.5952943595318014,5.010202573424316,0.016321851438628326,9.455110171925739,0.9992724022887027,10.47070442565307,12.157117133201343,-0.1708754437190553,0.0,0.3633100393985488,0.19243459567949348,1.0,0.00035572134464768374,0.0,4.242640687119285,0.49072351668013536,0.12040478491145953
894,140.83670410989583,0.19634954084936207,-2.6020852139652106e-18,0.17489751397067896,0.4680767959189043,-5.421010862427522e-17,0.13862524262459064,0.4291190850356163,1.3877787807814457e-16,4.352816774427596,9.972401906186041,5.551115123125783e-17,1.4155610577651923,4.167389722023588,-5.551115123125783e-17,1.6073249610916807,4.992045571805112,0.016160002773648083,9.473506935869127,1.0019065541306553,10.49157349277343,12.19102330015214,-0.17058403994299493,0.0,0.3736704813015349,0.20308644135853998,1.0,0.00035572134464768374,0.0,4.242640687119285,0.49072351668013536,0.12040478491145953
895,141.0330536507452,0.19634954084936207,-4.336808689942018e-18,0.17256021646966965,0.4561776019369971,-5.377642775528102e-17,0.13926995738621273,0.4362248617148742,1.6653345369377348e-16,4.357067377073314,9.96370930664149,0.0,1.417466667318765,4.2121665394744605,0.0,1.6200527185420726,4.991234096844135,0.016044092472302905,9.492018064178263,1.0046058764798833,10.51266803313045,12.225908028541333,-0.17029010896739036,0.0,0.37841670985177334,0.20812660088438298,1.0,0.00035572134464768374,0.0,4.242640687119285,0.49072351668013536,0.12040478491145953
897,141.4257527324439,0.19634954084936207,-3.469446951953614e-18,0.16798117761881204,0.43111916398677397,-5.355958732078392e-17,0.14263837587903266,0.42264050711993767,1.6653345369377348e-16,4.3658040141867955,9.93369363240492,0.0,1.4209137491443438,4.241164650426305,-5.551115123125783e-17,1.643253916686218,5.036534401365008,0.015876306687935212,9.530122345144768,1.0094979412537175,10.555496593086422,12.294071061710378,-0.1699820654851024,0.0,0.3741994094085245,0.20421734392342208,1.0,0.00035572134464768374,0.0,4.242640687119285,0.49072351668013536,0.12040478491145953
898,141.62210227329325,0.19634954084936207,-7.806255641895632e-18,0.16663699204571714,0.42346062113014216,-5.2909066017292616e-17,0.14422490194217855,0.46217138219602116,1.1102230246251565e-16,4.370330956817697,9.939520753969664,-5.551115123125783e-17,1.422260584519714,4.219170417297937,-1.1102230246251565e-16,1.6515700033076406,5.071045727957525,0.015765453267325428,9.549896336059543,1.011412585139179,10.577074374466049,12.32496149807814,-0.16988422250301322,0.0,0.35808343891398725,0.18819921641097404,1.0,0.00035572134464768374,0.0,4.242640687119285,0.49072351668013536,0.12040478491145953
899,141.8184518141426,0.19634954084936207,-6.071532165918825e-18,0.16631657638707817,0.4491536600563814,-5.182486384480711e-17,0.14504756996203205,0.5026874196564923,1.3877787807814457e-16,4.374952651894775,9.970140480156285,0.0,1.4232979855194277,4.199503646635286,-5.551115123125783e-17,1.6560332181658581,5.102297569967592,0.01565653037470822,9.57010535316056,1.0128885777918306,10.598650461327098,12.351999464429495,-0.1699556094204338,0.0,0.3388519805419584,0.1688963711215246,1.0,0.00035572134464768374,0.0,4.242640687119285,0.49072351668013536,0.12040478491145953
900,142.01480135499196,0.19634954084936207,-7.806255641895632e-18,0.16702096952564277,0.4774976889050142,-5.2909066017292616e-17,0.1449548138024152,0.5131098791839084,1.942890293094024e-16,4.379636181281083,10.017090079498514,-5.551115123125783e-17,1.424044849266586,4.162942017139883,0.0,1.6554941006029775,5.122019365087398,0.015609446740753121,9.590606540193175,1.0139518663613467,10.620167853295275,12.374098113282063,-0.17009478504497139,0.0,0.3143638960108433,0.14426911096587192,1.0,0.0003549649323126342,0.0,4.242640687119285,0.48380328553704355,0.11703280954821904
902,142.40750043669067,0.19634954084936207,-6.071532165918825e-18,0.17047372191472857,0.5324464368125288,-5.421010862427522e-17,0.14257514347136482,0.4536575791025571,1.1102230246251565e-16,4.389035079301862,10.081235212598243,-5.551115123125783e-17,1.424965806740328,4.174037689222243,0.0,1.638545334183277,5.1059809837415315,0.01582350824161742,9.631814463671153,1.0152637751895568,10.662901747102326,12.403069841578805,-0.17001347664729213,0.0,0.27647352242579004,0.10646004577849791,1.0,0.0003549649323126342,0.0,4.242640687119285,0.48380328553704355,0.11703280954821904
903,142.60384997754002,0.19634954084936207,-7.806255641895632e-18,0.17256021369603017,0.5537750341765602,-5.334274688628682e-17,0.14047534843316772,0.4267712905598753,1.3877787807814457e-16,4.393660033541878,10.088294582723412,5.551115123125783e-17,1.4253344086257091,4.156020226748281,-5.551115123125783e-17,1.624503046258013,5.0740680294434775,0.015989730804895363,9.65212424517161,1.0157890882062002,10.683903064182704,12.412224892160326,-0.17030196462176939,0.0,0.25040670752668637,0.08010474290491698,1.0,0.0003549649323126342,0.0,4.242640687119285,0.48380328553704355,0.11703280954821904
904,142.80019951838938,0.19634954084936207,-3.469446951953614e-18,0.17454434608661454,0.5679508532856389,-5.2692225582795515e-17,0.13771564838948283,0.3912604906259728,1.942890293094024e-16,4.398212804248915,10.075618267492457,0.0,1.4257721235259424,4.129536362631548,0.0,1.6098595945099254,5.056617303741598,0.016070897195089792,9.672137935729546,1.0164130741118376,10.704621907036472,12.420779917937942,-0.1704697067983591,0.0,0.24763296590259062,0.07716325910423152,1.0,0.0003549649323126342,0.0,4.242640687119285,0.48380328553704355,0.11703280954821904
906,143.19289860008809,0.19634954084936207,-8.673617379884035e-18,0.17748652258516504,0.5698181801981134,-5.355958732078392e-17,0.13160923357378768,0.36540470355105237,1.1102230246251565e-16,4.407206419377423,9.9988453113341,0.0,1.4270661495538826,4.122130245659017,-5.551115123125783e-17,1.5880850181389852,4.937925596983189,0.01590164500070235,9.711734211500783,1.0182588976012719,10.745894754102757,12.445097438410151,-0.17062944382409892,0.0,0.26584094178558687,0.09521149796148795,1.0,0.0003549649323126342,0.0,4.242640687119285,0.48380328553704355,0.11703280954821904
907,143.38924814093744,0.19634954084936207,-8.673617379884035e-18,0.17807223087715404,0.5573881791670906,-5.2692225582795515e-17,0.1303325444914859,0.3493438227322167,1.3877787807814457e-16,4.4117522064841035,9.954852810235332,0.0,1.427940959711993,4.129531254306064,0.0,1.5837729121158226,4.872102123906536,0.01582858241920419,9.731778765708675,1.0195076922116035,10.767115040339483,12.463873624582082,-0.17066304220000408,0.0,0.2992585701792542,0.12859552797925014,1.0,0.0003549649323126342,0.0,4.242640687119285,0.48380328553704355,0.11703280954821904
908,143.5855976817868,0.19634954084936207,-6.938893903907228e-18,0.1778659804869489,0.5381719473150501,-5.182486384480711e-17,0.13168040812547988,0.34604112920288266,1.1102230246251565e-16,4.416395825505394,10.008722260982616,5.551115123125783e-17,1.4289527710578254,4.157217270577688,0.0,1.5846926924168074,4.863293295398451,0.015913939791521996,9.752276043770738,1.0209530109569187,10.78914299451918,12.488133756413887,-0.17063268380170932,0.0,0.3270937912479428,0.15646110744623348,1.0,0.0003549649323126342,0.0,4.242640687119285,0.48380328553704355,0.11703280954821904
909,143.78194722263615,0.19634954084936207,-8.673617379884035e-18,0.17687694767006842,0.5221523990371558,-5.334274688628682e-17,0.13549726697473793,0.35632976007266715,1.6653345369377348e-16,4.4211502809277485,10.089496533233547,-5.551115123125783e-17,1.4300970780174938,4.1741664916510866,-5.551115123125783e-17,1.591309955612562,4.887029794523351,0.016167785880649436,9.773284903273751,1.0225888262770864,10.812041515431487,12.51834253291312,-0.1706496033316002,0.0,0.3573312807930791,0.18668167746147887,1.0,0.0003549649323126342,0.0,4.242640687119285,0.48380328553704355,0.11703280954821904
911,144.17464630433486,0.19634954084936207,-5.204170427930421e-18,0.17354176028986004,0.4789123722648334,-5.421010862427522e-17,0.14419425891599114,0.39063404670602675,1.1102230246251565e-16,4.4308723858563415,10.193970516078892,-5.551115123125783e-17,1.4328091674568595,4.165994929071332,5.551115123125783e-17,1.622616876275357,5.030951286087354,0.016689580701483697,9.816315049872134,1.0264710551742096,10.859475685747826,12.596825833258906,-0.17077915871941513,0.0,0.4029091550722705,0.23212999635285536,1.0,0.0003539374365940963,0.0,4.242640687119285,0.48091903517303763,0.1156415591958827
912,144.3709958451842,0.19634954084936207,-2.6020852139652106e-18,0.17198737191152308,0.4561496507531917,-5.2692225582795515e-17,0.14575066663822206,0.41178116996589104,1.3877787807814457e-16,4.435720022399013,10.207076248023226,0.0,1.434351392285227,4.157834004424027,-5.551115123125783e-17,1.645462863720328,5.137804415516449,0.01668463482359265,9.837806058555753,1.0286819582752844,10.883172651654629,12.642892579618245,-0.17143110071861986,0.0,0.4374827269149454,0.2660516261963255,1.0,0.0003539374365940963,0.0,4.242640687119285,0.48091903517303763,0.1156415591958827
913,144.56734538603357,0.19634954084936207,-6.071532165918825e-18,0.1709745488092945,0.43389228849776107,-5.355958732078392e-17,0.14480296435510837,0.4409195800054042,1.1102230246251565e-16,4.440480674575338,10.195325901847253,0.0,1.4359433364934275,4.152425474803709,0.0,1.6694287289064795,5.253039403186916,0.0164842097527377,9.858934310638519,1.0309666328099385,10.906385153201196,12.689839701853682,-0.17231948641208955,0.0,0.4425549276842984,0.27023544127220883,1.0,0.0003539374365940963,0.0,4.242640687119285,0.48091903517303763,0.1156415591958827
914,144.76369492688292,0.19634954084936207,-6.071532165918825e-18,0.17061766741423745,0.41784379630007584,-5.2692225582795515e-17,0.14235131186689792,0.45519551107462064,1.1102230246251565e-16,4.44512915417746,10.165318582890896,0.0,1.437488123604978,4.186674036896235,0.0,1.690518566435497,5.363998245097535,0.01622031532804297,9.879586598659207,1.0331860527526802,10.92899296673993,12.733799335827657,-0.17327088511908542,0.0,0.4284757951745401,0.25520491005545465,1.0,0.0003539374365940963,0.0,4.242640687119285,0.48091903517303763,0.1156415591958827
916,145.15639400858163,0.19634954084936207,-3.469446951953614e-18,0.1712610279284119,0.40347919739512383,-5.2692225582795515e-17,0.1388092874948537,0.4410429494881505,1.6653345369377348e-16,4.454136163861765,10.133332628300632,0.0,1.4399840410504134,4.247667058405117,-5.551115123125783e-17,1.7111371359194423,5.529522444884518,0.01603002501450123,9.919664483110596,1.0367770192399393,10.972471527365038,12.79980592704408,-0.17443896923588068,0.0,0.37496309857132953,0.20052412933544886,1.0,0.0003539374365940963,0.0,4.242640687119285,0.48091903517303763,0.1156415591958827
917,145.35274354943098,0.19634954084936207,-4.336808689942018e-18,0.17176758715210994,0.41262561632245637,-5.2258544713801314e-17,0.1388486870167597,0.40669799181107175,8.326672684688674e-17,4.458575304300717,10.157422845528238,0.0,1.4407433803683674,4.270797070870851,0.0,1.7085200924084247,5.56990156637543,0.016113686806635687,9.939446872060115,1.0378707440376351,10.993431302904385,12.81944309160611,-0.1750994149174846,0.0,0.30876389496752366,0.13366448005003906,1.0,0.0003539374365940963,0.0,4.242640687119285,0.48091903517303763,0.1156415591958827
918,145.54909309028034,0.19634954084936207,-4.336808689942018e-18,0.1722160177650875,0.42742769170825723,-5.334274688628682e-17,0.13902480042789084,0.41354418879229776,1.1102230246251565e-16,4.4630434128692995,10.177082683279366,5.551115123125783e-17,1.4411104591095087,4.278591492837478,-5.551115123125783e-17,1.6988918416984369,5.5790571954789385,0.016159824465569402,9.95937825257802,1.0383996776774094,11.013937754720999,12.831620474641577,-0.17518327136968376,0.0,0.2712294149099097,0.09604614354022595,1.0,0.0003539374365940963,0.0,4.242640687119285,0.48091903517303763,0.1156415591958827
920,145.94179217197905,0.19634954084936207,-6.938893903907228e-18,0.173077164402872,0.44653429353510077,-5.2909066017292616e-17,0.13605410563526077,0.41836084719469174,1.1102230246251565e-16,4.472247327140937,10.173316555086645,0.0,1.4407884096003982,4.253256444339684,0.0,1.6681859011261155,5.517727176155923,0.015804303551385984,10.000498077559627,1.0379356206194221,11.054238001730434,12.843541556543162,-0.17496512882225534,0.0,0.23920464927972065,0.06423952045746531,1.0,0.00035571324090036857,0.0,4.242640687119285,0.4988562473054664,0.12442877773784632
921,146.1381417128284,0.19634954084936207,-6.071532165918825e-18,0.173483983153239,0.45576627893801336,-5.334274688628682e-17,0.13352629382404008,0.3902719378944885,1.1102230246251565e-16,4.476997040163866,10.158179298930696,0.0,1.4402794023376337,4.239914172682543,0.0,1.6512241754204695,5.460542275897753,0.01550837377110611,10.02175124881801,1.0372023783990256,11.074462000988142,12.847830524310279,-0.17545541514673266,0.0,0.23101341971898084,0.05555800457224819,1.0,0.00035571324090036857,0.0,4.242640687119285,0.4988562473054664,0.12442877773784632
922,146.33449125367775,0.19634954084936207,-5.204170427930421e-18,0.17366860665240047,0.46169782615412175,-5.2258544713801314e-17,0.13213428668609148,0.3428706514916823,1.1102230246251565e-16,4.481849732590109,10.14236661577353,0.0,1.439745464538882,4.227470447844078,0.0,1.6353823220189698,5.396768251778746,0.015305779181100066,10.043488512759014,1.0364335013301404,11.095227793270254,12.853769636176878,-0.17517882784011127,0.0,0.2390337369654515,0.06385490912534023,1.0,0.00035571324090036857,0.0,4.242640687119285,0.4988562473054664,0.12442877773784632
923,146.5308407945271,0.19634954084936207,-3.469446951953614e-18,0.1734043092011094,0.46307402773003925,-5.204170427930421e-17,0.13284148878688276,0.35512847557259236,1.1102230246251565e-16,4.486767010209354,10.132777081212371,5.551115123125783e-17,1.4393437304746401,4.2172176117507,-5.551115123125783e-17,1.622382919943626,5.333326401756261,0.015258553937468134,10.06553910195149,1.0358551872283268,11.116652843117285,12.863182141855312,-0.17497543435460386,0.0,0.25642556952176254,0.08145013516715868,1.0,0.00035571324090036857,0.0,4.242640687119285,0.4988562473054664,0.12442877773784632
925,146.92353987622582,0.19634954084936207,-6.071532165918825e-18,0.17125357494882124,0.45689903425974443,-5.2692225582795515e-17,0.13776522053665521,0.3939984866016467,1.6653345369377348e-16,4.496594502653558,10.120705072315296,5.551115123125783e-17,1.4394178511967444,4.218675795104598,0.0,1.6123447054764406,5.222296525350563,0.015339152531585399,10.109681060647098,1.0359618751719264,11.16098208835061,12.898850934827571,-0.1749080678933634,0.0,0.29874716861046574,0.12383910071710233,1.0,0.00035571324090036857,0.0,4.242640687119285,0.4988562473054664,0.12442877773784632
926,147.11988941707517,0.19634954084936207,-7.806255641895632e-18,0.169715657532584,0.4711145679164277,-5.2475385148298415e-17,0.13917095452020803,0.4233344470815552,1.6653345369377348e-16,4.50142112692901,10.129939640807933,0.0,1.439996172316437,4.229789989488255,0.0,1.6172002449873701,5.1751342405596175,0.015253013826698317,10.131396080981418,1.036794488142995,11.18344358295111,12.926378961838653,-0.17510124786099673,0.0,0.34749336939088404,0.1723921215298873,1.0,0.00035571324090036857,0.0,4.242640687119285,0.4988562473054664,0.12442877773784632
927,147.31623895792453,0.19634954084936207,-6.071532165918825e-18,0.16830130755591094,0.4764405484569693,-5.323432666903827e-17,0.13921445833889468,0.43819770812582,2.498001805406602e-16,4.506172288793453,10.146496598554467,-1.1102230246251565e-16,1.440890091120666,4.242722982295793,0.0,1.6272862228704283,5.130602457108792,0.01507568990659864,10.152794348145019,1.0380821273448604,11.205952165396479,12.959010614550191,-0.1753423913881756,0.0,0.3733611830573219,0.19801879166914632,1.0,0.00035571324090036857,0.0,4.242640687119285,0.4988562473054664,0.12442877773784632
928,147.51258849877388,0.19634954084936207,-7.806255641895632e-18,0.16730305260330333,0.4717928362082099,-5.193328406205566e-17,0.1388731879413015,0.43287903120816473,1.3877787807814457e-16,4.510874530496931,10.168008896196636,0.0,1.4419865528095548,4.2693875969799056,0.0,1.6398366396201738,5.08606667175502,0.014931565815314959,10.173994514942954,1.0396626092417913,11.22858869000006,12.994298634494864,-0.17557395194800285,0.0,0.38718833818273807,0.21161438623473522,1.0,0.00035571324090036857,0.0,4.242640687119285,0.4988562473054664,0.12442877773784632
930,147.9052875804726,0.19634954084936207,-2.6020852139652106e-18,0.16705857263698803,0.43904813398224524,-5.2475385148298415e-17,0.14152684792255968,0.39825134028173803,5.551115123125783e-17,4.520342852665978,10.21396111419828,0.0,1.4441914209970483,4.323907537882248,-1.1102230246251565e-16,1.661949741829332,4.994019075906058,0.015171308393516166,10.216749752824196,1.0428444302407367,11.274765491458448,13.063370696678161,-0.17574753107098912,0.0,0.3843395835832832,0.20859205251229407,1.0,0.00035424774499815987,0.0,4.242640687119285,0.47897914986345164,0.11471051300195742
931,148.10163712132194,0.19634954084936207,-5.204170427930421e-18,0.1677249687098589,0.4424659937935316,-5.2583805365546965e-17,0.1441358498866561,0.414275255882178,1.3877787807814457e-16,4.5252259508664565,10.233572203690557,0.0,1.4450613974019646,4.33874992944134,-5.551115123125783e-17,1.6695666040506745,4.9511843547540915,0.015485750988252493,10.238834953197612,1.0441012211306595,11.298421925316525,13.095135360694735,-0.17503812681349062,0.0,0.3701657323214476,0.195127605507957,1.0,0.00035424774499815987,0.0,4.242640687119285,0.47897914986345164,0.11471051300195742
932,148.2979866621713,0.19634954084936207,-2.6020852139652106e-18,0.16869610625332948,0.4780721365432131,-5.204170427930421e-17,0.14565547340229648,0.4336951227597766,5.551115123125783e-17,4.530209548098546,10.24922614864192,0.0,1.445696952416345,4.343521332999475,-5.551115123125783e-17,1.6757242086005268,4.9167455902712005,0.01571892253862697,10.261399274841617,1.045019839112954,11.322138036493197,13.125331813894416,-0.17504800235196952,0.0,0.3622850231400205,0.18723702078805096,1.0,0.00035424774499815987,0.0,4.242640687119285,0.47897914986345164,0.11471051300195742
934,148.69068574387,0.19634954084936207,-3.469446951953614e-18,0.17073910856318067,0.5374753053629582,-5.2692225582795515e-17,0.14160714685832873,0.4646608086322187,1.3877787807814457e-16,4.540328079998499,10.27045344983983,0.0,1.446472992583155,4.324966859246831,0.0,1.6873905970798655,4.937317114550094,0.015529167313901132,10.307289537011426,1.0461420591362336,11.36896076346156,13.183870319918453,-0.17520618231625495,0.0,0.35737837866011235,0.1821721963438574,1.0,0.00035424774499815987,0.0,4.242640687119285,0.47897914986345164,0.11471051300195742
935,148.88703528471936,0.19634954084936207,-8.673617379884035e-18,0.17154522427008198,0.5567386443448292,-5.2583805365546965e-17,0.13712876897531953,0.4798378976400932,1.1102230246251565e-16,4.545356324090974,10.277798749342432,0.0,1.4468090279921144,4.304036006733651,0.0,1.6930916784013685,5.049771459092598,0.015215850912489578,10.330132056476904,1.0466281817397431,11.391976089129138,13.212575317366307,-0.17550461769174097,0.0,0.3545655939609635,0.17906097626922252,1.0,0.00035424774499815987,0.0,4.242640687119285,0.47897914986345164,0.11471051300195742
936,149.08338482556871,0.19634954084936207,-7.806255641895632e-18,0.1721655437874439,0.5671209940638002,-5.355958732078392e-17,0.13316610889785455,0.48119561573554515,1.6653345369377348e-16,4.550312211537845,10.283607542185464,5.551115123125783e-17,1.44722970893029,4.300964220712264,0.0,1.6980694552916553,5.166090796337919,0.014953878414965734,10.352670611235219,1.0472369152052254,11.41486140485541,13.240627086309146,-0.1756999361170979,0.0,0.35154175087047357,0.17584181475337568,1.0,0.00035424774499815987,0.0,4.242640687119285,0.47897914986345164,0.11471051300195742
937,149.27973436641807,0.19634954084936207,-6.938893903907228e-18,0.17261546121917937,0.568668954126598,-5.2258544713801314e-17,0.1310732637161916,0.46602420629219465,1.3877787807814457e-16,4.5551892473432805,10.311973674371691,0.0,1.4477752683648737,4.299860034824056,0.0,1.702102168573566,5.281519457808042,0.014841344719009816,10.374874539555917,1.0480266138444911,11.437742498119418,13.268000095874875,-0.1758052164517675,0.0,0.34837170292423775,0.17256648647247025,1.0,0.00035424774499815987,0.0,4.242640687119285,0.47897914986345164,0.11471051300195742
939,149.67243344811678,0.19634954084936207,-8.673617379884035e-18,0.17289257995736174,0.5496909985421172,-5.182486384480711e-17,0.13237585852149505,0.38875519575947826,1.6653345369377348e-16,4.564799383427055,10.364067927634627,0.0,1.4491475695265261,4.347153894664252,0.0,1.7085984292483463,5.4813115597188204,0.014953877995649855,10.418696705468006,1.0500143391323187,11.483664922595974,13.321892581684374,-0.1757330932869778,0.0,0.34614017079146475,0.17040707750448694,1.0,0.00035424774499815987,0.0,4.242640687119285,0.47897914986345164,0.11471051300195742
940,149.86878298896613,0.19634954084936207,-2.6020852139652106e-18,0.17256063115562462,0.5324817490764999,-5.399326818977812e-17,0.13413614317385955,0.4114952714022699,1.3877787807814457e-16,4.569611688256155,10.37898499091582,0.0,1.4498229732470052,4.382527228721377,0.0,1.7114326073296529,5.548094332150278,0.01501369118011845,10.440675490723635,1.0509933268773928,11.506682508781147,13.348506259404957,-0.17551548932934025,0.0,0.3440013307748798,0.16848584144553957,1.0,0.0003539779361560682,0.0,4.242640687119285,0.4851028758331485,0.11766240007079554
941,150.0651325298155,0.19634954084936207,-6.071532165918825e-18,0.17182035332890125,0.5144069007895687,-5.312590645178972e-17,0.13599648068018386,0.4235739543240471,1.1102230246251565e-16,4.574488403242691,10.379001099128775,5.551115123125783e-17,1.4503561188337508,4.405117014968319,5.551115123125783e-17,1.7131400709891353,5.580985546677471,0.015030226167291483,10.46297207570093,1.0517664357192507,11.529768737587474,13.373944377070462,-0.17524316567671072,0.0,0.3377135005068547,0.162470334830144,1.0,0.0003539779361560682,0.0,4.242640687119285,0.4851028758331485,0.11766240007079554
942,150.26148207066484,0.19634954084936207,-4.336808689942018e-18,0.17069278128606408,0.49790857657098253,-5.2583805365546965e-17,0.13809329663308859,0.4230057892666279,1.6653345369377348e-16,4.579456144857352,10.368754732363765,0.0,1.450648303586372,4.412072706155216,-5.551115123125783e-17,1.71235556925549,5.573155198138313,0.015046593245515992,10.485709291335882,1.0521902503490095,11.552946134930409,13.396820016080696,-0.17517890887874701,0.0,0.3249337182984946,0.1497548094197476,1.0,0.0003539779361560682,0.0,4.242640687119285,0.4851028758331485,0.11766240007079554
944,150.65418115236355,0.19634954084936207,-5.204170427930421e-18,0.16793592168771598,0.458826853900277,-5.323432666903827e-17,0.14277933354775996,0.41188049539204763,1.3877787807814457e-16,4.589695093080184,10.335351284742467,0.0,1.4503308688817644,4.372415872866291,-5.551115123125783e-17,1.6996660095891218,5.426963565368197,0.015228172048415766,10.532650523722161,1.0517298146156666,11.599608510386243,13.431331751923114,-0.17531620588275465,0.0,0.29746751520316667,0.12215130932041202,1.0,0.0003539779361560682,0.0,4.242640687119285,0.4851028758331485,0.11766240007079554
945,150.8505306932129,0.19634954084936207,-1.734723475976807e-18,0.1668290788962452,0.43717777643233946,-5.204170427930421e-17,0.1440326008055435,0.39504663011748403,1.1102230246251565e-16,4.594926510063017,10.346086845381786,0.0,1.449782948995645,4.326419345298278,0.0,1.6885405877150248,5.2961340136034085,0.015325702014795854,10.556674816439948,1.0509352995992545,11.622935818053998,13.443686833070723,-0.17575119996891914,0.0,0.2738752873042175,0.09812408733529837,1.0,0.0003539779361560682,0.0,4.242640687119285,0.4851028758331485,0.11766240007079554
946,151.04688023406226,0.19634954084936207,-1.1275702593849246e-17,0.1662086251817485,0.4134502678353473,-5.388484797252957e-17,0.14349424516525203,0.3700890959829192,1.3877787807814457e-16,4.6001754758968945,10.386748236594377,0.0,1.4491168106117398,4.276542845561805,-5.551115123125783e-17,1.6763910574343457,5.139391141374381,0.015320378199736848,10.580807204521609,1.0499697653987705,11.646097348120117,13.454844597429265,-0.17625851766188916,0.0,0.2685045201196014,0.09224600245771225,1.0,0.0003539779361560682,0.0,4.242640687119285,0.4851028758331485,0.11766240007079554
948,151.43957931576097,0.19634954084936207,-5.204170427930421e-18,0.16656196658453581,0.3985295459624901,-5.2583805365546965e-17,0.1377265113716477,0.35476513932569753,2.220446049250313e-16,4.6105263498571265,10.44598081738064,0.0,1.4480462108456174,4.236745906440314,0.0,1.6565156594308352,5.025461069153652,0.014949681001802984,10.62847661136344,1.048418914372175,11.691845206737417,13.481156036193278,-0.17727911784402728,0.0,0.2794888164255159,0.1022096985814886,1.0,0.0003539779361560682,0.0,4.242640687119285,0.4851028758331485,0.11766240007079554
949,151.63592885661032,0.19634954084936207,-2.6020852139652106e-18,0.16733880047192476,0.4094495688217963,-5.2583805365546965e-17,0.13477613609113212,0.33284403049704037,1.942890293094024e-16,4.61556180959425,10.456192094582363,-5.551115123125783e-17,1.447919383060883,4.251645801945348,0.0,1.6513024067798234,5.0070712698568665,0.01475903284870058,10.651705409092475,1.0482352699217041,11.714699711862881,13.499170884216527,-0.1784135218181889,0.0,0.3050192246435286,0.1266057028253397,1.0,0.0003539779361560682,0.0,4.242640687119285,0.4851028758331485,0.11766240007079554
950,151.83227839745967,0.19634954084936207,-5.204170427930421e-18,0.16839245594236518,0.4360105702991648,-5.204170427930421e-17,0.13341646349911437,0.34531957549288816,8.326672684688674e-17,4.6205029991358275,10.450236539221109,0.0,1.4481679968501662,4.260696144931029,-5.551115123125783e-17,1.6502191838407132,5.023688788527451,0.01472079004249936,10.67452398251159,1.0485952735505109,11.7378400461046,13.521705625428407,-0.17913426434548363,0.0,0.32856871786257913,0.1494344535170955,1.0,0.0003548303112582153,0.0,4.242640687119285,0.4924703095802387,0.12126350290902806
951,152.02862793830903,0.19634954084936207,-5.204170427930421e-18,0.16971318602366844,0.4573371666325125,-5.2366964931049864e-17,0.13380023868323748,0.3663079033007007,1.3877787807814457e-16,4.625373058431956,10.428286342197033,0.0,1.4487726523337177,4.287200948014938,5.551115123125783e-17,1.6539088764538776,5.075962803522353,0.014873897532586515,10.69703796483409,1.0494710990750376,11.761382961441715,13.549415994852243,-0.1801881273690083,0.0,0.35581598300450656,0.17562785563549826,1.0,0.0003548303112582153,0.0,4.242640687119285,0.4924703095802387,0.12126350290902806
953,152.42132702000774,0.19634954084936207,-6.071532165918825e-18,0.17298481603619048,0.4761079079710136,-5.2258544713801314e-17,0.13597574806095145,0.38255328958570917,1.942890293094024e-16,4.635162425852446,10.404842276113897,0.0,1.4507151762083939,4.317978288709808,-5.551115123125783e-17,1.6777047702748091,5.266032802305137,0.015442416199010486,10.74236535701717,1.0522872612406755,11.810095034456856,13.622349485672295,-0.18086720134656192,0.0,0.40036335680398116,0.21949615545741924,1.0,0.0003548303112582153,0.0,4.242640687119285,0.4924703095802387,0.12126350290902806
954,152.6176765608571,0.19634954084936207,-6.938893903907228e-18,0.1744983097061521,0.4741970412167402,-5.2692225582795515e-17,0.13581486219323555,0.39252864777146146,1.6653345369377348e-16,4.640177085453392,10.461738515350168,-5.551115123125783e-17,1.4517941798237965,4.31463982078558,-1.1102230246251565e-16,1.6970627803222376,5.382411827198949,0.015612673946147071,10.765621692183363,1.0538531702851248,11.835087536414635,13.666546668395624,-0.1812543544631966,0.0,0.43915747062614596,0.25790311616294936,1.0,0.0003548303112582153,0.0,4.242640687119285,0.4924703095802387,0.12126350290902806
955,152.81402610170645,0.19634954084936207,-6.071532165918825e-18,0.17542818054250903,0.4677150245262782,-5.2583805365546965e-17,0.1346503949537746,0.3873157787088649,1.942890293094024e-16,4.645292272124715,10.526066880423508,5.551115123125783e-17,1.4527818157226366,4.328848588484608,-5.551115123125783e-17,1.7189192328686882,5.494468408613432,0.01561597067741282,10.7893701467308,1.0552875020471806,11.860273619455393,13.71332562036656,-0.18126848570180332,0.0,0.45183785841835516,0.27056937271655185,1.0,0.0003548303112582153,0.0,4.242640687119285,0.4924703095802387,0.12126350290902806
956,153.0103756425558,0.19634954084936207,-5.204170427930421e-18,0.17544204975803016,0.46495624779537614,-5.2150124496552763e-17,0.13324054303298913,0.39877613910030085,1.6653345369377348e-16,4.650485026845049,10.573392382507615,-1.1102230246251565e-16,1.4535919648934306,4.340726599341811,5.551115123125783e-17,1.7401531597561666,5.587737104699791,0.01548464994914853,10.813505492454999,1.056464800201372,11.885454942605518,13.759515658047418,-0.18106646301179713,0.0,0.4485260784552919,0.2674596154434948,1.0,0.0003548303112582153,0.0,4.242640687119285,0.4924703095802387,0.12126350290902806
958,153.4030747242545,0.19634954084936207,-6.938893903907228e-18,0.17256748892644969,0.4665328749544878,-5.160802341031001e-17,0.13324413764852566,0.4311598214078793,1.1102230246251565e-16,4.660938193940172,10.62631725631816,0.0,1.4544848049306618,4.34177010247071,0.0,1.7682192158685317,5.672121879105024,0.015159279255459835,10.862172423865132,1.0577630238870925,11.935094727007685,13.837039533643795,-0.18036371353168523,0.0,0.41064901445383994,0.2302853009221547,1.0,0.0003548303112582153,0.0,4.242640687119285,0.4924703095802387,0.12126350290902806
959,153.59942426510386,0.19634954084936207,-6.938893903907228e-18,0.17026950927424944,0.4573460750022199,-5.204170427930421e-17,0.13529397123001566,0.44531421500003154,1.1102230246251565e-16,4.666129872777056,10.629100799373717,-5.551115123125783e-17,1.4545210934485655,4.335179570576691,0.0,1.7710429690829115,5.65178475269092,0.015092520607743541,10.886383994811208,1.057815805643405,11.959292321062357,13.86398829025703,-0.1794312414295689,0.0,0.350685486268801,0.17125424483923213,1.0,0.0003548303112582153,0.0,4.242640687119285,0.4924703095802387,0.12126350290902806
960,153.79577380595322,0.19634954084936207,-9.540979117872439e-18,0.1680609258965045,0.45095821829874333,-5.2909066017292616e-17,0.13808019973980043,0.44389741834832275,8.326672684688674e-17,4.671282236841354,10.613675374232782,5.551115123125783e-17,1.4542803305955085,4.340015353209499,-5.551115123125783e-17,1.7660157097006879,5.59175189800545,0.015090605578112376,10.910438868114781,1.0574656399784905,11.982995113671384,13.882539855115475,-0.1788452034663754,0.0,0.30805058990934076,0.12920538644296536,1.0,0.0003541192507093829,0.0,4.242640687119285,0.48288764853958377,0.11659024055604428
962,154.18847288765193,0.19634954084936207,-7.806255641895632e-18,0.165649072906997,0.45231384598580915,-5.084908188957016e-17,0.1422862821024938,0.43368363032956303,1.6653345369377348e-16,4.6815434328571355,10.54398534417473,1.1102230246251565e-16,1.45309288140012,4.320659503278398,0.0,1.7386556712743382,5.389649225898617,0.015091569397468972,10.958424456863886,1.0557394609878517,12.029255487249207,13.901184304915747,-0.17802842180029005,0.0,0.26074793646172584,0.08271951466143579,1.0,0.0003541192507093829,0.0,4.242640687119285,0.48288764853958377,0.11659024055604428
963,154.38482242850128,0.19634954084936207,-3.469446951953614e-18,0.16581148585814726,0.46986424217339273,-5.2150124496552763e-17,0.14241079729973977,0.42129834276118194,1.3877787807814457e-16,4.686688498498793,10.526848449828625,5.551115123125783e-17,1.4522509094976765,4.296999171509615,-5.551115123125783e-17,1.7210019074470067,5.284402204942266,0.015035006846460147,10.982524540980428,1.0545163520684144,12.052075899895303,13.9062910946315,-0.1781278936379241,0.0,0.23946002200176206,0.061332128363837946,1.0,0.0003541192507093829,0.0,4.242640687119285,0.48288764853958377,0.11659024055604428
964,154.58117196935063,0.19634954084936207,-5.204170427930421e-18,0.16675761648697401,0.4978273518058981,-5.204170427930421e-17,0.1410758299250115,0.4009016777462496,1.6653345369377348e-16,4.6918757859921945,10.509253741874705,0.0,1.451343742606429,4.30746067851015,0.0,1.7039703980345036,5.297233729957792,0.014962295562432296,11.00684919558993,1.0531993296014182,12.07501082075378,13.912159232047221,-0.17852727258292797,0.0,0.24359428470989314,0.06506701212696517,1.0,0.0003541192507093829,0.0,4.242640687119285,0.48288764853958377,0.11659024055604428
965,154.7775215102,0.19634954084936207,-6.938893903907228e-18,0.16820578876232756,0.52423527236304,-5.2909066017292616e-17,0.13871964093259814,0.3765409598786976,1.6653345369377348e-16,4.697123577682911,10.482967550160035,-5.551115123125783e-17,1.4504522514635927,4.32986612765483,0.0,1.6896760756542104,5.299589828094248,0.014919084306327912,11.031484952012356,1.0519058668879027,12.098309903206587,13.921067185066807,-0.1790635594683447,0.0,0.2594401798519539,0.08037662038360918,1.0,0.0003541192507093829,0.0,4.242640687119285,0.48288764853958377,0.11659024055604428
967,155.1702205918987,0.19634954084936207,-2.6020852139652106e-18,0.17135827228215497,0.5633482589571189,-5.2583805365546965e-17,0.1336137575675628,0.4175813000842125,1.1102230246251565e-16,4.707818860159238,10.447780867718967,-1.1102230246251565e-16,1.449012808336566,4.3556630099334965,-1.1102230246251565e-16,1.6756076960419162,5.286401207739205,0.015000038240701175,11.08177921003551,1.049819059361711,12.146598307637923,13.954485877779057,-0.17984024336479168,0.0,0.2997019602208472,0.11986171685605554,1.0,0.0003541192507093829,0.0,4.242640687119285,0.48288764853958377,0.11659024055604428
968,155.36657013274805,0.19634954084936207,-6.071532165918825e-18,0.17253255637482093,0.5719441177557146,-5.2583805365546965e-17,0.13193087193684613,0.4554051389951863,2.220446049250313e-16,4.7132396113622566,10.490505432585515,0.0,1.44858591488913,4.360605202118743,-5.551115123125783e-17,1.6776334508019937,5.276251178493632,0.015059315037235416,11.107313817057117,1.049200576407589,12.171573708501942,13.980676863626979,-0.18035185852702584,0.0,0.34821579601116753,0.1678639374841417,1.0,0.0003541192507093829,0.0,4.242640687119285,0.48288764853958377,0.11659024055604428
969,155.5629196735974,0.19634954084936207,-7.806255641895632e-18,0.1731743665938743,0.571483212106433,-5.2475385148298415e-17,0.13110309917851384,0.4785775888984568,8.326672684688674e-17,4.718670456042036,10.539368069470928,5.551115123125783e-17,1.4484059844742436,4.3796475219010365,-5.551115123125783e-17,1.6856427699153345,5.267340560382653,0.015049359120186451,11.132925436361974,1.0489399479304016,12.196914743412563,14.013030409240283,-0.1804456296411573,0.0,0.3794695784246948,0.19902394878353752,1.0,0.0003541192507093829,0.0,4.242640687119285,0.48288764853958377,0.11659024055604428
970,155.75926921444676,0.19634954084936207,-4.336808689942018e-18,0.1731525644254821,0.5617666725764721,-5.1770653736182837e-17,0.13109880276805844,0.48612750452941433,1.3877787807814457e-16,4.724077566381717,10.594208422645965,0.0,1.4484786241857441,4.393392632731025,0.0,1.6984184229020296,5.262669340658881,0.014936736569994644,11.1584544265955,1.049045162361513,12.222436325527006,14.05033027548684,-0.18036784376411152,0.0,0.40441299760373206,0.22404515383962054,1.0,0.00035285430518920447,0.0,4.242640687119285,0.47814566152287025,0.11431163681657161
972,156.15196829614547,0.19634954084936207,-6.071532165918825e-18,0.17098122780030972,0.5217187201463643,-5.2150124496552763e-17,0.13334864414537262,0.46914676589736587,1.3877787807814457e-16,4.734779039245151,10.642940912074017,-5.551115123125783e-17,1.4492440318662265,4.415432316074606,0.0,1.729804716780299,5.276822201724672,0.014534000228348758,11.20906627523761,1.0501541319499377,12.273754407415897,14.131809116078589,-0.17941220011728287,0.0,0.4209800093160355,0.24156780919875265,1.0,0.00035285430518920447,0.0,4.242640687119285,0.47814566152287025,0.11431163681657161
973,156.34831783699482,0.19634954084936207,-3.469446951953614e-18,0.16904670556507811,0.49726410881911404,-5.1445393084437185e-17,0.13538007858241988,0.42976518750377624,2.498001805406602e-16,4.740068979877439,10.63345552703672,5.551115123125783e-17,1.4497496675863093,4.4191950947699326,-5.551115123125783e-17,1.7438904781998963,5.297108245944244,0.014376104762515239,11.234126966998168,1.0508870493333067,12.29939012109399,14.171388750415492,-0.1790200690704357,0.0,0.41527448533605327,0.23625441626561758,1.0,0.00035285430518920447,0.0,4.242640687119285,0.47814566152287025,0.11431163681657161
974,156.54466737784418,0.19634954084936207,-2.6020852139652106e-18,0.16691009972994503,0.4694552018047023,-5.2583805365546965e-17,0.1375810112825015,0.3851572325210651,1.1102230246251565e-16,4.745364487368691,10.60898921362329,0.0,1.4501805596573663,4.417368393379026,0.0,1.7549183540832438,5.3240051701286255,0.014295897169581564,11.259242058989958,1.0515118278040758,12.325049783963616,14.208090987732216,-0.17878312754787823,0.0,0.40092397679739106,0.22214084924951283,1.0,0.00035285430518920447,0.0,4.242640687119285,0.47814566152287025,0.11431163681657161
976,156.9373664595429,0.19634954084936207,-5.204170427930421e-18,0.1636596167036853,0.41333148410109066,-5.345116710353537e-17,0.14017370916462019,0.3924134650826678,1.3877787807814457e-16,4.756147269464558,10.605241240414063,5.551115123125783e-17,1.450403245450367,4.400380468462488,0.0,1.7673039153820667,5.37877411212575,0.014233432051337959,11.310468424417587,1.0518347872064786,12.376536643675404,14.271679475799571,-0.17863021810360666,0.0,0.37630623022533866,0.197676012121732,1.0,0.00035285430518920447,0.0,4.242640687119285,0.47814566152287025,0.11431163681657161
977,157.13371600039224,0.19634954084936207,-5.204170427930421e-18,0.16326591308255725,0.41302437597743524,-5.2366964931049864e-17,0.13972547161344448,0.39530031963946183,1.3877787807814457e-16,4.761679096553086,10.638973509554619,1.1102230246251565e-16,1.4501083835913091,4.38694557101768,-5.551115123125783e-17,1.7697173345231982,5.394096515919064,0.014170980923080166,11.336793909275313,1.0514071620808996,12.402372052279292,14.2993920642704,-0.17879586787007798,0.0,0.3557555557531271,0.17695968788304914,1.0,0.00035285430518920447,0.0,4.242640687119285,0.47814566152287025,0.11431163681657161
978,157.3300655412416,0.19634954084936207,-5.204170427930421e-18,0.16386059952932872,0.4173202832682459,-5.160802341031001e-17,0.13828090796058884,0.3872726928362836,1.6653345369377348e-16,4.767285018444529,10.66904149510543,-5.551115123125783e-17,1.449593017904073,4.371592812317161,-5.551115123125783e-17,1.7702668831306612,5.392755214187466,0.01410916900733476,11.363503223542825,1.0506599587781194,12.42827235132828,14.325070416233864,-0.17914702387713521,0.0,0.3456072393142571,0.16646021543712186,1.0,0.00035285430518920447,0.0,4.242640687119285,0.47814566152287025,0.11431163681657161
979,157.52641508209095,0.19634954084936207,-5.204170427930421e-18,0.16522965193021993,0.4173373379572759,-5.252959525692269e-17,0.13658158455958258,0.39576341660871794,8.326672684688674e-17,4.772918583462135,10.692890416620836,-1.1102230246251565e-16,1.4489589755555736,4.355430707078367,-5.551115123125783e-17,1.7691182913549124,5.369589764247542,0.014123103101590064,11.390375902179096,1.0497410564215286,12.454240061702215,14.349021590901506,-0.17964893688175482,0.0,0.33719877343988214,0.15754983655812732,1.0,0.00035285430518920447,0.0,4.242640687119285,0.47814566152287025,0.11431163681657161
981,157.91911416378966,0.19634954084936207,-5.204170427930421e-18,0.16864859512176122,0.40582059433039935,-5.2150124496552763e-17,0.13538826516826774,0.4398023648772013,1.942890293094024e-16,4.78404735153281,10.72557274837503,5.551115123125783e-17,1.4477448660983467,4.370265751815042,0.0,1.7626003496515175,5.450044160146989,0.014559512627655464,11.443554530854044,1.0479825986570601,12.506096642138761,14.392904438795567,-0.1809195111471846,0.0,0.3282514229019917,0.14733191175480712,1.0,0.0003542499699389295,0.0,4.242640687119285,0.4947077232399905,0.12236786571664754
982,158.115463704639,0.19634954084936207,-6.938893903907228e-18,0.17000909493829192,0.41891819250807805,-5.2692225582795515e-17,0.13592203123594226,0.4258554620690803,2.220446049250313e-16,4.789483751159681,10.757383041552348,-5.551115123125783e-17,1.4472831984923147,4.3688448922782115,5.551115123125783e-17,1.7585178860775459,5.464108031953985,0.014877143470929347,11.469577301311304,1.0473143283190725,12.531768773101305,14.41402709344713,-0.18220638020600943,0.0,0.3252818898272404,0.14307550962123095,1.0,0.0003542499699389295,0.0,4.242640687119285,0.4947077232399905,0.12236786571664754
983,158.31181324548837,0.19634954084936207,-6.071532165918825e-18,0.170980778594867,0.4373487968118585,-5.2475385148298415e-17,0.13613581551051476,0.4060708549993904,5.551115123125783e-17,4.794842856630962,10.78765218370972,0.0,1.4469098736381736,4.354699312200366,0.0,1.7550096988864308,5.459763510823508,0.015090424370604533,11.495259009892484,1.0467740912158174,12.557123525478907,14.435513558354792,-0.18280006831571155,0.0,0.32743525512469285,0.1446351868089813,1.0,0.0003542499699389295,0.0,4.242640687119285,0.4947077232399905,0.12236786571664754
984,158.50816278633772,0.19634954084936207,-9.540979117872439e-18,0.17161954151229009,0.4518921061758624,-5.182486384480711e-17,0.13517790108309138,0.39574192264727176,1.1102230246251565e-16,4.800150204068388,10.814461781044974,0.0,1.4465599036973515,4.329948909214837,0.0,1.7523597389647259,5.4390103230405735,0.015100434041957725,11.520720990808899,1.0462677774924456,12.582089202343303,14.457463436616768,-0.18334342713390037,0.0,0.3299866102196314,0.14664318308573102,1.0,0.0003542499699389295,0.0,4.242640687119285,0.4947077232399905,0.12236786571664754
986,158.90086186803643,0.19634954084936207,-8.673617379884035e-18,0.17193600753631608,0.4636004243410471,-5.2692225582795515e-17,0.13026211096110685,0.3767441396245654,1.3877787807814457e-16,4.8107509460958156,10.847055373765345,5.551115123125783e-17,1.4456127958294103,4.347175414091028,0.0,1.7465634723899897,5.362493126318664,0.014618379762173974,11.571662332680893,1.044898177732862,12.631178890175928,14.499707737942275,-0.18395604009575123,0.0,0.3262083394427132,0.14225229934696199,1.0,0.0003542499699389295,0.0,4.242640687119285,0.4947077232399905,0.12236786571664754
987,159.09721140888578,0.19634954084936207,-7.806255641895632e-18,0.17137766916627944,0.46130990646612274,-5.2150124496552763e-17,0.128565090739505,0.3801480753078935,1.3877787807814457e-16,4.816113569768791,10.848164604304571,0.0,1.4448954166066652,4.363253234762014,0.0,1.7409823542694625,5.314974691837032,0.014359289289569224,11.597474958455544,1.0438613824654743,12.655695630210587,14.517932293303026,-0.18424779840809358,0.0,0.3121616581572755,0.1279138597491819,1.0,0.0003542499699389295,0.0,4.242640687119285,0.4947077232399905,0.12236786571664754
988,159.29356094973514,0.19634954084936207,-1.0408340855860843e-17,0.17016306512745438,0.45284048042441316,-5.204170427930421e-17,0.1289371158882511,0.39396000943315873,1.6653345369377348e-16,4.821552476408539,10.837817098254604,5.551115123125783e-17,1.4439933662655426,4.370435206566599,0.0,1.7329531862053107,5.266092275513642,0.014212695280960308,11.623684141380657,1.0425584209094465,12.680455257571065,14.53385789978688,-0.18417920210550306,0.0,0.3008700377866081,0.11669083568110503,1.0,0.0003542499699389295,0.0,4.242640687119285,0.4947077232399905,0.12236786571664754
990,159.68626003143385,0.19634954084936207,-6.938893903907228e-18,0.16619586436379843,0.4560711047941586,-5.345116710353537e-17,0.13478469559981324,0.4061160660938072,1.3877787807814457e-16,4.832680667066935,10.78737936912818,0.0,1.4418520225854181,4.3474304443115415,0.0,1.7146822850349284,5.172515805973197,0.014143226455439578,11.677401214921257,1.0394686275168303,12.731013068893528,14.56431823783576,-0.18374336386941967,0.0,0.2972171892560953,0.11347382538667564,1.0,0.0003529213199673201,0.0,4.242640687119285,0.47789385793392125,0.11419126972548346
991,159.8826095722832,0.19634954084936207,-7.806255641895632e-18,0.16417481496968414,0.44517906967088733,-5.2583805365546965e-17,0.1378683190452203,0.4109879717976088,2.220446049250313e-16,4.8383546794697745,10.752728832654663,-5.551115123125783e-17,1.440846105531415,4.313710397221104,0.0,1.7087694844636003,5.129910708901745,0.01407589469289032,11.704838002173533,1.0380187499125226,12.756932646778946,14.583322547470644,-0.18247072055153535,0.0,0.31472747966823067,0.13225675911669532,1.0,0.0003529213199673201,0.0,4.242640687119285,0.47789385793392125,0.11419126972548346
992,160.07895911313256,0.19634954084936207,-6.938893903907228e-18,0.16273118445227305,0.43630640148743943,-5.2583805365546965e-17,0.13981461525460367,0.4138652126553126,1.942890293094024e-16,4.844040434543478,10.742701455832973,0.0,1.4400612283302803,4.2652879990025045,-5.551115123125783e-17,1.7074108748417283,5.090522978551123,0.013963444092909337,11.732363865746086,1.0368881706700575,12.783215480509051,14.607221662971615,-0.18211720835183545,0.0,0.3388817849449299,0.15676457659309442,1.0,0.0003529213199673201,0.0,4.242640687119285,0.47789385793392125,0.11419126972548346
993,160.2753086539819,0.19634954084936207,-5.204170427930421e-18,0.16214105609671914,0.43565923457872724,-5.139118297581291e-17,0.1406052669059824,0.4296266118740747,1.6653345369377348e-16,4.849697918083995,10.754976213457974,0.0,1.4396232409007081,4.278237915738985,0.0,1.7113227002482427,5.055244916657253,0.013872168679051104,11.759784948334119,1.0362575378707288,12.809914654883897,14.63690104653856,-0.1818443797969829,0.0,0.367710814349064,0.1858664345520811,1.0,0.0003529213199673201,0.0,4.242640687119285,0.47789385793392125,0.11419126972548346
995,160.66800773568062,0.19634954084936207,-6.938893903907228e-18,0.16331153090367964,0.4591724107966597,-5.2258544713801314e-17,0.14037787909005317,0.4401487051865985,1.1102230246251565e-16,4.86084026947517,10.77203358584205,0.0,1.4399960292094618,4.305235600389258,0.0,1.7343086640828493,5.173411098251609,0.01399220255333799,11.813884062675722,1.0367942820695082,12.864670547298568,14.71357799579254,-0.1816622003303081,0.0,0.41142046030466306,0.22975825997435495,1.0,0.0003529213199673201,0.0,4.242640687119285,0.47789385793392125,0.11419126972548346
996,160.86435727652997,0.19634954084936207,-6.938893903907228e-18,0.16454141089241145,0.48122916780400116,-5.1228552649940085e-17,0.13957213971359533,0.43815410887435907,1.6653345369377348e-16,4.866341288926053,10.773353227911402,0.0,1.4407031874853578,4.321421940351846,0.0,1.7522348930567317,5.251761926373143,0.014150634821380546,11.84063877015324,1.0378128372152349,12.892602242189854,14.759403401925386,-0.18172108468018458,0.0,0.4494656364572898,0.2677445517771052,1.0,0.0003529213199673201,0.0,4.242640687119285,0.47789385793392125,0.11419126972548346
997,161.06070681737933,0.19634954084936207,-5.204170427930421e-18,0.16585635730778586,0.5033432612396442,-5.2800645800044066e-17,0.1378193694577703,0.4411317702427944,5.551115123125783e-17,4.87184342694383,10.770096517298962,0.0,1.4415583200044002,4.346152205043147,-5.551115123125783e-17,1.7730757523995495,5.3206714539345406,0.014246202960439736,11.867429188327899,1.039045194986954,12.920720586275293,14.808591139673997,-0.18189695864291341,0.0,0.4665889892406203,0.28469203059770687,1.0,0.0003529213199673201,0.0,4.242640687119285,0.47789385793392125,0.11419126972548346
998,161.25705635822868,0.19634954084936207,-3.469446951953614e-18,0.16714573864596213,0.5220563777832673,-5.204170427930421e-17,0.13488517534730798,0.42804463447522534,8.326672684688674e-17,4.877393530582666,10.76421227676402,-5.551115123125783e-17,1.4423592720137932,4.36413586992149,-5.551115123125783e-17,1.7948901362132141,5.380453257884255,0.01421411851163656,11.894483826084821,1.0402001347820797,12.948898079378537,14.858938476451002,-0.18212278022718942,0.0,0.4725917073311582,0.29046892710396877,1.0,0.0003529213199673201,0.0,4.242640687119285,0.47789385793392125,0.11419126972548346
1000,161.6497554399274,0.19634954084936207,-6.071532165918825e-18,0.16959981598178825,0.5412430444648434,-5.2909066017292616e-17,0.12807811027920488,0.4089661218458567,1.3877787807814457e-16,4.888756520597099,10.809461762160373,0.0,1.443095318984461,4.385125876098192,0.0,1.8300605761689972,5.473523515781453,0.013970458183609235,11.949970158840324,1.0412620498374316,13.005202666861365,14.950727579059759,-0.18237847642855812,0.0,0.4505718113312327,0.2681933349026746,1.0,0.00035329081832332845,0.0,4.242640687119285,0.48767606018410264,0.11891396983834426
1001,161.84610498077674,0.19634954084936207,-6.938893903907228e-18,0.1706881951101842,0.5410036243713267,-5.242117503967414e-17,0.12673324990008608,0.38646444054819695,1.6653345369377348e-16,4.894558844103676,10.867983656755959,-5.551115123125783e-17,1.4428362459386292,4.386726422287157,0.0,1.8378395854990972,5.506059639650361,0.013986911847798957,11.978353139196756,1.040888216297138,13.033228267341691,14.986083155986258,-0.18255552804281672,0.0,0.39828738408769476,0.21573185604487805,1.0,0.00035329081832332845,0.0,4.242640687119285,0.48767606018410264,0.11891396983834426
1002,162.0424545216261,0.19634954084936207,-5.204170427930421e-18,0.17152426882313251,0.534666048140427,-5.2909066017292616e-17,0.12771420890270765,0.35706786368850263,1.6653345369377348e-16,4.900402793057188,10.914314950277221,5.551115123125783e-17,1.4421641229672384,4.378677679483037,-5.551115123125783e-17,1.8371574135444142,5.528557379668254,0.014171862124700858,12.006973767101346,1.0399186787869317,13.06106430801298,15.012272774578033,-0.18230720246818505,0.0,0.3523735950110917,0.17006639254290667,1.0,0.00035329081832332845,0.0,4.242640687119285,0.48767606018410264,0.11891396983834426
1004,162.4351536033248,0.19634954084936207,-4.336808689942018e-18,0.1718834831523611,0.5091453043517649,-5.204170427930421e-17,0.13291971446598944,0.3780022309615789,1.3877787807814457e-16,4.912057864376094,10.941880260431029,0.0,1.4399116333803599,4.391328098327799,-5.551115123125783e-17,1.8142261653303553,5.543253740958971,0.01469367393149628,12.064156231489516,1.0366727559720479,13.115522661393062,15.040877893686815,-0.18170796136746142,0.0,0.2922365731182977,0.11052861175083628,1.0,0.00035329081832332845,0.0,4.242640687119285,0.48767606018410264,0.11891396983834426
1005,162.63150314417416,0.19634954084936207,-2.6020852139652106e-18,0.17128487259077982,0.4974208216295182,-5.2366964931049864e-17,0.1345034728849362,0.3798509112528377,8.326672684688674e-17,4.917825865257634,10.9267125221458,5.551115123125783e-17,1.4385391936767058,4.403790096349033,-5.551115123125783e-17,1.7965830147939597,5.536774936944424,0.01478173031841066,12.092505620498496,1.0346975058720138,13.141984856688921,15.048164205403394,-0.18111813904649532,0.0,0.2560921497082093,0.074974010661714,1.0,0.00035329081832332845,0.0,4.242640687119285,0.48767606018410264,0.11891396983834426
1006,162.82785268502352,0.19634954084936207,-4.336808689942018e-18,0.1702276040976511,0.48312488047038504,-5.2909066017292616e-17,0.134806378403733,0.35834681483402114,1.6653345369377348e-16,4.923558029003118,10.899742119849943,0.0,1.4371347976713407,4.412257084353413,-5.551115123125783e-17,1.778204738995584,5.522583349425421,0.01469835450519813,12.120711832480534,1.0326782133389227,13.168088400324654,15.054509878985892,-0.18088369033252294,0.0,0.25082984065987685,0.0699461503273539,1.0,0.00035329081832332845,0.0,4.242640687119285,0.48767606018410264,0.11891396983834426
1007,163.02420222587287,0.19634954084936207,-6.938893903907228e-18,0.16884917809985975,0.4657907951667929,-5.198749417067994e-17,0.13453958187195406,0.35920715362533734,2.498001805406602e-16,4.929274592509935,10.86782808842295,5.551115123125783e-17,1.4357840608071457,4.411237174272201,0.0,1.7611511215823876,5.501920820484631,0.014519739214855339,12.148874004181993,1.0307379346339285,13.194131678030775,15.062315996388447,-0.18083504673171263,0.0,0.2579679854246857,0.07713293869297305,1.0,0.00035329081832332845,0.0,4.242640687119285,0.48767606018410264,0.11891396983834426
1009,163.41690130757158,0.19634954084936207,-1.734723475976807e-18,0.16591612591183721,0.4237959575919579,-5.2258544713801314e-17,0.13578682583666127,0.4017430978241989,1.3877787807814457e-16,4.940754703531016,10.85202522862221,-5.551115123125783e-17,1.433516838501077,4.379308675673274,0.0,1.7377681149490338,5.445796189727137,0.014267350905002616,12.205528520231928,1.0274852631330613,13.247281134269992,15.090122663163102,-0.1811503848837342,0.0,0.2890691616629087,0.1079187767791745,1.0,0.00035329081832332845,0.0,4.242640687119285,0.48767606018410264,0.11891396983834426
1010,163.61325084842093,0.19634954084936207,-6.071532165918825e-18,0.1647837195589223,0.4006797678714027,-5.2366964931049864e-17,0.1373683143399991,0.41833052387395003,1.6653345369377348e-16,4.946555116589046,10.857769750364659,-5.551115123125783e-17,1.4326857305443912,4.3557177184228735,0.0,1.7345570409774778,5.412351613906178,0.01423966188671465,12.234203760726636,1.0262942012527578,13.274737623866109,15.113377619788093,-0.1818250011067085,0.0,0.3369901130348035,0.15516511192809498,1.0,0.00035186347414130006,0.0,4.242640687119285,0.4759077662192704,0.11324410097390786
1011,163.8096003892703,0.19634954084936207,-3.469446951953614e-18,0.16408926567409923,0.3932141876927971,-5.084908188957016e-17,0.13848499111926577,0.42072226918475064,2.220446049250313e-16,4.952427841713235,10.857394862781858,0.0,1.4320822824205368,4.340555015349779,0.0,1.738491297007432,5.376551389177537,0.01419935007039546,12.263270763688203,1.0254298318114066,13.302899945570005,15.144364814619468,-0.18176360330229044,0.0,0.3757090221908576,0.19394541888856717,1.0,0.00035186347414130006,0.0,4.242640687119285,0.4759077662192704,0.11324410097390786
1012,164.00594993011964,0.19634954084936207,-7.806255641895632e-18,0.16389315906642707,0.39271717979361515,-5.182486384480711e-17,0.13832366881017702,0.40403912232398526,1.942890293094024e-16,4.9583477286095174,10.849768805829159,5.551115123125783e-17,1.4316662248510803,4.332234713727077,-1.1102230246251565e-16,1.7493423735243885,5.338099810737296,0.014084873741416475,12.292606098903578,1.024834089689672,13.331525062334666,15.182612811772483,-0.1825699653663146,0.0,0.4129880630244376,0.230418097658123,1.0,0.00035186347414130006,0.0,4.242640687119285,0.4759077662192704,0.11324410097390786
1014,164.39864901181835,0.19634954084936207,-5.204170427930421e-18,0.1648830351419006,0.42138608096410846,-5.171644362755856e-17,0.1344687724592131,0.3754961020872136,1.1102230246251565e-16,4.970247793440073,10.824756923117546,5.551115123125783e-17,1.4312194040769737,4.347749118262999,0.0,1.7839787672696799,5.352450177558024,0.01371612634463803,12.351681564097959,1.024194491303224,13.38959218174582,15.273083338407686,-0.18385801887675948,0.0,0.44948954769420485,0.26563152881744534,1.0,0.00035186347414130006,0.0,4.242640687119285,0.4759077662192704,0.11324410097390786
1015,164.5949985526677,0.19634954084936207,-6.071532165918825e-18,0.1659205286467944,0.44044744402508146,-5.2475385148298415e-17,0.13234209616685289,0.4001926151434472,5.551115123125783e-17,4.976165391345035,10.834141828219401,0.0,1.4310866358912864,4.363480834087526,-5.551115123125783e-17,1.801788869283573,5.4170848382465415,0.01362317214085743,12.381111001010044,1.0240044797133194,13.41873865286422,15.319282777535566,-0.18501595791016492,0.0,0.45587223991624226,0.27085628200607736,1.0,0.00035186347414130006,0.0,4.242640687119285,0.4759077662192704,0.11324410097390786
1016,164.79134809351706,0.19634954084936207,-4.336808689942018e-18,0.16716551860318632,0.45313730661456547,-5.0903291998194433e-17,0.13104278243688097,0.3977680351876309,1.3877787807814457e-16,4.982022694215837,10.835722723272049,0.0,1.4309441789779096,4.391681249433987,-5.551115123125783e-17,1.816304226045606,5.468706172388367,0.013666251087776807,12.410275062840814,1.0238006216753819,13.447741935603972,15.362262038498153,-0.1855547210470163,0.0,0.44055818993812684,0.25500346889111053,1.0,0.00035186347414130006,0.0,4.242640687119285,0.4759077662192704,0.11324410097390786
1018,165.18404717521577,0.19634954084936207,-6.938893903907228e-18,0.16941591707495257,0.4645733494430795,-5.139118297581291e-17,0.13047215572513654,0.3538523292025234,1.1102230246251565e-16,4.993543356364709,10.907019533902314,0.0,1.4304054547257827,4.433701488207465,-5.551115123125783e-17,1.8309716559790967,5.503977862675599,0.013972931804087018,12.467737625947064,1.0230298824546362,13.504740440205788,15.432933768010107,-0.18582302812062626,0.0,0.4026023400947348,0.21677931197410852,1.0,0.00035186347414130006,0.0,4.242640687119285,0.4759077662192704,0.11324410097390786
1019,165.38039671606512,0.19634954084936207,-7.806255641895632e-18,0.16985019136905885,0.4605348383968635,-5.139118297581291e-17,0.13034311054714703,0.34498218364276734,1.3877787807814457e-16,4.999262088401301,10.953261378391122,5.551115123125783e-17,1.4298969000880384,4.443360452409899,0.0,1.8315381550587202,5.481030230289603,0.014055330677060843,12.496310714263268,1.0223025724406902,13.53266861738102,15.460694833449402,-0.185499645327516,0.0,0.36394194258759666,0.17844229726008065,1.0,0.00035186347414130006,0.0,4.242640687119285,0.4759077662192704,0.11324410097390786
1020,165.57674625691448,0.19634954084936207,-5.204170427930421e-18,0.1694992470868058,0.4501576798271985,-5.187907395343139e-17,0.1302593574570627,0.3537562945485524,1.942890293094024e-16,5.0050196918904515,10.996241529326028,-1.1102230246251565e-16,1.4291733187544153,4.444912060137992,0.0,1.8288244522509651,5.431962419656669,0.014022130406758603,12.525111058105594,1.0212681875197547,13.560401376032107,15.484711260382642,-0.18492381921287035,0.0,0.34417713884577383,0.15925331963290348,1.0,0.00035307767739776075,0.0,4.242640687119285,0.4920801228626885,0.1210714236582793
1021,165.77309579776383,0.19634954084936207,-6.071532165918825e-18,0.16831218399565462,0.4451433929517611,-5.2150124496552763e-17,0.1307120072579617,0.3681215027244233,2.220446049250313e-16,5.010848506963041,11.03297850082178,0.0,1.428217806938571,4.438813423207146,0.0,1.8238999335590624,5.36043380882886,0.013903765875272443,12.554301379866867,1.0199030520282106,13.58810819777035,15.506196211060486,-0.18477648582067588,0.0,0.3310700636253,0.14629357780462413,1.0,0.00035307767739776075,0.0,4.242640687119285,0.4920801228626885,0.1210714236582793
1023,166.16579487946254,0.19634954084936207,-2.6020852139652106e-18,0.16435861248682113,0.4529178474509161,-5.139118297581291e-17,0.1345196734922066,0.41037586331166503,1.3877787807814457e-16,5.0228556966469196,11.082060650206099,-5.551115123125783e-17,1.4258506748148574,4.4082179977856635,0.0,1.8119113276415155,5.175350226709805,0.01367549265515775,12.614539674669206,1.0165250734349922,13.644740240759358,15.547681432187971,-0.18346294853285797,0.0,0.3257136445075741,0.14225069597471615,1.0,0.00035307767739776075,0.0,4.242640687119285,0.4920801228626885,0.1210714236582793
1024,166.3621444203119,0.19634954084936207,-6.938893903907228e-18,0.16247230778732463,0.44690896687070714,-5.106592232406726e-17,0.13701649176573172,0.4135936128823903,1.1102230246251565e-16,5.028995427989223,11.093862526315965,0.0,1.4246293029281127,4.3865696824416025,0.0,1.807135357328794,5.076807201051027,0.013628820343266831,12.645397507368248,1.0147843253807198,13.673810653092234,15.570344292394081,-0.18236225686716467,0.0,0.3341234610242706,0.15176120415710592,1.0,0.00035307767739776075,0.0,4.242640687119285,0.4920801228626885,0.1210714236582793
1025,166.55849396116125,0.19634954084936207,-6.938893903907228e-18,0.1612447642258258,0.4347354884578696,-5.2366964931049864e-17,0.138634848400498,0.4068742791591571,8.326672684688674e-17,5.035160869458099,11.098073000617099,-5.551115123125783e-17,1.4235210683017527,4.371735694175393,0.0,1.8044734856966653,4.99196462133011,0.013591324006406386,12.676422490661018,1.0132061159494816,13.703219930616905,15.595579677923602,-0.1819694308142398,0.0,0.3465960753097391,0.16462664449549932,1.0,0.00035307767739776075,0.0,4.242640687119285,0.4920801228626885,0.1210714236582793
1026,166.7548435020106,0.19634954084936207,-6.071532165918825e-18,0.1609086214307816,0.43761231939462536,-5.128276275856436e-17,0.13866663238879556,0.42111311658635353,1.1102230246251565e-16,5.041299204587566,11.099067446135814,0.0,1.4225904150886204,4.361654143438165,-5.551115123125783e-17,1.8042583220997241,5.040941274400973,0.01351694482341321,12.707348835087611,1.0118817445510064,13.732747524462031,15.623573254086889,-0.18191792676660695,0.0,0.36036018524576063,0.17844225847915368,1.0,0.00035307767739776075,0.0,4.242640687119285,0.4920801228626885,0.1210714236582793
1028,167.1475425837093,0.19634954084936207,-5.204170427930421e-18,0.1626212003456077,0.47598920541757966,-5.1011712215442984e-17,0.13448564246829411,0.41518468035329836,1.1102230246251565e-16,5.053378571742465,11.115285050726209,0.0,1.4212320030920704,4.382344067064098,0.0,1.8084978755627237,5.181318216340869,0.013261767143353703,12.768317494672958,1.0099502033065493,13.79152946512286,15.68455910122643,-0.18246146670301458,0.0,0.37358182044592264,0.19112035374290806,1.0,0.00035307767739776075,0.0,4.242640687119285,0.4920801228626885,0.1210714236582793
1029,167.34389212455866,0.19634954084936207,-6.071532165918825e-18,0.16416511623342814,0.5040478021397892,-5.1120132432691534e-17,0.13180485862684366,0.41408907592848204,1.3877787807814457e-16,5.059322806804369,11.119968463164,0.0,1.420670796122163,4.415395633803208,-5.551115123125783e-17,1.8102827979527942,5.260576695005389,0.013187175623399522,12.798373631725417,1.0091527554771904,13.820713562826006,15.714689746615424,-0.1833915298863091,0.0,0.3730997117577641,0.18970818187145497,1.0,0.00035307767739776075,0.0,4.242640687119285,0.4920801228626885,0.1210714236582793
1030,167.54024166540802,0.19634954084936207,-4.336808689942018e-18,0.1658166199695971,0.5262251818893497,-5.198749417067994e-17,0.12975439474670034,0.4073645205301811,1.1102230246251565e-16,5.065234806398145,11.12071393737503,-5.551115123125783e-17,1.4200731826063824,4.4428099341340745,0.0,1.8102397501812033,5.339218090993201,0.013221921898627738,12.828301821973628,1.0083039219789098,13.849827665851166,15.742912935176822,-0.18406311073413598,0.0,0.3645868777052691,0.18052376697113312,1.0,0.0003504947299875181,0.0,4.242640687119285,0.46785112719416866,0.10944233860842709
1032,167.93294074710673,0.19634954084936207,-5.204170427930421e-18,0.16866215922794087,0.5471997856380102,-5.095750210681871e-17,0.1280557784656994,0.3735984175679713,1.3877787807814457e-16,5.077154865026958,11.103784616794188,0.0,1.4186039637600918,4.478787637336839,0.0,1.8044626082200026,5.472275037058502,0.013564702655455153,12.888750761733451,1.0062186029979219,13.908534067386828,15.793895702590065,-0.18353665790983387,0.0,0.3505726750799073,0.16703601717007344,1.0,0.0003504947299875181,0.0,4.242640687119285,0.46785112719416866,0.10944233860842709
1033,168.12929028795608,0.19634954084936207,-6.071532165918825e-18,0.1694859489214008,0.545292945996048,-5.2150124496552763e-17,0.127953793511739,0.3643168063005124,1.3877787807814457e-16,5.083174697199283,11.083659449660395,0.0,1.4176944909240585,4.48515238846492,-5.551115123125783e-17,1.80057249913515,5.51492698880814,0.013736074264138207,12.91933250112351,1.0049288347982126,13.93799741018586,15.818282802637354,-0.1839919404662511,0.0,0.3456543651462998,0.1616624246800487,1.0,0.0003504947299875181,0.0,4.242640687119285,0.46785112719416866,0.10944233860842709
1034,168.32563982880544,0.19634954084936207,-2.6020852139652106e-18,0.16966512370209796,0.536000849086506,-5.2366964931049864e-17,0.12821819980278318,0.36029138902178237,1.1102230246251565e-16,5.089253289108265,11.056653483981151,0.0,1.4167247223980197,4.482707411780611,-5.551115123125783e-17,1.7979579850085456,5.536513488098336,0.013817179475117616,12.95024952034964,1.003554469526873,13.96762116935163,15.843991926159621,-0.18400333830679286,0.0,0.35223686343312544,0.16823352512633258,1.0,0.0003504947299875181,0.0,4.242640687119285,0.46785112719416866,0.10944233860842709
1035,168.5219893696548,0.19634954084936207,-6.071532165918825e-18,0.16909024566520098,0.52169016228845,-5.084908188957016e-17,0.12899349411276637,0.3627380845947902,1.942890293094024e-16,5.095390803825016,11.025284478004199,1.1102230246251565e-16,1.4157724732652837,4.4715032895219915,0.0,1.7979287389507965,5.53607047238987,0.013791897773353974,12.98150372185227,1.0022058480278488,13.997501467653473,15.872495208274527,-0.1838238039754987,0.0,0.3659893252657059,0.1821655212902072,1.0,0.0003504947299875181,0.0,4.242640687119285,0.46785112719416866,0.10944233860842709
1037,168.9146884513535,0.19634954084936207,-5.204170427930421e-18,0.1659569901123809,0.48613861637862116,-5.117434254131581e-17,0.13225197067615754,0.37754370825635086,2.220446049250313e-16,5.107777220298471,11.034512195230258,5.551115123125783e-17,1.4142905534749288,4.437854518656269,0.0,1.808456414877563,5.478952228864642,0.013567721578754124,13.044694066099984,1.0001088848242101,14.058370672502948,15.941518500545348,-0.183325277602165,0.0,0.39564361993073865,0.21231834232857366,1.0,0.0003504947299875181,0.0,4.242640687119285,0.46785112719416866,0.10944233860842709
1038,169.11103799220285,0.19634954084936207,-6.071532165918825e-18,0.16391179238602738,0.46562746086441387,-5.1445393084437185e-17,0.13417675286970693,0.3701207187354836,8.326672684688674e-17,5.113969673088562,11.067071519323703,0.0,1.4139183020834099,4.41057300184422,0.0,1.8191315173875686,5.432890186324537,0.013460623311845409,13.076342908634764,0.9995824824832161,14.089386014429826,15.982463155852294,-0.18279891110091498,0.0,0.427577766583154,0.24477885548223902,1.0,0.0003504947299875181,0.0,4.242640687119285,0.46785112719416866,0.10944233860842709
1039,169.3073875330522,0.19634954084936207,-5.204170427930421e-18,0.16203273380393796,0.44285466079778607,-5.171644362755856e-17,0.13565126760562607,0.37787353415569336,1.942890293094024e-16,5.120125071213915,11.086581998183613,5.551115123125783e-17,1.413830699443206,4.380998502123116,-5.551115123125783e-17,1.8327100700275312,5.384158615294546,0.013377253875230088,13.107840372436648,0.9994586233440326,14.120676249655912,16.02701794721063,-0.182561302680446,0.0,0.44562833349102726,0.26306703081058125,1.0,0.0003504947299875181,0.0,4.242640687119285,0.46785112719416866,0.10944233860842709
1040,169.50373707390156,0.19634954084936207,-5.204170427930421e-18,0.16066508290865905,0.41926316210636816,-5.3017486234541167e-17,0.13629318562491186,0.3851670574887359,1.1102230246251565e-16,5.126232786316762,11.104646150349115,0.0,1.4139772365122747,4.3680364476977225,0.0,1.8480796718439634,5.339083641559684,0.01329821916907268,13.139131289754456,0.9996658126874447,14.152095321610973,16.0739187221388,-0.18247733096883295,0.0,0.45746229088184986,0.2749849599130169,1.0,0.00035043051276576436,0.0,4.242640687119285,0.4813543092058007,0.1158509854954968
1042,169.89643615560027,0.19634954084936207,-4.336808689942018e-18,0.16022225164247395,0.39440255264897706,-5.036119091195168e-17,0.13499882591212672,0.39450946516698693,1.3877787807814457e-16,5.138370017601889,11.103451019974974,0.0,1.4144477135834002,4.375273961291735,5.551115123125783e-17,1.877361165173236,5.275242928588294,0.01309872066120094,13.201423218895014,1.000331167230654,14.214853106786869,16.166795209032685,-0.18264782673454485,0.0,0.45544880788959424,0.27280098115504936,1.0,0.00035043051276576436,0.0,4.242640687119285,0.4813543092058007,0.1158509854954968
1043,170.09278569644962,0.19634954084936207,-6.071532165918825e-18,0.16110241323372174,0.39767010220780474,-5.128276275856436e-17,0.13373401160000548,0.38756018329315184,1.1102230246251565e-16,5.144467974768201,11.106613945121593,1.1102230246251565e-16,1.4144225489673983,4.372578364840254,-5.551115123125783e-17,1.8871291781112343,5.257071710659838,0.01302198062369751,13.232775371707817,1.0002955735137162,14.24609292584523,16.20792776377622,-0.1831084974691655,0.0,0.42944107644829227,0.24633257897912678,1.0,0.00035043051276576436,0.0,4.242640687119285,0.4813543092058007,0.1158509854954968
1044,170.28913523729898,0.19634954084936207,-5.204170427930421e-18,0.16244858717756927,0.39772465730365036,-5.182486384480711e-17,0.1326812706416185,0.3722734980917265,1.942890293094024e-16,5.150631247277595,11.116140720546781,-5.551115123125783e-17,1.414018510726948,4.373272163131612,-1.1102230246251565e-16,1.89117157371383,5.243938512597694,0.013021265677119347,13.264501122716174,0.999724174339228,14.277246562732522,16.242633815802023,-0.18350378255650862,0.0,0.39775368552246715,0.21424990296595853,1.0,0.00035043051276576436,0.0,4.242640687119285,0.4813543092058007,0.1158509854954968
1046,170.6818343189977,0.19634954084936207,-4.336808689942018e-18,0.16550786894375136,0.417971273454343,-5.187907395343139e-17,0.13173918167841553,0.32419902476014495,1.1102230246251565e-16,5.163178901179998,11.242637284308787,1.1102230246251565e-16,1.4118844823826138,4.346949295299384,-1.1102230246251565e-16,1.8796891320798121,5.2725769957316775,0.013282063708910108,13.329208182795144,0.9967088957964105,14.339199142300465,16.289880471076792,-0.1840917534765178,0.0,0.3429664663883309,0.1588747129118131,1.0,0.00035043051276576436,0.0,4.242640687119285,0.4813543092058007,0.1158509854954968
1047,170.87818385984704,0.19634954084936207,-6.071532165918825e-18,0.16685211137200912,0.43317693887347386,-5.025277069470313e-17,0.13118890700473596,0.3595381515068755,1.942890293094024e-16,5.1695154858073895,11.297969362293921,0.0,1.4102890922650533,4.330981052985525,0.0,1.8659383091135566,5.3474774027060406,0.013440619158285542,13.361945179001207,0.994457661880894,14.369843460040386,16.304367080744022,-0.1846092271384717,0.0,0.29765905740396326,0.11304983026549156,1.0,0.00035043051276576436,0.0,4.242640687119285,0.4813543092058007,0.1158509854954968
1048,171.0745334006964,0.19634954084936207,-3.469446951953614e-18,0.16794190513556403,0.44502662400998483,-5.1011712215442984e-17,0.12993787910576668,0.3788363613071543,1.6653345369377348e-16,5.175839753780764,11.337696722338679,1.1102230246251565e-16,1.4085464584192138,4.326947483227757,0.0,1.8496127779222342,5.405348828523208,0.013518584692108291,13.39465857840866,0.992001562762655,14.400178725863421,16.315868494254442,-0.18488481591003386,0.0,0.2827594831677076,0.09787466725767374,1.0,0.00035043051276576436,0.0,4.242640687119285,0.4813543092058007,0.1158509854954968
1049,171.27088294154575,0.19634954084936207,-6.938893903907228e-18,0.16870832653361484,0.4512434548675092,-5.171644362755856e-17,0.12790645783309157,0.37649767899583686,1.6653345369377348e-16,5.182117390576734,11.357334347381137,0.0,1.406838352559095,4.318707275632563,-5.551115123125783e-17,1.8332177914783052,5.442151211780795,0.013486511768796915,13.427170324858913,0.9895970751155944,14.430253911743304,16.327236604026897,-0.1850929073590116,0.0,0.2820101529271,0.09691724556808842,1.0,0.00035043051276576436,0.0,4.242640687119285,0.4813543092058007,0.1158509854954968
1051,171.66358202324446,0.19634954084936207,-4.336808689942018e-18,0.16890128688272188,0.45246155089520324,-5.204170427930421e-17,0.12434084327140553,0.3727032946004587,2.220446049250313e-16,5.194506898112904,11.33248469070761,0.0,1.4041035250966953,4.2956073979530105,0.0,1.8086457953369197,5.450424800875948,0.01329267879783084,13.491450957271269,0.9857533545944829,14.490496990663582,16.35947424076534,-0.1850986500021579,0.0,0.3054974617789817,0.1203988117768238,1.0,0.000349919640833262,0.0,4.242640687119285,0.4782062036902599,0.11434058662392518
1052,171.8599315640938,0.19634954084936207,-6.071532165918825e-18,0.16816475255620886,0.44649206500741584,-5.193328406205566e-17,0.1250397895705574,0.3901763474887162,1.6653345369377348e-16,5.200653774979479,11.29362014434307,0.0,1.4032286705531871,4.292823376273038,0.0,1.8033985712859804,5.425705841786164,0.013296391857258697,13.523399843604151,0.9845253509312325,14.521221586392642,16.38385346719128,-0.18492741843434846,0.0,0.3466959638535765,0.16176854541922803,1.0,0.000349919640833262,0.0,4.242640687119285,0.4782062036902599,0.11434058662392518
1053,172.05628110494317,0.19634954084936207,-6.938893903907228e-18,0.1668951895723141,0.4397227118748702,-5.2258544713801314e-17,0.12810442252685422,0.4035374301439127,1.6653345369377348e-16,5.206807032562154,11.24467316301088,5.551115123125783e-17,1.4026908404159788,4.2753910652723635,-5.551115123125783e-17,1.8040602905791454,5.385505440185616,0.013416832425365193,13.555419737169352,0.9837707968934422,14.552607366488159,16.41512921703362,-0.18481436864438058,0.0,0.3812961463445779,0.19648177770019734,1.0,0.000349919640833262,0.0,4.242640687119285,0.4782062036902599,0.11434058662392518
1054,172.25263064579252,0.19634954084936207,-6.071532165918825e-18,0.16527974350543034,0.441263677095287,-5.106592232406726e-17,0.13271776652038383,0.42124384058742925,1.6653345369377348e-16,5.212994445086109,11.195791935292343,0.0,1.402442065177923,4.266101216706627,0.0,1.8110149427407154,5.332438509942708,0.013602398998857299,13.587655542249312,0.9834218730902589,14.584679814338429,16.45364097059283,-0.18469982708965627,0.0,0.4176022377327279,0.23290241064307166,1.0,0.000349919640833262,0.0,4.242640687119285,0.4782062036902599,0.11434058662392518
1056,172.64532972749123,0.19634954084936207,-6.938893903907228e-18,0.16230099789542238,0.4402031358226355,-5.139118297581291e-17,0.1402468496298375,0.4462698409305685,1.3877787807814457e-16,5.2255305260315925,11.129506174717454,0.0,1.4024640693940706,4.281100064723561,0.0,1.8417375219996377,5.201190617583099,0.01379160243183208,13.653084639244003,0.9834527329706884,14.650328974646524,16.54962092460138,-0.1846818222982419,0.0,0.46521229687908416,0.28053047458084224,1.0,0.000349919640833262,0.0,4.242640687119285,0.4782062036902599,0.11434058662392518
1057,172.84167926834058,0.19634954084936207,-5.204170427930421e-18,0.1615536319169638,0.43675881872943734,-5.1662233518934286e-17,0.14076743376733356,0.44019565174358644,1.6653345369377348e-16,5.231880532416552,11.122194913836863,0.0,1.4025189933961888,4.317894966252299,0.0,1.8620758008910272,5.248858889834231,0.013686369105373686,13.686286952739648,0.9835297634185289,14.68350308526355,16.60321094651335,-0.1848852602912309,0.0,0.4935870908917257,0.30870183060049483,1.0,0.000349919640833262,0.0,4.242640687119285,0.4782062036902599,0.11434058662392518
1058,173.03802880918994,0.19634954084936207,-5.204170427930421e-18,0.16146163139003591,0.4470089230485599,-5.198749417067994e-17,0.13901329903644719,0.423750565338075,1.3877787807814457e-16,5.238269860252738,11.112744876571487,-5.551115123125783e-17,1.4024655283817506,4.351865255779057,0.0,1.8821687198840633,5.3027653087441164,0.013488013631496456,13.719735564416117,0.9834547791495516,14.716678357197166,16.656624090676424,-0.18510858189531712,0.0,0.49310286128386305,0.30799427938854596,1.0,0.000349919640833262,0.0,4.242640687119285,0.4782062036902599,0.11434058662392518
1060,173.43072789088865,0.19634954084936207,-4.336808689942018e-18,0.16258765025394653,0.49022924598815953,-5.139118297581291e-17,0.13297633842985943,0.4152061459419817,1.3877787807814457e-16,5.251079208161033,11.105939237389222,0.0,1.401796381987609,4.406386152335804,0.0,1.9113557391299982,5.386606364332378,0.013125747685579609,13.786916425190553,0.982516548276775,14.782558721152908,16.751461075036083,-0.18529760867910178,0.0,0.46369914416772295,0.2784015354886212,1.0,0.00034954212465306933,0.0,4.242640687119285,0.4784158854595052,0.1144408797300012
1061,173.627077431738,0.19634954084936207,-8.673617379884035e-18,0.16331523692708988,0.5086314750497396,-5.1336972867188635e-17,0.1308512560846897,0.413489613772858,1.3877787807814457e-16,5.25745853060939,11.130424186898006,0.0,1.401168089943357,4.42649813434856,-1.1102230246251565e-16,1.9176929441613577,5.414583183790502,0.01303226041487714,13.820435100538726,0.9816360081377578,14.815103369091359,16.789676858812406,-0.18493408028969086,0.0,0.4175766876369935,0.23264260734730266,1.0,0.00034954212465306933,0.0,4.242640687119285,0.4784158854595052,0.1144408797300012
1062,173.82342697258736,0.19634954084936207,-5.204170427930421e-18,0.16394915921124092,0.5213946889832929,-4.9981720151581754e-17,0.12966824693564385,0.40951781781123087,2.220446049250313e-16,5.263799712981804,11.16905224399288,5.551115123125783e-17,1.4003810667990015,4.442245305016316,-1.1102230246251565e-16,1.9186372885533272,5.434525641614413,0.012958450795213875,13.853793709193662,0.9805335661245549,14.84728572611343,16.821734934395344,-0.18455452868607092,0.0,0.3864027948604175,0.2018482661743466,1.0,0.00034954212465306933,0.0,4.242640687119285,0.4784158854595052,0.1144408797300012
1063,174.0197765134367,0.19634954084936207,-6.071532165918825e-18,0.16448236762797208,0.5281825524567056,-5.2366964931049864e-17,0.12890283669630553,0.4022059385746515,1.6653345369377348e-16,5.270109673097326,11.190305966184855,0.0,1.3994769860632925,4.45407729990819,0.0,1.9153299028512165,5.448516441295836,0.012858913567218778,13.887027983237004,0.9792679172603986,14.879154814064622,16.848914663249154,-0.18402758586580437,0.0,0.3613303775180756,0.17730279165227125,1.0,0.00034954212465306933,0.0,4.242640687119285,0.4784158854595052,0.1144408797300012
1065,174.41247559513542,0.19634954084936207,-5.204170427930421e-18,0.1653398503076001,0.5207018721569178,-5.182486384480711e-17,0.12720047302642998,0.3804090867121542,8.326672684688674e-17,5.282749070712972,11.198226838342743,-1.1102230246251565e-16,1.3974341539969157,4.467422360809343,-5.551115123125783e-17,1.9015225093699666,5.467641342107772,0.012610637003606626,13.953718872059383,0.9764111073785376,14.942740616441526,16.895414444303043,-0.18316554960366627,0.0,0.3405580570598276,0.15739250745616135,1.0,0.00034954212465306933,0.0,4.242640687119285,0.4784158854595052,0.1144408797300012
1066,174.60882513598477,0.19634954084936207,-6.071532165918825e-18,0.16555979612303415,0.5080318358412946,-5.209591438792849e-17,0.12675672347092254,0.3666848451568202,2.220446049250313e-16,5.289152643692288,11.230560489138705,-5.551115123125783e-17,1.3963287548524674,4.469289671466385,-5.551115123125783e-17,1.89358482286538,5.476590694157325,0.01256831228866787,13.987567844138564,0.9748669958139211,14.975003152241152,16.917999288029318,-0.18242926232958018,0.0,0.3364439191099442,0.15401465678036402,1.0,0.00034954212465306933,0.0,4.242640687119285,0.4784158854595052,0.1144408797300012
1067,174.80517467683413,0.19634954084936207,-2.6020852139652106e-18,0.16548158898104343,0.4911637930317001,-5.231275482242559e-17,0.1271853805821086,0.3512181426954433,1.6653345369377348e-16,5.295646861166025,11.257413799158297,5.551115123125783e-17,1.395193217920748,4.467904045327705,5.551115123125783e-17,1.8865425862378606,5.486670597129658,0.012631247792726313,14.021937839088784,0.9732820576660258,15.007851144547535,16.9420747932296,-0.18210717841163365,0.0,0.3436872436913404,0.16158006527970675,1.0,0.00034954212465306933,0.0,4.242640687119285,0.4784158854595052,0.1144408797300012
1068,175.00152421768348,0.19634954084936207,-2.6020852139652106e-18,0.16502683363068127,0.476623690834709,-5.2258544713801314e-17,0.1284277782652282,0.3532608652212377,1.3877787807814457e-16,5.30222990049115,11.278374307739892,-5.551115123125783e-17,1.3940649759166905,4.463057364655539,0.0,1.8815233583802498,5.497857831948094,0.012769300626456596,14.056820958831194,0.9717085785388011,15.04129883799645,16.968842556530486,-0.18194562311498744,0.0,0.35711335938179556,0.17516773626680812,1.0,0.00034954212465306933,0.0,4.242640687119285,0.4784158854595052,0.1144408797300012
1070,175.3942232993822,0.19634954084936207,-4.336808689942018e-18,0.16324970352311424,0.4476418799139479,-5.084908188957016e-17,0.1309115383645808,0.34666981427603366,1.6653345369377348e-16,5.315536064018703,11.307562650010981,5.551115123125783e-17,1.392038963154376,4.4421232787403016,0.0,1.880237847659044,5.517291263337421,0.0129791883565644,14.12746182394172,0.9688862374699547,15.109327249768238,17.032742965455963,-0.18205136543278153,0.0,0.3832088985675281,0.20115753313474657,1.0,0.0003471380155102199,0.0,4.242640687119285,0.4641881590566022,0.10773532350417872
1071,175.59057284023154,0.19634954084936207,-8.673617379884035e-18,0.16229936739372924,0.43047899037969606,-5.128276275856436e-17,0.1312157651087324,0.3504404182653268,2.7755575615628914e-17,5.322199922549916,11.319672612644217,0.0,1.3912538270130865,4.426006418084007,0.0,1.8834910793179915,5.52006724128951,0.01296680119652077,14.162906007795165,0.9677936055892795,15.143666414580967,17.069295454555267,-0.18126488130325083,0.0,0.4052460922772527,0.2239812109740019,1.0,0.0003471380155102199,0.0,4.242640687119285,0.4641881590566022,0.10773532350417872
1072,175.7869223810809,0.19634954084936207,-3.469446951953614e-18,0.16158288721457104,0.4136905147303083,-5.106592232406726e-17,0.13110075748026773,0.33844928727019236,8.326672684688674e-17,5.328799851285204,11.34084680239528,-5.551115123125783e-17,1.3906122787511968,4.4061360681976565,-5.551115123125783e-17,1.8876648963006322,5.512592827602125,0.012916568593915595,14.19805392752861,0.9669012549067981,15.177871751029324,17.106858271332054,-0.18178752870407583,0.0,0.41096977793835676,0.22918224923428093,1.0,0.0003471380155102199,0.0,4.242640687119285,0.4641881590566022,0.10773532350417872
1074,176.1796214627796,0.19634954084936207,-3.469446951953614e-18,0.1612545465002197,0.39203777881775387,-5.068645156369733e-17,0.13174942603593987,0.3647803457603689,1.6653345369377348e-16,5.341785408735011,11.393565439867782,5.551115123125783e-17,1.3895861141875645,4.356132763346702,-5.551115123125783e-17,1.8931635809184726,5.4528650997304595,0.012956608850067136,14.26733567648713,0.9654747843714475,15.245767069708645,17.17894030699143,-0.182694804906589,0.0,0.40468414777253414,0.22198934286594516,1.0,0.0003471380155102199,0.0,4.242640687119285,0.4641881590566022,0.10773532350417872
1075,176.37597100362896,0.19634954084936207,-6.071532165918825e-18,0.1616170238567972,0.39106936771267964,-5.242117503967414e-17,0.13263330470840182,0.39355121131560067,1.1102230246251565e-16,5.348209126244173,11.416064158001383,1.1102230246251565e-16,1.3890770752035022,4.351575411234196,0.0,1.8934505650183397,5.39732904435161,0.013063896320350802,14.301670429020728,0.9647675604279582,15.279501885769037,17.212261307582427,-0.18360964303210284,0.0,0.39237173866273367,0.20876209563063083,1.0,0.0003471380155102199,0.0,4.242640687119285,0.4641881590566022,0.10773532350417872
1076,176.57232054447832,0.19634954084936207,-5.204170427930421e-18,0.16222038179317014,0.3867482695255831,-5.084908188957016e-17,0.13311422557414,0.40455885473725073,1.6653345369377348e-16,5.354627407085632,11.43304955161657,0.0,1.388507518560637,4.341263116952398,0.0,1.892925707285144,5.326590668478875,0.013147194529733452,14.336017334356303,0.9639765645497085,15.313141093435744,17.24457294597671,-0.18416445492920713,0.0,0.38792960868683457,0.20376515375762744,1.0,0.0003471380155102199,0.0,4.242640687119285,0.4641881590566022,0.10773532350417872
1077,176.76867008532767,0.19634954084936207,-4.336808689942018e-18,0.16296593058730566,0.40234537338391274,-5.0415401020575956e-17,0.13253266348680492,0.39743544888464916,1.1102230246251565e-16,5.361068176287669,11.442876328841152,0.0,1.3878676424412557,4.323660857615528,0.0,1.8928440366519694,5.245879187069055,0.013133142052007782,14.3705259954022,0.9630882964677245,15.346747433921932,17.277207538103667,-0.18464295836317257,0.0,0.3899083778475939,0.20526541948442134,1.0,0.0003471380155102199,0.0,4.242640687119285,0.4641881590566022,0.10773532350417872
1079,177.16136916702638,0.19634954084936207,-4.336808689942018e-18,0.16452068044433352,0.4371523762274402,-5.1662233518934286e-17,0.12830211740413597,0.3514872620661517,2.498001805406602e-16,5.374084983090852,11.438421842543248,5.551115123125783e-17,1.3864828828775064,4.2714313212963875,0.0,1.897798432945572,5.1081640873990475,0.012802962578398087,14.440394702741305,0.9611673922561604,15.414365057575862,17.347974950696504,-0.1851411077120695,0.0,0.40390454850890306,0.21876344079683355,1.0,0.0003471380155102199,0.0,4.242640687119285,0.4641881590566022,0.10773532350417872
1080,177.35771870787573,0.19634954084936207,-5.204170427930421e-18,0.16513830598015028,0.4463073017172463,-5.068645156369733e-17,0.1261325112487335,0.34644494816338256,1.1102230246251565e-16,5.380669867804021,11.4251412652472,0.0,1.385829213756541,4.254328110477834,0.0,1.9033882849802222,5.13411203668203,0.012623466356773364,14.475804113147069,0.9602613048505362,15.448688884354379,17.3871296693229,-0.18536496061465393,0.0,0.422906552437478,0.23754159182282406,1.0,0.00034795004038580334,0.0,4.242640687119285,0.4827886074834385,0.11654241975789881
1081,177.5540682487251,0.19634954084936207,-6.938893903907228e-18,0.16549685937122235,0.4490186824665161,-5.084908188957016e-17,0.1250466950277907,0.3720868062777793,1.3877787807814457e-16,5.387283696139522,11.40662467325227,-5.551115123125783e-17,1.385254770830246,4.262624063521144,-5.551115123125783e-17,1.9107636357948394,5.165853689029608,0.012531311780470183,14.511412811345352,0.9594653900539785,15.4834095131798,17.42864967464028,-0.18574853369760552,0.0,0.4352758048848091,0.24952727118720358,1.0,0.00034795004038580334,0.0,4.242640687119285,0.4827886074834385,0.11654241975789881
1082,177.75041778957444,0.19634954084936207,-6.938893903907228e-18,0.16547459128338593,0.4460879374206388,-5.2583805365546965e-17,0.125263929174435,0.3896824129673325,2.220446049250313e-16,5.393918037980822,11.392088443206756,0.0,1.384802164364027,4.256453279974086,-5.551115123125783e-17,1.9196025915381016,5.20142861277952,0.012534035493638277,14.54717590022744,0.9588385172136467,15.518548452934725,17.472302979697123,-0.1855734954504733,0.0,0.445851994088469,0.2602784986379957,1.0,0.00034795004038580334,0.0,4.242640687119285,0.4827886074834385,0.11654241975789881
1084,178.14311687127315,0.19634954084936207,-6.071532165918825e-18,0.16398174525185755,0.43855517636876623,-5.0523821237824507e-17,0.12783052014498164,0.41016576601359067,2.7755575615628914e-16,5.407154267409137,11.372525090266695,0.0,1.3842808504996156,4.270667722007268,0.0,1.93979170505085,5.260403106590401,0.012600678104960152,14.618658635780417,0.9581167365299694,15.589376050415346,17.56344658887102,-0.18517675532596767,0.0,0.45502666632979527,0.2698499110038276,1.0,0.00034795004038580334,0.0,4.242640687119285,0.4827886074834385,0.11654241975789881
1085,178.3394664121225,0.19634954084936207,-6.938893903907228e-18,0.1625670290251116,0.4281212574667241,-5.1336972867188635e-17,0.1292438520984948,0.40557174597920087,1.942890293094024e-16,5.413726285348413,11.37618444920726,0.0,1.38413813433578,4.29249122338927,0.0,1.9493588629743863,5.267139602359409,0.012560128025513683,14.65421614633616,0.9579191874612666,15.624695461822942,17.60861464298154,-0.1847283724672162,0.0,0.45243741975606244,0.26770904728884626,1.0,0.00034795004038580334,0.0,4.242640687119285,0.4827886074834385,0.11654241975789881
1086,178.53581595297186,0.19634954084936207,-5.204170427930421e-18,0.16093487372932325,0.4245069970034721,-5.084908188957016e-17,0.1306522107817711,0.39623891210491285,8.326672684688674e-17,5.420273759793325,11.383515525450035,0.0,1.3839640004627372,4.312897650672444,0.0,1.9567156350636468,5.262635930550931,0.012478907196471514,14.689683815552035,0.9576781772884113,15.659840900036919,17.65127781798101,-0.18442697989208903,0.0,0.43959740956179794,0.25517042966970893,1.0,0.00034795004038580334,0.0,4.242640687119285,0.4827886074834385,0.11654241975789881
1088,178.92851503467057,0.19634954084936207,-3.469446951953614e-18,0.1582511524690208,0.4175571128517507,-5.171644362755856e-17,0.13380415466707254,0.3996352943356671,1.6653345369377348e-16,5.433407376032781,11.404826361386506,5.551115123125783e-17,1.3830821168752203,4.339551830474321,-1.1102230246251565e-16,1.9594503896314126,5.392833304173359,0.012411624819338812,14.760957856963714,0.9564580710100201,15.729827552793074,17.722935997748298,-0.18401239392368968,0.0,0.40521599815868314,0.22120360423499347,1.0,0.00034795004038580334,0.0,4.242640687119285,0.4827886074834385,0.11654241975789881
1089,179.12486457551992,0.19634954084936207,-5.204170427930421e-18,0.1577964045892699,0.420555964265398,-5.117434254131581e-17,0.1349973422574922,0.4034265310059778,1.6653345369377348e-16,5.440057181365237,11.430504141813703,5.551115123125783e-17,1.3822084555317165,4.342537690088848,-5.551115123125783e-17,1.9539231761294238,5.439055912038854,0.012472656345127153,14.79711106826174,0.9552501072716866,15.764833831878553,17.750894199268476,-0.18369459059223187,0.0,0.3658230374849687,0.18212844689273683,1.0,0.00034795004038580334,0.0,4.242640687119285,0.4827886074834385,0.11654241975789881
1090,179.32121411636928,0.19634954084936207,-6.071532165918825e-18,0.15812415396698007,0.42843214243706684,-5.1336972867188635e-17,0.13515698536269422,0.39542942003576587,1.3877787807814457e-16,5.446784359806729,11.47332665714456,-5.551115123125783e-17,1.3810328016434832,4.342963977259694,-1.1102230246251565e-16,1.944831256257432,5.47062692686988,0.012549869853150469,14.833729931117599,0.9536257996076237,15.799905600578374,17.774770926321278,-0.18359512073788498,0.0,0.3454014767720778,0.1618063560341928,1.0,0.0003455852452467304,0.0,4.242640687119285,0.4622635581715129,0.10684379860669382
1091,179.51756365721863,0.19634954084936207,-5.204170427930421e-18,0.15914104040555832,0.4392109889177491,-5.0334085857639543e-17,0.13391050202258004,0.38202667457941797,1.1102230246251565e-16,5.453608848596303,11.51561922895388,5.551115123125783e-17,1.37966732256937,4.338072534815815,-5.551115123125783e-17,1.9339520330568236,5.489464845664653,0.01258541424788547,14.870924736743941,0.9517409604828673,15.835251111474694,17.796838097822008,-0.18237453286152316,0.0,0.3348772333260228,0.15250270046449965,1.0,0.0003455852452467304,0.0,4.242640687119285,0.4622635581715129,0.10684379860669382
1093,179.91026273891734,0.19634954084936207,-7.806255641895632e-18,0.16223420602154728,0.4791685916558098,-5.0415401020575956e-17,0.1283957460465855,0.3981563534151042,1.1102230246251565e-16,5.467320633205881,11.574064761970716,0.0,1.376923339511948,4.351884110885644,0.0,1.9143209084420352,5.503013659634584,0.01248605675635743,14.945797453139374,0.9479589414463676,15.906242451342099,17.843650018723018,-0.18258422874703714,0.0,0.34173747498890084,0.1591532462418637,1.0,0.0003455852452467304,0.0,4.242640687119285,0.4622635581715129,0.10684379860669382
1094,180.1066122797667,0.19634954084936207,-6.938893903907228e-18,0.1637937113605847,0.49407597668181236,-5.114723748700367e-17,0.1258503605975511,0.41437973722431276,1.3877787807814457e-16,5.474131772389092,11.580662619772552,5.551115123125783e-17,1.3758994552757517,4.363679489205728,-5.551115123125783e-17,1.9087625807531545,5.504853654124181,0.012444525863462763,14.983059330739872,0.9465496555140552,15.94205351211739,17.872314306845976,-0.18279532657423783,0.0,0.3683975457250814,0.18560221915084354,1.0,0.0003455852452467304,0.0,4.242640687119285,0.4622635581715129,0.10684379860669382
1095,180.30296182061605,0.19634954084936207,-7.806255641895632e-18,0.16513738158316843,0.5063298053514673,-5.027987574901527e-17,0.12452543554341368,0.42615625977596117,1.942890293094024e-16,5.4808827266110995,11.568966278339381,-5.551115123125783e-17,1.37528113734408,4.37802029490669,0.0,1.9075789561168366,5.506484934177923,0.012483768587411641,15.02003773143196,0.9456991033672131,15.978220603386585,17.90641122468514,-0.18285891515081648,0.0,0.3958953355331616,0.2130364203823451,1.0,0.0003455852452467304,0.0,4.242640687119285,0.4622635581715129,0.10684379860669382
1097,180.69566090231476,0.19634954084936207,-3.469446951953614e-18,0.16682108336551058,0.5155482350584134,-5.003593026020603e-17,0.12550109306362728,0.4281790388275771,5.551115123125783e-17,5.49423775998852,11.496407892653426,0.0,1.3753242673764798,4.410518609120595,-5.551115123125783e-17,1.9207902988913306,5.534568756296065,0.01276631685058446,15.093324281641834,0.9457584202173253,16.051849018709742,17.99375498945213,-0.1828064312539874,0.0,0.4441570207297664,0.26135058947577905,1.0,0.0003455852452467304,0.0,4.242640687119285,0.4622635581715129,0.10684379860669382
1098,180.8920104431641,0.19634954084936207,-6.938893903907228e-18,0.1669713301327757,0.5105711215778941,-5.1228552649940085e-17,0.12670181476079242,0.41507661621210673,1.6653345369377348e-16,5.500896703953879,11.444465928073742,0.0,1.3758240497558727,4.418399481750361,-5.551115123125783e-17,1.9350315417136468,5.537380532302537,0.012879042155418585,15.129932273785322,0.9464459079433247,16.089257223884065,18.0466768400326,-0.18267501250092213,0.0,0.4905571525636828,0.3078821400627607,1.0,0.0003455852452467304,0.0,4.242640687119285,0.4622635581715129,0.10684379860669382
1099,181.08835998401347,0.19634954084936207,-5.204170427930421e-18,0.16652939709171224,0.499847553539038,-5.068645156369733e-17,0.1277092839864733,0.39147086154646193,1.6653345369377348e-16,5.507585361301227,11.41172874228114,0.0,1.3764496827475914,4.419695560724392,0.0,1.9529039672238204,5.530654079601167,0.012887822186030224,15.166748256009782,0.9473068645679723,16.126942942763787,18.10398496173536,-0.18259776609247247,0.0,0.5124808308306177,0.3298830647381452,1.0,0.0003455852452467304,0.0,4.242640687119285,0.4622635581715129,0.10684379860669382
1100,181.28470952486282,0.19634954084936207,-4.336808689942018e-18,0.1654705055007747,0.48525905844161366,-5.0523821237824507e-17,0.12844890314915408,0.36067972438173124,1.6653345369377348e-16,5.514326325646319,11.433724460101276,5.551115123125783e-17,1.3770366079876668,4.414683627808683,0.0,1.9722595008356887,5.573712014779337,0.012787624577223315,15.203897412858023,0.9481149098690895,16.164799947304335,18.163162892605317,-0.18255882920428623,0.0,0.521841158601585,0.33928232939729874,1.0,0.0003442198902284348,0.0,4.242640687119285,0.4657365304819103,0.1084552579126637
1102,181.67740860656153,0.19634954084936207,-6.938893903907228e-18,0.16206849855266012,0.4554756297812163,-5.128276275856436e-17,0.1299759860453617,0.3901369635298808,1.942890293094024e-16,5.528030070529176,11.497257397046903,1.1102230246251565e-16,1.3775696733925318,4.403030616235659,0.0,2.005253876485602,5.7051916388823045,0.01247830588629429,15.2795582303374,0.9488491025254033,16.2408856387491,18.275416380747842,-0.1818759723860056,0.0,0.5059266001427384,0.32405062775673277,1.0,0.0003442198902284348,0.0,4.242640687119285,0.4657365304819103,0.1084552579126637
1103,181.87375814741088,0.19634954084936207,-6.071532165918825e-18,0.16032338474335572,0.43588233999311693,-5.187907395343139e-17,0.13101836725858182,0.3944951021290278,1.6653345369377348e-16,5.534961566004102,11.513727057866577,-5.551115123125783e-17,1.3773318657650777,4.404923602584902,0.0,2.0146848820048486,5.7415623591467515,0.012392391116525375,15.317899768571289,0.9485215342259551,16.27881369391377,18.323253125060024,-0.18194887067197135,0.0,0.46475617300260563,0.2828073023306343,1.0,0.0003442198902284348,0.0,4.242640687119285,0.4657365304819103,0.1084552579126637
1104,182.07010768826024,0.19634954084936207,-5.204170427930421e-18,0.1590137052257086,0.4173845439334296,-5.1553813301685736e-17,0.13203299857561135,0.38722174853621116,2.220446049250313e-16,5.541922441582383,11.516548892053981,5.551115123125783e-17,1.3767404512601862,4.41115485509826,-5.551115123125783e-17,2.018125463553764,5.751877102715451,0.012377960905547748,15.35645217425722,0.9477071350680506,16.316537270230818,18.363908609692775,-0.18198405035484816,0.0,0.4289422289971835,0.24695817864233532,1.0,0.0003442198902284348,0.0,4.242640687119285,0.4657365304819103,0.1084552579126637
1105,182.2664572291096,0.19634954084936207,-6.071532165918825e-18,0.15838131215230383,0.399043268007522,-5.095750210681871e-17,0.13266164699133848,0.3773436305478385,2.498001805406602e-16,5.548887883293241,11.50732640909035,0.0,1.3758542203572262,4.412703199933849,0.0,2.0159086038108627,5.735112558232929,0.012404514572798729,15.395078370679272,0.9464874178373954,16.353970303089465,18.3977073456349,-0.18200864862276925,0.0,0.3946154232362952,0.21260677461352598,1.0,0.0003442198902284348,0.0,4.242640687119285,0.4657365304819103,0.1084552579126637
1107,182.6591563108083,0.19634954084936207,-5.204170427930421e-18,0.15922923011473633,0.3850644376684946,-5.074066167232161e-17,0.13179933532175556,0.3677326204197552,2.498001805406602e-16,5.562740117251861,11.480635236479326,-5.551115123125783e-17,1.373617294702807,4.412055870439911,-5.551115123125783e-17,1.999391100938443,5.629747602761368,0.012434621957445028,15.472038806041631,0.9434122361533288,16.427885664152406,18.45064038942393,-0.18207650480400228,0.0,0.3577353293554685,0.1756588245514662,1.0,0.0003442198902284348,0.0,4.242640687119285,0.4657365304819103,0.1084552579126637
1108,182.85550585165765,0.19634954084936207,-6.071532165918825e-18,0.16036951934296625,0.38308019093519613,-5.106592232406726e-17,0.13038410370356207,0.3568336982489986,2.7755575615628914e-16,5.56960435036186,11.45659511478928,0.0,1.37249042624008,4.417100275569142,0.0,1.9883170641014516,5.5505856447833315,0.012422970199061275,15.510246309784883,0.9418649850603383,16.464534265044282,18.47381853190181,-0.18225074792807483,0.0,0.3411863005604284,0.1589355526323536,1.0,0.0003442198902284348,0.0,4.242640687119285,0.4657365304819103,0.1084552579126637
1109,183.051855392507,0.19634954084936207,-6.071532165918825e-18,0.1616581194465629,0.40145227611660456,-4.9981720151581754e-17,0.12866841671656143,0.34760421584355783,1.3877787807814457e-16,5.576437663093069,11.467759650423137,0.0,1.3714662155502941,4.418887105906592,0.0,1.9775736062615679,5.556365866843123,0.012419248310572553,15.548328505181443,0.9404597901979229,16.50120754368994,18.497582623297102,-0.1824791573946133,0.0,0.3442738116384647,0.16179465424385142,1.0,0.0003442198902284348,0.0,4.242640687119285,0.4657365304819103,0.1084552579126637
1111,183.44455447420572,0.19634954084936207,-6.938893903907228e-18,0.16388489929145897,0.43933582506412466,-5.095750210681871e-17,0.1254332975511154,0.34042310469887394,1.1102230246251565e-16,5.5901226204286765,11.55878509876682,1.1102230246251565e-16,1.3698212678183648,4.414019709939506,-5.551115123125783e-17,1.9629493541201053,5.614880979729436,0.012465296369604712,15.624735455714186,0.938205152883756,16.575405904967546,18.55396700289825,-0.1829245924064242,0.0,0.3669257992333827,0.1840012068269585,1.0,0.00034399013859903705,0.0,4.242640687119285,0.47159303066267905,0.11119999328480526
1112,183.64090401505507,0.19634954084936207,-5.204170427930421e-18,0.16456269313159022,0.4495412258379302,-5.095750210681871e-17,0.12417781870124095,0.3192766452778489,1.3877787807814457e-16,5.597030868863857,11.59928611241805,0.0,1.369179850744813,4.407787211425474,-5.551115123125783e-17,1.9612337112670168,5.6482794850958795,0.012467470836607025,15.663377273507443,0.937326731842794,16.613171476186842,18.589036378986393,-0.1834377014091232,0.0,0.40195901149162894,0.21852131008250575,1.0,0.00034399013859903705,0.0,4.242640687119285,0.47159303066267905,0.11119999328480526
1113,183.83725355590443,0.19634954084936207,-7.806255641895632e-18,0.16482931112216034,0.452542810313769,-5.160802341031001e-17,0.12325300178465484,0.3201178001678461,1.6653345369377348e-16,5.604000889445376,11.635435707825948,0.0,1.3686353616158669,4.399183195258517,0.0,1.9637521321684288,5.679894389887665,0.01241046620951509,15.702412984452288,0.9365813765326971,16.6514048271945,18.629193261608133,-0.18375284407401554,0.0,0.4277957248543313,0.24404288078031577,1.0,0.00034399013859903705,0.0,4.242640687119285,0.47159303066267905,0.11119999328480526
1114,184.03360309675378,0.19634954084936207,-4.336808689942018e-18,0.1646158237948104,0.4481540237764716,-4.9439619065339e-17,0.12283938845797683,0.33269478583522977,2.220446049250313e-16,5.6110241164043435,11.667254433673591,0.0,1.368183167363274,4.388342352508243,-5.551115123125783e-17,1.9699215277314652,5.7053223055194175,0.012289029066446714,15.741795817435575,0.9359625897281003,16.69004743623012,18.673769548821582,-0.1839278052086795,0.0,0.45015327200853467,0.26622546679985515,1.0,0.00034399013859903705,0.0,4.242640687119285,0.47159303066267905,0.11119999328480526
1116,184.4263021784525,0.19634954084936207,-5.204170427930421e-18,0.16269140515499075,0.43439705235917825,-5.128276275856436e-17,0.12476639725894849,0.3563490080964126,2.220446049250313e-16,5.625127407230097,11.719472788597981,0.0,1.367582710854393,4.360821137052898,0.0,1.987716204692487,5.720600835109695,0.012011285060565674,15.821029173785591,0.935141235513925,16.768181694360084,18.770097171681222,-0.18380913062065554,0.0,0.4681975990984126,0.284388468477757,1.0,0.00034399013859903705,0.0,4.242640687119285,0.47159303066267905,0.11119999328480526
1117,184.62265171930184,0.19634954084936207,-6.938893903907228e-18,0.16116345170544533,0.43373971806702066,-5.117434254131581e-17,0.12737264076108756,0.36743882047228144,1.3877787807814457e-16,5.6321517967060775,11.74018585922266,5.551115123125783e-17,1.367438239354867,4.34473369757977,0.0,1.9962179124355526,5.704801899614876,0.011961325201602039,15.860566930569746,0.9349436692249692,16.807471924996317,18.818334801781987,-0.1833324483033848,0.0,0.468436848135049,0.2851043998316642,1.0,0.00034399013859903705,0.0,4.242640687119285,0.47159303066267905,0.11119999328480526
1118,184.8190012601512,0.19634954084936207,-4.336808689942018e-18,0.15955358380315926,0.42994501315495426,-5.074066167232161e-17,0.13058385052290739,0.3903791455751301,1.3877787807814457e-16,5.639138174214869,11.756541379829867,-5.551115123125783e-17,1.3673737346484345,4.3276039500196735,-1.1102230246251565e-16,2.003049210671409,5.673116247690903,0.011997537818784404,15.899939673943706,0.9348554651032037,16.846792676865693,18.864943799869163,-0.18287577343888725,0.0,0.46008098538323194,0.27720521194434466,1.0,0.00034399013859903705,0.0,4.242640687119285,0.47159303066267905,0.11119999328480526
1119,185.01535080100055,0.19634954084936207,-3.469446951953614e-18,0.1581740781549292,0.42332652766627443,-4.933119884809045e-17,0.13354469453090925,0.407946399362795,2.220446049250313e-16,5.646092008104304,11.767245893826695,0.0,1.3673499384029917,4.310459280375149,5.551115123125783e-17,2.0080608900215533,5.628738027363307,0.01208552278208594,15.939177481989645,0.9348229270253325,16.886085931797062,18.909632164091615,-0.18242818637754799,0.0,0.4501990615850143,0.26777087520746634,1.0,0.00034399013859903705,0.0,4.242640687119285,0.47159303066267905,0.11119999328480526
1121,185.40804988269926,0.19634954084936207,-6.938893903907228e-18,0.15717274487410365,0.4108432889849106,-5.117434254131581e-17,0.13548335792542085,0.42928483969236453,1.6653345369377348e-16,5.66002086704467,11.766809908225957,-5.551115123125783e-17,1.3672866446176184,4.352735275186298,0.0,2.014991652949745,5.527621985400345,0.012197057795237299,16.017918107690548,0.9347363842748528,16.96485154976064,18.99583960162892,-0.1812221563266469,0.0,0.4409496824859698,0.2597275261593229,1.0,0.0003410875461106041,0.0,4.242640687119285,0.4532383039000025,0.10271248006107553
1122,185.6043994235486,0.19634954084936207,-2.6020852139652106e-18,0.15772701216073318,0.4174772536384109,-5.0903291998194433e-17,0.13393218433461662,0.43431329973989863,1.1102230246251565e-16,5.6670434053669245,11.75446967939957,0.0,1.367192913623432,4.382877841218114,-5.551115123125783e-17,2.0185038579699324,5.487545246199056,0.012169130583733452,16.057690479156374,0.9346082315310642,17.004467841271172,19.039152685454905,-0.18037861489008936,0.0,0.4409001374149354,0.26052152252484606,1.0,0.0003410875461106041,0.0,4.242640687119285,0.4532383039000025,0.10271248006107553
1123,185.80074896439797,0.19634954084936207,-6.071532165918825e-18,0.15879638195988724,0.4303860373894244,-4.9981720151581754e-17,0.13133086665380664,0.42859677582219713,1.3877787807814457e-16,5.674115291396881,11.734531970332108,0.0,1.3670467310101182,4.403662929935094,0.0,2.0227981792247647,5.498117522128915,0.012118126897997863,16.09779217003196,0.9344083823827251,17.04431867931268,19.083489429641663,-0.18050364766004723,0.0,0.44608924845981934,0.2655856007997721,1.0,0.0003410875461106041,0.0,4.242640687119285,0.4532383039000025,0.10271248006107553
1125,186.19344804609668,0.19634954084936207,-6.071532165918825e-18,0.1613206382855944,0.47506495539717286,-5.036119091195168e-17,0.12667253195717143,0.4203470026071679,1.6653345369377348e-16,5.688415119549049,11.677335743572732,-5.551115123125783e-17,1.3666878717411113,4.412812080210262,5.551115123125783e-17,2.034360779734208,5.6269343913853085,0.012117768805728417,16.17903328615711,0.9339178693821243,17.125068924344966,19.17641521489969,-0.18077020712405645,0.0,0.4570399878730558,0.2762697807489993,1.0,0.0003410875461106041,0.0,4.242640687119285,0.4532383039000025,0.10271248006107553
1126,186.38979758694603,0.19634954084936207,-7.806255641895632e-18,0.16230205291039815,0.4937252341211575,-5.046961112920023e-17,0.12571537890927084,0.42795401106250597,5.551115123125783e-17,5.695622069645874,11.648894914184623,5.551115123125783e-17,1.3665232363672544,4.410388207731224,-5.551115123125783e-17,2.0414646583971052,5.6635327596259595,0.012176362421190306,16.220055380118573,0.9336928777658173,17.16592462030558,19.224863544972187,-0.1809809899852931,0.0,0.46730846689011685,0.28632747690482374,1.0,0.0003410875461106041,0.0,4.242640687119285,0.4532383039000025,0.10271248006107553
1127,186.58614712779539,0.19634954084936207,-6.071532165918825e-18,0.1629631402152853,0.507622442659762,-5.0903291998194433e-17,0.12543151024088925,0.42568831465730156,1.942890293094024e-16,5.70284095549914,11.652690568957182,0.0,1.3663860210566212,4.401084641974417,-5.551115123125783e-17,2.049048907752604,5.676674232276866,0.012216789019369994,16.261197481859174,0.9335053792694727,17.206919650148016,19.274047414535268,-0.18103540669188442,0.0,0.47110124081163657,0.2900658341197522,1.0,0.0003410875461106041,0.0,4.242640687119285,0.4532383039000025,0.10271248006107553
1128,186.78249666864474,0.19634954084936207,-3.469446951953614e-18,0.16331119380668715,0.5149135729213046,-5.1011712215442984e-17,0.1252395983638462,0.4126262741335258,2.498001805406602e-16,5.710049137978235,11.68763310885769,0.0,1.366271862553677,4.385999091303128,-5.551115123125783e-17,2.0564634595169133,5.675623035478047,0.012188278457321218,16.30233057906299,0.9333494012029468,17.247868258723255,19.323058989214836,-0.18101626653918262,0.0,0.4702393604915653,0.28922309395238266,1.0,0.0003410875461106041,0.0,4.242640687119285,0.4532383039000025,0.10271248006107553
1130,187.17519575034345,0.19634954084936207,-5.204170427930421e-18,0.16308578292985876,0.508674328642901,-5.139118297581291e-17,0.12426076539691168,0.3581119465180847,5.551115123125783e-17,5.7243726883130694,11.741957822387441,5.551115123125783e-17,1.3660096277404123,4.369216904103174,0.0,2.066576869776289,5.79218651299092,0.011913434937255446,16.384221337352297,0.9329911515397498,17.329125923829302,19.415216864216532,-0.18084055522871978,0.0,0.4554426168360652,0.2746020616073454,1.0,0.0003398533944095738,0.0,4.242640687119285,0.4604429970432563,0.10600387676308808
1131,187.3715452911928,0.19634954084936207,-5.204170427930421e-18,0.16242672228615918,0.49600104144669127,-5.0306980803327406e-17,0.12413512585628388,0.3461168835953764,2.220446049250313e-16,5.731505242253841,11.750716430509407,5.551115123125783e-17,1.3657830222087102,4.360650302668586,-5.551115123125783e-17,2.0670304792807124,5.8221725910537865,0.011760224578670483,16.42507617099163,0.9326816318767791,17.36951802744708,19.455805709938225,-0.1798783879978232,0.0,0.4270680096483208,0.2471896216504976,1.0,0.0003398533944095738,0.0,4.242640687119285,0.4604429970432563,0.10600387676308808
1132,187.56789483204216,0.19634954084936207,-1.734723475976807e-18,0.16135114064443284,0.47876287051362415,-5.084908188957016e-17,0.12484161962065704,0.33703995545072574,2.220446049250313e-16,5.73863406037187,11.745638487375924,5.551115123125783e-17,1.365407876510074,4.365125825249969,5.551115123125783e-17,2.0635433186982493,5.828350748527005,0.011664797358249284,16.46596043943007,0.9321693346178744,17.409794571406195,19.491680883623,-0.1796124959879557,0.0,0.40343128200991574,0.22381878602196004,1.0,0.0003398533944095738,0.0,4.242640687119285,0.4604429970432563,0.10600387676308808
1133,187.7642443728915,0.19634954084936207,-6.938893903907228e-18,0.15992724712931797,0.46396368712888086,-5.074066167232161e-17,0.126340027661561,0.34577740144377184,1.942890293094024e-16,5.745790456559242,11.727341640977398,1.1102230246251565e-16,1.3648434675083243,4.366343109577518,-5.551115123125783e-17,2.0564709828516583,5.812414522601805,0.011635168861433046,16.507053985343628,0.9313988454000732,17.45008799960513,19.52333652889914,-0.17933560295801432,0.0,0.3822450996019743,0.20290949664395996,1.0,0.0003398533944095738,0.0,4.242640687119285,0.4604429970432563,0.10600387676308808
1135,188.15694345459022,0.19634954084936207,-5.204170427930421e-18,0.15696444938421913,0.42540892251941925,-4.96564594998361e-17,0.12942868058311588,0.34524329445888413,5.551115123125783e-17,5.760284958317123,11.691763655827273,0.0,1.3631927400149089,4.35661282608858,-5.551115123125783e-17,2.037024340013652,5.739100549637811,0.011637784205088892,16.59044140050725,0.9291472232146774,17.531226407927015,19.580730034829866,-0.1790641630134615,0.0,0.3673171982322791,0.1882530352188176,1.0,0.0003398533944095738,0.0,4.242640687119285,0.4604429970432563,0.10600387676308808
1136,188.35329299543957,0.19634954084936207,-6.071532165918825e-18,0.15605909409421576,0.40662836766816957,-5.139118297581291e-17,0.12993767224955652,0.3347337005323072,2.220446049250313e-16,5.767631094592288,11.717807292028509,-5.551115123125783e-17,1.3622696087432469,4.3451002237812695,0.0,2.02838019678181,5.69933074483058,0.011612546751352665,16.632784221653917,0.9278892434527395,17.572286011858008,19.611043335438836,-0.1790880943780533,0.0,0.3754419256630923,0.19635383128503903,1.0,0.0003398533944095738,0.0,4.242640687119285,0.4604429970432563,0.10600387676308808
1137,188.54964253628893,0.19634954084936207,-6.071532165918825e-18,0.15585861734557127,0.3912221258969615,-5.0523821237824507e-17,0.12970893173423592,0.3449912563418115,2.498001805406602e-16,5.775015251407668,11.759842113794276,5.551115123125783e-17,1.361468960242533,4.32958426249764,0.0,2.0227735106223834,5.669435372189204,0.011588177795554435,16.675400576995578,0.9267988648519415,17.613787619643077,19.64532190681943,-0.1793451288818271,0.0,0.3955570526984777,0.21621192381665058,1.0,0.0003398533944095738,0.0,4.242640687119285,0.4604429970432563,0.10600387676308808
1139,188.94234161798764,0.19634954084936207,-3.469446951953614e-18,0.15751578277098177,0.39184028990981756,-5.139118297581291e-17,0.12878762696648768,0.36333413492779887,1.3877787807814457e-16,5.789747524427587,11.83915961394122,5.551115123125783e-17,1.360832620813553,4.321110750037796,5.551115123125783e-17,2.024938331303039,5.663468760953804,0.011712134008351655,16.760588198307683,0.9259327109351414,17.69823304325118,19.73126707049301,-0.1800214916972562,0.0,0.4399033141758134,0.2598818224785572,1.0,0.0003398533944095738,0.0,4.242640687119285,0.4604429970432563,0.10600387676308808
1140,189.138691158837,0.19634954084936207,-6.071532165918825e-18,0.15898027905152548,0.3876719903304949,-5.0415401020575956e-17,0.12858738536021172,0.37425083810778215,1.3877787807814457e-16,5.79703280211704,11.857267505194194,5.551115123125783e-17,1.3611740762085434,4.320423478832881,0.0,2.033537384414985,5.691298761315554,0.011877588494201749,16.80279465441047,0.9263974328710902,17.741069675775762,19.783991167976453,-0.18085281529083835,0.0,0.48977028053427407,0.3089174652434357,1.0,0.0003386312595894191,0.0,4.242640687119285,0.4588281397172317,0.10526163089818774
1141,189.33504069968635,0.19634954084936207,-5.204170427930421e-18,0.16053523445818937,0.39733633041556515,-5.139118297581291e-17,0.12823747669315233,0.3792123640370094,2.220446049250313e-16,5.804264563726831,11.859337519295542,-5.551115123125783e-17,1.3619506543902182,4.315451480138324,-5.551115123125783e-17,2.0467928164514593,5.736398640459976,0.012048995620666124,16.844743562867507,0.9274547924969716,17.784247350985144,19.84282956852099,-0.1807747276810231,0.0,0.5202690858905988,0.33949435820957574,1.0,0.0003386312595894191,0.0,4.242640687119285,0.4588281397172317,0.10526163089818774
1142,189.5313902405357,0.19634954084936207,-1.734723475976807e-18,0.1619834559848527,0.41778380162786793,-5.074066167232161e-17,0.12725942490901287,0.37789274328870126,2.220446049250313e-16,5.811441558217316,11.846609054055431,0.0,1.3630249177118583,4.305938399194467,0.0,2.063548808295798,5.792480815666634,0.012156037259551472,16.88642649228765,0.9289184631517091,17.827500992698912,19.906142550589752,-0.18129949124832026,0.0,0.5432257773011755,0.36192628605285526,1.0,0.0003386312595894191,0.0,4.242640687119285,0.4588281397172317,0.10526163089818774
1144,189.9240893222344,0.19634954084936207,-1.734723475976807e-18,0.16404584805767772,0.4429577754350268,-5.095750210681871e-17,0.12326913664067173,0.35382575921078285,1.942890293094024e-16,5.825755400048471,11.78987815584618,0.0,1.3653156220727136,4.275982005773798,0.0,2.0996568448716206,5.905073980213576,0.012078182439668003,16.96971299059696,0.9320433739379004,17.91383454697453,20.036188814790812,-0.18184412451707854,0.0,0.5523236397493735,0.37047951523229494,1.0,0.0003386312595894191,0.0,4.242640687119285,0.4588281397172317,0.10526163089818774
1145,190.12043886308376,0.19634954084936207,-4.336808689942018e-18,0.1644553086483987,0.4454474191965866,-4.9764879717084654e-17,0.1214725207146518,0.32991292257815336,1.1102230246251565e-16,5.832961221393205,11.77211813917079,-1.1102230246251565e-16,1.3661475590141277,4.264798803148069,0.0,2.1142590036134545,5.948779147305089,0.01197012853811065,17.01171830513846,0.9331795765001296,17.9568680101767,20.096972192954176,-0.18203585671016795,0.0,0.5313414520477628,0.34930559533759487,1.0,0.0003386312595894191,0.0,4.242640687119285,0.4588281397172317,0.10526163089818774
1146,190.31678840393312,0.19634954084936207,-6.071532165918825e-18,0.16432221229301483,0.4437021577879527,-4.9981720151581754e-17,0.1209456021279448,0.3240692115317298,2.220446049250313e-16,5.840233556055365,11.778185151376357,0.0,1.3665839062707026,4.281574410636551,0.0,2.1239038144224214,5.972240830109814,0.011898678758481024,17.05416399463755,0.9337757864390461,17.999838459835075,20.151575447762006,-0.1818827948265201,0.0,0.5003200616195473,0.31843726679302725,1.0,0.0003386312595894191,0.0,4.242640687119285,0.4588281397172317,0.10526163089818774
1147,190.51313794478247,0.19634954084936207,-7.806255641895632e-18,0.16359274997692363,0.4381118843382013,-5.063224145507306e-17,0.12202856391953977,0.3469010409442773,5.551115123125783e-17,5.847581085156658,11.790049157438414,0.0,1.3665732209775765,4.303951803845711,-5.551115123125783e-17,2.127714703630589,5.972235402326073,0.011888849797666828,17.097102273740962,0.9337611841465143,18.042752307685145,20.19884935404402,-0.18152898100874615,0.0,0.46329917449812746,0.2817701934893813,1.0,0.0003386312595894191,0.0,4.242640687119285,0.4588281397172317,0.10526163089818774
1149,190.90583702648118,0.19634954084936207,-4.336808689942018e-18,0.1606170588663296,0.4455225194421006,-5.095750210681871e-17,0.1269381747720202,0.40568023253241364,1.1102230246251565e-16,5.862464038100431,11.798082793581248,5.551115123125783e-17,1.3653887704324303,4.34777244244379,0.0,2.1197337646019876,5.926811964781582,0.011923349817372336,17.184242299010407,0.9321432472114918,18.12830889603927,20.273635376105066,-0.18074094984046732,0.0,0.41286617910574264,0.23212522926527532,1.0,0.0003386312595894191,0.0,4.242640687119285,0.4588281397172317,0.10526163089818774
1150,191.10218656733053,0.19634954084936207,-3.469446951953614e-18,0.1588110665807428,0.4422437305862504,-5.117434254131581e-17,0.12905489057975217,0.4213245180539436,1.942890293094024e-16,5.869953429051395,11.794175207930945,0.0,1.364456447645021,4.366397001932311,0.0,2.1107864915967607,5.890884375086665,0.011872951144267655,17.22817662961611,0.930870698760035,18.170920279520413,20.304754273819437,-0.17990173077091867,0.0,0.3802798500201517,0.20037811924923302,1.0,0.000337207699374854,0.0,4.242640687119285,0.4557854840870463,0.10387020375223156
1151,191.2985361081799,0.19634954084936207,-7.806255641895632e-18,0.15722363278544052,0.4356782633642705,-5.074066167232161e-17,0.13024500862418886,0.4240264560985626,1.3877787807814457e-16,5.877454548021659,11.786012804604038,0.0,1.3635278514159006,4.381833951491762,0.0,2.100896561471927,5.8563553398019454,0.011766055189517878,17.27223598203024,0.9296041007934313,18.213606138013187,20.33492715654785,-0.17869787688348598,0.0,0.3740089566164033,0.19531107973291734,1.0,0.000337207699374854,0.0,4.242640687119285,0.4557854840870463,0.10387020375223156
1153,191.6912351898786,0.19634954084936207,-5.204170427930421e-18,0.15578586264366948,0.4312349617737164,-5.117434254131581e-17,0.1302000914172367,0.39422058011139927,1.1102230246251565e-16,5.892366348703443,11.761222048958915,0.0,1.3622050156057173,4.402283923215093,0.0,2.084393606069768,5.820380702633744,0.011566804841373634,17.359990593666378,0.9278012522706863,18.299358650778437,20.400228013405748,-0.17831516443332993,0.0,0.38607341773665665,0.20775825330332673,1.0,0.000337207699374854,0.0,4.242640687119285,0.4557854840870463,0.10387020375223156
1154,191.88758473072795,0.19634954084936207,-5.204170427930421e-18,0.1561059472923776,0.4329690533074798,-4.9981720151581754e-17,0.12952143381257095,0.3692207227119638,1.6653345369377348e-16,5.899777906873509,11.763970155307858,0.0,1.3619751599532783,4.407635828297957,0.0,2.0802812391096523,5.827959700217791,0.01155517700954532,17.403689675216384,0.9274881681648788,18.342733020390806,20.43866509767941,-0.17820380512560333,0.0,0.41525283266553487,0.23704902753993154,1.0,0.000337207699374854,0.0,4.242640687119285,0.4557854840870463,0.10387020375223156
1155,192.0839342715773,0.19634954084936207,-3.469446951953614e-18,0.15695672818439915,0.44573465157686326,-5.0415401020575956e-17,0.12857747502900815,0.36642330512006205,8.326672684688674e-17,5.907186010640215,11.769196564773589,0.0,1.3620364759094152,4.410138420997409,0.0,2.0801348812326714,5.853244762396583,0.011593562523864946,17.44742328215172,0.9275716808538694,18.386588525529454,20.482439709895964,-0.1782755474490194,0.0,0.44232567980539805,0.26405013235637864,1.0,0.000337207699374854,0.0,4.242640687119285,0.4557854840870463,0.10387020375223156
1156,192.28028381242666,0.19634954084936207,-6.938893903907228e-18,0.1580965867335175,0.46162314372762875,-5.074066167232161e-17,0.1273065586922451,0.3913317668367442,1.3877787807814457e-16,5.914620102222023,11.797633278513898,5.551115123125783e-17,1.3623234132532898,4.410082665962798,-5.551115123125783e-17,2.0842952664543133,5.892517792618031,0.01163472844944527,17.49136547680443,0.9279625411490469,18.43096274640292,20.53188271214821,-0.1784147945695161,0.0,0.47109119010477446,0.29267639553525837,1.0,0.000337207699374854,0.0,4.242640687119285,0.4557854840870463,0.10387020375223156
1158,192.67298289412537,0.19634954084936207,-5.204170427930421e-18,0.16037322153544206,0.4845749223431231,-5.074066167232161e-17,0.1239453403637835,0.4433416454881578,1.1102230246251565e-16,5.929651712777036,11.850018325389257,-5.551115123125783e-17,1.3632106410915825,4.415753156867384,-1.1102230246251565e-16,2.1033630538162935,5.9863780575094,0.011594089321806498,17.580384717419822,0.9291716259926617,18.52115043273429,20.644838815489987,-0.17865633092322578,0.0,0.5068771029977078,0.3282207720744821,1.0,0.000337207699374854,0.0,4.242640687119285,0.4557854840870463,0.10387020375223156
1159,192.86933243497472,0.19634954084936207,-5.204170427930421e-18,0.1612470817589464,0.4897520875867818,-5.0090140368830305e-17,0.12248603640187958,0.46235404492550136,1.3877787807814457e-16,5.9372528621167975,11.872274770225179,0.0,1.3636585203585405,4.419050209316947,0.0,2.11553543800914,6.025773075698361,0.011538641439390554,17.625485774357056,0.9297822800732221,18.56680669586967,20.704971327100473,-0.1788220922181062,0.0,0.5257177466845361,0.3468956544664299,1.0,0.000337207699374854,0.0,4.242640687119285,0.4557854840870463,0.10387020375223156
1160,193.06568197582408,0.19634954084936207,-6.071532165918825e-18,0.1618652999654805,0.4895555693557151,-5.095750210681871e-17,0.12176855845664478,0.4701978658562399,1.6653345369377348e-16,5.944885918026522,11.891777102357768,1.1102230246251565e-16,1.364058990248891,4.42029245936483,-1.1102230246251565e-16,2.1272143802914902,6.051717860470178,0.011516860382059136,17.67083428917502,0.9303284644394125,18.61267961399649,20.764769153760014,-0.17881662431598394,0.0,0.524349962091494,0.34553333777551004,1.0,0.00033428101556751355,0.0,4.242640687119285,0.443761783707245,0.09846226033951784
1161,193.26203151667343,0.19634954084936207,-5.204170427930421e-18,0.1621906217257526,0.48453678164687314,-5.139118297581291e-17,0.12201331306037227,0.4658731495329854,1.3877787807814457e-16,5.952555902931662,11.914934153266442,0.0,1.3644480457176436,4.41902127641541,-1.1102230246251565e-16,2.137153268464467,6.061069471526832,0.011553725532824929,17.716460888763287,0.9308592347313482,18.658873849027458,20.822937588844066,-0.17717044739945215,0.0,0.5145265019645875,0.33735605456513534,1.0,0.00033428101556751355,0.0,4.242640687119285,0.443761783707245,0.09846226033951784
1163,193.65473059837214,0.19634954084936207,-4.336808689942018e-18,0.16178698804665265,0.46641764110749906,-5.171644362755856e-17,0.12439246661990405,0.42090597430865206,1.6653345369377348e-16,5.967809798730662,11.941726249380212,5.551115123125783e-17,1.3651632569268595,4.406975369878528,0.0,2.1498892044276676,6.032845119750946,0.011702867603248512,17.80737689691285,0.9318353590315751,18.75091512354767,20.930696852234195,-0.1768382873764542,0.0,0.4929915144468801,0.3161532270704259,1.0,0.00033428101556751355,0.0,4.242640687119285,0.443761783707245,0.09846226033951784
1164,193.8510801392215,0.19634954084936207,-6.938893903907228e-18,0.1610153542792423,0.4573399181135803,-5.0306980803327406e-17,0.12564718085619944,0.3833382505284926,1.6653345369377348e-16,5.975383495551117,11.949709825962673,5.551115123125783e-17,1.3655241033255547,4.401161361738985,0.0,2.153342855511497,6.0039289116391865,0.011717716992085344,17.852603959452345,0.93232803838153,18.79664971482596,20.98093682562074,-0.17634360219430872,0.0,0.47427682238082153,0.2979332201865128,1.0,0.00033428101556751355,0.0,4.242640687119285,0.443761783707245,0.09846226033951784
1165,194.04742968007085,0.19634954084936207,-4.336808689942018e-18,0.15993297633930775,0.44482249803728036,-5.095750210681871e-17,0.126595138041445,0.33926413675910894,1.3877787807814457e-16,5.98294065019516,11.959693131006164,-5.551115123125783e-17,1.3658900826913218,4.398928874290477,-1.1102230246251565e-16,2.1557498167280027,5.973712709992793,0.01166109541372463,17.89778941187884,0.932827858997253,18.84227836628982,21.029865688814233,-0.17598829757872986,0.0,0.4672568862235858,0.29126858864485594,1.0,0.00033428101556751355,0.0,4.242640687119285,0.443761783707245,0.09846226033951784
1167,194.44012876176956,0.19634954084936207,-4.336808689942018e-18,0.15751859996220297,0.41163320326107,-5.139118297581291e-17,0.1280112306027688,0.33121648945373044,1.6653345369377348e-16,5.998111620775132,11.970632021214715,0.0,1.366581474987098,4.412476523284613,0.0,2.159730863107877,5.9333649304293825,0.0114702771021087,17.98867150763884,0.9337724638889557,18.933914248629907,21.12708481080525,-0.1755832028622153,0.0,0.46516409529863123,0.28958089243641594,1.0,0.00033428101556751355,0.0,4.242640687119285,0.443761783707245,0.09846226033951784
1168,194.6364783026189,0.19634954084936207,-5.204170427930421e-18,0.15662696810876375,0.3948716207608651,-5.0306980803327406e-17,0.12879589175463424,0.3344308763007965,2.7755575615628914e-16,6.005771668046274,11.969891329943463,1.1102230246251565e-16,1.3668721795580252,4.4217730193911144,-5.551115123125783e-17,2.1620817365419764,5.929906433518471,0.011430870083448615,18.034646664353662,0.9341697776248532,18.980247312061962,21.17655839726867,-0.17541955081028357,0.0,0.4693490162047422,0.29392946539445863,1.0,0.00033428101556751355,0.0,4.242640687119285,0.443761783707245,0.09846226033951784
1169,194.83282784346827,0.19634954084936207,-6.938893903907228e-18,0.15617985124727282,0.3805182274049363,-5.171644362755856e-17,0.12951540073993834,0.3670396646770578,1.942890293094024e-16,6.0134949665297555,11.964531151456471,5.551115123125783e-17,1.3671084084653689,4.421128454131559,-1.1102230246251565e-16,2.1650124401868207,5.937224975953859,0.011446946647457877,18.081060856239347,0.934492700248357,19.02700050313516,21.227058497247715,-0.17551969410316653,0.0,0.4746140948639934,0.2990944007608269,1.0,0.00033428101556751355,0.0,4.242640687119285,0.443761783707245,0.09846226033951784
1170,195.02917738431762,0.19634954084936207,-6.938893903907228e-18,0.15622585046575205,0.3813364186737097,-4.9873299934333204e-17,0.12979913465212112,0.394524773154343,2.220446049250313e-16,6.021274581846321,11.970975711681461,0.0,1.3672833681820242,4.410081093117642,-1.1102230246251565e-16,2.168601580596163,5.951849259891587,0.011483589097210443,18.12787379499429,0.9347319044535902,19.07408928854509,21.278586053147006,-0.17578855735267174,0.0,0.4799975297823299,0.30420897242965816,1.0,0.00033323400530153754,0.0,4.242640687119285,0.45235664757509464,0.10231326830268919
1172,195.42187646601633,0.19634954084936207,-5.204170427930421e-18,0.1574680273634342,0.3782137129130636,-5.139118297581291e-17,0.12778548336755965,0.38694032037170345,1.6653345369377348e-16,6.036941252851321,12.011348218717336,5.551115123125783e-17,1.367469265071274,4.371314549875034,-1.1102230246251565e-16,2.176562026406227,5.984181624381219,0.011446751059675747,18.222329845189044,0.9349860954572851,19.168762691706007,21.382852795957554,-0.17595433109560146,0.0,0.48294111754565766,0.30698678645005617,1.0,0.00033323400530153754,0.0,4.242640687119285,0.45235664757509464,0.10231326830268919
1173,195.61822600686568,0.19634954084936207,-5.204170427930421e-18,0.15837783920999113,0.3941482381748911,-5.0415401020575956e-17,0.1255595874628632,0.35450783929397317,1.6653345369377348e-16,6.044759381992571,12.037763058577008,0.0,1.3674744625782627,4.343855221382411,0.0,2.179381265738098,5.993825818937066,0.011359024457738164,18.269557993093603,0.934993202901854,19.215910220453196,21.433323152746603,-0.17686734938370957,0.0,0.4754333061083052,0.2985659567245956,1.0,0.00033323400530153754,0.0,4.242640687119285,0.45235664757509464,0.10231326830268919
1174,195.81457554771504,0.19634954084936207,-6.938893903907228e-18,0.1593019765822875,0.41450382753616044,-5.0415401020575956e-17,0.12312653451238653,0.3118437179628395,2.220446049250313e-16,6.052534046015366,12.065688615269273,0.0,1.3674298814984867,4.3300872172682485,0.0,2.1801344988600255,5.996548339108882,0.01127401275186846,18.316584189087568,0.9349322404074825,19.26279044224692,21.481029019596704,-0.17749408030001187,0.0,0.462265300800372,0.2847712205003601,1.0,0.00033323400530153754,0.0,4.242640687119285,0.45235664757509464,0.10231326830268919
1175,196.0109250885644,0.19634954084936207,-5.204170427930421e-18,0.16013866091918924,0.4305000467878864,-5.0306980803327406e-17,0.1211095388354698,0.2976641159543737,2.498001805406602e-16,6.060254293139041,12.083407928531253,8.326672684688674e-17,1.36734178561301,4.338118044898966,-5.551115123125783e-17,2.178168894568319,5.992943131859633,0.011237201377995082,18.36334104875509,0.9348117793416868,19.30939002947477,21.525195136797997,-0.17804337641106255,0.0,0.4452139755039317,0.26717059909286917,1.0,0.00033323400530153754,0.0,4.242640687119285,0.45235664757509464,0.10231326830268919
1177,196.4036241702631,0.19634954084936207,-4.336808689942018e-18,0.16116506086239138,0.4443487793869351,-5.095750210681871e-17,0.11975791267137348,0.3129267245582869,1.6653345369377348e-16,6.075573125060357,12.100913099133857,0.0,1.3670509657675172,4.3517624599152365,0.0,2.166853052207603,5.976763386101317,0.011331232019259733,18.456294398977835,0.9344141715029508,19.402039802500045,21.60417205446558,-0.178560834179472,0.0,0.4224832110652479,0.2439223768857759,1.0,0.00033323400530153754,0.0,4.242640687119285,0.45235664757509464,0.10231326830268919
1178,196.59997371111245,0.19634954084936207,-5.204170427930421e-18,0.16114682793881943,0.4452043287691039,-5.0306980803327406e-17,0.1203667783480856,0.3159611336671069,1.6653345369377348e-16,6.083228765621992,12.101263298452047,0.0,1.3668629855718184,4.354128177012972,-5.551115123125783e-17,2.159639376009017,5.970832402927037,0.011391842679227633,18.502836107445432,0.9341572106631524,19.44838516078781,21.641833774741293,-0.17868565919632048,0.0,0.4134883426429206,0.23480268344660013,1.0,0.00033323400530153754,0.0,4.242640687119285,0.45235664757509464,0.10231326830268919
1179,196.7963232519618,0.19634954084936207,-3.469446951953614e-18,0.16066102466159835,0.43916917543611605,-5.084908188957016e-17,0.1215507127725002,0.3197632117089928,1.1102230246251565e-16,6.090927950504022,12.094599574822503,0.0,1.3666786553507213,4.351963507720353,-1.1102230246251565e-16,2.1534758174846456,5.970288915763631,0.011409204931567388,18.54970164911556,0.9339052734956275,19.495016127542755,21.681035087090997,-0.178500220092884,0.0,0.4209450200469164,0.24244479995403243,1.0,0.00033323400530153754,0.0,4.242640687119285,0.45235664757509464,0.10231326830268919
1181,197.18902233366052,0.19634954084936207,-5.204170427930421e-18,0.15836070837170962,0.4277398581343613,-4.9981720151581754e-17,0.125228658347373,0.3489265983262656,1.3877787807814457e-16,6.1065719265851035,12.107546726586406,-2.7755575615628914e-17,1.3665997399470817,4.333841693272986,-5.551115123125783e-17,2.1500554707348893,5.990685504334419,0.011330596472361223,18.645110347278653,0.9337974246117158,19.59023836836273,21.77217519532844,-0.17709044621695116,0.0,0.45122477940176897,0.27413433318481784,1.0,0.0003301436082465101,0.0,4.242640687119285,0.4372184474844406,0.09557998541035229
1182,197.38537187450987,0.19634954084936207,-6.071532165918825e-18,0.1568518465495176,0.4274493454459475,-5.003593026020603e-17,0.12755985830485142,0.3652358652416949,1.1102230246251565e-16,6.114508560911465,12.12445644696119,0.0,1.366875038006681,4.319918364830403,-1.1102230246251565e-16,2.154610625610275,6.010709706803261,0.011298791054525859,18.693607470729795,0.9341736847628827,19.639079946547202,21.82668730726811,-0.17554567200974575,0.0,0.49446876035698595,0.3189230883472402,1.0,0.0003301436082465101,0.0,4.242640687119285,0.4372184474844406,0.09557998541035229
1183,197.58172141535923,0.19634954084936207,-5.204170427930421e-18,0.1554577954490234,0.4254727677703424,-4.9873299934333204e-17,0.1298349625878656,0.3839724289712938,1.6653345369377348e-16,6.122477142287071,12.140138411385239,0.0,1.3674598430352225,4.305326035286186,-1.1102230246251565e-16,2.1637296520194513,6.0346326480200165,0.01129931460188309,18.742363178913827,0.9349732111569575,19.688635704672667,21.887674937727244,-0.17504572602521717,0.0,0.5266295033251507,0.3515837772999335,1.0,0.0003301436082465101,0.0,4.242640687119285,0.4372184474844406,0.09557998541035229
1184,197.77807095620858,0.19634954084936207,-3.469446951953614e-18,0.15446695446176933,0.4196821877462885,-4.9276988739466177e-17,0.1315087356398045,0.39371347447469285,1.6653345369377348e-16,6.130445138734461,12.163686992851819,5.551115123125783e-17,1.3683975633634737,4.303040974977359,0.0,2.1770966277076917,6.0595817376058845,0.01131445230886512,18.791178799516498,0.9362559457095461,19.73874919753491,21.95473756936602,-0.1746069958663713,0.0,0.5568493461033134,0.3822423502369421,1.0,0.0003301436082465101,0.0,4.242640687119285,0.4372184474844406,0.09557998541035229
1186,198.1707700379073,0.19634954084936207,-6.071532165918825e-18,0.1543781866615555,0.4124798916693021,-4.9873299934333204e-17,0.1311113053819161,0.41101328973687645,1.942890293094024e-16,6.14628660554058,12.166377929009812,2.7755575615628914e-17,1.371196491079103,4.339769080222739,0.0,2.2124507536535436,6.100716234847801,0.011249903381250991,18.888419518723772,0.9400899085738219,19.839759330678845,22.101482590335046,-0.17419616686495304,0.0,0.5882961951227849,0.4141000282578318,1.0,0.0003301436082465101,0.0,4.242640687119285,0.4372184474844406,0.09557998541035229
1187,198.36711957875664,0.19634954084936207,-4.7704895589362195e-18,0.15525665857230875,0.42155332669533196,-5.0090140368830305e-17,0.12890882759216074,0.4129921886049787,2.498001805406602e-16,6.154151477833846,12.14488698152861,2.7755575615628914e-17,1.3728296130758826,4.353270581010809,0.0,2.2309743640982647,6.112097491706258,0.011151078675354453,18.936790206062255,0.9423305732690388,19.89027185800665,22.176459016856874,-0.17406612238841063,0.0,0.5963923999915328,0.4223262776031222,1.0,0.0003301436082465101,0.0,4.242640687119285,0.4372184474844406,0.09557998541035229
1188,198.563469119606,0.19634954084936207,-5.637851296924623e-18,0.15653097176904493,0.44086689576280186,-5.0090140368830305e-17,0.12602127420844997,0.409777976161232,1.942890293094024e-16,6.161999588154211,12.111335277345738,2.7755575615628914e-17,1.3743948236304846,4.3599575552926,-1.1102230246251565e-16,2.2472280971553076,6.115615372180622,0.011053456619951668,18.985119462206335,0.9444805656111352,19.94065348443742,22.248643262622505,-0.1741159968954266,0.0,0.5826077011975856,0.4084917043021591,1.0,0.0003301436082465101,0.0,4.242640687119285,0.4372184474844406,0.09557998541035229
1189,198.75981866045535,0.19634954084936207,-6.071532165918825e-18,0.15797834911110414,0.4569844161823039,-4.9764879717084654e-17,0.12326701296387524,0.4110520507767086,1.1102230246251565e-16,6.169858692844559,12.069691917145429,0.0,1.3757180439474923,4.360565522879611,5.551115123125783e-17,2.2592911191117846,6.111459342109322,0.01101034565719301,19.03357814483478,0.9463000682213571,19.990888558713333,22.31537564437698,-0.1741903826546518,0.0,0.5555534664504305,0.38136308379577866,1.0,0.0003301436082465101,0.0,4.242640687119285,0.4372184474844406,0.09557998541035229
1191,199.15251774215406,0.19634954084936207,-6.071532165918825e-18,0.1606387855629531,0.48274501904305517,-5.063224145507306e-17,0.12045064460750474,0.3974888704048489,1.1102230246251565e-16,6.185727940664079,12.035199588077756,0.0,1.3771654287396884,4.36612975441408,-5.551115123125783e-17,2.2668549447901425,6.087403661059872,0.011162550393979169,19.131615077956134,0.9482923090578846,20.091069937407998,22.426792708460155,-0.17392320508283582,0.0,0.5002065026541926,0.3262832975713568,1.0,0.00032909208502600974,0.0,4.242640687119285,0.44663923894202306,0.09974330488135479
1192,199.34886728300341,0.19634954084936207,-6.938893903907228e-18,0.16157341748259546,0.4877919893996584,-5.117434254131581e-17,0.1204080880159519,0.3832394748424842,2.220446049250313e-16,6.193768055162925,12.072127799082546,2.7755575615628914e-17,1.3772192455722398,4.369503175866457,-5.551115123125783e-17,2.2626830771147253,6.073701435855988,0.011292227647478573,19.18138136057836,0.9483664251872848,20.14104001341312,22.471734809614976,-0.17348884521119906,0.0,0.4457685821456426,0.2722797369344435,1.0,0.00032909208502600974,0.0,4.242640687119285,0.44663923894202306,0.09974330488135479
1193,199.54521682385277,0.19634954084936207,-8.673617379884035e-18,0.16209711890779216,0.4869972054187473,-4.954803928258755e-17,0.12075719272115104,0.3650832859217179,1.6653345369377348e-16,6.201872291285105,12.10042964284506,-5.551115123125783e-17,1.376903443819185,4.371259225224023,0.0,2.2547304602609315,6.063722419940007,0.01138146308235832,19.231609958704976,0.9479315468005656,20.1909229685879,22.511483066464155,-0.17326939660219473,0.0,0.4193608368608453,0.24609144025865057,1.0,0.00032909208502600974,0.0,4.242640687119285,0.44663923894202306,0.09974330488135479
1195,199.93791590555148,0.19634954084936207,-5.204170427930421e-18,0.16158446520407382,0.4738489234607792,-5.0523821237824507e-17,0.12163370158613782,0.32507777939140725,1.6653345369377348e-16,6.21819444008226,12.123598132825629,0.0,1.375760618415375,4.384149715497429,5.551115123125783e-17,2.2341912674007345,6.066520844937457,0.011345889413417281,19.33297104733496,0.9463586395913277,20.290675576339705,22.584769083150057,-0.17285647237358795,0.0,0.4030760493075704,0.23021957693398246,1.0,0.00032909208502600974,0.0,4.242640687119285,0.44663923894202306,0.09974330488135479
1196,200.0,0.062084094448522364,-6.938893903907228e-18,0.1613016932029662,0.471477213412803,-5.0415401020575956e-17,0.12181993852813769,0.33295790317389623,1.3877787807814457e-16,6.22077843361716,12.123108078462066,2.7755575615628914e-17,1.3755896009573338,4.384799059689112,-5.551115123125783e-17,2.231049544811371,6.070359463731221,0.011322356635080483,19.349042160078177,0.9461233751309784,20.306487891844235,22.596558426254035,-0.17253029159872374,0.0,0.4049906804255461,0.23246038882682235,1.0,0.00032909208502600974,0.0,4.242640687119285,0.44663923894202306,0.09974330488135479
