2026-06-08T15:01:10+12:00 run start {'title': 'Inhomogeneous rmhd simulation test', 'input_file': 'C:\\Users\\naoki\\Downloads\\rmhd-gpu-new\\examples\\nokias_inhomogeneous.input', 'output_dir': 'C:\\Users\\naoki\\Downloads\\rmhd-gpu-new\\examples\\outputs_nokia_rmhd_s_19', 'backend': 'numpy', 'equation_set': 'inhomogeneous_rmhd_s', 'equation_mode': 'nonlinear', 'grid': [16, 16, 16], 'output_cadences': {'scalar': 0.25, 'spectra': 0.0, 'full_field': 0.0}, 'hostname': 'Naoki', 'python_executable': 'C:\\Users\\naoki\\AppData\\Local\\Programs\\Python\\Python313\\python.exe', 'git_commit': 'cde2789c3d6596cb8e14f232da25acf4598750f1', 'command': "'C:\\Users\\naoki\\Downloads\\rmhd-gpu-new\\rmhdgpu\\run.py' '.\\examples\\nokias_inhomogeneous.input'"}
2026-06-08T15:01:10+12:00 run setup {'resolved_output_dir': 'C:\\Users\\naoki\\Downloads\\rmhd-gpu-new\\examples\\outputs_nokia_rmhd_s_19', 'input_file': 'C:\\Users\\naoki\\Downloads\\rmhd-gpu-new\\examples\\nokias_inhomogeneous.input', 'backend': 'numpy', 'equation_set': 'inhomogeneous_rmhd_s', 'equation_mode': 'nonlinear', 'grid': [16, 16, 16], 'output_cadences': {'scalar': 0.25, 'spectra': 0.0, 'full_field': 0.0}, 'dissipation_mode': 'auto', 'initial_condition': {'type': 'random_spectrum', 'parameters': {'n_min': 1.0, 'n_max': 3.0, 'alpha': 0.0, 'init_energy': 0.75, 'seed': 1}}}
2026-06-08T15:01:10+12:00 scalar diagnostics {'step': 0, 'time': 0.0, 'dt': 0.0, 'total_energy': 0.7500000000000001}
2026-06-08T15:01:11+12:00 scalar diagnostics {'step': 3, 'time': 0.27653991261484145, 'dt': 0.09338543843959944, 'total_energy': 0.7624132797428487}
2026-06-08T15:01:11+12:00 scalar diagnostics {'step': 6, 'time': 0.5934279500717, 'dt': 0.11217940033515672, 'total_energy': 0.7852714859967005}
2026-06-08T15:01:11+12:00 scalar diagnostics {'step': 8, 'time': 0.8211073749322716, 'dt': 0.11201252769825687, 'total_energy': 0.8007297472195167}
2026-06-08T15:01:11+12:00 scalar diagnostics {'step': 10, 'time': 1.039672678963726, 'dt': 0.10947086313765267, 'total_energy': 0.8173077746035438}
2026-06-08T15:01:11+12:00 scalar diagnostics {'step': 12, 'time': 1.265854562474367, 'dt': 0.1147548825567409, 'total_energy': 0.8355701610789907}
2026-06-08T15:01:11+12:00 scalar diagnostics {'step': 15, 'time': 1.5579822398778265, 'dt': 0.09163162190980559, 'total_energy': 0.8589446643021077}
2026-06-08T15:01:11+12:00 scalar diagnostics {'step': 18, 'time': 1.8264097163253608, 'dt': 0.09005425066476949, 'total_energy': 0.8808634813535546}
2026-06-08T15:01:11+12:00 scalar diagnostics {'step': 20, 'time': 2.0145255207660844, 'dt': 0.09561293917579179, 'total_energy': 0.8965180386295373}
2026-06-08T15:01:11+12:00 scalar diagnostics {'step': 23, 'time': 2.2986054835026777, 'dt': 0.09512896926401103, 'total_energy': 0.9214036442435443}
2026-06-08T15:01:11+12:00 scalar diagnostics {'step': 26, 'time': 2.568071679114053, 'dt': 0.08726344394347481, 'total_energy': 0.9486933495118978}
2026-06-08T15:01:11+12:00 scalar diagnostics {'step': 29, 'time': 2.836292106053126, 'dt': 0.08893193958966648, 'total_energy': 0.9798606919606502}
2026-06-08T15:01:11+12:00 scalar diagnostics {'step': 31, 'time': 3.0171133927752773, 'dt': 0.09159561671579657, 'total_energy': 1.0023521487710392}
2026-06-08T15:01:11+12:00 scalar diagnostics {'step': 34, 'time': 3.313175720563732, 'dt': 0.09976357657066995, 'total_energy': 1.0399343253307538}
2026-06-08T15:01:11+12:00 scalar diagnostics {'step': 36, 'time': 3.51456277013927, 'dt': 0.101468708534682, 'total_energy': 1.0648402655762204}
2026-06-08T15:01:11+12:00 scalar diagnostics {'step': 39, 'time': 3.797123836117785, 'dt': 0.09120096503314679, 'total_energy': 1.098366682700704}
2026-06-08T15:01:11+12:00 scalar diagnostics {'step': 42, 'time': 4.0668742571680605, 'dt': 0.0888525529978348, 'total_energy': 1.131130575210252}
2026-06-08T15:01:11+12:00 scalar diagnostics {'step': 45, 'time': 4.329625228571272, 'dt': 0.0882356565282918, 'total_energy': 1.165593563751963}
2026-06-08T15:01:11+12:00 scalar diagnostics {'step': 47, 'time': 4.513979544564606, 'dt': 0.09362096950916127, 'total_energy': 1.1904648242844682}
2026-06-08T15:01:11+12:00 scalar diagnostics {'step': 50, 'time': 4.779114510359691, 'dt': 0.08548444057202388, 'total_energy': 1.2271541302792794}
2026-06-08T15:01:11+12:00 scalar diagnostics {'step': 53, 'time': 5.020389758389967, 'dt': 0.07912466571728999, 'total_energy': 1.2633848717439191}
2026-06-08T15:01:11+12:00 scalar diagnostics {'step': 56, 'time': 5.263781558900866, 'dt': 0.08339019667404136, 'total_energy': 1.3008653935178827}
2026-06-08T15:01:11+12:00 scalar diagnostics {'step': 59, 'time': 5.5322561182232945, 'dt': 0.08960552824898743, 'total_energy': 1.3404237229077713}
2026-06-08T15:01:11+12:00 scalar diagnostics {'step': 62, 'time': 5.801046891841159, 'dt': 0.08948232175635429, 'total_energy': 1.3793736493421063}
2026-06-08T15:01:11+12:00 scalar diagnostics {'step': 65, 'time': 6.069546502399301, 'dt': 0.08875914663825196, 'total_energy': 1.4170844236516125}
2026-06-08T15:01:11+12:00 scalar diagnostics {'step': 68, 'time': 6.335217009426063, 'dt': 0.08859650253463257, 'total_energy': 1.4557657779755977}
2026-06-08T15:01:11+12:00 scalar diagnostics {'step': 70, 'time': 6.51078765254301, 'dt': 0.08782634358906938, 'total_energy': 1.4831367137232854}
2026-06-08T15:01:11+12:00 scalar diagnostics {'step': 73, 'time': 6.782224958536199, 'dt': 0.09163961699114237, 'total_energy': 1.5271011397782617}
2026-06-08T15:01:11+12:00 scalar diagnostics {'step': 76, 'time': 7.029086998420641, 'dt': 0.07802842542151446, 'total_energy': 1.5660876063780496}
2026-06-08T15:01:11+12:00 scalar diagnostics {'step': 79, 'time': 7.2565820407192465, 'dt': 0.074907617509442, 'total_energy': 1.6005041022047974}
2026-06-08T15:01:11+12:00 scalar diagnostics {'step': 83, 'time': 7.577372371904317, 'dt': 0.08648048902645276, 'total_energy': 1.6499434042794792}
2026-06-08T15:01:11+12:00 scalar diagnostics {'step': 85, 'time': 7.751675520763007, 'dt': 0.08722122957180004, 'total_energy': 1.6773702682293528}
2026-06-08T15:01:12+12:00 scalar diagnostics {'step': 88, 'time': 8.000549505359718, 'dt': 0.08192181278260284, 'total_energy': 1.7161387558032706}
2026-06-08T15:01:12+12:00 scalar diagnostics {'step': 91, 'time': 8.255831978177326, 'dt': 0.08597214533156973, 'total_energy': 1.7549735663962003}
2026-06-08T15:01:12+12:00 scalar diagnostics {'step': 94, 'time': 8.5121841518322, 'dt': 0.08326470065024817, 'total_energy': 1.7949821555633099}
2026-06-08T15:01:12+12:00 scalar diagnostics {'step': 97, 'time': 8.756667911570297, 'dt': 0.08158726045430667, 'total_energy': 1.8360432723888733}
2026-06-08T15:01:12+12:00 progress {'step': 100, 'time': 9.00754686601054, 'dt': 0.08399470618944095}
2026-06-08T15:01:12+12:00 scalar diagnostics {'step': 100, 'time': 9.00754686601054, 'dt': 0.08399470618944095, 'total_energy': 1.880288743757438}
2026-06-08T15:01:12+12:00 scalar diagnostics {'step': 103, 'time': 9.262067122428139, 'dt': 0.08458040343396331, 'total_energy': 1.9229416641024057}
2026-06-08T15:01:12+12:00 scalar diagnostics {'step': 106, 'time': 9.525615844132409, 'dt': 0.08866353445783776, 'total_energy': 1.9667564030249671}
2026-06-08T15:01:12+12:00 scalar diagnostics {'step': 109, 'time': 9.783198532688447, 'dt': 0.08109308658019448, 'total_energy': 2.011849839597167}
2026-06-08T15:01:12+12:00 scalar diagnostics {'step': 112, 'time': 10.020663511621608, 'dt': 0.07875959695240266, 'total_energy': 2.0530678837595886}
2026-06-08T15:01:12+12:00 scalar diagnostics {'step': 116, 'time': 10.302178562805397, 'dt': 0.06714269558249521, 'total_energy': 2.1034350715749213}
2026-06-08T15:01:12+12:00 scalar diagnostics {'step': 119, 'time': 10.508090152913319, 'dt': 0.07060330474441648, 'total_energy': 2.142337064349274}
2026-06-08T15:01:12+12:00 scalar diagnostics {'step': 123, 'time': 10.814701632265322, 'dt': 0.0757065082371744, 'total_energy': 2.2055867159269384}
2026-06-08T15:01:12+12:00 scalar diagnostics {'step': 126, 'time': 11.034674561714258, 'dt': 0.0738946641032531, 'total_energy': 2.250925452118346}
2026-06-08T15:01:12+12:00 scalar diagnostics {'step': 129, 'time': 11.262968018721121, 'dt': 0.07610471447617019, 'total_energy': 2.295197846203733}
2026-06-08T15:01:12+12:00 scalar diagnostics {'step': 132, 'time': 11.50293355613976, 'dt': 0.07836717103238704, 'total_energy': 2.3392512452579997}
2026-06-08T15:01:12+12:00 scalar diagnostics {'step': 136, 'time': 11.819473489558737, 'dt': 0.08155825953889873, 'total_energy': 2.3950577717761488}
2026-06-08T15:01:12+12:00 scalar diagnostics {'step': 139, 'time': 12.061712099802323, 'dt': 0.07834582068444675, 'total_energy': 2.436696659349253}
2026-06-08T15:01:12+12:00 scalar diagnostics {'step': 142, 'time': 12.303125844188141, 'dt': 0.08239230116474368, 'total_energy': 2.4789026257309796}
2026-06-08T15:01:12+12:00 scalar diagnostics {'step': 145, 'time': 12.552471018996464, 'dt': 0.08307287373465502, 'total_energy': 2.5263054657161907}
2026-06-08T15:01:12+12:00 scalar diagnostics {'step': 148, 'time': 12.779712496461222, 'dt': 0.07236607793385288, 'total_energy': 2.5711004785223173}
2026-06-08T15:01:12+12:00 scalar diagnostics {'step': 151, 'time': 13.002913127128437, 'dt': 0.07778191116066278, 'total_energy': 2.6126680828475393}
2026-06-08T15:01:12+12:00 scalar diagnostics {'step': 155, 'time': 13.308528780157959, 'dt': 0.07285807579392749, 'total_energy': 2.6716016065799133}
2026-06-08T15:01:12+12:00 scalar diagnostics {'step': 158, 'time': 13.526687680776773, 'dt': 0.07413384459753285, 'total_energy': 2.714153273561803}
2026-06-08T15:01:12+12:00 scalar diagnostics {'step': 162, 'time': 13.786873156313593, 'dt': 0.06376643318852546, 'total_energy': 2.7656494575663286}
2026-06-08T15:01:12+12:00 scalar diagnostics {'step': 166, 'time': 14.065623778033858, 'dt': 0.0716244164791432, 'total_energy': 2.8187547289787043}
2026-06-08T15:01:12+12:00 scalar diagnostics {'step': 169, 'time': 14.292413275646009, 'dt': 0.07081548178918877, 'total_energy': 2.860798828562112}
2026-06-08T15:01:13+12:00 scalar diagnostics {'step': 173, 'time': 14.554853749747785, 'dt': 0.06061599577683033, 'total_energy': 2.9115749587124196}
2026-06-08T15:01:13+12:00 scalar diagnostics {'step': 177, 'time': 14.790784139796763, 'dt': 0.06112511349892889, 'total_energy': 2.9572857536856243}
2026-06-08T15:01:13+12:00 scalar diagnostics {'step': 181, 'time': 15.05968386611511, 'dt': 0.0674234515278075, 'total_energy': 3.003455043797773}
2026-06-08T15:01:13+12:00 scalar diagnostics {'step': 184, 'time': 15.266379769238728, 'dt': 0.06882119599949316, 'total_energy': 3.0315278908918417}
2026-06-08T15:01:13+12:00 scalar diagnostics {'step': 188, 'time': 15.542369211096249, 'dt': 0.06777157886487445, 'total_energy': 3.0716603914689404}
2026-06-08T15:01:13+12:00 scalar diagnostics {'step': 192, 'time': 15.79817462768086, 'dt': 0.059395839257892394, 'total_energy': 3.107138300312304}
2026-06-08T15:01:13+12:00 scalar diagnostics {'step': 196, 'time': 16.050198112505683, 'dt': 0.06225907116799344, 'total_energy': 3.1311069252496}
2026-06-08T15:01:13+12:00 progress {'step': 200, 'time': 16.30647122546307, 'dt': 0.06328345398541106}
2026-06-08T15:01:13+12:00 scalar diagnostics {'step': 200, 'time': 16.30647122546307, 'dt': 0.06328345398541106, 'total_energy': 3.155081184960001}
2026-06-08T15:01:13+12:00 scalar diagnostics {'step': 203, 'time': 16.51178624812145, 'dt': 0.0687654478319571, 'total_energy': 3.1551206483579293}
2026-06-08T15:01:13+12:00 scalar diagnostics {'step': 207, 'time': 16.757175388798476, 'dt': 0.0571437385462221, 'total_energy': 3.152463932617986}
2026-06-08T15:01:13+12:00 scalar diagnostics {'step': 212, 'time': 17.052553587332646, 'dt': 0.0603968647220961, 'total_energy': 3.11971596517812}
2026-06-08T15:01:13+12:00 scalar diagnostics {'step': 216, 'time': 17.29108039524133, 'dt': 0.058836672896905966, 'total_energy': 3.0709029612446463}
2026-06-08T15:01:13+12:00 scalar diagnostics {'step': 220, 'time': 17.540537758995374, 'dt': 0.0667883831220577, 'total_energy': 3.0214309041132434}
2026-06-08T15:01:13+12:00 scalar diagnostics {'step': 224, 'time': 17.802700592055206, 'dt': 0.06503747779772313, 'total_energy': 2.882609706192632}
2026-06-08T15:01:13+12:00 scalar diagnostics {'step': 227, 'time': 18.007326224954472, 'dt': 0.0684164239464157, 'total_energy': 2.78826486287295}
2026-06-08T15:01:13+12:00 scalar diagnostics {'step': 231, 'time': 18.286325983786888, 'dt': 0.06972255546222998, 'total_energy': 2.6305762681548766}
2026-06-08T15:01:13+12:00 scalar diagnostics {'step': 235, 'time': 18.569891544155016, 'dt': 0.07547420627154082, 'total_energy': 2.3997005904323876}
2026-06-08T15:01:13+12:00 scalar diagnostics {'step': 238, 'time': 18.808595141951265, 'dt': 0.08153587158544942, 'total_energy': 2.2464845092152683}
2026-06-08T15:01:13+12:00 scalar diagnostics {'step': 241, 'time': 19.049939380148743, 'dt': 0.08013374802738324, 'total_energy': 2.0723026302933447}
2026-06-08T15:01:13+12:00 scalar diagnostics {'step': 244, 'time': 19.296239900936882, 'dt': 0.08386870365097374, 'total_energy': 1.8652554346182129}
2026-06-08T15:01:13+12:00 scalar diagnostics {'step': 247, 'time': 19.54119490342597, 'dt': 0.08049700194386032, 'total_energy': 1.7141988452961043}
2026-06-08T15:01:13+12:00 scalar diagnostics {'step': 250, 'time': 19.808297545477842, 'dt': 0.09763181346542661, 'total_energy': 1.5877993164798663}
2026-06-08T15:01:13+12:00 scalar diagnostics {'step': 253, 'time': 20.06200625212042, 'dt': 0.0828277371915956, 'total_energy': 1.419436710210387}
2026-06-08T15:01:13+12:00 scalar diagnostics {'step': 256, 'time': 20.317040630410702, 'dt': 0.0881842354720348, 'total_energy': 1.3097471818391244}
2026-06-08T15:01:13+12:00 scalar diagnostics {'step': 258, 'time': 20.50993767931575, 'dt': 0.09195898160770064, 'total_energy': 1.2441300016469918}
2026-06-08T15:01:14+12:00 scalar diagnostics {'step': 261, 'time': 20.783912841554738, 'dt': 0.09689996126845915, 'total_energy': 1.153444053705452}
2026-06-08T15:01:14+12:00 scalar diagnostics {'step': 263, 'time': 21.011390617354877, 'dt': 0.11317526018019614, 'total_energy': 1.0811368140263546}
2026-06-08T15:01:14+12:00 scalar diagnostics {'step': 265, 'time': 21.251807062772833, 'dt': 0.12172074625687512, 'total_energy': 1.0270513090538043}
2026-06-08T15:01:14+12:00 scalar diagnostics {'step': 268, 'time': 21.557262760040583, 'dt': 0.09263399787087734, 'total_energy': 0.981821067981948}
2026-06-08T15:01:14+12:00 scalar diagnostics {'step': 271, 'time': 21.855179523604935, 'dt': 0.10658160874868831, 'total_energy': 0.9432190546290014}
2026-06-08T15:01:14+12:00 scalar diagnostics {'step': 273, 'time': 22.093539980213443, 'dt': 0.12546213100370018, 'total_energy': 0.9123168024610924}
2026-06-08T15:01:14+12:00 scalar diagnostics {'step': 275, 'time': 22.336424554588937, 'dt': 0.1171254777613755, 'total_energy': 0.8879041888076157}
2026-06-08T15:01:14+12:00 scalar diagnostics {'step': 277, 'time': 22.58341680209015, 'dt': 0.1271856133678684, 'total_energy': 0.8672166489465847}
2026-06-08T15:01:14+12:00 scalar diagnostics {'step': 279, 'time': 22.85529081644704, 'dt': 0.14167761671862714, 'total_energy': 0.8485036889660904}
2026-06-08T15:01:14+12:00 scalar diagnostics {'step': 281, 'time': 23.110197557536967, 'dt': 0.12204026011118829, 'total_energy': 0.8343393585999002}
2026-06-08T15:01:14+12:00 scalar diagnostics {'step': 283, 'time': 23.333745126958572, 'dt': 0.10985317380402157, 'total_energy': 0.8251624471090513}
2026-06-08T15:01:14+12:00 scalar diagnostics {'step': 285, 'time': 23.559008401799563, 'dt': 0.1151181884992014, 'total_energy': 0.8191524561421151}
2026-06-08T15:01:14+12:00 scalar diagnostics {'step': 287, 'time': 23.795512651133354, 'dt': 0.12213004117508157, 'total_energy': 0.8127950828119821}
2026-06-08T15:01:14+12:00 scalar diagnostics {'step': 289, 'time': 24.066822517923015, 'dt': 0.13294112521512225, 'total_energy': 0.8053620120805545}
2026-06-08T15:01:14+12:00 scalar diagnostics {'step': 291, 'time': 24.34372227401927, 'dt': 0.13792821356225396, 'total_energy': 0.7987865279835871}
2026-06-08T15:01:14+12:00 scalar diagnostics {'step': 293, 'time': 24.633375277272158, 'dt': 0.1487273048649777, 'total_energy': 0.7923271380444508}
2026-06-08T15:01:14+12:00 scalar diagnostics {'step': 294, 'time': 24.77223279174762, 'dt': 0.13885751447546285, 'total_energy': 0.7900965856397211}
2026-06-08T15:01:14+12:00 scalar diagnostics {'step': 296, 'time': 25.025950548687568, 'dt': 0.1253933368025023, 'total_energy': 0.7883074436221476}
2026-06-08T15:01:14+12:00 scalar diagnostics {'step': 298, 'time': 25.292847954939308, 'dt': 0.1381114607045261, 'total_energy': 0.7891745252180784}
2026-06-08T15:01:14+12:00 progress {'step': 300, 'time': 25.581932004023088, 'dt': 0.14445348112232953}
2026-06-08T15:01:14+12:00 scalar diagnostics {'step': 300, 'time': 25.581932004023088, 'dt': 0.14445348112232953, 'total_energy': 0.7907996005533979}
2026-06-08T15:01:14+12:00 scalar diagnostics {'step': 302, 'time': 25.88490346618649, 'dt': 0.15481411380362356, 'total_energy': 0.7889380877691226}
2026-06-08T15:01:14+12:00 scalar diagnostics {'step': 303, 'time': 26.037125720961424, 'dt': 0.15222225477493248, 'total_energy': 0.7889007193997377}
2026-06-08T15:01:14+12:00 scalar diagnostics {'step': 305, 'time': 26.327638642295703, 'dt': 0.1422704520990867, 'total_energy': 0.7919385757202761}
2026-06-08T15:01:14+12:00 scalar diagnostics {'step': 307, 'time': 26.62161697338121, 'dt': 0.14936839123235915, 'total_energy': 0.7962704030391157}
2026-06-08T15:01:14+12:00 scalar diagnostics {'step': 308, 'time': 26.773923349076544, 'dt': 0.15230637569533062, 'total_energy': 0.7987582924198525}
2026-06-08T15:01:14+12:00 scalar diagnostics {'step': 310, 'time': 27.076845918561496, 'dt': 0.15267795466812706, 'total_energy': 0.8041775298061875}
2026-06-08T15:01:14+12:00 scalar diagnostics {'step': 312, 'time': 27.39303178412221, 'dt': 0.16032038666436504, 'total_energy': 0.8076057240598952}
2026-06-08T15:01:14+12:00 scalar diagnostics {'step': 313, 'time': 27.55936123249713, 'dt': 0.1663294483749196, 'total_energy': 0.8088471641534645}
2026-06-08T15:01:14+12:00 scalar diagnostics {'step': 315, 'time': 27.91084401697218, 'dt': 0.17301167174802634, 'total_energy': 0.8098844639701192}
2026-06-08T15:01:14+12:00 scalar diagnostics {'step': 316, 'time': 28.07601087561621, 'dt': 0.16516685864402825, 'total_energy': 0.8109056958130578}
2026-06-08T15:01:14+12:00 scalar diagnostics {'step': 318, 'time': 28.419042937815107, 'dt': 0.17560925202791614, 'total_energy': 0.8165297111730516}
2026-06-08T15:01:14+12:00 scalar diagnostics {'step': 319, 'time': 28.594185772930942, 'dt': 0.17514283511583525, 'total_energy': 0.8209773628602322}
2026-06-08T15:01:14+12:00 scalar diagnostics {'step': 320, 'time': 28.761716210121, 'dt': 0.16753043719005936, 'total_energy': 0.8258699862045515}
2026-06-08T15:01:14+12:00 scalar diagnostics {'step': 322, 'time': 29.094763177960463, 'dt': 0.16757951039515967, 'total_energy': 0.8356271136444098}
2026-06-08T15:01:14+12:00 scalar diagnostics {'step': 323, 'time': 29.268938243395965, 'dt': 0.17417506543550235, 'total_energy': 0.8406729924785254}
2026-06-08T15:01:14+12:00 scalar diagnostics {'step': 325, 'time': 29.61152046024792, 'dt': 0.16348849110279295, 'total_energy': 0.8501168417040258}
2026-06-08T15:01:14+12:00 scalar diagnostics {'step': 326, 'time': 29.76228759651902, 'dt': 0.15076713627109853, 'total_energy': 0.8535615348059964}
2026-06-08T15:01:14+12:00 scalar diagnostics {'step': 328, 'time': 30.063948453749326, 'dt': 0.1533810866730927, 'total_energy': 0.8585782387340009}
2026-06-08T15:01:14+12:00 scalar diagnostics {'step': 330, 'time': 30.373965776434225, 'dt': 0.1532871824209907, 'total_energy': 0.8629418771349677}
2026-06-08T15:01:14+12:00 scalar diagnostics {'step': 331, 'time': 30.53226568855763, 'dt': 0.15829991212340264, 'total_energy': 0.8651692049965403}
2026-06-08T15:01:14+12:00 scalar diagnostics {'step': 333, 'time': 30.889718900991618, 'dt': 0.18498420950008837, 'total_energy': 0.8724286675005939}
2026-06-08T15:01:14+12:00 scalar diagnostics {'step': 334, 'time': 31.077468506335087, 'dt': 0.18774960534347127, 'total_energy': 0.8785403418390529}
2026-06-08T15:01:14+12:00 scalar diagnostics {'step': 335, 'time': 31.259474744042457, 'dt': 0.18200623770736915, 'total_energy': 0.8860488967593528}
2026-06-08T15:01:14+12:00 scalar diagnostics {'step': 337, 'time': 31.63295550101842, 'dt': 0.18800843513370563, 'total_energy': 0.9035956665511754}
2026-06-08T15:01:14+12:00 scalar diagnostics {'step': 338, 'time': 31.820685484076808, 'dt': 0.18772998305838864, 'total_energy': 0.9117318468600293}
2026-06-08T15:01:14+12:00 scalar diagnostics {'step': 339, 'time': 32.00941983792736, 'dt': 0.1887343538505559, 'total_energy': 0.9189201643269198}
2026-06-08T15:01:14+12:00 scalar diagnostics {'step': 341, 'time': 32.38626735813439, 'dt': 0.18760756137466927, 'total_energy': 0.9313419428834093}
2026-06-08T15:01:14+12:00 scalar diagnostics {'step': 342, 'time': 32.577336235136684, 'dt': 0.19106887700229755, 'total_energy': 0.9369520222634522}
2026-06-08T15:01:14+12:00 scalar diagnostics {'step': 343, 'time': 32.770138410356765, 'dt': 0.19280217522008414, 'total_energy': 0.9422771337234572}
2026-06-08T15:01:14+12:00 scalar diagnostics {'step': 345, 'time': 33.12750294909713, 'dt': 0.1770666597685441, 'total_energy': 0.9524941633255344}
2026-06-08T15:01:15+12:00 scalar diagnostics {'step': 346, 'time': 33.313552614466154, 'dt': 0.18604966536902728, 'total_energy': 0.9586216729337949}
2026-06-08T15:01:15+12:00 scalar diagnostics {'step': 347, 'time': 33.5070741382397, 'dt': 0.19352152377354603, 'total_energy': 0.966022820830028}
2026-06-08T15:01:15+12:00 scalar diagnostics {'step': 349, 'time': 33.89334409104502, 'dt': 0.193301084443025, 'total_energy': 0.9833346168403643}
2026-06-08T15:01:15+12:00 scalar diagnostics {'step': 350, 'time': 34.08878460233967, 'dt': 0.19544051129464984, 'total_energy': 0.9924854863190362}
2026-06-08T15:01:15+12:00 scalar diagnostics {'step': 351, 'time': 34.28513414318903, 'dt': 0.19634954084936207, 'total_energy': 1.0016402975878078}
2026-06-08T15:01:15+12:00 scalar diagnostics {'step': 353, 'time': 34.653040731490194, 'dt': 0.17992241025664654, 'total_energy': 1.01781139719535}
2026-06-08T15:01:15+12:00 scalar diagnostics {'step': 354, 'time': 34.82809679473954, 'dt': 0.17505606324934286, 'total_energy': 1.0250115624217597}
2026-06-08T15:01:15+12:00 scalar diagnostics {'step': 355, 'time': 35.000774881037685, 'dt': 0.172678086298149, 'total_energy': 1.0319936685834348}
2026-06-08T15:01:15+12:00 scalar diagnostics {'step': 357, 'time': 35.34761040634906, 'dt': 0.1744241240880008, 'total_energy': 1.0462197060114442}
2026-06-08T15:01:15+12:00 scalar diagnostics {'step': 358, 'time': 35.526581552395015, 'dt': 0.1789711460459553, 'total_energy': 1.0536791880239247}
2026-06-08T15:01:15+12:00 scalar diagnostics {'step': 360, 'time': 35.90922959753811, 'dt': 0.19634954084936207, 'total_energy': 1.0695846733185985}
2026-06-08T15:01:15+12:00 scalar diagnostics {'step': 361, 'time': 36.10557913838747, 'dt': 0.19634954084936207, 'total_energy': 1.0778546782181604}
2026-06-08T15:01:15+12:00 scalar diagnostics {'step': 362, 'time': 36.30192867923683, 'dt': 0.19634954084936207, 'total_energy': 1.0861011478553286}
2026-06-08T15:01:15+12:00 scalar diagnostics {'step': 364, 'time': 36.69275663522454, 'dt': 0.1944784151383522, 'total_energy': 1.1015623751559345}
2026-06-08T15:01:15+12:00 scalar diagnostics {'step': 365, 'time': 36.88612230863603, 'dt': 0.1933656734114939, 'total_energy': 1.10866226620638}
2026-06-08T15:01:15+12:00 scalar diagnostics {'step': 366, 'time': 37.080913352150525, 'dt': 0.19479104351449156, 'total_energy': 1.1155842607529156}
2026-06-08T15:01:15+12:00 scalar diagnostics {'step': 367, 'time': 37.277262892999886, 'dt': 0.19634954084936207, 'total_energy': 1.1225033196194776}
2026-06-08T15:01:15+12:00 scalar diagnostics {'step': 369, 'time': 37.66996197469861, 'dt': 0.19634954084936207, 'total_energy': 1.1373262138003077}
2026-06-08T15:01:15+12:00 scalar diagnostics {'step': 370, 'time': 37.86631151554797, 'dt': 0.19634954084936207, 'total_energy': 1.1455914907994726}
2026-06-08T15:01:15+12:00 scalar diagnostics {'step': 371, 'time': 38.06266105639733, 'dt': 0.19634954084936207, 'total_energy': 1.1540302746506599}
2026-06-08T15:01:15+12:00 scalar diagnostics {'step': 372, 'time': 38.25901059724669, 'dt': 0.19634954084936207, 'total_energy': 1.1620511542359244}
2026-06-08T15:01:15+12:00 scalar diagnostics {'step': 374, 'time': 38.651709678945416, 'dt': 0.19634954084936207, 'total_energy': 1.1757631380035192}
2026-06-08T15:01:15+12:00 scalar diagnostics {'step': 375, 'time': 38.84795896122763, 'dt': 0.19624928228221447, 'total_energy': 1.1818715859697797}
2026-06-08T15:01:15+12:00 scalar diagnostics {'step': 376, 'time': 39.044308502076994, 'dt': 0.19634954084936207, 'total_energy': 1.1879186034693183}
2026-06-08T15:01:15+12:00 scalar diagnostics {'step': 378, 'time': 39.43700758377572, 'dt': 0.19634954084936207, 'total_energy': 1.2004158717505087}
2026-06-08T15:01:15+12:00 scalar diagnostics {'step': 379, 'time': 39.63120684182252, 'dt': 0.19419925804680457, 'total_energy': 1.2067243319107464}
2026-06-08T15:01:15+12:00 scalar diagnostics {'step': 380, 'time': 39.82659073440656, 'dt': 0.19538389258404212, 'total_energy': 1.2129519730023646}
2026-06-08T15:01:15+12:00 scalar diagnostics {'step': 381, 'time': 40.02294027525592, 'dt': 0.19634954084936207, 'total_energy': 1.2187625180651867}
2026-06-08T15:01:15+12:00 scalar diagnostics {'step': 383, 'time': 40.41563935695464, 'dt': 0.19634954084936207, 'total_energy': 1.229475105925434}
2026-06-08T15:01:15+12:00 scalar diagnostics {'step': 384, 'time': 40.611988897804004, 'dt': 0.19634954084936207, 'total_energy': 1.2341085221296533}
2026-06-08T15:01:15+12:00 scalar diagnostics {'step': 385, 'time': 40.808338438653365, 'dt': 0.19634954084936207, 'total_energy': 1.2383612637509627}
2026-06-08T15:01:15+12:00 scalar diagnostics {'step': 386, 'time': 41.00468797950273, 'dt': 0.19634954084936207, 'total_energy': 1.242527206566234}
2026-06-08T15:01:15+12:00 scalar diagnostics {'step': 388, 'time': 41.39738706120145, 'dt': 0.19634954084936207, 'total_energy': 1.251320835607709}
2026-06-08T15:01:15+12:00 scalar diagnostics {'step': 389, 'time': 41.59373660205081, 'dt': 0.19634954084936207, 'total_energy': 1.2559517591968552}
2026-06-08T15:01:15+12:00 scalar diagnostics {'step': 390, 'time': 41.78691127949304, 'dt': 0.19317467744223193, 'total_energy': 1.260563812974536}
2026-06-08T15:01:15+12:00 scalar diagnostics {'step': 392, 'time': 42.17438829140511, 'dt': 0.19495545029413217, 'total_energy': 1.2685995650298176}
2026-06-08T15:01:15+12:00 scalar diagnostics {'step': 393, 'time': 42.37073783225447, 'dt': 0.19634954084936207, 'total_energy': 1.2720351089262056}
2026-06-08T15:01:15+12:00 scalar diagnostics {'step': 394, 'time': 42.56708737310383, 'dt': 0.19634954084936207, 'total_energy': 1.2751190718650616}
2026-06-08T15:01:15+12:00 scalar diagnostics {'step': 395, 'time': 42.76343691395319, 'dt': 0.19634954084936207, 'total_energy': 1.2781672128459924}
2026-06-08T15:01:15+12:00 scalar diagnostics {'step': 397, 'time': 43.156135995651915, 'dt': 0.19634954084936207, 'total_energy': 1.2848981701756919}
2026-06-08T15:01:15+12:00 scalar diagnostics {'step': 398, 'time': 43.35248553650128, 'dt': 0.19634954084936207, 'total_energy': 1.2885469180950655}
2026-06-08T15:01:15+12:00 scalar diagnostics {'step': 399, 'time': 43.54883507735064, 'dt': 0.19634954084936207, 'total_energy': 1.292311709608366}
2026-06-08T15:01:15+12:00 progress {'step': 400, 'time': 43.7451846182, 'dt': 0.19634954084936207}
2026-06-08T15:01:15+12:00 scalar diagnostics {'step': 401, 'time': 43.94153415904936, 'dt': 0.19634954084936207, 'total_energy': 1.3000288238780662}
2026-06-08T15:01:15+12:00 scalar diagnostics {'step': 402, 'time': 44.13788369989872, 'dt': 0.19634954084936207, 'total_energy': 1.304178378374023}
2026-06-08T15:01:15+12:00 scalar diagnostics {'step': 403, 'time': 44.334233240748084, 'dt': 0.19634954084936207, 'total_energy': 1.3087266388549887}
2026-06-08T15:01:15+12:00 scalar diagnostics {'step': 404, 'time': 44.530582781597445, 'dt': 0.19634954084936207, 'total_energy': 1.3136370962704031}
2026-06-08T15:01:15+12:00 scalar diagnostics {'step': 406, 'time': 44.92328186329617, 'dt': 0.19634954084936207, 'total_energy': 1.3240934788498664}
2026-06-08T15:01:15+12:00 scalar diagnostics {'step': 407, 'time': 45.11963140414553, 'dt': 0.19634954084936207, 'total_energy': 1.3295451240755003}
2026-06-08T15:01:15+12:00 scalar diagnostics {'step': 408, 'time': 45.31598094499489, 'dt': 0.19634954084936207, 'total_energy': 1.3351012930400188}
2026-06-08T15:01:15+12:00 scalar diagnostics {'step': 409, 'time': 45.51233048584425, 'dt': 0.19634954084936207, 'total_energy': 1.3406377785285915}
2026-06-08T15:01:15+12:00 scalar diagnostics {'step': 411, 'time': 45.905029567542975, 'dt': 0.19634954084936207, 'total_energy': 1.3509763796430228}
2026-06-08T15:01:15+12:00 scalar diagnostics {'step': 412, 'time': 46.10137910839234, 'dt': 0.19634954084936207, 'total_energy': 1.3556638571524298}
2026-06-08T15:01:15+12:00 scalar diagnostics {'step': 413, 'time': 46.2977286492417, 'dt': 0.19634954084936207, 'total_energy': 1.3600907974816616}
2026-06-08T15:01:15+12:00 scalar diagnostics {'step': 415, 'time': 46.69042773094042, 'dt': 0.19634954084936207, 'total_energy': 1.3687645152404575}
2026-06-08T15:01:15+12:00 scalar diagnostics {'step': 416, 'time': 46.88677727178978, 'dt': 0.19634954084936207, 'total_energy': 1.3733758649454655}
2026-06-08T15:01:15+12:00 scalar diagnostics {'step': 417, 'time': 47.083126812639144, 'dt': 0.19634954084936207, 'total_energy': 1.3782205256391107}
2026-06-08T15:01:15+12:00 scalar diagnostics {'step': 418, 'time': 47.279476353488505, 'dt': 0.19634954084936207, 'total_energy': 1.3832602250913248}
2026-06-08T15:01:15+12:00 scalar diagnostics {'step': 420, 'time': 47.67217543518723, 'dt': 0.19634954084936207, 'total_energy': 1.3943507403196045}
2026-06-08T15:01:15+12:00 scalar diagnostics {'step': 421, 'time': 47.86852497603659, 'dt': 0.19634954084936207, 'total_energy': 1.4005457201352516}
2026-06-08T15:01:15+12:00 scalar diagnostics {'step': 422, 'time': 48.06487451688595, 'dt': 0.19634954084936207, 'total_energy': 1.407183013114699}
2026-06-08T15:01:15+12:00 scalar diagnostics {'step': 423, 'time': 48.26122405773531, 'dt': 0.19634954084936207, 'total_energy': 1.4139676223907682}
2026-06-08T15:01:15+12:00 scalar diagnostics {'step': 425, 'time': 48.653923139434035, 'dt': 0.19634954084936207, 'total_energy': 1.426847184483868}
2026-06-08T15:01:15+12:00 scalar diagnostics {'step': 426, 'time': 48.850272680283396, 'dt': 0.19634954084936207, 'total_energy': 1.432667640860735}
2026-06-08T15:01:16+12:00 scalar diagnostics {'step': 427, 'time': 49.04662222113276, 'dt': 0.19634954084936207, 'total_energy': 1.438137695975319}
2026-06-08T15:01:16+12:00 scalar diagnostics {'step': 429, 'time': 49.43932130283148, 'dt': 0.19634954084936207, 'total_energy': 1.4488445230008589}
2026-06-08T15:01:16+12:00 scalar diagnostics {'step': 430, 'time': 49.63567084368084, 'dt': 0.19634954084936207, 'total_energy': 1.4544404845841954}
2026-06-08T15:01:16+12:00 scalar diagnostics {'step': 431, 'time': 49.8320203845302, 'dt': 0.19634954084936207, 'total_energy': 1.4602350907961834}
2026-06-08T15:01:16+12:00 scalar diagnostics {'step': 432, 'time': 50.028369925379565, 'dt': 0.19634954084936207, 'total_energy': 1.4663634357982591}
2026-06-08T15:01:16+12:00 scalar diagnostics {'step': 434, 'time': 50.42106900707829, 'dt': 0.19634954084936207, 'total_energy': 1.4798099117750354}
2026-06-08T15:01:16+12:00 scalar diagnostics {'step': 435, 'time': 50.61741854792765, 'dt': 0.19634954084936207, 'total_energy': 1.4871823162617768}
2026-06-08T15:01:16+12:00 scalar diagnostics {'step': 436, 'time': 50.81376808877701, 'dt': 0.19634954084936207, 'total_energy': 1.494936970524241}
2026-06-08T15:01:16+12:00 scalar diagnostics {'step': 437, 'time': 51.01011762962637, 'dt': 0.19634954084936207, 'total_energy': 1.5029349359048987}
2026-06-08T15:01:16+12:00 scalar diagnostics {'step': 439, 'time': 51.402816711325094, 'dt': 0.19634954084936207, 'total_energy': 1.5187919805846637}
2026-06-08T15:01:16+12:00 scalar diagnostics {'step': 440, 'time': 51.599166252174456, 'dt': 0.19634954084936207, 'total_energy': 1.5262270888042033}
2026-06-08T15:01:16+12:00 scalar diagnostics {'step': 441, 'time': 51.79551579302382, 'dt': 0.19634954084936207, 'total_energy': 1.5332282691027574}
2026-06-08T15:01:16+12:00 scalar diagnostics {'step': 443, 'time': 52.18821487472254, 'dt': 0.19634954084936207, 'total_energy': 1.5457526610808223}
2026-06-08T15:01:16+12:00 scalar diagnostics {'step': 444, 'time': 52.3845644155719, 'dt': 0.19634954084936207, 'total_energy': 1.5515351372580362}
2026-06-08T15:01:16+12:00 scalar diagnostics {'step': 445, 'time': 52.58091395642126, 'dt': 0.19634954084936207, 'total_energy': 1.5573591123754835}
2026-06-08T15:01:16+12:00 scalar diagnostics {'step': 446, 'time': 52.777263497270624, 'dt': 0.19634954084936207, 'total_energy': 1.563567163856104}
2026-06-08T15:01:16+12:00 scalar diagnostics {'step': 448, 'time': 53.16996257896935, 'dt': 0.19634954084936207, 'total_energy': 1.5780535894225878}
2026-06-08T15:01:16+12:00 scalar diagnostics {'step': 449, 'time': 53.36631211981871, 'dt': 0.19634954084936207, 'total_energy': 1.58632082646866}
2026-06-08T15:01:16+12:00 scalar diagnostics {'step': 450, 'time': 53.56266166066807, 'dt': 0.19634954084936207, 'total_energy': 1.5949437805732551}
2026-06-08T15:01:16+12:00 scalar diagnostics {'step': 451, 'time': 53.75901120151743, 'dt': 0.19634954084936207, 'total_energy': 1.6036279836748182}
2026-06-08T15:01:16+12:00 scalar diagnostics {'step': 453, 'time': 54.151710283216154, 'dt': 0.19634954084936207, 'total_energy': 1.620405002734432}
2026-06-08T15:01:16+12:00 scalar diagnostics {'step': 454, 'time': 54.348059824065515, 'dt': 0.19634954084936207, 'total_energy': 1.6285735989734202}
2026-06-08T15:01:16+12:00 scalar diagnostics {'step': 455, 'time': 54.54440936491488, 'dt': 0.19634954084936207, 'total_energy': 1.636683072604598}
2026-06-08T15:01:16+12:00 scalar diagnostics {'step': 457, 'time': 54.9371084466136, 'dt': 0.19634954084936207, 'total_energy': 1.6523890927782143}
2026-06-08T15:01:16+12:00 scalar diagnostics {'step': 458, 'time': 55.13345798746296, 'dt': 0.19634954084936207, 'total_energy': 1.6597638608258514}
2026-06-08T15:01:16+12:00 scalar diagnostics {'step': 459, 'time': 55.32980752831232, 'dt': 0.19634954084936207, 'total_energy': 1.6668137488484114}
2026-06-08T15:01:16+12:00 scalar diagnostics {'step': 460, 'time': 55.526157069161684, 'dt': 0.19634954084936207, 'total_energy': 1.6736733190160642}
2026-06-08T15:01:16+12:00 scalar diagnostics {'step': 462, 'time': 55.91885615086041, 'dt': 0.19634954084936207, 'total_energy': 1.6877377384830892}
2026-06-08T15:01:16+12:00 scalar diagnostics {'step': 463, 'time': 56.11520569170977, 'dt': 0.19634954084936207, 'total_energy': 1.6954857365378997}
2026-06-08T15:01:16+12:00 scalar diagnostics {'step': 464, 'time': 56.31155523255913, 'dt': 0.19634954084936207, 'total_energy': 1.703927960130832}
2026-06-08T15:01:16+12:00 scalar diagnostics {'step': 465, 'time': 56.50790477340849, 'dt': 0.19634954084936207, 'total_energy': 1.7130533024583945}
2026-06-08T15:01:16+12:00 scalar diagnostics {'step': 467, 'time': 56.900603855107214, 'dt': 0.19634954084936207, 'total_energy': 1.7327648169377454}
2026-06-08T15:01:16+12:00 scalar diagnostics {'step': 468, 'time': 57.096953395956575, 'dt': 0.19634954084936207, 'total_energy': 1.742885129817342}
2026-06-08T15:01:16+12:00 scalar diagnostics {'step': 469, 'time': 57.29330293680594, 'dt': 0.19634954084936207, 'total_energy': 1.7528023604919805}
2026-06-08T15:01:16+12:00 scalar diagnostics {'step': 471, 'time': 57.68600201850466, 'dt': 0.19634954084936207, 'total_energy': 1.7712135884818172}
2026-06-08T15:01:16+12:00 scalar diagnostics {'step': 472, 'time': 57.88235155935402, 'dt': 0.19634954084936207, 'total_energy': 1.779547407233398}
2026-06-08T15:01:16+12:00 scalar diagnostics {'step': 473, 'time': 58.07870110020338, 'dt': 0.19634954084936207, 'total_energy': 1.7874128117672508}
2026-06-08T15:01:16+12:00 scalar diagnostics {'step': 474, 'time': 58.275050641052744, 'dt': 0.19634954084936207, 'total_energy': 1.7950801858275465}
2026-06-08T15:01:16+12:00 scalar diagnostics {'step': 476, 'time': 58.667749722751466, 'dt': 0.19634954084936207, 'total_energy': 1.8110372533354255}
2026-06-08T15:01:16+12:00 scalar diagnostics {'step': 477, 'time': 58.86409926360083, 'dt': 0.19634954084936207, 'total_energy': 1.8197996459687833}
2026-06-08T15:01:16+12:00 scalar diagnostics {'step': 478, 'time': 59.06044880445019, 'dt': 0.19634954084936207, 'total_energy': 1.8292623323453485}
2026-06-08T15:01:16+12:00 scalar diagnostics {'step': 479, 'time': 59.25679834529955, 'dt': 0.19634954084936207, 'total_energy': 1.8394531607838118}
2026-06-08T15:01:16+12:00 scalar diagnostics {'step': 481, 'time': 59.64949742699827, 'dt': 0.19634954084936207, 'total_energy': 1.861718007417732}
2026-06-08T15:01:16+12:00 scalar diagnostics {'step': 482, 'time': 59.845846967847635, 'dt': 0.19634954084936207, 'total_energy': 1.8733018872727603}
2026-06-08T15:01:16+12:00 scalar diagnostics {'step': 483, 'time': 60.042196508696996, 'dt': 0.19634954084936207, 'total_energy': 1.8847657707310215}
2026-06-08T15:01:16+12:00 scalar diagnostics {'step': 485, 'time': 60.43489559039572, 'dt': 0.19634954084936207, 'total_energy': 1.9065744121109969}
2026-06-08T15:01:16+12:00 scalar diagnostics {'step': 486, 'time': 60.63124513124508, 'dt': 0.19634954084936207, 'total_energy': 1.916750643988105}
2026-06-08T15:01:16+12:00 scalar diagnostics {'step': 487, 'time': 60.82759467209444, 'dt': 0.19634954084936207, 'total_energy': 1.9264615271276928}
2026-06-08T15:01:16+12:00 scalar diagnostics {'step': 488, 'time': 61.0239442129438, 'dt': 0.19634954084936207, 'total_energy': 1.9358069425408133}
2026-06-08T15:01:16+12:00 scalar diagnostics {'step': 490, 'time': 61.416643294642526, 'dt': 0.19634954084936207, 'total_energy': 1.9540057204798285}
2026-06-08T15:01:16+12:00 scalar diagnostics {'step': 491, 'time': 61.61299283549189, 'dt': 0.19634954084936207, 'total_energy': 1.963350132426836}
2026-06-08T15:01:16+12:00 scalar diagnostics {'step': 492, 'time': 61.80934237634125, 'dt': 0.19634954084936207, 'total_energy': 1.9730779810521195}
2026-06-08T15:01:16+12:00 scalar diagnostics {'step': 493, 'time': 62.00569191719061, 'dt': 0.19634954084936207, 'total_energy': 1.9833924787201243}
2026-06-08T15:01:16+12:00 scalar diagnostics {'step': 495, 'time': 62.39839099888933, 'dt': 0.19634954084936207, 'total_energy': 2.006097815911325}
2026-06-08T15:01:16+12:00 scalar diagnostics {'step': 496, 'time': 62.594740539738694, 'dt': 0.19634954084936207, 'total_energy': 2.0182990691513516}
2026-06-08T15:01:16+12:00 scalar diagnostics {'step': 497, 'time': 62.791090080588056, 'dt': 0.19634954084936207, 'total_energy': 2.030747383109679}
2026-06-08T15:01:16+12:00 scalar diagnostics {'step': 499, 'time': 63.18378916228678, 'dt': 0.19634954084936207, 'total_energy': 2.0552255146751888}
2026-06-08T15:01:16+12:00 progress {'step': 500, 'time': 63.38013870313614, 'dt': 0.19634954084936207}
2026-06-08T15:01:16+12:00 scalar diagnostics {'step': 500, 'time': 63.38013870313614, 'dt': 0.19634954084936207, 'total_energy': 2.0667576885818146}
2026-06-08T15:01:16+12:00 scalar diagnostics {'step': 501, 'time': 63.5764882439855, 'dt': 0.19634954084936207, 'total_energy': 2.0776978996818247}
2026-06-08T15:01:16+12:00 scalar diagnostics {'step': 502, 'time': 63.77283778483486, 'dt': 0.19634954084936207, 'total_energy': 2.0878570818552946}
2026-06-08T15:01:16+12:00 scalar diagnostics {'step': 504, 'time': 64.16553686653359, 'dt': 0.19634954084936207, 'total_energy': 2.106321049140851}
2026-06-08T15:01:16+12:00 scalar diagnostics {'step': 505, 'time': 64.36188640738295, 'dt': 0.19634954084936207, 'total_energy': 2.1152309688545357}
2026-06-08T15:01:16+12:00 scalar diagnostics {'step': 506, 'time': 64.55823594823232, 'dt': 0.19634954084936207, 'total_energy': 2.124394091623108}
2026-06-08T15:01:16+12:00 scalar diagnostics {'step': 507, 'time': 64.75458548908169, 'dt': 0.19634954084936207, 'total_energy': 2.1340533491347107}
2026-06-08T15:01:16+12:00 scalar diagnostics {'step': 509, 'time': 65.14728457078043, 'dt': 0.19634954084936207, 'total_energy': 2.155163055361765}
2026-06-08T15:01:17+12:00 scalar diagnostics {'step': 510, 'time': 65.3436341116298, 'dt': 0.19634954084936207, 'total_energy': 2.166490518234097}
2026-06-08T15:01:17+12:00 scalar diagnostics {'step': 511, 'time': 65.53998365247917, 'dt': 0.19634954084936207, 'total_energy': 2.1780583845867323}
2026-06-08T15:01:17+12:00 scalar diagnostics {'step': 513, 'time': 65.9326827341779, 'dt': 0.19634954084936207, 'total_energy': 2.2014027900023327}
2026-06-08T15:01:17+12:00 scalar diagnostics {'step': 514, 'time': 66.12903227502727, 'dt': 0.19634954084936207, 'total_energy': 2.2128326994733842}
2026-06-08T15:01:17+12:00 scalar diagnostics {'step': 515, 'time': 66.32538181587664, 'dt': 0.19634954084936207, 'total_energy': 2.2238663407976405}
2026-06-08T15:01:17+12:00 scalar diagnostics {'step': 516, 'time': 66.52173135672601, 'dt': 0.19634954084936207, 'total_energy': 2.2343367476643126}
2026-06-08T15:01:17+12:00 scalar diagnostics {'step': 518, 'time': 66.91443043842474, 'dt': 0.19634954084936207, 'total_energy': 2.253334788413131}
2026-06-08T15:01:17+12:00 scalar diagnostics {'step': 519, 'time': 67.11077997927411, 'dt': 0.19634954084936207, 'total_energy': 2.2620627189157916}
2026-06-08T15:01:17+12:00 scalar diagnostics {'step': 520, 'time': 67.30712952012348, 'dt': 0.19634954084936207, 'total_energy': 2.2705944417113293}
2026-06-08T15:01:17+12:00 scalar diagnostics {'step': 521, 'time': 67.50347906097285, 'dt': 0.19634954084936207, 'total_energy': 2.279186455713948}
2026-06-08T15:01:17+12:00 scalar diagnostics {'step': 523, 'time': 67.89617814267159, 'dt': 0.19634954084936207, 'total_energy': 2.297718090938041}
2026-06-08T15:01:17+12:00 scalar diagnostics {'step': 524, 'time': 68.09252768352096, 'dt': 0.19634954084936207, 'total_energy': 2.307974966248028}
2026-06-08T15:01:17+12:00 scalar diagnostics {'step': 525, 'time': 68.28887722437032, 'dt': 0.19634954084936207, 'total_energy': 2.318899336642096}
2026-06-08T15:01:17+12:00 scalar diagnostics {'step': 527, 'time': 68.68157630606906, 'dt': 0.19634954084936207, 'total_energy': 2.3419615627813357}
2026-06-08T15:01:17+12:00 scalar diagnostics {'step': 528, 'time': 68.87792584691843, 'dt': 0.19634954084936207, 'total_energy': 2.3535158901496085}
2026-06-08T15:01:17+12:00 scalar diagnostics {'step': 529, 'time': 69.0742753877678, 'dt': 0.19634954084936207, 'total_energy': 2.364730714955911}
2026-06-08T15:01:17+12:00 scalar diagnostics {'step': 530, 'time': 69.27062492861717, 'dt': 0.19634954084936207, 'total_energy': 2.3754527546196145}
2026-06-08T15:01:17+12:00 scalar diagnostics {'step': 532, 'time': 69.6633240103159, 'dt': 0.19634954084936207, 'total_energy': 2.3954645815728814}
2026-06-08T15:01:17+12:00 scalar diagnostics {'step': 533, 'time': 69.85967355116527, 'dt': 0.19634954084936207, 'total_energy': 2.4046903018064274}
2026-06-08T15:01:17+12:00 scalar diagnostics {'step': 534, 'time': 70.05602309201464, 'dt': 0.19634954084936207, 'total_energy': 2.4135152969279288}
2026-06-08T15:01:17+12:00 scalar diagnostics {'step': 535, 'time': 70.25237263286401, 'dt': 0.19634954084936207, 'total_energy': 2.4220962837010536}
2026-06-08T15:01:17+12:00 scalar diagnostics {'step': 537, 'time': 70.64507171456275, 'dt': 0.19634954084936207, 'total_energy': 2.439398063146278}
2026-06-08T15:01:17+12:00 scalar diagnostics {'step': 538, 'time': 70.84142125541211, 'dt': 0.19634954084936207, 'total_energy': 2.448625851053945}
2026-06-08T15:01:17+12:00 scalar diagnostics {'step': 539, 'time': 71.03777079626148, 'dt': 0.19634954084936207, 'total_energy': 2.4585317495778174}
2026-06-08T15:01:17+12:00 scalar diagnostics {'step': 541, 'time': 71.43046987796022, 'dt': 0.19634954084936207, 'total_energy': 2.480571230453776}
2026-06-08T15:01:17+12:00 scalar diagnostics {'step': 542, 'time': 71.62681941880959, 'dt': 0.19634954084936207, 'total_energy': 2.492387096896539}
2026-06-08T15:01:17+12:00 scalar diagnostics {'step': 543, 'time': 71.82316895965896, 'dt': 0.19634954084936207, 'total_energy': 2.504362151991444}
2026-06-08T15:01:17+12:00 scalar diagnostics {'step': 544, 'time': 72.01951850050833, 'dt': 0.19634954084936207, 'total_energy': 2.5162395791870042}
2026-06-08T15:01:17+12:00 scalar diagnostics {'step': 546, 'time': 72.41221758220706, 'dt': 0.19634954084936207, 'total_energy': 2.5389638686729143}
2026-06-08T15:01:17+12:00 scalar diagnostics {'step': 547, 'time': 72.60856712305643, 'dt': 0.19634954084936207, 'total_energy': 2.549593097698746}
2026-06-08T15:01:17+12:00 scalar diagnostics {'step': 548, 'time': 72.8049166639058, 'dt': 0.19634954084936207, 'total_energy': 2.55970991950467}
2026-06-08T15:01:17+12:00 scalar diagnostics {'step': 549, 'time': 73.00126620475517, 'dt': 0.19634954084936207, 'total_energy': 2.569408380907706}
2026-06-08T15:01:17+12:00 scalar diagnostics {'step': 551, 'time': 73.3939652864539, 'dt': 0.19634954084936207, 'total_energy': 2.5884239598520526}
2026-06-08T15:01:17+12:00 scalar diagnostics {'step': 552, 'time': 73.59031482730327, 'dt': 0.19634954084936207, 'total_energy': 2.5981947685521516}
2026-06-08T15:01:17+12:00 scalar diagnostics {'step': 553, 'time': 73.78666436815264, 'dt': 0.19634954084936207, 'total_energy': 2.608361706952956}
2026-06-08T15:01:17+12:00 scalar diagnostics {'step': 555, 'time': 74.17936344985138, 'dt': 0.19634954084936207, 'total_energy': 2.6302367876189665}
2026-06-08T15:01:17+12:00 scalar diagnostics {'step': 556, 'time': 74.37571299070075, 'dt': 0.19634954084936207, 'total_energy': 2.6419175332834013}
2026-06-08T15:01:17+12:00 scalar diagnostics {'step': 557, 'time': 74.57206253155012, 'dt': 0.19634954084936207, 'total_energy': 2.6539388944154907}
2026-06-08T15:01:17+12:00 scalar diagnostics {'step': 558, 'time': 74.76841207239949, 'dt': 0.19634954084936207, 'total_energy': 2.6660912386940865}
2026-06-08T15:01:17+12:00 scalar diagnostics {'step': 560, 'time': 75.16111115409822, 'dt': 0.19634954084936207, 'total_energy': 2.689760750976518}
2026-06-08T15:01:17+12:00 scalar diagnostics {'step': 561, 'time': 75.35746069494759, 'dt': 0.19634954084936207, 'total_energy': 2.701038237123482}
2026-06-08T15:01:17+12:00 scalar diagnostics {'step': 562, 'time': 75.55381023579696, 'dt': 0.19634954084936207, 'total_energy': 2.7116063499080485}
2026-06-08T15:01:17+12:00 scalar diagnostics {'step': 563, 'time': 75.75015977664633, 'dt': 0.19634954084936207, 'total_energy': 2.7215212158986466}
2026-06-08T15:01:17+12:00 scalar diagnostics {'step': 565, 'time': 76.14285885834506, 'dt': 0.19634954084936207, 'total_energy': 2.740307461548482}
2026-06-08T15:01:17+12:00 scalar diagnostics {'step': 566, 'time': 76.33920839919443, 'dt': 0.19634954084936207, 'total_energy': 2.7497280386530405}
2026-06-08T15:01:17+12:00 scalar diagnostics {'step': 567, 'time': 76.5355579400438, 'dt': 0.19634954084936207, 'total_energy': 2.75941240696815}
2026-06-08T15:01:17+12:00 scalar diagnostics {'step': 569, 'time': 76.92825702174254, 'dt': 0.19634954084936207, 'total_energy': 2.7797166862668994}
2026-06-08T15:01:17+12:00 scalar diagnostics {'step': 570, 'time': 77.12460656259191, 'dt': 0.19634954084936207, 'total_energy': 2.790292482242919}
2026-06-08T15:01:17+12:00 scalar diagnostics {'step': 571, 'time': 77.32095610344128, 'dt': 0.19634954084936207, 'total_energy': 2.8012088697331565}
2026-06-08T15:01:17+12:00 scalar diagnostics {'step': 572, 'time': 77.51730564429064, 'dt': 0.19634954084936207, 'total_energy': 2.812329264861093}
2026-06-08T15:01:17+12:00 scalar diagnostics {'step': 574, 'time': 77.91000472598938, 'dt': 0.19634954084936207, 'total_energy': 2.8349477987953984}
2026-06-08T15:01:17+12:00 scalar diagnostics {'step': 575, 'time': 78.10635426683875, 'dt': 0.19634954084936207, 'total_energy': 2.8462198049000937}
2026-06-08T15:01:17+12:00 scalar diagnostics {'step': 576, 'time': 78.30270380768812, 'dt': 0.19634954084936207, 'total_energy': 2.8572362557589646}
2026-06-08T15:01:17+12:00 scalar diagnostics {'step': 578, 'time': 78.69540288938686, 'dt': 0.19634954084936207, 'total_energy': 2.877772470198665}
2026-06-08T15:01:17+12:00 scalar diagnostics {'step': 579, 'time': 78.89175243023622, 'dt': 0.19634954084936207, 'total_energy': 2.887094566520427}
2026-06-08T15:01:17+12:00 scalar diagnostics {'step': 580, 'time': 79.08810197108559, 'dt': 0.19634954084936207, 'total_energy': 2.895847111716443}
2026-06-08T15:01:17+12:00 scalar diagnostics {'step': 581, 'time': 79.28445151193496, 'dt': 0.19634954084936207, 'total_energy': 2.9042323745303373}
2026-06-08T15:01:17+12:00 scalar diagnostics {'step': 583, 'time': 79.6771505936337, 'dt': 0.19634954084936207, 'total_energy': 2.9210360092856407}
2026-06-08T15:01:17+12:00 scalar diagnostics {'step': 584, 'time': 79.87350013448307, 'dt': 0.19634954084936207, 'total_energy': 2.930002732246655}
2026-06-08T15:01:17+12:00 scalar diagnostics {'step': 585, 'time': 80.06984967533243, 'dt': 0.19634954084936207, 'total_energy': 2.9395542078113865}
2026-06-08T15:01:17+12:00 scalar diagnostics {'step': 586, 'time': 80.2661992161818, 'dt': 0.19634954084936207, 'total_energy': 2.949659453077036}
2026-06-08T15:01:17+12:00 scalar diagnostics {'step': 588, 'time': 80.65889829788054, 'dt': 0.19634954084936207, 'total_energy': 2.970776576941809}
2026-06-08T15:01:17+12:00 scalar diagnostics {'step': 589, 'time': 80.85524783872991, 'dt': 0.19634954084936207, 'total_energy': 2.9813155079132803}
2026-06-08T15:01:17+12:00 scalar diagnostics {'step': 590, 'time': 81.05159737957928, 'dt': 0.19634954084936207, 'total_energy': 2.9916055762949014}
2026-06-08T15:01:17+12:00 scalar diagnostics {'step': 592, 'time': 81.44429646127801, 'dt': 0.19634954084936207, 'total_energy': 3.0111304711776183}
2026-06-08T15:01:18+12:00 scalar diagnostics {'step': 593, 'time': 81.64064600212738, 'dt': 0.19634954084936207, 'total_energy': 3.0204087038940695}
2026-06-08T15:01:18+12:00 scalar diagnostics {'step': 594, 'time': 81.83699554297675, 'dt': 0.19634954084936207, 'total_energy': 3.0294159673915475}
2026-06-08T15:01:18+12:00 scalar diagnostics {'step': 595, 'time': 82.03334508382612, 'dt': 0.19634954084936207, 'total_energy': 3.0382110708497545}
2026-06-08T15:01:18+12:00 scalar diagnostics {'step': 597, 'time': 82.42604416552486, 'dt': 0.19634954084936207, 'total_energy': 3.0554338014388507}
2026-06-08T15:01:18+12:00 scalar diagnostics {'step': 598, 'time': 82.62239370637423, 'dt': 0.19634954084936207, 'total_energy': 3.0640011133912775}
2026-06-08T15:01:18+12:00 scalar diagnostics {'step': 599, 'time': 82.8187432472236, 'dt': 0.19634954084936207, 'total_energy': 3.072634190417981}
2026-06-08T15:01:18+12:00 progress {'step': 600, 'time': 83.01509278807296, 'dt': 0.19634954084936207}
2026-06-08T15:01:18+12:00 scalar diagnostics {'step': 600, 'time': 83.01509278807296, 'dt': 0.19634954084936207, 'total_energy': 3.0814031209404846}
2026-06-08T15:01:18+12:00 scalar diagnostics {'step': 602, 'time': 83.4077918697717, 'dt': 0.19634954084936207, 'total_energy': 3.099582938213488}
2026-06-08T15:01:18+12:00 scalar diagnostics {'step': 603, 'time': 83.60414141062107, 'dt': 0.19634954084936207, 'total_energy': 3.1090723045251654}
2026-06-08T15:01:18+12:00 scalar diagnostics {'step': 604, 'time': 83.80049095147044, 'dt': 0.19634954084936207, 'total_energy': 3.1188143759778018}
2026-06-08T15:01:18+12:00 scalar diagnostics {'step': 606, 'time': 84.19319003316917, 'dt': 0.19634954084936207, 'total_energy': 3.138669107548028}
2026-06-08T15:01:18+12:00 scalar diagnostics {'step': 607, 'time': 84.38953957401854, 'dt': 0.19634954084936207, 'total_energy': 3.1484879858158656}
2026-06-08T15:01:18+12:00 scalar diagnostics {'step': 608, 'time': 84.58588911486791, 'dt': 0.19634954084936207, 'total_energy': 3.158052919626706}
2026-06-08T15:01:18+12:00 scalar diagnostics {'step': 609, 'time': 84.78223865571728, 'dt': 0.19634954084936207, 'total_energy': 3.1672955277413335}
2026-06-08T15:01:18+12:00 scalar diagnostics {'step': 611, 'time': 85.17493773741602, 'dt': 0.19634954084936207, 'total_energy': 3.1851437081663585}
2026-06-08T15:01:18+12:00 scalar diagnostics {'step': 612, 'time': 85.37128727826538, 'dt': 0.19634954084936207, 'total_energy': 3.1938989139883307}
2026-06-08T15:01:18+12:00 scalar diagnostics {'step': 613, 'time': 85.56763681911475, 'dt': 0.19634954084936207, 'total_energy': 3.2025956368600434}
2026-06-08T15:01:18+12:00 scalar diagnostics {'step': 614, 'time': 85.76398635996412, 'dt': 0.19634954084936207, 'total_energy': 3.2113442506902232}
2026-06-08T15:01:18+12:00 scalar diagnostics {'step': 616, 'time': 86.15668544166286, 'dt': 0.19634954084936207, 'total_energy': 3.229381206109097}
2026-06-08T15:01:18+12:00 scalar diagnostics {'step': 617, 'time': 86.35303498251223, 'dt': 0.19634954084936207, 'total_energy': 3.2387895015069637}
2026-06-08T15:01:18+12:00 scalar diagnostics {'step': 618, 'time': 86.5493845233616, 'dt': 0.19634954084936207, 'total_energy': 3.248455140615529}
2026-06-08T15:01:18+12:00 scalar diagnostics {'step': 620, 'time': 86.94208360506033, 'dt': 0.19634954084936207, 'total_energy': 3.268231734400183}
2026-06-08T15:01:18+12:00 scalar diagnostics {'step': 621, 'time': 87.1384331459097, 'dt': 0.19634954084936207, 'total_energy': 3.278228183726288}
2026-06-08T15:01:18+12:00 scalar diagnostics {'step': 622, 'time': 87.33478268675907, 'dt': 0.19634954084936207, 'total_energy': 3.2880639409810866}
2026-06-08T15:01:18+12:00 scalar diagnostics {'step': 623, 'time': 87.53113222760844, 'dt': 0.19634954084936207, 'total_energy': 3.2976659618858375}
2026-06-08T15:01:18+12:00 scalar diagnostics {'step': 625, 'time': 87.92383130930718, 'dt': 0.19634954084936207, 'total_energy': 3.316044709442095}
2026-06-08T15:01:18+12:00 scalar diagnostics {'step': 626, 'time': 88.12018085015654, 'dt': 0.19634954084936207, 'total_energy': 3.3247994194978236}
2026-06-08T15:01:18+12:00 scalar diagnostics {'step': 627, 'time': 88.31653039100591, 'dt': 0.19634954084936207, 'total_energy': 3.333252523399205}
2026-06-08T15:01:18+12:00 scalar diagnostics {'step': 628, 'time': 88.51287993185528, 'dt': 0.19634954084936207, 'total_energy': 3.3414028680596473}
2026-06-08T15:01:18+12:00 scalar diagnostics {'step': 630, 'time': 88.90557901355402, 'dt': 0.19634954084936207, 'total_energy': 3.3569238835562647}
2026-06-08T15:01:18+12:00 scalar diagnostics {'step': 631, 'time': 89.10192855440339, 'dt': 0.19634954084936207, 'total_energy': 3.364516674554835}
2026-06-08T15:01:18+12:00 scalar diagnostics {'step': 632, 'time': 89.29827809525275, 'dt': 0.19634954084936207, 'total_energy': 3.3721453237720476}
2026-06-08T15:01:18+12:00 scalar diagnostics {'step': 634, 'time': 89.69097717695149, 'dt': 0.19634954084936207, 'total_energy': 3.38820317078598}
2026-06-08T15:01:18+12:00 scalar diagnostics {'step': 635, 'time': 89.88732671780086, 'dt': 0.19634954084936207, 'total_energy': 3.396891485137171}
2026-06-08T15:01:18+12:00 scalar diagnostics {'step': 636, 'time': 90.08367625865023, 'dt': 0.19634954084936207, 'total_energy': 3.4060427590001674}
2026-06-08T15:01:18+12:00 scalar diagnostics {'step': 637, 'time': 90.2800257994996, 'dt': 0.19634954084936207, 'total_energy': 3.415534314658932}
2026-06-08T15:01:18+12:00 scalar diagnostics {'step': 639, 'time': 90.67272488119833, 'dt': 0.19634954084936207, 'total_energy': 3.4346760994579757}
2026-06-08T15:01:18+12:00 scalar diagnostics {'step': 640, 'time': 90.8690744220477, 'dt': 0.19634954084936207, 'total_energy': 3.4438760023974337}
2026-06-08T15:01:18+12:00 scalar diagnostics {'step': 641, 'time': 91.06542396289707, 'dt': 0.19634954084936207, 'total_energy': 3.452823249964463}
2026-06-08T15:01:18+12:00 scalar diagnostics {'step': 642, 'time': 91.26177350374644, 'dt': 0.19634954084936207, 'total_energy': 3.4612530498163028}
2026-06-08T15:01:18+12:00 scalar diagnostics {'step': 644, 'time': 91.65447258544518, 'dt': 0.19634954084936207, 'total_energy': 3.4767637870534185}
2026-06-08T15:01:18+12:00 scalar diagnostics {'step': 645, 'time': 91.85082212629455, 'dt': 0.19634954084936207, 'total_energy': 3.484093477834681}
2026-06-08T15:01:18+12:00 scalar diagnostics {'step': 646, 'time': 92.04717166714391, 'dt': 0.19634954084936207, 'total_energy': 3.4913611680327366}
2026-06-08T15:01:18+12:00 scalar diagnostics {'step': 648, 'time': 92.43987074884265, 'dt': 0.19634954084936207, 'total_energy': 3.5063882492467817}
2026-06-08T15:01:18+12:00 scalar diagnostics {'step': 649, 'time': 92.63622028969202, 'dt': 0.19634954084936207, 'total_energy': 3.5143985533575552}
2026-06-08T15:01:18+12:00 scalar diagnostics {'step': 650, 'time': 92.83256983054139, 'dt': 0.19634954084936207, 'total_energy': 3.5227989838443508}
2026-06-08T15:01:18+12:00 scalar diagnostics {'step': 651, 'time': 93.02891937139076, 'dt': 0.19634954084936207, 'total_energy': 3.53154256251839}
2026-06-08T15:01:18+12:00 scalar diagnostics {'step': 653, 'time': 93.4216184530895, 'dt': 0.19634954084936207, 'total_energy': 3.549592909065922}
2026-06-08T15:01:18+12:00 scalar diagnostics {'step': 654, 'time': 93.61796799393886, 'dt': 0.19634954084936207, 'total_energy': 3.558620513226101}
2026-06-08T15:01:18+12:00 scalar diagnostics {'step': 655, 'time': 93.81431753478823, 'dt': 0.19634954084936207, 'total_energy': 3.5674676634393085}
2026-06-08T15:01:18+12:00 scalar diagnostics {'step': 656, 'time': 94.0106670756376, 'dt': 0.19634954084936207, 'total_energy': 3.5760203670696042}
2026-06-08T15:01:18+12:00 scalar diagnostics {'step': 658, 'time': 94.40336615733634, 'dt': 0.19634954084936207, 'total_energy': 3.591995159331092}
2026-06-08T15:01:18+12:00 scalar diagnostics {'step': 659, 'time': 94.5997156981857, 'dt': 0.19634954084936207, 'total_energy': 3.59944952570953}
2026-06-08T15:01:18+12:00 scalar diagnostics {'step': 660, 'time': 94.79606523903507, 'dt': 0.19634954084936207, 'total_energy': 3.6066826468723385}
2026-06-08T15:01:18+12:00 scalar diagnostics {'step': 662, 'time': 95.18876432073381, 'dt': 0.19634954084936207, 'total_energy': 3.621336851918114}
2026-06-08T15:01:18+12:00 scalar diagnostics {'step': 663, 'time': 95.38511386158318, 'dt': 0.19634954084936207, 'total_energy': 3.6290319167274054}
2026-06-08T15:01:18+12:00 scalar diagnostics {'step': 664, 'time': 95.58146340243255, 'dt': 0.19634954084936207, 'total_energy': 3.6371644661695233}
2026-06-08T15:01:18+12:00 scalar diagnostics {'step': 665, 'time': 95.77781294328192, 'dt': 0.19634954084936207, 'total_energy': 3.645795155397644}
2026-06-08T15:01:18+12:00 scalar diagnostics {'step': 667, 'time': 96.17051202498065, 'dt': 0.19634954084936207, 'total_energy': 3.664352115478681}
2026-06-08T15:01:18+12:00 scalar diagnostics {'step': 668, 'time': 96.36686156583002, 'dt': 0.19634954084936207, 'total_energy': 3.6739852307780505}
2026-06-08T15:01:18+12:00 scalar diagnostics {'step': 669, 'time': 96.56321110667939, 'dt': 0.19634954084936207, 'total_energy': 3.6835838623859747}
2026-06-08T15:01:19+12:00 scalar diagnostics {'step': 670, 'time': 96.75956064752876, 'dt': 0.19634954084936207, 'total_energy': 3.6929438573053877}
2026-06-08T15:01:19+12:00 scalar diagnostics {'step': 672, 'time': 97.1522597292275, 'dt': 0.19634954084936207, 'total_energy': 3.710764865627236}
2026-06-08T15:01:19+12:00 scalar diagnostics {'step': 673, 'time': 97.34860927007686, 'dt': 0.19634954084936207, 'total_energy': 3.7189759075292144}
2026-06-08T15:01:19+12:00 scalar diagnostics {'step': 674, 'time': 97.54495881092623, 'dt': 0.19634954084936207, 'total_energy': 3.7268223575577935}
2026-06-08T15:01:19+12:00 scalar diagnostics {'step': 676, 'time': 97.93765789262497, 'dt': 0.19634954084936207, 'total_energy': 3.7419953170108}
2026-06-08T15:01:19+12:00 scalar diagnostics {'step': 677, 'time': 98.13400743347434, 'dt': 0.19634954084936207, 'total_energy': 3.749604864716397}
2026-06-08T15:01:19+12:00 scalar diagnostics {'step': 678, 'time': 98.3303569743237, 'dt': 0.19634954084936207, 'total_energy': 3.757380893979164}
2026-06-08T15:01:19+12:00 scalar diagnostics {'step': 679, 'time': 98.52670651517307, 'dt': 0.19634954084936207, 'total_energy': 3.765402096628848}
2026-06-08T15:01:19+12:00 scalar diagnostics {'step': 681, 'time': 98.91940559687181, 'dt': 0.19634954084936207, 'total_energy': 3.7823302899987503}
2026-06-08T15:01:19+12:00 scalar diagnostics {'step': 682, 'time': 99.11575513772118, 'dt': 0.19634954084936207, 'total_energy': 3.7912132201633066}
2026-06-08T15:01:19+12:00 scalar diagnostics {'step': 683, 'time': 99.31210467857055, 'dt': 0.19634954084936207, 'total_energy': 3.8002896141802562}
2026-06-08T15:01:19+12:00 scalar diagnostics {'step': 684, 'time': 99.50845421941992, 'dt': 0.19634954084936207, 'total_energy': 3.8094520183474554}
2026-06-08T15:01:19+12:00 scalar diagnostics {'step': 686, 'time': 99.90115330111865, 'dt': 0.19634954084936207, 'total_energy': 3.8275265503130664}
2026-06-08T15:01:19+12:00 scalar diagnostics {'step': 687, 'time': 100.09750284196802, 'dt': 0.19634954084936207, 'total_energy': 3.8361954688704647}
2026-06-08T15:01:19+12:00 scalar diagnostics {'step': 688, 'time': 100.29385238281739, 'dt': 0.19634954084936207, 'total_energy': 3.844503246915796}
2026-06-08T15:01:19+12:00 scalar diagnostics {'step': 690, 'time': 100.68655146451613, 'dt': 0.19634954084936207, 'total_energy': 3.860006772816235}
2026-06-08T15:01:19+12:00 scalar diagnostics {'step': 691, 'time': 100.8829010053655, 'dt': 0.19634954084936207, 'total_energy': 3.8674947688283488}
2026-06-08T15:01:19+12:00 scalar diagnostics {'step': 692, 'time': 101.07925054621487, 'dt': 0.19634954084936207, 'total_energy': 3.874888028216561}
2026-06-08T15:01:19+12:00 scalar diagnostics {'step': 693, 'time': 101.27560008706423, 'dt': 0.19634954084936207, 'total_energy': 3.882347175007219}
2026-06-08T15:01:19+12:00 scalar diagnostics {'step': 695, 'time': 101.66829916876297, 'dt': 0.19634954084936207, 'total_energy': 3.8979178108256685}
2026-06-08T15:01:19+12:00 scalar diagnostics {'step': 696, 'time': 101.86464870961234, 'dt': 0.19634954084936207, 'total_energy': 3.906082340633637}
2026-06-08T15:01:19+12:00 scalar diagnostics {'step': 697, 'time': 102.06099825046171, 'dt': 0.19634954084936207, 'total_energy': 3.9144189609596163}
2026-06-08T15:01:19+12:00 scalar diagnostics {'step': 698, 'time': 102.25734779131108, 'dt': 0.19634954084936207, 'total_energy': 3.9228168997008694}
2026-06-08T15:01:19+12:00 progress {'step': 700, 'time': 102.65004687300981, 'dt': 0.19634954084936207}
2026-06-08T15:01:19+12:00 scalar diagnostics {'step': 700, 'time': 102.65004687300981, 'dt': 0.19634954084936207, 'total_energy': 3.939384237853726}
2026-06-08T15:01:19+12:00 scalar diagnostics {'step': 701, 'time': 102.84639641385918, 'dt': 0.19634954084936207, 'total_energy': 3.947383150502859}
2026-06-08T15:01:19+12:00 scalar diagnostics {'step': 702, 'time': 103.04274595470855, 'dt': 0.19634954084936207, 'total_energy': 3.955196625788575}
2026-06-08T15:01:19+12:00 scalar diagnostics {'step': 704, 'time': 103.43544503640729, 'dt': 0.19634954084936207, 'total_energy': 3.9702813417196507}
2026-06-08T15:01:19+12:00 scalar diagnostics {'step': 705, 'time': 103.63179457725666, 'dt': 0.19634954084936207, 'total_energy': 3.977554127145883}
2026-06-08T15:01:19+12:00 scalar diagnostics {'step': 706, 'time': 103.82814411810602, 'dt': 0.19634954084936207, 'total_energy': 3.9846493448695157}
2026-06-08T15:01:19+12:00 scalar diagnostics {'step': 707, 'time': 104.0244936589554, 'dt': 0.19634954084936207, 'total_energy': 3.9915922221420823}
2026-06-08T15:01:19+12:00 scalar diagnostics {'step': 709, 'time': 104.41719274065413, 'dt': 0.19634954084936207, 'total_energy': 4.005308253810134}
2026-06-08T15:01:19+12:00 scalar diagnostics {'step': 710, 'time': 104.6135422815035, 'dt': 0.19634954084936207, 'total_energy': 4.0123039049566245}
2026-06-08T15:01:19+12:00 scalar diagnostics {'step': 711, 'time': 104.80989182235287, 'dt': 0.19634954084936207, 'total_energy': 4.0194213608094795}
2026-06-08T15:01:19+12:00 scalar diagnostics {'step': 712, 'time': 105.00624136320224, 'dt': 0.19634954084936207, 'total_energy': 4.026865995094367}
2026-06-08T15:01:19+12:00 scalar diagnostics {'step': 714, 'time': 105.39894044490097, 'dt': 0.19634954084936207, 'total_energy': 4.0427092944908365}
2026-06-08T15:01:19+12:00 scalar diagnostics {'step': 715, 'time': 105.59528998575034, 'dt': 0.19634954084936207, 'total_energy': 4.050933543237342}
2026-06-08T15:01:19+12:00 scalar diagnostics {'step': 716, 'time': 105.79163952659971, 'dt': 0.19634954084936207, 'total_energy': 4.0591858155602445}
2026-06-08T15:01:19+12:00 scalar diagnostics {'step': 718, 'time': 106.18433860829845, 'dt': 0.19634954084936207, 'total_energy': 4.075331947342718}
2026-06-08T15:01:19+12:00 scalar diagnostics {'step': 719, 'time': 106.38068814914782, 'dt': 0.19634954084936207, 'total_energy': 4.083106337826884}
2026-06-08T15:01:19+12:00 scalar diagnostics {'step': 720, 'time': 106.57703768999718, 'dt': 0.19634954084936207, 'total_energy': 4.090668358580844}
2026-06-08T15:01:19+12:00 scalar diagnostics {'step': 721, 'time': 106.77338723084655, 'dt': 0.19634954084936207, 'total_energy': 4.0982733578597115}
2026-06-08T15:01:19+12:00 scalar diagnostics {'step': 723, 'time': 107.16608631254529, 'dt': 0.19634954084936207, 'total_energy': 4.113143135566734}
2026-06-08T15:01:19+12:00 scalar diagnostics {'step': 724, 'time': 107.36243585339466, 'dt': 0.19634954084936207, 'total_energy': 4.120569172079161}
2026-06-08T15:01:19+12:00 scalar diagnostics {'step': 725, 'time': 107.55878539424403, 'dt': 0.19634954084936207, 'total_energy': 4.1281062606619985}
2026-06-08T15:01:19+12:00 scalar diagnostics {'step': 726, 'time': 107.7551349350934, 'dt': 0.19634954084936207, 'total_energy': 4.135830773672133}
2026-06-08T15:01:19+12:00 scalar diagnostics {'step': 728, 'time': 108.14783401679213, 'dt': 0.19634954084936207, 'total_energy': 4.1520221932349815}
2026-06-08T15:01:19+12:00 scalar diagnostics {'step': 729, 'time': 108.3441835576415, 'dt': 0.19634954084936207, 'total_energy': 4.160496044174564}
2026-06-08T15:01:19+12:00 scalar diagnostics {'step': 730, 'time': 108.54053309849087, 'dt': 0.19634954084936207, 'total_energy': 4.169171454879405}
2026-06-08T15:01:19+12:00 scalar diagnostics {'step': 732, 'time': 108.9332321801896, 'dt': 0.19634954084936207, 'total_energy': 4.187055596639907}
2026-06-08T15:01:19+12:00 scalar diagnostics {'step': 733, 'time': 109.12958172103897, 'dt': 0.19634954084936207, 'total_energy': 4.196006583619952}
2026-06-08T15:01:19+12:00 scalar diagnostics {'step': 734, 'time': 109.32593126188834, 'dt': 0.19634954084936207, 'total_energy': 4.204876319382579}
2026-06-08T15:01:19+12:00 scalar diagnostics {'step': 735, 'time': 109.52228080273771, 'dt': 0.19634954084936207, 'total_energy': 4.21361798787474}
2026-06-08T15:01:19+12:00 scalar diagnostics {'step': 737, 'time': 109.91497988443645, 'dt': 0.19634954084936207, 'total_energy': 4.230650867219502}
2026-06-08T15:01:19+12:00 scalar diagnostics {'step': 738, 'time': 110.11132942528582, 'dt': 0.19634954084936207, 'total_energy': 4.238978007375555}
2026-06-08T15:01:19+12:00 scalar diagnostics {'step': 739, 'time': 110.30767896613519, 'dt': 0.19634954084936207, 'total_energy': 4.247239763670706}
2026-06-08T15:01:19+12:00 scalar diagnostics {'step': 740, 'time': 110.50402850698455, 'dt': 0.19634954084936207, 'total_energy': 4.255497160315169}
2026-06-08T15:01:19+12:00 scalar diagnostics {'step': 742, 'time': 110.89672758868329, 'dt': 0.19634954084936207, 'total_energy': 4.27271991883743}
2026-06-08T15:01:19+12:00 scalar diagnostics {'step': 743, 'time': 111.09307712953266, 'dt': 0.19634954084936207, 'total_energy': 4.2815879132828965}
2026-06-08T15:01:19+12:00 scalar diagnostics {'step': 744, 'time': 111.28942667038203, 'dt': 0.19634954084936207, 'total_energy': 4.290692389581763}
2026-06-08T15:01:19+12:00 scalar diagnostics {'step': 746, 'time': 111.68212575208076, 'dt': 0.19634954084936207, 'total_energy': 4.309561273620953}
2026-06-08T15:01:19+12:00 scalar diagnostics {'step': 747, 'time': 111.87847529293013, 'dt': 0.19634954084936207, 'total_energy': 4.319172040832171}
2026-06-08T15:01:19+12:00 scalar diagnostics {'step': 748, 'time': 112.0748248337795, 'dt': 0.19634954084936207, 'total_energy': 4.32873859425866}
2026-06-08T15:01:19+12:00 scalar diagnostics {'step': 749, 'time': 112.27117437462887, 'dt': 0.19634954084936207, 'total_energy': 4.338136141964798}
2026-06-08T15:01:19+12:00 scalar diagnostics {'step': 751, 'time': 112.66387345632761, 'dt': 0.19634954084936207, 'total_energy': 4.356512156897297}
2026-06-08T15:01:20+12:00 scalar diagnostics {'step': 752, 'time': 112.86022299717698, 'dt': 0.19634954084936207, 'total_energy': 4.365466542018046}
2026-06-08T15:01:20+12:00 scalar diagnostics {'step': 753, 'time': 113.05657253802634, 'dt': 0.19634954084936207, 'total_energy': 4.374212503669234}
2026-06-08T15:01:20+12:00 scalar diagnostics {'step': 754, 'time': 113.25292207887571, 'dt': 0.19634954084936207, 'total_energy': 4.382850505080511}
2026-06-08T15:01:20+12:00 scalar diagnostics {'step': 756, 'time': 113.64562116057445, 'dt': 0.19634954084936207, 'total_energy': 4.40016738769133}
2026-06-08T15:01:20+12:00 scalar diagnostics {'step': 757, 'time': 113.84197070142382, 'dt': 0.19634954084936207, 'total_energy': 4.408961300656687}
2026-06-08T15:01:20+12:00 scalar diagnostics {'step': 758, 'time': 114.03832024227319, 'dt': 0.19634954084936207, 'total_energy': 4.417872438434055}
2026-06-08T15:01:20+12:00 scalar diagnostics {'step': 760, 'time': 114.43101932397192, 'dt': 0.19634954084936207, 'total_energy': 4.436017283816676}
2026-06-08T15:01:20+12:00 scalar diagnostics {'step': 761, 'time': 114.62736886482129, 'dt': 0.19634954084936207, 'total_energy': 4.445433984800413}
2026-06-08T15:01:20+12:00 scalar diagnostics {'step': 762, 'time': 114.82371840567066, 'dt': 0.19634954084936207, 'total_energy': 4.454936192077787}
2026-06-08T15:01:20+12:00 scalar diagnostics {'step': 763, 'time': 115.02006794652003, 'dt': 0.19634954084936207, 'total_energy': 4.464524594751756}
2026-06-08T15:01:20+12:00 scalar diagnostics {'step': 765, 'time': 115.41276702821877, 'dt': 0.19634954084936207, 'total_energy': 4.483864934743679}
2026-06-08T15:01:20+12:00 scalar diagnostics {'step': 766, 'time': 115.60911656906814, 'dt': 0.19634954084936207, 'total_energy': 4.493491090128533}
2026-06-08T15:01:20+12:00 scalar diagnostics {'step': 767, 'time': 115.8054661099175, 'dt': 0.19634954084936207, 'total_energy': 4.502968609799302}
2026-06-08T15:01:20+12:00 scalar diagnostics {'step': 768, 'time': 116.00181565076687, 'dt': 0.19634954084936207, 'total_energy': 4.512219959593788}
2026-06-08T15:01:20+12:00 scalar diagnostics {'step': 770, 'time': 116.39451473246561, 'dt': 0.19634954084936207, 'total_energy': 4.529969667276402}
2026-06-08T15:01:20+12:00 scalar diagnostics {'step': 771, 'time': 116.59086427331498, 'dt': 0.19634954084936207, 'total_energy': 4.5388381563093825}
2026-06-08T15:01:20+12:00 scalar diagnostics {'step': 772, 'time': 116.78721381416435, 'dt': 0.19634954084936207, 'total_energy': 4.547662025337143}
2026-06-08T15:01:20+12:00 scalar diagnostics {'step': 774, 'time': 117.17991289586308, 'dt': 0.19634954084936207, 'total_energy': 4.565634265099855}
2026-06-08T15:01:20+12:00 scalar diagnostics {'step': 775, 'time': 117.37626243671245, 'dt': 0.19634954084936207, 'total_energy': 4.574935544097758}
2026-06-08T15:01:20+12:00 scalar diagnostics {'step': 776, 'time': 117.57261197756182, 'dt': 0.19634954084936207, 'total_energy': 4.584476852914683}
2026-06-08T15:01:20+12:00 scalar diagnostics {'step': 777, 'time': 117.76896151841119, 'dt': 0.19634954084936207, 'total_energy': 4.594231058736354}
2026-06-08T15:01:20+12:00 scalar diagnostics {'step': 779, 'time': 118.16166060010993, 'dt': 0.19634954084936207, 'total_energy': 4.614146306755971}
2026-06-08T15:01:20+12:00 scalar diagnostics {'step': 780, 'time': 118.3580101409593, 'dt': 0.19634954084936207, 'total_energy': 4.624166525861568}
2026-06-08T15:01:20+12:00 scalar diagnostics {'step': 781, 'time': 118.55435968180866, 'dt': 0.19634954084936207, 'total_energy': 4.63450781119205}
2026-06-08T15:01:20+12:00 scalar diagnostics {'step': 782, 'time': 118.75070922265803, 'dt': 0.19634954084936207, 'total_energy': 4.644744213204567}
2026-06-08T15:01:20+12:00 scalar diagnostics {'step': 784, 'time': 119.14340830435677, 'dt': 0.19634954084936207, 'total_energy': 4.664805587476335}
2026-06-08T15:01:20+12:00 scalar diagnostics {'step': 785, 'time': 119.33975784520614, 'dt': 0.19634954084936207, 'total_energy': 4.6746239399955645}
2026-06-08T15:01:20+12:00 scalar diagnostics {'step': 786, 'time': 119.5361073860555, 'dt': 0.19634954084936207, 'total_energy': 4.68432540825174}
2026-06-08T15:01:20+12:00 scalar diagnostics {'step': 788, 'time': 119.92880646775424, 'dt': 0.19634954084936207, 'total_energy': 4.703568052538106}
2026-06-08T15:01:20+12:00 scalar diagnostics {'step': 789, 'time': 120.12515600860361, 'dt': 0.19634954084936207, 'total_energy': 4.7132435886716415}
2026-06-08T15:01:20+12:00 scalar diagnostics {'step': 790, 'time': 120.32150554945298, 'dt': 0.19634954084936207, 'total_energy': 4.723052299427354}
2026-06-08T15:01:20+12:00 scalar diagnostics {'step': 791, 'time': 120.51785509030235, 'dt': 0.19634954084936207, 'total_energy': 4.733332387645622}
2026-06-08T15:01:20+12:00 scalar diagnostics {'step': 793, 'time': 120.91055417200108, 'dt': 0.19634954084936207, 'total_energy': 4.754534702124925}
2026-06-08T15:01:20+12:00 scalar diagnostics {'step': 794, 'time': 121.10690371285045, 'dt': 0.19634954084936207, 'total_energy': 4.765407295316914}
2026-06-08T15:01:20+12:00 scalar diagnostics {'step': 795, 'time': 121.30325325369982, 'dt': 0.19634954084936207, 'total_energy': 4.776368882892607}
2026-06-08T15:01:20+12:00 scalar diagnostics {'step': 797, 'time': 121.69595233539856, 'dt': 0.19634954084936207, 'total_energy': 4.7981886467200825}
2026-06-08T15:01:20+12:00 scalar diagnostics {'step': 798, 'time': 121.89230187624793, 'dt': 0.19634954084936207, 'total_energy': 4.808887013807745}
2026-06-08T15:01:20+12:00 scalar diagnostics {'step': 799, 'time': 122.0886514170973, 'dt': 0.19634954084936207, 'total_energy': 4.819385211470829}
2026-06-08T15:01:20+12:00 progress {'step': 800, 'time': 122.28500095794666, 'dt': 0.19634954084936207}
2026-06-08T15:01:20+12:00 scalar diagnostics {'step': 800, 'time': 122.28500095794666, 'dt': 0.19634954084936207, 'total_energy': 4.829687815480405}
2026-06-08T15:01:20+12:00 scalar diagnostics {'step': 802, 'time': 122.6777000396454, 'dt': 0.19634954084936207, 'total_energy': 4.8506050738559505}
2026-06-08T15:01:20+12:00 scalar diagnostics {'step': 803, 'time': 122.87404958049477, 'dt': 0.19634954084936207, 'total_energy': 4.861030761171009}
2026-06-08T15:01:20+12:00 scalar diagnostics {'step': 804, 'time': 123.07039912134414, 'dt': 0.19634954084936207, 'total_energy': 4.871551035250141}
2026-06-08T15:01:20+12:00 scalar diagnostics {'step': 805, 'time': 123.2667486621935, 'dt': 0.19634954084936207, 'total_energy': 4.882230065197774}
2026-06-08T15:01:20+12:00 scalar diagnostics {'step': 807, 'time': 123.65944774389224, 'dt': 0.19634954084936207, 'total_energy': 4.904170711535439}
2026-06-08T15:01:20+12:00 scalar diagnostics {'step': 808, 'time': 123.85579728474161, 'dt': 0.19634954084936207, 'total_energy': 4.915409161942326}
2026-06-08T15:01:20+12:00 scalar diagnostics {'step': 809, 'time': 124.05214682559098, 'dt': 0.19634954084936207, 'total_energy': 4.926764980606245}
2026-06-08T15:01:20+12:00 scalar diagnostics {'step': 811, 'time': 124.44484590728972, 'dt': 0.19634954084936207, 'total_energy': 4.94986946169234}
2026-06-08T15:01:20+12:00 scalar diagnostics {'step': 812, 'time': 124.64119544813909, 'dt': 0.19634954084936207, 'total_energy': 4.961451132376047}
2026-06-08T15:01:20+12:00 scalar diagnostics {'step': 813, 'time': 124.83754498898845, 'dt': 0.19634954084936207, 'total_energy': 4.97285220259782}
2026-06-08T15:01:20+12:00 scalar diagnostics {'step': 814, 'time': 125.03389452983782, 'dt': 0.19634954084936207, 'total_energy': 4.98403770201135}
2026-06-08T15:01:20+12:00 scalar diagnostics {'step': 816, 'time': 125.42659361153656, 'dt': 0.19634954084936207, 'total_energy': 5.005751744521004}
2026-06-08T15:01:20+12:00 scalar diagnostics {'step': 817, 'time': 125.62294315238593, 'dt': 0.19634954084936207, 'total_energy': 5.016335211167993}
2026-06-08T15:01:20+12:00 scalar diagnostics {'step': 818, 'time': 125.8192926932353, 'dt': 0.19634954084936207, 'total_energy': 5.026804765916149}
2026-06-08T15:01:20+12:00 scalar diagnostics {'step': 819, 'time': 126.01564223408467, 'dt': 0.19634954084936207, 'total_energy': 5.037226528942631}
2026-06-08T15:01:20+12:00 scalar diagnostics {'step': 821, 'time': 126.4083413157834, 'dt': 0.19634954084936207, 'total_energy': 5.058411341842761}
2026-06-08T15:01:20+12:00 scalar diagnostics {'step': 822, 'time': 126.60469085663277, 'dt': 0.19634954084936207, 'total_energy': 5.069277750125045}
2026-06-08T15:01:20+12:00 scalar diagnostics {'step': 823, 'time': 126.80104039748214, 'dt': 0.19634954084936207, 'total_energy': 5.080288391007026}
2026-06-08T15:01:20+12:00 scalar diagnostics {'step': 825, 'time': 127.19373947918088, 'dt': 0.19634954084936207, 'total_energy': 5.102663741902637}
2026-06-08T15:01:20+12:00 scalar diagnostics {'step': 826, 'time': 127.39008902003025, 'dt': 0.19634954084936207, 'total_energy': 5.113929869696294}
2026-06-08T15:01:20+12:00 scalar diagnostics {'step': 827, 'time': 127.58643856087961, 'dt': 0.19634954084936207, 'total_energy': 5.1251711907632345}
2026-06-08T15:01:20+12:00 scalar diagnostics {'step': 828, 'time': 127.78278810172898, 'dt': 0.19634954084936207, 'total_energy': 5.136342119671208}
2026-06-08T15:01:20+12:00 scalar diagnostics {'step': 830, 'time': 128.17548718342772, 'dt': 0.19634954084936207, 'total_energy': 5.1583825214787975}
2026-06-08T15:01:20+12:00 scalar diagnostics {'step': 831, 'time': 128.37183672427707, 'dt': 0.19634954084936207, 'total_energy': 5.169543692977799}
2026-06-08T15:01:21+12:00 scalar diagnostics {'step': 832, 'time': 128.56818626512643, 'dt': 0.19634954084936207, 'total_energy': 5.180621283429013}
2026-06-08T15:01:21+12:00 scalar diagnostics {'step': 833, 'time': 128.76453580597578, 'dt': 0.19634954084936207, 'total_energy': 5.19165195796385}
2026-06-08T15:01:21+12:00 scalar diagnostics {'step': 835, 'time': 129.1572348876745, 'dt': 0.19634954084936207, 'total_energy': 5.213763234780748}
2026-06-08T15:01:21+12:00 scalar diagnostics {'step': 836, 'time': 129.35358442852385, 'dt': 0.19634954084936207, 'total_energy': 5.224944097469442}
2026-06-08T15:01:21+12:00 scalar diagnostics {'step': 837, 'time': 129.5499339693732, 'dt': 0.19634954084936207, 'total_energy': 5.236262946715585}
2026-06-08T15:01:21+12:00 scalar diagnostics {'step': 839, 'time': 129.9426330510719, 'dt': 0.19634954084936207, 'total_energy': 5.259367718999876}
2026-06-08T15:01:21+12:00 scalar diagnostics {'step': 840, 'time': 130.13898259192126, 'dt': 0.19634954084936207, 'total_energy': 5.2711184875741335}
2026-06-08T15:01:21+12:00 scalar diagnostics {'step': 841, 'time': 130.33533213277062, 'dt': 0.19634954084936207, 'total_energy': 5.283134545400847}
2026-06-08T15:01:21+12:00 scalar diagnostics {'step': 842, 'time': 130.53168167361997, 'dt': 0.19634954084936207, 'total_energy': 5.295152179999133}
2026-06-08T15:01:21+12:00 scalar diagnostics {'step': 844, 'time': 130.92438075531868, 'dt': 0.19634954084936207, 'total_energy': 5.3189293229668655}
2026-06-08T15:01:21+12:00 scalar diagnostics {'step': 845, 'time': 131.12073029616803, 'dt': 0.19634954084936207, 'total_energy': 5.330584629378209}
2026-06-08T15:01:21+12:00 scalar diagnostics {'step': 846, 'time': 131.3170798370174, 'dt': 0.19634954084936207, 'total_energy': 5.342051065637975}
2026-06-08T15:01:21+12:00 scalar diagnostics {'step': 847, 'time': 131.51342937786674, 'dt': 0.19634954084936207, 'total_energy': 5.353338247990375}
2026-06-08T15:01:21+12:00 scalar diagnostics {'step': 849, 'time': 131.90612845956545, 'dt': 0.19634954084936207, 'total_energy': 5.375542197659639}
2026-06-08T15:01:21+12:00 scalar diagnostics {'step': 850, 'time': 132.1024780004148, 'dt': 0.19634954084936207, 'total_energy': 5.38658854959332}
2026-06-08T15:01:21+12:00 scalar diagnostics {'step': 851, 'time': 132.29882754126416, 'dt': 0.19634954084936207, 'total_energy': 5.397859739315777}
2026-06-08T15:01:21+12:00 scalar diagnostics {'step': 853, 'time': 132.69152662296287, 'dt': 0.19634954084936207, 'total_energy': 5.420871245408882}
2026-06-08T15:01:21+12:00 scalar diagnostics {'step': 854, 'time': 132.88787616381222, 'dt': 0.19634954084936207, 'total_energy': 5.432708836205383}
2026-06-08T15:01:21+12:00 scalar diagnostics {'step': 855, 'time': 133.08422570466158, 'dt': 0.19634954084936207, 'total_energy': 5.44477896206687}
2026-06-08T15:01:21+12:00 scalar diagnostics {'step': 856, 'time': 133.28057524551093, 'dt': 0.19634954084936207, 'total_energy': 5.457040796581608}
2026-06-08T15:01:21+12:00 scalar diagnostics {'step': 858, 'time': 133.67327432720964, 'dt': 0.19634954084936207, 'total_energy': 5.481819835204802}
2026-06-08T15:01:21+12:00 scalar diagnostics {'step': 859, 'time': 133.869623868059, 'dt': 0.19634954084936207, 'total_energy': 5.4941521290389215}
2026-06-08T15:01:21+12:00 scalar diagnostics {'step': 860, 'time': 134.06597340890835, 'dt': 0.19634954084936207, 'total_energy': 5.5063480646717995}
2026-06-08T15:01:21+12:00 scalar diagnostics {'step': 861, 'time': 134.2623229497577, 'dt': 0.19634954084936207, 'total_energy': 5.518724266293625}
2026-06-08T15:01:21+12:00 scalar diagnostics {'step': 863, 'time': 134.6550220314564, 'dt': 0.19634954084936207, 'total_energy': 5.542989448423551}
2026-06-08T15:01:21+12:00 scalar diagnostics {'step': 864, 'time': 134.85137157230577, 'dt': 0.19634954084936207, 'total_energy': 5.554963297604476}
2026-06-08T15:01:21+12:00 scalar diagnostics {'step': 865, 'time': 135.04772111315512, 'dt': 0.19634954084936207, 'total_energy': 5.566907613520644}
2026-06-08T15:01:21+12:00 scalar diagnostics {'step': 867, 'time': 135.44042019485383, 'dt': 0.19634954084936207, 'total_energy': 5.590933370701508}
2026-06-08T15:01:21+12:00 scalar diagnostics {'step': 868, 'time': 135.63676973570318, 'dt': 0.19634954084936207, 'total_energy': 5.6031002000140875}
2026-06-08T15:01:21+12:00 scalar diagnostics {'step': 869, 'time': 135.83311927655254, 'dt': 0.19634954084936207, 'total_energy': 5.615396525369501}
2026-06-08T15:01:21+12:00 scalar diagnostics {'step': 870, 'time': 136.0294688174019, 'dt': 0.19634954084936207, 'total_energy': 5.627815006026148}
2026-06-08T15:01:21+12:00 scalar diagnostics {'step': 872, 'time': 136.4221678991006, 'dt': 0.19634954084936207, 'total_energy': 5.65307349340081}
2026-06-08T15:01:21+12:00 scalar diagnostics {'step': 873, 'time': 136.61851743994995, 'dt': 0.19634954084936207, 'total_energy': 5.665697348705457}
2026-06-08T15:01:21+12:00 scalar diagnostics {'step': 874, 'time': 136.8148669807993, 'dt': 0.19634954084936207, 'total_energy': 5.678220422719532}
2026-06-08T15:01:21+12:00 scalar diagnostics {'step': 875, 'time': 137.01121652164866, 'dt': 0.19634954084936207, 'total_energy': 5.69056817546692}
2026-06-08T15:01:21+12:00 scalar diagnostics {'step': 877, 'time': 137.40391560334737, 'dt': 0.19634954084936207, 'total_energy': 5.714519910255578}
2026-06-08T15:01:21+12:00 scalar diagnostics {'step': 878, 'time': 137.60026514419673, 'dt': 0.19634954084936207, 'total_energy': 5.726092415576218}
2026-06-08T15:01:21+12:00 scalar diagnostics {'step': 879, 'time': 137.79661468504608, 'dt': 0.19634954084936207, 'total_energy': 5.737442096777565}
2026-06-08T15:01:21+12:00 scalar diagnostics {'step': 881, 'time': 138.1893137667448, 'dt': 0.19634954084936207, 'total_energy': 5.7599356630054785}
2026-06-08T15:01:21+12:00 scalar diagnostics {'step': 882, 'time': 138.38566330759414, 'dt': 0.19634954084936207, 'total_energy': 5.7712845084399005}
2026-06-08T15:01:21+12:00 scalar diagnostics {'step': 883, 'time': 138.5820128484435, 'dt': 0.19634954084936207, 'total_energy': 5.78277482479978}
2026-06-08T15:01:21+12:00 scalar diagnostics {'step': 884, 'time': 138.77836238929285, 'dt': 0.19634954084936207, 'total_energy': 5.794440766811897}
2026-06-08T15:01:21+12:00 scalar diagnostics {'step': 886, 'time': 139.17106147099156, 'dt': 0.19634954084936207, 'total_energy': 5.818222565502791}
2026-06-08T15:01:21+12:00 scalar diagnostics {'step': 887, 'time': 139.36741101184091, 'dt': 0.19634954084936207, 'total_energy': 5.830233396028969}
2026-06-08T15:01:21+12:00 scalar diagnostics {'step': 888, 'time': 139.56376055269027, 'dt': 0.19634954084936207, 'total_energy': 5.84224597260493}
2026-06-08T15:01:21+12:00 scalar diagnostics {'step': 889, 'time': 139.76011009353962, 'dt': 0.19634954084936207, 'total_energy': 5.854216497263577}
2026-06-08T15:01:21+12:00 scalar diagnostics {'step': 891, 'time': 140.15280917523833, 'dt': 0.19634954084936207, 'total_energy': 5.878160475319191}
2026-06-08T15:01:21+12:00 scalar diagnostics {'step': 892, 'time': 140.3491587160877, 'dt': 0.19634954084936207, 'total_energy': 5.8901162578993675}
2026-06-08T15:01:21+12:00 scalar diagnostics {'step': 893, 'time': 140.54550825693704, 'dt': 0.19634954084936207, 'total_energy': 5.901987508899087}
2026-06-08T15:01:21+12:00 scalar diagnostics {'step': 895, 'time': 140.93820733863575, 'dt': 0.19634954084936207, 'total_energy': 5.925494893331518}
2026-06-08T15:01:21+12:00 scalar diagnostics {'step': 896, 'time': 141.1345568794851, 'dt': 0.19634954084936207, 'total_energy': 5.937164616274551}
2026-06-08T15:01:21+12:00 scalar diagnostics {'step': 897, 'time': 141.33090642033446, 'dt': 0.19634954084936207, 'total_energy': 5.948826368559645}
2026-06-08T15:01:21+12:00 scalar diagnostics {'step': 898, 'time': 141.5272559611838, 'dt': 0.19634954084936207, 'total_energy': 5.960531970602814}
2026-06-08T15:01:21+12:00 progress {'step': 900, 'time': 141.91995504288252, 'dt': 0.19634954084936207}
2026-06-08T15:01:21+12:00 scalar diagnostics {'step': 900, 'time': 141.91995504288252, 'dt': 0.19634954084936207, 'total_energy': 5.984264731142832}
2026-06-08T15:01:21+12:00 scalar diagnostics {'step': 901, 'time': 142.11630458373187, 'dt': 0.19634954084936207, 'total_energy': 5.996335002036215}
2026-06-08T15:01:21+12:00 scalar diagnostics {'step': 902, 'time': 142.31265412458123, 'dt': 0.19634954084936207, 'total_energy': 6.008516257103732}
2026-06-08T15:01:21+12:00 scalar diagnostics {'step': 903, 'time': 142.50900366543058, 'dt': 0.19634954084936207, 'total_energy': 6.020753114896634}
2026-06-08T15:01:21+12:00 scalar diagnostics {'step': 905, 'time': 142.9017027471293, 'dt': 0.19634954084936207, 'total_energy': 6.045123576348634}
2026-06-08T15:01:21+12:00 scalar diagnostics {'step': 906, 'time': 143.09805228797865, 'dt': 0.19634954084936207, 'total_energy': 6.0571522384092775}
2026-06-08T15:01:21+12:00 scalar diagnostics {'step': 907, 'time': 143.294401828828, 'dt': 0.19634954084936207, 'total_energy': 6.069050260915125}
2026-06-08T15:01:21+12:00 scalar diagnostics {'step': 909, 'time': 143.6871009105267, 'dt': 0.19634954084936207, 'total_energy': 6.092533016334548}
2026-06-08T15:01:21+12:00 scalar diagnostics {'step': 910, 'time': 143.88345045137606, 'dt': 0.19634954084936207, 'total_energy': 6.104195115825435}
2026-06-08T15:01:22+12:00 scalar diagnostics {'step': 911, 'time': 144.07979999222542, 'dt': 0.19634954084936207, 'total_energy': 6.115961547488344}
2026-06-08T15:01:22+12:00 scalar diagnostics {'step': 912, 'time': 144.27614953307477, 'dt': 0.19634954084936207, 'total_energy': 6.127773881509535}
2026-06-08T15:01:22+12:00 scalar diagnostics {'step': 914, 'time': 144.66884861477348, 'dt': 0.19634954084936207, 'total_energy': 6.151670713026761}
2026-06-08T15:01:22+12:00 scalar diagnostics {'step': 915, 'time': 144.86519815562283, 'dt': 0.19634954084936207, 'total_energy': 6.163803169333954}
2026-06-08T15:01:22+12:00 scalar diagnostics {'step': 916, 'time': 145.0615476964722, 'dt': 0.19634954084936207, 'total_energy': 6.176076104453756}
2026-06-08T15:01:22+12:00 scalar diagnostics {'step': 917, 'time': 145.25789723732154, 'dt': 0.19634954084936207, 'total_energy': 6.188490675181777}
2026-06-08T15:01:22+12:00 scalar diagnostics {'step': 919, 'time': 145.65059631902025, 'dt': 0.19634954084936207, 'total_energy': 6.213694859978181}
2026-06-08T15:01:22+12:00 scalar diagnostics {'step': 920, 'time': 145.8469458598696, 'dt': 0.19634954084936207, 'total_energy': 6.226434842679095}
2026-06-08T15:01:22+12:00 scalar diagnostics {'step': 921, 'time': 146.04329540071896, 'dt': 0.19634954084936207, 'total_energy': 6.2394613467712325}
2026-06-08T15:01:22+12:00 scalar diagnostics {'step': 923, 'time': 146.43599448241767, 'dt': 0.19634954084936207, 'total_energy': 6.265516213829751}
2026-06-08T15:01:22+12:00 scalar diagnostics {'step': 924, 'time': 146.63234402326702, 'dt': 0.19634954084936207, 'total_energy': 6.278499325718089}
2026-06-08T15:01:22+12:00 scalar diagnostics {'step': 925, 'time': 146.82869356411638, 'dt': 0.19634954084936207, 'total_energy': 6.291441697274034}
2026-06-08T15:01:22+12:00 scalar diagnostics {'step': 926, 'time': 147.02504310496573, 'dt': 0.19634954084936207, 'total_energy': 6.304350085170467}
2026-06-08T15:01:22+12:00 scalar diagnostics {'step': 928, 'time': 147.41774218666444, 'dt': 0.19634954084936207, 'total_energy': 6.330132350267889}
2026-06-08T15:01:22+12:00 scalar diagnostics {'step': 929, 'time': 147.6140917275138, 'dt': 0.19634954084936207, 'total_energy': 6.3430475126599575}
2026-06-08T15:01:22+12:00 scalar diagnostics {'step': 930, 'time': 147.81044126836315, 'dt': 0.19634954084936207, 'total_energy': 6.356003984675222}
2026-06-08T15:01:22+12:00 scalar diagnostics {'step': 931, 'time': 148.0067908092125, 'dt': 0.19634954084936207, 'total_energy': 6.369177070365384}
2026-06-08T15:01:22+12:00 scalar diagnostics {'step': 933, 'time': 148.3994898909112, 'dt': 0.19634954084936207, 'total_energy': 6.395676112247246}
2026-06-08T15:01:22+12:00 scalar diagnostics {'step': 934, 'time': 148.59583943176057, 'dt': 0.19634954084936207, 'total_energy': 6.408971293868385}
2026-06-08T15:01:22+12:00 scalar diagnostics {'step': 935, 'time': 148.79218897260992, 'dt': 0.19634954084936207, 'total_energy': 6.422256770198063}
2026-06-08T15:01:22+12:00 scalar diagnostics {'step': 937, 'time': 149.18488805430863, 'dt': 0.19634954084936207, 'total_energy': 6.448645560554125}
2026-06-08T15:01:22+12:00 scalar diagnostics {'step': 938, 'time': 149.38123759515798, 'dt': 0.19634954084936207, 'total_energy': 6.461682219595779}
2026-06-08T15:01:22+12:00 scalar diagnostics {'step': 939, 'time': 149.57758713600734, 'dt': 0.19634954084936207, 'total_energy': 6.474589403509244}
2026-06-08T15:01:22+12:00 scalar diagnostics {'step': 940, 'time': 149.7739366768567, 'dt': 0.19634954084936207, 'total_energy': 6.487371452464741}
2026-06-08T15:01:22+12:00 scalar diagnostics {'step': 942, 'time': 150.1666357585554, 'dt': 0.19634954084936207, 'total_energy': 6.513091260384121}
2026-06-08T15:01:22+12:00 scalar diagnostics {'step': 943, 'time': 150.36298529940476, 'dt': 0.19634954084936207, 'total_energy': 6.525908492900508}
2026-06-08T15:01:22+12:00 scalar diagnostics {'step': 944, 'time': 150.5593348402541, 'dt': 0.19634954084936207, 'total_energy': 6.538768965701953}
2026-06-08T15:01:22+12:00 scalar diagnostics {'step': 945, 'time': 150.75568438110346, 'dt': 0.19634954084936207, 'total_energy': 6.55171942959313}
2026-06-08T15:01:22+12:00 scalar diagnostics {'step': 947, 'time': 151.14838346280217, 'dt': 0.19634954084936207, 'total_energy': 6.577998460652067}
2026-06-08T15:01:22+12:00 scalar diagnostics {'step': 948, 'time': 151.34473300365153, 'dt': 0.19634954084936207, 'total_energy': 6.591334858032648}
2026-06-08T15:01:22+12:00 scalar diagnostics {'step': 949, 'time': 151.54108254450088, 'dt': 0.19634954084936207, 'total_energy': 6.604783162134948}
2026-06-08T15:01:22+12:00 scalar diagnostics {'step': 951, 'time': 151.9337816261996, 'dt': 0.19634954084936207, 'total_energy': 6.632141082445738}
2026-06-08T15:01:22+12:00 scalar diagnostics {'step': 952, 'time': 152.13013116704894, 'dt': 0.19634954084936207, 'total_energy': 6.64599459740368}
2026-06-08T15:01:22+12:00 scalar diagnostics {'step': 953, 'time': 152.3264807078983, 'dt': 0.19634954084936207, 'total_energy': 6.6598521493332115}
2026-06-08T15:01:22+12:00 scalar diagnostics {'step': 954, 'time': 152.52283024874765, 'dt': 0.19634954084936207, 'total_energy': 6.673683598583429}
2026-06-08T15:01:22+12:00 scalar diagnostics {'step': 956, 'time': 152.91552933044636, 'dt': 0.19634954084936207, 'total_energy': 6.701162624465675}
2026-06-08T15:01:22+12:00 scalar diagnostics {'step': 957, 'time': 153.11187887129572, 'dt': 0.19634954084936207, 'total_energy': 6.714786160191286}
2026-06-08T15:01:22+12:00 scalar diagnostics {'step': 958, 'time': 153.30822841214507, 'dt': 0.19634954084936207, 'total_energy': 6.72834765750189}
2026-06-08T15:01:22+12:00 scalar diagnostics {'step': 959, 'time': 153.50457795299442, 'dt': 0.19634954084936207, 'total_energy': 6.741883915288503}
2026-06-08T15:01:22+12:00 scalar diagnostics {'step': 961, 'time': 153.89727703469313, 'dt': 0.19634954084936207, 'total_energy': 6.769282277408586}
2026-06-08T15:01:22+12:00 scalar diagnostics {'step': 962, 'time': 154.0936265755425, 'dt': 0.19634954084936207, 'total_energy': 6.783234007251598}
2026-06-08T15:01:22+12:00 scalar diagnostics {'step': 963, 'time': 154.28997611639184, 'dt': 0.19634954084936207, 'total_energy': 6.79731877661981}
2026-06-08T15:01:22+12:00 scalar diagnostics {'step': 965, 'time': 154.68267519809055, 'dt': 0.19634954084936207, 'total_energy': 6.825822235263178}
2026-06-08T15:01:22+12:00 scalar diagnostics {'step': 966, 'time': 154.8790247389399, 'dt': 0.19634954084936207, 'total_energy': 6.840152230261634}
2026-06-08T15:01:22+12:00 scalar diagnostics {'step': 967, 'time': 155.07537427978926, 'dt': 0.19634954084936207, 'total_energy': 6.854459128215025}
2026-06-08T15:01:22+12:00 scalar diagnostics {'step': 968, 'time': 155.2717238206386, 'dt': 0.19634954084936207, 'total_energy': 6.868694092883935}
2026-06-08T15:01:22+12:00 scalar diagnostics {'step': 970, 'time': 155.66442290233732, 'dt': 0.19634954084936207, 'total_energy': 6.8968573400675925}
2026-06-08T15:01:22+12:00 scalar diagnostics {'step': 971, 'time': 155.86077244318668, 'dt': 0.19634954084936207, 'total_energy': 6.911049455703517}
2026-06-08T15:01:22+12:00 scalar diagnostics {'step': 972, 'time': 156.05712198403603, 'dt': 0.19634954084936207, 'total_energy': 6.925191216937858}
2026-06-08T15:01:22+12:00 scalar diagnostics {'step': 973, 'time': 156.25347152488538, 'dt': 0.19634954084936207, 'total_energy': 6.939329168464393}
2026-06-08T15:01:22+12:00 scalar diagnostics {'step': 975, 'time': 156.6461706065841, 'dt': 0.19634954084936207, 'total_energy': 6.9677792450070175}
2026-06-08T15:01:22+12:00 scalar diagnostics {'step': 976, 'time': 156.84252014743345, 'dt': 0.19634954084936207, 'total_energy': 6.982174199980651}
2026-06-08T15:01:22+12:00 scalar diagnostics {'step': 977, 'time': 157.0388696882828, 'dt': 0.19634954084936207, 'total_energy': 6.996727783233123}
2026-06-08T15:01:22+12:00 scalar diagnostics {'step': 979, 'time': 157.4315687699815, 'dt': 0.19634954084936207, 'total_energy': 7.02638864077791}
2026-06-08T15:01:22+12:00 scalar diagnostics {'step': 980, 'time': 157.62791831083086, 'dt': 0.19634954084936207, 'total_energy': 7.041496821194074}
2026-06-08T15:01:22+12:00 scalar diagnostics {'step': 981, 'time': 157.82426785168022, 'dt': 0.19634954084936207, 'total_energy': 7.0569971725994805}
2026-06-08T15:01:22+12:00 scalar diagnostics {'step': 982, 'time': 158.02061739252957, 'dt': 0.19634954084936207, 'total_energy': 7.072602571345266}
2026-06-08T15:01:22+12:00 scalar diagnostics {'step': 984, 'time': 158.41331647422828, 'dt': 0.19634954084936207, 'total_energy': 7.103893523376436}
2026-06-08T15:01:22+12:00 scalar diagnostics {'step': 985, 'time': 158.60966601507764, 'dt': 0.19634954084936207, 'total_energy': 7.119461173784062}
2026-06-08T15:01:22+12:00 scalar diagnostics {'step': 986, 'time': 158.806015555927, 'dt': 0.19634954084936207, 'total_energy': 7.13491802035196}
2026-06-08T15:01:22+12:00 scalar diagnostics {'step': 987, 'time': 159.00236509677634, 'dt': 0.19634954084936207, 'total_energy': 7.1502463901723265}
2026-06-08T15:01:22+12:00 scalar diagnostics {'step': 989, 'time': 159.39506417847505, 'dt': 0.19634954084936207, 'total_energy': 7.180571311737455}
2026-06-08T15:01:22+12:00 scalar diagnostics {'step': 990, 'time': 159.5914137193244, 'dt': 0.19634954084936207, 'total_energy': 7.1956453539555625}
2026-06-08T15:01:22+12:00 scalar diagnostics {'step': 991, 'time': 159.78776326017376, 'dt': 0.19634954084936207, 'total_energy': 7.210972584499663}
2026-06-08T15:01:23+12:00 scalar diagnostics {'step': 993, 'time': 160.18046234187247, 'dt': 0.19634954084936207, 'total_energy': 7.241809808530792}
2026-06-08T15:01:23+12:00 scalar diagnostics {'step': 994, 'time': 160.37681188272182, 'dt': 0.19634954084936207, 'total_energy': 7.257358855429114}
2026-06-08T15:01:23+12:00 scalar diagnostics {'step': 995, 'time': 160.57316142357118, 'dt': 0.19634954084936207, 'total_energy': 7.272986295022645}
2026-06-08T15:01:23+12:00 scalar diagnostics {'step': 996, 'time': 160.76951096442053, 'dt': 0.19634954084936207, 'total_energy': 7.28866471789263}
2026-06-08T15:01:23+12:00 scalar diagnostics {'step': 998, 'time': 161.16221004611924, 'dt': 0.19634954084936207, 'total_energy': 7.3200235989168885}
2026-06-08T15:01:23+12:00 scalar diagnostics {'step': 999, 'time': 161.3585595869686, 'dt': 0.19634954084936207, 'total_energy': 7.335625090113343}
2026-06-08T15:01:23+12:00 progress {'step': 1000, 'time': 161.55490912781795, 'dt': 0.19634954084936207}
2026-06-08T15:01:23+12:00 scalar diagnostics {'step': 1000, 'time': 161.55490912781795, 'dt': 0.19634954084936207, 'total_energy': 7.351128569057978}
2026-06-08T15:01:23+12:00 scalar diagnostics {'step': 1001, 'time': 161.7512586686673, 'dt': 0.19634954084936207, 'total_energy': 7.366813019050118}
2026-06-08T15:01:23+12:00 scalar diagnostics {'step': 1003, 'time': 162.143957750366, 'dt': 0.19634954084936207, 'total_energy': 7.397780756667826}
2026-06-08T15:01:23+12:00 scalar diagnostics {'step': 1004, 'time': 162.34030729121537, 'dt': 0.19634954084936207, 'total_energy': 7.413099540281923}
2026-06-08T15:01:23+12:00 scalar diagnostics {'step': 1005, 'time': 162.53665683206472, 'dt': 0.19634954084936207, 'total_energy': 7.428364482729433}
2026-06-08T15:01:23+12:00 scalar diagnostics {'step': 1007, 'time': 162.92935591376343, 'dt': 0.19634954084936207, 'total_energy': 7.458980377626808}
2026-06-08T15:01:23+12:00 scalar diagnostics {'step': 1008, 'time': 163.12570545461278, 'dt': 0.19634954084936207, 'total_energy': 7.47445356801979}
2026-06-08T15:01:23+12:00 scalar diagnostics {'step': 1009, 'time': 163.32205499546214, 'dt': 0.19634954084936207, 'total_energy': 7.490094135495776}
2026-06-08T15:01:23+12:00 scalar diagnostics {'step': 1010, 'time': 163.5184045363115, 'dt': 0.19634954084936207, 'total_energy': 7.505913248150917}
2026-06-08T15:01:23+12:00 scalar diagnostics {'step': 1012, 'time': 163.9111036180102, 'dt': 0.19634954084936207, 'total_energy': 7.538385486990659}
2026-06-08T15:01:23+12:00 scalar diagnostics {'step': 1013, 'time': 164.10745315885956, 'dt': 0.19634954084936207, 'total_energy': 7.554729711293958}
2026-06-08T15:01:23+12:00 scalar diagnostics {'step': 1014, 'time': 164.3038026997089, 'dt': 0.19634954084936207, 'total_energy': 7.571060354616132}
2026-06-08T15:01:23+12:00 scalar diagnostics {'step': 1015, 'time': 164.50015224055826, 'dt': 0.19634954084936207, 'total_energy': 7.587320276273523}
2026-06-08T15:01:23+12:00 scalar diagnostics {'step': 1017, 'time': 164.89285132225697, 'dt': 0.19634954084936207, 'total_energy': 7.6194939131054245}
2026-06-08T15:01:23+12:00 scalar diagnostics {'step': 1018, 'time': 165.08920086310633, 'dt': 0.19634954084936207, 'total_energy': 7.635396826726214}
2026-06-08T15:01:23+12:00 scalar diagnostics {'step': 1019, 'time': 165.28555040395568, 'dt': 0.19634954084936207, 'total_energy': 7.6512028446573686}
2026-06-08T15:01:23+12:00 scalar diagnostics {'step': 1021, 'time': 165.6782494856544, 'dt': 0.19634954084936207, 'total_energy': 7.682936046577928}
2026-06-08T15:01:23+12:00 scalar diagnostics {'step': 1022, 'time': 165.87459902650374, 'dt': 0.19634954084936207, 'total_energy': 7.6989450295543485}
2026-06-08T15:01:23+12:00 scalar diagnostics {'step': 1023, 'time': 166.0709485673531, 'dt': 0.19634954084936207, 'total_energy': 7.71501453258909}
2026-06-08T15:01:23+12:00 scalar diagnostics {'step': 1024, 'time': 166.26729810820245, 'dt': 0.19634954084936207, 'total_energy': 7.731175519398727}
2026-06-08T15:01:23+12:00 scalar diagnostics {'step': 1026, 'time': 166.65999718990116, 'dt': 0.19634954084936207, 'total_energy': 7.7638249795784375}
2026-06-08T15:01:23+12:00 scalar diagnostics {'step': 1027, 'time': 166.85634673075052, 'dt': 0.19634954084936207, 'total_energy': 7.780294664973756}
2026-06-08T15:01:23+12:00 scalar diagnostics {'step': 1028, 'time': 167.05269627159987, 'dt': 0.19634954084936207, 'total_energy': 7.796818647078977}
2026-06-08T15:01:23+12:00 scalar diagnostics {'step': 1030, 'time': 167.44539535329858, 'dt': 0.19634954084936207, 'total_energy': 7.829842574580421}
2026-06-08T15:01:23+12:00 scalar diagnostics {'step': 1031, 'time': 167.64174489414793, 'dt': 0.19634954084936207, 'total_energy': 7.846490720470497}
2026-06-08T15:01:23+12:00 scalar diagnostics {'step': 1032, 'time': 167.8380944349973, 'dt': 0.19634954084936207, 'total_energy': 7.863041047216911}
2026-06-08T15:01:23+12:00 scalar diagnostics {'step': 1033, 'time': 168.03444397584664, 'dt': 0.19634954084936207, 'total_energy': 7.879500224337304}
2026-06-08T15:01:23+12:00 scalar diagnostics {'step': 1035, 'time': 168.42714305754535, 'dt': 0.19634954084936207, 'total_energy': 7.9122864349942805}
2026-06-08T15:01:23+12:00 scalar diagnostics {'step': 1036, 'time': 168.6234925983947, 'dt': 0.19634954084936207, 'total_energy': 7.928720233800851}
2026-06-08T15:01:23+12:00 scalar diagnostics {'step': 1037, 'time': 168.81984213924406, 'dt': 0.19634954084936207, 'total_energy': 7.9452554972604075}
2026-06-08T15:01:23+12:00 scalar diagnostics {'step': 1038, 'time': 169.0161916800934, 'dt': 0.19634954084936207, 'total_energy': 7.961935222150456}
2026-06-08T15:01:23+12:00 scalar diagnostics {'step': 1040, 'time': 169.40889076179212, 'dt': 0.19634954084936207, 'total_energy': 7.995806350723291}
2026-06-08T15:01:23+12:00 scalar diagnostics {'step': 1041, 'time': 169.60524030264148, 'dt': 0.19634954084936207, 'total_energy': 8.013102683558385}
2026-06-08T15:01:23+12:00 scalar diagnostics {'step': 1042, 'time': 169.80158984349083, 'dt': 0.19634954084936207, 'total_energy': 8.030522122812036}
2026-06-08T15:01:23+12:00 scalar diagnostics {'step': 1044, 'time': 170.19428892518954, 'dt': 0.19634954084936207, 'total_energy': 8.065544235452178}
2026-06-08T15:01:23+12:00 scalar diagnostics {'step': 1045, 'time': 170.3906384660389, 'dt': 0.19634954084936207, 'total_energy': 8.083042847337364}
2026-06-08T15:01:23+12:00 scalar diagnostics {'step': 1046, 'time': 170.58698800688825, 'dt': 0.19634954084936207, 'total_energy': 8.100469722294697}
2026-06-08T15:01:23+12:00 scalar diagnostics {'step': 1047, 'time': 170.7833375477376, 'dt': 0.19634954084936207, 'total_energy': 8.11779226458811}
2026-06-08T15:01:23+12:00 scalar diagnostics {'step': 1049, 'time': 171.1760366294363, 'dt': 0.19634954084936207, 'total_energy': 8.152094614252476}
2026-06-08T15:01:23+12:00 scalar diagnostics {'step': 1050, 'time': 171.37238617028567, 'dt': 0.19634954084936207, 'total_energy': 8.169115285986493}
2026-06-08T15:01:23+12:00 scalar diagnostics {'step': 1051, 'time': 171.56873571113502, 'dt': 0.19634954084936207, 'total_energy': 8.186322906935251}
2026-06-08T15:01:23+12:00 scalar diagnostics {'step': 1052, 'time': 171.76508525198437, 'dt': 0.19634954084936207, 'total_energy': 8.203549190381954}
2026-06-08T15:01:23+12:00 scalar diagnostics {'step': 1054, 'time': 172.15778433368308, 'dt': 0.19634954084936207, 'total_energy': 8.238221087596063}
2026-06-08T15:01:23+12:00 scalar diagnostics {'step': 1055, 'time': 172.35413387453244, 'dt': 0.19634954084936207, 'total_energy': 8.255699544823834}
2026-06-08T15:01:23+12:00 scalar diagnostics {'step': 1056, 'time': 172.5504834153818, 'dt': 0.19634954084936207, 'total_energy': 8.273255704236485}
2026-06-08T15:01:23+12:00 scalar diagnostics {'step': 1058, 'time': 172.9431824970805, 'dt': 0.19634954084936207, 'total_energy': 8.308442835198923}
2026-06-08T15:01:23+12:00 scalar diagnostics {'step': 1059, 'time': 173.13953203792985, 'dt': 0.19634954084936207, 'total_energy': 8.325982745797067}
2026-06-08T15:01:23+12:00 scalar diagnostics {'step': 1060, 'time': 173.3358815787792, 'dt': 0.19634954084936207, 'total_energy': 8.343437093211886}
2026-06-08T15:01:23+12:00 scalar diagnostics {'step': 1061, 'time': 173.53223111962856, 'dt': 0.19634954084936207, 'total_energy': 8.36093371630078}
2026-06-08T15:01:23+12:00 scalar diagnostics {'step': 1063, 'time': 173.92493020132727, 'dt': 0.19634954084936207, 'total_energy': 8.395589922289368}
2026-06-08T15:01:23+12:00 scalar diagnostics {'step': 1064, 'time': 174.12127974217663, 'dt': 0.19634954084936207, 'total_energy': 8.412771688657028}
2026-06-08T15:01:23+12:00 scalar diagnostics {'step': 1065, 'time': 174.31762928302598, 'dt': 0.19634954084936207, 'total_energy': 8.429885727879597}
2026-06-08T15:01:23+12:00 scalar diagnostics {'step': 1066, 'time': 174.51397882387533, 'dt': 0.19634954084936207, 'total_energy': 8.44696416262083}
2026-06-08T15:01:23+12:00 scalar diagnostics {'step': 1068, 'time': 174.90667790557404, 'dt': 0.19634954084936207, 'total_energy': 8.48117151905638}
2026-06-08T15:01:24+12:00 scalar diagnostics {'step': 1069, 'time': 175.1030274464234, 'dt': 0.19634954084936207, 'total_energy': 8.498381340951292}
2026-06-08T15:01:24+12:00 scalar diagnostics {'step': 1070, 'time': 175.29937698727275, 'dt': 0.19634954084936207, 'total_energy': 8.5157034145091}
2026-06-08T15:01:24+12:00 scalar diagnostics {'step': 1072, 'time': 175.69207606897146, 'dt': 0.19634954084936207, 'total_energy': 8.550826555667497}
2026-06-08T15:01:24+12:00 scalar diagnostics {'step': 1073, 'time': 175.8884256098208, 'dt': 0.19634954084936207, 'total_energy': 8.568512167022885}
2026-06-08T15:01:24+12:00 scalar diagnostics {'step': 1074, 'time': 176.08477515067017, 'dt': 0.19634954084936207, 'total_energy': 8.586215417981434}
2026-06-08T15:01:24+12:00 scalar diagnostics {'step': 1075, 'time': 176.28112469151952, 'dt': 0.19634954084936207, 'total_energy': 8.603878776718664}
2026-06-08T15:01:24+12:00 scalar diagnostics {'step': 1077, 'time': 176.67382377321823, 'dt': 0.19634954084936207, 'total_energy': 8.638907104723199}
2026-06-08T15:01:24+12:00 scalar diagnostics {'step': 1078, 'time': 176.87017331406759, 'dt': 0.19634954084936207, 'total_energy': 8.656235981180993}
2026-06-08T15:01:24+12:00 scalar diagnostics {'step': 1079, 'time': 177.06652285491694, 'dt': 0.19634954084936207, 'total_energy': 8.67345805697872}
2026-06-08T15:01:24+12:00 scalar diagnostics {'step': 1080, 'time': 177.2628723957663, 'dt': 0.19634954084936207, 'total_energy': 8.690609399456434}
2026-06-08T15:01:24+12:00 scalar diagnostics {'step': 1082, 'time': 177.655571477465, 'dt': 0.19634954084936207, 'total_energy': 8.72519614184229}
2026-06-08T15:01:24+12:00 scalar diagnostics {'step': 1083, 'time': 177.85192101831436, 'dt': 0.19634954084936207, 'total_energy': 8.742535974161058}
2026-06-08T15:01:24+12:00 scalar diagnostics {'step': 1084, 'time': 178.0482705591637, 'dt': 0.19634954084936207, 'total_energy': 8.759935542901644}
2026-06-08T15:01:24+12:00 scalar diagnostics {'step': 1086, 'time': 178.44096964086242, 'dt': 0.19634954084936207, 'total_energy': 8.794941386355074}
2026-06-08T15:01:24+12:00 scalar diagnostics {'step': 1087, 'time': 178.63731918171177, 'dt': 0.19634954084936207, 'total_energy': 8.812546555734388}
2026-06-08T15:01:24+12:00 scalar diagnostics {'step': 1088, 'time': 178.83366872256113, 'dt': 0.19634954084936207, 'total_energy': 8.830211464328027}
2026-06-08T15:01:24+12:00 scalar diagnostics {'step': 1089, 'time': 179.03001826341048, 'dt': 0.19634954084936207, 'total_energy': 8.847922331121808}
2026-06-08T15:01:24+12:00 scalar diagnostics {'step': 1091, 'time': 179.4227173451092, 'dt': 0.19634954084936207, 'total_energy': 8.883428786784696}
2026-06-08T15:01:24+12:00 scalar diagnostics {'step': 1092, 'time': 179.61906688595855, 'dt': 0.19634954084936207, 'total_energy': 8.901162932291383}
2026-06-08T15:01:24+12:00 scalar diagnostics {'step': 1093, 'time': 179.8154164268079, 'dt': 0.19634954084936207, 'total_energy': 8.918832499654345}
2026-06-08T15:01:24+12:00 scalar diagnostics {'step': 1094, 'time': 180.01176596765725, 'dt': 0.19634954084936207, 'total_energy': 8.936422880331264}
2026-06-08T15:01:24+12:00 scalar diagnostics {'step': 1096, 'time': 180.40446504935596, 'dt': 0.19634954084936207, 'total_energy': 8.971401701207144}
2026-06-08T15:01:24+12:00 scalar diagnostics {'step': 1097, 'time': 180.60081459020532, 'dt': 0.19634954084936207, 'total_energy': 8.988853111219264}
2026-06-08T15:01:24+12:00 scalar diagnostics {'step': 1098, 'time': 180.79716413105467, 'dt': 0.19634954084936207, 'total_energy': 9.006339150917457}
2026-06-08T15:01:24+12:00 progress {'step': 1100, 'time': 181.18986321275338, 'dt': 0.19634954084936207}
2026-06-08T15:01:24+12:00 scalar diagnostics {'step': 1100, 'time': 181.18986321275338, 'dt': 0.19634954084936207, 'total_energy': 9.041582093420482}
2026-06-08T15:01:24+12:00 scalar diagnostics {'step': 1101, 'time': 181.38621275360273, 'dt': 0.19634954084936207, 'total_energy': 9.059351045209517}
2026-06-08T15:01:24+12:00 scalar diagnostics {'step': 1102, 'time': 181.5825622944521, 'dt': 0.19634954084936207, 'total_energy': 9.077243890285825}
2026-06-08T15:01:24+12:00 scalar diagnostics {'step': 1103, 'time': 181.77891183530144, 'dt': 0.19634954084936207, 'total_energy': 9.095239187116643}
2026-06-08T15:01:24+12:00 scalar diagnostics {'step': 1105, 'time': 182.17161091700015, 'dt': 0.19634954084936207, 'total_energy': 9.131403231234307}
2026-06-08T15:01:24+12:00 scalar diagnostics {'step': 1106, 'time': 182.3679604578495, 'dt': 0.19634954084936207, 'total_energy': 9.149500859979854}
2026-06-08T15:01:24+12:00 scalar diagnostics {'step': 1107, 'time': 182.56430999869886, 'dt': 0.19634954084936207, 'total_energy': 9.167568266418797}
2026-06-08T15:01:24+12:00 scalar diagnostics {'step': 1108, 'time': 182.76065953954821, 'dt': 0.19634954084936207, 'total_energy': 9.185583500959744}
2026-06-08T15:01:24+12:00 scalar diagnostics {'step': 1110, 'time': 183.15335862124692, 'dt': 0.19634954084936207, 'total_energy': 9.221407790124966}
2026-06-08T15:01:24+12:00 scalar diagnostics {'step': 1111, 'time': 183.34970816209628, 'dt': 0.19634954084936207, 'total_energy': 9.239348251891423}
2026-06-08T15:01:24+12:00 scalar diagnostics {'step': 1112, 'time': 183.54605770294563, 'dt': 0.19634954084936207, 'total_energy': 9.257228700475506}
2026-06-08T15:01:24+12:00 scalar diagnostics {'step': 1114, 'time': 183.93875678464434, 'dt': 0.19634954084936207, 'total_energy': 9.29290897052833}
2026-06-08T15:01:24+12:00 scalar diagnostics {'step': 1115, 'time': 184.1351063254937, 'dt': 0.19634954084936207, 'total_energy': 9.310773892732891}
2026-06-08T15:01:24+12:00 scalar diagnostics {'step': 1116, 'time': 184.33145586634305, 'dt': 0.19634954084936207, 'total_energy': 9.328696290217732}
2026-06-08T15:01:24+12:00 scalar diagnostics {'step': 1117, 'time': 184.5278054071924, 'dt': 0.19634954084936207, 'total_energy': 9.346693785512066}
2026-06-08T15:01:24+12:00 scalar diagnostics {'step': 1119, 'time': 184.9205044888911, 'dt': 0.19634954084936207, 'total_energy': 9.382900175605117}
2026-06-08T15:01:24+12:00 scalar diagnostics {'step': 1120, 'time': 185.11685402974047, 'dt': 0.19634954084936207, 'total_energy': 9.401062576333036}
2026-06-08T15:01:24+12:00 scalar diagnostics {'step': 1121, 'time': 185.31320357058982, 'dt': 0.19634954084936207, 'total_energy': 9.419282266930608}
2026-06-08T15:01:24+12:00 scalar diagnostics {'step': 1122, 'time': 185.50955311143917, 'dt': 0.19634954084936207, 'total_energy': 9.437457276382267}
2026-06-08T15:01:24+12:00 scalar diagnostics {'step': 1124, 'time': 185.90225219313788, 'dt': 0.19634954084936207, 'total_energy': 9.473570770229626}
2026-06-08T15:01:24+12:00 scalar diagnostics {'step': 1125, 'time': 186.09860173398724, 'dt': 0.19634954084936207, 'total_energy': 9.491489394010259}
2026-06-08T15:01:24+12:00 scalar diagnostics {'step': 1126, 'time': 186.2949512748366, 'dt': 0.19634954084936207, 'total_energy': 9.509323557734088}
2026-06-08T15:01:24+12:00 scalar diagnostics {'step': 1128, 'time': 186.6876503565353, 'dt': 0.19634954084936207, 'total_energy': 9.54481414458434}
2026-06-08T15:01:24+12:00 scalar diagnostics {'step': 1129, 'time': 186.88399989738465, 'dt': 0.19634954084936207, 'total_energy': 9.562518846692257}
2026-06-08T15:01:24+12:00 scalar diagnostics {'step': 1130, 'time': 187.080349438234, 'dt': 0.19634954084936207, 'total_energy': 9.580229944809876}
2026-06-08T15:01:24+12:00 scalar diagnostics {'step': 1131, 'time': 187.27669897908336, 'dt': 0.19634954084936207, 'total_energy': 9.597885558116433}
2026-06-08T15:01:24+12:00 scalar diagnostics {'step': 1133, 'time': 187.66939806078207, 'dt': 0.19634954084936207, 'total_energy': 9.633345809969653}
2026-06-08T15:01:24+12:00 scalar diagnostics {'step': 1134, 'time': 187.86574760163143, 'dt': 0.19634954084936207, 'total_energy': 9.651159002584096}
2026-06-08T15:01:24+12:00 scalar diagnostics {'step': 1135, 'time': 188.06209714248078, 'dt': 0.19634954084936207, 'total_energy': 9.669016845306011}
2026-06-08T15:01:24+12:00 scalar diagnostics {'step': 1136, 'time': 188.25844668333013, 'dt': 0.19634954084936207, 'total_energy': 9.68690013020636}
2026-06-08T15:01:24+12:00 scalar diagnostics {'step': 1138, 'time': 188.65114576502884, 'dt': 0.19634954084936207, 'total_energy': 9.722647250267533}
2026-06-08T15:01:24+12:00 scalar diagnostics {'step': 1139, 'time': 188.8474953058782, 'dt': 0.19634954084936207, 'total_energy': 9.740470852896696}
2026-06-08T15:01:24+12:00 scalar diagnostics {'step': 1140, 'time': 189.04384484672755, 'dt': 0.19634954084936207, 'total_energy': 9.75824994168042}
2026-06-08T15:01:24+12:00 scalar diagnostics {'step': 1142, 'time': 189.43654392842626, 'dt': 0.19634954084936207, 'total_energy': 9.793939564578178}
2026-06-08T15:01:24+12:00 scalar diagnostics {'step': 1143, 'time': 189.63289346927561, 'dt': 0.19634954084936207, 'total_energy': 9.811779370956204}
2026-06-08T15:01:24+12:00 scalar diagnostics {'step': 1144, 'time': 189.82924301012497, 'dt': 0.19634954084936207, 'total_energy': 9.829651215291843}
2026-06-08T15:01:24+12:00 scalar diagnostics {'step': 1145, 'time': 190.02559255097432, 'dt': 0.19634954084936207, 'total_energy': 9.847578454954979}
2026-06-08T15:01:25+12:00 scalar diagnostics {'step': 1147, 'time': 190.41829163267303, 'dt': 0.19634954084936207, 'total_energy': 9.883656456943303}
2026-06-08T15:01:25+12:00 scalar diagnostics {'step': 1148, 'time': 190.6146411735224, 'dt': 0.19634954084936207, 'total_energy': 9.901816014012683}
2026-06-08T15:01:25+12:00 scalar diagnostics {'step': 1149, 'time': 190.81099071437174, 'dt': 0.19634954084936207, 'total_energy': 9.92005097274289}
2026-06-08T15:01:25+12:00 scalar diagnostics {'step': 1150, 'time': 191.0073402552211, 'dt': 0.19634954084936207, 'total_energy': 9.938352057028865}
2026-06-08T15:01:25+12:00 scalar diagnostics {'step': 1152, 'time': 191.4000393369198, 'dt': 0.19634954084936207, 'total_energy': 9.975389038313706}
2026-06-08T15:01:25+12:00 scalar diagnostics {'step': 1153, 'time': 191.59638887776916, 'dt': 0.19634954084936207, 'total_energy': 9.99394670507572}
2026-06-08T15:01:25+12:00 scalar diagnostics {'step': 1154, 'time': 191.7927384186185, 'dt': 0.19634954084936207, 'total_energy': 10.012507738307788}
2026-06-08T15:01:25+12:00 scalar diagnostics {'step': 1156, 'time': 192.18543750031722, 'dt': 0.19634954084936207, 'total_energy': 10.049582807391106}
2026-06-08T15:01:25+12:00 scalar diagnostics {'step': 1157, 'time': 192.38178704116658, 'dt': 0.19634954084936207, 'total_energy': 10.068084135069368}
2026-06-08T15:01:25+12:00 scalar diagnostics {'step': 1158, 'time': 192.57813658201593, 'dt': 0.19634954084936207, 'total_energy': 10.086568872099903}
2026-06-08T15:01:25+12:00 scalar diagnostics {'step': 1159, 'time': 192.77448612286528, 'dt': 0.19634954084936207, 'total_energy': 10.105055485085389}
2026-06-08T15:01:25+12:00 scalar diagnostics {'step': 1161, 'time': 193.167185204564, 'dt': 0.19634954084936207, 'total_energy': 10.142103739355617}
2026-06-08T15:01:25+12:00 scalar diagnostics {'step': 1162, 'time': 193.36353474541335, 'dt': 0.19634954084936207, 'total_energy': 10.160715117292858}
2026-06-08T15:01:25+12:00 scalar diagnostics {'step': 1163, 'time': 193.5598842862627, 'dt': 0.19634954084936207, 'total_energy': 10.179416646572614}
2026-06-08T15:01:25+12:00 scalar diagnostics {'step': 1164, 'time': 193.75623382711206, 'dt': 0.19634954084936207, 'total_energy': 10.198210420701688}
2026-06-08T15:01:25+12:00 scalar diagnostics {'step': 1166, 'time': 194.14893290881076, 'dt': 0.19634954084936207, 'total_energy': 10.236038332675639}
2026-06-08T15:01:25+12:00 scalar diagnostics {'step': 1167, 'time': 194.34528244966012, 'dt': 0.19634954084936207, 'total_energy': 10.255043485561625}
2026-06-08T15:01:25+12:00 scalar diagnostics {'step': 1168, 'time': 194.54163199050947, 'dt': 0.19634954084936207, 'total_energy': 10.274090752993278}
2026-06-08T15:01:25+12:00 scalar diagnostics {'step': 1170, 'time': 194.93433107220818, 'dt': 0.19634954084936207, 'total_energy': 10.312273489659834}
2026-06-08T15:01:25+12:00 scalar diagnostics {'step': 1171, 'time': 195.13068061305754, 'dt': 0.19634954084936207, 'total_energy': 10.331546467800347}
2026-06-08T15:01:25+12:00 scalar diagnostics {'step': 1172, 'time': 195.3270301539069, 'dt': 0.19634954084936207, 'total_energy': 10.350830579248672}
2026-06-08T15:01:25+12:00 scalar diagnostics {'step': 1173, 'time': 195.52337969475624, 'dt': 0.19634954084936207, 'total_energy': 10.370122024724669}
2026-06-08T15:01:25+12:00 scalar diagnostics {'step': 1175, 'time': 195.91607877645495, 'dt': 0.19634954084936207, 'total_energy': 10.4087321513564}
2026-06-08T15:01:25+12:00 scalar diagnostics {'step': 1176, 'time': 196.1124283173043, 'dt': 0.19634954084936207, 'total_energy': 10.42807044952132}
2026-06-08T15:01:25+12:00 scalar diagnostics {'step': 1177, 'time': 196.30877785815366, 'dt': 0.19634954084936207, 'total_energy': 10.447455178861619}
2026-06-08T15:01:25+12:00 scalar diagnostics {'step': 1178, 'time': 196.50512739900302, 'dt': 0.19634954084936207, 'total_energy': 10.466907647508936}
2026-06-08T15:01:25+12:00 scalar diagnostics {'step': 1180, 'time': 196.89782648070172, 'dt': 0.19634954084936207, 'total_energy': 10.506069977203481}
2026-06-08T15:01:25+12:00 scalar diagnostics {'step': 1181, 'time': 197.09417602155108, 'dt': 0.19634954084936207, 'total_energy': 10.525983534463453}
2026-06-08T15:01:25+12:00 scalar diagnostics {'step': 1182, 'time': 197.29052556240043, 'dt': 0.19634954084936207, 'total_energy': 10.545949497512314}
2026-06-08T15:01:25+12:00 scalar diagnostics {'step': 1184, 'time': 197.68322464409914, 'dt': 0.19634954084936207, 'total_energy': 10.585900703658945}
2026-06-08T15:01:25+12:00 scalar diagnostics {'step': 1185, 'time': 197.8795741849485, 'dt': 0.19634954084936207, 'total_energy': 10.605817418970208}
2026-06-08T15:01:25+12:00 scalar diagnostics {'step': 1186, 'time': 198.07592372579785, 'dt': 0.19634954084936207, 'total_energy': 10.625662497799642}
2026-06-08T15:01:25+12:00 scalar diagnostics {'step': 1187, 'time': 198.2722732666472, 'dt': 0.19634954084936207, 'total_energy': 10.64542699230034}
2026-06-08T15:01:25+12:00 scalar diagnostics {'step': 1189, 'time': 198.6649723483459, 'dt': 0.19634954084936207, 'total_energy': 10.684736854371018}
2026-06-08T15:01:25+12:00 scalar diagnostics {'step': 1190, 'time': 198.86132188919527, 'dt': 0.19634954084936207, 'total_energy': 10.704313451573015}
2026-06-08T15:01:25+12:00 scalar diagnostics {'step': 1191, 'time': 199.05767143004462, 'dt': 0.19634954084936207, 'total_energy': 10.723982147357477}
2026-06-08T15:01:25+12:00 scalar diagnostics {'step': 1192, 'time': 199.25402097089398, 'dt': 0.19634954084936207, 'total_energy': 10.743645800700003}
2026-06-08T15:01:25+12:00 scalar diagnostics {'step': 1194, 'time': 199.64672005259268, 'dt': 0.19634954084936207, 'total_energy': 10.783040959074773}
2026-06-08T15:01:25+12:00 scalar diagnostics {'step': 1195, 'time': 199.84306959344204, 'dt': 0.19634954084936207, 'total_energy': 10.802810586691745}
2026-06-08T15:01:25+12:00 progress {'step': 1196, 'time': 200.0, 'dt': 0.15693040655796153}
2026-06-08T15:01:25+12:00 scalar diagnostics {'step': 1196, 'time': 200.0, 'dt': 0.15693040655796153, 'total_energy': 10.818660587935417}
2026-06-08T15:01:25+12:00 run complete {'backend': 'numpy', 'equation_set': 'inhomogeneous_rmhd_s', 'equation_mode': 'nonlinear', 'grid': [16, 16, 16], 'steps': 1196, 't_final': 200.0, 'dt_last': 0.15693040655796153, 'total_energy_initial': 0.7500000000000001, 'total_energy_final': 10.818660587935417, 'psi_hat_max_abs': 203.6038220430353, 'output_dir': 'C:\\Users\\naoki\\Downloads\\rmhd-gpu-new\\examples\\outputs_nokia_rmhd_s_19', 'scalar_diagnostics_csv': 'C:\\Users\\naoki\\Downloads\\rmhd-gpu-new\\examples\\outputs_nokia_rmhd_s_19\\scalar_diagnostics.csv'}
