step,time,dt,psi_mean,psi_rms,psi_max_abs,omega_mean,omega_rms,omega_max_abs,du_par_mean,du_par_rms,du_par_max_abs,db_par_mean,db_par_rms,db_par_max_abs,s_mean,s_rms,s_max_abs,alfvenic_energy,du_par_energy,db_par_energy,total_energy_proxy,total_energy,total_energy_rhs_dissipation,total_energy_rhs_forcing,total_energy_rhs_stratification,total_energy_rhs_total,auto_dissipation_enabled,auto_dissipation_nu_perp,auto_dissipation_nu_par,auto_dissipation_kd,auto_dissipation_ud,auto_dissipation_Ed
0,0.0,0.0,1.734723475976807e-18,0.4342173625223503,1.4616505902339754,-6.938893903907228e-18,0.4342173625223504,1.578884777563656,-3.469446951953614e-18,0.4342173625223503,1.5171696917044408,3.469446951953614e-18,0.4342173625223503,1.34588600943537,-3.469446951953614e-18,0.4342173625223503,1.6791033171458931,0.416275849288917,0.0942723589579331,0.09427235895793307,0.6048205672047832,0.7500000000000001,0.0,0.0,0.0,0.0,1.0,2e-12,0.0,4.242640687119285,0.5766225342029709,0.16624677347532818
3,0.27653991261484145,0.09338543843959944,-1.734723475976807e-18,0.4234472552929869,1.3277859573069866,-6.938893903907228e-18,0.835383048771934,3.2054362109065124,1.734723475976807e-18,0.4450840602151432,1.6910618479566248,0.0,0.4211449939053022,1.3716016655424184,6.938893903907228e-18,0.4288630493229907,1.5446206922105028,0.4363409144524073,0.09904991032879859,0.0886815529457485,0.6240723777269545,0.7624132797428487,-6.259222408671654e-10,0.0,0.04547302601802309,0.04547302539210085,1.0,2e-12,0.0,4.242640687119285,0.5766225342029709,0.16624677347532818
6,0.5934279500717,0.11217940033515672,3.469446951953614e-18,0.39405639805578324,1.2466190621874178,0.0,1.1709701622987172,4.539305404767402,0.0,0.48445280890032044,1.8282443596843474,6.938893903907228e-18,0.3932171241995459,1.3902708251914202,-5.204170427930421e-18,0.5778170010007196,1.920402948035829,0.4231589458129585,0.1173472620257052,0.07730985338188057,0.6178160612205442,0.7852714859967005,-1.5515068408008516e-09,0.0,0.07384044636490704,0.0738404448134002,1.0,2e-12,0.0,4.242640687119285,0.5766225342029709,0.16624677347532818
8,0.8211073749322716,0.11201252769825687,-6.938893903907228e-18,0.37788079010679027,1.117309102714997,-8.673617379884035e-18,1.177171738549916,4.449503797456082,-1.734723475976807e-18,0.5088052395633752,1.8574709763989228,6.938893903907228e-18,0.3835051589704317,1.300106374327306,-1.734723475976807e-18,0.7137676192945531,2.5899655893852884,0.3866568164835872,0.1294413859035718,0.07353810347846805,0.589636305865627,0.8007297472195167,-3.754277961614151e-09,0.0,0.07047474367932573,0.07047473992504777,1.0,2e-12,0.0,4.242640687119285,0.5766225342029709,0.16624677347532818
10,1.039672678963726,0.10947086313765267,8.673617379884035e-18,0.37131873291616196,1.131304502952072,-3.469446951953614e-18,1.1742118698180344,3.81316699602527,3.469446951953614e-18,0.5312223360891926,1.9793744128970916,0.0,0.37539883800788293,1.3174255226001357,-1.734723475976807e-18,0.7812183046943599,3.1378385533325117,0.37050335115667243,0.14109858518002955,0.07046214378883436,0.5820640801255363,0.8173077746035438,-6.295897465562936e-09,0.0,0.07771430810080453,0.07771430180490706,1.0,4e-12,0.0,4.242640687119285,0.759234950913591,0.2882188553443814
12,1.265854562474367,0.1147548825567409,4.336808689942018e-18,0.3781405104249763,1.3446959273436554,0.0,1.2216149426503158,4.587853490872029,-5.204170427930421e-18,0.5531750690659484,2.1389112169090367,3.469446951953614e-18,0.3692635535282563,1.2778291820811238,-8.673617379884035e-18,0.7862612047036981,3.386340964974646,0.3792974564506472,0.15300132851805837,0.0681777859821577,0.6004765709508633,0.8355701610789907,-1.7597582249142528e-08,0.0,0.08309685649401052,0.08309683889642827,1.0,4e-12,0.0,4.242640687119285,0.759234950913591,0.2882188553443814
15,1.5579822398778265,0.09163162190980559,1.734723475976807e-18,0.3913867921313311,1.4638103504483164,-2.0816681711721685e-17,1.3093400827484003,6.2290148013701945,-1.734723475976807e-18,0.5802911893807567,2.2213641059404248,-1.734723475976807e-18,0.3722170319150875,1.4434780178277968,0.0,0.7375257508980817,3.1535057383393976,0.40516527024376336,0.16836893223646665,0.06927275942383862,0.6428069619040686,0.8589446643021077,-2.2853833499498122e-08,0.0,0.08190272827406367,0.08190270542023016,1.0,4e-12,0.0,4.242640687119285,0.759234950913591,0.2882188553443814
18,1.8264097163253608,0.09005425066476949,-1.734723475976807e-18,0.38913623208981035,1.3940386305632255,-2.0816681711721685e-17,1.4132535889121227,5.571596965941323,-4.336808689942018e-18,0.6060811264015424,2.2766755588691012,-1.734723475976807e-18,0.38586533096685244,1.5612395070543834,0.0,0.665707168818346,2.5662324210072853,0.4286494324749577,0.18366716589008125,0.07444602682107929,0.6867626251861182,0.8808634813535546,-2.7925822505725317e-08,0.0,0.08308846455895805,0.08308843663313555,1.0,4e-12,0.0,4.242640687119285,0.759234950913591,0.2882188553443814
20,2.0145255207660844,0.09561293917579179,-6.938893903907228e-18,0.38170782244155593,1.2664068125689596,6.938893903907228e-18,1.477392380009618,5.673947104192734,1.214306433183765e-17,0.6232117799463229,2.533045974572583,-3.469446951953614e-18,0.40160266588437804,1.600397816241668,0.0,0.6186987954693548,2.2370327188633263,0.43768406218305383,0.194196461331932,0.08064235062271968,0.7125228741377054,0.8965180386295373,-3.1724778851934505e-08,0.0,0.08509247207943985,0.085092440354661,1.0,8e-12,0.0,4.242640687119285,0.8760693179392572,0.38374872491727774
23,2.2986054835026777,0.09512896926401103,-1.734723475976807e-18,0.36950088314208734,1.0822582025875547,3.469446951953614e-18,1.5221509447215287,5.500686417646102,-3.469446951953614e-18,0.6461918272970791,2.702431687809601,-5.204170427930421e-18,0.4302472769616404,1.567272081602257,-3.469446951953614e-18,0.58762932159767,2.1545512548789536,0.4342757667855075,0.20878193883276902,0.09255635966645323,0.7356140652847297,0.9214036442435443,-7.171457257879699e-08,0.0,0.08973292028179317,0.0897328485672206,1.0,8e-12,0.0,4.242640687119285,0.8760693179392572,0.38374872491727774
26,2.568071679114053,0.08726344394347481,6.938893903907228e-18,0.3630702725282875,1.0641277251304273,-1.9081958235744878e-17,1.5360002930217056,5.850525106550624,3.469446951953614e-18,0.6669780945924497,2.656083622531396,-8.673617379884035e-18,0.4526375733076234,1.803938517742407,0.0,0.6080308692263007,2.0246717760044493,0.42156327216733186,0.22242988933308738,0.10244038638490706,0.7464335478853263,0.9486933495118978,-8.314966214954097e-08,0.0,0.10303774784061674,0.10303766469095459,1.0,8e-12,0.0,4.242640687119285,0.8760693179392572,0.38374872491727774
29,2.836292106053126,0.08893193958966648,-1.734723475976807e-18,0.3698765023548734,1.1507799541710442,-1.0408340855860843e-17,1.5491075390854259,6.381107218781289,9.107298248878237e-18,0.6897238367862027,2.7039570892664853,1.734723475976807e-18,0.4641635629760819,2.130230760398942,-1.734723475976807e-18,0.653019283554411,2.1963237255275594,0.41141616338310144,0.23785948551554018,0.10772390659732556,0.7569995554959672,0.9798606919606502,-9.385165194600293e-08,0.0,0.11794988855281188,0.11794979470115993,1.0,8e-12,0.0,4.242640687119285,0.8760693179392572,0.38374872491727774
31,3.0171133927752773,0.09159561671579657,0.0,0.37733121344893106,1.2279451656200555,-2.42861286636753e-17,1.5559557890712077,5.756692556062305,1.734723475976807e-18,0.704922203830214,2.555129314654243,1.734723475976807e-18,0.46782461733814007,2.1611146157890753,-1.734723475976807e-18,0.6807862760995937,2.4160134757568694,0.4098977319511402,0.24845765672642284,0.10942993629378855,0.7677853249713515,1.0023521487710392,-1.538455796740291e-07,0.0,0.12624861615155183,0.12624846230597217,1.0,1.6e-11,0.0,4.242640687119285,0.9930828212675599,0.4931067449483681
34,3.313175720563732,0.09976357657066995,-1.734723475976807e-18,0.3790194568528754,1.2936145034985216,-3.469446951953614e-18,1.6188573456097628,6.219162376292695,5.204170427930421e-18,0.7296486492197513,2.907207055848085,-1.734723475976807e-18,0.4703899406699419,1.9374448608939887,0.0,0.7027521939170094,2.4169004302345156,0.4191316789582825,0.26619357565410384,0.1106333481417357,0.7959586027541221,1.0399343253307538,-2.2057871841648125e-07,0.0,0.12936696485259608,0.12936674427387765,1.0,1.6e-11,0.0,4.242640687119285,0.9930828212675599,0.4931067449483681
36,3.51456277013927,0.101468708534682,-3.469446951953614e-18,0.3740294341456572,1.2771329272754963,-6.938893903907228e-18,1.6834800153134681,5.995775979620382,3.469446951953614e-18,0.7474380461764812,2.9165007719782836,-1.1275702593849246e-17,0.4719905798553033,1.7749477716045094,6.938893903907228e-18,0.7105239262003381,2.5495289395482477,0.42642539424816844,0.2793318164360578,0.1113875537360727,0.8171447644202989,1.0648402655762204,-2.3995753673085433e-07,0.0,0.1266999037957997,0.12669966383826298,1.0,1.6e-11,0.0,4.242640687119285,0.9930828212675599,0.4931067449483681
39,3.797123836117785,0.09120096503314679,-3.469446951953614e-18,0.37023772630931534,1.2942952480986776,-3.469446951953614e-18,1.738821748124781,6.5013102492265356,1.734723475976807e-18,0.7694342770607837,2.9273362366265507,-5.204170427930421e-18,0.4810331267402804,1.7692745174005426,1.0408340855860843e-17,0.7360176390968713,2.4430698700599365,0.4246943297544802,0.29601455335802535,0.11569643451076533,0.8364053176232709,1.098366682700704,-2.611045047795955e-07,0.0,0.12144204949473399,0.1214417883902292,1.0,1.6e-11,0.0,4.242640687119285,0.9930828212675599,0.4931067449483681
42,4.0668742571680605,0.0888525529978348,3.469446951953614e-18,0.3701354820259966,1.2824210407747234,-1.734723475976807e-18,1.7444890682998102,7.034708351312418,6.938893903907228e-18,0.7855809140436784,2.9925692183389163,-6.938893903907228e-18,0.4957757147438887,2.0507326036975115,9.540979117872439e-18,0.7613485999469503,2.819346154632325,0.42026237315246906,0.30856868625485057,0.12289677966490684,0.8517278390722265,1.131130575210252,-4.730120466849155e-07,0.0,0.12379749092800567,0.12379701791595898,1.0,3.2e-11,0.0,4.242640687119285,1.1057207205429087,0.6113091559189647
45,4.329625228571272,0.0882356565282918,1.734723475976807e-18,0.36837767607408417,1.2124282266847648,-2.6020852139652106e-18,1.7493359019356047,6.133079512892037,-3.469446951953614e-18,0.7996584083926941,2.956897372203877,0.0,0.5096925874621672,2.1636889567921336,6.938893903907228e-18,0.7703286999163853,2.79606738657819,0.42586054238450144,0.3197267850565683,0.12989326685693944,0.8754805942980093,1.165593563751963,-5.954112192685883e-07,0.0,0.13337077647972406,0.1333701810685048,1.0,3.2e-11,0.0,4.242640687119285,1.1057207205429087,0.6113091559189647
47,4.513979544564606,0.09362096950916127,3.469446951953614e-18,0.36903510520561494,1.184116118441013,-1.0408340855860843e-17,1.776413867952279,6.515915644858055,0.0,0.8090661595952027,3.008583858273749,-5.204170427930421e-18,0.5187580344356981,2.155407027129935,6.938893903907228e-18,0.7727204887956818,2.731750782718669,0.43284472316456235,0.3272940253010649,0.13455494914579447,0.8946936976114217,1.1904648242844682,-6.210481074759826e-07,0.0,0.13771904473418486,0.1377184236860774,1.0,3.2e-11,0.0,4.242640687119285,1.1057207205429087,0.6113091559189647
50,4.779114510359691,0.08548444057202388,1.734723475976807e-18,0.37422638541173175,1.3142973340773836,-3.469446951953614e-18,1.8507817627548273,6.353607318028459,-1.734723475976807e-18,0.8224483134266187,3.0397153281542812,-8.673617379884035e-18,0.5305127803448351,2.1475908822871785,8.673617379884035e-18,0.7788602359192294,2.838445610795613,0.443711423924965,0.33821061412914477,0.14072190505460364,0.9226439431087134,1.2271541302792794,-6.524925989108975e-07,0.0,0.14107378584665156,0.14107313335405264,1.0,6.4e-11,0.0,4.242640687119285,1.198333475375773,0.7180015591030892
53,5.020389758389967,0.07912466571728999,0.0,0.3782003564713978,1.3101448307153287,6.938893903907228e-18,1.873585370372135,6.681917148703146,4.336808689942018e-18,0.8375047720350483,3.0397086234802337,-8.673617379884035e-18,0.5372909046516543,2.1432593397496555,1.0408340855860843e-17,0.7917122532236517,2.771020154601162,0.45475799511757975,0.350707121590739,0.14434075811069652,0.9498058748190152,1.2633848717439191,-1.3842225584579184e-06,0.0,0.1521756023668036,0.15217421814424514,1.0,6.4e-11,0.0,4.242640687119285,1.198333475375773,0.7180015591030892
56,5.263781558900866,0.08339019667404136,-8.673617379884035e-19,0.38204422665582,1.20947398165054,-6.938893903907228e-18,1.8856215218853762,6.4457280908259955,1.734723475976807e-18,0.8548234927815405,3.0645580233978262,-2.42861286636753e-17,0.5443529313289467,2.3924777607531316,5.204170427930421e-18,0.8159993970858468,3.1251560626051984,0.4594028234338441,0.3653616019056162,0.14816005692320847,0.9729244822626687,1.3008653935178827,-1.4563248633110132e-06,0.0,0.15633003962688488,0.15632858330202157,1.0,6.4e-11,0.0,4.242640687119285,1.198333475375773,0.7180015591030892
59,5.5322561182232945,0.08960552824898743,1.734723475976807e-18,0.38682575726956836,1.1657115911075742,8.673617379884035e-18,1.895976233617696,7.0752818638442445,5.204170427930421e-18,0.8725507227008087,2.991906680828652,-1.734723475976807e-17,0.5581180297680529,2.3258388454636254,1.0408340855860843e-17,0.8460494729683709,3.2620164876096176,0.4549896840210305,0.3806723818428517,0.1557478675760866,0.9914099334399689,1.3404237229077713,-1.5266227031180855e-06,0.0,0.15063202213363702,0.1506304955109339,1.0,6.4e-11,0.0,4.242640687119285,1.198333475375773,0.7180015591030892
62,5.801046891841159,0.08948232175635429,1.734723475976807e-18,0.38369908764166033,1.2300521917259226,1.9081958235744878e-17,1.9648908639932636,6.9623822636152415,-5.204170427930421e-18,0.8884793133799594,3.1167019724941616,-1.0408340855860843e-17,0.5753528900780459,2.3447738183479494,3.469446951953614e-18,0.859003377464266,3.2710561879327025,0.45441551939522995,0.39469774515206213,0.16551547406057995,1.014628738607872,1.3793736493421063,-2.673827159811388e-06,0.0,0.1480008235323745,0.1479981497052147,1.0,1.28e-10,0.0,4.242640687119285,1.269360677827826,0.8056382652077588
65,6.069546502399301,0.08875914663825196,-6.938893903907228e-18,0.376982419416758,1.1714307175771022,3.0357660829594124e-17,2.000691177279763,7.899504101781059,-3.469446951953614e-18,0.900280532674325,3.2521083221337954,-1.3877787807814457e-17,0.595992871744983,2.361716265877763,1.734723475976807e-18,0.8629577558525107,3.0987121011963734,0.4555564578603771,0.4052525187561831,0.17760375158541586,1.0384127282019762,1.4170844236516125,-3.347578821864336e-06,0.0,0.14408654493664672,0.14408319735782485,1.0,1.28e-10,0.0,4.242640687119285,1.269360677827826,0.8056382652077588
68,6.335217009426063,0.08859650253463257,-1.734723475976807e-18,0.3750885435631108,1.3240987311340537,1.8214596497756474e-17,2.037135496657572,7.966010489827381,-3.469446951953614e-18,0.9230351555728522,3.3764127840742333,3.469446951953614e-18,0.605152876540907,2.1254070928452355,6.938893903907228e-18,0.8668239653175358,3.052949176807342,0.4606852023289836,0.4259969492116997,0.18310500199286706,1.0697871535335504,1.4557657779755977,-3.469493229431936e-06,0.0,0.14936447062163308,0.14936100112840364,1.0,1.28e-10,0.0,4.242640687119285,1.269360677827826,0.8056382652077588
70,6.51078765254301,0.08782634358906938,-5.204170427930421e-18,0.3751605864891055,1.355506108877667,1.734723475976807e-17,2.0702808808636304,7.763288077468739,1.734723475976807e-18,0.9391422120441509,3.432915731836308,-6.938893903907228e-18,0.6072921190213273,2.222568266400688,0.0,0.8678774943108996,2.9332864623991335,0.46997188549081237,0.4409940472215905,0.184401858912707,1.0953677916251099,1.4831367137232854,-3.5703986672202646e-06,0.0,0.15951618322187539,0.15951261282320817,1.0,2.56e-10,0.0,4.242640687119285,1.359145408144942,0.9236381202407402
73,6.782224958536199,0.09163961699114237,1.734723475976807e-18,0.37389905951817254,1.3238708217812096,-3.469446951953614e-18,2.1519357180542036,8.341689547622959,5.204170427930421e-18,0.9575311137148964,3.627752882812223,-1.3877787807814457e-17,0.6123629314327595,2.3118008227763562,1.0408340855860843e-17,0.8733104614166327,3.101201743696705,0.4877586493739669,0.4584329168660448,0.18749417989646128,1.133685746136473,1.5271011397782617,-7.553293667763258e-06,0.0,0.16607329156698095,0.1660657382733132,1.0,2.56e-10,0.0,4.242640687119285,1.359145408144942,0.9236381202407402
76,7.029086998420641,0.07802842542151446,0.0,0.3752100670980028,1.2428122818207945,-2.0816681711721685e-17,2.1692231564812663,8.340010732585029,0.0,0.9681076379795226,3.2914320335606155,-1.0408340855860843e-17,0.6227598295962471,2.3280970879928686,0.0,0.897724214090476,3.122575673741901,0.4920462352297802,0.46861619935714516,0.1939149026793733,1.1545773372662986,1.5660876063780496,-8.145226097344518e-06,0.0,0.16143244528337808,0.16142430005728073,1.0,2.56e-10,0.0,4.242640687119285,1.359145408144942,0.9236381202407402
79,7.2565820407192465,0.074907617509442,0.0,0.374868586861223,1.237008723511253,0.0,2.151770782581437,8.126429296145915,1.1275702593849246e-17,0.9743662885006575,3.4345477648637983,0.0,0.6360466762075151,2.3419750036876987,6.938893903907228e-18,0.9283749622441706,3.3106792383350667,0.48854627676599316,0.4746948320832733,0.2022776871573137,1.1655187960065803,1.6005041022047974,-8.56859402451438e-06,0.0,0.15410969900977706,0.15410113041575255,1.0,2.56e-10,0.0,4.242640687119285,1.359145408144942,0.9236381202407402
83,7.577372371904317,0.08648048902645276,0.0,0.36726530217298986,1.2543925338330617,-2.7755575615628914e-17,2.3069960993135017,8.911011905561244,-3.469446951953614e-18,0.9855397154475379,4.116429919450168,0.0,0.6497933908434447,2.787737334520783,1.3877787807814457e-17,0.9486317210108363,3.389839327122335,0.4990941097642958,0.485644265362207,0.2111157253919108,1.1958541005184138,1.6499434042794792,-1.5767820033059353e-05,0.0,0.1574792760322718,0.15746350821223873,1.0,5.12e-10,0.0,4.242640687119285,1.4446169436942793,1.0434590570043003
85,7.751675520763007,0.08722122957180004,-2.6020852139652106e-18,0.3637344278803562,1.1822570392927885,-4.163336342344337e-17,2.398230511580206,9.00261553047121,1.3010426069826053e-17,0.9962812040100917,4.227696016833694,-6.938893903907228e-18,0.6527763623998917,2.9920622941203683,0.0,0.9525917703584597,3.2802377041031474,0.5099587783316599,0.49628811873189893,0.2130584896540173,1.2193053867175763,1.6773702682293528,-1.847115604556482e-05,0.0,0.16230754084797241,0.16228906969192686,1.0,5.12e-10,0.0,4.242640687119285,1.4446169436942793,1.0434590570043003
88,8.000549505359718,0.08192181278260284,3.469446951953614e-18,0.36607561150620327,1.219724832877623,-3.469446951953614e-17,2.402919168697503,8.738817234055562,0.0,1.0120125388656873,4.033263326813912,-1.3877787807814457e-17,0.6572101298323845,3.0605494463865095,3.469446951953614e-18,0.969649226963157,3.424907907521245,0.5182696133337171,0.512084689410687,0.2159625773771498,1.246316880121554,1.7161387558032706,-1.8988922706488664e-05,0.0,0.16063833192612684,0.16061934300342035,1.0,5.12e-10,0.0,4.242640687119285,1.4446169436942793,1.0434590570043003
91,8.255831978177326,0.08597214533156973,1.734723475976807e-18,0.3708333661205025,1.2574750445119818,-4.163336342344337e-17,2.3903219333884254,8.816590789529426,0.0,1.028731172237601,3.8253021624946015,0.0,0.661224318381798,2.7849695455020935,0.0,0.9941327464033963,3.2827268782360397,0.521771077092732,0.5291439123666742,0.21860879960973661,1.2695237890691426,1.7549735663962003,-2.6174176497715325e-05,0.0,0.1575024372938469,0.15747626311734916,1.0,1.024e-09,0.0,4.242640687119285,1.5201277517428982,1.1553941908094592
94,8.5121841518322,0.08326470065024817,-3.469446951953614e-18,0.3700701424158806,1.1774880946272175,-6.938893903907228e-17,2.4422536726766695,10.435488140969206,6.938893903907228e-18,1.0466239391799559,3.6559815604000843,-6.938893903907228e-18,0.6644018420872173,2.7115388246705057,0.0,1.0095900751604086,3.9607688732901165,0.5306380403992907,0.5477108350322839,0.22071490388444376,1.2990637793160185,1.7949821555633099,-3.982231351804595e-05,0.0,0.16152691851666373,0.1614870962031457,1.0,1.024e-09,0.0,4.242640687119285,1.5201277517428982,1.1553941908094592
97,8.756667911570297,0.08158726045430667,-3.469446951953614e-18,0.36864279859225596,1.1282354210028838,-5.204170427930421e-17,2.5185661010341547,9.428482543543257,3.469446951953614e-18,1.0564240317690314,4.121771672791858,-6.938893903907228e-18,0.6727086976181493,2.808073314479262,-3.469446951953614e-18,1.0253525667710923,3.8964836272560577,0.5416264838185009,0.5580158674495677,0.22626849592555337,1.325910847193622,1.8360432723888733,-4.001964755823807e-05,0.0,0.17293090769252317,0.17289088804496494,1.0,1.024e-09,0.0,4.242640687119285,1.5201277517428982,1.1553941908094592
100,9.00754686601054,0.08399470618944095,-3.469446951953614e-18,0.36691880264540555,1.2416428724021051,-4.5102810375396984e-17,2.5628095451005515,9.594408682394679,1.0408340855860843e-17,1.0667188185660748,4.008003992860415,-6.938893903907228e-18,0.6799857718096233,2.53480328202523,1.734723475976807e-17,1.0488985449105512,4.027655396698567,0.5519127724232308,0.568944518941501,0.23119032493176447,1.3520476162964963,1.880288743757438,-4.046806488414189e-05,0.0,0.18193704489052204,0.1818965768256379,1.0,2.048e-09,0.0,4.242640687119285,1.6002603135939437,1.2804165356318935
103,9.262067122428139,0.08458040343396331,-8.673617379884035e-18,0.3649892195434256,1.4086552489627866,-4.163336342344337e-17,2.6165064245406238,12.100338521886979,0.0,1.0806603074784848,3.8792205536940347,-6.938893903907228e-18,0.6870074924331059,2.564927722005585,3.469446951953614e-18,1.0616441976901263,4.702664526258391,0.5627351506913749,0.5839133500797468,0.23598964732961197,1.3826381481007337,1.9229416641024057,-8.548849457244701e-05,0.0,0.1743623860764362,0.17427689758186377,1.0,2.048e-09,0.0,4.242640687119285,1.6002603135939437,1.2804165356318935
106,9.525615844132409,0.08866353445783776,-3.469446951953614e-18,0.3680902868419869,1.4734726942639274,-2.7755575615628914e-17,2.746779923405416,9.207529331263796,-1.734723475976807e-18,1.0997546002742575,4.031169697944371,-1.3877787807814457e-17,0.6939060231683704,2.847381547703491,6.938893903907228e-18,1.0582028212130863,4.766516097121996,0.5781765767011279,0.604730090412196,0.2407527844946715,1.4236594516079955,1.9667564030249671,-9.080969627911804e-05,0.0,0.17412635961163214,0.17403554991535303,1.0,2.048e-09,0.0,4.242640687119285,1.6002603135939437,1.2804165356318935
109,9.783198532688447,0.08109308658019448,-1.734723475976807e-18,0.3729274476820142,1.339746048658065,-3.8163916471489756e-17,2.7806426603536853,11.266123191796382,1.1275702593849246e-17,1.1194511452035094,3.9676196472827177,-1.3877787807814457e-17,0.7017871908333857,2.7981721434226428,6.938893903907228e-18,1.0568301229392243,4.269633861186881,0.5911988697676591,0.6265854332487242,0.24625263060890745,1.4640369336252907,2.011849839597167,-9.292605472280335e-05,0.0,0.18283771271076307,0.18274478665604027,1.0,2.048e-09,0.0,4.242640687119285,1.6002603135939437,1.2804165356318935
112,10.020663511621608,0.07875959695240266,-5.204170427930421e-18,0.37609819299329156,1.2742377683508659,-2.0816681711721685e-17,2.724294583913541,10.392428503299058,8.673617379884035e-18,1.1348757417679207,3.9800579863074823,6.938893903907228e-18,0.7126698411256931,2.9495702074742156,-6.938893903907228e-18,1.0666756569484324,4.0161271843912285,0.5939929282587044,0.6439714746266441,0.25394915122506034,1.491913554110409,2.0530678837595886,-0.00015911303322142147,0.0,0.18028185884984577,0.18012274581662435,1.0,4.096e-09,0.0,4.242640687119285,1.6569969138879883,1.3728193863171585
116,10.302178562805397,0.06714269558249521,-3.469446951953614e-18,0.37751551614368567,1.2956270692328284,-1.3877787807814457e-17,2.7244189567126944,10.418495545818878,1.214306433183765e-17,1.151025408573274,4.220463432192544,-6.938893903907228e-18,0.725519251239578,2.489039314593244,-3.469446951953614e-18,1.087162394642066,4.095514726497166,0.5955081825376022,0.6624297455906362,0.2631890919596189,1.5211270200878573,2.1034350715749213,-0.00020258193574019528,0.0,0.18371594872481709,0.1835133667890769,1.0,4.096e-09,0.0,4.242640687119285,1.6569969138879883,1.3728193863171585
119,10.508090152913319,0.07060330474441648,-1.734723475976807e-18,0.37672897757638246,1.1235269877811147,-3.469446951953614e-17,2.843098154825204,10.14013945176779,0.0,1.1545848685379068,4.594450775906817,6.938893903907228e-18,0.7384561701634699,2.6945846285043142,3.469446951953614e-18,1.0981682456107045,3.8344235311612715,0.6048735959381496,0.6665331093283476,0.2726587576262498,1.544065462892747,2.142337064349274,-0.00021599916171447718,0.0,0.19342158004065615,0.19320558087894169,1.0,4.096e-09,0.0,4.242640687119285,1.6569969138879883,1.3728193863171585
123,10.814701632265322,0.0757065082371744,-2.6020852139652106e-18,0.3714590770234722,1.1434810516437977,-2.7755575615628914e-17,2.9762491200143817,10.890520236449742,3.122502256758253e-17,1.1685741935960061,4.507018769829569,-6.938893903907228e-18,0.7420830869521469,2.8990769064811923,-3.469446951953614e-18,1.110711470783184,4.141774567639965,0.6390229927583102,0.6827828229692781,0.2753436539702137,1.597149469697802,2.2055867159269384,-0.0004024752347474497,0.0,0.2130650568852629,0.21266258165051544,1.0,8.192e-09,0.0,4.242640687119285,1.722415607196677,1.4833577619573486
126,11.034674561714258,0.0738946641032531,0.0,0.3715546492028447,1.1861774765877162,-2.0816681711721685e-17,2.983154799454904,11.855350516799252,6.938893903907228e-18,1.1796147400507813,4.610981498008911,-6.938893903907228e-18,0.7410553709165569,2.707400310266558,-6.938893903907228e-18,1.1270917556484552,3.847557080334632,0.6630262489558405,0.6957454674725361,0.27458153138213787,1.6333532478105144,2.250925452118346,-0.00046904532415502007,0.0,0.2132966346237406,0.2128275892995856,1.0,8.192e-09,0.0,4.242640687119285,1.722415607196677,1.4833577619573486
129,11.262968018721121,0.07610471447617019,-1.734723475976807e-18,0.3782149932531367,1.2010479941991417,-1.3877787807814457e-17,3.1025485780302335,12.849640474349105,2.0816681711721685e-17,1.1850116661666106,4.196497285579753,0.0,0.7460150145991099,2.9942433243222437,0.0,1.1481167817763422,3.8777426512341444,0.6806266406798942,0.7021263244754831,0.27826920100365493,1.6610221661590323,2.295197846203733,-0.0004737930895374535,0.0,0.20199948258905964,0.20152568949952218,1.0,8.192e-09,0.0,4.242640687119285,1.722415607196677,1.4833577619573486
132,11.50293355613976,0.07836717103238704,-6.938893903907228e-18,0.37638745166373827,1.2249016631183205,-6.245004513516506e-17,3.2816875079865433,12.796056321379954,0.0,1.1891572640317107,4.166148742530233,-2.0816681711721685e-17,0.7538757154798024,2.9872183138242825,-2.0816681711721685e-17,1.164771772955965,4.608368918259793,0.6975679651378792,0.7070474992996919,0.2841642971950919,1.6887797616326632,2.3392512452579997,-0.0008117518321485591,0.0,0.1937682587632428,0.19295650693109423,1.0,1.6384e-08,0.0,4.242640687119285,1.8078716620442052,1.6341999732112384
136,11.819473489558737,0.08155825953889873,-1.0408340855860843e-17,0.3721422752439131,1.2653570097156686,-5.204170427930421e-17,3.350397703352524,15.327874465994917,1.0408340855860843e-17,1.1855763393630079,4.142281580078116,-2.0816681711721685e-17,0.7723806389361386,2.8795152268362942,-6.938893903907228e-18,1.173922249211254,5.2622950886097755,0.7236050614018896,0.702795628228695,0.2982859257016989,1.7246866153322835,2.3950577717761488,-0.0009975440322967084,0.0,0.18724034650650587,0.18624280247420916,1.0,1.6384e-08,0.0,4.242640687119285,1.8078716620442052,1.6341999732112384
139,12.061712099802323,0.07834582068444675,-1.734723475976807e-18,0.3745982992537069,1.3363333116407534,-4.85722573273506e-17,3.3754023667931636,14.113637477482921,1.0408340855860843e-17,1.192602605067355,4.477186054030195,-1.3877787807814457e-17,0.7781408731255096,3.1073884019396605,0.0,1.1899550573983033,5.815609485847222,0.7377248336844962,0.7111504868067207,0.3027516092142652,1.751626929705482,2.436696659349253,-0.0009989835127038307,0.0,0.18391450487732636,0.18291552136462252,1.0,1.6384e-08,0.0,4.242640687119285,1.8078716620442052,1.6341999732112384
142,12.303125844188141,0.08239230116474368,-5.204170427930421e-18,0.37909171353141685,1.2969469342176116,-5.204170427930421e-17,3.4565598408762166,13.328077105939133,6.938893903907228e-18,1.2115196439496478,4.481383787281716,-2.7755575615628914e-17,0.7719996895802679,2.808165742294676,0.0,1.2199924795773796,4.76791111008127,0.7471661356201615,0.7338899238379408,0.29799176035601493,1.7790478198141173,2.4789026257309796,-0.0016443053274176416,0.0,0.1883373285790217,0.18669302325160406,1.0,3.2768e-08,0.0,4.242640687119285,1.8840591530167206,1.7748394460330412
145,12.552471018996464,0.08307287373465502,-6.938893903907228e-18,0.3792726660736426,1.2219781244075416,-3.122502256758253e-17,3.591113518302737,14.609683125041585,1.3877787807814457e-17,1.2196722106229103,4.716079997448189,-2.0816681711721685e-17,0.7707190936893203,3.075827677852242,3.469446951953614e-18,1.2492640098051997,4.344138400602295,0.7671190407834824,0.7438001506828885,0.29700396068864365,1.8079231521550145,2.5263054657161907,-0.0019516265531304693,0.0,0.2059898634670047,0.20403823691387424,1.0,3.2768e-08,0.0,4.242640687119285,1.8840591530167206,1.7748394460330412
148,12.779712496461222,0.07236607793385288,-7.806255641895632e-18,0.3791753295164741,1.2966574754126419,-3.9898639947466563e-17,3.521231455013637,12.680579361415408,1.3877787807814457e-17,1.223009981399707,4.583433546729918,-1.3877787807814457e-17,0.7726856699899465,3.1890561694798505,0.0,1.2676826073957546,4.70224955799301,0.7922854444775507,0.7478767073016557,0.29852157230390625,1.8386837240831126,2.5711004785223173,-0.0019621274650004393,0.0,0.21074238282626967,0.20878025536126923,1.0,3.2768e-08,0.0,4.242640687119285,1.8840591530167206,1.7748394460330412
151,13.002913127128437,0.07778191116066278,-4.336808689942018e-18,0.3809370944642893,1.2273601472883617,-2.7755575615628914e-17,3.5257464174040156,12.650231175278375,1.734723475976807e-17,1.2321865516766104,4.38994414012655,-2.0816681711721685e-17,0.7722579928022678,3.246490968881444,-6.938893903907228e-18,1.2806670796304547,4.495479609607807,0.8143146207449208,0.759141849066348,0.29819120372349367,1.8716476735347625,2.6126680828475393,-0.00271441032260987,0.0,0.20119354749520713,0.19847913717259724,1.0,6.5536e-08,0.0,4.242640687119285,1.9397449619855718,1.8813052587742038
155,13.308528780157959,0.07285807579392749,-8.673617379884035e-19,0.38808308466017516,1.2865340304300834,-2.0816681711721685e-17,3.759185744981626,14.809440655283787,1.0408340855860843e-17,1.230783727357771,4.509596537649838,-1.3877787807814457e-17,0.7853701964726159,2.968450245546907,3.469446951953614e-18,1.2924477640030778,4.082140567640749,0.8463672391854643,0.757414291764344,0.30840317275371765,1.912184703703526,2.6716016065799133,-0.0041922394448214596,0.0,0.21136443258643403,0.20717219314161256,1.0,6.5536e-08,0.0,4.242640687119285,1.9397449619855718,1.8813052587742038
158,13.526687680776773,0.07413384459753285,-3.469446951953614e-18,0.38955394741859695,1.33782512336074,-6.071532165918825e-17,3.7722013352908994,15.389645054114997,1.3877787807814457e-17,1.2321961199282747,5.491361285807016,-6.938893903907228e-18,0.7958432840450571,2.819712588885677,-3.469446951953614e-18,1.3047051084800245,4.783913464241547,0.8620241383936894,0.7591536389831475,0.31668326637981065,1.9378610437566477,2.714153273561803,-0.004432586585472996,0.0,0.21280033773581403,0.20836775115034104,1.0,6.5536e-08,0.0,4.242640687119285,1.9397449619855718,1.8813052587742038
162,13.786873156313593,0.06376643318852546,0.0,0.3850040021371783,1.2663793830049883,-6.765421556309548e-17,3.793426543381038,14.771691444767447,1.0408340855860843e-17,1.2564687654388105,4.816084944993598,-6.938893903907228e-18,0.7931840554551549,2.9084597808361234,-1.3877787807814457e-17,1.3191427320241829,5.196807722324815,0.8773144946642774,0.7893568792616641,0.3145704729141431,1.9812418468400845,2.7656494575663286,-0.006872757504769472,0.0,0.21582589462579937,0.2089531371210299,1.0,1.31072e-07,0.0,4.242640687119285,1.9985331871183218,1.9970674500066588
166,14.065623778033858,0.0716244164791432,-1.734723475976807e-18,0.3865308038072441,1.2556282759902768,-4.85722573273506e-17,3.811062601897208,14.255636489611517,2.0816681711721685e-17,1.2666809551269593,4.396237130261645,-2.0816681711721685e-17,0.8063290896738465,3.0474071737984767,-6.938893903907228e-18,1.345176958267227,4.956515345112995,0.8777825238394492,0.802240321040673,0.32508330042712696,2.0051061453072494,2.8187547289787043,-0.009497436787813961,0.0,0.2142298114766288,0.20473237468881486,1.0,1.31072e-07,0.0,4.242640687119285,1.9985331871183218,1.9970674500066588
169,14.292413275646009,0.07081548178918877,-6.938893903907228e-18,0.3820251410715339,1.360493410572524,-3.642919299551295e-17,3.8732451687304517,13.839269694180834,5.204170427930421e-18,1.2619161157728973,4.717352586877146,-1.3877787807814457e-17,0.8266132659963263,3.4453227712440304,-2.0816681711721685e-17,1.3607441494786119,4.7142352450638,0.8813545425254483,0.7962161416236779,0.34164474576055665,2.019215429909683,2.860798828562112,-0.009575213295361927,0.0,0.21272623926082523,0.2031510259654633,1.0,1.31072e-07,0.0,4.242640687119285,1.9985331871183218,1.9970674500066588
173,14.554853749747785,0.06061599577683033,-3.469446951953614e-18,0.38764089702443516,1.5036109627144598,-2.42861286636753e-17,3.898159710276891,15.875297789788464,6.938893903907228e-18,1.2596839905818997,4.775876966545981,-6.938893903907228e-18,0.8426618457069539,3.160180307877392,0.0,1.3756677841348177,4.686878761547575,0.897129394315272,0.7934018780641698,0.35503949310512506,2.045570765484567,2.9115749587124196,-0.016774764068099617,0.0,0.22464515852942987,0.20787039446133027,1.0,2.62144e-07,0.0,4.242640687119285,2.044898573598185,2.0908050881519453
177,14.790784139796763,0.06112511349892889,-6.938893903907228e-18,0.40143684591059714,1.385545988161013,-1.1102230246251565e-16,3.92178303680083,16.116632211883818,-5.204170427930421e-18,1.2486497355771404,4.879760176245421,-6.938893903907228e-18,0.8590389218040491,3.289059261893244,-1.3877787807814457e-17,1.3870951763155561,4.90252079206228,0.9202858858303016,0.7795630810784312,0.36897393458713146,2.0688229014958646,2.9572857536856243,-0.01944780392956086,0.0,0.22633560630862248,0.20688780237906162,1.0,2.62144e-07,0.0,4.242640687119285,2.044898573598185,2.0908050881519453
181,15.05968386611511,0.0674234515278075,3.469446951953614e-18,0.4003038772112882,1.398926053232741,-7.45931094670027e-17,4.056800716937508,19.32238732874655,6.938893903907228e-18,1.2757408421268215,4.746068147202603,-2.0816681711721685e-17,0.844557585118337,3.202776672886416,-1.0408340855860843e-17,1.3881242122538706,5.163898164091976,0.956160197347365,0.8137573481352258,0.35663875729045846,2.126556302773049,3.003455043797773,-0.024601086421877177,0.0,0.2157815633117695,0.19118047688989234,1.0,5.24288e-07,0.0,4.242640687119285,2.105483225622955,2.216529806689822
184,15.266379769238728,0.06882119599949316,-5.204170427930421e-18,0.4007979347080172,1.2514587739582979,-1.0581813203458523e-16,4.217145601155313,17.827801979487447,0.0,1.2997402197560621,4.427346082602257,-1.734723475976807e-17,0.8279365540465291,3.1993571473305513,-2.0816681711721685e-17,1.3830157171693238,5.019540544732873,0.9849488659765409,0.8446623194257682,0.3427394687632206,2.1723506541655295,3.0315278908918417,-0.04009733496707551,0.0,0.20179070444086064,0.16169336947378513,1.0,5.24288e-07,0.0,4.242640687119285,2.105483225622955,2.216529806689822
188,15.542369211096249,0.06777157886487445,4.336808689942018e-18,0.41843520935437417,1.351224005616872,-1.1796119636642288e-16,4.282491559115563,15.653923077169491,6.938893903907228e-18,1.303382496196876,4.82079214613407,-1.734723475976807e-17,0.8229630154495231,3.1129717843042366,-2.0816681711721685e-17,1.3879577060453503,5.033797505147586,1.024854120656888,0.8494029656961997,0.33863406239888594,2.2128911487519733,3.0716603914689404,-0.04117525868574135,0.0,0.21225238018899656,0.17107712150325521,1.0,5.24288e-07,0.0,4.242640687119285,2.105483225622955,2.216529806689822
192,15.79817462768086,0.059395839257892394,-5.204170427930421e-18,0.4218572588933549,1.5552365118653058,-8.326672684688674e-17,4.240682517174115,18.576376401229034,-1.0408340855860843e-17,1.2963045902558248,5.42597465532193,-1.0408340855860843e-17,0.8238802761226067,2.8421593069673516,-2.0816681711721685e-17,1.4023211555797042,5.510921547631595,1.0572005472549542,0.8402027953591609,0.3393893546919313,2.236792697306046,3.107138300312304,-0.06126368420108635,0.0,0.22799132940706024,0.16672764520597388,1.0,1.048576e-06,0.0,4.242640687119285,2.1627267649062674,2.3386935298209646
196,16.050198112505683,0.06225907116799344,4.336808689942018e-18,0.41544436221708203,1.5845889025584001,-9.020562075079397e-17,4.320739113400976,15.523624116554835,0.0,1.2925759997317159,4.97465467665483,-6.938893903907228e-18,0.8250882035120093,2.9629576009869485,-1.734723475976807e-17,1.4057545467862071,5.235909472072535,1.0814006457649779,0.8353763575412223,0.34038527178733735,2.2571622750935374,3.1311069252496,-0.08586236842766815,0.0,0.21333281508480262,0.12747044665713447,1.0,1.048576e-06,0.0,4.242640687119285,2.1627267649062674,2.3386935298209646
200,16.30647122546307,0.06328345398541106,5.204170427930421e-18,0.41436037501839523,1.4416167037488785,-5.551115123125783e-17,4.356943574997961,13.83096818374884,-7.806255641895632e-18,1.2749818634926204,4.486490137935194,-1.734723475976807e-17,0.837412692197008,3.130792703533802,-1.3877787807814457e-17,1.4186171825484746,5.172130208585291,1.0976636199219254,0.8127893761175573,0.35063000852632037,2.261083004565803,3.155081184960001,-0.08885674187138815,0.0,0.2164776960496934,0.12762095417830527,1.0,2.097152e-06,0.0,4.242640687119285,2.1909998405228457,2.4002401505855673
203,16.51178624812145,0.0687654478319571,-5.204170427930421e-18,0.4176868379424434,1.6701005517753265,-9.367506770274758e-17,4.35277900169174,16.652127133362928,-7.806255641895632e-18,1.2491971365891967,3.990393002315476,-1.0408340855860843e-17,0.8480749924712707,3.3572707670403563,-2.0816681711721685e-17,1.4514252783225996,5.461910998467916,1.0868511710619244,0.780246743031324,0.3596155964275729,2.2267135105208213,3.1551206483579293,-0.1781135373396802,0.0,0.23491780141838253,0.05680426407870234,1.0,2.097152e-06,0.0,4.242640687119285,2.1909998405228457,2.4002401505855673
207,16.757175388798476,0.0571437385462221,-3.469446951953614e-18,0.4205836728737422,1.6765020469760015,-1.4224732503009818e-16,4.286319894065794,15.831027453564799,8.673617379884035e-18,1.2418084371829372,4.293417382500685,-2.42861286636753e-17,0.8467010583372404,3.484079892146908,-2.0816681711721685e-17,1.4772262641511642,5.235584403736336,1.0753238455147578,0.7710440973293642,0.3584513410947014,2.204819283938823,3.152463932617986,-0.1743139716486769,0.0,0.21668668670460903,0.042372715055932125,1.0,2.097152e-06,0.0,4.242640687119285,2.1909998405228457,2.4002401505855673
212,17.052553587332646,0.0603968647220961,-4.336808689942018e-18,0.41507789992879507,1.4623178858566348,-1.1102230246251565e-16,4.3160720461585,16.912480824992244,5.204170427930421e-18,1.2375109568011233,4.218238753327541,-3.122502256758253e-17,0.8365724744895733,3.1248183521735844,3.469446951953614e-18,1.4547236641473,5.14730761061676,1.0827661224649567,0.7657166841014158,0.34992675253680383,2.1984095591031765,3.11971596517812,-0.23382146642265386,0.0,0.19262066761283955,-0.04120079880981431,1.0,4.194304e-06,0.0,4.242640687119285,2.1781230661133253,2.3721100455674566
216,17.29108039524133,0.058836672896905966,-2.6020852139652106e-18,0.40843525973538447,1.48351132147562,-1.1102230246251565e-16,4.31130025411122,17.05245342864697,3.469446951953614e-18,1.210042231394605,4.60323624830661,-2.7755575615628914e-17,0.8374709174428484,3.0811345751084422,-3.469446951953614e-17,1.4433952903188236,5.549547712673733,1.0749290324919316,0.7321011008792173,0.3506787687812831,2.1577089021524323,3.0709029612446463,-0.3132115583025053,0.0,0.19730891510538057,-0.11590264319712473,1.0,4.194304e-06,0.0,4.242640687119285,2.1781230661133253,2.3721100455674566
220,17.540537758995374,0.0667883831220577,8.673617379884035e-19,0.4037630144562192,1.4682269078438428,-1.1622647289044608e-16,4.276243735065784,17.524716434850053,-1.734723475976807e-18,1.1729898056426853,4.332191776362757,0.0,0.8443675389705242,3.0568491233655153,-1.734723475976807e-17,1.4483641277024737,5.038606429788587,1.0541269866431278,0.6879525420708323,0.35647827043356983,2.09855779914753,3.0214309041132434,-0.3035167212014786,0.0,0.18776057731069853,-0.11575614389078007,1.0,8.388608e-06,0.0,4.242640687119285,2.137334926526691,2.2841002940754276
224,17.802700592055206,0.06503747779772313,-4.336808689942018e-18,0.40344863354431965,1.5070360260850693,-5.898059818321144e-17,4.0492780102633645,14.648002826094029,8.673617379884035e-19,1.145013729770917,4.165924126263985,-3.469446951953614e-18,0.8220645861672247,3.120579619219674,-2.42861286636753e-17,1.418473977911188,5.048559807460419,1.0080328266573673,0.6555282206819534,0.33789509191514505,2.0014561392544654,2.882609706192632,-0.5566150491231087,0.0,0.1725156132258545,-0.38409943589725415,1.0,8.388608e-06,0.0,4.242640687119285,2.137334926526691,2.2841002940754276
227,18.007326224954472,0.0684164239464157,-7.806255641895632e-18,0.4119274190754699,1.3649940127965716,-6.938893903907228e-17,3.963321766999603,13.570889771428678,8.673617379884035e-19,1.1420709365972517,4.917142785742473,-3.469446951953614e-18,0.794725476298889,2.9432692434706396,-2.0816681711721685e-17,1.3912676612043509,5.203310894479607,0.9818943277038759,0.6521630121100617,0.3157942913392479,1.9498516311531855,2.78826486287295,-0.4939369242933718,0.0,0.175474701322334,-0.3184622229710378,1.0,8.388608e-06,0.0,4.242640687119285,2.137334926526691,2.2841002940754276
231,18.286325983786888,0.06972255546222998,0.0,0.41428116986570546,1.5238739096716998,-9.8879238130678e-17,3.686838366299946,12.72767288655702,4.336808689942018e-18,1.1096134642936712,4.087001271391449,-6.938893903907228e-18,0.7764650952154086,3.2748094643946857,-2.6020852139652106e-17,1.3440521024033154,4.677858921908668,0.9243086694229137,0.615621020070901,0.30144902204393675,1.8413787115377516,2.6305762681548766,-0.552895485905576,0.0,0.14951314143185918,-0.40338234447371685,1.0,1.6777216e-05,0.0,4.242640687119285,1.9905366572958478,1.981118092019264
235,18.569891544155016,0.07547420627154082,2.6020852139652106e-18,0.4085112694902481,1.4157740083337735,-1.1796119636642288e-16,3.384730422702779,13.999231073081972,6.071532165918825e-18,1.05904480582424,3.7721700497669812,0.0,0.7511162800122269,2.6431935351865667,-2.7755575615628914e-17,1.2839768530326907,4.580689455459437,0.8296159029979238,0.5607879503716511,0.282087833049703,1.6724916864192778,2.3997005904323876,-0.7463303824584204,0.0,0.12772210354915284,-0.6186082789092676,1.0,1.6777216e-05,0.0,4.242640687119285,1.9905366572958478,1.981118092019264
238,18.808595141951265,0.08153587158544942,-1.734723475976807e-18,0.40646397997219424,1.343154602268149,-1.0061396160665481e-16,3.199081640057933,10.971628679526544,0.0,1.0396638824186082,4.067802275004702,-1.3877787807814457e-17,0.721601211207412,2.9266945731098692,-2.7755575615628914e-17,1.246519456001391,4.635076616406651,0.7657968033650967,0.5404504942028667,0.260354154008002,1.5666014515759654,2.2464845092152683,-0.6102752896929763,0.0,0.12546436747482198,-0.4848109222181543,1.0,1.6777216e-05,0.0,4.242640687119285,1.9905366572958478,1.981118092019264
241,19.049939380148743,0.08013374802738324,8.673617379884035e-19,0.39324445870668034,1.2137129635420294,-9.020562075079397e-17,3.0589561840935757,10.768233365237826,-3.469446951953614e-18,1.0029902524447476,3.9678686677351327,0.0,0.6964651189118235,2.64606237393455,-3.469446951953614e-17,1.177250640296885,4.651321121761866,0.7100460962614501,0.5029947232495893,0.24253183093043018,1.4555726504414697,2.0723026302933447,-0.6695226262088447,0.0,0.11759044986823403,-0.5519321763406106,1.0,3.3554432e-05,0.0,4.242640687119285,1.708523939863234,1.4595270265428937
244,19.296239900936882,0.08386870365097374,-2.6020852139652106e-18,0.3921631662165875,1.3928220752352527,-1.3183898417423734e-16,2.7083813794426774,9.47078045391972,1.214306433183765e-17,0.9549537108918611,3.1883493378994685,-6.938893903907228e-18,0.6683455900313147,2.581376451673429,-2.0816681711721685e-17,1.0871287407054835,3.970620821032565,0.6435021092365083,0.45596829497306807,0.22334291385715305,1.3228133180667294,1.8652554346182129,-0.7587205525489445,0.0,0.11010159183929988,-0.6486189607096446,1.0,3.3554432e-05,0.0,4.242640687119285,1.708523939863234,1.4595270265428937
247,19.54119490342597,0.08049700194386032,-8.673617379884035e-19,0.3965934083373214,1.4390034945078032,-9.020562075079397e-17,2.374111468857205,9.295441539562397,1.5612511283791264e-17,0.9130962651011153,3.3493890162314885,1.0408340855860843e-17,0.6501066168127965,2.989668014229456,-3.469446951953614e-17,1.0294373876339673,4.034891605389282,0.5885576769356864,0.41687239467080306,0.21131930661189005,1.2167493782183796,1.7141988452961043,-0.5843306029127252,0.0,0.1133939728930747,-0.4709366300196505,1.0,3.3554432e-05,0.0,4.242640687119285,1.708523939863234,1.4595270265428937
250,19.808297545477842,0.09763181346542661,-2.168404344971009e-18,0.3912017351938985,1.473004211874966,-1.1796119636642288e-16,2.235547953591201,8.784383688863752,3.469446951953614e-18,0.8673466564149381,3.8636615018471687,0.0,0.6375158731743209,2.827790449169637,-2.0816681711721685e-17,0.9904278287476854,4.050101681635745,0.5403719500649428,0.37614511119708627,0.20321324427460838,1.1197303055366374,1.5877993164798663,-0.47717094033269764,0.0,0.11944570102401085,-0.35772523930868677,1.0,6.58533379763756e-05,0.0,4.242640687119285,1.3429834578983995,0.9018022840943711
253,20.06200625212042,0.0828277371915956,-4.336808689942018e-18,0.3852042435105399,1.5893685177002714,-1.0755285551056204e-16,1.9503955554541559,8.598423966104818,8.673617379884035e-18,0.8327214913207935,3.1569151400844655,0.0,0.5919191732469684,1.9339268637837723,-2.42861286636753e-17,0.9340553703492077,3.494576994292997,0.48679181408213634,0.3467125410537632,0.1751841538286873,1.008688508964587,1.419436710210387,-0.6578864706330799,0.0,0.13485681562613347,-0.5230296550069464,1.0,6.58533379763756e-05,0.0,4.242640687119285,1.3429834578983995,0.9018022840943711
256,20.317040630410702,0.0881842354720348,-4.336808689942018e-19,0.37902761370879373,1.4136117467125544,-1.0928757898653885e-16,1.7345132456027552,6.347046035047699,3.469446951953614e-18,0.8212705294179864,2.7793572839580807,0.0,0.5572407446493179,1.7534564293260049,-2.0816681711721685e-17,0.898448406089266,2.9754387948428613,0.4440407177273759,0.33724264124524983,0.1552586237486632,0.936541982721289,1.3097471818391244,-0.44836657218407305,0.0,0.11359358420734984,-0.3347729879767232,1.0,6.58533379763756e-05,0.0,4.242640687119285,1.3429834578983995,0.9018022840943711
258,20.50993767931575,0.09195898160770064,-8.673617379884035e-19,0.36353204834217206,1.2488869505403521,-1.0755285551056204e-16,1.6591579613615126,6.392370176724619,5.204170427930421e-18,0.8018022398824416,2.714221788584041,-6.938893903907228e-18,0.5512352404453984,1.8629846934665732,-3.122502256758253e-17,0.8736867757768431,3.0106538837342645,0.41272757821266504,0.32144341594025017,0.15193014515444808,0.8861011393073632,1.2441300016469918,-0.35326663995650875,0.0,0.09020619409701462,-0.2630604458594941,1.0,6.58533379763756e-05,0.0,4.242640687119285,1.3429834578983995,0.9018022840943711
261,20.783912841554738,0.09689996126845915,-1.734723475976807e-18,0.3561131025890559,1.0965489207662857,-7.806255641895632e-17,1.4795439733246445,5.9534601578418735,3.469446951953614e-18,0.7644100982252341,2.7070310106174142,0.0,0.550588857106429,1.8414863224356843,-1.734723475976807e-17,0.8360692479151556,3.0712469968340206,0.36940138242779064,0.29216139913435596,0.15157404478488185,0.8131368263470284,1.153444053705452,-0.34422644475156805,0.0,0.08434024947843774,-0.2598861952731303,1.0,0.00010698349105460995,0.0,4.242640687119285,1.0243630793805676,0.5246598591990195
263,21.011390617354877,0.11317526018019614,1.734723475976807e-18,0.3551703919300192,1.0418008707524609,-9.80118763926896e-17,1.3787104778809716,5.2341831375004615,3.469446951953614e-18,0.7458468009527939,2.478918160637041,0.0,0.5388070576614226,1.8173414371324415,-2.0816681711721685e-17,0.7982245053592468,3.0860662197325155,0.340646205936713,0.2781437252457582,0.1451565226928798,0.763946453875351,1.0811368140263546,-0.3289878059993429,0.0,0.0838667449905406,-0.24512106100880232,1.0,0.00010698349105460995,0.0,4.242640687119285,1.0243630793805676,0.5246598591990195
265,21.251807062772833,0.12172074625687512,-3.469446951953614e-18,0.34796847606997505,1.0707541222570167,-1.0581813203458523e-16,1.270423991986238,5.587706118437844,1.734723475976807e-18,0.7389027332660587,2.493241562442702,-6.938893903907228e-18,0.5244493732599719,1.762390683304747,-2.0816681711721685e-17,0.7659061681337319,2.984024996429649,0.32063022956297105,0.2729886246140261,0.1375235725563886,0.7311424267333857,1.0270513090538043,-0.2508982058783186,0.0,0.08263131155911693,-0.1682668943192017,1.0,0.00010698349105460995,0.0,4.242640687119285,1.0243630793805676,0.5246598591990195
268,21.557262760040583,0.09263399787087734,-1.734723475976807e-18,0.3444001715298383,1.2104217865468843,-1.0234868508263162e-16,1.1599707154562782,5.256354602714135,8.673617379884035e-18,0.7219522542176183,2.4978173516811073,-6.938893903907228e-18,0.5157067723556624,1.7367961404845995,-2.7755575615628914e-17,0.7424413577507502,2.851036169326317,0.3064308884248331,0.26060752868495024,0.1329767375267475,0.7000151546365307,0.981821067981948,-0.1992514103087487,0.0,0.09070506351333067,-0.10854634679541804,1.0,0.00010698349105460995,0.0,4.242640687119285,1.0243630793805676,0.5246598591990195
271,21.855179523604935,0.10658160874868831,-3.0357660829594124e-18,0.34672382178675404,1.066143596089561,-1.0061396160665481e-16,1.0913563629267407,4.586021442988434,1.0408340855860843e-17,0.7074216878468554,2.48393797134685,6.938893903907228e-18,0.5070685325269438,1.5886173350343562,-2.7755575615628914e-17,0.7367933136878564,3.087049229097661,0.28930445121624077,0.2502227222180468,0.12855924833951415,0.6680864217738017,0.9432190546290014,-0.18958776492858537,0.0,0.09351343931656901,-0.09607432561201636,1.0,0.00014948672882023916,0.0,4.242640687119285,0.7832986764401805,0.3067784082564693
273,22.093539980213443,0.12546213100370018,-2.168404344971009e-18,0.33836100362257543,1.0113329860726115,-1.0408340855860843e-16,0.9897376041922519,3.699883869874612,6.071532165918825e-18,0.7089950459884002,2.7313067069485903,0.0,0.49233797489234304,1.7150144866244075,-2.0816681711721685e-17,0.7387993803576369,2.991272282580976,0.2712105117294087,0.25133698761804685,0.12119834076054668,0.6437458401080022,0.9123168024610924,-0.18586000610250153,0.0,0.09120978467020775,-0.09465022143229378,1.0,0.00014948672882023916,0.0,4.242640687119285,0.7832986764401805,0.3067784082564693
275,22.336424554588937,0.1171254777613755,4.336808689942018e-19,0.33994978351979266,1.0943131175824228,-1.0408340855860843e-16,0.9428565448179382,3.4629457904525482,1.0408340855860843e-17,0.7139763807145509,2.5447163623344626,6.938893903907228e-18,0.48127141827721953,1.7517516397400974,-2.42861286636753e-17,0.7344887785279296,2.7566490667550427,0.25574295788639334,0.2548811361091246,0.11581108902528317,0.6264351830208011,0.8879041888076157,-0.15310240190291216,0.0,0.08416184480344749,-0.06894055709946467,1.0,0.00014948672882023916,0.0,4.242640687119285,0.7832986764401805,0.3067784082564693
277,22.58341680209015,0.1271856133678684,0.0,0.3418169152758327,1.1125363336996141,-1.0581813203458523e-16,0.9134656833990898,3.392668180614648,5.204170427930421e-18,0.7174760110191964,2.38683652920294,-6.938893903907228e-18,0.47704602808244,1.5619098027119422,-1.734723475976807e-17,0.7146435053181868,2.7933038922154454,0.24436468112610815,0.25738591319400905,0.11378645645461605,0.6155370507747333,0.8672166489465847,-0.12976237030802662,0.0,0.07438004700606016,-0.05538232330196646,1.0,0.00014948672882023916,0.0,4.242640687119285,0.7832986764401805,0.3067784082564693
279,22.85529081644704,0.14167761671862714,-4.7704895589362195e-18,0.33913484333415445,1.099979570934788,-1.1622647289044608e-16,0.8255957176767823,3.1145111491489175,9.540979117872439e-18,0.7230481516464623,2.56436700131737,-2.0816681711721685e-17,0.4749053857678338,1.6844686025734092,-2.42861286636753e-17,0.6956801405253591,2.7579516084719686,0.2308971170963392,0.26139931479968276,0.11276756271564752,0.6050639946116695,0.8485036889660904,-0.11318738215435456,0.0,0.0715330127521916,-0.041654369402162966,1.0,0.00014948672882023916,0.0,4.242640687119285,0.7832986764401805,0.3067784082564693
281,23.110197557536967,0.12204026011118829,-1.734723475976807e-18,0.32316863429745574,1.0728509070283068,-1.0668549377257364e-16,0.7843003609245425,3.4067746902666327,1.214306433183765e-17,0.7188393601230129,2.381461000872252,-2.0816681711721685e-17,0.47815718651745154,1.741410133546455,-2.0816681711721685e-17,0.6916202103594591,2.706861700121048,0.2181886515986151,0.2583650128310313,0.1143171475091424,0.5908708119387889,0.8343393585999002,-0.11247124267270944,0.0,0.08171794591507721,-0.030753296757632234,1.0,0.0001870597634756345,0.0,4.242640687119285,0.6304818856169266,0.1987537040455377
283,23.333745126958572,0.10985317380402157,-5.204170427930421e-18,0.3262945251261649,1.142234055879281,-1.1188966420050406e-16,0.7446731320740685,2.7672067999089394,4.7704895589362195e-18,0.7070929668372198,2.1727602649760014,0.0,0.4852825985966723,1.5163275161625966,-3.469446951953614e-17,0.6934562076107229,2.71700121354396,0.20983500652704332,0.24999023187533076,0.11774960025036948,0.5775748386527436,0.8251624471090513,-0.11044911120765222,0.0,0.09188177504036585,-0.01856733616728637,1.0,0.0001870597634756345,0.0,4.242640687119285,0.6304818856169266,0.1987537040455377
285,23.559008401799563,0.1151181884992014,-4.7704895589362195e-18,0.3285329381793783,1.1174984494327838,-1.0928757898653885e-16,0.7277115252550934,2.3375719476064205,1.214306433183765e-17,0.7032140110848158,2.316520783266732,6.938893903907228e-18,0.48722076507058654,1.6164395728748508,-3.469446951953614e-17,0.6897662717887931,2.713311024333235,0.20605348191484876,0.24725497269299776,0.11869203695798383,0.5720004915658303,0.8191524561421151,-0.10101143166263667,0.0,0.09473376784025589,-0.006277663822380777,1.0,0.0001870597634756345,0.0,4.242640687119285,0.6304818856169266,0.1987537040455377
287,23.795512651133354,0.12213004117508157,-2.6020852139652106e-18,0.318160876861389,0.9484966601550577,-1.0061396160665481e-16,0.7074810022361819,2.643487389834987,1.214306433183765e-17,0.7085221501521438,2.2547485365635174,0.0,0.48484203283099864,1.4941200313916942,-2.0816681711721685e-17,0.6828342803573368,2.612330626308875,0.20083055068777556,0.25100181862810844,0.11753589839984757,0.5693682677157316,0.8127950828119821,-0.09410352927650895,0.0,0.08685686689603671,-0.007246662380472238,1.0,0.0001870597634756345,0.0,4.242640687119285,0.6304818856169266,0.1987537040455377
289,24.066822517923015,0.13294112521512225,8.673617379884035e-19,0.3240398649183824,1.0645654070452775,-1.1362438767648086e-16,0.6753196786931311,2.4732030771460947,9.540979117872439e-18,0.7132404543524729,2.18065846193178,6.938893903907228e-18,0.48496978817958125,1.6892993535852372,-2.7755575615628914e-17,0.6772083891100606,2.8824066550029777,0.191985319155264,0.254355972862461,0.11759784772347393,0.5639391397411989,0.8053620120805545,-0.0883531258131951,0.0,0.08098144534441404,-0.007371680468781061,1.0,0.0001870597634756345,0.0,4.242640687119285,0.6304818856169266,0.1987537040455377
291,24.34372227401927,0.13792821356225396,-9.540979117872439e-18,0.3206193482945776,1.0627275217579635,-1.0495077029659683e-16,0.6591507795965962,2.7516582084309853,1.734723475976807e-18,0.7163560555603671,2.1954673788406796,-6.938893903907228e-18,0.48433426045655126,1.656004466603365,-2.0816681711721685e-17,0.6693384603070587,2.7176054058102093,0.18666007986210822,0.25658299916900384,0.1172898379259972,0.5605329169571093,0.7987865279835871,-0.0880908906405646,0.0,0.08397149148896317,-0.0041193991516014355,1.0,0.00021710366006928795,0.0,4.242640687119285,0.541496264353692,0.14660910215450176
293,24.633375277272158,0.1487273048649777,-3.469446951953614e-18,0.31434108205173517,1.0025286753112705,-1.1015494072452725e-16,0.613132373283987,2.421972956179387,5.204170427930421e-18,0.725073910043795,2.250968873620602,-6.938893903907228e-18,0.478201202988987,1.494412871793186,-3.469446951953614e-17,0.6668318662561378,2.4216664106236623,0.1807251807704841,0.2628660875130986,0.11433819527005713,0.5579294635536398,0.7923271380444508,-0.0847085672220286,0.0,0.08282902800270911,-0.0018795392193194926,1.0,0.00021710366006928795,0.0,4.242640687119285,0.541496264353692,0.14660910215450176
294,24.77223279174762,0.13885751447546285,1.734723475976807e-18,0.3206916534346922,1.0035943473224662,-1.1188966420050406e-16,0.5977698231089278,2.3236686115386402,1.0408340855860843e-17,0.7300022409273886,2.3659288334045776,-1.3877787807814457e-17,0.47468578223055696,1.489128111746865,-1.734723475976807e-17,0.6705834974566612,2.457403642642298,0.1769041566018547,0.2664516358795046,0.11266329592591787,0.5560190884072772,0.7900965856397211,-0.07989869226340782,0.0,0.08241207908774062,0.002513386824332803,1.0,0.00021710366006928795,0.0,4.242640687119285,0.541496264353692,0.14660910215450176
296,25.025950548687568,0.1253933368025023,-3.0357660829594124e-18,0.3243557634168272,0.9804191232418408,-1.1102230246251565e-16,0.5994025322692254,2.0143187724186262,1.0408340855860843e-17,0.7339458913523348,2.326038294148502,-1.3877787807814457e-17,0.4721665514985777,1.4750414013116657,-2.42861286636753e-17,0.6791963117064623,2.4268359258678216,0.17147484549597336,0.26933828571648655,0.11147062617702952,0.5522837573894894,0.7883074436221476,-0.07662892918428432,0.0,0.08606265674972874,0.009433727565444416,1.0,0.00021710366006928795,0.0,4.242640687119285,0.541496264353692,0.14660910215450176
298,25.292847954939308,0.1381114607045261,-2.168404344971009e-18,0.31335660133470494,1.0008375929582716,-1.0755285551056204e-16,0.5816371773880409,2.2001699469554423,1.3877787807814457e-17,0.7327885221370971,2.194611698149733,0.0,0.47446054141277727,1.3849206987094602,-2.0816681711721685e-17,0.6824013068633605,2.3670001395224647,0.1698408939980553,0.2684895090879354,0.11255640267885286,0.5508868057648435,0.7891745252180784,-0.07286535887079977,0.0,0.09204863389928265,0.019183275028482882,1.0,0.00021710366006928795,0.0,4.242640687119285,0.541496264353692,0.14660910215450176
300,25.581932004023088,0.14445348112232953,-2.168404344971009e-18,0.32251678713679255,1.0087258167895243,-1.0755285551056204e-16,0.5475550304157252,2.1873451847131022,5.204170427930421e-18,0.7326915739657123,2.2975028184638333,-6.938893903907228e-18,0.47959871155433464,1.3503801767877106,-2.7755575615628914e-17,0.6767824751355518,2.4055029828399004,0.16869688511298087,0.2684184712801764,0.1150074620622889,0.5521228184554461,0.7907996005533979,-0.06941573593643496,0.0,0.09073128180657543,0.021315545870140465,1.0,0.00023632485421381863,0.0,4.242640687119285,0.4560995833743096,0.10401341497710939
302,25.88490346618649,0.15481411380362356,-5.204170427930421e-18,0.32484667013518015,0.9908219540324417,-1.1622647289044608e-16,0.5218062001159165,2.063090795863995,6.071532165918825e-18,0.7294015296360844,2.197856546762982,0.0,0.4912082755279759,1.5682762429876895,-1.734723475976807e-17,0.6629929168545409,2.4049790237438504,0.16295812799841605,0.2660132957177298,0.12064278497358394,0.5496142086897298,0.7889380877691226,-0.07081944123226266,0.0,0.08123830934488825,0.010418868112625587,1.0,0.00023632485421381863,0.0,4.242640687119285,0.4560995833743096,0.10401341497710939
303,26.037125720961424,0.15222225477493248,-4.7704895589362195e-18,0.31557402398926404,1.0059907963595984,-1.0755285551056204e-16,0.5252391486993664,1.6794860987606235,7.806255641895632e-18,0.7306335607797693,2.224657155039975,6.938893903907228e-18,0.49469099691325635,1.5901083776585188,-2.7755575615628914e-17,0.6572208954503477,2.4205596552941335,0.16064522444137375,0.2669127000688624,0.1223595912135157,0.5499175157237519,0.7889007193997377,-0.06763247789923749,0.0,0.08251069682174306,0.01487821892250557,1.0,0.00023632485421381863,0.0,4.242640687119285,0.4560995833743096,0.10401341497710939
305,26.327638642295703,0.1422704520990867,-1.734723475976807e-18,0.30793717428017514,0.9651806361470578,-1.0581813203458523e-16,0.5227525061314393,2.0586449980304056,4.336808689942018e-18,0.74242007071783,2.1327426816581037,0.0,0.49120619450262304,1.4949876955396837,-3.122502256758253e-17,0.6582130531774465,2.31181494358687,0.15808527518943605,0.27559378070233387,0.12064176275887437,0.5543208186506443,0.7919385757202761,-0.06587051226254031,0.0,0.08961472817175024,0.02374421590920993,1.0,0.00023632485421381863,0.0,4.242640687119285,0.4560995833743096,0.10401341497710939
307,26.62161697338121,0.14936839123235915,1.734723475976807e-18,0.31056692856025453,0.9791392149835009,-1.0928757898653885e-16,0.5109020651361658,1.9417153326708858,-1.734723475976807e-18,0.7547863688426242,2.232629192540327,6.938893903907228e-18,0.4859119146688573,1.3733342660741106,-2.42861286636753e-17,0.6735405898167826,2.1880288579762937,0.1528214128713441,0.284851231295317,0.11805519440857742,0.5557278385752384,0.7962704030391157,-0.06367779472451425,0.0,0.09173248499851407,0.028054690273999816,1.0,0.00023632485421381863,0.0,4.242640687119285,0.4560995833743096,0.10401341497710939
308,26.773923349076544,0.15230637569533062,-3.903127820947816e-18,0.3046120713329997,0.9975786419589631,-1.1102230246251565e-16,0.4981953444854684,1.9369960316472192,8.673617379884035e-18,0.7592569093207365,2.3000739676058575,0.0,0.48490716511181864,1.4174501652293143,-2.0816681711721685e-17,0.683571535164489,2.1390560851182867,0.1492248946719068,0.28823552717563855,0.11756747938839024,0.5550279012359356,0.7987582924198525,-0.06203608901160116,0.0,0.092161107936163,0.03012501892456184,1.0,0.00023632485421381863,0.0,4.242640687119285,0.4560995833743096,0.10401341497710939
310,27.076845918561496,0.15267795466812706,-6.071532165918825e-18,0.3012650582487614,0.8069536648840079,-1.0581813203458523e-16,0.45641189171042285,1.7113781728708815,5.204170427930421e-18,0.7647321628421512,2.318086363473042,0.0,0.4869872246349847,1.4316226230974634,-2.7755575615628914e-17,0.7001043101702668,2.09815199008903,0.14227390022375938,0.2924076404426172,0.1185782784788425,0.553259819145219,0.8041775298061875,-0.06047226865917141,0.0,0.09222433835607399,0.031752069696902585,1.0,0.0002496211698838113,0.0,4.242640687119285,0.4271208177505912,0.09121609647796686
312,27.39303178412221,0.16032038666436504,-2.6020852139652106e-18,0.305376738154182,0.9477795278421736,-1.0755285551056204e-16,0.4218748653021286,1.4397328944551244,5.204170427930421e-18,0.767496774752486,2.4471788610977026,-1.3877787807814457e-17,0.4946484170582258,1.397681179953309,-2.7755575615628914e-17,0.6975819892047312,2.3041297009232826,0.13701544738498855,0.2945256496277341,0.12233852824910427,0.5538796252618269,0.8076057240598952,-0.060685909015129484,0.0,0.08618791676286741,0.025502007747737927,1.0,0.0002496211698838113,0.0,4.242640687119285,0.4271208177505912,0.09121609647796686
313,27.55936123249713,0.1663294483749196,-3.469446951953614e-18,0.2997275823740593,0.9427237271944705,-1.0581813203458523e-16,0.4308836163209188,1.462484601526067,6.938893903907228e-18,0.7700847649916018,2.408544818900311,2.0816681711721685e-17,0.4993117659805383,1.4063227552696451,-2.0816681711721685e-17,0.6854054411633822,2.2437054186905803,0.1361788848011554,0.2965152726360853,0.12465611982330191,0.5573502772605426,0.8088471641534645,-0.057992266781015454,0.0,0.07990294287320152,0.02191067609218606,1.0,0.0002496211698838113,0.0,4.242640687119285,0.4271208177505912,0.09121609647796686
315,27.91084401697218,0.17301167174802634,-3.903127820947816e-18,0.3007296277306138,1.0211225876576293,-1.0928757898653885e-16,0.4150329351137475,1.4197332694507683,-5.204170427930421e-18,0.7772009117372874,2.096973418869565,-1.3877787807814457e-17,0.5094806855102215,1.5455831705608665,-1.3877787807814457e-17,0.6589747303480956,2.2919377522551643,0.13104638874543534,0.3020206286026354,0.12978528445398257,0.5628523018020533,0.8098844639701192,-0.057009719354779005,0.0,0.07438438115239072,0.01737466179761172,1.0,0.0002496211698838113,0.0,4.242640687119285,0.4271208177505912,0.09121609647796686
316,28.07601087561621,0.16516685864402825,-7.37257477290143e-18,0.3041246745308758,1.0976629394948354,-1.0755285551056204e-16,0.40020244734492755,1.3877620327104259,-3.469446951953614e-18,0.7819686174985486,2.138474878338131,-1.3877787807814457e-17,0.5124075128445011,1.6408260524518536,-2.7755575615628914e-17,0.6544517781503972,2.232441362898057,0.12696385213773612,0.30573745937629565,0.1312807296097438,0.5639820411237756,0.8109056958130578,-0.056958478753982425,0.0,0.07560233471548271,0.018643855961500283,1.0,0.0002496211698838113,0.0,4.242640687119285,0.4271208177505912,0.09121609647796686
318,28.419042937815107,0.17560925202791614,-6.071532165918825e-18,0.298080031934736,0.9384627467777334,-1.0928757898653885e-16,0.4039376880053184,1.8783863215284733,3.469446951953614e-18,0.7923519056121541,2.2520843541920392,-6.938893903907228e-18,0.5129645405870373,1.5745563088607883,-2.42861286636753e-17,0.6569389885085422,2.1322609144886737,0.12296273476166628,0.31391077116360594,0.1315663099498351,0.5684398158751073,0.8165297111730516,-0.056701445680610994,0.0,0.08468379384543331,0.02798234816482232,1.0,0.0002496211698838113,0.0,4.242640687119285,0.4271208177505912,0.09121609647796686
319,28.594185772930942,0.17514283511583525,-2.6020852139652106e-18,0.29528847742707587,0.8984081645437911,-1.0755285551056204e-16,0.40133084405679065,2.0155530328163724,-6.938893903907228e-18,0.7953573613764678,2.248658101801677,-2.0816681711721685e-17,0.5126898126089781,1.4307660823418127,-1.734723475976807e-17,0.6639289656172258,2.111467900942008,0.12281340148523359,0.31629666614786855,0.1314254219765145,0.5705354896096166,0.8209773628602322,-0.056027510180478426,0.0,0.09271416171902416,0.036686651538545736,1.0,0.0002496211698838113,0.0,4.242640687119285,0.4271208177505912,0.09121609647796686
320,28.761716210121,0.16753043719005936,-5.204170427930421e-18,0.297901913127147,0.8865126210849509,-1.0408340855860843e-16,0.3936703326236896,1.6417705373234823,-6.938893903907228e-18,0.7970855639896998,2.3337430865152347,-2.0816681711721685e-17,0.5126544471513146,1.3475088656915306,-2.42861286636753e-17,0.6759216991522715,2.20193844752661,0.12202776714622138,0.31767269816038884,0.13140729109201,0.5711077563986202,0.8258699862045515,-0.055429182230301674,0.0,0.09561787743691186,0.040188695206610184,1.0,0.00025660765287046364,0.0,4.242640687119285,0.39391600548151595,0.07758490968725684
322,29.094763177960463,0.16757951039515967,-8.673617379884035e-19,0.2958789535933928,0.9514048416244882,-1.0668549377257364e-16,0.39148847485810717,1.3357074634061583,-6.938893903907228e-18,0.7993263350178557,2.2765478679316726,0.0,0.5134040824367546,1.359170329639859,-3.469446951953614e-17,0.7055936100106508,2.3541080787226214,0.11815923438342243,0.31946129492653863,0.13179187593136293,0.5694124052413241,0.8356271136444098,-0.05569919162629228,0.0,0.0963416767104936,0.04064248508420132,1.0,0.00025660765287046364,0.0,4.242640687119285,0.39391600548151595,0.07758490968725684
323,29.268938243395965,0.17417506543550235,-1.734723475976807e-18,0.28749317648911116,0.8612667371737615,-1.0408340855860843e-16,0.3946847968396234,1.247902824587432,0.0,0.8009635348303981,2.1419368917164543,6.938893903907228e-18,0.5142555293546717,1.4541494964834116,-1.734723475976807e-17,0.7167467272372525,2.3513422746914445,0.11673696577123463,0.3207712920640031,0.13222937473592677,0.5697376325711645,0.8406729924785254,-0.054345846025696344,0.0,0.09521782740464738,0.04087198137895103,1.0,0.00025660765287046364,0.0,4.242640687119285,0.39391600548151595,0.07758490968725684
325,29.61152046024792,0.16348849110279295,-9.540979117872439e-18,0.2849910656877013,0.8171604706218865,-1.0842021724855044e-16,0.37962078164135715,1.160235497345097,1.3877787807814457e-17,0.8072087799263972,2.1085248052987127,-6.938893903907228e-18,0.5163687559831884,1.4408881547139676,-2.0816681711721685e-17,0.7256229295245724,2.2429471672151,0.11552441067327687,0.3257930071951313,0.1333183460778128,0.574635763946221,0.8501168417040258,-0.053596312106034896,0.0,0.09299050375761163,0.03939419165157673,1.0,0.00025660765287046364,0.0,4.242640687119285,0.39391600548151595,0.07758490968725684
326,29.76228759651902,0.15076713627109853,-4.336808689942018e-18,0.2849319752888294,0.8172218357349703,-1.0408340855860843e-16,0.3664391888184113,1.2976793641995759,-1.0408340855860843e-17,0.8106434264425242,2.100412255297809,0.0,0.5187148390659535,1.4232664290378962,-2.7755575615628914e-17,0.7250839713014344,2.2122323668353756,0.11397344145321041,0.3285713824172381,0.13453254213360902,0.5770773660040576,0.8535615348059964,-0.05327980782463767,0.0,0.08726193025795809,0.03398212243332042,1.0,0.00025660765287046364,0.0,4.242640687119285,0.39391600548151595,0.07758490968725684
328,30.063948453749326,0.1533810866730927,-3.0357660829594124e-18,0.28247748108341053,0.9070307968281673,-1.0538445116559103e-16,0.3432704021347885,1.3463951954602438,6.938893903907228e-18,0.8194194204468946,2.132546211972107,6.938893903907228e-18,0.5254297958912947,1.5903930544113116,-3.122502256758253e-17,0.7138270158753585,2.2172414549471795,0.10919944270062071,0.33572409330276237,0.1380382352051838,0.5829617712085668,0.8585782387340009,-0.05293623397405495,0.0,0.08067599661430729,0.02773976264025234,1.0,0.00025660765287046364,0.0,4.242640687119285,0.39391600548151595,0.07758490968725684
330,30.373965776434225,0.1532871824209907,-8.673617379884035e-19,0.28396054937924486,1.023089900600458,-1.0625181290357943e-16,0.3376275103654288,1.233966120430479,1.3877787807814457e-17,0.8299691815422606,2.3310191668448073,2.0816681711721685e-17,0.5331137342313197,1.5370986849864265,-3.122502256758253e-17,0.6882787305455117,2.137845167272458,0.1064007474051786,0.34442442115496497,0.14210512681303103,0.5929302953731745,0.8629418771349677,-0.0525466299283881,0.0,0.0772124184948062,0.0246657885664181,1.0,0.00026091583487500584,0.0,4.242640687119285,0.3833584415279726,0.07348184734537799
331,30.53226568855763,0.15829991212340264,-5.637851296924623e-18,0.28064728488360535,0.9854492311875047,-1.0776969594505914e-16,0.3378094441023457,1.2808618069617073,-1.734723475976807e-17,0.8325086754498147,2.309249826438365,0.0,0.5389317575070364,1.425918121252331,-2.7755575615628914e-17,0.6756296619549313,2.0770049820115046,0.10493804956671443,0.3465353473496025,0.14522371962481145,0.5966971165411283,0.8651692049965403,-0.053212887657965786,0.0,0.07770002810018385,0.024487140442218065,1.0,0.00026091583487500584,0.0,4.242640687119285,0.3833584415279726,0.07348184734537799
333,30.889718900991618,0.18498420950008837,-8.673617379884035e-18,0.2745514363052332,0.8500290648914279,-1.0798653637955624e-16,0.3430188858435425,1.1904894459755224,1.0408340855860843e-17,0.8322303212189197,2.2556398873203354,0.0,0.5527569190264354,1.5209901899349474,-1.734723475976807e-17,0.6653622279188208,1.9915942496109902,0.10105394071882728,0.34630365377807315,0.15277010576579864,0.600127700262699,0.8724286675005939,-0.053023135991348044,0.0,0.08400775350409335,0.03098461751274531,1.0,0.00026091583487500584,0.0,4.242640687119285,0.3833584415279726,0.07348184734537799
334,31.077468506335087,0.18774960534347127,1.734723475976807e-18,0.27846976856010164,0.9625562834698658,-1.0646865333807654e-16,0.34004615880668093,1.190646334129802,6.938893903907228e-18,0.8334998105411768,2.2417255286509694,-1.3877787807814457e-17,0.5555804661204352,1.5263429259982844,-2.0816681711721685e-17,0.6723598689628363,2.0138947676821513,0.10045141620259912,0.3473609670860889,0.1543348271673,0.602147210455988,0.8785403418390529,-0.05295459396047522,0.0,0.09579730125945024,0.04284270729897502,1.0,0.00026091583487500584,0.0,4.242640687119285,0.3833584415279726,0.07348184734537799
335,31.259474744042457,0.18200623770736915,-6.938893903907228e-18,0.28167463336429927,1.0355293888924288,-1.0755285551056204e-16,0.3289827258501353,1.3075074744238104,-6.938893903907228e-18,0.8367476489239608,2.2063617995683655,0.0,0.5547629970571797,1.4717863726508664,-4.163336342344337e-17,0.6865234800911991,2.1145869906227444,0.10095868791213727,0.35007331398988795,0.15388099145193215,0.6049129933539573,0.8860488967593528,-0.05281648330202113,0.0,0.10391727581082116,0.051100792508800036,1.0,0.00026091583487500584,0.0,4.242640687119285,0.3833584415279726,0.07348184734537799
337,31.63295550101842,0.18800843513370563,-4.336808689942018e-18,0.28074107929831194,0.9341994934822988,-1.0625181290357943e-16,0.3232215849742042,1.3867540635134763,3.469446951953614e-18,0.8442485412587822,2.354162351510128,0.0,0.5500815586629265,1.4348131314751758,-2.7755575615628914e-17,0.7270733440158953,2.3046105569589863,0.10189652081516683,0.3563777997087908,0.1512948605905174,0.609569181114475,0.9035956665511754,-0.052093347794870376,0.0,0.10928454329826288,0.05719119550339251,1.0,0.00026091583487500584,0.0,4.242640687119285,0.3833584415279726,0.07348184734537799
338,31.820685484076808,0.18772998305838864,-4.336808689942018e-18,0.2811909429307437,0.9652502156485073,-1.0885389811754465e-16,0.31692089564951287,1.4183890771881962,3.469446951953614e-18,0.846093650173265,2.316607789932168,-2.7755575615628914e-17,0.5507256654367061,1.5018422116933334,-2.7755575615628914e-17,0.7461213045847378,2.33838264195223,0.10018766554565445,0.35793723243175957,0.15164937928535133,0.6097742772627653,0.9117318468600293,-0.05095044365813514,0.0,0.105355862130018,0.05440541847188286,1.0,0.00026091583487500584,0.0,4.242640687119285,0.3833584415279726,0.07348184734537799
339,32.00941983792736,0.1887343538505559,-1.734723475976807e-18,0.280934849690063,0.9605453851400145,-1.0755285551056204e-16,0.2960611624994488,1.147353934368513,6.938893903907228e-18,0.8469780461926947,2.2161984523574736,-2.7755575615628914e-17,0.5541261757397469,1.6272572355227006,-2.0816681711721685e-17,0.7599755147992485,2.313819510475676,0.09723648888528251,0.3586859053661971,0.1535279093199784,0.609450303571458,0.9189201643269198,-0.0502164335778888,0.0,0.09975796378458986,0.04954153020670106,1.0,0.00026091583487500584,0.0,4.242640687119285,0.3833584415279726,0.07348184734537799
341,32.38626735813439,0.18760756137466927,-6.071532165918825e-18,0.26865221069756734,0.8986662451278528,-1.0451708942760263e-16,0.27909533679154747,1.0842954529634539,-1.0408340855860843e-17,0.8487368959404342,2.2919379434897005,0.0,0.565414340106734,1.7542638302870093,-2.7755575615628914e-17,0.7637408487425229,2.3333847291975314,0.09398038492952808,0.3601771592653017,0.1598466879991667,0.6140042321939965,0.9313419428834093,-0.04976779278010797,0.0,0.09398889267033213,0.04422109989022416,1.0,0.000262048644677785,0.0,4.242640687119285,0.3665127640670783,0.06716580311204488
342,32.577336235136684,0.19106887700229755,-2.6020852139652106e-18,0.2622193297495675,0.9310784801066198,-1.0495077029659683e-16,0.29890992466012944,1.0014192215117204,-3.469446951953614e-18,0.8501342585706722,2.183887187350053,0.0,0.5720972171558967,1.7320415610979452,-1.0408340855860843e-17,0.7555541148752769,2.4172991803371637,0.09415992205183765,0.36136412879775326,0.16364761293876062,0.6191716637883515,0.9369520222634522,-0.04985008575990751,0.0,0.09004901630031217,0.040198930540404666,1.0,0.000262048644677785,0.0,4.242640687119285,0.3665127640670783,0.06716580311204488
343,32.770138410356765,0.19280217522008414,-1.734723475976807e-18,0.25780280663857263,0.9064960725082096,-1.0495077029659683e-16,0.3157844695222881,0.9812122685485957,-6.938893903907228e-18,0.8527528658309804,2.0936413945141514,-1.3877787807814457e-17,0.5783355743832967,1.6483704495601805,-3.122502256758253e-17,0.7464005835079175,2.4438158156283247,0.09379063764826545,0.36359372509147503,0.16723601829862889,0.6246203810383694,0.9422771337234572,-0.05013095973056193,0.0,0.08825925342042287,0.03812829368986094,1.0,0.000262048644677785,0.0,4.242640687119285,0.3665127640670783,0.06716580311204488
345,33.12750294909713,0.1770666597685441,-3.469446951953614e-18,0.2525297430816355,0.7889408453521913,-1.0711917464156784e-16,0.30373436426296935,1.1103888409242517,3.469446951953614e-18,0.8611400224166436,2.204399148129291,-6.938893903907228e-18,0.5865364231701146,1.6339723408967244,-2.0816681711721685e-17,0.7388745793785463,2.359198626718457,0.0902854946224817,0.37078106910386854,0.17201248785259582,0.6330790515789461,0.9524941633255344,-0.050727502317958466,0.0,0.08903513649541232,0.03830763417745386,1.0,0.000262048644677785,0.0,4.242640687119285,0.3665127640670783,0.06716580311204488
346,33.313552614466154,0.18604966536902728,-6.071532165918825e-18,0.2560315292602686,0.8109028428220721,-1.0625181290357943e-16,0.28717315960106504,0.9957289898757681,0.0,0.865436572957948,2.183376427806458,-6.938893903907228e-18,0.5895213905069353,1.6359717102374711,-2.42861286636753e-17,0.7396577635983536,2.385183709711373,0.0888806982041099,0.3744902309065987,0.17376773493261524,0.6371386640433239,0.9586216729337949,-0.05107721070188017,0.0,0.09370496494320382,0.04262775424132365,1.0,0.000262048644677785,0.0,4.242640687119285,0.3665127640670783,0.06716580311204488
347,33.5070741382397,0.19352152377354603,-3.469446951953614e-18,0.2610110357207153,0.8038460758781796,-1.0668549377257364e-16,0.2816172431180562,0.866590283245678,3.469446951953614e-18,0.8690312736161091,2.158544117011618,-2.0816681711721685e-17,0.592062159502862,1.606448213819831,-2.42861286636753e-17,0.7422249528376479,2.392020724446283,0.08913511508740818,0.3776076772614183,0.1752688003575962,0.6420115927064227,0.966022820830028,-0.05087019492646787,0.0,0.09875800679474987,0.047887811868282004,1.0,0.000262048644677785,0.0,4.242640687119285,0.3665127640670783,0.06716580311204488
349,33.89334409104502,0.193301084443025,-7.806255641895632e-18,0.26602879104383614,0.8127093619185094,-1.0842021724855044e-16,0.2930091155941014,1.009056462539546,1.0408340855860843e-17,0.8743411283089866,2.183233032797215,2.0816681711721685e-17,0.5967428488773538,1.6797124040345337,-1.734723475976807e-17,0.7541773186241638,2.3316244354155575,0.09142485928746201,0.382236204326316,0.17805101384313016,0.6517120774569082,0.9833346168403643,-0.0499960397014751,0.0,0.10463936788358333,0.05464332818210823,1.0,0.000262048644677785,0.0,4.242640687119285,0.3665127640670783,0.06716580311204488
350,34.08878460233967,0.19544051129464984,0.0,0.27020645729545667,0.8810147882695918,-1.0755285551056204e-16,0.2891413655554684,0.9593601911704199,-3.469446951953614e-18,0.8762444899320055,2.197827732707858,6.938893903907228e-18,0.600035655023643,1.7522361048925397,-1.3877787807814457e-17,0.7635446020023207,2.3717921644827435,0.0911303989546258,0.38390220306810013,0.1800213936498261,0.6550539956725521,0.9924854863190362,-0.04917380995840968,0.0,0.10640021765496549,0.05722640769655581,1.0,0.0002596721537724161,0.0,4.242640687119285,0.34417592771904637,0.05922853461063312
351,34.28513414318903,0.19634954084936207,-4.336808689942018e-18,0.27270705934699463,0.8814415835524678,-1.0234868508263162e-16,0.2799197202316275,1.1217881232836329,1.3877787807814457e-17,0.8779911581178692,2.202002472008153,-6.938893903907228e-18,0.6041056290604728,1.786811517523938,-2.0816681711721685e-17,0.7727801698815367,2.3936315844688094,0.09002136809890258,0.3854342368665787,0.18247180553127476,0.6579274104967561,1.0016402975878078,-0.04857570488201733,0.0,0.10559479080739048,0.05701908592537315,1.0,0.0002596721537724161,0.0,4.242640687119285,0.34417592771904637,0.05922853461063312
353,34.653040731490194,0.17992241025664654,-4.336808689942018e-18,0.2660492789815228,0.8283929870307896,-1.0408340855860843e-16,0.2622129063005378,0.9567511979931255,-3.469446951953614e-18,0.8827388351471093,2.310537713145904,0.0,0.6119166243066116,1.7230151670147276,-2.0816681711721685e-17,0.7872528257993615,2.350039257066916,0.08641842338726216,0.38961392553843766,0.18722097755139938,0.6632533264770992,1.01781139719535,-0.04882594204337243,0.0,0.1030579135791664,0.05423197153579397,1.0,0.0002596721537724161,0.0,4.242640687119285,0.34417592771904637,0.05922853461063312
354,34.82809679473954,0.17505606324934286,-6.071532165918825e-18,0.26348995305083495,0.804247724115893,-1.0755285551056204e-16,0.2588196620730266,0.9631487583299267,0.0,0.8862173777850367,2.3129412604869053,-1.3877787807814457e-17,0.6149836196607713,1.6680218117029832,-1.734723475976807e-17,0.7928741350896804,2.3285781459526693,0.08438075322116592,0.39269062034409313,0.18910242622553208,0.6661737997907912,1.0250115624217597,-0.04916792698994943,0.0,0.10059046664993546,0.05142253965998603,1.0,0.0002596721537724161,0.0,4.242640687119285,0.34417592771904637,0.05922853461063312
355,35.000774881037685,0.172678086298149,-2.6020852139652106e-18,0.26380507879872944,0.791632968044969,-1.0928757898653885e-16,0.25958454368178463,0.9407562551500634,0.0,0.8901517410819416,2.2852708180029504,-2.0816681711721685e-17,0.6174560507692461,1.6791783053612106,-2.0816681711721685e-17,0.7966853963637577,2.3345526726502097,0.08318557526587009,0.396185061075606,0.19062598731577693,0.6699966236572531,1.0319936685834348,-0.0493551668595712,0.0,0.09999673544460273,0.050641568585031535,1.0,0.0002596721537724161,0.0,4.242640687119285,0.34417592771904637,0.05922853461063312
357,35.34761040634906,0.1744241240880008,-8.673617379884035e-19,0.2629948412681084,0.8059897751575011,-1.0755285551056204e-16,0.2697182898925809,1.206567220589196,0.0,0.8989086591632374,2.352714189234189,-2.0816681711721685e-17,0.6205079732815809,1.7336598442874227,-3.122502256758253e-17,0.7988646671642285,2.3892214896299677,0.08486128810638287,0.4040183887593246,0.19251507245300753,0.681394749318715,1.0462197060114442,-0.04965564406216856,0.0,0.1007137320778292,0.05105808801566064,1.0,0.0002596721537724161,0.0,4.242640687119285,0.34417592771904637,0.05922853461063312
358,35.526581552395015,0.1789711460459553,-5.204170427930421e-18,0.2610104669162122,0.7978395932741912,-1.0755285551056204e-16,0.2795866910850337,1.1748176125084275,3.469446951953614e-18,0.9040397305904723,2.4498407479050033,0.0,0.6209962899734276,1.6960777322820626,-3.122502256758253e-17,0.8000782613532931,2.410082917296104,0.08656506806178738,0.4086439172430467,0.19281819608038064,0.6880271813852148,1.0536791880239247,-0.05008197952302168,0.0,0.10193967208770707,0.05185769256468539,1.0,0.0002596721537724161,0.0,4.242640687119285,0.34417592771904637,0.05922853461063312
360,35.90922959753811,0.19634954084936207,-4.336808689942018e-18,0.25954026495913923,0.7768275061394869,-1.0755285551056204e-16,0.28345097174537776,1.048666171948428,-1.3877787807814457e-17,0.9140829876983992,2.5336482323331495,0.0,0.6220553794587608,1.6066090433669173,-3.122502256758253e-17,0.8106669079959037,2.6771961037369003,0.08741909836089748,0.41777385419981594,0.1934764475567914,0.6986694001175048,1.0695846733185985,-0.05071901137460734,0.0,0.10302418621630755,0.052305174841700205,1.0,0.0002594723419957664,0.0,4.242640687119285,0.35557817889479126,0.06321792065306808
361,36.10557913838747,0.19634954084936207,-7.806255641895632e-18,0.25870680791379025,0.7927902615389226,-1.0755285551056204e-16,0.271887441756989,0.879023041116613,-3.469446951953614e-18,0.9173634333614175,2.5156325716290935,-1.3877787807814457e-17,0.6238087199637948,1.6562732751720182,-2.42861286636753e-17,0.8189290899126334,2.7567391872825553,0.0868654140185823,0.42077783443432387,0.19456865955143404,0.7022119080043403,1.0778546782181604,-0.05133866842574463,0.0,0.10437899231214497,0.053040323886400335,1.0,0.0002594723419957664,0.0,4.242640687119285,0.35557817889479126,0.06321792065306808
362,36.30192867923683,0.19634954084936207,-3.469446951953614e-18,0.2592551433073248,0.7889618813000623,-1.1102230246251565e-16,0.26220921050332663,0.9495564765479589,-6.938893903907228e-18,0.9199016116649205,2.544728866013094,0.0,0.6261939685347235,1.7106802175490983,-2.0816681711721685e-17,0.8267817572548061,2.784174004184565,0.08630939403927988,0.4231094875718591,0.1960594431146332,0.7054783247257722,1.0861011478553286,-0.05162735863381158,0.0,0.1046550654025861,0.05302770676877452,1.0,0.0002594723419957664,0.0,4.242640687119285,0.35557817889479126,0.06321792065306808
364,36.69275663522454,0.1944784151383522,-8.673617379884035e-19,0.2604240650026552,0.8731243309935978,-1.1102230246251565e-16,0.2673496373493285,1.0296815097784833,3.469446951953614e-18,0.9265938192806942,2.611993224644654,-6.938893903907228e-18,0.631159088490274,1.7969823320798064,-2.7755575615628914e-17,0.8367710173562595,2.73231455878142,0.08486237862586307,0.4292880529645919,0.1991808974919368,0.7133313290823917,1.1015623751559345,-0.051655865884664004,0.0,0.10260596501952612,0.05095009913486212,1.0,0.0002594723419957664,0.0,4.242640687119285,0.35557817889479126,0.06321792065306808
365,36.88612230863603,0.1933656734114939,-4.336808689942018e-18,0.25817016609790017,0.9094562807543154,-1.0755285551056204e-16,0.2716700548519121,0.9788313977279353,6.938893903907228e-18,0.9307858244245305,2.570983947816603,-6.938893903907228e-18,0.6338062703065273,1.7643122760464387,-3.469446951953614e-17,0.8388705356936267,2.6819815705071997,0.0837707330248568,0.43318112547482635,0.20085519413993536,0.7178070526396185,1.10866226620638,-0.051619446887066996,0.0,0.09998211134915758,0.04836266446209058,1.0,0.0002594723419957664,0.0,4.242640687119285,0.35557817889479126,0.06321792065306808
366,37.080913352150525,0.19479104351449156,-2.6020852139652106e-18,0.25661356761489723,0.9267868566571577,-1.0755285551056204e-16,0.2678111783567638,1.0785215233023822,-2.42861286636753e-17,0.9347568584471573,2.53924556623098,1.3877787807814457e-17,0.6369312147419869,1.7263210914811784,-1.3877787807814457e-17,0.840652366322474,2.6362672996128422,0.08220966796224821,0.43688519220699956,0.20284068615635148,0.7219355463255992,1.1155842607529156,-0.05191086793721929,0.0,0.09925891093385275,0.04734804299663346,1.0,0.0002594723419957664,0.0,4.242640687119285,0.35557817889479126,0.06321792065306808
367,37.277262892999886,0.19634954084936207,-8.673617379884035e-19,0.25722692716700246,0.9283604369604888,-1.0755285551056204e-16,0.2538336885310326,1.0049245650933576,-1.734723475976807e-17,0.9384252372404384,2.5648739247079426,0.0,0.6402560710357961,1.7465890592789775,-2.7755575615628914e-17,0.8434886275313603,2.6112941032304438,0.08015679268721755,0.44032096294488654,0.2049639182490972,0.7254416738812013,1.1225033196194776,-0.05246738706212512,0.0,0.09964055441621773,0.04717316735409261,1.0,0.0002594723419957664,0.0,4.242640687119285,0.35557817889479126,0.06321792065306808
369,37.66996197469861,0.19634954084936207,-5.204170427930421e-18,0.25814470437993925,0.9051542394692283,-1.1102230246251565e-16,0.2288159877987836,0.797228948579903,0.0,0.9473376912055158,2.6135922234108775,-2.7755575615628914e-17,0.6439316091691011,1.8060674034232935,-2.7755575615628914e-17,0.8518630226779063,2.6491222881743877,0.07802288138429767,0.4487243505892986,0.20732395864355396,0.7340711906171502,1.1373262138003077,-0.053244113602402665,0.0,0.10284336627806606,0.0495992526756634,1.0,0.0002594723419957664,0.0,4.242640687119285,0.35557817889479126,0.06321792065306808
370,37.86631151554797,0.19634954084936207,-3.469446951953614e-18,0.2585288939577625,0.869599824606489,-1.0755285551056204e-16,0.23829812364677885,0.8732511492664861,0.0,0.9528560694501151,2.5987627609296187,6.938893903907228e-18,0.6436266631947812,1.8093552980644376,-2.0816681711721685e-17,0.856367810944366,2.699406627796738,0.07936009122241877,0.4539673445439612,0.2071276407876242,0.7404550765540041,1.1455914907994726,-0.053605671086710896,0.0,0.10737074376465354,0.053765072677942644,1.0,0.0002598988875187019,0.0,4.242640687119285,0.359616059794348,0.06466185523100605
371,38.06266105639733,0.19634954084936207,-1.734723475976807e-18,0.26130913806053113,0.8185443548531014,-1.0928757898653885e-16,0.2512152424794928,0.9512500249465661,-3.469446951953614e-18,0.9579965584582011,2.5491693352612312,-1.3877787807814457e-17,0.6430627010949209,1.8027099560765145,-2.7755575615628914e-17,0.8616847998438542,2.753997555655917,0.08114674664616109,0.4588787030088788,0.20676481876974784,0.7467902684247877,1.1540302746506599,-0.05377447251065006,0.0,0.10848452280657045,0.05471005029592039,1.0,0.0002598988875187019,0.0,4.242640687119285,0.359616059794348,0.06466185523100605
372,38.25901059724669,0.19634954084936207,-4.336808689942018e-18,0.2636757475641111,0.8317318306761987,-1.0928757898653885e-16,0.25288657114801183,0.9117890488197171,6.938893903907228e-18,0.9620844392568335,2.5447624532105557,0.0,0.6434134757240907,1.7812306572829888,-2.7755575615628914e-17,0.867910306658765,2.8018019323059637,0.08188457825328367,0.4628032341300678,0.20699045037167746,0.7516782627550289,1.1620511542359244,-0.053908565749004655,0.0,0.10672128505908876,0.052812719310084105,1.0,0.0002598988875187019,0.0,4.242640687119285,0.359616059794348,0.06466185523100605
374,38.651709678945416,0.19634954084936207,-4.336808689942018e-18,0.25607179169753763,0.8594479127417844,-1.0755285551056204e-16,0.23472195701350443,0.8905025315620485,0.0,0.9690497583937949,2.7426807195825855,-6.938893903907228e-18,0.6466899138262155,1.7291208029358036,-1.3877787807814457e-17,0.8782198631449892,2.8594116477057865,0.07978364167137586,0.4695287171215362,0.20910392232227906,0.7584162811151911,1.1757631380035192,-0.054401025386271444,0.0,0.10173022660610309,0.04732920121983165,1.0,0.0002598988875187019,0.0,4.242640687119285,0.359616059794348,0.06466185523100605
375,38.84795896122763,0.19624928228221447,-2.6020852139652106e-18,0.25022498258366116,0.8457378789241405,-1.0755285551056204e-16,0.2361888167821835,0.8157881320932585,1.3877787807814457e-17,0.9736971588601241,2.7781377628375186,1.3877787807814457e-17,0.6479351360451542,1.7331984018618907,-1.3877787807814457e-17,0.8808541779658094,2.873832042671382,0.07851446449503695,0.4740430785861388,0.20990997026092617,0.7624675133421019,1.1818715859697797,-0.055266166564728755,0.0,0.09900248293456107,0.043736316369832315,1.0,0.0002598988875187019,0.0,4.242640687119285,0.359616059794348,0.06466185523100605
376,39.044308502076994,0.19634954084936207,-2.6020852139652106e-18,0.2466584773731392,0.7980457268107197,-1.0755285551056204e-16,0.24389182206358398,0.8089075651326012,0.0,0.9792415913286754,2.8144832804955167,6.938893903907228e-18,0.6483703526230971,1.7817156080215075,-2.0816681711721685e-17,0.8825049699966463,2.89510645955688,0.07779738625619004,0.4794570470939582,0.2101920570802996,0.7674464904304479,1.1879186034693183,-0.05602083835593726,0.0,0.09946103551498946,0.043440197159052195,1.0,0.0002598988875187019,0.0,4.242640687119285,0.359616059794348,0.06466185523100605
378,39.43700758377572,0.19634954084936207,-2.6020852139652106e-18,0.2496527692350486,0.7324305487307232,-1.0755285551056204e-16,0.2542977424803868,0.8857133224470113,1.3877787807814457e-17,0.9904677080123685,2.856062531782329,0.0,0.6481264572012954,1.8189240335016348,-3.469446951953614e-17,0.8860206771712855,2.8930694486866178,0.07787601401730192,0.4905131403076371,0.2100339522621512,0.7784231065870901,1.2004158717505087,-0.05698841062923677,0.0,0.10156899503237396,0.04458058440313719,1.0,0.0002598988875187019,0.0,4.242640687119285,0.359616059794348,0.06466185523100605
379,39.63120684182252,0.19419925804680457,-5.204170427930421e-18,0.2543594301610706,0.7616099370045035,-1.0928757898653885e-16,0.25456148558918806,0.9885826351262345,-3.469446951953614e-18,0.9954955621327628,2.843224469615614,0.0,0.648086619396013,1.8180759773740314,-4.163336342344337e-17,0.8891245566074978,2.8513958439646636,0.07775588972371159,0.49550570711301267,0.21000813312007624,0.7832697299568006,1.2067243319107464,-0.0576598506945946,0.0,0.10311476196149016,0.04545491126689556,1.0,0.0002598988875187019,0.0,4.242640687119285,0.359616059794348,0.06466185523100605
380,39.82659073440656,0.19538389258404212,-6.071532165918825e-18,0.2587627094942483,0.7718841624813596,-1.0581813203458523e-16,0.24928360533410432,0.9191397225426142,3.469446951953614e-18,1.0005909687494743,2.8535835967453056,-6.938893903907228e-18,0.6480094203300228,1.8090632578712413,-2.0816681711721685e-17,0.8932523793608141,2.823551938275135,0.07701167122129274,0.5005911433715058,0.20995810441822604,0.7875609190110245,1.2129519730023646,-0.05802820352435821,0.0,0.10316255985102636,0.04513435632666815,1.0,0.0002648154528414228,0.0,4.242640687119285,0.3923559117287869,0.07697158073426381
381,40.02294027525592,0.19634954084936207,-6.938893903907228e-18,0.26213616207884843,0.7810192092461564,-1.0581813203458523e-16,0.23904272174704805,0.9350924964441297,3.469446951953614e-18,1.0061768141943908,2.884459441765008,-1.3877787807814457e-17,0.6474699439780494,1.7905391204752297,-5.551115123125783e-17,0.8971299496134184,2.802058760663826,0.07604191944585045,0.5061958907111868,0.20960866417746923,0.7918464743345065,1.2187625180651867,-0.059432245250784194,0.0,0.10271969057719119,0.04328744532640699,1.0,0.0002648154528414228,0.0,4.242640687119285,0.3923559117287869,0.07697158073426381
383,40.41563935695464,0.19634954084936207,-5.204170427930421e-18,0.265212763324828,0.8544370336458682,-1.0755285551056204e-16,0.2217321813333433,0.8273629986153667,0.0,1.0186122177239416,2.8478322206444555,0.0,0.6458902681376733,1.776067986668953,-2.0816681711721685e-17,0.8993731969964037,2.81259562985676,0.07511996258384218,0.5187854250482431,0.2085871192374777,0.802492506869563,1.229475105925434,-0.05978735031135654,0.0,0.10089229903394337,0.041104948722586826,1.0,0.0002648154528414228,0.0,4.242640687119285,0.3923559117287869,0.07697158073426381
384,40.611988897804004,0.19634954084936207,-4.336808689942018e-18,0.2633678530217055,0.8149657966399083,-1.0581813203458523e-16,0.2187807187826223,0.8236022825778889,-5.204170427930421e-18,1.0241666246327423,2.8181997368453064,-6.938893903907228e-18,0.6460213742561272,1.7504317473195063,-1.3877787807814457e-17,0.8976242622334638,2.845314932145917,0.07475935326752003,0.5244586375058122,0.20867180799788754,0.8078897987712198,1.2341085221296533,-0.06020324767746803,0.0,0.09788177999671456,0.03767853231924653,1.0,0.0002648154528414228,0.0,4.242640687119285,0.3923559117287869,0.07697158073426381
385,40.808338438653365,0.19634954084936207,-3.469446951953614e-18,0.25948978391416033,0.7930060647545124,-1.0408340855860843e-16,0.220607729719813,0.7532639235325285,8.673617379884035e-18,1.029118973428061,2.746733699325522,-6.938893903907228e-18,0.6466552478596234,1.7237886849354067,0.0,0.8950538569570051,2.8857154813835795,0.07435254358128363,0.5295429307348132,0.20908150479219545,0.8129769791082923,1.2383612637509627,-0.06064146148400945,0.0,0.09651169524759795,0.0358702337635885,1.0,0.0002648154528414228,0.0,4.242640687119285,0.3923559117287869,0.07697158073426381
386,41.00468797950273,0.19634954084936207,-6.071532165918825e-18,0.2563514686624562,0.7678347969982209,-1.1102230246251565e-16,0.2245853658669723,0.7364389351942582,-1.734723475976807e-18,1.0340859438693781,2.6257199106702744,0.0,0.6468894314864281,1.7411045459600272,-1.3877787807814457e-17,0.8931003439343989,2.9233499946125456,0.07403477977263852,0.5346668696541114,0.20923296828441706,0.8179346177111669,1.242527206566234,-0.06126896483895561,0.0,0.0967075449133786,0.03543858007442299,1.0,0.0002648154528414228,0.0,4.242640687119285,0.3923559117287869,0.07697158073426381
388,41.39738706120145,0.19634954084936207,-7.806255641895632e-18,0.2573057335935197,0.7664162404566524,-1.0581813203458523e-16,0.21881115157340403,0.7710169951448734,1.0408340855860843e-17,1.0454522947893115,2.5445933527615474,1.3877787807814457e-17,0.6441746325250086,1.7460986286268985,-4.85722573273506e-17,0.8973733356146817,2.9721987824508282,0.07244932414136122,0.5464852503401186,0.20748047859436491,0.8264150530758447,1.251320835607709,-0.06236461086353383,0.0,0.09902817324020766,0.03666356237667383,1.0,0.0002648154528414228,0.0,4.242640687119285,0.3923559117287869,0.07697158073426381
389,41.59373660205081,0.19634954084936207,-3.469446951953614e-18,0.25789480227843375,0.785654616160934,-1.0668549377257364e-16,0.21372629505798577,0.8185736230171191,3.469446951953614e-18,1.0516221807690542,2.572831907643529,6.938893903907228e-18,0.6415267807066642,1.7463937091271382,-2.0816681711721685e-17,0.9032021130984511,2.98204947655209,0.07118154787178108,0.5529546055427307,0.20577830518192824,0.82991445859644,1.2559517591968552,-0.06317038465206176,0.0,0.10129949570453557,0.03812911105247381,1.0,0.0002648154528414228,0.0,4.242640687119285,0.3923559117287869,0.07697158073426381
390,41.78691127949304,0.19317467744223193,-4.336808689942018e-18,0.2565321757987547,0.7718774436792577,-1.0581813203458523e-16,0.2178922226072169,0.8336154077370754,1.734723475976807e-18,1.057947018809921,2.617153990569639,0.0,0.638408745173431,1.7558608428795286,-2.0816681711721685e-17,0.9084250658172995,2.977843856802865,0.07055839270082742,0.5596259473043995,0.20378286295695736,0.8339672029621843,1.260563812974536,-0.06330984617570093,0.0,0.10194759584985943,0.038637749674158506,1.0,0.0002710907194136605,0.0,4.242640687119285,0.4092429600120906,0.08373990015972879
392,42.17438829140511,0.19495545029413217,-5.204170427930421e-18,0.24877509696563346,0.703309611085777,-1.0495077029659683e-16,0.2390798971152618,0.7166002337766105,1.734723475976807e-18,1.0712602091194006,2.7274821782220102,-6.938893903907228e-18,0.6316807146263347,1.734831789447198,-3.469446951953614e-17,0.9128840049987106,2.9127320408760458,0.07077337620043866,0.573799217821271,0.19951026261541838,0.844082856637128,1.2685995650298176,-0.06444031721556061,0.0,0.10071081015358001,0.0362704929380194,1.0,0.0002710907194136605,0.0,4.242640687119285,0.4092429600120906,0.08373990015972879
393,42.37073783225447,0.19634954084936207,-3.469446951953614e-18,0.245121833688157,0.6848437427100414,-1.0755285551056204e-16,0.2368908046460089,0.754730792891352,0.0,1.0777837414108018,2.7064077437079357,-1.3877787807814457e-17,0.6293035643198788,1.7516919917245346,-2.0816681711721685e-17,0.9135746720899346,2.85771154647306,0.0698561922350264,0.5808088966247331,0.19801148803285185,0.8486765768926113,1.2720351089262056,-0.06403900345507825,0.0,0.09764841995566363,0.03360941650058538,1.0,0.0002710907194136605,0.0,4.242640687119285,0.4092429600120906,0.08373990015972879
394,42.56708737310383,0.19634954084936207,-3.469446951953614e-18,0.24303046753520516,0.7204724130862095,-1.0495077029659683e-16,0.22456115112925323,0.7417874173668174,-1.734723475976807e-17,1.0836397288314912,2.804995893093756,0.0,0.6280404061963252,1.7700435509608226,-2.0816681711721685e-17,0.9137760983615486,2.8031225121050207,0.06810036445587192,0.587137530950994,0.19721737590762256,0.8524552713144884,1.2751190718650616,-0.06392403048497265,0.0,0.09594006520442884,0.03201603471945619,1.0,0.0002710907194136605,0.0,4.242640687119285,0.4092429600120906,0.08373990015972879
395,42.76343691395319,0.19634954084936207,-8.673617379884035e-19,0.24155620846455894,0.7516460880178466,-1.0798653637955624e-16,0.21282330446900688,0.7815681864624098,-1.0408340855860843e-17,1.088985049027696,2.8513778195478503,0.0,0.6274379283609146,1.75066643706003,-2.7755575615628914e-17,0.9130493739032253,2.7981818958191615,0.0664566674172603,0.5929442185029267,0.19683917697291808,0.8562400628931051,1.2781672128459924,-0.06387690695772368,0.0,0.09560959837348532,0.03173269141576164,1.0,0.0002710907194136605,0.0,4.242640687119285,0.4092429600120906,0.08373990015972879
397,43.156135995651915,0.19634954084936207,-1.734723475976807e-18,0.24029893475390082,0.8010114262983601,-1.0625181290357943e-16,0.2140068483002075,0.86350902602651,-1.5612511283791264e-17,1.0995689203349845,2.812398503319549,0.0,0.6260375767184714,1.7323156452730348,-2.7755575615628914e-17,0.9096953301312085,2.8411051082200536,0.06501190713995164,0.6045259052833217,0.19596152373176792,0.8654993361550413,1.2848981701756919,-0.06398069741529439,0.0,0.0970197960223781,0.03303909860708372,1.0,0.0002710907194136605,0.0,4.242640687119285,0.4092429600120906,0.08373990015972879
398,43.35248553650128,0.19634954084936207,-1.734723475976807e-18,0.24260991585536013,0.8973185810319799,-1.0430024899310553e-16,0.21433428883360442,0.9910381489782618,1.5612511283791264e-17,1.1050471752985138,2.898674954472322,6.938893903907228e-18,0.6249256496814488,1.7163176085667224,-2.7755575615628914e-17,0.9086050518423431,2.860642820637361,0.06454817278464713,0.6105646298176123,0.19526603381489044,0.8703788364171499,1.2885469180950655,-0.0643679595031498,0.0,0.09862587435677309,0.034257914853623284,1.0,0.0002710907194136605,0.0,4.242640687119285,0.4092429600120906,0.08373990015972879
399,43.54883507735064,0.19634954084936207,-5.204170427930421e-18,0.2451449837272128,0.956942818472508,-1.0364972768961422e-16,0.20941856116835778,0.9890428475725664,-8.673617379884035e-19,1.110679203400488,2.9825796109428055,-1.3877787807814457e-17,0.6235158911460176,1.6723036808168656,-1.3877787807814457e-17,0.9081894621258728,2.892267420888057,0.06403730990213208,0.6168041464331715,0.19438603325580617,0.8752274895911097,1.292311709608366,-0.06473286350196794,0.0,0.09942591113606875,0.034693047634100804,1.0,0.0002710907194136605,0.0,4.242640687119285,0.4092429600120906,0.08373990015972879
401,43.94153415904936,0.19634954084936207,-7.806255641895632e-18,0.24225118917283,0.9056541196866293,-1.0495077029659683e-16,0.20489528652654027,0.7959631733748855,-1.214306433183765e-17,1.1230874224560374,3.0243118923651666,0.0,0.6190653908240947,1.6533295515068942,-2.7755575615628914e-17,0.9085076614370649,3.005183570816171,0.06326992038214616,0.6306626792394728,0.1916209790580946,0.8855535786797136,1.3000288238780662,-0.0654716701669499,0.0,0.10067068010562001,0.03519900993867012,1.0,0.00027487636016650753,0.0,4.242640687119285,0.3994014335519463,0.07976075256167489
402,44.13788369989872,0.19634954084936207,-6.071532165918825e-18,0.23904309092406933,0.8225044204552331,-1.0408340855860843e-16,0.2086261181717468,0.7080242827370831,-5.204170427930421e-18,1.1302129013529296,2.990881082693298,1.3877787807814457e-17,0.6157575905777742,1.6318058893445364,-1.3877787807814457e-17,0.909587701387844,3.0613773286544763,0.06294592446824802,0.6386906011923034,0.18957870517707281,0.8912152308376242,1.304178378374023,-0.06572506954303647,0.0,0.10258032232391208,0.036855252780875605,1.0,0.00027487636016650753,0.0,4.242640687119285,0.3994014335519463,0.07976075256167489
403,44.334233240748084,0.19634954084936207,-5.204170427930421e-18,0.23689308402746798,0.7649853433151073,-1.0538445116559103e-16,0.21302073876020147,0.7173240764629129,8.673617379884035e-18,1.1378059727567245,3.0233761904718413,0.0,0.6119662379171168,1.6658335072061368,-2.7755575615628914e-17,0.9115410772337915,3.096451276797211,0.06257782010329559,0.6473012158204381,0.18725133817521455,0.8971303740989482,1.3087266388549887,-0.06540385350350411,0.0,0.10429122570064268,0.03888737219713857,1.0,0.00027487636016650753,0.0,4.242640687119285,0.3994014335519463,0.07976075256167489
404,44.530582781597445,0.19634954084936207,-3.469446951953614e-18,0.23542037431296334,0.7201821961004371,-1.0625181290357943e-16,0.21627125551162948,0.714984322524178,-1.5612511283791264e-17,1.1453804897415876,3.085173784267547,0.0,0.6082394929615242,1.701376839250769,-2.7755575615628914e-17,0.9141549644665343,3.104291459789724,0.06210017158609285,0.6559482331403395,0.184977640399046,0.9030260451254782,1.3136370962704031,-0.06505074452630245,0.0,0.10578581585225343,0.04073507132595097,1.0,0.00027487636016650753,0.0,4.242640687119285,0.3994014335519463,0.07976075256167489
406,44.92328186329617,0.19634954084936207,-4.336808689942018e-18,0.2336384652607655,0.7796527700985338,-1.0581813203458523e-16,0.21544444277921618,0.7877527721397042,-1.1275702593849246e-17,1.1586761816073547,3.1407402824054325,6.938893903907228e-18,0.6030532786122089,1.6851514767657896,-2.7755575615628914e-17,0.9192480128017942,3.0476332724888593,0.0610004096520192,0.6712652469120999,0.18183662842246723,0.9141022849865863,1.3240934788498664,-0.06464451280627423,0.0,0.10706694978320606,0.042422436976931835,1.0,0.00027487636016650753,0.0,4.242640687119285,0.3994014335519463,0.07976075256167489
407,45.11963140414553,0.19634954084936207,-2.6020852139652106e-18,0.23372282670105485,0.8340501424389449,-1.0668549377257364e-16,0.21346798393912855,0.770039823650692,9.540979117872439e-18,1.1643676245390053,3.1768259687740015,6.938893903907228e-18,0.6016313050309715,1.6309410112297573,-2.0816681711721685e-17,0.9206578783887479,2.9978909486590624,0.06085396350432459,0.6778759825373029,0.18098011359663496,0.9197100596382624,1.3295451240755003,-0.0645060523061502,0.0,0.10801382102616822,0.04350776872001802,1.0,0.00027487636016650753,0.0,4.242640687119285,0.3994014335519463,0.07976075256167489
408,45.31598094499489,0.19634954084936207,-4.336808689942018e-18,0.23477507643760176,0.8467156116044865,-1.0408340855860843e-16,0.21309640845229313,0.747011625885065,-1.474514954580286e-17,1.169976268385925,3.18612904537538,0.0,0.6004128871467113,1.6788450524927012,-2.7755575615628914e-17,0.9212343403066294,2.951885969060459,0.06104179205979087,0.6844222342931268,0.18024781752592473,0.9257118438788423,1.3351012930400188,-0.06460848337836478,0.0,0.10854370053904933,0.04393521716068455,1.0,0.00027487636016650753,0.0,4.242640687119285,0.3994014335519463,0.07976075256167489
409,45.51233048584425,0.19634954084936207,-2.6020852139652106e-18,0.23707945364421829,0.8224023415495132,-1.0321604682062002e-16,0.2137238704429258,0.7502269053462184,9.540979117872439e-18,1.175879141552311,3.1790424346872803,-3.469446951953614e-18,0.599080920296294,1.7125065039572882,-3.469446951953614e-17,0.9212365693089803,2.925293794425923,0.06125121120594823,0.6913458777689001,0.17944897453152728,0.9320460635063756,1.3406377785285915,-0.06481543439445929,0.0,0.10857120507645514,0.04375577068199585,1.0,0.00027487636016650753,0.0,4.242640687119285,0.3994014335519463,0.07976075256167489
411,45.905029567542975,0.19634954084936207,-1.734723475976807e-18,0.24143252928873027,0.8099466354331228,-1.0234868508263162e-16,0.21258472748664187,0.7553510379345565,4.336808689942018e-18,1.1885612409566184,3.275205648915205,3.469446951953614e-18,0.5963115254959318,1.79564958550404,-2.0816681711721685e-17,0.91875706283427,2.947561671063105,0.0611391065144484,0.7063389117521682,0.17779371771964259,0.9452717359862592,1.3509763796430228,-0.06558380541952073,0.0,0.10742387793909126,0.04184007251957053,1.0,0.00027766120080662996,0.0,4.242640687119285,0.3973815366793281,0.07895604284681208
412,46.10137910839234,0.19634954084936207,0.0,0.24132290020128433,0.7687524135560166,-1.0495077029659683e-16,0.2097451972654405,0.6893961340316668,0.0,1.1952006680881722,3.3009655052130644,3.469446951953614e-18,0.5950634606241935,1.8537962740850333,-2.0816681711721685e-17,0.9159377437612337,2.9779563768801687,0.060796689862649134,0.7142523184992062,0.17705026108502048,0.9520992694468757,1.3556638571524298,-0.06642585280011011,0.0,0.10579665482831592,0.03937080202820581,1.0,0.00027766120080662996,0.0,4.242640687119285,0.3973815366793281,0.07895604284681208
413,46.2977286492417,0.19634954084936207,-6.938893903907228e-18,0.24106643600716846,0.7103454299841813,-1.0581813203458523e-16,0.20364721320154275,0.6086108918677178,1.1275702593849246e-17,1.2021415809427662,3.299623997625444,0.0,0.5937337687955594,1.8879578239288808,-2.7755575615628914e-17,0.9126711577626433,3.0048955131503097,0.06009728556050928,0.7225721903157865,0.17625989410408938,0.9589293699803851,1.3600907974816616,-0.06685031831458192,0.0,0.10492931319942608,0.03807899488484416,1.0,0.00027766120080662996,0.0,4.242640687119285,0.3973815366793281,0.07895604284681208
415,46.69042773094042,0.19634954084936207,-6.071532165918825e-18,0.24315307844743583,0.7425801188209149,-1.0408340855860843e-16,0.19054382198744657,0.6767628452142626,6.071532165918825e-18,1.216772964100087,3.252932366597203,-1.0408340855860843e-17,0.5900750532418402,1.876612683524409,-2.7755575615628914e-17,0.9059712374155663,3.0467878325631954,0.058696075283082044,0.7402682230824558,0.17409428422918022,0.973058582594718,1.3687645152404575,-0.0674933800541769,0.0,0.10502180500478035,0.03752842495060345,1.0,0.00027766120080662996,0.0,4.242640687119285,0.3973815366793281,0.07895604284681208
416,46.88677727178978,0.19634954084936207,-7.806255641895632e-18,0.2424045552923186,0.7082849514398053,-1.0581813203458523e-16,0.19503253090648312,0.6778787028805588,9.540979117872439e-18,1.2238643311732782,3.252195166339629,-6.938893903907228e-18,0.5879312093150997,1.8774117927596723,-2.0816681711721685e-17,0.902491564179037,3.0780832291366513,0.0588782311777748,0.7489219505591077,0.17283155344335777,0.9806317351802403,1.3733758649454655,-0.06799378816119638,0.0,0.10665159675527931,0.03865780859408294,1.0,0.00027766120080662996,0.0,4.242640687119285,0.3973815366793281,0.07895604284681208
417,47.083126812639144,0.19634954084936207,-4.336808689942018e-18,0.23991709920151572,0.6868234053109439,-1.0581813203458523e-16,0.20368859039567025,0.6649628918249566,-2.6020852139652106e-18,1.230439950226962,3.2537710126683552,3.469446951953614e-18,0.585937989517319,1.903815263175169,-2.7755575615628914e-17,0.8998996194691791,3.121740268190337,0.05925474473963972,0.7569912355572642,0.17166166377979894,0.987907644076703,1.3782205256391107,-0.06821676477328925,0.0,0.10804394187077401,0.03982717709748476,1.0,0.00027766120080662996,0.0,4.242640687119285,0.3973815366793281,0.07895604284681208
418,47.279476353488505,0.19634954084936207,-3.469446951953614e-18,0.23763044364637756,0.6826233351017207,-1.0234868508263162e-16,0.20731261077032306,0.6625427895855025,-2.6020852139652106e-18,1.236584461472864,3.2501165647207686,0.0,0.5841308463751999,1.9177395412996041,-2.0816681711721685e-17,0.8995283013332263,3.169710133102586,0.05900999970340221,0.7645705651780667,0.17060442284350363,0.9941849877249725,1.3832602250913248,-0.06839906625360223,0.0,0.1093594793897382,0.040960413136135965,1.0,0.00027766120080662996,0.0,4.242640687119285,0.3973815366793281,0.07895604284681208
420,47.67217543518723,0.19634954084936207,-3.469446951953614e-18,0.23460723612399112,0.6684649526155767,-1.0408340855860843e-16,0.1996038611402183,0.7448627298413611,4.336808689942018e-18,1.2486947977107896,3.268772967988359,3.469446951953614e-18,0.5799379768256473,1.8810705471459048,-1.3877787807814457e-17,0.9062010542750679,3.227695165127908,0.05667923973228853,0.7796193489149948,0.1681640284823125,1.0044626171295958,1.3943507403196045,-0.06855987891948631,0.0,0.11220471793476906,0.04364483901528275,1.0,0.0002800357409687903,0.0,4.242640687119285,0.3982793522380323,0.07931322120957329
421,47.86852497603659,0.19634954084936207,-4.336808689942018e-18,0.23191416632305162,0.7076148537206,-1.0234868508263162e-16,0.19941445227611004,0.6814184868595118,8.239936510889834e-18,1.254959551239074,3.2838436858715436,3.469446951953614e-18,0.5770777049950385,1.8440637870870131,-2.0816681711721685e-17,0.9115488918106,3.2227718133114123,0.055716531726316146,0.787461737623089,0.16650933880117036,1.0096876081505757,1.4005457201352516,-0.06903380641456835,0.0,0.11608962024626712,0.04705581383169877,1.0,0.0002800357409687903,0.0,4.242640687119285,0.3982793522380323,0.07931322120957329
422,48.06487451688595,0.19634954084936207,-8.673617379884035e-18,0.22871034564838486,0.7304678056661993,-1.0408340855860843e-16,0.20220759251423676,0.6840119576181105,9.107298248878237e-18,1.2614372582067535,3.317339754920595,1.0408340855860843e-17,0.5739087275962723,1.8428820727176625,-2.7755575615628914e-17,0.917196146148362,3.1992955437173896,0.05506263926990079,0.7956119781960858,0.1646856138055861,1.0153602312715726,1.407183013114699,-0.06876110915692643,0.0,0.11815804507025271,0.04939693591332628,1.0,0.0002800357409687903,0.0,4.242640687119285,0.3982793522380323,0.07931322120957329
423,48.26122405773531,0.19634954084936207,-5.204170427930421e-18,0.22568245744691964,0.7353206894912443,-1.0408340855860843e-16,0.2044799270946999,0.7748627023265744,2.6020852139652106e-18,1.2680858828538093,3.3366815869633344,6.938893903907228e-18,0.5708188640275872,1.8148283606290705,-4.163336342344337e-17,0.92226662436813,3.1685650960961946,0.054457097580146684,0.8040209031465628,0.16291708776487251,1.0213950884915821,1.4139676223907682,-0.06850547494735959,0.0,0.11884909671924408,0.05034362177188449,1.0,0.0002800357409687903,0.0,4.242640687119285,0.3982793522380323,0.07931322120957329
425,48.653923139434035,0.19634954084936207,-4.336808689942018e-18,0.22189697339820802,0.7216856511927853,-1.0408340855860843e-16,0.20401133637362404,0.8277421664846425,1.1275702593849246e-17,1.2817115738481375,3.449378536852416,0.0,0.5660091535168678,1.7083282857315811,-1.3877787807814457e-17,0.9262039188937924,3.1307252792685967,0.05346804451981358,0.821392279268135,0.16018318093244055,1.035043504720389,1.426847184483868,-0.06852625303398012,0.0,0.1173470677550671,0.048820814721086986,1.0,0.0002800357409687903,0.0,4.242640687119285,0.3982793522380323,0.07931322120957329
426,48.850272680283396,0.19634954084936207,-3.469446951953614e-18,0.22255168150846855,0.7286596163829347,-1.0755285551056204e-16,0.1998840484346634,0.8417907425987889,8.673617379884035e-19,1.2886181680015916,3.5314490870667443,6.938893903907228e-18,0.5643774184015452,1.7099710151833043,-3.469446951953614e-17,0.9242826570667491,3.130837184079632,0.05321680286557397,0.8302683914518887,0.1592609352007964,1.042746129518259,1.432667640860735,-0.06915760617037306,0.0,0.11486039808306496,0.0457027919126919,1.0,0.0002800357409687903,0.0,4.242640687119285,0.3982793522380323,0.07931322120957329
427,49.04662222113276,0.19634954084936207,-5.204170427930421e-18,0.22496949247280218,0.7257146670846928,-1.0581813203458523e-16,0.1928455680751052,0.8252775936192499,-1.3877787807814457e-17,1.2955076029134116,3.6001315987543165,0.0,0.563111036652459,1.7323884724032432,-3.469446951953614e-17,0.9206284855385762,3.1346316834007775,0.05303334350832141,0.8391699746032266,0.1585470197999035,1.0507503379114516,1.438137695975319,-0.06992457999150076,0.0,0.11375504949764947,0.04383046950614872,1.0,0.0002800357409687903,0.0,4.242640687119285,0.3982793522380323,0.07931322120957329
429,49.43932130283148,0.19634954084936207,-4.336808689942018e-18,0.23105470801978523,0.7694295249476046,-1.0581813203458523e-16,0.1850819940615804,0.6989587920136355,1.1275702593849246e-17,1.3085953330877382,3.571587183071078,5.204170427930421e-18,0.5614043925240294,1.7958723641093641,0.0,0.9114714275878787,3.0995412584265454,0.053148114072627595,0.8562108728895039,0.15758744597263719,1.0669464329347687,1.4488445230008589,-0.07118826371940945,0.0,0.11420191250935018,0.043013648789940725,1.0,0.0002800357409687903,0.0,4.242640687119285,0.3982793522380323,0.07931322120957329
430,49.63567084368084,0.19634954084936207,-6.938893903907228e-18,0.23309117798795279,0.8065670045670659,-1.0581813203458523e-16,0.18848235071157682,0.5910926859300945,8.673617379884035e-18,1.314494832607907,3.5549334732545184,8.673617379884035e-18,0.5609985356072068,1.8036343450885415,-2.7755575615628914e-17,0.9074696396276528,3.0417420976418867,0.05342748550591565,0.8639483324764448,0.15735967847671523,1.0747354964590756,1.4544404845841954,-0.07228265929609752,0.0,0.11636566210355959,0.044083002807462066,1.0,0.0002814261340728346,0.0,4.242640687119285,0.39459314062139506,0.07785187331272803
431,49.8320203845302,0.19634954084936207,-4.336808689942018e-18,0.23334504907582207,0.8305308216774558,-1.0581813203458523e-16,0.19307234384922678,0.5946650731715205,1.734723475976807e-17,1.3199673327862935,3.6300912080493175,-5.204170427930421e-18,0.5607749708194061,1.8296242083070386,-2.0816681711721685e-17,0.9049894389135092,2.9590081755091626,0.05347805426004992,0.8711568798114808,0.15723428394875288,1.0818692180202836,1.4602350907961834,-0.07318228584683559,0.0,0.11835670454864804,0.04517441870181245,1.0,0.0002814261340728346,0.0,4.242640687119285,0.39459314062139506,0.07785187331272803
432,50.028369925379565,0.19634954084936207,-4.336808689942018e-18,0.23134529766999634,0.8286020862732059,-1.0581813203458523e-16,0.19578204832116194,0.6893132085480014,-7.806255641895632e-18,1.3252467582730982,3.6750569837807134,1.3877787807814457e-17,0.560498719539893,1.8408509031792237,-1.3877787807814457e-17,0.9047109712849667,2.9010232963722915,0.053069611813606955,0.8781394851566777,0.15707940730292985,1.0882885042732144,1.4663634357982591,-0.07357822928321964,0.0,0.12054671043170251,0.04696848114848287,1.0,0.0002814261340728346,0.0,4.242640687119285,0.39459314062139506,0.07785187331272803
434,50.42106900707829,0.19634954084936207,-5.204170427930421e-18,0.2253137591340616,0.7699165033098473,-1.0234868508263162e-16,0.19264757173800906,0.6566360778506133,-5.204170427930421e-18,1.3361358872026667,3.6508586364683726,0.0,0.5585183380205694,1.779646623044831,0.0,0.9103710474788868,2.8719755378383502,0.05146825343064063,0.8926295545354286,0.15597136695262953,1.1000691749186988,1.4798099117750354,-0.07390506791818482,0.0,0.1241136998613515,0.05020863194316667,1.0,0.0002814261340728346,0.0,4.242640687119285,0.39459314062139506,0.07785187331272803
435,50.61741854792765,0.19634954084936207,-4.336808689942018e-18,0.22430711650141288,0.7394535193998135,-1.0581813203458523e-16,0.19032955109908845,0.5891839473787455,1.9081958235744878e-17,1.342114072814971,3.730865039022915,-1.0408340855860843e-17,0.5563500930890997,1.7259977976876684,6.938893903907228e-18,0.9148589246602684,2.8791915546906997,0.05104074790928591,0.9006350922239943,0.15476271304012496,1.1064385531734051,1.4871823162617768,-0.07395468013332027,0.0,0.12757452507649764,0.05361984494317737,1.0,0.0002814261340728346,0.0,4.242640687119285,0.39459314062139506,0.07785187331272803
436,50.81376808877701,0.19634954084936207,-1.734723475976807e-18,0.22460865219807552,0.7340451933761443,-1.0581813203458523e-16,0.19168126189756035,0.6122079300731536,1.1275702593849246e-17,1.3484800309985057,3.7669206570922604,-1.734723475976807e-18,0.5534694875279821,1.7440670995506125,-2.0816681711721685e-17,0.9193044025708665,2.9056285947380616,0.051226742060620556,0.9091991970008653,0.15316423681224356,1.1135901758737292,1.494936970524241,-0.07383829296929924,0.0,0.12935577147050603,0.05551747850120679,1.0,0.0002814261340728346,0.0,4.242640687119285,0.39459314062139506,0.07785187331272803
437,51.01011762962637,0.19634954084936207,-3.469446951953614e-18,0.22535590639601707,0.7260772293844813,-1.0581813203458523e-16,0.19621812505271963,0.618282371665734,-3.469446951953614e-18,1.3549930321654746,3.7491365888893315,3.469446951953614e-18,0.5503879701484162,1.7510321194403788,-2.0816681711721685e-17,0.9232457728316408,2.947837387854167,0.05186161520840858,0.9180030586084931,0.15146345884204698,1.1213281326589486,1.5029349359048987,-0.0736777106128331,0.0,0.13031531646102207,0.05663760584818897,1.0,0.0002814261340728346,0.0,4.242640687119285,0.39459314062139506,0.07785187331272803
439,51.402816711325094,0.19634954084936207,-2.6020852139652106e-18,0.22763067361860753,0.7651600152248168,-1.0581813203458523e-16,0.19785658621366023,0.7581645236286148,-5.204170427930421e-18,1.3671747152682383,3.76414725987226,6.938893903907228e-18,0.5464660966787438,1.7979094347795652,-1.3877787807814457e-17,0.9288233038511327,3.0383474864567273,0.05265099769119557,0.9345833510343942,0.14931259740965108,1.1365469461352409,1.5187919805846637,-0.07354974983553551,0.0,0.129530357210162,0.0559806073746265,1.0,0.0002814261340728346,0.0,4.242640687119285,0.39459314062139506,0.07785187331272803
440,51.599166252174456,0.19634954084936207,-3.469446951953614e-18,0.22944130795083606,0.7643504215876022,-1.0408340855860843e-16,0.19247725015970335,0.7541827692730458,1.5612511283791264e-17,1.3725875999377732,3.749460256266624,1.0408340855860843e-17,0.5464580689250306,1.8172266772105683,-2.7755575615628914e-17,0.9293022470899762,3.0637484459973794,0.052439588018912284,0.941998359751468,0.14930821054663673,1.143746158317017,1.5262270888042033,-0.07370291543594226,0.0,0.1267712001684569,0.053068284732514626,1.0,0.000280370633751499,0.0,4.242640687119285,0.37965242647119285,0.07206798246273224
441,51.79551579302382,0.19634954084936207,-3.469446951953614e-18,0.23148042667823043,0.7439603053768913,-1.0581813203458523e-16,0.18750714151692177,0.7184647659754637,4.336808689942018e-18,1.377726646451583,3.7566855104153,-2.6020852139652106e-18,0.5476488589894472,1.826917596174194,-2.0816681711721685e-17,0.9271550704751753,3.0686767889926627,0.052147178507838204,0.9490653561713627,0.14995963637622167,1.1511721710554226,1.5332282691027574,-0.07377495174651597,0.0,0.12431839697735003,0.050543445230834066,1.0,0.000280370633751499,0.0,4.242640687119285,0.37965242647119285,0.07206798246273224
443,52.18821487472254,0.19634954084936207,-5.204170427930421e-18,0.23425461546059237,0.7090293070984379,-1.0234868508263162e-16,0.18597574181093512,0.6251858146415739,0.0,1.3877620156146036,3.854812257403062,-1.3010426069826053e-17,0.5519994183273015,1.8737657315882505,-2.0816681711721685e-17,0.915750706840059,3.0377517541264942,0.05168577084471184,0.9629417059913533,0.15235167891683954,1.1669791557529048,1.5457526610808223,-0.07459309023615164,0.0,0.12116068201343175,0.04656759177728011,1.0,0.000280370633751499,0.0,4.242640687119285,0.37965242647119285,0.07206798246273224
444,52.3845644155719,0.19634954084936207,-6.938893903907228e-18,0.23429934006437872,0.726002512537885,-1.0581813203458523e-16,0.18602144061637707,0.648457680721453,3.469446951953614e-18,1.392891170851649,3.889682992497062,-1.734723475976807e-18,0.554178887451622,1.9342341985363252,-2.7755575615628914e-17,0.9090729284072737,3.02513375816345,0.05121632196867645,0.9700729069182388,0.15355711964855878,1.174846348535474,1.5515351372580362,-0.07553375924895497,0.0,0.11968224538174974,0.04414848613279476,1.0,0.000280370633751499,0.0,4.242640687119285,0.37965242647119285,0.07206798246273224
445,52.58091395642126,0.19634954084936207,-1.734723475976807e-18,0.23363149252313478,0.7469290993936584,-1.0408340855860843e-16,0.18483451103688348,0.6437244012723348,-2.0816681711721685e-17,1.3982608845342714,3.9050352144356326,1.734723475976807e-18,0.5555478103805406,1.9690288491870513,-4.85722573273506e-17,0.9038733589036877,3.0305454846728903,0.05057248893491363,0.9775667506092814,0.15431668480930652,1.1824559243535016,1.5573591123754835,-0.07611992976376866,0.0,0.12058888935652531,0.04446895959275665,1.0,0.000280370633751499,0.0,4.242640687119285,0.37965242647119285,0.07206798246273224
446,52.777263497270624,0.19634954084936207,-2.6020852139652106e-18,0.2326171022487285,0.7562874526014449,-1.0581813203458523e-16,0.18273935940066188,0.6317992933701864,8.673617379884035e-19,1.4039601006555142,3.897300877711986,8.673617379884035e-19,0.5555978429715174,1.970758810941792,-3.469446951953614e-17,0.9014937808273702,3.059292885144764,0.04989963867016553,0.9855519821163207,0.15434448155730146,1.1897961023437875,1.563567163856104,-0.07657600640733142,0.0,0.12310524678970773,0.04652924038237631,1.0,0.000280370633751499,0.0,4.242640687119285,0.37965242647119285,0.07206798246273224
448,53.16996257896935,0.19634954084936207,-6.938893903907228e-18,0.23057483515118118,0.7012627518567558,-1.0321604682062002e-16,0.17796231929503092,0.6097220116768296,3.5561831257524545e-17,1.4160208609392206,3.9441656906397364,-1.734723475976807e-18,0.5517476810917539,1.9393108177389626,-3.469446951953614e-17,0.907323925069985,3.1665298797683663,0.04879663617374551,1.0025575393075257,0.15221275179506388,1.2035669272763352,1.5780535894225878,-0.07683293330333388,0.0,0.12872699511032043,0.05189406180698655,1.0,0.000280370633751499,0.0,4.242640687119285,0.37965242647119285,0.07206798246273224
449,53.36631211981871,0.19634954084936207,-4.336808689942018e-18,0.22966731390050027,0.6385661955731141,-1.0321604682062002e-16,0.17765218142044648,0.7007164286189148,-3.469446951953614e-18,1.4219279848674446,3.9530826743675513,-1.3877787807814457e-17,0.5489068305553982,1.8897467288873193,-2.7755575615628914e-17,0.9139627439208657,3.223188690680016,0.048543988499345096,1.0109395970745954,0.15064935431518633,1.2101329398891267,1.58632082646866,-0.07664866875571663,0.0,0.13380108206981683,0.0571524133141002,1.0,0.000280370633751499,0.0,4.242640687119285,0.37965242647119285,0.07206798246273224
450,53.56266166066807,0.19634954084936207,-6.071532165918825e-18,0.22831070469157017,0.6404432004933512,-1.0408340855860843e-16,0.17997086478460883,0.7687369100588846,-1.734723475976807e-18,1.4274801449256302,3.9465688118071487,5.204170427930421e-18,0.5464255616410552,1.8254108447366317,-2.0816681711721685e-17,0.9210066516373732,3.2690841828653245,0.04848472594278638,1.018849782078449,0.14929044720737122,1.2166249552286066,1.5949437805732551,-0.07637112412184702,0.0,0.13536227382092242,0.0589911496990754,1.0,0.000279767711491352,0.0,4.242640687119285,0.38127569472374867,0.07268557769353859
451,53.75901120151743,0.19634954084936207,-3.469446951953614e-18,0.22594968067864454,0.645206609365578,-1.0408340855860843e-16,0.18327604023411764,0.7954328676358882,3.5561831257524545e-17,1.4326703540199153,3.943381407485118,-5.204170427930421e-18,0.5447878481040306,1.849609577354277,-4.163336342344337e-17,0.9274644156928669,3.3009786147625535,0.048310647147565736,1.0262721716437744,0.1483968997209101,1.2229797185122504,1.6036279836748182,-0.07598251684158443,0.0,0.1352980299609634,0.05931551311937898,1.0,0.000279767711491352,0.0,4.242640687119285,0.38127569472374867,0.07268557769353859
453,54.151710283216154,0.19634954084936207,-3.469446951953614e-18,0.2184919139196915,0.7338866932749586,-1.0495077029659683e-16,0.1847452694900011,0.7556983465608892,1.214306433183765e-17,1.4424295755881062,4.004600359868391,-1.734723475976807e-18,0.5439765485096364,1.9795962986547555,-6.938893903907228e-18,0.937836763305591,3.340069661614729,0.04671777259630678,1.0403015402656421,0.14795524266422838,1.2349745555261773,1.620405002734432,-0.07594934876591346,0.0,0.1338005210203918,0.05785117225447835,1.0,0.000279767711491352,0.0,4.242640687119285,0.38127569472374867,0.07268557769353859
454,54.348059824065515,0.19634954084936207,-6.938893903907228e-18,0.21485665338069923,0.7633032701279656,-1.0408340855860843e-16,0.1839632159730119,0.6873763365207733,-9.540979117872439e-18,1.4472761386919213,4.045109575118062,-3.469446951953614e-18,0.5441971057551959,2.0164308588714945,-2.7755575615628914e-17,0.9414311268583072,3.3640826468674496,0.045820005260810356,1.0473041108134988,0.14807524495616592,1.2411993610304752,1.6285735989734202,-0.07623979542314734,0.0,0.13292740389954422,0.05668760847639688,1.0,0.000279767711491352,0.0,4.242640687119285,0.38127569472374867,0.07268557769353859
455,54.54440936491488,0.19634954084936207,-6.071532165918825e-18,0.21280501070319685,0.7813899883939308,-1.0278236595162582e-16,0.1841114958941071,0.5997008221636281,5.204170427930421e-18,1.4522231052487065,4.061005243826431,-5.204170427930421e-18,0.5444721656221582,2.024853524340553,-2.0816681711721685e-17,0.9434564476525176,3.3956774273126435,0.04542744123159869,1.0544759737090978,0.14822496956864142,1.248128384509338,1.636683072604598,-0.07660593396641904,0.0,0.13297342224014286,0.056367488273723815,1.0,0.000279767711491352,0.0,4.242640687119285,0.38127569472374867,0.07268557769353859
457,54.9371084466136,0.19634954084936207,-7.806255641895632e-18,0.21618294348346662,0.7873623294036731,-1.0278236595162582e-16,0.18454385487430036,0.6390533349398468,-1.214306433183765e-17,1.4626744973936192,4.0334667214057855,-6.938893903907228e-18,0.5451140970482008,1.9686765714758043,-1.3877787807814457e-17,0.9419130858516737,3.4369364611352635,0.045987300764072876,1.0697083426628382,0.14857468940033763,1.2642703328272489,1.6523890927782143,-0.07734890124850528,0.0,0.13256779743524424,0.05521889618673896,1.0,0.000279767711491352,0.0,4.242640687119285,0.38127569472374867,0.07268557769353859
458,55.13345798746296,0.19634954084936207,-4.336808689942018e-18,0.2200956288185174,0.7782703700997329,-1.0495077029659683e-16,0.18329562067210506,0.6178339387889642,1.8214596497756474e-17,1.4682061525417762,4.0490650881336885,-1.734723475976807e-18,0.5457123616690673,1.920999005034577,-1.3877787807814457e-17,0.9384135779751596,3.41460851232796,0.046379814268059594,1.0778146531807626,0.14890099083921549,1.2730954582880378,1.6597638608258514,-0.07827320224611617,0.0,0.1313104668842945,0.053037264638178344,1.0,0.000279767711491352,0.0,4.242640687119285,0.38127569472374867,0.07268557769353859
459,55.32980752831232,0.19634954084936207,-6.071532165918825e-18,0.22333944965880476,0.7648466933261493,-1.0430024899310553e-16,0.1813080176807886,0.6170805036136978,1.214306433183765e-17,1.4737963835172108,4.037243280197932,-8.673617379884035e-18,0.5466951692927456,1.8748604360683552,-1.3877787807814457e-17,0.9335983871053493,3.353445601969715,0.04656664461664141,1.0860378900342047,0.14943780406401194,1.282042338714858,1.6668137488484114,-0.07898136523491311,0.0,0.13049733366665994,0.05151596843174683,1.0,0.000279767711491352,0.0,4.242640687119285,0.38127569472374867,0.07268557769353859
460,55.526157069161684,0.19634954084936207,-4.336808689942018e-18,0.22505008921731862,0.7522035795466965,-1.0451708942760263e-16,0.17845347045134916,0.6492969825765844,1.8214596497756474e-17,1.479227912109347,4.027745550657279,6.938893903907228e-18,0.5481645311798058,1.8381496150986343,-1.3877787807814457e-17,0.9283926045130158,3.260742392476243,0.04641489419989482,1.0940576079816888,0.15024217662178813,1.2907146788033717,1.6736733190160642,-0.07968694291023225,0.0,0.13031833959115147,0.05063139668091922,1.0,0.00028005605855704657,0.0,4.242640687119285,0.38655897700638586,0.07471392135211177
462,55.91885615086041,0.19634954084936207,-5.204170427930421e-18,0.22405782759040674,0.7607270332046739,-1.0408340855860843e-16,0.17145014834393374,0.6385734244996022,6.938893903907228e-18,1.4889795987997685,4.108179993329539,1.734723475976807e-18,0.5521084086539552,1.8119729022972155,-1.3877787807814457e-17,0.9215820595394195,3.0495034379649932,0.04506927779019938,1.1085301228209594,0.15241184745320133,1.30601124806436,1.6877377384830892,-0.08058981197544089,0.0,0.13210607189151558,0.05151625991607468,1.0,0.00028005605855704657,0.0,4.242640687119285,0.38655897700638586,0.07471392135211177
463,56.11520569170977,0.19634954084936207,-6.071532165918825e-18,0.22172432889555976,0.7702226876004437,-1.0451708942760263e-16,0.1707208408347816,0.642954077834051,8.673617379884035e-18,1.4933198862268753,4.14973688018574,-4.336808689942018e-18,0.553873393330487,1.8148610182123395,-1.3877787807814457e-17,0.9217310666892059,3.025584862629527,0.04431905638714174,1.1150021413003237,0.1533878679197142,1.3127090656071798,1.6954857365378997,-0.08101943375462801,0.0,0.13601952881953705,0.055000095064909035,1.0,0.00028005605855704657,0.0,4.242640687119285,0.38655897700638586,0.07471392135211177
464,56.31155523255913,0.19634954084936207,-3.469446951953614e-18,0.21893603004561152,0.768529655904648,-1.0278236595162582e-16,0.17261337005602587,0.6104950206054102,-1.3010426069826053e-17,1.4974781870606708,4.1664160476220555,-5.204170427930421e-18,0.5549628737058085,1.8001191500528124,-1.3877787807814457e-17,0.9246141961477209,3.0156312957426805,0.04389762741393453,1.1212204603612566,0.1539918955959046,1.3191099833710955,1.703927960130832,-0.0810578259389222,0.0,0.13945305393150384,0.058395227992581636,1.0,0.00028005605855704657,0.0,4.242640687119285,0.38655897700638586,0.07471392135211177
465,56.50790477340849,0.19634954084936207,-4.336808689942018e-18,0.21691909752208396,0.7702743248545292,-1.0495077029659683e-16,0.17512123810250996,0.545079678333562,-1.214306433183765e-17,1.5016046437333668,4.1558237489072285,-7.806255641895632e-18,0.5551980377296037,1.7685778107679602,-2.0816681711721685e-17,0.9299613229921649,2.993801515975177,0.04389661150822491,1.127408253040806,0.15412243054940128,1.3254272950984323,1.7130533024583945,-0.08098465645038132,0.0,0.14274766773413178,0.06176301128375046,1.0,0.00028005605855704657,0.0,4.242640687119285,0.38655897700638586,0.07471392135211177
467,56.900603855107214,0.19634954084936207,-4.336808689942018e-18,0.21774126480436895,0.7462092115949541,-1.0625181290357943e-16,0.17687324698408588,0.6488157751411165,-1.1275702593849246e-17,1.5101505350854594,4.068396543266933,-2.6020852139652106e-18,0.5536757772327145,1.8083517582265871,-2.0816681711721685e-17,0.9452024004476782,2.949876124298455,0.04471058532479097,1.1402773193094498,0.1532784331471253,1.338266337781366,1.7327648169377454,-0.08075948468328568,0.0,0.14610595576875035,0.06534647108546467,1.0,0.00028005605855704657,0.0,4.242640687119285,0.38655897700638586,0.07471392135211177
468,57.096953395956575,0.19634954084936207,-5.204170427930421e-18,0.21954588662473473,0.7427175069719762,-1.0538445116559103e-16,0.17689980641579056,0.6742436608707676,3.469446951953614e-18,1.5146951525588515,4.036464976302409,-8.673617379884035e-18,0.5526168854809433,1.8081530098540843,1.3877787807814457e-17,0.9529690144281368,2.948482913003036,0.04514852064180651,1.1471507025926415,0.152692711059329,1.344991934293777,1.742885129817342,-0.08042976970526983,0.0,0.14699323660037794,0.06656346689510811,1.0,0.00028005605855704657,0.0,4.242640687119285,0.38655897700638586,0.07471392135211177
469,57.29330293680594,0.19634954084936207,-4.336808689942018e-18,0.22076046917479225,0.7293100195484349,-1.0364972768961422e-16,0.17754317302733058,0.7236172907996548,2.3418766925686896e-17,1.519489673079099,4.036330602270566,3.469446951953614e-18,0.5519048842707667,1.7959539615672429,0.0,0.9591341367393854,2.974849483173255,0.04539558700316057,1.154424433297014,0.1522995006409642,1.3521195209411387,1.7528023604919805,-0.08014656903154647,0.0,0.14562219590305842,0.06547562687151194,1.0,0.00028005605855704657,0.0,4.242640687119285,0.38655897700638586,0.07471392135211177
471,57.68600201850466,0.19634954084936207,-3.469446951953614e-18,0.2182676678499343,0.7341025838453096,-1.0321604682062002e-16,0.18144269035959462,0.7327353157345251,0.0,1.529916393686669,4.006664474538452,-3.469446951953614e-18,0.5527803546524646,1.7922337426344401,0.0,0.9627906109177448,3.0624290025813288,0.04504462682923314,1.1703220858356118,0.1527830602448522,1.368149772909697,1.7712135884818172,-0.07950943466062571,0.0,0.14129769039539666,0.06178825573477095,1.0,0.0002781930363027766,0.0,4.242640687119285,0.3723339573181674,0.06931628788610344
472,57.88235155935402,0.19634954084936207,-4.336808689942018e-18,0.21529755544186843,0.7171774368930951,-1.0516761073109393e-16,0.18191123701399933,0.715551961842907,8.673617379884035e-19,1.5354339153154586,4.05219708300354,0.0,0.5545859076617174,1.772642421159699,-1.3877787807814457e-17,0.9600769316369758,3.0737419531496033,0.044331341147350975,1.1787786541504797,0.1537827644884855,1.376892759786316,1.779547407233398,-0.0791393588942832,0.0,0.13646697767557447,0.05732761878129128,1.0,0.0002781930363027766,0.0,4.242640687119285,0.3723339573181674,0.06931628788610344
473,58.07870110020338,0.19634954084936207,-8.673617379884035e-19,0.21281582239894273,0.6778298218918861,-1.0343288725511712e-16,0.179293191250356,0.6959082337547299,1.474514954580286e-17,1.5409877272412011,4.105410233211384,1.0408340855860843e-17,0.5571144632310038,1.7861229644934131,-2.7755575615628914e-17,0.9553406285604094,3.068025284101226,0.04329225539596633,1.1873215877540015,0.1551882625705847,1.3858021057205525,1.7874128117672508,-0.0793122288687471,0.0,0.13428084770156706,0.05496861883281996,1.0,0.0002781930363027766,0.0,4.242640687119285,0.3723339573181674,0.06931628788610344
474,58.275050641052744,0.19634954084936207,-1.734723475976807e-18,0.21163751409533438,0.6335125646428302,-1.0408340855860843e-16,0.17441520048252965,0.644207934513203,8.673617379884035e-18,1.5464358246379137,4.1218463973116775,6.938893903907228e-18,0.5600346008697334,1.8000262808382264,-4.163336342344337e-17,0.9496695988551294,3.0449678461520335,0.04220401810724426,1.1957318798617722,0.15681937708566082,1.3947552750546772,1.7950801858275465,-0.0796633425248446,0.0,0.1336386684638991,0.053975325939054505,1.0,0.0002781930363027766,0.0,4.242640687119285,0.3723339573181674,0.06931628788610344
476,58.667749722751466,0.19634954084936207,-4.336808689942018e-18,0.2132764162082559,0.592631393310806,-1.0299920638612292e-16,0.1659674984968855,0.5798581472075979,1.3010426069826053e-17,1.5564627180941337,4.0544722320556685,0.0,0.5657087017062866,1.8311603527791582,-2.7755575615628914e-17,0.9399716947800127,3.0395716587086055,0.04116518925406935,1.2112880964084896,0.1600131675931062,1.4124664532556652,1.8110372533354255,-0.0803700439050144,0.0,0.13592974237668726,0.05555969847167286,1.0,0.0002781930363027766,0.0,4.242640687119285,0.3723339573181674,0.06931628788610344
477,58.86409926360083,0.19634954084936207,-7.806255641895632e-18,0.21548593368253754,0.6117481559777408,-1.0234868508263162e-16,0.16347707562836908,0.5470564952761259,-2.0816681711721685e-17,1.5609641896657749,4.031442327938974,-5.204170427930421e-18,0.5679083210713879,1.8364405240995234,-3.469446951953614e-17,0.9382945458852254,3.0607226101801404,0.04126808731094689,1.2183046007094644,0.16125993057106128,1.4208326185914726,1.8197996459687833,-0.08100601513845833,0.0,0.140547761202903,0.059541746064444664,1.0,0.0002781930363027766,0.0,4.242640687119285,0.3723339573181674,0.06931628788610344
478,59.06044880445019,0.19634954084936207,-6.938893903907228e-18,0.21761296531462784,0.635904725426705,-1.0386656812411132e-16,0.16215412035949384,0.5606658704393768,1.5612511283791264e-17,1.565363696143015,4.026004132589075,5.204170427930421e-18,0.5692468187848647,1.812124156581383,-2.7755575615628914e-17,0.9398688734890608,3.0828642262789137,0.04153319622192837,1.2251817506012606,0.16202097034834428,1.428735917171533,1.8292623323453485,-0.08122903507374331,0.0,0.14430533204693585,0.06307629697319254,1.0,0.0002781930363027766,0.0,4.242640687119285,0.3723339573181674,0.06931628788610344
479,59.25679834529955,0.19634954084936207,-6.071532165918825e-18,0.21857845707019907,0.6382431290343341,-1.0321604682062002e-16,0.16338353480380452,0.6558803156155262,2.6020852139652106e-18,1.5700085943484656,4.05764254044298,-6.938893903907228e-18,0.5693681578394726,1.76242939460746,-3.469446951953614e-17,0.9446685036500697,3.1031291260017597,0.04186195137539025,1.2324634931640222,0.1620900495807573,1.4364154941201697,1.8394531607838118,-0.08123190182485325,0.0,0.14795699384576083,0.06672509202090758,1.0,0.0002781930363027766,0.0,4.242640687119285,0.3723339573181674,0.06931628788610344
481,59.64949742699827,0.19634954084936207,-2.6020852139652106e-18,0.2159037285470306,0.5777167047078415,-1.0364972768961422e-16,0.17235915439745886,0.6979882115964924,1.9081958235744878e-17,1.5808915906821517,4.0679055217926265,3.469446951953614e-18,0.566030540587013,1.7676511947317273,-2.0816681711721685e-17,0.961104760663712,3.163602946677968,0.04231328633371237,1.2496091107447718,0.1601952864386131,1.4521176835170972,1.861718007417732,-0.08053629618939281,0.0,0.15191941342466803,0.07138311723527521,1.0,0.0002760961197730325,0.0,4.242640687119285,0.3682118492291867,0.06778998295638866
482,59.845846967847635,0.19634954084936207,-2.6020852139652106e-18,0.21340323075605974,0.593837063286759,-1.0364972768961422e-16,0.17439897167377796,0.6408140038988346,-1.0408340855860843e-17,1.586917719795034,4.053894556414717,-5.204170427930421e-18,0.5636857353643479,1.8008659576412118,-3.469446951953614e-17,0.9707043916305858,3.18781655461201,0.04199426001843533,1.259153924699735,0.15887080412662277,1.460018988844793,1.8733018872727603,-0.07966209211536673,0.0,0.15326361829089863,0.0736015261755319,1.0,0.0002760961197730325,0.0,4.242640687119285,0.3682118492291867,0.06778998295638866
483,60.042196508696996,0.19634954084936207,-6.938893903907228e-18,0.21076730990917802,0.6085736594027159,-1.0278236595162582e-16,0.17313324470330554,0.5499263045417655,1.214306433183765e-17,1.5929276893047493,4.040457538099329,-3.469446951953614e-18,0.5619571357299774,1.8357001223367295,1.3877787807814457e-17,0.9794139793064314,3.1957109019583307,0.0412626660838654,1.2687093116768837,0.1578979111989201,1.467869888959669,1.8847657707310215,-0.07930889036777258,0.0,0.15230188711971374,0.07299299675194115,1.0,0.0002760961197730325,0.0,4.242640687119285,0.3682118492291867,0.06778998295638866
485,60.43489559039572,0.19634954084936207,-3.469446951953614e-18,0.20533652319024587,0.6428906052804355,-1.0495077029659683e-16,0.17101728757630907,0.539436051860673,-4.336808689942018e-18,1.6040648068398815,4.047819340838513,3.469446951953614e-18,0.56230863140851,1.905906739555482,-4.163336342344337e-17,0.9886960230074786,3.185536927773225,0.03994110988743598,1.2865119522711328,0.1580954984782557,1.4845485606368245,1.9065744121109969,-0.07908738015933846,0.0,0.14926506390064578,0.07017768374130733,1.0,0.0002760961197730325,0.0,4.242640687119285,0.3682118492291867,0.06778998295638866
486,60.63124513124508,0.19634954084936207,-6.071532165918825e-18,0.20326312365760377,0.6675503883888126,-1.0148132334464322e-16,0.17304790979902232,0.5465923947681182,1.9949319973733282e-17,1.60912482180912,4.079483196361817,0.0,0.5644970493253456,1.959937611596955,-6.938893903907228e-18,0.9882567958390224,3.2033919542565576,0.03975647568902458,1.294641346081116,0.15932845934851084,1.4937262811186514,1.916750643988105,-0.07933399543500139,0.0,0.1459286709198374,0.06659467548483602,1.0,0.0002760961197730325,0.0,4.242640687119285,0.3682118492291867,0.06778998295638866
487,60.82759467209444,0.19634954084936207,-6.071532165918825e-18,0.20259926570801845,0.6983188547504411,-1.0408340855860843e-16,0.174824823248262,0.5445290855236348,8.673617379884035e-19,1.6139992072873335,4.105688346627293,1.0408340855860843e-17,0.5676120664707461,2.0014046327797743,-1.3877787807814457e-17,0.985129532497976,3.2228114143201942,0.039751695696518215,1.3024967205620706,0.16109172900159535,1.5033401452601842,1.9264615271276928,-0.07987027147347953,0.0,0.14424705622530226,0.06437678475182274,1.0,0.0002760961197730325,0.0,4.242640687119285,0.3682118492291867,0.06778998295638866
488,61.0239442129438,0.19634954084936207,-4.336808689942018e-18,0.2037855386723595,0.7339655488042038,-1.0408340855860843e-16,0.17415577610365168,0.5350926698853726,-7.806255641895632e-18,1.6188751089073734,4.131872470530452,3.469446951953614e-18,0.5711210479520199,2.0228865325880077,-1.3877787807814457e-17,0.9802999992867125,3.2334639221081978,0.03978259808465686,1.3103783091199301,0.16308962570690672,1.5132505329114938,1.9358069425408133,-0.08066928682226639,0.0,0.1433578014903504,0.06268851466808402,1.0,0.0002760961197730325,0.0,4.242640687119285,0.3682118492291867,0.06778998295638866
490,61.416643294642526,0.19634954084936207,-7.806255641895632e-18,0.20946179791748906,0.802244226442951,-1.0408340855860843e-16,0.16643295857726773,0.5529691210118799,3.382710778154774e-17,1.6291511496461668,4.108043177946813,0.0,0.5773772605949575,1.9958580168950542,-6.938893903907228e-18,0.9693737193922899,3.2224746729329494,0.03985942511189852,1.3270667341967133,0.16668225052606878,1.5336084098346805,1.9540057204798285,-0.08215290532574768,0.0,0.14381942863856886,0.061666523312821186,1.0,0.0002745058106685795,0.0,4.242640687119285,0.36872090387682127,0.06797755247787005
491,61.61299283549189,0.19634954084936207,-1.734723475976807e-18,0.21197359256947135,0.8238027316092804,-1.0321604682062002e-16,0.16283918977202372,0.6127243855431199,-2.6020852139652106e-18,1.6346081771963044,4.057449581494181,-3.469446951953614e-18,0.5795740562144143,1.9688916778969396,-4.163336342344337e-17,0.9653102700366277,3.205905131329747,0.03987964160318422,1.3359719464785125,0.16795304331841449,1.543804631400111,1.963350132426836,-0.0831141721270066,0.0,0.14608505461754573,0.06297088249053913,1.0,0.0002745058106685795,0.0,4.242640687119285,0.36872090387682127,0.06797755247787005
492,61.80934237634125,0.19634954084936207,-3.469446951953614e-18,0.21363840987360933,0.8312335925734722,-1.0408340855860843e-16,0.1610117188098281,0.6711142507967671,2.2551405187698492e-17,1.6401278500205914,4.071550399824658,3.469446951953614e-18,0.5810092737618301,1.9623698842643806,0.0,0.9635147795106815,3.211686604331854,0.0398391254576971,1.3450096822065836,0.16878588809862463,1.5536346957629052,1.9730779810521195,-0.08386057238562941,0.0,0.14879055184777457,0.06492997946214515,1.0,0.0002745058106685795,0.0,4.242640687119285,0.36872090387682127,0.06797755247787005
493,62.00569191719061,0.19634954084936207,-5.204170427930421e-18,0.2145843606880294,0.823279545638872,-1.0408340855860843e-16,0.16103182705245803,0.6961823230288855,2.42861286636753e-17,1.6455917621022416,4.078379037661557,6.938893903907228e-18,0.5817029745336497,1.9456119005061001,-3.469446951953614e-17,0.9646797100917808,3.233522651214708,0.03976412976250204,1.3539861237493804,0.16918917529064798,1.5629394288025305,1.9833924787201243,-0.08436330662580742,0.0,0.1522219828234076,0.06785867619760018,1.0,0.0002745058106685795,0.0,4.242640687119285,0.36872090387682127,0.06797755247787005
495,62.39839099888933,0.19634954084936207,-4.336808689942018e-18,0.21503318845967415,0.772802341087443,-1.0234868508263162e-16,0.16497967815219988,0.683355690543006,-1.0408340855860843e-17,1.6560732532230487,4.031953926315899,3.469446951953614e-18,0.5812136763709037,1.8931393450049168,-2.7755575615628914e-17,0.9758888585396801,3.2761109593920796,0.039862220950450486,1.3712893100203853,0.1689046688002908,1.5800561997711267,2.006097815911325,-0.08465886951919525,0.0,0.1576858418681019,0.07302697234890664,1.0,0.0002745058106685795,0.0,4.242640687119285,0.36872090387682127,0.06797755247787005
496,62.594740539738694,0.19634954084936207,-4.336808689942018e-18,0.2150033304679543,0.741851445755513,-1.0234868508263162e-16,0.16728918855249797,0.7071406315129634,0.0,1.6610853530699985,4.016813194513902,-1.3877787807814457e-17,0.5803696357943985,1.8829690079458672,-4.163336342344337e-17,0.98463460960866,3.3019823420822165,0.04010144500880453,1.379602275091841,0.16841445707606134,1.588118177176707,2.0182990691513516,-0.08459015521137778,0.0,0.16190198581775017,0.0773118306063724,1.0,0.0002745058106685795,0.0,4.242640687119285,0.36872090387682127,0.06797755247787005
497,62.791090080588056,0.19634954084936207,-7.806255641895632e-18,0.2152893257595279,0.7138724267106009,-1.0321604682062002e-16,0.16843730117540065,0.6960760325405344,-1.734723475976807e-18,1.6660101782207968,4.057068505698078,-1.0408340855860843e-17,0.579467282124343,1.8905556401789658,0.0,0.994089739490632,3.3288982880571396,0.0403522043461114,1.3877949569676453,0.16789116552628644,1.596038326840043,2.030747383109679,-0.08438527120517969,0.0,0.16300712643529766,0.07862185523011797,1.0,0.0002745058106685795,0.0,4.242640687119285,0.36872090387682127,0.06797755247787005
499,63.18378916228678,0.19634954084936207,-4.336808689942018e-18,0.2168417303505034,0.6862042917383235,-1.0321604682062002e-16,0.16659358423550524,0.6712780799168118,8.239936510889834e-18,1.6759237835505,4.105826273770805,0.0,0.578634731299529,1.9578905970954417,-2.0816681711721685e-17,1.010241990043889,3.3664544055003183,0.04048810109308314,1.4043602641351118,0.16740907613303907,1.612257441361234,2.0552255146751888,-0.08400566810471077,0.0,0.16166372028063516,0.07765805217592439,1.0,0.0002745058106685795,0.0,4.242640687119285,0.36872090387682127,0.06797755247787005
500,63.38013870313614,0.19634954084936207,-5.204170427930421e-18,0.2169903824511903,0.6837110380117221,-1.0321604682062002e-16,0.16569885325472913,0.622239804001224,-2.6020852139652106e-18,1.6810913137761656,4.10363005057655,-3.469446951953614e-18,0.5791545796903251,1.9807382336329935,-3.469446951953614e-17,1.0145377781205671,3.371596016315203,0.04039619490556906,1.4130340026268375,0.16771001358813858,1.6211402111205453,2.0667576885818146,-0.08369581571292553,0.0,0.15780888741509486,0.07411307170216933,1.0,0.00027281922415518003,0.0,4.242640687119285,0.3658894967651868,0.06693756192154082
501,63.5764882439855,0.19634954084936207,-5.204170427930421e-18,0.2158368442779281,0.6770030252241741,-1.0234868508263162e-16,0.16618266347866997,0.5567491420944185,-1.8214596497756474e-17,1.6865372020062819,4.0819602846065335,6.938893903907228e-18,0.5804701793584198,1.9958646065580972,-2.0816681711721685e-17,1.015261670127339,3.3692316730063983,0.04024421379780681,1.4222038668755888,0.16847281456219804,1.6309208952355936,2.0776978996818247,-0.08314080611415858,0.0,0.1541652069440086,0.07102440082985001,1.0,0.00027281922415518003,0.0,4.242640687119285,0.3658894967651868,0.06693756192154082
502,63.77283778483486,0.19634954084936207,-5.204170427930421e-18,0.21340926726011364,0.6727992012336892,-1.0408340855860843e-16,0.16729254310098352,0.564829765765069,-7.806255641895632e-18,1.6922326471698652,4.073537538277156,6.938893903907228e-18,0.5825207201273015,2.0054045460358227,-3.469446951953614e-17,1.0123932575348444,3.362975128819498,0.03996719727035672,1.431825666073764,0.16966519468881494,1.6414580580329359,2.0878570818552946,-0.08330815060766997,0.0,0.15038912810782062,0.06708097750015066,1.0,0.00027281922415518003,0.0,4.242640687119285,0.3658894967651868,0.06693756192154082
504,64.16553686653359,0.19634954084936207,-6.938893903907228e-18,0.20877669773363267,0.6639779524810758,-1.0408340855860843e-16,0.1663679372215467,0.6491635084004881,-6.071532165918825e-18,1.7040747122930755,4.142426709043154,0.0,0.5879366235537012,2.00835542754637,-6.938893903907228e-18,0.9993067252157168,3.3587156765690165,0.03909050190019328,1.4519353125383638,0.1728347366578633,1.6638605510964204,2.106321049140851,-0.08408171513517657,0.0,0.14645177259368178,0.06237005745850521,1.0,0.00027281922415518003,0.0,4.242640687119285,0.3658894967651868,0.06693756192154082
505,64.36188640738295,0.19634954084936207,-4.336808689942018e-18,0.2088937318235284,0.6671854950060201,-1.0408340855860843e-16,0.16452950928736843,0.635226773270295,1.8214596497756474e-17,1.7099250790574079,4.23478225803883,-3.469446951953614e-18,0.5905931878061504,1.998095261953422,-2.7755575615628914e-17,0.9918655164695953,3.3672422824713997,0.038883522631159344,1.461921887994741,0.17440015674151543,1.6752055673674158,2.1152309688545357,-0.08541018010462773,0.0,0.1459924994026664,0.06058231929803867,1.0,0.00027281922415518003,0.0,4.242640687119285,0.3658894967651868,0.06693756192154082
506,64.55823594823232,0.19634954084936207,-3.469446951953614e-18,0.21108747022296329,0.6767985306729245,-1.0495077029659683e-16,0.16281917357628486,0.587450896739258,1.3877787807814457e-17,1.7155131798012486,4.31422415235143,6.938893903907228e-18,0.5927673461982154,1.9784461314356971,-4.163336342344337e-17,0.9860341037971108,3.380902873202743,0.03901715132857511,1.4714927350358957,0.17568656335943744,1.6861964497239081,2.124394091623108,-0.08655140746799433,0.0,0.14823493203886068,0.061683524570866344,1.0,0.00027281922415518003,0.0,4.242640687119285,0.3658894967651868,0.06693756192154082
507,64.75458548908169,0.19634954084936207,-6.938893903907228e-18,0.21473699819484238,0.6820053353027944,-1.0408340855860843e-16,0.16104993466688847,0.5207623016023464,-4.336808689942018e-18,1.7207507630927794,4.37163944447522,-1.3877787807814457e-17,0.5942624310889433,1.950597060486909,-1.3877787807814457e-17,0.9833052560764343,3.393946990200838,0.03935382659934196,1.480491594342191,0.1765739185018705,1.6964193394434035,2.1340533491347107,-0.08769307624540211,0.0,0.15173010515397928,0.06403702890857717,1.0,0.00027281922415518003,0.0,4.242640687119285,0.3658894967651868,0.06693756192154082
509,65.14728457078043,0.19634954084936207,-6.071532165918825e-18,0.22166124104856738,0.656417459396696,-1.0234868508263162e-16,0.15742348018368293,0.5393462587110174,8.673617379884035e-18,1.7303422367241539,4.404511020492431,1.0408340855860843e-17,0.5950388250704688,1.8847902379888208,-2.0816681711721685e-17,0.9891251420006016,3.3995966156393576,0.039890216359565744,1.4970421280957735,0.177035601670622,1.7139679461259614,2.155163055361765,-0.08892888736475722,0.0,0.15737161174446757,0.06844272437971034,1.0,0.00027281922415518003,0.0,4.242640687119285,0.3658894967651868,0.06693756192154082
510,65.3436341116298,0.19634954084936207,-5.204170427930421e-18,0.2223494938114727,0.654533746702078,-1.0148132334464322e-16,0.1579997207170097,0.55095555666694,1.6479873021779667e-17,1.734969583014505,4.383981145448973,3.469446951953614e-18,0.5944966097237986,1.8567300890484735,-2.7755575615628914e-17,0.9963541304685769,3.391895870369865,0.03996975287675962,1.5050597269927624,0.1767131094865452,1.7217425893560672,2.166490518234097,-0.0893515864216754,0.0,0.16165785710017438,0.07230627067849899,1.0,0.0002737942415611652,0.0,4.242640687119285,0.38177099835960554,0.07287454759424497
511,65.53998365247917,0.19634954084936207,-5.204170427930421e-18,0.22047454490434742,0.6466542843577963,-1.0234868508263162e-16,0.1605948659482168,0.5432833850933337,8.673617379884035e-19,1.739665534418715,4.3466981498306945,-3.469446951953614e-18,0.5935817264525539,1.8373398406980948,-5.551115123125783e-17,1.0048834167946656,3.3821029289068196,0.03985754882195227,1.5132180858221769,0.17616963298919724,1.7292452676333265,2.1780583845867323,-0.08938148534745412,0.0,0.16296869898450195,0.07358721363704783,1.0,0.0002737942415611652,0.0,4.242640687119285,0.38177099835960554,0.07287454759424497
513,65.9326827341779,0.19634954084936207,-6.071532165918825e-18,0.21290215218688419,0.6003485825346666,-1.0321604682062002e-16,0.16406580770037565,0.48352895113742395,-1.734723475976807e-18,1.749754825017258,4.337731454435713,0.0,0.5915408751313304,1.8280052185856632,-6.938893903907228e-18,1.021698083205601,3.3738776318131185,0.038817126444585154,1.5308209738355876,0.17496030347557007,1.7445984037557427,2.2014027900023327,-0.08850203053626476,0.0,0.16267367502546728,0.07417164448920252,1.0,0.0002737942415611652,0.0,4.242640687119285,0.38177099835960554,0.07287454759424497
514,66.12903227502727,0.19634954084936207,-3.903127820947816e-18,0.20985877100862232,0.6089837279060466,-1.0408340855860843e-16,0.162799899373172,0.5019682323580509,1.0408340855860843e-17,1.7552294762306504,4.417480475379919,0.0,0.5907378237988002,1.833831447238445,-4.163336342344337e-17,1.028012201586006,3.376816990959207,0.038107812507759124,1.5404152571144616,0.1744855882332712,1.753008657855492,2.2128326994733842,-0.08767458020180449,0.0,0.16064088841680974,0.07296630821500524,1.0,0.0002737942415611652,0.0,4.242640687119285,0.38177099835960554,0.07287454759424497
515,66.32538181587664,0.19634954084936207,-3.0357660829594124e-18,0.2081318285245299,0.6266566348228102,-1.0408340855860843e-16,0.1607962875849786,0.5273898545512145,-1.9081958235744878e-17,1.7609615874645606,4.476096517754871,-1.0408340855860843e-17,0.5902632670599824,1.8414101224905859,0.0,1.031720013394728,3.377732222901226,0.03756228986387527,1.5504928562628524,0.17420536222016203,1.7622605083468896,2.2238663407976405,-0.08740658684860678,0.0,0.15835958275228612,0.07095299590367934,1.0,0.0002737942415611652,0.0,4.242640687119285,0.38177099835960554,0.07287454759424497
516,66.52173135672601,0.19634954084936207,-6.071532165918825e-18,0.20736780054343665,0.6516972870830016,-1.0321604682062002e-16,0.15970590812166302,0.5441405992582754,2.0816681711721685e-17,1.7668706689146552,4.502202480091382,6.938893903907228e-18,0.5902735381121025,1.846212534592138,0.0,1.0322837950321073,3.3675800091223254,0.03728326249228141,1.5609159803354609,0.17421142489768984,1.772410667725432,2.2343367476643126,-0.08744787368969989,0.0,0.15556260061037783,0.06811472692067794,1.0,0.0002737942415611652,0.0,4.242640687119285,0.38177099835960554,0.07287454759424497
518,66.91443043842474,0.19634954084936207,-6.938893903907228e-18,0.20647905346625695,0.7108861179973733,-1.0495077029659683e-16,0.16257871835623056,0.5228580386443253,1.214306433183765e-17,1.7787190701805715,4.43514343622246,3.469446951953614e-18,0.5922119753667358,1.8329813964732018,0.0,1.0244600373658783,3.289201845654213,0.03732903993022263,1.5819207653120189,0.17535751188388563,1.7946073171261272,2.253334788413131,-0.08816231758560901,0.0,0.15143617659372913,0.06327385900812012,1.0,0.0002737942415611652,0.0,4.242640687119285,0.38177099835960554,0.07287454759424497
519,67.11077997927411,0.19634954084936207,-3.903127820947816e-18,0.20619297872462827,0.7367463992501694,-1.0408340855860843e-16,0.16487653177440326,0.5527972944652942,4.163336342344337e-17,1.7843452321001707,4.372363776609148,-6.938893903907228e-18,0.5941472502763772,1.8119378189822346,-2.0816681711721685e-17,1.0177003753150127,3.2238636473662803,0.03746501568810002,1.5919439536593065,0.17650547750548992,1.8059144468528965,2.2620627189157916,-0.0894748954620521,0.0,0.14894634748118646,0.059471452019134355,1.0,0.0002737942415611652,0.0,4.242640687119285,0.38177099835960554,0.07287454759424497
520,67.30712952012348,0.19634954084936207,-6.071532165918825e-18,0.20646991970423223,0.7529191976913356,-1.0321604682062002e-16,0.16563786985731851,0.587542161365043,4.5102810375396984e-17,1.789571527583582,4.330623390557426,0.0,0.596547247069846,1.7830063220660144,-6.938893903907228e-18,1.0108738911671993,3.1727115507259676,0.037538871118051424,1.6012831261689178,0.17793430899330592,1.816756306280275,2.2705944417113293,-0.09063470381595692,0.0,0.14917689462272116,0.05854219080676423,1.0,0.00027433682473810466,0.0,4.242640687119285,0.3801058571689228,0.07224023132706078
521,67.50347906097285,0.19634954084936207,-6.5052130349130266e-18,0.20738835611642925,0.7597961266127211,-1.0495077029659683e-16,0.16385619761937575,0.599249695701974,8.673617379884035e-18,1.7943243931796915,4.284794331248308,0.0,0.5991089737164512,1.7793228583161795,-3.469446951953614e-17,1.0055404918201318,3.132078395626816,0.037454725560269006,1.609800013979834,0.17946578119378964,1.8267205207338928,2.279186455713948,-0.09201535183036724,0.0,0.15094111287520146,0.05892576104483421,1.0,0.00027433682473810466,0.0,4.242640687119285,0.3801058571689228,0.07224023132706078
523,67.89617814267159,0.19634954084936207,-3.903127820947816e-18,0.2096096284370592,0.7572972307254623,-1.0408340855860843e-16,0.15551112314306975,0.6131041694285457,1.9081958235744878e-17,1.802977363159916,4.310820862124735,-6.938893903907228e-18,0.6028604616106712,1.7804063122825493,-6.938893903907228e-18,1.003908899340719,3.189161699658679,0.03679873762368385,1.6253636860335419,0.18172036808671582,1.8438827917439415,2.297718090938041,-0.09342943052033782,0.0,0.15580402580447478,0.062374595284136955,1.0,0.00027433682473810466,0.0,4.242640687119285,0.3801058571689228,0.07224023132706078
524,68.09252768352096,0.19634954084936207,-6.071532165918825e-18,0.2102774263483703,0.7542397454720866,-1.0234868508263162e-16,0.15287941622704873,0.5980661341802844,-6.938893903907228e-18,1.8074399718508878,4.329361778579038,0.0,0.6030418596561707,1.788215020374418,-3.469446951953614e-17,1.0082027191880278,3.2003044367464386,0.03644822062419065,1.633419625922169,0.1818297422487864,1.8516975887951461,2.307974966248028,-0.09407958251867475,0.0,0.16146939704316668,0.06738981452449193,1.0,0.00027433682473810466,0.0,4.242640687119285,0.3801058571689228,0.07224023132706078
525,68.28887722437032,0.19634954084936207,-5.204170427930421e-18,0.21053178233132183,0.7522540949174534,-1.0234868508263162e-16,0.15332323262707295,0.5688901930011673,-1.5612511283791264e-17,1.8123367807083797,4.3725056824023225,-6.938893903907228e-18,0.6017700996778976,1.7929394455300782,-3.469446951953614e-17,1.0151513213107117,3.1947935390315934,0.0362460850286435,1.6422823033542069,0.18106362643317347,1.8595920148160239,2.318899336642096,-0.09392363335606965,0.0,0.16467338929227623,0.07074975593620658,1.0,0.00027433682473810466,0.0,4.242640687119285,0.3801058571689228,0.07224023132706078
527,68.68157630606906,0.19634954084936207,-4.7704895589362195e-18,0.2095603582257728,0.7478209928274278,-1.0451708942760263e-16,0.1587451448739726,0.5169566684533198,2.2551405187698492e-17,1.8234389535889346,4.404257322391872,-6.938893903907228e-18,0.5963397105377183,1.783966254170041,-2.0816681711721685e-17,1.032437370420614,3.1402844665911775,0.036075434247292586,1.6624648087327545,0.1778105251821048,1.8763507681621518,2.3419615627813357,-0.09310061094368426,0.0,0.1669160750176191,0.07381546407393484,1.0,0.00027433682473810466,0.0,4.242640687119285,0.3801058571689228,0.07224023132706078
528,68.87792584691843,0.19634954084936207,-4.7704895589362195e-18,0.2085154340139932,0.7399877893303948,-1.0408340855860843e-16,0.1593031963633345,0.5259778311292052,-6.938893903907228e-18,1.8292569326691346,4.456110412417366,6.938893903907228e-18,0.5936410123028787,1.7982255465894565,-3.469446951953614e-17,1.040289623305181,3.150234856880724,0.035821100706339065,1.6730904628590457,0.1762048257439932,1.885116389309378,2.3535158901496085,-0.09213594755883805,0.0,0.16609448452694694,0.07395853696810889,1.0,0.00027433682473810466,0.0,4.242640687119285,0.3801058571689228,0.07224023132706078
529,69.0742753877678,0.19634954084936207,-6.5052130349130266e-18,0.20736402798636372,0.7310956691147664,-1.0408340855860843e-16,0.15793890069786445,0.49983805261144,-5.204170427930421e-18,1.8349470941661539,4.495943694512746,-1.3877787807814457e-17,0.591891393714505,1.8274581089704434,0.0,1.0460384048767264,3.175912219810487,0.03544686079940386,1.6835154191944064,0.17516771097664963,1.8941299909704599,2.364730714955911,-0.09166647629328159,0.0,0.16389592452476617,0.07222944823148458,1.0,0.00027433682473810466,0.0,4.242640687119285,0.3801058571689228,0.07224023132706078
530,69.27062492861717,0.19634954084936207,-6.938893903907228e-18,0.20610200102314666,0.7231554392186796,-1.0191500421363742e-16,0.1568862362781347,0.5090788205424224,2.7755575615628914e-17,1.8403839574781653,4.519692004934122,-6.938893903907228e-18,0.5914435647592805,1.8539119500696608,-4.163336342344337e-17,1.0488024333341948,3.187104294194946,0.035144341927666675,1.6935065554714963,0.1749027451475826,1.9035536425467456,2.3754527546196145,-0.09144982084293413,0.0,0.16111250930610138,0.06966268846316725,1.0,0.0002727964169599533,0.0,4.242640687119285,0.36663856212293244,0.0672119176177857
532,69.6633240103159,0.19634954084936207,-6.938893903907228e-18,0.2028777295178673,0.680359266588972,-1.0364972768961422e-16,0.16139000240550447,0.5574991094100744,1.3877787807814457e-17,1.8506314084880093,4.511974635059668,-1.3877787807814457e-17,0.5942311248881151,1.8552175239031352,-1.3877787807814457e-17,1.044879857431928,3.169389766260883,0.03515668929984944,1.7124183050411563,0.1765553148928973,1.924130309233903,2.3954645815728814,-0.09124377015359213,0.0,0.1570158050181258,0.06577203486453366,1.0,0.0002727964169599533,0.0,4.242640687119285,0.36663856212293244,0.0672119176177857
533,69.85967355116527,0.19634954084936207,-6.071532165918825e-18,0.20124273960511105,0.6526374827458901,-1.0299920638612292e-16,0.1643605419874149,0.5599716114539064,2.949029909160572e-17,1.8556056243001242,4.482904869001997,-6.938893903907228e-18,0.5967279061447287,1.8335243933505923,0.0,1.0394227336873392,3.1674254740806873,0.0352620941547925,1.7216361164671268,0.17804209698593607,1.9349403076078553,2.4046903018064274,-0.09220316860371923,0.0,0.1538548332365567,0.06165166463283746,1.0,0.0002727964169599533,0.0,4.242640687119285,0.36663856212293244,0.0672119176177857
534,70.05602309201464,0.19634954084936207,-6.071532165918825e-18,0.20019514304911068,0.6478744099066598,-1.0278236595162582e-16,0.1651742608937661,0.5499214146765016,2.0816681711721685e-17,1.86063828744151,4.4745559534418735,6.938893903907228e-18,0.5993036310207684,1.8107684716338985,0.0,1.0329602951423906,3.15125315231543,0.035271154164637275,1.7309874183466372,0.1795824210773387,1.9458409935886132,2.4135152969279288,-0.09323413746171655,0.0,0.15278151405252288,0.059547376590806333,1.0,0.0002727964169599533,0.0,4.242640687119285,0.36663856212293244,0.0672119176177857
535,70.25237263286401,0.19634954084936207,-7.806255641895632e-18,0.20018037676880615,0.6559692323664681,-1.0148132334464322e-16,0.16331942703029673,0.5791347051193112,-1.0408340855860843e-17,1.865793234663445,4.487309890584854,-1.3877787807814457e-17,0.6015169777237732,1.8113664617376244,-4.163336342344337e-17,1.0264843551965224,3.121896861754893,0.03519047645810216,1.74059219725794,0.1809113372449711,1.9566940109610131,2.4220962837010536,-0.09443629185025373,0.0,0.1526857069916575,0.058249415141403776,1.0,0.0002727964169599533,0.0,4.242640687119285,0.36663856212293244,0.0672119176177857
537,70.64507171456275,0.19634954084936207,-5.637851296924623e-18,0.20318368281247567,0.6634839911030651,-1.0332446703786857e-16,0.15510091517260644,0.5565403339602271,8.673617379884035e-18,1.8763934495463344,4.502322457606875,6.938893903907228e-18,0.6039077186339177,1.7945935047221557,-4.85722573273506e-17,1.0171992857371175,3.1211048219185815,0.03489985730635157,1.7604261887501962,0.18235226631281154,1.9776783123693593,2.439398063146278,-0.09608233260584947,0.0,0.15455802291777043,0.05847569031192096,1.0,0.0002727964169599533,0.0,4.242640687119285,0.36663856212293244,0.0672119176177857
538,70.84142125541211,0.19634954084936207,-6.071532165918825e-18,0.20513010000391282,0.675712965642645,-1.0278236595162582e-16,0.15201165531998148,0.5615267772165163,2.2551405187698492e-17,1.8817300391760612,4.519451999251376,3.469446951953614e-18,0.6039562670187444,1.7751025615326732,0.0,1.0159477753749273,3.1238619303595865,0.03472824019585656,1.7704539701687698,0.18238158623560835,1.9875637966002349,2.448625851053945,-0.09704620063849922,0.0,0.15824845671375323,0.06120225607525401,1.0,0.0002727964169599533,0.0,4.242640687119285,0.36663856212293244,0.0672119176177857
539,71.03777079626148,0.19634954084936207,-7.806255641895632e-18,0.20649549919651258,0.6649201132194369,-1.0321604682062002e-16,0.15150401285263576,0.5795844166794474,2.6020852139652106e-17,1.887054321044411,4.564251460146259,-1.3877787807814457e-17,0.6032609956237434,1.7634402012632862,-1.3877787807814457e-17,1.0175167279578576,3.1207532216321567,0.034579036698678484,1.780487005286191,0.181961914420475,1.9970279564053444,2.4585317495778174,-0.09704307873874785,0.0,0.16152210236794684,0.064479023629199,1.0,0.0002727964169599533,0.0,4.242640687119285,0.36663856212293244,0.0672119176177857
541,71.43046987796022,0.19634954084936207,-5.637851296924623e-18,0.20630571267583775,0.5951366735482102,-1.0213184464813452e-16,0.1541887514827296,0.5166875645022254,3.469446951953614e-17,1.8977291542274481,4.631937675664287,-6.938893903907228e-18,0.600115590967442,1.806185829555905,-4.163336342344337e-17,1.0284982691372413,3.1325856728628505,0.03413619033222054,1.8006879714024122,0.18006936126110112,2.014893522995734,2.480571230453776,-0.09616007419318605,0.0,0.1660799762624184,0.06991990206923236,1.0,0.00027223151421962153,0.0,4.242640687119285,0.37112363197128906,0.0688663751037804
542,71.62681941880959,0.19634954084936207,-4.336808689942018e-18,0.20469197690205518,0.6019801419583745,-1.0213184464813452e-16,0.15321484523543977,0.448900188866446,8.673617379884035e-18,1.903079765985501,4.641305783286901,-6.938893903907228e-18,0.5981815474681856,1.8299244870235116,1.3877787807814457e-17,1.0365185131653807,3.140019854411322,0.033629565717057205,1.8108562978517149,0.17891058186571657,2.0233964454344884,2.492387096896539,-0.09494392740192702,0.0,0.16880238432027103,0.07385845691834401,1.0,0.00027223151421962153,0.0,4.242640687119285,0.37112363197128906,0.0688663751037804
543,71.82316895965896,0.19634954084936207,-3.903127820947816e-18,0.2022965607554352,0.6092617658089662,-1.0299920638612292e-16,0.15067133515525552,0.5082882777139026,-1.214306433183765e-17,1.908410758143113,4.636507711155358,3.469446951953614e-18,0.5964448970725025,1.846870132766219,-6.938893903907228e-18,1.0445464928588615,3.148106410449031,0.033008934398619696,1.821015810898185,0.17787325762191403,2.031898002918719,2.504362151991444,-0.09424320974829742,0.0,0.1689234001429758,0.07468019039467838,1.0,0.00027223151421962153,0.0,4.242640687119285,0.37112363197128906,0.0688663751037804
544,72.01951850050833,0.19634954084936207,-5.421010862427522e-18,0.19962541941306883,0.6073973061455049,-1.0191500421363742e-16,0.1492970821606745,0.5641338921381599,8.673617379884035e-18,1.9137289925712933,4.614925225055292,-1.0408340855860843e-17,0.5951555707400885,1.8540142483047455,-5.551115123125783e-17,1.0510964487752408,3.15787560132492,0.03255308625053645,1.8311793285039677,0.17710507669148023,2.0408374914459846,2.5162395791870042,-0.09370675003693249,0.0,0.16793585023669816,0.07422910019976567,1.0,0.00027223151421962153,0.0,4.242640687119285,0.37112363197128906,0.0688663751037804
546,72.41221758220706,0.19634954084936207,-5.637851296924623e-18,0.19628971218373345,0.612242989961746,-1.0343288725511712e-16,0.155512024706686,0.6188249794345215,-1.9081958235744878e-17,1.924558455945869,4.506773794331906,6.938893903907228e-18,0.5942744290153085,1.8507023496582269,-6.938893903907228e-18,1.0559514311728255,3.1787837572895503,0.03278012176616632,1.8519626251763737,0.17658104849073544,2.0613237954332755,2.5389638686729143,-0.09338993125947324,0.0,0.16509675489460185,0.0717068236351286,1.0,0.00027223151421962153,0.0,4.242640687119285,0.37112363197128906,0.0688663751037804
547,72.60856712305643,0.19634954084936207,-4.7704895589362195e-18,0.19638665750749476,0.6269087046538915,-1.0213184464813452e-16,0.15932082483724797,0.6333801398777127,1.734723475976807e-18,1.9302003892773099,4.465917698447394,-1.0408340855860843e-17,0.594638675132953,1.8398826150980312,-2.7755575615628914e-17,1.054014167502546,3.1845229276154665,0.03320578872179049,1.8628367713831389,0.1767975769819368,2.072840137086866,2.549593097698746,-0.09368818000915108,0.0,0.16177987597731472,0.06809169596816364,1.0,0.00027223151421962153,0.0,4.242640687119285,0.37112363197128906,0.0688663751037804
548,72.8049166639058,0.19634954084936207,-3.903127820947816e-18,0.19727540736510332,0.6411949537415007,-1.0289078616887437e-16,0.16057106231716578,0.6169813011897886,0.0,1.9360002950866424,4.52576135874334,1.0408340855860843e-17,0.5954514211600771,1.824133067820941,-1.3877787807814457e-17,1.0498221378508197,3.1899668508466408,0.0335247925524821,1.8740485712877832,0.1772811974807777,2.084854561321043,2.55970991950467,-0.09431889221895819,0.0,0.15986874573060678,0.06554985351164859,1.0,0.00027223151421962153,0.0,4.242640687119285,0.37112363197128906,0.0688663751037804
549,73.00126620475517,0.19634954084936207,-6.5052130349130266e-18,0.19830923669984124,0.6517820624511388,-1.0299920638612292e-16,0.15944994059445125,0.5814112756534993,1.0408340855860843e-17,1.9418664555325924,4.579529568488641,-6.938893903907228e-18,0.5966381104930376,1.804791157585299,-4.163336342344337e-17,1.0441447542414741,3.223768596906077,0.03364434814495,1.8854226655613568,0.17798851744635108,2.097055531152658,2.569408380907706,-0.09519173926208183,0.0,0.15865083834024252,0.06345909907816069,1.0,0.00027223151421962153,0.0,4.242640687119285,0.37112363197128906,0.0688663751037804
551,73.3939652864539,0.19634954084936207,-5.204170427930421e-18,0.19962615434646033,0.6619650909057975,-1.0451708942760263e-16,0.15665917569647442,0.5484906718803633,6.938893903907228e-18,1.953260520973924,4.648458948433725,6.938893903907228e-18,0.5997637794073114,1.7656523376053492,-4.163336342344337e-17,1.032083795453608,3.251382548067666,0.03349085793920873,1.907613331397663,0.179858295544471,2.120962484881343,2.5884239598520526,-0.09637094789361035,0.0,0.15881142264329953,0.06244047474968918,1.0,0.00027080390129007297,0.0,4.242640687119285,0.364503959844377,0.06643156837111559
552,73.59031482730327,0.19634954084936207,-6.071532165918825e-18,0.20020827728668172,0.6628240208772307,-1.0364972768961422e-16,0.15639934986745818,0.5229923465408248,1.3877787807814457e-17,1.9585603241910579,4.657676249086644,0.0,0.6013897118366277,1.7706344554012132,-3.469446951953614e-17,1.0277921759646034,3.244182755039186,0.033329586918524744,1.9179792717476905,0.18083479275147102,2.132143651417686,2.5981947685521516,-0.09733958278586909,0.0,0.1610183428303611,0.06367876004449201,1.0,0.00027080390129007297,0.0,4.242640687119285,0.364503959844377,0.06643156837111559
553,73.78666436815264,0.19634954084936207,-6.5052130349130266e-18,0.2010802307447566,0.6738072591733932,-1.0451708942760263e-16,0.15582889490011909,0.5215624181073093,1.0408340855860843e-17,1.9635577680852279,4.652081731925511,-1.3877787807814457e-17,0.6027448145389704,1.8044229209893188,-2.7755575615628914e-17,1.0258675651087663,3.225071358981721,0.033131690687026386,1.9277795543039205,0.18165065572680894,2.142561900717756,2.608361706952956,-0.09788069543595354,0.0,0.16352357732468056,0.06564288188872702,1.0,0.00027080390129007297,0.0,4.242640687119285,0.364503959844377,0.06643156837111559
555,74.17936344985138,0.19634954084936207,-4.9873299934333204e-18,0.20399491780705017,0.7081128271414914,-1.0234868508263162e-16,0.15152787327522255,0.5307821608645459,6.938893903907228e-18,1.973067734181203,4.601420564589547,-3.469446951953614e-18,0.6036102988131394,1.8765953089007363,-2.7755575615628914e-17,1.0302073687994635,3.176579478689092,0.03283490281545369,1.946498141833473,0.1821726964166437,2.1615057410655707,2.6302367876189665,-0.0982974246217846,0.0,0.16780416048363272,0.06950673586184812,1.0,0.00027080390129007297,0.0,4.242640687119285,0.364503959844377,0.06643156837111559
556,74.37571299070075,0.19634954084936207,-4.336808689942018e-18,0.20582826784351868,0.7148148743099298,-1.0148132334464322e-16,0.14901985371706664,0.5361247053268536,2.0816681711721685e-17,1.9778762734663227,4.601473812490891,1.0408340855860843e-17,0.6028107090787713,1.8966966743958922,6.938893903907228e-18,1.035719528181673,3.166797172316657,0.03290647164748233,1.9559972765705134,0.1816903754900255,2.170594123708021,2.6419175332834013,-0.09839966066797746,0.0,0.17163289923482744,0.07323323856684998,1.0,0.00027080390129007297,0.0,4.242640687119285,0.364503959844377,0.06643156837111559
557,74.57206253155012,0.19634954084936207,-6.7220534694101275e-18,0.20749523224583294,0.7259072682890335,-1.0451708942760263e-16,0.1476542785191465,0.5081498562494096,3.469446951953614e-17,1.9828746446055574,4.6106203869243325,-6.938893903907228e-18,0.6012719420219081,1.9045175377286716,-6.938893903907228e-18,1.0423727152071305,3.1781146396870255,0.03314898114264957,1.9658959281098072,0.18076397413139839,2.179808883383855,2.6539388944154907,-0.09830810207662592,0.0,0.1732281041991574,0.07492000212253148,1.0,0.00027080390129007297,0.0,4.242640687119285,0.364503959844377,0.06643156837111559
558,74.76841207239949,0.19634954084936207,-5.637851296924623e-18,0.208578208093048,0.7494428920796334,-1.0408340855860843e-16,0.14787232506150283,0.5002673813451671,1.3877787807814457e-17,1.9881016583451452,4.614310379899533,-1.0408340855860843e-17,0.5992941386246248,1.899334073460137,-4.163336342344337e-17,1.0491511939115632,3.211893988803932,0.03346975067166172,1.9762741019573582,0.1795767322949155,2.1893205849239354,2.6660912386940865,-0.0981485562150971,0.0,0.1736874809277274,0.0755389247126303,1.0,0.00027080390129007297,0.0,4.242640687119285,0.364503959844377,0.06643156837111559
560,75.16111115409822,0.19634954084936207,-4.9873299934333204e-18,0.2080278762249532,0.7744802678993612,-1.0321604682062002e-16,0.15144216656522072,0.47966591122458013,0.0,1.9991443647810754,4.623797086144546,-1.0408340855860843e-17,0.5956504211220639,1.8578879389930534,-2.7755575615628914e-17,1.0589837085189993,3.315494579431572,0.03388167755032524,1.9982890956179644,0.17739971209144606,2.2095704852597358,2.689760750976518,-0.09795123114287602,0.0,0.1718084087758209,0.07385717763294489,1.0,0.00026785633449608227,0.0,4.242640687119285,0.3524286474536827,0.06210297577301608
561,75.35746069494759,0.19634954084936207,-6.5052130349130266e-18,0.20646036388673647,0.7740617454996119,-1.0321604682062002e-16,0.15300626498903216,0.4964841661415115,1.0408340855860843e-17,2.0049313964224846,4.63930014691616,-3.469446951953614e-18,0.5947327090249968,1.8582928393435867,-3.469446951953614e-17,1.060480469588761,3.3607534789675126,0.03380920663657908,2.0098749521803074,0.17685349759210572,2.2205376564089923,2.701038237123482,-0.09695431237431662,0.0,0.16777454301042127,0.07082023063610465,1.0,0.00026785633449608227,0.0,4.242640687119285,0.3524286474536827,0.06210297577301608
562,75.55381023579696,0.19634954084936207,-5.421010862427522e-18,0.20434095519946083,0.7599773427514331,-1.0408340855860843e-16,0.1533863169024493,0.5041690583663512,2.0816681711721685e-17,2.0107443108727163,4.6626180165961495,-6.938893903907228e-18,0.5946508031816002,1.8519396107319093,-1.3877787807814457e-17,1.0592278052746151,3.3868662595511023,0.033520273593971875,2.0215463418534974,0.17680478886226114,2.23187140430973,2.7116063499080485,-0.09727001891085241,0.0,0.16445179160941012,0.06718177269855771,1.0,0.00026785633449608227,0.0,4.242640687119285,0.3524286474536827,0.06210297577301608
563,75.75015977664633,0.19634954084936207,-5.204170427930421e-18,0.2020349064641104,0.7358505842740265,-1.0148132334464322e-16,0.15303766945244335,0.5154361564763712,1.734723475976807e-17,2.0164948422612436,4.689939484623405,-1.3877787807814457e-17,0.5953852666817933,1.8378504600967493,-1.3877787807814457e-17,1.0554750100214387,3.3887630238034787,0.033124451553262685,2.0331257244330994,0.17724180789087504,2.243491983877237,2.7215212158986466,-0.09774049767969878,0.0,0.16156189619438696,0.06382139851468818,1.0,0.00026785633449608227,0.0,4.242640687119285,0.3524286474536827,0.06210297577301608
565,76.14285885834506,0.19634954084936207,-5.637851296924623e-18,0.19892520856310306,0.6789495719015012,-1.0321604682062002e-16,0.15531728986100463,0.5545034393850418,4.163336342344337e-17,2.027424919790916,4.756494042965736,1.3877787807814457e-17,0.5985589423427184,1.8015287450441686,0.0,1.0434698843613037,3.324336267190773,0.032824813511819005,2.055225902694601,0.17913640372921685,2.267187119935637,2.740307461548482,-0.09859695884990188,0.0,0.15967124205941868,0.0610742832095168,1.0,0.00026785633449608227,0.0,4.242640687119285,0.3524286474536827,0.06210297577301608
566,76.33920839919443,0.19634954084936207,-4.336808689942018e-18,0.19925240756948134,0.6551780157222893,-1.0321604682062002e-16,0.1577418220776571,0.5651902259539403,-1.0408340855860843e-17,2.0324839584530148,4.775111187416091,-3.469446951953614e-18,0.6004795247568776,1.7937296684267723,-1.3877787807814457e-17,1.0374418619586283,3.2690896013045485,0.033059741741447254,2.0654955206844177,0.18028782982612274,2.2788430922519876,2.7497280386530405,-0.09944013287136132,0.0,0.16055058407845993,0.06111045120709861,1.0,0.00026785633449608227,0.0,4.242640687119285,0.3524286474536827,0.06210297577301608
567,76.5355579400438,0.19634954084936207,-6.288372600415926e-18,0.20116230419018083,0.6383406559740097,-1.0148132334464322e-16,0.15818500652372003,0.5612862017914193,3.469446951953614e-18,2.0373204623576595,4.787271619173993,-1.3877787807814457e-17,0.6022388059913559,1.808406202900346,-6.938893903907228e-18,1.0329105375551537,3.2092149203148326,0.03331936613567381,2.075337333170614,0.181345789720947,2.290002489027235,2.75941240696815,-0.09992973914657528,0.0,0.16233747195042392,0.062407732803848634,1.0,0.00026785633449608227,0.0,4.242640687119285,0.3524286474536827,0.06210297577301608
569,76.92825702174254,0.19634954084936207,-6.7220534694101275e-18,0.20724888463003388,0.6486276344786599,-1.0321604682062002e-16,0.1495162617101944,0.47796771283971906,-3.469446951953614e-18,2.046999522266685,4.8307604262717,-2.0816681711721685e-17,0.6039741156740536,1.8331330389663403,-1.3877787807814457e-17,1.0302501684898653,3.220839516313742,0.03324627117080897,2.0951035220800183,0.1823923662021275,2.3107421594529547,2.7797166862668994,-0.10049858376614848,0.0,0.16523659134332983,0.06473800757718134,1.0,0.00026785633449608227,0.0,4.242640687119285,0.3524286474536827,0.06210297577301608
570,77.12460656259191,0.19634954084936207,-5.637851296924623e-18,0.20937568852699742,0.6513284768332379,-1.0234868508263162e-16,0.14455894562049082,0.47042640382629264,-1.3877787807814457e-17,2.05221056760918,4.842834105675302,-1.734723475976807e-17,0.6034077430161495,1.8338340995748048,-4.163336342344337e-17,1.0317406280296524,3.2231129005533803,0.03299551565538206,2.105784106903398,0.18205045216592175,2.320830074724702,2.790292482242919,-0.10083961582629873,0.0,0.1676580093177322,0.06681839349143347,1.0,0.0002666295603662035,0.0,4.242640687119285,0.35984465821254163,0.06474408902205045
571,77.32095610344128,0.19634954084936207,-4.7704895589362195e-18,0.20998127718537168,0.6421361108057624,-1.0148132334464322e-16,0.14297453044564168,0.4655589353758966,6.938893903907228e-18,2.0578101694581097,4.8462364009607,-1.0408340855860843e-17,0.6018087348945786,1.8275831214894462,-1.3877787807814457e-17,1.0345799081501281,3.21571257171387,0.03274776126119675,2.117291346762606,0.18108687669770665,2.3311259847215093,2.8012088697331565,-0.10044204681189056,0.0,0.16887380671405627,0.06843175990216571,1.0,0.0002666295603662035,0.0,4.242640687119285,0.35984465821254163,0.06474408902205045
572,77.51730564429064,0.19634954084936207,-5.854691731421724e-18,0.20912255932243426,0.6263734214302727,-1.0234868508263162e-16,0.14472516753881254,0.49624724074479565,0.0,2.0636750752586135,4.839744228482578,3.469446951953614e-18,0.5993853312417391,1.8142708533463106,-2.0816681711721685e-17,1.0384753228069223,3.1996402236638226,0.032512712490187154,2.129377408121823,0.17963138765388467,2.3415215082658944,2.812329264861093,-0.10042821461938961,0.0,0.1698472711503528,0.0694190565309632,1.0,0.0002666295603662035,0.0,4.242640687119285,0.35984465821254163,0.06474408902205045
574,77.91000472598938,0.19634954084936207,-5.854691731421724e-18,0.2051527127303813,0.6142381263611134,-1.0061396160665481e-16,0.14927406057025275,0.5752462206803887,2.42861286636753e-17,2.0754252655241334,4.892236310257715,-1.734723475976807e-17,0.5937715862703031,1.807449622469191,1.3877787807814457e-17,1.048246240823307,3.1844087017847444,0.032006636767434246,2.153695016387959,0.176282348330976,2.3619840014863693,2.8349477987953984,-0.10044680081277689,0.0,0.17079215465867748,0.07034535384590059,1.0,0.0002666295603662035,0.0,4.242640687119285,0.35984465821254163,0.06474408902205045
575,78.10635426683875,0.19634954084936207,-7.806255641895632e-18,0.20330720654315007,0.6206370547077866,-1.0321604682062002e-16,0.14944800335314365,0.5985985015366936,1.734723475976807e-17,2.08094544758915,4.919534357944821,0.0,0.5915144725222785,1.8116421944324064,-1.3877787807814457e-17,1.0529226795530695,3.2194529848345517,0.031828990114133024,2.165166977921003,0.17494468560165466,2.3719406536367904,2.8462198049000937,-0.10070606307118479,0.0,0.17087758389050636,0.07017152081932157,1.0,0.0002666295603662035,0.0,4.242640687119285,0.35984465821254163,0.06474408902205045
576,78.30270380768812,0.19634954084936207,-3.2526065174565133e-18,0.20213651606064106,0.6263342203610782,-1.0321604682062002e-16,0.1490264453181581,0.6020988512593057,3.469446951953614e-17,2.086130770513928,4.946849992554159,-3.469446951953614e-18,0.5901061920674624,1.8347783405902558,2.7755575615628914e-17,1.0562810743384878,3.2587543180069103,0.031793120838556274,2.1759707958425176,0.1741126589581804,2.3818765756392546,2.8572362557589646,-0.10108297051028149,0.0,0.1699981203513481,0.0689151498410666,1.0,0.0002666295603662035,0.0,4.242640687119285,0.35984465821254163,0.06474408902205045
578,78.69540288938686,0.19634954084936207,-4.553649124439119e-18,0.20142661749792318,0.6324685851974499,-1.0234868508263162e-16,0.15110967868359573,0.5532550563718321,1.3877787807814457e-17,2.0958127462086025,5.020263506948351,-3.469446951953614e-18,0.590298371136194,1.861409098213775,0.0,1.0559297487928376,3.2763608455564017,0.03205810836326016,2.196215533585221,0.17422608348302193,2.402499725431503,2.877772470198665,-0.10187237769667863,0.0,0.16706707760596928,0.06519469990929065,1.0,0.0002666295603662035,0.0,4.242640687119285,0.35984465821254163,0.06474408902205045
579,78.89175243023622,0.19634954084936207,-6.7220534694101275e-18,0.2009614298134611,0.6388227383510099,-1.0234868508263162e-16,0.15377557586362997,0.5177575394760758,3.8163916471489756e-17,2.100583782739614,5.027104509252374,-3.469446951953614e-18,0.5916649645682628,1.8562662480866223,-2.0816681711721685e-17,1.0517169742158807,3.244516259281599,0.03215170172800279,2.2062261141543322,0.17503371514878185,2.413411531031117,2.887094566520427,-0.10280709568858978,0.0,0.1632559026594012,0.060448806970811425,1.0,0.0002666295603662035,0.0,4.242640687119285,0.35984465821254163,0.06474408902205045
580,79.08810197108559,0.19634954084936207,-4.553649124439119e-18,0.19986082553981172,0.650935591809233,-1.0234868508263162e-16,0.15613418360785902,0.4878783660020285,5.204170427930421e-17,2.105457164660425,5.008828888269055,-3.469446951953614e-18,0.5934777944062007,1.8444246933597415,1.3877787807814457e-17,1.045455199940521,3.1869215742307375,0.03205260788091347,2.2164749361099583,0.1761079462266243,2.424635490217496,2.895847111716443,-0.1035070477669802,0.0,0.16106925478279388,0.057562207015813674,1.0,0.00026658921678212797,0.0,4.242640687119285,0.366235947770519,0.06706438471968515
581,79.28445151193496,0.19634954084936207,-6.7220534694101275e-18,0.19815634050914638,0.6694341317879395,-1.0234868508263162e-16,0.15698444947012405,0.5010406367239376,2.0816681711721685e-17,2.110464985167534,4.985977143232544,0.0,0.5953494928102824,1.8389139701937838,0.0,1.0382704471345823,3.111172100894046,0.031698638355654785,2.2270312268091,0.1772205092947302,2.435950374459485,2.9042323745303373,-0.10424184209116358,0.0,0.15991516353314933,0.05567332144198575,1.0,0.00026658921678212797,0.0,4.242640687119285,0.366235947770519,0.06706438471968515
583,79.6771505936337,0.19634954084936207,-3.903127820947816e-18,0.19529254713278707,0.686160096127397,-1.0148132334464322e-16,0.15283181506906168,0.4532518901878213,3.469446951953614e-18,2.1207106114694163,4.9505520136335734,-6.938893903907228e-18,0.5977977376180076,1.853760223895066,-2.7755575615628914e-17,1.0263341616292754,3.0841057264235037,0.030559436326578045,2.248706748799492,0.17868106755060406,2.457947252676674,2.9210360092856407,-0.10540197951365908,0.0,0.16108435999436221,0.055682380480703134,1.0,0.00026658921678212797,0.0,4.242640687119285,0.366235947770519,0.06706438471968515
584,79.87350013448307,0.19634954084936207,-4.9873299934333204e-18,0.1956945847740234,0.685921053564881,-1.0234868508263162e-16,0.14932142495409215,0.4718675223688049,1.3877787807814457e-17,2.1258176768116996,4.9590720432282485,-3.469446951953614e-18,0.5978082701739171,1.858181877830226,-2.0816681711721685e-17,1.0235960957950911,3.082011071200998,0.030185385657500473,2.2595503975225464,0.17868736394416557,2.4684231471242124,2.930002732246655,-0.10647765231128418,0.0,0.16493879455057342,0.058461142239289235,1.0,0.00026658921678212797,0.0,4.242640687119285,0.366235947770519,0.06706438471968515
585,80.06984967533243,0.19634954084936207,-7.589415207398531e-18,0.19779549247060577,0.6832391631128751,-1.0321604682062002e-16,0.14648424154914286,0.5021749670891008,2.42861286636753e-17,2.1308505580754464,4.973133578391639,-1.0408340855860843e-17,0.5968428306312411,1.8446896298757323,-1.3877787807814457e-17,1.0235849004624462,3.0799860991029235,0.03018475982748059,2.2702620504252207,0.17811068223795617,2.4785574924906575,2.9395542078113865,-0.10705297018999232,0.0,0.16844673327811893,0.06139376308812661,1.0,0.00026658921678212797,0.0,4.242640687119285,0.366235947770519,0.06706438471968515
586,80.2661992161818,0.19634954084936207,-6.288372600415926e-18,0.20111473725382784,0.6887077382634252,-1.0321604682062002e-16,0.14480238136362997,0.5360835410050577,4.163336342344337e-17,2.1357825326472932,4.995918491803522,-6.938893903907228e-18,0.595017942503623,1.8127093648523651,0.0,1.0261264828040197,3.079627668144506,0.030536986942975568,2.280783513380643,0.1770231759506224,2.4883436762742406,2.949659453077036,-0.10747495087766282,0.0,0.17169134459834592,0.06421639372068311,1.0,0.00026658921678212797,0.0,4.242640687119285,0.366235947770519,0.06706438471968515
588,80.65889829788054,0.19634954084936207,-6.288372600415926e-18,0.20716641898926325,0.7133229427070695,-1.0321604682062002e-16,0.14261618329192624,0.5744147601287553,0.0,2.145277026649027,5.010318548229705,-6.938893903907228e-18,0.5901787649234653,1.7194803688989324,-1.3877787807814457e-17,1.0362793498719578,3.0937727313821575,0.03141262127899489,2.301106760534045,0.1741554872832934,2.5066748690963334,2.970776576941809,-0.10775992349848865,0.0,0.1743976731257172,0.06663774962722854,1.0,0.00026658921678212797,0.0,4.242640687119285,0.366235947770519,0.06706438471968515
589,80.85524783872991,0.19634954084936207,-4.9873299934333204e-18,0.20783838502938762,0.7129120424967283,-1.0321604682062002e-16,0.14153979614531698,0.5636384071441681,1.734723475976807e-17,2.1498637004265593,5.005122444581005,-6.938893903907228e-18,0.5879779403901296,1.713438183831049,0.0,1.0419467186432003,3.1125469768919225,0.031514183909311475,2.3109569652058894,0.1728590291927094,2.5153301783079103,2.9813155079132803,-0.10768223604219535,0.0,0.17437688967184561,0.06669465362965027,1.0,0.00026658921678212797,0.0,4.242640687119285,0.366235947770519,0.06706438471968515
590,81.05159737957928,0.19634954084936207,-4.9873299934333204e-18,0.20632875776197873,0.7084209023736983,-1.0495077029659683e-16,0.14143893489770024,0.5306238497225491,1.3877787807814457e-17,2.1544332167125746,4.994664676133655,-6.938893903907228e-18,0.5862713935751763,1.7063516381118875,-1.3877787807814457e-17,1.0466297026912306,3.128368682879482,0.03133307840308268,2.3207912426372452,0.17185707346228962,2.5239813945026177,2.9916055762949014,-0.10739887320398771,0.0,0.17289679611436423,0.06549792291037652,1.0,0.0002669788958960547,0.0,4.242640687119285,0.3691438277544816,0.0681335827846152
592,81.44429646127801,0.19634954084936207,-5.854691731421724e-18,0.19878335019278467,0.7089720301798725,-1.0408340855860843e-16,0.14513529494878374,0.4913977350861817,3.469446951953614e-18,2.163931352173697,4.968846487166425,0.0,0.5843560230026428,1.7150504472464336,-2.0816681711721685e-17,1.0504761398534221,3.1756854805160093,0.030414028589646588,2.3412994484601426,0.1707359808097326,2.542449457859522,3.0111304711776183,-0.10690768191853835,0.0,0.16974443213819293,0.06283675021965458,1.0,0.0002669788958960547,0.0,4.242640687119285,0.3691438277544816,0.0681335827846152
593,81.64064600212738,0.19634954084936207,-6.7220534694101275e-18,0.19472854335852494,0.706325016337146,-1.0234868508263162e-16,0.14700342769926333,0.45818227956582225,3.8163916471489756e-17,2.1690068475235313,4.959456880453995,3.469446951953614e-18,0.5839595767340576,1.7180223465711875,3.469446951953614e-17,1.0492973976013817,3.1636511277984263,0.029827806607147254,2.3522953523019834,0.17050439362970993,2.5526275525388407,3.0204087038940695,-0.10628877558629705,0.0,0.16658863189912548,0.06029985631282843,1.0,0.0002669788958960547,0.0,4.242640687119285,0.3691438277544816,0.0681335827846152
594,81.83699554297675,0.19634954084936207,-5.637851296924623e-18,0.19165856493452132,0.6987947282809686,-1.0234868508263162e-16,0.1478572010084059,0.4386805370019935,-1.3877787807814457e-17,2.174265045191046,4.955096089761384,-1.734723475976807e-17,0.583826024028587,1.7180831603780184,-3.469446951953614e-17,1.0462345848481391,3.135575478833358,0.029305059924973013,2.3637142433698104,0.17042641316651405,2.563445716461297,3.0294159673915475,-0.10609673630713713,0.0,0.16493471167464058,0.058837975367503445,1.0,0.0002669788958960547,0.0,4.242640687119285,0.3691438277544816,0.0681335827846152
595,82.03334508382612,0.19634954084936207,-6.5052130349130266e-18,0.18990248577174867,0.6881220092199245,-1.0234868508263162e-16,0.14818811608801072,0.471277537779672,6.938893903907228e-18,2.1795883114563033,4.985746441811108,-1.734723475976807e-17,0.5839314763451701,1.7139656343898062,-6.938893903907228e-18,1.0416376412905415,3.1342103730228312,0.028980074611237937,2.3753026037184695,0.17048798453332498,2.5747706628630325,3.0382110708497545,-0.10618346445892467,0.0,0.16384402897641848,0.05766056451749381,1.0,0.0002669788958960547,0.0,4.242640687119285,0.3691438277544816,0.0681335827846152
597,82.42604416552486,0.19634954084936207,-4.119968255444917e-18,0.1897139919583699,0.668913094993927,-1.0234868508263162e-16,0.14974807502332826,0.4993718291305174,1.734723475976807e-17,2.1898796464862245,5.103042671800047,0.0,0.5848363211278014,1.6973843549899696,0.0,1.030279582802144,3.103158193387582,0.029015320821715783,2.3977864330473153,0.17101676125515036,2.5978185151241813,3.0554338014388507,-0.10691577839296885,0.0,0.16349943125894784,0.05658365286597898,1.0,0.0002669788958960547,0.0,4.242640687119285,0.3691438277544816,0.0681335827846152
598,82.62239370637423,0.19634954084936207,-4.119968255444917e-18,0.19062507497633416,0.6590101797469988,-1.0148132334464322e-16,0.1502979022753354,0.48574971848022547,2.42861286636753e-17,2.1946842556847663,5.136487810282113,3.469446951953614e-18,0.5854982984258484,1.7014429718150963,-2.7755575615628914e-17,1.0250701030099623,3.071202225355393,0.029165811513504756,2.4083194910752987,0.17140412872978195,2.6088894313185853,3.0640011133912775,-0.10815096908761104,0.0,0.16439680606342627,0.05624583697581523,1.0,0.0002669788958960547,0.0,4.242640687119285,0.3691438277544816,0.0681335827846152
599,82.8187432472236,0.19634954084936207,-5.421010862427522e-18,0.19181760765625314,0.6437840916690094,-1.0148132334464322e-16,0.14964219211752966,0.46561536759985755,2.0816681711721685e-17,2.199279361289536,5.1363322162701115,-1.0408340855860843e-17,0.58606193527491,1.7032866565293203,-3.469446951953614e-17,1.0210791672149706,3.0312729793829023,0.029248024198240193,2.4184148544970547,0.17173429598908635,2.6193971746843814,3.072634190417981,-0.10917647834833827,0.0,0.16569099081143496,0.05651451246309669,1.0,0.0002669788958960547,0.0,4.242640687119285,0.3691438277544816,0.0681335827846152
600,83.01509278807296,0.19634954084936207,-2.6020852139652106e-18,0.1930976590270199,0.6220734233701557,-1.0148132334464322e-16,0.14764400143748724,0.4636673542694163,5.204170427930421e-17,2.2037523964869066,5.108386085860074,3.469446951953614e-18,0.5862882388874358,1.7127341631466153,-2.0816681711721685e-17,1.0186905624783686,3.0163698138750052,0.029219684609588244,2.428262312510892,0.1718669495288655,2.629348946649346,3.0814031209404846,-0.11021758171795862,0.0,0.16734583075831364,0.05712824904035502,1.0,0.0002670182084178172,0.0,4.242640687119285,0.36726362814100294,0.06744128627764645
602,83.4077918697717,0.19634954084936207,-6.5052130349130266e-18,0.19537972722239483,0.6106042319127065,-1.0234868508263162e-16,0.1422964761695865,0.4324127401418758,3.469446951953614e-18,2.212687666781313,5.020612528049317,0.0,0.5850775769185433,1.7093285622644934,-2.0816681711721685e-17,1.0190257848958475,3.0367444118025575,0.028902153261246483,2.447993355363066,0.17115788550643696,2.6480533941307494,3.099582938213488,-0.11151533464081004,0.0,0.17011839098795048,0.05860305634714044,1.0,0.0002670182084178172,0.0,4.242640687119285,0.36726362814100294,0.06744128627764645
603,83.60414141062107,0.19634954084936207,-5.854691731421724e-18,0.19614049461358027,0.6209652637900296,-1.0408340855860843e-16,0.14056141704543934,0.43086813723252093,1.3877787807814457e-17,2.2172511051427497,5.043779299402093,-6.938893903907228e-18,0.5836075268726525,1.6984758408626177,-2.7755575615628914e-17,1.0213485984117505,3.0533852702695228,0.02872202841541483,2.4581012316283726,0.17029887271120692,2.6571221327549948,3.1090723045251654,-0.1122634654472867,0.0,0.17270371390370148,0.06044024845641478,1.0,0.0002670182084178172,0.0,4.242640687119285,0.36726362814100294,0.06744128627764645
604,83.80049095147044,0.19634954084936207,-4.7704895589362195e-18,0.1965351066621668,0.6281205368116899,-1.0234868508263162e-16,0.13987794030971426,0.4384007799113796,1.0408340855860843e-17,2.2218956225573128,5.095509930618282,6.938893903907228e-18,0.5817188492901271,1.6968070659752152,-1.3877787807814457e-17,1.0244975506596565,3.064594419344931,0.028616765135637417,2.4684100787696734,0.16919840980971473,2.6662252537150257,3.1188143759778018,-0.11234622762936419,0.0,0.17394102104102208,0.06159479341165788,1.0,0.0002670182084178172,0.0,4.242640687119285,0.36726362814100294,0.06744128627764645
606,84.19319003316917,0.19634954084936207,-6.288372600415926e-18,0.19639234297694871,0.6532878452260484,-1.0495077029659683e-16,0.14027670646444962,0.4316536525908401,6.938893903907228e-18,2.2314285725862324,5.2118008536460945,-3.469446951953614e-18,0.5775354182753658,1.7143072813934526,-4.163336342344337e-17,1.0306591126368836,3.0707162205291167,0.028675495163820446,2.4896367372771153,0.16677357968125084,2.6850858121221863,3.138669107548028,-0.11202216693010117,0.0,0.1744147676956126,0.062392600765511425,1.0,0.0002670182084178172,0.0,4.242640687119285,0.36726362814100294,0.06744128627764645
607,84.38953957401854,0.19634954084936207,-4.7704895589362195e-18,0.19606630180878354,0.6581929695264205,-1.0408340855860843e-16,0.14070367830384403,0.4638825747732275,3.122502256758253e-17,2.236299166765743,5.242976673152861,-3.469446951953614e-18,0.5757376183519022,1.7239271333414656,-1.3877787807814457e-17,1.0323276616590946,3.0713718195324393,0.028758090714603356,2.500516981638578,0.1657369025927603,2.695011974945942,3.1484879858158656,-0.11153251774180424,0.0,0.17330098393054666,0.06176846618874242,1.0,0.0002670182084178172,0.0,4.242640687119285,0.36726362814100294,0.06744128627764645
608,84.58588911486791,0.19634954084936207,-3.686287386450715e-18,0.1956354348676633,0.6553246231158358,-1.0321604682062002e-16,0.14144555701047112,0.485146176968109,2.0816681711721685e-17,2.2411794619406233,5.2502168293740965,-6.938893903907228e-18,0.5744881971921881,1.731811156930946,-3.469446951953614e-17,1.0323276634288747,3.074843538135884,0.028834431337604563,2.5114426903122316,0.16501834435656515,2.705295466006401,3.158052919626706,-0.11127444374061307,0.0,0.171744020807816,0.060469577067202934,1.0,0.0002670182084178172,0.0,4.242640687119285,0.36726362814100294,0.06744128627764645
609,84.78223865571728,0.19634954084936207,-5.421010862427522e-18,0.19505089244415058,0.6451128565414925,-1.0234868508263162e-16,0.142906742667234,0.4795925471704864,3.8163916471489756e-17,2.2459738789963084,5.23690132685341,-1.3877787807814457e-17,0.5740233524401587,1.7373123060706621,0.0,1.0304297142846532,3.082343448677243,0.028911329086030894,2.5221993325668612,0.1647514045733193,2.715862066226211,3.1672955277413335,-0.11116613847529033,0.0,0.17000749853342292,0.05884136005813259,1.0,0.0002670182084178172,0.0,4.242640687119285,0.36726362814100294,0.06744128627764645
611,85.17493773741602,0.19634954084936207,-4.7704895589362195e-18,0.19333097211865247,0.6201071245286246,-1.0321604682062002e-16,0.1477397133207636,0.4540551833625316,0.0,2.2550045647834667,5.2081784677455785,-6.938893903907228e-18,0.575796345569287,1.7442964599165316,-4.163336342344337e-17,1.0220664546959208,3.1018773390599383,0.029032126788311487,2.5425227935971355,0.1657707157854729,2.7373256361709197,3.1851437081663585,-0.11081501250253685,0.0,0.16800939350457356,0.05719438100203671,1.0,0.0002640868285530751,0.0,4.242640687119285,0.34733732701535275,0.06032160936908504
612,85.37128727826538,0.19634954084936207,-4.7704895589362195e-18,0.1924283298212669,0.6201721211170821,-1.0364972768961422e-16,0.14951134159428595,0.4803311862704871,1.0408340855860843e-17,2.2591948941577815,5.206145227532142,-1.0408340855860843e-17,0.5776418626550794,1.7482579005726138,-2.0816681711721685e-17,1.0170156094942617,3.117533234840927,0.02898140511455983,2.5519807848942953,0.16683506074581483,2.74779725075467,3.1938989139883307,-0.11094825019635965,0.0,0.16727497660467056,0.056326726408310906,1.0,0.0002640868285530751,0.0,4.242640687119285,0.34733732701535275,0.06032160936908504
613,85.56763681911475,0.19634954084936207,-3.686287386450715e-18,0.1918578694535167,0.6487220302725392,-1.0278236595162582e-16,0.1496223723308124,0.5108072287603926,6.938893903907228e-18,2.263261809959552,5.242506409715723,-1.3877787807814457e-17,0.5794849240181431,1.7531201376141663,-2.0816681711721685e-17,1.0124944006612582,3.125872474592748,0.02882672341502912,2.5611770102106934,0.1679013885821565,2.757905122207879,3.2025956368600434,-0.11168057122849956,0.0,0.16776235797627212,0.05608178674777256,1.0,0.0002640868285530751,0.0,4.242640687119285,0.34733732701535275,0.06032160936908504
614,85.76398635996412,0.19634954084936207,-4.553649124439119e-18,0.19196336807169467,0.6760684393134833,-1.0278236595162582e-16,0.1479935682990973,0.5405713406490436,4.5102810375396984e-17,2.2673722076863676,5.265955736402033,3.469446951953614e-18,0.580735196245637,1.7577739937702237,-2.7755575615628914e-17,1.0091341107749654,3.123711860895319,0.02864757198450154,2.5704883640942766,0.16862668407922926,2.7677626201580074,3.2113442506902232,-0.11248976769221203,0.0,0.16890822398205949,0.05641845628984746,1.0,0.0002640868285530751,0.0,4.242640687119285,0.34733732701535275,0.06032160936908504
616,86.15668544166286,0.19634954084936207,-6.288372600415926e-18,0.19508445946443045,0.7219955738842321,-1.0278236595162582e-16,0.14312381953628123,0.5743528539003553,-1.3877787807814457e-17,2.2762291197159388,5.266475391080224,0.0,0.5798686383184682,1.7581494653943683,0.0,1.0070297694665271,3.099609552197168,0.028714647402595946,2.590609502721399,0.1681238188526573,2.787447968976652,3.229381206109097,-0.11357890184570685,0.0,0.17151172394408581,0.05793282209837897,1.0,0.0002640868285530751,0.0,4.242640687119285,0.34733732701535275,0.06032160936908504
617,86.35303498251223,0.19634954084936207,-5.421010862427522e-18,0.19789711276646774,0.7399875739623606,-1.0321604682062002e-16,0.14152827995834666,0.5687969191505533,5.204170427930421e-17,2.2809945492682835,5.25280405854697,-1.3877787807814457e-17,0.5777348963255986,1.751584761436071,1.3877787807814457e-17,1.0083362215594311,3.0856591223631553,0.029023501537442216,2.6014680668958095,0.166888805216175,2.7973803736494265,3.2387895015069637,-0.11427588599655794,0.0,0.1743380572914122,0.06006217129485425,1.0,0.0002640868285530751,0.0,4.242640687119285,0.34733732701535275,0.06032160936908504
618,86.5493845233616,0.19634954084936207,-4.9873299934333204e-18,0.20086443625389297,0.7542284225051339,-1.0321604682062002e-16,0.14023119605088755,0.5458759254311546,3.8163916471489756e-17,2.2858376973344265,5.266744286932465,3.469446951953614e-18,0.5749881504008044,1.7628931174239941,6.938893903907228e-18,1.0109630588618987,3.0749993030962433,0.02936427551309543,2.6125269892775753,0.16530568655066896,2.8071969513413397,3.248455140615529,-0.11437523433865407,0.0,0.1758266925982483,0.06145145825959422,1.0,0.0002640868285530751,0.0,4.242640687119285,0.34733732701535275,0.06032160936908504
620,86.94208360506033,0.19634954084936207,-6.071532165918825e-18,0.20432960781194534,0.7584032423136877,-1.0321604682062002e-16,0.13635395536750042,0.4570488771459446,2.7755575615628914e-17,2.2951578948981313,5.359161029211647,-2.42861286636753e-17,0.5700040704096199,1.7721538806361812,-4.163336342344337e-17,1.0181273799208022,3.0683658894580104,0.029574705189050234,2.6338748812566104,0.16245232014176741,2.825901906587428,3.268231734400183,-0.11401679344846984,0.0,0.17666475952457567,0.06264796607610583,1.0,0.0002627843492977887,0.0,4.242640687119285,0.3541536969954218,0.06271242054776252
621,87.1384331459097,0.19634954084936207,-6.071532165918825e-18,0.20389054516244273,0.7495765710331723,-1.0321604682062002e-16,0.1347005761678049,0.43600950330815635,1.3877787807814457e-17,2.299516866707279,5.372811175706674,-3.469446951953614e-18,0.5686438383925807,1.769121477308922,-6.938893903907228e-18,1.0212700959148133,3.070906649163954,0.02937545427014985,2.6438889101356313,0.16167790747092364,2.834942271876705,3.278228183726288,-0.11278704099827325,0.0,0.17592119361073097,0.06313415261245772,1.0,0.0002627843492977887,0.0,4.242640687119285,0.3541536969954218,0.06271242054776252
622,87.33478268675907,0.19634954084936207,-4.119968255444917e-18,0.2021157183630113,0.7356154673781015,-1.0321604682062002e-16,0.13473954782135492,0.4382200554949412,3.122502256758253e-17,2.3036891764905327,5.357917456292583,-6.938893903907228e-18,0.5681693352795333,1.767656150943947,0.0,1.0232259999905284,3.075145382727851,0.029067945783999766,2.6534919109398136,0.16140819677599333,2.843968053499807,3.2880639409810866,-0.11230423378188954,0.0,0.17457468444133828,0.06227045065944874,1.0,0.0002627843492977887,0.0,4.242640687119285,0.3541536969954218,0.06271242054776252
623,87.53113222760844,0.19634954084936207,-4.7704895589362195e-18,0.1996213075535544,0.7241950055242384,-1.0451708942760263e-16,0.1369248578096623,0.45116366042144584,3.469446951953614e-17,2.3077918490317466,5.314089304687273,-3.469446951953614e-18,0.5683639769580122,1.7970016593131974,-4.163336342344337e-17,1.0236228179116813,3.091537950801463,0.02876975054927432,2.662951609228683,0.16151880515176392,2.8532401649297214,3.2976659618858375,-0.11191432110171651,0.0,0.1729200335692357,0.06100571246751918,1.0,0.0002627843492977887,0.0,4.242640687119285,0.3541536969954218,0.06271242054776252
625,87.92383130930718,0.19634954084936207,-5.204170427930421e-18,0.19540174383503095,0.7079796501288771,-1.0386656812411132e-16,0.14435862543167163,0.4956720561469883,1.3877787807814457e-17,2.3162760452078923,5.301315953827724,-6.938893903907228e-18,0.5693621789910149,1.8529873196998072,-2.0816681711721685e-17,1.0197318159829685,3.1179862203418374,0.028543756112202494,2.682567358801956,0.16208664543269818,2.873197760346857,3.316044709442095,-0.11178035670209611,0.0,0.17053065509704565,0.05875029839494954,1.0,0.0002627843492977887,0.0,4.242640687119285,0.3541536969954218,0.06271242054776252
626,88.12018085015654,0.19634954084936207,-3.0357660829594124e-18,0.19454006410910277,0.6987263370713046,-1.0364972768961422e-16,0.1472338438460239,0.5152218631804455,4.163336342344337e-17,2.32078257932422,5.317456550051922,-6.938893903907228e-18,0.5696092369533976,1.8666565546588663,-2.7755575615628914e-17,1.015988803649696,3.1151934132452324,0.028625869159586814,2.6930158902473886,0.1622273414113159,2.8838691008182913,3.3247994194978236,-0.11228706317074705,0.0,0.16865733625461188,0.05637027308386483,1.0,0.0002627843492977887,0.0,4.242640687119285,0.3541536969954218,0.06271242054776252
627,88.31653039100591,0.19634954084936207,-4.553649124439119e-18,0.1944523671549749,0.6883185824561879,-1.0256552551712872e-16,0.14876480107229254,0.5276580627621219,1.734723475976807e-17,2.3254399263064744,5.3286881669396085,0.0,0.5695623556009053,1.866431418560711,0.0,1.0115360822444854,3.099032094708714,0.02875040471714234,2.7038354254301304,0.16220063845882599,2.894786468606099,3.333252523399205,-0.11307982799217596,0.0,0.16781867306650722,0.05473884507433126,1.0,0.0002627843492977887,0.0,4.242640687119285,0.3541536969954218,0.06271242054776252
628,88.51287993185528,0.19634954084936207,-6.071532165918825e-18,0.19477483084899158,0.676819393165879,-1.0299920638612292e-16,0.14906924473808408,0.5312516772669322,3.122502256758253e-17,2.330170695227164,5.3641586250441415,-3.469446951953614e-18,0.5692887036416047,1.8537658496654315,1.3877787807814457e-17,1.0066764351660926,3.073943602263318,0.028848195335933243,2.7148477344477233,0.16204481404696935,2.9057407438306257,3.3414028680596473,-0.11414201883237576,0.0,0.16726444772256427,0.053122428890188506,1.0,0.0002627843492977887,0.0,4.242640687119285,0.3541536969954218,0.06271242054776252
630,88.90557901355402,0.19634954084936207,-4.119968255444917e-18,0.1954860670008351,0.6517635615936678,-1.0473392986209973e-16,0.146765219331674,0.5203053714959218,1.3877787807814457e-17,2.3394966159731725,5.437006112147431,0.0,0.5685154235329671,1.8216073562969275,-6.245004513516506e-17,0.9967535590585539,3.0562721710195224,0.028842121162542637,2.7366222080749623,0.1616048933974345,2.9270692226349393,3.3569238835562647,-0.11595905537129121,0.0,0.16701400373506073,0.05105494836376952,1.0,0.0002621981633009672,0.0,4.242640687119285,0.3572164936645481,0.06380181167299706
631,89.10192855440339,0.19634954084936207,-4.336808689942018e-18,0.19583899197679822,0.6389579072835061,-1.0289078616887437e-16,0.14415650811558367,0.5118639926923647,2.42861286636753e-17,2.343960810120415,5.460388627108454,-1.0408340855860843e-17,0.5681796021519699,1.8375959684027603,1.3877787807814457e-17,0.992374245336038,3.038801829058696,0.02871468100539468,2.747076139690176,0.16141403015078537,2.9372048508463564,3.364516674554835,-0.11737243590155169,0.0,0.16746491476507097,0.05009247886351928,1.0,0.0002621981633009672,0.0,4.242640687119285,0.3572164936645481,0.06380181167299706
632,89.29827809525275,0.19634954084936207,-4.119968255444917e-18,0.19642616110700506,0.6264199560116133,-1.0375814790686277e-16,0.14078751059782507,0.4885136306198773,3.469446951953614e-17,2.3482190162509986,5.461286806156233,-6.938893903907228e-18,0.5678723391845043,1.851266849423736,6.938893903907228e-18,0.9889835029491407,3.0160141627729917,0.028516196361264155,2.757066274141403,0.1612394968054403,2.9468219673081077,3.3721453237720476,-0.1181646903423976,0.0,0.16835502217980064,0.05019033183740304,1.0,0.0002621981633009672,0.0,4.242640687119285,0.3572164936645481,0.06380181167299706
634,89.69097717695149,0.19634954084936207,-5.854691731421724e-18,0.19860091747831987,0.6308657887082464,-1.0364972768961422e-16,0.13493980761988342,0.45198286086412115,4.5102810375396984e-17,2.3561626168924947,5.414573615630487,-3.469446951953614e-18,0.5669108453106727,1.8633766254480495,6.938893903907228e-18,0.9867509628052196,2.968644042369218,0.028171210733076088,2.7757511386208438,0.16069395326543073,2.964616302619351,3.38820317078598,-0.11857276290016289,0.0,0.17060374213765245,0.05203097923748956,1.0,0.0002621981633009672,0.0,4.242640687119285,0.3572164936645481,0.06380181167299706
635,89.88732671780086,0.19634954084936207,-3.903127820947816e-18,0.19990591990026688,0.6361692579332706,-1.0451708942760263e-16,0.13396475094568228,0.42966964757706605,5.551115123125783e-17,2.359987036037966,5.422268459786151,0.0,0.5659578878746323,1.858822922563188,-1.3877787807814457e-17,0.9881792747405261,2.9539688179006323,0.02815921381881204,2.7847694051336322,0.16015416542375743,2.9730827843762015,3.396891485137171,-0.11815985174213249,0.0,0.17332527909322398,0.05516542735109149,1.0,0.0002621981633009672,0.0,4.242640687119285,0.3572164936645481,0.06380181167299706
636,90.08367625865023,0.19634954084936207,-5.421010862427522e-18,0.20101856694026474,0.6380969575021067,-1.0430024899310553e-16,0.13435632631191516,0.4017045149499685,1.3877787807814457e-17,2.363859997692186,5.418489287469852,-3.469446951953614e-18,0.5645552720719529,1.8463097237811992,-2.7755575615628914e-17,0.9909842920665434,2.959959281971069,0.028249595308170703,2.79391704434465,0.15936132761211835,2.981527967264939,3.4060427590001674,-0.11745045291497958,0.0,0.17486485012788497,0.057414397212905394,1.0,0.0002621981633009672,0.0,4.242640687119285,0.3572164936645481,0.06380181167299706
637,90.2800257994996,0.19634954084936207,-4.0115480381963664e-18,0.20172287626864766,0.6371634930464041,-1.0364972768961422e-16,0.1355797372116123,0.39948621617087543,2.42861286636753e-17,2.3678850367774635,5.437728126258458,-1.0408340855860843e-17,0.5627390188173906,1.8259525478189906,-1.3877787807814457e-17,0.9945167951815677,2.977245036776337,0.028372150569549046,2.803439773697305,0.15833760164977978,2.9901495259166335,3.415534314658932,-0.11659266738911753,0.0,0.17569720265725403,0.0591045352681365,1.0,0.0002621981633009672,0.0,4.242640687119285,0.3572164936645481,0.06380181167299706
639,90.67272488119833,0.19634954084936207,-5.9631119486702744e-18,0.20148605229307773,0.6335825845717815,-1.0408340855860843e-16,0.1387555286294288,0.39925799527659733,0.0,2.3765294914226254,5.495475529800062,-1.0408340855860843e-17,0.5586846279872622,1.7650849847789536,1.3877787807814457e-17,1.0001598907889988,2.990628883516301,0.02851502617934252,2.8239462118007403,0.1560642567746327,3.0085254947547155,3.4346760994579757,-0.11543733335363877,0.0,0.17501629619379389,0.05957896284015511,1.0,0.0002621981633009672,0.0,4.242640687119285,0.3572164936645481,0.06380181167299706
640,90.8690744220477,0.19634954084936207,-4.662069341687669e-18,0.20052084619726243,0.6363788827637848,-1.0364972768961422e-16,0.1404665886224298,0.44323711586524217,1.3877787807814457e-17,2.3810426202884987,5.511541279215524,0.0,0.5570636388182755,1.728007994280189,-1.3877787807814457e-17,1.0006213083235351,3.0021658709918024,0.028538514167617466,2.83468197981516,0.155159948846729,3.0183804428295065,3.4438760023974337,-0.11475244717695451,0.0,0.17259777731269416,0.05784533013573964,1.0,0.00025996585727605263,0.0,4.242640687119285,0.3453379046520161,0.05962913419472247
641,91.06542396289707,0.19634954084936207,-4.87890977618477e-18,0.19907613511206973,0.6375665608614804,-1.0321604682062002e-16,0.14240196505940517,0.48228093534351374,2.7755575615628914e-17,2.3856028646627925,5.506841732034044,6.938893903907228e-18,0.5561121215765982,1.69028504721998,-2.0816681711721685e-17,0.9989972578191434,3.0025681957522545,0.028553253551232338,2.84555051394366,0.15463034588221253,3.028734113377105,3.452823249964463,-0.11376760994024288,0.0,0.17035331950356905,0.056585709563326175,1.0,0.00025996585727605263,0.0,4.242640687119285,0.3453379046520161,0.05962913419472247
642,91.26177350374644,0.19634954084936207,-7.26415455565288e-18,0.19732071644806617,0.6380642962945752,-1.0408340855860843e-16,0.1444461453134165,0.510687070839898,6.938893903907228e-18,2.390034263477506,5.516834788986815,-3.469446951953614e-18,0.555919966069146,1.658617361365599,-1.3877787807814457e-17,0.9954134880869984,2.9871569623372958,0.02854518753205846,2.8561318902982316,0.15452350433716017,3.0392005821674504,3.4612530498163028,-0.11409699592238212,0.0,0.1681551860027824,0.054058190080400276,1.0,0.00025996585727605263,0.0,4.242640687119285,0.3453379046520161,0.05962913419472247
644,91.65447258544518,0.19634954084936207,-5.9631119486702744e-18,0.194152264511757,0.6444914603642593,-1.0321604682062002e-16,0.14665104682623825,0.5247858202793798,3.469446951953614e-18,2.3983458462257783,5.558555550194178,-6.938893903907228e-18,0.5572959886554429,1.6350943207897344,-5.551115123125783e-17,0.9847267294838002,2.9249668041544323,0.028338151452585596,2.876031399054223,0.15528940948572373,3.0596589599925323,3.4767637870534185,-0.1150955680748396,0.0,0.1658277880116152,0.05073221993677561,1.0,0.00025996585727605263,0.0,4.242640687119285,0.3453379046520161,0.05962913419472247
645,91.85082212629455,0.19634954084936207,-4.87890977618477e-18,0.19347293896174744,0.6491117952967118,-1.0278236595162582e-16,0.14542924515454048,0.5106762469272443,2.0816681711721685e-17,2.402281978577656,5.547311728474183,-3.469446951953614e-18,0.558245974537619,1.6483345498887436,-2.7755575615628914e-17,0.9791445652742956,2.9005637428207947,0.028120055927065263,2.885479352299488,0.155819284043728,3.069418692270281,3.484093477834681,-0.1163953616156339,0.0,0.16499998947048197,0.04860462785484808,1.0,0.00025996585727605263,0.0,4.242640687119285,0.3453379046520161,0.05962913419472247
646,92.04717166714391,0.19634954084936207,-3.686287386450715e-18,0.19365502955067695,0.6772893699184384,-1.0408340855860843e-16,0.14270514419368813,0.4858720352792102,2.42861286636753e-17,2.4061550847430366,5.534452755253176,-1.3877787807814457e-17,0.5589121989297521,1.658983781847235,1.3877787807814457e-17,0.9743316574657617,2.8789917890858407,0.02787018774306768,2.8947911459173836,0.15619142305624534,3.078852756716697,3.4913611680327366,-0.11726545831489854,0.0,0.16553190484753272,0.04826644653263418,1.0,0.00025996585727605263,0.0,4.242640687119285,0.3453379046520161,0.05962913419472247
648,92.43987074884265,0.19634954084936207,-6.288372600415926e-18,0.19579440470213447,0.735564889449452,-1.0191500421363742e-16,0.13797171673622993,0.42138875211859567,1.3877787807814457e-17,2.413916545902496,5.594685568365474,0.0,0.5585376407924024,1.6553937541010304,-6.938893903907228e-18,0.9688158957350568,2.862596302842321,0.027504263020112912,2.913496545290918,0.15598214809097133,3.096982956402002,3.5063882492467817,-0.11818029699025592,0.0,0.16761202467552908,0.04943172768527315,1.0,0.00025996585727605263,0.0,4.242640687119285,0.3453379046520161,0.05962913419472247
649,92.63622028969202,0.19634954084936207,-4.662069341687669e-18,0.19689142670649418,0.7525881906655653,-1.0234868508263162e-16,0.13800134508225237,0.39451959493201205,3.469446951953614e-17,2.4178670202108186,5.604967519859077,3.469446951953614e-18,0.557355594004411,1.6540765978130558,-4.163336342344337e-17,0.9685707158021328,2.8692564217448986,0.027417938970420316,2.9230404637115717,0.15532262908400496,3.105781031765997,3.5143985533575552,-0.11851227146598167,0.0,0.170365425473394,0.05185315400741233,1.0,0.00025996585727605263,0.0,4.242640687119285,0.3453379046520161,0.05962913419472247
650,92.83256983054139,0.19634954084936207,-6.071532165918825e-18,0.19741224148101896,0.7609373783935933,-1.0321604682062002e-16,0.13881685194614152,0.3885202086459826,2.42861286636753e-17,2.4218968618186296,5.600949129240857,-1.0408340855860843e-17,0.5555582379498182,1.6509025314025516,-6.938893903907228e-18,0.9700197729847827,2.8849334224083014,0.02730846625198973,2.9327922046434627,0.15432247787695338,3.1144231487724054,3.5227989838443508,-0.11836295225907431,0.0,0.17213165245828083,0.053768700199206515,1.0,0.0002599365872244786,0.0,4.242640687119285,0.3571519883138997,0.06377877137828598
651,93.02891937139076,0.19634954084936207,-5.854691731421724e-18,0.19708637354295686,0.7621067315629417,-1.0408340855860843e-16,0.13884346073726037,0.38624114775243196,2.42861286636753e-17,2.426029723237014,5.588011551781469,-3.469446951953614e-18,0.5532577489075334,1.6418563400660124,-6.938893903907228e-18,0.9729011910746075,2.9043114574539004,0.027073400326942918,2.9428101090147307,0.15304706836311566,3.122930577704789,3.53154256251839,-0.11802040554915584,0.0,0.17346738013303975,0.05544697458388391,1.0,0.0002599365872244786,0.0,4.242640687119285,0.3571519883138997,0.06377877137828598
653,93.4216184530895,0.19634954084936207,-7.15573433840433e-18,0.19400328030883943,0.751841744789075,-1.0234868508263162e-16,0.13551124344007584,0.42417394179458745,-3.469446951953614e-18,2.434581511999554,5.55465832457771,-6.938893903907228e-18,0.5479611971106979,1.6067905206283588,-2.7755575615628914e-17,0.9804067013197977,2.9351428162512567,0.02621459524386946,2.9635935692850164,0.1501307367694945,3.1399389012983803,3.549592909065922,-0.11739057936375553,0.0,0.17416993357516486,0.056779354211409325,1.0,0.0002599365872244786,0.0,4.242640687119285,0.3571519883138997,0.06377877137828598
654,93.61796799393886,0.19634954084936207,-4.553649124439119e-18,0.191869796713172,0.7437699641516458,-1.0278236595162582e-16,0.13486323995749133,0.45656440176453134,1.0408340855860843e-17,2.438887627623603,5.560885858231888,-1.0408340855860843e-17,0.5455951428427431,1.5822331110670944,-3.469446951953614e-17,0.9832119518292355,2.939852971147832,0.025849472845402913,2.974086430087744,0.1488370299467966,3.148772932879943,3.558620513226101,-0.116797608562561,0.0,0.17349101700480188,0.056693408442240883,1.0,0.0002599365872244786,0.0,4.242640687119285,0.3571519883138997,0.06377877137828598
655,93.81431753478823,0.19634954084936207,-4.7704895589362195e-18,0.18994543523096155,0.7341308994876511,-1.0278236595162582e-16,0.13640663667708341,0.48090807085052834,1.734723475976807e-17,2.443089250452619,5.579261600943464,1.3877787807814457e-17,0.5439141901236627,1.5650664974248605,-2.7755575615628914e-17,0.9842601732066042,2.935880797594114,0.02571509047147153,2.984342542838569,0.14792132310893993,3.1579789564189804,3.5674676634393085,-0.11652626333934933,0.0,0.17224525698330956,0.05571899364396023,1.0,0.0002599365872244786,0.0,4.242640687119285,0.3571519883138997,0.06377877137828598
656,94.0106670756376,0.19634954084936207,-5.7462715141731735e-18,0.1885715080894207,0.7223090565289292,-1.0364972768961422e-16,0.13931945662280762,0.49300621761344865,3.469446951953614e-17,2.4471157254716154,5.604625462626662,-6.938893903907228e-18,0.543187822985397,1.5545039825013254,-1.3877787807814457e-17,0.9831316587838753,2.924347022390288,0.025811747308909103,2.994187686925235,0.14752650551980753,3.1675259397539515,3.5760203670696042,-0.11642398484927871,0.0,0.17059710723127391,0.0541731223819952,1.0,0.0002599365872244786,0.0,4.242640687119285,0.3571519883138997,0.06377877137828598
658,94.40336615733634,0.19634954084936207,-4.553649124439119e-18,0.18748353943426677,0.6939390930315872,-1.0364972768961422e-16,0.14306046737069683,0.47997548119337013,4.5102810375396984e-17,2.4547364039400374,5.6690317579733795,3.469446951953614e-18,0.5444225749617868,1.5908459703938926,0.0,0.9747577037114061,2.8893476188516183,0.026192615933758965,3.0128654064142326,0.14819797006401114,3.1872559924120027,3.591995159331092,-0.11670437170644454,0.0,0.1679297481815525,0.05122537647510797,1.0,0.0002599365872244786,0.0,4.242640687119285,0.3571519883138997,0.06377877137828598
659,94.5997156981857,0.19634954084936207,-7.37257477290143e-18,0.18725955302755637,0.6698568788498507,-1.0321604682062002e-16,0.1429403667215495,0.471130810598401,2.42861286636753e-17,2.458554992637819,5.698551543427521,-6.938893903907228e-18,0.5456423583728215,1.6137767433578034,-4.163336342344337e-17,0.9684489349347135,2.872073302079075,0.0262464148611336,3.0222463259121723,0.1488627916253273,3.197355532398633,3.59944952570953,-0.11738365945446884,0.0,0.1658093205752214,0.04842566112075257,1.0,0.0002599365872244786,0.0,4.242640687119285,0.3571519883138997,0.06377877137828598
660,94.79606523903507,0.19634954084936207,-6.179952383167375e-18,0.18695418877775508,0.6402159819703087,-1.0495077029659683e-16,0.14235293013866687,0.460284795345683,6.938893903907228e-18,2.46254734192181,5.718108691918451,0.0,0.5465895138669424,1.6325590375786534,-1.3877787807814457e-17,0.9616296334719195,2.857981286482765,0.026175325567691594,3.032069705603085,0.14938004833465024,3.2076250795054273,3.6066826468723385,-0.11798957260435058,0.0,0.16522038508832437,0.04723081248397379,1.0,0.00025903127374014227,0.0,4.242640687119285,0.35113378477648793,0.061647467405730474
662,95.18876432073381,0.19634954084936207,-5.421010862427522e-18,0.18654320024103993,0.5952200701613826,-1.0321604682062002e-16,0.14152474438683108,0.4554172245455349,3.122502256758253e-17,2.47118524441434,5.717469527072016,3.469446951953614e-18,0.5464522074293544,1.6439478170001314,-3.469446951953614e-17,0.94967510423986,2.8420409329265683,0.025840223832613043,3.05337825610558,0.1493050075022071,3.2285234874404,3.621336851918114,-0.11845450974293452,0.0,0.16602603207080122,0.0475715223278667,1.0,0.00025903127374014227,0.0,4.242640687119285,0.35113378477648793,0.061647467405730474
663,95.38511386158318,0.19634954084936207,-4.9873299934333204e-18,0.18704367112114464,0.6057577310739223,-1.0321604682062002e-16,0.14080028216159537,0.42419653357151443,3.122502256758253e-17,2.475608428688458,5.783912149157432,-1.0408340855860843e-17,0.545343890511919,1.6324103576346127,-3.469446951953614e-17,0.9459894376041539,2.839903768776298,0.025691487376232894,3.064318546096668,0.14869997945933794,3.2387100129322386,3.6290319167274054,-0.1190940660856428,0.0,0.16843807379590983,0.049344007710267035,1.0,0.00025903127374014227,0.0,4.242640687119285,0.35113378477648793,0.061647467405730474
664,95.58146340243255,0.19634954084936207,-2.927345865710862e-18,0.1883295745257946,0.6145450299732202,-1.0321604682062002e-16,0.13939207553429891,0.4319088461269344,2.0816681711721685e-17,2.4799029761910503,5.820346405261922,6.938893903907228e-18,0.5438240359127634,1.648310163512977,-1.3877787807814457e-17,0.9444483931308333,2.841753362895322,0.02562515130485971,3.074959385660615,0.1478722910182233,3.248456827983698,3.6371644661695233,-0.11927589441147327,0.0,0.17077710655107498,0.05150121213960171,1.0,0.00025903127374014227,0.0,4.242640687119285,0.35113378477648793,0.061647467405730474
665,95.77781294328192,0.19634954084936207,-6.613633252161577e-18,0.19033639903851957,0.6289688880832895,-1.0234868508263162e-16,0.13728502668088524,0.43906615990855885,2.7755575615628914e-17,2.4839626361289855,5.847040138624188,1.3877787807814457e-17,0.5421595141110288,1.66235193519793,-6.245004513516506e-17,0.9450860984874749,2.848085725202666,0.025662339754453246,3.085035188842429,0.14696846937055347,3.2576659979674356,3.645795155397644,-0.11925373009361746,0.0,0.17321998767502883,0.05396625758141137,1.0,0.00025903127374014227,0.0,4.242640687119285,0.35113378477648793,0.061647467405730474
667,96.17051202498065,0.19634954084936207,-6.7220534694101275e-18,0.19486147625050676,0.6432743971199704,-1.0191500421363742e-16,0.1328995178120866,0.40579767514322496,1.0408340855860843e-17,2.491381464700212,5.879573088292597,3.469446951953614e-18,0.539113747740077,1.7242735838961298,-2.7755575615628914e-17,0.9511574525230696,2.874303346950526,0.025948546288094898,3.103490801325888,0.14532181650117565,3.2747611641151586,3.664352115478681,-0.11886310749636839,0.0,0.17603924762302658,0.0571761401266582,1.0,0.00025903127374014227,0.0,4.242640687119285,0.35113378477648793,0.061647467405730474
668,96.36686156583002,0.19634954084936207,-7.15573433840433e-18,0.19626823145174407,0.640532914497332,-1.0191500421363742e-16,0.13222898996651755,0.38793081722180833,3.8163916471489756e-17,2.494928662907857,5.875975975304093,0.0,0.5378615918091519,1.73881698213689,-1.3877787807814457e-17,0.9550083677897461,2.891287112389658,0.02610455704690686,3.112334516499592,0.1446475459717374,3.2830866195182367,3.6739852307780505,-0.11825304718484628,0.0,0.17719093741667544,0.05893789023182916,1.0,0.00025903127374014227,0.0,4.242640687119285,0.35113378477648793,0.061647467405730474
669,96.56321110667939,0.19634954084936207,-7.15573433840433e-18,0.19658710102775787,0.6325062924527753,-1.0191500421363742e-16,0.13317756113815182,0.39239759730465323,1.734723475976807e-17,2.4985376396857277,5.884623369943695,3.469446951953614e-18,0.5367813267210746,1.7387053992653787,-2.0816681711721685e-17,0.9581862274999409,2.906673696391654,0.026211872632320103,3.121345168463163,0.1440670963582185,3.2916241374537014,3.6835838623859747,-0.1178509755716565,0.0,0.17662361950491665,0.05877264393326015,1.0,0.00025903127374014227,0.0,4.242640687119285,0.35113378477648793,0.061647467405730474
670,96.75956064752876,0.19634954084936207,-6.179952383167375e-18,0.19581323912188128,0.6214611738714692,-1.0321604682062002e-16,0.13517057017760714,0.40674230372685166,1.0408340855860843e-17,2.502301051846174,5.870947948715818,0.0,0.5358639886491733,1.7258091211859123,0.0,0.959938302863496,2.916597259355377,0.02623834870695079,3.1307552770352345,0.14357510716550062,3.300568732907686,3.6929438573053877,-0.11758934350802294,0.0,0.1751791374136255,0.057589793905602565,1.0,0.0002570826376107286,0.0,4.242640687119285,0.3428752943246564,0.05878173372910987
672,97.1522597292275,0.19634954084936207,-5.312590645178972e-18,0.19234116468017315,0.6005251182851811,-1.0191500421363742e-16,0.13846173284090663,0.44160567657903393,3.8163916471489756e-17,2.510478706678634,5.777222850876754,6.938893903907228e-18,0.5346375149481982,1.6999560718830697,0.0,0.95768051146938,2.9099066202610424,0.026044895140809595,3.1512516683434137,0.1429186361949924,3.320215199679216,3.710764865627236,-0.11682430814034932,0.0,0.17209355778142232,0.05526924964107301,1.0,0.0002570826376107286,0.0,4.242640687119285,0.3428752943246564,0.05878173372910987
673,97.34860927007686,0.19634954084936207,-7.589415207398531e-18,0.19059147867858844,0.5945529510988227,-1.0148132334464322e-16,0.13927184142010723,0.4355922440805622,2.0816681711721685e-17,2.5147400885511026,5.727230668037396,0.0,0.5343522824770595,1.6996330583418315,-1.3877787807814457e-17,0.9536561806439335,2.8931265947410663,0.02593045932006715,3.161958856483004,0.14276618089422155,3.3306554966972923,3.7189759075292144,-0.11744671693127376,0.0,0.16913472747595973,0.05168801054468597,1.0,0.0002570826376107286,0.0,4.242640687119285,0.3428752943246564,0.05878173372910987
674,97.54495881092623,0.19634954084936207,-5.7462715141731735e-18,0.18938347879561288,0.5926005483217998,-1.0321604682062002e-16,0.14034513147614092,0.44818793927443346,4.163336342344337e-17,2.519014306516918,5.766573428997236,1.734723475976807e-17,0.5342681001351439,1.6896376253411163,-1.3877787807814457e-17,0.9481919993484749,2.8714379638958962,0.025915038257639064,3.1727165382184546,0.14272120141100803,3.341352777887102,3.7268223575577935,-0.11808387048804508,0.0,0.1678551886440488,0.04977131815600372,1.0,0.0002570826376107286,0.0,4.242640687119285,0.3428752943246564,0.05878173372910987
676,97.93765789262497,0.19634954084936207,-3.903127820947816e-18,0.18936036911273146,0.6235952243374,-1.0321604682062002e-16,0.14332551099065752,0.4872783556453495,1.734723475976807e-17,2.5272983836339895,5.793837149247136,1.3877787807814457e-17,0.5345005861379659,1.6402997960614238,-2.0816681711721685e-17,0.9358750088888322,2.8334681413081855,0.02620313175856228,3.193618559959488,0.1428454382909145,3.362667130008965,3.7419953170108,-0.11911829412149205,0.0,0.1674569008279303,0.04833860670643825,1.0,0.0002570826376107286,0.0,4.242640687119285,0.3428752943246564,0.05878173372910987
677,98.13400743347434,0.19634954084936207,-4.662069341687669e-18,0.19045751150331738,0.6497085644970813,-1.0234868508263162e-16,0.14328876789235678,0.49088551849493023,3.469446951953614e-17,2.5311917419159506,5.775375409150097,0.0,0.5347110218081539,1.6277514012975374,-2.0816681711721685e-17,0.93073691076762,2.8248853906657705,0.02632994749390727,3.203465817171751,0.14295793842156002,3.3727537030872186,3.749604864716397,-0.12007132632984616,0.0,0.1684375422120144,0.048366215882168245,1.0,0.0002570826376107286,0.0,4.242640687119285,0.3428752943246564,0.05878173372910987
678,98.3303569743237,0.19634954084936207,-7.15573433840433e-18,0.19192525663672685,0.67706153275591,-1.0234868508263162e-16,0.14127608564382882,0.4717824461090864,5.204170427930421e-17,2.5348835545229793,5.749586367659113,-3.469446951953614e-18,0.5349023708674221,1.6454365437625136,0.0,0.9272031588466461,2.823907950441046,0.026322491724745302,3.2128173174955257,0.14306027317979453,3.3822000824000655,3.757380893979164,-0.12057362604648576,0.0,0.1697426124893274,0.049168986442841636,1.0,0.0002570826376107286,0.0,4.242640687119285,0.3428752943246564,0.05878173372910987
679,98.52670651517307,0.19634954084936207,-7.047314121155779e-18,0.1933625252400427,0.7021560155094406,-1.0234868508263162e-16,0.13793470319571186,0.4241164214434142,8.673617379884035e-17,2.538396737257329,5.716776396096631,-1.3877787807814457e-17,0.5349709066646988,1.662740364205188,-2.7755575615628914e-17,0.9255628104193114,2.8274539122617077,0.026179268463422542,3.2217289978593255,0.14309693548882496,3.391005201811573,3.765402096628848,-0.12091702647446162,0.0,0.17129458715753265,0.05037756068307103,1.0,0.0002570826376107286,0.0,4.242640687119285,0.3428752943246564,0.05878173372910987
681,98.91940559687181,0.19634954084936207,-5.204170427930421e-18,0.19500332065804893,0.7428871611857542,-1.0408340855860843e-16,0.13261155449189632,0.3826860851543342,2.0816681711721685e-17,2.5451976329572417,5.640849734376288,3.469446951953614e-18,0.5341222856175026,1.684282956885951,-1.3877787807814457e-17,0.9275202085109496,2.8309680845510883,0.02574886955693925,3.2390154954055728,0.1426433079966325,3.4074076729591445,3.7823302899987503,-0.12103583407372866,0.0,0.17362285132110133,0.05258701724737268,1.0,0.00025710556670952055,0.0,4.242640687119285,0.3535474212788496,0.06249788954646217
682,99.11575513772118,0.19634954084936207,-5.095750210681871e-18,0.1951116977168934,0.7575342202291314,-1.0234868508263162e-16,0.13181583063126384,0.3857926128796737,0.0,2.5486942494138507,5.647881954950967,-6.938893903907228e-18,0.5329122064757705,1.6840777865577603,-3.469446951953614e-17,0.9304004614206077,2.835204970100526,0.02557245682966316,3.2479211884976156,0.1419977099054371,3.415491355232716,3.7912132201633066,-0.12077979902975948,0.0,0.17547700641743028,0.054697207387670796,1.0,0.00025710556670952055,0.0,4.242640687119285,0.3535474212788496,0.06249788954646217
683,99.31210467857055,0.19634954084936207,-4.119968255444917e-18,0.19492943997278178,0.7692406591472641,-1.0278236595162582e-16,0.13166444338763317,0.392215527118368,3.122502256758253e-17,2.552364513556988,5.653571418689942,-6.938893903907228e-18,0.5311165071050408,1.6751401128352608,-6.245004513516506e-17,0.9338715284836487,2.8318328792413943,0.02545123646595501,3.257282305032498,0.14104237205972942,3.4237759135581824,3.8002896141802562,-0.1204535556757687,0.0,0.17613208036563385,0.05567852468986516,1.0,0.00025710556670952055,0.0,4.242640687119285,0.3535474212788496,0.06249788954646217
684,99.50845421941992,0.19634954084936207,-5.7462715141731735e-18,0.19463227155523025,0.7787344480288867,-1.0148132334464322e-16,0.13166524692491668,0.3870607433519158,2.42861286636753e-17,2.5562246302568274,5.656986683964893,0.0,0.528864910261919,1.6578754509833662,-1.3877787807814457e-17,0.9373142585754707,2.8187382460794606,0.025401079656482466,3.267142180165826,0.13984904665317377,3.432392306475482,3.8094520183474554,-0.12010738316985192,0.0,0.17621833742552215,0.056110954255670226,1.0,0.00025710556670952055,0.0,4.242640687119285,0.3535474212788496,0.06249788954646217
686,99.90115330111865,0.19634954084936207,-2.927345865710862e-18,0.19403702844494908,0.7885345280397926,-1.0234868508263162e-16,0.1327258818158584,0.4132332843136428,4.5102810375396984e-17,2.5642900594658293,5.725922526294387,6.938893903907228e-18,0.5242155867264496,1.606432714369544,-3.469446951953614e-17,0.9415567210161305,2.780063164141971,0.025569968508003377,3.287791754537632,0.13740099068347789,3.4507627137291133,3.8275265503130664,-0.11967140513642874,0.0,0.17512598317724637,0.05545457804081763,1.0,0.00025710556670952055,0.0,4.242640687119285,0.3535474212788496,0.06249788954646217
687,100.09750284196802,0.19634954084936207,-4.7704895589362195e-18,0.1936726688774888,0.7846483784651195,-1.0278236595162582e-16,0.13441732021696215,0.4109961291529922,1.0408340855860843e-17,2.5683136610443755,5.7443743968059895,6.938893903907228e-18,0.5225720498939821,1.5787737002407216,-6.938893903907228e-18,0.9413150490890704,2.7650206091776064,0.02575640494326345,3.2981175307535815,0.13654077366519918,3.460414709362044,3.8361954688704647,-0.11936999849422392,0.0,0.17292918782725297,0.053559189333029056,1.0,0.00025710556670952055,0.0,4.242640687119285,0.3535474212788496,0.06249788954646217
688,100.29385238281739,0.19634954084936207,-5.204170427930421e-18,0.19310629985813124,0.7715212540069869,-1.0191500421363742e-16,0.13678804682483492,0.3979238690941882,5.204170427930421e-17,2.5722342134405296,5.762432244896055,-3.469446951953614e-18,0.5217627531802691,1.5545549453891077,0.0,0.9391440714827031,2.7622623438742613,0.025934723422232714,3.3081944243970103,0.13611818530312725,3.47024733312237,3.844503246915796,-0.11927588706242512,0.0,0.1709882223743654,0.05171233531194028,1.0,0.00025710556670952055,0.0,4.242640687119285,0.3535474212788496,0.06249788954646217
690,100.68655146451613,0.19634954084936207,-3.903127820947816e-18,0.19111467999289405,0.722422016191261,-1.0321604682062002e-16,0.14135620825414683,0.433994985349647,2.0816681711721685e-17,2.579734657881412,5.786345966720448,0.0,0.5226362075524958,1.52529686655092,-2.0816681711721685e-17,0.9296581027285161,2.734544376246584,0.02599138408254535,3.3275154525372628,0.13657430272242777,3.4900811393422355,3.860006772816235,-0.11934902939303182,0.0,0.16821394124091874,0.04886491184788691,1.0,0.00025558541724662306,0.0,4.242640687119285,0.3430960342331504,0.05885744435325754
691,100.8829010053655,0.19634954084936207,-8.348356728138384e-18,0.18997507546739206,0.6896899500052996,-1.0234868508263162e-16,0.14239228035674037,0.45733266637505593,3.8163916471489756e-17,2.583430745707,5.789038582733083,3.469446951953614e-18,0.5238368982938526,1.5209887519377245,-6.938893903907228e-18,0.9233868168961914,2.7267814680699227,0.02581879620533829,3.3370572089321127,0.13720254800706208,3.500078553144513,3.8674947688283488,-0.11899312056971069,0.0,0.16642139731059938,0.04742827674088869,1.0,0.00025558541724662306,0.0,4.242640687119285,0.3430960342331504,0.05885744435325754
692,101.07925054621487,0.19634954084936207,-3.903127820947816e-18,0.1892441262502385,0.6541050030495827,-1.0234868508263162e-16,0.14214972883968938,0.47364580673019324,3.122502256758253e-17,2.5871172079298175,5.7839947866937536,-1.0408340855860843e-17,0.5250246011827069,1.5216881647652145,-2.7755575615628914e-17,0.9170606120487983,2.7159579871071413,0.02557942771995827,3.3465877237832866,0.1378254159235302,3.509992567426775,3.874888028216561,-0.11941992498209356,0.0,0.16631353103370147,0.04689360605160792,1.0,0.00025558541724662306,0.0,4.242640687119285,0.3430960342331504,0.05885744435325754
693,101.27560008706423,0.19634954084936207,-6.938893903907228e-18,0.18938606891738102,0.6206662663062716,-1.0408340855860843e-16,0.14077969858836412,0.478836165647356,4.163336342344337e-17,2.5908222657262323,5.770928579563267,1.3877787807814457e-17,0.5258228637410082,1.5251427568095697,1.3877787807814457e-17,0.9114292787539295,2.702374455287019,0.02538758553714574,3.356180006291403,0.13824484201639742,3.519812433844946,3.882347175007219,-0.11993724135913339,0.0,0.16709245416905516,0.04715521280992177,1.0,0.00025558541724662306,0.0,4.242640687119285,0.3430960342331504,0.05885744435325754
695,101.66829916876297,0.19634954084936207,-6.288372600415926e-18,0.1931745173437432,0.595777882679076,-1.0148132334464322e-16,0.13650332330490542,0.45092335699568087,6.938893903907228e-18,2.598337101954432,5.796225099985624,-3.469446951953614e-18,0.5252561764565492,1.5305666083034155,-1.3877787807814457e-17,0.904402743098234,2.6743206836578577,0.02550094535806135,3.375677847696478,0.13794702545287676,3.539125818507416,3.8979178108256685,-0.12075326009668234,0.0,0.16943612575232272,0.04868286565564038,1.0,0.00025558541724662306,0.0,4.242640687119285,0.3430960342331504,0.05885744435325754
696,101.86464870961234,0.19634954084936207,-6.288372600415926e-18,0.19637963014142334,0.620073127613344,-1.0191500421363742e-16,0.1344292799759954,0.44050441381998595,4.5102810375396984e-17,2.60216013862421,5.846634219882133,6.938893903907228e-18,0.5237421317460479,1.5279962898932673,0.0,0.9034173015785478,2.66488642288292,0.02579386493166294,3.385618693522384,0.1371529102829473,3.548565468736994,3.906082340633637,-0.12146378225765642,0.0,0.17194441856233375,0.050480636304677334,1.0,0.00025558541724662306,0.0,4.242640687119285,0.3430960342331504,0.05885744435325754
697,102.06099825046171,0.19634954084936207,-5.637851296924623e-18,0.19961112526491034,0.639123399621798,-1.0278236595162582e-16,0.1326663927667138,0.42711183304133843,3.122502256758253e-17,2.606024746835066,5.889555013475067,0.0,0.5215586749092728,1.5195889928198985,1.3877787807814457e-17,0.9038938336111846,2.6610837952381603,0.026116522169227368,3.395682490558385,0.13601172568655823,3.5578107384141706,3.9144189609596163,-0.12179671428290831,0.0,0.17307075406912792,0.05127403978621961,1.0,0.00025558541724662306,0.0,4.242640687119285,0.3430960342331504,0.05885744435325754
698,102.25734779131108,0.19634954084936207,-5.637851296924623e-18,0.20207561737891758,0.6505814780451713,-1.0191500421363742e-16,0.13135263634394678,0.41713603568752616,2.7755575615628914e-17,2.6099032738340617,5.909589751498571,-3.469446951953614e-18,0.5189962415586761,1.5045908138994495,-2.0816681711721685e-17,0.9053573540347699,2.6631367939765354,0.02635082816765414,3.405797549384877,0.1346785493760158,3.566826926928547,3.9228168997008694,-0.12200032710940278,0.0,0.17350752780973988,0.0515072007003371,1.0,0.00025558541724662306,0.0,4.242640687119285,0.3430960342331504,0.05885744435325754
700,102.65004687300981,0.19634954084936207,-4.9873299934333204e-18,0.2025839081681465,0.6503405990980433,-1.0234868508263162e-16,0.13092912955875602,0.4182259838311281,2.42861286636753e-17,2.617462638797063,5.898164215517771,-3.469446951953614e-18,0.5142684593317522,1.4571953883943485,-1.3877787807814457e-17,0.9089484603430024,2.6776761087374354,0.026286284879852545,3.4255553327492434,0.13223602413172708,3.584077641760823,3.939384237853726,-0.12206077548077275,0.0,0.1728786526048562,0.050817877124083435,1.0,0.0002560321979853147,0.0,4.242640687119285,0.3544132106414351,0.06280436193858513
701,102.84639641385918,0.19634954084936207,-4.336808689942018e-18,0.20057409451420535,0.6399133027188936,-1.0495077029659683e-16,0.13197538499903794,0.40553663287238234,2.0816681711721685e-17,2.621012082990575,5.903351009322607,-3.469446951953614e-18,0.5127418080108096,1.42863048425992,-2.7755575615628914e-17,0.9100924406759897,2.6841579371684974,0.02599439157396127,3.434852169591297,0.13145208084109694,3.5922986420063547,3.947383150502859,-0.12213803333576166,0.0,0.17143015971266945,0.04929212637690779,1.0,0.0002560321979853147,0.0,4.242640687119285,0.3544132106414351,0.06280436193858513
702,103.04274595470855,0.19634954084936207,-7.806255641895632e-18,0.19767803328796277,0.6236669828548911,-1.0321604682062002e-16,0.1335416521848574,0.4056074229608395,5.898059818321144e-17,2.6244103466163007,5.900105249737835,-3.469446951953614e-18,0.511903777410622,1.415336745014481,-6.938893903907228e-18,0.9103714056044245,2.6863491542248514,0.025616768789577513,3.443764833713346,0.1310227386636318,3.6004043411665556,3.955196625788575,-0.12196781293997949,0.0,0.17026698810304097,0.04829917516306148,1.0,0.0002560321979853147,0.0,4.242640687119285,0.3544132106414351,0.06280436193858513
704,103.43544503640729,0.19634954084936207,-5.854691731421724e-18,0.1919451488166387,0.5952425851930916,-1.0278236595162582e-16,0.13671103636081142,0.4133388915590399,3.469446951953614e-18,2.631096138615321,5.906144767132444,-3.469446951953614e-18,0.5114137169271795,1.4010691390020567,-6.938893903907228e-18,0.9076477196871645,2.6735813904194905,0.024971323115758722,3.4613334453182256,0.13077199493063665,3.6170767633646213,3.9702813417196507,-0.12171333193277739,0.0,0.16857685065976133,0.04686351872698394,1.0,0.0002560321979853147,0.0,4.242640687119285,0.3544132106414351,0.06280436193858513
705,103.63179457725666,0.19634954084936207,-5.854691731421724e-18,0.1900220886375976,0.5991557350537213,-1.0321604682062002e-16,0.1380088321494993,0.45344294710204425,-1.3877787807814457e-17,2.6346074374548527,5.91822144742642,0.0,0.5111408529989295,1.412938004185802,-2.0816681711721685e-17,0.90451181488112,2.6604018580179307,0.024812742515121246,3.470578174746213,0.13063248580223666,3.626023403063571,3.977554127145883,-0.12154281895613651,0.0,0.16700287564930524,0.04546005669316873,1.0,0.0002560321979853147,0.0,4.242640687119285,0.3544132106414351,0.06280436193858513
706,103.82814411810602,0.19634954084936207,-5.421010862427522e-18,0.18882091430637413,0.6248583920404078,-1.0408340855860843e-16,0.13914900021649998,0.47266341225182623,-3.469446951953614e-18,2.638311876357045,5.934749748806256,-3.469446951953614e-18,0.510593905698647,1.408096937704702,-1.3877787807814457e-17,0.9003146326491395,2.64590383877397,0.02474549167381937,3.480344778463316,0.13035306826829945,3.6354433384054348,3.9846493448695157,-0.12153478342769203,0.0,0.16609110548875058,0.044556322061058556,1.0,0.0002560321979853147,0.0,4.242640687119285,0.3544132106414351,0.06280436193858513
707,104.0244936589554,0.19634954084936207,-4.9873299934333204e-18,0.18812203918522655,0.6541042089157475,-1.0321604682062002e-16,0.14002183448447308,0.48200827899920035,3.122502256758253e-17,2.6421683341991278,5.953737838321185,0.0,0.5098061486770864,1.3873096920417702,-2.0816681711721685e-17,0.8953781285122496,2.6329801554726013,0.024703621675935143,3.490526753122297,0.12995115461448176,3.645181529412714,3.9915922221420823,-0.12163592635655926,0.0,0.16543009332194886,0.0437941669653896,1.0,0.0002560321979853147,0.0,4.242640687119285,0.3544132106414351,0.06280436193858513
709,104.41719274065413,0.19634954084936207,-5.204170427930421e-18,0.1873842313709692,0.7073096717603162,-1.0408340855860843e-16,0.1394880278197361,0.4469377837802943,1.0408340855860843e-17,2.6498617934883035,6.001117284757594,-3.469446951953614e-18,0.5081904063287497,1.4005623232901392,-1.3877787807814457e-17,0.8855108430181603,2.619556322973476,0.02445205009329353,3.510883762294523,0.12912874454228984,3.664464556930106,4.005308253810134,-0.12200995244713808,0.0,0.16539331650964872,0.04338336406251064,1.0,0.0002560321979853147,0.0,4.242640687119285,0.3544132106414351,0.06280436193858513
710,104.6135422815035,0.19634954084936207,-5.204170427930421e-18,0.1872675005517153,0.7274489498419996,-1.0364972768961422e-16,0.13754366849568941,0.4111260872424731,3.469446951953614e-17,2.6534534414957314,6.022297324658588,1.0408340855860843e-17,0.5076333107986358,1.4136157798739695,-4.163336342344337e-17,0.8819066800370949,2.6194920523735816,0.024209707712076572,3.5204075830927692,0.12884578911619218,3.6734630799210377,4.0123039049566245,-0.12252244779310356,0.0,0.16660046451593788,0.04407801672283432,1.0,0.00025730662487024735,0.0,4.242640687119285,0.3607927194164843,0.06508569319197097
711,104.80989182235287,0.19634954084936207,-4.7704895589362195e-18,0.18746024293735036,0.7377131254307651,-1.0364972768961422e-16,0.1348184215175744,0.41285624562292006,-2.7755575615628914e-17,2.6567621367241316,6.031510559890532,-1.3877787807814457e-17,0.5071940350465092,1.4192178722241118,-2.0816681711721685e-17,0.879901665891212,2.6219722544161814,0.023941771814939273,3.529192525565485,0.12862289459337978,3.681757191973804,4.0194213608094795,-0.12344241520967994,0.0,0.168149525742987,0.04470711053330706,1.0,0.00025730662487024735,0.0,4.242640687119285,0.3607927194164843,0.06508569319197097
712,105.00624136320224,0.19634954084936207,-6.5052130349130266e-18,0.18804556434812017,0.7390593793663827,-1.0234868508263162e-16,0.132141897475547,0.42332625905367705,2.42861286636753e-17,2.6598721218022807,6.028610217946733,-6.938893903907228e-18,0.5066851020017733,1.415652054285937,-2.0816681711721685e-17,0.8797210574238115,2.6252076441472894,0.02372088283712123,3.537459852170483,0.1283648962952737,3.6895456313028783,4.026865995094367,-0.1236266698567891,0.0,0.16995431420820648,0.04632764435141737,1.0,0.00025730662487024735,0.0,4.242640687119285,0.3607927194164843,0.06508569319197097
714,105.39894044490097,0.19634954084936207,-3.903127820947816e-18,0.18991035509304036,0.7260953973528652,-1.0495077029659683e-16,0.1292207019479386,0.4141602285743561,3.122502256758253e-17,2.6659360227667976,5.990895536053013,-6.938893903907228e-18,0.504543843000881,1.3857870146737399,-6.938893903907228e-18,0.8839454229642201,2.629117831558439,0.023570298327478006,3.553607438742825,0.12728224475504876,3.704459981825352,4.0427092944908365,-0.12354970863845653,0.0,0.1722482220281488,0.04869851338969226,1.0,0.00025730662487024735,0.0,4.242640687119285,0.3607927194164843,0.06508569319197097
715,105.59528998575034,0.19634954084936207,-5.854691731421724e-18,0.1905654766840046,0.7177212178853154,-1.0278236595162582e-16,0.12881086867914215,0.3913492193821442,-6.938893903907228e-18,2.6691246937824102,5.970598734295492,6.938893903907228e-18,0.5027007882564822,1.3957849409770613,2.7755575615628914e-17,0.8872194294165837,2.6298174351142576,0.02357939994187236,3.5621133154795226,0.1263540412568443,3.712046756678239,4.050933543237342,-0.12309635688859968,0.0,0.17331070998741155,0.050214353098811865,1.0,0.00025730662487024735,0.0,4.242640687119285,0.3607927194164843,0.06508569319197097
716,105.79163952659971,0.19634954084936207,-5.637851296924623e-18,0.1905710042883832,0.7104271650766159,-1.0386656812411132e-16,0.12871122734145404,0.3575178163189071,-1.0408340855860843e-17,2.6725174398039635,5.967431565868955,0.0,0.5004626833978364,1.4003256200702303,-1.3877787807814457e-17,0.8902540971450237,2.630910358182838,0.02355904853776866,3.571174733028166,0.1252314487368815,3.7199652303028157,4.0591858155602445,-0.12259097190345479,0.0,0.17294989810517217,0.05035892620171738,1.0,0.00025730662487024735,0.0,4.242640687119285,0.3607927194164843,0.06508569319197097
718,106.18433860829845,0.19634954084936207,-7.37257477290143e-18,0.18806584041068658,0.6978479079157258,-1.0364972768961422e-16,0.1304083533303434,0.3817264876263188,2.0816681711721685e-17,2.6799197324447293,5.981313576281155,0.0,0.4958348101924104,1.4012617556822493,-2.0816681711721685e-17,0.8926321001954289,2.636890014743122,0.02336104427004938,3.590984886173313,0.12292607949927181,3.737272009942634,4.075331947342718,-0.12169128527992719,0.0,0.17113299408416266,0.04944170880423547,1.0,0.00025730662487024735,0.0,4.242640687119285,0.3607927194164843,0.06508569319197097
719,106.38068814914782,0.19634954084936207,-6.288372600415926e-18,0.18582263740728752,0.68983409532609,-1.0408340855860843e-16,0.13272958253946748,0.38856972950212953,0.0,2.6838361638974977,6.025393562478588,-6.938893903907228e-18,0.4939977996957258,1.3888427821214884,-3.469446951953614e-17,0.8910156447318119,2.6404486680916377,0.023228837028298466,3.6014882773220176,0.1220169130521092,3.7467340274024252,4.083106337826884,-0.12083273100849061,0.0,0.1687157364606228,0.047883005452132185,1.0,0.00025730662487024735,0.0,4.242640687119285,0.3607927194164843,0.06508569319197097
720,106.57703768999718,0.19634954084936207,-4.119968255444917e-18,0.1834149563339103,0.6859337486794959,-1.0289078616887437e-16,0.1354531408697103,0.3911367387900645,1.3877787807814457e-17,2.687795895466975,6.051028737362369,3.469446951953614e-18,0.4927540458121181,1.3772263709166586,-2.7755575615628914e-17,0.8874568296698012,2.641585949424462,0.02309192244962932,3.61212338784456,0.1214032748321055,3.7566185851262945,4.090668358580844,-0.12043298344950648,0.0,0.16718062883733015,0.046747645387823666,1.0,0.0002549483073948077,0.0,4.242640687119285,0.33778320753858154,0.057048747647526224
721,106.77338723084655,0.19634954084936207,-5.854691731421724e-18,0.18131891018131266,0.6787637468446528,-1.0272815584300155e-16,0.1376659342775411,0.40624111247996575,4.85722573273506e-17,2.6917834054716745,6.058610691003046,0.0,0.49220801545797405,1.369189654629802,-6.938893903907228e-18,0.8823571768647426,2.637835746389791,0.022946045749818494,3.622848950986342,0.12113436524053858,3.766929361976699,4.0982733578597115,-0.11918720033414147,0.0,0.16600843784541897,0.046821237511277494,1.0,0.0002549483073948077,0.0,4.242640687119285,0.33778320753858154,0.057048747647526224
723,107.16608631254529,0.19634954084936207,-4.9873299934333204e-18,0.17956980264567973,0.6539197753725501,-1.0289078616887437e-16,0.13842170569801032,0.45446071167396634,3.469446951953614e-17,2.699331612609034,6.0301644989398095,-3.469446951953614e-18,0.4928779407872441,1.3916682224114878,-2.0816681711721685e-17,0.8698793510767399,2.609871555757502,0.022712570570799378,3.6431955774152436,0.12146433225733703,3.78737248024338,4.113143135566734,-0.1195526694816509,0.0,0.1653684912132017,0.04581582173155081,1.0,0.0002549483073948077,0.0,4.242640687119285,0.33778320753858154,0.057048747647526224
724,107.36243585339466,0.19634954084936207,-4.119968255444917e-18,0.18027928253899161,0.6381446135210653,-1.0364972768961422e-16,0.13739614414511253,0.47172161557990433,3.8163916471489756e-17,2.7028266340014393,6.016287797143934,-3.469446951953614e-18,0.49367432802296296,1.4064364139001266,-1.3877787807814457e-17,0.8638557255231714,2.5880754663163286,0.022732310276288442,3.6526359067337744,0.12185717107446198,3.797225388084525,4.120569172079161,-0.12037231670718809,0.0,0.16598451390233518,0.045612197195147086,1.0,0.0002549483073948077,0.0,4.242640687119285,0.33778320753858154,0.057048747647526224
725,107.55878539424403,0.19634954084936207,-6.288372600415926e-18,0.1820081638534836,0.6217374732033083,-1.0299920638612292e-16,0.13604196865598767,0.4741136881569656,4.163336342344337e-17,2.7061711680474425,6.016397953294117,6.938893903907228e-18,0.49436227614575295,1.4143363624162748,-2.7755575615628914e-17,0.8588160061395109,2.566239541728554,0.022888473451975207,3.66168119538563,0.12219703003800488,3.8067666988756104,4.1281062606619985,-0.12105224106701368,0.0,0.1671261024841975,0.04607386141718381,1.0,0.0002549483073948077,0.0,4.242640687119285,0.33778320753858154,0.057048747647526224
726,107.7551349350934,0.19634954084936207,-3.686287386450715e-18,0.18453622958504762,0.6054063513122392,-1.0354130747236567e-16,0.13455920354660925,0.4618105885949504,-3.469446951953614e-18,2.70944738361392,6.007429619757163,-3.469446951953614e-18,0.4946108151398665,1.413648983575219,-2.7755575615628914e-17,0.8552319907309444,2.5496024333854175,0.023154478280856,3.670552562286159,0.12231992922666154,3.8160269697936764,4.135830773672133,-0.12166552418656786,0.0,0.16859887726986392,0.04693335308329606,1.0,0.0002549483073948077,0.0,4.242640687119285,0.33778320753858154,0.057048747647526224
728,108.14783401679213,0.19634954084936207,-4.336808689942018e-18,0.1904273887240522,0.5806644879962526,-1.0224026486538307e-16,0.13116854233112907,0.42488525567019253,7.28583859910259e-17,2.7161802568767652,6.028349916206288,-6.938893903907228e-18,0.49289219614134605,1.3850446194951975,2.7755575615628914e-17,0.8531431970025083,2.547244924700958,0.023741487354628388,3.6888175939235657,0.12147135850851953,3.8340304397867135,4.1520221932349815,-0.12217467370720078,0.0,0.17087245614405092,0.048697782436850134,1.0,0.0002549483073948077,0.0,4.242640687119285,0.33778320753858154,0.057048747647526224
729,108.3441835576415,0.19634954084936207,-5.854691731421724e-18,0.1928209037789472,0.5968914526949216,-1.0321604682062002e-16,0.12935962184765976,0.4413850126212617,1.0408340855860843e-17,2.7197622955285587,6.074075547232724,-1.0408340855860843e-17,0.49087275618089715,1.359163262395426,-2.0816681711721685e-17,0.8543383367022982,2.562439531447558,0.023915131063549835,3.6985534720893862,0.12047803138031524,3.8429466345332512,4.160496044174564,-0.12212156815865387,0.0,0.1726301639117778,0.05050859575312393,1.0,0.0002549483073948077,0.0,4.242640687119285,0.33778320753858154,0.057048747647526224
730,108.54053309849087,0.19634954084936207,-6.071532165918825e-18,0.19426766973558515,0.606919331455589,-1.0343288725511712e-16,0.12778407415474696,0.44658553962666525,5.898059818321144e-17,2.723485146013577,6.110762076914874,-3.469446951953614e-18,0.48835210891039826,1.3286830674916508,-1.3877787807814457e-17,0.8564735325639167,2.584217628813896,0.023940336088595107,3.7086856702782964,0.11924389113861675,3.8518698975055083,4.169171454879405,-0.12170184048662652,0.0,0.1731689049938602,0.05146706450723368,1.0,0.00025386412253392763,0.0,4.242640687119285,0.3430673377457896,0.058847599113991844
732,108.9332321801896,0.19634954084936207,-6.7220534694101275e-18,0.1936862232982481,0.6053423164719913,-1.0408340855860843e-16,0.12704164201267698,0.4287919190982058,1.734723475976807e-17,2.731144402108002,6.144672925315791,-1.3877787807814457e-17,0.48334627278893755,1.2850584048352296,0.0,0.8612441150408604,2.6257579263901083,0.023586919701030693,3.7295748725829387,0.11681180970947899,3.8699736019934483,4.187055596639907,-0.12015469589020399,0.0,0.1728772888784663,0.052722592988262304,1.0,0.00025386412253392763,0.0,4.242640687119285,0.3430673377457896,0.058847599113991844
733,109.12958172103897,0.19634954084936207,-5.204170427930421e-18,0.1919663638681194,0.59531047499745,-1.0299920638612292e-16,0.12844524032555873,0.3934914271643363,7.28583859910259e-17,2.7348948443943737,6.1395045027381325,3.469446951953614e-18,0.48156182051659246,1.2682654741265522,-2.7755575615628914e-17,0.862683802451792,2.6361078744677133,0.023339589079811308,3.739824904947462,0.1159508934896274,3.8791153875169004,4.196006583619952,-0.11894543781708439,0.0,0.17168199841668427,0.052736560599599885,1.0,0.00025386412253392763,0.0,4.242640687119285,0.3430673377457896,0.058847599113991844
734,109.32593126188834,0.19634954084936207,-4.9873299934333204e-18,0.1898301728610935,0.5813961890789684,-1.0321604682062002e-16,0.1307162268691464,0.4154227274916513,2.0816681711721685e-17,2.738538134998472,6.120957581348628,-6.938893903907228e-18,0.48051470556504583,1.2569873398491305,-1.3877787807814457e-17,0.8628965957128059,2.636484147846485,0.023146934276820456,3.749795558420454,0.11544719113213131,3.8883896838294056,4.204876319382579,-0.11820496476428885,0.0,0.17053375386603642,0.05232878910174757,1.0,0.00025386412253392763,0.0,4.242640687119285,0.3430673377457896,0.058847599113991844
735,109.52228080273771,0.19634954084936207,-4.7704895589362195e-18,0.18774706100629573,0.5655757456484009,-1.0473392986209973e-16,0.13305190175824752,0.44913927674660437,2.42861286636753e-17,2.742084621067271,6.092146004133549,-1.0408340855860843e-17,0.4801877267299701,1.2508751439588908,-6.938893903907228e-18,0.86170424277164,2.6273959798573596,0.02303946588295009,3.75951403454682,0.11529012645104823,3.8978436268808183,4.21361798787474,-0.11764929409020564,0.0,0.16934457592068025,0.051695281830474615,1.0,0.00025386412253392763,0.0,4.242640687119285,0.3430673377457896,0.058847599113991844
737,109.91497988443645,0.19634954084936207,-4.336808689942018e-18,0.1849142891891296,0.5987439184549564,-1.0473392986209973e-16,0.13552994739307522,0.4743999495952642,3.469446951953614e-17,2.7490460477315897,6.0786067455902,6.938893903907228e-18,0.4810315905348412,1.2390456390064712,6.938893903907228e-18,0.8555205555570516,2.590253424871567,0.023015226187911554,3.7786270862743367,0.11569569554623953,3.9173380080084876,4.230650867219502,-0.11732815296489864,0.0,0.16790094046542406,0.05057278750052542,1.0,0.00025386412253392763,0.0,4.242640687119285,0.3430673377457896,0.058847599113991844
738,110.11132942528582,0.19634954084936207,-5.204170427930421e-18,0.18423853883367206,0.6323776318135756,-1.0299920638612292e-16,0.1358049686083958,0.46620287453785875,2.2551405187698492e-17,2.7525395590519786,6.093005708705817,-1.734723475976807e-17,0.4817548847322043,1.2454405862549165,-1.3877787807814457e-17,0.8511692910620622,2.5679134022221928,0.02304115258647172,3.788237012073029,0.11604388448166972,3.92732204914117,4.238978007375555,-0.11750922398133484,0.0,0.16711831889173984,0.049609094910404994,1.0,0.00025386412253392763,0.0,4.242640687119285,0.3430673377457896,0.058847599113991844
739,110.30767896613519,0.19634954084936207,-3.469446951953614e-18,0.1838909771709934,0.6645991706719327,-1.0321604682062002e-16,0.13589668012203673,0.4510982297204738,1.9081958235744878e-17,2.756072889283123,6.088374654085686,3.469446951953614e-18,0.48238290681161833,1.260740623507562,-1.3877787807814457e-17,0.8466242948142679,2.5460269826402895,0.023048981292134486,3.7979688855207105,0.11634663439201323,3.937364501204858,4.247239763670706,-0.11787664171272885,0.0,0.16713830885372863,0.049261667140999776,1.0,0.00025386412253392763,0.0,4.242640687119285,0.3430673377457896,0.058847599113991844
740,110.50402850698455,0.19634954084936207,-6.5052130349130266e-18,0.1837729007562986,0.6924714116836654,-1.0299920638612292e-16,0.13570972725354996,0.4270512996556361,-1.734723475976807e-18,2.7596569439112217,6.067561062875775,-6.938893903907228e-18,0.4827105691315705,1.2751229043160353,-1.3877787807814457e-17,0.8424775021989379,2.5257412755221487,0.022996990463064294,3.807853224038713,0.11650474677566233,3.9473549612774397,4.255497160315169,-0.11833410031266751,0.0,0.1675562683537542,0.049222168041086686,1.0,0.00025148508105111257,0.0,4.242640687119285,0.33291784983985834,0.055417147370997226
742,110.89672758868329,0.19634954084936207,-5.204170427930421e-18,0.18438468602937225,0.7292731553039329,-1.0256552551712872e-16,0.13291589562885384,0.4140373463338245,4.5102810375396984e-17,2.7671378157261306,6.114514109689836,3.469446951953614e-18,0.4818061150786579,1.2916669415949693,-1.3877787807814457e-17,0.8375215610995118,2.4972251399216066,0.022667502066679023,3.82852584561079,0.11606856626359446,3.9672619139410634,4.27271991883743,-0.11792744094180589,0.0,0.16886427779133215,0.050936836849526254,1.0,0.00025148508105111257,0.0,4.242640687119285,0.33291784983985834,0.055417147370997226
743,111.09307712953266,0.19634954084936207,-4.9873299934333204e-18,0.18531483661488962,0.7389566240151024,-1.0343288725511712e-16,0.13035883346426044,0.39095801708546285,4.163336342344337e-17,2.7709440079951664,6.1596898802118,0.0,0.4803973228827227,1.2907860766750487,-6.938893903907228e-18,0.8372036676607476,2.4887261286026052,0.022495282818808044,3.8390653477221566,0.11539079391644347,3.976951424457408,4.2815879132828965,-0.11843750240231347,0.0,0.17064850730344305,0.05221100490112958,1.0,0.00025148508105111257,0.0,4.242640687119285,0.33291784983985834,0.055417147370997226
744,111.28942667038203,0.19634954084936207,-4.7704895589362195e-18,0.18668561775632098,0.7449225334565459,-1.0430024899310553e-16,0.12801495643224223,0.3907390134187262,6.591949208711867e-17,2.774745635598518,6.186719324673834,-1.0408340855860843e-17,0.478484559849748,1.2836988694102507,0.0,0.8382231767304855,2.4797365087572345,0.022431359048445218,3.849606671136512,0.11447373700730352,3.9865117671922605,4.290692389581763,-0.1185346181698036,0.0,0.17191660105330103,0.053381982883497436,1.0,0.00025148508105111257,0.0,4.242640687119285,0.33291784983985834,0.055417147370997226
746,111.68212575208076,0.19634954084936207,-5.204170427930421e-18,0.19000680452559077,0.7444467938560677,-1.0321604682062002e-16,0.12613432464729116,0.4055107771579783,7.45931094670027e-17,2.782114807023572,6.19618402814078,-2.0816681711721685e-17,0.4743867720314417,1.2575200023489561,1.3877787807814457e-17,0.8427467007401913,2.462961258012843,0.022677123978350106,3.8700813997299037,0.1125214047392055,4.005279928447459,4.309561273620953,-0.1182749813925592,0.0,0.17328597001675755,0.055010988624198356,1.0,0.00025148508105111257,0.0,4.242640687119285,0.33291784983985834,0.055417147370997226
747,111.87847529293013,0.19634954084936207,-5.421010862427522e-18,0.19134532110057426,0.7391378773368785,-1.0386656812411132e-16,0.12615873305664752,0.3951709305615858,3.122502256758253e-17,2.785627213115833,6.188184580077128,-3.469446951953614e-18,0.4728474176579681,1.24361351511488,-1.3877787807814457e-17,0.845179804424425,2.464803906134983,0.022859071732757127,3.8798594852257393,0.11179234019290446,4.014510897151401,4.319172040832171,-0.1177336759475226,0.0,0.1736030512927294,0.055869375345206806,1.0,0.00025148508105111257,0.0,4.242640687119285,0.33291784983985834,0.055417147370997226
748,112.0748248337795,0.19634954084936207,-2.8189256484623115e-18,0.19206553677505048,0.7303898217884965,-1.0408340855860843e-16,0.12626829003542986,0.3746122881021686,6.938893903907228e-18,2.7890695548218027,6.167337794414964,-6.938893903907228e-18,0.47185131166544764,1.2370706176514044,-4.85722573273506e-17,0.846895039202226,2.46893210775724,0.022988017116469667,3.889454490816945,0.11132183016020172,4.023764338093617,4.32873859425866,-0.11732646403247834,0.0,0.17295052174824432,0.05562405771576598,1.0,0.00025148508105111257,0.0,4.242640687119285,0.33291784983985834,0.055417147370997226
749,112.27117437462887,0.19634954084936207,-7.37257477290143e-18,0.19200828024856353,0.7179153008724017,-1.0234868508263162e-16,0.1265386230248131,0.3867092442978319,1.3877787807814457e-17,2.792531542142906,6.1344142750580755,0.0,0.47130674071922424,1.2474540685842619,-2.7755575615628914e-17,0.8473090645113288,2.472999678645854,0.02304807546907409,3.899116206931519,0.11106502192368903,4.033229304324282,4.338136141964798,-0.11698714310979391,0.0,0.17172887510500234,0.05474173199520843,1.0,0.00025148508105111257,0.0,4.242640687119285,0.33291784983985834,0.055417147370997226
751,112.66387345632761,0.19634954084936207,-6.288372600415926e-18,0.18991651614047783,0.6906802795816949,-1.0451708942760263e-16,0.1290766015854428,0.3906120463757794,1.734723475976807e-18,2.7999776697097856,6.1248934057952,3.469446951953614e-18,0.4707446006124388,1.2659747947284559,0.0,0.8430611242389401,2.4710958317837104,0.02307114646999595,3.91993747543672,0.11080023950288223,4.053808861409599,4.356512156897297,-0.11576603461919516,0.0,0.16934358108205844,0.05357754646286328,1.0,0.00024727772697939515,0.0,4.242640687119285,0.31772936678529773,0.05047597525889312
752,112.86022299717698,0.19634954084936207,-4.336808689942018e-18,0.18851005328582926,0.6763789951454975,-1.0321604682062002e-16,0.1313455841944678,0.42199853401341053,1.0408340855860843e-17,2.80400274717779,6.172420659037417,-3.469446951953614e-18,0.47038917496086724,1.266793350826266,-2.0816681711721685e-17,0.8386166927447026,2.4615335661322173,0.023099814522866254,3.9312157030902974,0.11063298796018267,4.064948505573346,4.365466542018046,-0.11488534952056506,0.0,0.16717218870043377,0.052286839179868705,1.0,0.00024727772697939515,0.0,4.242640687119285,0.31772936678529773,0.05047597525889312
753,113.05657253802634,0.19634954084936207,-5.421010862427522e-18,0.18741502400531468,0.6620859007298067,-1.0278236595162582e-16,0.13354885068169828,0.45220111412330094,3.642919299551295e-17,2.808104223922627,6.21239381347238,6.938893903907228e-18,0.46994994826707853,1.269465052749178,-1.3877787807814457e-17,0.8332750580641154,2.445890624614923,0.02316110654118297,3.942724666206048,0.11042647693811489,4.076312249685346,4.374212503669234,-0.1151177488459159,0.0,0.16630491708729095,0.05118716824137505,1.0,0.00024727772697939515,0.0,4.242640687119285,0.31772936678529773,0.05047597525889312
754,113.25292207887571,0.19634954084936207,-3.686287386450715e-18,0.1869687433961915,0.6489218839422513,-1.0278236595162582e-16,0.1349916857778981,0.47440083734175165,5.551115123125783e-17,2.812166884934484,6.242407845581014,-1.3877787807814457e-17,0.46953785114446484,1.2887663404892458,-3.469446951953614e-17,0.8277524587261362,2.4258310947412802,0.023246401171757518,3.9541412943610577,0.11023289682868079,4.087620592361496,4.382850505080511,-0.11543767520984739,0.0,0.16603039021916824,0.050592715009320846,1.0,0.00024727772697939515,0.0,4.242640687119285,0.31772936678529773,0.05047597525889312
756,113.64562116057445,0.19634954084936207,-5.421010862427522e-18,0.1884224515854002,0.6288531336147313,-1.0408340855860843e-16,0.13424343608109734,0.4628408143274888,5.898059818321144e-17,2.819805210463563,6.276418578577371,-1.3877787807814457e-17,0.46920909195115246,1.3419687219164014,0.0,0.8186966310690599,2.3839513723031605,0.023388176337541148,3.97565071247873,0.11007858598481249,4.109117474801084,4.40016738769133,-0.11597071954638902,0.0,0.16659774985323464,0.05062703030684562,1.0,0.00024727772697939515,0.0,4.242640687119285,0.31772936678529773,0.05047597525889312
757,113.84197070142382,0.19634954084936207,-4.9873299934333204e-18,0.18999554724702614,0.621865160235405,-1.0364972768961422e-16,0.13246190653016857,0.43175207216033995,5.898059818321144e-17,2.823339689369409,6.269496851060771,6.938893903907228e-18,0.46927111458856025,1.3702716474006795,0.0,0.8158433974087578,2.3682312745539615,0.023410299629447094,3.985623500784275,0.11010768949359478,4.119141489907316,4.408961300656687,-0.11639645762316964,0.0,0.16765131364323055,0.05125485602006091,1.0,0.00024727772697939515,0.0,4.242640687119285,0.31772936678529773,0.05047597525889312
758,114.03832024227319,0.19634954084936207,-7.15573433840433e-18,0.19167476012553233,0.6159055999326248,-1.0234868508263162e-16,0.13051922537576072,0.4028121670329182,1.5612511283791264e-17,2.8267609420210205,6.266566566672691,-6.938893903907228e-18,0.46928754521622346,1.3878855245922588,-6.938893903907228e-18,0.8141109269837992,2.359003222033753,0.023403244283909927,3.9952887116677838,0.11011540004753448,4.1288073559992275,4.417872438434055,-0.11651146294032098,0.0,0.16832961714977673,0.05181815420945575,1.0,0.00024727772697939515,0.0,4.242640687119285,0.31772936678529773,0.05047597525889312
760,114.43101932397192,0.19634954084936207,-4.119968255444917e-18,0.19398697622347305,0.6032818394541932,-1.0234868508263162e-16,0.12764712196395742,0.41545667982619827,4.683753385137379e-17,2.833656217324046,6.268051948664085,3.469446951953614e-18,0.46835636535802927,1.3883584448962225,-3.469446951953614e-17,0.8132456317310015,2.3619647235944563,0.023286336322701995,4.01480377898961,0.10967884248569189,4.147768957798004,4.436017283816676,-0.11636374984619209,0.0,0.16895761619425187,0.05259386634805978,1.0,0.00024515737889677504,0.0,4.242640687119285,0.32558629079740226,0.0530032163776053
761,114.62736886482129,0.19634954084936207,-6.7220534694101275e-18,0.19425373873618165,0.5956434135212063,-1.0234868508263162e-16,0.12656038349966614,0.41415328516286665,4.163336342344337e-17,2.837344226184473,6.244629856563296,0.0,0.4671425492845103,1.3731260179713143,1.3877787807814457e-17,0.8138096262899245,2.3719817308545053,0.02313344539981883,4.0252611289311835,0.10911108067601558,4.157505655007018,4.445433984800413,-0.11497201188935513,0.0,0.16921512004768333,0.054243108158328196,1.0,0.00024515737889677504,0.0,4.242640687119285,0.32558629079740226,0.0530032163776053
762,114.82371840567066,0.19634954084936207,-5.204170427930421e-18,0.19393434931766707,0.5883448313482682,-1.0364972768961422e-16,0.1254207072402576,0.4041087831298287,1.1275702593849246e-16,2.8411864623907532,6.206609615604772,-1.0408340855860843e-17,0.46538832190342816,1.3502040552018584,0.0,0.8148408247999596,2.384348251205103,0.022908941042072355,4.036170257036242,0.1082931450820444,4.167372343160359,4.454936192077787,-0.11462335463617365,0.0,0.16925915712160994,0.054635802485436286,1.0,0.00024515737889677504,0.0,4.242640687119285,0.32558629079740226,0.0530032163776053
763,115.02006794652003,0.19634954084936207,-3.469446951953614e-18,0.19316366214173883,0.5822697091674961,-1.0191500421363742e-16,0.12445413688769054,0.38393031784231496,3.8163916471489756e-17,2.8451622868940243,6.199556278463204,6.938893903907228e-18,0.46320121285045707,1.3392748702763648,0.0,0.8161289318734517,2.3960120732423165,0.02265707475456275,4.047474219382014,0.10727768179306721,4.177408975929644,4.464524594751756,-0.11424545816586003,0.0,0.1692689144574778,0.05502345629161777,1.0,0.00024515737889677504,0.0,4.242640687119285,0.32558629079740226,0.0530032163776053
765,115.41276702821877,0.19634954084936207,-7.589415207398531e-18,0.1908693550343262,0.5744460579264722,-1.0234868508263162e-16,0.12499065081076706,0.35561704527364657,1.214306433183765e-17,2.8533080818338377,6.247906531308243,-3.469446951953614e-18,0.4584120793211903,1.2818252229440896,-1.3877787807814457e-17,0.8181271142475983,2.406697601851113,0.0223201620788383,4.070683504929147,0.10507081723378865,4.198074484241774,4.483864934743679,-0.11372300457627114,0.0,0.1690909420829144,0.05536793750664325,1.0,0.00024515737889677504,0.0,4.242640687119285,0.32558629079740226,0.0530032163776053
766,115.60911656906814,0.19634954084936207,-6.071532165918825e-18,0.18952947930543163,0.5733175605110581,-1.0256552551712872e-16,0.12675513494612994,0.36472452278961764,2.7755575615628914e-17,2.8573449498064774,6.273763498970322,3.469446951953614e-18,0.4564098895851211,1.2361676254059446,-2.7755575615628914e-17,0.8180603978939435,2.4026984170526786,0.022280861782494145,4.082210081092288,0.10415499365555117,4.208645936530334,4.493491090128533,-0.11334942684449306,0.0,0.16845371873216802,0.05510429188767496,1.0,0.00024515737889677504,0.0,4.242640687119285,0.32558629079740226,0.0530032163776053
767,115.8054661099175,0.19634954084936207,-5.854691731421724e-18,0.1880741934066068,0.5743034220583032,-1.0408340855860843e-16,0.12891276775111077,0.36521227290500047,3.122502256758253e-17,2.8612717447947924,6.293356461387786,-6.938893903907228e-18,0.4550663457580769,1.2392446964831247,-6.938893903907228e-18,0.816865745749863,2.3923483179239318,0.022282427400715118,4.093437998780518,0.1035426895208048,4.219263115702038,4.502968609799302,-0.11327030291116819,0.0,0.16762015481840797,0.05434985190723979,1.0,0.00024515737889677504,0.0,4.242640687119285,0.32558629079740226,0.0530032163776053
768,116.00181565076687,0.19634954084936207,-5.637851296924623e-18,0.1864685046296844,0.5776681828579758,-1.0256552551712872e-16,0.13082917748292242,0.3778255416230107,1.214306433183765e-17,2.865047282300602,6.321856265068531,3.469446951953614e-18,0.4545512301877411,1.260082298458359,-1.3877787807814457e-17,0.814430770102566,2.3768187669541194,0.022264854411303867,4.1042479649090335,0.1033084104325944,4.2298212297529325,4.512219959593788,-0.11335536337170517,0.0,0.1665691691678966,0.053213805796191435,1.0,0.00024515737889677504,0.0,4.242640687119285,0.32558629079740226,0.0530032163776053
770,116.39451473246561,0.19634954084936207,-4.9873299934333204e-18,0.18290294175914115,0.6051976057409713,-1.0299920638612292e-16,0.13275909125050028,0.3823401225190811,3.122502256758253e-17,2.8721658636500393,6.354594172358105,3.469446951953614e-18,0.4556873864186253,1.2813681214738546,-6.938893903907228e-18,0.8065540863820228,2.3377183643881922,0.022007335527000373,4.124668374158288,0.10382549707051875,4.250501206755807,4.529969667276402,-0.11378934448980568,0.0,0.1651029596856847,0.051313615195879014,1.0,0.00024238025457227203,0.0,4.242640687119285,0.31833733146851767,0.05066932830324845
771,116.59086427331498,0.19634954084936207,-3.469446951953614e-18,0.18125920824427127,0.6253401310044604,-1.0278236595162582e-16,0.13289477609991454,0.38742100524327244,1.214306433183765e-17,2.8756968559436893,6.3399291412236805,-1.734723475976807e-17,0.4567116650227912,1.2796093006237126,-1.3877787807814457e-17,0.8020245048661199,2.318367141566466,0.021760714969731584,4.1348162036422105,0.10429277248394508,4.260869691095888,4.5388381563093825,-0.11314606626857118,0.0,0.16435071586839123,0.051204649599820046,1.0,0.00024238025457227203,0.0,4.242640687119285,0.31833733146851767,0.05066932830324845
772,116.78721381416435,0.19634954084936207,-4.119968255444917e-18,0.18007583746890896,0.6482633325166314,-1.0408340855860843e-16,0.1325697210131407,0.3921267592550641,6.071532165918825e-17,2.879261125538854,6.309351514545765,0.0,0.45743032045301435,1.2696266477904128,-2.7755575615628914e-17,0.7978362292674089,2.3014902320983577,0.021480697590217868,4.145072314519634,0.10462124903487371,4.271174261144726,4.547662025337143,-0.11363106551359206,0.0,0.16458331196832096,0.0509522464547289,1.0,0.00024238025457227203,0.0,4.242640687119285,0.31833733146851767,0.05066932830324845
774,117.17991289586308,0.19634954084936207,-4.9873299934333204e-18,0.18001318073489728,0.6951158960046513,-1.0364972768961422e-16,0.13028006500474215,0.43179876117718935,3.642919299551295e-17,2.886715229866843,6.29889782730125,0.0,0.4566381365023271,1.256810807130337,-2.0816681711721685e-17,0.7923678089733397,2.318192329128747,0.02103484715070257,4.166562409172589,0.10425919385415897,4.291856450177451,4.565634265099855,-0.11422884827367363,0.0,0.16594866891649657,0.05171982064282293,1.0,0.00024238025457227203,0.0,4.242640687119285,0.31833733146851767,0.05066932830324845
775,117.37626243671245,0.19634954084936207,-6.5052130349130266e-18,0.1811345097395882,0.7144760942719366,-1.0343288725511712e-16,0.12822504543970062,0.4396411273718992,2.7755575615628914e-17,2.8906064620819283,6.302501567897743,-6.938893903907228e-18,0.4549949238955384,1.248306287169514,-4.163336342344337e-17,0.7915781988282374,2.336939171236484,0.020931371899908166,4.177802859314901,0.10351019038535339,4.302244421600163,4.574935544097758,-0.11461361310677344,0.0,0.16787232036269056,0.05325870725591712,1.0,0.00024238025457227203,0.0,4.242640687119285,0.31833733146851767,0.05066932830324845
776,117.57261197756182,0.19634954084936207,-6.071532165918825e-18,0.18264730954900904,0.7282139853308441,-1.0364972768961422e-16,0.12590282378687098,0.4301747054742424,3.8163916471489756e-17,2.8945350935263803,6.3060882508209914,0.0,0.45280263173311214,1.23322360373919,6.938893903907228e-18,0.7920463150837063,2.3528725778679696,0.020898837168192318,4.189166703827884,0.10251511165221619,4.312580652648292,4.584476852914683,-0.11469359845750843,0.0,0.16913275626322982,0.054439157805721394,1.0,0.00024238025457227203,0.0,4.242640687119285,0.31833733146851767,0.05066932830324845
777,117.76896151841119,0.19634954084936207,-6.938893903907228e-18,0.1840941682035748,0.7348412090799273,-1.0343288725511712e-16,0.12390842195036827,0.40376885129860784,5.898059818321144e-17,2.8984236085425916,6.310824501612482,3.469446951953614e-18,0.4504448458533188,1.2122097664432683,-2.0816681711721685e-17,0.7934831664807432,2.3634283131864606,0.020904597720161698,4.200429707278529,0.10145027957791006,4.322784584576601,4.594231058736354,-0.1146308665455741,0.0,0.17011790659242593,0.05548704004685183,1.0,0.00024238025457227203,0.0,4.242640687119285,0.31833733146851767,0.05066932830324845
779,118.16166060010993,0.19634954084936207,-6.288372600415926e-18,0.18525340822233474,0.7253643106891088,-1.0299920638612292e-16,0.12279291018430026,0.32628325036977385,-3.469446951953614e-18,2.905874378456765,6.324441018891661,-6.938893903907228e-18,0.44664939768112905,1.1597922417252162,-1.3877787807814457e-17,0.7974599879856864,2.3635795156202106,0.02089321386301509,4.222052951685745,0.09974784222445768,4.342694007773218,4.614146306755971,-0.11429025918460764,0.0,0.17077766379486906,0.056487404610261416,1.0,0.00024238025457227203,0.0,4.242640687119285,0.31833733146851767,0.05066932830324845
780,118.3580101409593,0.19634954084936207,-4.553649124439119e-18,0.18469245788644903,0.7109159341340799,-1.0495077029659683e-16,0.12365987564144891,0.34228526069475873,5.204170427930421e-17,2.9094319569914893,6.334522461516843,-6.938893903907228e-18,0.4455991777850694,1.145874415956418,-2.7755575615628914e-17,0.7990083739101248,2.3540804170781104,0.02083885941097832,4.232397156181665,0.09927931362136491,4.3525153292140075,4.624166525861568,-0.11380159049376846,0.0,0.17059606634841742,0.05679447585464896,1.0,0.00023852322914959717,0.0,4.242640687119285,0.30750042107226866,0.04727825447981126
781,118.55435968180866,0.19634954084936207,-5.204170427930421e-18,0.18358767108258647,0.6923133350793635,-1.0408340855860843e-16,0.1250871302263772,0.349149820999491,5.551115123125783e-17,2.91304202976807,6.336118487550473,-6.938893903907228e-18,0.4451437053020533,1.1523099242355817,-3.469446951953614e-17,0.7997130824652946,2.3407114622308374,0.020771885372511272,4.242906933597639,0.09907645918502064,4.362755278155171,4.63450781119205,-0.11168884114798483,0.0,0.17003777954135746,0.05834893839337263,1.0,0.00023852322914959717,0.0,4.242640687119285,0.30750042107226866,0.04727825447981126
782,118.75070922265803,0.19634954084936207,-6.7220534694101275e-18,0.18230830978059118,0.671651811809292,-1.0451708942760263e-16,0.12667976905531472,0.36131511924437865,1.3877787807814457e-17,2.9166488802599293,6.331125384631694,0.0,0.4451146969392225,1.1559899927850479,-1.3877787807814457e-17,0.7992156436917808,2.3358112069883092,0.020735450229672006,4.253420345360749,0.09906354671564793,4.3732193423060695,4.644744213204567,-0.11146199366469778,0.0,0.16929574219927868,0.0578337485345809,1.0,0.00023852322914959717,0.0,4.242640687119285,0.30750042107226866,0.04727825447981126
784,119.14340830435677,0.19634954084936207,-3.686287386450715e-18,0.1806613554311537,0.6312383599092617,-1.0538445116559103e-16,0.12969487908910923,0.39665458334726755,3.469446951953614e-17,2.9240374485863967,6.3305114855755305,0.0,0.4456375761567188,1.1880321657396806,0.0,0.794218383954139,2.3365288801343502,0.02090387064478346,4.274997500367821,0.09929642464141766,4.395197795654022,4.664805587476335,-0.11127188550862609,0.0,0.1680813630645925,0.05680947755596642,1.0,0.00023852322914959717,0.0,4.242640687119285,0.30750042107226866,0.04727825447981126
785,119.33975784520614,0.19634954084936207,-5.421010862427522e-18,0.1806318215622419,0.6136195114010372,-1.0408340855860843e-16,0.13078493107766043,0.3986831567560245,1.5612511283791264e-17,2.927874623668307,6.344345518151884,6.938893903907228e-18,0.4458472493030785,1.1946653280045543,-2.7755575615628914e-17,0.7900559212158393,2.3331320126100685,0.02108840748901242,4.286224905960416,0.09938988485556069,4.406703198304989,4.6746239399955645,-0.11125722222997052,0.0,0.16698952470242917,0.05573230247245865,1.0,0.00023852322914959717,0.0,4.242640687119285,0.30750042107226866,0.04727825447981126
786,119.5361073860555,0.19634954084936207,-4.9873299934333204e-18,0.1810296516895777,0.5982367949326389,-1.0364972768961422e-16,0.13138206140031838,0.39412080891839657,3.122502256758253e-17,2.9318203425436904,6.370022895087616,0.0,0.4458222497298805,1.1938590831992981,-2.0816681711721685e-17,0.7853222208120827,2.328920698908973,0.02126530198569939,4.297785260476501,0.09937873917710596,4.418429301639306,4.68432540825174,-0.11135533961387659,0.0,0.16647589651399214,0.05512055690011555,1.0,0.00023852322914959717,0.0,4.242640687119285,0.30750042107226866,0.04727825447981126
788,119.92880646775424,0.19634954084936207,-5.421010862427522e-18,0.18225321712514111,0.5750816350465718,-1.0451708942760263e-16,0.13102226769182623,0.3918230499226152,2.7755575615628914e-17,2.9399658146796193,6.399312767355379,-1.3877787807814457e-17,0.4447426698866856,1.1716601158628495,-4.163336342344337e-17,0.7762330205341834,2.3219443395329997,0.02138733479251351,4.321699495742398,0.0988980212089687,4.4419848517438805,4.703568052538106,-0.11160873384913521,0.0,0.16626546670790862,0.05465673285877341,1.0,0.00023852322914959717,0.0,4.242640687119285,0.30750042107226866,0.04727825447981126
789,120.12515600860361,0.19634954084936207,-8.456776945386935e-18,0.1828035948613076,0.5706842696347285,-1.0408340855860843e-16,0.1301392127039427,0.4111640320997657,-6.938893903907228e-18,2.944065477412496,6.407154441281078,0.0,0.4437487604829488,1.1713412743993468,-2.7755575615628914e-17,0.7728353638863538,2.3198531246360186,0.021305743683649885,4.333760767646031,0.09845648121507672,4.453522992544757,4.7132435886716415,-0.11190027408897354,0.0,0.1667519099707397,0.05485163588176614,1.0,0.00023852322914959717,0.0,4.242640687119285,0.30750042107226866,0.04727825447981126
790,120.32150554945298,0.19634954084936207,-5.204170427930421e-18,0.18330882887776231,0.567547388128181,-1.0364972768961422e-16,0.1287973554287009,0.42748888123197293,7.28583859910259e-17,2.948084320164652,6.428287206734192,-6.938893903907228e-18,0.4426446714182871,1.1659742343615758,1.3877787807814457e-17,0.7706635906330436,2.3183355648496335,0.021158375011612232,4.345600579400337,0.09796715256750166,4.464726106979451,4.723052299427354,-0.11206927316251031,0.0,0.16753279260487194,0.055463519442361636,1.0,0.00023559122883915086,0.0,4.242640687119285,0.30821525423038554,0.047498321470150595
791,120.51785509030235,0.19634954084936207,-6.7220534694101275e-18,0.18383474494821864,0.5662116531559479,-1.0408340855860843e-16,0.12711657574333576,0.4384794789607256,8.673617379884035e-18,2.952040624784905,6.444115561198261,6.938893903907228e-18,0.44162754764968337,1.1565515930632908,-2.0816681711721685e-17,0.7698922983068399,2.316904554002107,0.020987350844430923,4.357271925190226,0.09751744542153667,4.475776721456193,4.733332387645622,-0.11082594121738885,0.0,0.16855582249815532,0.05772988128076646,1.0,0.00023559122883915086,0.0,4.242640687119285,0.30821525423038554,0.047498321470150595
793,120.91055417200108,0.19634954084936207,-3.686287386450715e-18,0.18497322410587907,0.5697192666216768,-1.0451708942760263e-16,0.12363474526890238,0.4338454640654093,6.418476861114186e-17,2.9594782032555735,6.459095219976289,0.0,0.4400349821317337,1.145830271475553,-1.3877787807814457e-17,0.7720345584893025,2.3115513755965984,0.02071821178735261,4.379255617772419,0.0968153927498376,4.496789222309609,4.754534702124925,-0.11089251932543998,0.0,0.17016142563524492,0.05926890630980494,1.0,0.00023559122883915086,0.0,4.242640687119285,0.30821525423038554,0.047498321470150595
794,121.10690371285045,0.19634954084936207,-6.5052130349130266e-18,0.18539980534160314,0.573789381829837,-1.0495077029659683e-16,0.12255013854838352,0.4160410757008551,4.5102810375396984e-17,2.963083482244081,6.468960416996448,0.0,0.4392706097802985,1.1703776986140826,-1.3877787807814457e-17,0.7742716019900806,2.3069032674405316,0.02065270664126673,4.389931861373854,0.09647933430837763,4.507063902323498,4.765407295316914,-0.11078050890202273,0.0,0.17135569170470621,0.06057518280268348,1.0,0.00023559122883915086,0.0,4.242640687119285,0.30821525423038554,0.047498321470150595
795,121.30325325369982,0.19634954084936207,-5.204170427930421e-18,0.18552193134267833,0.5782228864926942,-1.0364972768961422e-16,0.12221797487541121,0.3922508506346013,0.0,2.9667476533324653,6.475695405349413,-6.938893903907228e-18,0.4383007923255518,1.1880091267284383,-6.938893903907228e-18,0.7766117496640053,2.30082533132891,0.020621510439186634,4.400795819276843,0.09605379227660323,4.5174711219926325,4.776368882892607,-0.11061919951389962,0.0,0.17161856002080572,0.0609993605069061,1.0,0.00023559122883915086,0.0,4.242640687119285,0.30821525423038554,0.047498321470150595
797,121.69595233539856,0.19634954084936207,-3.903127820947816e-18,0.18438029727098074,0.5844676126620839,-1.0451708942760263e-16,0.12381306398993175,0.3744635390427694,6.591949208711867e-17,2.9745100090470085,6.502735566821038,-1.3877787807814457e-17,0.4355886866682627,1.1876643082181755,0.0,0.779363237323133,2.2848988479568,0.02059634076976754,4.423854896960418,0.09486875197669095,4.539319989706876,4.7981886467200825,-0.11036336086080607,0.0,0.17108411477527516,0.060720753914469086,1.0,0.00023559122883915086,0.0,4.242640687119285,0.30821525423038554,0.047498321470150595
798,121.89230187624793,0.19634954084936207,-7.37257477290143e-18,0.18312769053998978,0.5854449580006013,-1.0430024899310553e-16,0.12539494340460003,0.40399482876230275,2.0816681711721685e-17,2.978577985443269,6.547088279822818,0.0,0.43420545075121864,1.1692355008256299,-4.85722573273506e-17,0.7788942872046264,2.2754402832426845,0.020586628789233948,4.435963407683641,0.09426718673103447,4.550817223203909,4.808887013807745,-0.11020197532611262,0.0,0.16984399721034135,0.059642021884228735,1.0,0.00023559122883915086,0.0,4.242640687119285,0.30821525423038554,0.047498321470150595
799,122.0886514170973,0.19634954084936207,-4.336808689942018e-18,0.18163172952716072,0.5854837193375781,-1.0495077029659683e-16,0.12704329903787873,0.4222845649314374,1.0408340855860843e-17,2.982657365475113,6.596786377450864,-1.3877787807814457e-17,0.43324445974157644,1.154822975445722,-3.469446951953614e-17,0.7769579221986735,2.2653254562297813,0.020572794188422325,4.448122479911469,0.09385038094838519,4.562545655048277,4.819385211470829,-0.11021040997248732,0.0,0.16883121923782876,0.05862080926534144,1.0,0.00023559122883915086,0.0,4.242640687119285,0.30821525423038554,0.047498321470150595
800,122.28500095794666,0.19634954084936207,-5.421010862427522e-18,0.18016497746635143,0.585670488321671,-1.0538445116559103e-16,0.12837825359509433,0.4273949825652017,5.204170427930421e-17,2.9866444959697716,6.636082632071106,-1.3877787807814457e-17,0.4329949799826669,1.1699582392795769,-2.0816681711721685e-17,0.7737115948585951,2.2549522330232565,0.020550489491918685,4.460022672653266,0.09374232634509505,4.57431548849028,4.829687815480405,-0.11031843494454746,0.0,0.16793475307840064,0.05761631813385318,1.0,0.00023191886179657706,0.0,4.242640687119285,0.2993816293429475,0.044814679994018995
802,122.6777000396454,0.19634954084936207,-6.5052130349130266e-18,0.17842696253810322,0.6007229494638778,-1.0560129160008813e-16,0.12964847225108445,0.40433215048923044,6.938893903907228e-17,2.994324647732161,6.656586406682099,-1.3877787807814457e-17,0.4347878647555774,1.1922865326824459,-6.938893903907228e-18,0.7651166515512147,2.236035120338255,0.020515596079216925,4.482990048008165,0.09452024366935713,4.598025887756738,4.8506050738559505,-0.10896418936332182,0.0,0.16727428283866974,0.05831009347534792,1.0,0.00023191886179657706,0.0,4.242640687119285,0.2993816293429475,0.044814679994018995
803,122.87404958049477,0.19634954084936207,-3.903127820947816e-18,0.17853159570944985,0.6136399860200992,-1.0408340855860843e-16,0.12967938499115858,0.388934057694751,1.3877787807814457e-17,2.997942571228217,6.635403218815503,-6.938893903907228e-18,0.43627198627686226,1.1979482719404557,-6.938893903907228e-18,0.7609189529170556,2.2286028058891425,0.02053831868456133,4.493829830191225,0.09516662300497933,4.6095347718807655,4.861030761171009,-0.10941626128397977,0.0,0.1675276012104829,0.058111339926503136,1.0,0.00023191886179657706,0.0,4.242640687119285,0.2993816293429475,0.044814679994018995
804,123.07039912134414,0.19634954084936207,-5.421010862427522e-18,0.17935031783679461,0.6294540223718535,-1.0386656812411132e-16,0.12936816927160874,0.4024638106705095,1.0408340855860843e-17,3.001502958989592,6.597427245514553,-6.938893903907228e-18,0.43758115058307084,1.210502532803089,1.3877787807814457e-17,0.7575911492300017,2.2229468033228983,0.020598791157158333,4.504510006411637,0.09573863167280203,4.620847429241597,4.871551035250141,-0.1096988107764083,0.0,0.1682727492920298,0.05857393851562148,1.0,0.00023191886179657706,0.0,4.242640687119285,0.2993816293429475,0.044814679994018995
805,123.2667486621935,0.19634954084936207,-4.553649124439119e-18,0.18077485766571544,0.6467402154881676,-1.0451708942760263e-16,0.128563962689023,0.39441651977658,4.85722573273506e-17,3.0050858487412455,6.548893716801279,-6.938893903907228e-18,0.43833067078057386,1.2363800575932211,0.0,0.755584776472155,2.218811976397282,0.020680553400531276,4.515270479152448,0.09606688847347389,4.632017921026453,4.882230065197774,-0.10993425748436056,0.0,0.16930312946268222,0.05936887197832166,1.0,0.00023191886179657706,0.0,4.242640687119285,0.2993816293429475,0.044814679994018995
807,123.65944774389224,0.19634954084936207,-5.421010862427522e-18,0.18448746157360496,0.678475941134419,-1.0419182877585698e-16,0.12529104617870102,0.3550824522369368,2.7755575615628914e-17,3.01252603547406,6.545666681267962,0.0,0.4374290172611762,1.2692866218477112,-2.7755575615628914e-17,0.7560801993979414,2.2119219135473247,0.020822546849993483,4.537656557204528,0.09567207257103919,4.654151176625561,4.904170711535439,-0.11014831100594619,0.0,0.17098717466164517,0.06083886365569899,1.0,0.00023191886179657706,0.0,4.242640687119285,0.2993816293429475,0.044814679994018995
808,123.85579728474161,0.19634954084936207,-5.421010862427522e-18,0.18619757147147256,0.6898557273445252,-1.0397498834135988e-16,0.12340259542874675,0.3686953460113773,3.469446951953614e-18,3.0164078092061692,6.573852765695603,0.0,0.435875500865468,1.2738740352136781,-2.0816681711721685e-17,0.7581560590061461,2.207285447873174,0.020867509319536452,4.54935803571998,0.09499372612736127,4.665219271166878,4.915409161942326,-0.11019159567071793,0.0,0.17238370439333603,0.0621921087226181,1.0,0.00023191886179657706,0.0,4.242640687119285,0.2993816293429475,0.044814679994018995
809,124.05214682559098,0.19634954084936207,-4.7704895589362195e-18,0.1875013123857415,0.6972581905592012,-1.0389367317842346e-16,0.12192132771956582,0.3735186982138489,3.469446951953614e-17,3.02036865513998,6.611306733682551,0.0,0.43389432844122655,1.2684675772080893,-1.3877787807814457e-17,0.7608256952122971,2.201106325877942,0.020896236483013107,4.561313406476043,0.0941321441267315,4.6763417870857875,4.926764980606245,-0.11010029958050518,0.0,0.1728842565192088,0.06278395693870362,1.0,0.00023191886179657706,0.0,4.242640687119285,0.2993816293429475,0.044814679994018995
811,124.44484590728972,0.19634954084936207,-6.071532165918825e-18,0.18860942305581407,0.7016494492536801,-1.043544591017298e-16,0.12080680181449867,0.34341561097202616,8.673617379884035e-17,3.0284505820060685,6.66897423580407,6.938893903907228e-18,0.4300003187019153,1.2416946222125065,-2.0816681711721685e-17,0.7657006895903283,2.185622660366722,0.020912386351584843,4.585756463826448,0.09245013704187433,4.699118987219907,4.94986946169234,-0.10900082254498661,0.0,0.17274979046705194,0.06374896792206533,1.0,0.00022837367003933522,0.0,4.242640687119285,0.29516654720023516,0.04356164529305432
812,124.64119544813909,0.19634954084936207,-4.336808689942018e-18,0.1885195292493159,0.700400685263727,-1.0397498834135988e-16,0.12108289774234365,0.32996563754913283,5.551115123125783e-17,3.03247766414618,6.680689336217818,-6.938893903907228e-18,0.4286915335490165,1.2250445616163286,-1.3877787807814457e-17,0.7668710290010116,2.1782588636762634,0.020929692384015923,4.597960391772735,0.09188821546830375,4.710778299625054,4.961451132376047,-0.10789208719376245,0.0,0.17176766216993986,0.06387557497617741,1.0,0.00022837367003933522,0.0,4.242640687119285,0.29516654720023516,0.04356164529305432
813,124.83754498898845,0.19634954084936207,-4.9873299934333204e-18,0.18816376269187093,0.6977681929187013,-1.0598076236045806e-16,0.1219293442868312,0.3290807892030747,-2.0816681711721685e-17,3.0364194297204135,6.677951734008628,1.3877787807814457e-17,0.42804935037517866,1.2186500764824513,-2.7755575615628914e-17,0.7666956321625882,2.1725470089310934,0.020992487707547403,4.609921476591819,0.09161312317830624,4.7225270874776735,4.97285220259782,-0.10772879478341196,0.0,0.17069331952486366,0.0629645247414517,1.0,0.00022837367003933522,0.0,4.242640687119285,0.29516654720023516,0.04356164529305432
814,125.03389452983782,0.19634954084936207,-5.637851296924623e-18,0.18767962290198917,0.6936408847471432,-1.0440866921035408e-16,0.12339593226123516,0.35679048767571336,1.5612511283791264e-17,3.04027366288794,6.661962947286141,-6.938893903907228e-18,0.42808374754221656,1.2254752747932212,-1.3877787807814457e-17,0.7650516465397733,2.169047653661122,0.021117948570766043,4.621631972625026,0.0916278474548941,4.734377768650686,4.98403770201135,-0.10760519602526604,0.0,0.16947619524316013,0.06187099921789409,1.0,0.00022837367003933522,0.0,4.242640687119285,0.29516654720023516,0.04356164529305432
816,125.42659361153656,0.19634954084936207,-5.204170427930421e-18,0.1867181514265424,0.6774043543011595,-1.0495077029659683e-16,0.12734529792889307,0.39758627112046757,6.938893903907228e-18,3.047851804850342,6.629392595151731,0.0,0.4294939327430339,1.2294329867502092,-1.3877787807814457e-17,0.7579885765523421,2.1671381943031336,0.02145878990354602,4.644700312164742,0.09223251913153885,4.758391621199827,5.005751744521004,-0.10754208067263069,0.0,0.1677343528761746,0.06019227220354392,1.0,0.00022837367003933522,0.0,4.242640687119285,0.29516654720023516,0.04356164529305432
817,125.62294315238593,0.19634954084936207,-6.7220534694101275e-18,0.18631670807870604,0.6635339281267824,-1.0451708942760263e-16,0.12898517908544208,0.420657421678255,2.0816681711721685e-17,3.051685921274909,6.62469046385496,-6.938893903907228e-18,0.4302896216124459,1.2235764985587645,-2.0816681711721685e-17,0.7533141879783745,2.166352882903809,0.021572359878298843,4.656393481053743,0.09257457923369089,4.770540420165733,5.016335211167993,-0.1076250498276792,0.0,0.16639954740768792,0.05877449758000872,1.0,0.00022837367003933522,0.0,4.242640687119285,0.29516654720023516,0.04356164529305432
818,125.8192926932353,0.19634954084936207,-4.7704895589362195e-18,0.1859725501083618,0.6458653911116936,-1.0495077029659683e-16,0.12990839348819372,0.43920635865871976,2.949029909160572e-17,3.055616133156234,6.614901953956475,0.0,0.43074610731154767,1.2113920353059537,0.0,0.7485164273758685,2.1637447679212345,0.02159283299585599,4.668394976602328,0.09277110448202563,4.78275891408021,5.026804765916149,-0.1077780786628397,0.0,0.16594007605975533,0.05816199739691563,1.0,0.00022837367003933522,0.0,4.242640687119285,0.29516654720023516,0.04356164529305432
819,126.01564223408467,0.19634954084936207,-5.421010862427522e-18,0.18571338670208024,0.6257803615422504,-1.0430024899310553e-16,0.12997957041226685,0.45228368062990654,1.1449174941446927e-16,3.059656520975929,6.603961133603707,0.0,0.43066893148423746,1.1930689543237494,-6.938893903907228e-18,0.7440825092056891,2.158278258149742,0.0215139164850179,4.680749013175263,0.09273786427288738,4.795000793933169,5.037226528942631,-0.1079874401791212,0.0,0.16586330909278055,0.057875868913659353,1.0,0.00022837367003933522,0.0,4.242640687119285,0.29516654720023516,0.04356164529305432
821,126.4083413157834,0.19634954084936207,-5.421010862427522e-18,0.18577954947264486,0.5873195393786186,-1.0581813203458523e-16,0.1280078597052914,0.45949277970639935,4.85722573273506e-17,3.0679893277790953,6.584012106965595,1.3877787807814457e-17,0.42886377349883475,1.152344890643892,-6.938893903907228e-18,0.737936699398495,2.138665230634435,0.021179293413719817,4.706279257683211,0.0919620681098299,4.8194206192067615,5.058411341842761,-0.10781387766325153,0.0,0.1664637579357161,0.05864988027246458,1.0,0.00022612787185022644,0.0,4.242640687119285,0.29879107129200655,0.044638052141912465
822,126.60469085663277,0.19634954084936207,-4.119968255444917e-18,0.1862622982558008,0.5742899493239337,-1.0538445116559103e-16,0.1264405947746965,0.45346096276812187,2.42861286636753e-17,3.0721453421545837,6.5634036724102724,-6.938893903907228e-18,0.4274133809273689,1.1353077425374978,-2.0816681711721685e-17,0.7367093312959629,2.1265405578557126,0.021017077787220593,4.7190385016610525,0.09134109909788207,4.831396678546155,5.069277750125045,-0.10761706484945197,0.0,0.16757191316837255,0.05995484831892059,1.0,0.00022612787185022644,0.0,4.242640687119285,0.29879107129200655,0.044638052141912465
823,126.80104039748214,0.19634954084936207,-5.421010862427522e-18,0.1870153994696797,0.5657310859346087,-1.0495077029659683e-16,0.1247827689446466,0.44208330706457455,4.163336342344337e-17,3.0761858561723265,6.572354540657384,0.0,0.4258815865112538,1.120166539975823,-6.938893903907228e-18,0.7367445245259979,2.1151197417809438,0.020899580927208755,4.731459710857334,0.09068756286467128,4.843046854649214,5.080288391007026,-0.1077574845714118,0.0,0.16840619051476816,0.06064870594335636,1.0,0.00022612787185022644,0.0,4.242640687119285,0.29879107129200655,0.044638052141912465
825,127.19373947918088,0.19634954084936207,-6.7220534694101275e-18,0.18850717151481494,0.5623135046844171,-1.0495077029659683e-16,0.12154556503857643,0.410377186150494,1.734723475976807e-17,3.083840686334093,6.5691583891187015,0.0,0.42329952475301835,1.1056052337850573,-4.163336342344337e-17,0.7396517120459396,2.10078700127065,0.020731708015969207,4.755036689344765,0.08959124382806558,4.8653596411888,5.102663741902637,-0.10779698616193473,0.0,0.16929492530577522,0.0614979391438405,1.0,0.00022612787185022644,0.0,4.242640687119285,0.29879107129200655,0.044638052141912465
826,127.39008902003025,0.19634954084936207,-6.071532165918825e-18,0.18865779069308547,0.5653202711439484,-1.0538445116559103e-16,0.12017727804280409,0.39347408302600817,-2.0816681711721685e-17,3.087507889741188,6.55988023631606,1.3877787807814457e-17,0.42242895078333703,1.0952898263864927,-2.0816681711721685e-17,0.7416790831364486,2.0992982327307055,0.020607443791568758,4.766352484607042,0.0892231092299555,4.876183037628566,5.113929869696294,-0.10767245035999237,0.0,0.16952679188338166,0.061854341523389283,1.0,0.00022612787185022644,0.0,4.242640687119285,0.29879107129200655,0.044638052141912465
827,127.58643856087961,0.19634954084936207,-4.9873299934333204e-18,0.18807586564425088,0.5692585995865688,-1.0581813203458523e-16,0.11941645023824453,0.3771627035951262,6.938893903907228e-18,3.091142348070379,6.5676191586637245,0.0,0.42183618657235067,1.0831078438531239,-6.938893903907228e-18,0.7433979291151054,2.1008797066821865,0.02043198457089641,4.777580508017027,0.08897288415095152,4.886985376738875,5.1251711907632345,-0.10749837430848116,0.0,0.16920323135739906,0.0617048570489179,1.0,0.00022612787185022644,0.0,4.242640687119285,0.29879107129200655,0.044638052141912465
828,127.78278810172898,0.19634954084936207,-5.854691731421724e-18,0.18668038159140876,0.5726742738339277,-1.0538445116559103e-16,0.11969847368425335,0.3612806923158093,-6.938893903907228e-18,3.0948041534363084,6.580983858191282,-6.938893903907228e-18,0.42145382486303007,1.0707059868869075,-1.3877787807814457e-17,0.744342555007717,2.1038705073558774,0.020220042533455274,4.788906374063312,0.08881166324583883,4.897938079842605,5.136342119671208,-0.10727769170231485,0.0,0.16860515954850636,0.0613274678461915,1.0,0.00022612787185022644,0.0,4.242640687119285,0.29879107129200655,0.044638052141912465
830,128.17548718342772,0.19634954084936207,-6.071532165918825e-18,0.18205378578008463,0.5758739461118163,-1.0538445116559103e-16,0.12337997702290422,0.3468085024410882,3.8163916471489756e-17,3.102388576938088,6.591956655731849,-6.938893903907228e-18,0.4209159914688797,1.0456547813519452,-2.7755575615628914e-17,0.742944587837348,2.1058921720401425,0.019773810085465,4.812407441157964,0.08858513593711499,4.920766387180544,5.1583825214787975,-0.1069226453252868,0.0,0.16746533099882466,0.06054268567353786,1.0,0.00022304964080363483,0.0,4.242640687119285,0.2902501960556782,0.042122588155179816
831,128.37183672427707,0.19634954084936207,-5.854691731421724e-18,0.17947462257999475,0.576704551966676,-1.0538445116559103e-16,0.12571880284345227,0.34479512392679357,6.938893903907228e-18,3.106439332804615,6.591137959373655,-1.3877787807814457e-17,0.4205623410087836,1.038004252294729,-2.7755575615628914e-17,0.7406815119371019,2.101828057832902,0.019563888531352457,4.824982664197791,0.0884363413373942,4.932982894066538,5.169543692977799,-0.10520447206416411,0.0,0.16640401098748012,0.061199538923316005,1.0,0.00022304964080363483,0.0,4.242640687119285,0.2902501960556782,0.042122588155179816
832,128.56818626512643,0.19634954084936207,-4.553649124439119e-18,0.1772155475887561,0.5784922554986265,-1.0581813203458523e-16,0.12745501941637313,0.3503426714097613,6.938893903907228e-18,3.110595564018178,6.5997841431231095,0.0,0.4200335098243076,1.0384188697794927,-1.3877787807814457e-17,0.7376588695533026,2.0975513560409675,0.019372788494626293,4.837902381444782,0.08821407468766335,4.945489244627072,5.180621283429013,-0.10515823664287258,0.0,0.16593873814238505,0.060780501499512474,1.0,0.00022304964080363483,0.0,4.242640687119285,0.2902501960556782,0.042122588155179816
833,128.76453580597578,0.19634954084936207,-3.686287386450715e-18,0.1755712185896213,0.5844259517801391,-1.0451708942760263e-16,0.12832929733295956,0.35331098513827064,5.204170427930421e-17,3.1148165348904575,6.613725040238801,0.0,0.41934156300920633,1.0422725133244823,-1.3877787807814457e-17,0.7342055775680382,2.0981665623551313,0.01921797434770192,4.851041023013498,0.08792367323350207,4.958182670594702,5.19165195796385,-0.10521172917508986,0.0,0.16575922160176781,0.06054749242667795,1.0,0.00022304964080363483,0.0,4.242640687119285,0.2902501960556782,0.042122588155179816
835,129.1572348876745,0.19634954084936207,-5.854691731421724e-18,0.17469771729572633,0.6116537083485722,-1.0495077029659683e-16,0.12813029085902414,0.3688196546211513,4.5102810375396984e-17,3.1231732893356603,6.69236689025857,-6.938893903907228e-18,0.4179620406879294,1.0587682410878758,-2.0816681711721685e-17,0.7274396400781837,2.0972739441803974,0.019089793626452505,4.877105697609864,0.08734613372800917,4.983541624964326,5.213763234780748,-0.10548458023809433,0.0,0.16616094834729445,0.060676368109200116,1.0,0.00022304964080363483,0.0,4.242640687119285,0.2902501960556782,0.042122588155179816
836,129.35358442852385,0.19634954084936207,-6.071532165918825e-18,0.17545570786280176,0.626379286694605,-1.0495077029659683e-16,0.1274693918706658,0.37595752733822396,8.326672684688674e-17,3.127162665000096,6.714128598448447,0.0,0.417606161234801,1.0694937658544865,-1.3877787807814457e-17,0.7248331166488263,2.0983728770274683,0.019122602195394,4.889573166685251,0.08719745295063329,4.995893221831278,5.224944097469442,-0.10589135586886701,0.0,0.16719715410115996,0.06130579823229294,1.0,0.00022304964080363483,0.0,4.242640687119285,0.2902501960556782,0.042122588155179816
837,129.5499339693732,0.19634954084936207,-5.637851296924623e-18,0.17683634164300768,0.638764194477011,-1.0495077029659683e-16,0.12642857545739103,0.38737981875354544,5.898059818321144e-17,3.1309762299716635,6.718952861359046,6.938893903907228e-18,0.4175718031653156,1.0799802846958373,-1.3877787807814457e-17,0.7231423083200375,2.101454255288982,0.019198264110811693,4.901506076323785,0.08718310539936655,5.007887445833963,5.236262946715585,-0.10619486375930981,0.0,0.16818872352773467,0.061993859768424864,1.0,0.00022304964080363483,0.0,4.242640687119285,0.2902501960556782,0.042122588155179816
839,129.9426330510719,0.19634954084936207,-5.637851296924623e-18,0.18051192770006622,0.6497150791965947,-1.0538445116559103e-16,0.12288783775247616,0.3787094830364379,8.673617379884035e-17,3.1382440336166466,6.709980679043082,-6.938893903907228e-18,0.41780420641577115,1.1006327434813108,0.0,0.7230295757270162,2.1131450134007728,0.019371179644406468,4.924287807265241,0.08728017744935616,5.030939164359004,5.259367718999876,-0.10659081152975743,0.0,0.16973524499151046,0.06314443346175304,1.0,0.00022304964080363483,0.0,4.242640687119285,0.2902501960556782,0.042122588155179816
840,130.13898259192126,0.19634954084936207,-3.2526065174565133e-18,0.18224960111288452,0.6477244918816781,-1.0495077029659683e-16,0.12076463491990866,0.3600970639000223,1.734723475976807e-17,3.1418834277717913,6.729638299598448,-6.938893903907228e-18,0.4174651396065825,1.112935245083858,-2.0816681711721685e-17,0.7244343639296581,2.120325354034039,0.019428218070495645,4.935715736853508,0.08713857139337167,5.042282526317376,5.2711184875741335,-0.10684943343815252,0.0,0.17095433069227972,0.0641048972541272,1.0,0.00022103576207132498,0.0,4.242640687119285,0.2930136660606553,0.04292850424915262
841,130.33533213277062,0.19634954084936207,-5.854691731421724e-18,0.1835811122692202,0.6424520269828766,-1.0451708942760263e-16,0.11910874166038772,0.33429937252936165,4.163336342344337e-17,3.145705396791423,6.749486798044684,6.938893903907228e-18,0.41649918055289287,1.1198283416700965,-2.0816681711721685e-17,0.7264095892897361,2.1268329930697467,0.01946061561701221,4.947731221701342,0.08673578370061563,5.053927621018969,5.283134545400847,-0.1059451572660271,0.0,0.17133324566847963,0.06538808840245253,1.0,0.00022103576207132498,0.0,4.242640687119285,0.2930136660606553,0.04292850424915262
842,130.53168167361997,0.19634954084936207,-5.421010862427522e-18,0.18433837079260995,0.6361263246777901,-1.0364972768961422e-16,0.11838109041061413,0.31539845133834,4.85722573273506e-17,3.149691505151561,6.786157630808856,0.0,0.41487837780394965,1.119651115538275,-2.7755575615628914e-17,0.7284516612527071,2.130825129661486,0.019476530666849592,4.960278288811953,0.08606203418461836,5.065816853663421,5.295152179999133,-0.10592248123912572,0.0,0.17129855679454944,0.06537607555542373,1.0,0.00022103576207132498,0.0,4.242640687119285,0.2930136660606553,0.04292850424915262
844,130.92438075531868,0.19634954084936207,-4.553649124439119e-18,0.18395405180662075,0.6281189473936237,-1.0451708942760263e-16,0.11999988060281434,0.3745126322981879,2.7755575615628914e-17,3.158004831521174,6.859260367144194,-6.938893903907228e-18,0.4108067490937557,1.097257092836899,-2.0816681711721685e-17,0.7307524377362835,2.1238571633905745,0.019490116090815978,4.9864972579555396,0.08438109255048995,5.090368466596845,5.3189293229668655,-0.10575604581427633,0.0,0.1704657022998123,0.06470965648553598,1.0,0.00022103576207132498,0.0,4.242640687119285,0.2930136660606553,0.04292850424915262
845,131.12073029616803,0.19634954084936207,-4.7704895589362195e-18,0.18293881713814164,0.6279715291388741,-1.0495077029659683e-16,0.1216773895042217,0.3900827117629967,3.469446951953614e-17,3.1621630258381463,6.883108670096614,6.938893903907228e-18,0.40923603151218074,1.0779516428372553,-1.3877787807814457e-17,0.7302683210243587,2.115084023758833,0.01948420731467364,4.999637500988929,0.08373706474391927,5.1028587730475214,5.330584629378209,-0.10556021128470874,0.0,0.16908720735492933,0.06352699607022058,1.0,0.00022103576207132498,0.0,4.242640687119285,0.2930136660606553,0.04292850424915262
846,131.3170798370174,0.19634954084936207,-6.5052130349130266e-18,0.18154884363904805,0.6294791153679359,-1.0364972768961422e-16,0.12340892919002834,0.39495844796468715,3.8163916471489756e-17,3.166216327295836,6.8959038231890055,0.0,0.40846198148091356,1.056967664506194,-2.7755575615628914e-17,0.7284838644015711,2.119427776643327,0.019460999718065336,5.012462915617366,0.0834205951576571,5.115344510493088,5.342051065637975,-0.10547633545141936,0.0,0.1680456769934142,0.06256934154199482,1.0,0.00022103576207132498,0.0,4.242640687119285,0.2930136660606553,0.04292850424915262
847,131.51342937786674,0.19634954084936207,-6.7220534694101275e-18,0.17994707636297572,0.630952115916967,-1.0495077029659683e-16,0.12499576072813022,0.3902607946639327,3.469446951953614e-17,3.170133617961059,6.896891797821085,0.0,0.4085783937355725,1.0911845619314609,-2.7755575615628914e-17,0.7254931863464597,2.11889091376254,0.01941646817190945,5.0248735778634375,0.08346815191377026,5.127758197949118,5.353338247990375,-0.10545916341131834,0.0,0.16711400946976673,0.0616548460584484,1.0,0.00022103576207132498,0.0,4.242640687119285,0.2930136660606553,0.04292850424915262
849,131.90612845956545,0.19634954084936207,-5.637851296924623e-18,0.17683594451675447,0.6271453274004791,-1.0495077029659683e-16,0.12731499975283925,0.3691352062216368,6.245004513516506e-17,3.1776628630607004,6.904934285903815,-6.938893903907228e-18,0.41063961105786834,1.1437268130425564,-6.938893903907228e-18,0.7172309118761174,2.102566784153342,0.019253222995644713,5.048770635637564,0.08431244508487867,5.152336303718088,5.375542197659639,-0.1055769481403787,0.0,0.1662704232678561,0.0606934751274774,1.0,0.00022103576207132498,0.0,4.242640687119285,0.2930136660606553,0.04292850424915262
850,132.1024780004148,0.19634954084936207,-5.854691731421724e-18,0.17571938357095984,0.6200514106665157,-1.0364972768961422e-16,0.12774554922362455,0.3667848900883655,4.163336342344337e-17,3.181387579364304,6.892406539708271,-6.938893903907228e-18,0.4118213395954219,1.1545835639908975,-1.3877787807814457e-17,0.712960553522098,2.0884065099995666,0.019133826043214296,5.060613465066734,0.08479840787308385,5.164545698983032,5.38658854959332,-0.10581272566272835,0.0,0.16619070169392863,0.06037797603120028,1.0,0.00021937378575996732,0.0,4.242640687119285,0.2925868017539595,0.042803518280305396
851,132.29882754126416,0.19634954084936207,-4.9873299934333204e-18,0.17514786512079808,0.609635331057245,-1.0451708942760263e-16,0.12753392131569244,0.3655944292500477,5.551115123125783e-17,3.185202287804511,6.865543240548959,0.0,0.41261125683860017,1.1547704757633142,-2.0816681711721685e-17,0.7093271824883746,2.0728745986892756,0.019005718937739193,5.072756807117546,0.08512402463496463,5.17688655069025,5.397859739315777,-0.10522773305083616,0.0,0.16669290357990785,0.06146517052907169,1.0,0.00021937378575996732,0.0,4.242640687119285,0.2925868017539595,0.042803518280305396
853,132.69152662296287,0.19634954084936207,-4.9873299934333204e-18,0.17607900389637796,0.5829639875110488,-1.0495077029659683e-16,0.12536760461721583,0.36730285827543563,2.42861286636753e-17,3.1930491926491364,6.773518903185159,-6.938893903907228e-18,0.41215895286417265,1.1282390271727296,6.938893903907228e-18,0.7054605478868138,2.0487459713707854,0.018842531795452516,5.097781573338652,0.08493750121304562,5.201561606347149,5.420871245408882,-0.10552841973961928,0.0,0.1681356943512651,0.06260727461164582,1.0,0.00021937378575996732,0.0,4.242640687119285,0.2925868017539595,0.042803518280305396
854,132.88787616381222,0.19634954084936207,-6.5052130349130266e-18,0.17752131266801674,0.571866706235197,-1.0408340855860843e-16,0.12384698756741438,0.37175363966178776,7.979727989493313e-17,3.1970685360729396,6.725722025112689,0.0,0.41088473979652523,1.1058980200924797,-2.7755575615628914e-17,0.7055389364329817,2.0451250289262806,0.01885695311173509,5.110623612173784,0.08441313469882912,5.213893699984348,5.432708836205383,-0.10571081033448039,0.0,0.1699453771814774,0.06423456684699701,1.0,0.00021937378575996732,0.0,4.242640687119285,0.2925868017539595,0.042803518280305396
855,133.08422570466158,0.19634954084936207,-5.204170427930421e-18,0.1793320513553142,0.561063988120743,-1.0451708942760263e-16,0.12230706740820242,0.376366227250872,1.0408340855860843e-17,3.201116965978946,6.689880049354099,-1.3877787807814457e-17,0.40912239997744315,1.0808086367408691,-1.3877787807814457e-17,0.7068296724834717,2.0485135253508377,0.018928698770604623,5.123574914939127,0.08369056908165148,5.226194182791383,5.44477896206687,-0.10571409023511502,0.0,0.17108983717654452,0.0653757469414295,1.0,0.00021937378575996732,0.0,4.242640687119285,0.2925868017539595,0.042803518280305396
856,133.28057524551093,0.19634954084936207,-7.589415207398531e-18,0.1811433273587073,0.5510205237467106,-1.0451708942760263e-16,0.12085617525598746,0.381663062595448,4.85722573273506e-17,3.205157862239471,6.687723619113593,0.0,0.407161200727347,1.0882114115414385,-3.469446951953614e-17,0.7089998553649345,2.0577186799246436,0.019018277641102574,5.136518460937748,0.08289012168886747,5.238426860267719,5.457040796581608,-0.10562364124405568,0.0,0.1719380705041119,0.0663144292600562,1.0,0.00021937378575996732,0.0,4.242640687119285,0.2925868017539595,0.042803518280305396
858,133.67327432720964,0.19634954084936207,-5.637851296924623e-18,0.18322820735567452,0.5340796074006382,-1.0408340855860843e-16,0.11865225489986742,0.3684042235696981,5.204170427930421e-17,3.213077963728912,6.669624554600588,0.0,0.40395179694497674,1.1363372643905323,-6.938893903907228e-18,0.7140061818818426,2.080794488858185,0.01906047695288017,5.161935000500165,0.08158852712753784,5.262584004580583,5.481819835204802,-0.10535455626196262,0.0,0.17228378346566803,0.06692922720370541,1.0,0.00021937378575996732,0.0,4.242640687119285,0.2925868017539595,0.042803518280305396
859,133.869623868059,0.19634954084936207,-7.37257477290143e-18,0.18300827325771682,0.5278172744771258,-1.0451708942760263e-16,0.11832017610083694,0.3532430722999891,3.469446951953614e-18,3.216918743457086,6.670388154903412,-1.3877787807814457e-17,0.4032080224767869,1.1508521032861707,-2.7755575615628914e-17,0.7157633169939107,2.0865490033136727,0.018966694638910417,5.174283101002757,0.08128835469482054,5.274538150336489,5.4941521290389215,-0.10504119537519915,0.0,0.1716672817812505,0.06662608640605136,1.0,0.00021937378575996732,0.0,4.242640687119285,0.2925868017539595,0.042803518280305396
860,134.06597340890835,0.19634954084936207,-3.469446951953614e-18,0.18194569483300768,0.5239026461032945,-1.0364972768961422e-16,0.11885475851136089,0.3298594159661499,6.591949208711867e-17,3.2206910486165365,6.688442425625549,-6.938893903907228e-18,0.4031371968393383,1.1565648360746124,-6.938893903907228e-18,0.7164194552700723,2.0843111365989637,0.018823704186823782,5.186425415319341,0.08125979973773967,5.2865089192439045,5.5063480646717995,-0.10486927971246318,0.0,0.17080613317304266,0.06593685346057948,1.0,0.0002157336345141688,0.0,4.242640687119285,0.27735221830946033,0.03846212650058928
861,134.2623229497577,0.19634954084936207,-4.119968255444917e-18,0.18030135606325295,0.5232611456440631,-1.0538445116559103e-16,0.12039566376174099,0.35421032897351046,5.551115123125783e-17,3.224530855947798,6.707902987008467,0.0,0.40362161868553653,1.1533478318702035,-6.938893903907228e-18,0.715765138012349,2.0768619452243477,0.01868790688923679,5.19879962047972,0.0814552055351663,5.298942732904123,5.518724266293625,-0.1030558757184617,0.0,0.16986198298298613,0.06680610726452443,1.0,0.0002157336345141688,0.0,4.242640687119285,0.27735221830946033,0.03846212650058928
863,134.6550220314564,0.19634954084936207,-4.553649124439119e-18,0.1768856047995918,0.5345466059897892,-1.0408340855860843e-16,0.12483258757383994,0.379618138687826,6.591949208711867e-17,3.2323050010145145,6.7453826492233615,6.938893903907228e-18,0.40511121045881626,1.1351448949564789,-4.163336342344337e-17,0.7106675989582829,2.027060769623205,0.018613468015958583,5.223897809791721,0.08205754641970368,5.324568824227383,5.542989448423551,-0.103180610181626,0.0,0.16877097036190608,0.06559036018028008,1.0,0.0002157336345141688,0.0,4.242640687119285,0.27735221830946033,0.03846212650058928
864,134.85137157230577,0.19634954084936207,-4.9873299934333204e-18,0.17588265265777567,0.5482501001377736,-1.0278236595162582e-16,0.12650401942196698,0.3752012990355863,4.5102810375396984e-17,3.2363029477128675,6.784020905650905,-6.938893903907228e-18,0.4056076985501516,1.1337986237825117,-2.7755575615628914e-17,0.7069191115388677,1.9917152099290045,0.018688957623924522,5.236828384687495,0.08225880256157532,5.337776144872994,5.554963297604476,-0.10352465862248117,0.0,0.16831798006229257,0.0647933214398114,1.0,0.0002157336345141688,0.0,4.242640687119285,0.27735221830946033,0.03846212650058928
865,135.04772111315512,0.19634954084936207,-5.637851296924623e-18,0.17563380896943334,0.5692099384831399,-1.0495077029659683e-16,0.127223605945784,0.36050158589013725,6.591949208711867e-17,3.2403673246489255,6.813097063419724,0.0,0.40576861153715077,1.129729939468947,-3.469446951953614e-17,0.7030724903315582,1.9633276705846714,0.018805297887162974,5.249990199326217,0.08232408305439358,5.351119580267774,5.566907613520644,-0.10387731073777286,0.0,0.1685110174347369,0.06463370669696404,1.0,0.0002157336345141688,0.0,4.242640687119285,0.27735221830946033,0.03846212650058928
867,135.44042019485383,0.19634954084936207,-7.15573433840433e-18,0.17720678807356036,0.6132534003171194,-1.0495077029659683e-16,0.12625232376119286,0.3341575701880458,2.42861286636753e-17,3.2484966552043533,6.866847165767828,-1.3877787807814457e-17,0.40532774722278486,1.1188520366704164,0.0,0.6971441655142041,1.9306862185079574,0.019054831968041037,5.276365259436937,0.08214529133434886,5.377565382739327,5.590933370701508,-0.1044661744525437,0.0,0.16941160748611386,0.06494543303357016,1.0,0.0002157336345141688,0.0,4.242640687119285,0.27735221830946033,0.03846212650058928
868,135.63676973570318,0.19634954084936207,-5.421010862427522e-18,0.17869136719641487,0.631891554978687,-1.0321604682062002e-16,0.12525236346508697,0.3475009298910814,8.326672684688674e-17,3.252443809441072,6.882394671003389,0.0,0.405006512731135,1.1093870637019583,-2.0816681711721685e-17,0.6957758729979491,1.9284611770198343,0.019166460203241607,5.289195366785775,0.08201513767731752,5.390376964666335,5.6031002000140875,-0.10498428311845442,0.0,0.17066818343846663,0.0656839003200122,1.0,0.0002157336345141688,0.0,4.242640687119285,0.27735221830946033,0.03846212650058928
869,135.83311927655254,0.19634954084936207,-5.637851296924623e-18,0.18041321535441418,0.6460224550765724,-1.0408340855860843e-16,0.12415008039030417,0.35494169866347347,4.5102810375396984e-17,3.256263944365214,6.887372647955438,0.0,0.4047689571028017,1.0925176045878988,-3.469446951953614e-17,0.6956598569333172,1.933963898244049,0.019266667180869983,5.301627437686452,0.08191895431704482,5.402813059184367,5.615396525369501,-0.10521751217487589,0.0,0.17153550013178803,0.06631798795691214,1.0,0.0002157336345141688,0.0,4.242640687119285,0.27735221830946033,0.03846212650058928
870,136.0294688174019,0.19634954084936207,-6.071532165918825e-18,0.18225389270576586,0.6549795634176819,-1.0495077029659683e-16,0.1228360859415745,0.35220433954229863,8.673617379884035e-17,3.259962459288569,6.907167576276053,-6.938893903907228e-18,0.404628362828796,1.0695258624700232,-1.3877787807814457e-17,0.6967043720555294,1.9441518214382576,0.01935609088410213,5.313677617985386,0.08186205600275587,5.414895764872243,5.627815006026148,-0.10535066258768462,0.0,0.17227119893620624,0.06692053634852162,1.0,0.00021473205970003417,0.0,4.242640687119285,0.28973053693379397,0.04197189201597228
872,136.4221678991006,0.19634954084936207,-5.637851296924623e-18,0.1858912040628218,0.6591469558995909,-1.0321604682062002e-16,0.11933695936664483,0.31601716988972184,-1.3877787807814457e-17,3.2672160002869117,6.903965052434753,-6.938893903907228e-18,0.40434582192470725,1.0143982932688038,0.0,0.7010683671529179,1.965644668847784,0.019523602463378382,5.337350196265403,0.08174777185398352,5.4386215705827645,5.65307349340081,-0.10491028997071586,0.0,0.17286472314842272,0.06795443317770686,1.0,0.00021473205970003417,0.0,4.242640687119285,0.28973053693379397,0.04197189201597228
873,136.61851743994995,0.19634954084936207,-5.637851296924623e-18,0.1874283236627729,0.6566974113817823,-1.0408340855860843e-16,0.11760986318179366,0.31713445409297636,5.204170427930421e-17,3.270856305314608,6.88039119714439,1.3877787807814457e-17,0.4040024655923137,1.0125504945631862,0.0,0.7034709273772015,1.9722160233236254,0.019613608163092277,5.349250485008163,0.08160899610233431,5.450473089273589,5.665697348705457,-0.10486120101019035,0.0,0.17276756938637255,0.0679063683761822,1.0,0.00021473205970003417,0.0,4.242640687119285,0.28973053693379397,0.04197189201597228
874,136.8148669807993,0.19634954084936207,-4.7704895589362195e-18,0.18855213156143744,0.6529772298965454,-1.0495077029659683e-16,0.11653117935597761,0.33316567234647054,5.204170427930421e-17,3.2745723515763197,6.852590894756634,-6.938893903907228e-18,0.40344750431942533,1.0230426907842105,0.0,0.7053557676020595,1.9747317779194358,0.019706266223762946,5.361412042854035,0.08138494437078636,5.462503253448585,5.678220422719532,-0.10480041835822142,0.0,0.17218392941908864,0.06738351106086722,1.0,0.00021473205970003417,0.0,4.242640687119285,0.28973053693379397,0.04197189201597228
875,137.01121652164866,0.19634954084936207,-5.204170427930421e-18,0.18908743504687134,0.6489322909021266,-1.0408340855860843e-16,0.11648718501090215,0.3444218426931006,5.898059818321144e-17,3.278394278874642,6.8753962354274565,0.0,0.40268489255900597,1.0296971262924246,-6.938893903907228e-18,0.7062906102035073,1.97345051871898,0.01978999385602508,5.373934523878994,0.08107756134762907,5.474802079082648,5.69056817546692,-0.10474728304167565,0.0,0.17123556746424207,0.06648828442256642,1.0,0.00021473205970003417,0.0,4.242640687119285,0.28973053693379397,0.04197189201597228
877,137.40391560334737,0.19634954084936207,-4.336808689942018e-18,0.18797051018390926,0.6412263582673953,-1.0408340855860843e-16,0.1194401688954793,0.35615299507084813,7.632783294297951e-17,3.286368735818117,7.000579440809586,0.0,0.40076193543716293,1.0267840078584376,-2.0816681711721685e-17,0.7043056513143495,1.9624991592332321,0.01986750585105619,5.400109733881381,0.08030506444767037,5.500282304180107,5.714519910255578,-0.10473216982171861,0.0,0.16933905541516422,0.06460688559344561,1.0,0.00021473205970003417,0.0,4.242640687119285,0.28973053693379397,0.04197189201597228
878,137.60026514419673,0.19634954084936207,-7.37257477290143e-18,0.18637936225300128,0.6372667642112613,-1.0321604682062002e-16,0.1216581216758229,0.3586820725860139,3.469446951953614e-17,3.290467226899394,7.0379287216876785,-6.938893903907228e-18,0.3998046557879954,1.0154625254535719,-2.7755575615628914e-17,0.7014004189572348,1.9541532179932775,0.01983147925435263,5.413587285649494,0.07992188139487874,5.513340646298725,5.726092415576218,-0.10481474181067818,0.0,0.16738838810721068,0.0625736462965325,1.0,0.00021473205970003417,0.0,4.242640687119285,0.28973053693379397,0.04197189201597228
879,137.79661468504608,0.19634954084936207,-7.37257477290143e-18,0.18436557573885068,0.6327674864229109,-1.0495077029659683e-16,0.12369108876166275,0.3598805457996098,4.85722573273506e-17,3.2945656104756904,7.053728572853681,-6.938893903907228e-18,0.399034200049221,0.9971582852244631,-2.0816681711721685e-17,0.697610887272122,1.944340641190042,0.019734066593154465,5.427081280864529,0.07961414640446088,5.526429493862145,5.737442096777565,-0.10493700763506028,0.0,0.16638599175777777,0.06144898412271749,1.0,0.00021473205970003417,0.0,4.242640687119285,0.28973053693379397,0.04197189201597228
881,138.1893137667448,0.19634954084936207,-5.854691731421724e-18,0.18046177371332062,0.6214207091241399,-1.0495077029659683e-16,0.12607287677106138,0.3678233318844393,2.7755575615628914e-17,3.3025218114115003,7.023066702796681,6.938893903907228e-18,0.3985425029109371,1.0289597428769461,-1.3877787807814457e-17,0.6895349042751038,1.9209941938291955,0.01940061521692445,5.453325157424348,0.07941806331325713,5.55214383595453,5.7599356630054785,-0.10490269688732785,0.0,0.16581082077712453,0.060908123889796675,1.0,0.00021360685055443532,0.0,4.242640687119285,0.2875210112343396,0.04133416595060861
882,138.38566330759414,0.19634954084936207,-5.637851296924623e-18,0.1792582550492887,0.6147958828045608,-1.0408340855860843e-16,0.12633363576062706,0.37516812434678076,3.8163916471489756e-17,3.3062943706969943,6.993456841030359,0.0,0.3988443981368541,1.0561739170028182,-2.7755575615628914e-17,0.6863657086970157,1.9081980185009884,0.019219992423142526,5.465791232851316,0.07953842696257465,5.564549652237034,5.7712845084399005,-0.10486951259954558,0.0,0.1662538336699426,0.06138432107039701,1.0,0.00021360685055443532,0.0,4.242640687119285,0.2875210112343396,0.04133416595060861
883,138.5820128484435,0.19634954084936207,-4.7704895589362195e-18,0.17882448118760913,0.6079193359151311,-1.0495077029659683e-16,0.12602343426103008,0.3805367275281406,6.938893903907228e-17,3.3099336898044824,6.968120902415435,-1.3877787807814457e-17,0.3993008800274074,1.0878313086223819,-2.7755575615628914e-17,0.684318815427761,1.8956307783492519,0.01906421144767583,5.47783051545136,0.07972059639533098,5.576615323294367,5.78277482479978,-0.1049816785741551,0.0,0.1670501764843109,0.0620684979101558,1.0,0.00021360685055443532,0.0,4.242640687119285,0.2875210112343396,0.04133416595060861
884,138.77836238929285,0.19634954084936207,-5.637851296924623e-18,0.17913393067716735,0.6009774207817931,-1.0495077029659683e-16,0.12513323241230057,0.38055917367973036,8.673617379884035e-17,3.3135076547448663,6.944854455424662,-1.3877787807814457e-17,0.3996100635090611,1.1137311119766777,-2.7755575615628914e-17,0.6835311132327471,1.8843248107598074,0.018938083583325917,5.489666489026411,0.0798441014288579,5.588448674038594,5.794440766811897,-0.10503730587815295,0.0,0.1679620337762847,0.06292472789813176,1.0,0.00021360685055443532,0.0,4.242640687119285,0.2875210112343396,0.04133416595060861
886,139.17106147099156,0.19634954084936207,-5.421010862427522e-18,0.18104860072256462,0.5901080683290992,-1.0495077029659683e-16,0.12170501711146967,0.36362388475250706,7.28583859910259e-17,3.3208140369770205,6.93117262824888,1.3877787807814457e-17,0.3985980158602643,1.1368008771582347,-1.3877787807814457e-17,0.6850698104737337,1.8691978341865165,0.018722678953164602,5.513902934091807,0.07944018912386976,5.612065802168841,5.818222565502791,-0.10501649808284516,0.0,0.1690382065625412,0.06402170847969604,1.0,0.00021360685055443532,0.0,4.242640687119285,0.2875210112343396,0.04133416595060861
887,139.36741101184091,0.19634954084936207,-7.15573433840433e-18,0.18200861979523547,0.5834041998166948,-1.0408340855860843e-16,0.11956768682906538,0.36315003774259197,3.469446951953614e-17,3.324666823561547,6.932475422035429,-6.938893903907228e-18,0.3970227599144841,1.131177976901684,-2.0816681711721685e-17,0.6866397772804224,1.8661390271680702,0.018603550682639927,5.526704743845414,0.07881353594505702,5.624121830473111,5.830233396028969,-0.1049282621232337,0.0,0.16952238125367458,0.06459411913044089,1.0,0.00021360685055443532,0.0,4.242640687119285,0.2875210112343396,0.04133416595060861
888,139.56376055269027,0.19634954084936207,-4.336808689942018e-18,0.1826076849989523,0.5743086884240518,-1.0495077029659683e-16,0.11764187465771493,0.3535635684797233,4.163336342344337e-17,3.3286485357485684,6.92975608102732,0.0,0.3949240879887136,1.114475612113065,-2.0816681711721685e-17,0.6881615546957942,1.8654721155336091,0.018467492213110264,5.539950537270543,0.0779825176368586,5.636400547120512,5.84224597260493,-0.10485549939013522,0.0,0.1694361483359601,0.06458064894582488,1.0,0.00021360685055443532,0.0,4.242640687119285,0.2875210112343396,0.04133416595060861
889,139.76011009353962,0.19634954084936207,-5.204170427930421e-18,0.1827196724788746,0.5627704352824109,-1.0495077029659683e-16,0.11630742571143118,0.3319848466708755,6.938893903907228e-17,3.3326927284146413,6.91922155057909,-1.3877787807814457e-17,0.3926820702987992,1.0885020747660878,-1.3877787807814457e-17,0.689276964854209,1.8659441863238764,0.01831913966028209,5.553420411013913,0.07709960416707554,5.648839154841271,5.854216497263577,-0.10479325969371328,0.0,0.16913699934230705,0.06434373964859377,1.0,0.00021360685055443532,0.0,4.242640687119285,0.2875210112343396,0.04133416595060861
891,140.15280917523833,0.19634954084936207,-3.686287386450715e-18,0.18159250444620112,0.5349635532412143,-1.0321604682062002e-16,0.11632116391856072,0.29994639758663955,3.469446951953614e-17,3.3406827467059963,6.925584595994863,0.0,0.38946971891362225,1.0381818660659767,-3.469446951953614e-17,0.6894130581814846,1.8808235802361635,0.01806480780536615,5.58008060706956,0.07584333097532797,5.673988745850254,5.878160475319191,-0.1042180088616197,0.0,0.16851778345838825,0.06429977459676856,1.0,0.0002114014100718773,0.0,4.242640687119285,0.2787789349241665,0.038858847278726336
892,140.3491587160877,0.19634954084936207,-3.686287386450715e-18,0.180595362725311,0.521229518348508,-1.0408340855860843e-16,0.11764372300116235,0.31859171282677545,2.0816681711721685e-17,3.3445082940422317,6.953626398514202,6.938893903907228e-18,0.3890317709704442,1.0303749500267718,-2.7755575615628914e-17,0.6882350530668088,1.8924942348246772,0.018012452783463476,5.592867864458638,0.07567285941220006,5.686553176654302,5.8901162578993675,-0.10374117113469065,0.0,0.16791320289726974,0.06417203176257909,1.0,0.0002114014100718773,0.0,4.242640687119285,0.2787789349241665,0.038858847278726336
893,140.54550825693704,0.19634954084936207,-5.637851296924623e-18,0.17949941527457078,0.5231330308284363,-1.0408340855860843e-16,0.11948641970419224,0.32985330599134227,3.469446951953614e-18,3.3481921695342582,6.977306593577895,-6.938893903907228e-18,0.38937637304353034,1.0456954321284662,-1.3877787807814457e-17,0.686245500941068,1.901292440779253,0.01802626730758921,5.605195402065263,0.07580697994226726,5.699028649315119,5.901987508899087,-0.10383850645377951,0.0,0.16756739018272143,0.06372888372894192,1.0,0.0002114014100718773,0.0,4.242640687119285,0.2787789349241665,0.038858847278726336
895,140.93820733863575,0.19634954084936207,-6.288372600415926e-18,0.17741757979621595,0.5308905609405303,-1.0408340855860843e-16,0.12305104565466089,0.33204548840124337,4.163336342344337e-17,3.3553256961210143,6.982279430979033,-6.938893903907228e-18,0.39141047285465413,1.0599807399740253,-2.0816681711721685e-17,0.680495621765685,1.9065760710058657,0.018157412910816805,5.629105263524986,0.07660107913015196,5.723863755565955,5.925494893331518,-0.10404670869024953,0.0,0.16716805561283024,0.06312134692258071,1.0,0.0002114014100718773,0.0,4.242640687119285,0.2787789349241665,0.038858847278726336
896,141.1345568794851,0.19634954084936207,-4.336808689942018e-18,0.17654399609501742,0.5367116363495549,-1.0408340855860843e-16,0.12414754262248467,0.33042348575165986,3.8163916471489756e-17,3.358895750986374,6.964499294028317,0.0,0.3924592579221721,1.0589386691233482,-1.3877787807814457e-17,0.6772771125757661,1.9026449681985107,0.018199856599447457,5.641090332997158,0.077012134564411,5.7363023241610165,5.937164616274551,-0.10428386030216039,0.0,0.16697290424049,0.06268904393832961,1.0,0.0002114014100718773,0.0,4.242640687119285,0.2787789349241665,0.038858847278726336
897,141.33090642033446,0.19634954084936207,-5.854691731421724e-18,0.17583567360059796,0.5449791990257603,-1.0408340855860843e-16,0.12468515121565768,0.3235018681875324,4.5102810375396984e-17,3.3625293165753694,6.9365043451246065,0.0,0.3931596591941857,1.048682670624402,-2.0816681711721685e-17,0.6742790121615341,1.8953750385701185,0.018194058242336122,5.65330170241441,0.0772872588088441,5.7487830194655904,5.948826368559645,-0.1044322770234154,0.0,0.16707389731836275,0.06264162029494735,1.0,0.0002114014100718773,0.0,4.242640687119285,0.2787789349241665,0.038858847278726336
898,141.5272559611838,0.19634954084936207,-5.854691731421724e-18,0.17535939823239938,0.5533199228146917,-1.0451708942760263e-16,0.12474128452770042,0.3238682672189993,6.245004513516506e-17,3.3662447305102536,6.9212439487446265,0.0,0.3933396008571505,1.0310560281043812,-1.3877787807814457e-17,0.671851608323469,1.8865152675871535,0.018140298582483734,5.665801792844025,0.07735802080123122,5.76130011222774,5.960531970602814,-0.10455491343967803,0.0,0.1674065291333313,0.06285161569365326,1.0,0.0002114014100718773,0.0,4.242640687119285,0.2787789349241665,0.038858847278726336
900,141.91995504288252,0.19634954084936207,-8.239936510889834e-18,0.1754969886966549,0.573613328340719,-1.0451708942760263e-16,0.12353242397599026,0.3420268069338661,4.163336342344337e-17,3.373884521221553,6.969096026433728,-6.938893903907228e-18,0.39195960303603944,0.999720066088088,0.0,0.6697834730307619,1.8725344400338335,0.017959346260278,5.691548381269197,0.07681616520608478,5.786323892735559,5.984264731142832,-0.10467759824357478,0.0,0.1683159624654574,0.06363836422188263,1.0,0.00021139655625765596,0.0,4.242640687119285,0.2905623133626262,0.0422132289733205
901,142.11630458373187,0.19634954084936207,-6.288372600415926e-18,0.17624645291262908,0.5978421493325499,-1.0408340855860843e-16,0.1221929601939467,0.3559563216273678,1.0408340855860843e-17,3.377749332867873,7.000386776747944,6.938893903907228e-18,0.39056680376447306,1.025622302016624,-4.163336342344337e-17,0.6703190923565335,1.8707178873623078,0.017878820882762908,5.704595277844678,0.07627121410139819,5.7987453128288395,5.996335002036215,-0.10475307148664159,0.0,0.16939237582248687,0.06463930433584528,1.0,0.00021139655625765596,0.0,4.242640687119285,0.2905623133626262,0.0422132289733205
902,142.31265412458123,0.19634954084936207,-4.9873299934333204e-18,0.17738518075203255,0.6201026193746477,-1.0451708942760263e-16,0.12039259587441639,0.36373169814152273,3.469446951953614e-17,3.381589941527541,7.029672563866985,-1.3877787807814457e-17,0.38896489968963344,1.0557018825767672,-3.469446951953614e-17,0.6717003533080781,1.8728859169184862,0.017828329141812906,5.717575266320121,0.07564684659528331,5.811050442057217,6.008516257103732,-0.1047939891663463,0.0,0.16997570293824493,0.06518171377189863,1.0,0.00021139655625765596,0.0,4.242640687119285,0.2905623133626262,0.0422132289733205
903,142.50900366543058,0.19634954084936207,-5.204170427930421e-18,0.17870827181439602,0.6383744287839236,-1.0408340855860843e-16,0.1183449217405571,0.3635601509130349,7.979727989493313e-17,3.38536921993612,7.046351883918003,0.0,0.3874071604494306,1.0794328027461928,-2.7755575615628914e-17,0.6735665140170898,1.877894362665764,0.017809630106310446,5.730362377645445,0.07504215398374542,5.8232141617355015,6.020753114896634,-0.10483548836347995,0.0,0.17028244381557053,0.06544695545209059,1.0,0.00021139655625765596,0.0,4.242640687119285,0.2905623133626262,0.0422132289733205
905,142.9017027471293,0.19634954084936207,-6.7220534694101275e-18,0.18073424564394094,0.657499410669789,-1.0538445116559103e-16,0.11510002883554112,0.3356397964355756,0.0,3.39268554191975,7.045409320401354,0.0,0.38523607586572267,1.1027151157681403,-6.938893903907228e-18,0.676990841331681,1.8878164555182877,0.01781366722787495,5.755157593175655,0.07420341707421041,5.8471746774777404,6.045123576348634,-0.10488531713886944,0.0,0.17005470751810056,0.06516939037923113,1.0,0.00021139655625765596,0.0,4.242640687119285,0.2905623133626262,0.0422132289733205
906,143.09805228797865,0.19634954084936207,-4.7704895589362195e-18,0.18091735029955353,0.657362841490772,-1.0495077029659683e-16,0.11471378702095897,0.31575497188444146,7.979727989493313e-17,3.3962579769740624,7.040105513487458,0.0,0.38475208662742844,1.1024920329266852,-2.7755575615628914e-17,0.6777693835899832,1.888316180472202,0.01780368608551565,5.767284123079976,0.07401708408208009,5.859104893247571,6.0571522384092775,-0.10488979375457844,0.0,0.16925872532977862,0.06436893157520018,1.0,0.00021139655625765596,0.0,4.242640687119285,0.2905623133626262,0.0422132289733205
907,143.294401828828,0.19634954084936207,-3.469446951953614e-18,0.18038921476498687,0.6512851610881231,-1.0408340855860843e-16,0.11536552123809146,0.2925593086821677,5.204170427930421e-17,3.3998331942229267,7.036873816498833,0.0,0.38454076841715124,1.0959578370666,-2.7755575615628914e-17,0.6776098497386649,1.8840415880074128,0.017773904785266456,5.779432874270033,0.07393580128742656,5.871142580342726,6.069050260915125,-0.10484288476993807,0.0,0.16855034029965404,0.06370745552971598,1.0,0.00021139655625765596,0.0,4.242640687119285,0.2905623133626262,0.0422132289733205
909,143.6871009105267,0.19634954084936207,-8.239936510889834e-18,0.17760805621940737,0.6262313753746187,-1.0451708942760263e-16,0.11865420153103608,0.3366002589037717,4.163336342344337e-17,3.407180421858189,7.086856755536229,-1.3877787807814457e-17,0.384188949266093,1.0801849186780283,-3.469446951953614e-17,0.6745064150025181,1.8619848060036177,0.017653750002013014,5.804439213546874,0.07380057436909226,5.895893537917979,6.092533016334548,-0.10469508229234285,0.0,0.16761379399364648,0.06291871170130363,1.0,0.00021139655625765596,0.0,4.242640687119285,0.2905623133626262,0.0422132289733205
910,143.88345045137606,0.19634954084936207,-5.421010862427522e-18,0.17582551073617775,0.6104734035148198,-1.0451708942760263e-16,0.12041435550955618,0.3513401702136919,6.938893903907228e-18,3.4109897152584288,7.095527893952319,0.0,0.3837952258012395,1.0709625408737395,0.0,0.6719248482455569,1.8635180231657893,0.01757051122197449,5.817425418799387,0.07364938767391219,5.908645317695274,6.104195115825435,-0.10449328889044436,0.0,0.16701319307457985,0.06251990418413549,1.0,0.00021040555212542588,0.0,4.242640687119285,0.28384131385072336,0.04028294572425242
911,144.07979999222542,0.19634954084936207,-6.288372600415926e-18,0.17414949213061734,0.5947855488020379,-1.0408340855860843e-16,0.12185068376669844,0.35806750690227207,3.469446951953614e-17,3.4148869435819393,7.09355838022843,-6.938893903907228e-18,0.383269451040044,1.060920808888023,-6.938893903907228e-18,0.6690412162043836,1.8649464261459223,0.017483296439943577,5.8307264187231995,0.07344773605026833,5.921657451213411,6.115961547488344,-0.10385876097290178,0.0,0.16689188347222295,0.06303312249932116,1.0,0.00021040555212542588,0.0,4.242640687119285,0.28384131385072336,0.04028294572425242
912,144.27614953307477,0.19634954084936207,-5.637851296924623e-18,0.17280577679588469,0.5805702956284621,-1.0386656812411132e-16,0.12285929408124034,0.3557124169561683,2.7755575615628914e-17,3.418792726647351,7.097072316274495,-6.938893903907228e-18,0.3827293254313958,1.0499070963595125,-6.938893903907228e-18,0.6661606468246087,1.863082885530484,0.017402389083950913,5.844071853888413,0.07324086827258564,5.934715111244949,6.127773881509535,-0.10371796924306864,0.0,0.16697353050493502,0.06325556126186638,1.0,0.00021040555212542588,0.0,4.242640687119285,0.28384131385072336,0.04028294572425242
914,144.66884861477348,0.19634954084936207,-5.854691731421724e-18,0.17160194906291554,0.5597634429959656,-1.0386656812411132e-16,0.12358057832862854,0.3661453299866885,4.85722573273506e-17,3.426424671929167,7.169936607814174,-6.938893903907228e-18,0.3821448016337866,1.023483011375706,1.3877787807814457e-17,0.661557608997117,1.8487867189353984,0.017275260502653118,5.87019301620245,0.07301732470786305,5.960485601412966,6.151670713026761,-0.10351744461381243,0.0,0.1674354281802411,0.06391798356642867,1.0,0.00021040555212542588,0.0,4.242640687119285,0.28384131385072336,0.04028294572425242
915,144.86519815562283,0.19634954084936207,-6.071532165918825e-18,0.17177734392612218,0.553266341258821,-1.0473392986209973e-16,0.1232190762893534,0.36679042618970076,-2.0816681711721685e-17,3.4301014885374284,7.199886365665498,0.0,0.38220018162993935,1.0077361025897993,-3.469446951953614e-17,0.6602722973600628,1.8377790235504499,0.01721901286414871,5.882798110833341,0.07303848941897931,5.973055613116469,6.163803169333954,-0.10334208174620006,0.0,0.16815788752603478,0.06481580577983471,1.0,0.00021040555212542588,0.0,4.242640687119285,0.28384131385072336,0.04028294572425242
916,145.0615476964722,0.19634954084936207,-4.336808689942018e-18,0.17238647117314954,0.5504514584687319,-1.0430024899310553e-16,0.12231928622925242,0.3640326162519943,6.938893903907228e-17,3.4337003735982994,7.21371567577709,0.0,0.3823965559564323,0.9906877066388612,-3.469446951953614e-17,0.6598010538445712,1.825952083014194,0.017158744345173914,5.895149127824549,0.07311356300367039,5.985421435173394,6.176076104453756,-0.10324787152567758,0.0,0.16874915822531733,0.06550128669963975,1.0,0.00021040555212542588,0.0,4.242640687119285,0.28384131385072336,0.04028294572425242
917,145.25789723732154,0.19634954084936207,-4.336808689942018e-18,0.17331319157657502,0.5502954157625719,-1.0451708942760263e-16,0.12093444628402095,0.35819655642644954,3.469446951953614e-18,3.4372592797447767,7.208894102536678,1.3877787807814457e-17,0.38258754434336967,0.9730887348419917,-6.938893903907228e-18,0.6601003991236695,1.814702517723751,0.017093983030023192,5.907375678095791,0.07318661454334494,5.99765627566916,6.188490675181777,-0.10316868677707247,0.0,0.16935954617779797,0.0661908594007255,1.0,0.00021040555212542588,0.0,4.242640687119285,0.28384131385072336,0.04028294572425242
919,145.65059631902025,0.19634954084936207,-4.7704895589362195e-18,0.1755664226516297,0.5465228275366827,-1.0430024899310553e-16,0.11743775702784394,0.3444636323071321,3.469446951953614e-17,3.4444314499939797,7.14522762434262,-6.938893903907228e-18,0.3823974128875825,0.9753506811647121,-2.7755575615628914e-17,0.6623187346136746,1.797413407967575,0.016973223061781367,5.932054006853814,0.07311389069155812,6.022141120607154,6.213694859978181,-0.10305849443881898,0.0,0.17015638476178235,0.06709789032296337,1.0,0.00021040555212542588,0.0,4.242640687119285,0.28384131385072336,0.04028294572425242
920,145.8469458598696,0.19634954084936207,-7.37257477290143e-18,0.1766186053623245,0.5420683908376132,-1.0451708942760263e-16,0.11583449967162845,0.3322900563662598,7.632783294297951e-17,3.4481139525165587,7.130320524623245,0.0,0.38185617039430547,0.9705728261895799,-1.3877787807814457e-17,0.6637197791524829,1.7915832783741001,0.01693432782688747,5.944744914769682,0.07290706743410241,6.034586310030672,6.226434842679095,-0.10292975686918714,0.0,0.1706863163879078,0.06775655951872066,1.0,0.00020796422014491574,0.0,4.242640687119285,0.27283217752925615,0.03721869854767777
921,146.04329540071896,0.19634954084936207,-5.637851296924623e-18,0.17746786200178793,0.536088350536974,-1.0386656812411132e-16,0.11472277469567496,0.3136169533131206,3.8163916471489756e-17,3.4519482229898157,7.141030998153871,6.938893903907228e-18,0.38103084922625313,0.958142304882047,-2.0816681711721685e-17,0.6649369826747891,1.7871445809183992,0.01692545005714522,5.9579732671012735,0.07259225403103983,6.047490971189458,6.2394613467712325,-0.1016385177443347,0.0,0.17079969464504563,0.06916117690071093,1.0,0.00020796422014491574,0.0,4.242640687119285,0.27283217752925615,0.03721869854767777
923,146.43599448241767,0.19634954084936207,-6.071532165918825e-18,0.17830059774901205,0.5222960651049355,-1.0484235007934828e-16,0.11471787831467743,0.27451185037878867,1.734723475976807e-17,3.4598377275515526,7.18008282672125,0.0,0.37893531590678964,0.9460356564282015,-1.3877787807814457e-17,0.6656818553240038,1.7786910810619274,0.01703995991677324,5.985238550494546,0.07179598682068922,6.074074497232008,6.265516213829751,-0.10146291702146704,0.0,0.17060916210432078,0.06914624508285375,1.0,0.00020796422014491574,0.0,4.242640687119285,0.27283217752925615,0.03721869854767777
924,146.63234402326702,0.19634954084936207,-4.553649124439119e-18,0.17827999455668353,0.5166454068292801,-1.0473392986209973e-16,0.1159734123444349,0.2944490984646995,1.734723475976807e-17,3.463822963718431,7.203176527208939,-6.938893903907228e-18,0.3780793606236389,0.948581168613559,-2.7755575615628914e-17,0.6648547762035696,1.772350930301246,0.017171954967953734,5.999034761991566,0.07147200146478977,6.08767871842431,6.278499325718089,-0.10124662867395924,0.0,0.17015923824730741,0.06891260957334817,1.0,0.00020796422014491574,0.0,4.242640687119285,0.27283217752925615,0.03721869854767777
925,146.82869356411638,0.19634954084936207,-6.071532165918825e-18,0.17805602410114388,0.5118349366399741,-1.0375814790686277e-16,0.11783063262051341,0.3268616678983395,6.591949208711867e-17,3.467764166187246,7.236151682755322,6.938893903907228e-18,0.37769350277726826,0.9504989736364993,-2.7755575615628914e-17,0.6631921296253536,1.7657990572735756,0.01734273287251535,6.012694156146162,0.07132619102008116,6.10136308003876,6.291441697274034,-0.10109529530877573,0.0,0.16980265221321506,0.06870735690443933,1.0,0.00020796422014491574,0.0,4.242640687119285,0.27283217752925615,0.03721869854767777
926,147.02504310496573,0.19634954084936207,-5.854691731421724e-18,0.17774927289146653,0.5073871215146227,-1.0451708942760263e-16,0.11985517140121199,0.3562273739505506,3.122502256758253e-17,3.4716098976175767,7.255602980995927,-1.3877787807814457e-17,0.3779779128777614,0.9488554327873238,-4.163336342344337e-17,0.6608463730740376,1.7585071573417255,0.017531301151499607,6.02603764061816,0.07143365131171427,6.115002593081374,6.304350085170467,-0.10095964486517178,0.0,0.16949958504453433,0.06853994017936255,1.0,0.00020796422014491574,0.0,4.242640687119285,0.27283217752925615,0.03721869854767777
928,147.41774218666444,0.19634954084936207,-4.553649124439119e-18,0.1774106663364832,0.5214213111256578,-1.0408340855860843e-16,0.12253415564914799,0.3759488301372077,2.7755575615628914e-17,3.478945471946596,7.246587584390715,6.938893903907228e-18,0.3805157649741711,0.9677698753997531,-2.0816681711721685e-17,0.655317218494773,1.7433725906261768,0.01786032713410221,6.051530798388862,0.07239612369693929,6.141787249219903,6.330132350267889,-0.10082619058004232,0.0,0.1692843358326244,0.06845814525258208,1.0,0.00020796422014491574,0.0,4.242640687119285,0.27283217752925615,0.03721869854767777
929,147.6140917275138,0.19634954084936207,-5.637851296924623e-18,0.17757645594284452,0.5290981304104692,-1.0440866921035408e-16,0.12270701509832269,0.3661694419463176,2.42861286636753e-17,3.4824998842700463,7.220734654637071,-1.3877787807814457e-17,0.3822172969840378,0.9735838912811017,-2.0816681711721685e-17,0.6528804424690281,1.7363400455314397,0.017966453092920005,6.063902721970442,0.07304503105689206,6.154914206120254,6.3430475126599575,-0.10077779022476496,0.0,0.16935324236824592,0.06857545214348096,1.0,0.00020796422014491574,0.0,4.242640687119285,0.27283217752925615,0.03721869854767777
930,147.81044126836315,0.19634954084936207,-4.9873299934333204e-18,0.17802732793333467,0.5368797113366548,-1.0397498834135988e-16,0.12223788679644852,0.357025045176518,-2.7755575615628914e-17,3.486073961220586,7.184957881222085,-6.938893903907228e-18,0.3835959683424199,0.9845164485353516,-2.7755575615628914e-17,0.6511161901770159,1.7299901482452213,0.01803516705669949,6.076355831550094,0.07357293346427937,6.167963932071073,6.356003984675222,-0.10079185891041682,0.0,0.16956481978794855,0.06877296087753172,1.0,0.0002062807485543057,0.0,4.242640687119285,0.27448604459357445,0.03767129433831287
931,148.0067908092125,0.19634954084936207,-5.637851296924623e-18,0.17876262870906467,0.5519417325965468,-1.0424603888448125e-16,0.12144955178821587,0.36486838665576565,1.3877787807814457e-17,3.489786025699514,7.17835950977781,-1.3877787807814457e-17,0.384220059251226,0.991984132693021,-6.938893903907228e-18,0.6502562596586646,1.7244140473601346,0.018083798979739586,6.089303252583806,0.0738125269655078,6.181199578529053,6.369177070365384,-0.10001612395602018,0.0,0.16985379769175446,0.06983767373573428,1.0,0.0002062807485543057,0.0,4.242640687119285,0.27448604459357445,0.03767129433831287
933,148.3994898909112,0.19634954084936207,-4.9873299934333204e-18,0.18092793184476597,0.5956022963345038,-1.0408340855860843e-16,0.11945685103308475,0.378911932010182,1.734723475976807e-17,3.497613253485502,7.2099507861753915,0.0,0.38248063785747416,0.9934373118221334,-2.0816681711721685e-17,0.6514034711756235,1.7149996235123888,0.018167288222562854,6.116649235478717,0.07314571916793013,6.20796224286921,6.395676112247246,-0.10008742038641784,0.0,0.17028763700128527,0.07020021661486743,1.0,0.0002062807485543057,0.0,4.242640687119285,0.27448604459357445,0.03767129433831287
934,148.59583943176057,0.19634954084936207,-6.288372600415926e-18,0.1821785448650569,0.6168137860025309,-1.0397498834135988e-16,0.11810719320011896,0.37032187758922674,6.591949208711867e-17,3.5016676245726672,7.242985502120959,-1.3877787807814457e-17,0.3804730127517047,0.9865972582455856,-1.3877787807814457e-17,0.6531421353568254,1.7108138886325408,0.018192948721645577,6.130838076490193,0.07237985671617939,6.221410881928017,6.408971293868385,-0.10013093327177908,0.0,0.17053867273553672,0.07040773946375764,1.0,0.0002062807485543057,0.0,4.242640687119285,0.27448604459357445,0.03767129433831287
935,148.79218897260992,0.19634954084936207,-6.071532165918825e-18,0.1833338472918933,0.6354304850290075,-1.0408340855860843e-16,0.11642475374428608,0.3523815758060137,1.734723475976807e-17,3.5057180717892265,7.263340835314844,-6.938893903907228e-18,0.37830446329576234,0.9818945145186169,-2.7755575615628914e-17,0.6552506291725305,1.7067421802150977,0.018187489315413884,6.1450295994347846,0.07155713347474743,6.234774222224946,6.422256770198063,-0.10012770411727435,0.0,0.1704714769444969,0.07034377282722255,1.0,0.0002062807485543057,0.0,4.242640687119285,0.27448604459357445,0.03767129433831287
937,149.18488805430863,0.19634954084936207,-4.553649124439119e-18,0.18454120031149548,0.6603594073806285,-1.0473392986209973e-16,0.11322799914512326,0.2999255543543238,4.5102810375396984e-17,3.5135374319406014,7.268789160325131,0.0,0.3753829727617417,0.9630407177349889,-6.938893903907228e-18,0.6588566295306656,1.6983523838122079,0.01805568575614704,6.172472642823878,0.07045618811972122,6.260984516699747,6.448645560554125,-0.10004444108157548,0.0,0.16990783291871372,0.06986339183713824,1.0,0.0002062807485543057,0.0,4.242640687119285,0.27448604459357445,0.03767129433831287
938,149.38123759515798,0.19634954084936207,-5.637851296924623e-18,0.18426085345363197,0.665775143944561,-1.0440866921035408e-16,0.11272123848533536,0.28486451612906083,6.938893903907228e-17,3.5172614433129405,7.257698034253735,0.0,0.375133449866674,0.9520840467978452,-1.3877787807814457e-17,0.6595506362156652,1.6977871102037316,0.017941182811219203,6.185564030307913,0.07036255260443622,6.273867765723568,6.461682219595779,-0.09986593592686442,0.0,0.16891786454772492,0.0690519286208605,1.0,0.0002062807485543057,0.0,4.242640687119285,0.27448604459357445,0.03767129433831287
939,149.57758713600734,0.19634954084936207,-6.938893903907228e-18,0.18332305665472723,0.6667360029515559,-1.0570971181733668e-16,0.11335511420848983,0.3049179754342428,4.85722573273506e-17,3.520899519596392,7.244232045145734,-1.3877787807814457e-17,0.3756249926788184,0.9581030877487033,-1.3877787807814457e-17,0.659176625535669,1.7067364178038957,0.017809822451030508,6.198366713547051,0.07054706756248119,6.286723603560563,6.474589403509244,-0.09969026033608987,0.0,0.16808359445025545,0.06839333411416558,1.0,0.0002062807485543057,0.0,4.242640687119285,0.27448604459357445,0.03767129433831287
940,149.7739366768567,0.19634954084936207,-5.421010862427522e-18,0.18183288909188697,0.6637894721624071,-1.0386656812411132e-16,0.1149373299882777,0.32137856026706624,-6.938893903907228e-18,3.5245116975860737,7.222107602088273,-6.938893903907228e-18,0.3765716008477906,0.9809295371917276,0.0,0.6577215296994814,1.7112295770750068,0.0176725738189796,6.2110913532105325,0.07090308528253386,6.299667012312046,6.487371452464741,-0.09949405154167404,0.0,0.1672533294651836,0.06775927792350955,1.0,0.00020409128095170295,0.0,4.242640687119285,0.26882442485717223,0.03613328569989471
942,150.1666357585554,0.19634954084936207,-4.7704895589362195e-18,0.17813031876870167,0.6482747088095231,-1.0408340855860843e-16,0.11888349571982774,0.338606559062692,3.8163916471489756e-17,3.5319993798654568,7.20453225048833,-6.938893903907228e-18,0.3784544918974087,1.0070767579080442,-2.7755575615628914e-17,0.6524420392604787,1.7042719202323302,0.017419882321329724,6.237509809684986,0.07161390121866287,6.3265435932249785,6.513091260384121,-0.09818811213443675,0.0,0.16631885720334622,0.06813074506890947,1.0,0.00020409128095170295,0.0,4.242640687119285,0.26882442485717223,0.03613328569989471
943,150.36298529940476,0.19634954084936207,-5.637851296924623e-18,0.17648178522171037,0.6363437757886634,-1.0467971975347545e-16,0.12027626606494156,0.33849480803677606,4.85722573273506e-17,3.5358869714787913,7.230775549121564,0.0,0.37882126690930823,1.0074518640049681,-1.3877787807814457e-17,0.6493130927414938,1.6954864397857423,0.017320580151515056,6.251248337536728,0.07175277613138667,6.34032169381963,6.525908492900508,-0.09800507336621518,0.0,0.16590857722080216,0.06790350385458697,1.0,0.00020409128095170295,0.0,4.242640687119285,0.26882442485717223,0.03613328569989471
944,150.5593348402541,0.19634954084936207,-6.938893903907228e-18,0.17528075759872172,0.6218348080209543,-1.0462550964485118e-16,0.12107740389338102,0.34330757489784847,2.42861286636753e-17,3.539874810467468,7.266214795444241,-1.3877787807814457e-17,0.37862441805040437,0.9993876328309356,6.938893903907228e-18,0.6463801890342289,1.6892553118691986,0.01724769469740063,6.265356836891045,0.07167822497200368,6.354282756560449,6.538768965701953,-0.09791993504402705,0.0,0.16602617499330805,0.068106239949281,1.0,0.00020409128095170295,0.0,4.242640687119285,0.26882442485717223,0.03613328569989471
945,150.75568438110346,0.19634954084936207,-5.637851296924623e-18,0.1746400390030135,0.6049504049885849,-1.0375814790686277e-16,0.12141289546527703,0.36252474439216786,6.938893903907228e-17,3.5439381470253726,7.289108045604609,0.0,0.3778895965123855,0.9844131404015313,0.0,0.6439684697844613,1.6829494371431573,0.017202332149357347,6.279748794970814,0.07140027357614676,6.3683514006963176,6.55171942959313,-0.0978441817834729,0.0,0.16638605856351743,0.06854187678004453,1.0,0.00020409128095170295,0.0,4.242640687119285,0.26882442485717223,0.03613328569989471
947,151.14838346280217,0.19634954084936207,-7.15573433840433e-18,0.1749559374650787,0.5661831362599683,-1.0364972768961422e-16,0.12115858438918473,0.38791321070994705,6.245004513516506e-17,3.5521240980618383,7.29841214827552,0.0,0.3754297893124198,1.0203141833642932,-2.7755575615628914e-17,0.641465452528496,1.6771031037691584,0.017159089700436555,6.3087928040158125,0.07047376335158395,6.396425657067834,6.577998460652067,-0.09770236175003855,0.0,0.16717370371630066,0.06947134196626212,1.0,0.00020409128095170295,0.0,4.242640687119285,0.26882442485717223,0.03613328569989471
948,151.34473300365153,0.19634954084936207,-6.288372600415926e-18,0.17569046989355896,0.5512895187476811,-1.0440866921035408e-16,0.12045897983735414,0.3869160978356261,4.5102810375396984e-17,3.556156514607158,7.2893799088488525,-6.938893903907228e-18,0.37415036107122235,1.040222060719576,-2.7755575615628914e-17,0.6414563640913055,1.679531651648829,0.017125895052482763,6.3231245781914645,0.06999424634486302,6.41024471958881,6.591334858032648,-0.09750634217683181,0.0,0.16795437797248358,0.07044803579565177,1.0,0.00020409128095170295,0.0,4.242640687119285,0.26882442485717223,0.03613328569989471
949,151.54108254450088,0.19634954084936207,-6.7220534694101275e-18,0.1766131954986933,0.5373717966264558,-1.0354130747236567e-16,0.11920518041816205,0.37735640651097857,8.326672684688674e-17,3.560105891129916,7.275937746552385,0.0,0.373106065934433,1.0559073828293182,-1.3877787807814457e-17,0.6421422739450909,1.6854248064688813,0.017064438672323896,6.337176978028963,0.06960406821853474,6.423845484919822,6.604783162134948,-0.09734039861563384,0.0,0.16834391650334857,0.07100351788771472,1.0,0.00020409128095170295,0.0,4.242640687119285,0.26882442485717223,0.03613328569989471
951,151.9337816261996,0.19634954084936207,-5.637851296924623e-18,0.1784695690576834,0.5162797513220002,-1.0278236595162582e-16,0.11552348053394708,0.33928505858213676,3.122502256758253e-17,3.5678242912034994,7.277181037652095,0.0,0.37198555305609615,1.0680904344501214,-2.7755575615628914e-17,0.6446395347759211,1.7033714879608857,0.01688150926746088,6.3646850864508755,0.06918662584122486,6.4507532215595615,6.632141082445738,-0.09650838209401306,0.0,0.1686450832167055,0.07213670112269242,1.0,0.00020174387807510294,0.0,4.242640687119285,0.26478006314581715,0.035054240919751456
952,152.13013116704894,0.19634954084936207,-4.9873299934333204e-18,0.17918002396335622,0.5122748744351878,-1.0451708942760263e-16,0.1138430654881843,0.3147623880223954,1.1102230246251565e-16,3.5716590222467652,7.282742487323221,6.938893903907228e-18,0.37175838884328694,1.0634694959555673,-4.163336342344337e-17,0.6458221469278015,1.7127083157843783,0.016802925855109285,6.378374085598357,0.06910214983767826,6.464279161291144,6.64599459740368,-0.09568820544658775,0.0,0.16866617994708502,0.07297797450049727,1.0,0.00020174387807510294,0.0,4.242640687119285,0.26478006314581715,0.035054240919751456
953,152.3264807078983,0.19634954084936207,-3.469446951953614e-18,0.1796341740150897,0.5237305901362547,-1.0364972768961422e-16,0.11280029187542517,0.2912666955697314,7.28583859910259e-17,3.5755226200206134,7.3012389944407765,6.938893903907228e-18,0.3715532236874881,1.064818158969534,-2.7755575615628914e-17,0.6465331917540316,1.720667907762232,0.01675795279040565,6.392181003139536,0.06902589901628227,6.477964854946224,6.6598521493332115,-0.09551917157487833,0.0,0.16849569815392787,0.07297652657904954,1.0,0.00020174387807510294,0.0,4.242640687119285,0.26478006314581715,0.035054240919751456
954,152.52283024874765,0.19634954084936207,-6.288372600415926e-18,0.17976954831050546,0.5300617859623197,-1.0364972768961422e-16,0.1125758827334379,0.28927325430849665,3.122502256758253e-17,3.579454289334441,7.31445102247073,0.0,0.3712544517955066,1.0667806577533216,-1.3877787807814457e-17,0.6465239551520188,1.7270669097922093,0.01674905525002278,6.406246504717363,0.06891493398899107,6.491910493956378,6.673683598583429,-0.0953641401833601,0.0,0.16819236888207514,0.07282822869871504,1.0,0.00020174387807510294,0.0,4.242640687119285,0.26478006314581715,0.035054240919751456
956,152.91552933044636,0.19634954084936207,-6.5052130349130266e-18,0.1789071488237172,0.528472631241319,-1.0451708942760263e-16,0.11425107030323098,0.3157155562407789,4.5102810375396984e-17,3.5875462550286943,7.340504252768051,0.0,0.37038422693437933,1.0670111350038225,-1.3877787807814457e-17,0.6438890350645947,1.7349467583681926,0.01679394876005795,6.435244065985205,0.06859223778088888,6.520630252526152,6.701162624465675,-0.09518822390047467,0.0,0.16754381070896524,0.07235558680849057,1.0,0.00020174387807510294,0.0,4.242640687119285,0.26478006314581715,0.035054240919751456
957,153.11187887129572,0.19634954084936207,-6.288372600415926e-18,0.17789947915846593,0.5230737463796102,-1.0516761073109393e-16,0.11572704665953501,0.31079319222988894,6.591949208711867e-17,3.5916490889864034,7.368621990060532,0.0,0.37003342680881146,1.0658212383845536,-2.0816681711721685e-17,0.6413926843890924,1.7351077752775514,0.016815998618264258,6.449971589208432,0.06846236847793602,6.535249956304632,6.714786160191286,-0.09508563363279302,0.0,0.16685998672661645,0.07177435309382343,1.0,0.00020174387807510294,0.0,4.242640687119285,0.26478006314581715,0.035054240919751456
958,153.30822841214507,0.19634954084936207,-4.119968255444917e-18,0.17660112667177627,0.5189131642877238,-1.0516761073109393e-16,0.117308674192305,0.30298774421181157,6.591949208711867e-17,3.5957270184314063,7.393474361316485,-1.3877787807814457e-17,0.369923233726339,1.059949654843923,-1.3877787807814457e-17,0.6384561978234675,1.7322878328377533,0.016818957646948116,6.464626395538807,0.06842159942527581,6.549866952611031,6.72834765750189,-0.09506282163806103,0.0,0.16652963247402403,0.071466810835963,1.0,0.00020174387807510294,0.0,4.242640687119285,0.26478006314581715,0.035054240919751456
959,153.50457795299442,0.19634954084936207,-6.7220534694101275e-18,0.17517928190420168,0.5194739443478997,-1.0516761073109393e-16,0.1187676657095773,0.30719988121035197,-2.42861286636753e-17,3.5997399323841717,7.417010846649204,0.0,0.37011582918150154,1.0500016303247175,-1.3877787807814457e-17,0.6354914084601007,1.7264132999428758,0.01679507871601067,6.479063790400599,0.06849286350535519,6.564351732621965,6.741883915288503,-0.09506133865195945,0.0,0.1664040537099925,0.07134271505803305,1.0,0.00020174387807510294,0.0,4.242640687119285,0.26478006314581715,0.035054240919751456
961,153.89727703469313,0.19634954084936207,-6.071532165918825e-18,0.17288080184400406,0.5274435455010114,-1.0451708942760263e-16,0.12061342880160447,0.35932012201199565,6.938893903907228e-17,3.607575308815429,7.439400005054384,0.0,0.371116141469495,1.017518983728586,-1.3877787807814457e-17,0.6312058844544322,1.7076580104503687,0.016681648048139402,6.507299804387367,0.06886359522960311,6.59284504766511,6.769282277408586,-0.09457515218732782,0.0,0.16672832001737356,0.07215316783004574,1.0,0.0001996328394144933,0.0,4.242640687119285,0.2631114345094937,0.034613813484821794
962,154.0936265755425,0.19634954084936207,-4.553649124439119e-18,0.17242145662306774,0.5369920173545231,-1.0386656812411132e-16,0.12076116703582525,0.3770727389247666,4.85722573273506e-17,3.6114327175785736,7.429894409406604,0.0,0.37156668900223727,0.9958151301754079,-1.3877787807814457e-17,0.6304974262727644,1.6971883467197943,0.016616774852156548,6.521223136798479,0.06903090218804264,6.606870813838679,6.783234007251598,-0.09409018437865338,0.0,0.16749774489603148,0.0734075605173781,1.0,0.0001996328394144933,0.0,4.242640687119285,0.2631114345094937,0.034613813484821794
963,154.28997611639184,0.19634954084936207,-4.7704895589362195e-18,0.17255259694108577,0.5504666784302253,-1.0516761073109393e-16,0.12031943077252456,0.3857917052596683,4.163336342344337e-17,3.6152803658022186,7.416655877266452,-6.938893903907228e-18,0.37172167591460187,0.9810793352775157,-2.7755575615628914e-17,0.6308552229691313,1.6882409967711065,0.016561566263730673,6.535126061677512,0.06908850217238013,6.620776130113622,6.79731877661981,-0.09408005150777018,0.0,0.16814660085191857,0.07406654934414839,1.0,0.0001996328394144933,0.0,4.242640687119285,0.2631114345094937,0.034613813484821794
965,154.68267519809055,0.19634954084936207,-5.421010862427522e-18,0.17418717146629775,0.5787440976037279,-1.0430024899310553e-16,0.11787191308932689,0.3737650603293969,6.938893903907228e-17,3.623092798353379,7.388698132458138,0.0,0.370704559140373,0.9936150230776847,-2.0816681711721685e-17,0.6339865615729071,1.6821894012537657,0.016476133086798267,6.563400712740063,0.06871093508372914,6.64858778091059,6.825822235263178,-0.09404247058218368,0.0,0.1689332864124403,0.07489081583025661,1.0,0.0001996328394144933,0.0,4.242640687119285,0.2631114345094937,0.034613813484821794
966,154.8790247389399,0.19634954084936207,-5.854691731421724e-18,0.17522409351754625,0.5911758128044733,-1.0495077029659683e-16,0.11614958645818074,0.3543525157498055,5.898059818321144e-17,3.62710624609249,7.450223877929448,0.0,0.36952232840897964,0.9987635170117835,-1.3877787807814457e-17,0.6360550399750546,1.6849417082394276,0.016422795100294634,6.577949860221577,0.0682733755963969,6.6626460309182685,6.840152230261634,-0.09400193005404958,0.0,0.16927252060279704,0.07527059054874746,1.0,0.0001996328394144933,0.0,4.242640687119285,0.2631114345094937,0.034613813484821794
967,155.07537427978926,0.19634954084936207,-5.637851296924623e-18,0.176035645060716,0.6011831097522115,-1.0430024899310553e-16,0.1143830467023768,0.3283205459159546,1.0408340855860843e-17,3.63119823483533,7.49913402638943,0.0,0.36802241285181436,0.9944905023749616,-2.0816681711721685e-17,0.6379269970257031,1.692515611159065,0.01634159106390285,6.592800310335609,0.06772024818063567,6.676862149580147,6.854459128215025,-0.09398428195075605,0.0,0.16913005634000242,0.07514577438924637,1.0,0.0001996328394144933,0.0,4.242640687119285,0.2631114345094937,0.034613813484821794
968,155.2717238206386,0.19634954084936207,-4.336808689942018e-18,0.17639810508590403,0.6083935454618185,-1.0451708942760263e-16,0.11283894508643806,0.3030940412483577,4.85722573273506e-17,3.6353505987323853,7.532643347408874,-6.938893903907228e-18,0.3663978743537698,0.9812023791206778,-2.7755575615628914e-17,0.6392610390493976,1.702257790795452,0.01622294016846066,6.6078869878519555,0.06712370116548043,6.691233629185897,6.868694092883935,-0.09397594461202506,0.0,0.16875081775561562,0.07477487314359056,1.0,0.0001996328394144933,0.0,4.242640687119285,0.2631114345094937,0.034613813484821794
970,155.66442290233732,0.19634954084936207,-5.637851296924623e-18,0.17541518402655695,0.6153239496219982,-1.0495077029659683e-16,0.11155624925469036,0.26562289428647873,7.632783294297951e-17,3.643677717559825,7.552919289294027,0.0,0.36379804546294786,0.9538767161613091,0.0,0.6394724811002104,1.7198228923958547,0.01590490286113987,6.638193654720987,0.0661745089413305,6.720273066523457,6.8968573400675925,-0.09396707032764809,0.0,0.1679549649014989,0.0739878945738508,1.0,0.0001969992002311216,0.0,4.242640687119285,0.25678854261311845,0.03297017780868468
971,155.86077244318668,0.19634954084936207,-6.7220534694101275e-18,0.17417645874800075,0.61599799112886,-1.0516761073109393e-16,0.11224082695126229,0.27908604921461566,1.3877787807814457e-17,3.6478206997770584,7.543845987165009,-1.3877787807814457e-17,0.36332537509371565,0.9421440252287949,-1.3877787807814457e-17,0.6382598685246674,1.7242400080601998,0.01575477051787119,6.653297928860992,0.06600266409349459,6.735055363472358,6.911049455703517,-0.09271030734957629,0.0,0.16722480965037087,0.07451450230079458,1.0,0.0001969992002311216,0.0,4.242640687119285,0.25678854261311845,0.03297017780868468
972,156.05712198403603,0.19634954084936207,-4.9873299934333204e-18,0.1726502771262976,0.6152283276211437,-1.0386656812411132e-16,0.11369777906736389,0.2939472584149706,2.0816681711721685e-17,3.6518633696736957,7.525658473636908,0.0,0.363559770159139,0.954867252256076,-2.7755575615628914e-17,0.6363071556952343,1.7246677849655576,0.015643040052414146,6.668053035382259,0.06608785323908296,6.749783928673757,6.925191216937858,-0.09268547859459648,0.0,0.16694011695599908,0.0742546383614026,1.0,0.0001969992002311216,0.0,4.242640687119285,0.25678854261311845,0.03297017780868468
973,156.25347152488538,0.19634954084936207,-5.637851296924623e-18,0.1710359118659395,0.6129182777009349,-1.0451708942760263e-16,0.11555469745768455,0.3004080737306657,2.7755575615628914e-17,3.655810918757251,7.503432678961614,6.938893903907228e-18,0.36440396226569943,0.9759334791446226,-2.0816681711721685e-17,0.6338760990362453,1.7219177341208334,0.015576478486143588,6.682476736852367,0.06639512385747065,6.764448339195981,6.939329168464393,-0.09263127525339693,0.0,0.16686455228084918,0.07423327702745225,1.0,0.0001969992002311216,0.0,4.242640687119285,0.25678854261311845,0.03297017780868468
975,156.6461706065841,0.19634954084936207,-4.553649124439119e-18,0.16824088756214844,0.6020356634733497,-1.0430024899310553e-16,0.11875208168285652,0.33598163982233475,6.938893903907228e-18,3.6636111145112515,7.446442677483299,-6.938893903907228e-18,0.36664479219925417,1.0184064133373294,0.0,0.6289283873670327,1.731188099109013,0.015528894737251003,6.7110231991851865,0.06721420182341711,6.793766295745855,6.9677792450070175,-0.09249160087411841,0.0,0.16716984123367482,0.0746782403595564,1.0,0.0001969992002311216,0.0,4.242640687119285,0.25678854261311845,0.03297017780868468
976,156.84252014743345,0.19634954084936207,-4.9873299934333204e-18,0.1673228304998185,0.5926046698625479,-1.0473392986209973e-16,0.11963693801054358,0.34329806306601185,-3.469446951953614e-18,3.6675974596780376,7.411095302517447,-6.938893903907228e-18,0.3672319011508737,1.0281108944226378,-2.0816681711721685e-17,0.6270509090221124,1.7440142126419247,0.01551730016289403,6.725635563118398,0.06742963461144252,6.808582497892734,6.982174199980651,-0.09229425280896454,0.0,0.167839998405569,0.07554574559660447,1.0,0.0001969992002311216,0.0,4.242640687119285,0.25678854261311845,0.03297017780868468
977,157.0388696882828,0.19634954084936207,-5.421010862427522e-18,0.1668584881296283,0.5803010164194643,-1.0451708942760263e-16,0.12006419675711016,0.34232719209911655,4.5102810375396984e-17,3.671706185131176,7.368015343771437,-6.938893903907228e-18,0.36707507333195105,1.0278287972865772,-2.0816681711721685e-17,0.6258684065331405,1.753286874663963,0.015508477986189085,6.740713154965267,0.06737205473082863,6.823593687682284,6.996727783233123,-0.0921248103512823,0.0,0.16847601136155266,0.07635120101027036,1.0,0.0001969992002311216,0.0,4.242640687119285,0.25678854261311845,0.03297017780868468
979,157.4315687699815,0.19634954084936207,-4.553649124439119e-18,0.16761654598614611,0.5534768444622182,-1.0451708942760263e-16,0.11976408148296387,0.34496514862191197,1.0408340855860843e-17,3.680243743604806,7.39870995550781,0.0,0.3647069428315418,0.9980725871160314,-6.938893903907228e-18,0.6258159335610012,1.7554577702641216,0.015536173128538097,6.772097006171159,0.06650557707476476,6.8541387563744625,7.02638864077791,-0.09182753549909808,0.0,0.16957419467319937,0.07774665917410128,1.0,0.0001969992002311216,0.0,4.242640687119285,0.25678854261311845,0.03297017780868468
980,157.62791831083086,0.19634954084936207,-5.421010862427522e-18,0.16892430891949867,0.5410304791834782,-1.0343288725511712e-16,0.11891445921670935,0.34791903436255994,-3.469446951953614e-18,3.6845547303535264,7.429534309099341,-1.3877787807814457e-17,0.363125398725847,0.9723466750516753,-2.7755575615628914e-17,0.6267787733066723,1.7479835699021433,0.01559504522868409,6.787971780485273,0.06593002759990269,6.869496853313859,7.041496821194074,-0.09151697594882353,0.0,0.17065270786643466,0.07913573191761113,1.0,0.00019442814578128254,0.0,4.242640687119285,0.25358238532688204,0.032152013074035646
981,157.82426785168022,0.19634954084936207,-4.553649124439119e-18,0.17079184429769467,0.5279600148547222,-1.0473392986209973e-16,0.11751085256058243,0.34438661573881046,3.469446951953614e-17,3.688856201599112,7.449906210671898,0.0,0.3618576584729924,0.9539856650667359,-4.163336342344337e-17,0.6281441320349243,1.7358302425708674,0.01569360590113405,6.803830038038113,0.06547048249777837,6.884994126437025,7.0569971725994805,-0.0901467311791422,0.0,0.17123063944908973,0.08108390826994753,1.0,0.00019442814578128254,0.0,4.242640687119285,0.25358238532688204,0.032152013074035646
982,158.02061739252957,0.19634954084936207,-3.469446951953614e-18,0.1730463606085693,0.515032579784525,-1.0451708942760263e-16,0.11560214232579002,0.3341858433776994,-1.0408340855860843e-17,3.6930377177361766,7.4582504313945135,6.938893903907228e-18,0.3612195982608136,0.9497804449098662,-1.3877787807814457e-17,0.6296079550462209,1.7205777319412094,0.01582951306102815,6.8192637923110135,0.06523979908385177,6.9003331044558935,7.072602571345266,-0.09000958277015801,0.0,0.17160584932010037,0.08159626654994236,1.0,0.00019442814578128254,0.0,4.242640687119285,0.25358238532688204,0.032152013074035646
984,158.41331647422828,0.19634954084936207,-6.071532165918825e-18,0.17759138307202946,0.4980540210398594,-1.0430024899310553e-16,0.11170233420589243,0.29710604731184154,2.42861286636753e-17,3.701042363361285,7.441651499602367,0.0,0.3621444030649379,0.9736851867439047,-1.3877787807814457e-17,0.6316225492513678,1.706648595699481,0.016171964932579174,6.8488572876974425,0.0655742843356301,6.930603536965652,7.103893523376436,-0.08986689023400493,0.0,0.171636637550734,0.08176974731672906,1.0,0.00019442814578128254,0.0,4.242640687119285,0.25358238532688204,0.032152013074035646
985,158.60966601507764,0.19634954084936207,-4.553649124439119e-18,0.17925927532016273,0.5090089757897899,-1.0495077029659683e-16,0.11070199688824439,0.2726235264828077,2.42861286636753e-17,3.7049501818008324,7.421035491611556,6.938893903907228e-18,0.36338798029893554,0.9849519374532665,-1.3877787807814457e-17,0.631682988904457,1.6980323095204077,0.016346107158070475,6.86332792481301,0.06602541211286976,6.94569944408395,7.119461173784062,-0.08978474210927032,0.0,0.17114019472267106,0.08135545261340074,1.0,0.00019442814578128254,0.0,4.242640687119285,0.25358238532688204,0.032152013074035646
986,158.806015555927,0.19634954084936207,-6.7220534694101275e-18,0.18020737289552752,0.5167048264012011,-1.0451708942760263e-16,0.11077037964018879,0.28105240794836267,2.7755575615628914e-17,3.708874514241988,7.396048538828512,0.0,0.3647702009672868,0.9876102430739543,-2.0816681711721685e-17,0.630952341446582,1.6900623358437508,0.016498408203606228,6.877875081196869,0.06652864975685739,6.960902139157333,7.13491802035196,-0.08976653840592554,0.0,0.17055868112905967,0.08079214272313413,1.0,0.00019442814578128254,0.0,4.242640687119285,0.25358238532688204,0.032152013074035646
987,159.00236509677634,0.19634954084936207,-4.7704895589362195e-18,0.1803568911357534,0.5210363666599745,-1.0516761073109393e-16,0.11181244591273917,0.3031621978831727,5.898059818321144e-17,3.7128650524198905,7.37686749355696,-1.3877787807814457e-17,0.36600866616540984,0.9826290060984629,-1.3877787807814457e-17,0.6294828259494794,1.6839745335519234,0.016613468119024342,6.892683448740478,0.06698117185409122,6.976278088713593,7.1502463901723265,-0.08977551935080291,0.0,0.16992363302271907,0.08014811367191615,1.0,0.00019442814578128254,0.0,4.242640687119285,0.25358238532688204,0.032152013074035646
989,159.39506417847505,0.19634954084936207,-5.637851296924623e-18,0.17868521925856834,0.5212918424316361,-1.0451708942760263e-16,0.11515188303841122,0.3199353159389661,2.42861286636753e-17,3.7211285160986116,7.38309564962931,0.0,0.3673306429590083,0.9572593292098777,-2.7755575615628914e-17,0.6251985478253008,1.6791464326916927,0.016705023284874984,6.9233987166611275,0.0674659006283392,7.007569640574342,7.180571311737455,-0.08984208508041715,0.0,0.16916806344211183,0.07932597836169468,1.0,0.00019442814578128254,0.0,4.242640687119285,0.25358238532688204,0.032152013074035646
990,159.5914137193244,0.19634954084936207,-4.7704895589362195e-18,0.17735162600183266,0.5186047008270261,-1.0451708942760263e-16,0.11663712679659106,0.3207137643715325,0.0,3.725382130917011,7.386338737042355,0.0,0.3673034966701115,0.9599873896120745,-2.7755575615628914e-17,0.6230227672658913,1.679545689789319,0.016694995108039547,6.939236010677888,0.06745592933304528,7.023386935118973,7.1956453539555625,-0.08994538779943434,0.0,0.16883719906698014,0.0788918112675458,1.0,0.00019177732085676606,0.0,4.242640687119285,0.24953470832009986,0.03113378532819866
991,159.78776326017376,0.19634954084936207,-6.071532165918825e-18,0.17607678142423586,0.5149549038200254,-1.0560129160008813e-16,0.11779396641002256,0.3186054669220836,9.367506770274758e-17,3.7297342897591226,7.389628004417761,0.0,0.3669109934153896,0.9922203229016671,-4.163336342344337e-17,0.6212832561546522,1.6806251933858827,0.016671892526007363,6.955458936102493,0.06731183854453403,7.039442667173035,7.210972584499663,-0.08879939340354161,0.0,0.16895468584726075,0.08015529244371915,1.0,0.00019177732085676606,0.0,4.242640687119285,0.24953470832009986,0.03113378532819866
993,160.18046234187247,0.19634954084936207,-5.421010862427522e-18,0.17457398512407632,0.5438632595701716,-1.0473392986209973e-16,0.1190870117753803,0.3289338453628374,1.734723475976807e-17,3.738369226783328,7.528756445162111,6.938893903907228e-18,0.3656257924865941,1.0415832769456752,-1.3877787807814457e-17,0.6200014303368081,1.6813432287685801,0.01663687164173689,6.987702237880289,0.06684111006572496,7.071180219587751,7.241809808530792,-0.08888538661237061,0.0,0.16949854322466548,0.08061315661229487,1.0,0.00019177732085676606,0.0,4.242640687119285,0.24953470832009986,0.03113378532819866
994,160.37681188272182,0.19634954084936207,-7.37257477290143e-18,0.17452476968176595,0.5688521483740232,-1.0451708942760263e-16,0.11918613507667071,0.3460776588261323,1.3877787807814457e-17,3.7425797965693945,7.564801901935368,-1.3877787807814457e-17,0.3650790129075274,1.0580387352425935,-6.938893903907228e-18,0.6206407563963467,1.6814975188818002,0.016621766823813326,7.003451766844706,0.06664134283276728,7.086714876501286,7.257358855429114,-0.08889901905491214,0.0,0.1701655309298073,0.08126651187489516,1.0,0.00019177732085676606,0.0,4.242640687119285,0.24953470832009986,0.03113378532819866
995,160.57316142357118,0.19634954084936207,-5.637851296924623e-18,0.17489858068713526,0.592491538269997,-1.0451708942760263e-16,0.11877984681164262,0.3568907748980446,9.367506770274758e-17,3.7467014771454226,7.579969764359584,0.0,0.3647447442516302,1.066868132744419,-4.85722573273506e-17,0.622032134102227,1.6802161580460513,0.016592113660552472,7.018885979421847,0.06651936422959355,7.101997457311993,7.272986295022645,-0.08886978578468664,0.0,0.17052948698093373,0.08165970119624709,1.0,0.00019177732085676606,0.0,4.242640687119285,0.24953470832009986,0.03113378532819866
996,160.76951096442053,0.19634954084936207,-4.9873299934333204e-18,0.17558670555655387,0.6119785846789234,-1.0408340855860843e-16,0.1177788371102661,0.36051870184290036,6.591949208711867e-17,3.7507520831634453,7.577768554538816,0.0,0.3646144539924279,1.068206017231598,-2.0816681711721685e-17,0.6239420690603537,1.6785213948347306,0.016538422658276576,7.034070594677463,0.06647185003009817,7.1170808673658374,7.28866471789263,-0.08883124068814048,0.0,0.17074492867181817,0.0819136879836777,1.0,0.00019177732085676606,0.0,4.242640687119285,0.24953470832009986,0.03113378532819866
998,161.16221004611924,0.19634954084936207,-6.071532165918825e-18,0.17740544718557363,0.6338392116751224,-1.0386656812411132e-16,0.11433962271361084,0.34555630574021473,0.0,3.7588082856159435,7.5493234075467255,0.0,0.36448196409425493,1.0547359858391028,-6.938893903907228e-18,0.6279948757618403,1.6788865612874861,0.016374690483904608,7.064319864007533,0.06642355107500283,7.147118105566441,7.3200235989168885,-0.08879385785004905,0.0,0.17070119926640992,0.08190734141636087,1.0,0.00019177732085676606,0.0,4.242640687119285,0.24953470832009986,0.03113378532819866
999,161.3585595869686,0.19634954084936207,-4.119968255444917e-18,0.1782889124926257,0.6361233427388567,-1.0516761073109393e-16,0.11248694342591958,0.3279799869628377,2.42861286636753e-17,3.7629071595579218,7.553293938342503,-6.938893903907228e-18,0.3641727636083589,1.0437923976139896,-6.938893903907228e-18,0.6294419413828605,1.6795126714062725,0.016294910088667333,7.079735145726133,0.06631090087707478,7.1623409566918745,7.335625090113343,-0.08879596991666659,0.0,0.17029154883095468,0.08149557891428809,1.0,0.00019177732085676606,0.0,4.242640687119285,0.24953470832009986,0.03113378532819866
1000,161.55490912781795,0.19634954084936207,-4.119968255444917e-18,0.17898684323463773,0.6338816513014933,-1.0440866921035408e-16,0.11107414488928417,0.3051349275616885,4.85722573273506e-17,3.7670905707683744,7.570937666592043,1.3877787807814457e-17,0.3635914781358958,1.0322877462765765,-2.0816681711721685e-17,0.6301268174020133,1.679508544452713,0.016237974276451468,7.095485684185999,0.06609938148652282,7.177823039948973,7.351128569057978,-0.08882059286488203,0.0,0.16980830386187515,0.08098771099699312,1.0,0.00018849762529803848,0.0,4.242640687119285,0.24183641181981783,0.02924242504094226
1001,161.7512586686673,0.19634954084936207,-7.37257477290143e-18,0.17937099649524368,0.6285857421280308,-1.0570971181733668e-16,0.11044390806980546,0.278771825686269,3.469446951953614e-18,3.7714284578118407,7.587394852492392,0.0,0.36280871445564805,1.0212916212877206,-2.0816681711721685e-17,0.629922327835976,1.6783826452763888,0.01620997200996109,7.111836306196496,0.06581508164248,7.193861359848937,7.366813019050118,-0.08734633587290665,0.0,0.16921867353071865,0.081872337657812,1.0,0.00018849762529803848,0.0,4.242640687119285,0.24183641181981783,0.02924242504094226
1003,162.143957750366,0.19634954084936207,-5.637851296924623e-18,0.17878260455282766,0.6144306284501652,-1.0440866921035408e-16,0.11154809075558683,0.2859538309434143,4.163336342344337e-17,3.7801978421621802,7.641555048654607,-6.938893903907228e-18,0.36128948033508834,1.0054238078939335,-3.469446951953614e-17,0.6268945542319759,1.673134907963338,0.016193673949284514,7.144947862943803,0.06526504430039909,7.226406581193486,7.397780756667826,-0.08741778205085174,0.0,0.16827875091351657,0.08086096886266483,1.0,0.00018849762529803848,0.0,4.242640687119285,0.24183641181981783,0.02924242504094226
1004,162.34030729121537,0.19634954084936207,-3.903127820947816e-18,0.1777377902291208,0.6074168866800901,-1.0451708942760263e-16,0.1128993907826229,0.29555809666935173,7.28583859910259e-17,3.7845395354083933,7.6593724417920095,0.0,0.36094176504213715,0.9938516326027892,-2.0816681711721685e-17,0.6244506971857162,1.6708737747173878,0.01616739322735577,7.1613697475345885,0.06513947887586666,7.242676619637811,7.413099540281923,-0.08744949449402402,0.0,0.16748792381919328,0.08003842932516926,1.0,0.00018849762529803848,0.0,4.242640687119285,0.24183641181981783,0.02924242504094226
1005,162.53665683206472,0.19634954084936207,-4.336808689942018e-18,0.17628261843431034,0.6008073804771381,-1.0527603094834248e-16,0.11442627327226222,0.29840150977182656,6.938893903907228e-17,3.7888095208931603,7.674437878842357,-6.938893903907228e-18,0.36100601318071707,0.9812877916949776,-2.7755575615628914e-17,0.6217927411429267,1.6705557133918216,0.016111270878196426,7.177538792805332,0.06516267077631802,7.2588127344598465,7.428364482729433,-0.08743295881091916,0.0,0.16720827810784517,0.07977531929692601,1.0,0.00018849762529803848,0.0,4.242640687119285,0.24183641181981783,0.02924242504094226
1007,162.92935591376343,0.19634954084936207,-5.637851296924623e-18,0.1729502821318015,0.5873431481090852,-1.0430024899310553e-16,0.11719898527594327,0.304902132191085,6.245004513516506e-17,3.7971332632466566,7.660997186079207,-6.938893903907228e-18,0.36205968425782276,0.9575218387661585,-1.3877787807814457e-17,0.6172110121829792,1.6786526535693833,0.015926306173650893,7.209110509427102,0.06554360748243715,7.29058042308319,7.458980377626808,-0.08733652438361245,0.0,0.167334783828897,0.07999825944528455,1.0,0.00018849762529803848,0.0,4.242640687119285,0.24183641181981783,0.02924242504094226
1008,163.12570545461278,0.19634954084936207,-4.119968255444917e-18,0.17161187402996045,0.5793899963129874,-1.0402919844998415e-16,0.11816347638489058,0.3089296509627662,-4.5102810375396984e-17,3.8012339773274864,7.6304539674622465,0.0,0.362667625186833,0.9510751300661165,-3.469446951953614e-17,0.615863988856353,1.686460996840089,0.01582800421874542,7.224689875194472,0.06576390317932858,7.306281782592546,7.47445356801979,-0.08716517032635847,0.0,0.16799245332446497,0.0808272829981065,1.0,0.00018849762529803848,0.0,4.242640687119285,0.24183641181981783,0.02924242504094226
1009,163.32205499546214,0.19634954084936207,-4.336808689942018e-18,0.1708307400568811,0.5700782115732773,-1.0451708942760263e-16,0.11868901897215117,0.3178721118726402,3.8163916471489756e-17,3.8053411610832613,7.58490884777906,-1.3877787807814457e-17,0.36303255387979866,0.9520992944458208,-2.7755575615628914e-17,0.6153626962525498,1.6950329846386198,0.015749587258452706,7.240310676117249,0.06589631758824448,7.321956580963946,7.490094135495776,-0.08700851551137886,0.0,0.16867005836962423,0.08166154285824537,1.0,0.00018849762529803848,0.0,4.242640687119285,0.24183641181981783,0.02924242504094226
1010,163.5184045363115,0.19634954084936207,-6.938893903907228e-18,0.1707540519409971,0.5608371304328292,-1.0443577426466621e-16,0.11867065093535957,0.32683437707865204,4.85722573273506e-17,3.8094892187879283,7.526857794892144,-6.938893903907228e-18,0.36297917334402824,0.9455908937917579,-2.0816681711721685e-17,0.6156953047283804,1.7025333705282626,0.01570352260723807,7.25610405403073,0.06587694014075705,7.337684516778724,7.505913248150917,-0.08683420205829087,0.0,0.16938239551132594,0.08254819345303507,1.0,0.00018630728292776051,0.0,4.242640687119285,0.24440320150526118,0.029866462453010653
1012,163.9111036180102,0.19634954084936207,-5.421010862427522e-18,0.17263265861108504,0.546781798773069,-1.0446287931897835e-16,0.11683719648640262,0.33778149484566283,2.0816681711721685e-17,3.8180905086949233,7.479291203216331,0.0,0.36138240866844545,0.9449246391062761,-4.163336342344337e-17,0.6181363610084344,1.7082696455712771,0.01571568398632181,7.288907566293128,0.06529862264750363,7.3699218729269536,7.538385486990659,-0.08559024395386225,0.0,0.1702072074420475,0.08461696348818526,1.0,0.00018630728292776051,0.0,4.242640687119285,0.24440320150526118,0.029866462453010653
1013,164.10745315885956,0.19634954084936207,-6.288372600415926e-18,0.1742393888225318,0.5376449910680754,-1.052218208397182e-16,0.11512390926454252,0.33542312210979774,3.122502256758253e-17,3.822492776420093,7.4933736292356485,-6.938893903907228e-18,0.3599914367457538,0.9520975258310422,-1.3877787807814457e-17,0.6196007743834226,1.705099979069081,0.015755981575326403,7.305725512891896,0.064796917265136,7.386278411732358,7.554729711293958,-0.08540775180812787,0.0,0.1705498507249599,0.08514209891683203,1.0,0.00018630728292776051,0.0,4.242640687119285,0.24440320150526118,0.029866462453010653
1014,164.3038026997089,0.19634954084936207,-5.637851296924623e-18,0.17593666379934547,0.5274001662494673,-1.0451708942760263e-16,0.11318035676142893,0.32598446772576084,1.734723475976807e-17,3.8269291224692834,7.504172638998453,6.938893903907228e-18,0.3585063452266278,0.9604115533302671,-2.0816681711721685e-17,0.6207457816376293,1.7136166400268518,0.01580246298297439,7.322693254201758,0.06426339978387702,7.4027591169686096,7.571060354616132,-0.0853356993110959,0.0,0.17039867413468934,0.08506297482359344,1.0,0.00018630728292776051,0.0,4.242640687119285,0.24440320150526118,0.029866462453010653
1015,164.50015224055826,0.19634954084936207,-5.204170427930421e-18,0.17744822943530617,0.5188160178483593,-1.0467971975347545e-16,0.11136403954045943,0.30926178089463124,3.469446951953614e-18,3.8313545730251963,7.52066203841247,6.938893903907228e-18,0.3572458120421645,0.9662903064655632,-2.0816681711721685e-17,0.6212623743847522,1.7193946616535989,0.015845700718245075,7.339638932120543,0.06381228511083277,7.419296917949621,7.587320276273523,-0.0853090494097441,0.0,0.17000655179364163,0.08469750238389753,1.0,0.00018630728292776051,0.0,4.242640687119285,0.24440320150526118,0.029866462453010653
1017,164.89285132225697,0.19634954084936207,-6.071532165918825e-18,0.17908931234633618,0.5144310039837037,-1.0446287931897835e-16,0.10942057551057266,0.2775688547380599,3.469446951953614e-17,3.839997278114012,7.527212645001008,0.0,0.3564849464045565,0.9956026401475656,-2.7755575615628914e-17,0.619801065925039,1.7151413420135098,0.015901440573965208,7.372789547961513,0.06354075850652974,7.452231747042008,7.6194939131054245,-0.0853560048223006,0.0,0.16916831435606017,0.08381230953375957,1.0,0.00018630728292776051,0.0,4.242640687119285,0.24440320150526118,0.029866462453010653
1018,165.08920086310633,0.19634954084936207,-4.553649124439119e-18,0.17901301119666027,0.522649394848695,-1.0430024899310553e-16,0.109591022814441,0.2940381886038465,3.122502256758253e-17,3.84417603181307,7.5555557918777145,-6.938893903907228e-18,0.35714843314771066,1.0114846082042823,-3.469446951953614e-17,0.6179149439540198,1.7063621657306105,0.015906044593648767,7.38884468178304,0.06377750164993237,7.468528228026622,7.635396826726214,-0.08547094221109146,0.0,0.1683431140035179,0.08287217179242644,1.0,0.00018630728292776051,0.0,4.242640687119285,0.24440320150526118,0.029866462453010653
1019,165.28555040395568,0.19634954084936207,-4.336808689942018e-18,0.17833812951106115,0.5274366064401845,-1.045712995362269e-16,0.11044321384955062,0.3114083353413127,6.591949208711867e-17,3.8482864733352087,7.593646053253766,-6.938893903907228e-18,0.35826276138012225,1.0359888227627232,-2.7755575615628914e-17,0.6155565433492272,1.6941692908755934,0.01589058636207534,7.404654390427369,0.06417610309585521,7.4847210798853,7.6512028446573686,-0.08557234111907244,0.0,0.16794800267382506,0.08237566155475262,1.0,0.00018630728292776051,0.0,4.242640687119285,0.24440320150526118,0.029866462453010653
1021,165.6782494856544,0.19634954084936207,-4.7704895589362195e-18,0.17556754386744558,0.5260402286122616,-1.0408340855860843e-16,0.11343931590435204,0.3257559919250415,6.591949208711867e-17,3.8565895657839318,7.651376912319378,-6.938893903907228e-18,0.3602416027013054,1.0667846166264872,-2.0816681711721685e-17,0.6107858936004542,1.6686526532979862,0.01579445469262112,7.436641539456748,0.06488700615840258,7.517323000307772,7.682936046577928,-0.08506456890619508,0.0,0.16773268883737152,0.08266811993117644,1.0,0.00018345198168849094,0.0,4.242640687119285,0.23706856518792255,0.028100752300130143
1022,165.87459902650374,0.19634954084936207,-4.119968255444917e-18,0.17376957325152984,0.5206589473482757,-1.0430024899310553e-16,0.11512694523216438,0.32582457194450876,5.204170427930421e-17,3.8608855921777363,7.674014287893965,0.0,0.36036603998866107,1.0694649673548047,-3.469446951953614e-17,0.6090385474425991,1.663390979976972,0.01571202172125408,7.453218777942815,0.06493184138855462,7.5338626410526235,7.6989450295543485,-0.08453443352784641,0.0,0.1679182763241167,0.0833838427962703,1.0,0.00018345198168849094,0.0,4.242640687119285,0.23706856518792255,0.028100752300130143
1023,166.0709485673531,0.19634954084936207,-4.7704895589362195e-18,0.17194470614275353,0.5132605080569681,-1.0462550964485118e-16,0.11662975853330472,0.32064253469027637,1.0755285551056204e-16,3.8652794811150284,7.708503800140394,-6.938893903907228e-18,0.3597096520171601,1.0631765655086858,-6.938893903907228e-18,0.6080508486734836,1.6661823837681273,0.015604789935769038,7.47019273356443,0.0646955168771532,7.550493040377352,7.71501453258909,-0.08457744435569928,0.0,0.16827506193132488,0.0836976175756256,1.0,0.00018345198168849094,0.0,4.242640687119285,0.23706856518792255,0.028100752300130143
1024,166.26729810820245,0.19634954084936207,-4.336808689942018e-18,0.17028953238480832,0.504869676953978,-1.0430024899310553e-16,0.11774933001443204,0.3088441341372641,3.469446951953614e-17,3.8697411046440924,7.743117319895326,-6.938893903907228e-18,0.35841788607026953,1.0490725215438221,-2.0816681711721685e-17,0.607944028230673,1.670083799110282,0.015473125663045472,7.487448108486039,0.06423169052754035,7.567152924676625,7.731175519398727,-0.0845874216967116,0.0,0.1687555023018814,0.08416808060516981,1.0,0.00018345198168849094,0.0,4.242640687119285,0.23706856518792255,0.028100752300130143
1026,166.65999718990116,0.19634954084936207,-6.288372600415926e-18,0.16813076315710174,0.5369511455469334,-1.0375814790686277e-16,0.11824071111620424,0.33118043800089736,-2.7755575615628914e-17,3.8786329446092034,7.823212180770562,0.0,0.3553034818534556,1.0162517388187324,-2.0816681711721685e-17,0.6102027212780818,1.6848945485198255,0.01515386837242087,7.521896759503932,0.06312028210859444,7.600170909984947,7.7638249795784375,-0.08456364671137032,0.0,0.16956518281055188,0.08500153609918157,1.0,0.00018345198168849094,0.0,4.242640687119285,0.23706856518792255,0.028100752300130143
1027,166.85634673075052,0.19634954084936207,-5.204170427930421e-18,0.16780034834822657,0.5606719351953198,-1.0495077029659683e-16,0.1174533277248603,0.34030511529254237,4.85722573273506e-17,3.8829556971641503,7.84626508202132,-6.938893903907228e-18,0.35419620327574464,1.0037106154329132,-1.3877787807814457e-17,0.6121793339764805,1.7104303654751263,0.014981086513105472,7.538672473069768,0.0627274752074763,7.616381034790351,7.780294664973756,-0.08454013479518249,0.0,0.17027105048059463,0.08573091568541213,1.0,0.00018345198168849094,0.0,4.242640687119285,0.23706856518792255,0.028100752300130143
1028,167.05269627159987,0.19634954084936207,-6.288372600415926e-18,0.1679552319664517,0.5823927273113423,-1.0527603094834248e-16,0.11601946148188791,0.34308130283173843,2.0816681711721685e-17,3.887168928854954,7.860855287686665,-6.938893903907228e-18,0.35365729772908105,0.9980225378172264,-1.3877787807814457e-17,0.6143110874582549,1.7362103955677757,0.014811931827239343,7.555041140727683,0.06253674211851792,7.632389814673441,7.796818647078977,-0.08454926582617164,0.0,0.1705473798258598,0.08599811399968815,1.0,0.00018345198168849094,0.0,4.242640687119285,0.23706856518792255,0.028100752300130143
1030,167.44539535329858,0.19634954084936207,-4.553649124439119e-18,0.1692271296177412,0.6134681915615069,-1.0440866921035408e-16,0.11212048667958491,0.32440784052503674,6.938893903907228e-17,3.8953780180028246,7.894894012773006,0.0,0.3540265066223892,1.0202393166909727,-2.0816681711721685e-17,0.6176154827388788,1.7786656658076556,0.014531656799288967,7.586984951569807,0.06266738369562629,7.664183992064722,7.829842574580421,-0.08462245783131754,0.0,0.17054599526782002,0.08592353743650248,1.0,0.00018092025309623526,0.0,4.242640687119285,0.23524888085293366,0.02767101797127889
1031,167.64174489414793,0.19634954084936207,-4.7704895589362195e-18,0.16998272425249036,0.6208615195051712,-1.0484235007934828e-16,0.11039143966507929,0.30333460342310004,4.5102810375396984e-17,3.8995303105450994,7.897027252118819,0.0,0.35453177241574946,1.034485020482203,-3.469446951953614e-17,0.6181986856831773,1.7916717240873234,0.014443825343552392,7.603168321429981,0.06284638882612639,7.6804585355996595,7.846490720470497,-0.0835887743036053,0.0,0.170172736871255,0.0865839625676497,1.0,0.00018092025309623526,0.0,4.242640687119285,0.23524888085293366,0.02767101797127889
1032,167.8380944349973,0.19634954084936207,-4.336808689942018e-18,0.17057006501400507,0.622489872308798,-1.0430024899310553e-16,0.1092482643944689,0.29884908552725115,3.8163916471489756e-17,3.9037405787448187,7.886500872375947,-1.3877787807814457e-17,0.3549396770318706,1.0420033089858656,-1.3877787807814457e-17,0.6178398844105235,1.797980171283176,0.014397566668489029,7.6195952530694635,0.06299108716574432,7.6969839069036965,7.863041047216911,-0.08370797665392707,0.0,0.1697926911602109,0.08608471450628383,1.0,0.00018092025309623526,0.0,4.242640687119285,0.23524888085293366,0.02767101797127889
1033,168.03444397584664,0.19634954084936207,-4.9873299934333204e-18,0.17085187736160237,0.6187779597530343,-1.0473392986209973e-16,0.10888360432488661,0.28813217367999167,7.28583859910259e-17,3.9080365222280617,7.862933650160063,-1.3877787807814457e-17,0.35509821038309525,1.042763495651393,-2.0816681711721685e-17,0.6165649261496793,1.7976909316146883,0.014389632583176264,7.636374729534202,0.06304736950863848,7.713811731626017,7.879500224337304,-0.08382011317612026,0.0,0.16944121554410557,0.08562110236798531,1.0,0.00018092025309623526,0.0,4.242640687119285,0.23524888085293366,0.02767101797127889
1035,168.42714305754535,0.19634954084936207,-3.903127820947816e-18,0.17029886681150508,0.5988136530731457,-1.0386656812411132e-16,0.11042655455487234,0.2742809726723374,9.71445146547012e-17,3.9168823675960525,7.8164827598104605,0.0,0.3545204408441254,1.027097352372478,-2.0816681711721685e-17,0.6121045226512015,1.7814394209631979,0.014456525630022962,7.670983740792431,0.06284237148815648,7.74828263791061,7.9122864349942805,-0.08393763234294667,0.0,0.1692227012088103,0.08528506886586364,1.0,0.00018092025309623526,0.0,4.242640687119285,0.23524888085293366,0.02767101797127889
1036,168.6234925983947,0.19634954084936207,-6.071532165918825e-18,0.16955428051763125,0.5847209958682592,-1.0538445116559103e-16,0.1119682350173876,0.28178949404156023,3.8163916471489756e-17,3.9213812308204075,7.834330729199417,0.0,0.35392048032309176,1.0229480801481061,-2.7755575615628914e-17,0.6095870998082906,1.7689233400411808,0.014514111985211561,7.688615378715287,0.06262985319606398,7.765759343896563,7.928720233800851,-0.08397419646980549,0.0,0.16946306316855306,0.08548886669874757,1.0,0.00018092025309623526,0.0,4.242640687119285,0.23524888085293366,0.02767101797127889
1037,168.81984213924406,0.19634954084936207,-5.637851296924623e-18,0.16866952745771574,0.5693871950562275,-1.0495077029659683e-16,0.1136607876202792,0.29101243359359674,4.163336342344337e-17,3.9258766246974104,7.842783650905314,6.938893903907228e-18,0.35329913310109934,1.0301023768640611,-1.3877787807814457e-17,0.6073729733601857,1.756199651183398,0.014578062870188226,7.706253636172766,0.06241013872499415,7.783241837767949,7.9452554972604075,-0.08393228770391493,0.0,0.16993217054098875,0.08599988283707381,1.0,0.00018092025309623526,0.0,4.242640687119285,0.23524888085293366,0.02767101797127889
1038,169.0161916800934,0.19634954084936207,-5.854691731421724e-18,0.16782789565403705,0.5539038899815636,-1.0516761073109393e-16,0.1152393617487129,0.2954231826377133,7.979727989493313e-17,3.9303265258527977,7.838474945574104,0.0,0.35281550044773485,1.048709108365684,-3.469446951953614e-17,0.6057713088561997,1.7451470548446797,0.014644247652205048,7.72373329991106,0.0622393886780928,7.800616936241358,7.961935222150456,-0.0838392864464624,0.0,0.17056734166553966,0.08672805521907727,1.0,0.00018092025309623526,0.0,4.242640687119285,0.23524888085293366,0.02767101797127889
1040,169.40889076179212,0.19634954084936207,-6.071532165918825e-18,0.16701189209009773,0.5264216434841186,-1.0495077029659683e-16,0.11736912033043362,0.30888043791742503,1.3877787807814457e-17,3.9389862925506693,7.793449753519633,0.0,0.35267193353892606,1.0745031947678054,0.0,0.6050165393480402,1.7327315419469675,0.014790198087309643,7.757806506451033,0.062188746353042335,7.834785450891385,7.995806350723291,-0.08361621878751022,0.0,0.17163558539883375,0.08801936661132354,1.0,0.000179648050804886,0.0,4.242640687119285,0.24007396401817158,0.028817754099699174
1041,169.60524030264148,0.19634954084936207,-7.37257477290143e-18,0.16731448767030288,0.5158857654050515,-1.0430024899310553e-16,0.11775869554310302,0.31311495302871833,6.938893903907228e-17,3.943226855206312,7.770694510293668,-1.3877787807814457e-17,0.35300334271077544,1.0792887182670645,-6.938893903907228e-18,0.6058090799677853,1.7316868591733756,0.014881054612990073,7.774519015810131,0.06230567998249058,7.851705750405611,8.013102683558385,-0.08276536306503786,0.0,0.17260162379107707,0.08983626072603922,1.0,0.000179648050804886,0.0,4.242640687119285,0.24007396401817158,0.028817754099699174
1042,169.80158984349083,0.19634954084936207,-6.071532165918825e-18,0.16816638528606515,0.5109098182756622,-1.0473392986209973e-16,0.11760562740181645,0.3113989552009665,3.122502256758253e-17,3.947428881061833,7.740076998025361,0.0,0.35343303607379883,1.0800313343442591,-1.3877787807814457e-17,0.6071273221378402,1.732900696606059,0.01498685827586185,7.79109738552054,0.0624574554941716,7.868541699290573,8.030522122812036,-0.08259867219760574,0.0,0.1730592307357603,0.09046055853815456,1.0,0.000179648050804886,0.0,4.242640687119285,0.24007396401817158,0.028817754099699174
1044,170.19428892518954,0.19634954084936207,-5.421010862427522e-18,0.17125768752308523,0.5096348058600189,-1.0451708942760263e-16,0.11554029887324654,0.30222218730907524,6.938893903907228e-18,3.955904058867841,7.701711870727898,6.938893903907228e-18,0.35385104401339146,1.0951619385911493,-2.7755575615628914e-17,0.6101777247823933,1.7351658311293818,0.015219661547714562,7.824588461483528,0.06260528067468354,7.902413403705927,8.065544235452178,-0.08241282662706134,0.0,0.17333666563425992,0.09092383900719858,1.0,0.000179648050804886,0.0,4.242640687119285,0.24007396401817158,0.028817754099699174
1045,170.3906384660389,0.19634954084936207,-5.637851296924623e-18,0.1731720510169895,0.5098762240748286,-1.0495077029659683e-16,0.11379863400066859,0.29930343348837984,5.204170427930421e-17,3.960247891577747,7.716558098859581,6.938893903907228e-18,0.3536019716317907,1.0974185164806538,-2.0816681711721685e-17,0.6113076097848057,1.73607542300806,0.015328623301659038,7.841781681372995,0.06251717717094483,7.919627481845599,8.083042847337364,-0.08232650664564571,0.0,0.17318090344450388,0.09085439679885816,1.0,0.000179648050804886,0.0,4.242640687119285,0.24007396401817158,0.028817754099699174
1046,170.58698800688825,0.19634954084936207,-5.854691731421724e-18,0.17502758892015824,0.5099514220161172,-1.0495077029659683e-16,0.11192566147002879,0.29401139689589456,3.122502256758253e-17,3.964670404320312,7.740152313326123,0.0,0.3530802812027419,1.0954547688457839,-6.938893903907228e-18,0.6118464476951384,1.7388543537439245,0.015422189473365102,7.8593057074466905,0.06233284248710362,7.937060739407159,8.100469722294697,-0.0823397388530606,0.0,0.17282211253079818,0.09048237367773758,1.0,0.000179648050804886,0.0,4.242640687119285,0.24007396401817158,0.028817754099699174
1047,170.7833375477376,0.19634954084936207,-5.637851296924623e-18,0.17658615783060627,0.5116062731073802,-1.0451708942760263e-16,0.11028538621425552,0.28561299613034846,-1.3877787807814457e-17,3.9691437772089158,7.766956785003893,0.0,0.35246212510893626,1.0888657063539853,-1.3877787807814457e-17,0.611667192474308,1.7368663000652806,0.015494629199335572,7.877051162078129,0.06211477481815371,7.954660566095619,8.11779226458811,-0.0823942896935724,0.0,0.17233770646628777,0.08994341677271536,1.0,0.000179648050804886,0.0,4.242640687119285,0.24007396401817158,0.028817754099699174
1049,171.1760366294363,0.19634954084936207,-4.9873299934333204e-18,0.17812236307606316,0.5200724448817617,-1.0430024899310553e-16,0.1088777123536052,0.26271399436953285,2.42861286636753e-17,3.9780612814138805,7.807319662743754,-6.938893903907228e-18,0.35186793020997054,1.0610023797357802,-2.0816681711721685e-17,0.6092938344888119,1.7186009071928792,0.015563270878667924,7.912485779342122,0.06190552015512434,7.9899545703759145,8.152094614252476,-0.08251362655384838,0.0,0.17157449707066028,0.0890608705168119,1.0,0.000179648050804886,0.0,4.242640687119285,0.24007396401817158,0.028817754099699174
1050,171.37238617028567,0.19634954084936207,-6.071532165918825e-18,0.177975243630651,0.521708382556643,-1.0343288725511712e-16,0.10931960861714753,0.27165665496041613,-1.734723475976807e-17,3.982424321178447,7.820665027303665,6.938893903907228e-18,0.3522278770316728,1.0399770438708698,-2.7755575615628914e-17,0.6074747105581555,1.7043794173920739,0.015562180200163677,7.929851736956806,0.06203223867911958,8.007446155836089,8.169115285986493,-0.08262461735558359,0.0,0.1710147243396687,0.0883901069840851,1.0,0.00017727718363226656,0.0,4.242640687119285,0.23107632010052284,0.026698132855599646
1051,171.56873571113502,0.19634954084936207,-3.686287386450715e-18,0.17729708025376772,0.5171403834547839,-1.0473392986209973e-16,0.11041173134868182,0.28430944874599334,5.204170427930421e-17,3.9867515590584133,7.829679648614451,-6.938893903907228e-18,0.3530553299758682,1.0150016529660197,-1.3877787807814457e-17,0.6056343997916281,1.6890082836207299,0.015546727006578775,7.947093996827344,0.06232403301218458,8.024964756846108,8.186322906935251,-0.08158853724624177,0.0,0.17090824462942483,0.08931970738318307,1.0,0.00017727718363226656,0.0,4.242640687119285,0.23107632010052284,0.026698132855599646
1052,171.76508525198437,0.19634954084936207,-7.15573433840433e-18,0.17624508201696118,0.5064284032505232,-1.0495077029659683e-16,0.11188506869321868,0.2921196862023919,3.469446951953614e-17,3.991002066902447,7.840195709136697,0.0,0.35419023915851,0.9881089969028078,-1.3877787807814457e-17,0.6040744334261822,1.6743864352076434,0.015525117154815807,7.964048749009802,0.06272536275758125,8.042299228922198,8.203549190381954,-0.08162254246691683,0.0,0.1710397135708034,0.08941717110388656,1.0,0.00017727718363226656,0.0,4.242640687119285,0.23107632010052284,0.026698132855599646
1054,172.15778433368308,0.19634954084936207,-4.553649124439119e-18,0.17381336379655693,0.4978066740901266,-1.0451708942760263e-16,0.11498924724760469,0.30208351392073135,2.7755575615628914e-17,3.9994001016841945,7.856516471382434,0.0,0.35642404897592594,0.9867541318237133,-1.3877787807814457e-17,0.60274643026507,1.6533479187352722,0.015490518248632752,7.9976005866757705,0.06351905134419661,8.076610156268599,8.238221087596063,-0.08162111138426476,0.0,0.17160404452036157,0.08998293313609682,1.0,0.00017727718363226656,0.0,4.242640687119285,0.23107632010052284,0.026698132855599646
1055,172.35413387453244,0.19634954084936207,-4.553649124439119e-18,0.17279842183598096,0.502074630107594,-1.0495077029659683e-16,0.1162311444706808,0.31021145427679747,5.204170427930421e-17,4.003625606872292,7.8537031464018705,-1.3877787807814457e-17,0.35704112087083195,1.0048544286524252,-2.7755575615628914e-17,0.6031744159565369,1.648566153878333,0.015480951291951761,8.014509000001768,0.06373918099634998,8.09372913229007,8.255699544823834,-0.08159247534674793,0.0,0.17231099641852188,0.09071852107177394,1.0,0.00017727718363226656,0.0,4.242640687119285,0.23107632010052284,0.026698132855599646
1056,172.5504834153818,0.19634954084936207,-6.288372600415926e-18,0.17208319210339645,0.5106396632723866,-1.0451708942760263e-16,0.11706223316624745,0.31760039555087766,3.122502256758253e-17,4.007912640034236,7.879724570075324,-6.938893903907228e-18,0.3571018510314379,1.0175095144355906,-2.7755575615628914e-17,0.6042520010822546,1.6490129036409735,0.015469577334089603,8.0316818650731,0.06376086600503963,8.11091230841223,8.273255704236485,-0.08157900845242823,0.0,0.17270012041527005,0.09112111196284182,1.0,0.00017727718363226656,0.0,4.242640687119285,0.23107632010052284,0.026698132855599646
1058,172.9431824970805,0.19634954084936207,-3.903127820947816e-18,0.17171179047604584,0.5384811644356573,-1.0408340855860843e-16,0.1170076594877487,0.3186850324246409,5.898059818321144e-17,4.016715732803578,8.015065556660065,6.938893903907228e-18,0.35549946412589406,1.0194811034190319,-2.7755575615628914e-17,0.6075423406421054,1.6616807437930285,0.015401249297550367,8.067002639075895,0.0631899344968989,8.145593822870344,8.308442835198923,-0.0816107248694746,0.0,0.17292958342459422,0.09131885855511962,1.0,0.00017727718363226656,0.0,4.242640687119285,0.23107632010052284,0.026698132855599646
1059,173.13953203792985,0.19634954084936207,-4.553649124439119e-18,0.17202877569378708,0.5568130732166593,-1.0451708942760263e-16,0.11604430817908193,0.3081775037395042,1.3877787807814457e-17,4.0212042695174395,8.058915280555828,-1.3877787807814457e-17,0.35410727952092275,1.007389381346769,-1.3877787807814457e-17,0.6092318892833404,1.6700405636137228,0.015334748166386228,8.08504188859264,0.06269598270485445,8.16307261946388,8.325982745797067,-0.08171708792291624,0.0,0.17276417381697529,0.09104708589405905,1.0,0.00017727718363226656,0.0,4.242640687119285,0.23107632010052284,0.026698132855599646
1060,173.3358815787792,0.19634954084936207,-5.854691731421724e-18,0.17261508812419307,0.5747489787032598,-1.0495077029659683e-16,0.11460225343801643,0.2935435359235265,1.2836953722228372e-16,4.025702311844511,8.085601817612343,-1.3877787807814457e-17,0.3526718246753279,0.9872471781021115,-1.3877787807814457e-17,0.6105994335749982,1.6780408543546985,0.015255575060772207,8.103139551795117,0.06218870795991263,8.1805838348158,8.343437093211886,-0.08183870485195593,0.0,0.1724465300528161,0.09060782520086016,1.0,0.00017566177574142698,0.0,4.242640687119285,0.23278566447909638,0.02709458279348722
1061,173.53223111962856,0.19634954084936207,-5.637851296924623e-18,0.17339091503592757,0.5911601647536617,-1.0408340855860843e-16,0.11294560711660118,0.2786753176908281,4.163336342344337e-17,4.030198347821425,8.096447469891148,0.0,0.3515153800610696,0.969974839968579,-6.938893903907228e-18,0.6114415237792781,1.6892259479262046,0.015178893499616479,8.121249361391275,0.061781531209739074,8.19820978610063,8.36093371630078,-0.08124650858400853,0.0,0.17204911805599649,0.09080260947198796,1.0,0.00017566177574142698,0.0,4.242640687119285,0.23278566447909638,0.02709458279348722
1063,173.92493020132727,0.19634954084936207,-6.288372600415926e-18,0.17504829941543334,0.6156602586046072,-1.0408340855860843e-16,0.11001146768550162,0.2696812541888378,4.5102810375396984e-17,4.038951291706477,8.081110777764197,-6.938893903907228e-18,0.3509042347744527,0.9699602125834936,-6.938893903907228e-18,0.611067558380845,1.7040372111109399,0.015073410473522833,8.156563768388708,0.06156689099132211,8.233204069853553,8.395589922289368,-0.08149829952022937,0.0,0.17143326827665142,0.08993496875642205,1.0,0.00017566177574142698,0.0,4.242640687119285,0.23278566447909638,0.02709458279348722
1064,174.12127974217663,0.19634954084936207,-4.119968255444917e-18,0.1756429480311096,0.622414656024274,-1.0364972768961422e-16,0.10914059248731534,0.26191955665780714,2.0816681711721685e-17,4.043209992433343,8.061902039348396,0.0,0.35147373987634306,0.995081797063216,-2.7755575615628914e-17,0.6098537662375059,1.705366435727606,0.015045541005553626,8.173773521456415,0.06176689491133161,8.2505859573733,8.412771688657028,-0.08171965788001813,0.0,0.1709001778059229,0.08918051992590477,1.0,0.00017566177574142698,0.0,4.242640687119285,0.23278566447909638,0.02709458279348722
1065,174.31762928302598,0.19634954084936207,-4.7704895589362195e-18,0.17589538556097747,0.6250202564130365,-1.0451708942760263e-16,0.10882469960702856,0.2510533964222262,4.5102810375396984e-17,4.047438622173652,8.039737385541143,6.938893903907228e-18,0.35233089414197866,1.021164667393531,-2.0816681711721685e-17,0.6081018082823402,1.703166982592837,0.015026260287449666,8.190879700131473,0.062068529483443075,8.267974489902366,8.429885727879597,-0.08182422147256234,0.0,0.17065431264286562,0.08883009117030329,1.0,0.00017566177574142698,0.0,4.242640687119285,0.23278566447909638,0.02709458279348722
1066,174.51397882387533,0.19634954084936207,-5.421010862427522e-18,0.17572292083679772,0.6234261048980972,-1.0321604682062002e-16,0.10911441069489716,0.25685311657812976,3.122502256758253e-17,4.051691710684839,8.029088383001334,-6.938893903907228e-18,0.3531189875932008,1.0413100543019989,-6.938893903907228e-18,0.606010663209799,1.6980800804786456,0.015011074546390998,8.208102859216115,0.06234650969942354,8.28546044346193,8.44696416262083,-0.08188574294929478,0.0,0.17052946880486541,0.08864372585557063,1.0,0.00017566177574142698,0.0,4.242640687119285,0.23278566447909638,0.02709458279348722
1068,174.90667790557404,0.19634954084936207,-5.421010862427522e-18,0.1742313283200095,0.6086567037751021,-1.0495077029659683e-16,0.11138503429321286,0.28499104459365,7.28583859910259e-17,4.0604234231222245,7.99580256434938,0.0,0.35335109353243793,1.0568066496477067,-2.0816681711721685e-17,0.6018201107100718,1.6815312023873772,0.01500472590913883,8.243519187519798,0.06242849765028483,8.32095241107922,8.48117151905638,-0.08188681399391284,0.0,0.17065285892547993,0.08876604493156709,1.0,0.00017566177574142698,0.0,4.242640687119285,0.23278566447909638,0.02709458279348722
1069,175.1030274464234,0.19634954084936207,-5.421010862427522e-18,0.17322385317610764,0.5965083136783846,-1.0451708942760263e-16,0.1130680749507878,0.3005182564367862,5.898059818321144e-17,4.064901752771049,7.985136584609826,0.0,0.352646844828663,1.0510425609418634,-2.7755575615628914e-17,0.600236802941333,1.678578621146148,0.015031674649697084,8.26171312984057,0.06217989858380555,8.338924703074072,8.498381340951292,-0.08180552853937816,0.0,0.17110770479878717,0.08930217625940902,1.0,0.00017566177574142698,0.0,4.242640687119285,0.23278566447909638,0.02709458279348722
1070,175.29937698727275,0.19634954084936207,-5.854691731421724e-18,0.1723534171926423,0.5820802793965103,-1.0451708942760263e-16,0.11476454651811434,0.3119513962215429,7.28583859910259e-17,4.069403571230704,7.981978602093672,-1.3877787807814457e-17,0.35160853135260994,1.0372976090341965,-1.3877787807814457e-17,0.5992649167054617,1.6775956746795138,0.015090163510179212,8.280022712772602,0.061814279659969634,8.356927155942751,8.5157034145091,-0.08171114688513956,0.0,0.1715832301511772,0.08987208326603766,1.0,0.00017496958404627827,0.0,4.242640687119285,0.23674727286994582,0.02802463560567829
1072,175.69207606897146,0.19634954084936207,-4.553649124439119e-18,0.17181210669176533,0.5491521256557785,-1.0451708942760263e-16,0.11701848286867612,0.32136423276527876,3.122502256758253e-17,4.078294441477057,7.9738004452337945,6.938893903907228e-18,0.3497067536626392,1.0091222175723928,-2.7755575615628914e-17,0.5993832384425014,1.6768165918110682,0.015288694456932643,8.31624277569133,0.06114740677863091,8.392678876926894,8.550826555667497,-0.08123280501948099,0.0,0.1723170588076199,0.09108425378813892,1.0,0.00017496958404627827,0.0,4.242640687119285,0.23674727286994582,0.02802463560567829
1073,175.8884256098208,0.19634954084936207,-4.119968255444917e-18,0.17227164477928075,0.531924290495792,-1.0408340855860843e-16,0.1171732144464444,0.31909721473597474,3.8163916471489756e-17,4.082604270560303,7.969030734191973,0.0,0.3492865271741082,1.0173555259698353,-2.0816681711721685e-17,0.6002659041794843,1.6770892152563526,0.015396101914411117,8.333828814998611,0.06100053903267451,8.410225455945698,8.568512167022885,-0.0810932623389456,0.0,0.1728081279491247,0.09171486561017911,1.0,0.00017496958404627827,0.0,4.242640687119285,0.23674727286994582,0.02802463560567829
1074,176.08477515067017,0.19634954084936207,-6.288372600415926e-18,0.17309938832441113,0.5159064301680941,-1.0495077029659683e-16,0.11664844067442416,0.3126498647326189,9.367506770274758e-17,4.0868292708829275,7.963644887635586,6.938893903907228e-18,0.34928832347923267,1.0280129077856972,-2.7755575615628914e-17,0.6013806657948143,1.6778457783959297,0.015478489987972351,8.351086744672738,0.06100116645946653,8.427566401120176,8.586215417981434,-0.08102882154240737,0.0,0.1728321474411847,0.09180332589877732,1.0,0.00017496958404627827,0.0,4.242640687119285,0.23674727286994582,0.02802463560567829
1075,176.28112469151952,0.19634954084936207,-4.7704895589362195e-18,0.17410120650668953,0.5053682928543402,-1.0451708942760263e-16,0.11558270512383233,0.3028348968033357,-1.0408340855860843e-17,4.09100554198641,7.962363938109537,6.938893903907228e-18,0.3495897508876062,1.0346552762592167,-2.0816681711721685e-17,0.60242367344438,1.6791862769425967,0.01551575428316256,8.368163172281761,0.06110649696282924,8.444785423527753,8.603878776718664,-0.08099421009152913,0.0,0.17259221358717203,0.0915980034956429,1.0,0.00017496958404627827,0.0,4.242640687119285,0.23674727286994582,0.02802463560567829
1077,176.67382377321823,0.19634954084936207,-7.37257477290143e-18,0.17583243105894078,0.49061675456819737,-1.0538445116559103e-16,0.11262572205059182,0.3036502030565452,1.734723475976807e-17,4.099394123599933,7.94983501296341,-6.938893903907228e-18,0.35030386450469503,1.0404751182706313,-2.7755575615628914e-17,0.6032730418665393,1.6844206723970976,0.015414858911857496,8.402516090302832,0.06135639874346186,8.47928734795815,8.638907104723199,-0.08100370423342167,0.0,0.17183577651561946,0.09083207228219779,1.0,0.00017496958404627827,0.0,4.242640687119285,0.23674727286994582,0.02802463560567829
1078,176.87017331406759,0.19634954084936207,-6.5052130349130266e-18,0.17628233037448035,0.4884221711345972,-1.0451708942760263e-16,0.11111295520260288,0.3047084652353191,3.122502256758253e-17,4.103676061750197,7.951616950263571,0.0,0.3503699583439649,1.034061025112571,-1.3877787807814457e-17,0.6028213287645214,1.6888287537141817,0.015282003888610252,8.420078609890805,0.06137955385497584,8.49674016763439,8.656235981180993,-0.08106697455672372,0.0,0.17094403488515925,0.08987706032843552,1.0,0.00017496958404627827,0.0,4.242640687119285,0.23674727286994582,0.02802463560567829
1079,177.06652285491694,0.19634954084936207,-4.553649124439119e-18,0.1763698484562139,0.4879288881779049,-1.0451708942760263e-16,0.10980853884170926,0.30067248484722753,6.591949208711867e-17,4.108032469348372,7.997375610841027,0.0,0.3501262064860257,1.0294159135781478,-2.0816681711721685e-17,0.6018176517153593,1.6947185420253998,0.015114500702807948,8.437965384610242,0.06129418023414758,8.514374065547198,8.67345805697872,-0.08113606434535141,0.0,0.17045689537233702,0.08932083102698561,1.0,0.00017496958404627827,0.0,4.242640687119285,0.23674727286994582,0.02802463560567829
1080,177.2628723957663,0.19634954084936207,-6.071532165918825e-18,0.1760863461335048,0.4907605682991746,-1.0451708942760263e-16,0.10888847151993662,0.2911753488956425,9.020562075079397e-17,4.11245029076157,8.049836889431797,-6.938893903907228e-18,0.3495937290266058,1.0241764493490235,-2.0816681711721685e-17,0.6004153929265925,1.7021535971527701,0.014935293192180924,8.45612369699246,0.06110788768736394,8.532166877872005,8.690609399456434,-0.08121706892173736,0.0,0.17016272590535234,0.08894565698361498,1.0,0.00017319126694081378,0.0,4.242640687119285,0.22853934129275175,0.02611511525926243
1082,177.655571477465,0.19634954084936207,-5.854691731421724e-18,0.17444999451850324,0.49979414697747515,-1.0451708942760263e-16,0.10878791137504629,0.29816399593240095,6.938893903907228e-17,4.121421163335307,8.117119532460265,0.0,0.34812986534829055,1.0664322755238724,-2.7755575615628914e-17,0.597299081412697,1.7209196119716565,0.014618663883554456,8.493056202794076,0.060597201573709444,8.568272068251341,8.72519614184229,-0.08053127410357612,0.0,0.1701652726638679,0.08963399856029179,1.0,0.00017319126694081378,0.0,4.242640687119285,0.22853934129275175,0.02611511525926243
1083,177.85192101831436,0.19634954084936207,-6.288372600415926e-18,0.17313320761037804,0.5046366735380637,-1.0495077029659683e-16,0.10965173536846613,0.3084905314885825,7.28583859910259e-17,4.125859713954655,8.128188249273363,-1.3877787807814457e-17,0.34752025224639727,1.0928319006424925,-6.938893903907228e-18,0.5960081060620965,1.7314490447503696,0.01449552994990392,8.511359189616988,0.06038516286069978,8.586239882427591,8.742535974161058,-0.08066833720067439,0.0,0.17052991534459183,0.08986157814391744,1.0,0.00017319126694081378,0.0,4.242640687119285,0.22853934129275175,0.02611511525926243
1084,178.0482705591637,0.19634954084936207,-6.5052130349130266e-18,0.17153677635010262,0.508758076538742,-1.0495077029659683e-16,0.11098767687208344,0.3142091452861481,3.8163916471489756e-17,4.130225096172139,8.12381688340022,0.0,0.3471895653157916,1.1132552202806096,-6.938893903907228e-18,0.5951178490453686,1.7419111152137166,0.014390657464255762,8.529379672525076,0.060270297132084164,8.604040627121416,8.759935542901644,-0.08074827094687881,0.0,0.17091632370771304,0.09016805276083423,1.0,0.00017319126694081378,0.0,4.242640687119285,0.22853934129275175,0.02611511525926243
1086,178.44096964086242,0.19634954084936207,-5.854691731421724e-18,0.1679279853620908,0.5142568407509731,-1.0364972768961422e-16,0.11418248628112704,0.3125649251848125,3.8163916471489756e-17,4.138713480580971,8.115314510304104,-6.938893903907228e-18,0.34746066883792753,1.131369677780068,-1.3877787807814457e-17,0.5948368217343606,1.7595585316501539,0.014203504781871983,8.564474637171324,0.06036445819464997,8.639042600147846,8.794941386355074,-0.08085096347340513,0.0,0.171556089894593,0.09070512642118787,1.0,0.00017319126694081378,0.0,4.242640687119285,0.22853934129275175,0.02611511525926243
1087,178.63731918171177,0.19634954084936207,-5.854691731421724e-18,0.1662670658659044,0.5183690157995711,-1.0408340855860843e-16,0.11552899149270428,0.3095104975757257,0.0,4.142880272505236,8.118051912306456,0.0,0.34781993252017124,1.1291191823894615,-1.3877787807814457e-17,0.5954352144285624,1.765263417372669,0.014112738582493404,8.581728476156531,0.06048935272916821,8.656330567468194,8.812546555734388,-0.0809424086282116,0.0,0.17217911573271508,0.09123670710450348,1.0,0.00017319126694081378,0.0,4.242640687119285,0.22853934129275175,0.02611511525926243
1088,178.83366872256113,0.19634954084936207,-3.686287386450715e-18,0.16498621490501952,0.5219574698828464,-1.0538445116559103e-16,0.11640532309265082,0.30516817868834434,3.8163916471489756e-17,4.1470515342169785,8.132113617738922,0.0,0.3480285383963635,1.1207789639046213,-6.938893903907228e-18,0.5964182594043002,1.7681739116917619,0.01402640722328703,8.5990182137257,0.06056193176915453,8.673606552718141,8.830211464328027,-0.0810030051259379,0.0,0.1725477964047599,0.091544791278822,1.0,0.00017319126694081378,0.0,4.242640687119285,0.22853934129275175,0.02611511525926243
1089,179.03001826341048,0.19634954084936207,-5.854691731421724e-18,0.16426429083129837,0.5253104754371132,-1.0451708942760263e-16,0.11666836671608392,0.29872853244985126,1.3877787807814457e-17,4.151271388745428,8.151025879665688,-6.938893903907228e-18,0.34786378207518637,1.108121897405358,-6.938893903907228e-18,0.5976336880880455,1.768138734965365,0.013951221946771526,8.616527071508202,0.06050460543982636,8.690982898894799,8.847922331121808,-0.08107102423888346,0.0,0.1728505505204378,0.09177952628155434,1.0,0.00017319126694081378,0.0,4.242640687119285,0.22853934129275175,0.02611511525926243
1091,179.4227173451092,0.19634954084936207,-5.204170427930421e-18,0.16472464850103216,0.539261966153814,-1.0408340855860843e-16,0.11526856001878598,0.28978899276625086,7.979727989493313e-17,4.159954339763622,8.158058249299875,-6.938893903907228e-18,0.3460899821892836,1.0774601965080126,-1.3877787807814457e-17,0.59994724338673,1.7606427853450417,0.013857548945041124,8.652610054459094,0.05988913788588933,8.726356741290024,8.883428786784696,-0.08110326633730361,0.0,0.1730940951513534,0.0919908288140498,1.0,0.0001727508972216365,0.0,4.242640687119285,0.23506007166134937,0.02762661864471935
1092,179.61906688595855,0.19634954084936207,-6.7220534694101275e-18,0.16572484303867288,0.5473037142438741,-1.0451708942760263e-16,0.11381000813773091,0.2893684129032864,1.3877787807814457e-17,4.1643960140632705,8.16941834573839,0.0,0.34471435581230286,1.0626206227044976,-3.469446951953614e-17,0.6006111206787373,1.7548038132824308,0.013839760278861852,8.671097080973029,0.059413993551545474,8.744350834803436,8.901162932291383,-0.08118433889232106,0.0,0.17307363382840635,0.09188929493608529,1.0,0.0001727508972216365,0.0,4.242640687119285,0.23506007166134937,0.02762661864471935
1093,179.8154164268079,0.19634954084936207,-4.7704895589362195e-18,0.16696611464803146,0.5550962036681094,-1.0408340855860843e-16,0.1121307122645412,0.2903647282139168,3.122502256758253e-17,4.1688501247674346,8.191378031011501,-6.938893903907228e-18,0.34338296647038735,1.049516092175281,-6.938893903907228e-18,0.6007096718837791,1.74899672017085,0.013834886934040861,8.689655681386727,0.05895593083100159,8.762446499151768,8.918832499654345,-0.08133922637197664,0.0,0.17289879868196142,0.09155957230998478,1.0,0.0001727508972216365,0.0,4.242640687119285,0.23506007166134937,0.02762661864471935
1094,180.01176596765725,0.19634954084936207,-6.938893903907228e-18,0.16820647315578408,0.5620829180404162,-1.0495077029659683e-16,0.11051583790746487,0.28960756897219847,7.632783294297951e-17,4.17326851172771,8.230493674277975,-6.938893903907228e-18,0.3424155345507503,1.0379837366659972,-2.7755575615628914e-17,0.6001603865240601,1.7442487890865908,0.01383747436135009,8.708085035489006,0.05862419915083802,8.780546709001195,8.936422880331264,-0.08151097304697533,0.0,0.1726661045575244,0.09115513151054908,1.0,0.0001727508972216365,0.0,4.242640687119285,0.23506007166134937,0.02762661864471935
1096,180.40446504935596,0.19634954084936207,-4.7704895589362195e-18,0.16992660645604002,0.5716601968854905,-1.0364972768961422e-16,0.10847641023622163,0.2769444890194537,3.469446951953614e-17,4.18186486348643,8.285127054267237,0.0,0.3423583812177547,1.019125395829656,-2.0816681711721685e-17,0.5973356148611663,1.7405382351226701,0.01385691585488938,8.743996868231191,0.05860463059502072,8.816458414681101,8.971401701207144,-0.08177199968840403,0.0,0.17240759824783505,0.09063559855943103,1.0,0.0001727508972216365,0.0,4.242640687119285,0.23506007166134937,0.02762661864471935
1097,180.60081459020532,0.19634954084936207,-4.7704895589362195e-18,0.17022364656866543,0.5736979603719229,-1.0538445116559103e-16,0.10830710663225472,0.2630334485938167,5.204170427930421e-17,4.186030315841321,8.293362129723006,0.0,0.3432557310130374,1.0102612971719074,-1.3877787807814457e-17,0.5954357543575342,1.7417975222735271,0.013876902631495854,8.761424902571296,0.058912248436647344,8.834214053639439,8.988853111219264,-0.08199794672446467,0.0,0.17243008797009662,0.09043214124563195,1.0,0.0001727508972216365,0.0,4.242640687119285,0.23506007166134937,0.02762661864471935
1098,180.79716413105467,0.19634954084936207,-4.9873299934333204e-18,0.17016351482722675,0.5738663785016844,-1.0495077029659683e-16,0.1087026489384857,0.2682406106726333,1.734723475976807e-17,4.190135212931448,8.285846539363153,6.938893903907228e-18,0.3445043783417347,1.0008778724831293,-1.3877787807814457e-17,0.5935739479817039,1.7445513474058554,0.013910224331702881,8.778616551324033,0.059341633348312536,8.851868409004048,9.006339150917457,-0.08209922388689954,0.0,0.17269927981348,0.09060005592658045,1.0,0.0001727508972216365,0.0,4.242640687119285,0.23506007166134937,0.02762661864471935
1100,181.18986321275338,0.19634954084936207,-4.7704895589362195e-18,0.1693743990506123,0.5691171139863989,-1.0451708942760263e-16,0.11087726973764495,0.2721178963655424,7.28583859910259e-17,4.198321896306327,8.22517422075663,6.938893903907228e-18,0.3468085573257791,0.9905360934051478,-1.3877787807814457e-17,0.5910029912572825,1.7510661997819732,0.014045720851250726,8.812953372502575,0.06013808771719411,8.887137181071019,9.041582093420482,-0.0821428231374043,0.0,0.17342255328850742,0.09127973015110312,1.0,0.00017313729871860917,0.0,4.242640687119285,0.2401337500366358,0.028832108953328748
1101,181.38621275360273,0.19634954084936207,-5.637851296924623e-18,0.16889431066994157,0.5643914023608974,-1.0451708942760263e-16,0.11241752682845847,0.26720798864837764,2.7755575615628914e-17,4.2024737655353785,8.224756632899357,-6.938893903907228e-18,0.3473030058734705,0.9907078201561926,-2.7755575615628914e-17,0.5906198274140181,1.7529757093671356,0.014154211569884423,8.830392875006549,0.060309688944373954,8.904856775520807,9.059351045209517,-0.08225219702237832,0.0,0.17428381063747972,0.0920316136151014,1.0,0.00017313729871860917,0.0,4.242640687119285,0.2401337500366358,0.028832108953328748
1102,181.5825622944521,0.19634954084936207,-7.15573433840433e-18,0.16850913342006962,0.5580872453651748,-1.0408340855860843e-16,0.11401111352169536,0.2799302133578941,-2.0816681711721685e-17,4.206704643318387,8.240434993402411,6.938893903907228e-18,0.3471491812338361,0.9917599605040681,-1.3877787807814457e-17,0.5908840650120442,1.7530165995897078,0.014280484059272614,8.848181978058241,0.060256277015661386,8.922718739133174,9.077243890285825,-0.08213334397461228,0.0,0.17480082791651524,0.09266748394190297,1.0,0.00017313729871860917,0.0,4.242640687119285,0.2401337500366358,0.028832108953328748
1103,181.77891183530144,0.19634954084936207,-5.854691731421724e-18,0.1683046885055751,0.5501383077292044,-1.0538445116559103e-16,0.11540013304485386,0.29772034632595756,-2.7755575615628914e-17,4.211017090078074,8.25318949626762,-6.938893903907228e-18,0.34636795134610643,0.9963191454411926,-1.3877787807814457e-17,0.5916976813324583,1.7508618864997845,0.014407303486704773,8.866332466464804,0.059985378859849364,8.940725148811358,9.095239187116643,-0.08198319994140908,0.0,0.17518128974336333,0.09319808980195425,1.0,0.00017313729871860917,0.0,4.242640687119285,0.2401337500366358,0.028832108953328748
1105,182.17161091700015,0.19634954084936207,-4.7704895589362195e-18,0.1686658032980272,0.5294332741833673,-1.0451708942760263e-16,0.11662868700903833,0.31869305985264773,8.326672684688674e-17,4.219790059306553,8.318335371786297,-6.938893903907228e-18,0.34375530560482087,0.9988706781244985,0.0,0.5941894845101557,1.7405019624777278,0.014594940045983367,8.9033140723112,0.05908385506573188,8.976992867422915,9.131403231234307,-0.08174951633539625,0.0,0.17540260795967486,0.09365309162427861,1.0,0.00017313729871860917,0.0,4.242640687119285,0.2401337500366358,0.028832108953328748
1106,182.3679604578495,0.19634954084936207,-4.7704895589362195e-18,0.16929513842851557,0.5205963771699794,-1.0495077029659683e-16,0.1162349883762979,0.32110141787673097,3.469446951953614e-17,4.2241646065251075,8.342567298532725,-6.938893903907228e-18,0.3425878371415742,0.9953583086682591,-1.3877787807814457e-17,0.5953822121361977,1.7333035845356886,0.014641528110194355,8.921783311509706,0.058683213078670866,8.995108052698573,9.149500859979854,-0.0815613292381389,0.0,0.17529942029454224,0.09373809105640334,1.0,0.00017313729871860917,0.0,4.242640687119285,0.2401337500366358,0.028832108953328748
1107,182.56430999869886,0.19634954084936207,-4.119968255444917e-18,0.17022596349148109,0.5116891139517639,-1.0495077029659683e-16,0.11522645932304262,0.3185717403870789,-6.938893903907228e-18,4.228472503487124,8.350971818705688,-6.938893903907228e-18,0.34195172806043034,0.9938791426581097,-2.7755575615628914e-17,0.5962337149339151,1.7256836534516087,0.014663872159499155,8.939989856373332,0.05846549216175724,9.013119220694588,9.167568266418797,-0.08149395188597577,0.0,0.1750744589580413,0.09358050707206553,1.0,0.00017313729871860917,0.0,4.242640687119285,0.2401337500366358,0.028832108953328748
1108,182.76065953954821,0.19634954084936207,-5.637851296924623e-18,0.1714123455190731,0.5023147799713785,-1.0408340855860843e-16,0.11378562686861948,0.3119455062347986,1.734723475976807e-17,4.232690561790287,8.341321445336735,-6.938893903907228e-18,0.34201940058843855,0.9993722310698652,-3.469446951953614e-17,0.5965833133589091,1.7183228729027942,0.014675389206439985,8.95783469593429,0.058488635189437393,9.030998720330167,9.185583500959744,-0.08148080122326129,0.0,0.17478790142353123,0.09330710020026994,1.0,0.00017313729871860917,0.0,4.242640687119285,0.2401337500366358,0.028832108953328748
1110,183.15335862124692,0.19634954084936207,-6.5052130349130266e-18,0.174099024436061,0.48546901719441604,-1.0538445116559103e-16,0.11057401904360074,0.2903707999629287,1.3877787807814457e-17,4.240907950343654,8.292498569822632,-1.3877787807814457e-17,0.3439111126658174,1.018452425020381,-2.0816681711721685e-17,0.5955790512692187,1.7143668525385545,0.014709925362016651,8.992650121644006,0.05913742670752028,9.066497473713543,9.221407790124966,-0.08156482898866067,0.0,0.17433357167084,0.09276874268217931,1.0,0.00017169060717552232,0.0,4.242640687119285,0.2282187885414965,0.026041907721674147
1111,183.34970816209628,0.19634954084936207,-5.204170427930421e-18,0.17525517477101316,0.48149333629061175,-1.0408340855860843e-16,0.10926659609522693,0.27809987668725483,5.898059818321144e-17,4.245021200779705,8.270129365146364,6.938893903907228e-18,0.3451414452664856,1.0297760186877905,-2.0816681711721685e-17,0.5943790302814985,1.7140236370456892,0.014735800573835847,9.010102497534588,0.05956130862031922,9.084399606728743,9.239348251891423,-0.08105111852828567,0.0,0.1739413560445332,0.09289023751624753,1.0,0.00017169060717552232,0.0,4.242640687119285,0.2282187885414965,0.026041907721674147
1112,183.54605770294563,0.19634954084936207,-7.589415207398531e-18,0.17603162188542698,0.47918964553406984,-1.0451708942760263e-16,0.10837608761046646,0.29029938252822923,-6.938893903907228e-18,4.249180642770096,8.27770538920768,-6.938893903907228e-18,0.34608772532545107,1.0353558404337018,-3.469446951953614e-17,0.5929476812377683,1.713151924192932,0.014755442183503248,9.027768067446042,0.059888356810472415,9.102411866440017,9.257228700475506,-0.08119662966915027,0.0,0.17377721662261125,0.09258058695346098,1.0,0.00017169060717552232,0.0,4.242640687119285,0.2282187885414965,0.026041907721674147
1114,183.93875678464434,0.19634954084936207,-6.071532165918825e-18,0.17593116102394432,0.48079496994890186,-1.0473392986209973e-16,0.10833172572244511,0.30246612092410113,3.8163916471489756e-17,4.257713018369066,8.281537124143732,0.0,0.346426799546563,1.0257343480510306,-3.469446951953614e-17,0.5903566193248972,1.7146451248705397,0.014736716434749003,9.06406007339471,0.06000576372203727,9.138802553551496,9.29290897052833,-0.08139588574531564,0.0,0.1737661817801918,0.09237029603487615,1.0,0.00017169060717552232,0.0,4.242640687119285,0.2282187885414965,0.026041907721674147
1115,184.1351063254937,0.19634954084936207,-5.637851296924623e-18,0.17502099053035902,0.4847849256640997,-1.0451708942760263e-16,0.10928508487481442,0.2997858394060259,2.7755575615628914e-17,4.262049909311009,8.277978665183433,0.0,0.34593622676795843,1.0112764778832897,-2.0816681711721685e-17,0.5896411513796375,1.7189577742839255,0.014694599415366152,9.082534714728988,0.05983593649522617,9.15706525063958,9.310773892732891,-0.08153104370395219,0.0,0.17402339550310073,0.09249235179914854,1.0,0.00017169060717552232,0.0,4.242640687119285,0.2282187885414965,0.026041907721674147
1116,184.33145586634305,0.19634954084936207,-4.9873299934333204e-18,0.1736850706684251,0.4906262494348792,-1.0451708942760263e-16,0.11076266017782109,0.2938701346566055,4.163336342344337e-17,4.266377117211411,8.274881358651047,0.0,0.3453121654827651,1.000935604364357,-2.0816681711721685e-17,0.5895104217258397,1.7260230985882157,0.014637860377452159,9.100986853132573,0.05962024581519826,9.175244959325223,9.328696290217732,-0.08155870059665857,0.0,0.17434332357907964,0.09278462298242107,1.0,0.00017169060717552232,0.0,4.242640687119285,0.2282187885414965,0.026041907721674147
1117,184.5278054071924,0.19634954084936207,-4.7704895589362195e-18,0.17213615497098758,0.4989220011409938,-1.0495077029659683e-16,0.11248794086008104,0.29380123295657745,1.734723475976807e-17,4.270652491698288,8.285939811064301,-6.938893903907228e-18,0.3448139284815237,0.9881210386742745,-2.7755575615628914e-17,0.5900000128499698,1.7352232262402671,0.014573783718811472,9.119236352424394,0.05944832263743066,9.193258458780637,9.346693785512066,-0.08153811286207725,0.0,0.17470828496768825,0.093170172105611,1.0,0.00017169060717552232,0.0,4.242640687119285,0.2282187885414965,0.026041907721674147
1119,184.9205044888911,0.19634954084936207,-6.5052130349130266e-18,0.16937853181617302,0.5227079943106738,-1.0451708942760263e-16,0.11533662518220518,0.289952819652571,5.551115123125783e-17,4.278982610263032,8.294003176431113,-6.938893903907228e-18,0.34472554013011314,0.9906769198381187,-2.7755575615628914e-17,0.592452150080812,1.7546952172155597,0.014448509583854331,9.154846089466716,0.059417849008999116,9.22871244805957,9.382900175605117,-0.0814432629746401,0.0,0.17516367843774364,0.09372041546310354,1.0,0.00017169060717552232,0.0,4.242640687119285,0.2282187885414965,0.026041907721674147
1120,185.11685402974047,0.19634954084936207,-4.9873299934333204e-18,0.1685867807476312,0.5350482143991162,-1.0495077029659683e-16,0.11598022458566351,0.2959954249293059,3.122502256758253e-17,4.2830665181477885,8.286128173333733,0.0,0.3450651508749564,1.013757292725684,-1.3877787807814457e-17,0.5939913748066704,1.7617436617082067,0.01440026514229566,9.17232939943931,0.05953497917417819,9.246264643755783,9.401062576333036,-0.08133830786402087,0.0,0.17537614547668284,0.09403783761266198,1.0,0.00017100093686105668,0.0,4.242640687119285,0.23130635537155345,0.026751315017635686
1121,185.31320357058982,0.19634954084936207,-4.553649124439119e-18,0.16834986782930236,0.5477635764426395,-1.0451708942760263e-16,0.11601612403920017,0.30309097926114437,3.469446951953614e-18,4.287157340646299,8.270605231351324,-6.938893903907228e-18,0.3454610431859868,1.0331896097843478,-2.7755575615628914e-17,0.595380111453874,1.7651585674795265,0.014370984021726655,9.189859031728727,0.05967166617957512,9.263901681930028,9.419282266930608,-0.08097748817693226,0.0,0.17531144568925833,0.09433395751232607,1.0,0.00017100093686105668,0.0,4.242640687119285,0.23130635537155345,0.026751315017635686
1122,185.50955311143917,0.19634954084936207,-6.5052130349130266e-18,0.16868651288060305,0.5618493226813132,-1.0408340855860843e-16,0.115501630300971,0.30578843064691247,1.3877787807814457e-17,4.291277676230014,8.263197637252663,-6.938893903907228e-18,0.34573978105538056,1.0463684259106065,-3.469446951953614e-17,0.5963580301061847,1.7642337006062285,0.014365649903537345,9.207532047255032,0.05976799810211124,9.281665695260681,9.437457276382267,-0.0809951563499711,0.0,0.17510948561654086,0.09411432926656975,1.0,0.00017100093686105668,0.0,4.242640687119285,0.23130635537155345,0.026751315017635686
1124,185.90225219313788,0.19634954084936207,-5.204170427930421e-18,0.1708038899431633,0.5812209421204909,-1.0495077029659683e-16,0.1132601451217778,0.30528599418056335,7.632783294297951e-17,4.29969315264074,8.306960444675912,-6.938893903907228e-18,0.34555695111547663,1.0422899855428485,-1.3877787807814457e-17,0.5964324923813342,1.7499296776871187,0.014432996481158436,9.243680603432828,0.059704803232111955,9.317818403146099,9.473570770229626,-0.08114090210041641,0.0,0.17465615725263536,0.09351525515221895,1.0,0.00017100093686105668,0.0,4.242640687119285,0.23130635537155345,0.026751315017635686
1125,186.09860173398724,0.19634954084936207,-6.7220534694101275e-18,0.17232009582999466,0.5853951775694285,-1.0451708942760263e-16,0.11176683046486567,0.2968299121593045,3.122502256758253e-17,4.303988161849775,8.32854639806098,0.0,0.34510092971513223,1.0306335651940213,-2.7755575615628914e-17,0.595463608143627,1.7382761972369813,0.014501928320181214,9.2621570486715,0.05954732584512431,9.336206302836805,9.491489394010259,-0.08139545650967109,0.0,0.17419951374015819,0.0928040572304871,1.0,0.00017100093686105668,0.0,4.242640687119285,0.23130635537155345,0.026751315017635686
1126,186.2949512748366,0.19634954084936207,-5.637851296924623e-18,0.1739103314506631,0.5859752855164507,-1.0495077029659683e-16,0.11021169787293478,0.2871225239532676,2.0816681711721685e-17,4.308314937634258,8.34188279961497,-6.938893903907228e-18,0.34452236029726846,1.0163872691736615,-1.3877787807814457e-17,0.5939548413291219,1.7253204769514472,0.014587864612705727,9.280788800921238,0.059347828372400435,9.354724493906344,9.509323557734088,-0.0816090357064013,0.0,0.17397085723744438,0.09236182153104308,1.0,0.00017100093686105668,0.0,4.242640687119285,0.23130635537155345,0.026751315017635686
1128,186.6876503565353,0.19634954084936207,-5.421010862427522e-18,0.1765467528867247,0.5793359237722684,-1.0495077029659683e-16,0.10777257150511611,0.2764311342073958,1.0061396160665481e-16,4.3169344498397555,8.345689639572358,-1.3877787807814457e-17,0.34356153957960794,1.034561095478741,-1.3877787807814457e-17,0.5901597256623746,1.7007185520043915,0.01478019551504252,9.317961522106634,0.05901726573915524,9.391758983360832,9.54481414458434,-0.08191030342200721,0.0,0.17379729116834822,0.091886987746341,1.0,0.00017100093686105668,0.0,4.242640687119285,0.23130635537155345,0.026751315017635686
1129,186.88399989738465,0.19634954084936207,-5.854691731421724e-18,0.1772524919491579,0.5741932271186951,-1.0451708942760263e-16,0.10738979413494891,0.2666896934305985,4.85722573273506e-17,4.321168274209188,8.339276190195282,6.938893903907228e-18,0.3434190902789986,1.0563651594131447,-2.0816681711721685e-17,0.5883588005443544,1.6912498116198889,0.014869707000138985,9.336247627016006,0.05896833578402748,9.410085669800173,9.562518846692257,-0.08211497560725295,0.0,0.1737765063475947,0.09166153074034175,1.0,0.00017100093686105668,0.0,4.242640687119285,0.23130635537155345,0.026751315017635686
1130,187.080349438234,0.19634954084936207,-5.204170427930421e-18,0.17740486375796757,0.5691629979039208,-1.0408340855860843e-16,0.10779320993024907,0.2539674125820836,4.5102810375396984e-17,4.325331932624228,8.331248334128038,-1.3877787807814457e-17,0.3435575007487868,1.0737368012678155,-1.3877787807814457e-17,0.5869150624153427,1.6847517891583645,0.014943316367400716,9.35424816368942,0.059015878160376324,9.428207358217197,9.580229944809876,-0.08214697967922378,0.0,0.17383473534090263,0.09168775566167885,1.0,0.0001718832119549098,0.0,4.242640687119285,0.24118739514675064,0.02908567978883742
1131,187.27669897908336,0.19634954084936207,-6.288372600415926e-18,0.17699040314070819,0.5649046635846946,-1.0408340855860843e-16,0.10893253323325548,0.25723040632887806,2.7755575615628914e-17,4.329415334001654,8.339445917459406,-1.3877787807814457e-17,0.34389875501597617,1.0854154358303933,-1.3877787807814457e-17,0.58597466085686,1.6817387072225154,0.014991735415665642,9.371918567144325,0.0591331768507692,9.446043479410761,9.597885558116433,-0.08250832501879436,0.0,0.173919757222387,0.09141143220359264,1.0,0.0001718832119549098,0.0,4.242640687119285,0.24118739514675064,0.02908567978883742
1133,187.66939806078207,0.19634954084936207,-5.421010862427522e-18,0.17482696960208396,0.5593143356322596,-1.0516761073109393e-16,0.11239552824566801,0.27710259929832176,3.469446951953614e-17,4.337518394759595,8.370373770110344,0.0,0.34449391202131774,1.095901048082236,-3.469446951953614e-17,0.5858025137516204,1.6866124050151405,0.014982404129188593,9.407032912438927,0.0593380277098757,9.481353344277991,9.633345809969653,-0.08225234728611744,0.0,0.17404803597796722,0.09179568869184979,1.0,0.0001718832119549098,0.0,4.242640687119285,0.24118739514675064,0.02908567978883742
1134,187.86574760163143,0.19634954084936207,-6.5052130349130266e-18,0.1734198577756649,0.5573376993259171,-1.0495077029659683e-16,0.1140311550985878,0.29735975465560466,6.245004513516506e-17,4.3416170461968635,8.389738093020274,0.0,0.34433508052539274,1.1030874200652707,-1.3877787807814457e-17,0.5864315809931306,1.693661821076882,0.014919527209831446,9.424819287913587,0.059283323840214355,9.499022138963634,9.651159002584096,-0.08189799842687484,0.0,0.17412390290414725,0.09222590447727241,1.0,0.0001718832119549098,0.0,4.242640687119285,0.24118739514675064,0.02908567978883742
1135,188.06209714248078,0.19634954084936207,-4.9873299934333204e-18,0.17206815220295454,0.5550429490701276,-1.0364972768961422e-16,0.11523685377745363,0.31094624408111976,6.245004513516506e-17,4.34578764813409,8.403588239762172,-6.938893903907228e-18,0.34369224713974056,1.1070217572687708,-2.0816681711721685e-17,0.5873129589139622,1.7024311578634173,0.014824485063397824,9.442935141337413,0.05906218037198224,9.516821806772795,9.669016845306011,-0.08164635981707044,0.0,0.17410353290166147,0.09245717308459103,1.0,0.0001718832119549098,0.0,4.242640687119285,0.24118739514675064,0.02908567978883742
1136,188.25844668333013,0.19634954084936207,-4.336808689942018e-18,0.17095602923121775,0.5516750752306394,-1.0495077029659683e-16,0.11587238295170846,0.3171957599347414,1.0408340855860843e-16,4.350035345273896,8.421547307365332,-6.938893903907228e-18,0.34258724759267073,1.1075180472464143,-2.7755575615628914e-17,0.5882262178968723,1.7114280602428766,0.01470763290341023,9.461403752566092,0.058683011106560934,9.534794396576064,9.68690013020636,-0.08141988059432248,0.0,0.17400911522088214,0.09258923462655966,1.0,0.0001718832119549098,0.0,4.242640687119285,0.24118739514675064,0.02908567978883742
1138,188.65114576502884,0.19634954084936207,-5.421010862427522e-18,0.16990577591332223,0.5396227485682334,-1.0430024899310553e-16,0.11532595365039847,0.3096894646004632,5.551115123125783e-17,4.358664364914086,8.463077896624066,0.0,0.3397654144617606,1.097107604734375,-1.3877787807814457e-17,0.589343584758431,1.7239725061958135,0.014451207975308746,9.498977522985953,0.05772026843218598,9.571148999393449,9.722647250267533,-0.08118191787299057,0.0,0.17372259619790378,0.09254067832491321,1.0,0.0001718832119549098,0.0,4.242640687119285,0.24118739514675064,0.02908567978883742
1139,188.8474953058782,0.19634954084936207,-4.553649124439119e-18,0.17001479320601362,0.5339489003921509,-1.0495077029659683e-16,0.1142582410741655,0.3014186687601906,2.42861286636753e-17,4.362961132664494,8.481085628989094,-6.938893903907228e-18,0.3386264209388516,1.0857033816674702,-4.163336342344337e-17,0.5892836075231721,1.7253623839157983,0.014329181442525036,9.517714922570523,0.05733392647892814,9.589378030491977,9.740470852896696,-0.08106837943188985,0.0,0.17335196123600627,0.09228358180411642,1.0,0.0001718832119549098,0.0,4.242640687119285,0.24118739514675064,0.02908567978883742
1140,189.04384484672755,0.19634954084936207,-3.903127820947816e-18,0.17046063864311536,0.5260775792012046,-1.0495077029659683e-16,0.11282865184527627,0.3012861605594055,1.1796119636642288e-16,4.3671919197865465,8.492304099798268,-1.3877787807814457e-17,0.33801481605765493,1.070109310001148,-3.469446951953614e-17,0.5887647651287957,1.7343294473067994,0.014219427544043171,9.536182632124449,0.05712700793724516,9.607529067605737,9.75824994168042,-0.08106978611823407,0.0,0.17312101211455994,0.09205122599632587,1.0,0.0001706749228537885,0.0,4.242640687119285,0.22808461728402976,0.026011296320801167
1142,189.43654392842626,0.19634954084936207,-6.5052130349130266e-18,0.1717886169950029,0.5059478882923443,-1.0484235007934828e-16,0.10965383405231391,0.28884824539768233,3.122502256758253e-17,4.3754449221108365,8.483724653533972,0.0,0.33867577052922615,1.02826312992288,-1.3877787807814457e-17,0.5866956375856681,1.7471053362163662,0.01404197560810464,9.572259133212754,0.057350638771782515,9.64365174759264,9.793939564578178,-0.08057689444428308,0.0,0.17293728442728484,0.09236038998300176,1.0,0.0001706749228537885,0.0,4.242640687119285,0.22808461728402976,0.026011296320801167
1143,189.63289346927561,0.19634954084936207,-5.421010862427522e-18,0.17231566744173185,0.49732056165400085,-1.0451708942760263e-16,0.10832354449971875,0.2900646482660123,1.0408340855860843e-16,4.379468628415315,8.469779687961429,-2.0816681711721685e-17,0.3397047247427929,1.004125946437278,-2.7755575615628914e-17,0.5854430302273683,1.7480857986815694,0.013966581063381805,9.589872733636959,0.05769965000628836,9.66153896470663,9.811779370956204,-0.08066491475702679,0.0,0.17297819417283897,0.09231327941581217,1.0,0.0001706749228537885,0.0,4.242640687119285,0.22808461728402976,0.026011296320801167
1144,189.82924301012497,0.19634954084936207,-6.288372600415926e-18,0.17251675181125645,0.48973072111185917,-1.0473392986209973e-16,0.1074467475128773,0.2963039504950828,3.122502256758253e-17,4.383470333708817,8.452128243216757,0.0,0.3408522761223695,1.002547783805085,6.938893903907228e-18,0.5842807846659649,1.7464100746210756,0.013891168362332795,9.607406083252643,0.05809013706890002,9.679387388683876,9.829651215291843,-0.08069044654428456,0.0,0.173151088236005,0.09246064169172044,1.0,0.0001706749228537885,0.0,4.242640687119285,0.22808461728402976,0.026011296320801167
1145,190.02559255097432,0.19634954084936207,-4.7704895589362195e-18,0.1722590708618804,0.4828055636290304,-1.0440866921035408e-16,0.1071874918197784,0.2974768750595975,2.0816681711721685e-17,4.387493509274847,8.42884953125448,0.0,0.3418109766275805,1.0189865331958208,-2.0816681711721685e-17,0.5833639064170831,1.7433320309362288,0.013809433473670182,9.625049646964452,0.058417371871550175,9.697276452309673,9.847578454954979,-0.0806719284743797,0.0,0.173401238548156,0.0927293100737763,1.0,0.0001706749228537885,0.0,4.242640687119285,0.22808461728402976,0.026011296320801167
1147,190.41829163267303,0.19634954084936207,-5.204170427930421e-18,0.17019772365489702,0.47367311916610105,-1.0484235007934828e-16,0.10871369280394863,0.2882617530222206,-6.938893903907228e-18,4.395743889598187,8.494798938490804,-6.938893903907228e-18,0.34220010761832187,1.034830697933689,-3.469446951953614e-17,0.582638923745649,1.7388531636166324,0.01361698064427092,9.661282171469896,0.058550456826995556,9.733449608941163,9.883656456943303,-0.08055091906258646,0.0,0.17384076825967285,0.09328984919708638,1.0,0.0001706749228537885,0.0,4.242640687119285,0.22808461728402976,0.026011296320801167
1148,190.6146411735224,0.19634954084936207,-5.854691731421724e-18,0.16853705091344887,0.47248225219915335,-1.0495077029659683e-16,0.11029113004519361,0.2968125146182163,5.551115123125783e-17,4.400000046181337,8.53684407462019,0.0,0.3414332173072043,1.0322496314928553,-1.3877787807814457e-17,0.582863495228944,1.7400641497561558,0.013512108335015198,9.680000203197883,0.058288320940374276,9.751800632473273,9.901816014012683,-0.08036152137147881,0.0,0.1742718625929518,0.09391034122147299,1.0,0.0001706749228537885,0.0,4.242640687119285,0.22808461728402976,0.026011296320801167
1149,190.81099071437174,0.19634954084936207,-6.5052130349130266e-18,0.16669905571349844,0.4738223635035831,-1.0473392986209973e-16,0.11208739895100772,0.3062787482572973,1.3183898417423734e-16,4.404327107286383,8.564388508508461,-6.938893903907228e-18,0.3401373144929208,1.0223694085813655,-1.3877787807814457e-17,0.5834025344153039,1.7445655568250447,0.01341214640982342,9.699048633988816,0.05784669635522806,9.770307476753867,9.92005097274289,-0.08022136864893734,0.0,0.17452888696689944,0.09430751831796211,1.0,0.0001706749228537885,0.0,4.242640687119285,0.22808461728402976,0.026011296320801167
1150,191.0073402552211,0.19634954084936207,-5.204170427930421e-18,0.16494048229168082,0.4795180244389119,-1.0473392986209973e-16,0.11378213068836303,0.3124300994896402,3.469446951953614e-18,4.408687913506606,8.577494986997129,-1.3877787807814457e-17,0.33857109104674404,1.005747673640194,-2.0816681711721685e-17,0.5841422407042423,1.7522313770770697,0.013327131495427975,9.718264559349613,0.057315191846291316,9.788906882691332,9.938352057028865,-0.08009934773601189,0.0,0.17475958567051453,0.09466023793450264,1.0,0.00016911644080682767,0.0,4.242640687119285,0.2240946827094872,0.025109213409332875
1152,191.4000393369198,0.19634954084936207,-4.7704895589362195e-18,0.16266749625055818,0.501346637477238,-1.0440866921035408e-16,0.11574308756862145,0.31265742289942233,1.0408340855860843e-17,4.41738656359435,8.57563858175353,-6.938893903907228e-18,0.3359916240991948,0.9958505192282632,-1.3877787807814457e-17,0.5856786956501425,1.7727793058529158,0.013231366411559732,9.75665202611195,0.0564451857324073,9.826328578255918,9.975389038313706,-0.07927962012264358,0.0,0.17505451469055217,0.09577489456790858,1.0,0.00016911644080682767,0.0,4.242640687119285,0.2240946827094872,0.025109213409332875
1153,191.59638887776916,0.19634954084936207,-5.637851296924623e-18,0.16248632749412392,0.5136935809319726,-1.0533024105696676e-16,0.11567661673484542,0.30588438940738294,3.469446951953614e-17,4.421621741759544,8.553674744124095,-6.938893903907228e-18,0.3355256026088024,1.012421732557018,-6.938893903907228e-18,0.5861813257731323,1.7822554859967625,0.01322555386438061,9.77536941360035,0.05628871500299998,9.84488368246773,9.99394670507572,-0.0792995063361026,0.0,0.17528273446084247,0.09598322812473987,1.0,0.00016911644080682767,0.0,4.242640687119285,0.2240946827094872,0.025109213409332875
1154,191.7927384186185,0.19634954084936207,-4.9873299934333204e-18,0.16298042999806564,0.5282828396470758,-1.0554708149146386e-16,0.11494339728461093,0.29512935304630716,3.8163916471489756e-17,4.425772484476776,8.544459601460153,-6.938893903907228e-18,0.33571489436543717,1.0260890397454625,-2.0816681711721685e-17,0.5863433838236036,1.7887002725969046,0.013246593619622563,9.793731042175871,0.056352245149398295,9.863329880944892,10.012507738307788,-0.07937635055109235,0.0,0.17537405680596596,0.09599770625487361,1.0,0.00016911644080682767,0.0,4.242640687119285,0.2240946827094872,0.025109213409332875
1156,192.18543750031722,0.19634954084936207,-4.9873299934333204e-18,0.1654743518207949,0.555603800680586,-1.043544591017298e-16,0.11222851141470652,0.3037635283638186,5.551115123125783e-17,4.433954261997398,8.522559536155793,6.938893903907228e-18,0.3372312480241473,1.0635952134966211,-2.7755575615628914e-17,0.5854071219407507,1.787429117412536,0.013353289431621198,9.829975198742446,0.056862457321961976,9.900190945496028,10.049582807391106,-0.07954523310393748,0.0,0.17541253313406482,0.09586730003012735,1.0,0.00016911644080682767,0.0,4.242640687119285,0.2240946827094872,0.025109213409332875
1157,192.38178704116658,0.19634954084936207,-5.204170427930421e-18,0.16707367835139245,0.5649889499465608,-1.0476103491641187e-16,0.11067963768845385,0.2973581999023984,4.5102810375396984e-17,4.4380815260215645,8.520223678434384,-6.938893903907228e-18,0.3379027308159882,1.0737405725039566,-2.7755575615628914e-17,0.5843509342583909,1.7791464469237401,0.01342623988998041,9.848283815806951,0.0570891277464511,9.918799183443383,10.068084135069368,-0.07971958800231624,0.0,0.17539041600403674,0.0956708280017205,1.0,0.00016911644080682767,0.0,4.242640687119285,0.2240946827094872,0.025109213409332875
1158,192.57813658201593,0.19634954084936207,-5.204170427930421e-18,0.16863158511745382,0.5710150315575921,-1.052218208397182e-16,0.10924602368240732,0.28480901248321355,4.163336342344337e-17,4.442281782197706,8.52198278745381,-6.938893903907228e-18,0.3381544894932341,1.0752750655777183,0.0,0.5830426886953449,1.7668120470622508,0.013503227365564072,9.866933716222816,0.05717422938221487,9.937611172970595,10.086568872099903,-0.07980843724988597,0.0,0.1753867169994331,0.09557827974954712,1.0,0.00016911644080682767,0.0,4.242640687119285,0.2240946827094872,0.025109213409332875
1159,192.77448612286528,0.19634954084936207,-6.071532165918825e-18,0.16997728205957072,0.5736791557835402,-1.0503208545953324e-16,0.10808178571477237,0.27096987746682244,1.734723475976807e-17,4.446559423825038,8.518594962672358,-6.938893903907228e-18,0.3379124263879633,1.0678968946364367,-1.3877787807814457e-17,0.5816479437458562,1.7520552621293395,0.013580453149143652,9.885945354803624,0.057092403953700355,9.956618211906468,10.105055485085389,-0.07985755650111206,0.0,0.1754362226072742,0.09557866610616214,1.0,0.00016911644080682767,0.0,4.242640687119285,0.2240946827094872,0.025109213409332875
1161,193.167185204564,0.19634954084936207,-5.421010862427522e-18,0.17157269484230864,0.5700682182042606,-1.0484235007934828e-16,0.1071850632409247,0.26062486928438244,-3.469446951953614e-18,4.455224480231135,8.502627043535925,0.0,0.3365198112514789,1.030333829269388,-1.3877787807814457e-17,0.5793021628597839,1.7230127869547096,0.013736002474107587,9.92451258462539,0.056622791682365496,9.994871378781863,10.142103739355617,-0.07991064068759822,0.0,0.17566489253235607,0.09575425184475785,1.0,0.00016947812627829184,0.0,4.242640687119285,0.23496664304458698,0.027604661671821178
1162,193.36353474541335,0.19634954084936207,-5.204170427930421e-18,0.17170922960078602,0.5647649459334698,-1.0505919051384538e-16,0.10770006723903758,0.2593242241678617,7.632783294297951e-17,4.459525377697826,8.49914263246448,-6.938893903907228e-18,0.33587888342200567,1.0093169241265585,-6.938893903907228e-18,0.5786374902288127,1.7121640662923947,0.013815432622031387,9.943683297165471,0.05640731216440663,10.013906041951909,10.160715117292858,-0.07984264877236216,0.0,0.17602608771945824,0.09618343894709608,1.0,0.00016947812627829184,0.0,4.242640687119285,0.23496664304458698,0.027604661671821178
1163,193.5598842862627,0.19634954084936207,-4.9873299934333204e-18,0.17140855462289686,0.5579262039982646,-1.0462550964485118e-16,0.10885982004918723,0.2597014563867412,7.28583859910259e-17,4.463762915921854,8.508732753578377,6.938893903907228e-18,0.3355630432022603,0.9974232881527059,-2.0816681711721685e-17,0.5784162790858396,1.705229311804331,0.013891750013760387,9.962589684779585,0.05630127798158101,10.032782712774926,10.179416646572614,-0.0796629543573409,0.0,0.17629931174775476,0.09663635739041386,1.0,0.00016947812627829184,0.0,4.242640687119285,0.23496664304458698,0.027604661671821178
1164,193.75623382711206,0.19634954084936207,-3.686287386450715e-18,0.17073581634057106,0.5501785100798119,-1.0473392986209973e-16,0.11047766669588295,0.2776619936618535,5.551115123125783e-17,4.467930302472313,8.513708326359806,-6.938893903907228e-18,0.33563589607571626,1.0099245126715826,-2.7755575615628914e-17,0.5786372926674247,1.7024984594901384,0.013956670646293854,9.981200593875165,0.05632572736727448,10.051482991888735,10.198210420701688,-0.07943578272489574,0.0,0.17654226130569467,0.09710647858079893,1.0,0.00016947812627829184,0.0,4.242640687119285,0.23496664304458698,0.027604661671821178
1166,194.14893290881076,0.19634954084936207,-4.9873299934333204e-18,0.16878107004523282,0.5342600046373542,-1.0495077029659683e-16,0.11382136710909897,0.30108339583433547,9.020562075079397e-17,4.476135617337655,8.50745202015499,-6.938893903907228e-18,0.3365493621526367,1.0257439325508577,-1.3877787807814457e-17,0.5801154343599411,1.7086667423592512,0.014013669471608115,10.017895032399373,0.05663273658267329,10.088541438453653,10.236038332675639,-0.07903830657280299,0.0,0.176769790186319,0.09773148361351601,1.0,0.00016947812627829184,0.0,4.242640687119285,0.23496664304458698,0.027604661671821178
1167,194.34528244966012,0.19634954084936207,-4.553649124439119e-18,0.16784219869567407,0.5270485269934884,-1.0495077029659683e-16,0.1149362998582188,0.3063087351765191,2.0816681711721685e-17,4.480241582825227,8.49523247457682,6.938893903907228e-18,0.33702358491994067,1.0320153260303766,-2.7755575615628914e-17,0.5811245015163216,1.7152857029377109,0.01399573324028944,10.036282320238149,0.05679244839614421,10.107070501874583,10.255043485561625,-0.07862827987741808,0.0,0.17684318372947322,0.09821490385205514,1.0,0.00016947812627829184,0.0,4.242640687119285,0.23496664304458698,0.027604661671821178
1168,194.54163199050947,0.19634954084936207,-6.7220534694101275e-18,0.16716945605191497,0.5208048090667936,-1.0473392986209973e-16,0.11545332950888108,0.3077636103379461,4.5102810375396984e-17,4.484391778717738,8.496275988796505,-6.938893903907228e-18,0.33728654544075837,1.030322594808324,-2.7755575615628914e-17,0.582113088211624,1.7234238437156495,0.013952701926135506,10.054884812515619,0.056881106867680366,10.125718621309433,10.274090752993278,-0.07837309410393595,0.0,0.17681310403989536,0.09844000993595942,1.0,0.00016947812627829184,0.0,4.242640687119285,0.23496664304458698,0.027604661671821178
1170,194.93433107220818,0.19634954084936207,-6.288372600415926e-18,0.16711400649180702,0.5132915391805302,-1.0516761073109393e-16,0.1147586876600049,0.31508586025499163,2.0816681711721685e-17,4.492876423672135,8.572352961946105,0.0,0.3369600940109553,1.0077882189617073,-2.0816681711721685e-17,0.5834681724628391,1.7420582663440731,0.013844626274686602,10.092969279194454,0.0567710524779359,10.163584957947077,10.312273489659834,-0.07804846014486656,0.0,0.1767179791484005,0.09866951900353395,1.0,0.0001678227889001584,0.0,4.242640687119285,0.2218100997642433,0.024599860178711783
1171,195.13068061305754,0.19634954084936207,-6.288372600415926e-18,0.16778497215538413,0.5144867794282718,-1.0451708942760263e-16,0.1137272825110796,0.3155674294240709,1.249000902703301e-16,4.497230237498135,8.619586069868644,0.0,0.33649362987382136,0.9906916629952897,-6.938893903907228e-18,0.5836524861277238,1.7513954653650237,0.013803039688891698,10.112539904533765,0.05661398147283013,10.182956925695487,10.331546467800347,-0.07703800722502216,0.0,0.17661251449606724,0.09957450727104508,1.0,0.0001678227889001584,0.0,4.242640687119285,0.2218100997642433,0.024599860178711783
1172,195.3270301539069,0.19634954084936207,-4.7704895589362195e-18,0.16880835945992434,0.5157622298001826,-1.0430024899310553e-16,0.11234380042700261,0.31229518286844293,1.3877787807814457e-17,4.501607479342596,8.654971482838599,0.0,0.33601528981787093,0.9914354676760694,-2.7755575615628914e-17,0.5834627831245733,1.7600695432343734,0.013773574011989136,10.1322349490366,0.05645313749569389,10.202461660544284,10.350830579248672,-0.07692398519721366,0.0,0.1765452796122613,0.09962129441504763,1.0,0.0001678227889001584,0.0,4.242640687119285,0.2218100997642433,0.024599860178711783
1173,195.52337969475624,0.19634954084936207,-4.9873299934333204e-18,0.1700049635848304,0.5164629985217419,-1.0451708942760263e-16,0.110721899883874,0.304864785620503,3.469446951953614e-18,4.505978509985658,8.67788360045481,-1.3877787807814457e-17,0.33570647914708496,1.008870853859409,-2.7755575615628914e-17,0.5829378530853141,1.7676499039984677,0.013751552405927923,10.151921166226284,0.05634942007066608,10.222022138702878,10.370122024724669,-0.07683701599410583,0.0,0.176483340382578,0.09964632438847218,1.0,0.0001678227889001584,0.0,4.242640687119285,0.2218100997642433,0.024599860178711783
1175,195.91607877645495,0.19634954084936207,-5.204170427930421e-18,0.17206907789517012,0.5145327830583796,-1.0473392986209973e-16,0.10763834923380569,0.2765698266248693,1.1449174941446927e-16,4.514602950039542,8.68618889338351,0.0,0.33611962738569334,1.0447162696613255,-1.3877787807814457e-17,0.5812591853699831,1.7778530981473164,0.013713044233848429,10.190819898252869,0.05648820195694866,10.261021144443665,10.4087321513564,-0.0767407701661054,0.0,0.17643705837284,0.0996962882067346,1.0,0.0001678227889001584,0.0,4.242640687119285,0.2218100997642433,0.024599860178711783
1176,196.1124283173043,0.19634954084936207,-6.5052130349130266e-18,0.1725866701811865,0.5120140409785549,-1.0560129160008813e-16,0.10678308426201161,0.26810328245061343,1.734723475976807e-17,4.518837942694668,8.673952064200138,0.0,0.3368646242124956,1.0557867532480179,-6.938893903907228e-18,0.5803725383495988,1.779605688808167,0.013699781824010639,10.209948176168488,0.05673888752291294,10.280386845515412,10.42807044952132,-0.07665255717249747,0.0,0.17650145150187327,0.0998488943293758,1.0,0.0001678227889001584,0.0,4.242640687119285,0.2218100997642433,0.024599860178711783
1177,196.30877785815366,0.19634954084936207,-4.553649124439119e-18,0.17265645507196262,0.5072062837241542,-1.0495077029659683e-16,0.10672000862961019,0.2712542534545707,5.898059818321144e-17,4.523037573728659,8.662138518799788,-6.938893903907228e-18,0.3377874108965649,1.0616393976321559,-2.0816681711721685e-17,0.5796555774847281,1.7786136492130389,0.013700238323324246,10.228934446680615,0.057050167480102366,10.299684852484042,10.447455178861619,-0.07658218552154811,0.0,0.17666059875530032,0.10007841323375222,1.0,0.0001678227889001584,0.0,4.242640687119285,0.2218100997642433,0.024599860178711783
1178,196.50512739900302,0.19634954084936207,-5.637851296924623e-18,0.17232161830455958,0.5008231498781714,-1.0516761073109393e-16,0.10748283213158091,0.28225436321106845,3.122502256758253e-17,4.527232195090478,8.66537144183442,-6.938893903907228e-18,0.3386412434559086,1.0624812864379996,-2.7755575615628914e-17,0.5792426157666789,1.7747142575304844,0.013723139469243077,10.247915674131868,0.057338945884681955,10.318977759485794,10.466907647508936,-0.07649528942145062,0.0,0.1769160629184797,0.10042077349702908,1.0,0.0001678227889001584,0.0,4.242640687119285,0.2218100997642433,0.024599860178711783
1180,196.89782648070172,0.19634954084936207,-5.637851296924623e-18,0.1709887524527904,0.48763106652274896,-1.0495077029659683e-16,0.11060160685723978,0.3028917976777414,5.898059818321144e-17,4.535739277704038,8.674730492275057,-6.938893903907228e-18,0.33918861489777563,1.051949884510235,-3.469446951953614e-17,0.5796005400184014,1.7593600398157283,0.0138527308564412,10.286465397653572,0.05752445823813575,10.35784258674815,10.506069977203481,-0.07633394001501527,0.0,0.17741456700161226,0.10108062698659699,1.0,0.00016550993443051803,0.0,4.242640687119285,0.21522754899426152,0.023161448923038622
1181,197.09417602155108,0.19634954084936207,-6.288372600415926e-18,0.17033779283939404,0.48526283122749136,-1.0451708942760263e-16,0.11229226216768935,0.3117202855930319,5.898059818321144e-17,4.540134262665993,8.680039310802766,-6.938893903907228e-18,0.338660886984856,1.042491617288775,-6.938893903907228e-18,0.5803246486689447,1.7495417191828353,0.013953068153003146,10.306409561516844,0.0573455981866847,10.377708227856532,10.525983534463453,-0.07511411126961258,0.0,0.17788039151077562,0.10276628024116304,1.0,0.00016550993443051803,0.0,4.242640687119285,0.21522754899426152,0.023161448923038622
1182,197.29052556240043,0.19634954084936207,-6.288372600415926e-18,0.16989256582970486,0.48582729336230746,-1.0516761073109393e-16,0.11365968908322793,0.31621009771182923,2.0816681711721685e-17,4.544586764746914,8.685688858886653,0.0,0.33769399188411997,1.0315185389818873,-1.3877787807814457e-17,0.5812332642650915,1.7399564781095254,0.014063165179447818,10.326634431156409,0.05701861607731604,10.397716212413172,10.545949497512314,-0.0750134873424356,0.0,0.17805729826836444,0.10304381092592885,1.0,0.00016550993443051803,0.0,4.242640687119285,0.21522754899426152,0.023161448923038622
1184,197.68322464409914,0.19634954084936207,-3.903127820947816e-18,0.16988742663185927,0.4963503092649396,-1.0473392986209973e-16,0.11492741033426515,0.31182395124236834,7.28583859910259e-17,4.553538268791434,8.743448515888005,0.0,0.3355135652656244,1.0087085976338659,-1.3877787807814457e-17,0.5828211975259883,1.7263842911833973,0.014262220470530598,10.367355382674043,0.05628467623862521,10.4379022793832,10.585900703658945,-0.07488458343704332,0.0,0.17799417035384127,0.10310958691679795,1.0,0.00016550993443051803,0.0,4.242640687119285,0.21522754899426152,0.023161448923038622
1185,197.8795741849485,0.19634954084936207,-7.15573433840433e-18,0.17033926234122787,0.5058414937126077,-1.0430024899310553e-16,0.11478907940202891,0.30352655121637656,1.734723475976807e-17,4.557963645333233,8.773762194351782,0.0,0.33489568302001205,0.997315417749704,-6.938893903907228e-18,0.5831420612512825,1.7237695145167953,0.0143312452029582,10.387516296089702,0.05607755925272019,10.457925100545381,10.605817418970208,-0.07479475948902414,0.0,0.1776194434670766,0.10282468397805244,1.0,0.00016550993443051803,0.0,4.242640687119285,0.21522754899426152,0.023161448923038622
1186,198.07592372579785,0.19634954084936207,-5.204170427930421e-18,0.17105327391148764,0.5211944948709312,-1.0451708942760263e-16,0.11415609452201604,0.29279377843577314,1.0408340855860843e-17,4.5623221411321975,8.79417449347976,0.0,0.33485155763852725,0.9858176130760063,-6.938893903907228e-18,0.5830074742255957,1.7237355981752358,0.0143728893633724,10.407391659732536,0.056062782826473964,10.477827331922382,10.625662497799642,-0.07477055194498569,0.0,0.17723689245288055,0.10246634050789485,1.0,0.00016550993443051803,0.0,4.242640687119285,0.21522754899426152,0.023161448923038622
1187,198.2722732666472,0.19634954084936207,-5.204170427930421e-18,0.1719778365464267,0.5374915127158812,-1.0516761073109393e-16,0.11306304897151027,0.2867133005247525,9.020562075079397e-17,4.566611656174011,8.802515418473572,0.0,0.33538400928478207,0.9749913782956369,-2.0816681711721685e-17,0.5824142708527464,1.7253074886855844,0.014387826083142992,10.426971009152172,0.05624121684196739,10.497600052077281,10.64542699230034,-0.07477723321357393,0.0,0.17683481872313034,0.1020575855095564,1.0,0.00016550993443051803,0.0,4.242640687119285,0.21522754899426152,0.023161448923038622
1189,198.6649723483459,0.19634954084936207,-4.9873299934333204e-18,0.17413886879440998,0.5683802967917999,-1.0451708942760263e-16,0.10995809533263504,0.27782694237023836,1.0408340855860843e-17,4.575065569153184,8.783975170236953,0.0,0.33744923032354623,0.9578928295109138,-2.7755575615628914e-17,0.5801907299221531,1.7278448995639897,0.014364643865941556,10.465612481025472,0.05693599152297687,10.536913116414391,10.684736854371018,-0.0748413154009652,0.0,0.1763310614840141,0.10148974608304889,1.0,0.00016550993443051803,0.0,4.242640687119285,0.21522754899426152,0.023161448923038622
1190,198.86132188919527,0.19634954084936207,-6.5052130349130266e-18,0.1751368067898917,0.5809390994657075,-1.0473392986209973e-16,0.10840196241452606,0.27297648306924494,4.85722573273506e-17,4.579297130589965,8.756348737183062,0.0,0.338411584194426,0.9525006261069598,-1.3877787807814457e-17,0.5788391880292457,1.7264817611490857,0.014345148629733965,10.484981105114743,0.05726120015849054,10.556587453902969,10.704313451573015,-0.07493301613015654,0.0,0.17600300584986184,0.1010699897197053,1.0,0.00016420736022739016,0.0,4.242640687119285,0.21869965289157842,0.02391476908744844
1191,199.05767143004462,0.19634954084936207,-5.854691731421724e-18,0.17587810608080404,0.590522320254572,-1.0473392986209973e-16,0.10723809663257604,0.2657812853519548,9.71445146547012e-17,4.583601437608297,8.719225657899688,0.0,0.33895593977101035,0.9555740587607168,-3.469446951953614e-17,0.5775484867593675,1.7227086128283187,0.014328140098332671,10.504701069422424,0.05744556455302439,10.57647477407378,10.723982147357477,-0.07439845274454249,0.0,0.17591006618317362,0.10151161343863113,1.0,0.00016420736022739016,0.0,4.242640687119285,0.21869965289157842,0.02391476908744844
1192,199.25402097089398,0.19634954084936207,-4.553649124439119e-18,0.1762125002874797,0.5966359664415576,-1.0451708942760263e-16,0.10668472748609506,0.2561408048965976,5.551115123125783e-17,4.587975895768323,8.696345393452246,0.0,0.3388946667779319,0.9582579931390247,-2.0816681711721685e-17,0.5764638364275598,1.716965060698107,0.014310945682534285,10.524761410075572,0.05742479758526274,10.59649715334337,10.743645800700003,-0.07442607847463134,0.0,0.17589680015912892,0.10147072168449758,1.0,0.00016420736022739016,0.0,4.242640687119285,0.21869965289157842,0.02391476908744844
1194,199.64672005259268,0.19634954084936207,-4.553649124439119e-18,0.1753017786989972,0.5977746585736448,-1.0473392986209973e-16,0.10768238154877195,0.24361878703509443,6.938893903907228e-18,4.596936114206883,8.76567426761481,0.0,0.33690587927091253,0.9666914157681886,-2.7755575615628914e-17,0.5753548620864654,1.7040206403834985,0.014245599859564077,10.565910819049739,0.05675278574365333,10.636909204652955,10.783040959074773,-0.07436573684299974,0.0,0.17599609060108565,0.1016303537580859,1.0,0.00016420736022739016,0.0,4.242640687119285,0.21869965289157842,0.02391476908744844
1195,199.84306959344204,0.19634954084936207,-5.854691731421724e-18,0.17408333667333142,0.5930890322964937,-1.0451708942760263e-16,0.10902524805821003,0.2539008305800246,1.3877787807814457e-17,4.601475942147438,8.792421772620873,0.0,0.3353128294732594,0.9695023011611431,-1.3877787807814457e-17,0.5754251264065634,1.6994616809308836,0.014184669454553817,10.586790423080823,0.05621734680468157,10.657192439340058,10.802810586691745,-0.07418714728783127,0.0,0.17618380980633142,0.10199666251850015,1.0,0.00016420736022739016,0.0,4.242640687119285,0.21869965289157842,0.02391476908744844
1196,200.0,0.15693040655796153,-5.204170427930421e-18,0.17285903346548565,0.5871986588322655,-1.0408340855860843e-16,0.11029312241422679,0.2599060155221576,4.163336342344337e-17,4.605097735675395,8.80886042084981,0.0,0.3340237515828383,0.9698473966910244,-2.7755575615628914e-17,0.575758358931472,1.697651793480581,0.014121768025165548,10.603462577561327,0.055785933310736835,10.673370278897231,10.818660587935417,-0.07401778485347277,0.0,0.1763285970457928,0.10231081219232002,1.0,0.00016420736022739016,0.0,4.242640687119285,0.21869965289157842,0.02391476908744844
