step,time,dt,psi_mean,psi_rms,psi_max_abs,omega_mean,omega_rms,omega_max_abs,du_par_mean,du_par_rms,du_par_max_abs,db_par_mean,db_par_rms,db_par_max_abs,s_mean,s_rms,s_max_abs,alfvenic_energy,du_par_energy,db_par_energy,total_energy_proxy,total_energy,total_energy_rhs_dissipation,total_energy_rhs_forcing,total_energy_rhs_stratification,total_energy_rhs_total,auto_dissipation_enabled,auto_dissipation_nu_perp,auto_dissipation_nu_par,auto_dissipation_kd,auto_dissipation_ud,auto_dissipation_Ed
0,0.0,0.0,1.734723475976807e-18,0.4342173625223503,1.4616505902339754,-6.938893903907228e-18,0.4342173625223504,1.578884777563656,-3.469446951953614e-18,0.4342173625223503,1.5171696917044408,3.469446951953614e-18,0.4342173625223503,1.34588600943537,-3.469446951953614e-18,0.4342173625223503,1.6791033171458931,0.416275849288917,0.0942723589579331,0.09427235895793307,0.6048205672047832,0.7500000000000001,0.0,0.0,0.0,0.0,1.0,2e-12,0.0,4.242640687119285,0.5766225342029709,0.16624677347532818
3,0.27482581952792984,0.09272295023019843,5.204170427930421e-18,0.4292248034719788,1.3634064147619238,3.469446951953614e-18,1.024292059273712,3.3912514983646664,1.0408340855860843e-17,1.7677226888841833,5.834805839476454,-1.0408340855860843e-17,0.8183174370280897,2.585469057656439,2.2551405187698492e-17,1.420943001982342,4.677259975550001,0.48442524843410983,1.5624217523979633,0.33482171387211074,2.3816687147041837,3.2616417625945937,-1.212652868684618e-09,0.0,9.123571869223207,9.123571868010554,1.0,2e-12,0.0,4.242640687119285,0.5766225342029709,0.16624677347532818
6,0.5573901899671896,0.0933302996568037,1.734723475976807e-18,0.4499677791117917,1.4298041991427712,0.0,1.1697834107154508,3.539694089632052,2.42861286636753e-17,3.371116897757275,11.398003389433473,6.938893903907228e-18,1.3783178690605284,4.796632896046196,1.734723475976807e-18,2.5145708348205646,9.061601494794399,0.5446274536565696,5.6822145691723165,0.9498800740857778,7.176722096914664,9.833830121499592,-4.8226575313939754e-09,0.0,23.376593447233343,23.376593442410687,1.0,2e-12,0.0,4.242640687119285,0.5766225342029709,0.16624677347532818
9,0.805987515215463,0.0764919925496861,0.0,0.5557143987157924,1.835744710944422,5.204170427930421e-18,1.9565125787922004,7.863700450327485,-4.85722573273506e-17,4.738207787205399,15.930042272306633,1.0408340855860843e-17,2.4146482806949137,7.548758364357272,-3.469446951953614e-18,3.756275975468563,12.392084857343695,0.9842499696028739,11.225306517366938,2.9152631597314507,15.124819646701264,21.849677291480933,-1.161552303608655e-08,0.0,48.75912385572634,48.75912384411081,1.0,2e-12,0.0,4.242640687119285,0.5766225342029709,0.16624677347532818
12,1.0023819152228741,0.060779881213700655,0.0,0.6811312879875504,2.3154271832637012,-3.469446951953614e-18,2.1573890530030067,8.876757414838611,1.3877787807814457e-17,5.807471465825741,19.355419948470846,-2.7755575615628914e-17,3.7159118463500387,11.363338035142519,1.5612511283791264e-17,5.840338374032913,17.111493411444915,1.3272785717686486,16.863362413190085,6.904000424922277,25.09464140988101,41.208220962067664,-3.664949506611014e-08,0.0,98.51226308430178,98.51226304765228,1.0,4e-12,0.0,4.242640687119285,3.610481264743835,6.51778748153312
17,1.2564463960435657,0.04587028710359072,-1.734723475976807e-18,0.8408611994755043,3.007701995175472,1.734723475976807e-18,2.2032359321329467,7.476590431442041,2.0816681711721685e-17,7.130751296270119,23.59494512712508,-2.0816681711721685e-17,5.567111850002448,18.678170593861914,-1.214306433183765e-17,8.60110428316153,29.04227377266318,1.7828416275229357,25.42380702462899,15.496367175218836,42.70301582737076,78.17371162284088,-7.505011191146246e-08,0.0,145.56661807732493,145.56661800227482,1.0,4e-12,0.0,4.242640687119285,3.610481264743835,6.51778748153312
24,1.5332254489652248,0.035616687949319895,-3.469446951953614e-18,1.0301844671920803,3.8519268265244504,8.673617379884035e-18,2.4687472460108113,7.528508258794432,-3.122502256758253e-17,8.440104651777384,28.0098917535761,-6.938893903907228e-18,7.902321817006878,26.69036502593687,-2.949029909160572e-17,12.109913262517672,40.707837978790536,2.646443580561366,35.61768326647711,31.223345049771442,69.48747189680992,140.30631673752072,-2.0665574457982398e-07,0.0,224.6285581489817,224.62855794232595,1.0,8e-12,0.0,4.242640687119285,6.722863630789899,22.59844769909877
31,1.7564122635489916,0.02953422839404611,-3.469446951953614e-18,1.2285373328290594,4.6156323206690235,8.673617379884035e-18,2.7210715141853083,8.837997816107166,1.0408340855860843e-17,9.415483211584618,31.2793548332284,0.0,10.179536463908022,34.166179698926356,3.9898639947466563e-17,15.912678271174263,52.25422859696135,3.6363105925762973,44.32566205381589,51.81148131001652,99.7734539564087,219.9525343021386,-4.6039181309494537e-07,0.0,356.82611412911706,356.82611366872527,1.0,1.6e-11,0.0,4.242640687119285,8.984064609046321,40.35670844975932
41,2.023206539247868,0.02482273817418902,-5.204170427930421e-18,1.4685923504942107,5.5376009925600505,1.3877787807814457e-17,2.5673907748139535,10.292847698442738,-2.0816681711721685e-17,10.513628755681918,34.861484701123686,3.8163916471489756e-17,13.019974055670055,44.08270080805289,3.122502256758253e-17,20.62713187104389,67.88090683543393,4.734662802477805,55.268194806150845,84.75986220516064,144.7627198137893,344.40179570981724,-1.3058912236253181e-06,0.0,466.38634815780887,466.38634685191766,1.0,3.2e-11,0.0,4.242640687119285,11.125896522546808,61.89278671520958
51,2.2552302888117053,0.022009302489775676,-1.734723475976807e-18,1.6512246016893553,6.307228787619564,1.0408340855860843e-17,2.727557700229056,10.5590686503611,-1.734723475976807e-17,11.393660684879444,37.59416107055046,3.469446951953614e-17,15.354620524613717,53.179413594747686,-5.898059818321144e-17,24.193836575511092,82.49721276802617,5.7723084929614235,64.90775190108377,117.88218572744438,188.56224612148958,464.4866984744192,-3.682248017565307e-06,0.0,517.6092561821952,517.6092524999472,1.0,6.4e-11,0.0,4.242640687119285,13.428409627336718,90.16109255977473
63,2.5015177852300123,0.019362826163113227,0.0,1.8432934665472176,7.1510167582715916,0.0,2.8488774961926877,10.376178453108512,2.0816681711721685e-17,12.256305539014583,40.096250312151646,1.3877787807814457e-17,17.88127127057782,63.18442238195604,-3.122502256758253e-17,28.17675347460941,99.05643822525298,7.050172101952186,75.10851273283977,159.8699311259958,242.02861596078776,616.2594949063902,-1.1306999355793299e-05,0.0,616.2730572616821,616.2730459546827,1.0,1.28e-10,0.0,4.242640687119285,15.728923642255793,123.69951947195663
77,2.755307477849321,0.017234815741032083,0.0,2.047307511975042,8.01031082862964,8.673617379884035e-18,2.83956080026208,9.818906834045666,9.020562075079397e-17,13.109260221785954,42.42149021549528,-6.245004513516506e-17,20.593099719724012,73.33418220551582,-3.469446951953614e-17,32.74111859735709,115.98472548417172,8.657797673424101,85.92635178124974,212.0378780332486,306.6220274879224,808.0947342128452,-3.59604050444806e-05,0.0,755.824448751353,755.8244127909479,1.0,2.56e-10,0.0,4.242640687119285,17.79496316973881,158.33035710618037
92,3.0031466510184472,0.016025231341294983,1.214306433183765e-17,2.219718508176378,8.667519272222407,0.0,2.6418576926003148,8.762520566443847,1.3183898417423734e-16,13.924281735156269,44.58307805881984,5.898059818321144e-17,23.03679711244819,82.0451227287798,1.3530843112619095e-16,36.753097014999746,129.4648605119236,10.079649982990135,96.94281092000324,265.3470106000506,372.369471503044,1002.4298199554697,-0.0001268776391281883,0.0,784.086152838083,784.0860259604439,1.0,1.024e-09,0.0,4.242640687119285,21.244873281314863,225.67232036956307
108,3.252329165074445,0.015188078749604933,-1.734723475976807e-17,2.3563762069558583,9.131302761125623,-6.938893903907228e-18,2.772974716242318,8.620747647581126,1.6306400674181987e-16,14.72078277176281,46.94630339642422,4.163336342344337e-17,25.17692018091738,89.76030450208624,3.8163916471489756e-17,40.048500426190095,140.77995738452896,11.340290035164276,108.35072270671435,316.93865489814243,436.62966764002107,1186.6165668625313,-0.0004520475497498333,0.0,739.2110519935308,739.210599945981,1.0,2.048e-09,0.0,4.242640687119285,22.895924201089937,262.1116725110279
125,3.502351402915512,0.014284057371717536,-2.0816681711721685e-17,2.4786747125801862,9.539539841710171,1.734723475976807e-18,3.2430384397489553,9.95330228101333,-4.5102810375396984e-17,15.512285762148641,48.77586698026606,-4.163336342344337e-17,27.270846185563993,97.5588924896172,1.0408340855860843e-16,43.48984679738979,153.6031969445144,12.648429314870945,120.31550478327972,371.849525838345,504.8134599364957,1387.3320148791577,-0.001803446034582965,0.0,802.8054777532996,802.8036743072649,1.0,8.192e-09,0.0,4.242640687119285,26.480581430866337,350.61059645837156
143,3.752270945712047,0.01360716752152083,-8.673617379884035e-18,2.564107734823728,9.857321668318155,5.204170427930421e-18,3.3141813769002377,10.000793202309913,1.1449174941446927e-16,16.320662168621084,51.81775424217687,0.0,29.36505548372744,105.29794699024927,-1.700029006457271e-16,47.24403950948611,167.6885849841074,13.745928842611207,133.1820068111297,431.15324178119533,578.0811774349363,1611.8742218930802,-0.007239586275120961,0.0,898.4154355042341,898.408195917959,1.0,3.2768e-08,0.0,4.242640687119285,30.252236538750296,457.59890779824923
162,4.008656942652968,0.013478041418311005,-1.734723475976807e-18,2.5861884954248415,9.920880270071816,1.734723475976807e-18,2.8673742914463376,8.894362494555782,-2.42861286636753e-17,17.167154152260814,55.41122630133927,5.204170427930421e-17,31.203196849501282,111.62794193927661,2.498001805406602e-16,50.417666601334346,178.72443424447528,14.13274929563788,147.35559084374285,486.8197468143634,648.3080869537441,1821.4519322593997,-0.030856926563079277,0.0,817.457301167482,817.426444240919,1.0,1.31072e-07,0.0,4.242640687119285,33.73306152005674,568.9597197579662
180,4.2528480437778,0.013657676149014508,-1.0408340855860843e-17,2.5731342858122632,9.784747240115639,-1.0408340855860843e-17,2.5952171052105433,8.69444073086907,-1.4224732503009818e-16,17.97313902284539,58.596604325012486,2.498001805406602e-16,32.582285339892266,115.43866970922488,3.712308238590367e-16,52.500221282223244,183.9369100180199,14.08423090667443,161.5168631672639,530.8026589850792,706.4037530590176,1981.4001854083458,-0.11924740590969538,0.0,655.2503662734543,655.1311188675446,1.0,5.24288e-07,0.0,4.242640687119285,36.823930988917404,678.0009467382758
199,4.5117202398200345,0.013591270466772264,-5.204170427930421e-18,2.5677363336478694,9.609344292831878,-1.0408340855860843e-17,2.6480079051734204,9.162664422347405,1.3877787807814457e-17,18.809304353855186,61.90809748003842,-9.020562075079397e-17,33.967323929299575,118.17979734878995,3.8163916471489756e-17,54.65333245013482,187.15547187900378,14.228987519393502,176.8949651379778,576.8895474589837,768.013500116355,2151.3894695096774,-0.5099528173007105,0.0,657.4921399029894,656.9821870856887,1.0,1.048576e-06,0.0,4.242640687119285,38.33528730235575,734.797126277079
217,4.756177884517684,0.01359438869990096,1.9081958235744878e-17,2.5605101194656985,9.378113359681178,0.0,3.0309212959888927,10.208804354000886,2.5673907444456745e-16,19.567377371935788,64.86583644113382,-4.163336342344337e-17,35.40252038982312,120.90260462769908,1.0061396160665481e-16,57.21179656665551,192.11346728061952,14.754841714686918,191.44112860787232,626.6692249759205,832.8651952984798,2343.295630198181,-2.1272390164468327,0.0,788.3703591629586,786.2431201465117,1.0,4.194304e-06,0.0,4.242640687119285,41.56771261896893,863.9373661865945
235,5.0022384512715155,0.013764415304217742,3.469446951953614e-18,2.5227484340972848,8.961719508168366,3.469446951953614e-18,3.412363999406007,11.29123186748015,1.457167719820518e-16,20.29268141254569,67.49009090015727,-1.5265566588595902e-16,36.85363625084805,123.77504217307796,1.7694179454963432e-16,59.883167862100606,198.82886346205575,15.225217742020062,205.89645945553866,679.0952524549106,900.2169296524693,2547.5305062715192,-8.417756443987622,0.0,843.4127880251624,834.9950315811748,1.0,1.6777216e-05,0.0,4.242640687119285,45.0932144143463,1016.6989931091043
253,5.252833819818947,0.01408731909749032,5.204170427930421e-18,2.4654227997169533,8.400084180812946,-2.42861286636753e-17,3.2495850214230946,11.064294644828657,-1.1102230246251565e-16,20.97241299001892,69.79929289684759,1.3877787807814457e-17,38.14518450378563,125.2407906986571,1.2836953722228372e-16,62.129432470821634,202.5673399677569,15.039451519065295,219.9210533119571,727.5275504139233,962.4880552449457,2732.233528028393,-32.19684315125226,0.0,788.7031971938613,756.5063540426091,1.0,6.7108864e-05,0.0,4.242640687119285,48.355780022984234,1169.1407308156206
271,5.511084292492376,0.014624354478710556,1.734723475976807e-18,2.4122266070748037,8.197897723114508,8.673617379884035e-18,2.8082520554179875,10.663503013872432,1.8388068845354155e-16,21.49849775122548,71.5375515238116,-8.673617379884035e-17,39.12883155539992,123.60628306239907,-3.8163916471489756e-17,63.68369160588851,198.93047818827557,14.575544159877378,231.09270277972345,765.53272944543,1011.2009763850309,2871.749101500018,-116.51678101534489,0.0,727.4024830480258,610.8857020326809,1.0,0.000268435456,0.0,4.242640687119285,50.49272807897182,1274.757794428495
287,5.751997203325898,0.015524904897490697,-5.204170427930421e-18,2.3554628134892335,7.808430129141793,-3.469446951953614e-18,2.4959382676012125,9.284495667805466,-2.983724378680108e-16,21.48761948012605,71.36039755394422,-1.3183898417423734e-16,39.327583738713024,118.45510637308362,-6.591949208711867e-17,63.99700963192974,189.10553341176785,13.967001074310229,230.85889546134618,773.3294213627424,1018.1553178983988,2897.3013945550542,-399.2753691638751,0.0,747.1382602863807,347.86289112250563,1.0,0.000536870912,0.0,4.242640687119285,50.74805679855651,1287.682634414759
303,6.013169408793923,0.017219093996019726,0.0,2.2412448263061764,7.244490868284975,1.734723475976807e-18,2.5305232593768965,8.202296282765303,-2.1163626406917047e-16,20.460730554844446,67.45986877924516,6.938893903907228e-18,37.962369749120086,109.83110588596067,-3.469446951953614e-18,61.937374163219985,179.51497618137435,12.563436816145488,209.32074741897253,720.5707584844538,942.4549427195718,2698.8100471273965,-952.7857306876302,0.0,773.8132186347914,-178.97251205283885,1.0,0.0015385680851235748,0.0,4.242640687119285,47.32690833821114,1119.9181264267197
316,6.25373516768336,0.01988432553708073,-6.938893903907228e-18,2.076358918390167,6.601716760906171,-3.469446951953614e-18,2.226691828659485,6.386808665827461,-4.163336342344337e-17,18.684880076577524,60.405765635854536,-3.122502256758253e-17,35.06919312832047,101.65131000782033,3.122502256758253e-17,57.38476584695257,165.68913733102545,10.258771032998546,174.5623717380418,614.9241533357198,799.7452961067602,2303.7825142960646,-1423.425159693563,0.0,663.2631708826192,-760.1619888109439,1.0,0.0022371410949713036,0.0,4.242640687119285,42.427775852196255,900.0580818821037
328,6.508290677441189,0.0224145371065952,-6.938893903907228e-18,1.8818447942013865,5.759776674375703,-5.204170427930421e-18,1.397987713486737,4.303245268525601,1.3877787807814457e-17,16.627337768243397,51.29779767024077,-6.245004513516506e-17,31.217192525200257,94.01871726387795,1.0234868508263162e-16,51.08741191570656,152.5899854164241,7.55577522054837,138.23418062962662,487.2565545777093,633.0465104278843,1824.982452191764,-1428.280653703446,0.0,444.61539047996274,-983.6652632234832,1.0,0.003018246463890783,0.0,4.242640687119285,34.9131958718699,609.4656229937767
339,6.768656701221323,0.024883978321132805,-1.734723475976807e-18,1.6993473620138126,5.365900282251402,-1.0408340855860843e-17,0.9101883723683557,3.272067932801498,2.42861286636753e-17,14.770035101171974,43.40763887960995,6.938893903907228e-18,27.491483938289008,85.54039154493232,-8.673617379884035e-18,44.898531499362676,138.9392581921009,5.507540602580343,109.07696844492607,377.8908445646012,492.4753536121076,1414.6532934925094,-1139.724653652388,0.0,280.241352471654,-859.4833011807341,1.0,0.003835339033213478,0.0,4.242640687119285,25.587085135338025,327.3494628615181
348,7.005075235923927,0.027094727063748113,3.469446951953614e-18,1.5670856294729392,5.185205962355269,-3.469446951953614e-18,0.9872872169636545,4.331990164673456,1.0234868508263162e-16,13.342158723411785,36.55504689486554,3.469446951953614e-18,24.71247837433462,78.24942028671772,6.938893903907228e-18,40.37400451283685,127.24678137503932,4.323973796770045,89.00659970035659,305.35329370097804,398.6838671981047,1144.1534258077766,-845.4581654022006,0.0,228.81257026825716,-616.6455951339435,1.0,0.004645612785919042,0.0,4.242640687119285,16.284563184524934,132.59349905539244
357,7.2586672413904685,0.029302439384051738,-6.938893903907228e-18,1.4687874631485411,4.808238323456765,1.734723475976807e-18,0.8215495925669613,2.6300518039982803,-9.71445146547012e-17,12.141011147379587,34.28997607359105,-6.938893903907228e-18,22.46619292079135,71.31256390545926,3.2959746043559335e-17,36.80870692713416,116.46035186331719,3.4778071218983713,73.70207584039768,252.3649121771076,329.5447951394037,947.7275518413778,-596.4162350091785,0.0,193.16493379076218,-403.25130121841636,1.0,0.004952186666667654,0.0,4.242640687119285,8.790109032831076,38.63300840452924
365,7.508005273963004,0.03276815161364987,-3.469446951953614e-18,1.4005819283195349,4.416776848616645,6.938893903907228e-18,0.6639536361985016,1.997355877803687,1.3530843112619095e-16,11.288190891072915,33.38056710992037,2.0816681711721685e-17,20.780857671623785,65.27049613215132,6.245004513516506e-17,34.09159484291391,106.18483227271268,2.934991346411854,63.711626796650776,215.92202278414254,282.56864092720514,812.2946102233641,-411.3071205891841,0.0,124.04540281652447,-287.2617177726596,1.0,0.004518641378913992,0.0,4.242640687119285,4.305589404463678,9.269050059914944
372,7.750635356678274,0.035897611536254696,0.0,1.34858781900629,4.25648528023685,1.734723475976807e-18,0.6623593198277677,2.3207226110615125,1.734723475976807e-17,10.712376711846037,32.53827627506534,-1.3877787807814457e-17,19.47802093473403,60.628009093964586,-1.8214596497756474e-17,31.937236506992082,98.24129635138134,2.5862992044166955,57.37750740825064,189.6966497669686,249.66045637963595,714.7536165865623,-290.3541654255833,0.0,67.87238963877878,-222.48177578680452,1.0,0.003619483505930696,0.0,4.242640687119285,2.048249097361863,2.0976621824218427
379,8.007291330249549,0.03701728591880255,-1.734723475976807e-18,1.3120282927077471,4.235324133532183,0.0,0.736848442550115,2.9606181243074845,2.42861286636753e-17,10.344947265160409,31.945390683066506,3.469446951953614e-17,18.45519473675475,56.99293078375344,1.734723475976807e-18,30.2743684056737,92.83995562758803,2.367273233401063,53.50896695947491,170.29710638577004,226.173346578646,643.9355462022785,-201.13288560771701,0.0,48.78477395787129,-152.34811164984572,1.0,0.003619483505930696,0.0,4.242640687119285,2.048249097361863,2.0976621824218427
386,8.266877345152666,0.03708048231353959,6.938893903907228e-18,1.2936046926000468,4.20428030737771,1.734723475976807e-18,0.7223685400845429,2.427211914239313,-1.6653345369377348e-16,10.198331552973848,31.80319886242664,6.938893903907228e-18,17.715963546734276,54.273234354393324,4.5102810375396984e-17,29.074999032353453,88.87346065878677,2.2181181569982105,52.00298323219098,156.92768219460885,211.14878358379804,596.3224693358725,-131.5344289268201,0.0,28.69586730906623,-102.83856161775388,1.0,0.002650441554482535,0.0,4.242640687119285,1.0475771451866174,0.5487089375586716
393,8.528837064853969,0.03775170856295969,3.469446951953614e-18,1.2750495177643077,4.150619436394706,8.673617379884035e-18,0.6886990736618194,2.1869788716930048,-7.45931094670027e-17,10.168972805307089,32.34565575462976,-3.8163916471489756e-17,17.044750308818898,51.51368858888468,1.0408340855860843e-17,27.886636310720313,84.14995881851901,2.0758835766307784,51.70400395753754,145.26175654499096,199.04164407915928,554.2728115002741,-95.41004781718082,0.0,-7.0977446748755755,-102.5077924920564,1.0,0.0018644137277748854,0.0,4.242640687119285,0.6275087630408678,0.19688362384653996
399,8.758510723356785,0.038699521773712456,-3.469446951953614e-18,1.2688113348854606,4.065530137459967,8.673617379884035e-18,0.6939418937927142,2.4008800782732624,-6.938893903907228e-18,10.218300809211275,32.82943931474275,5.204170427930421e-17,16.570203294579898,49.27655415085076,3.469446951953614e-17,27.042538542368668,80.40688591658808,2.0119532868093066,52.206835713763894,137.28581861185324,191.50460761242644,526.2411267444633,-68.93576442707338,0.0,-11.979177461298818,-80.9149418883722,1.0,0.0018644137277748854,0.0,4.242640687119285,0.6275087630408678,0.19688362384653996
406,9.032625800662757,0.0393040248860192,6.938893903907228e-18,1.2971637554474311,3.9470915598783227,5.204170427930421e-18,0.6787387211760295,2.4075614296081813,-8.673617379884035e-18,10.353926861331079,33.47162564478008,-4.163336342344337e-17,16.228622598283696,49.80876549232056,-2.7755575615628914e-17,26.549406367898627,82.06749277644198,2.041004344223432,53.60190072489661,131.68409571876214,187.32700078788218,509.32626069835453,-47.098832069786376,0.0,12.966710757236935,-34.132121312549444,1.0,0.0013063898260727666,0.0,4.242640687119285,0.43288849381777994,0.09369622403991304
412,9.266782927658216,0.03866508237595736,3.469446951953614e-18,1.3392921701339324,4.007725260276066,-5.204170427930421e-18,0.7817207010191857,2.6418784029469826,-9.367506770274758e-17,10.489413989411133,34.01337967477781,-2.0816681711721685e-17,15.980925596472758,49.883511186591726,7.28583859910259e-17,26.18280657997669,82.24983670043852,2.1399040527337796,55.013902920626975,127.69499145999906,184.84879843335983,497.6394172025659,-37.6651832098117,0.0,9.623875547051243,-28.04130766276046,1.0,0.0009294045958494262,0.0,4.242640687119285,0.327276018557832,0.05355479616153319
419,9.531619691644,0.037281413193888696,-1.734723475976807e-18,1.392382736067815,4.2854426708000855,5.204170427930421e-18,0.8408436546023008,2.3970487244556997,-1.7520707107365752e-16,10.670525595689,34.679859004265595,1.734723475976807e-17,15.671324963718087,49.33738008973901,9.020562075079397e-17,25.570381938072575,80.48773368902044,2.2536803026224885,56.930058244127025,122.79521305922685,181.97895160597636,481.31216142910836,-28.069829276411266,0.0,-17.389179698705735,-45.459008975117,1.0,0.0009294045958494262,0.0,4.242640687119285,0.327276018557832,0.05355479616153319
425,9.753866052177134,0.037039270739448474,0.0,1.437779628164407,4.375483066064586,5.204170427930421e-18,0.7640928180325869,2.692991969160162,-1.0928757898653885e-16,10.842116870829473,35.32042624375472,-7.28583859910259e-17,15.452254690225454,49.013265121321645,-1.734723475976807e-18,25.115899171302544,79.55108706265693,2.305766460660843,58.77574912036256,119.38608750579726,180.46760308682067,470.1719562120375,-20.756412041917834,0.0,-17.637911518815855,-38.39432356073369,1.0,0.0006774372015377012,0.0,4.242640687119285,0.2628495339897215,0.03454493875930688
432,10.017188588549507,0.03819301938357404,-1.0408340855860843e-17,1.4841542319139627,4.40971425722463,-1.734723475976807e-18,0.6208567066792541,2.02996608041777,1.7520707107365752e-16,11.046764213719067,36.10823396429395,6.245004513516506e-17,15.272476762370902,49.03176125711086,3.122502256758253e-17,24.80527077991636,80.03552352290376,2.3330861648624195,61.015499796752096,116.62427322857958,179.9728591901941,462.72852620431615,-17.468769539711957,0.0,-1.1696404447519775,-18.638409984463934,1.0,0.0005083904655709023,0.0,4.242640687119285,0.22166242456001314,0.02456711523091176
439,10.282340431610127,0.03734750496202174,-1.734723475976807e-18,1.5331736412850219,4.562194115530851,0.0,0.7331519714693313,2.2358065721724434,-2.42861286636753e-17,11.253966253220725,36.69022744116938,4.163336342344337e-17,15.099614274366195,48.86345244099429,3.122502256758253e-17,24.514316382931842,80.29340489534299,2.433885963178766,63.32587821431546,113.99917561732163,179.75893979481583,456.01507649720725,-13.617432790520871,0.0,-4.308722309425818,-17.92615509994669,1.0,0.0005083904655709023,0.0,4.242640687119285,0.22166242456001314,0.02456711523091176
445,10.503158884481843,0.03637062778132786,5.204170427930421e-18,1.588167729585515,4.6488035140927835,1.214306433183765e-17,0.8819380500233343,2.586237108220658,-9.71445146547012e-17,11.433438330729778,37.062036361110984,-2.0816681711721685e-17,14.928078725524596,48.30745331434471,-4.336808689942018e-17,24.208215914032806,79.50107652836853,2.586586391784452,65.36175603130047,111.42376721773003,179.37210964081495,449.0260606484612,-10.675566743512425,0.0,-15.286807479021686,-25.96237422253411,1.0,0.00039281749733626213,0.0,4.242640687119285,0.19246235527409863,0.01852087909882668
452,10.752003487353551,0.034942515721299895,0.0,1.6433269622412752,4.777875259226201,0.0,0.7721667582527275,2.373712334218932,1.0061396160665481e-16,11.644568567969861,37.446507490504004,-2.42861286636753e-17,14.691900297333117,47.341319283290815,3.469446951953614e-17,23.8114316511545,77.95406900854219,2.6528917904134324,67.79798856707582,107.92596717338846,178.3768475308777,439.3885695692187,-9.265224935971656,0.0,-24.691798827034027,-33.95702376300568,1.0,0.0003111813190704898,0.0,4.242640687119285,0.16845563851718884,0.014188651074116897
460,11.027401714909534,0.03427151181490567,-5.204170427930421e-18,1.643818203921647,4.819514304782933,-6.938893903907228e-18,0.663234909979406,2.4449209999977097,1.3877787807814457e-17,11.889675741973207,37.813952909537946,-6.938893903907228e-17,14.296184565145712,45.764186063467506,-1.0408340855860843e-17,23.08343398038297,75.17862513179499,2.5716072940139085,70.68219462463307,102.19044656035524,175.44424847900223,421.50282460756614,-7.492417066323726,0.0,-53.66249692384562,-61.15491399016935,1.0,0.00025188213574642217,0.0,4.242640687119285,0.14863258416243733,0.011045822537402009
467,11.269111399658836,0.03479221222554988,-6.938893903907228e-18,1.6132978524302806,4.709579935999088,1.0408340855860843e-17,0.6439682167386684,2.4440155324419903,9.71445146547012e-17,12.114043177692038,38.23628713621998,-2.7755575615628914e-17,13.837469323641304,43.96161443949014,8.673617379884035e-17,22.24013473908647,71.8624093956287,2.4360139055131222,73.3750210554935,95.73777864135707,171.54881360236368,400.8349624111553,-5.799806041722626,0.0,-76.82770271181683,-82.62750875353944,1.0,0.00025188213574642217,0.0,4.242640687119285,0.14863258416243733,0.011045822537402009
474,11.514217439542408,0.03506736628346379,-1.214306433183765e-17,1.6004551057354737,4.6220650495680164,0.0,0.6095707385889977,1.9969781777372053,2.498001805406602e-16,12.34941353157483,38.85040869570469,2.0816681711721685e-16,13.352925665654432,42.19913994332878,-3.469446951953614e-17,21.487786882375993,69.08221693232832,2.33645307786452,76.25400728692175,89.15031191624641,167.74077228103266,381.55683017492976,-4.990612688601543,0.0,-71.3502706127815,-76.34088330138304,1.0,0.0002080588006563985,0.0,4.242640687119285,0.13314419856011336,0.008863688805107447
481,11.759127161180531,0.03498456082249218,-3.469446951953614e-18,1.584692397998337,4.573302019183306,-3.469446951953614e-18,0.7030898164232876,2.501604150859304,-9.71445146547012e-17,12.590077584493827,39.71533936341774,8.673617379884035e-17,12.806663453655156,40.51470540497289,1.734723475976807e-16,20.705581978520232,66.8824997176562,2.2919472388443998,79.25502679178695,82.00531440759329,163.55228843822465,361.31230661450775,-4.252125536720056,0.0,-76.55071653401197,-80.80284207073203,1.0,0.00017475884113093753,0.0,4.242640687119285,0.11957287751794506,0.007148836518960745
488,12.007716674825403,0.036201664984602346,1.0408340855860843e-17,1.522086913545898,4.37582282683215,-5.204170427930421e-18,0.8010249031664908,2.4683910379280833,-1.3530843112619095e-16,12.836165609800576,40.608925788871005,8.673617379884035e-17,12.058534103882296,38.19285014972221,-7.632783294297951e-17,19.48942794646845,63.06921501289747,2.120325618793544,82.38357378111348,72.70412236724621,157.20802176715324,332.4683505881574,-3.4385724056759512,0.0,-111.10266919988038,-114.54124160555634,1.0,0.00017475884113093753,0.0,4.242640687119285,0.11957287751794506,0.007148836518960745
495,12.27305885100626,0.03940522273483486,-5.204170427930421e-18,1.4117500560839265,3.9456676037163816,-1.734723475976807e-18,0.9307032706734988,3.0911897125227705,3.469446951953614e-18,13.101521911545943,41.51978385436506,8.673617379884035e-17,11.061983646759776,34.953802691192536,8.326672684688674e-17,17.74543935585685,57.0060639701358,1.8550191674668461,85.82493819935924,61.18374110059034,148.86369846741644,295.0706064097528,-2.8412184700411207,0.0,-136.90152107722574,-139.74273954726686,1.0,0.00014830860421613052,0.0,4.242640687119285,0.10574415627379237,0.005590913293028111
501,12.520710527359718,0.04255891731955853,5.204170427930421e-18,1.308034769593118,3.5692057947628792,1.0408340855860843e-17,0.8116443395645787,2.9662628645904654,-9.367506770274758e-17,13.350547350486915,42.37408561902766,-8.326672684688674e-17,10.10040933475726,32.02164427481363,1.3877787807814457e-16,16.173808097928386,51.967844882467745,1.5392474130464782,89.11855727879659,51.0091343648258,141.66693905666887,263.30593188642035,-2.4341379342779406,0.0,-124.97796387833304,-127.41210181261098,1.0,0.00012670352333371502,0.0,4.242640687119285,0.09278106026882242,0.004304162572303429
507,12.78663797594674,0.045707757057522204,5.204170427930421e-18,1.1952821162031109,3.233425424976176,0.0,0.6898925917610277,2.499793641090258,1.0408340855860843e-16,13.61205533436496,43.286316229822496,1.3877787807814457e-17,9.061160724055988,29.09077355423645,-1.5612511283791264e-16,14.582765582377665,47.51048355775234,1.2529051497405048,92.6440252129068,41.0523168335874,134.9492471962347,233.41896807807828,-1.9684898761663845,0.0,-109.84000157164301,-111.8084914478094,1.0,0.00012670352333371502,0.0,4.242640687119285,0.09278106026882242,0.004304162572303429
512,13.02740698790874,0.050134540015697344,-3.469446951953614e-18,1.0854496315669433,2.9862127919085433,0.0,0.7757733864432922,2.528788126217674,4.0592529337857286e-16,13.835826877991156,44.07600594191031,2.0816681711721685e-17,8.050501715496946,26.068667379685383,6.245004513516506e-17,12.984511703216052,42.499313379055565,1.0705153751128442,95.71505269887123,32.405288935609626,129.1908570095937,207.11748287136106,-1.7132242287753188,0.0,-107.03563786905087,-108.74886209782619,1.0,0.00010900293013198692,0.0,4.242640687119285,0.08207622208732385,0.0033682531160638537
517,13.298830232161418,0.05742509984626711,0.0,0.9559200941715015,2.775319727445047,5.204170427930421e-18,0.833530002437753,2.632511965466435,6.938893903907228e-17,14.075270486766968,44.869764516066525,-1.0408340855860843e-17,6.849728163997721,22.40038332411161,6.245004513516506e-17,11.027535143501307,36.181882065087514,0.8649434096469802,99.05661963782663,23.459387960331792,123.38095100780541,179.6741024302494,-1.4414436472182819,0.0,-99.32156368383335,-100.76300733105163,1.0,0.00010900293013198692,0.0,4.242640687119285,0.08207622208732385,0.0033682531160638537
521,13.54748652525231,0.06528864838758325,0.0,0.8237578971786902,2.4119483881165706,-1.734723475976807e-18,0.8450220143187984,2.7271417081343965,3.2612801348363973e-16,14.286250554207182,45.428700576732915,3.469446951953614e-18,5.755736480602463,19.265379201594655,-2.0816681711721685e-17,9.225741959565937,31.169075039755295,0.683729164995238,102.0484774487925,16.564251217069014,119.29645783085675,158.84157401813954,-1.296180257635673,0.0,-82.22855391389739,-83.52473417153305,1.0,9.377261476901146e-05,0.0,4.242640687119285,0.07060065064028333,0.0024922259354156692
524,13.759765882203899,0.07394278968187007,1.734723475976807e-18,0.711203746319206,2.051528550227958,-3.469446951953614e-18,0.7529335833093324,2.3720933813268967,2.2898349882893854e-16,14.46276641978268,45.75476162090334,1.734723475976807e-17,4.875596501437905,16.578771837491374,3.469446951953614e-18,7.813853148448408,26.804866540761267,0.5045537913096461,104.58580625659675,11.885720622416768,116.97608067032317,145.34700256962955,-1.1011299222230728,0.0,-62.34619952333391,-63.44732944555698,1.0,9.377261476901146e-05,0.0,4.242640687119285,0.07060065064028333,0.0024922259354156692
527,14.009237025542262,0.08865579363671389,5.204170427930421e-18,0.5965229345929749,1.7641930701826682,0.0,0.6835572487746682,2.1256555673080464,6.938893903907228e-17,14.66400691405176,46.065938594098455,1.3877787807814457e-17,3.927698455356333,13.263700203461152,-3.642919299551295e-17,6.305987514738794,20.987917380500555,0.36174687212234585,107.51654938767891,7.71340757810426,115.5917038379055,134.04179062074098,-1.059789003487892,0.0,-44.17373723815909,-45.233526241646985,1.0,9.377261476901146e-05,0.0,4.242640687119285,0.07060065064028333,0.0024922259354156692
530,14.315967081760952,0.10844227096511447,-1.734723475976807e-18,0.4905595799571576,1.4870098637278102,-1.734723475976807e-18,0.640986248808829,1.802553915897402,-3.642919299551295e-16,14.903901746943323,46.36646167762911,3.469446951953614e-18,2.9028145882585457,9.864940840811741,6.071532165918825e-17,4.6828998179789405,15.507139462667608,0.2690345846247725,111.06314364127007,4.213166266903314,115.54534449279816,125.67948945011283,-1.0302277886212496,0.0,-26.230585782648543,-27.260813571269793,1.0,8.111807769024194e-05,0.0,4.242640687119285,0.06244036168510809,0.0019493993836835572
532,14.558099354517134,0.12611536125786332,1.734723475976807e-18,0.40835536681344126,1.2570403732535669,1.734723475976807e-18,0.6734602077310529,2.385227354739971,-4.5102810375396984e-17,15.096263381002743,46.48585706811649,6.938893903907228e-18,2.204754489279059,7.954026575327292,6.071532165918825e-18,3.538225824106281,13.303851337418264,0.23305357324301584,113.94858403430217,2.4304711789980815,116.61210878654326,122.42272130078194,-0.8843082344408836,0.0,-12.519972244197803,-13.404280478638686,1.0,8.111807769024194e-05,0.0,4.242640687119285,0.06244036168510809,0.0019493993836835572
534,14.8468245187086,0.15040733931448205,-1.734723475976807e-18,0.32721477122797277,1.0801463859171456,8.673617379884035e-18,0.5979425465822865,2.0691621610669193,3.469446951953614e-17,15.333433351167567,46.456728624930776,1.0408340855860843e-17,1.554386315410212,5.675041130548762,7.806255641895632e-18,2.4915725079837077,9.661637284983936,0.1724723079455311,117.55708916734892,1.208058408767267,118.93761988406172,121.82182035471484,-0.8912360518916446,0.0,-1.203215413551142,-2.0944514654427864,1.0,8.111807769024194e-05,0.0,4.242640687119285,0.06244036168510809,0.0019493993836835572
535,15.006560993532485,0.15973647482388592,-1.734723475976807e-18,0.3064234529118795,1.0453627328928263,-3.469446951953614e-18,0.5597053055245782,1.990779003034982,-4.85722573273506e-17,15.468732765984289,46.735572910318325,3.469446951953614e-18,1.2965943408134066,4.3360489600784895,5.204170427930421e-18,2.059023895353212,7.042865726361767,0.15929922090382378,119.64084669271794,0.8405784423146762,120.64072435593644,122.6259892366927,-0.9037460683635943,0.0,5.970717883029777,5.066971814666182,1.0,8.111807769024194e-05,0.0,4.242640687119285,0.06244036168510809,0.0019493993836835572
537,15.347469838930715,0.17449750892289587,-3.469446951953614e-18,0.3150228052055221,1.089863309675613,3.469446951953614e-18,0.5415355135818847,1.7190164781822892,-6.938893903907228e-18,15.769200694498588,48.08232424852082,0.0,1.1251308964333644,3.245869720028697,2.0816681711721685e-17,1.78460980632554,4.862578949389076,0.1795737099375563,124.33384527168738,0.632959767054473,125.14637874867941,126.63924319915887,-0.9241246339821139,0.0,12.638067499583267,11.713942865601153,1.0,8.111807769024194e-05,0.0,4.242640687119285,0.06244036168510809,0.0019493993836835572
538,15.525969441513443,0.17849960258272732,-1.734723475976807e-18,0.3425337195854229,1.1724988917320291,1.734723475976807e-18,0.46565546225006516,1.4806172332688523,8.673617379884035e-17,15.934014902950677,48.76274092847788,-6.938893903907228e-18,1.2103269773995564,3.42140815692522,-5.204170427930421e-18,1.9460985576982581,5.521638630187887,0.17973721354031652,126.94641546372712,0.7324456961105731,127.85859837337802,129.6136149604829,-0.9486877380784887,0.0,17.411889072864344,16.463201334785854,1.0,8.111807769024194e-05,0.0,4.242640687119285,0.06244036168510809,0.0019493993836835572
540,15.85120860606646,0.15590485502439114,0.0,0.383924469858469,1.311255543539226,0.0,0.4302478285439253,1.3927387818861998,-2.220446049250313e-16,16.24597260250214,49.88727637193333,1.3877787807814457e-17,1.441716394817838,4.192910610471851,-3.469446951953614e-18,2.0373911957749846,5.456090929470607,0.20586383974570543,131.96581290062502,1.0392730815432718,133.21094982191403,135.37098288230507,-0.9751538576618402,0.0,18.953366045221394,17.978212187559553,1.0,7.18331691708035e-05,0.0,4.242640687119285,0.06072056412854117,0.0018434934540441403
542,16.1445240627269,0.14486415938877328,0.0,0.44300741374430114,1.5246085124514441,0.0,0.46423116185396823,1.5324007905427195,1.2836953722228372e-16,16.536957046941232,50.79763851114497,-6.938893903907228e-18,1.904811087058054,5.792363965310329,6.071532165918825e-18,2.6761943156442074,8.121269215117621,0.25356043674814105,136.73547418618966,1.8141526386896425,138.80318726162744,142.55108422439042,-0.8961310718500038,0.0,25.496116439046194,24.59998536719619,1.0,7.18331691708035e-05,0.0,4.242640687119285,0.06072056412854117,0.0018434934540441403
543,16.281482873026345,0.13695881029944268,5.204170427930421e-18,0.4899793149811828,1.6506420828756911,6.938893903907228e-18,0.5864858683936393,1.8996717181131806,2.42861286636753e-17,16.674275463693245,51.187413823718444,6.938893903907228e-18,2.223648030624441,6.7988355157392615,-1.734723475976807e-18,3.204908020316309,9.78551009122926,0.3220955996195341,139.01573111956125,2.4723052820499776,141.81013200123076,147.05572484632646,-0.9224056576578311,0.0,33.89569053492076,32.97328487726293,1.0,7.18331691708035e-05,0.0,4.242640687119285,0.06072056412854117,0.0018434934540441403
545,16.521083882563943,0.11344902155561222,3.469446951953614e-18,0.5988815003380936,1.8801288961167109,3.469446951953614e-18,0.7098653827982183,2.341958874868791,-3.2612801348363973e-16,16.91673484480856,51.777233149835844,-1.0408340855860843e-17,2.903304968237589,8.853913179702797,-3.122502256758253e-17,4.412216081737579,13.438401374912996,0.4734508643513043,143.08795890478007,4.214589869296534,147.7759996384279,157.24685521074923,-0.9492837785881114,0.0,43.45567409512156,42.50639031653345,1.0,7.18331691708035e-05,0.0,4.242640687119285,0.06072056412854117,0.0018434934540441403
548,16.814550772439986,0.09244291072845309,-1.734723475976807e-18,0.7381347663292788,2.190040153719494,1.0408340855860843e-17,0.5822890606910143,1.7622615859284054,-1.214306433183765e-16,17.216652126867164,52.916686929361276,1.0408340855860843e-17,3.7914623661993936,11.179997047059068,3.469446951953614e-18,5.934538628189236,17.13117962681604,0.607716440863559,148.2065552287798,7.187593437153152,156.0018651067965,172.69852070090658,-0.9933480334796158,0.0,53.55781012388216,52.56446209040255,1.0,7.18331691708035e-05,0.0,4.242640687119285,0.06072056412854117,0.0018434934540441403
551,17.078028364787947,0.08655839776890445,-5.204170427930421e-18,0.8267645346573614,2.5018610422103693,-3.469446951953614e-18,0.6065650183817505,2.059317473212136,-1.1102230246251565e-16,17.484314694154858,54.029943063619115,1.3877787807814457e-17,4.509737242630525,13.032217938299128,1.8214596497756474e-17,6.936451879863514,19.683659455300287,0.7207340212285347,152.85063016211973,10.168864998784384,163.74022918213265,186.89997264496577,-1.0142851543024307,0.0,55.06998896893944,54.05570381463701,1.0,6.55709070318315e-05,0.0,4.242640687119285,0.0625802234973336,0.001958142186488112
554,17.322500858442666,0.07843732621802292,-8.673617379884035e-18,0.9048913761478701,2.7681112976653504,-3.469446951953614e-18,0.6697102742356416,2.3449119135029415,-6.279698983036042e-16,17.728071095411696,54.898307701859565,-5.204170427930421e-17,5.196534655490397,14.805040319256742,-5.724587470723463e-17,7.915185544883903,22.77129870674827,0.8415319939429778,157.14225238198583,13.501986212856348,171.48577058878513,201.90330059832505,-1.0017102136998035,0.0,62.55623340485303,61.55452319115323,1.0,6.55709070318315e-05,0.0,4.242640687119285,0.0625802234973336,0.001958142186488112
557,17.54126239821324,0.07055065590922766,0.0,1.0023078528389946,2.9826245121150485,-5.204170427930421e-18,0.7246587734010295,2.273586582324417,3.2612801348363973e-16,17.943475541456586,55.54350619458879,7.28583859910259e-17,5.9078849940155465,16.507521112657933,6.245004513516506e-17,9.109045997461537,25.61409438551609,1.0241119635806493,160.98415725342534,17.451552551257038,179.45982176826303,219.31454844516495,-1.05382884923655,0.0,80.6568081921495,79.60297934291295,1.0,6.55709070318315e-05,0.0,4.242640687119285,0.0625802234973336,0.001958142186488112
561,17.80339992915959,0.06228535598173437,3.469446951953614e-18,1.1362807816634553,3.2547514256159276,3.469446951953614e-18,0.6809706502835928,2.139837157673994,2.255140518769849e-16,18.20138256460361,56.273696795908116,-3.122502256758253e-17,6.788398331110023,18.642767010048733,5.204170427930421e-18,10.677880897449477,29.031516641458417,1.2659367155445094,165.64516363152808,23.041175950908666,189.95227629798126,243.77808017312134,-1.0983881440317633,0.0,94.37562128173474,93.27723313770298,1.0,6.138162776761116e-05,0.0,4.242640687119285,0.06479306193181304,0.00209907043724988
565,18.033976803001693,0.05524276819254568,-1.9081958235744878e-17,1.2244064126562129,3.488871705565246,0.0,0.5616105063161623,1.7253143607100636,1.8041124150158794e-16,18.427925839064724,56.94853160748628,1.0408340855860843e-17,7.437538787415491,21.364436279269317,-1.1622647289044608e-16,11.74986786405669,33.82219404091767,1.396586852674636,169.79422536503463,27.65849160715494,198.8493038248642,263.783832034173,-1.1050877713149696,0.0,87.9664710225956,86.86138325128063,1.0,6.138162776761116e-05,0.0,4.242640687119285,0.06479306193181304,0.00209907043724988
570,18.29332608656178,0.05005033329266691,1.214306433183765e-17,1.2813498749520387,3.6699641826533553,0.0,0.6249166920021381,2.111535216330531,1.1102230246251565e-16,18.681482205378227,57.636747475264194,-3.122502256758253e-17,8.008451515546374,24.04061835193524,-1.6306400674181987e-16,12.568022075051802,37.9506932494139,1.5080068778822033,174.49888869493168,32.0676478384285,208.07454341124236,282.790089546998,-1.1644580228364996,0.0,74.66359583775677,73.49913781492027,1.0,5.879836502202723e-05,0.0,4.242640687119285,0.06805403937095025,0.0023156761373514232
575,18.53389581699438,0.046983452517317,1.734723475976807e-18,1.3299459022185727,3.759079270414948,6.938893903907228e-18,0.5835797061722916,2.020352702509426,-5.551115123125783e-17,18.918566331583857,58.277947706711316,-3.8163916471489756e-17,8.48787685146857,25.95880107936494,-1.5612511283791264e-16,13.321659737059884,40.502914844154844,1.5721309841778277,178.9560760212691,36.02202672284801,216.55023372829493,300.48824735164357,-1.175725587660101,0.0,74.8944179576354,73.7186923699753,1.0,5.879836502202723e-05,0.0,4.242640687119285,0.06805403937095025,0.0023156761373514232
580,18.76199345679953,0.04479125203474547,-1.734723475976807e-18,1.379896536003034,3.814666329453022,3.469446951953614e-18,0.5288328025191709,2.035605757856668,-1.734723475976807e-16,19.145756719119845,58.88746324858315,4.5102810375396984e-17,8.897873878251458,27.54968887106893,0.0,14.033202761398812,42.66779207047149,1.647030040599045,183.28000017386134,39.58607977663481,224.5131099910952,317.27050029821345,-1.2319839537896762,0.0,74.95842491025935,73.72644095646967,1.0,5.7396783165062875e-05,0.0,4.242640687119285,0.07164040406206033,0.0025661737470876354
586,19.02334003301616,0.04274197024851055,1.214306433183765e-17,1.4197876394837439,3.836997344145188,-3.469446951953614e-18,0.6292108564350948,2.038606068171792,-3.469446951953614e-16,19.407738592319443,59.655042102711946,-1.0408340855860843e-17,9.25838126107029,29.51593529417999,2.42861286636753e-17,14.667930470767104,46.20316377056793,1.7432956130687878,188.33015863390267,42.85881178766875,232.9322660346402,333.8810875820286,-1.2530927241753294,0.0,65.0205299100787,63.76743718590336,1.0,5.7396783165062875e-05,0.0,4.242640687119285,0.07164040406206033,0.0025661737470876354
592,19.27417011121465,0.04120702235060102,-6.938893903907228e-18,1.4288461831599752,3.8632869408113857,-3.469446951953614e-18,0.7196564135155181,2.4650648852039083,-1.5265566588595902e-16,19.660847611861993,60.36577394573348,-1.0061396160665481e-16,9.508079630989467,31.28434342858693,-3.469446951953614e-17,15.141192546633688,49.8771326227658,1.772630170670863,193.27446440842965,45.201789134618394,240.2488837137189,347.34971501658094,-1.29764117991203,0.0,55.208175295835176,53.91053411592315,1.0,5.704357738910681e-05,0.0,4.242640687119285,0.07650059626521187,0.0029261706144664743
598,19.517666483595526,0.040246411407524156,1.734723475976807e-18,1.412988307650952,3.851948952694838,-3.469446951953614e-18,0.7418255416461658,2.7226949587052665,1.8735013540549517e-16,19.90969740021037,61.05397951638771,-8.326672684688674e-17,9.663365530435426,32.25239796247541,-1.3877787807814457e-17,15.456384114796437,51.735002125269666,1.720186040683143,198.19802528397182,46.69031668740376,246.6085280120587,357.80179337357794,-1.3373806549063263,0.0,44.47780562365655,43.140424968750224,1.0,5.704357738910681e-05,0.0,4.242640687119285,0.07650059626521187,0.0029261706144664743
604,19.758514416528122,0.04020112993064614,-1.734723475976807e-18,1.377706587183738,3.802870414699412,-1.734723475976807e-18,0.6823762437571561,2.2525066163670653,-6.245004513516506e-17,20.15732087549851,61.71316695774269,3.469446951953614e-17,9.709313661630992,32.39047960724166,7.632783294297951e-17,15.522555031838566,51.592359254849384,1.6061309786923648,203.158792438904,47.1353858899671,251.90030930756345,364.0921181709739,-1.3858998763168988,0.0,27.78632720064519,26.40042732432829,1.0,5.7558260515149194e-05,0.0,4.242640687119285,0.08201486048988134,0.00336321867058735
610,20.002021618017096,0.04092477385304554,1.734723475976807e-18,1.3334055435513104,3.722517872754301,0.0,0.6312983770823875,1.8897906414344763,5.134781488891349e-16,20.405598657965506,62.332510220071164,4.85722573273506e-17,9.710081451890819,32.27736185445377,2.7755575615628914e-17,15.502656048811641,51.17615510306331,1.492362812406182,208.19422829498177,47.142840901177046,256.829432008565,368.8620059430362,-1.4217124280384499,0.0,21.3142978307652,19.89258540272675,1.0,5.871551108369169e-05,0.0,4.242640687119285,0.08740068737396227,0.0038194400767205443
616,20.250636861666337,0.04178368699943566,-6.938893903907228e-18,1.2918300827857898,3.7080854579207045,-5.204170427930421e-18,0.6917570718954346,2.57555088530005,-2.42861286636753e-17,20.653779055848542,63.016287994493844,7.632783294297951e-17,9.767576210543387,32.31502064045157,-2.0816681711721685e-17,15.673603498728292,51.68635121333062,1.4371943889814216,213.28929464390393,47.70277251438655,262.4292615472719,376.46073265320234,-1.4805849062149228,0.0,32.291494698101296,30.810909791886374,1.0,5.871551108369169e-05,0.0,4.242640687119285,0.08740068737396227,0.0038194400767205443
622,20.504372916592395,0.0427114336957098,1.0408340855860843e-17,1.240188576188812,3.6367436880656467,-5.204170427930421e-18,0.8033796757439404,3.012231161609315,3.122502256758253e-17,20.900959153494455,63.69151799314572,4.85722573273506e-17,9.874530509564927,32.20072056888284,3.469446951953614e-17,15.964876701872887,52.10303995336028,1.3936522186609754,218.42504676802184,48.753176392164285,268.5718753788471,386.14191955963236,-1.533593698912914,0.0,39.93978216046496,38.40618846155204,1.0,6.0531490407083364e-05,0.0,4.242640687119285,0.09398893248389653,0.004416959714731231
628,20.766610438525603,0.044615508876024,-6.938893903907228e-18,1.167037250896889,3.46107682658027,-3.469446951953614e-18,0.8273305638674545,2.8043194182391797,1.3183898417423734e-16,21.15082457530458,64.4466094601844,2.0816681711721685e-17,9.987826439027401,31.51399278651361,2.7755575615628914e-17,16.19224296411719,51.030052636498624,1.286853980415323,223.678690107654,49.87833848806737,274.8438825761367,395.5131787606348,-1.6085868158680692,0.0,37.683073891783444,36.07448707591537,1.0,6.0531490407083364e-05,0.0,4.242640687119285,0.09398893248389653,0.004416959714731231
634,21.04517044274518,0.04785718804847631,1.734723475976807e-18,1.0987920235055024,3.3117592027648417,-8.673617379884035e-18,0.7641582733347625,2.3868150351083184,-1.700029006457271e-16,21.40982780022081,65.35408084204839,-4.85722573273506e-17,10.180566840850627,31.615396360251673,1.0408340855860843e-16,16.520263749014582,52.11881641505062,1.1717718127735717,229.1903632175539,51.82197060051366,282.18410563084115,407.6942371023463,-1.7021432106694225,0.0,45.7785758779398,44.07643266727038,1.0,6.296282373120224e-05,0.0,4.242640687119285,0.10131570668613235,0.005132436210655201
639,21.29340916715224,0.05081882631203263,1.734723475976807e-18,1.060474638008871,3.190992581409903,-3.469446951953614e-18,0.7119477205246318,2.088260577978036,-4.2674197509029455e-16,21.633009355783276,66.0800386476323,-1.0061396160665481e-16,10.454836032763481,32.40568310706694,-1.0408340855860843e-17,17.001093510895828,53.33534317279215,1.1236505063169635,233.99354689370332,54.65179823598483,289.7689956360051,422.4608326248705,-1.7820960413542437,0.0,61.59222175682323,59.810125715468985,1.0,6.296282373120224e-05,0.0,4.242640687119285,0.10131570668613235,0.005132436210655201
643,21.502455726735985,0.0531478411332516,0.0,1.0354378993325866,3.1170174590182285,-1.734723475976807e-18,0.7188783454763292,2.144528263981278,4.163336342344337e-17,21.81485957887059,66.58344137483299,-2.42861286636753e-17,10.73622510228115,32.90669221763872,5.551115123125783e-17,17.47293013016839,53.91969697293415,1.128698354919282,237.9440492229209,57.63326472342593,296.7060123012661,436.7711646048036,-1.9072704256248365,0.0,70.78873104183873,68.8814606162139,1.0,6.581601737628427e-05,0.0,4.242640687119285,0.10801957647100001,0.005834114450487109
648,21.776074878252498,0.05522321354993604,-3.469446951953614e-18,1.012927205134783,3.041895775531514,3.469446951953614e-18,0.7317670237236927,2.258808088355374,-2.393918396847994e-16,22.048622744779593,67.07392225586122,6.938893903907228e-18,11.186315860012721,33.426713013007884,-8.673617379884035e-17,18.2436121653659,54.35388275545938,1.155874336436698,243.07088247080594,62.56683125998606,306.7935880672287,459.22435323409206,-2.0032449798920604,0.0,84.52759046314317,82.52434548325111,1.0,6.581601737628427e-05,0.0,4.242640687119285,0.10801957647100001,0.005834114450487109
653,22.051683681159698,0.05493312052506439,0.0,1.0156942103851847,3.0027465540253004,3.469446951953614e-18,0.5884111637162724,1.8771566561345865,1.5959455978986625e-16,22.28229736450053,67.43685441310687,-1.0408340855860843e-17,11.72964924694353,34.197176203203234,-5.204170427930421e-18,19.22515455870637,55.62948979113554,1.159192340468316,248.25038792001362,68.79233572816148,318.2019159886434,486.78802502446484,-2.1563865769894632,0.0,102.573574373574,100.41718779658454,1.0,6.914960926192905e-05,0.0,4.242640687119285,0.11582532274419158,0.006707752694398071
657,22.270570252317942,0.05466702875701312,5.204170427930421e-18,1.0262825610861044,2.9416061434261414,3.469446951953614e-18,0.5234294260944592,1.521508688843901,1.491862189340054e-16,22.46689317680689,67.65618138068695,4.5102810375396984e-17,12.143572978501622,34.99946244376953,1.3877787807814457e-17,19.918176985035775,57.253491437455274,1.1803562197693216,252.38064450902604,73.73318234209735,327.2941830708927,508.14548450293637,-2.283827340387843,0.0,100.37901692820479,98.09518958781695,1.0,6.914960926192905e-05,0.0,4.242640687119285,0.11582532274419158,0.006707752694398071
662,22.545612938843572,0.05537242634331698,0.0,1.0389809563023764,2.8544743104021935,-6.938893903907228e-18,0.569600494692703,1.819565995495266,-1.3183898417423734e-16,22.69898307583098,68.11958703545795,-5.204170427930421e-17,12.596391617508047,35.82090095430408,2.168404344971009e-17,20.575122241811247,58.68791858300984,1.2332566748739724,257.62191633843065,79.33454089081347,338.1897139041181,531.82488171661,-2.419379555639777,0.0,89.22498820684116,86.80560865120138,1.0,7.264115836434931e-05,0.0,4.242640687119285,0.12160071990479696,0.007393367540682441
666,22.76610506657749,0.05405888425133389,0.0,1.0595163379845882,2.9673241856493737,-1.734723475976807e-18,0.4972552866920908,1.7087889250422097,-9.020562075079397e-17,22.887298396909703,68.6888566079855,1.734723475976807e-17,12.966399529734922,36.558819622119415,6.071532165918825e-18,21.148546369300536,59.63689410408095,1.2658632245285497,261.91421395459264,84.06375838235498,347.2438355614762,552.0680675981339,-2.582613361891569,0.0,95.09652129396223,92.51390793207065,1.0,7.264115836434931e-05,0.0,4.242640687119285,0.12160071990479696,0.007393367540682441
671,23.025793429545413,0.05091681107848524,3.469446951953614e-18,1.0962899730412086,3.0952396834202913,3.469446951953614e-18,0.5017228048648609,1.6302228421804026,2.8449465006019636e-16,23.113147382381346,69.42725376495068,2.0816681711721685e-17,13.437869761612037,37.50174740857962,-4.9439619065339e-17,21.97280503397918,60.82644466167069,1.3493697979634205,267.1087909598408,90.28817186502354,358.7463326228278,579.3916279743917,-2.695212751076921,0.0,108.5630016905051,105.86778893942818,1.0,7.604055175971845e-05,0.0,4.242640687119285,0.12550947595856762,0.007876314277697133
676,23.27578285924783,0.04940312745037527,3.469446951953614e-18,1.1329098367567418,3.171685764067149,-3.469446951953614e-18,0.4821585568379476,1.7650523561067832,3.122502256758253e-16,23.333146514556574,70.15337782165304,-1.0408340855860843e-17,13.857381185301623,38.19034016457986,3.469446951953614e-18,22.7173253066524,62.41063636968899,1.431118154918931,272.2178631348818,96.01350665737567,369.6624879471764,605.0167492583846,-2.887283877296188,0.0,106.14501051242266,103.25772663512647,1.0,7.604055175971845e-05,0.0,4.242640687119285,0.12550947595856762,0.007876314277697133
681,23.515998454542768,0.046922520037688514,-3.469446951953614e-18,1.166657357750933,3.362984193160388,3.469446951953614e-18,0.5645042139642333,1.711321885868331,6.938893903907228e-16,23.547098926571152,70.86382724057336,-1.3877787807814457e-17,14.180607215661642,39.63575644601295,-6.938893903907228e-18,23.23468257973848,64.80637979040637,1.5364348386654711,277.2329339288641,100.5448105024375,379.31417926996704,625.6186179093293,-2.9937882178307142,0.0,89.64336897684919,86.64958075901848,1.0,7.918886715853277e-05,0.0,4.242640687119285,0.12803269160490213,0.008196185059797988
687,23.7833519055335,0.04291701258969303,5.204170427930421e-18,1.212374753356384,3.681435894523033,3.469446951953614e-18,0.6552741086088415,1.9954884375821096,3.191891195797325e-16,23.788630827445324,71.58843954592726,0.0,14.48377775444415,41.32615042191978,7.37257477290143e-17,23.690524563775387,68.12180577148911,1.6730605232892444,282.94947832224096,104.88990902006557,389.51244786559573,645.9374144945095,-3.1736956277911346,0.0,80.10638109752189,76.93268546973076,1.0,7.918886715853277e-05,0.0,4.242640687119285,0.12803269160490213,0.008196185059797988
693,24.03086639530779,0.04035250132673811,-5.204170427930421e-18,1.2589261186000367,3.857157169495893,-1.734723475976807e-18,0.5760088717638611,1.739719319470415,2.740863092043355e-16,24.015538316084033,72.1639351812094,-3.469446951953614e-18,14.7351352720743,42.446592956186194,-3.469446951953614e-17,24.08069987263218,70.07318558991965,1.7423066729202832,288.3730403056502,108.56210574316407,398.67745272173454,663.8071871809613,-3.296660964411248,0.0,76.42864151629715,73.1319805518859,1.0,8.175731323099062e-05,0.0,4.242640687119285,0.1276902674569986,0.008152402201619918
699,24.269548109776817,0.03954082882263158,5.204170427930421e-18,1.293698695584128,3.8634693592126497,3.469446951953614e-18,0.5891720824938032,1.8352960152101114,1.214306433183765e-16,24.235232957533455,72.66511764815033,3.469446951953614e-18,14.93386956103628,42.989232910402826,-5.204170427930421e-18,24.36366707631394,70.40037651272509,1.8158754907816337,293.67325825295785,111.51023003302299,406.9993637767625,678.7784276292606,-3.40669915349687,0.0,67.14027920639315,63.73358005289627,1.0,8.175731323099062e-05,0.0,4.242640687119285,0.1276902674569986,0.008152402201619918
705,24.505640175654207,0.03916962762942296,0.0,1.3288342924926584,3.9424676934316496,1.734723475976807e-18,0.5914620207158583,1.9818797892286406,1.8735013540549517e-16,24.45143229505809,73.28294615896245,7.632783294297951e-17,15.11078695918867,43.58196058034114,-3.469446951953614e-18,24.62794295351027,71.55476210137188,1.9027748258144523,298.9362706399048,114.16794126299318,415.00698672871243,692.9395330044717,-3.5294657273692644,0.0,64.55115306166836,61.021687334299095,1.0,8.376859900750092e-05,0.0,4.242640687119285,0.12690568559713739,0.00805252651843974
712,24.77559852911135,0.03799912644938535,-3.469446951953614e-18,1.3923070779764217,4.167026612985774,-3.469446951953614e-18,0.5958479384635638,1.9896991472103451,8.326672684688674e-17,24.698038145672832,74.39510599429875,-6.938893903907228e-18,15.319461091330684,44.872412686489895,-2.6020852139652106e-17,25.000746986577166,73.81173206276499,2.0654797605516757,304.9965441225551,117.34294406439736,424.40496794750413,710.5079964813502,-3.619840148313012,0.0,69.70444381214304,66.08460366383002,1.0,8.521299950892933e-05,0.0,4.242640687119285,0.12542540679738795,0.007865766335145127
719,25.036139271837172,0.036720567941464145,5.204170427930421e-18,1.4637139882743102,4.343083495369916,-6.938893903907228e-18,0.5995017701743323,1.9417409743791418,1.214306433183765e-16,24.936329429244044,75.42226679127543,-1.0408340855860843e-17,15.464287734201305,46.09255140149082,4.85722573273506e-17,25.24027874123027,75.89110682957083,2.232933441502384,310.91026270189127,119.57209756308444,432.71529370647806,724.2967424220127,-3.721783735597711,0.0,57.68952611813058,53.96774238253287,1.0,8.521299950892933e-05,0.0,4.242640687119285,0.12542540679738795,0.007865766335145127
725,25.25483824593573,0.03637562989374916,1.734723475976807e-18,1.50495417550905,4.394251252551134,1.734723475976807e-18,0.5413822407859901,1.809350202882166,-1.5959455978986625e-16,25.136079078414898,76.22703787825618,0.0,15.496412001687572,46.86571676701801,5.377642775528102e-17,25.21998073729685,77.00135137813612,2.3028282385523844,315.9112357181636,120.0693924630233,438.28345641973925,730.085654547961,-3.7898447533303976,0.0,31.387401762257824,27.597557008927424,1.0,8.594686480749667e-05,0.0,4.242640687119285,0.12226665943094064,0.007474568004200814
732,25.51133803052083,0.03697535159741119,1.0408340855860843e-17,1.532276168955705,4.371617996611911,3.469446951953614e-18,0.5568097478680566,1.7206736611813538,2.463307335887066e-16,25.36982428537747,77.04970258810987,2.42861286636753e-17,15.484488603718235,47.57882620493145,-8.673617379884035e-17,25.117013965739087,77.94885816920711,2.3472036100341267,321.8139921354642,119.88469365933992,444.04588940483825,734.2639685140638,-3.830959649412181,0.0,21.248794162434674,17.41783451302249,1.0,8.601727911931058e-05,0.0,4.242640687119285,0.11862865634338496,0.007036379052918464
739,25.774831026660767,0.03817617716139019,1.0408340855860843e-17,1.5671381467027223,4.501609331401919,-6.938893903907228e-18,0.5403232038642809,1.6173509286982215,-4.753142324176451e-16,25.61038561059268,77.77914687968469,5.898059818321144e-17,15.483077464279079,48.31901152817632,-4.163336342344337e-17,25.150207426136514,79.2895055255145,2.3834459885152057,327.94592556162615,119.86284388243334,450.1922154325747,740.8389513809849,-3.867559608677391,0.0,29.85342537738112,25.985865768703732,1.0,8.601727911931058e-05,0.0,4.242640687119285,0.11862865634338496,0.007036379052918464
745,26.007421090682833,0.0391530001852545,-3.469446951953614e-18,1.602292850091941,4.61409206128914,0.0,0.5366203130836518,1.7369525159687103,-1.7694179454963432e-16,25.823672867184264,78.48500193675774,-2.42861286636753e-17,15.427281408756409,48.699323732526416,-1.1796119636642288e-16,25.10839825774247,79.96327114733452,2.424330400186647,333.4310401756744,119.00050583248054,454.8558764083416,744.0729312695614,-3.8696661837402435,0.0,18.792140420863248,14.922474237123005,1.0,8.554087241379759e-05,0.0,4.242640687119285,0.11500238183191283,0.0066127739135065375
752,26.276005070618833,0.03786772511025461,6.938893903907228e-18,1.6251096852872498,4.679002967679203,0.0,0.6121520879897921,2.2010230943575007,-7.632783294297951e-17,26.07060855500056,79.16609525264889,6.938893903907228e-17,15.210310989672205,48.47559201630794,-8.673617379884035e-17,24.713791815574393,79.14449758070815,2.4577298950619335,339.83831521403414,115.67678020127153,457.9728253103676,738.557912105598,-3.8524496081778303,0.0,-15.609295071465548,-19.461744679643378,1.0,8.444654315818545e-05,0.0,4.242640687119285,0.11025440335950436,0.0060780167300801425
758,26.500425779857775,0.03709310628330916,6.938893903907228e-18,1.6229466924584248,4.694964536269124,-3.469446951953614e-18,0.6497190565161042,1.9326241921690999,8.326672684688674e-17,26.27808725495097,79.69543517302749,-3.469446951953614e-17,14.933830439063223,48.083497547499675,-6.245004513516506e-17,24.20943210056719,78.26720665967697,2.4190157687389453,345.2689348894084,111.5096457913456,459.19759644949295,728.9533249514711,-3.8041926193494757,0.0,-37.97715978386149,-41.78135240321097,1.0,8.444654315818545e-05,0.0,4.242640687119285,0.11025440335950436,0.0060780167300801425
765,26.757278120444333,0.036455603825421554,-1.734723475976807e-18,1.6001665178737576,4.617352270464882,0.0,0.6463739227582618,2.0020684778060747,2.914335439641036e-16,26.517967866588624,80.31158763152143,8.673617379884035e-17,14.554796509169744,47.72586067881642,1.249000902703301e-16,23.582413695498467,78.10787466558543,2.2933879260504306,351.6013098867133,105.92105071166988,459.8157485244336,715.8919628766243,-3.727384520459848,0.0,-46.205565467952574,-49.932949988412425,1.0,8.275260913484044e-05,0.0,4.242640687119285,0.10489679907894985,0.005501669228504787
772,27.011897042745307,0.03640646468719862,-6.938893903907228e-18,1.5635793911088127,4.443921555167326,5.204170427930421e-18,0.5778552921969976,1.9268173861220963,-9.020562075079397e-17,26.75784517742553,81.10529012925139,4.85722573273506e-17,14.090952452630503,46.88102328528209,6.245004513516506e-17,22.84087183060542,77.04509144123506,2.1232239605707823,357.99113926953726,99.27747051114679,459.3918337412548,699.5297692675805,-3.6395220884995134,0.0,-59.75322363186842,-63.392745720367934,1.0,8.067521346623015e-05,0.0,4.242640687119285,0.10017401854604144,0.005017416995831327
779,27.268297383952884,0.03683257386381476,-5.204170427930421e-18,1.5227956335138386,4.286999106397502,0.0,0.5718260905177289,1.7552250477881286,2.1163626406917047e-16,26.999904187429948,81.79418767886413,2.7755575615628914e-17,13.528506296154474,45.04958809864067,3.469446951953614e-17,21.94568382853213,73.54443553367742,1.983826513919558,364.49741306519854,91.51024130254561,457.99148088166373,679.5372426337212,-3.5188014119093003,0.0,-73.65944653078303,-77.17824794269232,1.0,8.067521346623015e-05,0.0,4.242640687119285,0.10017401854604144,0.005017416995831327
786,27.528605923128072,0.03751111172235245,-3.469446951953614e-18,1.475151837818057,4.138632515168744,1.734723475976807e-18,0.6483032360810748,1.9367347232964238,-4.649058915617843e-16,27.244428754263858,82.41357716349471,4.5102810375396984e-17,12.870040143094764,42.80627615792785,-5.551115123125783e-17,20.915615102366328,69.42919576646138,1.8526523508383974,371.1294490730795,82.81896664243533,455.80106806635325,656.7350325885789,-3.36763669161334,0.0,-83.55773456578876,-86.9253712574021,1.0,7.830800230389242e-05,0.0,4.242640687119285,0.09555457705026549,0.0045653385976275615
792,27.75765202052476,0.038791256757748305,0.0,1.4084879946450672,4.034636910811295,6.938893903907228e-18,0.7915769398737008,2.3397363634594894,-2.0122792321330962e-16,27.458310780899275,82.98569629351768,6.938893903907228e-18,12.183018148525827,40.944270476090736,1.0408340855860843e-16,19.786777462699032,66.68454606415928,1.7099071118899678,376.9794154702246,74.21296560365484,452.90228818576935,632.8247256261852,-3.2495225540617305,0.0,-100.51225223705629,-103.76177479111801,1.0,7.561335923222799e-05,0.0,4.242640687119285,0.09035440831614516,0.004081959551080341
799,28.040258507269698,0.04178345659189886,0.0,1.2988653097941334,3.7953123492256107,3.469446951953614e-18,0.7944259848551047,2.4310810940708425,-8.638922910364499e-16,27.72204107854971,83.76950773902318,-6.938893903907228e-18,11.209889862524733,38.29045037478071,-6.938893903907228e-18,18.133433007806293,62.826254094904556,1.4448184043160663,384.25578078039877,62.83081536496739,448.5314145496822,600.1440059297712,-3.1003873187270345,0.0,-111.95818191144465,-115.05856923017168,1.0,7.561335923222799e-05,0.0,4.242640687119285,0.09035440831614516,0.004081959551080341
804,28.25729891125843,0.04449772912454027,-3.469446951953614e-18,1.2195603884199822,3.5914789565575505,-6.938893903907228e-18,0.6930128341457795,2.1789784200526565,-5.204170427930421e-17,27.92394902761862,84.33582309248516,-1.734723475976807e-17,10.449805910391555,35.73709453067244,-1.3877787807814457e-17,16.900583110436184,58.65536489674839,1.246641182531586,389.87346464852135,54.59922178242713,445.71932761348006,577.4385709535526,-2.9337874331053055,0.0,-101.2487610942245,-104.18254852732981,1.0,7.269179038558513e-05,0.0,4.242640687119285,0.0853520506972913,0.0036424862791164924
810,28.535627920546396,0.047804886660656076,-3.469446951953614e-18,1.1251305282258441,3.357102656962554,5.204170427930421e-18,0.6519098490699844,2.5789877484510733,-1.5959455978986625e-16,28.178175831072128,84.9975756216565,6.591949208711867e-17,9.487960702033945,32.23716821497606,7.632783294297951e-17,15.428667696803712,52.95201111738949,1.068577218030145,397.00479658340873,45.01069914167024,443.0840729431091,552.3665945473458,-2.84883806793558,0.0,-86.92920206714044,-89.77804013507601,1.0,6.967582701628832e-05,0.0,4.242640687119285,0.08084449671871219,0.0032679163248509327
815,28.786613097042377,0.05217905759858348,-1.734723475976807e-18,1.0217808001966,3.089031382944913,0.0,0.6971585627572244,2.371638549649875,1.214306433183765e-16,28.402942984464048,85.68504074065399,-4.85722573273506e-17,8.547838204378394,29.03891384630542,4.85722573273506e-17,13.921439007931424,47.87020713701392,0.91551784610537,403.36358508935757,36.53276898411543,440.8118719195784,529.6723861976136,-2.6744250874528617,0.0,-87.44239991324328,-90.11682500069614,1.0,6.967582701628832e-05,0.0,4.242640687119285,0.08084449671871219,0.0032679163248509327
819,29.01022450609253,0.058504969598965166,8.673617379884035e-18,0.915750214250855,2.7715420440622127,-1.734723475976807e-18,0.7383463007171149,2.1175298431219653,4.163336342344337e-17,28.600816982826434,86.23173309516635,4.85722573273506e-17,7.644788113677952,26.011720128737494,9.71445146547012e-17,12.380693102895616,42.85020799537665,0.7749340856267892,409.00336604256637,29.221392651515842,438.999692779709,509.6071070924084,-2.6298012569178812,0.0,-86.76941026833553,-89.39921152525342,1.0,6.967582701628832e-05,0.0,4.242640687119285,0.08084449671871219,0.0032679163248509327
823,29.26005721478425,0.06504721952844576,-3.469446951953614e-18,0.8066439132265761,2.4221277287647656,0.0,0.6553235581182904,1.9586668845649766,-7.632783294297951e-17,28.820431583736436,86.74836044771939,-6.245004513516506e-17,6.6688135084885785,22.64189793043556,6.591949208711867e-17,10.753096459859261,37.24679200479145,0.6020297278533369,415.30863833641627,22.236536805499874,438.1472048697695,491.60359421352956,-2.504003946979815,0.0,-69.37609311455589,-71.88009706153571,1.0,6.651473973226343e-05,0.0,4.242640687119285,0.07593503788607628,0.0028830649893799203
827,29.54169193429467,0.07402995402866058,1.734723475976807e-18,0.6983801373537201,2.1181603361360475,-3.469446951953614e-18,0.6079241835491744,2.056441176798831,-7.632783294297951e-17,29.064056171899868,87.23306051890461,-2.0816681711721685e-17,5.674629051292886,19.226809382503525,2.949029909160572e-17,9.18954500076166,31.933675759074212,0.4723501567401595,422.35968058167543,16.100707434888598,438.9327381733042,477.8343346848691,-2.447919389155027,0.0,-46.37732040463021,-48.82523979378524,1.0,6.651473973226343e-05,0.0,4.242640687119285,0.07593503788607628,0.0028830649893799203
830,29.781665205614704,0.08323481491071556,3.469446951953614e-18,0.611298857665984,1.8859721157617368,-8.673617379884035e-18,0.6645189029018913,2.258487402347637,1.6653345369377348e-16,29.268815692227474,87.54699454374295,6.938893903907228e-18,4.883898620833968,16.423904750215282,-2.6020852139652106e-17,7.938969470291546,27.22989477498475,0.4129700561321527,428.33178601279053,11.926232869291963,440.67098893821463,469.6145755950663,-2.4318363169744717,0.0,-31.714965096237094,-34.14680141321156,1.0,6.339123794015837e-05,0.0,4.242640687119285,0.07188790768635742,0.0025839356357611233
833,30.054716655374097,0.09533653835811544,5.204170427930421e-18,0.5287702234614996,1.6383580409108276,6.938893903907228e-18,0.6033252888378116,2.2167973868662627,-5.342948306008566e-16,29.501905795490675,88.21202159300205,1.3877787807814457e-17,4.0507654867695235,13.158240863205915,6.071532165918825e-18,6.581102344651348,21.140307422385657,0.3350057002762607,435.18122278300314,8.204350514401565,443.72057899768095,463.61887469119193,-2.3121459864774585,0.0,-19.551319481453334,-21.86346546793079,1.0,6.339123794015837e-05,0.0,4.242640687119285,0.07188790768635742,0.0025839356357611233
835,30.26209451392624,0.10682715534154413,-6.938893903907228e-18,0.47807981414777984,1.5462082314388848,0.0,0.5863357779951078,1.8735383990171228,1.700029006457271e-16,29.67859353153438,88.73866044984925,0.0,3.4944819850583895,11.010236964639049,-7.806255641895632e-18,5.630766117003251,17.453235984734913,0.29135984840560236,440.40945700501715,6.105702171948811,446.80651902537153,461.47271350470623,-2.313285661563758,0.0,-7.970745917795223,-10.284031579358981,1.0,6.339123794015837e-05,0.0,4.242640687119285,0.07188790768635742,0.0025839356357611233
837,30.5007350105784,0.12408094351991972,3.469446951953614e-18,0.43780882735229326,1.4697137993450107,-3.469446951953614e-18,0.5886683454334812,1.9906375851008877,5.238864897449957e-16,29.881207896964973,89.33378267718112,3.469446951953614e-18,2.9860454682111923,9.13736053305973,2.42861286636753e-17,4.725083554347051,14.717923988814388,0.2625253552959364,446.44329269082084,4.4582337691123,451.16405181522913,461.6504175251428,-2.318798736787746,0.0,3.118420005710715,0.7996212689229689,1.0,6.339123794015837e-05,0.0,4.242640687119285,0.07188790768635742,0.0025839356357611233
839,30.769552777960907,0.1346836267474284,1.734723475976807e-18,0.44277450260362733,1.387533373013919,0.0,0.6348535905040369,1.721934049489453,-2.671474153004283e-16,30.109406981027718,89.99368639469564,-6.938893903907228e-18,2.685382104405031,8.761746349767964,1.5612511283791264e-17,4.170071021210471,13.645474283324269,0.28173210853755437,453.2881943745805,3.6056385233293966,457.1755650064474,465.4763664567005,-2.3302965546431635,0.0,16.59360365462659,14.263307099983427,1.0,6.339123794015837e-05,0.0,4.242640687119285,0.07188790768635742,0.0025839356357611233
841,31.015917622143643,0.11897352688471441,-1.734723475976807e-18,0.5035545686793055,1.56699287177082,-3.469446951953614e-18,0.6440957049270645,1.8622186059597563,-1.096345236817342e-15,30.320395923542055,90.66697138661239,3.469446951953614e-18,2.7287983623162564,9.156947674094246,1.1275702593849246e-17,4.263507405461129,14.244907178407882,0.3402065299808069,459.66320448017285,3.7231702510899414,463.7265812612436,472.3576752693675,-2.295877692038323,0.0,30.138930241685276,27.843052549646952,1.0,6.050135014850091e-05,0.0,4.242640687119285,0.06900644637757247,0.0023809448208303922
844,31.340167010137435,0.1047527380177178,-3.469446951953614e-18,0.5914885532128986,1.7882794383519987,1.734723475976807e-18,0.5136333912433383,2.010731541231393,4.3021142204224816e-16,30.601484959457682,91.47041943526065,0.0,3.0573934683332613,9.896582428703969,1.5612511283791264e-17,4.794220904502323,15.562164602433196,0.39597269092576776,468.22544086195734,4.673827410103444,473.29524096298655,484.174897975005,-2.2651506152788117,0.0,38.63444182656603,36.36929121128722,1.0,6.050135014850091e-05,0.0,4.242640687119285,0.06900644637757247,0.0023809448208303922
846,31.546350820928666,0.10274810163599261,6.938893903907228e-18,0.6283994173945809,1.8894173963819685,0.0,0.4656137275391625,2.0452774274186627,-3.0531133177191805e-16,30.781193577948592,91.95674689120376,1.3877787807814457e-17,3.2956749131725758,10.22078097643,1.5612511283791264e-17,5.043730733570698,15.870527330997042,0.4310107130638281,473.7409390415718,5.430736566657533,479.6026863212931,491.9020122103974,-2.2924803844039454,0.0,39.89119676229916,37.598716377895215,1.0,6.050135014850091e-05,0.0,4.242640687119285,0.06900644637757247,0.0023809448208303922
849,31.845999524960572,0.09712531233213308,1.3877787807814457e-17,0.6983587613004262,2.11308106229388,0.0,0.516704506677546,1.6110576891135038,-1.0547118733938987e-15,31.043286432283793,92.65139440223362,1.734723475976807e-17,3.744219993665082,10.703384390903565,-5.204170427930421e-17,5.602076169674005,16.41238505619181,0.5318438346707501,481.84281625840754,7.009591680480671,489.38425177355896,504.8673229549635,-2.3231905296613786,0.0,45.71868227384501,43.39549174418363,1.0,6.050135014850091e-05,0.0,4.242640687119285,0.06900644637757247,0.0023809448208303922
851,32.0298785826024,0.09028992457493068,-5.204170427930421e-18,0.7662157849671016,2.260863001873456,3.469446951953614e-18,0.5719769580583399,1.7601881210609112,4.510281037539698e-16,31.205570560472022,93.20634205983399,-6.938893903907228e-18,4.12615161385385,11.409412302073878,5.204170427930421e-18,6.257083090248244,17.23773207951764,0.6339842762929395,486.8938170022991,8.512563570254361,496.0403648488464,515.1237223946337,-2.313107816580733,0.0,58.01980626869719,55.706698452116456,1.0,5.82147931144626e-05,0.0,4.242640687119285,0.06859426213673134,0.002352586399041307
854,32.2853509094173,0.08293340293889627,-1.734723475976807e-18,0.8668907847129257,2.3940111448550163,3.469446951953614e-18,0.5599916866593605,1.8295718507533734,5.204170427930421e-17,31.433323849525706,93.90934365667961,0.0,4.704146194284729,12.879070729641775,4.163336342344337e-17,7.310879658562392,19.959238702186656,0.778018410095282,494.02692411458065,11.06449570860175,505.86943823327766,531.3651535150145,-2.302657268434197,0.0,65.7537891920581,63.4511319236239,1.0,5.82147931144626e-05,0.0,4.242640687119285,0.06859426213673134,0.002352586399041307
857,32.5236094193952,0.07796256492949644,-5.204170427930421e-18,0.93123461890702,2.4464669496532125,-6.938893903907228e-18,0.5085039364687223,1.5034719707502546,-1.3877787807814457e-16,31.647000476774746,94.45113351858353,-5.551115123125783e-17,5.164987123715537,14.05295927082472,-1.9081958235744878e-17,8.052421365711863,22.02746615643459,0.871801377329994,500.76631958849043,13.338545994073652,514.976666959894,545.8224152137304,-2.3462028003270303,0.0,63.05673999652634,60.71053719619931,1.0,5.82147931144626e-05,0.0,4.242640687119285,0.06859426213673134,0.002352586399041307
860,32.75223799464173,0.07564555444461063,0.0,0.96755850956739,2.56077122879879,3.469446951953614e-18,0.5146097337024164,1.6284321707508327,-1.8041124150158794e-16,31.85258557955475,94.91269716171836,0.0,5.52869882798116,15.144933091955911,2.2551405187698492e-17,8.535918973348524,23.32002237193192,0.9277898629780377,507.2936040514295,15.283255365260125,523.5046492796677,558.460621079212,-2.3899205424499894,0.0,57.82251739229055,55.43259684984056,1.0,5.6455994730324214e-05,0.0,4.242640687119285,0.06864329917217689,0.0023559512606204903
864,33.04547336335039,0.07153108885681544,1.734723475976807e-18,1.0231455166111143,2.732311301728319,-5.204170427930421e-18,0.5424853646716857,1.8702032078858204,-9.71445146547012e-17,32.11793942272409,95.49927374888632,-2.7755575615628914e-17,6.010853467362273,16.360266741464983,4.85722573273506e-17,9.257634551924992,25.036108536370993,1.0070810170488702,515.781016380887,18.065179703050532,534.8532771009864,576.0584821282257,-2.3679292063840873,0.0,62.466815317115,60.09888611073091,1.0,5.6455994730324214e-05,0.0,4.242640687119285,0.06864329917217689,0.0023559512606204903
867,33.252164447363086,0.06762715009131548,0.0,1.0778091007386026,2.8659588300636214,-5.204170427930421e-18,0.5682450369094271,1.8815848766720422,-1.0477729794899915e-15,32.30568878845077,96.22358353136674,-4.85722573273506e-17,6.3893329683294136,17.07813917585038,1.5265566588595902e-16,9.929401368572165,26.586196912663787,1.102631786967594,521.8287640481168,20.41178789009058,543.3431837251749,590.3750847305804,-2.420148163049084,0.0,71.69542723633901,69.27527907328994,1.0,5.6455994730324214e-05,0.0,4.242640687119285,0.06864329917217689,0.0023559512606204903
871,33.51269819391727,0.06349110939267566,1.734723475976807e-18,1.1457760393936811,3.07531828965647,-1.734723475976807e-18,0.5401892736480259,1.7620086652469418,-5.065392549852277e-16,32.54265924094014,97.1172481018332,-2.0816681711721685e-17,6.8446063201986975,17.9822340655421,-4.683753385137379e-17,10.770748788884635,28.209919411778877,1.2144416541179746,529.5123352359733,23.42431783925198,554.1510947293433,608.8978505263754,-2.4569468003771093,0.0,73.57267340419499,71.11572660381788,1.0,5.511268152589746e-05,0.0,4.242640687119285,0.06880162861514544,0.0023668320500482
876,33.80523389434694,0.055783445965240964,1.3877787807814457e-17,1.191935032176046,3.3500444113654653,-1.734723475976807e-18,0.5901212231233304,2.3640964951224985,2.1510571102112408e-16,32.80943190372221,98.07938567955196,-5.898059818321144e-17,7.2302123067934785,20.11198046029937,-3.469446951953614e-17,11.404852903397796,32.30301451065454,1.2783687454722985,538.2294109224922,26.137985000653934,565.6457646686184,626.9028305012705,-2.4692832596777388,0.0,64.13171657931686,61.66243331963912,1.0,5.511268152589746e-05,0.0,4.242640687119285,0.06880162861514544,0.0023668320500482
880,34.01887375067594,0.052206958704388864,-6.938893903907228e-18,1.2067523806135583,3.5363745669407667,-1.0408340855860843e-17,0.5832887388974731,2.2575472578162046,-1.3183898417423734e-16,33.004995008090454,98.72931939183906,2.42861286636753e-17,7.433147684516768,22.057894789518194,8.326672684688674e-17,11.69062960278418,35.46802527899147,1.2635676839801575,544.664847742038,27.625842249918488,573.5542576759366,638.0812214634184,-2.517065659832499,0.0,55.00096604217537,52.483900382342874,1.0,5.4123877721938265e-05,0.0,4.242640687119285,0.06920215432475817,0.0023944690815938226
885,34.27084656466867,0.04931707329445621,-3.469446951953614e-18,1.2251382223704734,3.6857618850344496,-1.734723475976807e-18,0.48658749572886445,1.571651775837589,-3.122502256758253e-16,33.236741631984536,99.39169457197625,-1.734723475976807e-17,7.64492933399119,23.89501930395973,1.5959455978986625e-16,12.023943201950688,38.0553828492166,1.23533381464973,552.3404971556469,29.222472260859483,582.7983032311561,651.0560822254242,-2.5130433532519714,0.0,54.14178221530531,51.62873886205334,1.0,5.4123877721938265e-05,0.0,4.242640687119285,0.06920215432475817,0.0023944690815938226
890,34.51081702224917,0.047146578678512255,-1.0408340855860843e-17,1.2521168682755162,3.796464244942969,3.469446951953614e-18,0.5171789386587096,1.5961157460908368,-1.3530843112619095e-16,33.45746197670991,99.93313257796949,3.122502256758253e-17,7.83705589348519,25.318836999660956,-1.6653345369377348e-16,12.39022484340667,39.88639819712125,1.2633259631041827,559.7008809614946,30.709722538805472,591.6739294634043,663.8334233531561,-2.5540167009647075,0.0,55.906760669122654,53.352743968157945,1.0,5.344273555751181e-05,0.0,4.242640687119285,0.06983434219251032,0.0024384176747303133
896,34.785007619809384,0.044701662626808615,-1.0408340855860843e-17,1.2731157537162574,3.9525822253841865,0.0,0.621446723337271,1.8671767752321733,4.3368086899420177e-16,33.70936495157323,100.4976926391812,2.7755575615628914e-17,7.992879671341632,26.87468655719543,1.1796119636642288e-16,12.71459542645151,42.290842738331456,1.2927079082108257,568.1606427191767,31.943062720273154,601.3964133476607,676.9879290196861,-2.5587007610642645,0.0,50.65578007561414,48.09707931454987,1.0,5.344273555751181e-05,0.0,4.242640687119285,0.06983434219251032,0.0024384176747303133
901,35.00377231351795,0.0432343530120585,-1.734723475976807e-18,1.2655084604437254,4.036842477439868,-3.469446951953614e-18,0.7135871023785582,2.061314533395045,1.7694179454963432e-16,33.91078028091338,101.00944947777366,-1.457167719820518e-16,8.040839405040428,28.076953623184213,7.632783294297951e-17,12.80399827580042,44.516628710891425,1.2849185737062139,574.9705096301918,32.32754916882545,608.5829773727236,685.1749669401579,-2.586099026834275,0.0,40.17367828014304,37.58757925330876,1.0,5.3069285779000754e-05,0.0,4.242640687119285,0.07093208997283552,0.0025156806939572174
907,35.2607716121655,0.04273881237724842,1.0408340855860843e-17,1.2412223170255872,4.023045622866302,1.734723475976807e-18,0.6725813685943782,2.0982528425084155,1.3530843112619095e-16,34.148905053328605,101.57537840472956,5.551115123125783e-17,8.05012111352624,29.158622325029363,7.632783294297951e-17,12.836249207233886,46.608192881094546,1.216608968962748,583.073858170626,32.40222497122047,616.6926921108092,693.5826263837869,-2.5998826766604237,0.0,35.46460362945196,32.86472095279154,1.0,5.3069285779000754e-05,0.0,4.242640687119285,0.07093208997283552,0.0025156806939572174
913,35.518857156011414,0.043306300647355696,-1.734723475976807e-18,1.2160988890434703,3.9305538120473225,-3.469446951953614e-18,0.5452967378086105,1.6994354234352549,1.9081958235744878e-16,34.38852397592408,102.2483602420083,-1.3877787807814457e-17,8.0314425388087,29.586160942093784,-6.245004513516506e-17,12.842028674713186,47.23996299305229,1.1289343721623135,591.2852906213527,32.25203462709296,624.666259620608,701.446073377883,-2.62618971893537,0.0,33.22325431225094,30.597064593315565,1.0,5.297118468486669e-05,0.0,4.242640687119285,0.07227809891371413,0.002612061791290322
919,35.78198654052752,0.04428045609986041,-5.204170427930421e-18,1.1788400858169448,3.8294268200417823,0.0,0.6132597016310328,1.808027436800783,4.163336342344337e-16,34.631442097936144,103.09879142698004,-3.469446951953614e-17,7.970181567796214,29.34868094105552,-4.85722573273506e-17,12.73677842248636,46.39554396649184,1.086866546586336,599.6683908913518,31.761897111819255,632.5171545497574,708.0799432991254,-2.649011247232477,0.0,28.023006093671608,25.373994846439132,1.0,5.297118468486669e-05,0.0,4.242640687119285,0.07227809891371413,0.002612061791290322
924,36.00653531607389,0.04538554859971085,-1.3877787807814457e-17,1.133641196734262,3.721137320643464,8.673617379884035e-18,0.6600518419200521,1.9498010664965815,-9.71445146547012e-17,34.83768008391713,103.72813775251576,2.42861286636753e-17,7.928758670284867,28.873061784522783,-1.3877787807814457e-17,12.682816847964348,45.28184423082959,1.0416842027742061,606.831976814678,31.43260702580872,639.3062680432608,714.1694127328019,-2.67908043949058,0.0,29.954906234753395,27.275825795262815,1.0,5.314163276275558e-05,0.0,4.242640687119285,0.07399408232501616,0.0027375621095606342
930,36.28573655890745,0.04750165160742247,-3.469446951953614e-18,1.073193265378441,3.5305420638867377,1.734723475976807e-18,0.6654233994349942,2.414639217614559,7.979727989493313e-17,35.093734083237166,104.61483221098837,-3.469446951953614e-17,7.954742262353588,28.263784254103967,-9.71445146547012e-17,12.808995727059681,44.367796838046225,0.975959950430095,615.785085952481,31.638962230237137,648.4000081331483,724.3379706780604,-2.709407968164542,0.0,39.24679107941151,36.53738311124697,1.0,5.363026562057462e-05,0.0,4.242640687119285,0.07647005931210349,0.002923834985598313
935,36.53089205665738,0.050171432776993645,3.469446951953614e-18,1.0214023759633464,3.3461812087734484,1.734723475976807e-18,0.6460375341512892,2.6315367353358208,-5.204170427930421e-17,35.31711780373131,105.42056182757555,4.163336342344337e-17,8.026030845219413,27.654303045232652,-2.7755575615628914e-17,12.982068298714918,43.74931543257922,0.9165447761993335,623.6494049813173,32.20858556420672,656.7745353217233,734.4873271603046,-2.7695337694205078,0.0,44.306018160480136,41.53648439105963,1.0,5.363026562057462e-05,0.0,4.242640687119285,0.07647005931210349,0.002923834985598313
940,36.792284877237115,0.053823043998068684,-1.0408340855860843e-17,0.9630227609515094,3.1454487311308013,3.469446951953614e-18,0.6623003406676287,2.550584930496729,2.0816681711721685e-16,35.552546707548395,106.12798137082956,-1.0408340855860843e-17,8.14577256769091,26.66410794650285,-5.551115123125783e-17,13.1699873537128,42.358348802433,0.8699969142260031,631.991788696205,33.17680536227289,666.038590972704,746.0465093971548,-2.808071549599072,0.0,47.227438336334174,44.419366786735104,1.0,5.440895768613029e-05,0.0,4.242640687119285,0.07923070164656751,0.003138752041703698
944,37.01648208484606,0.0574510105881331,0.0,0.9220449204456761,2.9539589202040206,-1.734723475976807e-18,0.698955076180779,2.38493909943048,-2.185751579730777e-16,35.751987381447705,106.60882214005122,-2.0816681711721685e-17,8.342985163305062,25.679360355250168,5.204170427930421e-17,13.49365152653936,40.64789952687673,0.8585518410527275,639.1023008615979,34.802700717564186,674.7635534202149,758.7274846480922,-2.892861034871024,0.0,59.64529715491443,56.752436120043406,1.0,5.440895768613029e-05,0.0,4.242640687119285,0.07923070164656751,0.003138752041703698
948,37.256187836591124,0.06143881447413518,1.734723475976807e-18,0.8997313719605903,2.7652076548005935,0.0,0.681774285931749,2.385480247924467,-3.0184188481996443e-16,35.96317522533212,107.18191450840077,2.7755575615628914e-17,8.68041355551389,24.828134889812027,-8.673617379884035e-18,14.098161209860836,40.930088360694626,0.8566569521594325,646.6749861439708,37.67478974737464,685.206432843505,776.5459229556702,-2.9422805133106826,0.0,77.42633384896844,74.48405333565776,1.0,5.440895768613029e-05,0.0,4.242640687119285,0.07923070164656751,0.003138752041703698
952,37.512660952954484,0.06582033975272612,-1.734723475976807e-18,0.8929343925328793,2.754486001655805,-3.469446951953614e-18,0.6442048915693088,2.662426662662373,4.2327252813834093e-16,36.186245693202196,107.7897509384074,-1.0408340855860843e-17,9.143923763798805,25.47067230454518,1.0061396160665481e-16,14.914351140652874,42.462016049951394,0.8698955699669668,654.7221886843972,41.80567089908224,697.3977551534464,799.261650938136,-3.0317848231929565,0.0,91.79175290639144,88.75996808319849,1.0,5.5530396801837446e-05,0.0,4.242640687119285,0.08282348909489766,0.0034298651729263163
956,37.786793837268945,0.06947027733641725,-1.734723475976807e-18,0.9032718005166407,2.7172200435149927,-3.469446951953614e-18,0.6294748644706291,2.85627577811787,1.249000902703301e-16,36.421099066524455,108.45036400670635,-1.3877787807814457e-17,9.712560093847506,26.0184927809887,-3.382710778154774e-17,15.86802517906975,43.41492463905353,0.9128419913561641,663.2482286067941,47.16691178829953,711.3279823864498,826.4793344073191,-3.128262202360562,0.0,102.64673277283306,99.5184705704725,1.0,5.5530396801837446e-05,0.0,4.242640687119285,0.08282348909489766,0.0034298651729263163
960,38.050389011635836,0.06277005569994101,3.469446951953614e-18,0.9387687355244565,2.935842795571546,6.938893903907228e-18,0.6441168552489214,2.5709577306083338,-4.0939474033052647e-16,36.644338396776874,109.24013757529859,-6.938893903907228e-18,10.306892127792278,28.805942748320025,1.9081958235744878e-17,16.825797113891163,47.26076622942455,0.9957399906174905,671.4037682687477,53.116012666973205,725.5155209263385,855.0705446931252,-3.1995736449839054,0.0,111.9226716666649,108.723098021681,1.0,5.695521375176887e-05,0.0,4.242640687119285,0.08664142489029387,0.003753368253510217
964,38.28243774212129,0.055480346288419004,1.734723475976807e-18,0.9899085989713768,3.1790539549292043,3.469446951953614e-18,0.6139850402159955,2.3350511085136336,-5.377642775528102e-16,36.839181294893365,109.85457960785143,-1.0408340855860843e-17,10.849169725408533,31.155211753141913,-1.734723475976807e-17,17.679415867409382,51.177228640582456,1.0882312322086307,678.5626392390104,58.85224186536052,738.5031123365795,881.7470254633979,-3.3527634398309094,0.0,118.63297363730335,115.28021019747244,1.0,5.695521375176887e-05,0.0,4.242640687119285,0.08664142489029387,0.003753368253510217
969,38.54269993417578,0.05030059708179388,3.469446951953614e-18,1.0529846901662228,3.4780734722728917,-3.469446951953614e-18,0.5634246957081789,1.9281690538999037,1.3530843112619095e-16,37.05713591411444,110.54804482775249,1.3877787807814457e-17,11.477460827625054,33.30242019451975,-2.6020852139652106e-17,18.68431411383869,54.231886560671235,1.204862558931242,686.6156610785749,65.86605352483377,753.68657716234,913.8106010414135,-3.4247982303704063,0.0,126.96561728497124,123.54081905460083,1.0,5.695521375176887e-05,0.0,4.242640687119285,0.08664142489029387,0.003753368253510217
974,38.78618751243159,0.04780682803922565,-3.469446951953614e-18,1.1085622171835716,3.699974620693877,1.734723475976807e-18,0.525064152036972,1.7837118361677642,-1.8041124150158794e-16,37.26036461428799,111.29376102706455,-1.734723475976807e-17,12.078681384489993,35.09541937275842,2.6020852139652106e-17,19.688855715398653,56.69016192687352,1.3122695991570397,694.1673855948421,72.94727199401252,768.4269271880117,946.0399798151063,-3.5729534589709444,0.0,136.2785275352706,132.70557407629965,1.0,5.8463087129038026e-05,0.0,4.242640687119285,0.0892187307535882,0.003979990958640632
979,39.01886617238092,0.04562752024828005,0.0,1.1631973190920912,3.9126251854194756,0.0,0.5473837452913883,1.7946696023746922,7.632783294297951e-17,37.454633879478905,111.92802582840993,0.0,12.625644832620338,36.90635154093436,2.6020852139652106e-18,20.602333758400274,59.67341397657854,1.4396336810742891,701.4247995229044,79.7034537197363,782.567886923715,976.8745028424315,-3.6648002296891855,0.0,136.56584275577399,132.9010425260848,1.0,5.8463087129038026e-05,0.0,4.242640687119285,0.0892187307535882,0.003979990958640632
985,39.28170459659844,0.042484749911469145,0.0,1.2308892246965895,4.172305893964583,0.0,0.5877992544186438,1.9769903889336489,6.591949208711867e-17,37.67497823534839,112.55033874406898,-3.469446951953614e-18,13.171190821203346,38.90227979794693,-5.204170427930421e-18,21.47290989234993,63.3410177867804,1.6187203080053632,709.7019925169875,86.74013382427563,798.0608466492685,1009.2941624696886,-3.8205357245673395,0.0,127.6296814277327,123.80914570316537,1.0,5.9953794211310684e-05,0.0,4.242640687119285,0.09114600741098512,0.004153797333481677
991,39.52712024803745,0.039941345850258825,-6.938893903907228e-18,1.29251418116554,4.3523761540731964,6.938893903907228e-18,0.5009905791370483,1.7457591491773878,-3.712308238590367e-16,37.88248131598816,113.0662206561504,1.3877787807814457e-17,13.61681650419573,40.30356358452211,6.938893903907228e-18,22.170945735984677,65.79440421493635,1.7565984031605733,717.5411953280959,92.70884585446862,812.006639585725,1037.4342108437475,-3.928924580617319,0.0,119.09133939369616,115.16241481307884,1.0,6.127411222827836e-05,0.0,4.242640687119285,0.09189665628672454,0.004222497718340194
997,39.76194444410719,0.03874885523582918,-5.204170427930421e-18,1.3356763858473581,4.397462328910084,-1.734723475976807e-18,0.5222948241471854,2.1584517236693914,1.2559397966072083e-15,38.082140235429584,113.64461119930539,-6.938893903907228e-18,13.994965842060697,41.066632478994144,3.8163916471489756e-17,22.768654838011653,66.80028681636949,1.8682915824355042,725.1247024554625,97.92953446022284,824.9225284981209,1062.8232066041217,-4.071845833797618,0.0,112.72103162705203,108.6491857932544,1.0,6.127411222827836e-05,0.0,4.242640687119285,0.09189665628672454,0.004222497718340194
1004,40.03220167327265,0.038621105307412855,-8.673617379884035e-18,1.3685940652906454,4.305431617712067,-5.204170427930421e-18,0.5751537882474841,2.446316785355598,7.181755190543981e-16,38.31323037621366,114.27747803407397,2.7755575615628914e-17,14.370944610074366,41.70388242615165,8.847089727481716e-17,23.37660638729889,67.67527299824631,1.9537800753190937,733.9518109304105,103.26202449291273,839.1676154986422,1089.9753860619649,-4.187668870483572,0.0,105.22056305502839,101.03289418454482,1.0,6.24132312534838e-05,0.0,4.242640687119285,0.09235416565473889,0.004264645956891476
1010,40.2642873302927,0.038687317377844,-3.469446951953614e-18,1.3988850658689584,4.202613807818331,3.469446951953614e-18,0.528799268170394,1.8437346432022745,-4.440892098500626e-16,38.513026455041505,114.80453452807568,-6.938893903907228e-18,14.642784850507127,42.65984260525342,1.0408340855860843e-17,23.825905045078663,69.51596711255883,2.016265203040336,741.6266033633632,107.2055740891205,850.8484426555241,1111.3259295732628,-4.293040158428844,0.0,96.88614413503683,92.59310397660799,1.0,6.335934980346172e-05,0.0,4.242640687119285,0.09249710756452723,0.00427785745390186
1017,40.533911222825026,0.03834351684652851,1.734723475976807e-18,1.4429353838031838,4.1473083992725535,0.0,0.5025820127429167,1.7638897867346701,7.979727989493313e-16,38.74605880350466,115.30312228116297,3.8163916471489756e-17,14.899663213248216,43.95469420966856,-6.938893903907228e-18,24.25449444691983,72.05912320156963,2.1231466202490608,750.6285364023203,110.99998193411105,863.7516649566803,1133.587382127221,-4.429763785636358,0.0,87.6239712573308,83.19420747169444,1.0,6.335934980346172e-05,0.0,4.242640687119285,0.09249710756452723,0.00427785745390186
1023,40.763230203639914,0.03821605372634941,6.938893903907228e-18,1.4767328328944311,4.163147457377417,-6.938893903907228e-18,0.4630979579937012,1.5967091574002894,-3.8510861166685117e-16,38.9443678059075,115.58432163654676,2.7755575615628914e-17,15.05920172954626,45.22917406435455,-1.734723475976807e-17,24.515964443391905,73.51267374556194,2.183133654561771,758.3318919009023,113.38977836558452,873.9048039210486,1149.5733606858403,-4.518913612870212,0.0,74.88361987822341,70.3647062653532,1.0,6.402621369693055e-05,0.0,4.242640687119285,0.09177565958013714,0.004211385845684609
1030,41.03399513984836,0.03925373240657362,-3.469446951953614e-18,1.496804410929152,4.105925181800983,-5.204170427930421e-18,0.5511532965697009,1.7320302211530967,-4.0939474033052647e-16,39.178361645604475,115.84077962377452,0.0,15.167910784672996,46.98770566572856,1.734723475976807e-18,24.66271936621019,76.36359520460218,2.2135003160135627,767.4720106168858,115.03275878589966,884.718269718799,1163.978454669537,-4.602605789072796,0.0,58.51217019415453,53.90956440508173,1.0,6.440428993771701e-05,0.0,4.242640687119285,0.0906408492222322,0.004107881773863716
1036,41.27528893777225,0.040470587604353396,1.0408340855860843e-17,1.5053597147311553,4.155145038184486,5.204170427930421e-18,0.5637427212988672,1.8602204750007052,2.5326962749261384e-16,39.38692322349893,116.1829973000948,2.42861286636753e-17,15.221547942923078,48.59860038439882,2.0816681711721685e-17,24.739440020938055,79.44019101381804,2.193347212647131,775.6648605068995,115.84776088935286,893.7059686088994,1174.804500486642,-4.687484461941014,0.0,50.281291900764664,45.59380743882365,1.0,6.440428993771701e-05,0.0,4.242640687119285,0.0906408492222322,0.004107881773863716
1042,41.51195547069181,0.03875227474816849,3.469446951953614e-18,1.522763385654645,4.292814063778881,6.938893903907228e-18,0.49577929785930397,1.6877410825167163,-6.245004513516506e-17,39.59143105135581,116.7928043245144,-2.0816681711721685e-17,15.258303225218402,49.77004971507013,9.71445146547012e-17,24.84025564034778,81.5991447775367,2.170230122329413,783.7407063471304,116.40790865635513,902.318845125815,1185.327094857184,-4.737362434525906,0.0,49.888982984919856,45.15162055039395,1.0,6.452672616146169e-05,0.0,4.242640687119285,0.08937585986082727,0.003994022162931118
1049,41.7770177653416,0.037315176579811586,1.5612511283791264e-17,1.549852120935769,4.399731169763319,-6.938893903907228e-18,0.5551973970306753,2.182091968881956,-1.3877787807814457e-16,39.81979327480455,117.51040052167781,0.0,15.237748963749057,50.44654810507559,-1.8388068845354155e-16,24.847009176467306,82.58288583910775,2.1908344799942596,792.8079682240848,116.09449674111772,911.0932994451967,1193.8787397404863,-4.779821494804493,0.0,37.73385245784429,32.9540309630398,1.0,6.452672616146169e-05,0.0,4.242640687119285,0.08937585986082727,0.003994022162931118
1056,42.03458668014988,0.03640213212488156,-5.204170427930421e-18,1.55933455036363,4.4595430432906555,6.938893903907228e-18,0.5850693269652169,1.9506612370224505,6.591949208711867e-16,40.04103028032679,118.1496887602862,2.0816681711721685e-17,15.09884766702038,50.564717911755615,1.214306433183765e-16,24.588429488216565,82.48952207798894,2.167356547006012,801.6420529550232,113.98760043594336,917.7970099379726,1195.0241438421053,-4.793081520736999,0.0,9.974023152909497,5.180941632172498,1.0,6.436197950829274e-05,0.0,4.242640687119285,0.08757289390755187,0.0038345058736716678
1062,42.25132056753263,0.03598822950058438,1.0408340855860843e-17,1.548917853781388,4.45188863578298,-3.469446951953614e-18,0.612915168440353,2.131334010650331,9.194034422677078e-16,40.22746216657068,118.62117467004023,-6.938893903907228e-17,14.908797798722055,50.36994447507435,-4.85722573273506e-17,24.230308580820452,82.02152678362833,2.10674774128896,809.1243561814376,111.13612590158978,922.3672298243164,1192.022476284787,-4.7917220104053175,0.0,-8.323281127059483,-13.1150031374648,1.0,6.391027732572272e-05,0.0,4.242640687119285,0.08541166780045313,0.0036475764982274806
1069,42.50296390153572,0.03597123015718243,-3.469446951953614e-18,1.533968346524741,4.372142981212666,3.469446951953614e-18,0.590191132084064,1.9502402000632988,2.1510571102112408e-16,40.44515785404678,119.10466897285708,-2.7755575615628914e-17,14.658768490309388,49.96792907746854,-1.3877787807814457e-17,23.834002523436027,81.55422443606355,2.011144320721569,817.9053969193812,107.43974682624368,927.3562880663465,1188.172147490122,-4.770886534603189,0.0,-9.870386430619265,-14.641272965222454,1.0,6.391027732572272e-05,0.0,4.242640687119285,0.08541166780045313,0.0036475764982274806
1076,42.75568409276716,0.036240286800823675,3.469446951953614e-18,1.5207053681425715,4.2760917460040355,-3.469446951953614e-18,0.48114342622894385,1.7150661188821696,-9.020562075079397e-17,40.665115534375346,119.54373217264518,-4.85722573273506e-17,14.353699630587075,49.26599903946283,-3.469446951953614e-17,23.399136256663326,80.8356106153531,1.902298758845518,826.8258107120473,103.01434654255777,931.7424560134506,1182.58708849664,-4.717810324855059,0.0,-16.78847483485534,-21.506285159710398,1.0,6.324693499128808e-05,0.0,4.242640687119285,0.08338652477502857,0.0034766562570282275
1083,43.01175648958637,0.03692203721457911,5.204170427930421e-18,1.4896099511355516,4.312911799810168,-3.469446951953614e-18,0.5169231034402798,2.4067833238367955,-4.0245584642661925e-16,40.888743771490375,120.44938853988462,3.8163916471489756e-17,13.911043037310046,47.76048507982418,1.1796119636642288e-16,22.678474760850094,78.32806922155251,1.8082056903075263,835.9446836052964,96.75855919294617,934.5114484885501,1170.134576400695,-4.661355143335765,0.0,-43.36276611411422,-48.02412125744999,1.0,6.240019182050029e-05,0.0,4.242640687119285,0.08127424621551298,0.003302751548949913
1090,43.27547802353299,0.0383697162637768,1.214306433183765e-17,1.43471961462171,4.248455139378874,0.0,0.5898063779539253,2.2453373956378098,-1.5265566588595902e-16,41.12020905609914,121.53996112352678,-1.0408340855860843e-17,13.322590909152709,45.312230066860195,1.3877787807814457e-17,21.677410857528706,73.65813805523211,1.6797009685831794,845.4357964086489,88.74571426631918,935.8612116435513,1151.4826641111183,-4.595719381985846,0.0,-65.55589781327042,-70.15161719525626,1.0,6.134544859282169e-05,0.0,4.242640687119285,0.07876790542079726,0.0031021914621898313
1096,43.51241435308747,0.04039657808702444,0.0,1.3765097355237028,4.195483863766474,3.469446951953614e-18,0.6148573392571031,1.854213579152455,-2.740863092043355e-16,41.329935928415324,122.47615472149545,-4.5102810375396984e-17,12.73062468402317,42.96289663747489,8.326672684688674e-17,20.71267360113518,69.55944845076031,1.5350425586521406,854.0818019234579,81.03440242273001,936.65124690484,1133.5196582085039,-4.484990744955213,0.0,-70.85113699308799,-75.3361277380432,1.0,6.134544859282169e-05,0.0,4.242640687119285,0.07876790542079726,0.0031021914621898313
1102,43.76225239419031,0.04252406219836372,1.0408340855860843e-17,1.3069014383746709,4.080560919402718,0.0,0.6095298015781383,2.078034788612938,3.5041414214731503e-16,41.552108843630776,123.33686443931182,5.898059818321144e-17,12.039870007250306,40.68391016271788,1.249000902703301e-16,19.610185325949715,66.35204182167362,1.3747547682115722,863.2888746764695,72.47923489574275,937.1428643404238,1113.4531287360517,-4.418113778087638,0.0,-75.47313046482496,-79.8912442429126,1.0,6.0117161615656934e-05,0.0,4.242640687119285,0.07621565984425606,0.0029044134027476722
1108,44.02701915881667,0.045438200615046005,-1.734723475976807e-18,1.2168722878068607,3.8839225410707656,1.734723475976807e-18,0.6101250985058504,1.9695783462349146,-1.1206313654810174e-15,41.78762240037467,124.11971224382667,6.245004513516506e-17,11.219276692280749,37.963025957609176,-2.7755575615628914e-17,18.282868439654955,62.4453201013371,1.201303295302603,873.1026929381476,62.936084748976995,937.2400809824272,1090.4272508944714,-4.319086481230189,0.0,-82.2460746463601,-86.56516112759029,1.0,6.0117161615656934e-05,0.0,4.242640687119285,0.07621565984425606,0.0029044134027476722
1113,44.26424409384704,0.048936743242533665,1.734723475976807e-17,1.1294167100686845,3.6473731069094857,-1.734723475976807e-18,0.6424953859399436,2.1773600246019655,-4.440892098500626e-16,41.99801346938169,124.7398547954629,3.469446951953614e-18,10.43657539172864,34.900571029263304,-6.245004513516506e-17,17.021673586104008,57.29309819110477,1.0572934796225755,881.9165676871827,54.461052953617894,937.4349141204232,1070.125057425446,-4.2246235682236755,0.0,-81.02877565870389,-85.25339922692757,1.0,5.877097457407179e-05,0.0,4.242640687119285,0.07379073821489453,0.0027225365231495478
1118,44.52312493104308,0.0539234642973928,0.0,1.0321988868745164,3.313544222373123,-3.469446951953614e-18,0.6667715467011593,2.354857557682709,-2.185751579730777e-16,42.226336622102295,125.34404254513113,1.3877787807814457e-17,9.550315350091497,31.25196097452611,5.204170427930421e-17,15.592178168838746,50.94468015727242,0.905553919159436,891.5317522615487,45.60426164309663,938.0415678238047,1049.2871548800806,-4.157154894325987,0.0,-76.06834340046157,-80.22549829478756,1.0,5.877097457407179e-05,0.0,4.242640687119285,0.07379073821489453,0.0027225365231495478
1122,44.752498277319255,0.059621989457324935,5.204170427930421e-18,0.9388804664703515,2.964848823301532,6.938893903907228e-18,0.6465814972124082,2.4049973630891754,3.712308238590367e-16,42.42706528855584,125.82461174448606,1.3877787807814457e-17,8.733773045561792,28.102345400644374,-1.1449174941446927e-16,14.233003223595878,45.704185975354164,0.7661855194784368,900.0279344996898,38.13939580569084,938.933515824859,1031.7690744365304,-4.077460437300683,0.0,-72.00825422478756,-76.08571466208825,1.0,5.727262389371477e-05,0.0,4.242640687119285,0.07100110286194916,0.0025205783038065427
1126,45.00928632372319,0.06716299185600179,1.734723475976807e-18,0.8384421721390114,2.5821598427827848,-1.734723475976807e-18,0.6233448804207141,2.403046267422554,-6.071532165918825e-16,42.649223976533,126.2765500519537,6.938893903907228e-18,7.843390872583184,24.694288397466988,-2.7755575615628914e-17,12.737693824199429,40.235040470208716,0.6365801089378849,909.4781529002385,30.7593901900606,940.8741231992369,1015.4407012582408,-4.005527412833862,0.0,-59.32294791204818,-63.32847532488204,1.0,5.727262389371477e-05,0.0,4.242640687119285,0.07100110286194916,0.0025205783038065427
1130,45.300704644293006,0.07655993276266218,1.734723475976807e-18,0.7618572052471235,2.3353547021003775,-6.938893903907228e-18,0.6760310241844201,2.323267368560532,-4.85722573273506e-17,42.89711302215156,126.63151034957446,0.0,6.98470823104337,21.031209083863057,-3.122502256758253e-17,11.372272258362909,34.5354123269398,0.5799927126704167,920.0811528176222,24.393074536402498,945.0542200666952,1004.3660102090469,-3.9902865671691052,0.0,-33.92362117876656,-37.91390774593567,1.0,5.566937087957258e-05,0.0,4.242640687119285,0.06830846215511395,0.002333023000998318
1133,45.54540182810993,0.08259981705194078,0.0,0.7292461845437206,2.166209682552137,-3.469446951953614e-18,0.6682281614636667,2.263476456322806,-4.163336342344337e-17,43.10280293938706,127.13706898933044,6.938893903907228e-18,6.388446849735053,19.102006959035478,2.2551405187698492e-17,10.445470092001106,31.15731996420225,0.5605871951541493,928.925810615817,20.40612657594486,949.8925243869161,999.7577692324412,-3.8721610613297934,0.0,-14.929646025221249,-18.801807086551044,1.0,5.566937087957258e-05,0.0,4.242640687119285,0.06830846215511395,0.002333023000998318
1136,45.785546419673516,0.07915074191934164,5.204170427930421e-18,0.7025663297360082,2.226777575628182,1.734723475976807e-18,0.6525203233456393,2.2781307779170463,8.604228440844963e-16,43.302713279504566,127.60653900385,-2.0816681711721685e-17,5.861553819559552,18.434723157855533,-3.469446951953614e-18,9.51926831696973,30.070288746255425,0.5420696105257281,937.5624886834903,17.178906589796583,955.2834648838126,996.9288181820343,-3.871108096148775,0.0,-7.736814865773776,-11.60792296192255,1.0,5.566937087957258e-05,0.0,4.242640687119285,0.06830846215511395,0.002333023000998318
1139,46.021010719839836,0.07832490893590273,-3.469446951953614e-18,0.6823600306824807,2.296558674146147,-3.469446951953614e-18,0.5980382852287582,2.2371918517715326,8.430756093247282e-16,43.49705573891447,128.2153528882715,-1.3877787807814457e-17,5.4353219487759015,17.75644647632918,-1.3877787807814457e-17,8.68939915450378,28.883766099773975,0.5138728959325216,945.9969289771161,14.77136234342253,961.2821642164712,996.4400541297921,-3.8732749615518687,0.0,1.962189507509535,-1.9110854540423337,1.0,5.566937087957258e-05,0.0,4.242640687119285,0.06830846215511395,0.002333023000998318
1142,46.25471073391931,0.07753950538926499,-5.204170427930421e-18,0.6926020055116971,2.3661070724654976,6.938893903907228e-18,0.563525633229835,1.8253521477433488,1.2836953722228372e-16,43.68889256666973,128.96737436698473,-1.0408340855860843e-17,5.176823931049406,17.512509077771305,4.85722573273506e-17,8.183574561656956,28.23485835230933,0.5275392415728535,954.3596668510048,13.399753006542912,968.2869590991206,999.7688531093372,-3.8047431398519698,0.0,18.092214662910482,14.287471523058512,1.0,5.405405574133963e-05,0.0,4.242640687119285,0.06604765991494538,0.0021811466901201413
1146,46.55658287594908,0.07392981946855431,3.469446951953614e-18,0.7580042824828954,2.505157809080067,-3.469446951953614e-18,0.621913768440498,1.9678068779726718,4.822531263215524e-16,43.93638923388301,129.87645145127402,0.0,5.0890233261850835,17.15155326430702,-2.0816681711721685e-17,8.052920081933287,27.576010097709684,0.6441928256887961,965.2031494556354,12.949079207227946,978.7964214885521,1009.2548715942014,-3.780252595913051,0.0,35.17156921479718,31.39131661888413,1.0,5.405405574133963e-05,0.0,4.242640687119285,0.06604765991494538,0.0021811466901201413
1149,46.77245344794896,0.07110925490268388,-3.469446951953614e-18,0.8104789172815836,2.607102179272381,3.469446951953614e-18,0.5720350659152257,1.779070244245593,1.0408340855860843e-16,44.114089036528895,130.4560760542621,6.938893903907228e-18,5.101492713304716,17.038328219266802,-1.0408340855860843e-17,8.093850363810168,27.08592830470983,0.7102429230811481,973.0264257613994,13.01261395195056,986.7492826364312,1017.4497082905543,-3.797379765534772,0.0,41.731015706282655,37.933635940747884,1.0,5.405405574133963e-05,0.0,4.242640687119285,0.06604765991494538,0.0021811466901201413
1153,47.05368568221077,0.07032606127110579,-1.0408340855860843e-17,0.8432568452770642,2.643551631183988,3.469446951953614e-18,0.5443375318120388,1.8381690780512958,3.469446951953614e-17,44.347483887901674,131.31039556374972,-1.3877787807814457e-17,5.078463497496334,16.73653663643423,2.0816681711721685e-17,7.945170934024699,26.324721242307454,0.7593893358463105,983.3496635938491,12.89539574770135,997.0044486773968,1026.9437945412333,-3.7415502604333435,0.0,37.57240248267806,33.830852222244715,1.0,5.262042785452152e-05,0.0,4.242640687119285,0.06495909969139192,0.0021098423163580966
1156,47.267642357712134,0.07195500660129595,0.0,0.8490415183687883,2.5917660089931203,-1.734723475976807e-18,0.5039017335157385,1.8152753058191797,-2.185751579730777e-16,44.52637984222821,131.98489575903588,-2.7755575615628914e-17,5.043131086605411,16.456018117177987,6.938893903907228e-18,7.759767033852753,25.81052264675014,0.7639661791458239,991.299250927193,12.716585578342933,1004.7798026846817,1033.7541640563352,-3.739420454884031,0.0,35.669804088299585,31.930383633415556,1.0,5.262042785452152e-05,0.0,4.242640687119285,0.06495909969139192,0.0021098423163580966
1160,47.56181355594959,0.07429680058040497,5.204170427930421e-18,0.871464948042755,2.563689420003909,5.204170427930421e-18,0.4373444539573764,1.7697972987229778,4.371503159461554e-16,44.77438737351964,132.84096846877733,-6.938893903907228e-18,5.067946303372016,15.851179181959871,6.765421556309548e-17,7.7478379806599404,24.86202697617329,0.7877025547122263,1002.3728823369972,12.842039866931033,1016.0026247586405,1045.052492836702,-3.7678914213073207,0.0,42.202553956429746,38.43466253512243,1.0,5.1409536326529475e-05,0.0,4.242640687119285,0.06438462895683,0.002072690222954336
1163,47.784539727035074,0.07366854999586812,-1.214306433183765e-17,0.9053551468828597,2.5829204501216085,-5.204170427930421e-18,0.4880085130133229,1.6814870896106449,-6.938893903907228e-18,44.96395300246197,133.36404141835956,2.42861286636753e-17,5.153272523781215,15.1091680543909,-6.938893903907228e-18,7.94994467320659,23.630696909493224,0.8512828772720453,1010.8785348038042,13.278108852179201,1025.0079265332554,1055.3504728683372,-3.713860693902998,0.0,49.91518106712495,46.20132037322195,1.0,5.1409536326529475e-05,0.0,4.242640687119285,0.06438462895683,0.002072690222954336
1166,48.00161573440603,0.07189724271202884,-1.734723475976807e-18,0.9328388788524269,2.619453999183684,3.469446951953614e-18,0.5041635807773888,1.6580849727032625,-6.973588373426765e-16,45.14935202361314,133.76100539351054,5.898059818321144e-17,5.2416633019853816,14.940671922986485,5.0306980803327406e-17,8.161308529780236,23.100442703952318,0.8941412875973089,1019.2319940760699,13.737517085690147,1033.8636524493575,1065.5850479029787,-3.7455370677508264,0.0,50.87422540795786,47.128688340207034,1.0,5.1409536326529475e-05,0.0,4.242640687119285,0.06438462895683,0.002072690222954336
1170,48.2913830762388,0.07337925517946221,-1.0408340855860843e-17,0.9350631689217276,2.5294263412701685,0.0,0.5743440132012105,1.7555004933426583,3.0184188481996443e-16,45.39737628369833,134.14098045433622,-2.7755575615628914e-17,5.30519983667994,14.475077392121078,8.673617379884035e-18,8.220218450201651,21.980357136028378,0.9013588331098803,1030.4608867218474,14.072572653554435,1045.4348182085118,1077.7518285317055,-3.78574218597852,0.0,45.877877775709536,42.092135589731015,1.0,5.0411067717200915e-05,0.0,4.242640687119285,0.06406723705263147,0.002052305431779037
1173,48.518233027308945,0.07682278828563072,1.734723475976807e-18,0.9272107599531176,2.6607831424895476,-5.204170427930421e-18,0.5881248602530279,1.7254155016244423,-4.163336342344337e-17,45.592105584285825,134.33971276596998,2.0816681711721685e-17,5.3696304308532685,14.230478423974805,-7.806255641895632e-17,8.254207701082818,21.545854296664817,0.8743711808227941,1039.3200458043334,14.416465481972727,1054.610882467129,1087.4229730377078,-3.7545808849539988,0.0,46.54228750160844,42.78770661665445,1.0,5.0411067717200915e-05,0.0,4.242640687119285,0.06406723705263147,0.002052305431779037
1177,48.823187437672175,0.07408922691301913,-5.204170427930421e-18,0.9525321422153616,2.8191654889712012,1.734723475976807e-18,0.5255971151453228,1.6330698063775788,2.185751579730777e-16,45.85346396219402,134.8233731650628,-3.8163916471489756e-17,5.620470831097986,15.3837584645312,-2.6020852139652106e-17,8.726668943150317,24.102902024990364,0.8670072948695604,1051.270078666113,15.79484618161164,1067.9319321425942,1104.2885610519086,-3.8001153823270397,0.0,59.12755200461564,55.327436622288594,1.0,5.0411067717200915e-05,0.0,4.242640687119285,0.06406723705263147,0.002052305431779037
1180,49.029910723536204,0.06646388888055509,-5.204170427930421e-18,0.9899336059483479,2.9314138910697056,-1.734723475976807e-18,0.5386896395136697,1.76342154369073,-3.7470027081099033e-16,46.02974657916003,135.18893518183867,-2.42861286636753e-17,5.871488585380807,17.066346898206024,-1.0408340855860843e-17,9.230431443525381,26.93713454048817,0.9069876999532422,1059.3687850708475,17.23718910412855,1077.5129618749293,1117.7543844301358,-3.8457860682878673,0.0,68.97105930708321,65.12527323879534,1.0,4.958781376818831e-05,0.0,4.242640687119285,0.06381936612439951,0.002036455746260076
1184,49.27666757339461,0.0593202170543566,-3.469446951953614e-18,1.0272133546153537,3.0423229555482574,0.0,0.5677739746281795,1.8832189849898973,6.175615574477433e-16,46.23928027012918,135.6114757426975,3.8163916471489756e-17,6.158917748981207,18.815088514269533,5.204170427930421e-17,9.741952552892638,29.6900224491815,0.9407081963233901,1069.0355199497785,18.966133919357866,1088.9423620654597,1133.533018661377,-3.8225459591482895,0.0,67.84038650952961,64.01784055038132,1.0,4.958781376818831e-05,0.0,4.242640687119285,0.06381936612439951,0.002036455746260076
1188,49.503694010351865,0.05553486858200686,5.204170427930421e-18,1.049408573500525,3.1396908555314296,-1.0408340855860843e-17,0.6029460324090111,2.092246822618221,8.951173136040325e-16,46.431477676337074,136.07718926553994,-1.734723475976807e-17,6.392972871046656,20.14813570452645,6.938893903907228e-18,10.09084844807806,31.593653141392597,0.945487142327806,1077.9410596040939,20.435051064969258,1099.3215978113908,1147.2494589249216,-3.860638779988116,0.0,64.41360813709456,60.55296935710644,1.0,4.958781376818831e-05,0.0,4.242640687119285,0.06381936612439951,0.002036455746260076
1193,49.77303366749581,0.05288868377019974,-1.734723475976807e-18,1.0844965692275936,3.1985752069853017,-3.469446951953614e-18,0.5362252420348149,1.955939117363326,-1.214306433183765e-16,46.659993802485445,136.589718312821,-1.0408340855860843e-16,6.687057966172556,21.619005114694286,0.0,10.569454689169772,33.8826473957124,0.9331810583072593,1088.57751082399,22.358372121475924,1111.8690640037732,1164.3900466803805,-3.865064581245665,0.0,67.59187607762209,63.72681149637643,1.0,4.891474471628438e-05,0.0,4.242640687119285,0.06366201392943914,0.0020264260087760515
1198,50.030709301472335,0.05066065895120215,1.734723475976807e-18,1.1270519438501347,3.2436323517155228,-1.734723475976807e-18,0.420578142680025,1.4603993024146253,1.1102230246251565e-16,46.87927791496643,137.09345510085382,-7.28583859910259e-17,6.964080355641976,22.951394572326972,2.7755575615628914e-17,11.067459225530037,36.300066157276895,0.9390076978811269,1098.8333489143297,24.249207599919234,1124.02156421213,1181.342708313417,-3.878965917676023,0.0,69.7288279616728,65.84986204399678,1.0,4.891474471628438e-05,0.0,4.242640687119285,0.06366201392943914,0.0020264260087760515
1203,50.278498735643545,0.04892343904720605,-3.469446951953614e-18,1.1572772453606877,3.2683635392996773,0.0,0.4367100232124313,1.4208554355386758,-1.0824674490095276e-15,47.09069280840282,137.64081137765834,-3.8163916471489756e-17,7.152473238365755,23.909016372708635,6.938893903907228e-17,11.387037260221412,38.07498297468709,0.9644182112267915,1108.7666745876802,25.57893671276916,1135.310029511676,1195.8984129671762,-3.883844083943478,0.0,62.72525518746124,58.84141110351776,1.0,4.83731311873921e-05,0.0,4.242640687119285,0.06359794725547163,0.0020223494475548756
1208,50.51997255528951,0.04797534955020117,0.0,1.1728936228273523,3.256521915614541,-6.938893903907228e-18,0.5300796854624373,1.6104072475123452,2.636779683484747e-16,47.29798624085596,138.34479271457207,0.0,7.252827353544036,24.409487310302783,-2.0816681711721685e-17,11.548324378357774,38.888610734247436,0.9832347821042459,1118.5497512201,26.30175231015828,1145.8347383123626,1208.1447155284195,-3.89130867103872,0.0,54.71385446457264,50.82254579353392,1.0,4.83731311873921e-05,0.0,4.242640687119285,0.06359794725547163,0.0020223494475548756
1213,50.75879793538357,0.04771589831255023,0.0,1.1773312005000383,3.215131486487367,1.734723475976807e-18,0.5540905089245307,1.9931029628763632,1.942890293094024e-16,47.50523702909978,139.2463040382507,5.551115123125783e-17,7.288184515727576,24.590043808413647,-5.551115123125783e-17,11.631553828503524,39.11812092924581,0.9726158232307406,1128.3737725954763,26.558816767645595,1155.9052051863528,1218.9931439596496,-3.8925996356896397,0.0,49.395163806564696,45.502564170875054,1.0,4.7958506969944436e-05,0.0,4.242640687119285,0.06369315087312716,0.0020284087340734693
1219,51.04720659687971,0.04852202424883205,-1.0408340855860843e-17,1.161538310426356,3.130843198128832,0.0,0.49995239612208386,2.0769869241497014,5.48172618408671e-16,47.758338010334214,140.3374790035,-6.938893903907228e-17,7.220456066059351,24.56734627477557,-1.0408340855860843e-16,11.546115564355398,39.14436345701323,0.9230336936156888,1140.4294247546663,26.067492900946636,1167.4199513492288,1229.481896099047,-3.901581910957702,0.0,40.35409060429547,36.45250869333777,1.0,4.7958506969944436e-05,0.0,4.242640687119285,0.06369315087312716,0.0020284087340734693
1224,51.29473793376879,0.05026646345372881,-5.204170427930421e-18,1.1275576479593183,3.0298021188288677,-1.734723475976807e-18,0.5329085229666385,2.136742031448051,-6.938893903907228e-18,47.977237194046474,141.2215506240709,-4.163336342344337e-17,7.064337957744098,24.377849751615447,-2.0816681711721685e-17,11.27846177209704,39.03343383969411,0.8827674604785093,1150.907644386898,24.952435390612028,1176.7428472379886,1236.0402816136575,-3.9042309484608597,0.0,30.51136336337331,26.60713241491245,1.0,4.766474299673381e-05,0.0,4.242640687119285,0.06393003231975,0.0020435245162021397
1229,51.55230603664875,0.05232666586206778,6.938893903907228e-18,1.0836182584776952,2.998658000956291,-3.469446951953614e-18,0.5707300859412713,2.058427867073816,-2.8102520310824275e-16,48.20609948051981,142.0927543499204,-3.469446951953614e-17,6.869981172244195,23.95617355403173,-5.551115123125783e-17,10.976496979854245,38.555775383247784,0.8395195729194064,1161.914013562886,23.59832065349486,1186.3518537893005,1242.4807156489578,-3.919550858271168,0.0,29.009142119726704,25.089591261455535,1.0,4.766474299673381e-05,0.0,4.242640687119285,0.06393003231975,0.0020435245162021397
1233,51.765486577243145,0.05389050459117747,1.734723475976807e-18,1.0409261967101864,2.95603352137263,-3.469446951953614e-18,0.5856575505466098,1.7320324276059034,2.636779683484747e-16,48.39613983485243,142.77173978257085,3.8163916471489756e-17,6.717720064541953,23.365055376456198,4.163336342344337e-17,10.765273077170589,37.603651313826674,0.8033789211391178,1171.0931754572948,22.56388143277477,1194.4604358112085,1248.314915439018,-3.929829586812605,0.0,31.36286665022735,27.433037063414744,1.0,4.750713958468552e-05,0.0,4.242640687119285,0.06444461762300648,0.0020765543702877583
1238,52.042944530328576,0.05682216822599446,-3.469446951953614e-18,0.97189558194136,2.881952682528954,8.673617379884035e-18,0.5741490846685786,1.7413640939760446,-9.020562075079397e-17,48.643238283387994,143.57826928035936,4.163336342344337e-17,6.546935413214271,22.430999241898494,9.020562075079397e-17,10.515024490405073,35.942280540670055,0.7379509325050293,1183.0823153472315,21.431181652399566,1205.2514479321362,1256.5353793936667,-3.9506430641152237,0.0,33.661032686555686,29.710389622440463,1.0,4.750713958468552e-05,0.0,4.242640687119285,0.06444461762300648,0.0020765543702877583
1242,52.28000079712781,0.06093844056071166,-8.673617379884035e-18,0.9128185639583541,2.808137746521249,3.469446951953614e-18,0.6022103042556124,2.1912942103630337,-5.134781488891349e-16,48.85277992484674,144.152844081107,4.85722573273506e-17,6.465915676500942,21.74931308777093,1.3877787807814457e-17,10.368698895485052,34.62821098944236,0.6978418104390649,1193.2970531927544,20.90403276781032,1214.8989277710039,1264.830638070827,-3.979735789983645,0.0,39.08236122490718,35.10262543492354,1.0,4.751384627157375e-05,0.0,4.242640687119285,0.06535016295731606,0.0021353218992738823
1246,52.536636705660285,0.06612579542724362,1.734723475976807e-18,0.8701202338424558,2.748861115048011,0.0,0.712578585980257,2.578508366755414,4.787836793695988e-16,49.07708207522587,144.64655641818436,-4.163336342344337e-17,6.530969469711549,21.269793716139162,3.8163916471489756e-17,10.463196000288658,33.93650743169998,0.7182065120295442,1204.2799925092281,21.326781107152172,1226.3249801284098,1277.2109482814851,-4.0122500296452115,0.0,52.358617222666595,48.346367193021386,1.0,4.751384627157375e-05,0.0,4.242640687119285,0.06535016295731606,0.0021353218992738823
1250,52.81302785431825,0.07072158288225136,-5.204170427930421e-18,0.8569957602743078,2.726905403804198,1.734723475976807e-18,0.703414750661538,2.1877735438970065,-5.100087019371813e-16,49.31568709546683,145.12821475416683,6.938893903907228e-18,6.841291956801297,21.2147066216184,2.42861286636753e-17,11.02353010866615,33.98212740323632,0.7572145792243627,1216.0184968489964,23.401637819097054,1240.1773492473178,1296.3889054017156,-4.053441427238045,0.0,73.49029451053681,69.43685308329877,1.0,4.771144508751307e-05,0.0,4.242640687119285,0.0666827287404068,0.0022232931561333375
1253,53.03158198663586,0.07379467167061224,0.0,0.8616705970787917,2.7037071642764117,6.938893903907228e-18,0.6477258516511698,1.8821545244920064,-2.0816681711721685e-17,49.50206788650006,145.52089363144472,-3.122502256758253e-17,7.228781407415148,21.41193713991805,-2.42861286636753e-17,11.695982610324055,34.16626414551888,0.7889270551184032,1225.22736251983,26.127640318095462,1252.1439298930438,1315.20649270081,-4.113990540739451,0.0,90.26566953342346,86.15167899268401,1.0,4.771144508751307e-05,0.0,4.242640687119285,0.0666827287404068,0.0022232931561333375
1257,53.313585802884866,0.06773353542080969,-1.734723475976807e-18,0.8847931033145099,2.6593097204152722,6.938893903907228e-18,0.6066121171022194,1.7474502436376955,3.677613769070831e-16,49.739010088656606,146.0362211290699,-2.42861286636753e-17,7.836382064920101,22.53596592478776,-4.9439619065339e-17,12.673661485909788,35.87939822807656,0.8516311592015264,1236.9845622997418,30.704441933700707,1268.5406353926442,1342.6129351003917,-4.161711136239864,0.0,101.46518851892473,97.30347738268487,1.0,4.771144508751307e-05,0.0,4.242640687119285,0.0666827287404068,0.0022232931561333375
1260,53.50649869212619,0.06260697517288151,3.469446951953614e-18,0.9189114067871149,2.782563659923786,-1.734723475976807e-18,0.6163974254729564,2.1059418846840954,-2.914335439641036e-16,49.898883110805954,146.43446688929166,1.734723475976807e-17,8.307429026499966,24.324158641640153,1.214306433183765e-17,13.413093627416572,38.868873551506525,0.9297087699170681,1244.9492678529377,34.50668851516707,1280.385665138022,1363.4683454308065,-4.209341352577173,0.0,112.45568806775267,108.2463467151755,1.0,4.812946054588369e-05,0.0,4.242640687119285,0.06850873520920973,0.002346723399982807
1265,53.79577943739704,0.05493861034798379,1.734723475976807e-18,0.9992592212083687,3.2210321557504056,3.469446951953614e-18,0.6490394945074746,2.4714016994809356,2.671474153004283e-16,50.13653693837189,147.07174408630217,1.0408340855860843e-17,9.087820892148969,26.960522898191375,-4.336808689942018e-17,14.670892733302775,43.55942987889762,1.1052255501888275,1256.8361680863645,41.294244283889626,1299.235637920443,1398.6433574741932,-4.2979905749493295,0.0,126.00948474890556,121.71149417395624,1.0,4.812946054588369e-05,0.0,4.242640687119285,0.06850873520920973,0.002346723399982807
1269,54.004163531524725,0.05062686640437463,-5.204170427930421e-18,1.0623852646667524,3.506452767548783,-3.469446951953614e-18,0.5866086178403424,1.9099558353829067,-3.9898639947466563e-16,50.30726023956891,147.56604845540164,3.122502256758253e-17,9.6680045983166,28.567374248185843,-1.734723475976807e-18,15.62755799449763,46.31186656714558,1.2189785328804625,1265.4102164058554,46.73515645653545,1313.3643513952713,1426.0390614470812,-4.353880772309839,0.0,135.94157157123664,131.5876907989268,1.0,4.812946054588369e-05,0.0,4.242640687119285,0.06850873520920973,0.002346723399982807
1275,54.29484526395899,0.04733458059042969,3.469446951953614e-18,1.1280320921138753,3.732889804742785,1.734723475976807e-18,0.519929938997895,2.0370752479999874,9.471590178833367e-16,50.545130854349054,148.3448798032987,-1.3877787807814457e-17,10.430616411453027,30.277662715150377,-5.724587470723463e-17,16.865559630175248,48.92221805871603,1.3445180959014333,1277.4051265416344,54.39887936143661,1333.1485239989725,1464.3481208029382,-4.451406695712305,0.0,136.42012910556406,131.96872240985175,1.0,4.865427563206483e-05,0.0,4.242640687119285,0.06984612914184396,0.002439240878049572
1280,54.527859287331665,0.046193516978392295,-1.214306433183765e-17,1.1661372686034415,3.798159666737747,0.0,0.5182828202132378,2.2490225857490924,4.2327252813834093e-16,50.736249361387856,149.11351863134908,-3.469446951953614e-17,10.992960280535138,31.966509331371963,9.540979117872439e-17,17.77895962213325,50.856050172865814,1.4303042432137942,1287.0834996304648,60.42258786471159,1348.9363917383903,1494.7036590193716,-4.522199057688091,0.0,135.00157562335346,130.47937656566538,1.0,4.9253038315070305e-05,0.0,4.242640687119285,0.07109881296854348,0.0025275206027679633
1285,54.7554788652584,0.04500745183794176,8.673617379884035e-18,1.2048178176798194,3.876681837668345,1.734723475976807e-18,0.5008110286425526,2.2299768191724882,-4.163336342344337e-16,50.9238253927088,149.83296543899056,3.469446951953614e-18,11.502201946596939,33.64360459159705,-5.204170427930421e-18,18.625434717732965,53.468293083854554,1.5168506815640177,1296.6179963135467,66.1503248101492,1364.2851718052598,1524.1003375900327,-4.6358397099088045,0.0,133.9932277876969,129.3573880777881,1.0,4.9253038315070305e-05,0.0,4.242640687119285,0.07109881296854348,0.0025275206027679633
1291,55.018821201422675,0.043087160344047096,0.0,1.2503459442027405,4.003639355488598,6.938893903907228e-18,0.49156375943025477,2.074275061351634,-5.828670879282072e-16,51.142417870007684,150.59130223402016,6.938893903907228e-18,12.019942279581553,35.40975425383197,-5.898059818321144e-17,19.481886685086913,56.40116634415166,1.6334277709476348,1307.7734527952407,72.23950620223609,1381.6463867684245,1556.3627483495134,-4.7088837618808475,0.0,127.46955360847824,122.7606698465974,1.0,4.985083079084536e-05,0.0,4.242640687119285,0.07191362144234954,0.0025857844744767776
1297,55.27269320070349,0.041969099315108685,-1.214306433183765e-17,1.2789541736517038,4.0110602837347455,0.0,0.513290539972601,2.0171516986370057,5.828670879282072e-16,51.354154363408846,151.2354147205292,1.3877787807814457e-17,12.441801786633865,36.966614568759816,-5.204170427930421e-18,20.168992385840706,59.24244569094753,1.718724546491782,1318.6245851904116,77.39921584894282,1397.7425255858461,1584.974569977016,-4.824240176106781,0.0,117.82713035792118,113.0028901818144,1.0,4.985083079084536e-05,0.0,4.242640687119285,0.07191362144234954,0.0025857844744767776
1303,55.52564125690397,0.0425125115454356,-3.469446951953614e-18,1.2857491217173347,3.980265022014918,1.734723475976807e-18,0.5923731452328321,2.2890552274859965,-2.7755575615628914e-16,51.565908066638,151.7874278235623,-5.204170427930421e-17,12.81567228839499,38.206613574304626,5.898059818321144e-17,20.796358983172823,61.544306147707715,1.7539364467281247,1329.521437368481,82.12072810176764,1413.3961019169767,1612.2887376971325,-4.917535274049405,0.0,113.22115224022694,108.30361696617754,1.0,5.0416982263720916e-05,0.0,4.242640687119285,0.07250632557918113,0.002628583624497108
1309,55.785875768676306,0.04401516163966923,3.469446951953614e-18,1.2887125724164985,3.9059655626840684,-5.204170427930421e-18,0.6078091022018098,2.528879856935624,-2.5326962749261384e-16,51.78441293559849,152.2772263993386,-3.469446951953614e-18,13.17020105052334,39.01188969659493,1.9081958235744878e-17,21.41804701920796,62.90046176986888,1.7490809681680144,1340.8127115422897,86.72709785560305,1429.2888903660607,1639.8738275132546,-5.012143495460964,0.0,111.3420261723367,106.32988267687574,1.0,5.0416982263720916e-05,0.0,4.242640687119285,0.07250632557918113,0.002628583624497108
1314,56.00903222429731,0.0449655633398863,1.734723475976807e-18,1.3018572639798862,3.838483364437499,1.734723475976807e-18,0.5627994106778006,2.324278660000064,-5.620504062164855e-16,51.971739485821715,152.64213717037924,6.938893903907228e-18,13.441024515377016,40.03081559636634,-6.765421556309548e-17,21.88356127757951,66.49951085354726,1.751908333977009,1350.53085259106,90.33057001148298,1442.61333093652,1662.2442695791885,-5.118169074801059,0.0,105.73219091420751,100.61402183940645,1.0,5.094485976429302e-05,0.0,4.242640687119285,0.07300888728955812,0.0026651488116297005
1320,56.281349442001684,0.04570975164581889,8.673617379884035e-18,1.327542079657199,3.773235753909671,3.469446951953614e-18,0.5050512467108071,1.6733573660152086,4.787836793695988e-16,52.199207366831644,153.07555964991118,2.0816681711721685e-17,13.729000592764097,42.51380518732062,2.42861286636753e-17,22.34959788846155,70.32114055130211,1.772023410262678,1362.3786248627457,94.24272863805845,1458.3933769110668,1687.5023275086248,-5.192119487534646,0.0,98.35701781894315,93.16489833140851,1.0,5.136979459966872e-05,0.0,4.242640687119285,0.07299933846120614,0.002664451707886865
1325,56.50631601599765,0.044306166295499556,0.0,1.3468122807698404,3.8821492858634468,3.469446951953614e-18,0.5483535770935171,1.7960839688021222,-1.3877787807814457e-17,52.3854513020461,153.42977991869364,1.3877787807814457e-17,13.950478513642214,44.15078188252404,4.336808689942018e-17,22.702633571727546,72.3821666344763,1.7958867124654216,1372.1177540595213,97.30792537979653,1471.2215661517835,1707.6900757264552,-5.296308332015024,0.0,95.47296206488659,90.17665373287156,1.0,5.136979459966872e-05,0.0,4.242640687119285,0.07299933846120614,0.002664451707886865
1331,56.76439665412611,0.04205243710480146,0.0,1.3693391232306535,4.109279524859133,0.0,0.6139884934613359,2.126532373618142,2.2898349882893854e-16,52.59777786294335,153.78469645164205,-7.28583859910259e-17,14.209411761503741,45.99779353934526,1.1796119636642288e-16,23.143789729928606,75.00167817156434,1.8186615018486756,1383.2631180597666,100.9536913039804,1486.0354708655957,1731.6106129966263,-5.358472836882567,0.0,98.48620155255652,93.12772871567395,1.0,5.1672992361765295e-05,0.0,4.242640687119285,0.07272236704738887,0.0026442713344875753
1337,57.00902355528841,0.0399366972289053,-6.938893903907228e-18,1.4029024109398536,4.301244302394036,-3.469446951953614e-18,0.5341823879297711,2.0572442811610108,8.326672684688674e-16,52.79822812746057,154.14625585741877,3.469446951953614e-18,14.45284679637246,47.82821169106825,-3.122502256758253e-17,23.58546384969063,78.18459130350884,1.8241713778480082,1393.8264466996839,104.44239025970683,1500.0930083372386,1754.7294069483128,-5.442249175683499,0.0,100.38974941051137,94.94750023482787,1.0,5.1672992361765295e-05,0.0,4.242640687119285,0.07272236704738887,0.0026442713344875753
1344,57.28206235234835,0.038472537935339966,-1.214306433183765e-17,1.4473409411706597,4.481143818063009,-1.734723475976807e-18,0.4692595092341075,1.8686635645706833,-1.1796119636642288e-16,53.02109318943497,154.6000298468572,-7.632783294297951e-17,14.673636288471272,49.43461427195374,2.7755575615628914e-17,23.968417979735513,81.00071524609754,1.8494944501385717,1405.6181615013738,107.6578009631705,1515.125456914683,1777.8942241997065,-5.5054479126428255,0.0,90.81575078816641,85.31030287552359,1.0,5.186089839575741e-05,0.0,4.242640687119285,0.07233142041940137,0.002615917189944097
1350,57.51074784392756,0.03791150271940002,-3.469446951953614e-18,1.4784091423470207,4.595427974314653,5.204170427930421e-18,0.48434261591889943,1.5791337307896423,4.996003610813204e-16,53.207077108789996,155.03453304516268,1.0408340855860843e-17,14.787218603721586,50.09981939986065,-4.85722573273506e-17,24.132345193735052,81.8255435423483,1.8700065887180561,1415.4965272303616,109.33091701712488,1526.6974508362046,1793.2682906817176,-5.554324214166689,0.0,73.28246860288468,67.728144388718,1.0,5.190022289052239e-05,0.0,4.242640687119285,0.07155948958136017,0.0025603802745723975
1357,57.77444511697387,0.037507285336888,0.0,1.5045886223258063,4.666101822180511,-3.469446951953614e-18,0.5283131381286441,1.8663381952530185,3.0531133177191805e-16,53.42194009511705,155.4770189611776,3.469446951953614e-17,14.84014007787047,50.28483783340738,-1.3877787807814457e-17,24.17999079075835,81.71337250686295,1.8856463092556106,1426.9518417631373,110.11487876540869,1538.9523668378017,1806.9286733563229,-5.589579714114113,0.0,57.901049479316015,52.3114697652019,1.0,5.190022289052239e-05,0.0,4.242640687119285,0.07155948958136017,0.0025603802745723975
1364,58.03589728832426,0.037268153705227486,3.469446951953614e-18,1.5216814369371394,4.674282070786088,-3.469446951953614e-18,0.4973498474094754,1.7014311222494212,7.042977312465837e-16,53.63691803138825,156.16184606383794,1.3877787807814457e-17,14.8269429349219,50.13364189100926,0.0,24.15810605129061,81.40081931247157,1.878603494330145,1438.4594879529309,109.91911839771521,1550.2572098449762,1817.7521319987504,-5.609309228844903,0.0,47.49352427553401,41.88421504668911,1.0,5.179191547528376e-05,0.0,4.242640687119285,0.07060155025495819,0.002492289449201693
1370,58.25951235415735,0.03730400041604237,-5.204170427930421e-18,1.526836288249316,4.680191664498893,-3.469446951953614e-18,0.386860257309049,1.3101608981222665,5.48172618408671e-16,53.822677662783185,156.98441352992276,7.632783294297951e-17,14.753783579001157,49.703142072677345,-9.020562075079397e-17,24.073963713203526,80.84443521804238,1.8412364016556713,1448.4403153959302,108.83706494800208,1559.1186167455878,1824.4357284870425,-5.6209536081431875,0.0,35.968998901426914,30.348045293283725,1.0,5.156649354655653e-05,0.0,4.242640687119285,0.06965805989721861,0.002426122654322248
1377,58.521920493697415,0.03768437775812521,8.673617379884035e-18,1.5171598493531928,4.604518594968239,-3.469446951953614e-18,0.43630048415701245,1.467673150940947,-3.400058012914542e-16,54.04291723321208,157.9397103935859,5.551115123125783e-17,14.552289646743972,48.73925600823078,0.0,23.77087156552944,79.46843672384489,1.8037925791375482,1460.3184515379055,105.8845669813659,1568.006811098409,1826.4560485256966,-5.604209417808666,0.0,13.758744214295742,8.154534796487077,1.0,5.156649354655653e-05,0.0,4.242640687119285,0.06965805989721861,0.002426122654322248
1383,58.75049497139965,0.03846599967927797,1.734723475976807e-18,1.493716922832307,4.459633243688241,-3.469446951953614e-18,0.477083184541708,1.4610115531708234,1.2836953722228372e-16,54.23684544330457,158.74566108692704,-1.1102230246251565e-16,14.252490808597816,47.502129797753064,-2.2898349882893854e-16,23.265275230856304,77.60577491433529,1.7430228600303834,1470.8177018204535,101.56674712458259,1574.1274718050665,1821.8379374528731,-5.586442118987145,0.0,-14.157355651649123,-19.74379777063627,1.0,5.1217445206518984e-05,0.0,4.242640687119285,0.06851732770533478,0.0023473120979401185
1390,59.026016243760004,0.04014843392916401,3.469446951953614e-18,1.4441370582137965,4.21495839589454,0.0,0.47912226427529647,1.834455926280579,-1.1275702593849246e-15,54.473224029774904,159.6967214791556,2.0816681711721685e-17,13.758253834338431,45.48265213205927,1.8735013540549517e-16,22.416512817917912,74.36281912556188,1.6213090679053415,1483.6660680990233,94.64477428504406,1579.9321514519727,1810.251938404304,-5.564205518641798,0.0,-36.035690641276915,-41.599896159918714,1.0,5.073212674756835e-05,0.0,4.242640687119285,0.06713128507445085,0.0022533047178735933
1396,59.273458443702765,0.04204649596643924,3.469446951953614e-18,1.384426719881343,3.9523748275531387,5.204170427930421e-18,0.5185323482505081,2.0796752729151304,-4.510281037539698e-16,54.68733089506645,160.51445166511337,-6.591949208711867e-17,13.241284709662976,43.201087561615175,-2.7755575615628914e-17,21.57022175459607,70.50908445072484,1.4981964275764783,1495.3520802132446,87.66581038117725,1584.5160870219981,1797.806003369637,-5.503553648269453,0.0,-44.395969437284585,-49.89952308555404,1.0,5.073212674756835e-05,0.0,4.242640687119285,0.06713128507445085,0.0022533047178735933
1402,59.532723686375626,0.04407093848653407,-3.469446951953614e-18,1.3177262169921304,3.68358376644004,0.0,0.5517013765697727,2.1269081444329103,-1.8388068845354155e-16,54.91200947774715,161.27366149253817,-1.0755285551056204e-16,12.65277988783249,40.62356160468751,-9.020562075079397e-17,20.65586054480158,66.29156773479752,1.3767824774756907,1507.6643924420962,80.04641944496916,1589.087594364541,1784.3334490180087,-5.470739374779053,0.0,-46.154537358510694,-51.625276733289745,1.0,5.0138012880435196e-05,0.0,4.242640687119285,0.06574830715647666,0.0021614199469711997
1407,59.75924449470932,0.04623251583971025,6.938893903907228e-18,1.2578859541930645,3.41799706719689,0.0,0.6403353019826734,1.9530773676796334,3.469446951953614e-16,55.10788446017809,161.86063991140063,5.551115123125783e-17,12.087469950611522,38.38125937395934,-6.938893903907228e-18,19.759060478143514,62.88251068421122,1.3040500161650708,1518.4394648381685,73.05346490346827,1592.7969797578019,1771.2639718255818,-5.41728955457415,0.0,-51.94736020100068,-57.36464975557483,1.0,5.0138012880435196e-05,0.0,4.242640687119285,0.06574830715647666,0.0021614199469711997
1413,60.049883294579594,0.05027139954256871,-1.734723475976807e-18,1.176339922418529,3.140142996597846,0.0,0.6689365660991159,2.095827333099124,4.614364446098307e-16,55.35803881152316,162.60968865783906,-3.469446951953614e-18,11.3019972133879,35.30266980813892,1.3877787807814457e-17,18.459383364602164,58.11123968948929,1.1890770362302931,1532.2562305290523,63.86757050571391,1597.3128780709967,1753.182633811075,-5.368570217763384,0.0,-56.51969704199956,-61.88826725976294,1.0,4.944231743033031e-05,0.0,4.242640687119285,0.06426979064067108,0.002065302994497846
1417,60.259811258878614,0.053879915457931714,-5.204170427930421e-18,1.1150885676538864,2.9291666914725063,6.938893903907228e-18,0.6331908315983982,2.0505663031180106,-4.649058915617843e-16,55.53737604657714,163.15860630600784,-1.3877787807814457e-17,10.724857189567823,32.829030469769336,-5.551115123125783e-17,17.48264746852764,53.9848919318509,1.0862258632452795,1542.2000690694597,57.51128086831231,1600.7975758010173,1740.8324565467099,-5.32295006466796,0.0,-53.21824023901583,-58.54119030368379,1.0,4.944231743033031e-05,0.0,4.242640687119285,0.06426979064067108,0.002065302994497846
1422,60.54450330681198,0.05908914282758491,3.469446951953614e-18,1.0408213665958088,2.7385313489699903,-8.673617379884035e-18,0.6206772707089232,2.0797885056727266,-1.457167719820518e-16,55.77757185661451,163.8130058659913,6.938893903907228e-18,9.979103620815856,29.428705246354607,-2.949029909160572e-17,16.212223793695905,48.2694020485644,0.9850053421788709,1555.5687611098974,49.79125453749006,1606.3450209895664,1727.1020496180138,-5.279311879537359,0.0,-42.68703462974081,-47.96634650927817,1.0,4.8627002240418965e-05,0.0,4.242640687119285,0.06254224600934304,0.0019557662679465927
1426,60.78763489574257,0.06050176548474434,8.673617379884035e-18,1.00028816911062,2.7643978039711556,0.0,0.636619613111828,2.1916957706933324,-1.214306433183765e-16,55.97975354855251,164.2628284185752,-1.3877787807814457e-17,9.42100174364865,27.622397025818657,1.734723475976807e-18,15.287329648905942,45.16940846207017,0.9598386765089892,1566.8664036783384,44.37763692691544,1612.203879281763,1719.6811771131447,-5.222296096131787,0.0,-25.09045368673052,-30.312749782862305,1.0,4.8627002240418965e-05,0.0,4.242640687119285,0.06254224600934304,0.0019557662679465927
1430,61.023766749831424,0.0580953484388528,-3.469446951953614e-18,0.9869450646520599,2.8920278605905203,0.0,0.64695620138909,2.0166686102556373,2.255140518769849e-16,56.17400195469518,164.6746000419524,2.0816681711721685e-17,8.967778039572833,27.09713585071228,8.673617379884035e-18,14.574323457900572,44.12158040410213,0.9772766455129278,1577.7592478030488,40.210521483522385,1618.9470459320842,1716.508511564594,-5.220626927612072,0.0,-8.090598419346112,-13.311225346958183,1.0,4.7744222154333e-05,0.0,4.242640687119285,0.0609923526963634,0.0018600335437187938
1434,61.250670071865926,0.05604141090872858,-6.938893903907228e-18,0.9835852019128459,3.048632511650611,0.0,0.6199534582151188,1.9783447475161415,1.0061396160665481e-16,56.3596381244559,165.03445516063687,-2.0816681711721685e-17,8.572907422851925,26.575192520051594,3.469446951953614e-18,13.933742706498862,43.149791565128794,0.9904311125387093,1588.204404759811,36.747370840394815,1625.9422067127446,1715.1098577220848,-5.126463879869907,0.0,-0.9257556401015712,-6.052219519971478,1.0,4.7744222154333e-05,0.0,4.242640687119285,0.0609923526963634,0.0018600335437187938
1439,61.528349913839364,0.05553082341366249,-3.469446951953614e-18,0.9634580578742024,3.0862253051946795,-1.734723475976807e-18,0.5728401938447077,1.9902192456222167,-2.983724378680108e-16,56.585452793984295,165.4155406951994,-1.3877787807814457e-17,8.068718149118505,26.131645553339446,-3.5561831257524545e-17,12.999440259274982,42.127217099501785,0.9618645501275358,1600.9567339501127,32.55210628495717,1634.4707047851973,1712.6488817748586,-5.128031467926234,0.0,-3.5527286200158046,-8.680760087942039,1.0,4.7744222154333e-05,0.0,4.242640687119285,0.0609923526963634,0.0018600335437187938
1443,61.75267291384118,0.05649076043315253,5.204170427930421e-18,0.9413881568789189,3.0570054411785503,0.0,0.5465761115696125,1.8487120029524506,-1.1796119636642288e-15,56.76765859981792,165.66524100121808,2.42861286636753e-17,7.669368690089472,25.337350847708937,-1.734723475976807e-18,12.225102509899303,40.342793836332675,0.9278330910814838,1611.2835314527406,29.409608052262357,1641.6209725960846,1711.382926120284,-5.058515352638139,0.0,-0.4040364048584501,-5.462551757496589,1.0,4.685183255392174e-05,0.0,4.242640687119285,0.05972152461150756,0.0017833302509614513
1448,62.03876279890691,0.057569722966859214,6.938893903907228e-18,0.9383430962194232,3.0681596314076236,1.0408340855860843e-17,0.5161667486617839,1.891729589633743,-8.118505867571457e-16,57.000556155907596,166.12896263662515,-3.122502256758253e-17,7.261156712929108,24.20563018200439,-2.6020852139652106e-17,11.54347868604509,38.215291503929414,0.9272202653345474,1624.5317010413874,26.362198404857725,1651.8211197115797,1714.1613311637352,-5.04052216255267,0.0,14.812384212643197,9.771862050090526,1.0,4.685183255392174e-05,0.0,4.242640687119285,0.05972152461150756,0.0017833302509614513
1452,62.26986176073824,0.057904627114382705,-6.938893903907228e-18,0.9503417201166918,3.0795627606487597,-8.673617379884035e-18,0.4863131060780226,1.7734153725087949,-6.869504964868156e-16,57.189570447919344,166.7366982957401,1.3877787807814457e-17,6.973059031212363,23.558765720952433,-1.9081958235744878e-17,11.149687477439286,37.376062981634604,0.9481569907833676,1635.3234840087644,24.311776126386142,1660.583417125934,1718.4603865803529,-5.0042101071180545,0.0,23.607389816951947,18.603179709833892,1.0,4.600778915613452e-05,0.0,4.242640687119285,0.05880736962903487,0.0017291533613429664
1456,62.50407945051101,0.05916734050904597,2.0816681711721685e-17,0.9431439534677498,2.9834551582305675,-1.734723475976807e-18,0.5405728954450214,2.2154821863147895,8.014422459012849e-16,57.382093202894715,167.38672996074087,3.122502256758253e-17,6.608038659770297,22.426918132736873,-2.7755575615628914e-17,10.559074988701136,35.645113974984824,0.9483408559692872,1646.3523101728476,21.83308746450941,1669.1337384933263,1721.0702234044293,-4.968700644754545,0.0,16.190846897526043,11.222146252771498,1.0,4.600778915613452e-05,0.0,4.242640687119285,0.05880736962903487,0.0017291533613429664
1461,62.81293052599355,0.06405652438922647,1.3877787807814457e-17,0.8846565185269566,2.7497292115976406,-3.469446951953614e-18,0.6047543057190324,2.127985702769474,5.30825383648903e-16,57.6376352692652,168.2123916828372,4.163336342344337e-17,5.987506638201256,20.17581846440441,0.0,9.410151975380122,31.63098971024102,0.8565116283144563,1661.0484997164222,17.925117871252056,1679.8301292159886,1721.6640063411733,-4.964646527080514,0.0,7.034412878090692,2.0697663510101787,1.0,4.523600973392426e-05,0.0,4.242640687119285,0.05811352907391026,0.0016885911307121062
1464,63.01417601524581,0.06869007107881997,3.469446951953614e-18,0.8408757935367435,2.6149930748124417,3.469446951953614e-18,0.5518967368574502,1.5632956256148063,1.3877787807814457e-17,57.80532669392174,168.83676454645754,2.0816681711721685e-17,5.58251821740247,18.608799535588766,2.7755575615628914e-17,8.687366002299045,29.053056415344617,0.766371709668386,1670.7278970955103,15.582254823815223,1687.076523628994,1723.035767028443,-4.914188483062767,0.0,11.820599057725232,6.906410574662465,1.0,4.523600973392426e-05,0.0,4.242640687119285,0.05811352907391026,0.0016885911307121062
1468,63.305929715274885,0.07552295238818336,6.938893903907228e-18,0.8061814530825692,2.4437326616720996,-3.469446951953614e-18,0.50514369833098,1.557178056440384,-7.147060721024445e-16,58.04890413878167,169.70551164921113,1.3877787807814457e-17,5.104015332717719,16.419576985539315,-2.2551405187698492e-17,7.954436103022733,25.967920747956153,0.6928317554745234,1684.8376358567316,13.02548625830878,1698.555953870515,1728.6651646324326,-4.934015186676883,0.0,24.234899576832227,19.300884390155343,1.0,4.523600973392426e-05,0.0,4.242640687119285,0.05811352907391026,0.0016885911307121062
1471,63.540218853062974,0.0792536460557185,1.734723475976807e-18,0.7935623064870772,2.280537488113742,-3.469446951953614e-18,0.5126954255526598,1.6419906066240204,2.671474153004283e-16,58.24394780142991,170.3185190442284,3.469446951953614e-18,4.8100705002708,15.212422452650873,-6.938893903907228e-17,7.5659325119882075,23.95680368233179,0.6623555016542559,1696.1787277478459,11.568389108787693,1708.4094723582878,1735.433561856585,-4.933406431502391,0.0,33.819083532095384,28.885677100592993,1.0,4.4545989737079045e-05,0.0,4.242640687119285,0.057582056420871205,0.0016578466108281974
1474,63.78736247951366,0.08428290494457484,1.0408340855860843e-17,0.7727300908683834,2.1421305863670344,1.734723475976807e-18,0.61317211015107,1.7410454851399062,-2.740863092043355e-16,58.44863821268751,170.8758432409795,-6.938893903907228e-18,4.564771204366472,14.084577965032183,-4.5102810375396984e-17,7.18063705605502,22.35808085851143,0.6408224940475435,1708.1216544588174,10.418568074106663,1719.1810450269716,1743.5212312043918,-4.909527746331083,0.0,37.73114084584373,32.821613099512646,1.0,4.4545989737079045e-05,0.0,4.242640687119285,0.057582056420871205,0.0016578466108281974
1477,64.05419495931227,0.09029625806551983,5.204170427930421e-18,0.7540945173199375,1.9890458379566587,0.0,0.6670373009935401,1.943473437977375,1.4432899320127035e-15,58.668335347430435,171.44485778862506,1.734723475976807e-17,4.448943071399847,12.695121232626011,-8.847089727481716e-17,6.944054891396132,19.787652794187085,0.6039058184666848,1720.9867862192775,9.896547226278347,1731.4872392640225,1754.4031590406762,-4.940818972059739,0.0,45.85484018814323,40.91402121608349,1.0,4.4545989737079045e-05,0.0,4.242640687119285,0.057582056420871205,0.0016578466108281974
1480,64.30875593237317,0.08236489762508843,-1.734723475976807e-18,0.7701416818372222,2.0672673838790185,5.204170427930421e-18,0.5756060079207131,1.8722384277350765,-7.424616477180734e-16,58.87676895510131,171.97542129695537,-2.42861286636753e-17,4.573964692834958,13.630860171954152,-2.42861286636753e-17,7.15574561711031,20.994711494923703,0.5605838972331796,1733.2369612961902,10.460576505650398,1744.2581216990736,1768.5439659456588,-4.974887085653381,0.0,60.55842385452083,55.583536768867454,1.0,4.3936849623716495e-05,0.0,4.242640687119285,0.05715988953940465,0.0016336264860784704
1483,64.5420816819771,0.07553061085565496,-5.204170427930421e-18,0.8129311380186948,2.1135276652299466,-3.469446951953614e-18,0.5448060071813066,1.7874409074150728,2.220446049250313e-16,59.06671600118047,172.40584606319595,2.7755575615628914e-17,4.866553139301193,14.950262641910012,5.204170427930421e-17,7.6629112524491285,23.43872306380908,0.5765591735268027,1744.438469582054,11.841669728821149,1756.8566984844022,1784.5528246062095,-4.939657385405064,0.0,73.57503240413811,68.63537501873304,1.0,4.3936849623716495e-05,0.0,4.242640687119285,0.05715988953940465,0.0016336264860784704
1486,64.75598299024857,0.0692823588790069,-1.734723475976807e-18,0.8652177260545949,2.305637986556996,5.204170427930421e-18,0.524405642638499,1.7435627189009812,-4.163336342344337e-17,59.23961902528574,172.7362573114803,-1.3877787807814457e-17,5.225995437264769,16.39288913131403,-2.7755575615628914e-17,8.28600345426844,26.368123807250612,0.6177540836716117,1754.6662311304985,13.655514155156089,1768.9394993693263,1801.1326339004017,-4.970822428693903,0.0,82.50258537448694,77.53176294579303,1.0,4.3936849623716495e-05,0.0,4.242640687119285,0.05715988953940465,0.0016336264860784704
1490,65.01642110260022,0.06295424321492776,0.0,0.9342035200266212,2.564721255936446,-6.938893903907228e-18,0.5181618209792771,1.8330486627852305,1.6688039838896884e-15,59.44942562146271,173.08018034195587,3.469446951953614e-18,5.700083057874773,17.875816659462373,-2.0816681711721685e-17,9.084290356521798,29.096524001702548,0.6820656399717957,1767.1171033609135,16.245473433335512,1784.0446424342208,1822.5716853135868,-5.004063292114935,0.0,87.35630436861129,82.35224107649636,1.0,4.341146282308865e-05,0.0,4.242640687119285,0.05687058682845636,0.001617131823106497
1494,65.25838602901679,0.059306535338008566,3.469446951953614e-18,0.9952527348325114,2.777822077774378,6.938893903907228e-18,0.5096103733481677,1.6289743245331074,9.055256544598933e-16,59.645045812503675,173.38622346378062,8.326672684688674e-17,6.112316128262509,18.759761903289075,-2.0816681711721685e-17,9.74469070476881,30.1621584604408,0.7355077436237138,1778.7657449878307,18.680204225908984,1798.1814569573633,1842.5005903548063,-4.9771098643624985,0.0,87.40134108124846,82.42423121688596,1.0,4.341146282308865e-05,0.0,4.242640687119285,0.05687058682845636,0.001617131823106497
1499,65.5471900243326,0.056881160594452515,-6.938893903907228e-18,1.0598684163445264,2.982680286233639,0.0,0.35921083473693266,1.2064859513964021,-6.279698983036042e-16,59.87993564160102,174.16149628635628,-1.3877787807814457e-17,6.525809930412853,19.65042457749265,6.938893903907228e-18,10.401425677596238,31.095535665000774,0.7666031443170429,1792.8033462211397,21.293097623937506,1814.8630469893942,1865.3673517675027,-5.008387447412019,0.0,84.24909394659512,79.2407064991831,1.0,4.341146282308865e-05,0.0,4.242640687119285,0.05687058682845636,0.001617131823106497
1503,65.77046395846912,0.05516182895324209,0.0,1.102911942029278,3.1306532450281073,-5.204170427930421e-18,0.3612291287114921,1.1310894377525083,-4.371503159461554e-16,60.06303358896316,174.69718979251937,-6.938893903907228e-18,6.771151876640157,20.49809385495534,2.0816681711721685e-17,10.794828748316593,32.51501440697798,0.8135846247486268,1803.7840019544578,22.924248868263756,1827.5218354474703,1881.908732796214,-4.997176883919238,0.0,79.14019523477107,74.14301835085183,1.0,4.296188409652853e-05,0.0,4.242640687119285,0.05664742549360113,0.0016044654075265457
1508,66.03998285670171,0.05315791257908811,1.0408340855860843e-17,1.1412792536024314,3.302594727396378,-3.469446951953614e-18,0.3835145029000012,1.244808148043418,2.0816681711721685e-17,60.2862966642849,175.48518873420429,3.469446951953614e-17,6.957730306737854,21.47308319976452,-5.551115123125783e-17,11.108987386002463,34.38983416029493,0.8559312587792522,1817.2187827470846,24.20500551064922,1842.279719516513,1899.8053172276,-5.008445991941712,0.0,71.46230621120375,66.45386021926204,1.0,4.296188409652853e-05,0.0,4.242640687119285,0.05664742549360113,0.0016044654075265457
1512,66.25044013174664,0.05241415646169955,-1.734723475976807e-18,1.1530236652900234,3.3971847767602106,0.0,0.3772705375150119,1.2905077633661013,-6.38378239159465e-16,60.462701121230516,176.14376199457863,-6.938893903907228e-18,7.000514524185785,21.919385522173073,-1.1102230246251565e-16,11.179068916933483,35.14392484043633,0.8577689990644972,1827.8691134376245,24.50360180166807,1853.2304842383571,1911.4764131394036,-5.007574271488842,0.0,60.5337930340803,55.526218762591455,1.0,4.257983794162449e-05,0.0,4.242640687119285,0.056476530260922676,0.0015947992351564575
1517,66.51314491870468,0.05278299644343315,3.469446951953614e-18,1.1472932665944204,3.43652502564484,6.938893903907228e-18,0.4250784191890022,1.4290863571932755,-1.2004286453759505e-15,60.68518875812536,176.96507038693392,3.469446951953614e-17,6.934760203492774,22.01948271105152,8.326672684688674e-17,11.059293759597805,35.02872020303715,0.8478062239037625,1841.346067304653,24.045449539973568,1866.2393230685302,1923.3079267929947,-5.004411213695118,0.0,50.12020258776538,45.115791374070255,1.0,4.257983794162449e-05,0.0,4.242640687119285,0.056476530260922676,0.0015947992351564575
1522,66.78012896584846,0.05383717626502452,6.938893903907228e-18,1.1286667870771057,3.4213242795404817,-3.469446951953614e-18,0.500716315148748,1.6690790454419862,-5.273559366969494e-16,60.913043479835146,177.78633643166802,-5.551115123125783e-17,6.771263668810793,21.809746109259287,9.020562075079397e-17,10.79747826434194,34.37916202047239,0.8388580206846813,1855.1994329881436,22.925005836278498,1878.9632968451067,1933.366397635998,-5.0106964547928134,0.0,42.74481374476024,37.73411728996743,1.0,4.226033051375216e-05,0.0,4.242640687119285,0.056367619280982446,0.0015886542517028921
1527,67.05287870257222,0.05506178334320748,1.734723475976807e-18,1.098092278353988,3.3955503971049126,-1.734723475976807e-18,0.6115471800053708,2.0793795694895882,-3.469446951953614e-18,61.1470332286856,178.5556564860255,-2.42861286636753e-17,6.535356435701118,21.519105916388643,-1.1102230246251565e-16,10.416269484769593,33.903321992831955,0.844450292806108,1869.4798363349903,21.355441870830006,1891.6797284986264,1942.329811263879,-5.010606414044532,0.0,37.94198416417104,32.93137775012651,1.0,4.226033051375216e-05,0.0,4.242640687119285,0.056367619280982446,0.0015886542517028921
1531,67.2764114061519,0.05644444942311171,3.469446951953614e-18,1.0641380342422133,3.3602123028295985,-1.734723475976807e-18,0.6164031618120472,2.020551506982031,-3.5735303605122226e-16,61.33934303965598,179.20089984337798,-3.8163916471489756e-17,6.324973906826144,21.300460448684436,-6.938893903907228e-17,10.074561436880838,33.83574480594596,0.8281533773688531,1881.2575022682963,20.00264746101578,1902.088303106681,1949.4950833669782,-5.024066179486369,0.0,37.14574178110072,32.12167560161435,1.0,4.2006063757391426e-05,0.0,4.242640687119285,0.056365016908681745,0.0015885075655579896
1535,67.50705311883539,0.05848549614601858,-6.938893903907228e-18,1.022564637167561,3.290861335104328,-3.469446951953614e-18,0.5524275506490491,1.9737139558543415,-3.3306690738754696e-16,61.53762268556748,179.86336638909094,2.7755575615628914e-17,6.130756498827752,20.98631836543308,-6.245004513516506e-17,9.75788238252051,33.67580556079426,0.7903139024530047,1893.4395028956346,18.79308762395936,1913.0229044220468,1957.5243845656041,-5.0217347718959005,0.0,39.88292043612456,34.86118566422866,1.0,4.2006063757391426e-05,0.0,4.242640687119285,0.056365016908681745,0.0015885075655579896
1540,67.81051554832898,0.06242548318970299,1.734723475976807e-18,0.9682670639671287,3.16460380952941,8.673617379884035e-18,0.561735263380346,1.9056305237555682,-6.245004513516506e-16,61.796486304143905,180.6416086362723,1.0408340855860843e-17,5.953693597620641,20.09291272386635,6.938893903907228e-17,9.421674732210017,32.16234249483207,0.7723280573458047,1909.4028597691222,17.723233727174506,1927.8984215536425,1969.5890030658998,-5.047785937701562,0.0,44.868543958718355,39.82075802101679,1.0,4.182966894713803e-05,0.0,4.242640687119285,0.05653995404597385,0.0015983832017604175
1543,68.00456946820024,0.06592176300906183,-3.469446951953614e-18,0.9442132577556124,3.067534508972848,-5.204170427930421e-18,0.6287018425168612,1.979965557658379,6.591949208711867e-16,61.960452239175815,181.08634463908098,3.469446951953614e-17,5.927648856449402,19.428025120048147,-1.734723475976807e-17,9.332146044221226,30.681932353309904,0.7994082920234293,1919.5488208415932,17.568510482682946,1937.9167396162995,1978.9992665424647,-5.053020848800227,0.0,53.634801124574764,48.581780275774534,1.0,4.182966894713803e-05,0.0,4.242640687119285,0.05653995404597385,0.0015983832017604175
1547,68.27890290233137,0.06973454801292364,1.214306433183765e-17,0.9389343255119171,2.926286943960935,0.0,0.66687080792623,2.0453215135580782,-1.0373646386341306e-15,62.19037296298243,181.6916476289473,3.122502256758253e-17,6.08060175516983,19.16048716613029,9.367506770274758e-17,9.57910660201932,30.160951364213417,0.8709141408741232,1933.8212446374278,18.48685885248721,1953.179017630789,1996.4408829723461,-5.080785685172617,0.0,68.69742442462795,63.61663873945534,1.0,4.182966894713803e-05,0.0,4.242640687119285,0.05653995404597385,0.0015983832017604175
1551,68.56088008261064,0.06923627553003514,1.3877787807814457e-17,0.956060790194246,2.79834689919555,-1.734723475976807e-18,0.6225584501730371,2.102226120697531,-9.332812300755222e-16,62.42470159491602,182.2874701704368,0.0,6.44606260412863,19.38885120301333,-1.734723475976807e-18,10.233014546716555,30.850457635608638,0.948441698751262,1948.421684607155,20.775861548172784,1970.145987854079,2019.1947878148462,-5.115129923856295,0.0,85.79391778120116,80.67878785734486,1.0,4.175042627404319e-05,0.0,4.242640687119285,0.056957133329457614,0.0016220575185548057
1554,68.75985955388921,0.06516660661440114,-1.0408340855860843e-17,0.965248369210519,2.7751504101918756,-3.469446951953614e-18,0.5706986602140315,2.0382816661805183,1.6341095143701523e-15,62.58887074984689,182.67427113468165,2.0816681711721685e-17,6.762639455164271,19.936284539314904,5.724587470723463e-17,10.759585119505173,31.567159423245734,0.9840037894818838,1958.683370870519,22.866646200272246,1982.5340208602731,2036.658208485392,-5.141947180593991,0.0,92.94665153670054,87.80470435610655,1.0,4.175042627404319e-05,0.0,4.242640687119285,0.056957133329457614,0.0016220575185548057
1558,69.0119432000297,0.061793909849143895,1.734723475976807e-18,0.9774349087170501,2.901157641414917,-1.734723475976807e-18,0.5023858550854808,1.8738855061646489,-2.3592239273284576e-16,62.79569142353064,183.10223334535206,-1.734723475976807e-17,7.190573477553542,21.344324240602134,-5.204170427930421e-17,11.423281175837092,32.99185001824622,1.0184619697746626,1971.64943067964,25.852173468048214,1998.520066117463,2059.6049048475143,-5.175026759321609,0.0,96.29025923943547,91.11523248011386,1.0,4.175042627404319e-05,0.0,4.242640687119285,0.056957133329457614,0.0016220575185548057
1563,69.30709340679694,0.05710013911031465,-1.734723475976807e-18,1.014444827849896,3.272167173597931,-1.734723475976807e-18,0.5161848103324513,1.742448198297565,-1.700029006457271e-16,63.03702227041922,183.47627127625933,-1.3877787807814457e-17,7.743483394989669,23.168043984460606,3.2959746043559335e-17,12.305176097769047,36.23980354600421,1.107237384661902,1986.8330883606645,29.980767544240358,2017.9210932895667,2088.784547709026,-5.218438923251296,0.0,104.1547736892126,98.9363347659613,1.0,4.178130735514317e-05,0.0,4.242640687119285,0.0576033488287986,0.0016590728981461262
1567,69.52691012601531,0.05383100781455426,-1.734723475976807e-18,1.0521683435210476,3.5219121151834045,-1.734723475976807e-18,0.5185327899817226,1.763169909584411,1.1102230246251565e-16,63.21671478693084,183.67306112996863,-6.938893903907228e-18,8.183840591915175,24.3488225720926,-6.418476861114186e-17,13.063228987759292,38.54162970189451,1.181642501675146,1998.1765142260806,33.48762341693926,2032.845780144695,2112.4083504900254,-5.259926081509837,0.0,112.76785308958291,107.50792700807308,1.0,4.178130735514317e-05,0.0,4.242640687119285,0.0576033488287986,0.0016590728981461262
1572,69.78955965661326,0.052014166452636706,-1.3877787807814457e-17,1.0794894092349454,3.669316313888239,1.734723475976807e-18,0.5538624371728679,1.8198825105949332,-1.0130785099704553e-15,63.4318547433989,183.95039829427753,1.734723475976807e-17,8.684160569135928,25.285356487428245,-2.7755575615628914e-17,13.928971469406658,40.27592666487095,1.2408934015707098,2011.8000980938282,37.70732239526761,2050.7483138906664,2140.8400227587317,-5.304236637657235,0.0,113.62116840096145,108.31693176330421,1.0,4.1895986870079706e-05,0.0,4.242640687119285,0.058225776127484495,0.0016951205028239717
1577,70.04979829635822,0.05223991416284535,1.214306433183765e-17,1.0789482209420291,3.680069797983313,1.734723475976807e-18,0.5738644530005946,1.9348159914308596,5.585809592645319e-16,63.645902696891504,184.47701069489645,-3.469446951953614e-18,9.122357371261511,25.997329822541012,-6.591949208711867e-17,14.664501125968263,41.03742721036043,1.2406565264756244,2025.4004650510906,41.60870200450462,2068.249823582071,2167.921375770427,-5.356361506118052,0.0,109.53598305478364,104.1796215486656,1.0,4.1895986870079706e-05,0.0,4.242640687119285,0.058225776127484495,0.0016951205028239717
1581,70.26010023201744,0.052746969933348514,0.0,1.074090011922713,3.661465758460632,0.0,0.5217244894835882,1.8603276152155679,9.679756995950584e-16,63.81960811373782,185.17389253884662,-2.7755575615628914e-17,9.451971579343617,26.63244548236664,1.3877787807814457e-17,15.223261659570364,42.8690959941529,1.2148131928085664,2036.471189895535,44.669883368359734,2082.3558864567035,2189.5976476251144,-5.403767083605972,0.0,108.59531908421032,103.19155200060435,1.0,4.2089816974300144e-05,0.0,4.242640687119285,0.05893546979784003,0.001736694800146057
1586,70.52420663066522,0.05277777820218126,-1.734723475976807e-18,1.0773457698008198,3.633304816120794,0.0,0.5094835544979923,1.6913864840688841,1.3183898417423734e-16,64.03824486306776,186.07333338296255,-1.734723475976807e-17,9.85555064279375,28.18335103447674,1.214306433183765e-17,15.921195095672964,45.56550352005121,1.2182941016615962,2050.4484025711113,48.56593923633614,2100.2326359091094,2217.239377529555,-5.466777138162072,0.0,110.2423554057445,104.77557826758243,1.0,4.2089816974300144e-05,0.0,4.242640687119285,0.05893546979784003,0.001736694800146057
1591,70.78771301025657,0.05274355174708458,0.0,1.0817665003580865,3.5445749604776458,3.469446951953614e-18,0.5444773365300994,1.8011721765406563,-2.0816681711721685e-16,64.25613026569411,186.91270909226526,1.734723475976807e-17,10.244488691161727,29.43958004368731,-3.122502256758253e-17,16.5915247065844,47.55633304750808,1.2380649809343636,2064.425138360925,52.47477427167025,2118.1379776135295,2244.937998749284,-5.5249253439026855,0.0,110.78370399800588,105.2587786541032,1.0,4.2325176452326565e-05,0.0,4.242640687119285,0.05949315496893309,0.001769717744078744
1595,71.00066506056943,0.0536921671011437,-3.469446951953614e-18,1.076943897836107,3.3760917196484512,1.734723475976807e-18,0.6310979975177513,2.2144469424027173,-5.793976409762536e-16,64.43155538404152,187.54239683105277,1.0408340855860843e-17,10.556390969722548,30.19405346727187,-2.949029909160572e-17,17.11888811310062,48.49601024105577,1.253008954431517,2075.712664603404,55.71869515281986,2132.6843687106552,2267.5282730252666,-5.598524752825902,0.0,111.8727742554947,106.2742495026688,1.0,4.2325176452326565e-05,0.0,4.242640687119285,0.05949315496893309,0.001769717744078744
1600,71.27657299222156,0.055994852205125296,-1.734723475976807e-18,1.0727826414040245,3.03551896265638,3.469446951953614e-18,0.711722159933818,2.501088219798599,-7.979727989493313e-16,64.65815485270784,188.34370829068152,4.163336342344337e-17,10.99939456203041,31.992352313294617,3.9898639947466563e-17,17.889960601334383,52.377611185974274,1.2608419332303673,2090.3384944783725,60.493340365612056,2152.092676777215,2298.999703528497,-5.650532701798322,0.0,119.89747678391053,114.24694408211221,1.0,4.259500308933751e-05,0.0,4.242640687119285,0.06005918350981884,0.0018035527619330478
1604,71.50209881537467,0.056497883383202205,-3.469446951953614e-18,1.0871702016548044,2.9424199925738526,-6.938893903907228e-18,0.6365880701132697,2.198194452612752,3.712308238590367e-16,64.84261902046514,188.98847957667928,-6.938893903907228e-18,11.398262030341819,34.49717114635891,1.5612511283791264e-17,18.597466506774772,56.560744866813806,1.2490291810476188,2102.2826207165926,64.960188656166,2168.4918385538062,2326.8357825370367,-5.74226102813844,0.0,129.31629680544623,123.57403577730778,1.0,4.259500308933751e-05,0.0,4.242640687119285,0.06005918350981884,0.0018035527619330478
1609,71.77548870099217,0.05293321098319457,5.204170427930421e-18,1.1240032037803966,3.1235587580699873,6.938893903907228e-18,0.5475785781537011,1.7720345081911328,-4.3368086899420177e-16,65.06465026754215,189.70753001034666,6.938893903907228e-18,11.876069754135695,37.32020395198184,6.765421556309548e-17,19.381759967641926,61.12657184345789,1.2768705054155185,2116.704357218786,70.52051640254834,2188.5017441267496,2360.448467778985,-5.798946501608012,0.0,128.9703020833382,123.17135558173018,1.0,4.259500308933751e-05,0.0,4.242640687119285,0.06005918350981884,0.0018035527619330478
1614,72.02892310309674,0.04931970375200173,0.0,1.1700818711554515,3.3170837151368637,0.0,0.5361717246266711,1.686760312380097,1.0234868508263162e-15,65.26828175449621,190.2903948386769,1.3877787807814457e-17,12.311207548709081,39.74095764711899,4.85722573273506e-17,20.04773379694052,65.01492105872214,1.3432084176391088,2129.974301592152,75.78291565369574,2207.1004256634874,2391.39948152329,-5.886928230859994,0.0,128.30401070529973,122.41708247443974,1.0,4.285726875246187e-05,0.0,4.242640687119285,0.06037666199349747,0.001822670656738521
1619,72.26656813059277,0.04639771771275124,-1.734723475976807e-18,1.22329054834967,3.527163911167551,-1.0408340855860843e-17,0.554316800925101,1.7652442442295886,-1.6306400674181987e-16,65.45793575731636,190.7726875228399,-6.591949208711867e-17,12.751074394469576,41.92014717509542,6.938893903907228e-18,20.761762183299698,68.71812652810407,1.4240083665918917,2142.3706768044776,81.2949491066488,2225.0896342777182,2422.768291002459,-5.948888108284072,0.0,138.2090047490233,132.26011664073923,1.0,4.285726875246187e-05,0.0,4.242640687119285,0.06037666199349747,0.001822670656738521
1625,72.53426616767443,0.043422118800705164,-1.734723475976807e-18,1.2930364331085922,3.7397192290398795,1.734723475976807e-18,0.5154013536033863,1.4574309840299406,-4.683753385137379e-16,65.67100179850073,191.24632847527093,1.734723475976807e-17,13.271696209973923,44.10860620033445,-3.469446951953614e-17,21.663498347502852,72.54192024446374,1.5181272892459803,2156.3402386093426,88.06896014491808,2245.9273260435066,2460.709219564534,-6.029828589604591,0.0,148.0002938705272,141.9704652809226,1.0,4.307723579899356e-05,0.0,4.242640687119285,0.06043971925937122,0.0018264798320758043
1631,72.78637197827447,0.0411260474117833,3.469446951953614e-18,1.3600512606949755,3.908463724204664,-1.734723475976807e-18,0.40343458790452064,1.16694701829339,-3.191891195797325e-16,65.87155247538264,191.62552285199965,-4.85722573273506e-17,13.713978327090238,45.677066281380334,-6.938893903907228e-17,22.415961800505407,75.10736987098038,1.597669040174142,2169.530712758544,94.03660077795035,2265.164982576668,2494.8699260838825,-6.093764121002178,0.0,141.87825456208657,135.7844904410844,1.0,4.324907800304126e-05,0.0,4.242640687119285,0.060405185193138186,0.0018243931991086604
1637,73.0276324219893,0.03966917092020321,-1.734723475976807e-18,1.4179873236588065,4.057293567974503,-1.734723475976807e-18,0.39266794476472716,1.3223502834491572,3.608224830031759e-16,66.06362734924241,191.9161904229097,1.214306433183765e-16,14.049841807683467,46.76236391456801,6.938893903907228e-18,22.940319258454124,76.73447719202846,1.6789748727071798,2182.2014292697845,98.69902741046513,2282.579431552957,2523.3681858369673,-6.160780622744185,0.0,124.6155551659696,118.45477454322541,1.0,4.324907800304126e-05,0.0,4.242640687119285,0.060405185193138186,0.0018243931991086604
1643,73.26257012063881,0.038847186191013273,-1.734723475976807e-18,1.46461100467508,4.178298314342037,0.0,0.41730494819509223,1.6956332203515845,7.979727989493313e-16,66.2514626868324,192.10692842748296,9.367506770274758e-17,14.298897017267523,47.58991303211323,4.163336342344337e-17,23.307428088053435,78.07068518156977,1.7421892772507839,2194.628154072372,102.229227955211,2298.599571304834,2547.5025743615865,-6.206879704939546,0.0,109.27724813222562,103.07036842728607,1.0,4.334552502184616e-05,0.0,4.242640687119285,0.0601167075606697,0.0018070092639675404
1650,73.531500656628,0.0380917481889919,-5.204170427930421e-18,1.5028945218497984,4.244649177272656,6.938893903907228e-18,0.4131183772952745,1.5825111096844584,-6.245004513516506e-17,66.46818572433932,192.70926204782046,1.3877787807814457e-17,14.503578473862587,48.28367648326309,-4.163336342344337e-17,23.622466153275482,79.41104020720749,1.7874193667575038,2209.0098567426326,105.17689427374509,2315.974170383135,2571.8167095907943,-6.250449159870795,0.0,97.00230947586466,90.75186031599387,1.0,4.336398699013548e-05,0.0,4.242640687119285,0.059710432816555976,0.0017826678935702225
1656,73.75771117308607,0.037437228335888424,5.204170427930421e-18,1.5248946521757292,4.27654821799049,3.469446951953614e-18,0.4068623368495848,1.3066418905757975,-4.718447854656915e-16,66.65204359177224,193.3452961863169,3.469446951953614e-17,14.608974563094748,48.53338690030381,7.632783294297951e-17,23.81114687718729,79.99946872469987,1.8168156045934194,2221.247457479754,106.71106889257467,2329.775341976922,2589.5685040833823,-6.284942420795665,0.0,85.09603276028545,78.8110903394898,1.0,4.336398699013548e-05,0.0,4.242640687119285,0.059710432816555976,0.0017826678935702225
1663,74.01793016821888,0.037076350984359074,3.469446951953614e-18,1.5386124651047433,4.349795350574292,-1.734723475976807e-18,0.4617268851393118,1.4045854546724548,-8.604228440844963e-16,66.86520235816828,194.05660346732114,3.469446951953614e-17,14.638780085704928,48.31022830635259,4.163336342344337e-17,23.896052878922532,79.6298213233476,1.846982923191087,2235.477643199396,107.14694119881558,2344.4715673214027,2605.7942711821283,-6.308137938790046,0.0,68.99273489177305,62.68459695298301,1.0,4.331665816214601e-05,0.0,4.242640687119285,0.059284226818489105,0.0017573097747330315
1670,74.27876646916816,0.03751927451344406,-6.938893903907228e-18,1.534063490490822,4.384096289255124,8.673617379884035e-18,0.5255543033839931,1.5545019328026901,7.008282842946301e-16,67.08067285356627,194.84836505023316,-1.0061396160665481e-16,14.542928853077093,47.51140535201543,7.632783294297951e-17,23.749037489704584,78.03028795516278,1.8467252084633572,2249.9083352435905,105.7483898128311,2357.503450264885,2615.536371133312,-6.326683172276487,0.0,44.01602529228686,37.68934212001037,1.0,4.319444212169e-05,0.0,4.242640687119285,0.05870847962170816,0.0017233427897462611
1676,74.50692407333341,0.03843988893182623,0.0,1.514428658954286,4.404702670246035,3.469446951953614e-18,0.5090339635835958,1.3445460937679425,4.440892098500626e-16,67.27058042505284,195.56213608195176,9.020562075079397e-17,14.350486024677773,46.44628700586075,1.1102230246251565e-16,23.404022601628593,75.95288661844148,1.8010792075070807,2262.665495361751,102.96822457223601,2367.434799141494,2618.2950576768662,-6.325938421909065,0.0,18.774823203991037,12.448884782081972,1.0,4.319444212169e-05,0.0,4.242640687119285,0.05870847962170816,0.0017233427897462611
1683,74.78152862199006,0.039864726829519005,-3.469446951953614e-18,1.4769509134070788,4.373748213372117,-6.938893903907228e-18,0.47863846782349667,1.3707173638471,6.245004513516506e-17,67.50009089793389,196.39765732869665,-6.591949208711867e-17,14.025601234103506,44.93816681798405,2.2898349882893854e-16,22.828755198265398,73.32870409594484,1.719745607748228,2278.1311356146684,98.35874498904288,2378.2096262114596,2617.279428454131,-6.327117628332837,0.0,2.9810094979274258,-3.346108130405411,1.0,4.298883332247206e-05,0.0,4.242640687119285,0.05797597758565555,0.0016806069885062173
1689,75.02581915405786,0.041366518789698686,-5.204170427930421e-18,1.4383840022602292,4.297395028434378,-6.938893903907228e-18,0.5063674448203173,1.5264737260937147,1.734723475976807e-15,67.70410730440844,197.19394183758897,4.5102810375396984e-17,13.70013245899607,43.41454806466168,-4.85722573273506e-17,22.302160358459254,70.94206605698707,1.6601196102561049,2291.9230729434257,93.84681469701884,2387.430007250701,2615.571138244416,-6.321591093584393,0.0,-0.3604019578323073,-6.6819930514167005,1.0,4.298883332247206e-05,0.0,4.242640687119285,0.05797597758565555,0.0016806069885062173
1695,75.28041292190451,0.04325963558534176,1.3877787807814457e-17,1.3993104444931401,4.176077484412104,1.734723475976807e-18,0.6040953243336581,1.909208711279072,-8.881784197001252e-16,67.9161391054412,197.95810596253114,8.326672684688674e-17,13.336690216963254,41.441462971723894,-5.898059818321144e-17,21.746962147763007,67.7151127540127,1.638395232662811,2306.300975494819,88.93365297162167,2396.873023699103,2613.49787458791,-6.296920227206122,0.0,-1.5678577175687074,-7.86477794477483,1.0,4.2713292981041306e-05,0.0,4.242640687119285,0.057223431875702245,0.001637260577816568
1700,75.50265043586819,0.04531739476316072,-6.938893903907228e-18,1.3678369542478155,4.022505363423405,-6.938893903907228e-18,0.625542922991052,1.876951979669634,4.3021142204224816e-16,68.10066746457998,198.59079783405437,3.469446951953614e-17,12.981572461330229,39.36050334597149,1.249000902703301e-16,21.18410549056246,64.10556325221725,1.6191453882393252,2318.850454560651,84.26061178438367,2404.7302117332742,2610.157731385182,-6.298529138879506,0.0,-8.453283762467498,-14.751812901347005,1.0,4.23667493484892e-05,0.0,4.242640687119285,0.056370873059848114,0.001588837664764755
1706,75.78626618306619,0.048874946412719826,-1.3877787807814457e-17,1.3222093904518195,3.7214560071214984,0.0,0.5581524661704517,1.5304711405609859,3.920475055707584e-16,68.33535224539604,199.35294812578744,-4.85722573273506e-17,12.46264716773383,36.550552315296066,8.500145032286355e-17,20.296178575745085,59.3626142246306,1.5484709188069345,2334.860183251176,77.65878721371202,2414.0674413836946,2602.948642087611,-6.254865872912846,0.0,-18.870675604458754,-25.1255414773716,1.0,4.23667493484892e-05,0.0,4.242640687119285,0.056370873059848114,0.001588837664764755
1711,76.0287328858031,0.04830770806657325,-6.938893903907228e-18,1.2720488983621994,3.593646652255928,5.204170427930421e-18,0.5375666115072409,1.6816872496265585,1.6757428777935957e-15,68.5347602068563,199.95202765292328,1.3877787807814457e-17,11.986198897011308,34.50586964938874,6.938893903907228e-18,19.45297638778615,56.10810265148343,1.4640266988804032,2348.5066783056473,71.83448199935752,2421.8051870038853,2595.8126073960593,-6.247684633952149,0.0,-22.894260903656654,-29.141945537608805,1.0,4.1938245276576445e-05,0.0,4.242640687119285,0.055351827725404,0.0015319124162714013
1716,76.27024589455738,0.04830354035409818,-1.734723475976807e-18,1.2249787221338717,3.604465987834228,-3.469446951953614e-18,0.5129536319578483,1.8397330008615373,3.191891195797325e-16,68.73235872013343,200.4687236252101,-4.85722573273506e-17,11.525113618690709,34.02677401971185,1.3877787807814457e-17,18.670434703477532,55.08053170738994,1.383816749590952,2362.068567616551,66.41412196186502,2429.866506328007,2590.3986139344124,-6.200606083315666,0.0,-15.979606921443157,-22.180213004758823,1.0,4.1938245276576445e-05,0.0,4.242640687119285,0.055351827725404,0.0015319124162714013
1721,76.5108126089447,0.047908738708697426,-5.204170427930421e-18,1.1947853067333372,3.6253121162118878,0.0,0.5282661617018672,1.8909390973832625,1.3183898417423734e-16,68.92838494277309,200.87097006781426,-1.3877787807814457e-17,11.091730033473384,33.41900384959071,3.9898639947466563e-17,17.983929869622127,54.12897376463789,1.353360770297824,2375.5611254095534,61.51323756772774,2438.427723747579,2587.264829375288,-6.190298529872455,0.0,-6.647456878029587,-12.83775540790204,1.0,4.146192513440701e-05,0.0,4.242640687119285,0.05444870524394001,0.00148233075137073
1727,76.79586145335655,0.04732510705789205,-1.734723475976807e-18,1.1677816296166257,3.643679857386074,3.469446951953614e-18,0.5310859679476265,1.7879741292467783,-1.6653345369377348e-16,69.16028432503046,201.24023500143022,2.7755575615628914e-17,10.568468003098921,32.46833690585943,-6.938893903907228e-17,17.170765452702216,52.90047174556398,1.3281833267969736,2391.5724639595264,55.84625796626284,2448.746905252586,2584.1986635014114,-6.138034260615065,0.0,-4.454555152658474,-10.59258941327354,1.0,4.146192513440701e-05,0.0,4.242640687119285,0.05444870524394001,0.00148233075137073
1732,77.03387052146186,0.047979535601539836,-3.469446951953614e-18,1.126153244446873,3.6194938239012346,8.673617379884035e-18,0.533746437945365,1.7634211821052932,2.3349377986647823e-15,69.35388682462512,201.52360601907873,-1.3877787807814457e-17,10.068047238752149,31.33749198647116,-2.6020852139652106e-17,16.334961954263896,51.17080017857515,1.2566077244546547,2404.980808841455,50.682787600872395,2456.9202041667822,2579.6473569204118,-6.111070743452734,0.0,-12.827550736245716,-18.938621479698448,1.0,4.0956923182069594e-05,0.0,4.242640687119285,0.05360681788410759,0.0014368454618299386
1737,77.27949970829836,0.050060316652051726,0.0,1.0608057546582306,3.488269828602482,3.469446951953614e-18,0.556393156148043,1.9867268212217541,7.979727989493313e-17,69.55409265841003,201.78535187560368,1.0408340855860843e-17,9.480152464753985,29.86872757463791,8.673617379884035e-18,15.298136079679681,48.6388851073206,1.1367911399472894,2418.8859027673434,44.93664537749053,2464.9593392847814,2573.0848858906193,-6.068243531504725,0.0,-20.439224932954374,-26.5074684644591,1.0,4.0956923182069594e-05,0.0,4.242640687119285,0.05360681788410759,0.0014368454618299386
1742,77.53849201033584,0.053017051700139886,1.734723475976807e-18,0.9932408470114014,3.299217591283189,3.469446951953614e-18,0.5115819110153367,2.101911412866132,9.298117831235686e-16,69.76583015333013,201.97837618165445,-3.469446951953614e-18,8.842714901450728,27.881133218597455,-4.423544863740858e-17,14.21526229771995,45.14293572684948,0.9966135713134725,2433.6355284916526,39.09680341416937,2473.7289454771353,2567.3856430834094,-6.039356368885962,0.0,-15.802026173628793,-21.841382542514754,1.0,4.043799002859858e-05,0.0,4.242640687119285,0.05282259984071365,0.001395113526966081
1746,77.75690541633557,0.05557484138058755,-3.469446951953614e-18,0.95023783914335,3.1291625126890583,-1.734723475976807e-18,0.49765358804842014,2.0005317643026475,5.898059818321144e-16,69.94483252125099,202.19779161742207,-3.122502256758253e-17,8.328180501271206,26.08108087091399,8.673617379884035e-18,13.424245348508837,42.191506195269,0.9147594388489473,2446.1397982129242,34.67929523087695,2481.7338528826504,2565.0699461713066,-5.9977822150456905,0.0,-4.5279938287247905,-10.525776043770481,1.0,4.043799002859858e-05,0.0,4.242640687119285,0.05282259984071365,0.001395113526966081
1751,78.0461148077146,0.059586073823772186,8.673617379884035e-18,0.8922504390131496,2.878746686282249,5.204170427930421e-18,0.5687876284286583,1.8890388613704039,-1.1483869410966463e-15,70.18180071550526,203.2605464232994,6.938893903907228e-18,7.625269705612859,23.65480670425957,2.6020852139652106e-17,12.370765647856455,38.49152383587065,0.8322340132959404,2462.7425758354466,29.072369041668605,2492.647178890411,2563.03922546491,-5.988361340335863,0.0,-0.9706923550085178,-6.95905369534438,1.0,3.9925129179559744e-05,0.0,4.242640687119285,0.05215004282186434,0.0013598134831611423
1755,78.29712853325736,0.0650323046166744,3.469446951953614e-18,0.8153077730605226,2.5987759925810705,-6.938893903907228e-18,0.6585708643873079,2.10209726615237,9.08995101411847e-16,70.38746329741728,204.1282927010245,-2.7755575615628914e-17,6.927341178043616,21.73987422238703,3.122502256758253e-17,11.214749088753104,35.52417440322979,0.7345612818500988,2477.1974947226327,23.994027898509348,2501.926083902992,2559.878173024898,-5.93620313173624,0.0,-6.493993765232403,-12.430196896968642,1.0,3.9925129179559744e-05,0.0,4.242640687119285,0.05215004282186434,0.0013598134831611423
1758,78.50484518751962,0.07163420027866918,6.938893903907228e-18,0.7418359007752071,2.320510298599325,0.0,0.6774801174940692,2.3397165583100406,2.498001805406602e-16,70.55767503215338,204.7909409627724,-6.938893903907228e-18,6.324274316290641,20.07145316103141,-6.938893903907228e-18,10.169395800266575,32.463888888345544,0.6299664583399585,2489.1927529714803,19.998222813846724,2509.8209422436667,2557.7416500119834,-5.945356728508982,0.0,-4.151039339980559,-10.096396068489542,1.0,3.9925129179559744e-05,0.0,4.242640687119285,0.05215004282186434,0.0013598134831611423
1762,78.82237822390478,0.08450394167968531,-3.469446951953614e-18,0.660993340323768,2.0040008638884106,6.938893903907228e-18,0.5691278939729495,2.1352892121639897,5.898059818321144e-16,70.81765466973381,205.69772468999787,3.469446951953614e-18,5.529464051933628,17.77001792802563,8.673617379884035e-18,8.870230630012426,28.330712685890525,0.48455756047777243,2507.5701064608347,15.287486350813126,2523.3421503721256,2559.8735044089335,-5.920534338886285,0.0,12.68185389656808,6.761319557681795,1.0,3.941988404705954e-05,0.0,4.242640687119285,0.05149590028472045,0.001325913873066936
1765,79.08901926495159,0.09099194043285112,1.734723475976807e-18,0.6348814668324205,1.923190050304104,-5.204170427930421e-18,0.5291709758917521,1.7058401232863374,-9.228728892196614e-16,71.03454197830698,206.36876384031717,6.938893903907228e-18,5.037801947202622,16.165865957263605,-2.42861286636753e-17,8.128482397707062,25.79589117499151,0.43522815957067296,2522.953077033928,12.689724229619262,2536.0780294231176,2566.6072546969926,-5.904780034258307,0.0,31.15560880283159,25.250828768573285,1.0,3.941988404705954e-05,0.0,4.242640687119285,0.05149590028472045,0.001325913873066936
1767,79.27783197498846,0.09563249801960635,-3.469446951953614e-18,0.6308339171451557,1.8559237847403058,3.469446951953614e-18,0.5726286302818718,1.9484493666117275,8.222589276130066e-16,71.18697595605616,206.80228771176414,0.0,4.781337186497742,15.154661556458809,1.5612511283791264e-17,7.718073913469898,24.333189818239354,0.4326472967361096,2533.792772884058,11.430592645493071,2545.656012826287,2573.1701450039022,-5.923076043175967,0.0,40.77800349328141,34.85492745010544,1.0,3.941988404705954e-05,0.0,4.242640687119285,0.05149590028472045,0.001325913873066936
1770,79.56267889644339,0.09271387987932839,-6.938893903907228e-18,0.6425861734772047,1.915620511151458,0.0,0.6217757801396765,1.9416529844177637,1.0408340855860843e-15,71.41564927237177,207.51998685915993,-4.5102810375396984e-17,4.587112339645948,13.846133114924953,1.0408340855860843e-17,7.365919475396453,22.371586113568632,0.4370162226469816,2550.0974804972066,10.520799808266062,2561.0552965281195,2586.2254241602523,-5.944535741336764,0.0,51.87831677260689,45.93378103127012,1.0,3.893392037616164e-05,0.0,4.242640687119285,0.05092846360341338,0.0012968542025021007
1773,79.82251381833554,0.08393885976705488,-6.938893903907228e-18,0.6832015106707882,2.0553946667876533,-5.204170427930421e-18,0.5551754672298205,1.947265206564028,-7.008282842946301e-16,71.6235340293839,208.1201188714032,-2.0816681711721685e-17,4.654732771904053,14.993315675602355,-1.3877787807814457e-17,7.450717831193202,23.68452087040367,0.43926662879190825,2564.9653134291566,10.833268588918791,2576.237848646867,2602.0596802098025,-5.898285707922175,0.0,66.86574388921247,60.96745818129029,1.0,3.893392037616164e-05,0.0,4.242640687119285,0.05092846360341338,0.0012968542025021007
1776,80.06044642982172,0.07707184778514678,-3.469446951953614e-18,0.7452676106292614,2.1949035779033013,-1.734723475976807e-18,0.5057664641029446,1.8786818600481863,-6.938893903907228e-16,71.81309314621173,208.61916504517114,-3.469446951953614e-17,4.883908182212244,16.004564658293,-7.632783294297951e-17,7.795703503049334,24.786242048959892,0.4739293996027959,2578.5601736132407,11.926279566139854,2590.960382578983,2619.295370284136,-5.924358097753685,0.0,78.39782684814455,72.47346875039086,1.0,3.893392037616164e-05,0.0,4.242640687119285,0.05092846360341338,0.0012968542025021007
1779,80.27864919143744,0.07061632495901407,1.734723475976807e-18,0.8132967359175246,2.3665757382694252,-5.204170427930421e-18,0.49092859574094416,1.7124471733985702,5.689893001203927e-16,71.98641625369018,209.01731434943898,-3.469446951953614e-18,5.184598972376904,17.120688526375936,-6.245004513516506e-17,8.260077201140486,26.4196731579011,0.5289854041892001,2591.022062524775,13.440033252185822,2604.99108118115,2636.8529107829117,-5.948553853397889,0.0,86.45200771371138,80.5034538603135,1.0,3.893392037616164e-05,0.0,4.242640687119285,0.05092846360341338,0.0012968542025021007
1783,80.54268585823786,0.06356601383862945,1.734723475976807e-18,0.8962587525913498,2.5998158080133864,1.734723475976807e-18,0.47367366358043794,1.5108451808519114,-2.3592239273284576e-16,72.19622592157877,209.39137192582322,-1.0408340855860843e-16,5.604663133617904,18.722474436800667,-6.938893903907228e-18,8.928360117814178,29.33335283744712,0.6061582795485378,2606.147518659821,15.706124420667834,2622.4598013600375,2659.689141666917,-5.92488087324665,0.0,92.44939130410827,86.52451043086162,1.0,3.8496629493599166e-05,0.0,4.242640687119285,0.05058039931300983,0.0012791883973317627
1787,80.7853703831722,0.059263358671708864,5.204170427930421e-18,0.9665460809401282,2.7629023707170717,3.469446951953614e-18,0.4622733737328854,1.4610280591354248,5.655198531684391e-16,72.38958068318784,209.6467762581841,-4.5102810375396984e-17,5.992319426387521,20.024356093309876,-3.469446951953614e-17,9.55696904414094,31.727138035502033,0.6792800249552333,2620.1256957438814,17.953946053930633,2638.7589218227677,2681.3734953505777,-5.93454635671399,0.0,95.32562518295332,89.39107882623932,1.0,3.8496629493599166e-05,0.0,4.242640687119285,0.05058039931300983,0.0012791883973317627
1791,81.01634737224664,0.05700864004267736,1.734723475976807e-18,1.0285718255444825,2.854671606459616,1.734723475976807e-18,0.4114286828922815,1.4313897632031716,5.967448757360216e-16,72.57433788226204,209.85851910625772,-3.122502256758253e-17,6.323477257550224,20.78735144273236,-6.245004513516506e-17,10.100830771971939,32.82921804119736,0.7353350948835823,2633.517259524367,19.99318231337745,2654.2457769326284,2701.7861904626893,-5.943978545877461,0.0,94.35413895222194,88.41016040634449,1.0,3.8115277555105435e-05,0.0,4.242640687119285,0.05034842238398442,0.0012674818182780516
1796,81.29595562100305,0.05525135768934036,-3.469446951953614e-18,1.0921238042799115,2.957506339901867,-5.204170427930421e-18,0.4471550879224834,1.5484799008181396,2.0816681711721685e-16,72.79931958874857,210.33701929650374,2.7755575615628914e-17,6.63226306702345,21.21180379780857,-2.0816681711721685e-17,10.58168864242005,33.10035995777528,0.8114427950539147,2649.8704662923756,21.993456695101646,2672.675365782531,2724.9012987994156,-5.923137637013398,0.0,88.64604090271196,82.72290326569856,1.0,3.8115277555105435e-05,0.0,4.242640687119285,0.05034842238398442,0.0012674818182780516
1800,81.51380354547737,0.05400901422660712,3.469446951953614e-18,1.1299218139277145,3.0432914996402207,0.0,0.46340505564954676,1.4866387609716438,-1.0130785099704553e-15,72.97570119248287,210.95507755257233,2.42861286636753e-17,6.797209760577703,21.422066099342064,-1.3877787807814457e-17,10.824880942692008,33.34085000125977,0.8599761961885852,2662.726482267273,23.101030264646393,2686.687488728108,2741.426591797088,-5.9447405837162215,0.0,81.86287565809597,75.91813507437975,1.0,3.7782757168766554e-05,0.0,4.242640687119285,0.05014794622418101,0.0012574082552516755
1805,81.78051082194212,0.05302884550823735,-6.938893903907228e-18,1.1628521612145846,3.1126740182448613,5.204170427930421e-18,0.4054673400090374,1.4104404814820382,7.4593109467002705e-16,73.1932503450372,211.79696903767467,-1.457167719820518e-16,6.920683756336984,21.614886261387404,6.938893903907228e-18,11.013901680884707,33.91121434642315,0.890362452342638,2678.625948035643,23.94793182761328,2703.464242315599,2760.1648023069847,-5.913034157235689,0.0,76.21487270252332,70.30183854528764,1.0,3.7782757168766554e-05,0.0,4.242640687119285,0.05014794622418101,0.0012574082552516755
1810,82.04585310523045,0.05327597182877754,6.938893903907228e-18,1.1779141084290259,3.1264006250698806,1.734723475976807e-18,0.4309649874428365,1.5709515142596966,1.457167719820518e-15,73.4108725151202,212.7309069370366,-5.551115123125783e-17,6.954301466036701,21.564190763751295,-5.551115123125783e-17,11.056561980629741,34.2087897004713,0.9150324830467433,2694.578101715616,24.181154440260098,2719.6742886389225,2776.86228504369,-5.934631406657558,0.0,68.90705952196735,62.972428115309796,1.0,3.749178544733341e-05,0.0,4.242640687119285,0.049967461869713944,0.0012483736228506583
1814,82.2614972069482,0.05437874361165503,-1.734723475976807e-18,1.1772586755291192,3.1098257130475884,5.204170427930421e-18,0.46421665644862437,1.739843725805931,-1.1657341758564144e-15,73.58828479763,213.4264971301514,2.0816681711721685e-17,6.916659015798722,21.245270885252562,1.5959455978986625e-16,10.977325827158813,33.90125835891058,0.9280272312294086,2707.61782972855,23.92008597041487,2732.465942930194,2788.9214831258237,-5.9082106000977115,0.0,61.88722666891323,55.97901606881552,1.0,3.749178544733341e-05,0.0,4.242640687119285,0.049967461869713944,0.0012483736228506583
1819,82.53949289591478,0.056488661936617786,-1.3877787807814457e-17,1.16961211405797,3.0721330030892138,5.204170427930421e-18,0.5669917817976711,2.2006932537558237,-2.8449465006019636e-16,73.81731845421032,214.24543896370935,-2.42861286636753e-17,6.816381105211081,20.47210050729786,6.938893903907228e-18,10.792118933603668,32.721447847714174,0.9729816343006044,2724.4982518851502,23.231525685739317,2748.70275920519,2803.3811392817315,-5.928641755134473,0.0,58.00228138218458,52.073639627050106,1.0,3.749178544733341e-05,0.0,4.242640687119285,0.049967461869713944,0.0012483736228506583
1823,82.77035047898562,0.05843378910008078,-1.0408340855860843e-17,1.1636353563593114,3.0378943978694104,-3.469446951953614e-18,0.5961242367544761,2.2075560191662564,-1.2108369862318114e-15,74.00791465401315,215.02568450860483,-2.0816681711721685e-17,6.722769348572196,19.60940569726232,6.938893903907228e-18,10.651371374495897,31.274702777178145,1.0106795982041672,2738.585715717847,22.597813857050916,2762.194209173102,2815.423985312659,-5.920000198414911,0.0,58.10707359494835,52.18707339653344,1.0,3.723624943137593e-05,0.0,4.242640687119285,0.049804252315993176,0.0012402317743775558
1827,83.00929921518727,0.060637457497466074,-6.938893903907228e-18,1.1474527401784296,3.0006353427595527,6.938893903907228e-18,0.5294699425257167,1.724251739091108,-3.2612801348363973e-16,74.20529725226918,215.82413971676905,-1.734723475976807e-17,6.605584687121054,18.652856491266295,1.6653345369377348e-16,10.464344893152404,29.705304630585857,1.0103885376678319,2753.213070148813,21.81687452936408,2776.0403332158453,2827.4228865367777,-5.9306634306686075,0.0,56.16520221943667,50.23453878876806,1.0,3.723624943137593e-05,0.0,4.242640687119285,0.049804252315993176,0.0012402317743775558
1831,83.2604135379917,0.06430841563534752,1.3877787807814457e-17,1.1099975236206339,2.942695255795866,-3.469446951953614e-18,0.49674643215317876,1.666434300090656,-2.220446049250313e-16,74.41236830477389,216.6190011648692,0.0,6.441998192501591,18.063325335144498,2.7755575615628914e-17,10.129121732367047,28.661394409631356,0.9891965775937368,2768.600278362658,20.74967035609688,2790.3391452963488,2838.790574561105,-5.94348947782152,0.0,51.29428627251209,45.35079679469057,1.0,3.701641340101354e-05,0.0,4.242640687119285,0.04969231427297803,0.001234663048902208
1835,83.52881539896399,0.06860138864147695,5.204170427930421e-18,1.0667286614049336,2.8840375820929514,0.0,0.482501894892062,1.7161983833152414,-1.4224732503009818e-15,74.63304148426437,217.34312663416245,6.938893903907228e-18,6.284982545310979,17.721244110172332,-5.551115123125783e-17,9.794510269748088,28.30627453267236,0.9709781224826077,2785.045440595962,19.750502797431828,2805.766921515876,2851.419180797843,-5.941098669639464,0.0,53.07000455274923,47.128905883109766,1.0,3.701641340101354e-05,0.0,4.242640687119285,0.04969231427297803,0.001234663048902208
1839,83.81033890291363,0.07021293836132755,-1.0408340855860843e-17,1.0438810091765849,2.841155523221971,1.0408340855860843e-17,0.5150665555122268,1.5350935270129535,5.134781488891349e-16,74.86381305039858,217.92351214001994,2.7755575615628914e-17,6.223201171400789,17.353706931151976,1.734723475976807e-17,9.709972009485636,27.291033505765014,1.0024960941284582,2802.2952522225146,19.36411640986207,2822.6618647265054,2867.4825413711155,-5.967713304093662,0.0,63.02122720739502,57.05351390330136,1.0,3.701641340101354e-05,0.0,4.242640687119285,0.04969231427297803,0.001234663048902208
1842,84.01743907245327,0.06843415933703416,-1.214306433183765e-17,1.0340629632843987,2.805501326738964,-1.734723475976807e-18,0.5361024818330715,1.652111100405677,-1.1449174941446927e-16,75.03331418221897,218.27433905116044,5.204170427930421e-17,6.229569384501633,18.148927767246107,3.469446951953614e-17,9.767305326320256,27.81709416223452,1.0333857600622391,2814.9991185837916,19.403767358160025,2835.436271702014,2880.5981074613164,-5.973412894702376,0.0,69.28794622628841,63.314533331586034,1.0,3.683686463829929e-05,0.0,4.242640687119285,0.049661199698861035,0.0012331173777650776
1846,84.28665599420943,0.06661136620992282,-5.204170427930421e-18,1.0059514785548274,2.7723706101745793,0.0,0.5198653942869376,1.7304861889747871,2.8449465006019636e-16,75.2534394830835,218.67597797627928,-6.938893903907228e-17,6.246874102472958,19.210803593707425,-3.5561831257524545e-17,9.819237090895285,29.674103811136526,1.0201535868722456,2831.5400770170545,19.51171802607366,2852.0719486300004,2897.6163692588216,-5.988814376861399,0.0,69.24052430252868,63.251709925667285,1.0,3.683686463829929e-05,0.0,4.242640687119285,0.049661199698861035,0.0012331173777650776
1850,84.55238456003929,0.06652086568626026,-3.469446951953614e-18,0.9629961531643705,2.792252289390556,0.0,0.5040020780184994,1.470760717141107,-1.6028844918025698e-15,75.47065416782513,219.10510066208977,1.0408340855860843e-17,6.271589092481789,19.610275688439764,5.0306980803327406e-17,9.835481317719948,30.03533681111267,0.9635909060583011,2847.9098202597297,19.666414872468273,2868.5398260382563,2914.325147953554,-6.017566586312816,0.0,68.973054866939,62.95548828062618,1.0,3.671515126668804e-05,0.0,4.242640687119285,0.04980549251653914,0.0012402935424075182
1853,84.7522668483225,0.06661588475240755,6.938893903907228e-18,0.9368047508122761,2.8163360036492606,0.0,0.4661177734131618,1.469808427117206,-6.938893903907228e-17,75.63416022075312,219.36919656864515,0.0,6.32665421558374,19.73587262650228,3.2959746043559335e-17,9.92811650487877,30.137625117729762,0.9197074681187188,2860.2630961492764,20.013276781781748,2881.196080399177,2927.822581461259,-6.02313675757287,0.0,73.5990652608395,67.57592850326662,1.0,3.671515126668804e-05,0.0,4.242640687119285,0.04980549251653914,0.0012402935424075182
1857,85.01673661141464,0.0657097152485048,1.0408340855860843e-17,0.9191307313532343,2.876120457018871,-1.734723475976807e-18,0.44036509623771625,1.2213321068363765,-3.0531133177191805e-16,75.85049707178669,219.60330949315818,-1.734723475976807e-17,6.466697649265704,19.873255815757673,-5.551115123125783e-17,10.215880891843005,30.65127529152706,0.8913618609266822,2876.64895301856,20.909089243509285,2898.449404122996,2947.5368334135123,-6.049290587215736,0.0,80.60781538370972,74.55852479649398,1.0,3.671515126668804e-05,0.0,4.242640687119285,0.04980549251653914,0.0012402935424075182
1861,85.27784979872179,0.06524522809303022,-6.938893903907228e-18,0.9048087083665792,2.8888909252208803,-3.469446951953614e-18,0.5415937523897605,1.777865237141123,-8.777700788442644e-16,76.063910221292,219.74351162410963,-2.0816681711721685e-17,6.657186911738053,19.80219627737637,-4.5102810375396984e-17,10.603106700875996,30.940579410014358,0.8886794160481875,2892.8592190763843,22.159068788908215,2915.9069672813407,2968.4210214319924,-6.077319666227606,0.0,86.08587947836847,80.00855981214086,1.0,3.665448592253443e-05,0.0,4.242640687119285,0.05005363703647635,0.0012526832902896583
1865,85.54330956219657,0.06743348001037971,-1.734723475976807e-18,0.8751370773027046,2.774465600874307,-1.734723475976807e-18,0.6440325904059315,2.292002285897639,-3.95516952522712e-16,76.28088197206296,220.17531124656603,1.0408340855860843e-17,6.885783392315736,19.3163694730524,3.469446951953614e-18,11.035584661455443,30.256238855362874,0.8591537913320147,2909.3864772178995,23.707006462945603,2933.9526374721772,2990.5413587165635,-6.101685259386361,0.0,89.48900482739265,83.38731956800629,1.0,3.665448592253443e-05,0.0,4.242640687119285,0.05005363703647635,0.0012526832902896583
1868,85.75225128129468,0.070869647096126,1.734723475976807e-18,0.8477963082824972,2.624059722727688,1.734723475976807e-18,0.633767455766655,2.341394333020885,1.124100812432971e-15,76.45184213785896,220.7624246110265,1.0408340855860843e-17,7.098865841993575,19.303594779250805,-2.0816681711721685e-17,11.418974570279138,30.32245111596632,0.8065591981452662,2922.442083136053,25.196948121311575,2948.44559045551,3008.848643240726,-6.132247516086855,0.0,93.81965573090255,87.6874082148157,1.0,3.665448592253443e-05,0.0,4.242640687119285,0.05005363703647635,0.0012526832902896583
1872,86.04762389527853,0.07539267575693535,0.0,0.8255750813215661,2.4435008611742046,-1.734723475976807e-18,0.5535299093504876,2.3070267246402354,3.174543961037557e-15,76.6934381963047,221.67147081650242,3.469446951953614e-18,7.468116387099299,20.20684031635317,9.540979117872439e-18,12.057136202089278,33.10039558580357,0.7492631665669003,2940.941731185204,27.886381185630533,2969.577375537401,3036.7148807398794,-6.168585670182997,0.0,100.58062561963848,94.41203994945549,1.0,3.666732102300696e-05,0.0,4.242640687119285,0.05047410597017187,0.00127381768674407
1875,86.27530522765849,0.0757547633495055,-3.469446951953614e-18,0.8249755840145796,2.3395543828925107,-5.204170427930421e-18,0.5329006341066501,2.39093735246796,1.8735013540549517e-16,76.87894563125604,222.4916877292408,3.469446951953614e-18,7.815008016495288,21.67959488790365,-2.3418766925686896e-17,12.64493712022819,35.37788228836156,0.747359150679227,2955.186140686812,30.5371751489428,2986.470674986434,3060.1793475244986,-6.2091055347415836,0.0,109.34144455524951,103.13233902050793,1.0,3.666732102300696e-05,0.0,4.242640687119285,0.05047410597017187,0.00127381768674407
1878,86.50110340439042,0.07502911116577933,-1.734723475976807e-18,0.8340494536540014,2.404816027402009,1.734723475976807e-18,0.5891143460864433,2.575805789194529,-9.818534874028728e-16,77.06202819429231,223.26075481159188,-6.938893903907228e-18,8.216706461478537,23.372640447450284,-8.673617379884035e-19,13.323246576538805,38.01217171874226,0.7808164301570597,2969.2780947089514,33.75713253705157,3003.8160436761596,3085.5005790348096,-6.245877813153759,0.0,118.47188291568887,112.22600510253511,1.0,3.666732102300696e-05,0.0,4.242640687119285,0.05047410597017187,0.00127381768674407
1882,86.79359853322487,0.07120532067038465,-1.734723475976807e-18,0.8594333733554693,2.5577444723526392,6.938893903907228e-18,0.6685463349206894,2.7478816424683683,2.185751579730777e-16,77.29817914371186,224.17642099218773,-3.469446951953614e-18,8.823584968033426,26.51629136120296,2.688821387764051e-17,14.354616104017554,43.38907667237048,0.8464200135958648,2987.504249466686,38.92782584405271,3027.2784953243345,3121.841172111692,-6.29712746662146,0.0,130.6294625897708,124.33233512314935,1.0,3.6743376212533474e-05,0.0,4.242640687119285,0.05092837709908008,0.0012968497969730523
1886,87.05680768816998,0.06294539984167802,0.0,0.9044602539264452,2.7109346539087933,0.0,0.61573041098394,2.5819589023329055,-1.672273430841642e-15,77.50993842579929,224.90207416539738,6.938893903907228e-18,9.43448352298218,29.75436124882478,-1.474514954580286e-17,15.394487361714004,48.96765746134068,0.8957094321601076,3003.8952773855995,44.504739672711125,3049.2957264904703,3157.787831268274,-6.354307962228942,0.0,142.99669347244097,136.64238551021202,1.0,3.6743376212533474e-05,0.0,4.242640687119285,0.05092837709908008,0.0012968497969730523
1890,87.29390121322507,0.05733676979358617,5.204170427930421e-18,0.9620472594158251,3.0097320345446343,-1.734723475976807e-18,0.5670480477812716,2.2989783889993047,2.498001805406602e-16,77.69995635337878,225.47364421955385,-1.734723475976807e-17,10.00006911774232,32.42471556680336,-1.734723475976807e-17,16.320626949133203,53.29980855595845,0.9659861792926614,3018.641608658484,50.00069117981184,3069.6082860175884,3191.5269504808484,-6.4012308290486954,0.0,148.8091462667736,142.4079154377249,1.0,3.685916213502252e-05,0.0,4.242640687119285,0.051308854490437865,0.0013162992745604628
1894,87.51293215602944,0.053336664196971285,-1.734723475976807e-18,1.0230225760934093,3.3304288501505255,-1.734723475976807e-18,0.5225047827190686,1.9787592911181924,-3.434752482434078e-16,77.87472833772993,225.9303616364853,1.3877787807814457e-17,10.515829920068008,34.62014020080385,-2.0816681711721685e-17,17.13118157634682,56.59169298398138,1.0451381724276274,3032.2366568376183,55.29133945389876,3088.5731344639444,3223.1033671123196,-6.464787112302093,0.0,150.77883016384433,144.31404305154223,1.0,3.685916213502252e-05,0.0,4.242640687119285,0.051308854490437865,0.0013162992745604628
1899,87.76782741794136,0.049559699611558934,5.204170427930421e-18,1.099288792553863,3.6672111423657565,-3.469446951953614e-18,0.4755215242071492,1.6895971854064342,-1.0581813203458523e-15,78.07742742701129,226.3596525299466,-1.0408340855860843e-17,11.115075264349283,37.011533618798055,2.7755575615628914e-17,18.0702886372378,60.16605315314878,1.1498784088525,3048.0423368101074,61.77244906607463,3110.964664285035,3260.9016528380425,-6.509772964385511,0.0,154.97293635887104,148.46316339448552,1.0,3.685916213502252e-05,0.0,4.242640687119285,0.051308854490437865,0.0013162992745604628
1904,88.0063024234154,0.04651412184012281,1.734723475976807e-18,1.1766639111852748,3.937550032723033,3.469446951953614e-18,0.49037760559538446,1.6437812600765302,-3.0531133177191805e-16,78.26670489555512,226.7880581157302,-3.469446951953614e-18,11.691606503274429,39.288013870385,-1.3877787807814457e-17,19.018848085960087,63.961597259373136,1.271923761436837,3062.8385476039557,68.34683131370444,3132.457302679097,3298.4676112723446,-6.572610038212994,0.0,164.2543993779506,157.6817893397376,1.0,3.6975963961363285e-05,0.0,4.242640687119285,0.051475070693562296,0.001324841451453618
1910,88.27455071526411,0.04353824505131203,3.469446951953614e-18,1.2679588612441424,4.197900173462971,-1.734723475976807e-18,0.433217388936335,1.42634348494889,-7.806255641895632e-16,78.47954052024083,227.1995050230288,7.979727989493313e-17,12.332574810549426,41.753917399466694,-4.85722573273506e-17,20.118317889489816,68.4066411291947,1.4000368634662759,3079.5191401340603,76.04620072889908,3156.9653777264257,3342.2931914250175,-6.62354839707298,0.0,170.13610025300972,163.51255185593675,1.0,3.7085838906792234e-05,0.0,4.242640687119285,0.051587416725415385,0.0013306307822008334
1916,88.52782444989289,0.041383509258908616,8.673617379884035e-18,1.3460608236605336,4.379053892235505,-5.204170427930421e-18,0.4446393088749721,1.5635074493201224,-2.7755575615628914e-16,78.68049865777272,227.5004425894365,2.7755575615628914e-17,12.859897365188683,43.494376111958914,-9.020562075079397e-17,20.984416633427138,71.3007818100002,1.5229597025816721,3095.310434517887,82.68848012159339,3179.5218743420623,3381.103704653873,-6.689330704342726,0.0,160.11308728107105,153.42375657672832,1.0,3.7085838906792234e-05,0.0,4.242640687119285,0.051587416725415385,0.0013306307822008334
1922,88.77094309890532,0.039993313587203816,-1.734723475976807e-18,1.4095798347839645,4.482038004646599,-5.204170427930421e-18,0.4791519267541976,1.6502206175435745,-2.258609965721803e-15,78.8736308550658,227.697256031229,7.979727989493313e-17,13.274661849874532,44.462431877934335,-6.938893903907228e-17,21.614991866407433,72.42675541024971,1.6281308540366712,3110.524822130593,88.10832361425716,3200.2612765988865,3414.5157260270553,-6.735023331107647,0.0,144.40327329967437,137.66824996856673,1.0,3.716815945124881e-05,0.0,4.242640687119285,0.051547084980143376,0.0013285509849750615
1928,89.00766284965326,0.0391239277785494,3.469446951953614e-18,1.4639832649179358,4.592349998576303,0.0,0.44426928793877746,1.4985635453017183,-6.800116025829084e-16,79.06213138986367,227.81677989579032,2.0816681711721685e-17,13.624875467312409,45.10464755325587,4.85722573273506e-17,22.157181305936387,73.13713573606877,1.7056396020556162,3125.410309954032,92.81861574988574,3219.9345653059736,3445.3071655803765,-6.781633420244199,0.0,137.0839609956932,130.302327575449,1.0,3.716815945124881e-05,0.0,4.242640687119285,0.051547084980143376,0.0013285509849750615
1935,89.27905832905174,0.03857808878667411,1.0408340855860843e-17,1.515411767537071,4.704904702462644,-3.469446951953614e-18,0.4559100596843382,1.706653988258222,-9.853229343548264e-16,79.27881665279105,228.39567698955773,-4.163336342344337e-17,13.974435335046417,45.840310841900916,2.7755575615628914e-17,22.740166054246416,74.65579501558524,1.7958433003553445,3142.565384933429,97.64242146669693,3242.003649700481,3479.2671622543476,-6.8240118988205,0.0,132.1654086869887,125.34139678816821,1.0,3.721406665957045e-05,0.0,4.242640687119285,0.051408235362851606,0.0013214033315611731
1941,89.51024705881296,0.03856253269999066,0.0,1.5467583867552928,4.715122736125395,6.938893903907228e-18,0.4882401958634655,1.7583108128627565,1.734723475976807e-16,79.46370858001775,228.9479788976314,-5.204170427930421e-17,14.202565387569758,46.22289217615105,5.551115123125783e-17,23.131583997252037,75.7857739156005,1.8650767489536122,3157.240490644993,100.85643179409725,3259.9619991880436,3505.287379102061,-6.860459201500163,0.0,119.63627175290688,112.77581255140672,1.0,3.7226749907837636e-05,0.0,4.242640687119285,0.05124226831727776,0.0013128850311499441
1948,89.78111733170722,0.03884631110830965,3.469446951953614e-18,1.571716695818128,4.671428154777766,-6.938893903907228e-18,0.5651672217697123,1.8049603045472657,3.226585665316861e-16,79.68082535822337,229.65399331011756,-7.632783294297951e-17,14.368420299824328,45.92116136449036,3.469446951953614e-17,23.403983767241446,75.43903375261496,1.9475734282263515,3174.5169648838464,103.2257509562019,3279.6902892682747,3530.8075833923476,-6.893230133244081,0.0,101.35450657219553,94.46127643895146,1.0,3.7226749907837636e-05,0.0,4.242640687119285,0.05124226831727776,0.0013128850311499441
1954,90.01663101571515,0.03961647285125835,3.469446951953614e-18,1.584917128418137,4.581608557657454,5.204170427930421e-18,0.5689233217605273,1.7208953943591199,1.9532986339498848e-15,79.87030903072458,230.311542794389,-4.85722573273506e-17,14.427941936909066,45.05290332167304,-1.942890293094024e-16,23.491786832715864,73.79695153076193,1.9954031274584125,3189.6331323317218,104.08275426740967,3295.7112897265897,3548.797337114316,-6.918468507737604,0.0,83.54445091074857,76.62598240301097,1.0,3.7197127567707445e-05,0.0,4.242640687119285,0.050969197619266146,0.0012989295529759028
1960,90.25803377427896,0.04063549857252688,6.938893903907228e-18,1.5827306637592136,4.408475297217661,1.734723475976807e-18,0.47410819871849885,1.5115598498117069,-1.4536982728685643e-15,80.0651164596437,231.1579241603551,3.469446951953614e-18,14.404062498353849,43.904864600007734,-1.3877787807814457e-17,23.430116931327408,71.79339815721308,1.9899560894561326,3205.2114368481543,103.73850822824184,3310.939901165852,3562.9004118363264,-6.94225915475145,0.0,65.61290502651961,58.670645871768166,1.0,3.711541461845522e-05,0.0,4.242640687119285,0.05057259378223969,0.001278793620931714
1966,90.50626747393831,0.04197589519383081,0.0,1.561810785983726,4.190506234769421,0.0,0.4339471818020864,1.3542184318564703,6.938893903907228e-18,80.26570218167305,232.0119838555633,7.28583859910259e-17,14.295169313927392,42.656382229812905,6.938893903907228e-17,23.217297064102535,69.95577361852666,1.9618457229759452,3221.2914733585167,102.17593285692564,3325.429251938418,3573.146763195295,-6.951312365429693,0.0,48.50207115943424,41.550758794004544,1.0,3.711541461845522e-05,0.0,4.242640687119285,0.05057259378223969,0.001278793620931714
1972,90.76400418345135,0.04368864788987245,0.0,1.5345661055180226,4.01448527419771,-5.204170427930421e-18,0.4578425915288936,1.3747640898798035,-2.8449465006019636e-16,80.47403322297073,232.80817037888625,8.326672684688674e-17,14.12807934330957,41.29765105556784,1.0408340855860843e-16,22.945855428335935,68.19613014755174,1.9418435946108503,3238.035011585898,99.80131296542527,3339.7781681459337,3581.7377970726448,-6.9661790185738255,0.0,40.546684563051414,33.58050554447759,1.0,3.698638365650402e-05,0.0,4.242640687119285,0.05013873219656881,0.0012569462331396227
1978,91.03206601453229,0.045306456516115784,1.734723475976807e-18,1.5085553593826222,4.141319228451391,6.938893903907228e-18,0.4820485360733778,1.3874187529565238,8.81239525796218e-16,80.69095397459505,233.53625860113024,-3.469446951953614e-17,13.90435690074885,39.68436918347556,-6.938893903907228e-17,22.627248466946874,65.9656908324707,1.9347506511002934,3255.5150266651067,96.66557041170107,3354.115347727908,3589.0188588995456,-6.972620646405008,0.0,34.33747167249225,27.36485102608724,1.0,3.698638365650402e-05,0.0,4.242640687119285,0.05013873219656881,0.0012569462331396227
1983,91.25463055443579,0.04406522889111598,0.0,1.4780687708610667,4.231748830557887,0.0,0.4804103839267246,1.677066946509758,-6.522560269672795e-16,80.87131036867281,234.11146170363818,-6.938893903907228e-18,13.642232120502312,38.05531518120161,3.122502256758253e-17,22.211141947971985,63.29218250449318,1.9016327442709375,3270.0844203731026,93.0552486148325,3365.041301732206,3591.2969535379384,-6.971688339253897,0.0,17.43846011605895,10.46677177680505,1.0,3.6805897430663905e-05,0.0,4.242640687119285,0.04961361124072826,0.0012307552101730587
1989,91.51695874696101,0.04366615904060723,-1.734723475976807e-18,1.419055139607033,4.179939988876484,0.0,0.45457789358471673,1.506881637828748,-1.9914625504213745e-15,81.08406736124681,234.76242323130836,-1.734723475976807e-17,13.22704036417111,37.89724950639875,6.418476861114186e-17,21.485920266362868,61.81426186711671,1.7906056314703218,3287.3129899216055,87.4772983977059,3376.580893950782,3588.702280165463,-6.974293897929377,0.0,-2.639142875989543,-9.61343677391892,1.0,3.6805897430663905e-05,0.0,4.242640687119285,0.04961361124072826,0.0012307552101730587
1995,91.78137533145363,0.044489387236058865,5.204170427930421e-18,1.3449231735764553,4.005747313448836,0.0,0.42676821530815884,1.2929379308875242,-9.610368056911511e-16,81.2986756506104,235.3826781858152,2.42861286636753e-17,12.750320419263282,37.350987491771505,8.153200337090993e-17,20.670761479810643,60.7993373587584,1.6343431857292468,3304.7373312715767,81.28533539694111,3387.6570098542475,3584.308047893099,-6.952104098381618,0.0,-9.414176204536886,-16.366280302918504,1.0,3.657307775769061e-05,0.0,4.242640687119285,0.04901388905591797,0.0012011806601929177
2000,92.00704111123208,0.04556541095508332,1.3877787807814457e-17,1.2864519025963728,3.846139795409755,0.0,0.42793855159080335,1.3351058509722236,-2.060851489460447e-15,81.48182926112341,235.87598001262594,5.898059818321144e-17,12.339930569137993,36.46931112276626,6.938893903907228e-18,20.032033068731902,59.17367218652584,1.5181851429445752,3319.6442498694323,76.13694322557315,3397.2993782379504,3581.782555657551,-6.956858175389831,0.0,-4.045139020932934,-11.001997196322765,1.0,3.630221889931134e-05,0.0,4.242640687119285,0.048439659478806206,0.0011732003052113498
2006,92.28452537927022,0.04671624568588587,-3.469446951953614e-18,1.2215251373577147,3.717751850031693,1.734723475976807e-18,0.46522990039313034,1.6055342599032378,1.249000902703301e-16,81.70702919719955,236.37229309170675,1.3877787807814457e-17,11.806574380505918,35.02434119338115,-3.122502256758253e-17,19.23115426635137,56.697146437182624,1.4017590103506117,3338.0193101160094,69.69759930120934,3409.1186684275694,3578.672337221154,-6.916548592532927,0.0,-4.120616658686429,-11.037165251219356,1.0,3.630221889931134e-05,0.0,4.242640687119285,0.048439659478806206,0.0011732003052113498
2011,92.52166860204093,0.04801720726318679,8.673617379884035e-18,1.1567322604891108,3.628879116924256,0.0,0.5337807760352047,1.7290907682962333,6.83481049534862e-16,81.89923894939753,236.71748013880818,2.42861286636753e-17,11.284099996932266,33.598589134836615,-1.214306433183765e-17,18.3940503544158,54.49891980317352,1.2921954708057493,3353.7426702452567,63.665456370383396,3418.700322086446,3573.717872335841,-6.914389611447815,0.0,-13.771331132633806,-20.68572074408162,1.0,3.599729545344195e-05,0.0,4.242640687119285,0.04784074575475861,0.0011443684771857267
2016,92.76908202413101,0.05070977784689797,-3.469446951953614e-18,1.0706391436211844,3.434453146709957,-8.673617379884035e-18,0.6042635514676166,1.9719972656580524,5.793976409762536e-16,82.09972514676484,237.01616142949516,0.0,10.68103481021526,32.00775475609473,-4.336808689942018e-17,17.383528305709934,52.16277452147541,1.1430205083655358,3370.182434587166,57.042252308515046,3428.3677074040465,3567.0004649285247,-6.875139059829568,0.0,-20.056425223172162,-26.93156428300173,1.0,3.599729545344195e-05,0.0,4.242640687119285,0.04784074575475861,0.0011443684771857267
2021,93.03594368415898,0.05540393618543823,1.734723475976807e-18,0.9720554671710261,3.1625923024372184,0.0,0.5763472918352447,1.8122457351463213,-5.030698080332741e-16,82.31598454619375,237.2778958175759,3.469446951953614e-18,10.019498367128186,30.339634498229056,0.0,16.296171917866502,49.35455703007253,0.9504945827151546,3387.960655904604,50.19517376444219,3439.1063242517616,3561.004107193902,-6.868699149011329,0.0,-15.424217674712926,-22.292916823724255,1.0,3.565982121224128e-05,0.0,4.242640687119285,0.04720604102017697,0.0011142051543993154
2025,93.26929216541988,0.060152943782794725,1.214306433183765e-17,0.8989499693295315,2.946453713016871,3.469446951953614e-18,0.5354309501796383,1.7764819910437764,-5.447031714567174e-16,82.50504791111227,237.45143421124513,1.0408340855860843e-17,9.459099280850445,28.727103579589823,8.673617379884035e-18,15.413252980422353,46.591777206406846,0.8127443911464138,3403.541465407465,44.737279602492684,3449.091489401104,3557.972228211991,-6.8249656913098375,0.0,-6.037439484991646,-12.862405176301483,1.0,3.565982121224128e-05,0.0,4.242640687119285,0.04720604102017697,0.0011142051543993154
2029,93.52252902003079,0.06527622657782876,-3.469446951953614e-18,0.8338556625932942,2.739673002844082,-1.734723475976807e-18,0.5477202015409222,1.633462854794677,4.128641872824801e-16,82.70963257470747,238.06568564788464,-2.7755575615628914e-17,8.862954365261693,26.95227600376336,-7.806255641895632e-18,14.488454338653453,43.673357935860096,0.712430841893974,3420.441660321555,39.27598004035565,3460.4300712038043,3556.3831847074366,-6.83309557245631,0.0,0.6707091566689265,-6.162386415787384,1.0,3.565982121224128e-05,0.0,4.242640687119285,0.04720604102017697,0.0011142051543993154
2033,93.79994678805497,0.07222871141662547,-5.204170427930421e-18,0.7633911865365244,2.449401345125887,0.0,0.6218270967975771,1.8099736277690657,-2.255140518769849e-16,82.93315746419188,238.90130020333456,2.0816681711721685e-17,8.204075120394904,25.0491634759953,-5.204170427930421e-18,13.432623932308283,40.724138467242334,0.6304450738786591,3438.9543034902235,33.653424290541324,3473.2381728546434,3555.6091512860266,-6.790124752208644,0.0,4.131862090983003,-2.658262661225641,1.0,3.529734509776036e-05,0.0,4.242640687119285,0.04657735495541136,0.0010847249973211918
2036,94.02980966068917,0.07832392684835714,1.0408340855860843e-17,0.7029948420857911,2.192913037805486,3.469446951953614e-18,0.6687159227329803,1.9065281317338085,6.938893903907228e-18,83.11816997433996,239.77461352443774,-1.0408340855860843e-17,7.660458724603026,23.457108034403976,-2.2551405187698492e-17,12.522153149307993,38.49326295803607,0.5649806317113693,3454.315089941634,29.341313935673305,3484.221384509019,3555.899864708268,-6.784093445035147,0.0,8.222764946930399,1.4386715018952518,1.0,3.529734509776036e-05,0.0,4.242640687119285,0.04657735495541136,0.0010847249973211918
2039,94.27602499375303,0.08417181983657566,1.734723475976807e-18,0.6534500038261691,2.2130762714424805,-3.469446951953614e-18,0.5980205148587557,1.9465540617366024,-7.147060721024445e-16,83.31630524829794,240.6780296053879,-3.469446951953614e-18,7.123303402964841,22.130332540434328,-2.6020852139652106e-17,11.623404906503676,36.036569649656826,0.4840738938609598,3470.8033601137786,25.37072568534524,3496.658159692985,3558.506841615874,-6.79592862922692,0.0,17.5223587948217,10.726430165594778,1.0,3.529734509776036e-05,0.0,4.242640687119285,0.04657735495541136,0.0010847249973211918
2042,94.53231643959714,0.0851632788284637,1.734723475976807e-18,0.6325050235549674,2.224042236341167,0.0,0.5086457116962385,1.8796729381002202,7.216449660063518e-16,83.52240278247125,241.57745998342713,1.3877787807814457e-17,6.654823876080882,20.714760306749127,1.474514954580286e-17,10.862393885447242,33.436453496315224,0.434875317289798,3487.9958832786797,22.143340410828085,3510.5740990067975,3564.5751716667282,-6.760511144388451,0.0,30.49696734822544,23.736456203836987,1.0,3.4908882325038226e-05,0.0,4.242640687119285,0.04590847009181487,0.00105379381308553
2045,94.7858287483189,0.08394622438035289,0.0,0.6372357635545509,2.224995133570915,3.469446951953614e-18,0.49731674582769203,1.7099962135190758,-1.1310397063368782e-15,83.72571445961191,242.4067943180804,-1.734723475976807e-17,6.2837794793031625,19.897718718213877,-6.071532165918825e-18,10.260313655440575,32.402697602700016,0.42897675420980685,3504.9976308862324,19.742942272255764,3525.169549912698,3573.3364819881194,-6.751473842302309,0.0,41.3633998791123,34.61192603680999,1.0,3.4908882325038226e-05,0.0,4.242640687119285,0.04590847009181487,0.00105379381308553
2048,95.03379883582133,0.08208640368338278,0.0,0.6568912921676379,2.2096405561382246,-3.469446951953614e-18,0.5160544970517001,1.5452338897620685,5.551115123125783e-17,83.92404553205249,243.1278322991556,-3.469446951953614e-18,6.000605886720073,19.345742145622882,5.551115123125783e-17,9.766158668917972,31.659732854887434,0.44033756366411647,3521.62270923301,18.00363550386979,3540.066682300544,3583.8223386939635,-6.767972896784607,0.0,49.164432534917495,42.39645963813289,1.0,3.4908882325038226e-05,0.0,4.242640687119285,0.04590847009181487,0.00105379381308553
2051,95.27647034792587,0.07996650156673764,0.0,0.6921532363797581,2.174617357354254,-3.469446951953614e-18,0.5352765150242378,1.5028794898232618,6.418476861114186e-16,84.11793554333681,243.72877473131098,1.3877787807814457e-17,5.826492867982126,18.629028050660207,-1.3877787807814457e-17,9.432383420951052,30.392841625329545,0.46505565704342605,3537.913540036484,16.97400957032329,3555.352605263851,3596.348476224128,-6.7603438901573245,0.0,58.48577665149992,51.725432761342596,1.0,3.452495314902978e-05,0.0,4.242640687119285,0.04540492631590484,0.001030803666876374
2054,95.50659068530489,0.07510654931449824,0.0,0.7425364378965932,2.2413778408013956,8.673617379884035e-18,0.49754568376572383,1.6236654924016305,1.1379786002407855e-15,84.30166120718299,244.19712570428075,-1.734723475976807e-17,5.783102124355995,18.05668701989278,1.734723475976807e-17,9.338695471549622,29.237748946868457,0.4905673792729228,3553.3850411453304,16.72213509036541,3570.5977436149687,3610.8669116451265,-6.727435755440251,0.0,69.85965526411515,63.13221950867489,1.0,3.452495314902978e-05,0.0,4.242640687119285,0.04540492631590484,0.001030803666876374
2058,95.79159404136345,0.06902402349738665,5.204170427930421e-18,0.818435175588988,2.369417523597196,-1.734723475976807e-18,0.5034934166700902,1.8077432875683823,-3.95516952522712e-16,84.52859588462378,244.6308498582833,-3.8163916471489756e-17,5.86649049664245,18.758155455202516,-2.42861286636753e-17,9.445240282383583,30.00986540910237,0.5523049723567236,3572.5417611130188,17.207855373598083,3590.3019214589735,3631.5971691104014,-6.74637537512722,0.0,79.53368157553251,72.7873062004053,1.0,3.452495314902978e-05,0.0,4.242640687119285,0.04540492631590484,0.001030803666876374
2062,96.05479966441922,0.0640441211715479,-1.3877787807814457e-17,0.8969069177307412,2.4730320537711803,-8.673617379884035e-18,0.5328050913873893,1.9248601357975532,-4.3021142204224816e-16,84.73772455168387,244.9926180680446,6.245004513516506e-17,6.04298875597736,19.502108855023405,-4.163336342344337e-17,9.69085577835932,31.192516109863455,0.6305464174363365,3590.2409810985228,18.258856552434395,3609.1303840683936,3652.745665764408,-6.7323862664992316,0.0,87.1479478037476,80.41556153724837,1.0,3.4172547886523826e-05,0.0,4.242640687119285,0.04508537382373746,0.0010163454664130754
2066,96.30177698621222,0.060556138254910984,1.734723475976807e-18,0.972598448349891,2.582840895042729,5.204170427930421e-18,0.5177563724359382,1.838137093855121,1.672273430841642e-15,84.93378579077056,245.26003404910523,-2.42861286636753e-17,6.278624699960424,20.02102726979085,3.469446951953614e-17,10.047734479311286,31.919804453568993,0.700015825457629,3606.8739843762487,19.710564061476553,3627.284564263183,3674.2535097296795,-6.715839083612724,0.0,93.83947324137294,87.12363415776022,1.0,3.4172547886523826e-05,0.0,4.242640687119285,0.04508537382373746,0.0010163454664130754
2070,96.53855596114995,0.05855167663543685,1.734723475976807e-18,1.0397799059515151,2.808109354524347,5.204170427930421e-18,0.5169811715086713,1.9389044719158595,-1.2281842209915794e-15,85.12146293785675,245.43196757505817,3.8163916471489756e-17,6.533719898291381,20.431924198011888,4.85722573273506e-17,10.43591160726319,32.5392640344319,0.7694201942195673,3622.8317263404588,21.344747854664366,3644.945894389343,3695.695870034152,-6.733697344240191,0.0,97.33260497801487,90.59890763377467,1.0,3.386038570316264e-05,0.0,4.242640687119285,0.04486744342969575,0.0010065437399584742
2074,96.77032610882858,0.05767818432563603,3.469446951953614e-18,1.1005389768175708,2.9894981089818655,-8.673617379884035e-18,0.5376775640196925,2.0774116087969725,6.522560269672795e-16,85.30501916254855,245.54020225620368,5.204170427930421e-17,6.783705470909306,20.74730848438055,6.938893903907228e-17,10.809343595905903,33.09066606397843,0.8481805173191193,3638.4731471613873,23.00932995802242,3662.330657636729,3716.8873030178265,-6.689149084012448,0.0,98.17564789648483,91.48649881247239,1.0,3.386038570316264e-05,0.0,4.242640687119285,0.04486744342969575,0.0010065437399584742
2079,97.05656033069744,0.056868038151452006,3.469446951953614e-18,1.174676996532007,3.187048587558432,6.938893903907228e-18,0.555355083741761,1.900803951975207,-1.0928757898653885e-15,85.53167149364079,245.76293382353643,-4.85722573273506e-17,7.08369800350458,20.908662887557565,1.249000902703301e-16,11.276083771495312,33.40575577899246,0.9651641834193425,3657.8334142480403,25.08938870242738,3683.887967133887,3743.307873446195,-6.707786343721859,0.0,99.04534792637962,92.33756158265776,1.0,3.386038570316264e-05,0.0,4.242640687119285,0.04486744342969575,0.0010065437399584742
2083,97.2816940236164,0.05594199982170202,5.204170427930421e-18,1.2271121058441639,3.327207869498805,5.204170427930421e-18,0.5017504904305002,1.6701023433188071,-8.98586760555986e-16,85.71035413852672,246.18995611957155,1.0408340855860843e-17,7.288874487099287,20.78193202556539,0.0,11.60623593036281,33.14761629092546,1.0448895368115774,3673.1324032758307,26.56384564434345,3700.741138456986,3763.6752564685657,-6.685714605356521,0.0,97.161470725454,90.47575612009747,1.0,3.3585029747500623e-05,0.0,4.242640687119285,0.04468300227590437,0.0009982853461942376
2087,97.50417094804853,0.05554927813009986,0.0,1.2609704100606627,3.419282956672192,5.204170427930421e-18,0.43105892038714533,1.2990822966412676,1.0408340855860843e-16,85.8872530032242,246.80035965933718,5.204170427930421e-17,7.423372760533219,20.42046703872526,0.0,11.792877749995538,32.39189892996371,1.0959697074029093,3688.3101142199207,27.553231570913287,3716.959315498237,3782.061977788262,-6.688905336116873,0.0,89.36803858487116,82.67913324875428,1.0,3.3585029747500623e-05,0.0,4.242640687119285,0.04468300227590437,0.0009982853461942376
2092,97.78490285796745,0.056828789139188464,0.0,1.2765960679195845,3.43552349002453,-3.469446951953614e-18,0.41401083638731034,1.3665066093312421,6.106226635438361e-16,86.11085764388639,247.51641687232794,1.0408340855860843e-17,7.482828296925124,19.734888831529794,1.0408340855860843e-16,11.81233410699731,31.00065451995212,1.1338367967189389,3707.5399020828327,27.99635966063167,3736.6700985401835,3802.339892205754,-6.688555347013809,0.0,78.9851608623527,72.2966055153389,1.0,3.334049433291291e-05,0.0,4.242640687119285,0.04451009151619407,0.0009905741233899854
2096,98.01759999663383,0.059059871037961224,-8.673617379884035e-18,1.2801452003071743,3.3924199508053183,3.469446951953614e-18,0.45441729409310355,1.501250499927327,-7.216449660063518e-16,86.29671898793569,248.28971542014173,3.8163916471489756e-17,7.472373401167364,19.084334139496534,1.3877787807814457e-17,11.763912531674466,29.889879488609957,1.171943741796692,3723.561854041369,27.918182123236754,3752.6519799064026,3817.935364303919,-6.6797810291762145,0.0,73.73779651694427,67.05801548776806,1.0,3.334049433291291e-05,0.0,4.242640687119285,0.04451009151619407,0.0009905741233899854
2100,98.25994089449746,0.06148343984946763,5.204170427930421e-18,1.2798488486801942,3.33418981869851,0.0,0.47527952395995043,1.5165368037439024,-1.5508427875232655e-15,86.49097745246969,249.06171081317672,4.5102810375396984e-17,7.415459179687925,19.195762028170062,-8.326672684688674e-17,11.694475616144766,30.168084529901783,1.217318998033525,3740.3445903418087,27.494517422808954,3769.0564267626514,3833.4763493683445,-6.699707472826782,0.0,70.82547532697491,64.12576785414812,1.0,3.312018912922643e-05,0.0,4.242640687119285,0.0443360669616023,0.0009828434168118413
2104,98.50556677264355,0.060796207226031344,-1.3877787807814457e-17,1.2640229838746435,3.2645192698579635,1.734723475976807e-18,0.42884518089146895,1.3736542116949413,3.2959746043559335e-16,86.68877427622395,249.95376674051573,6.938893903907228e-17,7.272314790461672,19.497923158089552,-1.734723475976807e-17,11.48821257144524,31.004825757200514,1.2270041199348427,3757.4717927570537,26.443281205783794,3785.1420780827725,3847.219696871968,-6.676521784454208,0.0,62.636830440360185,55.960308655905976,1.0,3.312018912922643e-05,0.0,4.242640687119285,0.0443360669616023,0.0009828434168118413
2109,98.80988129801882,0.06144019723589556,0.0,1.2056916126608135,3.1505649056249543,-5.204170427930421e-18,0.4159794031865973,1.387290752793225,4.2674197509029455e-16,86.93470760183735,251.06243372119448,4.163336342344337e-17,6.930386412467121,18.97413681559686,-4.85722573273506e-17,10.884130117884062,29.865336341592137,1.1667535338719668,3778.8216929084783,24.01512791305445,3804.003574355405,3860.004060142678,-6.7002166964441745,0.0,48.77626867891966,42.076051982475484,1.0,3.312018912922643e-05,0.0,4.242640687119285,0.0443360669616023,0.0009828434168118413
2113,99.06265742203342,0.06445612165344329,1.734723475976807e-18,1.1343701920698055,3.0252590302757136,-6.938893903907228e-18,0.40565531944335187,1.2799717604419236,1.4849232954361469e-15,87.13959279015772,251.88343848580723,2.0816681711721685e-17,6.546936046229166,17.986119736529762,-2.949029909160572e-17,10.195602905051306,28.042750848829556,1.07173239467587,3796.6543158172535,21.431185796707386,3819.157234008637,3868.6550058266666,-6.693274534608705,0.0,40.99446566534798,34.30119113073928,1.0,3.292118447940754e-05,0.0,4.242640687119285,0.04417609185905331,0.0009757635459697579
2116,99.26196512491312,0.06746261071278938,0.0,1.0775374174769063,2.9101815415792722,-6.938893903907228e-18,0.4119579017518228,1.3838128536021594,-3.5388358909926865e-16,87.30137452981916,252.4460208285392,-2.0816681711721685e-17,6.2298552319643825,17.274768339964016,-1.700029006457271e-16,9.666724319433008,26.836605881448534,1.0048059810970493,3810.7649973978787,19.405548105616987,3831.1753514845927,3875.8112005385465,-6.702344965980566,0.0,42.65091767738392,35.94857271140336,1.0,3.292118447940754e-05,0.0,4.242640687119285,0.04417609185905331,0.0009757635459697579
2120,99.5399859319942,0.07063360815637133,5.204170427930421e-18,1.0045460696412507,2.7905451240261776,-1.734723475976807e-18,0.45632181343622485,1.5303206097399982,1.5439038936193583e-15,87.52710142630058,253.1129083854018,4.163336342344337e-17,5.8062422768248805,16.330379588475456,-2.42861286636753e-17,9.040945798596406,25.630157878674382,0.934078065974543,3830.496742044953,16.856224688594285,3848.287044799522,3887.2127187400692,-6.722671908568363,0.0,47.72922295929139,41.006551050723026,1.0,3.274321376599479e-05,0.0,4.242640687119285,0.04404392052199823,0.0009699334674740485
2123,99.75798731918017,0.07387482016118503,-6.938893903907228e-18,0.9429987037978232,2.700644236152032,-1.734723475976807e-18,0.4948562529219234,1.4963982622755385,-4.510281037539698e-16,87.7039976285978,253.55697920961967,3.8163916471489756e-17,5.478854117574752,15.370454292971335,-4.5102810375396984e-17,8.57366304187628,24.378821256973584,0.8676413758870316,3845.995600018544,15.008921220832907,3861.8721626152637,3896.7281622841188,-6.70772024795879,0.0,50.35985799507776,43.65213774711897,1.0,3.274321376599479e-05,0.0,4.242640687119285,0.04404392052199823,0.0009699334674740485
2127,100.0,0.009598533251718777,5.204170427930421e-18,0.8602295074350069,2.506302026737174,3.469446951953614e-18,0.5609551272443288,1.7235087913824825,1.214306433183765e-15,87.9001025308834,253.98331723350486,0.0,5.1084117534106905,14.856359768186735,6.245004513516506e-17,7.984626563736146,23.14643309446648,0.7732652944213778,3863.214012469906,13.047935321192242,3877.0352130855194,3907.2967989745384,-6.727831664571519,0.0,50.47513441898931,43.747302754417795,1.0,3.274321376599479e-05,0.0,4.242640687119285,0.04404392052199823,0.0009699334674740485
