2026-06-08T12:47:30+12:00 run start {'title': 'Inhomogeneous rmhd simulation test', 'input_file': 'C:\\Users\\naoki\\Downloads\\rmhd-gpu-new\\examples\\nokias_inhomogeneous.input', 'output_dir': 'C:\\Users\\naoki\\Downloads\\rmhd-gpu-new\\examples\\outputs_nokia_rmhd_s_17', 'backend': 'numpy', 'equation_set': 'inhomogeneous_rmhd_s', 'equation_mode': 'nonlinear', 'grid': [16, 16, 16], 'output_cadences': {'scalar': 0.25, 'spectra': 0.0, 'full_field': 0.0}, 'hostname': 'Naoki', 'python_executable': 'C:\\Users\\naoki\\AppData\\Local\\Programs\\Python\\Python313\\python.exe', 'git_commit': 'cde2789c3d6596cb8e14f232da25acf4598750f1', 'command': "'C:\\Users\\naoki\\Downloads\\rmhd-gpu-new\\rmhdgpu\\run.py' '.\\examples\\nokias_inhomogeneous.input'"}
2026-06-08T12:47:30+12:00 run setup {'resolved_output_dir': 'C:\\Users\\naoki\\Downloads\\rmhd-gpu-new\\examples\\outputs_nokia_rmhd_s_17', 'input_file': 'C:\\Users\\naoki\\Downloads\\rmhd-gpu-new\\examples\\nokias_inhomogeneous.input', 'backend': 'numpy', 'equation_set': 'inhomogeneous_rmhd_s', 'equation_mode': 'nonlinear', 'grid': [16, 16, 16], 'output_cadences': {'scalar': 0.25, 'spectra': 0.0, 'full_field': 0.0}, 'dissipation_mode': 'auto', 'initial_condition': {'type': 'random_spectrum', 'parameters': {'n_min': 1.0, 'n_max': 3.0, 'alpha': 0.0, 'init_energy': 0.75, 'seed': 1}}}
2026-06-08T12:47:30+12:00 scalar diagnostics {'step': 0, 'time': 0.0, 'dt': 0.0, 'total_energy': 0.7500000000000001}
2026-06-08T12:47:30+12:00 scalar diagnostics {'step': 3, 'time': 0.27712597494809765, 'dt': 0.09347120608408317, 'total_energy': 0.8106960012543292}
2026-06-08T12:47:30+12:00 scalar diagnostics {'step': 6, 'time': 0.6012944972015338, 'dt': 0.11696879561460131, 'total_energy': 1.1293052199691123}
2026-06-08T12:47:30+12:00 scalar diagnostics {'step': 8, 'time': 0.8334629884830744, 'dt': 0.11213891178144128, 'total_energy': 1.4883320594779927}
2026-06-08T12:47:30+12:00 scalar diagnostics {'step': 10, 'time': 1.0433511755187017, 'dt': 0.10358977416546596, 'total_energy': 1.7760564521407796}
2026-06-08T12:47:30+12:00 scalar diagnostics {'step': 12, 'time': 1.2532892682586172, 'dt': 0.10629882292323495, 'total_energy': 1.946657081755888}
2026-06-08T12:47:30+12:00 scalar diagnostics {'step': 15, 'time': 1.5940922247141072, 'dt': 0.11389050842682509, 'total_energy': 2.0053379670271863}
2026-06-08T12:47:30+12:00 scalar diagnostics {'step': 17, 'time': 1.7965480113267083, 'dt': 0.09828536279348171, 'total_energy': 1.9902966914920905}
2026-06-08T12:47:30+12:00 scalar diagnostics {'step': 20, 'time': 2.0855354871417036, 'dt': 0.09820023451801155, 'total_energy': 1.9733573473615638}
2026-06-08T12:47:30+12:00 scalar diagnostics {'step': 22, 'time': 2.285084966827215, 'dt': 0.10061214437294352, 'total_energy': 1.9804564339834894}
2026-06-08T12:47:30+12:00 scalar diagnostics {'step': 25, 'time': 2.5648751673595664, 'dt': 0.09175177366436352, 'total_energy': 2.0375862396638946}
2026-06-08T12:47:30+12:00 scalar diagnostics {'step': 27, 'time': 2.7507137471173246, 'dt': 0.09323433577237475, 'total_energy': 2.1109906856348957}
2026-06-08T12:47:30+12:00 scalar diagnostics {'step': 30, 'time': 3.033481804664384, 'dt': 0.09495332350064385, 'total_energy': 2.263245952180462}
2026-06-08T12:47:30+12:00 scalar diagnostics {'step': 33, 'time': 3.3164014295180975, 'dt': 0.0944554625343673, 'total_energy': 2.4448172016654235}
2026-06-08T12:47:30+12:00 scalar diagnostics {'step': 35, 'time': 3.512357695035428, 'dt': 0.09921998330084274, 'total_energy': 2.5788892346167103}
2026-06-08T12:47:30+12:00 scalar diagnostics {'step': 38, 'time': 3.816388366802734, 'dt': 0.1025502431693457, 'total_energy': 2.773138515225849}
2026-06-08T12:47:30+12:00 scalar diagnostics {'step': 40, 'time': 4.01486399452066, 'dt': 0.0992502253079031, 'total_energy': 2.882922282001168}
2026-06-08T12:47:30+12:00 scalar diagnostics {'step': 43, 'time': 4.300047761054328, 'dt': 0.09267440576352116, 'total_energy': 3.032360644184468}
2026-06-08T12:47:30+12:00 scalar diagnostics {'step': 46, 'time': 4.58912103309499, 'dt': 0.10035027778156377, 'total_energy': 3.2011798958491147}
2026-06-08T12:47:30+12:00 scalar diagnostics {'step': 48, 'time': 4.783487149537603, 'dt': 0.09512279971522014, 'total_energy': 3.324782835039678}
2026-06-08T12:47:30+12:00 scalar diagnostics {'step': 51, 'time': 5.0681645997638025, 'dt': 0.09676818364294093, 'total_energy': 3.498964986176662}
2026-06-08T12:47:30+12:00 scalar diagnostics {'step': 53, 'time': 5.261493662273449, 'dt': 0.09545678271817197, 'total_energy': 3.6077366780344673}
2026-06-08T12:47:30+12:00 scalar diagnostics {'step': 56, 'time': 5.528454248520554, 'dt': 0.08422380634841974, 'total_energy': 3.758752722044008}
2026-06-08T12:47:30+12:00 scalar diagnostics {'step': 59, 'time': 5.7875109987874565, 'dt': 0.09011599540809913, 'total_energy': 3.931456954627116}
2026-06-08T12:47:30+12:00 scalar diagnostics {'step': 62, 'time': 6.077353707168817, 'dt': 0.09229489674312634, 'total_energy': 4.153315323251558}
2026-06-08T12:47:31+12:00 scalar diagnostics {'step': 64, 'time': 6.252245364921719, 'dt': 0.08718613264922086, 'total_energy': 4.289684298413676}
2026-06-08T12:47:31+12:00 scalar diagnostics {'step': 67, 'time': 6.518064556644991, 'dt': 0.0886661566863222, 'total_energy': 4.491363388102282}
2026-06-08T12:47:31+12:00 scalar diagnostics {'step': 70, 'time': 6.803056159015647, 'dt': 0.09744541303392658, 'total_energy': 4.698685315800431}
2026-06-08T12:47:31+12:00 scalar diagnostics {'step': 73, 'time': 7.0882003645413025, 'dt': 0.09137428117092092, 'total_energy': 4.883636184392234}
2026-06-08T12:47:31+12:00 scalar diagnostics {'step': 75, 'time': 7.27404221882055, 'dt': 0.09355590342530007, 'total_energy': 4.9995259722820835}
2026-06-08T12:47:31+12:00 scalar diagnostics {'step': 78, 'time': 7.549175258084824, 'dt': 0.08767466108462461, 'total_energy': 5.194409551384128}
2026-06-08T12:47:31+12:00 scalar diagnostics {'step': 81, 'time': 7.798344157171782, 'dt': 0.08319849394613947, 'total_energy': 5.400367195172601}
2026-06-08T12:47:31+12:00 scalar diagnostics {'step': 84, 'time': 8.070329305526242, 'dt': 0.09153415767237634, 'total_energy': 5.6550299823179815}
2026-06-08T12:47:31+12:00 scalar diagnostics {'step': 86, 'time': 8.251773022634818, 'dt': 0.09108656207669862, 'total_energy': 5.842629392792289}
2026-06-08T12:47:31+12:00 scalar diagnostics {'step': 89, 'time': 8.523020972179657, 'dt': 0.08493977955368998, 'total_energy': 6.13675798114825}
2026-06-08T12:47:31+12:00 scalar diagnostics {'step': 92, 'time': 8.755093313176108, 'dt': 0.07580467519183101, 'total_energy': 6.3890625275839525}
2026-06-08T12:47:31+12:00 scalar diagnostics {'step': 96, 'time': 9.086227954695445, 'dt': 0.08756937631281562, 'total_energy': 6.722857732731295}
2026-06-08T12:47:31+12:00 scalar diagnostics {'step': 98, 'time': 9.253512485481554, 'dt': 0.08281932870349472, 'total_energy': 6.867474863707923}
2026-06-08T12:47:31+12:00 progress {'step': 100, 'time': 9.418457765817042, 'dt': 0.08274875067612751}
2026-06-08T12:47:31+12:00 scalar diagnostics {'step': 101, 'time': 9.502962903586923, 'dt': 0.08450513776988118, 'total_energy': 7.0866281781467775}
2026-06-08T12:47:31+12:00 scalar diagnostics {'step': 104, 'time': 9.768181426611747, 'dt': 0.08948916541931554, 'total_energy': 7.385251930098385}
2026-06-08T12:47:31+12:00 scalar diagnostics {'step': 108, 'time': 10.070035506143464, 'dt': 0.07338859816950026, 'total_energy': 7.742156657823654}
2026-06-08T12:47:31+12:00 scalar diagnostics {'step': 111, 'time': 10.296032617876236, 'dt': 0.07459406896265086, 'total_energy': 7.9670628704717865}
2026-06-08T12:47:31+12:00 scalar diagnostics {'step': 114, 'time': 10.524457412252527, 'dt': 0.07577554090266528, 'total_energy': 8.199993846845349}
2026-06-08T12:47:31+12:00 scalar diagnostics {'step': 118, 'time': 10.821098069941668, 'dt': 0.07675454292913315, 'total_energy': 8.539267864369794}
2026-06-08T12:47:31+12:00 scalar diagnostics {'step': 121, 'time': 11.058619607104818, 'dt': 0.08059639878752589, 'total_energy': 8.780433234481949}
2026-06-08T12:47:31+12:00 scalar diagnostics {'step': 124, 'time': 11.295598065523636, 'dt': 0.07707432248313757, 'total_energy': 9.030096926815723}
2026-06-08T12:47:31+12:00 scalar diagnostics {'step': 127, 'time': 11.51102604571716, 'dt': 0.06790153778571884, 'total_energy': 9.31140691946964}
2026-06-08T12:47:31+12:00 scalar diagnostics {'step': 131, 'time': 11.771055399893909, 'dt': 0.06586748281540712, 'total_energy': 9.63787957488093}
2026-06-08T12:47:31+12:00 scalar diagnostics {'step': 135, 'time': 12.06046719711059, 'dt': 0.07492824539897537, 'total_energy': 9.898050354425669}
2026-06-08T12:47:31+12:00 scalar diagnostics {'step': 138, 'time': 12.28192693475049, 'dt': 0.0718992703720827, 'total_energy': 10.099138980164415}
2026-06-08T12:47:31+12:00 scalar diagnostics {'step': 142, 'time': 12.569447407563736, 'dt': 0.07588325477843247, 'total_energy': 10.415079377780145}
2026-06-08T12:47:31+12:00 scalar diagnostics {'step': 145, 'time': 12.791277215414754, 'dt': 0.0725191650508789, 'total_energy': 10.692845732120503}
2026-06-08T12:47:32+12:00 scalar diagnostics {'step': 149, 'time': 13.042573653210862, 'dt': 0.05899197756200345, 'total_energy': 11.220756435761778}
2026-06-08T12:47:32+12:00 scalar diagnostics {'step': 153, 'time': 13.296545159481633, 'dt': 0.06474567080541775, 'total_energy': 11.857099912264072}
2026-06-08T12:47:32+12:00 scalar diagnostics {'step': 157, 'time': 13.554812348752815, 'dt': 0.06599052910415303, 'total_energy': 12.358684520781868}
2026-06-08T12:47:32+12:00 scalar diagnostics {'step': 160, 'time': 13.758026845887317, 'dt': 0.06505440465916348, 'total_energy': 12.678774405942058}
2026-06-08T12:47:32+12:00 scalar diagnostics {'step': 164, 'time': 14.00916996364569, 'dt': 0.06274131759033089, 'total_energy': 13.054254633472615}
2026-06-08T12:47:32+12:00 scalar diagnostics {'step': 168, 'time': 14.26876381179045, 'dt': 0.06275424570648654, 'total_energy': 13.50870489126024}
2026-06-08T12:47:32+12:00 scalar diagnostics {'step': 173, 'time': 14.537983192455643, 'dt': 0.05300039508573255, 'total_energy': 13.833236859095932}
2026-06-08T12:47:32+12:00 scalar diagnostics {'step': 177, 'time': 14.766661169118166, 'dt': 0.05580215770742365, 'total_energy': 13.99123278472582}
2026-06-08T12:47:32+12:00 scalar diagnostics {'step': 181, 'time': 15.012892752749636, 'dt': 0.06462780478574193, 'total_energy': 14.339436101466454}
2026-06-08T12:47:32+12:00 scalar diagnostics {'step': 185, 'time': 15.253469599058077, 'dt': 0.05557806523609396, 'total_energy': 14.811285732767278}
2026-06-08T12:47:32+12:00 scalar diagnostics {'step': 190, 'time': 15.548364084806266, 'dt': 0.06449600774997559, 'total_energy': 15.275239284799733}
2026-06-08T12:47:32+12:00 scalar diagnostics {'step': 194, 'time': 15.784068837210643, 'dt': 0.05876412226602861, 'total_energy': 15.623624103757159}
2026-06-08T12:47:32+12:00 scalar diagnostics {'step': 198, 'time': 16.012340064163688, 'dt': 0.05409862923237029, 'total_energy': 15.992810715168973}
2026-06-08T12:47:32+12:00 progress {'step': 200, 'time': 16.12033506354114, 'dt': 0.05478917078693782}
2026-06-08T12:47:32+12:00 scalar diagnostics {'step': 203, 'time': 16.285185741555576, 'dt': 0.05230382479009257, 'total_energy': 16.324359875573073}
2026-06-08T12:47:32+12:00 scalar diagnostics {'step': 207, 'time': 16.50877810387141, 'dt': 0.05647277820337622, 'total_energy': 16.45910403687578}
2026-06-08T12:47:32+12:00 scalar diagnostics {'step': 212, 'time': 16.777687616694323, 'dt': 0.05240401410824591, 'total_energy': 16.42849566679017}
2026-06-08T12:47:32+12:00 scalar diagnostics {'step': 217, 'time': 17.044097343113215, 'dt': 0.05096724544887374, 'total_energy': 16.237759796273895}
2026-06-08T12:47:32+12:00 scalar diagnostics {'step': 221, 'time': 17.26655540748708, 'dt': 0.0557408571994445, 'total_energy': 15.943793721768188}
2026-06-08T12:47:33+12:00 scalar diagnostics {'step': 226, 'time': 17.521747829467685, 'dt': 0.04943278725050173, 'total_energy': 15.381142581311735}
2026-06-08T12:47:33+12:00 scalar diagnostics {'step': 231, 'time': 17.775810198096718, 'dt': 0.05077331681230046, 'total_energy': 14.764267880013541}
2026-06-08T12:47:33+12:00 scalar diagnostics {'step': 236, 'time': 18.02886617432514, 'dt': 0.05329895205824748, 'total_energy': 13.756350012373781}
2026-06-08T12:47:33+12:00 scalar diagnostics {'step': 241, 'time': 18.294122257364155, 'dt': 0.05133944478933559, 'total_energy': 12.823685183433213}
2026-06-08T12:47:33+12:00 scalar diagnostics {'step': 245, 'time': 18.53571605405719, 'dt': 0.06517690304242085, 'total_energy': 11.350236888174248}
2026-06-08T12:47:33+12:00 scalar diagnostics {'step': 249, 'time': 18.8191560625554, 'dt': 0.07041760607473795, 'total_energy': 9.967684163342927}
2026-06-08T12:47:34+12:00 scalar diagnostics {'step': 252, 'time': 19.0418619983066, 'dt': 0.07604211285399681, 'total_energy': 8.568476291336104}
2026-06-08T12:47:34+12:00 scalar diagnostics {'step': 255, 'time': 19.27633806040835, 'dt': 0.08391477142383294, 'total_energy': 7.431414607554331}
2026-06-08T12:47:34+12:00 scalar diagnostics {'step': 258, 'time': 19.531612136473797, 'dt': 0.08660455646561614, 'total_energy': 6.67038597047342}
2026-06-08T12:47:34+12:00 scalar diagnostics {'step': 261, 'time': 19.788159513516668, 'dt': 0.0831744525023381, 'total_energy': 5.861821036239894}
2026-06-08T12:47:34+12:00 scalar diagnostics {'step': 264, 'time': 20.0549110003465, 'dt': 0.09401151252642204, 'total_energy': 5.023339135700649}
2026-06-08T12:47:34+12:00 scalar diagnostics {'step': 266, 'time': 20.250502234393462, 'dt': 0.10049533037579707, 'total_energy': 4.659857400277201}
2026-06-08T12:47:34+12:00 scalar diagnostics {'step': 269, 'time': 20.536760364103614, 'dt': 0.09522459566644542, 'total_energy': 4.326159584984813}
2026-06-08T12:47:34+12:00 scalar diagnostics {'step': 272, 'time': 20.8516259289474, 'dt': 0.10267779534904103, 'total_energy': 3.9588608465390442}
2026-06-08T12:47:34+12:00 scalar diagnostics {'step': 274, 'time': 21.067859964679613, 'dt': 0.1121601212580761, 'total_energy': 3.767156962296413}
2026-06-08T12:47:35+12:00 scalar diagnostics {'step': 276, 'time': 21.283570163417924, 'dt': 0.10448610126431877, 'total_energy': 3.614752536254433}
2026-06-08T12:47:35+12:00 scalar diagnostics {'step': 278, 'time': 21.50267131135034, 'dt': 0.11293379894102425, 'total_energy': 3.470405466012805}
2026-06-08T12:47:35+12:00 scalar diagnostics {'step': 280, 'time': 21.75667486308777, 'dt': 0.1282097615658579, 'total_energy': 3.3534252302522294}
2026-06-08T12:47:35+12:00 scalar diagnostics {'step': 282, 'time': 22.027833680869144, 'dt': 0.13625614665273642, 'total_energy': 3.229550003348324}
2026-06-08T12:47:35+12:00 scalar diagnostics {'step': 284, 'time': 22.298831855561236, 'dt': 0.13429611718498527, 'total_energy': 3.138152664895109}
2026-06-08T12:47:35+12:00 scalar diagnostics {'step': 286, 'time': 22.574834103603767, 'dt': 0.1420565842536428, 'total_energy': 3.065747733772229}
2026-06-08T12:47:35+12:00 scalar diagnostics {'step': 288, 'time': 22.842566026269076, 'dt': 0.1338857532937747, 'total_energy': 2.973667373996773}
2026-06-08T12:47:35+12:00 scalar diagnostics {'step': 290, 'time': 23.13591263533595, 'dt': 0.1507128342078886, 'total_energy': 2.8602913305085287}
2026-06-08T12:47:35+12:00 scalar diagnostics {'step': 291, 'time': 23.281804553048474, 'dt': 0.14589191771252533, 'total_energy': 2.787451778311946}
2026-06-08T12:47:35+12:00 scalar diagnostics {'step': 293, 'time': 23.585846688053735, 'dt': 0.15231741295609494, 'total_energy': 2.6829226060174074}
2026-06-08T12:47:35+12:00 scalar diagnostics {'step': 294, 'time': 23.7520039623731, 'dt': 0.16615727431936367, 'total_energy': 2.6742729441333615}
2026-06-08T12:47:35+12:00 scalar diagnostics {'step': 296, 'time': 24.057279732726847, 'dt': 0.15207962012255577, 'total_energy': 2.702880903073936}
2026-06-08T12:47:35+12:00 scalar diagnostics {'step': 298, 'time': 24.36339891107118, 'dt': 0.1540503092748908, 'total_energy': 2.7527012613614583}
2026-06-08T12:47:35+12:00 scalar diagnostics {'step': 299, 'time': 24.515779887070376, 'dt': 0.152380975999197, 'total_energy': 2.7906063327590447}
2026-06-08T12:47:35+12:00 progress {'step': 300, 'time': 24.685771572790216, 'dt': 0.16999168571984052}
2026-06-08T12:47:35+12:00 scalar diagnostics {'step': 301, 'time': 24.854711983303982, 'dt': 0.1689404105137678, 'total_energy': 2.8680820101240823}
2026-06-08T12:47:36+12:00 scalar diagnostics {'step': 302, 'time': 25.022843426915536, 'dt': 0.1681314436115534, 'total_energy': 2.8849503258406353}
2026-06-08T12:47:36+12:00 scalar diagnostics {'step': 304, 'time': 25.35922056478997, 'dt': 0.16514893226733238, 'total_energy': 2.852380093479914}
2026-06-08T12:47:36+12:00 scalar diagnostics {'step': 305, 'time': 25.51046337309899, 'dt': 0.15124280830901915, 'total_energy': 2.8169921283583643}
2026-06-08T12:47:36+12:00 scalar diagnostics {'step': 307, 'time': 25.808721373246456, 'dt': 0.15124423454793473, 'total_energy': 2.757499902649437}
2026-06-08T12:47:36+12:00 scalar diagnostics {'step': 309, 'time': 26.11212887682097, 'dt': 0.15612948887977432, 'total_energy': 2.714310815250983}
2026-06-08T12:47:36+12:00 scalar diagnostics {'step': 310, 'time': 26.279637409135887, 'dt': 0.1675085323149143, 'total_energy': 2.6982074860983203}
2026-06-08T12:47:36+12:00 scalar diagnostics {'step': 312, 'time': 26.667317690553755, 'dt': 0.19634954084936207, 'total_energy': 2.718895152050476}
2026-06-08T12:47:36+12:00 scalar diagnostics {'step': 313, 'time': 26.856246069348906, 'dt': 0.18892837879515037, 'total_energy': 2.739033225455935}
2026-06-08T12:47:36+12:00 scalar diagnostics {'step': 314, 'time': 27.040550258768796, 'dt': 0.18430418941989066, 'total_energy': 2.760456959151308}
2026-06-08T12:47:36+12:00 scalar diagnostics {'step': 316, 'time': 27.411183369227786, 'dt': 0.18055209830039007, 'total_energy': 2.829470403888685}
2026-06-08T12:47:36+12:00 scalar diagnostics {'step': 317, 'time': 27.607532910077147, 'dt': 0.19634954084936207, 'total_energy': 2.8576499911206144}
2026-06-08T12:47:36+12:00 scalar diagnostics {'step': 318, 'time': 27.80388245092651, 'dt': 0.19634954084936207, 'total_energy': 2.875074388220894}
2026-06-08T12:47:36+12:00 scalar diagnostics {'step': 319, 'time': 28.00023199177587, 'dt': 0.19634954084936207, 'total_energy': 2.894206619467992}
2026-06-08T12:47:36+12:00 scalar diagnostics {'step': 321, 'time': 28.381516031556625, 'dt': 0.1849344989313943, 'total_energy': 2.9595171579311157}
2026-06-08T12:47:36+12:00 scalar diagnostics {'step': 322, 'time': 28.564103481677108, 'dt': 0.18258745012048178, 'total_energy': 2.998107649509226}
2026-06-08T12:47:36+12:00 scalar diagnostics {'step': 323, 'time': 28.752255649866065, 'dt': 0.18815216818895703, 'total_energy': 3.0299664115654212}
2026-06-08T12:47:36+12:00 scalar diagnostics {'step': 325, 'time': 29.135317220308732, 'dt': 0.19261784998233847, 'total_energy': 3.0689719691045525}
2026-06-08T12:47:37+12:00 scalar diagnostics {'step': 326, 'time': 29.331666761158093, 'dt': 0.19634954084936207, 'total_energy': 3.0806807515743726}
2026-06-08T12:47:37+12:00 scalar diagnostics {'step': 327, 'time': 29.528016302007455, 'dt': 0.19634954084936207, 'total_energy': 3.0860938681536045}
2026-06-08T12:47:37+12:00 scalar diagnostics {'step': 329, 'time': 29.920715383706177, 'dt': 0.19634954084936207, 'total_energy': 3.108887374965074}
2026-06-08T12:47:37+12:00 scalar diagnostics {'step': 330, 'time': 30.11706492455554, 'dt': 0.19634954084936207, 'total_energy': 3.1352019813631316}
2026-06-08T12:47:37+12:00 scalar diagnostics {'step': 331, 'time': 30.30777988258522, 'dt': 0.19071495802967883, 'total_energy': 3.16356419270158}
2026-06-08T12:47:37+12:00 scalar diagnostics {'step': 332, 'time': 30.50412942343458, 'dt': 0.19634954084936207, 'total_energy': 3.1896186047792816}
2026-06-08T12:47:37+12:00 scalar diagnostics {'step': 334, 'time': 30.896828505133303, 'dt': 0.19634954084936207, 'total_energy': 3.2209259209469385}
2026-06-08T12:47:37+12:00 scalar diagnostics {'step': 335, 'time': 31.093178045982665, 'dt': 0.19634954084936207, 'total_energy': 3.2246282806034037}
2026-06-08T12:47:37+12:00 scalar diagnostics {'step': 336, 'time': 31.289527586832026, 'dt': 0.19634954084936207, 'total_energy': 3.22931915942867}
2026-06-08T12:47:37+12:00 scalar diagnostics {'step': 338, 'time': 31.681649388767614, 'dt': 0.19577226108622794, 'total_energy': 3.258807427105056}
2026-06-08T12:47:37+12:00 scalar diagnostics {'step': 339, 'time': 31.86621118179576, 'dt': 0.18456179302814318, 'total_energy': 3.2786577462537285}
2026-06-08T12:47:37+12:00 scalar diagnostics {'step': 340, 'time': 32.05905847934776, 'dt': 0.19284729755200283, 'total_energy': 3.301499025874429}
2026-06-08T12:47:37+12:00 scalar diagnostics {'step': 341, 'time': 32.25540802019712, 'dt': 0.19634954084936207, 'total_energy': 3.333222322695959}
2026-06-08T12:47:37+12:00 scalar diagnostics {'step': 343, 'time': 32.648107101895846, 'dt': 0.19634954084936207, 'total_energy': 3.4494444697221422}
2026-06-08T12:47:37+12:00 scalar diagnostics {'step': 344, 'time': 32.84445664274521, 'dt': 0.19634954084936207, 'total_energy': 3.5230256122438925}
2026-06-08T12:47:37+12:00 scalar diagnostics {'step': 345, 'time': 33.04080618359457, 'dt': 0.19634954084936207, 'total_energy': 3.591655798831921}
2026-06-08T12:47:37+12:00 scalar diagnostics {'step': 347, 'time': 33.43350526529329, 'dt': 0.19634954084936207, 'total_energy': 3.697390309413817}
2026-06-08T12:47:37+12:00 scalar diagnostics {'step': 348, 'time': 33.62985480614265, 'dt': 0.19634954084936207, 'total_energy': 3.725735894432994}
2026-06-08T12:47:37+12:00 scalar diagnostics {'step': 349, 'time': 33.826204346992014, 'dt': 0.19634954084936207, 'total_energy': 3.7319750384550527}
2026-06-08T12:47:37+12:00 scalar diagnostics {'step': 350, 'time': 34.022553887841376, 'dt': 0.19634954084936207, 'total_energy': 3.718484711702045}
2026-06-08T12:47:38+12:00 scalar diagnostics {'step': 352, 'time': 34.4152529695401, 'dt': 0.19634954084936207, 'total_energy': 3.6551503822178724}
2026-06-08T12:47:38+12:00 scalar diagnostics {'step': 353, 'time': 34.61160251038946, 'dt': 0.19634954084936207, 'total_energy': 3.618050515263681}
2026-06-08T12:47:38+12:00 scalar diagnostics {'step': 354, 'time': 34.80795205123882, 'dt': 0.19634954084936207, 'total_energy': 3.5849830328159236}
2026-06-08T12:47:38+12:00 scalar diagnostics {'step': 355, 'time': 35.00430159208818, 'dt': 0.19634954084936207, 'total_energy': 3.558170151475693}
2026-06-08T12:47:38+12:00 scalar diagnostics {'step': 357, 'time': 35.397000673786906, 'dt': 0.19634954084936207, 'total_energy': 3.5354031782792665}
2026-06-08T12:47:38+12:00 scalar diagnostics {'step': 358, 'time': 35.59335021463627, 'dt': 0.19634954084936207, 'total_energy': 3.5554050026514328}
2026-06-08T12:47:38+12:00 scalar diagnostics {'step': 359, 'time': 35.78969975548563, 'dt': 0.19634954084936207, 'total_energy': 3.60401532405739}
2026-06-08T12:47:38+12:00 scalar diagnostics {'step': 361, 'time': 36.18239883718435, 'dt': 0.19634954084936207, 'total_energy': 3.7550152919016315}
2026-06-08T12:47:38+12:00 scalar diagnostics {'step': 362, 'time': 36.37874837803371, 'dt': 0.19634954084936207, 'total_energy': 3.8334428600886445}
2026-06-08T12:47:38+12:00 scalar diagnostics {'step': 363, 'time': 36.575097918883074, 'dt': 0.19634954084936207, 'total_energy': 3.9057383714658953}
2026-06-08T12:47:38+12:00 scalar diagnostics {'step': 364, 'time': 36.771447459732435, 'dt': 0.19634954084936207, 'total_energy': 3.9700281795942365}
2026-06-08T12:47:38+12:00 scalar diagnostics {'step': 366, 'time': 37.16414654143116, 'dt': 0.19634954084936207, 'total_energy': 4.0694292744031175}
2026-06-08T12:47:38+12:00 scalar diagnostics {'step': 367, 'time': 37.36049608228052, 'dt': 0.19634954084936207, 'total_energy': 4.104984886884454}
2026-06-08T12:47:38+12:00 scalar diagnostics {'step': 368, 'time': 37.55684562312988, 'dt': 0.19634954084936207, 'total_energy': 4.128631824871429}
2026-06-08T12:47:38+12:00 scalar diagnostics {'step': 369, 'time': 37.75319516397924, 'dt': 0.19634954084936207, 'total_energy': 4.136046136482408}
2026-06-08T12:47:38+12:00 scalar diagnostics {'step': 371, 'time': 38.145894245677965, 'dt': 0.19634954084936207, 'total_energy': 4.110593548325022}
2026-06-08T12:47:38+12:00 scalar diagnostics {'step': 372, 'time': 38.34224378652733, 'dt': 0.19634954084936207, 'total_energy': 4.094912532685932}
2026-06-08T12:47:38+12:00 scalar diagnostics {'step': 373, 'time': 38.53859332737669, 'dt': 0.19634954084936207, 'total_energy': 4.087549033053984}
2026-06-08T12:47:38+12:00 scalar diagnostics {'step': 375, 'time': 38.93129240907541, 'dt': 0.19634954084936207, 'total_energy': 4.100838811122133}
2026-06-08T12:47:39+12:00 scalar diagnostics {'step': 376, 'time': 39.12764194992477, 'dt': 0.19634954084936207, 'total_energy': 4.1134932875560075}
2026-06-08T12:47:39+12:00 scalar diagnostics {'step': 377, 'time': 39.323991490774134, 'dt': 0.19634954084936207, 'total_energy': 4.124030089401506}
2026-06-08T12:47:39+12:00 scalar diagnostics {'step': 378, 'time': 39.520341031623495, 'dt': 0.19634954084936207, 'total_energy': 4.132234539877453}
2026-06-08T12:47:39+12:00 scalar diagnostics {'step': 380, 'time': 39.91304011332222, 'dt': 0.19634954084936207, 'total_energy': 4.161762824998982}
2026-06-08T12:47:39+12:00 scalar diagnostics {'step': 381, 'time': 40.10938965417158, 'dt': 0.19634954084936207, 'total_energy': 4.190885132660392}
2026-06-08T12:47:39+12:00 scalar diagnostics {'step': 382, 'time': 40.30573919502094, 'dt': 0.19634954084936207, 'total_energy': 4.226547567326568}
2026-06-08T12:47:39+12:00 scalar diagnostics {'step': 383, 'time': 40.5020887358703, 'dt': 0.19634954084936207, 'total_energy': 4.264458258987194}
2026-06-08T12:47:39+12:00 scalar diagnostics {'step': 385, 'time': 40.894787817569025, 'dt': 0.19634954084936207, 'total_energy': 4.338850266401519}
2026-06-08T12:47:39+12:00 scalar diagnostics {'step': 386, 'time': 41.091137358418386, 'dt': 0.19634954084936207, 'total_energy': 4.375876292083336}
2026-06-08T12:47:39+12:00 scalar diagnostics {'step': 387, 'time': 41.28748689926775, 'dt': 0.19634954084936207, 'total_energy': 4.417201620376312}
2026-06-08T12:47:39+12:00 scalar diagnostics {'step': 389, 'time': 41.68018598096647, 'dt': 0.19634954084936207, 'total_energy': 4.52084276351473}
2026-06-08T12:47:39+12:00 scalar diagnostics {'step': 390, 'time': 41.87653552181583, 'dt': 0.19634954084936207, 'total_energy': 4.573239980557922}
2026-06-08T12:47:39+12:00 scalar diagnostics {'step': 391, 'time': 42.07288506266519, 'dt': 0.19634954084936207, 'total_energy': 4.615413936412795}
2026-06-08T12:47:39+12:00 scalar diagnostics {'step': 392, 'time': 42.269234603514555, 'dt': 0.19634954084936207, 'total_energy': 4.643275458370553}
2026-06-08T12:47:39+12:00 scalar diagnostics {'step': 394, 'time': 42.66193368521328, 'dt': 0.19634954084936207, 'total_energy': 4.665104704132033}
2026-06-08T12:47:39+12:00 scalar diagnostics {'step': 395, 'time': 42.85828322606264, 'dt': 0.19634954084936207, 'total_energy': 4.669473332037537}
2026-06-08T12:47:39+12:00 scalar diagnostics {'step': 396, 'time': 43.054632766912, 'dt': 0.19634954084936207, 'total_energy': 4.674265176298466}
2026-06-08T12:47:39+12:00 scalar diagnostics {'step': 397, 'time': 43.25098230776136, 'dt': 0.19634954084936207, 'total_energy': 4.678557503537232}
2026-06-08T12:47:39+12:00 scalar diagnostics {'step': 399, 'time': 43.643681389460085, 'dt': 0.19634954084936207, 'total_energy': 4.680922628189104}
2026-06-08T12:47:39+12:00 progress {'step': 400, 'time': 43.840030930309446, 'dt': 0.19634954084936207}
2026-06-08T12:47:39+12:00 scalar diagnostics {'step': 400, 'time': 43.840030930309446, 'dt': 0.19634954084936207, 'total_energy': 4.687225651774732}
2026-06-08T12:47:39+12:00 scalar diagnostics {'step': 401, 'time': 44.03638047115881, 'dt': 0.19634954084936207, 'total_energy': 4.707388740263861}
2026-06-08T12:47:40+12:00 scalar diagnostics {'step': 403, 'time': 44.42907955285753, 'dt': 0.19634954084936207, 'total_energy': 4.791314470763905}
2026-06-08T12:47:40+12:00 scalar diagnostics {'step': 404, 'time': 44.62542909370689, 'dt': 0.19634954084936207, 'total_energy': 4.845980805637756}
2026-06-08T12:47:40+12:00 scalar diagnostics {'step': 405, 'time': 44.82177863455625, 'dt': 0.19634954084936207, 'total_energy': 4.903438608651147}
2026-06-08T12:47:40+12:00 scalar diagnostics {'step': 406, 'time': 45.018128175405614, 'dt': 0.19634954084936207, 'total_energy': 4.961103548590709}
2026-06-08T12:47:40+12:00 scalar diagnostics {'step': 408, 'time': 45.41082725710434, 'dt': 0.19634954084936207, 'total_energy': 5.06619167178921}
2026-06-08T12:47:40+12:00 scalar diagnostics {'step': 409, 'time': 45.6071767979537, 'dt': 0.19634954084936207, 'total_energy': 5.109462177205547}
2026-06-08T12:47:40+12:00 scalar diagnostics {'step': 410, 'time': 45.80352633880306, 'dt': 0.19634954084936207, 'total_energy': 5.143621369127938}
2026-06-08T12:47:40+12:00 scalar diagnostics {'step': 412, 'time': 46.19622542050178, 'dt': 0.19634954084936207, 'total_energy': 5.1724541623351294}
2026-06-08T12:47:40+12:00 scalar diagnostics {'step': 413, 'time': 46.392574961351144, 'dt': 0.19634954084936207, 'total_energy': 5.170888623171509}
2026-06-08T12:47:40+12:00 scalar diagnostics {'step': 414, 'time': 46.588924502200506, 'dt': 0.19634954084936207, 'total_energy': 5.170489253402129}
2026-06-08T12:47:40+12:00 scalar diagnostics {'step': 415, 'time': 46.78527404304987, 'dt': 0.19634954084936207, 'total_energy': 5.180947265341372}
2026-06-08T12:47:40+12:00 scalar diagnostics {'step': 417, 'time': 47.17797312474859, 'dt': 0.19634954084936207, 'total_energy': 5.241320196159742}
2026-06-08T12:47:40+12:00 scalar diagnostics {'step': 418, 'time': 47.37432266559795, 'dt': 0.19634954084936207, 'total_energy': 5.279180873609093}
2026-06-08T12:47:40+12:00 scalar diagnostics {'step': 419, 'time': 47.57067220644731, 'dt': 0.19634954084936207, 'total_energy': 5.31223514483964}
2026-06-08T12:47:40+12:00 scalar diagnostics {'step': 420, 'time': 47.767021747296674, 'dt': 0.19634954084936207, 'total_energy': 5.338445575970849}
2026-06-08T12:47:40+12:00 scalar diagnostics {'step': 422, 'time': 48.1597208289954, 'dt': 0.19634954084936207, 'total_energy': 5.38531199822928}
2026-06-08T12:47:40+12:00 scalar diagnostics {'step': 423, 'time': 48.35607036984476, 'dt': 0.19634954084936207, 'total_energy': 5.413504518631184}
2026-06-08T12:47:40+12:00 scalar diagnostics {'step': 424, 'time': 48.55241991069412, 'dt': 0.19634954084936207, 'total_energy': 5.444710314884353}
2026-06-08T12:47:40+12:00 scalar diagnostics {'step': 426, 'time': 48.94511899239284, 'dt': 0.19634954084936207, 'total_energy': 5.510501274776384}
2026-06-08T12:47:40+12:00 scalar diagnostics {'step': 427, 'time': 49.141468533242204, 'dt': 0.19634954084936207, 'total_energy': 5.546194897656411}
2026-06-08T12:47:40+12:00 scalar diagnostics {'step': 428, 'time': 49.337818074091565, 'dt': 0.19634954084936207, 'total_energy': 5.585666033053769}
2026-06-08T12:47:40+12:00 scalar diagnostics {'step': 429, 'time': 49.53416761494093, 'dt': 0.19634954084936207, 'total_energy': 5.630055157309977}
2026-06-08T12:47:41+12:00 scalar diagnostics {'step': 431, 'time': 49.92686669663965, 'dt': 0.19634954084936207, 'total_energy': 5.736404780668984}
2026-06-08T12:47:41+12:00 scalar diagnostics {'step': 432, 'time': 50.12321623748901, 'dt': 0.19634954084936207, 'total_energy': 5.79657090932348}
2026-06-08T12:47:41+12:00 scalar diagnostics {'step': 433, 'time': 50.31956577833837, 'dt': 0.19634954084936207, 'total_energy': 5.85602313759336}
2026-06-08T12:47:41+12:00 scalar diagnostics {'step': 434, 'time': 50.515915319187734, 'dt': 0.19634954084936207, 'total_energy': 5.908331806456106}
2026-06-08T12:47:41+12:00 scalar diagnostics {'step': 436, 'time': 50.90861440088646, 'dt': 0.19634954084936207, 'total_energy': 5.970407801170681}
2026-06-08T12:47:41+12:00 scalar diagnostics {'step': 437, 'time': 51.10496394173582, 'dt': 0.19634954084936207, 'total_energy': 5.976629386054597}
2026-06-08T12:47:41+12:00 scalar diagnostics {'step': 438, 'time': 51.30131348258518, 'dt': 0.19634954084936207, 'total_energy': 5.969201878697335}
2026-06-08T12:47:41+12:00 scalar diagnostics {'step': 440, 'time': 51.6940125642839, 'dt': 0.19634954084936207, 'total_energy': 5.933127660090632}
2026-06-08T12:47:41+12:00 scalar diagnostics {'step': 441, 'time': 51.89036210513326, 'dt': 0.19634954084936207, 'total_energy': 5.91619091775248}
2026-06-08T12:47:41+12:00 scalar diagnostics {'step': 442, 'time': 52.086711645982625, 'dt': 0.19634954084936207, 'total_energy': 5.909306575337586}
2026-06-08T12:47:41+12:00 scalar diagnostics {'step': 443, 'time': 52.283061186831986, 'dt': 0.19634954084936207, 'total_energy': 5.917338256832843}
2026-06-08T12:47:41+12:00 scalar diagnostics {'step': 445, 'time': 52.67576026853071, 'dt': 0.19634954084936207, 'total_energy': 5.981589510238255}
2026-06-08T12:47:41+12:00 scalar diagnostics {'step': 446, 'time': 52.87210980938007, 'dt': 0.19634954084936207, 'total_energy': 6.034128335304185}
2026-06-08T12:47:41+12:00 scalar diagnostics {'step': 447, 'time': 53.06845935022943, 'dt': 0.19634954084936207, 'total_energy': 6.095121759037804}
2026-06-08T12:47:41+12:00 scalar diagnostics {'step': 448, 'time': 53.26480889107879, 'dt': 0.19634954084936207, 'total_energy': 6.157171215785333}
2026-06-08T12:47:41+12:00 scalar diagnostics {'step': 450, 'time': 53.657507972777516, 'dt': 0.19634954084936207, 'total_energy': 6.250011283480816}
2026-06-08T12:47:41+12:00 scalar diagnostics {'step': 451, 'time': 53.85385751362688, 'dt': 0.19634954084936207, 'total_energy': 6.273894819773068}
2026-06-08T12:47:41+12:00 scalar diagnostics {'step': 452, 'time': 54.05020705447624, 'dt': 0.19634954084936207, 'total_energy': 6.289423584170609}
2026-06-08T12:47:42+12:00 scalar diagnostics {'step': 454, 'time': 54.44290613617496, 'dt': 0.19634954084936207, 'total_energy': 6.319485440464585}
2026-06-08T12:47:42+12:00 scalar diagnostics {'step': 455, 'time': 54.63925567702432, 'dt': 0.19634954084936207, 'total_energy': 6.335764671176814}
2026-06-08T12:47:42+12:00 scalar diagnostics {'step': 456, 'time': 54.835605217873685, 'dt': 0.19634954084936207, 'total_energy': 6.349955387074861}
2026-06-08T12:47:42+12:00 scalar diagnostics {'step': 457, 'time': 55.031954758723046, 'dt': 0.19634954084936207, 'total_energy': 6.362274051282172}
2026-06-08T12:47:42+12:00 scalar diagnostics {'step': 459, 'time': 55.42465384042177, 'dt': 0.19634954084936207, 'total_energy': 6.398095263320554}
2026-06-08T12:47:42+12:00 scalar diagnostics {'step': 460, 'time': 55.62100338127113, 'dt': 0.19634954084936207, 'total_energy': 6.428172888667942}
2026-06-08T12:47:42+12:00 scalar diagnostics {'step': 461, 'time': 55.81735292212049, 'dt': 0.19634954084936207, 'total_energy': 6.46211948759689}
2026-06-08T12:47:42+12:00 scalar diagnostics {'step': 462, 'time': 56.01370246296985, 'dt': 0.19634954084936207, 'total_energy': 6.493956012778672}
2026-06-08T12:47:42+12:00 scalar diagnostics {'step': 464, 'time': 56.406401544668576, 'dt': 0.19634954084936207, 'total_energy': 6.531660847259657}
2026-06-08T12:47:42+12:00 scalar diagnostics {'step': 465, 'time': 56.60275108551794, 'dt': 0.19634954084936207, 'total_energy': 6.5371839260444}
2026-06-08T12:47:42+12:00 scalar diagnostics {'step': 466, 'time': 56.7991006263673, 'dt': 0.19634954084936207, 'total_energy': 6.538038587312795}
2026-06-08T12:47:42+12:00 scalar diagnostics {'step': 468, 'time': 57.19179970806602, 'dt': 0.19634954084936207, 'total_energy': 6.543110301805081}
2026-06-08T12:47:42+12:00 scalar diagnostics {'step': 469, 'time': 57.38814924891538, 'dt': 0.19634954084936207, 'total_energy': 6.552973733156971}
2026-06-08T12:47:42+12:00 scalar diagnostics {'step': 470, 'time': 57.584498789764744, 'dt': 0.19634954084936207, 'total_energy': 6.567343352327203}
2026-06-08T12:47:42+12:00 scalar diagnostics {'step': 471, 'time': 57.780848330614106, 'dt': 0.19634954084936207, 'total_energy': 6.583358464275852}
2026-06-08T12:47:42+12:00 scalar diagnostics {'step': 473, 'time': 58.17354741231283, 'dt': 0.19634954084936207, 'total_energy': 6.626049238458014}
2026-06-08T12:47:42+12:00 scalar diagnostics {'step': 474, 'time': 58.36989695316219, 'dt': 0.19634954084936207, 'total_energy': 6.6558757614194946}
2026-06-08T12:47:42+12:00 scalar diagnostics {'step': 475, 'time': 58.56624649401155, 'dt': 0.19634954084936207, 'total_energy': 6.689385193129334}
2026-06-08T12:47:42+12:00 scalar diagnostics {'step': 476, 'time': 58.76259603486091, 'dt': 0.19634954084936207, 'total_energy': 6.720378501765818}
2026-06-08T12:47:42+12:00 scalar diagnostics {'step': 478, 'time': 59.155295116559635, 'dt': 0.19634954084936207, 'total_energy': 6.749340165564254}
2026-06-08T12:47:42+12:00 scalar diagnostics {'step': 479, 'time': 59.351644657409, 'dt': 0.19634954084936207, 'total_energy': 6.744532442330943}
2026-06-08T12:47:43+12:00 scalar diagnostics {'step': 480, 'time': 59.54799419825836, 'dt': 0.19634954084936207, 'total_energy': 6.732739403785867}
2026-06-08T12:47:43+12:00 scalar diagnostics {'step': 482, 'time': 59.94069327995708, 'dt': 0.19634954084936207, 'total_energy': 6.706242554521465}
2026-06-08T12:47:43+12:00 scalar diagnostics {'step': 483, 'time': 60.13704282080644, 'dt': 0.19634954084936207, 'total_energy': 6.694894765743168}
2026-06-08T12:47:43+12:00 scalar diagnostics {'step': 484, 'time': 60.333392361655804, 'dt': 0.19634954084936207, 'total_energy': 6.684727540624095}
2026-06-08T12:47:43+12:00 scalar diagnostics {'step': 485, 'time': 60.529741902505165, 'dt': 0.19634954084936207, 'total_energy': 6.6785133691120935}
2026-06-08T12:47:43+12:00 scalar diagnostics {'step': 487, 'time': 60.92244098420389, 'dt': 0.19634954084936207, 'total_energy': 6.69719551410976}
2026-06-08T12:47:43+12:00 scalar diagnostics {'step': 488, 'time': 61.11879052505325, 'dt': 0.19634954084936207, 'total_energy': 6.728075321264946}
2026-06-08T12:47:43+12:00 scalar diagnostics {'step': 489, 'time': 61.31514006590261, 'dt': 0.19634954084936207, 'total_energy': 6.771601703365757}
2026-06-08T12:47:43+12:00 scalar diagnostics {'step': 490, 'time': 61.51148960675197, 'dt': 0.19634954084936207, 'total_energy': 6.821818527696089}
2026-06-08T12:47:43+12:00 scalar diagnostics {'step': 492, 'time': 61.904188688450695, 'dt': 0.19634954084936207, 'total_energy': 6.908007001924849}
2026-06-08T12:47:43+12:00 scalar diagnostics {'step': 493, 'time': 62.10053822930006, 'dt': 0.19634954084936207, 'total_energy': 6.932959860299823}
2026-06-08T12:47:43+12:00 scalar diagnostics {'step': 494, 'time': 62.29688777014942, 'dt': 0.19634954084936207, 'total_energy': 6.9453523975411}
2026-06-08T12:47:43+12:00 scalar diagnostics {'step': 496, 'time': 62.68958685184814, 'dt': 0.19634954084936207, 'total_energy': 6.9482140785497375}
2026-06-08T12:47:43+12:00 scalar diagnostics {'step': 497, 'time': 62.8859363926975, 'dt': 0.19634954084936207, 'total_energy': 6.944378832705112}
2026-06-08T12:47:43+12:00 scalar diagnostics {'step': 498, 'time': 63.08228593354686, 'dt': 0.19634954084936207, 'total_energy': 6.937618238676457}
2026-06-08T12:47:43+12:00 scalar diagnostics {'step': 499, 'time': 63.278635474396225, 'dt': 0.19634954084936207, 'total_energy': 6.927604296435692}
2026-06-08T12:47:43+12:00 progress {'step': 500, 'time': 63.474985015245586, 'dt': 0.19634954084936207}
2026-06-08T12:47:43+12:00 scalar diagnostics {'step': 501, 'time': 63.67133455609495, 'dt': 0.19634954084936207, 'total_energy': 6.9009104985964225}
2026-06-08T12:47:43+12:00 scalar diagnostics {'step': 502, 'time': 63.86768409694431, 'dt': 0.19634954084936207, 'total_energy': 6.888808884168404}
2026-06-08T12:47:43+12:00 scalar diagnostics {'step': 503, 'time': 64.06403363779367, 'dt': 0.19634954084936207, 'total_energy': 6.880245368750982}
2026-06-08T12:47:43+12:00 scalar diagnostics {'step': 504, 'time': 64.26038317864304, 'dt': 0.19634954084936207, 'total_energy': 6.875140301027221}
2026-06-08T12:47:44+12:00 scalar diagnostics {'step': 506, 'time': 64.65308226034178, 'dt': 0.19634954084936207, 'total_energy': 6.870637440975565}
2026-06-08T12:47:44+12:00 scalar diagnostics {'step': 507, 'time': 64.84943180119114, 'dt': 0.19634954084936207, 'total_energy': 6.869231405968018}
2026-06-08T12:47:44+12:00 scalar diagnostics {'step': 508, 'time': 65.04578134204051, 'dt': 0.19634954084936207, 'total_energy': 6.868101276312338}
2026-06-08T12:47:44+12:00 scalar diagnostics {'step': 510, 'time': 65.43848042373925, 'dt': 0.19634954084936207, 'total_energy': 6.869455396111723}
2026-06-08T12:47:44+12:00 scalar diagnostics {'step': 511, 'time': 65.63482996458862, 'dt': 0.19634954084936207, 'total_energy': 6.872411041772356}
2026-06-08T12:47:44+12:00 scalar diagnostics {'step': 512, 'time': 65.83117950543799, 'dt': 0.19634954084936207, 'total_energy': 6.876768629461041}
2026-06-08T12:47:44+12:00 scalar diagnostics {'step': 513, 'time': 66.02752904628736, 'dt': 0.19634954084936207, 'total_energy': 6.8816231050402195}
2026-06-08T12:47:44+12:00 scalar diagnostics {'step': 515, 'time': 66.42022812798609, 'dt': 0.19634954084936207, 'total_energy': 6.8968531066096}
2026-06-08T12:47:44+12:00 scalar diagnostics {'step': 516, 'time': 66.61657766883546, 'dt': 0.19634954084936207, 'total_energy': 6.913504560146524}
2026-06-08T12:47:44+12:00 scalar diagnostics {'step': 517, 'time': 66.81292720968483, 'dt': 0.19634954084936207, 'total_energy': 6.939394502853549}
2026-06-08T12:47:44+12:00 scalar diagnostics {'step': 518, 'time': 67.0092767505342, 'dt': 0.19634954084936207, 'total_energy': 6.972622838009172}
2026-06-08T12:47:44+12:00 scalar diagnostics {'step': 520, 'time': 67.40197583223294, 'dt': 0.19634954084936207, 'total_energy': 7.035492655590654}
2026-06-08T12:47:44+12:00 scalar diagnostics {'step': 521, 'time': 67.5983253730823, 'dt': 0.19634954084936207, 'total_energy': 7.050180043310796}
2026-06-08T12:47:44+12:00 scalar diagnostics {'step': 522, 'time': 67.79467491393167, 'dt': 0.19634954084936207, 'total_energy': 7.049095289793373}
2026-06-08T12:47:44+12:00 scalar diagnostics {'step': 524, 'time': 68.18737399563041, 'dt': 0.19634954084936207, 'total_energy': 7.006666837572041}
2026-06-08T12:47:44+12:00 scalar diagnostics {'step': 525, 'time': 68.38372353647978, 'dt': 0.19634954084936207, 'total_energy': 6.974509640296182}
2026-06-08T12:47:44+12:00 scalar diagnostics {'step': 526, 'time': 68.58007307732915, 'dt': 0.19634954084936207, 'total_energy': 6.9418848654409295}
2026-06-08T12:47:44+12:00 scalar diagnostics {'step': 527, 'time': 68.77642261817851, 'dt': 0.19634954084936207, 'total_energy': 6.91269409467937}
2026-06-08T12:47:45+12:00 scalar diagnostics {'step': 529, 'time': 69.16912169987725, 'dt': 0.19634954084936207, 'total_energy': 6.873483998932676}
2026-06-08T12:47:45+12:00 scalar diagnostics {'step': 530, 'time': 69.36547124072662, 'dt': 0.19634954084936207, 'total_energy': 6.866616062255852}
2026-06-08T12:47:45+12:00 scalar diagnostics {'step': 531, 'time': 69.56182078157599, 'dt': 0.19634954084936207, 'total_energy': 6.870181645411874}
2026-06-08T12:47:45+12:00 scalar diagnostics {'step': 532, 'time': 69.75817032242536, 'dt': 0.19634954084936207, 'total_energy': 6.8855025598088195}
2026-06-08T12:47:45+12:00 scalar diagnostics {'step': 534, 'time': 70.1508694041241, 'dt': 0.19634954084936207, 'total_energy': 6.943444828808651}
2026-06-08T12:47:45+12:00 scalar diagnostics {'step': 535, 'time': 70.34721894497346, 'dt': 0.19634954084936207, 'total_energy': 6.976263994942602}
2026-06-08T12:47:45+12:00 scalar diagnostics {'step': 536, 'time': 70.54356848582283, 'dt': 0.19634954084936207, 'total_energy': 7.00411157487688}
2026-06-08T12:47:45+12:00 scalar diagnostics {'step': 538, 'time': 70.93626756752157, 'dt': 0.19634954084936207, 'total_energy': 7.031985463272427}
2026-06-08T12:47:45+12:00 scalar diagnostics {'step': 539, 'time': 71.13261710837094, 'dt': 0.19634954084936207, 'total_energy': 7.031147112135647}
2026-06-08T12:47:45+12:00 scalar diagnostics {'step': 540, 'time': 71.3289666492203, 'dt': 0.19634954084936207, 'total_energy': 7.022265810270757}
2026-06-08T12:47:45+12:00 scalar diagnostics {'step': 541, 'time': 71.52531619006967, 'dt': 0.19634954084936207, 'total_energy': 7.007149420225051}
2026-06-08T12:47:45+12:00 scalar diagnostics {'step': 543, 'time': 71.91801527176841, 'dt': 0.19634954084936207, 'total_energy': 6.968228887478761}
2026-06-08T12:47:45+12:00 scalar diagnostics {'step': 544, 'time': 72.11436481261778, 'dt': 0.19634954084936207, 'total_energy': 6.9501608637211}
2026-06-08T12:47:45+12:00 scalar diagnostics {'step': 545, 'time': 72.31071435346715, 'dt': 0.19634954084936207, 'total_energy': 6.937032896640899}
2026-06-08T12:47:45+12:00 scalar diagnostics {'step': 546, 'time': 72.50706389431652, 'dt': 0.19634954084936207, 'total_energy': 6.930946326399338}
2026-06-08T12:47:45+12:00 scalar diagnostics {'step': 548, 'time': 72.89976297601525, 'dt': 0.19634954084936207, 'total_energy': 6.938843954006041}
2026-06-08T12:47:45+12:00 scalar diagnostics {'step': 549, 'time': 73.09611251686462, 'dt': 0.19634954084936207, 'total_energy': 6.946605713082825}
2026-06-08T12:47:45+12:00 scalar diagnostics {'step': 550, 'time': 73.29246205771399, 'dt': 0.19634954084936207, 'total_energy': 6.950795774933302}
2026-06-08T12:47:45+12:00 scalar diagnostics {'step': 552, 'time': 73.68516113941273, 'dt': 0.19634954084936207, 'total_energy': 6.939781396097648}
2026-06-08T12:47:45+12:00 scalar diagnostics {'step': 553, 'time': 73.8815106802621, 'dt': 0.19634954084936207, 'total_energy': 6.928239084221058}
2026-06-08T12:47:45+12:00 scalar diagnostics {'step': 554, 'time': 74.07786022111146, 'dt': 0.19634954084936207, 'total_energy': 6.917277719525485}
2026-06-08T12:47:46+12:00 scalar diagnostics {'step': 555, 'time': 74.27420976196083, 'dt': 0.19634954084936207, 'total_energy': 6.909095912449936}
2026-06-08T12:47:46+12:00 scalar diagnostics {'step': 557, 'time': 74.66690884365957, 'dt': 0.19634954084936207, 'total_energy': 6.903752881399539}
2026-06-08T12:47:46+12:00 scalar diagnostics {'step': 558, 'time': 74.86325838450894, 'dt': 0.19634954084936207, 'total_energy': 6.908711875443364}
2026-06-08T12:47:46+12:00 scalar diagnostics {'step': 559, 'time': 75.0596079253583, 'dt': 0.19634954084936207, 'total_energy': 6.921781833509911}
2026-06-08T12:47:46+12:00 scalar diagnostics {'step': 560, 'time': 75.25595746620768, 'dt': 0.19634954084936207, 'total_energy': 6.94491213661306}
2026-06-08T12:47:46+12:00 scalar diagnostics {'step': 562, 'time': 75.64865654790641, 'dt': 0.19634954084936207, 'total_energy': 7.016322268359076}
2026-06-08T12:47:46+12:00 scalar diagnostics {'step': 563, 'time': 75.84500608875578, 'dt': 0.19634954084936207, 'total_energy': 7.053434463195208}
2026-06-08T12:47:46+12:00 scalar diagnostics {'step': 564, 'time': 76.04135562960515, 'dt': 0.19634954084936207, 'total_energy': 7.081033712424228}
2026-06-08T12:47:46+12:00 scalar diagnostics {'step': 566, 'time': 76.43405471130389, 'dt': 0.19634954084936207, 'total_energy': 7.085794505581754}
2026-06-08T12:47:46+12:00 scalar diagnostics {'step': 567, 'time': 76.63040425215326, 'dt': 0.19634954084936207, 'total_energy': 7.0628570473470855}
2026-06-08T12:47:46+12:00 scalar diagnostics {'step': 568, 'time': 76.82675379300262, 'dt': 0.19634954084936207, 'total_energy': 7.029913406187281}
2026-06-08T12:47:46+12:00 scalar diagnostics {'step': 569, 'time': 77.02310333385199, 'dt': 0.19634954084936207, 'total_energy': 6.993999980574097}
2026-06-08T12:47:46+12:00 scalar diagnostics {'step': 571, 'time': 77.41580241555073, 'dt': 0.19634954084936207, 'total_energy': 6.931790020016324}
2026-06-08T12:47:46+12:00 scalar diagnostics {'step': 572, 'time': 77.6121519564001, 'dt': 0.19634954084936207, 'total_energy': 6.90936547402637}
2026-06-08T12:47:46+12:00 scalar diagnostics {'step': 573, 'time': 77.80850149724947, 'dt': 0.19634954084936207, 'total_energy': 6.89491744397052}
2026-06-08T12:47:46+12:00 scalar diagnostics {'step': 574, 'time': 78.00485103809883, 'dt': 0.19634954084936207, 'total_energy': 6.8912356767569225}
2026-06-08T12:47:46+12:00 scalar diagnostics {'step': 576, 'time': 78.39755011979757, 'dt': 0.19634954084936207, 'total_energy': 6.921966963476362}
2026-06-08T12:47:46+12:00 scalar diagnostics {'step': 577, 'time': 78.59389966064694, 'dt': 0.19634954084936207, 'total_energy': 6.951376918519481}
2026-06-08T12:47:47+12:00 scalar diagnostics {'step': 578, 'time': 78.79024920149631, 'dt': 0.19634954084936207, 'total_energy': 6.9823487884961954}
2026-06-08T12:47:47+12:00 scalar diagnostics {'step': 580, 'time': 79.18294828319505, 'dt': 0.19634954084936207, 'total_energy': 7.028646435817865}
2026-06-08T12:47:47+12:00 scalar diagnostics {'step': 581, 'time': 79.37929782404441, 'dt': 0.19634954084936207, 'total_energy': 7.040815124869371}
2026-06-08T12:47:47+12:00 scalar diagnostics {'step': 582, 'time': 79.57564736489378, 'dt': 0.19634954084936207, 'total_energy': 7.0467887242062766}
2026-06-08T12:47:47+12:00 scalar diagnostics {'step': 583, 'time': 79.77199690574315, 'dt': 0.19634954084936207, 'total_energy': 7.048129576640834}
2026-06-08T12:47:47+12:00 scalar diagnostics {'step': 585, 'time': 80.16469598744189, 'dt': 0.19634954084936207, 'total_energy': 7.040805329345477}
2026-06-08T12:47:47+12:00 scalar diagnostics {'step': 586, 'time': 80.36104552829126, 'dt': 0.19634954084936207, 'total_energy': 7.034007411836381}
2026-06-08T12:47:47+12:00 scalar diagnostics {'step': 587, 'time': 80.55739506914063, 'dt': 0.19634954084936207, 'total_energy': 7.027183783887912}
2026-06-08T12:47:47+12:00 scalar diagnostics {'step': 588, 'time': 80.75374460999, 'dt': 0.19634954084936207, 'total_energy': 7.022353847629001}
2026-06-08T12:47:47+12:00 scalar diagnostics {'step': 590, 'time': 81.14644369168873, 'dt': 0.19634954084936207, 'total_energy': 7.02446571348509}
2026-06-08T12:47:47+12:00 scalar diagnostics {'step': 591, 'time': 81.3427932325381, 'dt': 0.19634954084936207, 'total_energy': 7.031370777196537}
2026-06-08T12:47:47+12:00 scalar diagnostics {'step': 592, 'time': 81.53914277338747, 'dt': 0.19634954084936207, 'total_energy': 7.038989158730945}
2026-06-08T12:47:47+12:00 scalar diagnostics {'step': 594, 'time': 81.9318418550862, 'dt': 0.19634954084936207, 'total_energy': 7.043355862397556}
2026-06-08T12:47:47+12:00 scalar diagnostics {'step': 595, 'time': 82.12819139593557, 'dt': 0.19634954084936207, 'total_energy': 7.036686904062765}
2026-06-08T12:47:47+12:00 scalar diagnostics {'step': 596, 'time': 82.32454093678494, 'dt': 0.19634954084936207, 'total_energy': 7.025359273901158}
2026-06-08T12:47:47+12:00 scalar diagnostics {'step': 597, 'time': 82.52089047763431, 'dt': 0.19634954084936207, 'total_energy': 7.012233844303478}
2026-06-08T12:47:47+12:00 scalar diagnostics {'step': 599, 'time': 82.91358955933305, 'dt': 0.19634954084936207, 'total_energy': 6.9925928981829815}
2026-06-08T12:47:47+12:00 progress {'step': 600, 'time': 83.10993910018242, 'dt': 0.19634954084936207}
2026-06-08T12:47:47+12:00 scalar diagnostics {'step': 600, 'time': 83.10993910018242, 'dt': 0.19634954084936207, 'total_energy': 6.990536052708263}
2026-06-08T12:47:47+12:00 scalar diagnostics {'step': 601, 'time': 83.30628864103178, 'dt': 0.19634954084936207, 'total_energy': 6.995369967499496}
2026-06-08T12:47:48+12:00 scalar diagnostics {'step': 602, 'time': 83.50263818188115, 'dt': 0.19634954084936207, 'total_energy': 7.006780592842161}
2026-06-08T12:47:48+12:00 scalar diagnostics {'step': 604, 'time': 83.89533726357989, 'dt': 0.19634954084936207, 'total_energy': 7.044833587949365}
2026-06-08T12:47:48+12:00 scalar diagnostics {'step': 605, 'time': 84.09168680442926, 'dt': 0.19634954084936207, 'total_energy': 7.06836486515304}
2026-06-08T12:47:48+12:00 scalar diagnostics {'step': 606, 'time': 84.28803634527863, 'dt': 0.19634954084936207, 'total_energy': 7.092724853893774}
2026-06-08T12:47:48+12:00 scalar diagnostics {'step': 608, 'time': 84.68073542697736, 'dt': 0.19634954084936207, 'total_energy': 7.134910106501493}
2026-06-08T12:47:48+12:00 scalar diagnostics {'step': 609, 'time': 84.87708496782673, 'dt': 0.19634954084936207, 'total_energy': 7.146963873741717}
2026-06-08T12:47:48+12:00 scalar diagnostics {'step': 610, 'time': 85.0734345086761, 'dt': 0.19634954084936207, 'total_energy': 7.150206472829593}
2026-06-08T12:47:48+12:00 scalar diagnostics {'step': 611, 'time': 85.26978404952547, 'dt': 0.19634954084936207, 'total_energy': 7.145791179748375}
2026-06-08T12:47:48+12:00 scalar diagnostics {'step': 613, 'time': 85.6624831312242, 'dt': 0.19634954084936207, 'total_energy': 7.124302435816277}
2026-06-08T12:47:48+12:00 scalar diagnostics {'step': 614, 'time': 85.85883267207358, 'dt': 0.19634954084936207, 'total_energy': 7.113692556361637}
2026-06-08T12:47:48+12:00 scalar diagnostics {'step': 615, 'time': 86.05518221292294, 'dt': 0.19634954084936207, 'total_energy': 7.105432061191164}
2026-06-08T12:47:48+12:00 scalar diagnostics {'step': 616, 'time': 86.25153175377231, 'dt': 0.19634954084936207, 'total_energy': 7.099953947509296}
2026-06-08T12:47:48+12:00 scalar diagnostics {'step': 618, 'time': 86.64423083547105, 'dt': 0.19634954084936207, 'total_energy': 7.100362790623503}
2026-06-08T12:47:48+12:00 scalar diagnostics {'step': 619, 'time': 86.84058037632042, 'dt': 0.19634954084936207, 'total_energy': 7.108971916204308}
2026-06-08T12:47:48+12:00 scalar diagnostics {'step': 620, 'time': 87.03692991716979, 'dt': 0.19634954084936207, 'total_energy': 7.124376074812494}
2026-06-08T12:47:48+12:00 scalar diagnostics {'step': 622, 'time': 87.42962899886852, 'dt': 0.19634954084936207, 'total_energy': 7.17019194890609}
2026-06-08T12:47:48+12:00 scalar diagnostics {'step': 623, 'time': 87.62597853971789, 'dt': 0.19634954084936207, 'total_energy': 7.193875158363439}
2026-06-08T12:47:48+12:00 scalar diagnostics {'step': 624, 'time': 87.82232808056726, 'dt': 0.19634954084936207, 'total_energy': 7.213249488243543}
2026-06-08T12:47:48+12:00 scalar diagnostics {'step': 625, 'time': 88.01867762141663, 'dt': 0.19634954084936207, 'total_energy': 7.226416121059808}
2026-06-08T12:47:48+12:00 scalar diagnostics {'step': 627, 'time': 88.41137670311537, 'dt': 0.19634954084936207, 'total_energy': 7.236988475583328}
2026-06-08T12:47:48+12:00 scalar diagnostics {'step': 628, 'time': 88.60772624396473, 'dt': 0.19634954084936207, 'total_energy': 7.238397229134081}
2026-06-08T12:47:48+12:00 scalar diagnostics {'step': 629, 'time': 88.8040757848141, 'dt': 0.19634954084936207, 'total_energy': 7.238936742932868}
2026-06-08T12:47:48+12:00 scalar diagnostics {'step': 630, 'time': 89.00042532566347, 'dt': 0.19634954084936207, 'total_energy': 7.238504001481842}
2026-06-08T12:47:48+12:00 scalar diagnostics {'step': 632, 'time': 89.39312440736221, 'dt': 0.19634954084936207, 'total_energy': 7.236520773108903}
2026-06-08T12:47:48+12:00 scalar diagnostics {'step': 633, 'time': 89.58947394821158, 'dt': 0.19634954084936207, 'total_energy': 7.238113177716138}
2026-06-08T12:47:48+12:00 scalar diagnostics {'step': 634, 'time': 89.78582348906095, 'dt': 0.19634954084936207, 'total_energy': 7.2443706788544135}
2026-06-08T12:47:48+12:00 scalar diagnostics {'step': 636, 'time': 90.17852257075968, 'dt': 0.19634954084936207, 'total_energy': 7.268148819091312}
2026-06-08T12:47:48+12:00 scalar diagnostics {'step': 637, 'time': 90.37487211160905, 'dt': 0.19634954084936207, 'total_energy': 7.279059950660262}
2026-06-08T12:47:48+12:00 scalar diagnostics {'step': 638, 'time': 90.57122165245842, 'dt': 0.19634954084936207, 'total_energy': 7.285294244301873}
2026-06-08T12:47:48+12:00 scalar diagnostics {'step': 639, 'time': 90.76757119330779, 'dt': 0.19634954084936207, 'total_energy': 7.286943911837275}
2026-06-08T12:47:48+12:00 scalar diagnostics {'step': 641, 'time': 91.16027027500652, 'dt': 0.19634954084936207, 'total_energy': 7.287676436929661}
2026-06-08T12:47:48+12:00 scalar diagnostics {'step': 642, 'time': 91.3566198158559, 'dt': 0.19634954084936207, 'total_energy': 7.291704388629287}
2026-06-08T12:47:48+12:00 scalar diagnostics {'step': 643, 'time': 91.55296935670526, 'dt': 0.19634954084936207, 'total_energy': 7.298530834180208}
2026-06-08T12:47:48+12:00 scalar diagnostics {'step': 645, 'time': 91.945668438404, 'dt': 0.19634954084936207, 'total_energy': 7.315900731680178}
2026-06-08T12:47:48+12:00 scalar diagnostics {'step': 646, 'time': 92.14201797925337, 'dt': 0.19634954084936207, 'total_energy': 7.3257683030512775}
2026-06-08T12:47:48+12:00 scalar diagnostics {'step': 647, 'time': 92.33836752010274, 'dt': 0.19634954084936207, 'total_energy': 7.337998044310522}
2026-06-08T12:47:48+12:00 scalar diagnostics {'step': 648, 'time': 92.5347170609521, 'dt': 0.19634954084936207, 'total_energy': 7.354363240018476}
2026-06-08T12:47:48+12:00 scalar diagnostics {'step': 650, 'time': 92.92741614265084, 'dt': 0.19634954084936207, 'total_energy': 7.4008294830722425}
2026-06-08T12:47:48+12:00 scalar diagnostics {'step': 651, 'time': 93.12376568350021, 'dt': 0.19634954084936207, 'total_energy': 7.427152741024879}
2026-06-08T12:47:48+12:00 scalar diagnostics {'step': 652, 'time': 93.32011522434958, 'dt': 0.19634954084936207, 'total_energy': 7.450583874988189}
2026-06-08T12:47:48+12:00 scalar diagnostics {'step': 653, 'time': 93.51646476519895, 'dt': 0.19634954084936207, 'total_energy': 7.468143337731289}
2026-06-08T12:47:48+12:00 scalar diagnostics {'step': 655, 'time': 93.90916384689768, 'dt': 0.19634954084936207, 'total_energy': 7.483319647638175}
2026-06-08T12:47:48+12:00 scalar diagnostics {'step': 656, 'time': 94.10551338774705, 'dt': 0.19634954084936207, 'total_energy': 7.483651761439815}
2026-06-08T12:47:48+12:00 scalar diagnostics {'step': 657, 'time': 94.30186292859642, 'dt': 0.19634954084936207, 'total_energy': 7.4815721786326055}
2026-06-08T12:47:49+12:00 scalar diagnostics {'step': 659, 'time': 94.69456201029516, 'dt': 0.19634954084936207, 'total_energy': 7.475637638262733}
2026-06-08T12:47:49+12:00 scalar diagnostics {'step': 660, 'time': 94.89091155114453, 'dt': 0.19634954084936207, 'total_energy': 7.474860937061602}
2026-06-08T12:47:49+12:00 scalar diagnostics {'step': 661, 'time': 95.0872610919939, 'dt': 0.19634954084936207, 'total_energy': 7.478735197598105}
2026-06-08T12:47:49+12:00 scalar diagnostics {'step': 662, 'time': 95.28361063284326, 'dt': 0.19634954084936207, 'total_energy': 7.488796800889261}
2026-06-08T12:47:49+12:00 scalar diagnostics {'step': 664, 'time': 95.676309714542, 'dt': 0.19634954084936207, 'total_energy': 7.52866526242093}
2026-06-08T12:47:49+12:00 scalar diagnostics {'step': 665, 'time': 95.87265925539137, 'dt': 0.19634954084936207, 'total_energy': 7.554930413574969}
2026-06-08T12:47:49+12:00 scalar diagnostics {'step': 666, 'time': 96.06900879624074, 'dt': 0.19634954084936207, 'total_energy': 7.581274998126267}
2026-06-08T12:47:49+12:00 scalar diagnostics {'step': 667, 'time': 96.2653583370901, 'dt': 0.19634954084936207, 'total_energy': 7.604527893109041}
2026-06-08T12:47:49+12:00 scalar diagnostics {'step': 669, 'time': 96.65805741878884, 'dt': 0.19634954084936207, 'total_energy': 7.633904255057905}
2026-06-08T12:47:49+12:00 scalar diagnostics {'step': 670, 'time': 96.85440695963821, 'dt': 0.19634954084936207, 'total_energy': 7.639565480884514}
2026-06-08T12:47:49+12:00 scalar diagnostics {'step': 671, 'time': 97.05075650048758, 'dt': 0.19634954084936207, 'total_energy': 7.641320226655445}
2026-06-08T12:47:49+12:00 scalar diagnostics {'step': 673, 'time': 97.44345558218632, 'dt': 0.19634954084936207, 'total_energy': 7.641177361744002}
2026-06-08T12:47:49+12:00 scalar diagnostics {'step': 674, 'time': 97.63980512303569, 'dt': 0.19634954084936207, 'total_energy': 7.643551011231937}
2026-06-08T12:47:49+12:00 scalar diagnostics {'step': 675, 'time': 97.83615466388505, 'dt': 0.19634954084936207, 'total_energy': 7.649759239766892}
2026-06-08T12:47:49+12:00 scalar diagnostics {'step': 676, 'time': 98.03250420473442, 'dt': 0.19634954084936207, 'total_energy': 7.660812454943092}
2026-06-08T12:47:49+12:00 scalar diagnostics {'step': 678, 'time': 98.42520328643316, 'dt': 0.19634954084936207, 'total_energy': 7.698011647657611}
2026-06-08T12:47:49+12:00 scalar diagnostics {'step': 679, 'time': 98.62155282728253, 'dt': 0.19634954084936207, 'total_energy': 7.7223740425095535}
2026-06-08T12:47:49+12:00 scalar diagnostics {'step': 680, 'time': 98.8179023681319, 'dt': 0.19634954084936207, 'total_energy': 7.7481499351312175}
2026-06-08T12:47:49+12:00 scalar diagnostics {'step': 681, 'time': 99.01425190898127, 'dt': 0.19634954084936207, 'total_energy': 7.773344381082465}
2026-06-08T12:47:49+12:00 scalar diagnostics {'step': 683, 'time': 99.40695099068, 'dt': 0.19634954084936207, 'total_energy': 7.813391492558753}
2026-06-08T12:47:49+12:00 scalar diagnostics {'step': 684, 'time': 99.60330053152937, 'dt': 0.19634954084936207, 'total_energy': 7.826681251525299}
2026-06-08T12:47:49+12:00 scalar diagnostics {'step': 685, 'time': 99.79965007237874, 'dt': 0.19634954084936207, 'total_energy': 7.836386961400518}
2026-06-08T12:47:49+12:00 scalar diagnostics {'step': 687, 'time': 100.19234915407748, 'dt': 0.19634954084936207, 'total_energy': 7.8513505748402785}
2026-06-08T12:47:49+12:00 scalar diagnostics {'step': 688, 'time': 100.38869869492684, 'dt': 0.19634954084936207, 'total_energy': 7.858565706645884}
2026-06-08T12:47:49+12:00 scalar diagnostics {'step': 689, 'time': 100.58504823577621, 'dt': 0.19634954084936207, 'total_energy': 7.865646262185828}
2026-06-08T12:47:49+12:00 scalar diagnostics {'step': 690, 'time': 100.78139777662558, 'dt': 0.19634954084936207, 'total_energy': 7.872685669651037}
2026-06-08T12:47:49+12:00 scalar diagnostics {'step': 692, 'time': 101.17409685832432, 'dt': 0.19634954084936207, 'total_energy': 7.892527960059607}
2026-06-08T12:47:49+12:00 scalar diagnostics {'step': 693, 'time': 101.37044639917369, 'dt': 0.19634954084936207, 'total_energy': 7.909153329921139}
2026-06-08T12:47:49+12:00 scalar diagnostics {'step': 694, 'time': 101.56679594002306, 'dt': 0.19634954084936207, 'total_energy': 7.930871668957394}
2026-06-08T12:47:49+12:00 scalar diagnostics {'step': 695, 'time': 101.76314548087242, 'dt': 0.19634954084936207, 'total_energy': 7.955349987271946}
2026-06-08T12:47:49+12:00 scalar diagnostics {'step': 697, 'time': 102.15584456257116, 'dt': 0.19634954084936207, 'total_energy': 7.9980560924784765}
2026-06-08T12:47:49+12:00 scalar diagnostics {'step': 698, 'time': 102.35219410342053, 'dt': 0.19634954084936207, 'total_energy': 8.011728286646207}
2026-06-08T12:47:49+12:00 scalar diagnostics {'step': 699, 'time': 102.5485436442699, 'dt': 0.19634954084936207, 'total_energy': 8.020997529472456}
2026-06-08T12:47:49+12:00 progress {'step': 700, 'time': 102.74489318511927, 'dt': 0.19634954084936207}
2026-06-08T12:47:49+12:00 scalar diagnostics {'step': 701, 'time': 102.94124272596864, 'dt': 0.19634954084936207, 'total_energy': 8.036893614094145}
2026-06-08T12:47:49+12:00 scalar diagnostics {'step': 702, 'time': 103.137592266818, 'dt': 0.19634954084936207, 'total_energy': 8.047354813422533}
2026-06-08T12:47:49+12:00 scalar diagnostics {'step': 703, 'time': 103.33394180766737, 'dt': 0.19634954084936207, 'total_energy': 8.060042164284464}
2026-06-08T12:47:49+12:00 scalar diagnostics {'step': 704, 'time': 103.53029134851674, 'dt': 0.19634954084936207, 'total_energy': 8.074881110735726}
2026-06-08T12:47:49+12:00 scalar diagnostics {'step': 706, 'time': 103.92299043021548, 'dt': 0.19634954084936207, 'total_energy': 8.113708484714259}
2026-06-08T12:47:49+12:00 scalar diagnostics {'step': 707, 'time': 104.11933997106485, 'dt': 0.19634954084936207, 'total_energy': 8.139835382771222}
2026-06-08T12:47:49+12:00 scalar diagnostics {'step': 708, 'time': 104.31568951191421, 'dt': 0.19634954084936207, 'total_energy': 8.17020915941714}
2026-06-08T12:47:49+12:00 scalar diagnostics {'step': 709, 'time': 104.51203905276358, 'dt': 0.19634954084936207, 'total_energy': 8.202088882222087}
2026-06-08T12:47:49+12:00 scalar diagnostics {'step': 711, 'time': 104.90473813446232, 'dt': 0.19634954084936207, 'total_energy': 8.253590689365222}
2026-06-08T12:47:49+12:00 scalar diagnostics {'step': 712, 'time': 105.10108767531169, 'dt': 0.19634954084936207, 'total_energy': 8.267434512122842}
2026-06-08T12:47:49+12:00 scalar diagnostics {'step': 713, 'time': 105.29743721616106, 'dt': 0.19634954084936207, 'total_energy': 8.27395048966259}
2026-06-08T12:47:49+12:00 scalar diagnostics {'step': 715, 'time': 105.6901362978598, 'dt': 0.19634954084936207, 'total_energy': 8.278687190162369}
2026-06-08T12:47:49+12:00 scalar diagnostics {'step': 716, 'time': 105.88648583870916, 'dt': 0.19634954084936207, 'total_energy': 8.282814288486556}
2026-06-08T12:47:49+12:00 scalar diagnostics {'step': 717, 'time': 106.08283537955853, 'dt': 0.19634954084936207, 'total_energy': 8.289564936612324}
2026-06-08T12:47:49+12:00 scalar diagnostics {'step': 718, 'time': 106.2791849204079, 'dt': 0.19634954084936207, 'total_energy': 8.298936409250018}
2026-06-08T12:47:49+12:00 scalar diagnostics {'step': 720, 'time': 106.67188400210664, 'dt': 0.19634954084936207, 'total_energy': 8.328259710603936}
2026-06-08T12:47:49+12:00 scalar diagnostics {'step': 721, 'time': 106.868233542956, 'dt': 0.19634954084936207, 'total_energy': 8.351224515393605}
2026-06-08T12:47:49+12:00 scalar diagnostics {'step': 722, 'time': 107.06458308380537, 'dt': 0.19634954084936207, 'total_energy': 8.380378943368642}
2026-06-08T12:47:49+12:00 scalar diagnostics {'step': 723, 'time': 107.26093262465474, 'dt': 0.19634954084936207, 'total_energy': 8.414226995451145}
2026-06-08T12:47:49+12:00 scalar diagnostics {'step': 725, 'time': 107.65363170635348, 'dt': 0.19634954084936207, 'total_energy': 8.482960963720748}
2026-06-08T12:47:49+12:00 scalar diagnostics {'step': 726, 'time': 107.84998124720285, 'dt': 0.19634954084936207, 'total_energy': 8.511200419458454}
2026-06-08T12:47:49+12:00 scalar diagnostics {'step': 727, 'time': 108.04633078805222, 'dt': 0.19634954084936207, 'total_energy': 8.532906429315059}
2026-06-08T12:47:49+12:00 scalar diagnostics {'step': 729, 'time': 108.43902986975095, 'dt': 0.19634954084936207, 'total_energy': 8.55820821848202}
2026-06-08T12:47:49+12:00 scalar diagnostics {'step': 730, 'time': 108.63537941060032, 'dt': 0.19634954084936207, 'total_energy': 8.564435594464003}
2026-06-08T12:47:49+12:00 scalar diagnostics {'step': 731, 'time': 108.83172895144969, 'dt': 0.19634954084936207, 'total_energy': 8.56831022223737}
2026-06-08T12:47:49+12:00 scalar diagnostics {'step': 732, 'time': 109.02807849229906, 'dt': 0.19634954084936207, 'total_energy': 8.5711528045607}
2026-06-08T12:47:50+12:00 scalar diagnostics {'step': 734, 'time': 109.4207775739978, 'dt': 0.19634954084936207, 'total_energy': 8.580651153123277}
2026-06-08T12:47:50+12:00 scalar diagnostics {'step': 735, 'time': 109.61712711484716, 'dt': 0.19634954084936207, 'total_energy': 8.591272125421268}
2026-06-08T12:47:50+12:00 scalar diagnostics {'step': 736, 'time': 109.81347665569653, 'dt': 0.19634954084936207, 'total_energy': 8.607672043854036}
2026-06-08T12:47:50+12:00 scalar diagnostics {'step': 737, 'time': 110.0098261965459, 'dt': 0.19634954084936207, 'total_energy': 8.629762665892436}
2026-06-08T12:47:50+12:00 scalar diagnostics {'step': 739, 'time': 110.40252527824464, 'dt': 0.19634954084936207, 'total_energy': 8.684647889377533}
2026-06-08T12:47:50+12:00 scalar diagnostics {'step': 740, 'time': 110.59887481909401, 'dt': 0.19634954084936207, 'total_energy': 8.712965969357455}
2026-06-08T12:47:50+12:00 scalar diagnostics {'step': 741, 'time': 110.79522435994338, 'dt': 0.19634954084936207, 'total_energy': 8.739530085739295}
2026-06-08T12:47:50+12:00 scalar diagnostics {'step': 743, 'time': 111.18792344164211, 'dt': 0.19634954084936207, 'total_energy': 8.784647804965765}
2026-06-08T12:47:50+12:00 scalar diagnostics {'step': 744, 'time': 111.38427298249148, 'dt': 0.19634954084936207, 'total_energy': 8.804572629011535}
2026-06-08T12:47:50+12:00 scalar diagnostics {'step': 745, 'time': 111.58062252334085, 'dt': 0.19634954084936207, 'total_energy': 8.824550620697652}
2026-06-08T12:47:50+12:00 scalar diagnostics {'step': 746, 'time': 111.77697206419022, 'dt': 0.19634954084936207, 'total_energy': 8.845671597144866}
2026-06-08T12:47:50+12:00 scalar diagnostics {'step': 748, 'time': 112.16967114588896, 'dt': 0.19634954084936207, 'total_energy': 8.891919471700168}
2026-06-08T12:47:50+12:00 scalar diagnostics {'step': 749, 'time': 112.36602068673832, 'dt': 0.19634954084936207, 'total_energy': 8.916036441300577}
2026-06-08T12:47:50+12:00 scalar diagnostics {'step': 750, 'time': 112.56237022758769, 'dt': 0.19634954084936207, 'total_energy': 8.940172465992095}
2026-06-08T12:47:50+12:00 scalar diagnostics {'step': 751, 'time': 112.75871976843706, 'dt': 0.19634954084936207, 'total_energy': 8.964291407205177}
2026-06-08T12:47:50+12:00 scalar diagnostics {'step': 753, 'time': 113.1514188501358, 'dt': 0.19634954084936207, 'total_energy': 9.010490034917083}
2026-06-08T12:47:50+12:00 scalar diagnostics {'step': 754, 'time': 113.34776839098517, 'dt': 0.19634954084936207, 'total_energy': 9.030468226097849}
2026-06-08T12:47:50+12:00 scalar diagnostics {'step': 755, 'time': 113.54411793183453, 'dt': 0.19634954084936207, 'total_energy': 9.046442457050517}
2026-06-08T12:47:50+12:00 scalar diagnostics {'step': 757, 'time': 113.93681701353327, 'dt': 0.19634954084936207, 'total_energy': 9.064276393223668}
2026-06-08T12:47:50+12:00 scalar diagnostics {'step': 758, 'time': 114.13316655438264, 'dt': 0.19634954084936207, 'total_energy': 9.068452692989117}
2026-06-08T12:47:50+12:00 scalar diagnostics {'step': 759, 'time': 114.32951609523201, 'dt': 0.19634954084936207, 'total_energy': 9.072872822717251}
2026-06-08T12:47:50+12:00 scalar diagnostics {'step': 760, 'time': 114.52586563608138, 'dt': 0.19634954084936207, 'total_energy': 9.08025283161406}
2026-06-08T12:47:50+12:00 scalar diagnostics {'step': 762, 'time': 114.91856471778011, 'dt': 0.19634954084936207, 'total_energy': 9.109722298357998}
2026-06-08T12:47:50+12:00 scalar diagnostics {'step': 763, 'time': 115.11491425862948, 'dt': 0.19634954084936207, 'total_energy': 9.131930021229731}
2026-06-08T12:47:50+12:00 scalar diagnostics {'step': 764, 'time': 115.31126379947885, 'dt': 0.19634954084936207, 'total_energy': 9.158605161194592}
2026-06-08T12:47:50+12:00 scalar diagnostics {'step': 765, 'time': 115.50761334032822, 'dt': 0.19634954084936207, 'total_energy': 9.189767197984134}
2026-06-08T12:47:50+12:00 scalar diagnostics {'step': 767, 'time': 115.90031242202696, 'dt': 0.19634954084936207, 'total_energy': 9.2652419969262}
2026-06-08T12:47:50+12:00 scalar diagnostics {'step': 768, 'time': 116.09666196287633, 'dt': 0.19634954084936207, 'total_energy': 9.306608118806048}
2026-06-08T12:47:50+12:00 scalar diagnostics {'step': 769, 'time': 116.2930115037257, 'dt': 0.19634954084936207, 'total_energy': 9.346001479549063}
2026-06-08T12:47:50+12:00 scalar diagnostics {'step': 771, 'time': 116.68571058542443, 'dt': 0.19634954084936207, 'total_energy': 9.405445685777126}
2026-06-08T12:47:50+12:00 scalar diagnostics {'step': 772, 'time': 116.8820601262738, 'dt': 0.19634954084936207, 'total_energy': 9.423173459316235}
2026-06-08T12:47:50+12:00 scalar diagnostics {'step': 773, 'time': 117.07840966712317, 'dt': 0.19634954084936207, 'total_energy': 9.434723716063534}
2026-06-08T12:47:50+12:00 scalar diagnostics {'step': 774, 'time': 117.27475920797254, 'dt': 0.19634954084936207, 'total_energy': 9.442568651020999}
2026-06-08T12:47:50+12:00 scalar diagnostics {'step': 776, 'time': 117.66745828967127, 'dt': 0.19634954084936207, 'total_energy': 9.453860971699282}
2026-06-08T12:47:50+12:00 scalar diagnostics {'step': 777, 'time': 117.86380783052064, 'dt': 0.19634954084936207, 'total_energy': 9.45924058852477}
2026-06-08T12:47:50+12:00 scalar diagnostics {'step': 778, 'time': 118.06015737137001, 'dt': 0.19634954084936207, 'total_energy': 9.466210805657736}
2026-06-08T12:47:50+12:00 scalar diagnostics {'step': 779, 'time': 118.25650691221938, 'dt': 0.19634954084936207, 'total_energy': 9.476937481456368}
2026-06-08T12:47:50+12:00 scalar diagnostics {'step': 781, 'time': 118.64920599391812, 'dt': 0.19634954084936207, 'total_energy': 9.51670563999021}
2026-06-08T12:47:50+12:00 scalar diagnostics {'step': 782, 'time': 118.84555553476748, 'dt': 0.19634954084936207, 'total_energy': 9.545369369250874}
2026-06-08T12:47:50+12:00 scalar diagnostics {'step': 783, 'time': 119.04190507561685, 'dt': 0.19634954084936207, 'total_energy': 9.576776080048909}
2026-06-08T12:47:50+12:00 scalar diagnostics {'step': 785, 'time': 119.43460415731559, 'dt': 0.19634954084936207, 'total_energy': 9.637210105320063}
2026-06-08T12:47:50+12:00 scalar diagnostics {'step': 786, 'time': 119.63095369816496, 'dt': 0.19634954084936207, 'total_energy': 9.664508754839932}
2026-06-08T12:47:50+12:00 scalar diagnostics {'step': 787, 'time': 119.82730323901433, 'dt': 0.19634954084936207, 'total_energy': 9.691273921481711}
2026-06-08T12:47:50+12:00 scalar diagnostics {'step': 788, 'time': 120.0236527798637, 'dt': 0.19634954084936207, 'total_energy': 9.71892583007142}
2026-06-08T12:47:50+12:00 scalar diagnostics {'step': 790, 'time': 120.41635186156243, 'dt': 0.19634954084936207, 'total_energy': 9.77634413180552}
2026-06-08T12:47:50+12:00 scalar diagnostics {'step': 791, 'time': 120.6127014024118, 'dt': 0.19634954084936207, 'total_energy': 9.802971036727786}
2026-06-08T12:47:50+12:00 scalar diagnostics {'step': 792, 'time': 120.80905094326117, 'dt': 0.19634954084936207, 'total_energy': 9.826236467777438}
2026-06-08T12:47:50+12:00 scalar diagnostics {'step': 793, 'time': 121.00540048411054, 'dt': 0.19634954084936207, 'total_energy': 9.846126816581574}
2026-06-08T12:47:50+12:00 scalar diagnostics {'step': 795, 'time': 121.39809956580928, 'dt': 0.19634954084936207, 'total_energy': 9.880534205963727}
2026-06-08T12:47:50+12:00 scalar diagnostics {'step': 796, 'time': 121.59444910665864, 'dt': 0.19634954084936207, 'total_energy': 9.897238550247694}
2026-06-08T12:47:50+12:00 scalar diagnostics {'step': 797, 'time': 121.79079864750801, 'dt': 0.19634954084936207, 'total_energy': 9.913844357213637}
2026-06-08T12:47:50+12:00 scalar diagnostics {'step': 799, 'time': 122.18349772920675, 'dt': 0.19634954084936207, 'total_energy': 9.944938460064884}
2026-06-08T12:47:50+12:00 progress {'step': 800, 'time': 122.37984727005612, 'dt': 0.19634954084936207}
2026-06-08T12:47:50+12:00 scalar diagnostics {'step': 800, 'time': 122.37984727005612, 'dt': 0.19634954084936207, 'total_energy': 9.95918239702484}
2026-06-08T12:47:50+12:00 scalar diagnostics {'step': 801, 'time': 122.57619681090549, 'dt': 0.19634954084936207, 'total_energy': 9.973251879144806}
2026-06-08T12:47:50+12:00 scalar diagnostics {'step': 802, 'time': 122.77254635175485, 'dt': 0.19634954084936207, 'total_energy': 9.987646072767555}
2026-06-08T12:47:50+12:00 scalar diagnostics {'step': 804, 'time': 123.16524543345359, 'dt': 0.19634954084936207, 'total_energy': 10.020159024571239}
2026-06-08T12:47:50+12:00 scalar diagnostics {'step': 805, 'time': 123.36159497430296, 'dt': 0.19634954084936207, 'total_energy': 10.040136892348576}
2026-06-08T12:47:50+12:00 scalar diagnostics {'step': 806, 'time': 123.55794451515233, 'dt': 0.19634954084936207, 'total_energy': 10.064351307727168}
2026-06-08T12:47:50+12:00 scalar diagnostics {'step': 807, 'time': 123.7542940560017, 'dt': 0.19634954084936207, 'total_energy': 10.094146436142784}
2026-06-08T12:47:51+12:00 scalar diagnostics {'step': 809, 'time': 124.14699313770043, 'dt': 0.19634954084936207, 'total_energy': 10.1719577348494}
2026-06-08T12:47:51+12:00 scalar diagnostics {'step': 810, 'time': 124.3433426785498, 'dt': 0.19634954084936207, 'total_energy': 10.217429930313099}
2026-06-08T12:47:51+12:00 scalar diagnostics {'step': 811, 'time': 124.53969221939917, 'dt': 0.19634954084936207, 'total_energy': 10.263568686246952}
2026-06-08T12:47:51+12:00 scalar diagnostics {'step': 813, 'time': 124.93239130109791, 'dt': 0.19634954084936207, 'total_energy': 10.343715883761316}
2026-06-08T12:47:51+12:00 scalar diagnostics {'step': 814, 'time': 125.12874084194728, 'dt': 0.19634954084936207, 'total_energy': 10.37237974705306}
2026-06-08T12:47:51+12:00 scalar diagnostics {'step': 815, 'time': 125.32509038279665, 'dt': 0.19634954084936207, 'total_energy': 10.391987723989313}
2026-06-08T12:47:51+12:00 scalar diagnostics {'step': 816, 'time': 125.52143992364601, 'dt': 0.19634954084936207, 'total_energy': 10.403244942030872}
2026-06-08T12:47:51+12:00 scalar diagnostics {'step': 818, 'time': 125.91413900534475, 'dt': 0.19634954084936207, 'total_energy': 10.408858468269349}
2026-06-08T12:47:51+12:00 scalar diagnostics {'step': 819, 'time': 126.11048854619412, 'dt': 0.19634954084936207, 'total_energy': 10.4085102830628}
2026-06-08T12:47:51+12:00 scalar diagnostics {'step': 820, 'time': 126.30683808704349, 'dt': 0.19634954084936207, 'total_energy': 10.409495721276064}
2026-06-08T12:47:51+12:00 scalar diagnostics {'step': 821, 'time': 126.50318762789286, 'dt': 0.19634954084936207, 'total_energy': 10.413995066767463}
2026-06-08T12:47:51+12:00 scalar diagnostics {'step': 823, 'time': 126.8958867095916, 'dt': 0.19634954084936207, 'total_energy': 10.439623783014248}
2026-06-08T12:47:51+12:00 scalar diagnostics {'step': 824, 'time': 127.09223625044096, 'dt': 0.19634954084936207, 'total_energy': 10.46267306227198}
2026-06-08T12:47:51+12:00 scalar diagnostics {'step': 825, 'time': 127.28858579129033, 'dt': 0.19634954084936207, 'total_energy': 10.492530349950169}
2026-06-08T12:47:51+12:00 scalar diagnostics {'step': 827, 'time': 127.68128487298907, 'dt': 0.19634954084936207, 'total_energy': 10.565920137795278}
2026-06-08T12:47:51+12:00 scalar diagnostics {'step': 828, 'time': 127.87763441383844, 'dt': 0.19634954084936207, 'total_energy': 10.604092977514403}
2026-06-08T12:47:51+12:00 scalar diagnostics {'step': 829, 'time': 128.0739839546878, 'dt': 0.19634954084936207, 'total_energy': 10.640001699362607}
2026-06-08T12:47:51+12:00 scalar diagnostics {'step': 830, 'time': 128.27033349553716, 'dt': 0.19634954084936207, 'total_energy': 10.67265289317637}
2026-06-08T12:47:51+12:00 scalar diagnostics {'step': 832, 'time': 128.66303257723587, 'dt': 0.19634954084936207, 'total_energy': 10.730254362660954}
2026-06-08T12:47:51+12:00 scalar diagnostics {'step': 833, 'time': 128.85938211808522, 'dt': 0.19634954084936207, 'total_energy': 10.756606072631195}
2026-06-08T12:47:51+12:00 scalar diagnostics {'step': 834, 'time': 129.05573165893458, 'dt': 0.19634954084936207, 'total_energy': 10.78146540782944}
2026-06-08T12:47:51+12:00 scalar diagnostics {'step': 835, 'time': 129.25208119978393, 'dt': 0.19634954084936207, 'total_energy': 10.804336856904474}
2026-06-08T12:47:51+12:00 scalar diagnostics {'step': 837, 'time': 129.64478028148264, 'dt': 0.19634954084936207, 'total_energy': 10.844088361719834}
2026-06-08T12:47:51+12:00 scalar diagnostics {'step': 838, 'time': 129.841129822332, 'dt': 0.19634954084936207, 'total_energy': 10.862879098528012}
2026-06-08T12:47:51+12:00 scalar diagnostics {'step': 839, 'time': 130.03747936318135, 'dt': 0.19634954084936207, 'total_energy': 10.882632943821022}
2026-06-08T12:47:51+12:00 scalar diagnostics {'step': 841, 'time': 130.43017844488006, 'dt': 0.19634954084936207, 'total_energy': 10.925156375001885}
2026-06-08T12:47:51+12:00 scalar diagnostics {'step': 842, 'time': 130.6265279857294, 'dt': 0.19634954084936207, 'total_energy': 10.945285903896123}
2026-06-08T12:47:51+12:00 scalar diagnostics {'step': 843, 'time': 130.82287752657876, 'dt': 0.19634954084936207, 'total_energy': 10.962708240210342}
2026-06-08T12:47:51+12:00 scalar diagnostics {'step': 844, 'time': 131.01922706742812, 'dt': 0.19634954084936207, 'total_energy': 10.977381899145486}
2026-06-08T12:47:51+12:00 scalar diagnostics {'step': 846, 'time': 131.41192614912683, 'dt': 0.19634954084936207, 'total_energy': 11.005277316319804}
2026-06-08T12:47:51+12:00 scalar diagnostics {'step': 847, 'time': 131.60827568997618, 'dt': 0.19634954084936207, 'total_energy': 11.022981008451554}
2026-06-08T12:47:51+12:00 scalar diagnostics {'step': 848, 'time': 131.80462523082554, 'dt': 0.19634954084936207, 'total_energy': 11.04511424037977}
2026-06-08T12:47:51+12:00 scalar diagnostics {'step': 849, 'time': 132.0009747716749, 'dt': 0.19634954084936207, 'total_energy': 11.071967201816092}
2026-06-08T12:47:51+12:00 scalar diagnostics {'step': 851, 'time': 132.3936738533736, 'dt': 0.19634954084936207, 'total_energy': 11.139555107118014}
2026-06-08T12:47:51+12:00 scalar diagnostics {'step': 852, 'time': 132.59002339422295, 'dt': 0.19634954084936207, 'total_energy': 11.180069325197996}
2026-06-08T12:47:51+12:00 scalar diagnostics {'step': 853, 'time': 132.7863729350723, 'dt': 0.19634954084936207, 'total_energy': 11.224028842079633}
2026-06-08T12:47:51+12:00 scalar diagnostics {'step': 855, 'time': 133.17907201677102, 'dt': 0.19634954084936207, 'total_energy': 11.311422022819265}
2026-06-08T12:47:51+12:00 scalar diagnostics {'step': 856, 'time': 133.37542155762037, 'dt': 0.19634954084936207, 'total_energy': 11.347048396503931}
2026-06-08T12:47:51+12:00 scalar diagnostics {'step': 857, 'time': 133.57177109846972, 'dt': 0.19634954084936207, 'total_energy': 11.37298027033938}
2026-06-08T12:47:51+12:00 scalar diagnostics {'step': 858, 'time': 133.76812063931908, 'dt': 0.19634954084936207, 'total_energy': 11.388530742196593}
2026-06-08T12:47:51+12:00 scalar diagnostics {'step': 860, 'time': 134.1608197210178, 'dt': 0.19634954084936207, 'total_energy': 11.397087601526183}
2026-06-08T12:47:51+12:00 scalar diagnostics {'step': 861, 'time': 134.35716926186714, 'dt': 0.19634954084936207, 'total_energy': 11.397125684512773}
2026-06-08T12:47:51+12:00 scalar diagnostics {'step': 862, 'time': 134.5535188027165, 'dt': 0.19634954084936207, 'total_energy': 11.398548207566984}
2026-06-08T12:47:51+12:00 scalar diagnostics {'step': 864, 'time': 134.9462178844152, 'dt': 0.19634954084936207, 'total_energy': 11.413286058360884}
2026-06-08T12:47:51+12:00 scalar diagnostics {'step': 865, 'time': 135.14256742526456, 'dt': 0.19634954084936207, 'total_energy': 11.429413373616502}
2026-06-08T12:47:51+12:00 scalar diagnostics {'step': 866, 'time': 135.3389169661139, 'dt': 0.19634954084936207, 'total_energy': 11.452961953673574}
2026-06-08T12:47:51+12:00 scalar diagnostics {'step': 867, 'time': 135.53526650696327, 'dt': 0.19634954084936207, 'total_energy': 11.484433256778045}
2026-06-08T12:47:51+12:00 scalar diagnostics {'step': 869, 'time': 135.92796558866198, 'dt': 0.19634954084936207, 'total_energy': 11.56681499414937}
2026-06-08T12:47:51+12:00 scalar diagnostics {'step': 870, 'time': 136.12431512951133, 'dt': 0.19634954084936207, 'total_energy': 11.612426031901212}
2026-06-08T12:47:51+12:00 scalar diagnostics {'step': 871, 'time': 136.32066467036069, 'dt': 0.19634954084936207, 'total_energy': 11.656828356324876}
2026-06-08T12:47:51+12:00 scalar diagnostics {'step': 872, 'time': 136.51701421121004, 'dt': 0.19634954084936207, 'total_energy': 11.697305047249664}
2026-06-08T12:47:51+12:00 scalar diagnostics {'step': 874, 'time': 136.90971329290875, 'dt': 0.19634954084936207, 'total_energy': 11.761676632294945}
2026-06-08T12:47:51+12:00 scalar diagnostics {'step': 875, 'time': 137.1060628337581, 'dt': 0.19634954084936207, 'total_energy': 11.785275330387217}
2026-06-08T12:47:51+12:00 scalar diagnostics {'step': 876, 'time': 137.30241237460746, 'dt': 0.19634954084936207, 'total_energy': 11.803749308651973}
2026-06-08T12:47:51+12:00 scalar diagnostics {'step': 878, 'time': 137.69511145630617, 'dt': 0.19634954084936207, 'total_energy': 11.829543942991167}
2026-06-08T12:47:51+12:00 scalar diagnostics {'step': 879, 'time': 137.89146099715552, 'dt': 0.19634954084936207, 'total_energy': 11.840265396726611}
2026-06-08T12:47:51+12:00 scalar diagnostics {'step': 880, 'time': 138.08781053800487, 'dt': 0.19634954084936207, 'total_energy': 11.852366020476307}
2026-06-08T12:47:51+12:00 scalar diagnostics {'step': 881, 'time': 138.28416007885423, 'dt': 0.19634954084936207, 'total_energy': 11.867660784825997}
2026-06-08T12:47:52+12:00 scalar diagnostics {'step': 883, 'time': 138.67685916055294, 'dt': 0.19634954084936207, 'total_energy': 11.910195852291096}
2026-06-08T12:47:52+12:00 scalar diagnostics {'step': 884, 'time': 138.8732087014023, 'dt': 0.19634954084936207, 'total_energy': 11.935593674340586}
2026-06-08T12:47:52+12:00 scalar diagnostics {'step': 885, 'time': 139.06955824225165, 'dt': 0.19634954084936207, 'total_energy': 11.961262710018017}
2026-06-08T12:47:52+12:00 scalar diagnostics {'step': 886, 'time': 139.265907783101, 'dt': 0.19634954084936207, 'total_energy': 11.985526623396078}
2026-06-08T12:47:52+12:00 scalar diagnostics {'step': 888, 'time': 139.6586068647997, 'dt': 0.19634954084936207, 'total_energy': 12.028367852187914}
2026-06-08T12:47:52+12:00 scalar diagnostics {'step': 889, 'time': 139.85495640564906, 'dt': 0.19634954084936207, 'total_energy': 12.048988205573773}
2026-06-08T12:47:52+12:00 scalar diagnostics {'step': 890, 'time': 140.05130594649842, 'dt': 0.19634954084936207, 'total_energy': 12.071308322396302}
2026-06-08T12:47:52+12:00 scalar diagnostics {'step': 892, 'time': 140.44400502819713, 'dt': 0.19634954084936207, 'total_energy': 12.125325824115528}
2026-06-08T12:47:52+12:00 scalar diagnostics {'step': 893, 'time': 140.64035456904648, 'dt': 0.19634954084936207, 'total_energy': 12.157117133201343}
2026-06-08T12:47:52+12:00 scalar diagnostics {'step': 894, 'time': 140.83670410989583, 'dt': 0.19634954084936207, 'total_energy': 12.19102330015214}
2026-06-08T12:47:52+12:00 scalar diagnostics {'step': 895, 'time': 141.0330536507452, 'dt': 0.19634954084936207, 'total_energy': 12.225908028541333}
2026-06-08T12:47:52+12:00 scalar diagnostics {'step': 897, 'time': 141.4257527324439, 'dt': 0.19634954084936207, 'total_energy': 12.294071061710378}
2026-06-08T12:47:52+12:00 scalar diagnostics {'step': 898, 'time': 141.62210227329325, 'dt': 0.19634954084936207, 'total_energy': 12.32496149807814}
2026-06-08T12:47:52+12:00 scalar diagnostics {'step': 899, 'time': 141.8184518141426, 'dt': 0.19634954084936207, 'total_energy': 12.351999464429495}
2026-06-08T12:47:52+12:00 progress {'step': 900, 'time': 142.01480135499196, 'dt': 0.19634954084936207}
2026-06-08T12:47:52+12:00 scalar diagnostics {'step': 900, 'time': 142.01480135499196, 'dt': 0.19634954084936207, 'total_energy': 12.374098113282063}
2026-06-08T12:47:52+12:00 scalar diagnostics {'step': 902, 'time': 142.40750043669067, 'dt': 0.19634954084936207, 'total_energy': 12.403069841578805}
2026-06-08T12:47:52+12:00 scalar diagnostics {'step': 903, 'time': 142.60384997754002, 'dt': 0.19634954084936207, 'total_energy': 12.412224892160326}
2026-06-08T12:47:52+12:00 scalar diagnostics {'step': 904, 'time': 142.80019951838938, 'dt': 0.19634954084936207, 'total_energy': 12.420779917937942}
2026-06-08T12:47:52+12:00 scalar diagnostics {'step': 906, 'time': 143.19289860008809, 'dt': 0.19634954084936207, 'total_energy': 12.445097438410151}
2026-06-08T12:47:52+12:00 scalar diagnostics {'step': 907, 'time': 143.38924814093744, 'dt': 0.19634954084936207, 'total_energy': 12.463873624582082}
2026-06-08T12:47:52+12:00 scalar diagnostics {'step': 908, 'time': 143.5855976817868, 'dt': 0.19634954084936207, 'total_energy': 12.488133756413887}
2026-06-08T12:47:52+12:00 scalar diagnostics {'step': 909, 'time': 143.78194722263615, 'dt': 0.19634954084936207, 'total_energy': 12.51834253291312}
2026-06-08T12:47:52+12:00 scalar diagnostics {'step': 911, 'time': 144.17464630433486, 'dt': 0.19634954084936207, 'total_energy': 12.596825833258906}
2026-06-08T12:47:52+12:00 scalar diagnostics {'step': 912, 'time': 144.3709958451842, 'dt': 0.19634954084936207, 'total_energy': 12.642892579618245}
2026-06-08T12:47:52+12:00 scalar diagnostics {'step': 913, 'time': 144.56734538603357, 'dt': 0.19634954084936207, 'total_energy': 12.689839701853682}
2026-06-08T12:47:52+12:00 scalar diagnostics {'step': 914, 'time': 144.76369492688292, 'dt': 0.19634954084936207, 'total_energy': 12.733799335827657}
2026-06-08T12:47:52+12:00 scalar diagnostics {'step': 916, 'time': 145.15639400858163, 'dt': 0.19634954084936207, 'total_energy': 12.79980592704408}
2026-06-08T12:47:52+12:00 scalar diagnostics {'step': 917, 'time': 145.35274354943098, 'dt': 0.19634954084936207, 'total_energy': 12.81944309160611}
2026-06-08T12:47:52+12:00 scalar diagnostics {'step': 918, 'time': 145.54909309028034, 'dt': 0.19634954084936207, 'total_energy': 12.831620474641577}
2026-06-08T12:47:52+12:00 scalar diagnostics {'step': 920, 'time': 145.94179217197905, 'dt': 0.19634954084936207, 'total_energy': 12.843541556543162}
2026-06-08T12:47:52+12:00 scalar diagnostics {'step': 921, 'time': 146.1381417128284, 'dt': 0.19634954084936207, 'total_energy': 12.847830524310279}
2026-06-08T12:47:52+12:00 scalar diagnostics {'step': 922, 'time': 146.33449125367775, 'dt': 0.19634954084936207, 'total_energy': 12.853769636176878}
2026-06-08T12:47:52+12:00 scalar diagnostics {'step': 923, 'time': 146.5308407945271, 'dt': 0.19634954084936207, 'total_energy': 12.863182141855312}
2026-06-08T12:47:52+12:00 scalar diagnostics {'step': 925, 'time': 146.92353987622582, 'dt': 0.19634954084936207, 'total_energy': 12.898850934827571}
2026-06-08T12:47:52+12:00 scalar diagnostics {'step': 926, 'time': 147.11988941707517, 'dt': 0.19634954084936207, 'total_energy': 12.926378961838653}
2026-06-08T12:47:52+12:00 scalar diagnostics {'step': 927, 'time': 147.31623895792453, 'dt': 0.19634954084936207, 'total_energy': 12.959010614550191}
2026-06-08T12:47:52+12:00 scalar diagnostics {'step': 928, 'time': 147.51258849877388, 'dt': 0.19634954084936207, 'total_energy': 12.994298634494864}
2026-06-08T12:47:52+12:00 scalar diagnostics {'step': 930, 'time': 147.9052875804726, 'dt': 0.19634954084936207, 'total_energy': 13.063370696678161}
2026-06-08T12:47:52+12:00 scalar diagnostics {'step': 931, 'time': 148.10163712132194, 'dt': 0.19634954084936207, 'total_energy': 13.095135360694735}
2026-06-08T12:47:52+12:00 scalar diagnostics {'step': 932, 'time': 148.2979866621713, 'dt': 0.19634954084936207, 'total_energy': 13.125331813894416}
2026-06-08T12:47:52+12:00 scalar diagnostics {'step': 934, 'time': 148.69068574387, 'dt': 0.19634954084936207, 'total_energy': 13.183870319918453}
2026-06-08T12:47:52+12:00 scalar diagnostics {'step': 935, 'time': 148.88703528471936, 'dt': 0.19634954084936207, 'total_energy': 13.212575317366307}
2026-06-08T12:47:52+12:00 scalar diagnostics {'step': 936, 'time': 149.08338482556871, 'dt': 0.19634954084936207, 'total_energy': 13.240627086309146}
2026-06-08T12:47:52+12:00 scalar diagnostics {'step': 937, 'time': 149.27973436641807, 'dt': 0.19634954084936207, 'total_energy': 13.268000095874875}
2026-06-08T12:47:52+12:00 scalar diagnostics {'step': 939, 'time': 149.67243344811678, 'dt': 0.19634954084936207, 'total_energy': 13.321892581684374}
2026-06-08T12:47:52+12:00 scalar diagnostics {'step': 940, 'time': 149.86878298896613, 'dt': 0.19634954084936207, 'total_energy': 13.348506259404957}
2026-06-08T12:47:52+12:00 scalar diagnostics {'step': 941, 'time': 150.0651325298155, 'dt': 0.19634954084936207, 'total_energy': 13.373944377070462}
2026-06-08T12:47:52+12:00 scalar diagnostics {'step': 942, 'time': 150.26148207066484, 'dt': 0.19634954084936207, 'total_energy': 13.396820016080696}
2026-06-08T12:47:52+12:00 scalar diagnostics {'step': 944, 'time': 150.65418115236355, 'dt': 0.19634954084936207, 'total_energy': 13.431331751923114}
2026-06-08T12:47:52+12:00 scalar diagnostics {'step': 945, 'time': 150.8505306932129, 'dt': 0.19634954084936207, 'total_energy': 13.443686833070723}
2026-06-08T12:47:52+12:00 scalar diagnostics {'step': 946, 'time': 151.04688023406226, 'dt': 0.19634954084936207, 'total_energy': 13.454844597429265}
2026-06-08T12:47:52+12:00 scalar diagnostics {'step': 948, 'time': 151.43957931576097, 'dt': 0.19634954084936207, 'total_energy': 13.481156036193278}
2026-06-08T12:47:52+12:00 scalar diagnostics {'step': 949, 'time': 151.63592885661032, 'dt': 0.19634954084936207, 'total_energy': 13.499170884216527}
2026-06-08T12:47:52+12:00 scalar diagnostics {'step': 950, 'time': 151.83227839745967, 'dt': 0.19634954084936207, 'total_energy': 13.521705625428407}
2026-06-08T12:47:52+12:00 scalar diagnostics {'step': 951, 'time': 152.02862793830903, 'dt': 0.19634954084936207, 'total_energy': 13.549415994852243}
2026-06-08T12:47:52+12:00 scalar diagnostics {'step': 953, 'time': 152.42132702000774, 'dt': 0.19634954084936207, 'total_energy': 13.622349485672295}
2026-06-08T12:47:52+12:00 scalar diagnostics {'step': 954, 'time': 152.6176765608571, 'dt': 0.19634954084936207, 'total_energy': 13.666546668395624}
2026-06-08T12:47:52+12:00 scalar diagnostics {'step': 955, 'time': 152.81402610170645, 'dt': 0.19634954084936207, 'total_energy': 13.71332562036656}
2026-06-08T12:47:52+12:00 scalar diagnostics {'step': 956, 'time': 153.0103756425558, 'dt': 0.19634954084936207, 'total_energy': 13.759515658047418}
2026-06-08T12:47:52+12:00 scalar diagnostics {'step': 958, 'time': 153.4030747242545, 'dt': 0.19634954084936207, 'total_energy': 13.837039533643795}
2026-06-08T12:47:52+12:00 scalar diagnostics {'step': 959, 'time': 153.59942426510386, 'dt': 0.19634954084936207, 'total_energy': 13.86398829025703}
2026-06-08T12:47:52+12:00 scalar diagnostics {'step': 960, 'time': 153.79577380595322, 'dt': 0.19634954084936207, 'total_energy': 13.882539855115475}
2026-06-08T12:47:53+12:00 scalar diagnostics {'step': 962, 'time': 154.18847288765193, 'dt': 0.19634954084936207, 'total_energy': 13.901184304915747}
2026-06-08T12:47:53+12:00 scalar diagnostics {'step': 963, 'time': 154.38482242850128, 'dt': 0.19634954084936207, 'total_energy': 13.9062910946315}
2026-06-08T12:47:53+12:00 scalar diagnostics {'step': 964, 'time': 154.58117196935063, 'dt': 0.19634954084936207, 'total_energy': 13.912159232047221}
2026-06-08T12:47:53+12:00 scalar diagnostics {'step': 965, 'time': 154.7775215102, 'dt': 0.19634954084936207, 'total_energy': 13.921067185066807}
2026-06-08T12:47:53+12:00 scalar diagnostics {'step': 967, 'time': 155.1702205918987, 'dt': 0.19634954084936207, 'total_energy': 13.954485877779057}
2026-06-08T12:47:53+12:00 scalar diagnostics {'step': 968, 'time': 155.36657013274805, 'dt': 0.19634954084936207, 'total_energy': 13.980676863626979}
2026-06-08T12:47:53+12:00 scalar diagnostics {'step': 969, 'time': 155.5629196735974, 'dt': 0.19634954084936207, 'total_energy': 14.013030409240283}
2026-06-08T12:47:53+12:00 scalar diagnostics {'step': 970, 'time': 155.75926921444676, 'dt': 0.19634954084936207, 'total_energy': 14.05033027548684}
2026-06-08T12:47:53+12:00 scalar diagnostics {'step': 972, 'time': 156.15196829614547, 'dt': 0.19634954084936207, 'total_energy': 14.131809116078589}
2026-06-08T12:47:53+12:00 scalar diagnostics {'step': 973, 'time': 156.34831783699482, 'dt': 0.19634954084936207, 'total_energy': 14.171388750415492}
2026-06-08T12:47:53+12:00 scalar diagnostics {'step': 974, 'time': 156.54466737784418, 'dt': 0.19634954084936207, 'total_energy': 14.208090987732216}
2026-06-08T12:47:53+12:00 scalar diagnostics {'step': 976, 'time': 156.9373664595429, 'dt': 0.19634954084936207, 'total_energy': 14.271679475799571}
2026-06-08T12:47:53+12:00 scalar diagnostics {'step': 977, 'time': 157.13371600039224, 'dt': 0.19634954084936207, 'total_energy': 14.2993920642704}
2026-06-08T12:47:53+12:00 scalar diagnostics {'step': 978, 'time': 157.3300655412416, 'dt': 0.19634954084936207, 'total_energy': 14.325070416233864}
2026-06-08T12:47:53+12:00 scalar diagnostics {'step': 979, 'time': 157.52641508209095, 'dt': 0.19634954084936207, 'total_energy': 14.349021590901506}
2026-06-08T12:47:53+12:00 scalar diagnostics {'step': 981, 'time': 157.91911416378966, 'dt': 0.19634954084936207, 'total_energy': 14.392904438795567}
2026-06-08T12:47:53+12:00 scalar diagnostics {'step': 982, 'time': 158.115463704639, 'dt': 0.19634954084936207, 'total_energy': 14.41402709344713}
2026-06-08T12:47:53+12:00 scalar diagnostics {'step': 983, 'time': 158.31181324548837, 'dt': 0.19634954084936207, 'total_energy': 14.435513558354792}
2026-06-08T12:47:53+12:00 scalar diagnostics {'step': 984, 'time': 158.50816278633772, 'dt': 0.19634954084936207, 'total_energy': 14.457463436616768}
2026-06-08T12:47:53+12:00 scalar diagnostics {'step': 986, 'time': 158.90086186803643, 'dt': 0.19634954084936207, 'total_energy': 14.499707737942275}
2026-06-08T12:47:53+12:00 scalar diagnostics {'step': 987, 'time': 159.09721140888578, 'dt': 0.19634954084936207, 'total_energy': 14.517932293303026}
2026-06-08T12:47:53+12:00 scalar diagnostics {'step': 988, 'time': 159.29356094973514, 'dt': 0.19634954084936207, 'total_energy': 14.53385789978688}
2026-06-08T12:47:53+12:00 scalar diagnostics {'step': 990, 'time': 159.68626003143385, 'dt': 0.19634954084936207, 'total_energy': 14.56431823783576}
2026-06-08T12:47:53+12:00 scalar diagnostics {'step': 991, 'time': 159.8826095722832, 'dt': 0.19634954084936207, 'total_energy': 14.583322547470644}
2026-06-08T12:47:53+12:00 scalar diagnostics {'step': 992, 'time': 160.07895911313256, 'dt': 0.19634954084936207, 'total_energy': 14.607221662971615}
2026-06-08T12:47:53+12:00 scalar diagnostics {'step': 993, 'time': 160.2753086539819, 'dt': 0.19634954084936207, 'total_energy': 14.63690104653856}
2026-06-08T12:47:53+12:00 scalar diagnostics {'step': 995, 'time': 160.66800773568062, 'dt': 0.19634954084936207, 'total_energy': 14.71357799579254}
2026-06-08T12:47:53+12:00 scalar diagnostics {'step': 996, 'time': 160.86435727652997, 'dt': 0.19634954084936207, 'total_energy': 14.759403401925386}
2026-06-08T12:47:53+12:00 scalar diagnostics {'step': 997, 'time': 161.06070681737933, 'dt': 0.19634954084936207, 'total_energy': 14.808591139673997}
2026-06-08T12:47:53+12:00 scalar diagnostics {'step': 998, 'time': 161.25705635822868, 'dt': 0.19634954084936207, 'total_energy': 14.858938476451002}
2026-06-08T12:47:53+12:00 progress {'step': 1000, 'time': 161.6497554399274, 'dt': 0.19634954084936207}
2026-06-08T12:47:53+12:00 scalar diagnostics {'step': 1000, 'time': 161.6497554399274, 'dt': 0.19634954084936207, 'total_energy': 14.950727579059759}
2026-06-08T12:47:53+12:00 scalar diagnostics {'step': 1001, 'time': 161.84610498077674, 'dt': 0.19634954084936207, 'total_energy': 14.986083155986258}
2026-06-08T12:47:53+12:00 scalar diagnostics {'step': 1002, 'time': 162.0424545216261, 'dt': 0.19634954084936207, 'total_energy': 15.012272774578033}
2026-06-08T12:47:53+12:00 scalar diagnostics {'step': 1004, 'time': 162.4351536033248, 'dt': 0.19634954084936207, 'total_energy': 15.040877893686815}
2026-06-08T12:47:53+12:00 scalar diagnostics {'step': 1005, 'time': 162.63150314417416, 'dt': 0.19634954084936207, 'total_energy': 15.048164205403394}
2026-06-08T12:47:53+12:00 scalar diagnostics {'step': 1006, 'time': 162.82785268502352, 'dt': 0.19634954084936207, 'total_energy': 15.054509878985892}
2026-06-08T12:47:53+12:00 scalar diagnostics {'step': 1007, 'time': 163.02420222587287, 'dt': 0.19634954084936207, 'total_energy': 15.062315996388447}
2026-06-08T12:47:53+12:00 scalar diagnostics {'step': 1009, 'time': 163.41690130757158, 'dt': 0.19634954084936207, 'total_energy': 15.090122663163102}
2026-06-08T12:47:53+12:00 scalar diagnostics {'step': 1010, 'time': 163.61325084842093, 'dt': 0.19634954084936207, 'total_energy': 15.113377619788093}
2026-06-08T12:47:53+12:00 scalar diagnostics {'step': 1011, 'time': 163.8096003892703, 'dt': 0.19634954084936207, 'total_energy': 15.144364814619468}
2026-06-08T12:47:53+12:00 scalar diagnostics {'step': 1012, 'time': 164.00594993011964, 'dt': 0.19634954084936207, 'total_energy': 15.182612811772483}
2026-06-08T12:47:53+12:00 scalar diagnostics {'step': 1014, 'time': 164.39864901181835, 'dt': 0.19634954084936207, 'total_energy': 15.273083338407686}
2026-06-08T12:47:53+12:00 scalar diagnostics {'step': 1015, 'time': 164.5949985526677, 'dt': 0.19634954084936207, 'total_energy': 15.319282777535566}
2026-06-08T12:47:53+12:00 scalar diagnostics {'step': 1016, 'time': 164.79134809351706, 'dt': 0.19634954084936207, 'total_energy': 15.362262038498153}
2026-06-08T12:47:53+12:00 scalar diagnostics {'step': 1018, 'time': 165.18404717521577, 'dt': 0.19634954084936207, 'total_energy': 15.432933768010107}
2026-06-08T12:47:53+12:00 scalar diagnostics {'step': 1019, 'time': 165.38039671606512, 'dt': 0.19634954084936207, 'total_energy': 15.460694833449402}
2026-06-08T12:47:53+12:00 scalar diagnostics {'step': 1020, 'time': 165.57674625691448, 'dt': 0.19634954084936207, 'total_energy': 15.484711260382642}
2026-06-08T12:47:53+12:00 scalar diagnostics {'step': 1021, 'time': 165.77309579776383, 'dt': 0.19634954084936207, 'total_energy': 15.506196211060486}
2026-06-08T12:47:53+12:00 scalar diagnostics {'step': 1023, 'time': 166.16579487946254, 'dt': 0.19634954084936207, 'total_energy': 15.547681432187971}
2026-06-08T12:47:53+12:00 scalar diagnostics {'step': 1024, 'time': 166.3621444203119, 'dt': 0.19634954084936207, 'total_energy': 15.570344292394081}
2026-06-08T12:47:53+12:00 scalar diagnostics {'step': 1025, 'time': 166.55849396116125, 'dt': 0.19634954084936207, 'total_energy': 15.595579677923602}
2026-06-08T12:47:53+12:00 scalar diagnostics {'step': 1026, 'time': 166.7548435020106, 'dt': 0.19634954084936207, 'total_energy': 15.623573254086889}
2026-06-08T12:47:53+12:00 scalar diagnostics {'step': 1028, 'time': 167.1475425837093, 'dt': 0.19634954084936207, 'total_energy': 15.68455910122643}
2026-06-08T12:47:53+12:00 scalar diagnostics {'step': 1029, 'time': 167.34389212455866, 'dt': 0.19634954084936207, 'total_energy': 15.714689746615424}
2026-06-08T12:47:53+12:00 scalar diagnostics {'step': 1030, 'time': 167.54024166540802, 'dt': 0.19634954084936207, 'total_energy': 15.742912935176822}
2026-06-08T12:47:53+12:00 scalar diagnostics {'step': 1032, 'time': 167.93294074710673, 'dt': 0.19634954084936207, 'total_energy': 15.793895702590065}
2026-06-08T12:47:54+12:00 scalar diagnostics {'step': 1033, 'time': 168.12929028795608, 'dt': 0.19634954084936207, 'total_energy': 15.818282802637354}
2026-06-08T12:47:54+12:00 scalar diagnostics {'step': 1034, 'time': 168.32563982880544, 'dt': 0.19634954084936207, 'total_energy': 15.843991926159621}
2026-06-08T12:47:54+12:00 scalar diagnostics {'step': 1035, 'time': 168.5219893696548, 'dt': 0.19634954084936207, 'total_energy': 15.872495208274527}
2026-06-08T12:47:54+12:00 scalar diagnostics {'step': 1037, 'time': 168.9146884513535, 'dt': 0.19634954084936207, 'total_energy': 15.941518500545348}
2026-06-08T12:47:54+12:00 scalar diagnostics {'step': 1038, 'time': 169.11103799220285, 'dt': 0.19634954084936207, 'total_energy': 15.982463155852294}
2026-06-08T12:47:54+12:00 scalar diagnostics {'step': 1039, 'time': 169.3073875330522, 'dt': 0.19634954084936207, 'total_energy': 16.02701794721063}
2026-06-08T12:47:54+12:00 scalar diagnostics {'step': 1040, 'time': 169.50373707390156, 'dt': 0.19634954084936207, 'total_energy': 16.0739187221388}
2026-06-08T12:47:54+12:00 scalar diagnostics {'step': 1042, 'time': 169.89643615560027, 'dt': 0.19634954084936207, 'total_energy': 16.166795209032685}
2026-06-08T12:47:54+12:00 scalar diagnostics {'step': 1043, 'time': 170.09278569644962, 'dt': 0.19634954084936207, 'total_energy': 16.20792776377622}
2026-06-08T12:47:54+12:00 scalar diagnostics {'step': 1044, 'time': 170.28913523729898, 'dt': 0.19634954084936207, 'total_energy': 16.242633815802023}
2026-06-08T12:47:54+12:00 scalar diagnostics {'step': 1046, 'time': 170.6818343189977, 'dt': 0.19634954084936207, 'total_energy': 16.289880471076792}
2026-06-08T12:47:54+12:00 scalar diagnostics {'step': 1047, 'time': 170.87818385984704, 'dt': 0.19634954084936207, 'total_energy': 16.304367080744022}
2026-06-08T12:47:54+12:00 scalar diagnostics {'step': 1048, 'time': 171.0745334006964, 'dt': 0.19634954084936207, 'total_energy': 16.315868494254442}
2026-06-08T12:47:54+12:00 scalar diagnostics {'step': 1049, 'time': 171.27088294154575, 'dt': 0.19634954084936207, 'total_energy': 16.327236604026897}
2026-06-08T12:47:54+12:00 scalar diagnostics {'step': 1051, 'time': 171.66358202324446, 'dt': 0.19634954084936207, 'total_energy': 16.35947424076534}
2026-06-08T12:47:54+12:00 scalar diagnostics {'step': 1052, 'time': 171.8599315640938, 'dt': 0.19634954084936207, 'total_energy': 16.38385346719128}
2026-06-08T12:47:54+12:00 scalar diagnostics {'step': 1053, 'time': 172.05628110494317, 'dt': 0.19634954084936207, 'total_energy': 16.41512921703362}
2026-06-08T12:47:54+12:00 scalar diagnostics {'step': 1054, 'time': 172.25263064579252, 'dt': 0.19634954084936207, 'total_energy': 16.45364097059283}
2026-06-08T12:47:54+12:00 scalar diagnostics {'step': 1056, 'time': 172.64532972749123, 'dt': 0.19634954084936207, 'total_energy': 16.54962092460138}
2026-06-08T12:47:54+12:00 scalar diagnostics {'step': 1057, 'time': 172.84167926834058, 'dt': 0.19634954084936207, 'total_energy': 16.60321094651335}
2026-06-08T12:47:54+12:00 scalar diagnostics {'step': 1058, 'time': 173.03802880918994, 'dt': 0.19634954084936207, 'total_energy': 16.656624090676424}
2026-06-08T12:47:54+12:00 scalar diagnostics {'step': 1060, 'time': 173.43072789088865, 'dt': 0.19634954084936207, 'total_energy': 16.751461075036083}
2026-06-08T12:47:54+12:00 scalar diagnostics {'step': 1061, 'time': 173.627077431738, 'dt': 0.19634954084936207, 'total_energy': 16.789676858812406}
2026-06-08T12:47:54+12:00 scalar diagnostics {'step': 1062, 'time': 173.82342697258736, 'dt': 0.19634954084936207, 'total_energy': 16.821734934395344}
2026-06-08T12:47:54+12:00 scalar diagnostics {'step': 1063, 'time': 174.0197765134367, 'dt': 0.19634954084936207, 'total_energy': 16.848914663249154}
2026-06-08T12:47:54+12:00 scalar diagnostics {'step': 1065, 'time': 174.41247559513542, 'dt': 0.19634954084936207, 'total_energy': 16.895414444303043}
2026-06-08T12:47:54+12:00 scalar diagnostics {'step': 1066, 'time': 174.60882513598477, 'dt': 0.19634954084936207, 'total_energy': 16.917999288029318}
2026-06-08T12:47:54+12:00 scalar diagnostics {'step': 1067, 'time': 174.80517467683413, 'dt': 0.19634954084936207, 'total_energy': 16.9420747932296}
2026-06-08T12:47:54+12:00 scalar diagnostics {'step': 1068, 'time': 175.00152421768348, 'dt': 0.19634954084936207, 'total_energy': 16.968842556530486}
2026-06-08T12:47:54+12:00 scalar diagnostics {'step': 1070, 'time': 175.3942232993822, 'dt': 0.19634954084936207, 'total_energy': 17.032742965455963}
2026-06-08T12:47:54+12:00 scalar diagnostics {'step': 1071, 'time': 175.59057284023154, 'dt': 0.19634954084936207, 'total_energy': 17.069295454555267}
2026-06-08T12:47:54+12:00 scalar diagnostics {'step': 1072, 'time': 175.7869223810809, 'dt': 0.19634954084936207, 'total_energy': 17.106858271332054}
2026-06-08T12:47:54+12:00 scalar diagnostics {'step': 1074, 'time': 176.1796214627796, 'dt': 0.19634954084936207, 'total_energy': 17.17894030699143}
2026-06-08T12:47:54+12:00 scalar diagnostics {'step': 1075, 'time': 176.37597100362896, 'dt': 0.19634954084936207, 'total_energy': 17.212261307582427}
2026-06-08T12:47:54+12:00 scalar diagnostics {'step': 1076, 'time': 176.57232054447832, 'dt': 0.19634954084936207, 'total_energy': 17.24457294597671}
2026-06-08T12:47:54+12:00 scalar diagnostics {'step': 1077, 'time': 176.76867008532767, 'dt': 0.19634954084936207, 'total_energy': 17.277207538103667}
2026-06-08T12:47:54+12:00 scalar diagnostics {'step': 1079, 'time': 177.16136916702638, 'dt': 0.19634954084936207, 'total_energy': 17.347974950696504}
2026-06-08T12:47:54+12:00 scalar diagnostics {'step': 1080, 'time': 177.35771870787573, 'dt': 0.19634954084936207, 'total_energy': 17.3871296693229}
2026-06-08T12:47:54+12:00 scalar diagnostics {'step': 1081, 'time': 177.5540682487251, 'dt': 0.19634954084936207, 'total_energy': 17.42864967464028}
2026-06-08T12:47:54+12:00 scalar diagnostics {'step': 1082, 'time': 177.75041778957444, 'dt': 0.19634954084936207, 'total_energy': 17.472302979697123}
2026-06-08T12:47:54+12:00 scalar diagnostics {'step': 1084, 'time': 178.14311687127315, 'dt': 0.19634954084936207, 'total_energy': 17.56344658887102}
2026-06-08T12:47:54+12:00 scalar diagnostics {'step': 1085, 'time': 178.3394664121225, 'dt': 0.19634954084936207, 'total_energy': 17.60861464298154}
2026-06-08T12:47:54+12:00 scalar diagnostics {'step': 1086, 'time': 178.53581595297186, 'dt': 0.19634954084936207, 'total_energy': 17.65127781798101}
2026-06-08T12:47:54+12:00 scalar diagnostics {'step': 1088, 'time': 178.92851503467057, 'dt': 0.19634954084936207, 'total_energy': 17.722935997748298}
2026-06-08T12:47:54+12:00 scalar diagnostics {'step': 1089, 'time': 179.12486457551992, 'dt': 0.19634954084936207, 'total_energy': 17.750894199268476}
2026-06-08T12:47:54+12:00 scalar diagnostics {'step': 1090, 'time': 179.32121411636928, 'dt': 0.19634954084936207, 'total_energy': 17.774770926321278}
2026-06-08T12:47:54+12:00 scalar diagnostics {'step': 1091, 'time': 179.51756365721863, 'dt': 0.19634954084936207, 'total_energy': 17.796838097822008}
2026-06-08T12:47:54+12:00 scalar diagnostics {'step': 1093, 'time': 179.91026273891734, 'dt': 0.19634954084936207, 'total_energy': 17.843650018723018}
2026-06-08T12:47:54+12:00 scalar diagnostics {'step': 1094, 'time': 180.1066122797667, 'dt': 0.19634954084936207, 'total_energy': 17.872314306845976}
2026-06-08T12:47:54+12:00 scalar diagnostics {'step': 1095, 'time': 180.30296182061605, 'dt': 0.19634954084936207, 'total_energy': 17.90641122468514}
2026-06-08T12:47:54+12:00 scalar diagnostics {'step': 1097, 'time': 180.69566090231476, 'dt': 0.19634954084936207, 'total_energy': 17.99375498945213}
2026-06-08T12:47:54+12:00 scalar diagnostics {'step': 1098, 'time': 180.8920104431641, 'dt': 0.19634954084936207, 'total_energy': 18.0466768400326}
2026-06-08T12:47:54+12:00 scalar diagnostics {'step': 1099, 'time': 181.08835998401347, 'dt': 0.19634954084936207, 'total_energy': 18.10398496173536}
2026-06-08T12:47:54+12:00 progress {'step': 1100, 'time': 181.28470952486282, 'dt': 0.19634954084936207}
2026-06-08T12:47:54+12:00 scalar diagnostics {'step': 1100, 'time': 181.28470952486282, 'dt': 0.19634954084936207, 'total_energy': 18.163162892605317}
2026-06-08T12:47:54+12:00 scalar diagnostics {'step': 1102, 'time': 181.67740860656153, 'dt': 0.19634954084936207, 'total_energy': 18.275416380747842}
2026-06-08T12:47:54+12:00 scalar diagnostics {'step': 1103, 'time': 181.87375814741088, 'dt': 0.19634954084936207, 'total_energy': 18.323253125060024}
2026-06-08T12:47:54+12:00 scalar diagnostics {'step': 1104, 'time': 182.07010768826024, 'dt': 0.19634954084936207, 'total_energy': 18.363908609692775}
2026-06-08T12:47:54+12:00 scalar diagnostics {'step': 1105, 'time': 182.2664572291096, 'dt': 0.19634954084936207, 'total_energy': 18.3977073456349}
2026-06-08T12:47:54+12:00 scalar diagnostics {'step': 1107, 'time': 182.6591563108083, 'dt': 0.19634954084936207, 'total_energy': 18.45064038942393}
2026-06-08T12:47:55+12:00 scalar diagnostics {'step': 1108, 'time': 182.85550585165765, 'dt': 0.19634954084936207, 'total_energy': 18.47381853190181}
2026-06-08T12:47:55+12:00 scalar diagnostics {'step': 1109, 'time': 183.051855392507, 'dt': 0.19634954084936207, 'total_energy': 18.497582623297102}
2026-06-08T12:47:55+12:00 scalar diagnostics {'step': 1111, 'time': 183.44455447420572, 'dt': 0.19634954084936207, 'total_energy': 18.55396700289825}
2026-06-08T12:47:55+12:00 scalar diagnostics {'step': 1112, 'time': 183.64090401505507, 'dt': 0.19634954084936207, 'total_energy': 18.589036378986393}
2026-06-08T12:47:55+12:00 scalar diagnostics {'step': 1113, 'time': 183.83725355590443, 'dt': 0.19634954084936207, 'total_energy': 18.629193261608133}
2026-06-08T12:47:55+12:00 scalar diagnostics {'step': 1114, 'time': 184.03360309675378, 'dt': 0.19634954084936207, 'total_energy': 18.673769548821582}
2026-06-08T12:47:55+12:00 scalar diagnostics {'step': 1116, 'time': 184.4263021784525, 'dt': 0.19634954084936207, 'total_energy': 18.770097171681222}
2026-06-08T12:47:55+12:00 scalar diagnostics {'step': 1117, 'time': 184.62265171930184, 'dt': 0.19634954084936207, 'total_energy': 18.818334801781987}
2026-06-08T12:47:55+12:00 scalar diagnostics {'step': 1118, 'time': 184.8190012601512, 'dt': 0.19634954084936207, 'total_energy': 18.864943799869163}
2026-06-08T12:47:55+12:00 scalar diagnostics {'step': 1119, 'time': 185.01535080100055, 'dt': 0.19634954084936207, 'total_energy': 18.909632164091615}
2026-06-08T12:47:55+12:00 scalar diagnostics {'step': 1121, 'time': 185.40804988269926, 'dt': 0.19634954084936207, 'total_energy': 18.99583960162892}
2026-06-08T12:47:55+12:00 scalar diagnostics {'step': 1122, 'time': 185.6043994235486, 'dt': 0.19634954084936207, 'total_energy': 19.039152685454905}
2026-06-08T12:47:55+12:00 scalar diagnostics {'step': 1123, 'time': 185.80074896439797, 'dt': 0.19634954084936207, 'total_energy': 19.083489429641663}
2026-06-08T12:47:55+12:00 scalar diagnostics {'step': 1125, 'time': 186.19344804609668, 'dt': 0.19634954084936207, 'total_energy': 19.17641521489969}
2026-06-08T12:47:55+12:00 scalar diagnostics {'step': 1126, 'time': 186.38979758694603, 'dt': 0.19634954084936207, 'total_energy': 19.224863544972187}
2026-06-08T12:47:55+12:00 scalar diagnostics {'step': 1127, 'time': 186.58614712779539, 'dt': 0.19634954084936207, 'total_energy': 19.274047414535268}
2026-06-08T12:47:55+12:00 scalar diagnostics {'step': 1128, 'time': 186.78249666864474, 'dt': 0.19634954084936207, 'total_energy': 19.323058989214836}
2026-06-08T12:47:55+12:00 scalar diagnostics {'step': 1130, 'time': 187.17519575034345, 'dt': 0.19634954084936207, 'total_energy': 19.415216864216532}
2026-06-08T12:47:55+12:00 scalar diagnostics {'step': 1131, 'time': 187.3715452911928, 'dt': 0.19634954084936207, 'total_energy': 19.455805709938225}
2026-06-08T12:47:55+12:00 scalar diagnostics {'step': 1132, 'time': 187.56789483204216, 'dt': 0.19634954084936207, 'total_energy': 19.491680883623}
2026-06-08T12:47:55+12:00 scalar diagnostics {'step': 1133, 'time': 187.7642443728915, 'dt': 0.19634954084936207, 'total_energy': 19.52333652889914}
2026-06-08T12:47:55+12:00 scalar diagnostics {'step': 1135, 'time': 188.15694345459022, 'dt': 0.19634954084936207, 'total_energy': 19.580730034829866}
2026-06-08T12:47:55+12:00 scalar diagnostics {'step': 1136, 'time': 188.35329299543957, 'dt': 0.19634954084936207, 'total_energy': 19.611043335438836}
2026-06-08T12:47:55+12:00 scalar diagnostics {'step': 1137, 'time': 188.54964253628893, 'dt': 0.19634954084936207, 'total_energy': 19.64532190681943}
2026-06-08T12:47:55+12:00 scalar diagnostics {'step': 1139, 'time': 188.94234161798764, 'dt': 0.19634954084936207, 'total_energy': 19.73126707049301}
2026-06-08T12:47:55+12:00 scalar diagnostics {'step': 1140, 'time': 189.138691158837, 'dt': 0.19634954084936207, 'total_energy': 19.783991167976453}
2026-06-08T12:47:55+12:00 scalar diagnostics {'step': 1141, 'time': 189.33504069968635, 'dt': 0.19634954084936207, 'total_energy': 19.84282956852099}
2026-06-08T12:47:55+12:00 scalar diagnostics {'step': 1142, 'time': 189.5313902405357, 'dt': 0.19634954084936207, 'total_energy': 19.906142550589752}
2026-06-08T12:47:55+12:00 scalar diagnostics {'step': 1144, 'time': 189.9240893222344, 'dt': 0.19634954084936207, 'total_energy': 20.036188814790812}
2026-06-08T12:47:55+12:00 scalar diagnostics {'step': 1145, 'time': 190.12043886308376, 'dt': 0.19634954084936207, 'total_energy': 20.096972192954176}
2026-06-08T12:47:55+12:00 scalar diagnostics {'step': 1146, 'time': 190.31678840393312, 'dt': 0.19634954084936207, 'total_energy': 20.151575447762006}
2026-06-08T12:47:55+12:00 scalar diagnostics {'step': 1147, 'time': 190.51313794478247, 'dt': 0.19634954084936207, 'total_energy': 20.19884935404402}
2026-06-08T12:47:55+12:00 scalar diagnostics {'step': 1149, 'time': 190.90583702648118, 'dt': 0.19634954084936207, 'total_energy': 20.273635376105066}
2026-06-08T12:47:55+12:00 scalar diagnostics {'step': 1150, 'time': 191.10218656733053, 'dt': 0.19634954084936207, 'total_energy': 20.304754273819437}
2026-06-08T12:47:55+12:00 scalar diagnostics {'step': 1151, 'time': 191.2985361081799, 'dt': 0.19634954084936207, 'total_energy': 20.33492715654785}
2026-06-08T12:47:55+12:00 scalar diagnostics {'step': 1153, 'time': 191.6912351898786, 'dt': 0.19634954084936207, 'total_energy': 20.400228013405748}
2026-06-08T12:47:55+12:00 scalar diagnostics {'step': 1154, 'time': 191.88758473072795, 'dt': 0.19634954084936207, 'total_energy': 20.43866509767941}
2026-06-08T12:47:55+12:00 scalar diagnostics {'step': 1155, 'time': 192.0839342715773, 'dt': 0.19634954084936207, 'total_energy': 20.482439709895964}
2026-06-08T12:47:55+12:00 scalar diagnostics {'step': 1156, 'time': 192.28028381242666, 'dt': 0.19634954084936207, 'total_energy': 20.53188271214821}
2026-06-08T12:47:55+12:00 scalar diagnostics {'step': 1158, 'time': 192.67298289412537, 'dt': 0.19634954084936207, 'total_energy': 20.644838815489987}
2026-06-08T12:47:55+12:00 scalar diagnostics {'step': 1159, 'time': 192.86933243497472, 'dt': 0.19634954084936207, 'total_energy': 20.704971327100473}
2026-06-08T12:47:55+12:00 scalar diagnostics {'step': 1160, 'time': 193.06568197582408, 'dt': 0.19634954084936207, 'total_energy': 20.764769153760014}
2026-06-08T12:47:55+12:00 scalar diagnostics {'step': 1161, 'time': 193.26203151667343, 'dt': 0.19634954084936207, 'total_energy': 20.822937588844066}
2026-06-08T12:47:55+12:00 scalar diagnostics {'step': 1163, 'time': 193.65473059837214, 'dt': 0.19634954084936207, 'total_energy': 20.930696852234195}
2026-06-08T12:47:55+12:00 scalar diagnostics {'step': 1164, 'time': 193.8510801392215, 'dt': 0.19634954084936207, 'total_energy': 20.98093682562074}
2026-06-08T12:47:55+12:00 scalar diagnostics {'step': 1165, 'time': 194.04742968007085, 'dt': 0.19634954084936207, 'total_energy': 21.029865688814233}
2026-06-08T12:47:55+12:00 scalar diagnostics {'step': 1167, 'time': 194.44012876176956, 'dt': 0.19634954084936207, 'total_energy': 21.12708481080525}
2026-06-08T12:47:55+12:00 scalar diagnostics {'step': 1168, 'time': 194.6364783026189, 'dt': 0.19634954084936207, 'total_energy': 21.17655839726867}
2026-06-08T12:47:55+12:00 scalar diagnostics {'step': 1169, 'time': 194.83282784346827, 'dt': 0.19634954084936207, 'total_energy': 21.227058497247715}
2026-06-08T12:47:55+12:00 scalar diagnostics {'step': 1170, 'time': 195.02917738431762, 'dt': 0.19634954084936207, 'total_energy': 21.278586053147006}
2026-06-08T12:47:55+12:00 scalar diagnostics {'step': 1172, 'time': 195.42187646601633, 'dt': 0.19634954084936207, 'total_energy': 21.382852795957554}
2026-06-08T12:47:55+12:00 scalar diagnostics {'step': 1173, 'time': 195.61822600686568, 'dt': 0.19634954084936207, 'total_energy': 21.433323152746603}
2026-06-08T12:47:55+12:00 scalar diagnostics {'step': 1174, 'time': 195.81457554771504, 'dt': 0.19634954084936207, 'total_energy': 21.481029019596704}
2026-06-08T12:47:55+12:00 scalar diagnostics {'step': 1175, 'time': 196.0109250885644, 'dt': 0.19634954084936207, 'total_energy': 21.525195136797997}
2026-06-08T12:47:55+12:00 scalar diagnostics {'step': 1177, 'time': 196.4036241702631, 'dt': 0.19634954084936207, 'total_energy': 21.60417205446558}
2026-06-08T12:47:55+12:00 scalar diagnostics {'step': 1178, 'time': 196.59997371111245, 'dt': 0.19634954084936207, 'total_energy': 21.641833774741293}
2026-06-08T12:47:55+12:00 scalar diagnostics {'step': 1179, 'time': 196.7963232519618, 'dt': 0.19634954084936207, 'total_energy': 21.681035087090997}
2026-06-08T12:47:55+12:00 scalar diagnostics {'step': 1181, 'time': 197.18902233366052, 'dt': 0.19634954084936207, 'total_energy': 21.77217519532844}
2026-06-08T12:47:55+12:00 scalar diagnostics {'step': 1182, 'time': 197.38537187450987, 'dt': 0.19634954084936207, 'total_energy': 21.82668730726811}
2026-06-08T12:47:55+12:00 scalar diagnostics {'step': 1183, 'time': 197.58172141535923, 'dt': 0.19634954084936207, 'total_energy': 21.887674937727244}
2026-06-08T12:47:55+12:00 scalar diagnostics {'step': 1184, 'time': 197.77807095620858, 'dt': 0.19634954084936207, 'total_energy': 21.95473756936602}
2026-06-08T12:47:56+12:00 scalar diagnostics {'step': 1186, 'time': 198.1707700379073, 'dt': 0.19634954084936207, 'total_energy': 22.101482590335046}
2026-06-08T12:47:56+12:00 scalar diagnostics {'step': 1187, 'time': 198.36711957875664, 'dt': 0.19634954084936207, 'total_energy': 22.176459016856874}
2026-06-08T12:47:56+12:00 scalar diagnostics {'step': 1188, 'time': 198.563469119606, 'dt': 0.19634954084936207, 'total_energy': 22.248643262622505}
2026-06-08T12:47:56+12:00 scalar diagnostics {'step': 1189, 'time': 198.75981866045535, 'dt': 0.19634954084936207, 'total_energy': 22.31537564437698}
2026-06-08T12:47:56+12:00 scalar diagnostics {'step': 1191, 'time': 199.15251774215406, 'dt': 0.19634954084936207, 'total_energy': 22.426792708460155}
2026-06-08T12:47:56+12:00 scalar diagnostics {'step': 1192, 'time': 199.34886728300341, 'dt': 0.19634954084936207, 'total_energy': 22.471734809614976}
2026-06-08T12:47:56+12:00 scalar diagnostics {'step': 1193, 'time': 199.54521682385277, 'dt': 0.19634954084936207, 'total_energy': 22.511483066464155}
2026-06-08T12:47:56+12:00 scalar diagnostics {'step': 1195, 'time': 199.93791590555148, 'dt': 0.19634954084936207, 'total_energy': 22.584769083150057}
2026-06-08T12:47:56+12:00 scalar diagnostics {'step': 1196, 'time': 200.13426544640083, 'dt': 0.19634954084936207, 'total_energy': 22.62296370131622}
2026-06-08T12:47:56+12:00 scalar diagnostics {'step': 1197, 'time': 200.3306149872502, 'dt': 0.19634954084936207, 'total_energy': 22.664809463448748}
2026-06-08T12:47:56+12:00 scalar diagnostics {'step': 1198, 'time': 200.52696452809954, 'dt': 0.19634954084936207, 'total_energy': 22.71170639459468}
2026-06-08T12:47:56+12:00 progress {'step': 1200, 'time': 200.91966360979825, 'dt': 0.19634954084936207}
2026-06-08T12:47:56+12:00 scalar diagnostics {'step': 1200, 'time': 200.91966360979825, 'dt': 0.19634954084936207, 'total_energy': 22.823076614042403}
2026-06-08T12:47:56+12:00 scalar diagnostics {'step': 1201, 'time': 201.1160131506476, 'dt': 0.19634954084936207, 'total_energy': 22.887362233495775}
2026-06-08T12:47:56+12:00 scalar diagnostics {'step': 1202, 'time': 201.31236269149696, 'dt': 0.19634954084936207, 'total_energy': 22.955175767643983}
2026-06-08T12:47:56+12:00 scalar diagnostics {'step': 1203, 'time': 201.5087122323463, 'dt': 0.19634954084936207, 'total_energy': 23.024531189708537}
2026-06-08T12:47:56+12:00 scalar diagnostics {'step': 1205, 'time': 201.90141131404502, 'dt': 0.19634954084936207, 'total_energy': 23.160371532996688}
2026-06-08T12:47:56+12:00 scalar diagnostics {'step': 1206, 'time': 202.09776085489437, 'dt': 0.19634954084936207, 'total_energy': 23.2244736449722}
2026-06-08T12:47:56+12:00 scalar diagnostics {'step': 1207, 'time': 202.29411039574373, 'dt': 0.19634954084936207, 'total_energy': 23.285653756869394}
2026-06-08T12:47:56+12:00 scalar diagnostics {'step': 1209, 'time': 202.68680947744244, 'dt': 0.19634954084936207, 'total_energy': 23.40141225822167}
2026-06-08T12:47:56+12:00 scalar diagnostics {'step': 1210, 'time': 202.8831590182918, 'dt': 0.19634954084936207, 'total_energy': 23.457576788169433}
2026-06-08T12:47:56+12:00 scalar diagnostics {'step': 1211, 'time': 203.07950855914115, 'dt': 0.19634954084936207, 'total_energy': 23.513787575187553}
2026-06-08T12:47:56+12:00 scalar diagnostics {'step': 1212, 'time': 203.2758580999905, 'dt': 0.19634954084936207, 'total_energy': 23.570460292019614}
2026-06-08T12:47:56+12:00 scalar diagnostics {'step': 1214, 'time': 203.6685571816892, 'dt': 0.19634954084936207, 'total_energy': 23.68655991882158}
2026-06-08T12:47:56+12:00 scalar diagnostics {'step': 1215, 'time': 203.86490672253856, 'dt': 0.19634954084936207, 'total_energy': 23.745899402151053}
2026-06-08T12:47:56+12:00 scalar diagnostics {'step': 1216, 'time': 204.06125626338792, 'dt': 0.19634954084936207, 'total_energy': 23.805380145123227}
2026-06-08T12:47:56+12:00 scalar diagnostics {'step': 1217, 'time': 204.25760580423727, 'dt': 0.19634954084936207, 'total_energy': 23.864055439286957}
2026-06-08T12:47:56+12:00 scalar diagnostics {'step': 1219, 'time': 204.65030488593598, 'dt': 0.19634954084936207, 'total_energy': 23.975517439788526}
2026-06-08T12:47:56+12:00 scalar diagnostics {'step': 1220, 'time': 204.84665442678534, 'dt': 0.19634954084936207, 'total_energy': 24.02782387069393}
2026-06-08T12:47:56+12:00 scalar diagnostics {'step': 1221, 'time': 205.0430039676347, 'dt': 0.19634954084936207, 'total_energy': 24.079254565615862}
2026-06-08T12:47:56+12:00 scalar diagnostics {'step': 1223, 'time': 205.4357030493334, 'dt': 0.19634954084936207, 'total_energy': 24.184271327114104}
2026-06-08T12:47:56+12:00 scalar diagnostics {'step': 1224, 'time': 205.63205259018275, 'dt': 0.19634954084936207, 'total_energy': 24.241107576302632}
2026-06-08T12:47:56+12:00 scalar diagnostics {'step': 1225, 'time': 205.8284021310321, 'dt': 0.19634954084936207, 'total_energy': 24.30239342968482}
2026-06-08T12:47:56+12:00 scalar diagnostics {'step': 1226, 'time': 206.02475167188146, 'dt': 0.19634954084936207, 'total_energy': 24.368619504128908}
2026-06-08T12:47:56+12:00 scalar diagnostics {'step': 1228, 'time': 206.41745075358017, 'dt': 0.19634954084936207, 'total_energy': 24.515167549088122}
2026-06-08T12:47:56+12:00 scalar diagnostics {'step': 1229, 'time': 206.61380029442952, 'dt': 0.19634954084936207, 'total_energy': 24.593776403419906}
2026-06-08T12:47:56+12:00 scalar diagnostics {'step': 1230, 'time': 206.81014983527888, 'dt': 0.19634954084936207, 'total_energy': 24.67380139090954}
2026-06-08T12:47:56+12:00 scalar diagnostics {'step': 1231, 'time': 207.00649937612823, 'dt': 0.19634954084936207, 'total_energy': 24.75322834862575}
2026-06-08T12:47:56+12:00 scalar diagnostics {'step': 1233, 'time': 207.39919845782694, 'dt': 0.19634954084936207, 'total_energy': 24.899547075659328}
2026-06-08T12:47:56+12:00 scalar diagnostics {'step': 1234, 'time': 207.5955479986763, 'dt': 0.19634954084936207, 'total_energy': 24.9628024963757}
2026-06-08T12:47:56+12:00 scalar diagnostics {'step': 1235, 'time': 207.79189753952565, 'dt': 0.19634954084936207, 'total_energy': 25.01882261496649}
2026-06-08T12:47:56+12:00 scalar diagnostics {'step': 1237, 'time': 208.18459662122436, 'dt': 0.19634954084936207, 'total_energy': 25.1144031029308}
2026-06-08T12:47:56+12:00 scalar diagnostics {'step': 1238, 'time': 208.3809461620737, 'dt': 0.19634954084936207, 'total_energy': 25.158434160994133}
2026-06-08T12:47:56+12:00 scalar diagnostics {'step': 1239, 'time': 208.57729570292307, 'dt': 0.19634954084936207, 'total_energy': 25.203234794270458}
2026-06-08T12:47:56+12:00 scalar diagnostics {'step': 1240, 'time': 208.77364524377242, 'dt': 0.19634954084936207, 'total_energy': 25.250969355578473}
2026-06-08T12:47:56+12:00 scalar diagnostics {'step': 1242, 'time': 209.16634432547113, 'dt': 0.19634954084936207, 'total_energy': 25.362398743433797}
2026-06-08T12:47:56+12:00 scalar diagnostics {'step': 1243, 'time': 209.36269386632048, 'dt': 0.19634954084936207, 'total_energy': 25.427411249466658}
2026-06-08T12:47:56+12:00 scalar diagnostics {'step': 1244, 'time': 209.55904340716984, 'dt': 0.19634954084936207, 'total_energy': 25.498491565932852}
2026-06-08T12:47:56+12:00 scalar diagnostics {'step': 1245, 'time': 209.7553929480192, 'dt': 0.19634954084936207, 'total_energy': 25.57446809224677}
2026-06-08T12:47:56+12:00 scalar diagnostics {'step': 1247, 'time': 210.1480920297179, 'dt': 0.19634954084936207, 'total_energy': 25.733434870175387}
2026-06-08T12:47:56+12:00 scalar diagnostics {'step': 1248, 'time': 210.34444157056726, 'dt': 0.19634954084936207, 'total_energy': 25.81242926588073}
2026-06-08T12:47:56+12:00 scalar diagnostics {'step': 1249, 'time': 210.5407911114166, 'dt': 0.19634954084936207, 'total_energy': 25.889224156708757}
2026-06-08T12:47:56+12:00 scalar diagnostics {'step': 1251, 'time': 210.93349019311532, 'dt': 0.19634954084936207, 'total_energy': 26.03526429425153}
2026-06-08T12:47:56+12:00 scalar diagnostics {'step': 1252, 'time': 211.12983973396467, 'dt': 0.19634954084936207, 'total_energy': 26.105126020341462}
2026-06-08T12:47:56+12:00 scalar diagnostics {'step': 1253, 'time': 211.32618927481403, 'dt': 0.19634954084936207, 'total_energy': 26.173507408363406}
2026-06-08T12:47:56+12:00 scalar diagnostics {'step': 1254, 'time': 211.52253881566338, 'dt': 0.19634954084936207, 'total_energy': 26.24097133182886}
2026-06-08T12:47:56+12:00 scalar diagnostics {'step': 1256, 'time': 211.9152378973621, 'dt': 0.19634954084936207, 'total_energy': 26.37511510561071}
2026-06-08T12:47:56+12:00 scalar diagnostics {'step': 1257, 'time': 212.11158743821144, 'dt': 0.19634954084936207, 'total_energy': 26.442521513877715}
2026-06-08T12:47:56+12:00 scalar diagnostics {'step': 1258, 'time': 212.3079369790608, 'dt': 0.19634954084936207, 'total_energy': 26.510237748122805}
2026-06-08T12:47:56+12:00 scalar diagnostics {'step': 1259, 'time': 212.50428651991015, 'dt': 0.19634954084936207, 'total_energy': 26.577849651680676}
2026-06-08T12:47:56+12:00 scalar diagnostics {'step': 1261, 'time': 212.89698560160886, 'dt': 0.19634954084936207, 'total_energy': 26.70981955818477}
2026-06-08T12:47:56+12:00 scalar diagnostics {'step': 1262, 'time': 213.09333514245822, 'dt': 0.19634954084936207, 'total_energy': 26.77246991812293}
2026-06-08T12:47:57+12:00 scalar diagnostics {'step': 1263, 'time': 213.28968468330757, 'dt': 0.19634954084936207, 'total_energy': 26.832293572073155}
2026-06-08T12:47:57+12:00 scalar diagnostics {'step': 1265, 'time': 213.68238376500628, 'dt': 0.19634954084936207, 'total_energy': 26.94616189944551}
2026-06-08T12:47:57+12:00 scalar diagnostics {'step': 1266, 'time': 213.87873330585563, 'dt': 0.19634954084936207, 'total_energy': 27.003120967794747}
2026-06-08T12:47:57+12:00 scalar diagnostics {'step': 1267, 'time': 214.075082846705, 'dt': 0.19634954084936207, 'total_energy': 27.062546697970596}
2026-06-08T12:47:57+12:00 scalar diagnostics {'step': 1268, 'time': 214.27143238755434, 'dt': 0.19634954084936207, 'total_energy': 27.12615437795386}
2026-06-08T12:47:57+12:00 scalar diagnostics {'step': 1270, 'time': 214.66413146925305, 'dt': 0.19634954084936207, 'total_energy': 27.270339906493913}
2026-06-08T12:47:57+12:00 scalar diagnostics {'step': 1271, 'time': 214.8604810101024, 'dt': 0.19634954084936207, 'total_energy': 27.351797996532593}
2026-06-08T12:47:57+12:00 scalar diagnostics {'step': 1272, 'time': 215.05683055095176, 'dt': 0.19634954084936207, 'total_energy': 27.43828714799264}
2026-06-08T12:47:57+12:00 scalar diagnostics {'step': 1273, 'time': 215.2531800918011, 'dt': 0.19634954084936207, 'total_energy': 27.528168274547486}
2026-06-08T12:47:57+12:00 scalar diagnostics {'step': 1275, 'time': 215.64587917349982, 'dt': 0.19634954084936207, 'total_energy': 27.708881075263793}
2026-06-08T12:47:57+12:00 scalar diagnostics {'step': 1276, 'time': 215.84222871434918, 'dt': 0.19634954084936207, 'total_energy': 27.794672113921767}
2026-06-08T12:47:57+12:00 scalar diagnostics {'step': 1277, 'time': 216.03857825519853, 'dt': 0.19634954084936207, 'total_energy': 27.874587634321713}
2026-06-08T12:47:57+12:00 scalar diagnostics {'step': 1279, 'time': 216.43127733689724, 'dt': 0.19634954084936207, 'total_energy': 28.01343979962222}
2026-06-08T12:47:57+12:00 scalar diagnostics {'step': 1280, 'time': 216.6276268777466, 'dt': 0.19634954084936207, 'total_energy': 28.073473315250226}
2026-06-08T12:47:57+12:00 scalar diagnostics {'step': 1281, 'time': 216.82397641859595, 'dt': 0.19634954084936207, 'total_energy': 28.129925599364302}
2026-06-08T12:47:57+12:00 scalar diagnostics {'step': 1282, 'time': 217.0203259594453, 'dt': 0.19634954084936207, 'total_energy': 28.184798519871418}
2026-06-08T12:47:57+12:00 scalar diagnostics {'step': 1284, 'time': 217.413025041144, 'dt': 0.19634954084936207, 'total_energy': 28.299089108627857}
2026-06-08T12:47:57+12:00 scalar diagnostics {'step': 1285, 'time': 217.60937458199336, 'dt': 0.19634954084936207, 'total_energy': 28.362195767841026}
2026-06-08T12:47:57+12:00 scalar diagnostics {'step': 1286, 'time': 217.80572412284272, 'dt': 0.19634954084936207, 'total_energy': 28.43081490951599}
2026-06-08T12:47:57+12:00 scalar diagnostics {'step': 1287, 'time': 218.00207366369207, 'dt': 0.19634954084936207, 'total_energy': 28.50528604697482}
2026-06-08T12:47:57+12:00 scalar diagnostics {'step': 1289, 'time': 218.39477274539078, 'dt': 0.19634954084936207, 'total_energy': 28.669473033097404}
2026-06-08T12:47:57+12:00 scalar diagnostics {'step': 1290, 'time': 218.59112228624014, 'dt': 0.19634954084936207, 'total_energy': 28.756343133258753}
2026-06-08T12:47:57+12:00 scalar diagnostics {'step': 1291, 'time': 218.7874718270895, 'dt': 0.19634954084936207, 'total_energy': 28.844183539763783}
2026-06-08T12:47:57+12:00 scalar diagnostics {'step': 1293, 'time': 219.1801709087882, 'dt': 0.19634954084936207, 'total_energy': 29.01537402561656}
2026-06-08T12:47:57+12:00 scalar diagnostics {'step': 1294, 'time': 219.37652044963755, 'dt': 0.19634954084936207, 'total_energy': 29.097195500582917}
2026-06-08T12:47:57+12:00 scalar diagnostics {'step': 1295, 'time': 219.5728699904869, 'dt': 0.19634954084936207, 'total_energy': 29.176653188684625}
2026-06-08T12:47:57+12:00 scalar diagnostics {'step': 1296, 'time': 219.76921953133626, 'dt': 0.19634954084936207, 'total_energy': 29.254361257678042}
2026-06-08T12:47:57+12:00 scalar diagnostics {'step': 1298, 'time': 220.16191861303497, 'dt': 0.19634954084936207, 'total_energy': 29.406814242321108}
2026-06-08T12:47:57+12:00 scalar diagnostics {'step': 1299, 'time': 220.35826815388432, 'dt': 0.19634954084936207, 'total_energy': 29.48223908220143}
2026-06-08T12:47:57+12:00 progress {'step': 1300, 'time': 220.55461769473368, 'dt': 0.19634954084936207}
2026-06-08T12:47:57+12:00 scalar diagnostics {'step': 1300, 'time': 220.55461769473368, 'dt': 0.19634954084936207, 'total_energy': 29.557355347027148}
2026-06-08T12:47:57+12:00 scalar diagnostics {'step': 1301, 'time': 220.75096723558303, 'dt': 0.19634954084936207, 'total_energy': 29.632488396714265}
2026-06-08T12:47:57+12:00 scalar diagnostics {'step': 1303, 'time': 221.14366631728174, 'dt': 0.19634954084936207, 'total_energy': 29.78161473551004}
2026-06-08T12:47:57+12:00 scalar diagnostics {'step': 1304, 'time': 221.3400158581311, 'dt': 0.19634954084936207, 'total_energy': 29.854764996198675}
2026-06-08T12:47:57+12:00 scalar diagnostics {'step': 1305, 'time': 221.53636539898045, 'dt': 0.19634954084936207, 'total_energy': 29.926143533963927}
2026-06-08T12:47:57+12:00 scalar diagnostics {'step': 1307, 'time': 221.92906448067916, 'dt': 0.19634954084936207, 'total_energy': 30.06246005233985}
2026-06-08T12:47:57+12:00 scalar diagnostics {'step': 1308, 'time': 222.1254140215285, 'dt': 0.19634954084936207, 'total_energy': 30.128355995183018}
2026-06-08T12:47:57+12:00 scalar diagnostics {'step': 1309, 'time': 222.32176356237787, 'dt': 0.19634954084936207, 'total_energy': 30.1944338777801}
2026-06-08T12:47:57+12:00 scalar diagnostics {'step': 1310, 'time': 222.51811310322722, 'dt': 0.19634954084936207, 'total_energy': 30.26238692084454}
2026-06-08T12:47:57+12:00 scalar diagnostics {'step': 1312, 'time': 222.91081218492593, 'dt': 0.19634954084936207, 'total_energy': 30.41126122330492}
2026-06-08T12:47:57+12:00 scalar diagnostics {'step': 1313, 'time': 223.10716172577528, 'dt': 0.19634954084936207, 'total_energy': 30.49364429809284}
2026-06-08T12:47:57+12:00 scalar diagnostics {'step': 1314, 'time': 223.30351126662464, 'dt': 0.19634954084936207, 'total_energy': 30.58186284176859}
2026-06-08T12:47:57+12:00 scalar diagnostics {'step': 1316, 'time': 223.69621034832335, 'dt': 0.19634954084936207, 'total_energy': 30.773723225812656}
2026-06-08T12:47:57+12:00 scalar diagnostics {'step': 1317, 'time': 223.8925598891727, 'dt': 0.19634954084936207, 'total_energy': 30.874512322797585}
2026-06-08T12:47:57+12:00 scalar diagnostics {'step': 1318, 'time': 224.08890943002206, 'dt': 0.19634954084936207, 'total_energy': 30.975523981793735}
2026-06-08T12:47:57+12:00 scalar diagnostics {'step': 1319, 'time': 224.2852589708714, 'dt': 0.19634954084936207, 'total_energy': 31.074077459902075}
2026-06-08T12:47:57+12:00 scalar diagnostics {'step': 1321, 'time': 224.67795805257012, 'dt': 0.19634954084936207, 'total_energy': 31.254660287019316}
2026-06-08T12:47:57+12:00 scalar diagnostics {'step': 1322, 'time': 224.87430759341947, 'dt': 0.19634954084936207, 'total_energy': 31.33431117513566}
2026-06-08T12:47:57+12:00 scalar diagnostics {'step': 1323, 'time': 225.07065713426883, 'dt': 0.19634954084936207, 'total_energy': 31.40709071063397}
2026-06-08T12:47:57+12:00 scalar diagnostics {'step': 1324, 'time': 225.26700667511818, 'dt': 0.19634954084936207, 'total_energy': 31.47428969534338}
2026-06-08T12:47:57+12:00 scalar diagnostics {'step': 1326, 'time': 225.6597057568169, 'dt': 0.19634954084936207, 'total_energy': 31.599679235529898}
2026-06-08T12:47:57+12:00 scalar diagnostics {'step': 1327, 'time': 225.85605529766624, 'dt': 0.19634954084936207, 'total_energy': 31.66215830436432}
2026-06-08T12:47:57+12:00 scalar diagnostics {'step': 1328, 'time': 226.0524048385156, 'dt': 0.19634954084936207, 'total_energy': 31.727189815256928}
2026-06-08T12:47:57+12:00 scalar diagnostics {'step': 1330, 'time': 226.4451039202143, 'dt': 0.19634954084936207, 'total_energy': 31.87085667852479}
2026-06-08T12:47:57+12:00 scalar diagnostics {'step': 1331, 'time': 226.64145346106366, 'dt': 0.19634954084936207, 'total_energy': 31.95147732345231}
2026-06-08T12:47:57+12:00 scalar diagnostics {'step': 1332, 'time': 226.83780300191302, 'dt': 0.19634954084936207, 'total_energy': 32.03737381019114}
2026-06-08T12:47:57+12:00 scalar diagnostics {'step': 1333, 'time': 227.03415254276237, 'dt': 0.19634954084936207, 'total_energy': 32.12749237055639}
2026-06-08T12:47:57+12:00 scalar diagnostics {'step': 1335, 'time': 227.42685162446108, 'dt': 0.19634954084936207, 'total_energy': 32.31411332685923}
2026-06-08T12:47:57+12:00 scalar diagnostics {'step': 1336, 'time': 227.62320116531043, 'dt': 0.19634954084936207, 'total_energy': 32.407423723718935}
2026-06-08T12:47:58+12:00 scalar diagnostics {'step': 1337, 'time': 227.8195507061598, 'dt': 0.19634954084936207, 'total_energy': 32.49919848412851}
2026-06-08T12:47:58+12:00 scalar diagnostics {'step': 1338, 'time': 228.01590024700914, 'dt': 0.19634954084936207, 'total_energy': 32.58901510764311}
2026-06-08T12:47:58+12:00 scalar diagnostics {'step': 1340, 'time': 228.40859932870785, 'dt': 0.19634954084936207, 'total_energy': 32.76387164130804}
2026-06-08T12:47:58+12:00 scalar diagnostics {'step': 1341, 'time': 228.6049488695572, 'dt': 0.19634954084936207, 'total_energy': 32.85056434026006}
2026-06-08T12:47:58+12:00 scalar diagnostics {'step': 1342, 'time': 228.80129841040656, 'dt': 0.19634954084936207, 'total_energy': 32.937528763718035}
2026-06-08T12:47:58+12:00 scalar diagnostics {'step': 1344, 'time': 229.19399749210527, 'dt': 0.19634954084936207, 'total_energy': 33.11368219290287}
2026-06-08T12:47:58+12:00 scalar diagnostics {'step': 1345, 'time': 229.39034703295462, 'dt': 0.19634954084936207, 'total_energy': 33.20263846583354}
2026-06-08T12:47:58+12:00 scalar diagnostics {'step': 1346, 'time': 229.58669657380398, 'dt': 0.19634954084936207, 'total_energy': 33.29140986569235}
2026-06-08T12:47:58+12:00 scalar diagnostics {'step': 1347, 'time': 229.78304611465333, 'dt': 0.19634954084936207, 'total_energy': 33.37906497567735}
2026-06-08T12:47:58+12:00 scalar diagnostics {'step': 1349, 'time': 230.17574519635204, 'dt': 0.19634954084936207, 'total_energy': 33.54701819339158}
2026-06-08T12:47:58+12:00 scalar diagnostics {'step': 1350, 'time': 230.3720947372014, 'dt': 0.19634954084936207, 'total_energy': 33.62592224814218}
2026-06-08T12:47:58+12:00 scalar diagnostics {'step': 1351, 'time': 230.56844427805075, 'dt': 0.19634954084936207, 'total_energy': 33.70148939112922}
2026-06-08T12:47:58+12:00 scalar diagnostics {'step': 1352, 'time': 230.7647938189001, 'dt': 0.19634954084936207, 'total_energy': 33.77458742955365}
2026-06-08T12:47:58+12:00 scalar diagnostics {'step': 1354, 'time': 231.1574929005988, 'dt': 0.19634954084936207, 'total_energy': 33.91996660599092}
2026-06-08T12:47:58+12:00 scalar diagnostics {'step': 1355, 'time': 231.35384244144817, 'dt': 0.19634954084936207, 'total_energy': 33.99603785467567}
2026-06-08T12:47:58+12:00 scalar diagnostics {'step': 1356, 'time': 231.55019198229752, 'dt': 0.19634954084936207, 'total_energy': 34.076518048344965}
2026-06-08T12:47:58+12:00 scalar diagnostics {'step': 1358, 'time': 231.94289106399623, 'dt': 0.19634954084936207, 'total_energy': 34.254065293973206}
2026-06-08T12:47:58+12:00 scalar diagnostics {'step': 1359, 'time': 232.13924060484558, 'dt': 0.19634954084936207, 'total_energy': 34.35132077949297}
2026-06-08T12:47:58+12:00 scalar diagnostics {'step': 1360, 'time': 232.33559014569494, 'dt': 0.19634954084936207, 'total_energy': 34.453333933964366}
2026-06-08T12:47:58+12:00 scalar diagnostics {'step': 1361, 'time': 232.5319396865443, 'dt': 0.19634954084936207, 'total_energy': 34.55892315152}
2026-06-08T12:47:58+12:00 scalar diagnostics {'step': 1363, 'time': 232.924638768243, 'dt': 0.19634954084936207, 'total_energy': 34.77107486153536}
2026-06-08T12:47:58+12:00 scalar diagnostics {'step': 1364, 'time': 233.12098830909235, 'dt': 0.19634954084936207, 'total_energy': 34.87266555310342}
2026-06-08T12:47:58+12:00 scalar diagnostics {'step': 1365, 'time': 233.3173378499417, 'dt': 0.19634954084936207, 'total_energy': 34.96852350898538}
2026-06-08T12:47:58+12:00 scalar diagnostics {'step': 1366, 'time': 233.51368739079106, 'dt': 0.19634954084936207, 'total_energy': 35.05770761277539}
2026-06-08T12:47:58+12:00 scalar diagnostics {'step': 1368, 'time': 233.90638647248977, 'dt': 0.19634954084936207, 'total_energy': 35.21783218081018}
2026-06-08T12:47:58+12:00 scalar diagnostics {'step': 1369, 'time': 234.10273601333913, 'dt': 0.19634954084936207, 'total_energy': 35.29177284349214}
2026-06-08T12:47:58+12:00 scalar diagnostics {'step': 1370, 'time': 234.29908555418848, 'dt': 0.19634954084936207, 'total_energy': 35.364281967946916}
2026-06-08T12:47:58+12:00 scalar diagnostics {'step': 1372, 'time': 234.6917846358872, 'dt': 0.19634954084936207, 'total_energy': 35.51327519727564}
2026-06-08T12:47:58+12:00 scalar diagnostics {'step': 1373, 'time': 234.88813417673654, 'dt': 0.19634954084936207, 'total_energy': 35.592588860548844}
2026-06-08T12:47:58+12:00 scalar diagnostics {'step': 1374, 'time': 235.0844837175859, 'dt': 0.19634954084936207, 'total_energy': 35.67651380318971}
2026-06-08T12:47:58+12:00 scalar diagnostics {'step': 1375, 'time': 235.28083325843525, 'dt': 0.19634954084936207, 'total_energy': 35.76537622625301}
2026-06-08T12:47:58+12:00 scalar diagnostics {'step': 1377, 'time': 235.67353234013396, 'dt': 0.19634954084936207, 'total_energy': 35.95578403388893}
2026-06-08T12:47:58+12:00 scalar diagnostics {'step': 1378, 'time': 235.8698818809833, 'dt': 0.19634954084936207, 'total_energy': 36.0549312521358}
2026-06-08T12:47:58+12:00 scalar diagnostics {'step': 1379, 'time': 236.06623142183267, 'dt': 0.19634954084936207, 'total_energy': 36.15485243789848}
2026-06-08T12:47:58+12:00 scalar diagnostics {'step': 1380, 'time': 236.26258096268202, 'dt': 0.19634954084936207, 'total_energy': 36.25449436616995}
2026-06-08T12:47:58+12:00 scalar diagnostics {'step': 1382, 'time': 236.65528004438073, 'dt': 0.19634954084936207, 'total_energy': 36.45144648986157}
2026-06-08T12:47:58+12:00 scalar diagnostics {'step': 1383, 'time': 236.85162958523009, 'dt': 0.19634954084936207, 'total_energy': 36.54878309895962}
2026-06-08T12:47:58+12:00 scalar diagnostics {'step': 1384, 'time': 237.04797912607944, 'dt': 0.19634954084936207, 'total_energy': 36.64574471403346}
2026-06-08T12:47:58+12:00 scalar diagnostics {'step': 1386, 'time': 237.44067820777815, 'dt': 0.19634954084936207, 'total_energy': 36.83964702871778}
2026-06-08T12:47:58+12:00 scalar diagnostics {'step': 1387, 'time': 237.6370277486275, 'dt': 0.19634954084936207, 'total_energy': 36.936924329065455}
2026-06-08T12:47:58+12:00 scalar diagnostics {'step': 1388, 'time': 237.83337728947686, 'dt': 0.19634954084936207, 'total_energy': 37.03437074431707}
2026-06-08T12:47:58+12:00 scalar diagnostics {'step': 1389, 'time': 238.0297268303262, 'dt': 0.19634954084936207, 'total_energy': 37.13158598096531}
2026-06-08T12:47:58+12:00 scalar diagnostics {'step': 1391, 'time': 238.42242591202492, 'dt': 0.19634954084936207, 'total_energy': 37.321998650497086}
2026-06-08T12:47:58+12:00 scalar diagnostics {'step': 1392, 'time': 238.61877545287427, 'dt': 0.19634954084936207, 'total_energy': 37.41299938846518}
2026-06-08T12:47:58+12:00 scalar diagnostics {'step': 1393, 'time': 238.81512499372363, 'dt': 0.19634954084936207, 'total_energy': 37.499983159310936}
2026-06-08T12:47:58+12:00 scalar diagnostics {'step': 1394, 'time': 239.01147453457298, 'dt': 0.19634954084936207, 'total_energy': 37.582774304156146}
2026-06-08T12:47:58+12:00 scalar diagnostics {'step': 1396, 'time': 239.4041736162717, 'dt': 0.19634954084936207, 'total_energy': 37.73906500885951}
2026-06-08T12:47:58+12:00 scalar diagnostics {'step': 1397, 'time': 239.60052315712105, 'dt': 0.19634954084936207, 'total_energy': 37.815872602502374}
2026-06-08T12:47:58+12:00 scalar diagnostics {'step': 1398, 'time': 239.7968726979704, 'dt': 0.19634954084936207, 'total_energy': 37.894528331522096}
2026-06-08T12:47:58+12:00 progress {'step': 1400, 'time': 240.1895717796691, 'dt': 0.19634954084936207}
2026-06-08T12:47:58+12:00 scalar diagnostics {'step': 1400, 'time': 240.1895717796691, 'dt': 0.19634954084936207, 'total_energy': 38.06474844274238}
2026-06-08T12:47:58+12:00 scalar diagnostics {'step': 1401, 'time': 240.38592132051846, 'dt': 0.19634954084936207, 'total_energy': 38.15916848945323}
2026-06-08T12:47:58+12:00 scalar diagnostics {'step': 1402, 'time': 240.58227086136782, 'dt': 0.19634954084936207, 'total_energy': 38.26001770429339}
2026-06-08T12:47:58+12:00 scalar diagnostics {'step': 1403, 'time': 240.77862040221717, 'dt': 0.19634954084936207, 'total_energy': 38.366766144809176}
2026-06-08T12:47:58+12:00 scalar diagnostics {'step': 1405, 'time': 241.17131948391588, 'dt': 0.19634954084936207, 'total_energy': 38.59248811333719}
2026-06-08T12:47:58+12:00 scalar diagnostics {'step': 1406, 'time': 241.36766902476523, 'dt': 0.19634954084936207, 'total_energy': 38.707503552554144}
2026-06-08T12:47:58+12:00 scalar diagnostics {'step': 1407, 'time': 241.5640185656146, 'dt': 0.19634954084936207, 'total_energy': 38.820992727244025}
2026-06-08T12:47:58+12:00 scalar diagnostics {'step': 1408, 'time': 241.76036810646394, 'dt': 0.19634954084936207, 'total_energy': 38.930949183489844}
2026-06-08T12:47:58+12:00 scalar diagnostics {'step': 1410, 'time': 242.15306718816265, 'dt': 0.19634954084936207, 'total_energy': 39.13512430736667}
2026-06-08T12:47:58+12:00 scalar diagnostics {'step': 1411, 'time': 242.349416729012, 'dt': 0.19634954084936207, 'total_energy': 39.22878670453538}
2026-06-08T12:47:58+12:00 scalar diagnostics {'step': 1412, 'time': 242.54576626986136, 'dt': 0.19634954084936207, 'total_energy': 39.31771400891862}
2026-06-08T12:47:59+12:00 scalar diagnostics {'step': 1414, 'time': 242.93846535156007, 'dt': 0.19634954084936207, 'total_energy': 39.48741529839546}
2026-06-08T12:47:59+12:00 scalar diagnostics {'step': 1415, 'time': 243.13481489240942, 'dt': 0.19634954084936207, 'total_energy': 39.57163848936724}
2026-06-08T12:47:59+12:00 scalar diagnostics {'step': 1416, 'time': 243.33116443325878, 'dt': 0.19634954084936207, 'total_energy': 39.65750868545075}
2026-06-08T12:47:59+12:00 scalar diagnostics {'step': 1417, 'time': 243.52751397410813, 'dt': 0.19634954084936207, 'total_energy': 39.74612071483509}
2026-06-08T12:47:59+12:00 scalar diagnostics {'step': 1419, 'time': 243.92021305580684, 'dt': 0.19634954084936207, 'total_energy': 39.933414899812995}
2026-06-08T12:47:59+12:00 scalar diagnostics {'step': 1420, 'time': 244.1165625966562, 'dt': 0.19634954084936207, 'total_energy': 40.031670417360154}
2026-06-08T12:47:59+12:00 scalar diagnostics {'step': 1421, 'time': 244.31291213750555, 'dt': 0.19634954084936207, 'total_energy': 40.13211313844682}
2026-06-08T12:47:59+12:00 scalar diagnostics {'step': 1422, 'time': 244.5092616783549, 'dt': 0.19634954084936207, 'total_energy': 40.233500192265375}
2026-06-08T12:47:59+12:00 scalar diagnostics {'step': 1424, 'time': 244.9019607600536, 'dt': 0.19634954084936207, 'total_energy': 40.43568799286577}
2026-06-08T12:47:59+12:00 scalar diagnostics {'step': 1425, 'time': 245.09831030090297, 'dt': 0.19634954084936207, 'total_energy': 40.53590334816278}
2026-06-08T12:47:59+12:00 scalar diagnostics {'step': 1426, 'time': 245.29465984175232, 'dt': 0.19634954084936207, 'total_energy': 40.635955056094865}
2026-06-08T12:47:59+12:00 scalar diagnostics {'step': 1428, 'time': 245.68735892345103, 'dt': 0.19634954084936207, 'total_energy': 40.83810058372847}
2026-06-08T12:47:59+12:00 scalar diagnostics {'step': 1429, 'time': 245.88370846430038, 'dt': 0.19634954084936207, 'total_energy': 40.94108743761285}
2026-06-08T12:47:59+12:00 scalar diagnostics {'step': 1430, 'time': 246.08005800514974, 'dt': 0.19634954084936207, 'total_energy': 41.04544784589111}
2026-06-08T12:47:59+12:00 scalar diagnostics {'step': 1431, 'time': 246.2764075459991, 'dt': 0.19634954084936207, 'total_energy': 41.151114952770186}
2026-06-08T12:47:59+12:00 scalar diagnostics {'step': 1433, 'time': 246.6691066276978, 'dt': 0.19634954084936207, 'total_energy': 41.36405709594609}
2026-06-08T12:47:59+12:00 scalar diagnostics {'step': 1434, 'time': 246.86545616854715, 'dt': 0.19634954084936207, 'total_energy': 41.47010473949062}
2026-06-08T12:47:59+12:00 scalar diagnostics {'step': 1435, 'time': 247.0618057093965, 'dt': 0.19634954084936207, 'total_energy': 41.57475263652125}
2026-06-08T12:47:59+12:00 scalar diagnostics {'step': 1436, 'time': 247.25815525024586, 'dt': 0.19634954084936207, 'total_energy': 41.677015728995315}
2026-06-08T12:47:59+12:00 scalar diagnostics {'step': 1438, 'time': 247.65085433194457, 'dt': 0.19634954084936207, 'total_energy': 41.87142152824472}
2026-06-08T12:47:59+12:00 scalar diagnostics {'step': 1439, 'time': 247.84720387279393, 'dt': 0.19634954084936207, 'total_energy': 41.96340999127995}
2026-06-08T12:47:59+12:00 scalar diagnostics {'step': 1440, 'time': 248.04355341364328, 'dt': 0.19634954084936207, 'total_energy': 42.05298155926304}
2026-06-08T12:47:59+12:00 scalar diagnostics {'step': 1442, 'time': 248.436252495342, 'dt': 0.19634954084936207, 'total_energy': 42.231822921626545}
2026-06-08T12:47:59+12:00 scalar diagnostics {'step': 1443, 'time': 248.63260203619134, 'dt': 0.19634954084936207, 'total_energy': 42.32420385714759}
2026-06-08T12:47:59+12:00 scalar diagnostics {'step': 1444, 'time': 248.8289515770407, 'dt': 0.19634954084936207, 'total_energy': 42.42050278932564}
2026-06-08T12:47:59+12:00 scalar diagnostics {'step': 1445, 'time': 249.02530111789005, 'dt': 0.19634954084936207, 'total_energy': 42.52165750082135}
2026-06-08T12:47:59+12:00 scalar diagnostics {'step': 1447, 'time': 249.41800019958876, 'dt': 0.19634954084936207, 'total_energy': 42.73945557093673}
2026-06-08T12:47:59+12:00 scalar diagnostics {'step': 1448, 'time': 249.61434974043812, 'dt': 0.19634954084936207, 'total_energy': 42.854893253399105}
2026-06-08T12:47:59+12:00 scalar diagnostics {'step': 1449, 'time': 249.81069928128747, 'dt': 0.19634954084936207, 'total_energy': 42.97276370986505}
2026-06-08T12:47:59+12:00 scalar diagnostics {'step': 1450, 'time': 250.00704882213682, 'dt': 0.19634954084936207, 'total_energy': 43.09102759221221}
2026-06-08T12:47:59+12:00 scalar diagnostics {'step': 1452, 'time': 250.39974790383553, 'dt': 0.19634954084936207, 'total_energy': 43.32069257978851}
2026-06-08T12:47:59+12:00 scalar diagnostics {'step': 1453, 'time': 250.5960974446849, 'dt': 0.19634954084936207, 'total_energy': 43.42936455397577}
2026-06-08T12:47:59+12:00 scalar diagnostics {'step': 1454, 'time': 250.79244698553424, 'dt': 0.19634954084936207, 'total_energy': 43.533359783585595}
2026-06-08T12:47:59+12:00 scalar diagnostics {'step': 1456, 'time': 251.18514606723295, 'dt': 0.19634954084936207, 'total_energy': 43.72971265756351}
2026-06-08T12:47:59+12:00 scalar diagnostics {'step': 1457, 'time': 251.3814956080823, 'dt': 0.19634954084936207, 'total_energy': 43.82422956451281}
2026-06-08T12:47:59+12:00 scalar diagnostics {'step': 1458, 'time': 251.57784514893166, 'dt': 0.19634954084936207, 'total_energy': 43.91797792053615}
2026-06-08T12:47:59+12:00 scalar diagnostics {'step': 1459, 'time': 251.774194689781, 'dt': 0.19634954084936207, 'total_energy': 44.01218361917981}
2026-06-08T12:47:59+12:00 scalar diagnostics {'step': 1461, 'time': 252.16689377147972, 'dt': 0.19634954084936207, 'total_energy': 44.206313498909694}
2026-06-08T12:47:59+12:00 scalar diagnostics {'step': 1462, 'time': 252.36324331232908, 'dt': 0.19634954084936207, 'total_energy': 44.30744530146296}
2026-06-08T12:47:59+12:00 scalar diagnostics {'step': 1463, 'time': 252.55959285317843, 'dt': 0.19634954084936207, 'total_energy': 44.41123459276735}
2026-06-08T12:47:59+12:00 scalar diagnostics {'step': 1464, 'time': 252.75594239402778, 'dt': 0.19634954084936207, 'total_energy': 44.5171337811935}
2026-06-08T12:47:59+12:00 scalar diagnostics {'step': 1466, 'time': 253.1486414757265, 'dt': 0.19634954084936207, 'total_energy': 44.73185906143596}
2026-06-08T12:47:59+12:00 scalar diagnostics {'step': 1467, 'time': 253.34499101657585, 'dt': 0.19634954084936207, 'total_energy': 44.839142157888396}
2026-06-08T12:47:59+12:00 scalar diagnostics {'step': 1468, 'time': 253.5413405574252, 'dt': 0.19634954084936207, 'total_energy': 44.9458750353067}
2026-06-08T12:47:59+12:00 scalar diagnostics {'step': 1470, 'time': 253.9340396391239, 'dt': 0.19634954084936207, 'total_energy': 45.15866429409084}
2026-06-08T12:47:59+12:00 scalar diagnostics {'step': 1471, 'time': 254.13038917997326, 'dt': 0.19634954084936207, 'total_energy': 45.266380972507925}
2026-06-08T12:47:59+12:00 scalar diagnostics {'step': 1472, 'time': 254.32673872082262, 'dt': 0.19634954084936207, 'total_energy': 45.3756263943376}
2026-06-08T12:47:59+12:00 scalar diagnostics {'step': 1473, 'time': 254.52308826167197, 'dt': 0.19634954084936207, 'total_energy': 45.4869414242053}
2026-06-08T12:47:59+12:00 scalar diagnostics {'step': 1475, 'time': 254.91578734337068, 'dt': 0.19634954084936207, 'total_energy': 45.7162394327863}
2026-06-08T12:47:59+12:00 scalar diagnostics {'step': 1476, 'time': 255.11213688422004, 'dt': 0.19634954084936207, 'total_energy': 45.83340598009231}
2026-06-08T12:47:59+12:00 scalar diagnostics {'step': 1477, 'time': 255.3084864250694, 'dt': 0.19634954084936207, 'total_energy': 45.951056420169714}
2026-06-08T12:47:59+12:00 scalar diagnostics {'step': 1478, 'time': 255.50483596591874, 'dt': 0.19634954084936207, 'total_energy': 46.067970554085065}
2026-06-08T12:47:59+12:00 scalar diagnostics {'step': 1480, 'time': 255.89753504761745, 'dt': 0.19634954084936207, 'total_energy': 46.2946643058626}
2026-06-08T12:47:59+12:00 scalar diagnostics {'step': 1481, 'time': 256.09388458846684, 'dt': 0.19634954084936207, 'total_energy': 46.40243989623934}
2026-06-08T12:47:59+12:00 scalar diagnostics {'step': 1482, 'time': 256.2902341293162, 'dt': 0.19634954084936207, 'total_energy': 46.506134529624184}
2026-06-08T12:47:59+12:00 scalar diagnostics {'step': 1484, 'time': 256.682933211015, 'dt': 0.19634954084936207, 'total_energy': 46.70350038320687}
2026-06-08T12:47:59+12:00 scalar diagnostics {'step': 1485, 'time': 256.87928275186437, 'dt': 0.19634954084936207, 'total_energy': 46.79961829783332}
2026-06-08T12:47:59+12:00 scalar diagnostics {'step': 1486, 'time': 257.07563229271375, 'dt': 0.19634954084936207, 'total_energy': 46.89615916676755}
2026-06-08T12:48:00+12:00 scalar diagnostics {'step': 1487, 'time': 257.27198183356313, 'dt': 0.19634954084936207, 'total_energy': 46.99471575877804}
2026-06-08T12:48:00+12:00 scalar diagnostics {'step': 1489, 'time': 257.6646809152619, 'dt': 0.19634954084936207, 'total_energy': 47.20270049655224}
2026-06-08T12:48:00+12:00 scalar diagnostics {'step': 1490, 'time': 257.8610304561113, 'dt': 0.19634954084936207, 'total_energy': 47.3133928952855}
2026-06-08T12:48:00+12:00 scalar diagnostics {'step': 1491, 'time': 258.05737999696066, 'dt': 0.19634954084936207, 'total_energy': 47.428938336959504}
2026-06-08T12:48:00+12:00 scalar diagnostics {'step': 1492, 'time': 258.25372953781005, 'dt': 0.19634954084936207, 'total_energy': 47.548149046968994}
2026-06-08T12:48:00+12:00 scalar diagnostics {'step': 1494, 'time': 258.6464286195088, 'dt': 0.19634954084936207, 'total_energy': 47.792054559399304}
2026-06-08T12:48:00+12:00 scalar diagnostics {'step': 1495, 'time': 258.8427781603582, 'dt': 0.19634954084936207, 'total_energy': 47.91329647917683}
2026-06-08T12:48:00+12:00 scalar diagnostics {'step': 1496, 'time': 259.0391277012076, 'dt': 0.19634954084936207, 'total_energy': 48.03194906349504}
2026-06-08T12:48:00+12:00 scalar diagnostics {'step': 1498, 'time': 259.43182678290634, 'dt': 0.19634954084936207, 'total_energy': 48.258647926659954}
2026-06-08T12:48:00+12:00 scalar diagnostics {'step': 1499, 'time': 259.6281763237557, 'dt': 0.19634954084936207, 'total_energy': 48.36724315606587}
2026-06-08T12:48:00+12:00 progress {'step': 1500, 'time': 259.8245258646051, 'dt': 0.19634954084936207}
2026-06-08T12:48:00+12:00 scalar diagnostics {'step': 1500, 'time': 259.8245258646051, 'dt': 0.19634954084936207, 'total_energy': 48.47404902065161}
2026-06-08T12:48:00+12:00 scalar diagnostics {'step': 1501, 'time': 260.0208754054545, 'dt': 0.19634954084936207, 'total_energy': 48.580769523741466}
2026-06-08T12:48:00+12:00 scalar diagnostics {'step': 1503, 'time': 260.41357448715326, 'dt': 0.19634954084936207, 'total_energy': 48.79715158995138}
2026-06-08T12:48:00+12:00 scalar diagnostics {'step': 1504, 'time': 260.60992402800264, 'dt': 0.19634954084936207, 'total_energy': 48.908157323169966}
2026-06-08T12:48:00+12:00 scalar diagnostics {'step': 1505, 'time': 260.806273568852, 'dt': 0.19634954084936207, 'total_energy': 49.021330843311944}
2026-06-08T12:48:00+12:00 scalar diagnostics {'step': 1506, 'time': 261.0026231097014, 'dt': 0.19634954084936207, 'total_energy': 49.13644313780013}
2026-06-08T12:48:00+12:00 scalar diagnostics {'step': 1508, 'time': 261.39532219140017, 'dt': 0.19634954084936207, 'total_energy': 49.3698434436597}
2026-06-08T12:48:00+12:00 scalar diagnostics {'step': 1509, 'time': 261.59167173224955, 'dt': 0.19634954084936207, 'total_energy': 49.48622688572129}
2026-06-08T12:48:00+12:00 scalar diagnostics {'step': 1510, 'time': 261.78802127309893, 'dt': 0.19634954084936207, 'total_energy': 49.6011653332567}
2026-06-08T12:48:00+12:00 scalar diagnostics {'step': 1512, 'time': 262.1807203547977, 'dt': 0.19634954084936207, 'total_energy': 49.82513664444993}
2026-06-08T12:48:00+12:00 scalar diagnostics {'step': 1513, 'time': 262.3770698956471, 'dt': 0.19634954084936207, 'total_energy': 49.934842532506124}
2026-06-08T12:48:00+12:00 scalar diagnostics {'step': 1514, 'time': 262.57341943649647, 'dt': 0.19634954084936207, 'total_energy': 50.04413941047571}
2026-06-08T12:48:00+12:00 scalar diagnostics {'step': 1515, 'time': 262.76976897734585, 'dt': 0.19634954084936207, 'total_energy': 50.15406602300368}
2026-06-08T12:48:00+12:00 scalar diagnostics {'step': 1517, 'time': 263.1624680590446, 'dt': 0.19634954084936207, 'total_energy': 50.37947893395408}
2026-06-08T12:48:00+12:00 scalar diagnostics {'step': 1518, 'time': 263.358817599894, 'dt': 0.19634954084936207, 'total_energy': 50.49625149399531}
2026-06-08T12:48:00+12:00 scalar diagnostics {'step': 1519, 'time': 263.5551671407434, 'dt': 0.19634954084936207, 'total_energy': 50.61606498097543}
2026-06-08T12:48:00+12:00 scalar diagnostics {'step': 1520, 'time': 263.75151668159276, 'dt': 0.19634954084936207, 'total_energy': 50.7386172568392}
2026-06-08T12:48:00+12:00 scalar diagnostics {'step': 1522, 'time': 264.1442157632915, 'dt': 0.19634954084936207, 'total_energy': 50.988634975563414}
2026-06-08T12:48:00+12:00 scalar diagnostics {'step': 1523, 'time': 264.3405653041409, 'dt': 0.19634954084936207, 'total_energy': 51.11287403971}
2026-06-08T12:48:00+12:00 scalar diagnostics {'step': 1524, 'time': 264.5369148449903, 'dt': 0.19634954084936207, 'total_energy': 51.23455182614598}
2026-06-08T12:48:00+12:00 scalar diagnostics {'step': 1526, 'time': 264.92961392668906, 'dt': 0.19634954084936207, 'total_energy': 51.466804414414916}
2026-06-08T12:48:00+12:00 scalar diagnostics {'step': 1527, 'time': 265.12596346753844, 'dt': 0.19634954084936207, 'total_energy': 51.57754628035302}
2026-06-08T12:48:00+12:00 scalar diagnostics {'step': 1528, 'time': 265.3223130083878, 'dt': 0.19634954084936207, 'total_energy': 51.685946028161105}
2026-06-08T12:48:00+12:00 scalar diagnostics {'step': 1529, 'time': 265.5186625492372, 'dt': 0.19634954084936207, 'total_energy': 51.79343595508988}
2026-06-08T12:48:00+12:00 scalar diagnostics {'step': 1531, 'time': 265.91136163093597, 'dt': 0.19634954084936207, 'total_energy': 52.011872730529134}
2026-06-08T12:48:00+12:00 scalar diagnostics {'step': 1532, 'time': 266.10771117178535, 'dt': 0.19634954084936207, 'total_energy': 52.12516304974282}
2026-06-08T12:48:00+12:00 scalar diagnostics {'step': 1533, 'time': 266.30406071263474, 'dt': 0.19634954084936207, 'total_energy': 52.24199391541607}
2026-06-08T12:48:00+12:00 scalar diagnostics {'step': 1534, 'time': 266.5004102534841, 'dt': 0.19634954084936207, 'total_energy': 52.36250941074916}
2026-06-08T12:48:00+12:00 scalar diagnostics {'step': 1536, 'time': 266.8931093351829, 'dt': 0.19634954084936207, 'total_energy': 52.61272293465289}
2026-06-08T12:48:00+12:00 scalar diagnostics {'step': 1537, 'time': 267.08945887603227, 'dt': 0.19634954084936207, 'total_energy': 52.74046719930245}
2026-06-08T12:48:00+12:00 scalar diagnostics {'step': 1538, 'time': 267.28580841688165, 'dt': 0.19634954084936207, 'total_energy': 52.868310377020734}
2026-06-08T12:48:00+12:00 scalar diagnostics {'step': 1540, 'time': 267.6785074985804, 'dt': 0.19634954084936207, 'total_energy': 53.11983751875829}
2026-06-08T12:48:00+12:00 scalar diagnostics {'step': 1541, 'time': 267.8748570394298, 'dt': 0.19634954084936207, 'total_energy': 53.24224989905356}
2026-06-08T12:48:00+12:00 scalar diagnostics {'step': 1542, 'time': 268.0712065802792, 'dt': 0.19634954084936207, 'total_energy': 53.36223842696219}
2026-06-08T12:48:00+12:00 scalar diagnostics {'step': 1543, 'time': 268.26755612112856, 'dt': 0.19634954084936207, 'total_energy': 53.48027228567923}
2026-06-08T12:48:00+12:00 scalar diagnostics {'step': 1545, 'time': 268.66025520282733, 'dt': 0.19634954084936207, 'total_energy': 53.713858547389826}
2026-06-08T12:48:00+12:00 scalar diagnostics {'step': 1546, 'time': 268.8566047436767, 'dt': 0.19634954084936207, 'total_energy': 53.8313204623796}
2026-06-08T12:48:00+12:00 scalar diagnostics {'step': 1547, 'time': 269.0529542845261, 'dt': 0.19634954084936207, 'total_energy': 53.95026261876927}
2026-06-08T12:48:00+12:00 scalar diagnostics {'step': 1549, 'time': 269.44565336622486, 'dt': 0.19634954084936207, 'total_energy': 54.19359691529489}
2026-06-08T12:48:00+12:00 scalar diagnostics {'step': 1550, 'time': 269.64200290707424, 'dt': 0.19634954084936207, 'total_energy': 54.31742689598699}
2026-06-08T12:48:00+12:00 scalar diagnostics {'step': 1551, 'time': 269.8383524479236, 'dt': 0.19634954084936207, 'total_energy': 54.44194345055643}
2026-06-08T12:48:00+12:00 scalar diagnostics {'step': 1552, 'time': 270.034701988773, 'dt': 0.19634954084936207, 'total_energy': 54.56594856074689}
2026-06-08T12:48:00+12:00 scalar diagnostics {'step': 1554, 'time': 270.4274010704718, 'dt': 0.19634954084936207, 'total_energy': 54.809049751840625}
2026-06-08T12:48:00+12:00 scalar diagnostics {'step': 1555, 'time': 270.62375061132116, 'dt': 0.19634954084936207, 'total_energy': 54.92735216636603}
2026-06-08T12:48:01+12:00 scalar diagnostics {'step': 1556, 'time': 270.82010015217054, 'dt': 0.19634954084936207, 'total_energy': 55.043827532861954}
2026-06-08T12:48:01+12:00 scalar diagnostics {'step': 1557, 'time': 271.0164496930199, 'dt': 0.19634954084936207, 'total_energy': 55.15937127543019}
2026-06-08T12:48:01+12:00 scalar diagnostics {'step': 1559, 'time': 271.4091487747187, 'dt': 0.19634954084936207, 'total_energy': 55.39256476981211}
2026-06-08T12:48:01+12:00 scalar diagnostics {'step': 1560, 'time': 271.60549831556807, 'dt': 0.19634954084936207, 'total_energy': 55.512536770875684}
2026-06-08T12:48:01+12:00 scalar diagnostics {'step': 1561, 'time': 271.80184785641745, 'dt': 0.19634954084936207, 'total_energy': 55.63613797000604}
2026-06-08T12:48:01+12:00 scalar diagnostics {'step': 1563, 'time': 272.1945469381162, 'dt': 0.19634954084936207, 'total_energy': 55.893597936385625}
2026-06-08T12:48:01+12:00 scalar diagnostics {'step': 1564, 'time': 272.3908964789656, 'dt': 0.19634954084936207, 'total_energy': 56.02663613249473}
2026-06-08T12:48:01+12:00 scalar diagnostics {'step': 1565, 'time': 272.587246019815, 'dt': 0.19634954084936207, 'total_energy': 56.161410306851515}
2026-06-08T12:48:01+12:00 scalar diagnostics {'step': 1566, 'time': 272.78359556066437, 'dt': 0.19634954084936207, 'total_energy': 56.29672328936898}
2026-06-08T12:48:01+12:00 scalar diagnostics {'step': 1568, 'time': 273.17629464236313, 'dt': 0.19634954084936207, 'total_energy': 56.56367698870788}
2026-06-08T12:48:01+12:00 scalar diagnostics {'step': 1569, 'time': 273.3726441832125, 'dt': 0.19634954084936207, 'total_energy': 56.693079760843816}
2026-06-08T12:48:01+12:00 scalar diagnostics {'step': 1570, 'time': 273.5689937240619, 'dt': 0.19634954084936207, 'total_energy': 56.81902704183831}
2026-06-08T12:48:01+12:00 scalar diagnostics {'step': 1571, 'time': 273.7653432649113, 'dt': 0.19634954084936207, 'total_energy': 56.94200225164634}
2026-06-08T12:48:01+12:00 scalar diagnostics {'step': 1573, 'time': 274.15804234661005, 'dt': 0.19634954084936207, 'total_energy': 57.181869341588744}
2026-06-08T12:48:01+12:00 scalar diagnostics {'step': 1574, 'time': 274.3543918874594, 'dt': 0.19634954084936207, 'total_energy': 57.301216439926186}
2026-06-08T12:48:01+12:00 scalar diagnostics {'step': 1575, 'time': 274.5507414283088, 'dt': 0.19634954084936207, 'total_energy': 57.42174004709998}
2026-06-08T12:48:01+12:00 scalar diagnostics {'step': 1577, 'time': 274.9434405100076, 'dt': 0.19634954084936207, 'total_energy': 57.669406142903924}
2026-06-08T12:48:01+12:00 scalar diagnostics {'step': 1578, 'time': 275.13979005085696, 'dt': 0.19634954084936207, 'total_energy': 57.79717664964697}
2026-06-08T12:48:01+12:00 scalar diagnostics {'step': 1579, 'time': 275.33613959170634, 'dt': 0.19634954084936207, 'total_energy': 57.927326239305984}
2026-06-08T12:48:01+12:00 scalar diagnostics {'step': 1580, 'time': 275.5324891325557, 'dt': 0.19634954084936207, 'total_energy': 58.05918321972263}
2026-06-08T12:48:01+12:00 scalar diagnostics {'step': 1582, 'time': 275.9251882142545, 'dt': 0.19634954084936207, 'total_energy': 58.324251517173934}
2026-06-08T12:48:01+12:00 scalar diagnostics {'step': 1583, 'time': 276.1215377551039, 'dt': 0.19634954084936207, 'total_energy': 58.45550563494645}
2026-06-08T12:48:01+12:00 scalar diagnostics {'step': 1584, 'time': 276.31788729595326, 'dt': 0.19634954084936207, 'total_energy': 58.58516350414741}
2026-06-08T12:48:01+12:00 scalar diagnostics {'step': 1585, 'time': 276.51423683680264, 'dt': 0.19634954084936207, 'total_energy': 58.71325669419845}
2026-06-08T12:48:01+12:00 scalar diagnostics {'step': 1587, 'time': 276.9069359185014, 'dt': 0.19634954084936207, 'total_energy': 58.9667862757931}
2026-06-08T12:48:01+12:00 scalar diagnostics {'step': 1588, 'time': 277.1032854593508, 'dt': 0.19634954084936207, 'total_energy': 59.09363247582563}
2026-06-08T12:48:01+12:00 scalar diagnostics {'step': 1589, 'time': 277.29963500020017, 'dt': 0.19634954084936207, 'total_energy': 59.22139916124526}
2026-06-08T12:48:01+12:00 scalar diagnostics {'step': 1591, 'time': 277.69233408189893, 'dt': 0.19634954084936207, 'total_energy': 59.48167243592473}
2026-06-08T12:48:01+12:00 scalar diagnostics {'step': 1592, 'time': 277.8886836227483, 'dt': 0.19634954084936207, 'total_energy': 59.61459057866822}
2026-06-08T12:48:01+12:00 scalar diagnostics {'step': 1593, 'time': 278.0850331635977, 'dt': 0.19634954084936207, 'total_energy': 59.749156699584965}
2026-06-08T12:48:01+12:00 scalar diagnostics {'step': 1594, 'time': 278.2813827044471, 'dt': 0.19634954084936207, 'total_energy': 59.8848834633016}
2026-06-08T12:48:01+12:00 scalar diagnostics {'step': 1596, 'time': 278.67408178614585, 'dt': 0.19634954084936207, 'total_energy': 60.15640064997364}
2026-06-08T12:48:01+12:00 scalar diagnostics {'step': 1597, 'time': 278.87043132699523, 'dt': 0.19634954084936207, 'total_energy': 60.29024060273619}
2026-06-08T12:48:01+12:00 scalar diagnostics {'step': 1598, 'time': 279.0667808678446, 'dt': 0.19634954084936207, 'total_energy': 60.42182915786838}
2026-06-08T12:48:01+12:00 scalar diagnostics {'step': 1599, 'time': 279.263130408694, 'dt': 0.19634954084936207, 'total_energy': 60.550996202440416}
2026-06-08T12:48:01+12:00 progress {'step': 1600, 'time': 279.4594799495434, 'dt': 0.19634954084936207}
2026-06-08T12:48:01+12:00 scalar diagnostics {'step': 1601, 'time': 279.65582949039276, 'dt': 0.19634954084936207, 'total_energy': 60.80442268381845}
2026-06-08T12:48:01+12:00 scalar diagnostics {'step': 1602, 'time': 279.85217903124214, 'dt': 0.19634954084936207, 'total_energy': 60.93059957371843}
2026-06-08T12:48:01+12:00 scalar diagnostics {'step': 1603, 'time': 280.0485285720915, 'dt': 0.19634954084936207, 'total_energy': 61.05782203849563}
2026-06-08T12:48:01+12:00 scalar diagnostics {'step': 1605, 'time': 280.4412276537903, 'dt': 0.19634954084936207, 'total_energy': 61.31939519218615}
2026-06-08T12:48:01+12:00 scalar diagnostics {'step': 1606, 'time': 280.6375771946397, 'dt': 0.19634954084936207, 'total_energy': 61.45490073815625}
2026-06-08T12:48:01+12:00 scalar diagnostics {'step': 1607, 'time': 280.83392673548906, 'dt': 0.19634954084936207, 'total_energy': 61.59354997957388}
2026-06-08T12:48:01+12:00 scalar diagnostics {'step': 1608, 'time': 281.03027627633844, 'dt': 0.19634954084936207, 'total_energy': 61.73472260054007}
2026-06-08T12:48:01+12:00 scalar diagnostics {'step': 1610, 'time': 281.4229753580372, 'dt': 0.19634954084936207, 'total_energy': 62.020334185308}
2026-06-08T12:48:01+12:00 scalar diagnostics {'step': 1611, 'time': 281.6193248988866, 'dt': 0.19634954084936207, 'total_energy': 62.16222522628516}
2026-06-08T12:48:01+12:00 scalar diagnostics {'step': 1612, 'time': 281.815674439736, 'dt': 0.19634954084936207, 'total_energy': 62.30211156333341}
2026-06-08T12:48:01+12:00 scalar diagnostics {'step': 1613, 'time': 282.01202398058535, 'dt': 0.19634954084936207, 'total_energy': 62.439339292990084}
2026-06-08T12:48:01+12:00 scalar diagnostics {'step': 1615, 'time': 282.4047230622841, 'dt': 0.19634954084936207, 'total_energy': 62.70545557759648}
2026-06-08T12:48:01+12:00 scalar diagnostics {'step': 1616, 'time': 282.6010726031335, 'dt': 0.19634954084936207, 'total_energy': 62.835225716974165}
2026-06-08T12:48:01+12:00 scalar diagnostics {'step': 1617, 'time': 282.7974221439829, 'dt': 0.19634954084936207, 'total_energy': 62.963929731849746}
2026-06-08T12:48:01+12:00 scalar diagnostics {'step': 1619, 'time': 283.19012122568165, 'dt': 0.19634954084936207, 'total_energy': 63.22236501627938}
2026-06-08T12:48:01+12:00 scalar diagnostics {'step': 1620, 'time': 283.38647076653103, 'dt': 0.19634954084936207, 'total_energy': 63.3540452673325}
2026-06-08T12:48:01+12:00 scalar diagnostics {'step': 1621, 'time': 283.5828203073804, 'dt': 0.19634954084936207, 'total_energy': 63.4885052332796}
2026-06-08T12:48:01+12:00 scalar diagnostics {'step': 1622, 'time': 283.7791698482298, 'dt': 0.19634954084936207, 'total_energy': 63.62575481015478}
2026-06-08T12:48:01+12:00 scalar diagnostics {'step': 1624, 'time': 284.17186892992856, 'dt': 0.19634954084936207, 'total_energy': 63.90750062062377}
2026-06-08T12:48:01+12:00 scalar diagnostics {'step': 1625, 'time': 284.36821847077795, 'dt': 0.19634954084936207, 'total_energy': 64.05053715313524}
2026-06-08T12:48:01+12:00 scalar diagnostics {'step': 1626, 'time': 284.56456801162733, 'dt': 0.19634954084936207, 'total_energy': 64.19370814671855}
2026-06-08T12:48:01+12:00 scalar diagnostics {'step': 1627, 'time': 284.7609175524767, 'dt': 0.19634954084936207, 'total_energy': 64.3360867991895}
2026-06-08T12:48:01+12:00 scalar diagnostics {'step': 1629, 'time': 285.1536166341755, 'dt': 0.19634954084936207, 'total_energy': 64.61646879452235}
2026-06-08T12:48:01+12:00 scalar diagnostics {'step': 1630, 'time': 285.34996617502486, 'dt': 0.19634954084936207, 'total_energy': 64.7546703252238}
2026-06-08T12:48:02+12:00 scalar diagnostics {'step': 1631, 'time': 285.54631571587424, 'dt': 0.19634954084936207, 'total_energy': 64.89290980396423}
2026-06-08T12:48:02+12:00 scalar diagnostics {'step': 1633, 'time': 285.939014797573, 'dt': 0.19634954084936207, 'total_energy': 65.17137442100085}
2026-06-08T12:48:02+12:00 scalar diagnostics {'step': 1634, 'time': 286.1353643384224, 'dt': 0.19634954084936207, 'total_energy': 65.31291434903147}
2026-06-08T12:48:02+12:00 scalar diagnostics {'step': 1635, 'time': 286.3317138792718, 'dt': 0.19634954084936207, 'total_energy': 65.45631750713838}
2026-06-08T12:48:02+12:00 scalar diagnostics {'step': 1636, 'time': 286.52806342012116, 'dt': 0.19634954084936207, 'total_energy': 65.60137746633548}
2026-06-08T12:48:02+12:00 scalar diagnostics {'step': 1638, 'time': 286.9207625018199, 'dt': 0.19634954084936207, 'total_energy': 65.89419816591099}
2026-06-08T12:48:02+12:00 scalar diagnostics {'step': 1639, 'time': 287.1171120426693, 'dt': 0.19634954084936207, 'total_energy': 66.04031937049}
2026-06-08T12:48:02+12:00 scalar diagnostics {'step': 1640, 'time': 287.3134615835187, 'dt': 0.19634954084936207, 'total_energy': 66.1850121689011}
2026-06-08T12:48:02+12:00 scalar diagnostics {'step': 1641, 'time': 287.50981112436807, 'dt': 0.19634954084936207, 'total_energy': 66.32745361073569}
2026-06-08T12:48:02+12:00 scalar diagnostics {'step': 1643, 'time': 287.90251020606684, 'dt': 0.19634954084936207, 'total_energy': 66.60416159827507}
2026-06-08T12:48:02+12:00 scalar diagnostics {'step': 1644, 'time': 288.0988597469162, 'dt': 0.19634954084936207, 'total_energy': 66.73896067838294}
2026-06-08T12:48:02+12:00 scalar diagnostics {'step': 1645, 'time': 288.2952092877656, 'dt': 0.19634954084936207, 'total_energy': 66.87255507197108}
2026-06-08T12:48:02+12:00 scalar diagnostics {'step': 1647, 'time': 288.68790836946437, 'dt': 0.19634954084936207, 'total_energy': 67.14113587881228}
2026-06-08T12:48:02+12:00 scalar diagnostics {'step': 1648, 'time': 288.88425791031375, 'dt': 0.19634954084936207, 'total_energy': 67.27850283222712}
2026-06-08T12:48:02+12:00 scalar diagnostics {'step': 1649, 'time': 289.08060745116313, 'dt': 0.19634954084936207, 'total_energy': 67.41910362646634}
2026-06-08T12:48:02+12:00 scalar diagnostics {'step': 1650, 'time': 289.2769569920125, 'dt': 0.19634954084936207, 'total_energy': 67.56337435427218}
2026-06-08T12:48:02+12:00 scalar diagnostics {'step': 1652, 'time': 289.6696560737113, 'dt': 0.19634954084936207, 'total_energy': 67.86296923273005}
2026-06-08T12:48:02+12:00 scalar diagnostics {'step': 1653, 'time': 289.86600561456066, 'dt': 0.19634954084936207, 'total_energy': 68.0164962191181}
2026-06-08T12:48:02+12:00 scalar diagnostics {'step': 1654, 'time': 290.06235515541005, 'dt': 0.19634954084936207, 'total_energy': 68.17080148537154}
2026-06-08T12:48:02+12:00 scalar diagnostics {'step': 1655, 'time': 290.25870469625943, 'dt': 0.19634954084936207, 'total_energy': 68.32437781600542}
2026-06-08T12:48:02+12:00 scalar diagnostics {'step': 1657, 'time': 290.6514037779582, 'dt': 0.19634954084936207, 'total_energy': 68.6245698273891}
2026-06-08T12:48:02+12:00 scalar diagnostics {'step': 1658, 'time': 290.8477533188076, 'dt': 0.19634954084936207, 'total_energy': 68.770173311015}
2026-06-08T12:48:02+12:00 scalar diagnostics {'step': 1659, 'time': 291.04410285965696, 'dt': 0.19634954084936207, 'total_energy': 68.91315201644885}
2026-06-08T12:48:02+12:00 scalar diagnostics {'step': 1661, 'time': 291.4368019413557, 'dt': 0.19634954084936207, 'total_energy': 69.19533009492224}
2026-06-08T12:48:02+12:00 scalar diagnostics {'step': 1662, 'time': 291.6331514822051, 'dt': 0.19634954084936207, 'total_energy': 69.3366427715592}
2026-06-08T12:48:02+12:00 scalar diagnostics {'step': 1663, 'time': 291.8295010230545, 'dt': 0.19634954084936207, 'total_energy': 69.47922363859426}
2026-06-08T12:48:02+12:00 scalar diagnostics {'step': 1664, 'time': 292.0258505639039, 'dt': 0.19634954084936207, 'total_energy': 69.62376405045815}
2026-06-08T12:48:02+12:00 scalar diagnostics {'step': 1666, 'time': 292.41854964560264, 'dt': 0.19634954084936207, 'total_energy': 69.92002007109015}
2026-06-08T12:48:02+12:00 scalar diagnostics {'step': 1667, 'time': 292.614899186452, 'dt': 0.19634954084936207, 'total_energy': 70.07148797614889}
2026-06-08T12:48:02+12:00 scalar diagnostics {'step': 1668, 'time': 292.8112487273014, 'dt': 0.19634954084936207, 'total_energy': 70.22440807432974}
2026-06-08T12:48:02+12:00 scalar diagnostics {'step': 1669, 'time': 293.0075982681508, 'dt': 0.19634954084936207, 'total_energy': 70.37787811271869}
2026-06-08T12:48:02+12:00 scalar diagnostics {'step': 1671, 'time': 293.40029734984955, 'dt': 0.19634954084936207, 'total_energy': 70.68285088317742}
2026-06-08T12:48:02+12:00 scalar diagnostics {'step': 1672, 'time': 293.59664689069893, 'dt': 0.19634954084936207, 'total_energy': 70.8331893694059}
2026-06-08T12:48:02+12:00 scalar diagnostics {'step': 1673, 'time': 293.7929964315483, 'dt': 0.19634954084936207, 'total_energy': 70.98197680563992}
2026-06-08T12:48:02+12:00 scalar diagnostics {'step': 1675, 'time': 294.1856955132471, 'dt': 0.19634954084936207, 'total_energy': 71.2766758476932}
2026-06-08T12:48:02+12:00 scalar diagnostics {'step': 1676, 'time': 294.38204505409647, 'dt': 0.19634954084936207, 'total_energy': 71.42402115544886}
2026-06-08T12:48:02+12:00 scalar diagnostics {'step': 1677, 'time': 294.57839459494585, 'dt': 0.19634954084936207, 'total_energy': 71.57239682515315}
2026-06-08T12:48:02+12:00 scalar diagnostics {'step': 1678, 'time': 294.77474413579523, 'dt': 0.19634954084936207, 'total_energy': 71.72241443934735}
2026-06-08T12:48:02+12:00 scalar diagnostics {'step': 1680, 'time': 295.167443217494, 'dt': 0.19634954084936207, 'total_energy': 72.02826397452289}
2026-06-08T12:48:02+12:00 scalar diagnostics {'step': 1681, 'time': 295.3637927583434, 'dt': 0.19634954084936207, 'total_energy': 72.183881306619}
2026-06-08T12:48:02+12:00 scalar diagnostics {'step': 1682, 'time': 295.56014229919276, 'dt': 0.19634954084936207, 'total_energy': 72.34009233109394}
2026-06-08T12:48:02+12:00 scalar diagnostics {'step': 1683, 'time': 295.75649184004214, 'dt': 0.19634954084936207, 'total_energy': 72.49589910362036}
2026-06-08T12:48:02+12:00 scalar diagnostics {'step': 1685, 'time': 296.1491909217409, 'dt': 0.19634954084936207, 'total_energy': 72.80268869831183}
2026-06-08T12:48:02+12:00 scalar diagnostics {'step': 1686, 'time': 296.3455404625903, 'dt': 0.19634954084936207, 'total_energy': 72.95265536526442}
2026-06-08T12:48:02+12:00 scalar diagnostics {'step': 1687, 'time': 296.5418900034397, 'dt': 0.19634954084936207, 'total_energy': 73.1004295665867}
2026-06-08T12:48:02+12:00 scalar diagnostics {'step': 1689, 'time': 296.93458908513844, 'dt': 0.19634954084936207, 'total_energy': 73.39240582949253}
2026-06-08T12:48:02+12:00 scalar diagnostics {'step': 1690, 'time': 297.1309386259878, 'dt': 0.19634954084936207, 'total_energy': 73.53881338348543}
2026-06-08T12:48:02+12:00 scalar diagnostics {'step': 1691, 'time': 297.3272881668372, 'dt': 0.19634954084936207, 'total_energy': 73.68737528478769}
2026-06-08T12:48:02+12:00 scalar diagnostics {'step': 1692, 'time': 297.5236377076866, 'dt': 0.19634954084936207, 'total_energy': 73.83869728442039}
2026-06-08T12:48:02+12:00 scalar diagnostics {'step': 1694, 'time': 297.91633678938535, 'dt': 0.19634954084936207, 'total_energy': 74.15149375540575}
2026-06-08T12:48:02+12:00 scalar diagnostics {'step': 1695, 'time': 298.11268633023474, 'dt': 0.19634954084936207, 'total_energy': 74.31282443624046}
2026-06-08T12:48:02+12:00 scalar diagnostics {'step': 1696, 'time': 298.3090358710841, 'dt': 0.19634954084936207, 'total_energy': 74.47665490826732}
2026-06-08T12:48:02+12:00 scalar diagnostics {'step': 1697, 'time': 298.5053854119335, 'dt': 0.19634954084936207, 'total_energy': 74.64196154619155}
2026-06-08T12:48:02+12:00 scalar diagnostics {'step': 1699, 'time': 298.89808449363227, 'dt': 0.19634954084936207, 'total_energy': 74.97193479926754}
2026-06-08T12:48:02+12:00 progress {'step': 1700, 'time': 299.09443403448165, 'dt': 0.19634954084936207}
2026-06-08T12:48:02+12:00 scalar diagnostics {'step': 1700, 'time': 299.09443403448165, 'dt': 0.19634954084936207, 'total_energy': 75.13409428530328}
2026-06-08T12:48:02+12:00 scalar diagnostics {'step': 1701, 'time': 299.29078357533103, 'dt': 0.19634954084936207, 'total_energy': 75.29322522272462}
2026-06-08T12:48:02+12:00 scalar diagnostics {'step': 1703, 'time': 299.6834826570298, 'dt': 0.19634954084936207, 'total_energy': 75.60156052102555}
2026-06-08T12:48:02+12:00 scalar diagnostics {'step': 1704, 'time': 299.8798321978792, 'dt': 0.19634954084936207, 'total_energy': 75.75190943605439}
2026-06-08T12:48:03+12:00 scalar diagnostics {'step': 1705, 'time': 300.07618173872856, 'dt': 0.19634954084936207, 'total_energy': 75.90116753569737}
2026-06-08T12:48:03+12:00 scalar diagnostics {'step': 1706, 'time': 300.27253127957795, 'dt': 0.19634954084936207, 'total_energy': 76.05059796569049}
2026-06-08T12:48:03+12:00 scalar diagnostics {'step': 1708, 'time': 300.6652303612767, 'dt': 0.19634954084936207, 'total_energy': 76.35416933648622}
2026-06-08T12:48:03+12:00 scalar diagnostics {'step': 1709, 'time': 300.8615799021261, 'dt': 0.19634954084936207, 'total_energy': 76.50959131769531}
2026-06-08T12:48:03+12:00 scalar diagnostics {'step': 1710, 'time': 301.0579294429755, 'dt': 0.19634954084936207, 'total_energy': 76.66765670376124}
2026-06-08T12:48:03+12:00 scalar diagnostics {'step': 1711, 'time': 301.25427898382486, 'dt': 0.19634954084936207, 'total_energy': 76.82830941236824}
2026-06-08T12:48:03+12:00 scalar diagnostics {'step': 1713, 'time': 301.6469780655236, 'dt': 0.19634954084936207, 'total_energy': 77.15401011090816}
2026-06-08T12:48:03+12:00 scalar diagnostics {'step': 1714, 'time': 301.843327606373, 'dt': 0.19634954084936207, 'total_energy': 77.31740064440383}
2026-06-08T12:48:03+12:00 scalar diagnostics {'step': 1715, 'time': 302.0396771472224, 'dt': 0.19634954084936207, 'total_energy': 77.48016818265211}
2026-06-08T12:48:03+12:00 scalar diagnostics {'step': 1717, 'time': 302.43237622892116, 'dt': 0.19634954084936207, 'total_energy': 77.80263317692034}
2026-06-08T12:48:03+12:00 scalar diagnostics {'step': 1718, 'time': 302.62872576977054, 'dt': 0.19634954084936207, 'total_energy': 77.96261732586242}
2026-06-08T12:48:03+12:00 scalar diagnostics {'step': 1719, 'time': 302.8250753106199, 'dt': 0.19634954084936207, 'total_energy': 78.12237134178544}
2026-06-08T12:48:03+12:00 scalar diagnostics {'step': 1720, 'time': 303.0214248514693, 'dt': 0.19634954084936207, 'total_energy': 78.28243440226336}
2026-06-08T12:48:03+12:00 scalar diagnostics {'step': 1722, 'time': 303.41412393316807, 'dt': 0.19634954084936207, 'total_energy': 78.60575352647672}
2026-06-08T12:48:03+12:00 scalar diagnostics {'step': 1723, 'time': 303.61047347401745, 'dt': 0.19634954084936207, 'total_energy': 78.76927349658862}
2026-06-08T12:48:03+12:00 scalar diagnostics {'step': 1724, 'time': 303.80682301486684, 'dt': 0.19634954084936207, 'total_energy': 78.93413889473402}
2026-06-08T12:48:03+12:00 scalar diagnostics {'step': 1725, 'time': 304.0031725557162, 'dt': 0.19634954084936207, 'total_energy': 79.10018641937056}
2026-06-08T12:48:03+12:00 scalar diagnostics {'step': 1727, 'time': 304.395871637415, 'dt': 0.19634954084936207, 'total_energy': 79.43394007538383}
2026-06-08T12:48:03+12:00 scalar diagnostics {'step': 1728, 'time': 304.59222117826437, 'dt': 0.19634954084936207, 'total_energy': 79.60019108049867}
2026-06-08T12:48:03+12:00 scalar diagnostics {'step': 1729, 'time': 304.78857071911375, 'dt': 0.19634954084936207, 'total_energy': 79.76499588677027}
2026-06-08T12:48:03+12:00 scalar diagnostics {'step': 1731, 'time': 305.1812698008125, 'dt': 0.19634954084936207, 'total_energy': 80.08888305603797}
2026-06-08T12:48:03+12:00 scalar diagnostics {'step': 1732, 'time': 305.3776193416619, 'dt': 0.19634954084936207, 'total_energy': 80.24825380009327}
2026-06-08T12:48:03+12:00 scalar diagnostics {'step': 1733, 'time': 305.5739688825113, 'dt': 0.19634954084936207, 'total_energy': 80.406730371068}
2026-06-08T12:48:03+12:00 scalar diagnostics {'step': 1734, 'time': 305.77031842336066, 'dt': 0.19634954084936207, 'total_energy': 80.56530927807889}
2026-06-08T12:48:03+12:00 scalar diagnostics {'step': 1736, 'time': 306.16301750505943, 'dt': 0.19634954084936207, 'total_energy': 80.88673925290135}
2026-06-08T12:48:03+12:00 scalar diagnostics {'step': 1737, 'time': 306.3593670459088, 'dt': 0.19634954084936207, 'total_energy': 81.05108505671333}
2026-06-08T12:48:03+12:00 scalar diagnostics {'step': 1738, 'time': 306.5557165867582, 'dt': 0.19634954084936207, 'total_energy': 81.21830614618287}
2026-06-08T12:48:03+12:00 scalar diagnostics {'step': 1739, 'time': 306.7520661276076, 'dt': 0.19634954084936207, 'total_energy': 81.38824870909036}
2026-06-08T12:48:03+12:00 scalar diagnostics {'step': 1741, 'time': 307.14476520930634, 'dt': 0.19634954084936207, 'total_energy': 81.73386948557814}
2026-06-08T12:48:03+12:00 scalar diagnostics {'step': 1742, 'time': 307.3411147501557, 'dt': 0.19634954084936207, 'total_energy': 81.90755327921134}
2026-06-08T12:48:03+12:00 scalar diagnostics {'step': 1743, 'time': 307.5374642910051, 'dt': 0.19634954084936207, 'total_energy': 82.08029014618339}
2026-06-08T12:48:03+12:00 scalar diagnostics {'step': 1745, 'time': 307.9301633727039, 'dt': 0.19634954084936207, 'total_energy': 82.41950097112955}
2026-06-08T12:48:03+12:00 scalar diagnostics {'step': 1746, 'time': 308.12651291355326, 'dt': 0.19634954084936207, 'total_energy': 82.58520123243521}
2026-06-08T12:48:03+12:00 scalar diagnostics {'step': 1747, 'time': 308.32286245440264, 'dt': 0.19634954084936207, 'total_energy': 82.74850629808573}
2026-06-08T12:48:03+12:00 scalar diagnostics {'step': 1748, 'time': 308.519211995252, 'dt': 0.19634954084936207, 'total_energy': 82.9100598022297}
2026-06-08T12:48:03+12:00 scalar diagnostics {'step': 1750, 'time': 308.9119110769508, 'dt': 0.19634954084936207, 'total_energy': 83.23171038802083}
2026-06-08T12:48:03+12:00 scalar diagnostics {'step': 1751, 'time': 309.10826061780017, 'dt': 0.19634954084936207, 'total_energy': 83.3941271810348}
2026-06-08T12:48:03+12:00 scalar diagnostics {'step': 1752, 'time': 309.30461015864955, 'dt': 0.19634954084936207, 'total_energy': 83.55869075318135}
2026-06-08T12:48:03+12:00 scalar diagnostics {'step': 1753, 'time': 309.50095969949894, 'dt': 0.19634954084936207, 'total_energy': 83.72599877944357}
2026-06-08T12:48:03+12:00 scalar diagnostics {'step': 1755, 'time': 309.8936587811977, 'dt': 0.19634954084936207, 'total_energy': 84.0692701068304}
2026-06-08T12:48:03+12:00 scalar diagnostics {'step': 1756, 'time': 310.0900083220471, 'dt': 0.19634954084936207, 'total_energy': 84.24442628378002}
2026-06-08T12:48:03+12:00 scalar diagnostics {'step': 1757, 'time': 310.28635786289647, 'dt': 0.19634954084936207, 'total_energy': 84.4208634467588}
2026-06-08T12:48:03+12:00 scalar diagnostics {'step': 1759, 'time': 310.67905694459523, 'dt': 0.19634954084936207, 'total_energy': 84.77377302385696}
2026-06-08T12:48:03+12:00 scalar diagnostics {'step': 1760, 'time': 310.8754064854446, 'dt': 0.19634954084936207, 'total_energy': 84.94871392702454}
2026-06-08T12:48:03+12:00 scalar diagnostics {'step': 1761, 'time': 311.071756026294, 'dt': 0.19634954084936207, 'total_energy': 85.12254918850098}
2026-06-08T12:48:03+12:00 scalar diagnostics {'step': 1762, 'time': 311.2681055671434, 'dt': 0.19634954084936207, 'total_energy': 85.29496056375253}
2026-06-08T12:48:03+12:00 scalar diagnostics {'step': 1764, 'time': 311.66080464884215, 'dt': 0.19634954084936207, 'total_energy': 85.63730487770096}
2026-06-08T12:48:03+12:00 scalar diagnostics {'step': 1765, 'time': 311.8571541896915, 'dt': 0.19634954084936207, 'total_energy': 85.80843832596726}
2026-06-08T12:48:03+12:00 scalar diagnostics {'step': 1766, 'time': 312.0535037305409, 'dt': 0.19634954084936207, 'total_energy': 85.98026395330969}
2026-06-08T12:48:03+12:00 scalar diagnostics {'step': 1768, 'time': 312.4462028122397, 'dt': 0.19634954084936207, 'total_energy': 86.32706800732616}
2026-06-08T12:48:03+12:00 scalar diagnostics {'step': 1769, 'time': 312.64255235308906, 'dt': 0.19634954084936207, 'total_energy': 86.50203032841402}
2026-06-08T12:48:03+12:00 scalar diagnostics {'step': 1770, 'time': 312.83890189393844, 'dt': 0.19634954084936207, 'total_energy': 86.67767641742958}
2026-06-08T12:48:03+12:00 scalar diagnostics {'step': 1771, 'time': 313.0352514347878, 'dt': 0.19634954084936207, 'total_energy': 86.85352106276713}
2026-06-08T12:48:03+12:00 scalar diagnostics {'step': 1773, 'time': 313.4279505164866, 'dt': 0.19634954084936207, 'total_energy': 87.20348888450904}
2026-06-08T12:48:03+12:00 scalar diagnostics {'step': 1774, 'time': 313.624300057336, 'dt': 0.19634954084936207, 'total_energy': 87.37656828709468}
2026-06-08T12:48:03+12:00 scalar diagnostics {'step': 1775, 'time': 313.82064959818535, 'dt': 0.19634954084936207, 'total_energy': 87.54803635262472}
2026-06-08T12:48:03+12:00 scalar diagnostics {'step': 1776, 'time': 314.01699913903474, 'dt': 0.19634954084936207, 'total_energy': 87.71806937060555}
2026-06-08T12:48:03+12:00 scalar diagnostics {'step': 1778, 'time': 314.4096982207335, 'dt': 0.19634954084936207, 'total_energy': 88.05634346752873}
2026-06-08T12:48:03+12:00 scalar diagnostics {'step': 1779, 'time': 314.6060477615829, 'dt': 0.19634954084936207, 'total_energy': 88.22641612769492}
2026-06-08T12:48:04+12:00 scalar diagnostics {'step': 1780, 'time': 314.80239730243227, 'dt': 0.19634954084936207, 'total_energy': 88.39837258291358}
2026-06-08T12:48:04+12:00 scalar diagnostics {'step': 1782, 'time': 315.19509638413103, 'dt': 0.19634954084936207, 'total_energy': 88.75092852567158}
2026-06-08T12:48:04+12:00 scalar diagnostics {'step': 1783, 'time': 315.3914459249804, 'dt': 0.19634954084936207, 'total_energy': 88.93169234767481}
2026-06-08T12:48:04+12:00 scalar diagnostics {'step': 1784, 'time': 315.5877954658298, 'dt': 0.19634954084936207, 'total_energy': 89.11504145783665}
2026-06-08T12:48:04+12:00 scalar diagnostics {'step': 1785, 'time': 315.7841450066792, 'dt': 0.19634954084936207, 'total_energy': 89.30019497099448}
2026-06-08T12:48:04+12:00 scalar diagnostics {'step': 1787, 'time': 316.17684408837795, 'dt': 0.19634954084936207, 'total_energy': 89.67151512815414}
2026-06-08T12:48:04+12:00 scalar diagnostics {'step': 1788, 'time': 316.37319362922733, 'dt': 0.19634954084936207, 'total_energy': 89.85536645876232}
2026-06-08T12:48:04+12:00 scalar diagnostics {'step': 1789, 'time': 316.5695431700767, 'dt': 0.19634954084936207, 'total_energy': 90.03682045955397}
2026-06-08T12:48:04+12:00 scalar diagnostics {'step': 1790, 'time': 316.7658927109261, 'dt': 0.19634954084936207, 'total_energy': 90.21551929699966}
2026-06-08T12:48:04+12:00 scalar diagnostics {'step': 1792, 'time': 317.15859179262486, 'dt': 0.19634954084936207, 'total_energy': 90.56654877969213}
2026-06-08T12:48:04+12:00 scalar diagnostics {'step': 1793, 'time': 317.35494133347424, 'dt': 0.19634954084936207, 'total_energy': 90.73995295429}
2026-06-08T12:48:04+12:00 scalar diagnostics {'step': 1794, 'time': 317.5512908743236, 'dt': 0.19634954084936207, 'total_energy': 90.91324047453196}
2026-06-08T12:48:04+12:00 scalar diagnostics {'step': 1796, 'time': 317.9439899560224, 'dt': 0.19634954084936207, 'total_energy': 91.26305076425706}
2026-06-08T12:48:04+12:00 scalar diagnostics {'step': 1797, 'time': 318.1403394968718, 'dt': 0.19634954084936207, 'total_energy': 91.4408841089759}
2026-06-08T12:48:04+12:00 scalar diagnostics {'step': 1798, 'time': 318.33668903772116, 'dt': 0.19634954084936207, 'total_energy': 91.62110143867824}
2026-06-08T12:48:04+12:00 scalar diagnostics {'step': 1799, 'time': 318.53303857857054, 'dt': 0.19634954084936207, 'total_energy': 91.80362972010346}
2026-06-08T12:48:04+12:00 progress {'step': 1800, 'time': 318.7293881194199, 'dt': 0.19634954084936207}
2026-06-08T12:48:04+12:00 scalar diagnostics {'step': 1801, 'time': 318.9257376602693, 'dt': 0.19634954084936207, 'total_energy': 92.1736662330381}
2026-06-08T12:48:04+12:00 scalar diagnostics {'step': 1802, 'time': 319.1220872011187, 'dt': 0.19634954084936207, 'total_energy': 92.35960001672645}
2026-06-08T12:48:04+12:00 scalar diagnostics {'step': 1803, 'time': 319.31843674196807, 'dt': 0.19634954084936207, 'total_energy': 92.54499291502731}
2026-06-08T12:48:04+12:00 scalar diagnostics {'step': 1804, 'time': 319.51478628281745, 'dt': 0.19634954084936207, 'total_energy': 92.72917165734572}
2026-06-08T12:48:04+12:00 scalar diagnostics {'step': 1806, 'time': 319.9074853645162, 'dt': 0.19634954084936207, 'total_energy': 93.09292018449952}
2026-06-08T12:48:04+12:00 scalar diagnostics {'step': 1807, 'time': 320.1038349053656, 'dt': 0.19634954084936207, 'total_energy': 93.27293734944544}
2026-06-08T12:48:04+12:00 scalar diagnostics {'step': 1808, 'time': 320.300184446215, 'dt': 0.19634954084936207, 'total_energy': 93.45248513188939}
2026-06-08T12:48:04+12:00 scalar diagnostics {'step': 1810, 'time': 320.69288352791375, 'dt': 0.19634954084936207, 'total_energy': 93.81305116899945}
2026-06-08T12:48:04+12:00 scalar diagnostics {'step': 1811, 'time': 320.88923306876313, 'dt': 0.19634954084936207, 'total_energy': 93.99549402070804}
2026-06-08T12:48:04+12:00 scalar diagnostics {'step': 1812, 'time': 321.0855826096125, 'dt': 0.19634954084936207, 'total_energy': 94.17964302909736}
2026-06-08T12:48:04+12:00 scalar diagnostics {'step': 1813, 'time': 321.2819321504619, 'dt': 0.19634954084936207, 'total_energy': 94.36543358309355}
2026-06-08T12:48:04+12:00 scalar diagnostics {'step': 1815, 'time': 321.67463123216066, 'dt': 0.19634954084936207, 'total_energy': 94.74019668490565}
2026-06-08T12:48:04+12:00 scalar diagnostics {'step': 1816, 'time': 321.87098077301005, 'dt': 0.19634954084936207, 'total_energy': 94.92781782440899}
2026-06-08T12:48:04+12:00 scalar diagnostics {'step': 1817, 'time': 322.06733031385943, 'dt': 0.19634954084936207, 'total_energy': 95.11466566977207}
2026-06-08T12:48:04+12:00 scalar diagnostics {'step': 1818, 'time': 322.2636798547088, 'dt': 0.19634954084936207, 'total_energy': 95.30025343436235}
2026-06-08T12:48:04+12:00 scalar diagnostics {'step': 1820, 'time': 322.6563789364076, 'dt': 0.19634954084936207, 'total_energy': 95.66730038666952}
2026-06-08T12:48:04+12:00 scalar diagnostics {'step': 1821, 'time': 322.85272847725696, 'dt': 0.19634954084936207, 'total_energy': 95.84972155361996}
2026-06-08T12:48:04+12:00 scalar diagnostics {'step': 1822, 'time': 323.04907801810634, 'dt': 0.19634954084936207, 'total_energy': 96.03206534714153}
2026-06-08T12:48:04+12:00 scalar diagnostics {'step': 1824, 'time': 323.4417770998051, 'dt': 0.19634954084936207, 'total_energy': 96.39960348493044}
2026-06-08T12:48:04+12:00 scalar diagnostics {'step': 1825, 'time': 323.6381266406545, 'dt': 0.19634954084936207, 'total_energy': 96.58610521737181}
2026-06-08T12:48:04+12:00 scalar diagnostics {'step': 1826, 'time': 323.8344761815039, 'dt': 0.19634954084936207, 'total_energy': 96.77494396682718}
2026-06-08T12:48:04+12:00 scalar diagnostics {'step': 1827, 'time': 324.03082572235326, 'dt': 0.19634954084936207, 'total_energy': 96.9661402672175}
2026-06-08T12:48:04+12:00 scalar diagnostics {'step': 1829, 'time': 324.423524804052, 'dt': 0.19634954084936207, 'total_energy': 97.35407756511357}
2026-06-08T12:48:04+12:00 scalar diagnostics {'step': 1830, 'time': 324.6198743449014, 'dt': 0.19634954084936207, 'total_energy': 97.54934562759406}
2026-06-08T12:48:04+12:00 scalar diagnostics {'step': 1831, 'time': 324.8162238857508, 'dt': 0.19634954084936207, 'total_energy': 97.74426018324343}
2026-06-08T12:48:04+12:00 scalar diagnostics {'step': 1832, 'time': 325.01257342660017, 'dt': 0.19634954084936207, 'total_energy': 97.93777500181066}
2026-06-08T12:48:04+12:00 scalar diagnostics {'step': 1834, 'time': 325.40527250829894, 'dt': 0.19634954084936207, 'total_energy': 98.31775009136351}
2026-06-08T12:48:04+12:00 scalar diagnostics {'step': 1835, 'time': 325.6016220491483, 'dt': 0.19634954084936207, 'total_energy': 98.50372976510965}
2026-06-08T12:48:04+12:00 scalar diagnostics {'step': 1836, 'time': 325.7979715899977, 'dt': 0.19634954084936207, 'total_energy': 98.68746405369865}
2026-06-08T12:48:04+12:00 scalar diagnostics {'step': 1838, 'time': 326.19067067169647, 'dt': 0.19634954084936207, 'total_energy': 99.0516551192431}
2026-06-08T12:48:04+12:00 scalar diagnostics {'step': 1839, 'time': 326.38702021254585, 'dt': 0.19634954084936207, 'total_energy': 99.23420930979083}
2026-06-08T12:48:04+12:00 scalar diagnostics {'step': 1840, 'time': 326.58336975339523, 'dt': 0.19634954084936207, 'total_energy': 99.41834967112898}
2026-06-08T12:48:04+12:00 scalar diagnostics {'step': 1841, 'time': 326.7797192942446, 'dt': 0.19634954084936207, 'total_energy': 99.6049848829172}
2026-06-08T12:48:04+12:00 scalar diagnostics {'step': 1843, 'time': 327.1724183759434, 'dt': 0.19634954084936207, 'total_energy': 99.9858821525349}
2026-06-08T12:48:04+12:00 scalar diagnostics {'step': 1844, 'time': 327.36876791679276, 'dt': 0.19634954084936207, 'total_energy': 100.17974902188227}
2026-06-08T12:48:04+12:00 scalar diagnostics {'step': 1845, 'time': 327.56511745764215, 'dt': 0.19634954084936207, 'total_energy': 100.3751645018858}
2026-06-08T12:48:04+12:00 scalar diagnostics {'step': 1846, 'time': 327.7614669984915, 'dt': 0.19634954084936207, 'total_energy': 100.57136835006357}
2026-06-08T12:48:04+12:00 scalar diagnostics {'step': 1848, 'time': 328.1541660801903, 'dt': 0.19634954084936207, 'total_energy': 100.96315381403099}
2026-06-08T12:48:04+12:00 scalar diagnostics {'step': 1849, 'time': 328.3505156210397, 'dt': 0.19634954084936207, 'total_energy': 101.157674449039}
2026-06-08T12:48:04+12:00 scalar diagnostics {'step': 1850, 'time': 328.54686516188906, 'dt': 0.19634954084936207, 'total_energy': 101.35104931368085}
2026-06-08T12:48:04+12:00 scalar diagnostics {'step': 1852, 'time': 328.9395642435878, 'dt': 0.19634954084936207, 'total_energy': 101.73584233295712}
2026-06-08T12:48:05+12:00 scalar diagnostics {'step': 1853, 'time': 329.1359137844372, 'dt': 0.19634954084936207, 'total_energy': 101.92802806730755}
2026-06-08T12:48:05+12:00 scalar diagnostics {'step': 1854, 'time': 329.3322633252866, 'dt': 0.19634954084936207, 'total_energy': 102.12079078912792}
2026-06-08T12:48:05+12:00 scalar diagnostics {'step': 1855, 'time': 329.528612866136, 'dt': 0.19634954084936207, 'total_energy': 102.31456067358287}
2026-06-08T12:48:05+12:00 scalar diagnostics {'step': 1857, 'time': 329.92131194783474, 'dt': 0.19634954084936207, 'total_energy': 102.7059484645088}
2026-06-08T12:48:05+12:00 scalar diagnostics {'step': 1858, 'time': 330.1176614886841, 'dt': 0.19634954084936207, 'total_energy': 102.90342673427813}
2026-06-08T12:48:05+12:00 scalar diagnostics {'step': 1859, 'time': 330.3140110295335, 'dt': 0.19634954084936207, 'total_energy': 103.10161190514891}
2026-06-08T12:48:05+12:00 scalar diagnostics {'step': 1860, 'time': 330.5103605703829, 'dt': 0.19634954084936207, 'total_energy': 103.29989626202442}
2026-06-08T12:48:05+12:00 scalar diagnostics {'step': 1862, 'time': 330.90305965208165, 'dt': 0.19634954084936207, 'total_energy': 103.69412379802554}
2026-06-08T12:48:05+12:00 scalar diagnostics {'step': 1863, 'time': 331.09940919293103, 'dt': 0.19634954084936207, 'total_energy': 103.8889897096433}
2026-06-08T12:48:05+12:00 scalar diagnostics {'step': 1864, 'time': 331.2957587337804, 'dt': 0.19634954084936207, 'total_energy': 104.0821492788734}
2026-06-08T12:48:05+12:00 scalar diagnostics {'step': 1866, 'time': 331.6884578154792, 'dt': 0.19634954084936207, 'total_energy': 104.46485986149871}
2026-06-08T12:48:05+12:00 scalar diagnostics {'step': 1867, 'time': 331.88480735632857, 'dt': 0.19634954084936207, 'total_energy': 104.65580985610627}
2026-06-08T12:48:05+12:00 scalar diagnostics {'step': 1868, 'time': 332.08115689717795, 'dt': 0.19634954084936207, 'total_energy': 104.84756526481955}
2026-06-08T12:48:05+12:00 scalar diagnostics {'step': 1869, 'time': 332.27750643802733, 'dt': 0.19634954084936207, 'total_energy': 105.04082699835485}
2026-06-08T12:48:05+12:00 scalar diagnostics {'step': 1871, 'time': 332.6702055197261, 'dt': 0.19634954084936207, 'total_energy': 105.43379416453861}
2026-06-08T12:48:05+12:00 scalar diagnostics {'step': 1872, 'time': 332.8665550605755, 'dt': 0.19634954084936207, 'total_energy': 105.6336970385447}
2026-06-08T12:48:05+12:00 scalar diagnostics {'step': 1873, 'time': 333.06290460142486, 'dt': 0.19634954084936207, 'total_energy': 105.83548149191043}
2026-06-08T12:48:05+12:00 scalar diagnostics {'step': 1874, 'time': 333.25925414227424, 'dt': 0.19634954084936207, 'total_energy': 106.03857680284219}
2026-06-08T12:48:05+12:00 scalar diagnostics {'step': 1876, 'time': 333.651953223973, 'dt': 0.19634954084936207, 'total_energy': 106.44557597044813}
2026-06-08T12:48:05+12:00 scalar diagnostics {'step': 1877, 'time': 333.8483027648224, 'dt': 0.19634954084936207, 'total_energy': 106.647847990221}
2026-06-08T12:48:05+12:00 scalar diagnostics {'step': 1878, 'time': 334.0446523056718, 'dt': 0.19634954084936207, 'total_energy': 106.84844775309791}
2026-06-08T12:48:05+12:00 scalar diagnostics {'step': 1880, 'time': 334.43735138737054, 'dt': 0.19634954084936207, 'total_energy': 107.24385454393962}
2026-06-08T12:48:05+12:00 scalar diagnostics {'step': 1881, 'time': 334.6337009282199, 'dt': 0.19634954084936207, 'total_energy': 107.43925306352183}
2026-06-08T12:48:05+12:00 scalar diagnostics {'step': 1882, 'time': 334.8300504690693, 'dt': 0.19634954084936207, 'total_energy': 107.6338560763651}
2026-06-08T12:48:05+12:00 scalar diagnostics {'step': 1883, 'time': 335.0264000099187, 'dt': 0.19634954084936207, 'total_energy': 107.82848089132646}
2026-06-08T12:48:05+12:00 scalar diagnostics {'step': 1885, 'time': 335.41909909161745, 'dt': 0.19634954084936207, 'total_energy': 108.22100069993024}
2026-06-08T12:48:05+12:00 scalar diagnostics {'step': 1886, 'time': 335.61544863246684, 'dt': 0.19634954084936207, 'total_energy': 108.42009952147221}
2026-06-08T12:48:05+12:00 scalar diagnostics {'step': 1887, 'time': 335.8117981733162, 'dt': 0.19634954084936207, 'total_energy': 108.62143632533184}
2026-06-08T12:48:05+12:00 scalar diagnostics {'step': 1888, 'time': 336.0081477141656, 'dt': 0.19634954084936207, 'total_energy': 108.82485130946371}
2026-06-08T12:48:05+12:00 scalar diagnostics {'step': 1890, 'time': 336.40084679586437, 'dt': 0.19634954084936207, 'total_energy': 109.2357660854301}
2026-06-08T12:48:05+12:00 scalar diagnostics {'step': 1891, 'time': 336.59719633671375, 'dt': 0.19634954084936207, 'total_energy': 109.44185900595315}
2026-06-08T12:48:05+12:00 scalar diagnostics {'step': 1892, 'time': 336.79354587756313, 'dt': 0.19634954084936207, 'total_energy': 109.64728460205288}
2026-06-08T12:48:05+12:00 scalar diagnostics {'step': 1894, 'time': 337.1862449592619, 'dt': 0.19634954084936207, 'total_energy': 110.05429530934207}
2026-06-08T12:48:05+12:00 scalar diagnostics {'step': 1895, 'time': 337.3825945001113, 'dt': 0.19634954084936207, 'total_energy': 110.25573906454304}
2026-06-08T12:48:05+12:00 scalar diagnostics {'step': 1896, 'time': 337.57894404096066, 'dt': 0.19634954084936207, 'total_energy': 110.4562047394166}
2026-06-08T12:48:05+12:00 scalar diagnostics {'step': 1897, 'time': 337.77529358181005, 'dt': 0.19634954084936207, 'total_energy': 110.6562328479706}
2026-06-08T12:48:05+12:00 scalar diagnostics {'step': 1899, 'time': 338.1679926635088, 'dt': 0.19634954084936207, 'total_energy': 111.05730292458928}
2026-06-08T12:48:05+12:00 progress {'step': 1900, 'time': 338.3643422043582, 'dt': 0.19634954084936207}
2026-06-08T12:48:05+12:00 scalar diagnostics {'step': 1900, 'time': 338.3643422043582, 'dt': 0.19634954084936207, 'total_energy': 111.259284013113}
2026-06-08T12:48:05+12:00 scalar diagnostics {'step': 1901, 'time': 338.5606917452076, 'dt': 0.19634954084936207, 'total_energy': 111.46269031171578}
2026-06-08T12:48:05+12:00 scalar diagnostics {'step': 1902, 'time': 338.75704128605696, 'dt': 0.19634954084936207, 'total_energy': 111.66738198575734}
2026-06-08T12:48:05+12:00 scalar diagnostics {'step': 1904, 'time': 339.1497403677557, 'dt': 0.19634954084936207, 'total_energy': 112.07948296442143}
2026-06-08T12:48:05+12:00 scalar diagnostics {'step': 1905, 'time': 339.3460899086051, 'dt': 0.19634954084936207, 'total_energy': 112.28589899752176}
2026-06-08T12:48:05+12:00 scalar diagnostics {'step': 1906, 'time': 339.5424394494545, 'dt': 0.19634954084936207, 'total_energy': 112.49177022550792}
2026-06-08T12:48:05+12:00 scalar diagnostics {'step': 1908, 'time': 339.93513853115326, 'dt': 0.19634954084936207, 'total_energy': 112.90001777525133}
2026-06-08T12:48:05+12:00 scalar diagnostics {'step': 1909, 'time': 340.13148807200264, 'dt': 0.19634954084936207, 'total_energy': 113.10207261942448}
2026-06-08T12:48:05+12:00 scalar diagnostics {'step': 1910, 'time': 340.327837612852, 'dt': 0.19634954084936207, 'total_energy': 113.30306318642566}
2026-06-08T12:48:05+12:00 scalar diagnostics {'step': 1911, 'time': 340.5241871537014, 'dt': 0.19634954084936207, 'total_energy': 113.50368462404177}
2026-06-08T12:48:05+12:00 scalar diagnostics {'step': 1913, 'time': 340.91688623540017, 'dt': 0.19634954084936207, 'total_energy': 113.90675964592346}
2026-06-08T12:48:05+12:00 scalar diagnostics {'step': 1914, 'time': 341.11323577624955, 'dt': 0.19634954084936207, 'total_energy': 114.11076877511073}
2026-06-08T12:48:05+12:00 scalar diagnostics {'step': 1915, 'time': 341.30958531709894, 'dt': 0.19634954084936207, 'total_energy': 114.31716287923045}
2026-06-08T12:48:05+12:00 scalar diagnostics {'step': 1916, 'time': 341.5059348579483, 'dt': 0.19634954084936207, 'total_energy': 114.52612797573022}
2026-06-08T12:48:05+12:00 scalar diagnostics {'step': 1918, 'time': 341.8986339396471, 'dt': 0.19634954084936207, 'total_energy': 114.9508073796532}
2026-06-08T12:48:05+12:00 scalar diagnostics {'step': 1919, 'time': 342.09498348049647, 'dt': 0.19634954084936207, 'total_energy': 115.16527067901941}
2026-06-08T12:48:05+12:00 scalar diagnostics {'step': 1920, 'time': 342.29133302134585, 'dt': 0.19634954084936207, 'total_energy': 115.37996726283953}
2026-06-08T12:48:05+12:00 scalar diagnostics {'step': 1922, 'time': 342.6840321030446, 'dt': 0.19634954084936207, 'total_energy': 115.80682729912118}
2026-06-08T12:48:05+12:00 scalar diagnostics {'step': 1923, 'time': 342.880381643894, 'dt': 0.19634954084936207, 'total_energy': 116.01738312332049}
2026-06-08T12:48:05+12:00 scalar diagnostics {'step': 1924, 'time': 343.0767311847434, 'dt': 0.19634954084936207, 'total_energy': 116.22564200571071}
2026-06-08T12:48:05+12:00 scalar diagnostics {'step': 1925, 'time': 343.27308072559276, 'dt': 0.19634954084936207, 'total_energy': 116.43177938050695}
2026-06-08T12:48:06+12:00 scalar diagnostics {'step': 1927, 'time': 343.6657798072915, 'dt': 0.19634954084936207, 'total_energy': 116.83984716294394}
2026-06-08T12:48:06+12:00 scalar diagnostics {'step': 1928, 'time': 343.8621293481409, 'dt': 0.19634954084936207, 'total_energy': 117.04323918234726}
2026-06-08T12:48:06+12:00 scalar diagnostics {'step': 1929, 'time': 344.0584788889903, 'dt': 0.19634954084936207, 'total_energy': 117.24719082091276}
2026-06-08T12:48:06+12:00 scalar diagnostics {'step': 1930, 'time': 344.2548284298397, 'dt': 0.19634954084936207, 'total_energy': 117.45230454974039}
2026-06-08T12:48:06+12:00 scalar diagnostics {'step': 1932, 'time': 344.64752751153844, 'dt': 0.19634954084936207, 'total_energy': 117.86749397068074}
2026-06-08T12:48:06+12:00 scalar diagnostics {'step': 1933, 'time': 344.8438770523878, 'dt': 0.19634954084936207, 'total_energy': 118.0776117433085}
2026-06-08T12:48:06+12:00 scalar diagnostics {'step': 1934, 'time': 345.0402265932372, 'dt': 0.19634954084936207, 'total_energy': 118.28904529967288}
2026-06-08T12:48:06+12:00 scalar diagnostics {'step': 1936, 'time': 345.432925674936, 'dt': 0.19634954084936207, 'total_energy': 118.71367220091771}
2026-06-08T12:48:06+12:00 scalar diagnostics {'step': 1937, 'time': 345.62927521578536, 'dt': 0.19634954084936207, 'total_energy': 118.92570076120641}
2026-06-08T12:48:06+12:00 scalar diagnostics {'step': 1938, 'time': 345.82562475663474, 'dt': 0.19634954084936207, 'total_energy': 119.13698314513933}
2026-06-08T12:48:06+12:00 scalar diagnostics {'step': 1939, 'time': 346.0219742974841, 'dt': 0.19634954084936207, 'total_energy': 119.34741861664357}
2026-06-08T12:48:06+12:00 scalar diagnostics {'step': 1941, 'time': 346.4146733791829, 'dt': 0.19634954084936207, 'total_energy': 119.76682246613748}
2026-06-08T12:48:06+12:00 scalar diagnostics {'step': 1942, 'time': 346.61102292003227, 'dt': 0.19634954084936207, 'total_energy': 119.97672909365166}
2026-06-08T12:48:06+12:00 scalar diagnostics {'step': 1943, 'time': 346.80737246088165, 'dt': 0.19634954084936207, 'total_energy': 120.18743474091524}
2026-06-08T12:48:06+12:00 scalar diagnostics {'step': 1944, 'time': 347.00372200173103, 'dt': 0.19634954084936207, 'total_energy': 120.39934988782328}
2026-06-08T12:48:06+12:00 scalar diagnostics {'step': 1946, 'time': 347.3964210834298, 'dt': 0.19634954084936207, 'total_energy': 120.82746192308892}
2026-06-08T12:48:06+12:00 scalar diagnostics {'step': 1947, 'time': 347.5927706242792, 'dt': 0.19634954084936207, 'total_energy': 121.04340343697953}
2026-06-08T12:48:06+12:00 scalar diagnostics {'step': 1948, 'time': 347.78912016512857, 'dt': 0.19634954084936207, 'total_energy': 121.26006427912515}
2026-06-08T12:48:06+12:00 scalar diagnostics {'step': 1950, 'time': 348.18181924682733, 'dt': 0.19634954084936207, 'total_energy': 121.69308640129948}
2026-06-08T12:48:06+12:00 scalar diagnostics {'step': 1951, 'time': 348.3781687876767, 'dt': 0.19634954084936207, 'total_energy': 121.9083931341743}
2026-06-08T12:48:06+12:00 scalar diagnostics {'step': 1952, 'time': 348.5745183285261, 'dt': 0.19634954084936207, 'total_energy': 122.12219682762944}
2026-06-08T12:48:06+12:00 scalar diagnostics {'step': 1953, 'time': 348.7708678693755, 'dt': 0.19634954084936207, 'total_energy': 122.33438768563246}
2026-06-08T12:48:06+12:00 scalar diagnostics {'step': 1955, 'time': 349.16356695107424, 'dt': 0.19634954084936207, 'total_energy': 122.75501803734682}
2026-06-08T12:48:06+12:00 scalar diagnostics {'step': 1956, 'time': 349.3599164919236, 'dt': 0.19634954084936207, 'total_energy': 122.96462078483071}
2026-06-08T12:48:06+12:00 scalar diagnostics {'step': 1957, 'time': 349.556266032773, 'dt': 0.19634954084936207, 'total_energy': 123.17474106831393}
2026-06-08T12:48:06+12:00 scalar diagnostics {'step': 1958, 'time': 349.7526155736224, 'dt': 0.19634954084936207, 'total_energy': 123.38611005906357}
2026-06-08T12:48:06+12:00 scalar diagnostics {'step': 1960, 'time': 350.14531465532116, 'dt': 0.19634954084936207, 'total_energy': 123.81471942632054}
2026-06-08T12:48:06+12:00 scalar diagnostics {'step': 1961, 'time': 350.34166419617054, 'dt': 0.19634954084936207, 'total_energy': 124.03230040142454}
2026-06-08T12:48:06+12:00 scalar diagnostics {'step': 1962, 'time': 350.5380137370199, 'dt': 0.19634954084936207, 'total_energy': 124.25189321588589}
2026-06-08T12:48:06+12:00 scalar diagnostics {'step': 1964, 'time': 350.9307128187187, 'dt': 0.19634954084936207, 'total_energy': 124.69463814634474}
2026-06-08T12:48:06+12:00 scalar diagnostics {'step': 1965, 'time': 351.1270623595681, 'dt': 0.19634954084936207, 'total_energy': 124.91607315020059}
2026-06-08T12:48:06+12:00 scalar diagnostics {'step': 1966, 'time': 351.32341190041745, 'dt': 0.19634954084936207, 'total_energy': 125.13636127290088}
2026-06-08T12:48:06+12:00 scalar diagnostics {'step': 1967, 'time': 351.51976144126684, 'dt': 0.19634954084936207, 'total_energy': 125.35481656185166}
2026-06-08T12:48:06+12:00 scalar diagnostics {'step': 1969, 'time': 351.9124605229656, 'dt': 0.19634954084936207, 'total_energy': 125.78515658666994}
2026-06-08T12:48:06+12:00 scalar diagnostics {'step': 1970, 'time': 352.108810063815, 'dt': 0.19634954084936207, 'total_energy': 125.99744222922813}
2026-06-08T12:48:06+12:00 scalar diagnostics {'step': 1971, 'time': 352.30515960466437, 'dt': 0.19634954084936207, 'total_energy': 126.2087336739054}
2026-06-08T12:48:06+12:00 scalar diagnostics {'step': 1972, 'time': 352.50150914551375, 'dt': 0.19634954084936207, 'total_energy': 126.41969595897426}
2026-06-08T12:48:06+12:00 scalar diagnostics {'step': 1974, 'time': 352.8942082272125, 'dt': 0.19634954084936207, 'total_energy': 126.84381194936722}
2026-06-08T12:48:06+12:00 scalar diagnostics {'step': 1975, 'time': 353.0905577680619, 'dt': 0.19634954084936207, 'total_energy': 127.05820461642415}
2026-06-08T12:48:06+12:00 scalar diagnostics {'step': 1976, 'time': 353.2869073089113, 'dt': 0.19634954084936207, 'total_energy': 127.27460677378592}
2026-06-08T12:48:06+12:00 scalar diagnostics {'step': 1978, 'time': 353.67960639061005, 'dt': 0.19634954084936207, 'total_energy': 127.71324783698462}
2026-06-08T12:48:06+12:00 scalar diagnostics {'step': 1979, 'time': 353.87595593145943, 'dt': 0.19634954084936207, 'total_energy': 127.93481005179605}
2026-06-08T12:48:06+12:00 scalar diagnostics {'step': 1980, 'time': 354.0723054723088, 'dt': 0.19634954084936207, 'total_energy': 128.1571520978948}
2026-06-08T12:48:06+12:00 scalar diagnostics {'step': 1981, 'time': 354.2686550131582, 'dt': 0.19634954084936207, 'total_energy': 128.37981321415708}
2026-06-08T12:48:06+12:00 scalar diagnostics {'step': 1983, 'time': 354.66135409485696, 'dt': 0.19634954084936207, 'total_energy': 128.8238119775136}
2026-06-08T12:48:06+12:00 scalar diagnostics {'step': 1984, 'time': 354.85770363570634, 'dt': 0.19634954084936207, 'total_energy': 129.04468934789196}
2026-06-08T12:48:06+12:00 scalar diagnostics {'step': 1985, 'time': 355.0540531765557, 'dt': 0.19634954084936207, 'total_energy': 129.26488194114046}
2026-06-08T12:48:06+12:00 scalar diagnostics {'step': 1986, 'time': 355.2504027174051, 'dt': 0.19634954084936207, 'total_energy': 129.4846664481959}
2026-06-08T12:48:06+12:00 scalar diagnostics {'step': 1988, 'time': 355.6431017991039, 'dt': 0.19634954084936207, 'total_energy': 129.9244891315517}
2026-06-08T12:48:06+12:00 scalar diagnostics {'step': 1989, 'time': 355.83945133995326, 'dt': 0.19634954084936207, 'total_energy': 130.1451832927049}
2026-06-08T12:48:06+12:00 scalar diagnostics {'step': 1990, 'time': 356.03580088080264, 'dt': 0.19634954084936207, 'total_energy': 130.3666344897388}
2026-06-08T12:48:06+12:00 scalar diagnostics {'step': 1992, 'time': 356.4284999625014, 'dt': 0.19634954084936207, 'total_energy': 130.81143586715268}
2026-06-08T12:48:06+12:00 scalar diagnostics {'step': 1993, 'time': 356.6248495033508, 'dt': 0.19634954084936207, 'total_energy': 131.03417343357944}
2026-06-08T12:48:06+12:00 scalar diagnostics {'step': 1994, 'time': 356.82119904420017, 'dt': 0.19634954084936207, 'total_energy': 131.2565183413876}
2026-06-08T12:48:06+12:00 scalar diagnostics {'step': 1995, 'time': 357.01754858504955, 'dt': 0.19634954084936207, 'total_energy': 131.47798090972415}
2026-06-08T12:48:06+12:00 scalar diagnostics {'step': 1997, 'time': 357.4102476667483, 'dt': 0.19634954084936207, 'total_energy': 131.91695701997966}
2026-06-08T12:48:06+12:00 scalar diagnostics {'step': 1998, 'time': 357.6065972075977, 'dt': 0.19634954084936207, 'total_energy': 132.13442782604514}
2026-06-08T12:48:06+12:00 scalar diagnostics {'step': 1999, 'time': 357.8029467484471, 'dt': 0.19634954084936207, 'total_energy': 132.35100730079802}
2026-06-08T12:48:06+12:00 progress {'step': 2000, 'time': 357.99929628929647, 'dt': 0.19634954084936207}
2026-06-08T12:48:06+12:00 scalar diagnostics {'step': 2001, 'time': 358.19564583014585, 'dt': 0.19634954084936207, 'total_energy': 132.7843564555966}
2026-06-08T12:48:06+12:00 scalar diagnostics {'step': 2002, 'time': 358.39199537099523, 'dt': 0.19634954084936207, 'total_energy': 133.00264659593844}
2026-06-08T12:48:07+12:00 scalar diagnostics {'step': 2003, 'time': 358.5883449118446, 'dt': 0.19634954084936207, 'total_energy': 133.2228299487917}
2026-06-08T12:48:07+12:00 scalar diagnostics {'step': 2004, 'time': 358.784694452694, 'dt': 0.19634954084936207, 'total_energy': 133.44529982522883}
2026-06-08T12:48:07+12:00 scalar diagnostics {'step': 2006, 'time': 359.17739353439276, 'dt': 0.19634954084936207, 'total_energy': 133.8973054699738}
2026-06-08T12:48:07+12:00 scalar diagnostics {'step': 2007, 'time': 359.37374307524215, 'dt': 0.19634954084936207, 'total_energy': 134.12625891030524}
2026-06-08T12:48:07+12:00 scalar diagnostics {'step': 2008, 'time': 359.57009261609153, 'dt': 0.19634954084936207, 'total_energy': 134.3563960318417}
2026-06-08T12:48:07+12:00 scalar diagnostics {'step': 2009, 'time': 359.7664421569409, 'dt': 0.19634954084936207, 'total_energy': 134.5869262429478}
2026-06-08T12:48:07+12:00 scalar diagnostics {'step': 2011, 'time': 360.1591412386397, 'dt': 0.19634954084936207, 'total_energy': 135.04599419338103}
2026-06-08T12:48:07+12:00 scalar diagnostics {'step': 2012, 'time': 360.35549077948906, 'dt': 0.19634954084936207, 'total_energy': 135.27321056462137}
2026-06-08T12:48:07+12:00 scalar diagnostics {'step': 2013, 'time': 360.55184032033844, 'dt': 0.19634954084936207, 'total_energy': 135.4983975987276}
2026-06-08T12:48:07+12:00 scalar diagnostics {'step': 2015, 'time': 360.9445394020372, 'dt': 0.19634954084936207, 'total_energy': 135.9432894575052}
2026-06-08T12:48:07+12:00 scalar diagnostics {'step': 2016, 'time': 361.1408889428866, 'dt': 0.19634954084936207, 'total_energy': 136.1640005477187}
2026-06-08T12:48:07+12:00 scalar diagnostics {'step': 2017, 'time': 361.337238483736, 'dt': 0.19634954084936207, 'total_energy': 136.3845025261257}
2026-06-08T12:48:07+12:00 scalar diagnostics {'step': 2018, 'time': 361.53358802458536, 'dt': 0.19634954084936207, 'total_energy': 136.6055368093396}
2026-06-08T12:48:07+12:00 scalar diagnostics {'step': 2020, 'time': 361.9262871062841, 'dt': 0.19634954084936207, 'total_energy': 137.0515432948957}
2026-06-08T12:48:07+12:00 scalar diagnostics {'step': 2021, 'time': 362.1226366471335, 'dt': 0.19634954084936207, 'total_energy': 137.27715733897602}
2026-06-08T12:48:07+12:00 scalar diagnostics {'step': 2022, 'time': 362.3189861879829, 'dt': 0.19634954084936207, 'total_energy': 137.5044808543899}
2026-06-08T12:48:07+12:00 scalar diagnostics {'step': 2023, 'time': 362.51533572883227, 'dt': 0.19634954084936207, 'total_energy': 137.73317305487362}
2026-06-08T12:48:07+12:00 scalar diagnostics {'step': 2025, 'time': 362.90803481053103, 'dt': 0.19634954084936207, 'total_energy': 138.19245387248364}
2026-06-08T12:48:07+12:00 scalar diagnostics {'step': 2026, 'time': 363.1043843513804, 'dt': 0.19634954084936207, 'total_energy': 138.4218486910171}
2026-06-08T12:48:07+12:00 scalar diagnostics {'step': 2027, 'time': 363.3007338922298, 'dt': 0.19634954084936207, 'total_energy': 138.6504618399278}
2026-06-08T12:48:07+12:00 scalar diagnostics {'step': 2029, 'time': 363.69343297392857, 'dt': 0.19634954084936207, 'total_energy': 139.10477782032626}
2026-06-08T12:48:07+12:00 scalar diagnostics {'step': 2030, 'time': 363.88978251477795, 'dt': 0.19634954084936207, 'total_energy': 139.33075893421588}
2026-06-08T12:48:07+12:00 scalar diagnostics {'step': 2031, 'time': 364.08613205562733, 'dt': 0.19634954084936207, 'total_energy': 139.55656294175262}
2026-06-08T12:48:07+12:00 scalar diagnostics {'step': 2032, 'time': 364.2824815964767, 'dt': 0.19634954084936207, 'total_energy': 139.78244206294875}
2026-06-08T12:48:07+12:00 scalar diagnostics {'step': 2034, 'time': 364.6751806781755, 'dt': 0.19634954084936207, 'total_energy': 140.2358614377941}
2026-06-08T12:48:07+12:00 scalar diagnostics {'step': 2035, 'time': 364.87153021902486, 'dt': 0.19634954084936207, 'total_energy': 140.4638501283303}
2026-06-08T12:48:07+12:00 scalar diagnostics {'step': 2036, 'time': 365.06787975987424, 'dt': 0.19634954084936207, 'total_energy': 140.6927417087671}
2026-06-08T12:48:07+12:00 scalar diagnostics {'step': 2037, 'time': 365.2642293007236, 'dt': 0.19634954084936207, 'total_energy': 140.9223678450682}
2026-06-08T12:48:07+12:00 scalar diagnostics {'step': 2039, 'time': 365.6569283824224, 'dt': 0.19634954084936207, 'total_energy': 141.38248224407786}
2026-06-08T12:48:07+12:00 scalar diagnostics {'step': 2040, 'time': 365.8532779232718, 'dt': 0.19634954084936207, 'total_energy': 141.6121587459742}
2026-06-08T12:48:07+12:00 scalar diagnostics {'step': 2041, 'time': 366.04962746412116, 'dt': 0.19634954084936207, 'total_energy': 141.84104287174983}
2026-06-08T12:48:07+12:00 scalar diagnostics {'step': 2043, 'time': 366.4423265458199, 'dt': 0.19634954084936207, 'total_energy': 142.29636820149344}
2026-06-08T12:48:07+12:00 scalar diagnostics {'step': 2044, 'time': 366.6386760866693, 'dt': 0.19634954084936207, 'total_energy': 142.52323055799303}
2026-06-08T12:48:07+12:00 scalar diagnostics {'step': 2045, 'time': 366.8350256275187, 'dt': 0.19634954084936207, 'total_energy': 142.7501822685391}
2026-06-08T12:48:07+12:00 scalar diagnostics {'step': 2046, 'time': 367.0313751683681, 'dt': 0.19634954084936207, 'total_energy': 142.9778328247948}
2026-06-08T12:48:07+12:00 scalar diagnostics {'step': 2048, 'time': 367.42407425006684, 'dt': 0.19634954084936207, 'total_energy': 143.43748246223132}
2026-06-08T12:48:07+12:00 scalar diagnostics {'step': 2049, 'time': 367.6204237909162, 'dt': 0.19634954084936207, 'total_energy': 143.67020368388512}
2026-06-08T12:48:07+12:00 scalar diagnostics {'step': 2050, 'time': 367.8167733317656, 'dt': 0.19634954084936207, 'total_energy': 143.9049216164127}
2026-06-08T12:48:07+12:00 scalar diagnostics {'step': 2051, 'time': 368.013122872615, 'dt': 0.19634954084936207, 'total_energy': 144.14141988555906}
2026-06-08T12:48:07+12:00 scalar diagnostics {'step': 2053, 'time': 368.40582195431375, 'dt': 0.19634954084936207, 'total_energy': 144.61706470535765}
2026-06-08T12:48:07+12:00 scalar diagnostics {'step': 2054, 'time': 368.60217149516313, 'dt': 0.19634954084936207, 'total_energy': 144.8546417668175}
2026-06-08T12:48:07+12:00 scalar diagnostics {'step': 2055, 'time': 368.7985210360125, 'dt': 0.19634954084936207, 'total_energy': 145.0909983726854}
2026-06-08T12:48:07+12:00 scalar diagnostics {'step': 2057, 'time': 369.1912201177113, 'dt': 0.19634954084936207, 'total_energy': 145.5578466338822}
2026-06-08T12:48:07+12:00 scalar diagnostics {'step': 2058, 'time': 369.38756965856066, 'dt': 0.19634954084936207, 'total_energy': 145.7879557810527}
2026-06-08T12:48:07+12:00 scalar diagnostics {'step': 2059, 'time': 369.58391919941005, 'dt': 0.19634954084936207, 'total_energy': 146.01614103412317}
2026-06-08T12:48:07+12:00 scalar diagnostics {'step': 2060, 'time': 369.78026874025943, 'dt': 0.19634954084936207, 'total_energy': 146.24297442725748}
2026-06-08T12:48:07+12:00 scalar diagnostics {'step': 2062, 'time': 370.1729678219582, 'dt': 0.19634954084936207, 'total_energy': 146.69594846611434}
2026-06-08T12:48:07+12:00 scalar diagnostics {'step': 2063, 'time': 370.3693173628076, 'dt': 0.19634954084936207, 'total_energy': 146.92355192724844}
2026-06-08T12:48:07+12:00 scalar diagnostics {'step': 2064, 'time': 370.56566690365696, 'dt': 0.19634954084936207, 'total_energy': 147.15278621825223}
2026-06-08T12:48:07+12:00 scalar diagnostics {'step': 2065, 'time': 370.76201644450634, 'dt': 0.19634954084936207, 'total_energy': 147.38405429798595}
2026-06-08T12:48:07+12:00 scalar diagnostics {'step': 2067, 'time': 371.1547155262051, 'dt': 0.19634954084936207, 'total_energy': 147.8529310731572}
2026-06-08T12:48:07+12:00 scalar diagnostics {'step': 2068, 'time': 371.3510650670545, 'dt': 0.19634954084936207, 'total_energy': 148.08997191723446}
2026-06-08T12:48:07+12:00 scalar diagnostics {'step': 2069, 'time': 371.5474146079039, 'dt': 0.19634954084936207, 'total_energy': 148.3280060946513}
2026-06-08T12:48:07+12:00 scalar diagnostics {'step': 2071, 'time': 371.94011368960264, 'dt': 0.19634954084936207, 'total_energy': 148.80427956550523}
2026-06-08T12:48:07+12:00 scalar diagnostics {'step': 2072, 'time': 372.136463230452, 'dt': 0.19634954084936207, 'total_energy': 149.04142377602025}
2026-06-08T12:48:07+12:00 scalar diagnostics {'step': 2073, 'time': 372.3328127713014, 'dt': 0.19634954084936207, 'total_energy': 149.27757528185202}
2026-06-08T12:48:07+12:00 scalar diagnostics {'step': 2074, 'time': 372.5291623121508, 'dt': 0.19634954084936207, 'total_energy': 149.51280051025753}
2026-06-08T12:48:07+12:00 scalar diagnostics {'step': 2076, 'time': 372.92186139384955, 'dt': 0.19634954084936207, 'total_energy': 149.98176655385328}
2026-06-08T12:48:07+12:00 scalar diagnostics {'step': 2077, 'time': 373.11821093469894, 'dt': 0.19634954084936207, 'total_energy': 150.2163720196768}
2026-06-08T12:48:08+12:00 scalar diagnostics {'step': 2078, 'time': 373.3145604755483, 'dt': 0.19634954084936207, 'total_energy': 150.4515778630766}
2026-06-08T12:48:08+12:00 scalar diagnostics {'step': 2079, 'time': 373.5109100163977, 'dt': 0.19634954084936207, 'total_energy': 150.68761936423513}
2026-06-08T12:48:08+12:00 scalar diagnostics {'step': 2081, 'time': 373.90360909809647, 'dt': 0.19634954084936207, 'total_energy': 151.16247189022357}
2026-06-08T12:48:08+12:00 scalar diagnostics {'step': 2082, 'time': 374.09995863894585, 'dt': 0.19634954084936207, 'total_energy': 151.40091726219114}
2026-06-08T12:48:08+12:00 scalar diagnostics {'step': 2083, 'time': 374.29630817979523, 'dt': 0.19634954084936207, 'total_energy': 151.63952337151454}
2026-06-08T12:48:08+12:00 scalar diagnostics {'step': 2085, 'time': 374.689007261494, 'dt': 0.19634954084936207, 'total_energy': 152.11552973898566}
2026-06-08T12:48:08+12:00 scalar diagnostics {'step': 2086, 'time': 374.8853568023434, 'dt': 0.19634954084936207, 'total_energy': 152.35225929304934}
2026-06-08T12:48:08+12:00 scalar diagnostics {'step': 2087, 'time': 375.08170634319276, 'dt': 0.19634954084936207, 'total_energy': 152.58797375312486}
2026-06-08T12:48:08+12:00 scalar diagnostics {'step': 2088, 'time': 375.27805588404215, 'dt': 0.19634954084936207, 'total_energy': 152.8228300852788}
2026-06-08T12:48:08+12:00 scalar diagnostics {'step': 2090, 'time': 375.6707549657409, 'dt': 0.19634954084936207, 'total_energy': 153.29160318835753}
2026-06-08T12:48:08+12:00 scalar diagnostics {'step': 2091, 'time': 375.8671045065903, 'dt': 0.19634954084936207, 'total_energy': 153.52666298845764}
2026-06-08T12:48:08+12:00 scalar diagnostics {'step': 2092, 'time': 376.0634540474397, 'dt': 0.19634954084936207, 'total_energy': 153.76287668239354}
2026-06-08T12:48:08+12:00 scalar diagnostics {'step': 2093, 'time': 376.25980358828906, 'dt': 0.19634954084936207, 'total_energy': 154.00065518645118}
2026-06-08T12:48:08+12:00 scalar diagnostics {'step': 2095, 'time': 376.6525026699878, 'dt': 0.19634954084936207, 'total_energy': 154.48151014359874}
2026-06-08T12:48:08+12:00 scalar diagnostics {'step': 2096, 'time': 376.8488522108372, 'dt': 0.19634954084936207, 'total_energy': 154.724261409599}
2026-06-08T12:48:08+12:00 scalar diagnostics {'step': 2097, 'time': 377.0452017516866, 'dt': 0.19634954084936207, 'total_energy': 154.9679358838453}
2026-06-08T12:48:08+12:00 scalar diagnostics {'step': 2099, 'time': 377.43790083338536, 'dt': 0.19634954084936207, 'total_energy': 155.45522035496538}
2026-06-08T12:48:08+12:00 progress {'step': 2100, 'time': 377.63425037423474, 'dt': 0.19634954084936207}
2026-06-08T12:48:08+12:00 scalar diagnostics {'step': 2100, 'time': 377.63425037423474, 'dt': 0.19634954084936207, 'total_energy': 155.69741139157256}
2026-06-08T12:48:08+12:00 scalar diagnostics {'step': 2101, 'time': 377.8305999150841, 'dt': 0.19634954084936207, 'total_energy': 155.9379765185474}
2026-06-08T12:48:08+12:00 scalar diagnostics {'step': 2102, 'time': 378.0269494559335, 'dt': 0.19634954084936207, 'total_energy': 156.1767320668965}
2026-06-08T12:48:08+12:00 scalar diagnostics {'step': 2104, 'time': 378.41964853763227, 'dt': 0.19634954084936207, 'total_energy': 156.64979615525303}
2026-06-08T12:48:08+12:00 scalar diagnostics {'step': 2105, 'time': 378.61599807848165, 'dt': 0.19634954084936207, 'total_energy': 156.88524624483537}
2026-06-08T12:48:08+12:00 scalar diagnostics {'step': 2106, 'time': 378.81234761933104, 'dt': 0.19634954084936207, 'total_energy': 157.12096530295926}
2026-06-08T12:48:08+12:00 scalar diagnostics {'step': 2107, 'time': 379.0086971601804, 'dt': 0.19634954084936207, 'total_energy': 157.35768979294173}
2026-06-08T12:48:08+12:00 scalar diagnostics {'step': 2109, 'time': 379.4013962418792, 'dt': 0.19634954084936207, 'total_energy': 157.8363599280538}
2026-06-08T12:48:08+12:00 scalar diagnostics {'step': 2110, 'time': 379.59774578272857, 'dt': 0.19634954084936207, 'total_energy': 158.07883737044776}
2026-06-08T12:48:08+12:00 scalar diagnostics {'step': 2111, 'time': 379.79409532357795, 'dt': 0.19634954084936207, 'total_energy': 158.32343826671024}
2026-06-08T12:48:08+12:00 scalar diagnostics {'step': 2113, 'time': 380.1867944052767, 'dt': 0.19634954084936207, 'total_energy': 158.8169468440635}
2026-06-08T12:48:08+12:00 scalar diagnostics {'step': 2114, 'time': 380.3831439461261, 'dt': 0.19634954084936207, 'total_energy': 159.06459083427794}
2026-06-08T12:48:08+12:00 scalar diagnostics {'step': 2115, 'time': 380.5794934869755, 'dt': 0.19634954084936207, 'total_energy': 159.31190557836874}
2026-06-08T12:48:08+12:00 scalar diagnostics {'step': 2116, 'time': 380.77584302782486, 'dt': 0.19634954084936207, 'total_energy': 159.558301220298}
2026-06-08T12:48:08+12:00 scalar diagnostics {'step': 2118, 'time': 381.1685421095236, 'dt': 0.19634954084936207, 'total_energy': 160.04701093600642}
2026-06-08T12:48:08+12:00 scalar diagnostics {'step': 2119, 'time': 381.364891650373, 'dt': 0.19634954084936207, 'total_energy': 160.28930024280075}
2026-06-08T12:48:08+12:00 scalar diagnostics {'step': 2120, 'time': 381.5612411912224, 'dt': 0.19634954084936207, 'total_energy': 160.53058749347173}
2026-06-08T12:48:08+12:00 scalar diagnostics {'step': 2121, 'time': 381.7575907320718, 'dt': 0.19634954084936207, 'total_energy': 160.77135724497026}
2026-06-08T12:48:08+12:00 scalar diagnostics {'step': 2123, 'time': 382.15028981377054, 'dt': 0.19634954084936207, 'total_energy': 161.25333342194426}
2026-06-08T12:48:08+12:00 scalar diagnostics {'step': 2124, 'time': 382.3466393546199, 'dt': 0.19634954084936207, 'total_energy': 161.49533490897034}
2026-06-08T12:48:08+12:00 scalar diagnostics {'step': 2125, 'time': 382.5429888954693, 'dt': 0.19634954084936207, 'total_energy': 161.73827362080334}
2026-06-08T12:48:08+12:00 scalar diagnostics {'step': 2127, 'time': 382.9356879771681, 'dt': 0.19634954084936207, 'total_energy': 162.22661759850544}
2026-06-08T12:48:08+12:00 scalar diagnostics {'step': 2128, 'time': 383.13203751801746, 'dt': 0.19634954084936207, 'total_energy': 162.47147423266705}
2026-06-08T12:48:08+12:00 scalar diagnostics {'step': 2129, 'time': 383.32838705886684, 'dt': 0.19634954084936207, 'total_energy': 162.71630589987564}
2026-06-08T12:48:08+12:00 scalar diagnostics {'step': 2130, 'time': 383.5247365997162, 'dt': 0.19634954084936207, 'total_energy': 162.9607963648392}
2026-06-08T12:48:08+12:00 scalar diagnostics {'step': 2132, 'time': 383.917435681415, 'dt': 0.19634954084936207, 'total_energy': 163.44828696708456}
2026-06-08T12:48:08+12:00 scalar diagnostics {'step': 2133, 'time': 384.11378522226437, 'dt': 0.19634954084936207, 'total_energy': 163.69148164252042}
2026-06-08T12:48:08+12:00 scalar diagnostics {'step': 2134, 'time': 384.31013476311375, 'dt': 0.19634954084936207, 'total_energy': 163.93475288904324}
2026-06-08T12:48:08+12:00 scalar diagnostics {'step': 2135, 'time': 384.50648430396313, 'dt': 0.19634954084936207, 'total_energy': 164.1785589773037}
2026-06-08T12:48:08+12:00 scalar diagnostics {'step': 2137, 'time': 384.8991833856619, 'dt': 0.19634954084936207, 'total_energy': 164.66949089362353}
2026-06-08T12:48:08+12:00 scalar diagnostics {'step': 2138, 'time': 385.0955329265113, 'dt': 0.19634954084936207, 'total_energy': 164.9171824356394}
2026-06-08T12:48:08+12:00 scalar diagnostics {'step': 2139, 'time': 385.29188246736067, 'dt': 0.19634954084936207, 'total_energy': 165.1664429216569}
2026-06-08T12:48:08+12:00 scalar diagnostics {'step': 2141, 'time': 385.68458154905943, 'dt': 0.19634954084936207, 'total_energy': 165.66886919874474}
2026-06-08T12:48:08+12:00 scalar diagnostics {'step': 2142, 'time': 385.8809310899088, 'dt': 0.19634954084936207, 'total_energy': 165.92114947618828}
2026-06-08T12:48:08+12:00 scalar diagnostics {'step': 2143, 'time': 386.0772806307582, 'dt': 0.19634954084936207, 'total_energy': 166.173321131236}
2026-06-08T12:48:08+12:00 scalar diagnostics {'step': 2144, 'time': 386.2736301716076, 'dt': 0.19634954084936207, 'total_energy': 166.42476411088953}
2026-06-08T12:48:08+12:00 scalar diagnostics {'step': 2146, 'time': 386.66632925330634, 'dt': 0.19634954084936207, 'total_energy': 166.92354226583964}
2026-06-08T12:48:08+12:00 scalar diagnostics {'step': 2147, 'time': 386.8626787941557, 'dt': 0.19634954084936207, 'total_energy': 167.17046866543166}
2026-06-08T12:48:08+12:00 scalar diagnostics {'step': 2148, 'time': 387.0590283350051, 'dt': 0.19634954084936207, 'total_energy': 167.4159462493838}
2026-06-08T12:48:08+12:00 scalar diagnostics {'step': 2149, 'time': 387.2553778758545, 'dt': 0.19634954084936207, 'total_energy': 167.66044716867384}
2026-06-08T12:48:08+12:00 scalar diagnostics {'step': 2151, 'time': 387.64807695755326, 'dt': 0.19634954084936207, 'total_energy': 168.14910632760518}
2026-06-08T12:48:09+12:00 scalar diagnostics {'step': 2152, 'time': 387.84442649840264, 'dt': 0.19634954084936207, 'total_energy': 168.39461522617495}
2026-06-08T12:48:09+12:00 scalar diagnostics {'step': 2153, 'time': 388.040776039252, 'dt': 0.19634954084936207, 'total_energy': 168.6416369937603}
2026-06-08T12:48:09+12:00 scalar diagnostics {'step': 2155, 'time': 388.4334751209508, 'dt': 0.19634954084936207, 'total_energy': 169.1410705174459}
2026-06-08T12:48:09+12:00 scalar diagnostics {'step': 2156, 'time': 388.62982466180017, 'dt': 0.19634954084936207, 'total_energy': 169.39327793847448}
2026-06-08T12:48:09+12:00 scalar diagnostics {'step': 2157, 'time': 388.82617420264955, 'dt': 0.19634954084936207, 'total_energy': 169.64662780656644}
2026-06-08T12:48:09+12:00 scalar diagnostics {'step': 2158, 'time': 389.02252374349894, 'dt': 0.19634954084936207, 'total_energy': 169.90053441783326}
2026-06-08T12:48:09+12:00 scalar diagnostics {'step': 2160, 'time': 389.4152228251977, 'dt': 0.19634954084936207, 'total_energy': 170.4075519463601}
2026-06-08T12:48:09+12:00 scalar diagnostics {'step': 2161, 'time': 389.6115723660471, 'dt': 0.19634954084936207, 'total_energy': 170.65985038122523}
2026-06-08T12:48:09+12:00 scalar diagnostics {'step': 2162, 'time': 389.80792190689647, 'dt': 0.19634954084936207, 'total_energy': 170.9109030922267}
2026-06-08T12:48:09+12:00 scalar diagnostics {'step': 2163, 'time': 390.00427144774585, 'dt': 0.19634954084936207, 'total_energy': 171.16076344663713}
2026-06-08T12:48:09+12:00 scalar diagnostics {'step': 2165, 'time': 390.3969705294446, 'dt': 0.19634954084936207, 'total_energy': 171.65813711510648}
2026-06-08T12:48:09+12:00 scalar diagnostics {'step': 2166, 'time': 390.593320070294, 'dt': 0.19634954084936207, 'total_energy': 171.90657740026077}
2026-06-08T12:48:09+12:00 scalar diagnostics {'step': 2167, 'time': 390.7896696111434, 'dt': 0.19634954084936207, 'total_energy': 172.15552278197052}
2026-06-08T12:48:09+12:00 scalar diagnostics {'step': 2169, 'time': 391.18236869284215, 'dt': 0.19634954084936207, 'total_energy': 172.65650355571532}
2026-06-08T12:48:09+12:00 scalar diagnostics {'step': 2170, 'time': 391.37871823369153, 'dt': 0.19634954084936207, 'total_energy': 172.90894292849399}
2026-06-08T12:48:09+12:00 scalar diagnostics {'step': 2171, 'time': 391.5750677745409, 'dt': 0.19634954084936207, 'total_energy': 173.16256166751432}
2026-06-08T12:48:09+12:00 scalar diagnostics {'step': 2172, 'time': 391.7714173153903, 'dt': 0.19634954084936207, 'total_energy': 173.41716007206713}
2026-06-08T12:48:09+12:00 scalar diagnostics {'step': 2174, 'time': 392.16411639708906, 'dt': 0.19634954084936207, 'total_energy': 173.92763256808297}
2026-06-08T12:48:09+12:00 scalar diagnostics {'step': 2175, 'time': 392.36046593793844, 'dt': 0.19634954084936207, 'total_energy': 174.18264725450877}
2026-06-08T12:48:09+12:00 scalar diagnostics {'step': 2176, 'time': 392.5568154787878, 'dt': 0.19634954084936207, 'total_energy': 174.43710618547885}
2026-06-08T12:48:09+12:00 scalar diagnostics {'step': 2177, 'time': 392.7531650196372, 'dt': 0.19634954084936207, 'total_energy': 174.69092458098564}
2026-06-08T12:48:09+12:00 scalar diagnostics {'step': 2179, 'time': 393.145864101336, 'dt': 0.19634954084936207, 'total_energy': 175.19724719220903}
2026-06-08T12:48:09+12:00 scalar diagnostics {'step': 2180, 'time': 393.34221364218536, 'dt': 0.19634954084936207, 'total_energy': 175.45038755155295}
2026-06-08T12:48:09+12:00 scalar diagnostics {'step': 2181, 'time': 393.53856318303474, 'dt': 0.19634954084936207, 'total_energy': 175.70408335597924}
2026-06-08T12:48:09+12:00 scalar diagnostics {'step': 2183, 'time': 393.9312622647335, 'dt': 0.19634954084936207, 'total_energy': 176.21402705402537}
2026-06-08T12:48:09+12:00 scalar diagnostics {'step': 2184, 'time': 394.1276118055829, 'dt': 0.19634954084936207, 'total_energy': 176.47048363181153}
2026-06-08T12:48:09+12:00 scalar diagnostics {'step': 2185, 'time': 394.32396134643227, 'dt': 0.19634954084936207, 'total_energy': 176.7277962723736}
2026-06-08T12:48:09+12:00 scalar diagnostics {'step': 2186, 'time': 394.52031088728165, 'dt': 0.19634954084936207, 'total_energy': 176.98567241920372}
2026-06-08T12:48:09+12:00 scalar diagnostics {'step': 2188, 'time': 394.9130099689804, 'dt': 0.19634954084936207, 'total_energy': 177.50145343011943}
2026-06-08T12:48:09+12:00 scalar diagnostics {'step': 2189, 'time': 395.1093595098298, 'dt': 0.19634954084936207, 'total_energy': 177.7584776803904}
2026-06-08T12:48:09+12:00 scalar diagnostics {'step': 2190, 'time': 395.3057090506792, 'dt': 0.19634954084936207, 'total_energy': 178.0144577763225}
2026-06-08T12:48:09+12:00 scalar diagnostics {'step': 2191, 'time': 395.50205859152857, 'dt': 0.19634954084936207, 'total_energy': 178.26946836282093}
2026-06-08T12:48:09+12:00 scalar diagnostics {'step': 2193, 'time': 395.89475767322733, 'dt': 0.19634954084936207, 'total_energy': 178.77635782919268}
2026-06-08T12:48:09+12:00 scalar diagnostics {'step': 2194, 'time': 396.0911072140767, 'dt': 0.19634954084936207, 'total_energy': 179.02897838956878}
2026-06-08T12:48:09+12:00 scalar diagnostics {'step': 2195, 'time': 396.2874567549261, 'dt': 0.19634954084936207, 'total_energy': 179.28178144507547}
2026-06-08T12:48:09+12:00 scalar diagnostics {'step': 2197, 'time': 396.68015583662486, 'dt': 0.19634954084936207, 'total_energy': 179.79028668036648}
2026-06-08T12:48:09+12:00 scalar diagnostics {'step': 2198, 'time': 396.87650537747425, 'dt': 0.19634954084936207, 'total_energy': 180.04691711837617}
2026-06-08T12:48:09+12:00 scalar diagnostics {'step': 2199, 'time': 397.0728549183236, 'dt': 0.19634954084936207, 'total_energy': 180.30544369375468}
2026-06-08T12:48:09+12:00 progress {'step': 2200, 'time': 397.269204459173, 'dt': 0.19634954084936207}
2026-06-08T12:48:09+12:00 scalar diagnostics {'step': 2200, 'time': 397.269204459173, 'dt': 0.19634954084936207, 'total_energy': 180.56580719875538}
2026-06-08T12:48:09+12:00 scalar diagnostics {'step': 2202, 'time': 397.6619035408718, 'dt': 0.19634954084936207, 'total_energy': 181.09028730032344}
2026-06-08T12:48:09+12:00 scalar diagnostics {'step': 2203, 'time': 397.85825308172116, 'dt': 0.19634954084936207, 'total_energy': 181.35348796390184}
2026-06-08T12:48:09+12:00 scalar diagnostics {'step': 2204, 'time': 398.05460262257054, 'dt': 0.19634954084936207, 'total_energy': 181.61648935195564}
2026-06-08T12:48:09+12:00 scalar diagnostics {'step': 2205, 'time': 398.2509521634199, 'dt': 0.19634954084936207, 'total_energy': 181.87874488556733}
2026-06-08T12:48:09+12:00 scalar diagnostics {'step': 2207, 'time': 398.6436512451187, 'dt': 0.19634954084936207, 'total_energy': 182.39980052002645}
2026-06-08T12:48:09+12:00 scalar diagnostics {'step': 2208, 'time': 398.8400007859681, 'dt': 0.19634954084936207, 'total_energy': 182.65859510822835}
2026-06-08T12:48:09+12:00 scalar diagnostics {'step': 2209, 'time': 399.03635032681746, 'dt': 0.19634954084936207, 'total_energy': 182.91659516033351}
2026-06-08T12:48:09+12:00 scalar diagnostics {'step': 2211, 'time': 399.4290494085162, 'dt': 0.19634954084936207, 'total_energy': 183.43219221925338}
2026-06-08T12:48:09+12:00 scalar diagnostics {'step': 2212, 'time': 399.6253989493656, 'dt': 0.19634954084936207, 'total_energy': 183.69068960944836}
2026-06-08T12:48:09+12:00 scalar diagnostics {'step': 2213, 'time': 399.821748490215, 'dt': 0.19634954084936207, 'total_energy': 183.95004818881822}
2026-06-08T12:48:09+12:00 progress {'step': 2214, 'time': 400.0, 'dt': 0.1782515097850137}
2026-06-08T12:48:09+12:00 scalar diagnostics {'step': 2214, 'time': 400.0, 'dt': 0.1782515097850137, 'total_energy': 184.1863828378454}
2026-06-08T12:48:09+12:00 run complete {'backend': 'numpy', 'equation_set': 'inhomogeneous_rmhd_s', 'equation_mode': 'nonlinear', 'grid': [16, 16, 16], 'steps': 2214, 't_final': 400.0, 'dt_last': 0.1782515097850137, 'total_energy_initial': 0.7500000000000001, 'total_energy_final': 184.1863828378454, 'psi_hat_max_abs': 207.03902008599746, 'output_dir': 'C:\\Users\\naoki\\Downloads\\rmhd-gpu-new\\examples\\outputs_nokia_rmhd_s_17', 'scalar_diagnostics_csv': 'C:\\Users\\naoki\\Downloads\\rmhd-gpu-new\\examples\\outputs_nokia_rmhd_s_17\\scalar_diagnostics.csv'}
