step,time,dt,psi_mean,psi_rms,psi_max_abs,omega_mean,omega_rms,omega_max_abs,du_par_mean,du_par_rms,du_par_max_abs,db_par_mean,db_par_rms,db_par_max_abs,s_mean,s_rms,s_max_abs,alfvenic_energy,du_par_energy,db_par_energy,total_energy_proxy,total_energy,total_energy_rhs_dissipation,total_energy_rhs_forcing,total_energy_rhs_stratification,total_energy_rhs_total,auto_dissipation_enabled,auto_dissipation_nu_perp,auto_dissipation_nu_par,auto_dissipation_kd,auto_dissipation_ud,auto_dissipation_Ed
0,0.0,0.0,1.734723475976807e-18,0.4342173625223503,1.4616505902339754,-6.938893903907228e-18,0.4342173625223504,1.578884777563656,-3.469446951953614e-18,0.4342173625223503,1.5171696917044408,3.469446951953614e-18,0.4342173625223503,1.34588600943537,-3.469446951953614e-18,0.4342173625223503,1.6791033171458931,0.416275849288917,0.0942723589579331,0.09427235895793307,0.6048205672047832,0.7500000000000001,0.0,0.0,0.0,0.0,1.0,2e-12,0.0,4.242640687119285,0.5766225342029709,0.16624677347532818
3,0.27712597494809765,0.09347120608408317,1.734723475976807e-18,0.4223020343963185,1.325190581345013,0.0,0.7386829103337879,2.6175703048888246,-6.938893903907228e-18,0.475386889996419,1.7255404142317827,-6.938893903907228e-18,0.4391901847740185,1.3737046208535142,-3.469446951953614e-18,0.578132650645534,2.018100561919824,0.4145675475918026,0.11299634759023368,0.09644400920091825,0.6240079043829545,0.8106960012543292,-6.290123293330102e-10,0.0,0.22304337055449963,0.2230433699254873,1.0,2e-12,0.0,4.242640687119285,0.5766225342029709,0.16624677347532818
6,0.6012944972015338,0.11696879561460131,-3.469446951953614e-18,0.38338313438742977,1.2679419239843361,-3.469446951953614e-18,1.0949691698954558,4.089866294621759,-1.734723475976807e-18,0.5917319848801038,2.221228981223777,0.0,0.43665128660427927,1.4334038624558139,1.734723475976807e-18,1.184472446235662,4.394485400720271,0.38476425942016346,0.17507337096507367,0.09533217304658623,0.6551698034318234,1.1293052199691123,-1.5620703959926399e-09,0.0,0.9814300835637529,0.9814300820016826,1.0,2e-12,0.0,4.242640687119285,0.5766225342029709,0.16624677347532818
8,0.8334629884830744,0.11213891178144128,1.734723475976807e-18,0.3610548944430347,1.175469306610187,1.734723475976807e-18,1.1527400800942529,4.291238252546681,-2.6020852139652106e-18,0.6678783920830932,2.753480801392676,6.938893903907228e-18,0.4408979307634335,1.4972656933541475,-1.3877787807814457e-17,1.639484648135219,6.004789902603065,0.34517462472357957,0.223030773305749,0.09719549267573868,0.6654008907050672,1.4883320594779927,-3.915205020034866e-09,0.0,1.5340732154608792,1.534073211545674,1.0,2e-12,0.0,4.242640687119285,0.5766225342029709,0.16624677347532818
10,1.0433511755187017,0.10358977416546596,0.0,0.3479157986198188,1.1496408651283876,6.938893903907228e-18,1.1451835556863266,4.093439511623433,-5.204170427930421e-18,0.7242075213890339,3.0697242994108604,0.0,0.4536441640628776,1.5629249386734272,-5.204170427930421e-18,1.9174431685043443,7.732174018259927,0.3153463153343744,0.26223826701822395,0.1028965137941535,0.6804810961467519,1.7760564521407796,-6.92789206581249e-09,0.0,1.3650309253339408,1.3650309184060487,1.0,4e-12,0.0,4.242640687119285,0.9909556534040731,0.49099655350674676
12,1.2532892682586172,0.10629882292323495,-8.673617379884035e-18,0.3413766754221388,1.2259031134716114,-6.938893903907228e-18,1.1557497352834694,4.076950728893269,-2.6020852139652106e-18,0.7720037037125418,2.9748707906001064,-1.734723475976807e-18,0.4753066783500396,1.8195297081582846,-5.204170427930421e-18,2.0347616731326417,8.53568373630916,0.30487691605742173,0.29799485927294095,0.11295821924207397,0.7158299945724367,1.946657081755888,-2.0460732442188356e-08,0.0,0.8163784994252409,0.8163784789645084,1.0,4e-12,0.0,4.242640687119285,0.9909556534040731,0.49099655350674676
15,1.5940922247141072,0.11389050842682509,1.734723475976807e-18,0.3483028930765373,1.2382608666965687,0.0,1.2415404998146524,5.623974219618367,-5.204170427930421e-18,0.8404724796563816,2.8622242178225323,3.469446951953614e-18,0.5247079262735849,1.9741280760141695,1.0408340855860843e-17,1.97155419830312,7.653318381008624,0.32732555625439014,0.3531969945298733,0.13765920394716288,0.8181817547314263,2.0053379670271863,-2.9416598589442362e-08,0.0,0.18289894050219604,0.18289891108559744,1.0,4e-12,0.0,4.242640687119285,0.9909556534040731,0.49099655350674676
17,1.7965480113267083,0.09828536279348171,0.0,0.35949240847139313,1.2720129695197802,-3.469446951953614e-18,1.3115067963953175,5.544237161578593,-3.0357660829594124e-18,0.8776828132310451,3.2864007138935847,-1.734723475976807e-18,0.5588354765461431,2.0554076366294733,-6.938893903907228e-18,1.8674338263590087,7.721072935307652,0.35126258545089656,0.38516356032058086,0.15614854492327734,0.8925746906947547,1.9902966914920905,-3.892616193730899e-08,0.0,-0.06851717441951848,-0.06851721334568041,1.0,4e-12,0.0,4.242640687119285,0.9909556534040731,0.49099655350674676
20,2.0855354871417036,0.09820023451801155,-5.204170427930421e-18,0.373844273053185,1.2707273009338131,1.734723475976807e-17,1.4348002821385062,5.33472654616317,-7.37257477290143e-18,0.9285529383059187,3.973287817694371,2.6020852139652106e-18,0.6077960491825645,2.2325804050981404,-1.0408340855860843e-17,1.7087270451598169,7.379311133850687,0.38450403932899074,0.43110527961827755,0.1847080187009671,1.0003173376482355,1.9733573473615638,-4.873002951735097e-08,0.0,-0.05501954346835594,-0.05501959219838546,1.0,8e-12,0.0,4.242640687119285,1.3479582829631562,0.9084957663044902
22,2.285084966827215,0.10061214437294352,3.469446951953614e-18,0.3784856015985775,1.2190003742300786,3.469446951953614e-18,1.5046339289465613,5.872987688805827,-3.0357660829594124e-18,0.9630426152434793,4.247600552774461,-8.673617379884035e-19,0.6396131808139214,2.255299439340592,0.0,1.6163321643587047,6.613184039580329,0.40224286382915386,0.46372553938749994,0.20455251053545104,1.0705209137521048,1.9804564339834894,-1.1904957931270304e-07,0.0,0.03964515586764304,0.03964503681806373,1.0,8e-12,0.0,4.242640687119285,1.3479582829631562,0.9084957663044902
25,2.5648751673595664,0.09175177366436352,1.734723475976807e-18,0.3766256653516529,1.175902010838284,1.0408340855860843e-17,1.5845116544718285,5.983111567509162,3.469446951953614e-18,1.0083441779234532,4.381824516951939,6.938893903907228e-18,0.6823023879418149,2.751316732386241,5.204170427930421e-18,1.5495722800315674,5.919796722784962,0.4153536527153281,0.5083789905760622,0.23276827429555141,1.1565009175869416,2.0375862396638946,-1.4318044212848625e-07,0.0,0.2073452382343636,0.20734509505392146,1.0,8e-12,0.0,4.242640687119285,1.3479582829631562,0.9084957663044902
27,2.7507137471173246,0.09323433577237475,-3.469446951953614e-18,0.3709044447173321,1.1536350654956238,2.7755575615628914e-17,1.6341170974672639,6.109280611303095,-3.903127820947816e-18,1.0372390108239309,4.310670458590585,1.734723475976807e-18,0.7089492583584799,3.132015821179545,-1.0408340855860843e-17,1.5568528160669064,6.006124608853114,0.4160257653785807,0.5379323827875033,0.2513045254635193,1.2052626736296033,2.1109906856348957,-1.6833774338772544e-07,0.0,0.3973651454385292,0.3973649771007858,1.0,8e-12,0.0,4.242640687119285,1.3479582829631562,0.9084957663044902
30,3.033481804664384,0.09495332350064385,-1.734723475976807e-18,0.359027569497256,1.156647179817524,3.122502256758253e-17,1.682145546780098,5.936114755789324,6.938893903907228e-18,1.082730821684726,4.595197576009577,1.0408340855860843e-17,0.7456994579238444,2.858130874769178,-1.214306433183765e-17,1.6236888423429083,6.114840414669822,0.40920658119731534,0.586153016113041,0.2780338407739576,1.273393438084314,2.263245952180462,-1.926900502461398e-07,0.0,0.5411038338900589,0.5411036412000086,1.0,1.6e-11,0.0,4.242640687119285,1.577044946343396,1.2435353813936223
33,3.3164014295180975,0.0944554625343673,3.469446951953614e-18,0.35157476588809805,1.1859928548761516,3.469446951953614e-17,1.711048735760954,6.200393381942778,5.204170427930421e-18,1.129608970920262,4.310049313600526,1.0408340855860843e-17,0.7793409955197664,2.8246316856225024,6.938893903907228e-18,1.721820026717203,6.213835886397803,0.39897726558672075,0.6380082135917664,0.3036861936488703,1.3406716728273573,2.4448172016654235,-4.3810266925811146e-07,0.0,0.645051005644174,0.6450505675415047,1.0,1.6e-11,0.0,4.242640687119285,1.577044946343396,1.2435353813936223
35,3.512357695035428,0.09921998330084274,1.734723475976807e-18,0.3529056981684366,1.163670572568245,3.122502256758253e-17,1.7374286765275482,6.23805211455131,5.204170427930421e-18,1.1612330993467896,4.241028613155808,-1.0408340855860843e-17,0.8019889223046244,2.957783269899728,-1.9081958235744878e-17,1.7946606430671874,6.342547620034438,0.3918540051890331,0.6742311555092755,0.32159311574966637,1.387678276447975,2.5788892346167103,-4.774471105921904e-07,0.0,0.6872116977617071,0.6872112203145965,1.0,1.6e-11,0.0,4.242640687119285,1.577044946343396,1.2435353813936223
38,3.816388366802734,0.1025502431693457,-3.469446951953614e-18,0.36215162505152054,1.3077132977752992,1.0408340855860843e-17,1.7900875900975413,7.275302890641494,8.673617379884035e-18,1.2084671423110531,4.165807451740179,0.0,0.8370172853659065,3.3529394134929498,6.938893903907228e-18,1.8828787491474326,6.440812117848582,0.3851314185242468,0.7301964170227215,0.35029896800065563,1.4656268035476239,2.773138515225849,-5.212175843852427e-07,0.0,0.6430158199364024,0.643015298718818,1.0,1.6e-11,0.0,4.242640687119285,1.577044946343396,1.2435353813936223
40,4.01486399452066,0.0992502253079031,0.0,0.3677677836899816,1.4019658306590022,3.469446951953614e-17,1.80063698803534,6.720920988595078,1.214306433183765e-17,1.238314425195015,4.1090872537139855,0.0,0.8607104372413156,3.4943002045104667,3.469446951953614e-18,1.9144326130285043,6.569084248144348,0.3858244153486724,0.7667113078230299,0.37041122838806817,1.5229469515597707,2.882922282001168,-5.710219357201636e-07,0.0,0.5585564766732983,0.5585559056513626,1.0,3.2e-11,0.0,4.242640687119285,1.8867337500845853,1.7798821218541212
43,4.300047761054328,0.09267440576352116,1.734723475976807e-18,0.37149446018579096,1.4756505851171948,2.7755575615628914e-17,1.843163435069107,6.951379264334528,5.204170427930421e-18,1.2771312144257247,4.71371661290855,1.3877787807814457e-17,0.8988234767158754,3.896696853600298,1.0408340855860843e-17,1.9395559100812603,6.609203202057545,0.39323810780918234,0.8155320694302634,0.40394182114780686,1.6127119983872524,3.032360644184468,-1.2395384451756505e-06,0.0,0.5294058504985654,0.5294046109601201,1.0,3.2e-11,0.0,4.242640687119285,1.8867337500845853,1.7798821218541212
46,4.58912103309499,0.10035027778156377,-8.673617379884035e-18,0.37105900802500646,1.360749781636727,3.8163916471489756e-17,1.876879071830528,6.795271859894746,1.734723475976807e-18,1.3099701701863466,4.630831158984899,6.938893903907228e-18,0.9418755543750752,3.7505172044865005,1.5612511283791264e-17,1.9750787791139086,7.4589118797000005,0.4027866429300933,0.8580109233890229,0.4435647799646776,1.7043623462837938,3.2011798958491147,-1.3565195127726623e-06,0.0,0.5889967213767177,0.5889953648572049,1.0,3.2e-11,0.0,4.242640687119285,1.8867337500845853,1.7798821218541212
48,4.783487149537603,0.09512279971522014,-8.673617379884035e-18,0.3672060552602227,1.3214528104063112,1.734723475976807e-17,1.9022594881411803,6.592477119831901,1.734723475976807e-18,1.3316719758179252,4.700858202775823,2.0816681711721685e-17,0.9689741301403714,3.446934020362269,2.6020852139652106e-17,2.0113521876017755,7.621137643550337,0.40690168647496017,0.8866751255894081,0.4694554324406446,1.7630322445050128,3.324782835039678,-1.4533662472149371e-06,0.0,0.6406352257353561,0.6406337723691089,1.0,3.2e-11,0.0,4.242640687119285,1.8867337500845853,1.7798821218541212
51,5.0681645997638025,0.09676818364294093,0.0,0.3551229971947868,1.1766684927088584,3.469446951953614e-17,1.9729623874961666,6.989050190027763,0.0,1.366467532801655,4.658344526054623,6.938893903907228e-18,1.0032086546001138,3.5777654492253097,1.5612511283791264e-17,2.0625514162136307,7.446595013192386,0.4103086693898612,0.9336167591005206,0.5032138023322851,1.847139230822667,3.498964986176662,-2.1150606249014114e-06,0.0,0.6171569248956525,0.6171548098350277,1.0,6.4e-11,0.0,4.242640687119285,2.08703363753082,2.1778547020925636
53,5.261493662273449,0.09545678271817197,0.0,0.34663230752742497,1.1961011023458776,2.42861286636753e-17,2.006858685871568,7.259976182294553,-1.214306433183765e-17,1.3934857785993995,4.496873229299272,0.0,1.023184774190689,3.7006418063574396,8.673617379884035e-18,2.087668206325144,7.991166567827358,0.41317148260020176,0.9709013075793872,0.5234535410678255,1.9075263312474147,3.6077366780344673,-3.4450441636457147e-06,0.0,0.5697401007919308,0.5697366557477672,1.0,6.4e-11,0.0,4.242640687119285,2.08703363753082,2.1778547020925636
56,5.528454248520554,0.08422380634841974,-5.204170427930421e-18,0.3417591054019924,1.2350730822479536,3.122502256758253e-17,2.016930809870421,7.603892538759848,-8.673617379884035e-18,1.4331941984679366,4.8435734546926605,6.938893903907228e-18,1.0489137395138963,3.6018093978724837,1.0408340855860843e-17,2.119929539242274,7.862057555724396,0.4181025459768778,1.0270228052610753,0.550110016470513,1.995235367708466,3.758752722044008,-3.816265308415147e-06,0.0,0.5723625622031502,0.5723587459378418,1.0,6.4e-11,0.0,4.242640687119285,2.08703363753082,2.1778547020925636
59,5.7875109987874565,0.09011599540809913,-3.469446951953614e-18,0.34625907084932905,1.190794071459233,6.938893903907228e-18,2.046355600317629,7.902738996742622,-6.938893903907228e-18,1.472739773262234,4.98114127674362,0.0,1.0739797424605848,4.15243955460617,5.204170427930421e-18,2.169834882407031,7.873818708089225,0.4223337249713742,1.0844812198742482,0.5767162436078519,2.0835311884534744,3.931456954627116,-4.1688490164275066e-06,0.0,0.6718732772907907,0.6718691084417743,1.0,6.4e-11,0.0,4.242640687119285,2.08703363753082,2.1778547020925636
62,6.077353707168817,0.09229489674312634,5.204170427930421e-18,0.3567457356382162,1.2404976630793405,0.0,2.1765058404009276,7.9036360383757716,0.0,1.5214268853649764,5.720244427248957,6.938893903907228e-18,1.0997999025816048,4.384922845629951,8.673617379884035e-18,2.2439621267312275,7.580734582064457,0.4268367867022489,1.1573698837556865,0.6047799128592537,2.188986583317189,4.153315323251558,-7.5389324685630994e-06,0.0,0.7722009615355659,0.7721934226030974,1.0,1.28e-10,0.0,4.242640687119285,2.3108550083618784,2.6700254348355887
64,6.252245364921719,0.08718613264922086,-6.938893903907228e-18,0.3623871679483792,1.2829099165903015,3.469446951953614e-18,2.220467889227409,8.679659899696492,-1.214306433183765e-17,1.5483791287452642,6.106432501006091,0.0,1.1166455845233754,4.311458943929053,2.42861286636753e-17,2.288375415014001,7.686117294021903,0.4301492230002194,1.1987389631669714,0.6234486807177753,2.252336866884966,4.289684298413676,-9.788423164959467e-06,0.0,0.7857983218813814,0.7857885334582164,1.0,1.28e-10,0.0,4.242640687119285,2.3108550083618784,2.6700254348355887
67,6.518064556644991,0.0886661566863222,1.734723475976807e-18,0.36857534473754616,1.2894905642472252,6.938893903907228e-18,2.24258875367181,7.6986456661222205,-1.734723475976807e-17,1.5823496250045561,6.665763485880443,0.0,1.1456641886052623,4.508695651716627,3.2959746043559335e-17,2.3495692003340403,8.998522061901184,0.43637342184094735,1.2519151678760294,0.6562732165262769,2.3445618062432536,4.491363388102282,-1.0626255251626365e-05,0.0,0.7654888951093224,0.7654782688540708,1.0,1.28e-10,0.0,4.242640687119285,2.3108550083618784,2.6700254348355887
70,6.803056159015647,0.09744541303392658,-1.734723475976807e-18,0.37324833575331534,1.295334385717787,3.469446951953614e-18,2.2910279432165677,8.994750201546896,-3.469446951953614e-18,1.624555205855031,6.97237767014253,2.7755575615628914e-17,1.1707253948843903,4.272275116648128,1.5612511283791264e-17,2.4064569075103526,9.917192960342053,0.4449181482577213,1.319589808435341,0.6852989751136058,2.449806931806668,4.698685315800431,-1.1570853508605612e-05,0.0,0.7353651550026342,0.7353535841491257,1.0,2.56e-10,0.0,4.242640687119285,2.5358442068096383,3.2152529206050016
73,7.0882003645413025,0.09137428117092092,1.734723475976807e-18,0.37419010532003366,1.3914667803075709,3.469446951953614e-18,2.37490711982741,9.030432699440729,3.469446951953614e-18,1.6659249855055,6.958062146273974,6.938893903907228e-18,1.1938836178249794,4.663470919933271,2.6020852139652106e-17,2.4452562297961458,9.813819858842734,0.45621999488927056,1.3876530286657505,0.7126790464554309,2.5565520700104516,4.883636184392234,-2.4683167022142123e-05,0.0,0.6585304399489306,0.6585057567819085,1.0,2.56e-10,0.0,4.242640687119285,2.5358442068096383,3.2152529206050016
75,7.27404221882055,0.09355590342530007,-3.469446951953614e-18,0.37170979387049896,1.48080354642256,-1.0408340855860843e-17,2.414623655234686,9.692285227801708,6.938893903907228e-18,1.6872187693399476,7.042311140622152,-6.938893903907228e-18,1.213124155452308,4.761440514776029,2.0816681711721685e-17,2.463269672965487,10.031691281100162,0.4662238478608013,1.4233535878065036,0.7358351082709376,2.6254125439382427,4.9995259722820835,-2.573551941648665e-05,0.0,0.6348772319200733,0.6348514964006567,1.0,2.56e-10,0.0,4.242640687119285,2.5358442068096383,3.2152529206050016
78,7.549175258084824,0.08767466108462461,-8.673617379884035e-18,0.3638035059767912,1.495606963095558,6.938893903907228e-18,2.499326140890856,10.675740433576507,0.0,1.7228623167376074,6.739474444476247,2.0816681711721685e-17,1.24168731296882,4.844343768694666,3.122502256758253e-17,2.496812440554285,10.797136878803517,0.48529534888636955,1.4841272812172377,0.7708936915938641,2.7403163216974713,5.194409551384128,-2.660903042213312e-05,0.0,0.718814674350402,0.7187880653199799,1.0,2.56e-10,0.0,4.242640687119285,2.5358442068096383,3.2152529206050016
81,7.798344157171782,0.08319849394613947,0.0,0.3569303000155202,1.4500584997988777,8.673617379884035e-18,2.6025192039106364,9.428395210694767,-1.3877787807814457e-17,1.7560374192016803,6.297791526813469,0.0,1.269131411409,5.109936476377761,1.3877787807814457e-17,2.5413683771058055,11.580606748815121,0.5040295753279368,1.541833708818249,0.8053472697125001,2.851210553858686,5.400367195172601,-3.680516335057467e-05,0.0,0.8351056203162751,0.8350688151529245,1.0,5.12e-10,0.0,4.242640687119285,2.7548292909966525,3.7945422112665597
84,8.070329305526242,0.09153415767237634,1.734723475976807e-18,0.3527712733188801,1.3526665398019064,8.673617379884035e-18,2.677015829079015,9.404862510995084,-6.938893903907228e-18,1.789195907455802,6.748852450851126,2.7755575615628914e-17,1.3001113347423188,4.840777255327109,1.3877787807814457e-17,2.614450394789419,13.288105394450376,0.5185847679243052,1.6006109976282952,0.8451447413627269,2.9643405069153275,5.6550299823179815,-5.736256346531879e-05,0.0,0.9480731889140146,0.9480158263505493,1.0,5.12e-10,0.0,4.242640687119285,2.7548292909966525,3.7945422112665597
86,8.251773022634818,0.09108656207669862,-1.734723475976807e-18,0.3509318146559736,1.2119874404336226,-1.3877787807814457e-17,2.713172596613028,9.309540813574817,-2.7755575615628914e-17,1.8146546050646386,6.497783293279917,6.938893903907228e-18,1.3173370593752476,4.683171528050165,2.7755575615628914e-17,2.6785894687877008,13.304760748018357,0.523559580526614,1.6464856678411495,0.8676884640017122,3.0377337123694756,5.842629392792289,-5.9682150322358716e-05,0.0,1.0456039085490099,1.0455442263986876,1.0,5.12e-10,0.0,4.242640687119285,2.7548292909966525,3.7945422112665597
89,8.523020972179657,0.08493977955368998,-8.673617379884035e-18,0.3509261216218861,1.1581947056492135,-1.0408340855860843e-17,2.793442062742054,10.252942703276776,2.0816681711721685e-17,1.8584597527021525,6.850286456879134,-1.3877787807814457e-17,1.3393793005395347,5.1248179817410815,-1.3877787807814457e-17,2.7793713467686785,12.505034702161222,0.5301603717531467,1.7269363262068724,0.8969684553568865,3.154065153316906,6.13675798114825,-6.19245901195972e-05,0.0,1.097124442514621,1.0970625179245013,1.0,5.12e-10,0.0,4.242640687119285,2.7548292909966525,3.7945422112665597
92,8.755093313176108,0.07580467519183101,-1.734723475976807e-18,0.35521474124567115,1.0495468063618174,-3.469446951953614e-18,2.8709932953510817,11.005505904932171,1.3877787807814457e-17,1.9078719825419606,6.922966371481742,-1.3877787807814457e-17,1.3509733021761232,5.752020133857224,6.938893903907228e-18,2.857081737746818,12.211672967359114,0.5399585783420786,1.8199877508842957,0.9125644315963293,3.272510760822703,6.3890625275839525,-0.00010606264687445422,0.0,1.0973042884224784,1.0971982257756039,1.0,1.024e-09,0.0,4.242640687119285,3.017311529757545,4.552084433803908
96,9.086227954695445,0.08756937631281562,-4.336808689942018e-18,0.36175653714934514,1.2948093439124255,-2.0816681711721685e-17,2.927501189748576,10.885174329859169,4.163336342344337e-17,1.9800383549720013,8.12585046841535,-6.938893903907228e-18,1.3636642454671262,5.097742997987658,-1.0408340855860843e-17,2.9479405931507108,12.786175291731423,0.5566061047843986,1.9602759435801143,0.9297900871827132,3.4466721355472263,6.722857732731295,-0.00013348221079384918,0.0,1.0220582324476264,1.0219247502368325,1.0,1.024e-09,0.0,4.242640687119285,3.017311529757545,4.552084433803908
98,9.253512485481554,0.08281932870349472,1.734723475976807e-18,0.36317946371313664,1.2827357242427784,8.673617379884035e-18,2.9685165027098956,11.299463202867141,1.3877787807814457e-17,2.0004721406538284,7.741657200881023,0.0,1.3808204199811185,5.43298426461366,2.7755575615628914e-17,2.97660343179864,12.836431343936127,0.5676200813522669,2.0009443927660544,0.9533325161184162,3.5218969902367374,6.867474863707923,-0.00014005168813653355,0.0,0.883502314560444,0.8833622628723075,1.0,1.024e-09,0.0,4.242640687119285,3.017311529757545,4.552084433803908
101,9.502962903586923,0.08450513776988118,-3.469446951953614e-18,0.36727695300818913,1.2301542976283348,-2.0816681711721685e-17,3.0202966338055908,11.747703191662236,2.0816681711721685e-17,2.017845143019855,7.823628226773334,0.0,1.4168048153156683,5.572299143588836,-1.5612511283791264e-17,3.016702278805161,11.741994936832944,0.5863097703246754,2.035849510604409,1.0036679423508326,3.625827223279917,7.0866281781467775,-0.0001976580344475222,0.0,0.8985730594322574,0.8983754013978099,1.0,2.048e-09,0.0,4.242640687119285,3.2532198975793385,5.2917198510030605
104,9.768181426611747,0.08948916541931554,1.734723475976807e-18,0.3716166401051092,1.2914630684443593,3.469446951953614e-18,3.096343641715537,16.606437075389106,6.938893903907228e-18,2.036975351665837,6.766245819868043,-6.938893903907228e-18,1.4583756652338602,6.06552480071158,-1.734723475976807e-17,3.0906238182635266,12.36226032577079,0.6047300492801908,2.0746342916470804,1.063429790473152,3.742794131400423,7.385251930098385,-0.000312339078373519,0.0,1.1440242393603715,1.143711900281998,1.0,2.048e-09,0.0,4.242640687119285,3.2532198975793385,5.2917198510030605
108,10.070035506143464,0.07338859816950026,-5.204170427930421e-18,0.37375918570215005,1.2401686749558631,0.0,3.1507338477466296,15.585077087511833,0.0,2.055137318609118,7.242608656774879,0.0,1.5103645298669903,6.268175142125301,-2.2551405187698492e-17,3.174578066780688,12.428932435099814,0.6281155520104305,2.1117946991699372,1.140600506540167,3.8805107577205344,7.742156657823654,-0.0003243808778799829,0.0,1.1962555856786787,1.1959312048007988,1.0,2.048e-09,0.0,4.242640687119285,3.2532198975793385,5.2917198510030605
111,10.296032617876236,0.07459406896265086,-3.469446951953614e-18,0.37441266020233044,1.287246005898981,-1.5612511283791264e-17,3.1955092260711537,12.10974383243503,6.938893903907228e-18,2.090023280917931,7.1857456041377405,6.938893903907228e-18,1.5310696260886427,5.123850136656976,-1.5612511283791264e-17,3.2151820141665968,12.822924021973988,0.6476932594115953,2.1840986573894763,1.1720870999656077,4.003879016766679,7.9670628704717865,-0.00043612749615758645,0.0,1.0141257881520125,1.013689660655855,1.0,4.096e-09,0.0,4.242640687119285,3.4527472525810974,5.9607317951031575
114,10.524457412252527,0.07577554090266528,-1.0408340855860843e-17,0.3735053552823778,1.3871884361220546,-1.0408340855860843e-17,3.320952609137539,11.710149632455611,1.3877787807814457e-17,2.1189389068707065,7.391533353475753,2.0816681711721685e-17,1.557281537158174,5.245640637330817,8.673617379884035e-18,3.2535163426308444,11.96203868318442,0.6718674955695951,2.2449510455252124,1.2125628929868626,4.12938143408167,8.199993846845349,-0.000662247207075971,0.0,1.0399786473304504,1.0393164001233746,1.0,4.096e-09,0.0,4.242640687119285,3.4527472525810974,5.9607317951031575
118,10.821098069941668,0.07675454292913315,-1.734723475976807e-18,0.37498035145332426,1.5118213226559414,-1.734723475976807e-17,3.3676758288924407,12.131998066835385,-1.3877787807814457e-17,2.149926959865571,7.5075985471523214,1.3877787807814457e-17,1.598554729341497,5.642146163546636,-1.0408340855860843e-17,3.3138225699737576,11.88476149191759,0.7078142684691006,2.311092966378408,1.2776886113500332,4.296595846197542,8.539267864369794,-0.000701667762500452,0.0,1.1615170803701391,1.1608154126076387,1.0,4.096e-09,0.0,4.242640687119285,3.4527472525810974,5.9607317951031575
121,11.058619607104818,0.08059639878752589,-1.734723475976807e-18,0.3724158090541641,1.3617434906791603,-1.0408340855860843e-17,3.4385580109468568,12.282152632166227,-2.7755575615628914e-17,2.2213900187019715,7.238449942039795,2.0816681711721685e-17,1.593837617821543,5.977447251058408,-2.7755575615628914e-17,3.355144909814275,12.742210912087819,0.7334387861243148,2.4672868075943724,1.270159175991525,4.470884769710212,8.780433234481949,-0.001015706155293717,0.0,1.0441020082205648,1.043086302065271,1.0,8.192e-09,0.0,4.242640687119285,3.6167006136245035,6.5402616642959295
124,11.295598065523636,0.07707432248313757,-6.938893903907228e-18,0.3707874723696057,1.182234255896736,0.0,3.57590293843761,13.089307685529734,0.0,2.2723295066295934,8.593254723170954,0.0,1.601452268635747,6.558918777343644,-2.42861286636753e-17,3.40185610900205,12.919353415993612,0.7590981184316659,2.5817406933497455,1.2823246843592906,4.623163496140702,9.030096926815723,-0.001568710294319595,0.0,1.0864397173288387,1.084871007034519,1.0,8.192e-09,0.0,4.242640687119285,3.6167006136245035,6.5402616642959295
127,11.51102604571716,0.06790153778571884,-1.734723475976807e-18,0.36791634399496054,1.119720904593043,8.673617379884035e-18,3.627581510696533,14.404907183520141,-1.3877787807814457e-17,2.287530019119156,8.872734541597561,3.469446951953614e-18,1.6320135293391629,6.4189268341614305,1.3877787807814457e-17,3.4692551509250977,12.104881417832763,0.7818945137384405,2.616396794185642,1.3317340799730348,4.7300253878971175,9.31140691946964,-0.0016242253528506857,0.0,1.3308020540050962,1.3291778286522455,1.0,8.192e-09,0.0,4.242640687119285,3.6167006136245035,6.5402616642959295
131,11.771055399893909,0.06586748281540712,-3.469446951953614e-18,0.36318910975925944,1.1709478096734907,-1.9081958235744878e-17,3.6962235653377142,15.308010622957921,-1.3877787807814457e-17,2.33664002652279,8.89688977910527,1.734723475976807e-17,1.6431957915434565,6.400216786859415,0.0,3.5479967779626254,12.924319832104718,0.8090079519236373,2.729943306774212,1.350046204673063,4.888997463370912,9.63787957488093,-0.002149808978899552,0.0,1.2769551769651724,1.2748053679862728,1.0,1.6384e-08,0.0,4.242640687119285,3.84461750366599,7.390541874747456
135,12.06046719711059,0.07492824539897537,-6.938893903907228e-18,0.3683455702037314,1.3778240753532147,-2.0816681711721685e-17,3.9466298276159355,15.872186333952879,1.3877787807814457e-17,2.3886850489523814,9.01883135328415,2.7755575615628914e-17,1.6531499074568408,6.187220256140642,2.0816681711721685e-17,3.5800577518833214,14.10932257269587,0.8516979595154257,2.85290813154432,1.3664523082622804,5.071058399322026,9.898050354425669,-0.003570530279900956,0.0,0.9359167926366897,0.9323462623567887,1.0,1.6384e-08,0.0,4.242640687119285,3.84461750366599,7.390541874747456
138,12.28192693475049,0.0718992703720827,-1.734723475976807e-18,0.37855836147051325,1.4326181071681754,-2.0816681711721685e-17,4.101248283811233,14.304502444051622,1.3877787807814457e-17,2.4192413763542517,8.259449834047354,1.734723475976807e-17,1.6697891576120862,5.953378880775465,2.0816681711721685e-17,3.59705665033081,14.550921860951274,0.8910982634172715,2.9263644185322075,1.3940979154394402,5.211560597388919,10.099138980164415,-0.003834303129203268,0.0,0.946454230795957,0.9426199276667537,1.0,1.6384e-08,0.0,4.242640687119285,3.84461750366599,7.390541874747456
142,12.569447407563736,0.07588325477843247,-1.734723475976807e-18,0.3913416890528937,1.5822801255747434,-6.938893903907228e-18,4.136003159367719,14.130224886299995,-1.3877787807814457e-17,2.4563464042317835,9.371238827880145,-6.938893903907228e-18,1.6907579849863787,5.944687550491343,0.0,3.6552695406934763,15.777268817224108,0.9321292231109364,3.016818828791206,1.4293312818975996,5.3782793337997425,10.415079377780145,-0.006408307312821234,0.0,1.1425530156304564,1.1361447083176353,1.0,3.2768e-08,0.0,4.242640687119285,4.016170463968935,8.064812597828226
145,12.791277215414754,0.0725191650508789,0.0,0.3926936025417243,1.6481007745424108,4.5102810375396984e-17,4.292640369897848,14.590592500222057,1.3877787807814457e-17,2.4652909929156603,8.824806644842242,2.0816681711721685e-17,1.719511116366209,7.176402633375217,2.7755575615628914e-17,3.720376962472341,15.47115838964943,0.9601721323563686,3.0388298398755413,1.478359239653483,5.477361211885393,10.692845732120503,-0.008946911380655695,0.0,1.3165908777436897,1.307643966363034,1.0,3.2768e-08,0.0,4.242640687119285,4.016170463968935,8.064812597828226
149,13.042573653210862,0.05899197756200345,-1.734723475976807e-18,0.39733473806493314,1.537144001713663,3.469446951953614e-17,4.436607454252538,15.736051410507416,4.85722573273506e-17,2.474025601806827,11.368858571968786,3.469446951953614e-17,1.758403302670423,5.970863262372944,-6.938893903907228e-18,3.88987196169944,16.551072084475276,0.9829748745495434,3.0604013391978153,1.5459910874211258,5.589367301168485,11.220756435761778,-0.009247500908941848,0.0,2.142301104590278,2.1330536036813363,1.0,3.2768e-08,0.0,4.242640687119285,4.016170463968935,8.064812597828226
153,13.296545159481633,0.06474567080541775,-6.938893903907228e-18,0.4049127765400179,1.56457641517198,3.122502256758253e-17,4.445212588667516,19.330064497573737,-6.938893903907228e-18,2.4826286860948543,10.189295730760538,1.3877787807814457e-17,1.8011389715333528,6.810226314331319,-3.469446951953614e-18,4.0923809565395795,16.762483830264998,1.0094286097464114,3.0817225965105313,1.6220507973881115,5.713202003645054,11.857099912264072,-0.01604219131027253,0.0,2.5554668345453666,2.539424643235094,1.0,6.5536e-08,0.0,4.242640687119285,4.220976672384805,8.90832203440835
157,13.554812348752815,0.06599052910415303,-5.204170427930421e-18,0.40458190927511384,1.5404946239838555,2.42861286636753e-17,4.544189760078946,17.06812590960896,3.469446951953614e-17,2.4708141420614123,9.5570587956663,3.122502256758253e-17,1.8567930644882547,8.319456025487387,-2.7755575615628914e-17,4.215546000029092,16.553931579496435,1.0604191929873068,3.0524612623053367,1.7238402421658419,5.836720697458485,12.358684520781868,-0.01724731472743393,0.0,2.0090048062474994,1.9917574915200655,1.0,6.5536e-08,0.0,4.242640687119285,4.220976672384805,8.90832203440835
160,13.758026845887317,0.06505440465916348,-6.938893903907228e-18,0.40073108783687017,1.440602597765543,3.122502256758253e-17,4.685488183923913,18.710661834229022,2.2551405187698492e-17,2.4837963387796127,9.058385439056494,3.469446951953614e-18,1.8828306467110243,8.13164464166699,4.163336342344337e-17,4.277988517880829,17.22989546884798,1.107780880517844,3.0846221262675044,1.7725256220971266,5.9649286288824745,12.678774405942058,-0.017018269742392768,0.0,1.651044723786075,1.6340264540436822,1.0,1.31072e-07,0.0,4.242640687119285,4.44891434995974,9.896419446638845
164,14.00916996364569,0.06274131759033089,-5.204170427930421e-18,0.39118846962956355,1.3931268097933682,2.7755575615628914e-17,4.8101279628425235,21.182575838128557,3.122502256758253e-17,2.5480168366064806,9.523752189028116,-6.938893903907228e-18,1.8736770375564697,6.65375504771189,1.3877787807814457e-17,4.366125259964671,15.531194946775093,1.1503706504517583,3.2461948998150483,1.755332820533194,6.1518983708000015,13.054254633472615,-0.03471883276605587,0.0,1.5977017120762764,1.5629828793102205,1.0,1.31072e-07,0.0,4.242640687119285,4.44891434995974,9.896419446638845
168,14.26876381179045,0.06275424570648654,-3.469446951953614e-18,0.3872247829907642,1.5870981153671253,1.734723475976807e-17,4.746938382720963,17.284077377107756,4.85722573273506e-17,2.592980860108875,12.293910977321813,0.0,1.8754039600720713,6.790839842979403,0.0,4.494130449296555,14.777563463903762,1.1765437136312524,3.3617748704454806,1.7585700067270036,6.296888590803737,13.50870489126024,-0.035883278358013276,0.0,1.8529636082719105,1.8170803299138973,1.0,1.31072e-07,0.0,4.242640687119285,4.44891434995974,9.896419446638845
173,14.537983192455643,0.05300039508573255,-5.204170427930421e-18,0.39451529783382233,1.7178153996817191,2.0816681711721685e-17,4.805265745114277,20.534948340511747,9.540979117872439e-18,2.626579609639115,11.569276679139472,-1.3877787807814457e-17,1.891314418098779,8.389067476838424,3.469446951953614e-17,4.543219633419951,19.77508443067262,1.2336783559786486,3.4494602228859836,1.7885351140541619,6.471673692918794,13.833236859095932,-0.0601200776624064,0.0,1.3415108735261883,1.2813907958637818,1.0,2.62144e-07,0.0,4.242640687119285,4.659858491097434,10.857140578526426
177,14.766661169118166,0.05580215770742365,-1.0408340855860843e-17,0.4014224376053613,1.5821356624763447,3.8163916471489756e-17,5.005136894426474,20.121742107886316,-6.071532165918825e-18,2.6412974544836905,10.554788951623951,0.0,1.9149617760319597,7.612592889018991,5.551115123125783e-17,4.5262487497604305,19.14942829074583,1.3044575684602133,3.4882261215310115,1.8335393018317383,6.626222991822964,13.99123278472582,-0.08056368411316867,0.0,0.8755328476417342,0.7949691635285656,1.0,2.62144e-07,0.0,4.242640687119285,4.659858491097434,10.857140578526426
181,15.012892752749636,0.06462780478574193,-8.673617379884035e-18,0.41281460595171354,1.6004698744102523,4.163336342344337e-17,5.153094928149538,18.899435194724408,4.336808689942018e-17,2.6437669028612185,9.979953335471922,2.0816681711721685e-17,1.9479888064167852,8.294300142739838,0.0,4.591261158185357,16.585618982276742,1.3585106570905472,3.4947517183322,1.8973301949625456,6.750592570385293,14.339436101466454,-0.10472302051622757,0.0,1.6468739738917675,1.54215095337554,1.0,5.24288e-07,0.0,4.242640687119285,4.726584806353461,11.170301965825693
185,15.253469599058077,0.05557806523609396,-3.469446951953614e-18,0.4249737726633875,1.5450472256813428,0.0,5.184145373691126,21.498831200593756,1.9081958235744878e-17,2.662442841132697,9.668098874379286,-6.938893903907228e-18,1.9642275240867781,7.962820174007778,-2.7755575615628914e-17,4.721328316277382,17.657273058940078,1.3902409363155268,3.544300941149373,1.9290948831900367,6.863636760654937,14.811285732767278,-0.16638478326187875,0.0,2.2954323939032895,2.1290476106414107,1.0,5.24288e-07,0.0,4.242640687119285,4.726584806353461,11.170301965825693
190,15.548364084806266,0.06449600774997559,-8.673617379884035e-18,0.43878927925187017,1.536855447807669,-1.0408340855860843e-17,5.344044126063258,22.1648691186314,1.0408340855860843e-17,2.7161682999382197,9.086987950490952,-6.938893903907228e-18,1.9573522617969317,8.582028424824568,-1.0408340855860843e-17,4.833933786762979,17.486075780469864,1.4461590104451902,3.688785116794639,1.9156139383807815,7.050558065620611,15.275239284799733,-0.16725106980997081,0.0,1.9279323971175015,1.7606813273075308,1.0,1.048576e-06,0.0,4.242640687119285,4.888004868131343,11.946295795437855
194,15.784068837210643,0.05876412226602861,-6.938893903907228e-18,0.43991120134400785,1.5136501820576767,-1.0408340855860843e-17,5.480451147357633,20.462785444273457,6.938893903907228e-18,2.6978732033858055,9.86573522730656,-1.0408340855860843e-17,1.988180793844198,8.49277094755161,-5.551115123125783e-17,4.925179960138165,19.225589038690103,1.4820039612410496,3.639259910773593,1.9764314345054723,7.097695306520115,15.623624103757159,-0.3316557178801899,0.0,2.1356123820877486,1.8039566642075586,1.0,1.048576e-06,0.0,4.242640687119285,4.888004868131343,11.946295795437855
198,16.012340064163688,0.05409862923237029,-8.673617379884035e-18,0.4469701940119173,1.7223385943698095,-3.209238430557093e-17,5.4250858689745645,20.10417716238549,8.673617379884035e-18,2.740450024168122,11.448126951004003,-2.7755575615628914e-17,1.9803556999799905,7.180940848491051,-4.85722573273506e-17,5.019029767529625,18.94341525921324,1.5144907012601165,3.7550331674815296,1.960904349221619,7.230428217963265,15.992810715168973,-0.32160272693731357,0.0,2.266444225998051,1.9448414990607372,1.0,1.048576e-06,0.0,4.242640687119285,4.888004868131343,11.946295795437855
203,16.285185741555576,0.05230382479009257,-2.6020852139652106e-18,0.46923247522828304,1.7948457322260551,-5.204170427930421e-17,5.648993308129932,19.93012756293804,5.377642775528102e-17,2.7702802767938306,11.697261017076402,-1.734723475976807e-17,1.9761763542472681,6.682922629121292,-3.469446951953614e-17,5.10286196857098,16.211685333768365,1.5512764135128168,3.8372264059964514,1.9526364915430117,7.34113931105228,16.324359875573073,-0.5131158765024071,0.0,2.1981102192422326,1.6849943427398255,1.0,2.097152e-06,0.0,4.242640687119285,5.064568089367141,12.824924965917965
207,16.50877810387141,0.05647277820337622,-1.0408340855860843e-17,0.4634157945555158,1.7231728177759278,-2.7755575615628914e-17,5.565386107036267,21.130968444726612,2.7755575615628914e-17,2.80152928760144,9.978345854712781,0.0,1.9701201506616808,8.244611851012788,0.0,5.108723175840503,17.100861665863448,1.6067032825983962,3.924283174644316,1.9406867040216018,7.471673161264313,16.45910403687578,-0.6576250969375421,0.0,1.819428065582369,1.1618029686448268,1.0,2.097152e-06,0.0,4.242640687119285,5.064568089367141,12.824924965917965
212,16.777687616694323,0.05240401410824591,0.0,0.46155898065809037,1.74619968095067,-5.551115123125783e-17,5.614878651636955,21.226132919689164,2.0816681711721685e-17,2.8117986932119097,10.647203727984525,0.0,1.9598750339622553,7.270982277715163,1.3877787807814457e-17,5.085463820529407,20.059747039498056,1.6515551595908629,3.9531059455741007,1.9205550743742754,7.525216179539239,16.42849566679017,-0.9430327101813439,0.0,1.560637605313356,0.617604895132012,1.0,4.194304e-06,0.0,4.242640687119285,5.14997572162442,13.261124966660486
217,17.044097343113215,0.05096724544887374,-6.938893903907228e-18,0.47509967916198725,1.4460135317907836,-4.683753385137379e-17,5.66659765841384,20.402484057532444,3.122502256758253e-17,2.7625036167543278,10.55177365967582,-2.7755575615628914e-17,1.9617504476018908,7.280763570778877,-5.551115123125783e-17,5.06519754572936,19.03074476339444,1.6464007934563696,3.815713116290371,1.9242324093331091,7.38634631907985,16.237759796273895,-1.3003442838667318,0.0,1.6715061749583329,0.371161891091601,1.0,4.194304e-06,0.0,4.242640687119285,5.14997572162442,13.261124966660486
221,17.26655540748708,0.0557408571994445,-6.938893903907228e-18,0.46586797815541836,1.6477657249959659,-6.938893903907228e-18,5.718596004033621,21.587032387107836,2.42861286636753e-17,2.69499048558253,11.278566242975097,1.214306433183765e-17,1.969163300059992,7.493161482844056,-2.7755575615628914e-17,5.022843228732773,19.62192832085124,1.6228851536596531,3.6314868586901796,1.9388020511515789,7.193174063501412,15.943793721768188,-1.4696742955024005,0.0,1.4890211794920842,0.01934688398968376,1.0,8.388608e-06,0.0,4.242640687119285,5.05302028394373,12.766506994973389
226,17.521747829467685,0.04943278725050173,-1.214306433183765e-17,0.4652206140943239,1.6313632146954975,-4.85722573273506e-17,5.31046156163169,18.339078544344108,6.245004513516506e-17,2.6349181702301077,10.34156052716573,-6.938893903907228e-18,1.9405722296891512,7.311956947554106,-2.7755575615628914e-17,4.929644183506636,22.329372898449854,1.5825493412518057,3.4713968819043894,1.8829102893203618,6.936856512476558,15.381142581311735,-2.167031784227884,0.0,1.791404033157179,-0.3756277510707051,1.0,8.388608e-06,0.0,4.242640687119285,5.05302028394373,12.766506994973389
231,17.775810198096718,0.05077331681230046,-6.938893903907228e-18,0.467963934966016,1.6095528584857366,-6.245004513516506e-17,5.019955885441749,18.70598156259048,3.469446951953614e-17,2.5941828832906566,10.14610819666083,1.734723475976807e-17,1.8784739840737088,7.726662588776904,-2.7755575615628914e-17,4.847628070175733,20.959999507510105,1.5258465203686429,3.3648924159791114,1.764332254420876,6.65507119076863,14.764267880013541,-2.419826469985568,0.0,1.9927566873127753,-0.4270697826727925,1.0,1.6777216e-05,0.0,4.242640687119285,4.887142138180289,11.942079139388706
236,18.02886617432514,0.05329895205824748,-5.204170427930421e-18,0.45633117209426716,1.75762314897423,-6.245004513516506e-17,4.923116050454375,17.154751543797197,3.2959746043559335e-17,2.4794354936662204,8.348825542802281,6.938893903907228e-18,1.8088161212615181,6.398562598223372,-4.163336342344337e-17,4.712620186642393,16.29366275128302,1.4143610318539603,3.073800183625927,1.6359078802677811,6.124069095747669,13.756350012373781,-3.4225742734122058,0.0,2.0743340702735438,-1.348240203138662,1.0,1.6777216e-05,0.0,4.242640687119285,4.887142138180289,11.942079139388706
241,18.294122257364155,0.05133944478933559,-6.938893903907228e-18,0.44173322815383653,1.6837948243085668,-6.938893903907228e-17,4.415535919366984,15.64770472297622,3.9898639947466563e-17,2.358152261576059,8.851177524258535,1.0408340855860843e-17,1.721354504506829,6.662755593490906,-1.3877787807814457e-17,4.643002763651034,16.332834254526208,1.2596646497759152,2.780441044388141,1.4815306650929756,5.521636359257032,12.823685183433213,-3.396538291793357,0.0,2.425371677029129,-0.9711666147642282,1.0,3.3554432e-05,0.0,4.242640687119285,4.423524989141563,9.783786664779932
245,18.53571605405719,0.06517690304242085,-6.938893903907228e-18,0.43335280496396283,1.7947634592621928,-5.551115123125783e-17,3.977140587896173,14.157704038467404,1.0408340855860843e-17,2.2004696975297375,8.678518902435783,3.469446951953614e-18,1.6098128149207027,6.541974454010695,-4.163336342344337e-17,4.405160759072482,15.350500469278474,1.0982369896345747,2.4210334448733075,1.295748649541458,4.81501908404934,11.350236888174248,-4.201741538824981,0.0,1.5845220054579985,-2.617219533366983,1.0,3.3554432e-05,0.0,4.242640687119285,4.423524989141563,9.783786664779932
249,18.8191560625554,0.07041760607473795,-8.673617379884035e-18,0.4200644083968381,1.6936000313205337,-5.551115123125783e-17,3.5735025352018446,15.767147163254887,2.7755575615628914e-17,2.034945612666863,7.070205875134799,6.938893903907228e-18,1.5354606231122216,5.332576897465473,-3.469446951953614e-17,4.104617431814005,16.43094143741788,0.9906142643398221,2.070501823256057,1.178819662564086,4.239935750159965,9.967684163342927,-2.9881084332210115,0.0,0.9692590953104381,-2.0188493379105736,1.0,3.3554432e-05,0.0,4.242640687119285,4.423524989141563,9.783786664779932
252,19.0418619983066,0.07604211285399681,-5.204170427930421e-18,0.4188236029483965,1.6669387834997251,-8.326672684688674e-17,3.152642877499921,10.930599066165616,2.2551405187698492e-17,1.9376223881039354,7.559518881516222,0.0,1.4066925808529518,5.921396622701549,-4.163336342344337e-17,3.768755051650438,14.787132730754523,0.8775530622465831,1.8771902594407988,0.9893920085133692,3.744135330200751,8.568476291336104,-3.487572064638106,0.0,0.5468848813011713,-2.9406871833369346,1.0,6.7108864e-05,0.0,4.242640687119285,3.6188186455453697,6.547924194673412
255,19.27633806040835,0.08391477142383294,-1.0408340855860843e-17,0.40831183299268897,1.5376278415030376,-1.0408340855860843e-16,2.935535003787823,11.233114790342169,2.6020852139652106e-17,1.8578673885659391,8.38289027265972,6.938893903907228e-18,1.2893760575494424,4.826153643572633,-5.551115123125783e-17,3.4765542673133023,13.29521554071788,0.7797523881591084,1.725835616748411,0.8312453088908714,3.3368333137983908,7.431414607554331,-2.7419025358632014,0.0,0.3169377223724172,-2.424964813490784,1.0,6.7108864e-05,0.0,4.242640687119285,3.6188186455453697,6.547924194673412
258,19.531612136473797,0.08660455646561614,-5.204170427930421e-18,0.413867741101581,1.2814499111462156,-6.245004513516506e-17,2.5565841006469987,9.828163337711423,5.551115123125783e-17,1.7355841368895262,7.4966555600252125,3.469446951953614e-18,1.2445847585697547,4.648199620929647,-1.3877787807814457e-17,3.288124906121771,13.773121164320532,0.6960919435682655,1.5061261481112806,0.7744956106320673,2.9767137023116135,6.67038597047342,-2.0072029665811217,0.0,0.6797980211300282,-1.3274049454510934,1.0,6.7108864e-05,0.0,4.242640687119285,3.6188186455453697,6.547924194673412
261,19.788159513516668,0.0831744525023381,-3.469446951953614e-18,0.4039914689714438,1.2911325925948935,-6.938893903907228e-17,2.2370627279630533,8.756909969225553,3.8163916471489756e-17,1.6685060078211411,5.9482145327514235,-1.734723475976807e-18,1.1583266597260502,4.679313997208887,-2.7755575615628914e-17,3.0514040180891597,11.382501505398938,0.6141562865052846,1.3919561490676209,0.6708603253160543,2.67697276088896,5.861821036239894,-1.8892520526627126,0.0,0.3417311973534656,-1.547520855309247,1.0,0.00013111454182261072,0.0,4.242640687119285,2.6261287970151317,3.448276229256072
264,20.0549110003465,0.09401151252642204,-1.0408340855860843e-17,0.38005568894000075,1.3179193141200134,-5.551115123125783e-17,1.988944795324345,7.262749356007458,3.469446951953614e-17,1.6329177320160513,6.283625604193546,-5.204170427930421e-18,1.0441598685283422,4.125091242027585,-2.7755575615628914e-17,2.764466738686194,8.685850849308682,0.5364445305776872,1.333210159766222,0.5451349155225624,2.4147896058664715,5.023339135700649,-1.6823498715915957,0.0,-0.04660482478754861,-1.7289546963791442,1.0,0.00013111454182261072,0.0,4.242640687119285,2.6261287970151317,3.448276229256072
266,20.250502234393462,0.10049533037579707,-1.734723475976807e-18,0.38755095684663143,1.34178480220741,-5.898059818321144e-17,1.8275679098826485,6.661341956910906,4.163336342344337e-17,1.5764144984513784,6.019785274915032,-3.469446951953614e-18,1.0239487782714507,4.059450947745616,-4.163336342344337e-17,2.6338029913116663,8.617897476893503,0.4958770510883346,1.242541335463855,0.5242355502617982,2.262653936813988,4.659857400277201,-1.1670646312211768,0.0,0.2354085234425707,-0.9316561077786061,1.0,0.00013111454182261072,0.0,4.242640687119285,2.6261287970151317,3.448276229256072
269,20.536760364103614,0.09522459566644542,-5.204170427930421e-18,0.38741909938847807,1.3190396317193824,-7.112366251504909e-17,1.6313612616030237,6.035357545301175,4.163336342344337e-17,1.4961829317373978,5.180167646092013,-3.469446951953614e-18,1.0256549027237705,4.254797405835662,0.0,2.5148985578188365,9.255008505610983,0.4472369387401485,1.1192816826111571,0.5259839897406534,2.092502611091959,4.326159584984813,-0.8943658451321327,0.0,0.4223043687396144,-0.4720614763925183,1.0,0.00013111454182261072,0.0,4.242640687119285,2.6261287970151317,3.448276229256072
272,20.8516259289474,0.10267779534904103,-3.469446951953614e-18,0.3851666716369511,1.3951179888800835,-7.28583859910259e-17,1.508458197480046,6.68445174275924,1.3877787807814457e-17,1.4607738480090793,4.9094332809866685,-3.469446951953614e-18,0.9803423895761304,3.8773396325944294,1.3877787807814457e-17,2.3865641186064095,8.96154287987778,0.3930236893262927,1.0669301175136263,0.48053560039991877,1.9404894072398378,3.9588608465390442,-0.8829247471709979,0.0,0.3608608973189016,-0.5220638498520963,1.0,0.00020758379544516086,0.0,4.242640687119285,1.7928545494330108,1.6071637177113223
274,21.067859964679613,0.1121601212580761,-1.734723475976807e-18,0.40234108563537024,1.5215660656378909,-5.724587470723463e-17,1.364890416833472,5.113605893973894,3.469446951953614e-17,1.4525823229439365,5.024057247104166,-1.0408340855860843e-17,0.9482943695448982,3.028571351400105,0.0,2.3138176312264047,7.1197983274143155,0.36738400026623075,1.0549977024646013,0.4496311056552779,1.87201280838611,3.767156962296413,-0.7150073269453507,0.0,0.3264223174977129,-0.38858500944763785,1.0,0.00020758379544516086,0.0,4.242640687119285,1.7928545494330108,1.6071637177113223
276,21.283570163417924,0.10448610126431877,-6.938893903907228e-18,0.4052088619879384,1.6575642350879782,-7.112366251504909e-17,1.2309337560657525,4.589006426498305,0.0,1.4374076735686911,4.46776646485755,-6.938893903907228e-18,0.9325027146924799,3.2443677321404634,-1.3877787807814457e-17,2.24668376189688,7.732029702503803,0.3492720733163095,1.0330704100170784,0.4347806564544223,1.8171231397878103,3.614752536254433,-0.5763003468191072,0.0,0.256250774144387,-0.32004957267472023,1.0,0.00020758379544516086,0.0,4.242640687119285,1.7928545494330108,1.6071637177113223
278,21.50267131135034,0.11293379894102425,-6.938893903907228e-18,0.3872396023409113,1.5431286388142258,-7.37257477290143e-17,1.2516401230921987,4.416968408355947,2.7755575615628914e-17,1.4204316476688374,5.326978127790132,-3.469446951953614e-18,0.9264471324679903,3.1156245121286728,1.3877787807814457e-17,2.165092215865003,7.626331103881704,0.3376295820412486,1.0088130328496043,0.42915214462908086,1.775594759519934,3.470405466012805,-0.4776076070575689,0.0,0.14408768379007714,-0.33351992326749175,1.0,0.00020758379544516086,0.0,4.242640687119285,1.7928545494330108,1.6071637177113223
280,21.75667486308777,0.1282097615658579,-8.673617379884035e-18,0.3816757098400362,1.4456627890357812,-8.066464163292153e-17,1.2127286348341555,4.600718567998446,2.7755575615628914e-17,1.4169017745165415,5.624411572791592,-2.42861286636753e-17,0.9125978411877218,2.9677862390360596,0.0,2.103295259559008,7.608050412095001,0.32234533499916146,1.0038053193140621,0.4164174098702451,1.7425680641834687,3.3534252302522294,-0.41743536591899666,0.0,0.23794297410457604,-0.17949239181442062,1.0,0.0002797800441150881,0.0,4.242640687119285,1.2690862570944772,0.8052899639730347
282,22.027833680869144,0.13625614665273642,-5.204170427930421e-18,0.3629982624888941,1.206089019789156,-6.765421556309548e-17,1.1229548311847928,4.0469742241668,8.326672684688674e-17,1.4153872885286942,4.461039176503897,-1.3877787807814457e-17,0.8873364726628956,3.169021642836092,-2.7755575615628914e-17,2.0577006351959124,7.7109908452648055,0.2973077852630621,1.0016605882643044,0.3936830078589148,1.6926513813862814,3.229550003348324,-0.4639001051900041,0.0,0.31692660971173536,-0.1469734954782687,1.0,0.0002797800441150881,0.0,4.242640687119285,1.2690862570944772,0.8052899639730347
284,22.298831855561236,0.13429611718498527,-1.734723475976807e-18,0.3422757920011608,1.1270758034954627,-6.505213034913027e-17,1.0739556159552426,3.676173227150822,5.551115123125783e-17,1.411397508482481,4.461272240302474,-6.938893903907228e-18,0.8736324779533818,3.9483361779077404,-2.7755575615628914e-17,2.021803924430828,8.125361127600275,0.27522089549701323,0.9960214634752774,0.38161685326748307,1.6528592122397736,3.138152664895109,-0.37652224604550794,0.0,0.2915219721178474,-0.08500027392766052,1.0,0.0002797800441150881,0.0,4.242640687119285,1.2690862570944772,0.8052899639730347
286,22.574834103603767,0.1420565842536428,0.0,0.3460877713841217,1.16708724740269,-6.591949208711867e-17,0.9936047904608124,3.6135904094315023,5.551115123125783e-17,1.398791480188544,4.658546768992532,-6.938893903907228e-18,0.8676517526677086,3.907555049647288,-2.7755575615628914e-17,2.004720127028955,7.816160699792308,0.24951561465780625,0.9783088025240289,0.37640978195367325,1.6042341991355085,3.065747733772229,-0.3270505624460125,0.0,0.2680668839702414,-0.05898367847577107,1.0,0.0002797800441150881,0.0,4.242640687119285,1.2690862570944772,0.8052899639730347
288,22.842566026269076,0.1338857532937747,-5.204170427930421e-18,0.3295134861267076,1.2150475644686294,-5.551115123125783e-17,0.9393864423554091,3.0549821962050685,1.3877787807814457e-17,1.3834293697557034,4.322176307026479,0.0,0.8677179467073723,3.2571155616459944,-6.938893903907228e-17,1.9566786822586528,6.876336000459991,0.23007483269390988,0.9569384105513312,0.3764672175190291,1.5634804607642703,2.973667373996773,-0.2816890786116944,0.0,0.1235748029558852,-0.1581142756558092,1.0,0.0002797800441150881,0.0,4.242640687119285,1.2690862570944772,0.8052899639730347
290,23.13591263533595,0.1507128342078886,-6.938893903907228e-18,0.33059711291043636,1.0933963900308732,-6.245004513516506e-17,0.8875925150464612,3.0261091164796703,4.163336342344337e-17,1.397818748487233,4.8281908617863305,-1.3877787807814457e-17,0.8522233653605791,3.104306818219271,-2.7755575615628914e-17,1.8627934850541832,7.068298329277708,0.2201581558815279,0.9769486268112073,0.36314233223325554,1.5602491149259907,2.8602913305085287,-0.2391162766933714,0.0,0.026478629363149608,-0.2126376473302218,1.0,0.00033450791425636354,0.0,4.242640687119285,0.9396071487928731,0.44143079703133614
291,23.281804553048474,0.14589191771252533,-5.204170427930421e-18,0.3307548761530136,1.030338632489662,-6.418476861114186e-17,0.8803105410049182,2.9583794435063897,5.551115123125783e-17,1.414274553829549,4.81716348322944,-1.3877787807814457e-17,0.8343880734243638,3.1830599733352956,-1.3877787807814457e-17,1.7999090700860974,6.809338736507023,0.21645044607812605,1.000086256804885,0.34810172853641075,1.5646384314194217,2.787451778311946,-0.25671707196919746,0.0,-0.04911108627192676,-0.3058281582411242,1.0,0.00033450791425636354,0.0,4.242640687119285,0.9396071487928731,0.44143079703133614
293,23.585846688053735,0.15231741295609494,0.0,0.3182484423775223,0.9850734899726985,-6.071532165918825e-17,0.8703964997805452,2.8461837332390023,2.7755575615628914e-17,1.4326072640083845,4.650663653325568,-1.3877787807814457e-17,0.8147587874359626,2.8814121653355897,-2.7755575615628914e-17,1.704887504163864,6.198325416261012,0.20811575936788917,1.0261817864447946,0.33191594085206005,1.5662134866647437,2.6829226060174074,-0.2322742647511064,0.0,0.056984745457557315,-0.17528951929354908,1.0,0.00033450791425636354,0.0,4.242640687119285,0.9396071487928731,0.44143079703133614
294,23.7520039623731,0.16615727431936367,-6.938893903907228e-18,0.31679314893127786,1.212084135586317,-6.938893903907228e-17,0.8519408026033135,3.1328376993772156,2.7755575615628914e-17,1.4281511641225306,4.681392202650185,0.0,0.8229424496861829,2.6610379823097805,-1.3877787807814457e-17,1.6925814539597392,5.519603730489738,0.20372616070771105,1.0198078737922693,0.33861713774774793,1.5621511722477281,2.6742729441333615,-0.21335367498603508,0.0,0.2998208907876097,0.08646721580157463,1.0,0.00033450791425636354,0.0,4.242640687119285,0.9396071487928731,0.44143079703133614
296,24.057279732726847,0.15207962012255577,-3.469446951953614e-18,0.32883265663335526,1.246465141763343,-5.551115123125783e-17,0.7970428115315505,2.9703260033516354,4.163336342344337e-17,1.4340583559582103,4.775480501535016,0.0,0.8308390887604923,2.638990547031626,-4.163336342344337e-17,1.7078657964658672,5.772391730498802,0.1967881212555313,1.0282616841467824,0.34514679570618256,1.5701966011084965,2.702880903073936,-0.2012112992537104,0.0,0.4236864895563959,0.22247519030268548,1.0,0.00033450791425636354,0.0,4.242640687119285,0.9396071487928731,0.44143079703133614
298,24.36339891107118,0.1540503092748908,-5.204170427930421e-18,0.32876129150129313,1.0321840051121711,-6.331740687315346e-17,0.740331295385355,2.522653042053239,4.163336342344337e-17,1.4791612418155824,4.562149772098071,0.0,0.8035616294165393,2.831844165841294,-2.7755575615628914e-17,1.748405170581692,5.915886040247393,0.18766240650665272,1.0939589896447077,0.32285564613528184,1.6044770422866423,2.7527012613614583,-0.18992389416611832,0.0,0.4762876352653997,0.28636374109928137,1.0,0.00033450791425636354,0.0,4.242640687119285,0.9396071487928731,0.44143079703133614
299,24.515779887070376,0.152380975999197,-1.0408340855860843e-17,0.32436998496145464,1.0311545668480797,-5.811323644522304e-17,0.7296079374970862,2.4721166937465693,2.7755575615628914e-17,1.49270124561633,4.3460048147726,-1.3877787807814457e-17,0.7993933006327427,2.625039532737307,-2.7755575615628914e-17,1.7797150221052813,6.549751195282797,0.18230407815531857,1.1140785043322714,0.31951482454825525,1.6158974070358454,2.7906063327590447,-0.1813739878582143,0.0,0.5368847309234202,0.35551074306520586,1.0,0.00033450791425636354,0.0,4.242640687119285,0.9396071487928731,0.44143079703133614
301,24.854711983303982,0.1689404105137678,-6.938893903907228e-18,0.31538154999707224,1.188753418745359,-6.418476861114186e-17,0.702248754752866,2.4532719724071947,2.7755575615628914e-17,1.4745738501379584,4.876043170380482,0.0,0.8334858317014017,2.6616761394923545,-2.7755575615628914e-17,1.8438905861246049,7.3898612203354155,0.16821758545005075,1.0871840197553408,0.3473493158234886,1.6027509210288802,2.8680820101240823,-0.1796862510936347,0.0,0.510317346150849,0.33063109505721433,1.0,0.00036400510395088586,0.0,4.242640687119285,0.7016055879978546,0.2461252005549076
302,25.022843426915536,0.1681314436115534,-8.673617379884035e-18,0.3121914405765442,1.0887661109461308,-7.28583859910259e-17,0.688760138467268,2.1795328506513965,1.3877787807814457e-17,1.4680593120955925,4.7215391204398935,-1.3877787807814457e-17,0.8465668772718254,2.656647560373325,0.0,1.8542041245710643,7.426576713156464,0.16239608362596,1.0775990719152921,0.358337738846885,1.598332894388137,2.8849503258406353,-0.1754553265718346,0.0,0.37112497467293526,0.19566964810110066,1.0,0.00036400510395088586,0.0,4.242640687119285,0.7016055879978546,0.2461252005549076
304,25.35922056478997,0.16514893226733238,-6.938893903907228e-18,0.30399066723551477,0.9660675970072152,-6.938893903907228e-17,0.654875179524656,2.271138312190378,4.163336342344337e-17,1.490884088656941,5.000591629204132,0.0,0.8390217263861725,2.704477160444503,-5.551115123125783e-17,1.805485887458753,7.101411700044128,0.15691454497722876,1.1113676829052186,0.3519787286740167,1.6202609565564638,2.852380093479914,-0.1650718377733894,0.0,0.16017848725400302,-0.004893350519386386,1.0,0.00036400510395088586,0.0,4.242640687119285,0.7016055879978546,0.2461252005549076
305,25.51046337309899,0.15124280830901915,-6.938893903907228e-18,0.30314449528241144,0.9959863417995345,-6.245004513516506e-17,0.6239732127788353,2.3588048398478114,2.7755575615628914e-17,1.4992507263031782,4.813282855632407,-4.163336342344337e-17,0.8360484687501468,2.7827294445817516,-5.551115123125783e-17,1.7619076135010916,6.895338257997359,0.1559727377000554,1.1238763701603038,0.34948852104973255,1.6293376289100918,2.8169921283583643,-0.1565444159411912,0.0,0.008832483982721545,-0.14771193195846966,1.0,0.00036400510395088586,0.0,4.242640687119285,0.7016055879978546,0.2461252005549076
307,25.808721373246456,0.15124423454793473,-1.0408340855860843e-17,0.3136037821920576,1.0039344368239387,-6.548581121812447e-17,0.5785019811894329,2.175369007941759,2.7755575615628914e-17,1.4969184850850052,4.589928113916669,2.7755575615628914e-17,0.8463431930501029,2.817938197641806,-2.7755575615628914e-17,1.6876287282166074,6.432328803343637,0.15183613117105893,1.1203824754945935,0.3581484002111218,1.6303670068767744,2.757499902649437,-0.1486803241811573,0.0,0.023099998726943145,-0.12558032545421413,1.0,0.00036400510395088586,0.0,4.242640687119285,0.7016055879978546,0.2461252005549076
309,26.11212887682097,0.15612948887977432,-5.204170427930421e-18,0.301049798536304,0.9288782654521865,-6.461844948013606e-17,0.6150093839820865,2.1746810737494533,1.3877787807814457e-17,1.5022825636047528,4.306746567956365,0.0,0.8498208891280324,2.998334224982213,-2.7755575615628914e-17,1.6312387460479143,5.69270301421341,0.14523506261303715,1.1284264504554338,0.36109777179917985,1.6347592848676509,2.714310815250983,-0.13632541485559083,0.0,0.0627548930189921,-0.07357052183659872,1.0,0.00036400510395088586,0.0,4.242640687119285,0.7016055879978546,0.2461252005549076
310,26.279637409135887,0.1675085323149143,-5.204170427930421e-18,0.28687664054037676,0.8230973129238395,-6.288372600415926e-17,0.6402619541496063,2.153321973512397,2.7755575615628914e-17,1.5159164993577383,4.338070484757659,0.0,0.8433802481156881,3.0068260113418814,-2.7755575615628914e-17,1.6055690066823365,5.576913632516799,0.1418958311650267,1.1490014165125098,0.3556451214558398,1.6465423691333763,2.6982074860983203,-0.12877408232960888,0.0,0.10699070236588813,-0.021783379963720748,1.0,0.0003699847572353759,0.0,4.242640687119285,0.5428383615276464,0.1473367433730099
312,26.667317690553755,0.19634954084936207,-6.938893903907228e-18,0.28265775430635426,0.9888591224264403,-6.765421556309548e-17,0.6015656987158668,2.181475562411351,5.551115123125783e-17,1.549183203590737,4.842916294354635,2.7755575615628914e-17,0.8326487138334682,2.9596700629574455,-4.163336342344337e-17,1.6006281643750002,5.44571438157409,0.1338641316986887,1.199984299143829,0.3466519403242644,1.680500371166782,2.718895152050476,-0.12770477063068106,0.0,0.25061056907929175,0.12290579844861069,1.0,0.0003699847572353759,0.0,4.242640687119285,0.5428383615276464,0.1473367433730099
313,26.856246069348906,0.18892837879515037,-6.938893903907228e-18,0.2792986216250713,0.9260298474309009,-6.158268339717665e-17,0.5795723414555034,1.831848892567766,4.163336342344337e-17,1.5543157004778232,4.864162716312033,-2.7755575615628914e-17,0.8386755575566711,3.359786316597579,0.0,1.606986718480647,5.533905725730387,0.1304581816262451,1.2079486483759332,0.3516883454214966,1.6900951754236748,2.739033225455935,-0.12571133233209164,0.0,0.3085560931079351,0.18284476077584344,1.0,0.0003699847572353759,0.0,4.242640687119285,0.5428383615276464,0.1473367433730099
314,27.040550258768796,0.18430418941989066,-5.204170427930421e-18,0.2808786656066468,0.9010974838912555,-6.808789643208968e-17,0.5683476663041983,2.294972915925274,1.3877787807814457e-17,1.5521133850168845,4.599601880994083,0.0,0.8522389669127997,3.6332876379558146,-2.7755575615628914e-17,1.6112800127288784,5.594432463898741,0.12863743700914165,1.2045279799742858,0.36315562836229787,1.6963210453457254,2.760456959151308,-0.12478999880713981,0.0,0.31998855612062505,0.19519855731348523,1.0,0.0003699847572353759,0.0,4.242640687119285,0.5428383615276464,0.1473367433730099
316,27.411183369227786,0.18055209830039007,1.734723475976807e-18,0.30522693566478454,0.9451173328307271,-6.201636426617085e-17,0.5375950479731333,2.161970302544417,1.3877787807814457e-17,1.5542628251009563,4.680994449891615,0.0,0.8779699258916119,3.6638307782247006,-2.7755575615628914e-17,1.6356694606084652,5.803328642354897,0.12841081059401976,1.2078664647454027,0.3854155953850612,1.7216928707244836,2.829470403888685,-0.12538819680496466,0.0,0.3780065376904735,0.25261834088550883,1.0,0.0003699847572353759,0.0,4.242640687119285,0.5428383615276464,0.1473367433730099
317,27.607532910077147,0.19634954084936207,-8.673617379884035e-18,0.30368533922149776,1.0149777443704218,-6.808789643208968e-17,0.5279558929642222,1.980702899086219,4.163336342344337e-17,1.5700666301480208,5.041806019887994,0.0,0.8771505656873504,3.4629676610234563,-2.7755575615628914e-17,1.6412032340183746,5.698874720071979,0.12844428973765454,1.232554611552181,0.3846965574428194,1.745695458732655,2.8576499911206144,-0.12604202203613543,0.0,0.34190316716810104,0.2158611451319656,1.0,0.0003699847572353759,0.0,4.242640687119285,0.5428383615276464,0.1473367433730099
318,27.80388245092651,0.19634954084936207,-5.204170427930421e-18,0.2960115472860986,1.0228351307136792,-6.158268339717665e-17,0.5253867864139349,1.8154661101252338,2.7755575615628914e-17,1.5885458738560942,5.151592256462059,-2.7755575615628914e-17,0.8727665258067713,3.300506321530192,-1.3877787807814457e-17,1.6366914878085705,5.587836824320483,0.12834904588790302,1.261738996672611,0.38086070428441077,1.7709487468449248,2.875074388220894,-0.125056665009648,0.0,0.2889750043264684,0.1639183393168204,1.0,0.0003699847572353759,0.0,4.242640687119285,0.5428383615276464,0.1473367433730099
319,28.00023199177587,0.19634954084936207,-5.204170427930421e-18,0.28953180310451093,1.072811597515664,-6.396792817664476e-17,0.5257121537183214,1.8649858046716905,2.7755575615628914e-17,1.598310800074627,4.852159202971574,-2.7755575615628914e-17,0.8771225823253155,3.2765126384575276,-2.7755575615628914e-17,1.6325429904883786,5.7007710836637395,0.12796080196132617,1.277298706817597,0.38467201221251496,1.789931520991438,2.894206619467992,-0.12287021161307611,0.0,0.2886417208839672,0.16577150927089113,1.0,0.0003699847572353759,0.0,4.242640687119285,0.5428383615276464,0.1473367433730099
321,28.381516031556625,0.1849344989313943,-3.469446951953614e-18,0.27618632715393693,0.99236622132139,-6.245004513516506e-17,0.5313471975802815,2.0665565781139876,2.7755575615628914e-17,1.6011492828469338,4.398138949013056,0.0,0.9027024644987396,3.359140572837808,-4.163336342344337e-17,1.6552679399248105,5.846107151780704,0.1230296782438027,1.281839512980625,0.407435869706049,1.8123050609304767,2.9595171579311157,-0.11875605303559536,0.0,0.34740436440972244,0.22864831137412708,1.0,0.00036669292495518184,0.0,4.242640687119285,0.48636082591672025,0.11827342649319714
322,28.564103481677108,0.18258745012048178,-1.0408340855860843e-17,0.27623611565554096,0.9039105441661359,-6.635317295611287e-17,0.5184577694586378,2.037124028404557,0.0,1.6139779636763016,4.414578118257916,0.0,0.9045619585663042,3.5761197760927126,-1.3877787807814457e-17,1.676676005777495,6.510378822267378,0.11837742335307405,1.3024624336163506,0.40911616844265414,1.8299560254120788,2.998107649509226,-0.11561031677177185,0.0,0.3726415119546789,0.257031195182907,1.0,0.00036669292495518184,0.0,4.242640687119285,0.48636082591672025,0.11827342649319714
323,28.752255649866065,0.18815216818895703,-5.204170427930421e-18,0.2749413612943287,0.9196803003438185,-6.505213034913027e-17,0.5001786322669518,2.1208883124700306,4.163336342344337e-17,1.633050655030257,4.530004031529107,0.0,0.9009012508853833,3.80177248235612,-2.7755575615628914e-17,1.690122831336297,6.798345626534005,0.1136570268200584,1.3334272209473756,0.4058115319234242,1.852895779690858,3.0299664115654212,-0.11412926656551751,0.0,0.33102341365581067,0.21689414709029314,1.0,0.00036669292495518184,0.0,4.242640687119285,0.48636082591672025,0.11827342649319714
325,29.135317220308732,0.19261784998233847,0.0,0.27160163633887224,0.8053796395205132,-6.331740687315346e-17,0.47981749076271485,1.719905432576529,1.3877787807814457e-17,1.6456721309517484,4.4850093853311,0.0,0.9172583659103081,3.6943096233516863,-1.3877787807814457e-17,1.6859326428486554,6.369767794740405,0.1060510813963533,1.3541183812956339,0.42068145491622433,1.8808509176082115,3.0689719691045525,-0.11240601587104082,0.0,0.26293829394881624,0.15053227807777542,1.0,0.00036669292495518184,0.0,4.242640687119285,0.48636082591672025,0.11827342649319714
326,29.331666761158093,0.19634954084936207,-3.469446951953614e-18,0.27797278865674163,0.7593100124723233,-6.591949208711867e-17,0.4741828289149069,1.6252161418327629,6.938893903907228e-17,1.6425300196573311,4.599850578011805,0.0,0.9349832097323544,3.657193251872115,-6.938893903907228e-17,1.6708373137483536,6.080278138699262,0.10377643752147123,1.3489524327377564,0.4370968012407079,1.8898256714999355,3.0806807515743726,-0.11107946204186263,0.0,0.2183624872618606,0.10728302521999798,1.0,0.00036669292495518184,0.0,4.242640687119285,0.48636082591672025,0.11827342649319714
327,29.528016302007455,0.19634954084936207,-6.938893903907228e-18,0.2816511300173999,0.8137107347813901,-6.678685382510707e-17,0.47094132302872377,1.677010897399916,1.3877787807814457e-17,1.6481602034782532,4.653790481725409,2.7755575615628914e-17,0.945646675257279,3.6135568701453558,-4.163336342344337e-17,1.6446936826121907,6.224141794511065,0.10327553196511904,1.3582160281647389,0.4471238172125728,1.9086153773424308,3.0860938681536045,-0.10977211820762661,0.0,0.18874722331151778,0.07897510510389116,1.0,0.00036669292495518184,0.0,4.242640687119285,0.48636082591672025,0.11827342649319714
329,29.920715383706177,0.19634954084936207,-3.469446951953614e-18,0.2793225371957822,0.8297496301516532,-6.505213034913027e-17,0.4503138734459961,1.79187531824022,0.0,1.6775175958565582,4.409490575420487,2.7755575615628914e-17,0.9517770366183356,3.9106638430777374,-1.3877787807814457e-17,1.602534841735001,5.310455620638132,0.10258336720376139,1.4070326422041832,0.4529397637169903,1.962555773124935,3.108887374965074,-0.10786944676761762,0.0,0.21412351567299492,0.10625406890537731,1.0,0.00036669292495518184,0.0,4.242640687119285,0.48636082591672025,0.11827342649319714
330,30.11706492455554,0.19634954084936207,-6.938893903907228e-18,0.28038856001909684,0.8436619614457717,-6.331740687315346e-17,0.44282989186744903,1.52542362749772,2.7755575615628914e-17,1.6852194396757152,4.336918658258812,2.7755575615628914e-17,0.9601749064980155,3.7632275467949805,-4.163336342344337e-17,1.6019041311087243,5.74804471804775,0.1004377021431304,1.4199822799304658,0.4609679255342363,1.9813879076078325,3.1352019813631316,-0.1069847666330856,0.0,0.2826647251808056,0.17567995854772,1.0,0.0003592585894544303,0.0,4.242640687119285,0.45499533305933937,0.10351037655288958
331,30.30777988258522,0.19071495802967883,-6.071532165918825e-18,0.27975153845112966,0.7894218665230153,-6.245004513516506e-17,0.4464512162030743,1.7910223365886884,5.551115123125783e-17,1.688865338651102,4.3572533219813,-2.7755575615628914e-17,0.9709665176475144,3.692926563375913,-1.3877787807814457e-17,1.606276618847948,6.156279561306189,0.09802151267093906,1.4261330660485507,0.47138798919627023,1.9955425679157601,3.16356419270158,-0.10509516849506577,0.0,0.2962052911901155,0.19111012269504973,1.0,0.0003592585894544303,0.0,4.242640687119285,0.45499533305933937,0.10351037655288958
332,30.50412942343458,0.19634954084936207,-3.469446951953614e-18,0.2772380242411178,0.7716474891195623,-6.245004513516506e-17,0.44735503170762886,1.8318507767210506,4.163336342344337e-17,1.6952135985078554,4.398199748954342,0.0,0.9789015495938026,3.7160004304518424,-5.551115123125783e-17,1.6081938650811847,6.538012517794046,0.09619816162427271,1.436874572282976,0.4791241218985739,2.0121968558058225,3.1896186047792816,-0.10605578116026965,0.0,0.2842497726779183,0.17819399151764864,1.0,0.0003592585894544303,0.0,4.242640687119285,0.45499533305933937,0.10351037655288958
334,30.896828505133303,0.19634954084936207,1.734723475976807e-18,0.2777304915228913,0.8592881928304107,-6.852157730108388e-17,0.42023300007783865,1.548473717495546,2.7755575615628914e-17,1.7222776063827636,4.449591670050726,0.0,0.9789650942181625,3.680860235895493,-2.7755575615628914e-17,1.591385630031907,6.439073635893218,0.09565596818813896,1.4831200767237709,0.4791863278487879,2.0579623727606977,3.2209259209469385,-0.10826544893532596,0.0,0.2372944865887249,0.12902903765339896,1.0,0.0003592585894544303,0.0,4.242640687119285,0.45499533305933937,0.10351037655288958
335,31.093178045982665,0.19634954084936207,-8.673617379884035e-18,0.28010961907816806,0.8607424323972259,-6.765421556309548e-17,0.41656118941746584,1.4447233575003098,0.0,1.7351688137127887,4.487798563540105,0.0,0.9773655742284354,3.5509490330392994,-2.7755575615628914e-17,1.5731282462040113,5.898373784686045,0.09580163954447665,1.5054054060407231,0.47762173284343945,2.0788287784286394,3.2246282806034037,-0.11035013549169176,0.0,0.18435723404432025,0.07400709855262849,1.0,0.0003592585894544303,0.0,4.242640687119285,0.45499533305933937,0.10351037655288958
336,31.289527586832026,0.19634954084936207,-3.469446951953614e-18,0.28244039496196494,0.9350012317651024,-6.591949208711867e-17,0.4225673137542134,1.4620230392190394,2.7755575615628914e-17,1.7420619601667662,4.644590336769541,0.0,0.98102160394386,3.9081186993042683,-4.163336342344337e-17,1.555829800645991,5.285696003502431,0.09596211597795033,1.5173899365300376,0.48120169370229166,2.0945537462102797,3.22931915942867,-0.11150186289788522,0.0,0.18694172312925258,0.07543986023136737,1.0,0.0003592585894544303,0.0,4.242640687119285,0.45499533305933937,0.10351037655288958
338,31.681649388767614,0.19577226108622794,-5.204170427930421e-18,0.2800388692242309,0.9055504587811194,-6.245004513516506e-17,0.44455461417194564,1.5627290263084403,8.326672684688674e-17,1.7405234638582763,4.444046643121757,2.7755575615628914e-17,1.005081233559979,4.165521137287625,0.0,1.5346596299197703,5.561804751630852,0.09800952840951908,1.5147109641206062,0.5050941430272247,2.11781463555735,3.258807427105056,-0.11350149804519433,0.0,0.23322597522463304,0.11972447717943871,1.0,0.0003592585894544303,0.0,4.242640687119285,0.45499533305933937,0.10351037655288958
339,31.86621118179576,0.18456179302814318,-5.204170427930421e-18,0.2777998911671889,0.8808363176757281,-6.765421556309548e-17,0.4431417951260425,1.4499259960535782,2.7755575615628914e-17,1.7427557909509206,4.590433448611167,0.0,1.0141196973693962,4.053899082977572,-5.551115123125783e-17,1.5306847535406019,5.721723886455214,0.09901124223980233,1.5185988734464844,0.5142193802962978,2.1318294959825845,3.2786577462537285,-0.1158053323752833,0.0,0.26606962385589195,0.15026429148060866,1.0,0.0003592585894544303,0.0,4.242640687119285,0.45499533305933937,0.10351037655288958
340,32.05905847934776,0.19284729755200283,-8.673617379884035e-18,0.2732927886043982,0.8320201640918925,-6.418476861114186e-17,0.43431457220006675,1.3211423589027012,5.551115123125783e-17,1.751947672123346,4.724801231570813,-5.551115123125783e-17,1.0167800709979362,3.6302070095882675,0.0,1.5323363111600607,5.714633297902992,0.09902225613175812,1.5346603229292055,0.516920856389284,2.1506034354502477,3.301499025874429,-0.11733330574750293,0.0,0.28270366384485257,0.16537035809734962,1.0,0.00035897282175666244,0.0,4.242640687119285,0.49188147376302377,0.12097369211564211
341,32.25540802019712,0.19634954084936207,-6.938893903907228e-18,0.265118943051052,0.7888924827988999,-6.418476861114186e-17,0.42738800538243793,1.342137648539949,2.7755575615628914e-17,1.764357816420414,4.918427321021608,-5.551115123125783e-17,1.0162412402171235,3.5500495614414236,-2.7755575615628914e-17,1.5475822905168508,5.501229362524091,0.0973438567972435,1.5564792521819055,0.5163731291590186,2.1701962381381676,3.333222322695959,-0.11851364916271576,0.0,0.3289142915655656,0.21040064240284986,1.0,0.00035897282175666244,0.0,4.242640687119285,0.49188147376302377,0.12097369211564211
343,32.648107101895846,0.19634954084936207,-5.204170427930421e-18,0.25606024411167555,0.7478007395293148,-6.418476861114186e-17,0.4110795604962115,1.4954880489256914,4.163336342344337e-17,1.7783608014272894,4.577116590777828,0.0,1.0262878736861547,3.8059203825397625,-2.7755575615628914e-17,1.6392700345324018,5.222621080951774,0.0893484135690559,1.5812835700265555,0.5266333998376244,2.1972653834332356,3.4494444697221422,-0.11913937837990643,0.0,0.4562917921636932,0.3371524137837868,1.0,0.00035897282175666244,0.0,4.242640687119285,0.49188147376302377,0.12097369211564211
344,32.84445664274521,0.19634954084936207,0.0,0.2525679889420429,0.7435937067838291,-6.765421556309548e-17,0.40195622160830263,1.5116107282919529,4.163336342344337e-17,1.7845269415310454,4.278509214966286,0.0,1.033622029903327,3.8810548467438934,-5.551115123125783e-17,1.6963393515352485,5.6198287913772775,0.08543976621424881,1.5922682025250734,0.5341872503507369,2.211895219090059,3.5230256122438925,-0.11855161583648008,0.0,0.5313275827936,0.41277596695711993,1.0,0.00035897282175666244,0.0,4.242640687119285,0.49188147376302377,0.12097369211564211
345,33.04080618359457,0.19634954084936207,-5.204170427930421e-18,0.24527487472077936,0.7876059568587486,-5.724587470723463e-17,0.4002360782351205,1.364156953057663,4.163336342344337e-17,1.7953275576938021,4.385823305532443,0.0,1.037426139676471,3.687664323643596,-1.3877787807814457e-17,1.743902340277156,5.949294479420644,0.08267953328598159,1.6116005197073964,0.5381264976420125,2.2324065506353903,3.591655798831921,-0.11763272375348079,0.0,0.5082828572400587,0.39065013348657796,1.0,0.00035897282175666244,0.0,4.242640687119285,0.49188147376302377,0.12097369211564211
347,33.43350526529329,0.19634954084936207,-8.673617379884035e-18,0.24810407145157168,0.9309487640997938,-6.245004513516506e-17,0.39460059819181503,1.3977231941011092,1.3877787807814457e-17,1.8136745233481104,4.463106534252722,0.0,1.0476981432779384,3.865346786590987,-4.163336342344337e-17,1.8007990081826173,6.079524321313704,0.07943446333947565,1.6447076383209975,0.5488356997140198,2.272977801374493,3.697390309413817,-0.11626788678425497,0.0,0.4259498073855429,0.3096819206012879,1.0,0.00035897282175666244,0.0,4.242640687119285,0.49188147376302377,0.12097369211564211
348,33.62985480614265,0.19634954084936207,-8.673617379884035e-18,0.25782317810005667,0.9666313927788802,-6.765421556309548e-17,0.3831026311845895,1.351196395346459,5.551115123125783e-17,1.8148089368197766,4.524962685140132,0.0,1.0592809454150847,3.9322623226122855,-2.7755575615628914e-17,1.8029287374108964,5.760424746757383,0.07924498584390254,1.646765738580464,0.5610380606597377,2.2870487850841044,3.725735894432994,-0.11547821737074833,0.0,0.30061790818726325,0.18513969081651493,1.0,0.00035897282175666244,0.0,4.242640687119285,0.49188147376302377,0.12097369211564211
349,33.826204346992014,0.19634954084936207,-1.734723475976807e-18,0.26535125172545115,0.9436929586981797,-6.591949208711867e-17,0.37492499693408765,1.2242077188550895,4.163336342344337e-17,1.816363957755151,4.457197294697007,0.0,1.0697810102647343,3.928898120057544,-2.7755575615628914e-17,1.7823469266835787,5.626326989594174,0.08022926191027241,1.6495890135159779,0.5722157049615177,2.302033980387768,3.7319750384550527,-0.11502515510438671,0.0,0.19012928023178566,0.07510412512739895,1.0,0.00035897282175666244,0.0,4.242640687119285,0.49188147376302377,0.12097369211564211
350,34.022553887841376,0.19634954084936207,0.0,0.27054475472327927,0.8757082289932782,-6.418476861114186e-17,0.3725549434278572,1.2470261190555099,0.0,1.823125446650379,4.624001499937249,5.551115123125783e-17,1.0747202635415551,3.8302607000136577,-2.7755575615628914e-17,1.742803636406008,5.741831397622748,0.08147945065424293,1.661893197112072,0.5775118224334148,2.3208844701997298,3.718484711702045,-0.11433747785291164,0.0,0.08912443754767199,-0.025213040305239645,1.0,0.00035863725028299103,0.0,4.242640687119285,0.4911475337224133,0.12061294994080457
352,34.4152529695401,0.19634954084936207,-1.734723475976807e-18,0.26833354679880916,0.7914187720701793,-6.418476861114186e-17,0.37236600136331804,1.168048037540712,5.551115123125783e-17,1.8426390595509645,4.848197450947553,-5.551115123125783e-17,1.0753436677802777,3.9006601894358646,1.3877787807814457e-17,1.6327528115176,5.894104179874912,0.08133895574127206,1.6976593518914311,0.5781820019175701,2.357180309550273,3.6551503822178724,-0.11322320095737774,0.0,-0.005954899010528288,-0.11917809996790603,1.0,0.00035863725028299103,0.0,4.242640687119285,0.4911475337224133,0.12061294994080457
353,34.61160251038946,0.19634954084936207,-5.204170427930421e-18,0.26164071824324314,0.7610177022964908,-5.898059818321144e-17,0.3697578661019588,1.0887463173127077,6.938893903907228e-17,1.8484666064368551,4.737054461525073,-5.551115123125783e-17,1.0780302179297494,3.7810779625607656,-2.7755575615628914e-17,1.5718481510882616,5.841608798894628,0.08039618221643768,1.708414397556092,0.5810745753848314,2.3698851551573608,3.618050515263681,-0.11265433123204428,0.0,-0.036231134304156976,-0.14888546553620124,1.0,0.00035863725028299103,0.0,4.242640687119285,0.4911475337224133,0.12061294994080457
354,34.80795205123882,0.19634954084936207,-5.204170427930421e-18,0.2581680250130532,0.7390036298620077,-6.245004513516506e-17,0.3605695714063859,1.0582822348729244,0.0,1.8530029694355732,4.65891400503209,0.0,1.0818953138668943,3.621502530283124,-2.7755575615628914e-17,1.5131600890919576,5.625263718037083,0.07946912737064146,1.7168100023685255,0.5852487350835729,2.38152786482274,3.5849830328159236,-0.11237589061389208,0.0,-0.018835449764647988,-0.13121134037854007,1.0,0.00035863725028299103,0.0,4.242640687119285,0.4911475337224133,0.12061294994080457
355,35.00430159208818,0.19634954084936207,-5.204170427930421e-18,0.2582864547113492,0.7498650988977867,-6.071532165918825e-17,0.3495490831496662,1.1712507146106554,2.7755575615628914e-17,1.8594297862922717,4.6572348359474836,0.0,1.0840467681412755,3.6884924509071837,-1.3877787807814457e-17,1.4602656143742652,5.2492759855179685,0.07853176146124713,1.7287395650754618,0.5875786977587723,2.394850024295481,3.558170151475693,-0.11179590519433003,0.0,0.011066190932764619,-0.1007297142615654,1.0,0.00035863725028299103,0.0,4.242640687119285,0.4911475337224133,0.12061294994080457
357,35.397000673786906,0.19634954084936207,-3.469446951953614e-18,0.2515199542947724,0.741989265817928,-6.591949208711867e-17,0.3621250947903203,1.5068007953269693,4.163336342344337e-17,1.8822622427541655,4.923607193164747,-5.551115123125783e-17,1.080124218210038,3.468703276947369,-1.3877787807814457e-17,1.3881860497823768,4.561052958573071,0.07697293888764288,1.7714555752489702,0.5833341633819226,2.4317626775185355,3.5354031782792665,-0.1099959072203056,0.0,0.08895119622997913,-0.021044710990326468,1.0,0.00035863725028299103,0.0,4.242640687119285,0.4911475337224133,0.12061294994080457
358,35.59335021463627,0.19634954084936207,-1.734723475976807e-18,0.24840247264087223,0.7964768706520144,-6.245004513516506e-17,0.36800347934659544,1.374381124935634,4.163336342344337e-17,1.8945790943331866,4.824696689576764,0.0,1.0790944922844383,3.38386478553384,-1.3877787807814457e-17,1.3877919086633965,4.4309613884525705,0.0762341839577149,1.794714972342179,0.5822224616393048,2.4531716179391987,3.5554050026514328,-0.10753335278391465,0.0,0.2423569873383817,0.13482363455446705,1.0,0.00035863725028299103,0.0,4.242640687119285,0.4911475337224133,0.12061294994080457
359,35.78969975548563,0.19634954084936207,3.469446951953614e-18,0.251429478890725,0.8308393191186683,-6.245004513516506e-17,0.35890997482081366,1.1849724430982023,2.7755575615628914e-17,1.9025282896530016,4.895640606033463,-5.551115123125783e-17,1.0839076581781106,3.7561086093724034,-4.163336342344337e-17,1.4194782389623732,4.45932953571802,0.07532457899556244,1.8098069464649875,0.5874279057285781,2.4725594311891284,3.60401532405739,-0.1054279114263365,0.0,0.3793233660091829,0.2738954545828464,1.0,0.00035863725028299103,0.0,4.242640687119285,0.4911475337224133,0.12061294994080457
361,36.18239883718435,0.19634954084936207,-3.469446951953614e-18,0.2583073293405591,0.694601339521915,-6.591949208711867e-17,0.34859416888292516,1.4122632731891187,4.163336342344337e-17,1.9057774649950197,4.592328042011602,0.0,1.108966617743217,4.259685398957405,-4.163336342344337e-17,1.5333146965527709,5.208078600054304,0.0744298907519069,1.8159938730414213,0.614903479634415,2.505327243427743,3.7550152919016315,-0.1008236346141025,0.0,0.5090462774911109,0.4082226428770084,1.0,0.00035174403126535107,0.0,4.242640687119285,0.4473973028715902,0.10008217330838669
362,36.37874837803371,0.19634954084936207,-3.469446951953614e-18,0.2566516513873739,0.6953161864150206,-6.591949208711867e-17,0.3571745476267093,1.3857649537432146,2.7755575615628914e-17,1.9095228528691417,4.598522361983868,0.0,1.1194829774189912,4.110638695949696,-4.163336342344337e-17,1.590362007356796,5.599329811651238,0.07416410564313994,1.823138762814753,0.6266210683654445,2.5239239368233375,3.8334428600886445,-0.09719066251359584,0.0,0.5259278713752767,0.4287372088616809,1.0,0.00035174403126535107,0.0,4.242640687119285,0.4473973028715902,0.10008217330838669
363,36.575097918883074,0.19634954084936207,0.0,0.25567197886409454,0.7768176677681117,-6.245004513516506e-17,0.36073163978644224,1.3836107732534457,4.163336342344337e-17,1.9179225226515426,4.6576326681152915,1.1102230246251565e-16,1.1249306560282597,3.726628906659888,-1.3877787807814457e-17,1.6418771455444325,5.685856370169331,0.07320063766019094,1.8392134014470285,0.6327344904360855,2.545148529543305,3.9057383714658953,-0.09668559451321194,0.0,0.49656747608428997,0.399881881571078,1.0,0.00035174403126535107,0.0,4.242640687119285,0.4473973028715902,0.10008217330838669
364,36.771447459732435,0.19634954084936207,-1.734723475976807e-18,0.25586534720605913,0.8263831066293987,-6.245004513516506e-17,0.35612773605748055,1.1515397637458231,4.163336342344337e-17,1.9280061985999954,4.69787638392499,-5.551115123125783e-17,1.1281484914950832,3.283003095529211,-1.3877787807814457e-17,1.6854267396154292,5.448317122702777,0.07172612026671431,1.8586039509200027,0.636359509431316,2.566689580618033,3.9700281795942365,-0.09695755608904215,0.0,0.45722972061446643,0.36027216452542427,1.0,0.00035174403126535107,0.0,4.242640687119285,0.4473973028715902,0.10008217330838669
366,37.16414654143116,0.19634954084936207,-1.734723475976807e-18,0.25137525469508476,0.8021095896634679,-6.591949208711867e-17,0.3369674698118726,1.2757463151489876,1.3877787807814457e-17,1.9436708639858364,4.5420202370729434,-5.551115123125783e-17,1.1376396834077795,3.685417971495197,-2.7755575615628914e-17,1.7395156653203312,5.8722480396525265,0.06928002891363624,1.8889282137537244,0.6471120246320764,2.605320267299437,4.0694292744031175,-0.09732528866249314,0.0,0.38621311521549,0.2888878265529969,1.0,0.00035174403126535107,0.0,4.242640687119285,0.4473973028715902,0.10008217330838669
367,37.36049608228052,0.19634954084936207,-5.204170427930421e-18,0.24814869060061084,0.7425129325462843,-6.418476861114186e-17,0.3260849486979316,1.1799159602425984,5.551115123125783e-17,1.952057790662228,4.534434806241226,-5.551115123125783e-17,1.1414739866482775,3.8775473942534835,0.0,1.751921918448263,6.1367635206541795,0.0680650053955434,1.9052648090425497,0.6514814310973559,2.624811245535449,4.104984886884454,-0.09681577198610443,0.0,0.31320349389952923,0.2163877219134248,1.0,0.00035174403126535107,0.0,4.242640687119285,0.4473973028715902,0.10008217330838669
368,37.55684562312988,0.19634954084936207,-1.734723475976807e-18,0.24559378101926432,0.7254413255858009,-6.591949208711867e-17,0.3187312209815505,0.9502599239351903,4.163336342344337e-17,1.9618363061784179,4.712489886933479,0.0,1.1435095083464195,3.795135401705034,-2.7755575615628914e-17,1.7531662111416346,6.2571712447510235,0.06674720682291793,1.924400846119889,0.6538069978393349,2.644955050782142,4.128631824871429,-0.09612435827627647,0.0,0.2510518675519883,0.1549275092757118,1.0,0.00035174403126535107,0.0,4.242640687119285,0.4473973028715902,0.10008217330838669
369,37.75319516397924,0.19634954084936207,-1.734723475976807e-18,0.2429534623939828,0.7143612336133032,-6.591949208711867e-17,0.32044758039611965,1.1930248170853364,2.7755575615628914e-17,1.9704271468638972,5.048663112322998,0.0,1.1459992384856745,3.4626365316064978,-2.7755575615628914e-17,1.7377956277094426,6.2423207161616965,0.06605822752832917,1.941291570549099,0.6566571273048727,2.664006925382301,4.136046136482408,-0.0956694369727367,0.0,0.1699595192809653,0.07429008230822862,1.0,0.00035174403126535107,0.0,4.242640687119285,0.4473973028715902,0.10008217330838669
371,38.145894245677965,0.19634954084936207,1.734723475976807e-18,0.2385337758653027,0.6684246885782358,-6.418476861114186e-17,0.34457234059795433,1.2040988824838381,-1.3877787807814457e-17,1.9810159377639331,5.0293596266530285,0.0,1.1563824719901017,3.637171554136528,-2.7755575615628914e-17,1.6589156242094296,5.662717067760834,0.06812077093526228,1.9622120728373578,0.6686102107629692,2.6989430545355892,4.110593548325022,-0.09566440854823055,0.0,0.06944167187231584,-0.02622273667591471,1.0,0.00034585774565919507,0.0,4.242640687119285,0.4443875140214058,0.09874013130906256
372,38.34224378652733,0.19634954084936207,-7.806255641895632e-18,0.23755454431641293,0.684782562794714,-6.678685382510707e-17,0.349960264052963,1.3228392977794323,8.326672684688674e-17,1.9871086493300119,4.799140142540181,-5.551115123125783e-17,1.1608295246768208,3.7241623747411317,-4.163336342344337e-17,1.6145528123477453,5.060188843310728,0.0692561435612429,1.974300392121072,0.6737625926807067,2.717319128363022,4.094912532685932,-0.09735658063964091,0.0,0.05266966882629244,-0.04468691181334847,1.0,0.00034585774565919507,0.0,4.242640687119285,0.4443875140214058,0.09874013130906256
373,38.53859332737669,0.19634954084936207,-3.469446951953614e-18,0.23780184611374428,0.6972944316497318,-6.505213034913027e-17,0.3431393062101831,1.3830819911290657,2.7755575615628914e-17,1.994837350787205,4.67457522179131,5.551115123125783e-17,1.1637602657493422,3.635588429003355,-1.3877787807814457e-17,1.5801571978988038,4.921497212044697,0.06936092094986836,1.989688028047857,0.6771689780684899,2.7362179270662152,4.087549033053984,-0.09925234359785715,0.0,0.09346313889329991,-0.005789204704557238,1.0,0.00034585774565919507,0.0,4.242640687119285,0.4443875140214058,0.09874013130906256
375,38.93129240907541,0.19634954084936207,-5.204170427930421e-18,0.24589264420331078,0.6792755638500074,-6.418476861114186e-17,0.31336940942948255,1.1855096710233841,2.7755575615628914e-17,2.0082651798547886,4.813593091035752,0.0,1.1725884687141903,3.6220302823032915,-2.7755575615628914e-17,1.5403599818649842,4.93672311255383,0.06867918194465503,2.0165645163085926,0.6874818584807446,2.772725556733992,4.100838811122133,-0.10082875451843629,0.0,0.16311383296619902,0.06228507844776274,1.0,0.00034585774565919507,0.0,4.242640687119285,0.4443875140214058,0.09874013130906256
376,39.12764194992477,0.19634954084936207,0.0,0.2519389161926551,0.691925227170292,-6.591949208711867e-17,0.30495662860203704,1.1878203849771356,2.7755575615628914e-17,2.0126121650326403,4.916448959058203,0.0,1.179538317462141,3.687441131671586,-1.3877787807814457e-17,1.5250708879819417,4.809559656226165,0.06890165416599699,2.025303863418685,0.6956553211807093,2.7898608387653914,4.1134932875560075,-0.10136969853695017,0.0,0.19409251992098758,0.09272282138403741,1.0,0.00034585774565919507,0.0,4.242640687119285,0.4443875140214058,0.09874013130906256
377,39.323991490774134,0.19634954084936207,-5.204170427930421e-18,0.25664472551419365,0.7643728514155728,-6.765421556309548e-17,0.3026813674611058,1.0015284112486467,0.0,2.016961679270725,4.853293997726127,0.0,1.1860350897627758,3.5948047092805058,-1.3877787807814457e-17,1.5080750354889665,4.783472374322116,0.06922526301005623,2.034067207823291,0.7033396170742979,2.806632087907645,4.124030089401506,-0.10157149645413016,0.0,0.1854181446778204,0.08384664822369023,1.0,0.00034585774565919507,0.0,4.242640687119285,0.4443875140214058,0.09874013130906256
378,39.520341031623495,0.19634954084936207,0.0,0.25910128530728416,0.8961375868764263,-6.418476861114186e-17,0.30488537449025677,0.955032179266282,1.3877787807814457e-17,2.023039172975575,4.750372772366014,0.0,1.1903225327653535,3.605405171630238,-2.7755575615628914e-17,1.4905163658433425,4.715142959904412,0.06918052022303038,2.046343747696849,0.7084338660044629,2.823958133924342,4.132234539877453,-0.10162912997614046,0.0,0.1757482866119821,0.07411915663584165,1.0,0.00034585774565919507,0.0,4.242640687119285,0.4443875140214058,0.09874013130906256
380,39.91304011332222,0.19634954084936207,-1.734723475976807e-18,0.25850741771834945,1.0165239558841794,-6.071532165918825e-17,0.3077997294314362,1.1621098170537398,4.163336342344337e-17,2.042593287206694,4.85727818253507,0.0,1.1913504854893733,3.294050589661926,-2.7755575615628914e-17,1.4786675045792415,4.982375006880449,0.06600962819567105,2.0860936684709244,0.7096579896378827,2.8617612863044783,4.161762824998982,-0.10106333742792373,0.0,0.20753242613337228,0.10646908870544855,1.0,0.00034156696962531143,0.0,4.242640687119285,0.4466533243935622,0.09974959609591036
381,40.10938965417158,0.19634954084936207,-5.204170427930421e-18,0.2552636671820458,1.0050200421872109,-6.331740687315346e-17,0.30181126570342637,1.0730331793963546,-1.3877787807814457e-17,2.053139545681991,4.883387062039202,5.551115123125783e-17,1.1915341315912993,3.322703830638504,-2.7755575615628914e-17,1.4914202241818222,5.466424878648136,0.06287029191512389,2.107690997021626,0.7098767933735158,2.8804380823102655,4.190885132660392,-0.09913127969364022,0.0,0.2745125488474228,0.1753812691537826,1.0,0.00034156696962531143,0.0,4.242640687119285,0.4466533243935622,0.09974959609591036
382,40.30573919502094,0.19634954084936207,-1.734723475976807e-18,0.2492952817867124,0.9546638142930419,-6.375108774214766e-17,0.29469803065804134,1.0266689397179765,4.163336342344337e-17,2.060714003437031,4.949247002887594,0.0,1.1948588454656994,3.6077133654760902,-1.3877787807814457e-17,1.510221969944711,5.7564139303346025,0.05978079716221227,2.123271101980737,0.7138438302938119,2.8968957294367614,4.226547567326568,-0.09891591269420599,0.0,0.30733164925993217,0.20841573656572618,1.0,0.00034156696962531143,0.0,4.242640687119285,0.4466533243935622,0.09974959609591036
383,40.5020887358703,0.19634954084936207,0.0,0.24193001182611462,0.8721666196927509,-6.418476861114186e-17,0.2918596072408675,1.1552091774827766,1.3877787807814457e-17,2.0647783755262608,5.132528852369111,0.0,1.2017719943376068,3.8929536727353753,-1.3877787807814457e-17,1.5287187135193043,5.857576627149038,0.05756261822526232,2.131654870020431,0.7221279631870945,2.911345451432788,4.264458258987194,-0.0986052736543049,0.0,0.31960091578055266,0.22099564212624778,1.0,0.00034156696962531143,0.0,4.242640687119285,0.4466533243935622,0.09974959609591036
385,40.894787817569025,0.19634954084936207,-1.734723475976807e-18,0.23049484090559902,0.9782977235948388,-5.984795992119984e-17,0.300183003656473,1.038748584404423,5.551115123125783e-17,2.0719485661908528,5.088582749326815,0.0,1.2169639066416238,3.8605958310185713,-2.7755575615628914e-17,1.5578267413598794,5.607826504840521,0.0561211637170073,2.1464854304701655,0.7405005750342215,2.943107169221394,4.338850266401519,-0.0976698603137141,0.0,0.31608043287994664,0.21841057256623253,1.0,0.00034156696962531143,0.0,4.242640687119285,0.4466533243935622,0.09974959609591036
386,41.091137358418386,0.19634954084936207,-5.204170427930421e-18,0.22629425838288322,0.98192948072945,-6.418476861114186e-17,0.304265594946696,0.9615130368903895,1.3877787807814457e-17,2.0785202675615615,4.959752020910613,-5.551115123125783e-17,1.221971133661878,3.5482929705382125,0.0,1.5706965396414492,5.577988898494679,0.056425931945111536,2.1601232513320925,0.7466067257514475,2.963155909028652,4.375876292083336,-0.0966306654739171,0.0,0.3157787515840943,0.2191480861101772,1.0,0.00034156696962531143,0.0,4.242640687119285,0.4466533243935622,0.09974959609591036
387,41.28748689926775,0.19634954084936207,-3.469446951953614e-18,0.22314807852439644,0.8900497896870605,-6.591949208711867e-17,0.3052075566785458,0.968139137932783,2.7755575615628914e-17,2.0860097498241355,5.081257032736646,0.0,1.2264277166783963,3.3909728315218417,0.0,1.5874022213007803,5.530076423976354,0.05699996866717574,2.1757183381806753,0.7520624721184923,2.984780778966343,4.417201620376312,-0.0962483614910895,0.0,0.33715907162192227,0.24091071013083276,1.0,0.00034156696962531143,0.0,4.242640687119285,0.4466533243935622,0.09974959609591036
389,41.68018598096647,0.19634954084936207,-3.469446951953614e-18,0.22744597988857942,0.6531933868904747,-6.158268339717665e-17,0.30371260434802144,1.2185582749937067,5.551115123125783e-17,2.1004295481004034,5.057688001383061,0.0,1.236951231016841,3.5396074032912503,-2.7755575615628914e-17,1.6412149121212556,5.614111625664702,0.0576239476363409,2.205902143266632,0.7650241739570391,3.028550264860012,4.52084276351473,-0.09642346407472528,0.0,0.38704644041015324,0.29062297633542794,1.0,0.00034156696962531143,0.0,4.242640687119285,0.4466533243935622,0.09974959609591036
390,41.87653552181583,0.19634954084936207,-1.734723475976807e-18,0.23458014919645465,0.7284005803293995,-6.505213034913027e-17,0.3022779951439208,1.1871796998513653,0.0,2.107799220358162,5.048427971412509,5.551115123125783e-17,1.2421473635278055,3.5482284591412663,-1.3877787807814457e-17,1.667788104261617,5.924846122226713,0.05789149777413592,2.221408776671238,0.771465036359539,3.0507653108049126,4.573239980557922,-0.09709301686337565,0.0,0.389628735167361,0.2925357183039854,1.0,0.00033837596606377387,0.0,4.242640687119285,0.4479972410550509,0.1003507639964687
391,42.07288506266519,0.19634954084936207,-6.938893903907228e-18,0.24115170491958193,0.7821589521467014,-6.375108774214766e-17,0.2982756710561657,1.0864707917554766,0.0,2.1150909163744083,5.118478314928241,0.0,1.2471893277255917,3.4144786207706237,-4.163336342344337e-17,1.682531378370605,6.095598722674515,0.0587817283709586,2.236804792264768,0.7777406095963065,3.0733271302320326,4.615413936412795,-0.09661727252976288,0.0,0.3390430069580291,0.2424257344282662,1.0,0.00033837596606377387,0.0,4.242640687119285,0.4479972410550509,0.1003507639964687
392,42.269234603514555,0.19634954084936207,-8.673617379884035e-18,0.24484168898478437,0.8538647179080857,-6.245004513516506e-17,0.2922101372905374,1.0236214960554024,5.551115123125783e-17,2.121721388873995,5.222632866997132,0.0,1.252339898971951,3.4075582677948066,0.0,1.682030888022492,6.3421959526105205,0.060177874580110924,2.250850826002698,0.7841776112785381,3.095206311861347,4.643275458370553,-0.09668614559835059,0.0,0.26840124061841586,0.17171509502006527,1.0,0.00033837596606377387,0.0,4.242640687119285,0.4479972410550509,0.1003507639964687
394,42.66193368521328,0.19634954084936207,-4.336808689942018e-18,0.24390075494306054,0.8044983535325252,-6.375108774214766e-17,0.2864900072991212,1.1273965936971506,6.938893903907228e-17,2.1345937682380023,5.211703099617069,-5.551115123125783e-17,1.2608014312450821,3.353771816745862,0.0,1.6518407050605746,6.216190105358557,0.06052319438047502,2.2782452777002566,0.7948101245148238,3.1335785965955556,4.665104704132033,-0.0955287445863035,0.0,0.18230224057295413,0.08677349598665063,1.0,0.00033837596606377387,0.0,4.242640687119285,0.4479972410550509,0.1003507639964687
395,42.85828322606264,0.19634954084936207,-9.540979117872439e-18,0.24144584897360036,0.6948702785770713,-6.461844948013606e-17,0.28546403093405887,1.1784860939486057,1.3877787807814457e-17,2.1419713260889353,5.085496218222502,5.551115123125783e-17,1.2632580506295643,3.3348243750447963,-4.163336342344337e-17,1.634721560197952,5.923488529057505,0.0581069122320089,2.2940205808935956,0.797910451240203,3.1500379443658075,4.669473332037537,-0.09323663665440089,0.0,0.14523475260574634,0.051998115951345444,1.0,0.00033837596606377387,0.0,4.242640687119285,0.4479972410550509,0.1003507639964687
396,43.054632766912,0.19634954084936207,-3.469446951953614e-18,0.2389141585583591,0.6990766974185174,-6.418476861114186e-17,0.28108044142012906,1.0111093777938542,1.3877787807814457e-17,2.1493769448503697,5.116450126088814,1.1102230246251565e-16,1.2656120289075345,3.452094770186434,-4.163336342344337e-17,1.6192256300942736,5.618723032848154,0.054669999944231606,2.3099106255271553,0.8008869038577231,3.16546752932911,4.674265176298466,-0.09135850386179388,0.0,0.14310186496073035,0.05174336109893647,1.0,0.00033837596606377387,0.0,4.242640687119285,0.4479972410550509,0.1003507639964687
397,43.25098230776136,0.19634954084936207,-5.204170427930421e-18,0.23675764543497882,0.7070740021340918,-6.591949208711867e-17,0.27443761512390363,0.8244778572956117,2.7755575615628914e-17,2.1559825151898493,5.127788375700019,0.0,1.2690471695613588,3.552927477228816,-1.3877787807814457e-17,1.6012265293083199,5.714835474189977,0.05168635455995376,2.324130302902174,0.8052403592858481,3.181057016747976,4.678557503537232,-0.08963999947659552,0.0,0.13759709635516487,0.04795709687856935,1.0,0.00033837596606377387,0.0,4.242640687119285,0.4479972410550509,0.1003507639964687
399,43.643681389460085,0.19634954084936207,-3.469446951953614e-18,0.23323507443729716,0.7045956372406503,-6.071532165918825e-17,0.26973322628888075,0.8101831944411835,2.7755575615628914e-17,2.1669123900989176,5.126780670373918,-5.551115123125783e-17,1.2798916570770418,3.6939145436621352,-2.7755575615628914e-17,1.544304054893267,5.658293221886897,0.05112906738244411,2.347754653182101,0.819061326927708,3.217945047492253,4.680922628189104,-0.08802162765858973,0.0,0.1222150843575158,0.03419345669892607,1.0,0.00033837596606377387,0.0,4.242640687119285,0.4479972410550509,0.1003507639964687
400,43.840030930309446,0.19634954084936207,-5.204170427930421e-18,0.23271279095230368,0.6565383103012277,-6.331740687315346e-17,0.2725867872605664,0.9157422097580121,1.3877787807814457e-17,2.1722133462395576,5.1540591471181525,5.551115123125783e-17,1.2863385940903913,3.7295087721956217,-2.7755575615628914e-17,1.515903220631842,5.371627974648743,0.05285336727072293,2.359255410790628,0.827333489323222,3.2394422673845726,4.687225651774732,-0.08761541508387417,0.0,0.1488254661131268,0.06121005102925263,1.0,0.0003281108370897229,0.0,4.242640687119285,0.39873660070847017,0.07949543837227299
401,44.03638047115881,0.19634954084936207,-8.673617379884035e-18,0.23427640375367212,0.6229099603714685,-6.591949208711867e-17,0.2753534193371395,0.9165746775993889,2.7755575615628914e-17,2.1782647357600085,5.318359620511596,0.0,1.2926849182918254,3.78070481265166,0.0,1.5025743545785502,5.001229940898002,0.054348796176879405,2.3724186295278096,0.8355171489895714,3.2622845746942604,4.707388740263861,-0.08563647855572004,0.0,0.21409103054287038,0.12845455198715033,1.0,0.0003281108370897229,0.0,4.242640687119285,0.39873660070847017,0.07949543837227299
403,44.42907955285753,0.19634954084936207,-1.734723475976807e-18,0.2376222440408457,0.689957637289345,-6.505213034913027e-17,0.2758309296027203,0.8462312303162721,0.0,2.19368823175174,5.504667769555447,0.0,1.3030505695411407,3.855271031904829,-2.7755575615628914e-17,1.5302744185690702,4.612568755662183,0.054969909965111564,2.406134029063038,0.8489703933907458,3.3100743324188953,4.791314470763905,-0.08800739043891154,0.0,0.3241042577284392,0.23609686728952767,1.0,0.0003281108370897229,0.0,4.242640687119285,0.39873660070847017,0.07949543837227299
404,44.62542909370689,0.19634954084936207,-3.469446951953614e-18,0.23595877947168847,0.6223921709474562,-6.418476861114186e-17,0.274147506330324,0.8618613004724286,4.163336342344337e-17,2.201867268938491,5.528192365791601,0.0,1.3079738030164287,3.8679239391905553,-4.163336342344337e-17,1.558968800601756,4.866804149354985,0.05487199651175981,2.4241097350113243,0.8553977346886297,3.334379466211714,4.845980805637756,-0.09125545433606021,0.0,0.39275711603754043,0.30150166170148024,1.0,0.0003281108370897229,0.0,4.242640687119285,0.39873660070847017,0.07949543837227299
405,44.82177863455625,0.19634954084936207,-1.734723475976807e-18,0.2339731249829909,0.6507888799737289,-6.418476861114186e-17,0.2716192274953308,1.093298397182052,5.551115123125783e-17,2.208631751353857,5.58210106282426,0.0,1.314154005610225,3.8572634060179136,-4.163336342344337e-17,1.589725177513045,5.240872340492482,0.055059693840447115,2.439027106544203,0.8635003752306994,3.35758717561535,4.903438608651147,-0.09360658619960566,0.0,0.41038107924544387,0.3167744930458382,1.0,0.0003281108370897229,0.0,4.242640687119285,0.39873660070847017,0.07949543837227299
406,45.018128175405614,0.19634954084936207,-6.938893903907228e-18,0.23363597218146762,0.6936555336264011,-6.461844948013606e-17,0.2702495303353771,1.175793297337387,0.0,2.213577387281446,5.50297867216152,0.0,1.3218260099951886,3.819567800641251,-5.551115123125783e-17,1.6197148173890208,5.504645273661153,0.05557857893825519,2.449962424741876,0.8736120003499002,3.3791530040300315,4.961103548590709,-0.09572305521671282,0.0,0.41396415283610555,0.31824109761939273,1.0,0.0003281108370897229,0.0,4.242640687119285,0.39873660070847017,0.07949543837227299
408,45.41082725710434,0.19634954084936207,-1.734723475976807e-18,0.23417164885718283,0.6824911433524088,-6.635317295611287e-17,0.2794169197895277,0.990807187863734,5.551115123125783e-17,2.221984549909601,5.275357615933825,0.0,1.33724446124702,3.8030780777383644,1.3877787807814457e-17,1.6699034833818576,5.570045880373644,0.05644528880595946,2.468607670018486,0.8941113745679163,3.419164333392362,5.06619167178921,-0.09807166931058788,0.0,0.3912791238081304,0.29320745449754254,1.0,0.0003281108370897229,0.0,4.242640687119285,0.39873660070847017,0.07949543837227299
409,45.6071767979537,0.19634954084936207,-5.204170427930421e-18,0.23486852867724822,0.7015252721801633,-6.440160904563896e-17,0.28245219224101803,0.9848741161284893,1.3877787807814457e-17,2.227264764701036,5.316287232547239,0.0,1.342914710539856,3.74870860384655,-2.7755575615628914e-17,1.688513802793144,5.634408215313002,0.055896798581620055,2.4803541660393815,0.9017099598921725,3.437960924513174,5.109462177205547,-0.09979890593599898,0.0,0.34606152225062164,0.24626261631462265,1.0,0.0003281108370897229,0.0,4.242640687119285,0.39873660070847017,0.07949543837227299
410,45.80352633880306,0.19634954084936207,-1.734723475976807e-18,0.2376279642033996,0.759845155025538,-6.548581121812447e-17,0.277281311919959,1.0087210957643211,4.163336342344337e-17,2.233166329694248,5.369500947455178,5.551115123125783e-17,1.3471503927350623,3.730810810077314,-2.7755575615628914e-17,1.700433104545844,5.5517145947383195,0.054593619822105435,2.493515928040039,0.907407090323116,3.4555166381852604,5.143621369127938,-0.10067821598857467,0.0,0.30002640155052074,0.19934818556194606,1.0,0.0003299059642865205,0.0,4.242640687119285,0.4635000646310152,0.10741615495647763
412,46.19622542050178,0.19634954084936207,-3.469446951953614e-18,0.242518194051746,0.8468323578892958,-6.548581121812447e-17,0.26188598523996587,0.955094781644831,-1.3877787807814457e-17,2.2452509363606805,5.332652883979424,0.0,1.3532425808093431,3.751779644455715,-1.3877787807814457e-17,1.6865530325822438,5.217749803800767,0.05260829064300432,2.5205758836142556,0.9156327412577658,3.4888169155150255,5.1724541623351294,-0.10167528645939101,0.0,0.20318845450361286,0.10151316804422185,1.0,0.0003299059642865205,0.0,4.242640687119285,0.4635000646310152,0.10741615495647763
413,46.392574961351144,0.19634954084936207,-5.204170427930421e-18,0.24077333405441925,0.868118210597449,-6.440160904563896e-17,0.2654920649082367,0.9607016157915574,2.7755575615628914e-17,2.2512100320947943,5.3453156170620035,0.0,1.3559582434895778,3.7848555263562647,-1.3877787807814457e-17,1.661695956395725,5.135244703398165,0.052759528876532374,2.5339733043021218,0.9193113790436707,3.5060442122223248,5.170888623171509,-0.10109656481820162,0.0,0.1251807545024915,0.02408418968428988,1.0,0.0003299059642865205,0.0,4.242640687119285,0.4635000646310152,0.10741615495647763
414,46.588924502200506,0.19634954084936207,-2.6020852139652106e-18,0.23687805101166123,0.8655945768589548,-6.526897078362737e-17,0.2730007355232705,0.9241206869336602,2.7755575615628914e-17,2.2570455412475483,5.418234897356322,1.1102230246251565e-16,1.358879966137412,3.8108549363489432,-2.7755575615628914e-17,1.6374810545761056,5.115584786961136,0.0528442682939649,2.5471272876327182,0.923277381184807,3.52324893711149,5.170489253402129,-0.10038734941965166,0.0,0.13009123098551867,0.029703881565867007,1.0,0.0003299059642865205,0.0,4.242640687119285,0.4635000646310152,0.10741615495647763
415,46.78527404304987,0.19634954084936207,-8.673617379884035e-18,0.23218890074204,0.819501335815252,-6.418476861114186e-17,0.27625208405427687,0.9323285196520347,5.551115123125783e-17,2.26281598514374,5.42631141141551,5.551115123125783e-17,1.3621144466033004,3.7999573640050093,-4.163336342344337e-17,1.6256716065810095,5.022053878989718,0.05186520182514663,2.560168091311017,0.9276778828227075,3.539711175958871,5.180947265341372,-0.09977035724191229,0.0,0.18191749028757773,0.08214713304566544,1.0,0.0003299059642865205,0.0,4.242640687119285,0.4635000646310152,0.10741615495647763
417,47.17797312474859,0.19634954084936207,-7.806255641895632e-18,0.22390914265984982,0.6866447832705749,-6.461844948013606e-17,0.261904706605634,0.8262716651138176,5.551115123125783e-17,2.2747312708097405,5.456969259387664,5.551115123125783e-17,1.3694894815361804,3.8900474453387246,-4.163336342344337e-17,1.6463785733306098,5.277674470682126,0.04676572910668142,2.5872011771998484,0.9377507200191184,3.5717176263256483,5.241320196159742,-0.09916926712099111,0.0,0.277645087387962,0.1784758202669709,1.0,0.0003299059642865205,0.0,4.242640687119285,0.4635000646310152,0.10741615495647763
418,47.37432266559795,0.19634954084936207,-5.204170427930421e-18,0.22130915962742176,0.6581406157696892,-6.245004513516506e-17,0.2541757040947531,0.8497450293720403,2.7755575615628914e-17,2.280745896849812,5.480924018839021,5.551115123125783e-17,1.3738596379306123,3.874961657717632,-4.163336342344337e-17,1.6622889933423437,5.377473273455962,0.04472437758111464,2.6009009229986266,0.9437451523674165,3.5893704529471577,5.279180873609093,-0.0987886762770978,0.0,0.31622186205132385,0.21743318577422605,1.0,0.0003299059642865205,0.0,4.242640687119285,0.4635000646310152,0.10741615495647763
419,47.57067220644731,0.19634954084936207,0.0,0.21939862573184202,0.7340956824559259,-6.461844948013606e-17,0.25465982185309216,0.8547431087807998,2.7755575615628914e-17,2.286602122699067,5.4622220885113375,0.0,1.3787578471396886,3.874817787456992,-2.7755575615628914e-17,1.6695616114329486,5.34817897739508,0.044379596944373934,2.61427463376594,0.9504866005246346,3.609140831234949,5.31223514483964,-0.09872127715807535,0.0,0.2943365764722036,0.19561529931412827,1.0,0.0003299059642865205,0.0,4.242640687119285,0.4635000646310152,0.10741615495647763
420,47.767021747296674,0.19634954084936207,-3.469446951953614e-18,0.2181375210663336,0.7592016018476466,-6.591949208711867e-17,0.26275201096441114,0.8366251787762158,8.326672684688674e-17,2.292395079887985,5.458393992966266,0.0,1.3839115311750139,3.875943730423565,-4.163336342344337e-17,1.6666898363799205,5.3285410407619365,0.045675995817484,2.6275376011473206,0.9576055630595854,3.63081916002439,5.338445575970849,-0.09899054546449164,0.0,0.26247628547512425,0.1634857400106326,1.0,0.00033096597064555884,0.0,4.242640687119285,0.4608263537531718,0.10618046415672172
422,48.1597208289954,0.19634954084936207,-7.806255641895632e-18,0.22107259747220018,0.7875019033828696,-6.245004513516506e-17,0.2762247041751584,0.8945907008449772,4.163336342344337e-17,2.3036697435864504,5.534155839882193,1.1102230246251565e-16,1.394174744063332,3.8445469398207455,-1.3877787807814457e-17,1.6543131086329286,5.134774302151647,0.04921863491081177,2.6534471437578317,0.9718616084920286,3.674527387160672,5.38531199822928,-0.10079516828176394,0.0,0.25041832418797016,0.14962315590620623,1.0,0.00033096597064555884,0.0,4.242640687119285,0.4608263537531718,0.10618046415672172
423,48.35607036984476,0.19634954084936207,-6.938893903907228e-18,0.22479702085965775,0.8259183892430393,-6.071532165918825e-17,0.2745399854559607,0.8826643439669549,2.7755575615628914e-17,2.308598658683656,5.529143833733932,-5.551115123125783e-17,1.3994538588698204,3.9375035442746733,-2.7755575615628914e-17,1.6559501850736478,4.896603859070421,0.049833357917295,2.664813883437988,0.9792355515528155,3.6938827929080986,5.413504518631184,-0.10333120273330255,0.0,0.27501819571623454,0.171686992982932,1.0,0.00033096597064555884,0.0,4.242640687119285,0.4608263537531718,0.10618046415672172
424,48.55241991069412,0.19634954084936207,-5.204170427930421e-18,0.22801703072306656,0.8115546864239039,-6.331740687315346e-17,0.26951424545762137,0.8288493617441897,1.3877787807814457e-17,2.3132018366308484,5.522995294801751,-5.551115123125783e-17,1.404671186107565,4.102775415547006,-4.163336342344337e-17,1.6626737699804452,4.893276707907811,0.04974710765449021,2.6754513684961645,0.9865505705404163,3.7117490466910708,5.444710314884353,-0.10537616907262576,0.0,0.2922820912114352,0.18690592213880947,1.0,0.00033096597064555884,0.0,4.242640687119285,0.4608263537531718,0.10618046415672172
426,48.94511899239284,0.19634954084936207,-3.469446951953614e-18,0.23348272837876946,0.6657988853191694,-6.418476861114186e-17,0.26026380756934914,0.7056654743014235,4.163336342344337e-17,2.3242128633124386,5.745345089428276,0.0,1.4130789360181304,4.247911168540428,-2.7755575615628914e-17,1.6814550648642388,5.230696144151631,0.04935787187219823,2.700982716993502,0.9983960397090657,3.7487366285747656,5.510501274776384,-0.1082777264451864,0.0,0.3054785554075348,0.19720082896234842,1.0,0.00033096597064555884,0.0,4.242640687119285,0.4608263537531718,0.10618046415672172
427,49.141468533242204,0.19634954084936207,-6.938893903907228e-18,0.23739147810157205,0.5897930938557924,-6.505213034913027e-17,0.2561855268581871,0.7638016359526607,6.938893903907228e-17,2.330666214343839,5.796811971010867,5.551115123125783e-17,1.416548053106268,4.247576569752025,-2.7755575615628914e-17,1.693259576773917,5.233667937101075,0.04945945108445596,2.7160025013419196,1.0033041933795785,3.7687661458059543,5.546194897656411,-0.11063580693085845,0.0,0.32315478135058734,0.2125189744197289,1.0,0.00033096597064555884,0.0,4.242640687119285,0.4608263537531718,0.10618046415672172
428,49.337818074091565,0.19634954084936207,-3.469446951953614e-18,0.24099823739021928,0.634798689154713,-6.245004513516506e-17,0.2523563789016817,0.7631052025666667,4.163336342344337e-17,2.3366014276607667,5.844973391431797,-5.551115123125783e-17,1.4206555002200445,4.212783563816864,-5.551115123125783e-17,1.7081083613435328,5.252957929228401,0.049789639870383165,2.7298531158731665,1.0091310251527326,3.788773780896282,5.585666033053769,-0.11161177111677961,0.0,0.34395456489419785,0.23234279377741823,1.0,0.00033096597064555884,0.0,4.242640687119285,0.4608263537531718,0.10618046415672172
429,49.53416761494093,0.19634954084936207,-8.673617379884035e-18,0.2426960553299776,0.6785572750440751,-6.418476861114186e-17,0.25116492964043596,0.824717283474597,1.3877787807814457e-17,2.341402727674694,5.7813400346605945,0.0,1.4259612739007987,4.315588721932593,-5.551115123125783e-17,1.7270752918056211,5.3018288361631525,0.050253188901262805,2.741083366581248,1.0166827773323948,3.8080193328149057,5.630055157309977,-0.11196604594280658,0.0,0.3702895026379936,0.258323456695187,1.0,0.00033096597064555884,0.0,4.242640687119285,0.4608263537531718,0.10618046415672172
431,49.92686669663965,0.19634954084936207,-6.938893903907228e-18,0.23916692911080398,0.689964017802772,-6.331740687315346e-17,0.26039161126799293,0.9462191546643275,4.163336342344337e-17,2.349259696638579,5.505606848434597,0.0,1.4384372559871175,4.4578393976477,-5.551115123125783e-17,1.78227517018326,5.689131210373836,0.05013618892406494,2.7595105611251936,1.0345508697058738,3.8441976197551324,5.736404780668984,-0.11227105539794986,0.0,0.4158719060079762,0.30360085061002634,1.0,0.0003369234112747875,0.0,4.242640687119285,0.4973977747732509,0.12370227317469083
432,50.12321623748901,0.19634954084936207,-3.469446951953614e-18,0.23443981040532885,0.7217322934318484,-6.418476861114186e-17,0.2642951235954241,0.9034946511298881,4.163336342344337e-17,2.3538824670374003,5.568073020817717,-5.551115123125783e-17,1.444054990756004,4.447706037617972,-5.551115123125783e-17,1.8177228392571732,5.843822617718684,0.048783352186684524,2.770381334313039,1.0426474081636614,3.861812094663385,5.79657090932348,-0.11185413260763497,0.0,0.4501602482358996,0.3383061156282646,1.0,0.0003369234112747875,0.0,4.242640687119285,0.4973977747732509,0.12370227317469083
433,50.31956577833837,0.19634954084936207,-3.469446951953614e-18,0.2280504771201139,0.7101012203302194,-6.548581121812447e-17,0.26245979837102684,0.9044096284390049,2.7755575615628914e-17,2.3594086159774563,5.704748325490353,0.0,1.4487243400138226,4.393822432870406,-5.551115123125783e-17,1.8531813820085676,6.127737333168728,0.046560482322285705,2.783404508574328,1.0494011066742428,3.8793660975708564,5.85602313759336,-0.11110768474733725,0.0,0.4455678718687561,0.3344601871214189,1.0,0.0003369234112747875,0.0,4.242640687119285,0.4973977747732509,0.12370227317469083
434,50.515915319187734,0.19634954084936207,-5.204170427930421e-18,0.2207323677244027,0.6599638659711313,-6.375108774214766e-17,0.25512603645513615,0.9019270613322858,8.326672684688674e-17,2.3656007640423304,5.86461536410998,0.0,1.4524794649843171,4.299658863097807,0.0,1.8823692795150682,6.286855490315025,0.04390691463138879,2.7980334874188277,1.054848298100564,3.8967887001507804,5.908331806456106,-0.11076629661325278,0.0,0.40979131586341255,0.2990250192501598,1.0,0.0003369234112747875,0.0,4.242640687119285,0.4973977747732509,0.12370227317469083
436,50.90861440088646,0.19634954084936207,-3.469446951953614e-18,0.20707530275107844,0.6225799200264821,-6.245004513516506e-17,0.2411999684665541,0.8992250566920335,2.7755575615628914e-17,2.378801860044647,5.956011969496905,0.0,1.457670256391436,4.140180738282741,-2.7755575615628914e-17,1.9021217357297937,6.155324141919989,0.03937796379182496,2.829349144675937,1.0624012881841374,3.9311283966518995,5.970407801170681,-0.1109734501399888,0.0,0.30464156190263236,0.19366811176264356,1.0,0.0003369234112747875,0.0,4.242640687119285,0.4973977747732509,0.12370227317469083
437,51.10496394173582,0.19634954084936207,-3.469446951953614e-18,0.2025811483558259,0.5823701215423464,-6.331740687315346e-17,0.23987653924312177,1.036282492016492,6.938893903907228e-17,2.3855376883924335,5.861527209360235,-5.551115123125783e-17,1.459248746179081,4.165067025050541,0.0,1.8892137531752635,5.973004802626836,0.03816272805864731,2.8453950313703578,1.06470345161261,3.948261211041615,5.976629386054597,-0.11176429712598386,0.0,0.1820790576512809,0.07031476052529705,1.0,0.0003369234112747875,0.0,4.242640687119285,0.4973977747732509,0.12370227317469083
438,51.30131348258518,0.19634954084936207,-5.204170427930421e-18,0.2009668470533102,0.5371133463749496,-6.678685382510707e-17,0.23954235323315032,1.1480172609785155,4.163336342344337e-17,2.3921605805633503,5.692992288412211,5.551115123125783e-17,1.4604757790809746,4.219861495151495,-2.7755575615628914e-17,1.8630871208359443,5.81782883027024,0.03780097846187458,2.861216121600593,1.0664947506410902,3.9655118507035576,5.969201878697335,-0.11274474867781524,0.0,0.1147092355176437,0.001964486839828458,1.0,0.0003369234112747875,0.0,4.242640687119285,0.4973977747732509,0.12370227317469083
440,51.6940125642839,0.19634954084936207,-6.938893903907228e-18,0.2064889964426197,0.6011203238600695,-6.375108774214766e-17,0.23849897118454758,0.8277313671913268,4.163336342344337e-17,2.4035632309188153,5.9053099424693265,5.551115123125783e-17,1.464077378586247,4.284815362565049,-2.7755575615628914e-17,1.7860822619526953,5.587526405575151,0.03972272854545447,2.8885581025124463,1.0717612852439884,4.0000421163018895,5.933127660090632,-0.11512961515715922,0.0,0.0640803986498518,-0.05104921650730743,1.0,0.0003430917066151563,0.0,4.242640687119285,0.5071163431458557,0.12858349274281267
441,51.89036210513326,0.19634954084936207,-6.938893903907228e-18,0.2126573856142412,0.6046525851351581,-6.201636426617085e-17,0.24027606521670758,0.7928812136701568,4.163336342344337e-17,2.4080983093576975,6.009912212887728,0.0,1.466975790521792,4.318094054148723,-5.551115123125783e-17,1.7457895859177441,5.436921814717885,0.041803268869054735,2.899468733765701,1.076008984988518,4.017280987623273,5.91619091775248,-0.12047969202579213,0.0,0.07622189825203593,-0.0442577937737562,1.0,0.0003430917066151563,0.0,4.242640687119285,0.5071163431458557,0.12858349274281267
442,52.086711645982625,0.19634954084936207,-5.204170427930421e-18,0.22096440319099833,0.613658781347973,-6.158268339717665e-17,0.2410484339507937,0.7374672391063819,6.938893903907228e-17,2.4126968855765814,6.052020497286266,5.551115123125783e-17,1.4702048654529158,4.320138957196265,-2.7755575615628914e-17,1.713938526284847,5.486483568404872,0.04410307469215613,2.910553130835468,1.080751173200713,4.035407378728337,5.909306575337586,-0.12295530663207285,0.0,0.12884951447141402,0.0058942078393411645,1.0,0.0003430917066151563,0.0,4.242640687119285,0.5071163431458557,0.12858349274281267
443,52.283061186831986,0.19634954084936207,-4.336808689942018e-18,0.23033465701570377,0.6861625444627827,-6.158268339717665e-17,0.23761338024241993,0.7094287310474916,8.326672684688674e-17,2.417993326130198,5.991544945983728,-5.551115123125783e-17,1.4732557215373612,4.283537005224922,-5.551115123125783e-17,1.6969035078088852,5.631943435225737,0.04604996418537692,2.9233458626050886,1.0852412105212856,4.0546370373117515,5.917338256832843,-0.12555424605816978,0.0,0.20541300062603854,0.07985875456786876,1.0,0.0003430917066151563,0.0,4.242640687119285,0.5071163431458557,0.12858349274281267
445,52.67576026853071,0.19634954084936207,-8.673617379884035e-18,0.2407194018581432,0.7827771956941685,-6.591949208711867e-17,0.22657853200739428,0.7880927072168333,8.326672684688674e-17,2.4296011980710803,5.965963399925477,-5.551115123125783e-17,1.4794818847462365,4.342052172037009,0.0,1.7144813957921643,5.890965833434531,0.04759132885205281,2.9514809908342152,1.094433323646138,4.093505643332406,5.981589510238255,-0.1291133529480552,0.0,0.32940137847456175,0.20028802552650654,1.0,0.0003430917066151563,0.0,4.242640687119285,0.5071163431458557,0.12858349274281267
446,52.87210980938007,0.19634954084936207,-6.938893903907228e-18,0.2381525260164844,0.7854178903666579,-6.288372600415926e-17,0.22625713701159353,0.7814259780590876,8.326672684688674e-17,2.4346605609377057,6.133180375785347,-5.551115123125783e-17,1.483542804613921,4.418006528275612,0.0,1.745251711427236,5.939559655931479,0.04704910390497821,2.9637860234927516,1.1004496265608688,4.111284753958598,6.034128335304185,-0.13179885432270422,0.0,0.4344445779152582,0.302645723592554,1.0,0.0003430917066151563,0.0,4.242640687119285,0.5071163431458557,0.12858349274281267
447,53.06845935022943,0.19634954084936207,-8.673617379884035e-18,0.2323692106704214,0.760790098211383,-6.331740687315346e-17,0.22851232305549937,0.8169804946453079,8.326672684688674e-17,2.439368797525625,6.257342530040033,0.0,1.4879636191756045,4.494839215169509,0.0,1.7847874382932105,6.231298942310715,0.045750087906738915,2.975260065170806,1.1070178659950818,4.128028019072627,6.095121759037804,-0.13277749942428413,0.0,0.4768346945434328,0.3440571951191487,1.0,0.0003430917066151563,0.0,4.242640687119285,0.5071163431458557,0.12858349274281267
448,53.26480889107879,0.19634954084936207,-5.204170427930421e-18,0.226365088793677,0.7211638838135996,-6.678685382510707e-17,0.2312004548484836,0.7806975289783518,6.938893903907228e-17,2.4445373100962366,6.312172467513223,0.0,1.4919068441594374,4.571415446181614,0.0,1.825090166629633,6.658499184607686,0.044146242500680825,2.9878813302262714,1.1128930158248855,4.144920588551837,6.157171215785333,-0.13311971006342163,0.0,0.4815052604622988,0.3483855503988772,1.0,0.0003430917066151563,0.0,4.242640687119285,0.5071163431458557,0.12858349274281267
450,53.657507972777516,0.19634954084936207,-1.734723475976807e-18,0.21817089376000698,0.788338501880268,-6.461844948013606e-17,0.24233111651599815,0.7632903989334427,6.938893903907228e-17,2.4570388492449915,6.356932619639009,5.551115123125783e-17,1.4971928199885174,4.687310563528751,0.0,1.8728127792909073,7.06529491965347,0.04289950921173201,3.0185199533495757,1.1207931701125842,4.182212632673892,6.250011283480816,-0.13263923698156896,0.0,0.40425279208292,0.271613555101351,1.0,0.0003491627473801588,0.0,4.242640687119285,0.5148490222633684,0.13253475786277322
451,53.85385751362688,0.19634954084936207,-6.938893903907228e-18,0.21583047647859205,0.7424711462261817,-6.288372600415926e-17,0.2510263558310448,0.8285116109028108,5.551115123125783e-17,2.4629120523865944,6.260377712119713,0.0,1.4995179115295725,4.700571669550277,2.7755575615628914e-17,1.8744901969850456,6.946799748523506,0.04367031925936587,3.032967888895573,1.124276983499005,4.200915191653944,6.273894819773068,-0.13390276403119084,0.0,0.29598927369731987,0.16208650966612903,1.0,0.0003491627473801588,0.0,4.242640687119285,0.5148490222633684,0.13253475786277322
452,54.05020705447624,0.19634954084936207,-6.938893903907228e-18,0.21525157840082593,0.6470050078152476,-6.418476861114186e-17,0.25667782614325924,0.7998705241045485,5.551115123125783e-17,2.4677153437761223,6.220283204807257,5.551115123125783e-17,1.502434959781295,4.670575502369636,0.0,1.8686848671412557,6.638907576276356,0.04446782101919689,3.044809508954053,1.128655404186511,4.217932734159761,6.289423584170609,-0.13317328741116724,0.0,0.2535073728652325,0.12033408545406526,1.0,0.0003491627473801588,0.0,4.242640687119285,0.5148490222633684,0.13253475786277322
454,54.44290613617496,0.19634954084936207,-6.938893903907228e-18,0.21913610775936274,0.6359476021088959,-6.245004513516506e-17,0.24902392754358998,0.7961140698103489,5.551115123125783e-17,2.475291658044836,6.360625089648732,0.0,1.5091724027793878,4.435305967717581,-2.7755575615628914e-17,1.860745980665875,5.981313002836336,0.04350828972816108,3.063534396193177,1.1388006706554554,4.245843356576794,6.319485440464585,-0.1328699777762069,0.0,0.2490446478204658,0.11617467004425888,1.0,0.0003491627473801588,0.0,4.242640687119285,0.5148490222633684,0.13253475786277322
455,54.63925567702432,0.19634954084936207,-7.806255641895632e-18,0.22100494500800374,0.6767998949707545,-6.591949208711867e-17,0.2401677860413405,0.7691362575644226,4.163336342344337e-17,2.479453040013064,6.325605478663339,-5.551115123125783e-17,1.5119770800003756,4.310403884152432,0.0,1.8595077206512678,5.954083848894962,0.04224867186168922,3.0738436888150114,1.1430373452232312,4.259129705899932,6.335764671176814,-0.13339521142712402,0.0,0.25603911210031094,0.12264390067318692,1.0,0.0003491627473801588,0.0,4.242640687119285,0.5148490222633684,0.13253475786277322
456,54.835605217873685,0.19634954084936207,-3.469446951953614e-18,0.22146313312177546,0.6828467959584589,-6.245004513516506e-17,0.23304717315676549,0.8043766234913005,6.938893903907228e-17,2.4843871917726275,6.227679056959454,-5.551115123125783e-17,1.514104078565356,4.242159824007916,-8.326672684688674e-17,1.8558003595934391,6.02890842775623,0.041475723864550264,3.08608985932194,1.1462555803641223,4.273821163550613,6.349955387074861,-0.13420201866558487,0.0,0.2484516269696937,0.11424960830410882,1.0,0.0003491627473801588,0.0,4.242640687119285,0.5148490222633684,0.13253475786277322
457,55.031954758723046,0.19634954084936207,-5.204170427930421e-18,0.22107297161489842,0.6537743843122437,-6.071532165918825e-17,0.22925419197251706,0.7749464235356534,6.938893903907228e-17,2.490041037503353,6.191935285399319,-5.551115123125783e-17,1.5156834830447945,4.30830373237362,0.0,1.8492290638043298,6.205833566196234,0.041520451068953454,3.100152184225387,1.1486482103874,4.290320845681741,6.362274051282172,-0.1352671169328495,0.0,0.24232054981158324,0.10705343287873373,1.0,0.0003491627473801588,0.0,4.242640687119285,0.5148490222633684,0.13253475786277322
459,55.42465384042177,0.19634954084936207,-8.673617379884035e-18,0.2227654968098344,0.5797203103498614,-6.158268339717665e-17,0.22730691581637463,0.6958208680414257,5.551115123125783e-17,2.5030976451067133,6.403576933994545,0.0,1.517696596240764,4.3141320443634745,-5.551115123125783e-17,1.8455052379153347,6.303163797470909,0.04235320715367477,3.1327489104693873,1.1517014791204003,4.326803596743463,6.398095263320554,-0.13724867825688075,0.0,0.27266744147937244,0.1354187632224917,1.0,0.0003491627473801588,0.0,4.242640687119285,0.5148490222633684,0.13253475786277322
460,55.62100338127113,0.19634954084936207,-5.204170427930421e-18,0.22513602722059622,0.6140893246641627,-6.245004513516506e-17,0.2244614236096012,0.658910437309907,4.163336342344337e-17,2.510185914154292,6.455514520935276,-1.1102230246251565e-16,1.5183146208044889,4.326870915798069,-2.7755575615628914e-17,1.8563203724837873,6.255861081562614,0.04197710127940003,3.1505166618093092,1.1526396438743391,4.345133406963049,6.428172888667942,-0.13955406060170564,0.0,0.3335869027396859,0.19403284213798025,1.0,0.0003592349525991254,0.0,4.242640687119285,0.5533024371609961,0.15307179348414907
461,55.81735292212049,0.19634954084936207,-3.469446951953614e-18,0.22665157309349118,0.6299527405979172,-6.418476861114186e-17,0.21878239362895888,0.6920660793116431,9.71445146547012e-17,2.5168053518038818,6.425529442365978,0.0,1.5189751083275937,4.2944867425486075,-5.551115123125783e-17,1.872465279023661,6.393157107570373,0.04102543873346329,3.1671545894343307,1.153642689859412,4.361822718027206,6.46211948759689,-0.14516651803708586,0.0,0.3585713172242252,0.21340479918713934,1.0,0.0003592349525991254,0.0,4.242640687119285,0.5533024371609961,0.15307179348414907
462,56.01370246296985,0.19634954084936207,-1.734723475976807e-18,0.22620292044052362,0.6303539193752947,-6.245004513516506e-17,0.21284322707578074,0.7188210918229401,5.551115123125783e-17,2.5224514729824734,6.406690268950169,1.1102230246251565e-16,1.520270595982404,4.3458927881652425,-2.7755575615628914e-17,1.8868336490448085,6.554722984289547,0.04011448181896134,3.181380716775725,1.1556113425043473,4.3771065410990335,6.493956012778672,-0.14663101686459995,0.0,0.3498603730451737,0.20322935618057375,1.0,0.0003592349525991254,0.0,4.242640687119285,0.5533024371609961,0.15307179348414907
464,56.406401544668576,0.19634954084936207,-6.938893903907228e-18,0.22312319738237324,0.5603898277620891,-6.245004513516506e-17,0.21434452031561857,0.6149641468133247,6.938893903907228e-17,2.5309931810243453,6.447746783799096,0.0,1.524514069067715,4.3237237174403,-2.7755575615628914e-17,1.88964988323169,6.804246229078759,0.040444755355051945,3.202963241195867,1.162071573392701,4.405479569943619,6.531660847259657,-0.14863004525935758,0.0,0.2884546031044822,0.1398245578451246,1.0,0.0003592349525991254,0.0,4.242640687119285,0.5533024371609961,0.15307179348414907
465,56.60275108551794,0.19634954084936207,-1.734723475976807e-18,0.22279178038822336,0.5668740701705781,-6.245004513516506e-17,0.22227549975725472,0.624658819233954,6.938893903907228e-17,2.5355061414770237,6.410958394436727,0.0,1.5260496239674994,4.334876088296839,-5.551115123125783e-17,1.8782275629260121,6.728547361339101,0.04147130440275368,3.214395696733852,1.1644137274056734,4.420280728542279,6.5371839260444,-0.15026044643476344,0.0,0.22416684121231617,0.07390639477755273,1.0,0.0003592349525991254,0.0,4.242640687119285,0.5533024371609961,0.15307179348414907
466,56.7991006263673,0.19634954084936207,-1.1275702593849246e-17,0.22223823955021502,0.5608707878405652,-6.375108774214766e-17,0.23061417859158254,0.7767479557197069,6.938893903907228e-17,2.540961156484993,6.427592548844726,1.1102230246251565e-16,1.5264482988260712,4.309099231308016,0.0,1.8634001142758583,6.643545145435466,0.04224218275252613,3.2282417993827766,1.1650222044945029,4.435506186629806,6.538038587312795,-0.15122336953290677,0.0,0.2020421593167167,0.05081878978380994,1.0,0.0003592349525991254,0.0,4.242640687119285,0.5533024371609961,0.15307179348414907
468,57.19179970806602,0.19634954084936207,-6.938893903907228e-18,0.2169536639167948,0.5874479569537336,-6.158268339717665e-17,0.23342609808347026,0.8898557962322535,1.1102230246251565e-16,2.552768362999273,6.62503260754115,0.0,1.5255652010536942,4.232896642168903,-5.551115123125783e-17,1.8423720010560607,6.568746098749892,0.04097762219975416,3.2583131575649933,1.1636745913329993,4.462965371097747,6.543110301805081,-0.15280111751440018,0.0,0.211911290140631,0.059110172626230834,1.0,0.0003592349525991254,0.0,4.242640687119285,0.5533024371609961,0.15307179348414907
469,57.38814924891538,0.19634954084936207,-1.734723475976807e-18,0.2138340636607875,0.5681523205910948,-6.245004513516506e-17,0.22643380215852454,0.7795926700909299,5.551115123125783e-17,2.558142983528813,6.7286997833152435,-5.551115123125783e-17,1.525478449946865,4.250516061681607,0.0,1.8405060837887328,6.463868790867657,0.039226555810731666,3.272047762088848,1.1635422506261448,4.474816568525725,6.552973733156971,-0.15440152104321603,0.0,0.24944248237587968,0.09504096133266365,1.0,0.0003592349525991254,0.0,4.242640687119285,0.5533024371609961,0.15307179348414907
470,57.584498789764744,0.19634954084936207,-5.204170427930421e-18,0.21136371659082304,0.5533629245702545,-6.071532165918825e-17,0.2192021241425406,0.7024287962934036,8.326672684688674e-17,2.5635570226681486,6.764381113064237,0.0,1.525590320974605,4.280744909372577,-2.7755575615628914e-17,1.8421969222531787,6.314306357294052,0.03770905554326293,3.2859123042355907,1.1637129137256987,4.487334273504552,6.567343352327203,-0.15524209891020474,0.0,0.27312583945732627,0.11788374054712153,1.0,0.00037016147072341064,0.0,4.242640687119285,0.5736182760700044,0.16451896332076188
471,57.780848330614106,0.19634954084936207,-3.469446951953614e-18,0.20920803057199377,0.5469902122430923,-6.245004513516506e-17,0.2172615729970873,0.8476164348503947,5.551115123125783e-17,2.569476601827639,6.75879922677162,0.0,1.5253041739913056,4.348588617668477,-5.551115123125783e-17,1.8445591816275635,6.253262325840685,0.03705302228852979,3.3011050036698553,1.1632764115976493,4.501434437556035,6.583358464275852,-0.16036076060064644,0.0,0.2889811382684505,0.12862037766780407,1.0,0.00037016147072341064,0.0,4.242640687119285,0.5736182760700044,0.16451896332076188
473,58.17354741231283,0.19634954084936207,-4.336808689942018e-18,0.2074448786158142,0.5784427283202049,-6.158268339717665e-17,0.22792645332512024,0.9146315187269376,4.163336342344337e-17,2.5831012027046123,6.999297415530117,-5.551115123125783e-17,1.5240410713967338,4.3735891792039325,-5.551115123125783e-17,1.8553283015713433,6.55574828746688,0.03773650066177037,3.3362059117070078,1.161350593652052,4.53529300602083,6.626049238458014,-0.16054696285659154,0.0,0.3170313117397738,0.15648434888318224,1.0,0.00037016147072341064,0.0,4.242640687119285,0.5736182760700044,0.16451896332076188
474,58.36989695316219,0.19634954084936207,-5.204170427930421e-18,0.21001225587662048,0.6337185198340155,-6.331740687315346e-17,0.23036758157874787,0.8681820904249181,5.551115123125783e-17,2.589302035331483,6.9960817672205415,5.551115123125783e-17,1.5241433773994575,4.365381303295873,-2.7755575615628914e-17,1.868544176220199,6.571559812191527,0.03792673007165557,3.3522425150858797,1.1615065174353125,4.551675762592848,6.6558757614194946,-0.16115154154368072,0.0,0.3585494403806646,0.1973978988369839,1.0,0.00037016147072341064,0.0,4.242640687119285,0.5736182760700044,0.16451896332076188
475,58.56624649401155,0.19634954084936207,-3.469446951953614e-18,0.21498478007905172,0.6772459561483182,-5.984795992119984e-17,0.22690075326436454,0.9127137711159903,8.326672684688674e-17,2.5942963109110635,6.89278359234512,-5.551115123125783e-17,1.5252790684095017,4.489848131503659,-5.551115123125783e-17,1.8855966490852536,6.705872129149795,0.037744106976587616,3.3651866744033767,1.163238118264078,4.566168899644042,6.689385193129334,-0.1619714082993181,0.0,0.37579295516329014,0.21382154686397203,1.0,0.00037016147072341064,0.0,4.242640687119285,0.5736182760700044,0.16451896332076188
476,58.76259603486091,0.19634954084936207,-8.673617379884035e-18,0.22093300977666225,0.7049801242374711,-6.505213034913027e-17,0.22003991122645347,0.9026540541940659,6.938893903907228e-17,2.5982171660107496,6.7367755661114,0.0,1.5271965687635753,4.591824730712765,-5.551115123125783e-17,1.900333553434007,6.920624077945162,0.03764066538319265,3.375366220876466,1.166164679821619,4.5791715660812775,6.720378501765818,-0.1630439444790228,0.0,0.36304511874429957,0.20000117426527678,1.0,0.00037016147072341064,0.0,4.242640687119285,0.5736182760700044,0.16451896332076188
478,59.155295116559635,0.19634954084936207,-5.204170427930421e-18,0.22858019731968368,0.7055971206659843,-6.375108774214766e-17,0.21537075723060756,0.6672056092473528,8.326672684688674e-17,2.605188253551326,6.874884493062628,5.551115123125783e-17,1.5306724022956857,4.669769787763425,-8.326672684688674e-17,1.8987585857413396,7.0040330536670385,0.039452519123561625,3.393502918220905,1.1714790015748224,4.604434438919289,6.749340165564254,-0.16491507450601367,0.0,0.28299981032578075,0.11808473581976708,1.0,0.00037016147072341064,0.0,4.242640687119285,0.5736182760700044,0.16451896332076188
479,59.351644657409,0.19634954084936207,-5.204170427930421e-18,0.22815779645379497,0.6960141989506601,-6.245004513516506e-17,0.2197283053422224,0.6837789926309266,5.551115123125783e-17,2.60926910835831,6.932863752549492,5.551115123125783e-17,1.5310776894953166,4.635560922492978,2.7755575615628914e-17,1.8808760576349066,6.85026719424881,0.0410133302144,3.404142639916485,1.1720994456351586,4.617255415766043,6.744532442330943,-0.16686714416136278,0.0,0.18993784327773727,0.023070699116374493,1.0,0.00037016147072341064,0.0,4.242640687119285,0.5736182760700044,0.16451896332076188
480,59.54799419825836,0.19634954084936207,-3.469446951953614e-18,0.225497345820648,0.6934261174004737,-6.245004513516506e-17,0.22349249642857147,0.7178950880033537,6.938893903907228e-17,2.6140636521445,6.945052868618923,-5.551115123125783e-17,1.53029756167217,4.557496633140814,-5.551115123125783e-17,1.8581194388285514,6.581058876638789,0.04206026857737547,3.41666438873152,1.1709053136298941,4.629629970938789,6.732739403785867,-0.16816934521782786,0.0,0.15611067928521716,-0.012058665932610707,1.0,0.00037838275645780267,0.0,4.242640687119285,0.5679016073268454,0.16125611780220722
482,59.94069327995708,0.19634954084936207,-3.469446951953614e-18,0.21860841497823733,0.7044414250646919,-6.245004513516506e-17,0.22261746479357872,0.6911079652485583,1.1102230246251565e-16,2.6254898904396766,6.79368229096684,1.1102230246251565e-16,1.5254862469088286,4.382894105750016,-2.7755575615628914e-17,1.816962502432418,5.8897532912897415,0.0411704440967314,3.4465985824004726,1.1635541447539912,4.651323171251195,6.706242554521465,-0.1734691552982783,0.0,0.1535427269084827,-0.01992642838979561,1.0,0.00037838275645780267,0.0,4.242640687119285,0.5679016073268454,0.16125611780220722
483,60.13704282080644,0.19634954084936207,-1.734723475976807e-18,0.2153857668729596,0.7229702131416103,-6.375108774214766e-17,0.2235619265489617,0.7197236908911797,8.326672684688674e-17,2.6317273795183946,6.858321475137675,-1.1102230246251565e-16,1.522386637392487,4.34889180489222,0.0,1.7994593177045006,5.892587928993634,0.03996465623872903,3.462994500053376,1.1588305368556018,4.661789693147707,6.694894765743168,-0.1745732998904902,0.0,0.1646418738763445,-0.009931426014145706,1.0,0.00037838275645780267,0.0,4.242640687119285,0.5679016073268454,0.16125611780220722
484,60.333392361655804,0.19634954084936207,-3.469446951953614e-18,0.2125621736841483,0.7345595411092045,-6.158268339717665e-17,0.2278117397090641,0.6819159539704966,9.71445146547012e-17,2.6375344344432277,6.986454498980901,0.0,1.5197791420354618,4.383148378237835,-5.551115123125783e-17,1.7822649670693176,5.919228143882794,0.039058482153672365,3.478293946436878,1.1548643202830222,4.672216748873573,6.684727540624095,-0.17492024107774418,0.0,0.17289525226485236,-0.0020249888128918148,1.0,0.00037838275645780267,0.0,4.242640687119285,0.5679016073268454,0.16125611780220722
485,60.529741902505165,0.19634954084936207,-6.071532165918825e-18,0.21082258832684816,0.726899468291777,-5.984795992119984e-17,0.23226067889602758,0.7138855278510544,8.326672684688674e-17,2.642455912721596,7.097094406157934,-5.551115123125783e-17,1.5183083191378839,4.381694786399076,-5.551115123125783e-17,1.7672927447765965,6.0480561494153395,0.03866920746032559,3.4912866253386623,1.1526300759816532,4.682585908780641,6.6785133691120935,-0.17492229291825437,0.0,0.1944852925636053,0.019562999645350937,1.0,0.00037838275645780267,0.0,4.242640687119285,0.5679016073268454,0.16125611780220722
487,60.92244098420389,0.19634954084936207,-2.6020852139652106e-18,0.21078450443813046,0.6967554351797388,-6.028164079019405e-17,0.22958205148076025,0.70936145666177,1.1102230246251565e-16,2.6506630125229016,7.157427769641762,-5.551115123125783e-17,1.5185287888772665,4.3933216671754955,0.0,1.763677991934145,6.2965218753615995,0.038407412489340584,3.5130072029784905,1.1529648413245286,4.70437945679236,6.69719551410976,-0.1744573399127534,0.0,0.2727568184875529,0.09829947857479951,1.0,0.00037838275645780267,0.0,4.242640687119285,0.5679016073268454,0.16125611780220722
488,61.11879052505325,0.19634954084936207,-1.734723475976807e-18,0.21095009244106855,0.6476116173463854,-6.114900252818245e-17,0.2230349441081814,0.680321751346513,2.7755575615628914e-17,2.6552200413063147,7.082034487596194,0.0,1.5190497884717944,4.4015315341885515,-2.7755575615628914e-17,1.7823410483669717,6.322990809252395,0.0377466321040439,3.525096733877354,1.1537561299281012,4.716599495909499,6.728075321264946,-0.17382632763459255,0.0,0.3797407320093331,0.20591440437474057,1.0,0.00037838275645780267,0.0,4.242640687119285,0.5679016073268454,0.16125611780220722
489,61.31514006590261,0.19634954084936207,-6.938893903907228e-18,0.2110234924278544,0.5753124876673344,-5.854691731421724e-17,0.21541414237740134,0.6043575884216617,6.938893903907228e-17,2.6603655823085823,6.959036803719741,0.0,1.5193706747554427,4.348875897179435,0.0,1.8133515473636663,6.276387728274712,0.03651610502483202,3.5387725157660417,1.1542436236534048,4.729532244444279,6.771601703365757,-0.17351002939614663,0.0,0.4422054626280554,0.26869543323190875,1.0,0.00037838275645780267,0.0,4.242640687119285,0.5679016073268454,0.16125611780220722
490,61.51148960675197,0.19634954084936207,-6.938893903907228e-18,0.21166481883048655,0.5465140685507043,-5.984795992119984e-17,0.20814801666172453,0.6354321189354184,8.326672684688674e-17,2.6656608340344814,6.945175244108063,5.551115123125783e-17,1.5196970046716496,4.270780658343141,-5.551115123125783e-17,1.8503461137904353,6.359230846744546,0.03504490061417334,3.552873841052703,1.154739493003992,4.742658234670868,6.821818527696089,-0.17348379103676553,0.0,0.4751182766191836,0.30163448558241807,1.0,0.0003853565845301403,0.0,4.242640687119285,0.5698621820743103,0.16237145327924718
492,61.904188688450695,0.19634954084936207,-2.6020852139652106e-18,0.2145512578526383,0.5859560681809294,-6.245004513516506e-17,0.20268009268417436,0.6371691500279661,6.938893903907228e-17,2.6752463655975682,7.121782319853502,-5.551115123125783e-17,1.5206484093443235,4.219974296387239,-8.326672684688674e-17,1.9083259651340627,6.590352081242652,0.033902701676618775,3.5784715583214988,1.1561857924207104,4.768560052418828,6.908007001924849,-0.17734533852860954,0.0,0.4447268981392294,0.2673815596106198,1.0,0.0003853565845301403,0.0,4.242640687119285,0.5698621820743103,0.16237145327924718
493,62.10053822930006,0.19634954084936207,-3.469446951953614e-18,0.2156003564251965,0.6087606293375516,-6.028164079019405e-17,0.20710449570551165,0.7285736641571747,4.163336342344337e-17,2.680209864566228,7.156713876398587,5.551115123125783e-17,1.5205390999692037,4.256177263543762,-8.326672684688674e-17,1.919025478257883,6.592806196768697,0.0348403744308268,3.5917624590590584,1.1560195772675776,4.782622410757463,6.932959860299823,-0.17900016464909768,0.0,0.35759469858318993,0.17859453393409225,1.0,0.0003853565845301403,0.0,4.242640687119285,0.5698621820743103,0.16237145327924718
494,62.29688777014942,0.19634954084936207,-4.336808689942018e-18,0.2160700256152562,0.6284244058650665,-6.158268339717665e-17,0.21311960754750026,0.8016918868588063,6.938893903907228e-17,2.6858822245225156,7.152222640431386,0.0,1.5192629420387946,4.298742728064127,-2.7755575615628914e-17,1.9187192107210376,6.505927558864209,0.03621032789642871,3.6069816620030077,1.154079943526187,4.797271933425623,6.9453523975411,-0.18079728082823665,0.0,0.29739611713835495,0.1165988363101183,1.0,0.0003853565845301403,0.0,4.242640687119285,0.5698621820743103,0.16237145327924718
496,62.68958685184814,0.19634954084936207,-5.204170427930421e-18,0.2155536041473544,0.6395674701950456,-6.136584296267955e-17,0.21392770645708087,0.7199084347534112,2.7755575615628914e-17,2.6987030420409215,7.08232942281678,0.0,1.5135054041592537,4.3891975904294105,0.0,1.9038373202458272,6.553923900567517,0.03737534924058887,3.6414990545604633,1.145349304209633,4.824223708010685,6.9482140785497375,-0.18419226490816082,0.0,0.24529047025207185,0.06109820534391103,1.0,0.0003853565845301403,0.0,4.242640687119285,0.5698621820743103,0.16237145327924718
497,62.8859363926975,0.19634954084936207,-8.673617379884035e-18,0.214371750757998,0.5977535964341751,-6.049848122469115e-17,0.20767194331179792,0.6136751176359012,9.71445146547012e-17,2.704650944698267,7.101491235594536,0.0,1.5102857580893578,4.419586939417184,-8.326672684688674e-17,1.8944586478194734,6.470668831526691,0.036824531848496045,3.6575683663286136,1.1404815355437732,4.834874433720882,6.944378832705112,-0.1875377440315535,0.0,0.22115773239557918,0.03361998836402569,1.0,0.0003853565845301403,0.0,4.242640687119285,0.5698621820743103,0.16237145327924718
498,63.08228593354686,0.19634954084936207,-6.938893903907228e-18,0.21266555970296103,0.5350012446428424,-6.10405823109339e-17,0.20169467190546472,0.6399892571402601,9.71445146547012e-17,2.7096640485331975,7.208922402606777,5.551115123125783e-17,1.507667129588648,4.418534815944559,-5.551115123125783e-17,1.8829999649389937,6.358342757498933,0.036082442728457426,3.6711396279566593,1.1365300868210362,4.843752157506152,6.937618238676457,-0.18898660856843355,0.0,0.20775839250073935,0.018771783932305802,1.0,0.0003853565845301403,0.0,4.242640687119285,0.5698621820743103,0.16237145327924718
499,63.278635474396225,0.19634954084936207,-3.469446951953614e-18,0.2108522584092582,0.5242806255829865,-5.99563801384484e-17,0.20024419582195074,0.6739106158936956,5.551115123125783e-17,2.7138071177676517,7.308575716782039,0.0,1.5057677422897882,4.375451986665372,-5.551115123125783e-17,1.8680988215285883,6.412506210264569,0.035649100602966756,3.682374536223185,1.1336682468602426,4.851691883686394,6.927604296435692,-0.18940496766184034,0.0,0.19201812186641398,0.0026131542045736422,1.0,0.0003853565845301403,0.0,4.242640687119285,0.5698621820743103,0.16237145327924718
501,63.67133455609495,0.19634954084936207,-5.204170427930421e-18,0.2079735207299574,0.5571325147017118,-5.99563801384484e-17,0.21090072242966532,0.7573060356003365,5.551115123125783e-17,2.7212108381189046,7.413232056929338,5.551115123125783e-17,1.502552908105284,4.168727351359743,0.0,1.830626665940988,6.508887027581869,0.03592866687824345,3.7024942127478955,1.128832620827823,4.867255500453962,6.9009104985964225,-0.19050903992776116,0.0,0.17676734082174678,-0.013741699106014388,1.0,0.0003954411014858525,0.0,4.242640687119285,0.6027526967916488,0.18165540674480263
502,63.86768409694431,0.19634954084936207,-1.734723475976807e-18,0.20682465436542247,0.5660797252296563,-6.245004513516506e-17,0.2165046169581913,0.7363046215150935,5.551115123125783e-17,2.725482564706299,7.435846878111738,0.0,1.500375189783833,4.13692096380656,-5.551115123125783e-17,1.8129774691122014,6.502285667686531,0.03609599684322745,3.714127605259013,1.1255628550594365,4.875786457161677,6.888808884168404,-0.1903171368719072,0.0,0.18181814385848766,-0.008498993013419553,1.0,0.0003954411014858525,0.0,4.242640687119285,0.6027526967916488,0.18165540674480263
503,64.06403363779367,0.19634954084936207,-3.469446951953614e-18,0.20589719721931482,0.5424486107668987,-6.261267546103788e-17,0.2189181295866934,0.782196297792771,6.938893903907228e-17,2.7305031638227897,7.448633523261591,0.0,1.497592490141222,4.207121648162462,-5.551115123125783e-17,1.7988002978123223,6.43475999454365,0.036004060319847105,3.727823763823132,1.1213916332636928,4.885219457406672,6.880245368750982,-0.18872030865702827,0.0,0.19640313939612286,0.007682830739094593,1.0,0.0003954411014858525,0.0,4.242640687119285,0.6027526967916488,0.18165540674480263
504,64.26038317864304,0.19634954084936207,-8.673617379884035e-18,0.2056751776069756,0.5324107427484221,-6.109479241955817e-17,0.21800382314725733,0.791589438660975,8.326672684688674e-17,2.736167383303539,7.452266334810554,1.1102230246251565e-16,1.4942784911141316,4.25746650451667,0.0,1.7880899043545682,6.301775287928198,0.03570443065905135,3.743305974727068,1.1164341045031627,4.895444509889282,6.875140301027221,-0.187634945795835,0.0,0.2114274538702979,0.023792508074462898,1.0,0.0003954411014858525,0.0,4.242640687119285,0.6027526967916488,0.18165540674480263
506,64.65308226034178,0.19634954084936207,-7.806255641895632e-18,0.20966031449508074,0.6108660815937806,-6.16911036144252e-17,0.2100596709635503,0.6868214520283368,2.7755575615628914e-17,2.7480319514343745,7.423020003547211,-5.551115123125783e-17,1.4871921362851603,4.210151595915096,-8.326672684688674e-17,1.7721651409054604,5.979159481385883,0.035103480302110954,3.7758398030521074,1.1058702251142094,4.916813508468428,6.870637440975565,-0.18703751687199446,0.0,0.22415397449834432,0.03711645762634985,1.0,0.0003954411014858525,0.0,4.242640687119285,0.6027526967916488,0.18165540674480263
507,64.84943180119114,0.19634954084936207,-6.938893903907228e-18,0.2132978835547956,0.6566169708397789,-6.028164079019405e-17,0.20524702705347678,0.73357260500517,8.326672684688674e-17,2.753369440411996,7.379176777516122,0.0,1.4842252458974219,4.101821415454308,-8.326672684688674e-17,1.764622012372482,5.981470577037143,0.035034659143055015,3.790521637697334,1.1014622902796312,4.9270185871200205,6.869231405968018,-0.1872921990355736,0.0,0.22804118699340242,0.04074898795782883,1.0,0.0003954411014858525,0.0,4.242640687119285,0.6027526967916488,0.18165540674480263
508,65.04578134204051,0.19634954084936207,-3.469446951953614e-18,0.21626144638970782,0.6903729056868664,-6.114900252818245e-17,0.20153438911202115,0.7268332188509616,2.7755575615628914e-17,2.7580200678994173,7.452599888140298,-5.551115123125783e-17,1.48196759994315,3.9787115340929766,-5.551115123125783e-17,1.7568944831121684,5.967731184378441,0.03513284086983179,3.803337347467953,1.0981139836406304,4.936584171978415,6.868101276312338,-0.18796222059387838,0.0,0.22993834236494495,0.04197612177106658,1.0,0.0003954411014858525,0.0,4.242640687119285,0.6027526967916488,0.18165540674480263
510,65.43848042373925,0.19634954084936207,-3.469446951953614e-18,0.21622273403517858,0.6762659628772971,-6.08237418764368e-17,0.20069180418487467,0.6323445044223373,9.71445146547012e-17,2.766378032542133,7.473189961658894,1.1102230246251565e-16,1.4784517171381113,3.9596875267509115,-8.326672684688674e-17,1.7449761276175364,5.925929389097703,0.03507795152937817,3.82642370946584,1.092909739954315,4.9544114009495335,6.869455396111723,-0.18970741743939884,0.0,0.24086138224997253,0.05115396481057369,1.0,0.00040139431955331004,0.0,4.242640687119285,0.5857470969685791,0.171549830803559
511,65.63482996458862,0.19634954084936207,-6.071532165918825e-18,0.2135809838871275,0.6415651907833404,-6.21247844834194e-17,0.20317339136790813,0.637747689870716,5.551115123125783e-17,2.770677851273691,7.388733941514039,5.551115123125783e-17,1.4763051024159588,3.9603158681700146,0.0,1.7427433146926228,5.794413092059973,0.03457475813908919,3.8383278777692995,1.0897383777096972,4.962641013618086,6.872411041772356,-0.1948003509725247,0.0,0.25821084487550083,0.06341049390297612,1.0,0.00040139431955331004,0.0,4.242640687119285,0.5857470969685791,0.171549830803559
512,65.83117950543799,0.19634954084936207,-6.071532165918825e-18,0.2103254289681997,0.6796181591558802,-5.979374981257557e-17,0.20706908367760005,0.6430317938531693,6.938893903907228e-17,2.7751435164616485,7.310793692130448,5.551115123125783e-17,1.4739330776429087,3.915205136584182,-2.7755575615628914e-17,1.7423020359897121,5.628644553469607,0.033962719765832185,3.8507107684795607,1.0862393586849486,4.970912846930341,6.876768629461041,-0.19623803313458982,0.0,0.26714447389642276,0.07090644076183295,1.0,0.00040139431955331004,0.0,4.242640687119285,0.5857470969685791,0.171549830803559
513,66.02752904628736,0.19634954084936207,-5.204170427930421e-18,0.20729908491881188,0.7189721661258939,-5.984795992119984e-17,0.2122713442070189,0.6221676493633441,1.1102230246251565e-16,2.779475261610393,7.435605164082248,0.0,1.471722813783979,3.863536909329955,0.0,1.7418681671238143,5.771435889758838,0.033705427333299884,3.8627413649520808,1.0829840203061167,4.979430812591497,6.8816231050402195,-0.19748963659651764,0.0,0.2719713697967183,0.07448173320020068,1.0,0.00040139431955331004,0.0,4.242640687119285,0.5857470969685791,0.171549830803559
515,66.42022812798609,0.19634954084936207,-8.673617379884035e-18,0.20453521732905752,0.6788170138791646,-6.136584296267955e-17,0.22273604435676414,0.6890775983474907,9.71445146547012e-17,2.7874591604728898,7.542428433695438,0.0,1.4685613392590169,3.9386594136784217,-2.7755575615628914e-17,1.7428610743458077,5.992559839188742,0.03507393818439718,3.8849642856521136,1.0783362035831185,4.998374427419629,6.8968531066096,-0.1987161918737734,0.0,0.28902859892571797,0.09031240705194457,1.0,0.00040139431955331004,0.0,4.242640687119285,0.5857470969685791,0.171549830803559
516,66.61657766883546,0.19634954084936207,-3.469446951953614e-18,0.20527904743668832,0.6115151073405024,-6.23416249179165e-17,0.22410343920946113,0.7224497112312794,8.326672684688674e-17,2.791683970586238,7.537238941955499,5.551115123125783e-17,1.4671564452643213,3.9534078840963174,-2.7755575615628914e-17,1.7513787988687355,6.036013823246819,0.03602835122755283,3.896749695814071,1.0762740174403196,5.009052064481944,6.913504560146524,-0.19935279771295542,0.0,0.3356291490088245,0.1362763512958691,1.0,0.00040139431955331004,0.0,4.242640687119285,0.5857470969685791,0.171549830803559
517,66.81292720968483,0.19634954084936207,-7.806255641895632e-18,0.20677220049401554,0.5495233556782486,-5.919743861770854e-17,0.22109430413835915,0.7360188017676641,8.326672684688674e-17,2.796461548201094,7.530789736485884,0.0,1.4654114776337686,3.986771954724439,-5.551115123125783e-17,1.7695703552655757,6.030876361894915,0.036392713385756004,3.9100985952836305,1.0737153993903925,5.020206708059779,6.939394502853549,-0.19947350984613685,0.0,0.381208397594714,0.18173488774857713,1.0,0.00040139431955331004,0.0,4.242640687119285,0.5857470969685791,0.171549830803559
518,67.0092767505342,0.19634954084936207,-6.938893903907228e-18,0.20809236073211887,0.5670464016904663,-6.071532165918825e-17,0.21427803907532725,0.6943266532299526,5.551115123125783e-17,2.8017250665095537,7.480158092459779,5.551115123125783e-17,1.463268493749082,3.971253741798041,-1.1102230246251565e-16,1.795798591397912,5.988709230526051,0.03591548222246686,3.9248316741539813,1.070577342399354,5.031324498775803,6.972622838009172,-0.19935149827995252,0.0,0.41669348740849244,0.21734198912853991,1.0,0.00040139431955331004,0.0,4.242640687119285,0.5857470969685791,0.171549830803559
520,67.40197583223294,0.19634954084936207,-3.469446951953614e-18,0.2089598937125973,0.6358152311111297,-6.071532165918825e-17,0.197380677809734,0.5779038066501478,2.7755575615628914e-17,2.8121357103313374,7.475765095681155,5.551115123125783e-17,1.4587496557756734,4.0451202487396065,-8.326672684688674e-17,1.8457562213530583,6.016614055924323,0.03364814296549357,3.9540536266603663,1.0639752791128225,5.051677048738682,7.035492655590654,-0.19853295983769204,0.0,0.40617694380047736,0.20764398396278533,1.0,0.0004071771833683996,0.0,4.242640687119285,0.5926708171581804,0.17562934875547265
521,67.5983253730823,0.19634954084936207,-6.938893903907228e-18,0.20947466563249834,0.6380648136691686,-6.08237418764368e-17,0.19129424051690325,0.5688670159129574,8.326672684688674e-17,2.8164336167599595,7.491105278356786,1.1102230246251565e-16,1.4567205932193525,4.096566547388306,-2.7755575615628914e-17,1.8550821574102156,6.080601864404764,0.032836948893390935,3.966149158807792,1.061017443354671,5.060003551055854,7.050180043310796,-0.19975405657404194,0.0,0.3245867335577769,0.12483267698373496,1.0,0.0004071771833683996,0.0,4.242640687119285,0.5926708171581804,0.17562934875547265
522,67.79467491393167,0.19634954084936207,-2.6020852139652106e-18,0.21074747194086546,0.6305778085145706,-6.136584296267955e-17,0.18802482885911145,0.6248791534855297,8.326672684688674e-17,2.820180855313303,7.534719843110647,-5.551115123125783e-17,1.4547553381028848,4.098589703849773,-2.7755575615628914e-17,1.8494507226885153,6.135289983267221,0.032545814290369686,3.9767100283378367,1.0581565468694194,5.067412389497626,7.049095289793373,-0.1981415556219275,0.0,0.24418869229656387,0.04604713667463636,1.0,0.0004071771833683996,0.0,4.242640687119285,0.5926708171581804,0.17562934875547265
524,68.18737399563041,0.19634954084936207,-6.938893903907228e-18,0.21377025224944463,0.5966087677567657,-6.028164079019405e-17,0.18923769946929173,0.622014662131916,9.71445146547012e-17,2.827565766444238,7.533558232439782,5.551115123125783e-17,1.4494060862199993,4.038080347768497,-5.551115123125783e-17,1.800773274895,5.93544723117352,0.032772968371233446,3.9975640817836955,1.050389001385788,5.080726051540717,7.006666837572041,-0.19553744534957268,0.0,0.14002293831539672,-0.05551450703417596,1.0,0.0004071771833683996,0.0,4.242640687119285,0.5926708171581804,0.17562934875547265
525,68.38372353647978,0.19634954084936207,-1.0408340855860843e-17,0.21386431131705025,0.6089081877850187,-5.789639601072594e-17,0.19191555437316282,0.6725502295486352,8.326672684688674e-17,2.831912336281729,7.537082151631811,1.1102230246251565e-16,1.445519365875275,3.983968099616159,-2.7755575615628914e-17,1.7663092934712645,5.8078522103119905,0.03276056252860762,4.009863740192319,1.0447631185602284,5.087387421281155,6.974509640296182,-0.19317394589542453,0.0,0.08135303223822477,-0.11182091365719976,1.0,0.0004071771833683996,0.0,4.242640687119285,0.5926708171581804,0.17562934875547265
526,68.58007307732915,0.19634954084936207,-5.204170427930421e-18,0.21277710658293475,0.5973235924637215,-5.724587470723463e-17,0.19348151174418313,0.6368618440990204,6.938893903907228e-17,2.8367769980970263,7.489141612979177,-5.551115123125783e-17,1.4409683099003794,3.9124578830942465,-1.1102230246251565e-16,1.7313535767542203,5.755846326784814,0.03249532074788699,4.023651868466187,1.0381948350685777,5.094342024282652,6.9418848654409295,-0.1921302058908561,0.0,0.07684625263990022,-0.11528395325095589,1.0,0.0004071771833683996,0.0,4.242640687119285,0.5926708171581804,0.17562934875547265
527,68.77642261817851,0.19634954084936207,-5.204170427930421e-18,0.21120527755080604,0.5757618100739306,-6.006480035569695e-17,0.19242062065677945,0.7082838196529377,2.7755575615628914e-17,2.8419612182997285,7.466996248607411,5.551115123125783e-17,1.436133703019537,3.8664608746333564,-5.551115123125783e-17,1.6993913211168434,5.680898953943671,0.032100965753369085,4.038371783159839,1.0312400064743035,5.101712755387512,6.91269409467937,-0.19169863752272243,0.0,0.09270287649044566,-0.09899576103227677,1.0,0.0004071771833683996,0.0,4.242640687119285,0.5926708171581804,0.17562934875547265
529,69.16912169987725,0.19634954084936207,-8.673617379884035e-18,0.20873127470835995,0.5133970031999615,-5.898059818321144e-17,0.18714763569144355,0.6786453072718783,6.938893903907228e-17,2.852271850194999,7.534654527980136,5.551115123125783e-17,1.4273078104012293,3.77657065470101,-5.551115123125783e-17,1.6515614262847231,5.514336569784538,0.0320821704991869,4.0677273537074,1.0186037928161755,5.118413317022762,6.873483998932676,-0.19222315418132602,0.0,0.14097322604049373,-0.05124992814083229,1.0,0.0004071771833683996,0.0,4.242640687119285,0.5926708171581804,0.17562934875547265
530,69.36547124072662,0.19634954084936207,0.0,0.2076628627191929,0.5070965195483016,-6.114900252818245e-17,0.18820246746172012,0.6225774350913398,1.1102230246251565e-16,2.8570035764988497,7.585533735134735,0.0,1.423946185040152,3.7801711665093194,-2.7755575615628914e-17,1.6386644183751324,5.4524434831466015,0.03274891576868641,4.08123471806361,1.0138113689452015,5.127795002777498,6.866616062255852,-0.19352832121458974,0.0,0.20677619130316266,0.013247870088572922,1.0,0.00041040690918446154,0.0,4.242640687119285,0.5822652138482879,0.1695163896288962
531,69.56182078157599,0.19634954084936207,-3.469446951953614e-18,0.20642767126083103,0.5305544162407068,-6.049848122469115e-17,0.1922698843395285,0.6321370305938762,5.551115123125783e-17,2.861328228710499,7.63984964203463,0.0,1.4213211078573913,3.7887310320298466,0.0,1.6362579164439766,5.418747676671906,0.0335465458992226,4.093599616207782,1.010076845820481,5.137223007927486,6.870181645411874,-0.19610661359922807,0.0,0.26230775286170893,0.06620113926248086,1.0,0.00041040690918446154,0.0,4.242640687119285,0.5822652138482879,0.1695163896288962
532,69.75817032242536,0.19634954084936207,-6.938893903907228e-18,0.20506512962563053,0.5389842924096815,-5.984795992119984e-17,0.1970039345105542,0.6545902245243668,6.938893903907228e-17,2.865458724442473,7.672147333208229,5.551115123125783e-17,1.4192244737160897,3.791647043292537,0.0,1.6463774019342254,5.515619319303686,0.03402679388044922,4.105426850741743,1.0070990533973558,5.146552698019549,6.8855025598088195,-0.19710641069068113,0.0,0.3220639239315355,0.12495751324085436,1.0,0.00041040690918446154,0.0,4.242640687119285,0.5822652138482879,0.1695163896288962
534,70.1508694041241,0.19634954084936207,-6.071532165918825e-18,0.20236202741134576,0.5064815010586082,-5.876375774871434e-17,0.20307145372773172,0.637326994550931,6.938893903907228e-17,2.8738386078861464,7.706777057523094,0.0,1.4154001530709355,3.8074330855218723,-5.551115123125783e-17,1.6965265311273217,5.889531372706532,0.03349845028582814,4.129474172088492,1.0016787966566139,5.164651419030934,6.943444828808651,-0.19835005607538994,0.0,0.39125488293464095,0.192904826859251,1.0,0.00041040690918446154,0.0,4.242640687119285,0.5822652138482879,0.1695163896288962
535,70.34721894497346,0.19634954084936207,-3.469446951953614e-18,0.20160080554404186,0.474107100035914,-5.789639601072594e-17,0.2048307632184821,0.6939338620016098,1.249000902703301e-16,2.8780983475215938,7.699914079779461,0.0,1.4134545218529815,3.7876154439815926,-2.7755575615628914e-17,1.7252656363276724,6.020999943092323,0.03301905130155352,4.141725049003264,0.9989268426733204,5.173670942978138,6.976263994942602,-0.1989677982127476,0.0,0.4114162141005223,0.21244841588777472,1.0,0.00041040690918446154,0.0,4.242640687119285,0.5822652138482879,0.1695163896288962
536,70.54356848582283,0.19634954084936207,-6.938893903907228e-18,0.20204517574965866,0.5090652512076392,-5.898059818321144e-17,0.2053242261757483,0.7160068652870248,6.938893903907228e-17,2.8822301592065727,7.736856487875324,5.551115123125783e-17,1.4115071367720973,3.7462106512767273,-2.7755575615628914e-17,1.74838300910001,6.092167294090912,0.03278618284075174,4.153625345319972,0.9961761985792824,5.182587726740006,7.00411157487688,-0.19882968977835846,0.0,0.3870545214030527,0.18822483162469422,1.0,0.00041040690918446154,0.0,4.242640687119285,0.5822652138482879,0.1695163896288962
538,70.93626756752157,0.19634954084936207,-9.540979117872439e-18,0.20693348707089634,0.6008257144006247,-6.028164079019405e-17,0.19812864686418388,0.6900005669481035,5.551115123125783e-17,2.8901193433799564,7.870253573065019,0.0,1.4069084126636826,3.762364509216228,-2.7755575615628914e-17,1.7675895738572425,6.022598595671293,0.03261858872470775,4.176394909489494,0.9896956408119213,5.198709139026122,7.031985463272427,-0.1980507416810547,0.0,0.3172782590325899,0.1192275173515352,1.0,0.00041040690918446154,0.0,4.242640687119285,0.5822652138482879,0.1695163896288962
539,71.13261710837094,0.19634954084936207,-2.6020852139652106e-18,0.2095154955441483,0.6489822344515626,-5.778797579347739e-17,0.19154902113942482,0.6842956725283476,8.326672684688674e-17,2.894224270417783,7.945634385316874,5.551115123125783e-17,1.403637533202025,3.810124031831424,-8.326672684688674e-17,1.7644277018176533,5.904243716949876,0.0321163427502951,4.188267063737674,0.9850991623067327,5.205482568794702,7.031147112135647,-0.19700301616289803,0.0,0.24181319287291472,0.04481017671001669,1.0,0.00041040690918446154,0.0,4.242640687119285,0.5822652138482879,0.1695163896288962
540,71.3289666492203,0.19634954084936207,-3.469446951953614e-18,0.21052575218484168,0.671736095656415,-5.811323644522304e-17,0.186231149225713,0.6324808722577882,1.249000902703301e-16,2.898654822404095,7.953788315317184,0.0,1.3995245958579385,3.8525893454125204,0.0,1.754650690226977,5.939530583124688,0.031221084063392676,4.201099889723256,0.9793345472056632,5.211655520992313,7.022265810270757,-0.19615568174099618,0.0,0.1997849078481362,0.0036292261071400322,1.0,0.000412114413190636,0.0,4.242640687119285,0.5759856017964211,0.16587970673839272
541,71.52531619006967,0.19634954084936207,-9.540979117872439e-18,0.20949518408779236,0.6686078446983172,-6.006480035569695e-17,0.18412727605834783,0.5687555384842267,8.326672684688674e-17,2.9033474826917067,7.908822019070511,-5.551115123125783e-17,1.3947896730436256,3.8874725379280353,0.0,1.7392993007183495,5.961060187633364,0.030204130050350546,4.214713302626136,0.9727191160145721,5.2176365486910585,7.007149420225051,-0.19592179634257012,0.0,0.16755061320742998,-0.028371183135140143,1.0,0.000412114413190636,0.0,4.242640687119285,0.5759856017964211,0.16587970673839272
543,71.91801527176841,0.19634954084936207,-4.336808689942018e-18,0.20373849784077433,0.6087932561891755,-6.071532165918825e-17,0.18764014660153713,0.6299884497855617,6.938893903907228e-17,2.912723110245274,7.992513997634658,0.0,1.3855823709228547,3.918172034397243,-5.551115123125783e-17,1.696511946438704,5.865158983183202,0.029311170597616,4.241977958478451,0.9599192533060998,5.2312083823821665,6.968228887478761,-0.19408789824117578,0.0,0.14297691683223884,-0.05111098140893694,1.0,0.000412114413190636,0.0,4.242640687119285,0.5759856017964211,0.16587970673839272
544,72.11436481261778,0.19634954084936207,-5.204170427930421e-18,0.200838368348604,0.5698287896972696,-5.898059818321144e-17,0.19063699097697137,0.6246435858524397,8.326672684688674e-17,2.9169787277895654,8.007257440344388,5.551115123125783e-17,1.3819765663354515,3.8986511567063764,-8.326672684688674e-17,1.6735037135616841,5.737530686023815,0.02975322122007954,4.254382449188414,0.9549296149501624,5.239065285358657,6.9501608637211,-0.19245444865834418,0.0,0.1476553093390273,-0.044799139319316894,1.0,0.000412114413190636,0.0,4.242640687119285,0.5759856017964211,0.16587970673839272
545,72.31071435346715,0.19634954084936207,-1.734723475976807e-18,0.1984298348526076,0.5527021590239865,-6.114900252818245e-17,0.19389279331102904,0.5858226134286245,5.551115123125783e-17,2.9209737787969265,8.019009418162867,-5.551115123125783e-17,1.3790725763885212,3.8434971492078187,-5.551115123125783e-17,1.653967243373355,5.5610790696507895,0.030533754103372668,4.266043908209598,0.9509205854734368,5.247498247786408,6.937032896640899,-0.1918392930677888,0.0,0.17131937132281694,-0.02051992174497186,1.0,0.000412114413190636,0.0,4.242640687119285,0.5759856017964211,0.16587970673839272
546,72.50706389431652,0.19634954084936207,-2.6020852139652106e-18,0.19644107467828167,0.5303223908157795,-5.811323644522304e-17,0.19716403823215237,0.5711222057899833,2.7755575615628914e-17,2.9249642221571364,8.035046787440626,0.0,1.376486816706042,3.74911920980731,0.0,1.6412465814275456,5.355735701426492,0.031226127301303145,4.27770785044965,0.9473579782827661,5.256291956033719,6.930946326399338,-0.19176419919533075,0.0,0.20591311905097937,0.014148919855648617,1.0,0.000412114413190636,0.0,4.242640687119285,0.5759856017964211,0.16587970673839272
548,72.89976297601525,0.19634954084936207,-4.336808689942018e-18,0.19473486154987962,0.5252705658511565,-6.071532165918825e-17,0.19909201872563906,0.5570898569060455,8.326672684688674e-17,2.9336351253812856,8.059811232209627,5.551115123125783e-17,1.3707796414102793,3.587149872816237,0.0,1.6393488965146825,5.638271399210931,0.031084107049657188,4.303107524435435,0.939518412652447,5.273710044137539,6.938843954006041,-0.19276459187488626,0.0,0.2560794468614304,0.06331485498654416,1.0,0.000412114413190636,0.0,4.242640687119285,0.5759856017964211,0.16587970673839272
549,73.09611251686462,0.19634954084936207,-9.540979117872439e-18,0.19562662955276222,0.5496840403624496,-5.854691731421724e-17,0.19650006558433908,0.5834020227874541,1.1102230246251565e-16,2.938165132818827,8.065862263389823,0.0,1.3674971331632313,3.656677912921663,-2.7755575615628914e-17,1.6440236318915082,5.670289549711043,0.030390430418238835,4.316407173856138,0.9350242046048285,5.281821808879205,6.946605713082825,-0.1946172963422602,0.0,0.27646450942823453,0.08184721308597434,1.0,0.000412114413190636,0.0,4.242640687119285,0.5759856017964211,0.16587970673839272
550,73.29246205771399,0.19634954084936207,-5.204170427930421e-18,0.1973170812029397,0.5693577968963358,-5.984795992119984e-17,0.19344248840808992,0.585676241773081,4.163336342344337e-17,2.9425552722262713,8.039501731260275,1.1102230246251565e-16,1.3641204357820673,3.7031290809037443,-2.7755575615628914e-17,1.6452011559246613,5.59762259944182,0.029849998828656014,4.329315765053312,0.9304122816591283,5.289578045541096,6.950795774933302,-0.1960987083125824,0.0,0.2606569007569708,0.0645581924443884,1.0,0.00041364647892162034,0.0,4.242640687119285,0.5771074850888382,0.1665265246727818
552,73.68516113941273,0.19634954084936207,-4.336808689942018e-18,0.20163826571262883,0.5564147526175007,-5.898059818321144e-17,0.19196769084254237,0.5535027780216348,6.938893903907228e-17,2.95053452228271,7.8652991095447895,5.551115123125783e-17,1.3574704169207867,3.66908038209725,-5.551115123125783e-17,1.626128836650709,5.228216983489127,0.030268831477037003,4.35282698359103,0.9213629664075471,5.304458781475614,6.939781396097648,-0.19870910975707778,0.0,0.21646654560247797,0.017757435845400182,1.0,0.00041364647892162034,0.0,4.242640687119285,0.5771074850888382,0.1665265246727818
553,73.8815106802621,0.19634954084936207,-3.469446951953614e-18,0.2043803874673268,0.5285073146891173,-5.724587470723463e-17,0.19102732982206846,0.618710873245059,2.7755575615628914e-17,2.954246971964507,7.849198360899878,-5.551115123125783e-17,1.3541749434019952,3.588677636635968,-2.7755575615628914e-17,1.6100573357912336,5.3169653424773875,0.0307448725780397,4.363787585680729,0.9168948886688983,5.311427346927667,6.928239084221058,-0.19985150349330008,0.0,0.1880297745930915,-0.011821728900208578,1.0,0.00041364647892162034,0.0,4.242640687119285,0.5771074850888382,0.1665265246727818
554,74.07786022111146,0.19634954084936207,-5.204170427930421e-18,0.20717219456496888,0.5172614598694214,-5.594483210025203e-17,0.18697216926003052,0.6597582130551833,1.3877787807814457e-17,2.957917026849772,7.800694287152516,-5.551115123125783e-17,1.3507730227517463,3.5039184495079443,0.0,1.5954508179848086,5.358656239115457,0.030778297263431703,4.374636568863897,0.9122938794969447,5.317708745624273,6.917277719525485,-0.19994515143506203,0.0,0.1905887256550038,-0.009356425780058242,1.0,0.00041364647892162034,0.0,4.242640687119285,0.5771074850888382,0.1665265246727818
555,74.27420976196083,0.19634954084936207,-5.204170427930421e-18,0.20901903036038003,0.5267687060324575,-5.767955557622884e-17,0.18040380175092652,0.6664556811163118,4.163336342344337e-17,2.961671712577442,7.790808143808795,5.551115123125783e-17,1.347195291643346,3.510104075809381,-5.551115123125783e-17,1.5848618689955298,5.3346968718258445,0.030228563258315844,4.385749666540699,0.9074675769130001,5.323445806712014,6.909095912449936,-0.1994380896174559,0.0,0.2035838903279271,0.004145800710471187,1.0,0.00041364647892162034,0.0,4.242640687119285,0.5771074850888382,0.1665265246727818
557,74.66690884365957,0.19634954084936207,-5.204170427930421e-18,0.20703442510774286,0.5612432961897746,-5.898059818321144e-17,0.17464350530951014,0.5866114709327147,8.326672684688674e-17,2.9697296920184244,7.787472611285143,-5.551115123125783e-17,1.3398929876057426,3.5325303118076463,-5.551115123125783e-17,1.5753442547740701,5.117505669652387,0.028730870653164833,4.409647221827922,0.8976566091175211,5.336034701598608,6.903752881399539,-0.19753733697526363,0.0,0.2296456992503338,0.03210836227507016,1.0,0.00041364647892162034,0.0,4.242640687119285,0.5771074850888382,0.1665265246727818
558,74.86325838450894,0.19634954084936207,-8.673617379884035e-18,0.20384180401000063,0.5707955466774681,-5.637851296924623e-17,0.1800934374827748,0.5265342669065971,8.326672684688674e-17,2.973964666141625,7.839538563846654,5.551115123125783e-17,1.3366956086995232,3.520637196691309,-5.551115123125783e-17,1.5766288853142008,4.979775890567299,0.02856897405542687,4.422232917729433,0.8933775751582942,5.344179466943154,6.908711875443364,-0.19494328088925672,0.0,0.2660713721337149,0.07112809124445818,1.0,0.00041364647892162034,0.0,4.242640687119285,0.5771074850888382,0.1665265246727818
559,75.0596079253583,0.19634954084936207,-6.071532165918825e-18,0.20051193353920485,0.5702475185830518,-5.724587470723463e-17,0.18771447516002418,0.5278315154607576,5.551115123125783e-17,2.9782118049303214,7.898567737407728,5.551115123125783e-17,1.3341347726961799,3.49240767893454,-5.551115123125783e-17,1.584839763921167,5.015354650240379,0.02882985340712541,4.43487277751316,0.8899577958585434,5.353660426778829,6.921781833509911,-0.19322942075377117,0.0,0.3050534855466126,0.11182406479284143,1.0,0.00041364647892162034,0.0,4.242640687119285,0.5771074850888382,0.1665265246727818
560,75.25595746620768,0.19634954084936207,-6.938893903907228e-18,0.19781776312503696,0.5640667004803785,-5.898059818321144e-17,0.19276698469105288,0.5977204261353073,8.326672684688674e-17,2.982427919690673,7.919533886446934,0.0,1.332224321627161,3.454682546738646,-2.7755575615628914e-17,1.602661715715758,5.096129117023134,0.02915071014723114,4.447438148075217,0.8874108215674745,5.363999679789923,6.94491213661306,-0.19185183434911035,0.0,0.35350941902525607,0.16165758467614572,1.0,0.00041206094464887096,0.0,4.242640687119285,0.5577906171051913,0.15556518626529509
562,75.64865654790641,0.19634954084936207,-8.673617379884035e-18,0.19484271157807417,0.5327142256759421,-5.898059818321144e-17,0.18787302313369347,0.5099259379193202,5.551115123125783e-17,2.9910059690996498,7.960615064959906,0.0,1.3293704582209915,3.434312776101223,-2.7755575615628914e-17,1.663668183816479,5.304309241304505,0.028734306595849538,4.473058353594868,0.8836129075953447,5.385405567786062,7.016322268359076,-0.18996084356485257,0.0,0.4128789059636098,0.22291806239875725,1.0,0.00041206094464887096,0.0,4.242640687119285,0.5577906171051913,0.15556518626529509
563,75.84500608875578,0.19634954084936207,-4.336808689942018e-18,0.19428110444160457,0.5183248695556049,-5.681219383824043e-17,0.18205680523786147,0.5523932470570243,8.326672684688674e-17,2.9954459886460723,7.910209991866029,0.0,1.3277186558510001,3.4373722989638322,0.0,1.695466376625105,5.335792907391697,0.02810561540060833,4.486348335447923,0.8814184145473932,5.395872365395925,7.053434463195208,-0.18941234058770579,0.0,0.41800274163389906,0.22859040104619327,1.0,0.00041206094464887096,0.0,4.242640687119285,0.5577906171051913,0.15556518626529509
564,76.04135562960515,0.19634954084936207,-2.6020852139652106e-18,0.19424356294999962,0.494505409967028,-5.681219383824043e-17,0.17933741638696943,0.5774096450136407,4.163336342344337e-17,2.9999350074908016,7.892578444280047,5.551115123125783e-17,1.325626086780504,3.448657673308705,-2.7755575615628914e-17,1.717274796955812,5.289709308509242,0.027705329256720125,4.4998050245844174,0.878642260976496,5.406152614817633,7.081033712424228,-0.1891534697366128,0.0,0.36980217265969734,0.18064870292308455,1.0,0.00041206094464887096,0.0,4.242640687119285,0.5577906171051913,0.15556518626529509
566,76.43405471130389,0.19634954084936207,-1.0408340855860843e-17,0.19535399974944656,0.4780521644079897,-5.551115123125783e-17,0.18801537404388832,0.5511064701868347,8.326672684688674e-17,3.0084195224932437,8.020560158295213,0.0,1.320242563746314,3.514469980470445,-5.551115123125783e-17,1.7090871164122652,5.484351464448641,0.028795798493754347,4.525294011659236,0.8715202135637199,5.42561002371671,7.085794505581754,-0.18881062238972315,0.0,0.2435670615060261,0.05475643911630296,1.0,0.00041206094464887096,0.0,4.242640687119285,0.5577906171051913,0.15556518626529509
567,76.63040425215326,0.19634954084936207,-5.204170427930421e-18,0.19639111713094076,0.4824982880247559,-5.594483210025203e-17,0.1940931015889214,0.6005824821764268,9.71445146547012e-17,3.0122345346845525,8.05361833288305,5.551115123125783e-17,1.3170780552683943,3.5388113613531424,-5.551115123125783e-17,1.6792081202472302,5.467092580055137,0.030054221706235364,4.536778445973131,0.8673473018347877,5.434179969514155,7.0628570473470855,-0.18886387342086197,0.0,0.11715596755782365,-0.07170790586303832,1.0,0.00041206094464887096,0.0,4.242640687119285,0.5577906171051913,0.15556518626529509
568,76.82675379300262,0.19634954084936207,-6.938893903907228e-18,0.19817729591108452,0.49391628336656035,-5.637851296924623e-17,0.19623800324711368,0.5691117927740705,2.7755575615628914e-17,3.015938594894047,8.044089325415827,5.551115123125783e-17,1.3134720632431582,3.52459233053696,-8.326672684688674e-17,1.6393628070009387,5.35370387496164,0.03113392967724273,4.547942804085738,0.8626044304601195,5.4416811642231,7.029913406187281,-0.18941513411248842,0.0,0.06702609781409757,-0.12238903629839085,1.0,0.00041206094464887096,0.0,4.242640687119285,0.5577906171051913,0.15556518626529509
569,77.02310333385199,0.19634954084936207,-1.1275702593849246e-17,0.2011169144507425,0.5170684904151576,-5.767955557622884e-17,0.1925875586800028,0.5794494993494114,8.326672684688674e-17,3.0198052668650273,8.011702555686465,0.0,1.3092336393107609,3.4764728208375906,0.0,1.5971502019366413,5.157290103763697,0.031555366140830265,4.559611924892879,0.8570463611514496,5.448213652185159,6.993999980574097,-0.1903580016918382,0.0,0.05189175835494319,-0.138466243336895,1.0,0.00041206094464887096,0.0,4.242640687119285,0.5577906171051913,0.15556518626529509
571,77.41580241555073,0.19634954084936207,-4.336808689942018e-18,0.20804719608798533,0.6167320773641342,-5.724587470723463e-17,0.17503300145753267,0.5576973460085244,6.938893903907228e-17,3.0284368171223663,8.117323391639417,1.1102230246251565e-16,1.2991116815355448,3.4237989451017086,-8.326672684688674e-17,1.5250882897499691,5.010878804793162,0.030392622549317835,4.585714777651125,0.8438455805510554,5.459952980751498,6.931790020016324,-0.19194831618571498,0.0,0.0761636465003403,-0.11578466968537468,1.0,0.0004117684610466001,0.0,4.242640687119285,0.5644179846900904,0.1592838307208116
572,77.6121519564001,0.19634954084936207,-4.336808689942018e-18,0.2092415862286678,0.6442484480576092,-5.724587470723463e-17,0.1697389853812444,0.582620350927421,4.163336342344337e-17,3.0328796028889546,8.168399397076914,1.1102230246251565e-16,1.2940640254992746,3.402710501376256,-5.551115123125783e-17,1.498132909557366,5.0714732688116015,0.029595831156371762,4.599179342809932,0.8373008510456936,5.466076025011997,6.90936547402637,-0.19306278298775847,0.0,0.12114527849718537,-0.0719175044905731,1.0,0.0004117684610466001,0.0,4.242640687119285,0.5644179846900904,0.1592838307208116
573,77.80850149724947,0.19634954084936207,-1.734723475976807e-18,0.20785877968036273,0.6491535960453725,-5.681219383824043e-17,0.17050405798373935,0.5501756149842845,6.938893903907228e-17,3.0370927656177304,8.214385629614341,5.551115123125783e-17,1.2897200137334455,3.378737100575166,-2.7755575615628914e-17,1.478820236362061,5.109583442141794,0.029107987964179828,4.611966233483778,0.8316888569122993,5.4727630783602566,6.89491744397052,-0.1931887046161546,0.0,0.1622137684129697,-0.030974936203184894,1.0,0.0004117684610466001,0.0,4.242640687119285,0.5644179846900904,0.1592838307208116
574,78.00485103809883,0.19634954084936207,-4.336808689942018e-18,0.20457343334635728,0.6344629172976766,-5.811323644522304e-17,0.1753499196290609,0.6138806000491616,6.938893903907228e-17,3.0409968910264165,8.25335763809193,0.0,1.2863554393827568,3.375017274681361,-5.551115123125783e-17,1.470487412284773,5.118166774545367,0.028864342695400377,4.623831045616166,0.8273551582148027,5.480050546526369,6.8912356767569225,-0.19281307933277333,0.0,0.21629020848953373,0.023477129156760396,1.0,0.0004117684610466001,0.0,4.242640687119285,0.5644179846900904,0.1592838307208116
576,78.39755011979757,0.19634954084936207,-5.204170427930421e-18,0.1973395801149225,0.5864294401632817,-5.637851296924623e-17,0.18411977167980756,0.6270548331256985,8.326672684688674e-17,3.0482549050203587,8.30762135522552,-5.551115123125783e-17,1.2822267182040261,3.3858977602824423,0.0,1.4954220139194994,5.0548133565444715,0.02813513368669264,4.6459289829903385,0.8220526784381335,5.496116795115165,6.921966963476362,-0.1917741393827796,0.0,0.31011326293135283,0.11833912354857323,1.0,0.0004117684610466001,0.0,4.242640687119285,0.5644179846900904,0.1592838307208116
577,78.59389966064694,0.19634954084936207,-7.806255641895632e-18,0.19490815427663696,0.6191287171603999,-5.854691731421724e-17,0.18611612168142824,0.5879294180984362,8.326672684688674e-17,3.051895333319533,8.327005021692939,5.551115123125783e-17,1.2808637466159862,3.400441413268482,-5.551115123125783e-17,1.522811139563486,4.996855735474204,0.02761490132533491,4.65703256276877,0.8203059686975708,5.504953432791676,6.951376918519481,-0.19088541399663245,0.0,0.3790855502552052,0.18820013625857274,1.0,0.0004117684610466001,0.0,4.242640687119285,0.5644179846900904,0.1592838307208116
578,78.79024920149631,0.19634954084936207,-4.336808689942018e-18,0.19357351900398076,0.6238923770034053,-5.724587470723463e-17,0.18780713700358648,0.5528603619173522,2.7755575615628914e-17,3.0556666791337,8.31791211373343,-5.551115123125783e-17,1.2795194641799863,3.395471621441997,-5.551115123125783e-17,1.5507228030370666,4.942802438815032,0.027349175094803183,4.668549426983986,0.8185850296077195,5.514483631686509,6.9823487884961954,-0.1906549527909098,0.0,0.3871872278608796,0.19653227506996981,1.0,0.0004117684610466001,0.0,4.242640687119285,0.5644179846900904,0.1592838307208116
580,79.18294828319505,0.19634954084936207,-4.336808689942018e-18,0.19495690657453532,0.5561206248233015,-5.637851296924623e-17,0.1908896921448606,0.6408111375343019,4.163336342344337e-17,3.0635468038907994,8.258546528137533,-5.551115123125783e-17,1.2759968224372975,3.388393913676827,-2.7755575615628914e-17,1.5865531315158226,4.977236165289154,0.028188308569900893,4.692659509814765,0.8140839454350401,5.534931763819706,7.028646435817865,-0.19082463233460337,0.0,0.34945443655284253,0.15862980421823916,1.0,0.0004096284510466316,0.0,4.242640687119285,0.5514669782430642,0.15205791404626812
581,79.37929782404441,0.19634954084936207,-2.6020852139652106e-18,0.1972933722159016,0.5086489736246363,-5.637851296924623e-17,0.19016430893746916,0.6168168515158525,5.551115123125783e-17,3.067553795996365,8.215490370396948,1.1102230246251565e-16,1.273660193167449,3.357259255314683,0.0,1.5925518546210236,5.050927291260319,0.028881910936820937,4.704943145665854,0.8111051438296717,5.544930200432347,7.040815124869371,-0.19025708499840893,0.0,0.2942222727553392,0.10396518775693026,1.0,0.0004096284510466316,0.0,4.242640687119285,0.5514669782430642,0.15205791404626812
582,79.57564736489378,0.19634954084936207,-7.806255641895632e-18,0.19952218460971569,0.5558741788311553,-5.681219383824043e-17,0.18688318537907625,0.5986216624391894,8.326672684688674e-17,3.0714968230827537,8.221288526049277,0.0,1.2709197012091746,3.3022406586388184,0.0,1.5931002961218619,5.072609984233953,0.02925396073497376,4.717046367103724,0.8076184434608089,5.553918771299507,7.0467887242062766,-0.19051337347578717,0.0,0.26305636151008926,0.07254298803430209,1.0,0.0004096284510466316,0.0,4.242640687119285,0.5514669782430642,0.15205791404626812
583,79.77199690574315,0.19634954084936207,-5.204170427930421e-18,0.20065378000745193,0.5895403810523951,-5.724587470723463e-17,0.1817325111102854,0.5969556070755002,9.71445146547012e-17,3.0753848635188725,8.209686147697386,0.0,1.2678082459678002,3.314759115024775,0.0,1.5901164399654273,5.055079673952932,0.02910881970133976,4.7289960293804985,0.8036688742719749,5.561773723353813,7.048129576640834,-0.19057797012665806,0.0,0.23933744979717328,0.04875947967051522,1.0,0.0004096284510466316,0.0,4.242640687119285,0.5514669782430642,0.15205791404626812
585,80.16469598744189,0.19634954084936207,-4.336808689942018e-18,0.1995764594407884,0.5933811363502044,-5.724587470723463e-17,0.17255398335054112,0.5727553932664438,2.7755575615628914e-17,3.083298235403818,8.237482833482144,0.0,1.2606225867938974,3.361190753956732,-5.551115123125783e-17,1.5757857534779338,4.9906565455850895,0.027834818755104795,4.753364004222148,0.7945846531674687,5.575783476144722,7.040805329345477,-0.19009186654402271,0.0,0.21339313658807668,0.023301270044053968,1.0,0.0004096284510466316,0.0,4.242640687119285,0.5514669782430642,0.15205791404626812
586,80.36104552829126,0.19634954084936207,-6.938893903907228e-18,0.19900497859324714,0.5719113028947322,-5.811323644522304e-17,0.1712057147661188,0.5688969322668476,8.326672684688674e-17,3.087470434294153,8.243948315663243,5.551115123125783e-17,1.25670123719126,3.3592663029532934,-2.7755575615628914e-17,1.5648792912866327,4.999658453001347,0.027283827957681958,4.766236841320262,0.7896489997790219,5.583169669056965,7.034007411836381,-0.18888249707846647,0.0,0.19656299565679902,0.007680498578332556,1.0,0.0004096284510466316,0.0,4.242640687119285,0.5514669782430642,0.15205791404626812
587,80.55739506914063,0.19634954084936207,-6.938893903907228e-18,0.19919099220960526,0.5534865698981917,-5.594483210025203e-17,0.17224326772744117,0.5602321499902305,9.71445146547012e-17,3.09175656479002,8.275529522329647,1.1102230246251565e-16,1.2527989902993688,3.361479887835948,-2.7755575615628914e-17,1.5529808667989677,5.0256305073703915,0.02702676121791167,4.779479327961091,0.784752655047559,5.591258744226563,7.027183783887912,-0.18762632039589694,0.0,0.19522500320731534,0.0075986828114184,1.0,0.0004096284510466316,0.0,4.242640687119285,0.5514669782430642,0.15205791404626812
588,80.75374460999,0.19634954084936207,-2.6020852139652106e-18,0.1997624321382078,0.5469757399036117,-5.724587470723463e-17,0.17478429751333538,0.5292464366427642,1.1102230246251565e-16,3.0960135932239727,8.28998789891736,0.0,1.2491867988232361,3.3751626456901915,-2.7755575615628914e-17,1.5422748745526864,5.06099306686355,0.02701092161829237,4.792650084713808,0.780233829177122,5.599894835509222,7.022353847629001,-0.18620496084417348,0.0,0.20364973300222944,0.017444772158055954,1.0,0.0004096284510466316,0.0,4.242640687119285,0.5514669782430642,0.15205791404626812
590,81.14644369168873,0.19634954084936207,-5.204170427930421e-18,0.19954450167793744,0.5479760347598736,-5.854691731421724e-17,0.17887329234100216,0.5513707562555081,5.551115123125783e-17,3.104028131967413,8.254508600289249,0.0,1.2433964719663515,3.346938931281088,-2.7755575615628914e-17,1.5323181895417235,5.10029315738584,0.02697586578405062,4.8174953220225545,0.7730173932491851,5.61748858105579,7.02446571348509,-0.18430830540758789,0.0,0.23055650460914454,0.04624819920155665,1.0,0.00040688060636394363,0.0,4.242640687119285,0.5444471891266778,0.14821137087397024
591,81.3427932325381,0.19634954084936207,-3.469446951953614e-18,0.198456001669643,0.5506693882751226,-5.637851296924623e-17,0.17831087190681874,0.5621905409736851,1.3877787807814457e-16,3.108011171566007,8.22038260489802,5.551115123125783e-17,1.2408994048514768,3.298045159387981,-5.551115123125783e-17,1.5335246291136915,5.0863638992396325,0.02671432015969894,4.829866721289552,0.7699156664803747,5.6264967079296255,7.031370777196537,-0.1819375688857518,0.0,0.2562340362108083,0.07429646732505651,1.0,0.00040688060636394363,0.0,4.242640687119285,0.5444471891266778,0.14821137087397024
592,81.53914277338747,0.19634954084936207,-3.469446951953614e-18,0.19699334586440304,0.5372273396090577,-5.681219383824043e-17,0.17629892801672178,0.6028197740699264,8.326672684688674e-17,3.1122364276244663,8.225768463094093,0.0,1.2381172885161276,3.237401217235694,0.0,1.535581671883223,5.026141092269913,0.02638395871567454,4.843007790716349,0.766467210061264,5.635858959493288,7.038989158730945,-0.18182326514605682,0.0,0.25918457428772257,0.07736130914166575,1.0,0.00040688060636394363,0.0,4.242640687119285,0.5444471891266778,0.14821137087397024
594,81.9318418550862,0.19634954084936207,-4.336808689942018e-18,0.1934952914873744,0.4816312229066206,-5.637851296924623e-17,0.17433307499780604,0.4826280279847621,6.938893903907228e-17,3.121585062840128,8.364830968233191,0.0,1.2309983948070315,3.1349332998901223,-2.7755575615628914e-17,1.5269741113505702,4.7830690701633,0.026306679188353596,4.872146652273301,0.757678524008744,5.656131855470399,7.043355862397556,-0.18234087138986066,0.0,0.23249036806301399,0.050149496673153326,1.0,0.00040688060636394363,0.0,4.242640687119285,0.5444471891266778,0.14821137087397024
595,82.12819139593557,0.19634954084936207,-8.673617379884035e-18,0.1917211002589526,0.4783201406260901,-5.5077470362263625e-17,0.1766565911682299,0.5248957499740705,1.249000902703301e-16,3.126297772308977,8.425678826992668,0.0,1.2270268816190653,3.1755880519362147,2.7755575615628914e-17,1.5123527492057043,4.688574641812993,0.026676129006808602,4.886868880572036,0.7527974841079039,5.6663424936867495,7.036686904062765,-0.18333237701105565,0.0,0.1894789377766565,0.006146560765600856,1.0,0.00040688060636394363,0.0,4.242640687119285,0.5444471891266778,0.14821137087397024
596,82.32454093678494,0.19634954084936207,-9.540979117872439e-18,0.19013450594579653,0.48074465509464187,-5.811323644522304e-17,0.180917072084246,0.62492453398815,1.1102230246251565e-16,3.1306885051961975,8.461312334602843,-1.1102230246251565e-16,1.2232024034423674,3.1979539666572236,-2.7755575615628914e-17,1.492486878062677,4.609029547640256,0.027100283909068018,4.900605258283801,0.7481120598935918,5.675817602086461,7.025359273901158,-0.18421890548783465,0.0,0.16696171648341385,-0.017257189004420803,1.0,0.00040688060636394363,0.0,4.242640687119285,0.5444471891266778,0.14821137087397024
597,82.52089047763431,0.19634954084936207,-4.336808689942018e-18,0.1887741579005806,0.4723038568577983,-5.724587470723463e-17,0.18592161753204522,0.6631023425434689,8.326672684688674e-17,3.134664795509781,8.46168575347049,5.551115123125783e-17,1.2196991598930726,3.1940648558058324,0.0,1.470904696345247,4.509981452942131,0.027344744608186373,4.913061690104189,0.7438330203219335,5.684239455034309,7.012233844303478,-0.18521969864853643,0.0,0.1586114881264949,-0.026608210522041542,1.0,0.00040688060636394363,0.0,4.242640687119285,0.5444471891266778,0.14821137087397024
599,82.91358955933305,0.19634954084936207,-6.938893903907228e-18,0.18751656058837346,0.43368994622360174,-5.551115123125783e-17,0.19151715451299078,0.6017683783311454,5.551115123125783e-17,3.141781700703358,8.351816001804602,0.0,1.2136811043743099,3.11061616231265,-5.551115123125783e-17,1.4364655221996967,4.287074171592045,0.027047984584015892,4.935396127437242,0.7365109115576219,5.69895502357888,6.9925928981829815,-0.18678611992923394,0.0,0.17622308566938594,-0.010563034259848003,1.0,0.00040688060636394363,0.0,4.242640687119285,0.5444471891266778,0.14821137087397024
600,83.10993910018242,0.19634954084936207,-6.071532165918825e-18,0.18891518996380077,0.45925397401474366,-5.681219383824043e-17,0.18878772571097407,0.5685356956816806,1.3877787807814457e-16,3.145252246212473,8.332129323749019,5.551115123125783e-17,1.211123109169416,3.0687209060607716,-5.551115123125783e-17,1.4280814469420733,4.203522491387464,0.02676853383472401,4.946305846152301,0.7334095927820964,5.706483972769121,6.990536052708263,-0.18820836843200955,0.0,0.21629851784318943,0.028090149411179877,1.0,0.0004049679200486202,0.0,4.242640687119285,0.5462813953171602,0.14921168143483177
601,83.30628864103178,0.19634954084936207,-6.071532165918825e-18,0.19243040095939218,0.5032195491032684,-5.681219383824043e-17,0.18173553458657987,0.5926767460807358,6.938893903907228e-17,3.1488530059213224,8.299718227901929,1.1102230246251565e-16,1.2089080071754001,3.0430585144426083,-2.7755575615628914e-17,1.4267711864612596,4.199276033666496,0.026641246237485365,4.957637626449875,0.7307292849063984,5.715008157593759,6.995369967499496,-0.18801851656758145,0.0,0.25039003539441085,0.0623715188268294,1.0,0.0004049679200486202,0.0,4.242640687119285,0.5462813953171602,0.14921168143483177
602,83.50263818188115,0.19634954084936207,-8.673617379884035e-18,0.19751148998847742,0.5355810987124339,-5.5077470362263625e-17,0.17231271177661736,0.5767797770739063,6.938893903907228e-17,3.1525766211652586,8.233061160564414,0.0,1.2070158450622086,3.0381148637958857,0.0,1.4321495698494893,4.277862782225191,0.026739521038625407,4.969369676158879,0.7284436251156187,5.724552822313123,7.006780592842161,-0.1883419713117448,0.0,0.28358792269671407,0.09524595138496927,1.0,0.0004049679200486202,0.0,4.242640687119285,0.5462813953171602,0.14921168143483177
604,83.89533726357989,0.19634954084936207,-9.540979117872439e-18,0.20574358993941852,0.5954632754878145,-5.767955557622884e-17,0.16136136393248246,0.505684655665824,9.71445146547012e-17,3.1603068193988415,8.367555476888434,5.551115123125783e-17,1.203956631911925,3.066496222637708,0.0,1.4583986404632705,4.48552249585769,0.027282239538866382,4.993769596369411,0.7247557857623534,5.745807621670631,7.044833587949365,-0.18767439822296655,0.0,0.3211133837564567,0.13343898553349015,1.0,0.0004049679200486202,0.0,4.242640687119285,0.5462813953171602,0.14921168143483177
605,84.09168680442926,0.19634954084936207,-6.938893903907228e-18,0.2059312900456143,0.5872294401442026,-5.594483210025203e-17,0.16389911414323083,0.5559963390831756,9.71445146547012e-17,3.1642393857297204,8.465288734621522,5.551115123125783e-17,1.2025837291386543,3.058240436312592,-2.7755575615628914e-17,1.4764822078584425,4.576467790338995,0.027351872729324544,5.006205445101597,0.7231038127945162,5.756661130625438,7.06836486515304,-0.1858369823263126,0.0,0.34193837085422113,0.15610138852790853,1.0,0.0004049679200486202,0.0,4.242640687119285,0.5462813953171602,0.14921168143483177
606,84.28803634527863,0.19634954084936207,-3.469446951953614e-18,0.203188810915896,0.5859542052817208,-5.637851296924623e-17,0.1689128693672071,0.596468985561655,1.1102230246251565e-16,3.1681894400209827,8.498511407464456,5.551115123125783e-17,1.2011680960037348,3.0546630043805005,0.0,1.4958667385325881,4.635586441431219,0.027051224255310126,5.018712163930233,0.721402397428619,5.7671657856141625,7.092724853893774,-0.18411815017324587,0.0,0.3441777873697486,0.1600596371965027,1.0,0.0004049679200486202,0.0,4.242640687119285,0.5462813953171602,0.14921168143483177
608,84.68073542697736,0.19634954084936207,-5.204170427930421e-18,0.1934821283019565,0.5431832411973584,-5.767955557622884e-17,0.174124737775612,0.6293241899174256,9.71445146547012e-17,3.1762681686321517,8.388073106742851,5.551115123125783e-17,1.1977188471662124,3.0613988440507645,-5.551115123125783e-17,1.5281357729827052,4.705051957553529,0.025536216130660094,5.044339739532921,0.7172652184285803,5.787141174092161,7.134910106501493,-0.18160024608654732,0.0,0.32463529569496197,0.14303504960841465,1.0,0.0004049679200486202,0.0,4.242640687119285,0.5462813953171602,0.14921168143483177
609,84.87708496782673,0.19634954084936207,-4.336808689942018e-18,0.18904033602057077,0.5183040056937253,-5.594483210025203e-17,0.17413275959068883,0.6186754610786483,6.938893903907228e-17,3.180483541192834,8.37293641269446,5.551115123125783e-17,1.1954834244000032,3.096114047948513,-2.7755575615628914e-17,1.5337868545879954,4.622913389551729,0.02486990669443171,5.057737777899253,0.7145903090075794,5.797197993601264,7.146963873741717,-0.17957060186213342,0.0,0.2770984007099123,0.0975277988477789,1.0,0.0004049679200486202,0.0,4.242640687119285,0.5462813953171602,0.14921168143483177
610,85.0734345086761,0.19634954084936207,-4.336808689942018e-18,0.18591778644169898,0.5001468577069915,-5.854691731421724e-17,0.174690068007272,0.5574788932454174,1.1102230246251565e-16,3.1847794466702988,8.366142084548667,-5.551115123125783e-17,1.1929323546249366,3.114242728640547,-5.551115123125783e-17,1.5288310713569992,4.508044783789322,0.024631208070232856,5.071410061966786,0.7115438013554978,5.807585071392516,7.150206472829593,-0.1786032384876376,0.0,0.23237076019777542,0.05376752171013782,1.0,0.0003992207184909741,0.0,4.242640687119285,0.5182796256655198,0.13430688518999567
611,85.26978404952547,0.19634954084936207,-5.204170427930421e-18,0.184484169116141,0.4943603158664178,-5.767955557622884e-17,0.17614486481309702,0.4927600280228539,9.71445146547012e-17,3.1891282034866895,8.416394569795884,5.551115123125783e-17,1.1903070949510002,3.1137267853496464,-2.7755575615628914e-17,1.513978672408771,4.508348477672463,0.024815366783235676,5.08526934913712,0.7084154901453443,5.818500206065701,7.145791179748375,-0.1754705050481168,0.0,0.19081128463729174,0.015340779589174958,1.0,0.0003992207184909741,0.0,4.242640687119285,0.5182796256655198,0.13430688518999567
613,85.6624831312242,0.19634954084936207,-9.540979117872439e-18,0.18669068237464867,0.5198674959765359,-5.637851296924623e-17,0.17561117597578377,0.5434994620738824,9.71445146547012e-17,3.1973099513453924,8.446936477067249,0.0,1.1851892433037998,3.079844511247161,0.0,1.469249751965548,4.354713867145926,0.025385825801383384,5.111395462486138,0.7023367712215168,5.839118059509039,7.124302435816277,-0.17530894171588068,0.0,0.15870204051779482,-0.01660690119808586,1.0,0.0003992207184909741,0.0,4.242640687119285,0.5182796256655198,0.13430688518999567
614,85.85883267207358,0.19634954084936207,-4.336808689942018e-18,0.18931723791307312,0.5480543114295747,-5.551115123125783e-17,0.17254601347645462,0.5596374180771526,8.326672684688674e-17,3.2012914848945435,8.42012162328839,0.0,1.1825873886920972,3.0341107265330822,-5.551115123125783e-17,1.447443354209536,4.217135350090825,0.025371127654642577,5.124133585629156,0.6992564659467966,5.848761179230595,7.113692556361637,-0.17588010586589847,0.0,0.15924778856336663,-0.01663231730253184,1.0,0.0003992207184909741,0.0,4.242640687119285,0.5182796256655198,0.13430688518999567
615,86.05518221292294,0.19634954084936207,-3.469446951953614e-18,0.19204977841957202,0.5680484513400729,-5.724587470723463e-17,0.16981137128471605,0.5716950755704668,8.326672684688674e-17,3.205440338998132,8.429479169654076,-5.551115123125783e-17,1.1797396968136276,2.976822549454002,0.0,1.4284676030591419,4.062706465237793,0.025282108407852333,5.137423883438229,0.6958928761189548,5.8585988679650365,7.105432061191164,-0.17675426455551427,0.0,0.1718769986600104,-0.004877265895503857,1.0,0.0003992207184909741,0.0,4.242640687119285,0.5182796256655198,0.13430688518999567
616,86.25153175377231,0.19634954084936207,-9.540979117872439e-18,0.19465086204217086,0.5798481064663216,-5.421010862427522e-17,0.1692535159747898,0.5527949944679529,4.163336342344337e-17,3.209837257159766,8.42370438415671,0.0,1.1766535306997414,2.923496179908212,0.0,1.4122629241206686,3.9154635373813864,0.02540143442728096,5.1515276087254644,0.6922567656540837,5.869185808806829,7.099953947509296,-0.17790231808932816,0.0,0.18752503543278443,0.009622717343456266,1.0,0.0003992207184909741,0.0,4.242640687119285,0.5182796256655198,0.13430688518999567
618,86.64423083547105,0.19634954084936207,-4.336808689942018e-18,0.1998491670149387,0.584930936008075,-5.551115123125783e-17,0.1719282957239928,0.6160223130489377,9.71445146547012e-17,3.2188463463338617,8.487602864045828,5.551115123125783e-17,1.1708643343908738,2.9495373703421315,0.0,1.3908625580859646,4.112963760727632,0.026638963440428157,5.180485900653425,0.6854616447742918,5.892586508868145,7.100362790623503,-0.17987974807466633,0.0,0.21921950285651642,0.03933975478185009,1.0,0.0003992207184909741,0.0,4.242640687119285,0.5182796256655198,0.13430688518999567
619,86.84058037632042,0.19634954084936207,-6.938893903907228e-18,0.20192831608404901,0.5813606383250467,-5.724587470723463e-17,0.17122181701323022,0.6750300139775369,5.551115123125783e-17,3.2230440067281485,8.48951594653797,0.0,1.1687440115162815,2.9536313647593926,0.0,1.3900518515393911,4.22623859124473,0.027297096604635404,5.19400633465312,0.6829812822275847,5.904284713485341,7.108971916204308,-0.18185796942882151,0.0,0.26407527479999854,0.08221730537117702,1.0,0.0003992207184909741,0.0,4.242640687119285,0.5182796256655198,0.13430688518999567
620,87.03692991716979,0.19634954084936207,-6.071532165918825e-18,0.2026654337199104,0.5762573658608441,-5.594483210025203e-17,0.16840050754395572,0.7332571517961508,8.326672684688674e-17,3.22691302354573,8.460238052892834,5.551115123125783e-17,1.167208518577063,2.9487487812439466,-2.7755575615628914e-17,1.398428082009098,4.313525024517792,0.027504221060167332,5.206483830764522,0.681187862919431,5.91517591474412,7.124376074812494,-0.1830119846619718,0.0,0.2992534544196457,0.11624146975767388,1.0,0.000398108123719102,0.0,4.242640687119285,0.541170574195438,0.14643279518751004
622,87.42962899886852,0.19634954084936207,-6.938893903907228e-18,0.1986826184725206,0.5597266077710443,-5.637851296924623e-17,0.163671472745208,0.7042109448976414,4.163336342344337e-17,3.2341108511647816,8.466872955078227,5.551115123125783e-17,1.1650596638560742,2.9394149140008823,-2.7755575615628914e-17,1.4360306281561452,4.375322108381203,0.02630175920008325,5.229736498810894,0.6786820101722142,5.934720268183192,7.17019194890609,-0.18359091485896178,0.0,0.33697640760827985,0.15338549274931806,1.0,0.000398108123719102,0.0,4.242640687119285,0.541170574195438,0.14643279518751004
623,87.62597853971789,0.19634954084936207,-6.938893903907228e-18,0.19499139673979632,0.5445090343616285,-5.681219383824043e-17,0.1648554235421496,0.6287145692997425,1.249000902703301e-16,3.2377244715988884,8.511198028883719,5.551115123125783e-17,1.163962108324901,2.9099500774759712,0.0,1.45577923260294,4.359082705592469,0.025428334751082537,5.241429876995149,0.6774038948080742,5.944262106554305,7.193875158363439,-0.18363066866251782,0.0,0.3408239007639957,0.1571932321014779,1.0,0.000398108123719102,0.0,4.242640687119285,0.541170574195438,0.14643279518751004
624,87.82232808056726,0.19634954084936207,-6.938893903907228e-18,0.19148257512762853,0.5242786799239163,-5.724587470723463e-17,0.16787661963515418,0.5315824038920973,5.551115123125783e-17,3.241500947232398,8.545638939645372,5.551115123125783e-17,1.1626291800085586,2.900628520949824,-2.7755575615628914e-17,1.4694901278452017,4.427143341109093,0.024840348906585652,5.253664195454266,0.6758533051036868,5.954357849464538,7.213249488243543,-0.1828177262905946,0.0,0.3187160308935947,0.1358983046030001,1.0,0.000398108123719102,0.0,4.242640687119285,0.541170574195438,0.14643279518751004
625,88.01867762141663,0.19634954084936207,-4.336808689942018e-18,0.1888890105767596,0.4948781609235205,-5.551115123125783e-17,0.1710304656416782,0.564930723372174,6.938893903907228e-17,3.2454927590818454,8.570329761045333,5.551115123125783e-17,1.1609577511871028,2.909277732687382,0.0,1.4748841173212568,4.520711089660771,0.024655143319893123,5.2666116246263455,0.6739114500207073,5.965178217966946,7.226416121059808,-0.18144614256314293,0.0,0.2865693884129925,0.10512324584984958,1.0,0.000398108123719102,0.0,4.242640687119285,0.541170574195438,0.14643279518751004
627,88.41137670311537,0.19634954084936207,-5.204170427930421e-18,0.18714327280691748,0.4814715579680474,-5.811323644522304e-17,0.1731429330057596,0.6178946458146268,8.326672684688674e-17,3.254102251509345,8.583942065497405,5.551115123125783e-17,1.1564664874893666,2.9146506819163984,-2.7755575615628914e-17,1.4659535681018672,4.518119118191377,0.024747644023982194,5.294590731639094,0.6687073683429967,5.988045744006072,7.236988475583328,-0.17873255950830189,0.0,0.24406810839196474,0.06533554888366286,1.0,0.000398108123719102,0.0,4.242640687119285,0.541170574195438,0.14643279518751004
628,88.60772624396473,0.19634954084936207,-6.938893903907228e-18,0.1876226077165007,0.47513591429837,-5.551115123125783e-17,0.17201090585735274,0.6596735261095226,5.551115123125783e-17,3.2586023748541746,8.580951006510444,0.0,1.15379217161278,2.891522140070333,-5.551115123125783e-17,1.4572442896156157,4.435945618318751,0.02455468685983717,5.309244718702633,0.6656181876374675,5.999417593199937,7.238397229134081,-0.17594336505173683,0.0,0.22051606850871544,0.04457270345697861,1.0,0.000398108123719102,0.0,4.242640687119285,0.541170574195438,0.14643279518751004
629,88.8040757848141,0.19634954084936207,-3.469446951953614e-18,0.1884769503345937,0.47895097971389083,-5.551115123125783e-17,0.1706250274814466,0.6340741395369944,8.326672684688674e-17,3.2631244964047577,8.578490706148417,-5.551115123125783e-17,1.1510320044673088,2.8960280617200764,-5.551115123125783e-17,1.4476824715234766,4.3264343283959255,0.02420950275022677,5.323990739518401,0.6624373376540156,6.010637579922644,7.238936742932868,-0.17442931581579801,0.0,0.21366251039334985,0.03923319457755184,1.0,0.000398108123719102,0.0,4.242640687119285,0.541170574195438,0.14643279518751004
630,89.00042532566347,0.19634954084936207,-7.806255641895632e-18,0.1892680309893746,0.4806665382364195,-5.854691731421724e-17,0.1701868730695811,0.5461777668120894,9.71445146547012e-17,3.267623610188872,8.580135584074135,5.551115123125783e-17,1.148306293257866,2.895113921873765,-2.7755575615628914e-17,1.436596786847726,4.315706674461732,0.023985840859417122,5.338682028931877,0.65930367156781,6.021971541359104,7.238504001481842,-0.1734466824812638,0.0,0.20739710554644286,0.033950423065179064,1.0,0.0003937230685274109,0.0,4.242640687119285,0.5177634738065292,0.13403950740410225
632,89.39312440736221,0.19634954084936207,-2.6020852139652106e-18,0.1906124633506975,0.4696082616860702,-5.551115123125783e-17,0.1722880772930596,0.49901549727852906,1.3877787807814457e-16,3.2767058852360327,8.621231148999145,-5.551115123125783e-17,1.1431996669617084,2.8743482585892055,-2.7755575615628914e-17,1.4097267456385232,4.325289229053412,0.024635601107798326,5.368400729170225,0.6534527392706806,6.046489069548704,7.236520773108903,-0.17162282577822338,0.0,0.20287446898134612,0.031251643203122736,1.0,0.0003937230685274109,0.0,4.242640687119285,0.5177634738065292,0.13403950740410225
633,89.58947394821158,0.19634954084936207,-6.071532165918825e-18,0.19208108215398367,0.4852874443845935,-5.637851296924623e-17,0.17172476520955418,0.5149393778843897,0.0,3.281164076231639,8.655946739642083,5.551115123125783e-17,1.1408462280415992,2.8959107589126227,0.0,1.3988913837147232,4.304380164868363,0.025201996176431467,5.383018847576514,0.650765058018372,6.058985901771317,7.238113177716138,-0.17323589192715774,0.0,0.2175625702255604,0.044326678298402644,1.0,0.0003937230685274109,0.0,4.242640687119285,0.5177634738065292,0.13403950740410225
634,89.78582348906095,0.19634954084936207,-6.938893903907228e-18,0.19438502367062668,0.509088060108352,-5.551115123125783e-17,0.16795944058912474,0.4999475174274896,9.71445146547012e-17,3.285441579570038,8.684702721107032,5.551115123125783e-17,1.138773599586298,2.917870821639045,-2.7755575615628914e-17,1.3944953409848593,4.26561708395564,0.025455522228159003,5.397063186383831,0.648402655557367,6.070921364169358,7.2443706788544135,-0.17502116096068843,0.0,0.2419533844152071,0.06693222345451869,1.0,0.0003937230685274109,0.0,4.242640687119285,0.5177634738065292,0.13403950740410225
636,90.17852257075968,0.19634954084936207,-7.806255641895632e-18,0.19809040842158415,0.5869050520458822,-5.637851296924623e-17,0.15502281156602768,0.5498648244958401,9.71445146547012e-17,3.2932181731005636,8.705799390686078,0.0,1.1355658397380068,2.957163271719282,-2.7755575615628914e-17,1.4028345995830434,4.147784888631133,0.024650948168945194,5.422642967819906,0.6447548881899423,6.092048804178793,7.268148819091312,-0.17771855701625414,0.0,0.2715519321423328,0.09383337512607867,1.0,0.0003937230685274109,0.0,4.242640687119285,0.5177634738065292,0.13403950740410225
637,90.37487211160905,0.19634954084936207,-6.071532165918825e-18,0.19726904190215666,0.6017116330133565,-5.681219383824043e-17,0.1526176468327211,0.5667035933173659,2.7755575615628914e-17,3.296899408566443,8.695963164082043,5.551115123125783e-17,1.134045289467967,2.9554440293255855,0.0,1.4065000884723668,4.075866970085624,0.024102902297247077,5.4347728551028816,0.6430293592822424,6.101905116682371,7.279059950660262,-0.1794700975289813,0.0,0.26831447480387394,0.08884437727489264,1.0,0.0003937230685274109,0.0,4.242640687119285,0.5177634738065292,0.13403950740410225
638,90.57122165245842,0.19634954084936207,0.0,0.19422613132304126,0.5982045954754528,-5.681219383824043e-17,0.1564978942633237,0.551215277914387,1.249000902703301e-16,3.3006847946395355,8.706514713142138,0.0,1.1322172748084576,2.9367664946747185,-2.7755575615628914e-17,1.4040341117166648,3.998887740548949,0.023864047691586926,5.447260056782317,0.640957978687345,6.112082083161249,7.285294244301873,-0.17961936747026525,0.0,0.2457381585784144,0.06611879110814917,1.0,0.0003937230685274109,0.0,4.242640687119285,0.5177634738065292,0.13403950740410225
639,90.76757119330779,0.19634954084936207,-8.673617379884035e-18,0.18976343897789566,0.5787451454545337,-5.4643789493269423e-17,0.1651143593506416,0.577587086090344,6.938893903907228e-17,3.3046699314944488,8.741611395943224,5.551115123125783e-17,1.1300088605702274,2.916597822604425,-2.7755575615628914e-17,1.3953119616919343,3.9197744118146582,0.02394043178933012,5.460421678061762,0.6384600124836117,6.1228221223347035,7.286943911837275,-0.1790466976382575,0.0,0.2227510933028838,0.043704395664626305,1.0,0.0003937230685274109,0.0,4.242640687119285,0.5177634738065292,0.13403950740410225
641,91.16027027500652,0.19634954084936207,-4.336808689942018e-18,0.18153871581684516,0.5225927274655876,-5.4643789493269423e-17,0.18018504105046276,0.5694571535637412,4.163336342344337e-17,3.312992718917083,8.812171060020148,0.0,1.125324377334732,2.8457062488820344,-5.551115123125783e-17,1.373594661940019,4.266719407202168,0.023935285173325428,5.487960377798804,0.633177477111901,6.145073140084031,7.287676436929661,-0.17671158312798513,0.0,0.21349739379546423,0.0367858106674791,1.0,0.00039006859879704464,0.0,4.242640687119285,0.5165623740314239,0.13341834313249035
642,91.3566198158559,0.19634954084936207,-9.540979117872439e-18,0.17961171748632343,0.510616984772462,-5.811323644522304e-17,0.18070157059667175,0.5554773188149432,1.1102230246251565e-16,3.3170557142458925,8.826926978259015,5.551115123125783e-17,1.1233862151695926,2.851576959015012,-5.551115123125783e-17,1.3674190056970674,4.499011101012305,0.023423115462341576,5.501429305705663,0.6309982942165311,6.155850715384536,7.291704388629287,-0.17467253922563852,0.0,0.2287675015965002,0.05409496237086167,1.0,0.00039006859879704464,0.0,4.242640687119285,0.5165623740314239,0.13341834313249035
643,91.55296935670526,0.19634954084936207,-5.204170427930421e-18,0.17954606161816677,0.4836208563119845,-5.724587470723463e-17,0.1761973792432091,0.565760508565931,9.71445146547012e-17,3.320961577125917,8.813651244463529,0.0,1.121865029086164,2.8822317924828544,-2.7755575615628914e-17,1.3646920093873285,4.680580133098408,0.022713036589262735,5.514392898373328,0.6292905717432495,6.16639650670584,7.298530834180208,-0.17433092765887342,0.0,0.242257224211465,0.06792629655259158,1.0,0.00039006859879704464,0.0,4.242640687119285,0.5165623740314239,0.13341834313249035
645,91.945668438404,0.19634954084936207,-6.071532165918825e-18,0.18374341276028336,0.5079292438647757,-5.594483210025203e-17,0.16238560247304168,0.5102252384702775,1.1102230246251565e-16,3.328567876366657,8.692644004047319,-5.551115123125783e-17,1.1198640944038236,2.872521614818078,-5.551115123125783e-17,1.3608749430215703,4.807537750143672,0.022088323108393308,5.539682053790018,0.627047794967448,6.18881817186586,7.315900731680178,-0.17439360975786375,0.0,0.25230088634160547,0.07790727658374172,1.0,0.00039006859879704464,0.0,4.242640687119285,0.5165623740314239,0.13341834313249035
646,92.14201797925337,0.19634954084936207,-6.071532165918825e-18,0.18665943082402045,0.5174753315616529,-5.5077470362263625e-17,0.1592375853545693,0.511088858463331,8.326672684688674e-17,3.332416805434462,8.625948546375835,-5.551115123125783e-17,1.1192380670981033,2.846603600427633,-2.7755575615628914e-17,1.3581539798332516,4.748966612906442,0.02253636674580402,5.55250088257101,0.6263469254207492,6.201384174737564,7.3257683030512775,-0.1746412098785935,0.0,0.25944455035099767,0.08480334047240418,1.0,0.00039006859879704464,0.0,4.242640687119285,0.5165623740314239,0.13341834313249035
647,92.33836752010274,0.19634954084936207,-5.204170427930421e-18,0.18913951308171895,0.5432509543861591,-5.637851296924623e-17,0.16013406827386237,0.5010963767298916,1.1102230246251565e-16,3.3363498362260855,8.615490766248822,5.551115123125783e-17,1.1187717576280292,2.8325120225025984,-2.7755575615628914e-17,1.3573557817445434,4.615968657947583,0.02328070987795794,5.565615114842915,0.6258251228330546,6.214720947553928,7.337998044310522,-0.17472913141553417,0.0,0.27175666523879444,0.09702753382326026,1.0,0.00039006859879704464,0.0,4.242640687119285,0.5165623740314239,0.13341834313249035
648,92.5347170609521,0.19634954084936207,-1.0408340855860843e-17,0.1908258936800768,0.5652806273483686,-5.4643789493269423e-17,0.16317569352649483,0.537828669020235,1.1102230246251565e-16,3.3403851953799504,8.615690548714113,5.551115123125783e-17,1.118370912632232,2.8113442855521185,-5.551115123125783e-17,1.3616217662678312,4.430399183533243,0.023939379758782256,5.579086626756775,0.6253767491109258,6.228402755626482,7.354363240018476,-0.17471877718406081,0.0,0.29250605316821343,0.11778727598415262,1.0,0.00039006859879704464,0.0,4.242640687119285,0.5165623740314239,0.13341834313249035
650,92.92741614265084,0.19634954084936207,-6.938893903907228e-18,0.19235320430408676,0.5618602967951425,-5.2909066017292616e-17,0.16538036595412248,0.5465652143610731,1.1102230246251565e-16,3.3487659892687645,8.568080332382822,0.0,1.117388260181866,2.8423849455241035,-2.7755575615628914e-17,1.3893125997064235,4.053909950434858,0.024004968718566968,5.607116825441603,0.6242782619961287,6.255400056156299,7.4008294830722425,-0.1745369892393619,0.0,0.3263701358740355,0.15183314663467362,1.0,0.00038739116664077123,0.0,4.242640687119285,0.5180430718243436,0.134184312132601
651,93.12376568350021,0.19634954084936207,-4.336808689942018e-18,0.19267030586439315,0.5453577112092498,-5.377642775528102e-17,0.16289215111909103,0.5122568819303112,1.3877787807814457e-16,3.35309513489689,8.565871134353948,0.0,1.1167627916492087,2.854616619024933,-5.551115123125783e-17,1.4074014332751363,4.1091443918613955,0.0235598418942247,5.621623491834596,0.6235795664060672,6.268762900134888,7.427152741024879,-0.17296995911554894,0.0,0.33995154413777273,0.1669815850222238,1.0,0.00038739116664077123,0.0,4.242640687119285,0.5180430718243436,0.134184312132601
652,93.32011522434958,0.19634954084936207,-4.336808689942018e-18,0.19271921335018552,0.5320441779996425,-5.551115123125783e-17,0.15976691879563704,0.46546852619179613,9.71445146547012e-17,3.3574231950384874,8.55789907869011,5.551115123125783e-17,1.1160219713258959,2.8474311561037386,-2.7755575615628914e-17,1.4217156226114627,4.139732634642765,0.023189245088902515,5.636145255291224,0.6227525202410693,6.282087020621195,7.450583874988189,-0.17251535839259943,0.0,0.3254177106620243,0.15290235226942486,1.0,0.00038739116664077123,0.0,4.242640687119285,0.5180430718243436,0.134184312132601
653,93.51646476519895,0.19634954084936207,0.0,0.1924158449243857,0.5188363310802532,-5.681219383824043e-17,0.15790885657837594,0.4343363275212577,4.163336342344337e-17,3.3617441449400842,8.537220776727844,0.0,1.1151128842528077,2.823744606654534,-2.7755575615628914e-17,1.4284041979790831,4.13910880825382,0.023113335828052126,5.65066184801947,0.6217383723133079,6.29551355616083,7.468143337731289,-0.1718185547826103,0.0,0.29592282148715,0.1241042667045397,1.0,0.00038739116664077123,0.0,4.242640687119285,0.5180430718243436,0.134184312132601
655,93.90916384689768,0.19634954084936207,-5.204170427930421e-18,0.19116176169857332,0.5214241413722396,-5.681219383824043e-17,0.15934478897571797,0.4504956789737903,4.163336342344337e-17,3.3705154560215647,8.536989857233564,0.0,1.1123939944631411,2.791928069218469,0.0,1.4169352506758215,4.03615979028711,0.023631542836292627,5.6801872196401275,0.6187101994588313,6.322528961935252,7.483319647638175,-0.17048133617811698,0.0,0.24507464360558595,0.07459330742746897,1.0,0.00038739116664077123,0.0,4.242640687119285,0.5180430718243436,0.134184312132601
656,94.10551338774705,0.19634954084936207,-6.071532165918825e-18,0.19060414817794577,0.5193098459510939,-5.4643789493269423e-17,0.16082162267324515,0.45259415321225416,1.1102230246251565e-16,3.3749834867373574,8.52512924125719,0.0,1.1105684412770103,2.7807102678552775,-2.7755575615628914e-17,1.4026358820947151,3.9418512855814334,0.02383812801474503,5.695256767874926,0.616681131380224,6.335776027269895,7.483651761439815,-0.16921936813666522,0.0,0.20704170251167303,0.037822334375007816,1.0,0.00038739116664077123,0.0,4.242640687119285,0.5180430718243436,0.134184312132601
657,94.30186292859642,0.19634954084936207,-7.806255641895632e-18,0.190119813538587,0.5087269460734868,-5.767955557622884e-17,0.16198973350924867,0.4807121977002058,8.326672684688674e-17,3.379422726162325,8.543654048402766,0.0,1.1086420505360761,2.757219381799077,-2.7755575615628914e-17,1.3855966517483809,3.8995958166869436,0.02386891940376414,5.7102489810511985,0.6145435981084176,6.34866149856338,7.4815721786326055,-0.1686619575068484,0.0,0.1938850057636361,0.0252230482567877,1.0,0.00038739116664077123,0.0,4.242640687119285,0.5180430718243436,0.134184312132601
659,94.69456201029516,0.19634954084936207,-6.071532165918825e-18,0.1884432671342567,0.4660653838300934,-5.594483210025203e-17,0.1650601876687639,0.534512825162937,1.1102230246251565e-16,3.3880062198684797,8.586624046468119,-5.551115123125783e-17,1.1051991120932414,2.6939248358839043,-2.7755575615628914e-17,1.3487560240095906,4.036893422445858,0.02371092863570834,5.739293072933752,0.6107325386858447,6.3737365402553054,7.475637638262733,-0.16845850037317406,0.0,0.18893666135690618,0.02047816098373212,1.0,0.00038739116664077123,0.0,4.242640687119285,0.5180430718243436,0.134184312132601
660,94.89091155114453,0.19634954084936207,-6.938893903907228e-18,0.18692690291189323,0.4590095755892078,-5.594483210025203e-17,0.16759375713413044,0.5158093704871859,8.326672684688674e-17,3.3922409707928156,8.676707492323242,1.1102230246251565e-16,1.1037262564771377,2.6699541632877084,0.0,1.332410231156839,4.093575415977785,0.023664289357190393,5.753649401962693,0.609105824618518,6.386419515938401,7.474860937061602,-0.1689199123186078,0.0,0.20051192900134923,0.03159201668274142,1.0,0.0003834936673144422,0.0,4.242640687119285,0.5062597403902696,0.12814946237001157
661,95.0872610919939,0.19634954084936207,-5.204170427930421e-18,0.18508975655721333,0.4507164870401313,-5.421010862427522e-17,0.1700903907453435,0.5025025127347893,1.1102230246251565e-16,3.396618114881278,8.742790933394538,0.0,1.1023688941715548,2.672253136340231,0.0,1.3213889391471079,4.143666490740198,0.023572152896180205,5.768507309169824,0.6076085894185081,6.399688051484512,7.478735197598105,-0.16801366760345138,0.0,0.22264075423387017,0.05462708663041879,1.0,0.0003834936673144422,0.0,4.242640687119285,0.5062597403902696,0.12814946237001157
662,95.28361063284326,0.19634954084936207,-8.673617379884035e-18,0.1832703875443294,0.44987475082980616,-5.594483210025203e-17,0.17132922120389815,0.5305509676710842,1.1102230246251565e-16,3.401070267585385,8.78789341745835,0.0,1.1010936024367366,2.686274519129709,-8.326672684688674e-17,1.3185892391059242,4.160662746787866,0.023307250034287248,5.783639482526661,0.606203560663555,6.413150293224504,7.488796800889261,-0.16915450019239683,0.0,0.254635852108254,0.08548135191585718,1.0,0.0003834936673144422,0.0,4.242640687119285,0.5062597403902696,0.12814946237001157
664,95.676309714542,0.19634954084936207,-7.806255641895632e-18,0.18146667212187836,0.4689973240321529,-5.551115123125783e-17,0.1664992163306102,0.5419280918295885,8.326672684688674e-17,3.4097579005307805,8.847957610300627,-5.551115123125783e-17,1.0993982921672383,2.7890198620892694,-2.7755575615628914e-17,1.339726444114479,4.212476049022789,0.02215011231855147,5.813224470116038,0.6043383024101202,6.43971288484471,7.52866526242093,-0.17122492611724913,0.0,0.30583087225491773,0.1346059461376686,1.0,0.0003834936673144422,0.0,4.242640687119285,0.5062597403902696,0.12814946237001157
665,95.87265925539137,0.19634954084936207,-5.204170427930421e-18,0.18232834600225578,0.4967758988685632,-5.4643789493269423e-17,0.1605782494723169,0.4986435424091503,1.3877787807814457e-16,3.4137870431616575,8.811890312100424,-5.551115123125783e-17,1.0992191514732934,2.8225844509125415,0.0,1.3583126641938925,4.265189012837607,0.021523093278528017,5.826970988029205,0.6041413714828336,6.452635452790567,7.554930413574969,-0.17323388632755057,0.0,0.33939077155660824,0.16615688522905767,1.0,0.0003834936673144422,0.0,4.242640687119285,0.5062597403902696,0.12814946237001157
666,96.06900879624074,0.19634954084936207,-7.806255641895632e-18,0.18453891677508513,0.5171148496640269,-5.637851296924623e-17,0.1541230624759575,0.4632740940387883,1.3877787807814457e-16,3.4176160465185346,8.79803253153256,5.551115123125783e-17,1.0994085860835972,2.8382482316295494,0.0,1.3762168526886192,4.321428178527443,0.02115337534292002,5.840049720710489,0.6043496195771672,6.465552715630577,7.581274998126267,-0.17415243191111393,0.0,0.3406759752906151,0.16652354337950118,1.0,0.0003834936673144422,0.0,4.242640687119285,0.5062597403902696,0.12814946237001157
667,96.2653583370901,0.19634954084936207,-3.469446951953614e-18,0.18762165214501755,0.5321335128419937,-5.551115123125783e-17,0.14951282383555312,0.4531894076967976,8.326672684688674e-17,3.4213516818392398,8.787424244065496,0.0,1.0997500863069525,2.835841107666967,-2.7755575615628914e-17,1.389179606324333,4.371891119340011,0.021202581135389816,5.852823665412096,0.6047251261660745,6.47875137271356,7.604527893109041,-0.1744888326007526,0.0,0.32546157887613447,0.15097274627538187,1.0,0.0003834936673144422,0.0,4.242640687119285,0.5062597403902696,0.12814946237001157
669,96.65805741878884,0.19634954084936207,-8.673617379884035e-18,0.19276707042373525,0.5552022323729022,-5.4643789493269423e-17,0.15204302089602006,0.45437057758397115,1.1102230246251565e-16,3.428952027673012,8.823498236348549,0.0,1.0999931830392635,2.787158796960241,-5.551115123125783e-17,1.3912377635856028,4.408656053530324,0.022466769280424015,5.878856004041429,0.6049925013664252,6.506315274688278,7.633904255057905,-0.1737115988342573,0.0,0.2815808787817795,0.10786927994752221,1.0,0.0003834936673144422,0.0,4.242640687119285,0.5062597403902696,0.12814946237001157
670,96.85440695963821,0.19634954084936207,-6.938893903907228e-18,0.19331623851775834,0.5577708525117837,-5.551115123125783e-17,0.15751366696573632,0.47556387342790574,8.326672684688674e-17,3.432917798988149,8.846556387061158,5.551115123125783e-17,1.099585030915547,2.770065483975129,-2.7755575615628914e-17,1.380768566822316,4.37033230790953,0.023255037882521888,5.892462307304817,0.6045436201067722,6.520260965294112,7.639565480884514,-0.17205597907968415,0.0,0.23437256104147364,0.06231658196178949,1.0,0.0003805411405694507,0.0,4.242640687119285,0.5071734998300459,0.1286124794649288
671,97.05075650048758,0.19634954084936207,-6.071532165918825e-18,0.1922580404575259,0.548944680960556,-5.4643789493269423e-17,0.1626437102198352,0.49997955224078,8.326672684688674e-17,3.4370598195980033,8.857637667841757,5.551115123125783e-17,1.0987679224697504,2.7915619987103453,0.0,1.3656735501143251,4.281510792251013,0.023771831179321076,5.906690101747528,0.6036454737242459,6.534107406651095,7.641320226655445,-0.16957777449118305,0.0,0.21179169025639713,0.04221391576521408,1.0,0.0003805411405694507,0.0,4.242640687119285,0.5071734998300459,0.1286124794649288
673,97.44345558218632,0.19634954084936207,-4.336808689942018e-18,0.18717224380471534,0.5390115307673522,-5.5077470362263625e-17,0.16630898422958568,0.4954187870300124,1.3877787807814457e-16,3.445632462768704,8.959700988968343,0.0,1.0961361206914209,2.807249627472138,0.0,1.3332243390777345,3.9584520486666235,0.023549905073301024,5.936191534242761,0.6007571975422183,6.560498636858281,7.641177361744002,-0.1684485397088491,0.0,0.2011233622237311,0.03267482251488199,1.0,0.0003805411405694507,0.0,4.242640687119285,0.5071734998300459,0.1286124794649288
674,97.63980512303569,0.19634954084936207,-5.204170427930421e-18,0.18465351855779244,0.5173823733740478,-5.334274688628682e-17,0.1651597982534169,0.5089409160790431,8.326672684688674e-17,3.449964900558572,9.007554843128984,-5.551115123125783e-17,1.0947737295666427,2.8116809097048168,-5.551115123125783e-17,1.3205666947915726,3.7562135450289915,0.02304055798358021,5.95112890754306,0.5992647594746283,6.573434225001268,7.643551011231937,-0.1679640577618893,0.0,0.2128146420555868,0.04485058429369751,1.0,0.0003805411405694507,0.0,4.242640687119285,0.5071734998300459,0.1286124794649288
675,97.83615466388505,0.19634954084936207,-7.806255641895632e-18,0.1830821065566889,0.4950334481930915,-5.4643789493269423e-17,0.1633279503183856,0.514707546992344,5.551115123125783e-17,3.454256991642385,9.01156407622443,5.551115123125783e-17,1.0937305687733874,2.8301450067133236,0.0,1.3123421572911724,3.5931228259028654,0.022561677335400564,5.96594568215515,0.5981232785346788,6.5866306380252295,7.649759239766892,-0.16791737547331917,0.0,0.2321662256165867,0.06424885014326753,1.0,0.0003805411405694507,0.0,4.242640687119285,0.5071734998300459,0.1286124794649288
676,98.03250420473442,0.19634954084936207,-4.336808689942018e-18,0.18267747799509512,0.48773308021217887,-5.637851296924623e-17,0.16179259670680762,0.49150746306273174,1.1102230246251565e-16,3.458500097761321,8.971465200513272,-5.551115123125783e-17,1.0931350835807494,2.8329670853464,0.0,1.3094962018882217,3.6197371484021414,0.022265999135353903,5.980611463107536,0.597472155477546,6.600349617720436,7.660812454943092,-0.1679231454131822,0.0,0.2567106083171467,0.0887874629039645,1.0,0.0003805411405694507,0.0,4.242640687119285,0.5071734998300459,0.1286124794649288
678,98.42520328643316,0.19634954084936207,-6.938893903907228e-18,0.18403411922865173,0.5061838040049012,-5.421010862427522e-17,0.1616135433261603,0.4843080047927435,8.326672684688674e-17,3.46696567016401,8.923114855679264,-5.551115123125783e-17,1.0930335516074892,2.862247027586561,0.0,1.3210094146538864,3.679696942938564,0.022196037796901692,6.009925479047894,0.5973611724698409,6.629482689314637,7.698011647657611,-0.16791097491489004,0.0,0.29487221902299493,0.1269612441081049,1.0,0.0003805411405694507,0.0,4.242640687119285,0.5071734998300459,0.1286124794649288
679,98.62155282728253,0.19634954084936207,-6.938893903907228e-18,0.18500541363269787,0.5231268884738248,-5.594483210025203e-17,0.16265506572789862,0.5371679407724336,8.326672684688674e-17,3.4712011601048935,8.940569739762084,-5.551115123125783e-17,1.093269318788322,2.8540143806475404,-5.551115123125783e-17,1.3337462475569435,3.701717039818856,0.022220147873390654,6.0246187469567785,0.5976189017019409,6.6444577965321105,7.7223740425095535,-0.16793018140239535,0.0,0.32405175710204115,0.1561215756996458,1.0,0.0003805411405694507,0.0,4.242640687119285,0.5071734998300459,0.1286124794649288
680,98.8179023681319,0.19634954084936207,-8.673617379884035e-18,0.18613778807935613,0.5343116267033726,-5.5077470362263625e-17,0.163353585788895,0.5836763887411389,1.1102230246251565e-16,3.4753762174950316,8.93595827267279,5.551115123125783e-17,1.0935909555455121,2.8734667033439525,-2.7755575615628914e-17,1.3483971928450789,3.7118612344571034,0.022181583303663273,6.039119926565036,0.597970589025473,6.659272098894172,7.7481499351312175,-0.16803612215293579,0.0,0.33138897224379615,0.16335285009086037,1.0,0.00037755952360401667,0.0,4.242640687119285,0.502923521481739,0.12646603422979663
681,99.01425190898127,0.19634954084936207,-1.734723475976807e-18,0.18763306130594026,0.5407889857845253,-5.421010862427522e-17,0.1627382326807285,0.5956752765358453,1.1102230246251565e-16,3.4795003682121237,8.910331299696256,-5.551115123125783e-17,1.0939806041752822,2.8829116108876813,-2.7755575615628914e-17,1.3621676292493807,3.955638686044683,0.02210423702938108,6.053461406194153,0.5983967811558577,6.673962424379392,7.773344381082465,-0.1669511752557048,0.0,0.3272911722955717,0.1603399970398669,1.0,0.00037755952360401667,0.0,4.242640687119285,0.502923521481739,0.12646603422979663
683,99.40695099068,0.19634954084936207,-4.336808689942018e-18,0.19102655986053668,0.5522092696125795,-5.421010862427522e-17,0.15725616956371685,0.5037798902876927,5.551115123125783e-17,3.4876018340753894,8.879223261046345,1.1102230246251565e-16,1.0943717963276471,2.9296136723346167,-2.7755575615628914e-17,1.3769328361150914,4.4264038845233715,0.02215369794191463,6.081683276523011,0.5988248142987007,6.702661788763626,7.813391492558753,-0.16740990725520055,0.0,0.30202104711739847,0.13461113986219791,1.0,0.00037755952360401667,0.0,4.242640687119285,0.502923521481739,0.12646603422979663
684,99.60330053152937,0.19634954084936207,-7.806255641895632e-18,0.19169861257267629,0.5659943677675949,-5.5077470362263625e-17,0.15464239430831123,0.4587830180665001,1.3877787807814457e-16,3.4917416367763434,8.854710730509197,0.0,1.0940967287471828,2.934542158315084,-2.7755575615628914e-17,1.3759457136575963,4.588266221863595,0.022332586799413162,6.096129828998767,0.5985238259276433,6.716986241725824,7.826681251525299,-0.16774052175875478,0.0,0.268731685220353,0.10099116346159823,1.0,0.00037755952360401667,0.0,4.242640687119285,0.502923521481739,0.12646603422979663
685,99.79965007237874,0.19634954084936207,-7.806255641895632e-18,0.19096128775866594,0.5716811988644008,-5.594483210025203e-17,0.15376146198698493,0.4470426946815115,8.326672684688674e-17,3.4959726833392777,8.874560344926078,1.1102230246251565e-16,1.0934819805733549,2.9204657608006293,-2.7755575615628914e-17,1.3707161228293423,4.672746225091915,0.022478692100916572,6.110912501327213,0.5978514209193133,6.731242614347443,7.836386961400518,-0.16779254092639434,0.0,0.25072338649646486,0.08293084557007052,1.0,0.00037755952360401667,0.0,4.242640687119285,0.502923521481739,0.12646603422979663
687,100.19234915407748,0.19634954084936207,-1.0408340855860843e-17,0.1860505485588117,0.5626144349171464,-5.5077470362263625e-17,0.15560900964807936,0.5293552361645472,1.1102230246251565e-16,3.5043997458390344,8.864652988347862,0.0,1.0919195996308133,2.85581151568501,-5.551115123125783e-17,1.3561501491915675,4.595896947070614,0.02208470213289461,6.140408789318346,0.5961442060289578,6.758637697480198,7.8513505748402785,-0.16765331392740926,0.0,0.23882652763154558,0.07117321370413632,1.0,0.00037755952360401667,0.0,4.242640687119285,0.502923521481739,0.12646603422979663
688,100.38869869492684,0.19634954084936207,-7.806255641895632e-18,0.1832118001626224,0.5354443962109385,-5.421010862427522e-17,0.15633240488619457,0.5524034233296578,8.326672684688674e-17,3.508457003215916,8.83061865134424,0.0,1.0913506340730936,2.835593431440189,-2.7755575615628914e-17,1.348953187598578,4.460838880110515,0.0215720588169979,6.154635271707402,0.5955231032458719,6.771730433770273,7.858565706645884,-0.1674346396114686,0.0,0.23664585320118695,0.06921121358971835,1.0,0.00037755952360401667,0.0,4.242640687119285,0.502923521481739,0.12646603422979663
689,100.58504823577621,0.19634954084936207,-7.806255641895632e-18,0.18092031628226202,0.4941201694177031,-5.551115123125783e-17,0.15688902675014546,0.5487040973181095,1.1102230246251565e-16,3.512421588343459,8.779001718838996,0.0,1.0910442896881358,2.8505276487989537,-5.551115123125783e-17,1.341055758696059,4.299169235312757,0.021139665052542445,6.168552707130595,0.5951888210305445,6.784881193213682,7.865646262185828,-0.16730887165785596,0.0,0.2359215235475161,0.06861265188966015,1.0,0.00037755952360401667,0.0,4.242640687119285,0.502923521481739,0.12646603422979663
690,100.78139777662558,0.19634954084936207,-3.469446951953614e-18,0.17938970260783893,0.4540487973601267,-5.551115123125783e-17,0.15822903784324466,0.5058374983258092,1.1102230246251565e-16,3.5163632541380947,8.714350134563299,5.551115123125783e-17,1.0909988275360931,2.8801538184802102,2.7755575615628914e-17,1.3319162286356665,4.147440860642411,0.021021733611756497,6.182405267526324,0.595139220842565,6.7985662219806455,7.872685669651037,-0.16720724094515246,0.0,0.23613132569550097,0.0689240847503485,1.0,0.00037638955451809234,0.0,4.242640687119285,0.5110075978041209,0.13056438250676905
692,101.17409685832432,0.19634954084936207,-6.938893903907228e-18,0.17844875136297617,0.4401130901152097,-5.594483210025203e-17,0.1634932448362782,0.584580122602316,1.3877787807814457e-16,3.524445470743517,8.78370786410295,-5.551115123125783e-17,1.0916294290935342,2.890180202909229,0.0,1.31712250196326,3.9919077505093226,0.02161605647623812,6.210857938122246,0.5958274052315375,6.828301399830021,7.892527960059607,-0.16658694344599018,0.0,0.25058715814565197,0.08400021469966179,1.0,0.00037638955451809234,0.0,4.242640687119285,0.5110075978041209,0.13056438250676905
693,101.37044639917369,0.19634954084936207,-7.806255641895632e-18,0.17886367520509502,0.45345173664425387,-5.637851296924623e-17,0.16473626062505575,0.6008157598139676,8.326672684688674e-17,3.528611062449553,8.825858391188584,0.0,1.0922056383735501,2.8749591648351966,-5.551115123125783e-17,1.3177989724072634,4.009889018541573,0.021811742852522416,6.225548015020681,0.5964565782474871,6.84381633612069,7.909153329921139,-0.16652869790536637,0.0,0.2839781916935005,0.11744949378813416,1.0,0.00037638955451809234,0.0,4.242640687119285,0.5110075978041209,0.13056438250676905
694,101.56679594002306,0.19634954084936207,-8.673617379884035e-18,0.17981939080018444,0.46318590651197056,-5.5077470362263625e-17,0.16322902521404287,0.5698183071923841,1.1102230246251565e-16,3.5328637900138555,8.868088893804002,0.0,1.0928291390600857,2.851559137821235,-5.551115123125783e-17,1.3254940823622958,4.077174803508377,0.021660530541140057,6.24056327939553,0.597137763589404,6.859361573526074,7.930871668957394,-0.16653850995222932,0.0,0.3089929839506217,0.14245447399839237,1.0,0.00037638955451809234,0.0,4.242640687119285,0.5110075978041209,0.13056438250676905
695,101.76314548087242,0.19634954084936207,-5.204170427930421e-18,0.18135242563564627,0.4604351425870988,-5.594483210025203e-17,0.1591232534664221,0.501710746478365,1.1102230246251565e-16,3.5371912688590084,8.901470755747171,0.0,1.0933790481616492,2.8586400244816925,-5.551115123125783e-17,1.337172937415869,4.167364388883122,0.021242712636378544,6.2558610362462,0.5977388714794369,6.874842620362015,7.955349987271946,-0.16658367150440676,0.0,0.3225487010406816,0.15596502953627486,1.0,0.00037638955451809234,0.0,4.242640687119285,0.5110075978041209,0.13056438250676905
697,102.15584456257116,0.19634954084936207,-7.806255641895632e-18,0.18604833608380467,0.48925734988437175,-5.572799166575493e-17,0.1500924150637554,0.41795170167461104,8.326672684688674e-17,3.5459039828749987,8.971374822729103,5.551115123125783e-17,1.0940369105845005,2.869350717115287,-2.7755575615628914e-17,1.352260107405731,4.304578389765288,0.02069780539095008,6.286717527884391,0.598458380860639,6.905873714135979,7.9980560924784765,-0.16661898962999233,0.0,0.3072724250400484,0.1406534354100561,1.0,0.00037638955451809234,0.0,4.242640687119285,0.5110075978041209,0.13056438250676905
698,102.35219410342053,0.19634954084936207,-5.204170427930421e-18,0.1885917861192925,0.5086222790634599,-5.5294310796760726e-17,0.14876579360232178,0.4628671550782081,1.1102230246251565e-16,3.5501850435932663,8.957654619910093,0.0,1.0941884877376622,2.879222067708218,-2.7755575615628914e-17,1.3494422031970934,4.314023322274102,0.020904467934169814,6.30190692187666,0.5986242233488159,6.9214356131596455,8.011728286646207,-0.1665131051094113,0.0,0.2692655097370239,0.10275240462761259,1.0,0.00037638955451809234,0.0,4.242640687119285,0.5110075978041209,0.13056438250676905
699,102.5485436442699,0.19634954084936207,-6.938893903907228e-18,0.19044738170876196,0.534652986426092,-5.4643789493269423e-17,0.14976116928066896,0.5204661367647364,1.1102230246251565e-16,3.5543910855617136,8.967541221839072,0.0,1.0942644344713734,2.8805702801195348,0.0,1.3408914453743315,4.278956938593996,0.02127761792813691,6.316847994560286,0.5987073262744774,6.9368329387629,8.020997529472456,-0.16633420725775547,0.0,0.24695082957092934,0.08061662231317387,1.0,0.00037638955451809234,0.0,4.242640687119285,0.5110075978041209,0.13056438250676905
701,102.94124272596864,0.19634954084936207,-3.469446951953614e-18,0.19007509011486592,0.5659858746327278,-5.4860629927766524e-17,0.1531467598679885,0.525682923495822,1.3877787807814457e-16,3.5627552505176707,8.956800534686392,5.551115123125783e-17,1.0942510342380865,2.8622990524974017,-5.551115123125783e-17,1.3213546656872284,4.12872978213483,0.02148169943338974,6.346612487545615,0.598692662965561,6.966786849944566,8.036893614094145,-0.16528473879429664,0.0,0.23816441495845292,0.07287967616415628,1.0,0.0003729981036406809,0.0,4.242640687119285,0.49449753603016056,0.12226390656994998
702,103.137592266818,0.19634954084936207,-5.204170427930421e-18,0.18785079705198154,0.5544105553850887,-5.5077470362263625e-17,0.15433951186145353,0.47014651622646625,8.326672684688674e-17,3.5669470568462627,8.939427645285074,1.1102230246251565e-16,1.0942749628560124,2.8509834941139762,2.7755575615628914e-17,1.315408093079689,4.055957281522245,0.021180884055220808,6.361555653172108,0.5987188471667636,6.981455384394092,8.047354813422533,-0.16437091241479607,0.0,0.248689724844184,0.08431881242938793,1.0,0.0003729981036406809,0.0,4.242640687119285,0.49449753603016056,0.12226390656994998
703,103.33394180766737,0.19634954084936207,-6.938893903907228e-18,0.18496288874874248,0.5279453224836341,-5.4643789493269423e-17,0.1562532998635806,0.4933719626682548,8.326672684688674e-17,3.5710991638779905,8.918524960265131,-5.551115123125783e-17,1.0944976930512038,2.843257590971714,-2.7755575615628914e-17,1.3121378421179672,4.013025873177001,0.020881801551156084,6.376374619125041,0.5989626000472035,6.996219020723401,8.060042164284464,-0.16434146803175725,0.0,0.25967344897241507,0.09533198094065781,1.0,0.0003729981036406809,0.0,4.242640687119285,0.49449753603016056,0.12226390656994998
704,103.53029134851674,0.19634954084936207,-6.938893903907228e-18,0.18214722914865053,0.49768823047442057,-5.421010862427522e-17,0.15975138738781092,0.5083244664211362,1.3877787807814457e-16,3.575189773446044,8.90239548722537,-5.551115123125783e-17,1.095059294732625,2.8646924112742833,0.0,1.310763348077079,4.013791490838303,0.02084814392002098,6.390990958076588,0.5995774294901568,7.011416531486766,8.074881110735726,-0.16438107448981965,0.0,0.27082006527294,0.10643899078312036,1.0,0.0003729981036406809,0.0,4.242640687119285,0.49449753603016056,0.12226390656994998
706,103.92299043021548,0.19634954084936207,-5.204170427930421e-18,0.17887103481545244,0.4815482783898284,-5.377642775528102e-17,0.1679150545702258,0.5111295516313805,8.326672684688674e-17,3.5832825792807244,8.915185791531401,-5.551115123125783e-17,1.0972033548323512,2.916313767811786,0.0,1.31696523200546,4.150655361936365,0.021608957346510548,6.419957021488359,0.6019276009276832,7.043493579762552,8.113708484714259,-0.16464438944255297,0.0,0.29462008307290194,0.12997569363034897,1.0,0.0003729981036406809,0.0,4.242640687119285,0.49449753603016056,0.12226390656994998
707,104.11933997106485,0.19634954084936207,-6.938893903907228e-18,0.17882481553238705,0.4631977321377879,-5.594483210025203e-17,0.16840908250776757,0.46547642921097787,1.942890293094024e-16,3.5873658081707824,8.959863062297895,0.0,1.0985559585435254,2.9448347452563044,0.0,1.3284810006093315,4.2628110873832075,0.02190079027874247,6.434596720816404,0.603412597025742,7.059910108120889,8.139835382771222,-0.1651601589680539,0.0,0.32872120228684715,0.16356104331879326,1.0,0.0003729981036406809,0.0,4.242640687119285,0.49449753603016056,0.12226390656994998
708,104.31568951191421,0.19634954084936207,-6.071532165918825e-18,0.1797100346877962,0.4777265466691095,-5.637851296924623e-17,0.16480230297163695,0.45964737993171345,8.326672684688674e-17,3.591468421545034,9.003128386387216,0.0,1.099946087007562,2.9600438844895387,-5.551115123125783e-17,1.3460474608747952,4.376536391551377,0.021807236545885136,6.449322711477589,0.6049406971616236,7.076070645185098,8.17020915941714,-0.16561963364145504,0.0,0.34998767286374655,0.1843680392222915,1.0,0.0003729981036406809,0.0,4.242640687119285,0.49449753603016056,0.12226390656994998
709,104.51203905276358,0.19634954084936207,-4.336808689942018e-18,0.18115485164895645,0.505450901605688,-5.702903427273753e-17,0.15821477338233791,0.4648406138234145,5.551115123125783e-17,3.595530492194592,9.036154611255576,0.0,1.1013312276883993,2.967785062793931,0.0,1.3660801098630462,4.469912631320694,0.021371435017782693,6.463919760150542,0.6064652365408183,7.091756431709143,8.202088882222087,-0.1660290822856037,0.0,0.35759122596801024,0.19156214368240654,1.0,0.0003729981036406809,0.0,4.242640687119285,0.49449753603016056,0.12226390656994998
711,104.90473813446232,0.19634954084936207,-3.469446951953614e-18,0.18383971640929406,0.5686333364342866,-5.5294310796760726e-17,0.1483191874597209,0.5233792398549565,1.3877787807814457e-16,3.60337371554291,9.051464971918962,0.0,1.10392394070566,2.971299440417571,-2.7755575615628914e-17,1.3906746487946628,4.55719022051335,0.02061804129330607,6.49215106693276,0.6093240334315568,7.122093141657623,8.253590689365222,-0.16603789499784075,0.0,0.32737988303256765,0.1613419880347269,1.0,0.0003723681813662635,0.0,4.242640687119285,0.5084140994151809,0.1292424482420747
712,105.10108767531169,0.19634954084936207,-6.071532165918825e-18,0.18455718816265712,0.5839089306380005,-5.421010862427522e-17,0.14931332925574578,0.518392484390888,1.1102230246251565e-16,3.6072046445317603,9.035697010842895,5.551115123125783e-17,1.104931819997562,3.0215138725700723,-2.7755575615628914e-17,1.387630553461088,4.523471944505551,0.02070750223130896,6.505962673765752,0.6104371634215624,7.137107339418623,8.267434512122842,-0.16539583488866244,0.0,0.2682934673929746,0.10289763250431216,1.0,0.0003723681813662635,0.0,4.242640687119285,0.5084140994151809,0.1292424482420747
713,105.29743721616106,0.19634954084936207,-4.336808689942018e-18,0.18495232599026168,0.5864989513563537,-5.659535340374333e-17,0.15267712542352402,0.5118956548116541,1.1102230246251565e-16,3.611067679844257,9.01197084916006,5.551115123125783e-17,1.105600603038542,3.0631762649545164,-2.7755575615628914e-17,1.3753599881274097,4.416287452722172,0.02095682584121709,6.519904894207892,0.6111763467195939,7.152038066768703,8.27395048966259,-0.1646998336364496,0.0,0.23139394285055306,0.06669410921410346,1.0,0.0003723681813662635,0.0,4.242640687119285,0.5084140994151809,0.1292424482420747
715,105.6901362978598,0.19634954084936207,-6.938893903907228e-18,0.18520690678932353,0.5585317781596013,-5.334274688628682e-17,0.15489993099821764,0.42878633649478115,1.3877787807814457e-16,3.6191029093835465,9.011249111630681,0.0,1.1059537305339844,3.108741134039422,-2.7755575615628914e-17,1.3414524459932144,4.179995011609952,0.020737042213589917,6.548952934354224,0.6115668270410184,7.181256803608832,8.278687190162369,-0.16356618347663407,0.0,0.20900236118995433,0.04543617771332026,1.0,0.0003723681813662635,0.0,4.242640687119285,0.5084140994151809,0.1292424482420747
716,105.88648583870916,0.19634954084936207,-7.806255641895632e-18,0.184853423586813,0.5432543813823351,-5.594483210025203e-17,0.15176291980719578,0.45377485297129716,1.3877787807814457e-16,3.6233086299149,8.992572322099965,0.0,1.105866782772456,3.1086944526371383,-2.7755575615628914e-17,1.327171080665073,4.055612643942654,0.020116802553660156,6.564182713807894,0.6114706706197512,7.1957701869813055,8.282814288486556,-0.16266792105251815,0.0,0.2159769433856651,0.05330902233314694,1.0,0.0003723681813662635,0.0,4.242640687119285,0.5084140994151809,0.1292424482420747
717,106.08283537955853,0.19634954084936207,-5.204170427930421e-18,0.18403432365587644,0.530684831839571,-5.334274688628682e-17,0.1477168535632483,0.47219421754992363,1.1102230246251565e-16,3.627633841309718,8.963572004087364,0.0,1.1058097686603765,3.0933453949161773,0.0,1.3157086632634019,3.9475074340522793,0.01949194146153815,6.579863643307753,0.6114076222323577,7.21076320700165,8.289564936612324,-0.16228792412219392,0.0,0.22859204432055696,0.06630412019836304,1.0,0.0003723681813662635,0.0,4.242640687119285,0.5084140994151809,0.1292424482420747
718,106.2791849204079,0.19634954084936207,-6.938893903907228e-18,0.18295164276007578,0.5129667959888315,-5.551115123125783e-17,0.14524773518187392,0.4737503361881303,5.551115123125783e-17,3.6320539247597323,8.9291100687756,0.0,1.1059351819621128,3.0646922039333004,-2.7755575615628914e-17,1.30628007170985,3.8667072272086176,0.019216667415661155,6.595907856181287,0.6115463133507857,7.226670836947735,8.298936409250018,-0.16202681754972215,0.0,0.24183840411102908,0.07981158656130694,1.0,0.0003723681813662635,0.0,4.242640687119285,0.5084140994151809,0.1292424482420747
720,106.67188400210664,0.19634954084936207,-5.204170427930421e-18,0.18169785912590902,0.48459487181307703,-5.2909066017292616e-17,0.14930210034386932,0.46917516840425294,1.1102230246251565e-16,3.6409478963552706,8.915282892629786,5.551115123125783e-17,1.107309795492272,3.034090080663444,-2.7755575615628914e-17,1.2963731111310848,3.8032080407141367,0.020116459742669172,6.628250791986933,0.6130674915965683,7.261434743326171,8.328259710603936,-0.16179651010975407,0.0,0.26886294063414384,0.10706643052438977,1.0,0.0003697597047662913,0.0,4.242640687119285,0.4941842668705361,0.12210904481118465
721,106.868233542956,0.19634954084936207,-5.204170427930421e-18,0.18202631751735232,0.4639138290712769,-5.551115123125783e-17,0.15389400775458864,0.4954958984048551,5.551115123125783e-17,3.6453234551419045,8.930264655419798,5.551115123125783e-17,1.1087683875561776,3.009870992443915,-2.7755575615628914e-17,1.3006730574058893,3.8255893229362106,0.02089302323519784,6.644191546303854,0.614683668621963,7.279768238161015,8.351224515393605,-0.16068806585268258,0.0,0.30926049662994615,0.14857243077726356,1.0,0.0003697597047662913,0.0,4.242640687119285,0.4941842668705361,0.12210904481118465
722,107.06458308380537,0.19634954084936207,-5.204170427930421e-18,0.1827684788758049,0.45364885082882817,-5.5294310796760726e-17,0.15786774935973466,0.5137769393808903,1.1102230246251565e-16,3.649572716174197,8.954557205140498,5.551115123125783e-17,1.1106648112615711,3.0045937840133994,0.0,1.3132069693145938,3.893924721637541,0.021493728123155774,6.659690505321551,0.6167881614873506,7.297972394932057,8.380378943368642,-0.16099298200542023,0.0,0.3402126191796438,0.17921963717422357,1.0,0.0003697597047662913,0.0,4.242640687119285,0.4941842668705361,0.12210904481118465
723,107.26093262465474,0.19634954084936207,-6.071532165918825e-18,0.18348616763346354,0.4500118919882433,-5.659535340374333e-17,0.16016398833478868,0.4977144377118777,1.1102230246251565e-16,3.6537125248204787,8.96484871918017,5.551115123125783e-17,1.1128087889122082,2.9911848758032424,-8.326672684688674e-17,1.3323675677450981,3.925995280138461,0.02177108714954469,6.674807607015016,0.619171700340128,7.315750394504689,8.414226995451145,-0.16153009317007916,0.0,0.36389876591293946,0.2023686727428603,1.0,0.0003697597047662913,0.0,4.242640687119285,0.4941842668705361,0.12210904481118465
725,107.65363170635348,0.19634954084936207,-6.938893903907228e-18,0.18366764504078012,0.41776895913841966,-5.334274688628682e-17,0.1595200201788032,0.5269019927920182,8.326672684688674e-17,3.6617959489756156,8.941026281690421,0.0,1.1169256446089668,3.00855519561912,0.0,1.3736611427065553,3.989637147529498,0.021588149723372155,6.704374785967115,0.6237614477925778,7.349724383483065,8.482960963720748,-0.16269316031533676,0.0,0.3675659612055038,0.20487280089016702,1.0,0.0003697597047662913,0.0,4.242640687119285,0.4941842668705361,0.12210904481118465
726,107.84998124720285,0.19634954084936207,-7.806255641895632e-18,0.1832237407748354,0.4245863663154358,-5.4860629927766524e-17,0.1574472681803949,0.5063475983522844,1.1102230246251565e-16,3.665769803307924,8.911245349727652,0.0,1.1185750370173213,3.017982215744629,-2.7755575615628914e-17,1.387347656831287,4.04180270110529,0.021378129950923617,6.718934125422107,0.6256050567191509,7.365917312092181,8.511200419458454,-0.16392117675115608,0.0,0.3382939769078905,0.1743728001567344,1.0,0.0003697597047662913,0.0,4.242640687119285,0.4941842668705361,0.12210904481118465
727,108.04633078805222,0.19634954084936207,-6.071532165918825e-18,0.18284666326189403,0.44825780664001363,-5.5077470362263625e-17,0.1546583746963769,0.4636863754331816,1.1102230246251565e-16,3.6697063540403505,8.900608468787972,0.0,1.119846659553772,3.0740192101992827,-5.551115123125783e-17,1.3935378305226465,4.097851037399861,0.021151650982857206,6.733372362442065,0.6270282704568707,7.381552283881793,8.532906429315059,-0.16453390021256328,0.0,0.3061677427140287,0.1416338425014654,1.0,0.0003697597047662913,0.0,4.242640687119285,0.4941842668705361,0.12210904481118465
729,108.43902986975095,0.19634954084936207,-4.336808689942018e-18,0.1832453104205639,0.48898418205078165,-5.616167253474913e-17,0.14727783200503775,0.43697644679044334,1.942890293094024e-16,3.6775817493023437,8.88242252233593,5.551115123125783e-17,1.12116342744408,3.136214477577625,-2.7755575615628914e-17,1.3857604906365764,4.229406655584201,0.02040734894250251,6.762303761400845,0.6285037155190788,7.411214825862426,8.55820821848202,-0.1647911698560686,0.0,0.2604723204524404,0.0956811505963718,1.0,0.0003697597047662913,0.0,4.242640687119285,0.4941842668705361,0.12210904481118465
730,108.63537941060032,0.19634954084936207,-5.204170427930421e-18,0.1837565051401503,0.5015388831275617,-5.377642775528102e-17,0.14357692711937523,0.41475042985910604,2.220446049250313e-16,3.681580540818756,8.911720583170187,5.551115123125783e-17,1.1213030301164704,3.1355734708010554,-2.7755575615628914e-17,1.3747061988537437,4.30269140327324,0.019846843892898695,6.777017639267661,0.628660242674189,7.425524725834749,8.564435594464003,-0.16429168167714983,0.0,0.22684584144805964,0.0625541597709098,1.0,0.0003693564398252695,0.0,4.242640687119285,0.5055118196946602,0.12777109992550334
731,108.83172895144969,0.19634954084936207,-6.071532165918825e-18,0.18388550121046032,0.513388819356251,-5.551115123125783e-17,0.141463217537345,0.4369129585729496,1.3877787807814457e-16,3.685616493612093,8.94028029546603,0.0,1.1213226247597605,3.1136205424726366,-2.7755575615628914e-17,1.3605054410373079,4.373749768412976,0.019298059571628414,6.79188446899275,0.6286822143990594,7.439864742963438,8.56831022223737,-0.16335152515487095,0.0,0.21358935625509648,0.05023783110022553,1.0,0.0003693564398252695,0.0,4.242640687119285,0.5055118196946602,0.12777109992550334
732,109.02807849229906,0.19634954084936207,-5.204170427930421e-18,0.18324227228353346,0.5312892054273087,-5.572799166575493e-17,0.14217619813953067,0.43263368482088393,1.1102230246251565e-16,3.6896349482973636,8.976902347499088,0.0,1.1214710030559372,3.0737624419821508,-5.551115123125783e-17,1.3441484216945696,4.4338103839978364,0.018934123539884957,6.806703025848644,0.6288486053476448,7.454485754736173,8.5711528045607,-0.16241832088631195,0.0,0.2072970604465688,0.04487873956025684,1.0,0.0003693564398252695,0.0,4.242640687119285,0.5055118196946602,0.12777109992550334
734,109.4207775739978,0.19634954084936207,-6.938893903907228e-18,0.17980078236637012,0.530207380667284,-5.551115123125783e-17,0.1505332198231451,0.4440842714278137,1.1102230246251565e-16,3.6974896714652234,9.085970627483714,0.0,1.1229109118721001,2.994892626629242,-5.551115123125783e-17,1.3123155216604268,4.484802059101392,0.019020854160306355,6.835714935296004,0.6304644580007155,7.485200247457025,8.580651153123277,-0.1611313669995463,0.0,0.21572091898614723,0.054589551986600926,1.0,0.0003693564398252695,0.0,4.242640687119285,0.5055118196946602,0.12777109992550334
735,109.61712711484716,0.19634954084936207,-6.071532165918825e-18,0.17782723225793823,0.5132173261810122,-5.572799166575493e-17,0.1545585685871746,0.45282847865121073,1.3877787807814457e-16,3.7013548065962545,9.103389631403404,0.0,1.12427649125137,3.0567750390703354,-2.7755575615628914e-17,1.3024042576666333,4.462679869094449,0.01927144487937208,6.8500137021565966,0.631998814390246,7.501283961426215,8.591272125421268,-0.160439240894154,0.0,0.24462852057219867,0.08418927967804465,1.0,0.0003693564398252695,0.0,4.242640687119285,0.5055118196946602,0.12777109992550334
736,109.81347665569653,0.19634954084936207,-6.938893903907228e-18,0.17630857709406964,0.48954362771768395,-5.421010862427522e-17,0.15648639466278033,0.45843677262871324,5.551115123125783e-17,3.705233770221332,9.094119744976355,0.0,1.12596268716958,3.099938416173494,-2.7755575615628914e-17,1.2996495641581582,4.4062301937561426,0.01944739776514923,6.864378645994293,0.6338959864490707,7.517722030208513,8.607672043854036,-0.16057090203888463,0.0,0.27376163410107723,0.1131907320621926,1.0,0.0003693564398252695,0.0,4.242640687119285,0.5055118196946602,0.12777109992550334
737,110.0098261965459,0.19634954084936207,-7.806255641895632e-18,0.17550934216926692,0.46792751948623607,-5.399326818977812e-17,0.1563520868653949,0.4626074865930857,1.3877787807814457e-16,3.709154567127641,9.062936070687725,5.551115123125783e-17,1.127860428931083,3.114901881520812,-2.7755575615628914e-17,1.3042601500533924,4.319410356419919,0.019484191787240104,6.878913801421919,0.6360345735743029,7.534432566783462,8.629762665892436,-0.16111898433104277,0.0,0.3029364009135739,0.1418174165825311,1.0,0.0003693564398252695,0.0,4.242640687119285,0.5055118196946602,0.12777109992550334
739,110.40252527824464,0.19634954084936207,-4.336808689942018e-18,0.176233448609169,0.44159308379792095,-5.355958732078392e-17,0.15422315743535414,0.44514077069772406,1.1102230246251565e-16,3.717139923875003,8.984028478045214,0.0,1.1319246592147902,3.0703563190768137,0.0,1.3269586257881179,4.100002185017707,0.019408665876840266,6.908564606832732,0.6406267170692594,7.568599989778831,8.684647889377533,-0.1623429267843367,0.0,0.3314568554145487,0.16911392863021202,1.0,0.0003693564398252695,0.0,4.242640687119285,0.5055118196946602,0.12777109992550334
740,110.59887481909401,0.19634954084936207,-6.071532165918825e-18,0.17748282683951858,0.45924692143687385,-5.442694905877232e-17,0.15412036344533783,0.440939104854459,1.1102230246251565e-16,3.7212017346087425,8.999726567788343,1.1102230246251565e-16,1.1339096457834308,3.044723040427797,0.0,1.3389346856218436,4.034494165154084,0.019502264791652887,6.9236711748275575,0.6428755424003527,7.5860489820195625,8.712965969357455,-0.16345570246199814,0.0,0.3376423730007587,0.17418667053876058,1.0,0.0003676026092182295,0.0,4.242640687119285,0.49578283610057355,0.1229003102859641
741,110.79522435994338,0.19634954084936207,-6.071532165918825e-18,0.17893664829702832,0.48399202455115214,-5.4860629927766524e-17,0.15485468154293142,0.4621984183196981,1.1102230246251565e-16,3.725330502834793,9.038756205353907,5.551115123125783e-17,1.1357770221491388,3.0819928203530833,-5.551115123125783e-17,1.3481914536354613,3.9697002588217485,0.01973951119462453,6.939043677675666,0.6449947220209826,7.603777910891273,8.739530085739295,-0.16311713747388346,0.0,0.32885923164744896,0.1657420941735655,1.0,0.0003676026092182295,0.0,4.242640687119285,0.49578283610057355,0.1229003102859641
743,111.18792344164211,0.19634954084936207,-7.806255641895632e-18,0.18136897475814862,0.5087335696027471,-5.551115123125783e-17,0.15649369462126633,0.5005590583321821,5.551115123125783e-17,3.7335739466652984,9.103926695101729,-1.1102230246251565e-16,1.139107644639196,3.1676210500895357,0.0,1.3566483853591464,3.8897395190172555,0.020360764077017663,6.969787207608944,0.6487831130377284,7.638931084723691,8.784647804965765,-0.16318144232087525,0.0,0.3094140134668286,0.14623257114595337,1.0,0.0003676026092182295,0.0,4.242640687119285,0.49578283610057355,0.1229003102859641
744,111.38427298249148,0.19634954084936207,-5.204170427930421e-18,0.1822812071009169,0.5113866113090442,-5.442694905877232e-17,0.1559301888656012,0.5024158496795198,1.1102230246251565e-16,3.7376047495951754,9.127939776039762,0.0,1.1407159575252375,3.2187607365645317,5.551115123125783e-17,1.3581065912495325,3.9534553100784233,0.020492652597844774,6.984844632098205,0.6506164478763596,7.655953732572409,8.804572629011535,-0.16269886319938287,0.0,0.2959363034610034,0.13323744026162054,1.0,0.0003676026092182295,0.0,4.242640687119285,0.49578283610057355,0.1229003102859641
745,111.58062252334085,0.19634954084936207,-5.204170427930421e-18,0.18319370336346352,0.5145098734105763,-5.616167253474913e-17,0.15374002804138698,0.4934806660140974,8.326672684688674e-17,3.7415561173719145,9.128874687635278,0.0,1.1423881543563483,3.2562945697792474,0.0,1.360163030324228,4.057643864496882,0.020367099115938998,6.999621089721597,0.6525253476068518,7.672513536444387,8.824550620697652,-0.16211404246832595,0.0,0.2954232608082773,0.13330921833995135,1.0,0.0003676026092182295,0.0,4.242640687119285,0.49578283610057355,0.1229003102859641
746,111.77697206419022,0.19634954084936207,-2.6020852139652106e-18,0.18415566677555986,0.5166357782549189,-5.442694905877232e-17,0.1501140179398183,0.470135423213909,1.3877787807814457e-16,3.7454624227101525,9.102512874796837,0.0,1.1441503632078343,3.284049404169894,-5.551115123125783e-17,1.3640246322653942,4.1855713695462375,0.019995100244127054,7.014244379966901,0.6545400268143092,7.6887795070253375,8.845671597144866,-0.1614155069746014,0.0,0.30009807080855566,0.13868256383395425,1.0,0.0003676026092182295,0.0,4.242640687119285,0.49578283610057355,0.1229003102859641
748,112.16967114588896,0.19634954084936207,-6.938893903907228e-18,0.18532254856537037,0.5307390129028837,-5.4643789493269423e-17,0.14338547789109887,0.44802132886059565,5.551115123125783e-17,3.753349298953017,8.971419450103545,5.551115123125783e-17,1.1479175310075334,3.3496809440735826,-2.7755575615628914e-17,1.3760858910642528,4.425873893929049,0.019113991241938404,7.043815479975551,0.6588573289972157,7.721786800214705,8.891919471700168,-0.16030052570318978,0.0,0.3086377542024051,0.1483372284992153,1.0,0.0003676026092182295,0.0,4.242640687119285,0.49578283610057355,0.1229003102859641
749,112.36602068673832,0.19634954084936207,-5.204170427930421e-18,0.18494929936626103,0.5403956026336346,-5.594483210025203e-17,0.1432012081008989,0.4299752290421457,1.3877787807814457e-16,3.757397043353772,8.928871084953853,0.0,1.1498990625205232,3.3636379709180684,-5.551115123125783e-17,1.382148960630172,4.49678281576534,0.018961664282977526,7.059016270701834,0.6611339269927888,7.739111861977601,8.916036441300577,-0.15928541009949376,0.0,0.31260657605145437,0.1533211659519606,1.0,0.0003676026092182295,0.0,4.242640687119285,0.49578283610057355,0.1229003102859641
750,112.56237022758769,0.19634954084936207,-3.469446951953614e-18,0.18384366197354118,0.5453029814254194,-5.4860629927766524e-17,0.14554144412431547,0.4278450083611313,8.326672684688674e-17,3.7615239751281964,8.966963805591151,5.551115123125783e-17,1.151901812249769,3.367722858106945,0.0,1.3873695355094833,4.517026920038022,0.019068931619533887,7.074531307732112,0.6634388925321513,7.757039131883798,8.940172465992095,-0.15879885183675163,0.0,0.31233679233282263,0.153537940496071,1.0,0.0003661789779974454,0.0,4.242640687119285,0.4956030411258016,0.1228111871865715
751,112.75871976843706,0.19634954084936207,-4.336808689942018e-18,0.1822147887677881,0.5417744757525957,-5.5294310796760726e-17,0.14906424873555202,0.4301882585185479,8.326672684688674e-17,3.765746146149945,9.004515655257123,-5.551115123125783e-17,1.1538577788093176,3.363783516081945,-2.7755575615628914e-17,1.3920147171668094,4.485550599327316,0.019301272206398143,7.09042201862158,0.665693886859386,7.775417177687364,8.964291407205177,-0.15794480559733992,0.0,0.3112991647095579,0.15335435911221795,1.0,0.0003661789779974454,0.0,4.242640687119285,0.4956030411258016,0.1228111871865715
753,113.1514188501358,0.19634954084936207,-1.0408340855860843e-17,0.1785586852572856,0.5010348265660189,-5.312590645178972e-17,0.15341653563504087,0.5063888240151805,5.551115123125783e-17,3.7743208342560273,9.060205947029988,0.0,1.157220529082213,3.333157580164338,-2.7755575615628914e-17,1.399946067972095,4.314809641629532,0.019422573865967747,7.122748879949555,0.6695796764646584,7.8117511302801805,9.010490034917083,-0.15813181265667625,0.0,0.306098278448215,0.14796646579153877,1.0,0.0003661789779974454,0.0,4.242640687119285,0.4956030411258016,0.1228111871865715
754,113.34776839098517,0.19634954084936207,-6.938893903907228e-18,0.1769948000105164,0.4643239549625026,-5.355958732078392e-17,0.15319776149638406,0.5272336552887682,1.3877787807814457e-16,3.7785758133673704,9.070102221145548,0.0,1.1585796779404665,3.3058223276067533,0.0,1.4012507685161422,4.2146082405183165,0.019197763886658233,7.138817588682444,0.6711534350683174,7.829168787637419,9.030468226097849,-0.15875609940053437,0.0,0.29081899570359704,0.13206289630306267,1.0,0.0003661789779974454,0.0,4.242640687119285,0.4956030411258016,0.1228111871865715
755,113.54411793183453,0.19634954084936207,-6.938893903907228e-18,0.17578933716264333,0.4202369873453409,-5.399326818977812e-17,0.15222496264484853,0.5141472750099018,5.551115123125783e-17,3.7827260719587867,9.064501135007806,0.0,1.1598049203484306,3.2703784271770067,-2.7755575615628914e-17,1.3982243688546687,4.174788386588899,0.01892826191977104,7.154508267738378,0.6725737266322147,7.846010256290364,9.046442457050517,-0.15933402742815395,0.0,0.2713976513907872,0.11206362396263325,1.0,0.0003661789779974454,0.0,4.242640687119285,0.4956030411258016,0.1228111871865715
757,113.93681701353327,0.19634954084936207,-6.938893903907228e-18,0.17464851540683524,0.41833618259388966,-5.4860629927766524e-17,0.15141817000646213,0.4761809795822728,1.6653345369377348e-16,3.7906327222526106,9.029638987225932,0.0,1.1621413308914286,3.263436911519138,0.0,1.3749577656277392,4.047362464510442,0.01881831129124001,7.184448217506122,0.6752862364830505,7.878552765280413,9.064276393223668,-0.16020694249987927,0.0,0.23731656258375228,0.07710962008387301,1.0,0.0003661789779974454,0.0,4.242640687119285,0.4956030411258016,0.1228111871865715
758,114.13316655438264,0.19634954084936207,-6.071532165918825e-18,0.17482041322668007,0.43484162986863095,-5.659535340374333e-17,0.15155939481838795,0.4655015276095156,1.1102230246251565e-16,3.7944638536410693,9.02201071469595,0.0,1.1632984399296,3.288873895160277,-5.551115123125783e-17,1.357033608489529,4.045392871099162,0.018995606418231566,7.198977968294316,0.6766316301713206,7.894605204883868,9.068452692989117,-0.16098915011368636,0.0,0.21464286823847176,0.05365371812478539,1.0,0.0003661789779974454,0.0,4.242640687119285,0.4956030411258016,0.1228111871865715
759,114.32951609523201,0.19634954084936207,-5.204170427930421e-18,0.17569434726459265,0.46085036053245165,-5.5077470362263625e-17,0.15092502228090723,0.4218848999849644,8.326672684688674e-17,3.798295244857865,9.064267306239671,0.0,1.1644595717687105,3.2954624713426734,-5.551115123125783e-17,1.3391707673100945,4.06423312496056,0.019171191993714788,7.213523383554933,0.6779830471418842,7.910677622690533,9.072872822717251,-0.1614380205947271,0.0,0.2161709059041618,0.05473288530943471,1.0,0.0003661789779974454,0.0,4.242640687119285,0.4956030411258016,0.1228111871865715
760,114.52586563608138,0.19634954084936207,-5.204170427930421e-18,0.17746094718774028,0.4804468461779654,-5.4860629927766524e-17,0.14876227161412292,0.3891057814892804,8.326672684688674e-17,3.802166748154331,9.098358043270556,5.551115123125783e-17,1.1656767040862346,3.285675981280893,-5.551115123125783e-17,1.3249462103070022,4.091275009241439,0.01923439852361435,7.228235990385239,0.6794010892246733,7.926871478133527,9.08025283161406,-0.16182279218542217,0.0,0.23098202975707868,0.06915923757165651,1.0,0.0003658929977627752,0.0,4.242640687119285,0.5013928325063758,0.1256973862443833
762,114.91856471778011,0.19634954084936207,-5.204170427930421e-18,0.18303669895006025,0.48882950590175034,-5.4643789493269423e-17,0.1419312195385575,0.390619328375848,8.326672684688674e-17,3.8100721315867507,9.107603410595638,5.551115123125783e-17,1.1686337732315903,3.254122105222864,0.0,1.314522655372224,4.1271161250658555,0.019140729372041237,7.258324823947002,0.6828524479687522,7.960318001287796,9.109722298357998,-0.1620557947612476,0.0,0.26743731916646646,0.10538152440521886,1.0,0.0003658929977627752,0.0,4.242640687119285,0.5013928325063758,0.1256973862443833
763,115.11491425862948,0.19634954084936207,-7.806255641895632e-18,0.18549479205006744,0.5173623140798408,-5.4860629927766524e-17,0.14067684822969428,0.3973694529499035,1.3877787807814457e-16,3.814092888198703,9.081340076413477,0.0,1.1705061208344123,3.2244729535497227,0.0,1.3179230810611322,4.1205900449861,0.01922442556465689,7.273652279903961,0.6850422894554119,7.977918994924029,9.131930021229731,-0.16207743684501041,0.0,0.3048054527653887,0.14272801592037826,1.0,0.0003658929977627752,0.0,4.242640687119285,0.5013928325063758,0.1256973862443833
764,115.31126379947885,0.19634954084936207,-4.336808689942018e-18,0.18659855761040142,0.5435598387213159,-5.421010862427522e-17,0.142663455656899,0.4029731613920456,1.1102230246251565e-16,3.8181449963708958,9.062816864932442,5.551115123125783e-17,1.1726741184696736,3.192126629181349,-2.7755575615628914e-17,1.3261782030396567,4.095884078141122,0.01946283733119004,7.289115606656052,0.6875822940643128,7.996160738051556,9.158605161194592,-0.16184302960231328,0.0,0.32721110721225016,0.16536807760993688,1.0,0.0003658929977627752,0.0,4.242640687119285,0.5013928325063758,0.1256973862443833
765,115.50761334032822,0.19634954084936207,-4.336808689942018e-18,0.18593142029121962,0.5537103384864278,-5.4643789493269423e-17,0.14707830026547222,0.4167160851198255,8.326672684688674e-17,3.822200001659278,9.06909493100704,0.0,1.175140113277054,3.166995121824285,-2.7755575615628914e-17,1.3395429196112016,4.059695133899622,0.01972517276950208,7.30460642634209,0.6904771429164038,8.014808742027997,9.189767197984134,-0.1614789524601769,0.0,0.3495093158375233,0.1880303633773464,1.0,0.0003658929977627752,0.0,4.242640687119285,0.5013928325063758,0.1256973862443833
767,115.90031242202696,0.19634954084936207,-6.071532165918825e-18,0.180618701208661,0.5270972573106372,-5.4860629927766524e-17,0.154205919712943,0.47864530682706774,1.1102230246251565e-16,3.8301497409197998,9.085833239211548,0.0,1.1809072213355174,3.194541172138501,-5.551115123125783e-17,1.3826192510878306,4.003316495079508,0.019534894350582477,7.335023518934006,0.6972709327011863,8.051829345985775,9.2652419969262,-0.16088521286681973,0.0,0.381492234378624,0.22060702151180428,1.0,0.0003658929977627752,0.0,4.242640687119285,0.5013928325063758,0.1256973862443833
768,116.09666196287633,0.19634954084936207,-4.336808689942018e-18,0.17756334331203705,0.49686854753369886,-5.5294310796760726e-17,0.1540477726233046,0.4608178602816384,1.6653345369377348e-16,3.833996296452389,9.078113916361666,-1.1102230246251565e-16,1.1840656956210154,3.2482655214537983,-5.551115123125783e-17,1.4087433545352712,4.008510003562795,0.019002130138486176,7.3497638006053165,0.7010057857732392,8.069771716517042,9.306608118806048,-0.16039826685299102,0.0,0.3984975028854714,0.2380992360324804,1.0,0.0003658929977627752,0.0,4.242640687119285,0.5013928325063758,0.1256973862443833
769,116.2930115037257,0.19634954084936207,-6.071532165918825e-18,0.17526251823891395,0.48794396420254893,-5.551115123125783e-17,0.15214215867614242,0.4253110780959355,8.326672684688674e-17,3.8377825992722143,9.050589006107094,0.0,1.187205029880849,3.31065204637784,-2.7755575615628914e-17,1.4321733998539408,4.044048877315331,0.018455482179095983,7.364287639638297,0.7047278914871937,8.087471013304587,9.346001479549063,-0.1601571536924486,0.0,0.3882474080626291,0.2280902543701805,1.0,0.0003658929977627752,0.0,4.242640687119285,0.5013928325063758,0.1256973862443833
771,116.68571058542443,0.19634954084936207,-5.204170427930421e-18,0.17419415428823162,0.46211043659792217,-5.2692225582795515e-17,0.15014339530480397,0.4554138780392325,5.551115123125783e-17,3.8454104103138076,9.039049670719514,5.551115123125783e-17,1.1927018833031842,3.392647277498932,-5.551115123125783e-17,1.4541971570572796,4.204929225542401,0.018351161137023387,7.393590611874901,0.7112688912174812,8.123210664229406,9.405445685777126,-0.15941894528449463,0.0,0.33955433768587995,0.18013539240138532,1.0,0.00036400442274105025,0.0,4.242640687119285,0.4901152003560443,0.12010645481002272
772,116.8820601262738,0.19634954084936207,-1.734723475976807e-18,0.17530482660329086,0.4551369399419207,-5.442694905877232e-17,0.15125054313290848,0.4626938371053518,8.326672684688674e-17,3.849333033739723,9.070084119912302,0.0,1.1948002052876245,3.4130117225446233,-5.551115123125783e-17,1.450576084216276,4.285184319654777,0.018817362893895746,7.408682402319931,0.713773765277675,8.141273530491501,9.423173459316235,-0.15871214596043282,0.0,0.27922093613461596,0.12050879017418314,1.0,0.00036400442274105025,0.0,4.242640687119285,0.4901152003560443,0.12010645481002272
773,117.07840966712317,0.19634954084936207,-5.204170427930421e-18,0.17709479133538178,0.4769741793083918,-5.377642775528102e-17,0.15225223997654622,0.44931586180993865,1.1102230246251565e-16,3.85333949579707,9.08687628932475,0.0,1.1964061889820374,3.4595810391164385,-2.7755575615628914e-17,1.4400578423350587,4.335104989759715,0.01930633299111304,7.424112634934809,0.7156938845172611,8.159112852443183,9.434723716063534,-0.15856316831100392,0.0,0.24793946247514567,0.08937629416414175,1.0,0.00036400442274105025,0.0,4.242640687119285,0.4901152003560443,0.12010645481002272
774,117.27475920797254,0.19634954084936207,-6.071532165918825e-18,0.1791466627197123,0.5152248148022308,-5.5077470362263625e-17,0.15172602906982507,0.46771732878670425,1.1102230246251565e-16,3.8574239956848495,9.082589302988065,-1.1102230246251565e-16,1.197565661949324,3.4914272575910625,-5.551115123125783e-17,1.4259293926332406,4.3401739195792715,0.019561044248883108,7.439859941242634,0.7170817573400612,8.176502742831579,9.442568651020999,-0.15850809509826744,0.0,0.22881772949481277,0.07030963439654533,1.0,0.00036400442274105025,0.0,4.242640687119285,0.4901152003560443,0.12010645481002272
776,117.66745828967127,0.19634954084936207,-5.204170427930421e-18,0.18262444202244243,0.5724513656093366,-5.572799166575493e-17,0.14628482772147064,0.463106121132951,1.1102230246251565e-16,3.8657145476700223,9.053043909875447,0.0,1.1990560021818502,3.493817718427126,-2.7755575615628914e-17,1.394366166682019,4.2210713203280275,0.019301801464510968,7.471874482033824,0.7188676481841605,8.210043931682495,9.453860971699282,-0.15864161501486834,0.0,0.2175179080707496,0.05887629305588127,1.0,0.00036400442274105025,0.0,4.242640687119285,0.4901152003560443,0.12010645481002272
777,117.86380783052064,0.19634954084936207,-5.204170427930421e-18,0.18360408828843708,0.5847062214329313,-5.4860629927766524e-17,0.14402355367857742,0.4248820649401085,8.326672684688674e-17,3.869819714590939,9.088291672886344,5.551115123125783e-17,1.199787614662377,3.4653252372586967,-2.7755575615628914e-17,1.3782419179340917,4.125705744175168,0.019119244734512434,7.487752311718347,0.719745160148618,8.226616716601477,9.45924058852477,-0.15888555396827758,0.0,0.21687533483198254,0.05798978086370496,1.0,0.00036400442274105025,0.0,4.242640687119285,0.4901152003560443,0.12010645481002272
778,118.06015737137001,0.19634954084936207,-6.938893903907228e-18,0.18390338121106165,0.5837972613110916,-5.616167253474913e-17,0.143513317425786,0.43873280630968925,8.326672684688674e-17,3.8738287466586008,9.14971435809322,0.0,1.200798577620549,3.423123012478781,0.0,1.3634935844191374,4.08439434020131,0.019058018639849298,7.503274579219274,0.7209586120077667,8.24329120986689,9.466210805657736,-0.15901570708552776,0.0,0.22557438316153675,0.06655867607600899,1.0,0.00036400442274105025,0.0,4.242640687119285,0.4901152003560443,0.12010645481002272
779,118.25650691221938,0.19634954084936207,-5.204170427930421e-18,0.18342617865782826,0.5783363018362478,-5.572799166575493e-17,0.14424700667709864,0.4692892459001655,8.326672684688674e-17,3.8777256206133823,9.199459357657322,-5.551115123125783e-17,1.2022242519495832,3.409773039816017,0.0,1.352886146844831,4.039051410587567,0.019035084992257516,7.51837799438072,0.7226715759878672,8.260084655360846,9.476937481456368,-0.15907053462962265,0.0,0.24484735593413398,0.08577682130451134,1.0,0.00036400442274105025,0.0,4.242640687119285,0.4901152003560443,0.12010645481002272
781,118.64920599391812,0.19634954084936207,-7.806255641895632e-18,0.18011443529394094,0.5370856473977591,-5.399326818977812e-17,0.1442214510733851,0.48795203756049205,8.326672684688674e-17,3.885356412346613,9.238112949767864,0.0,1.2062946760779043,3.369034433104459,0.0,1.3541230855608066,3.972643713176659,0.0184762496456872,7.5479972254814705,0.7275734227669481,8.294046897894106,9.51670563999021,-0.15875435450956116,0.0,0.29031244725053323,0.13155809274097208,1.0,0.00036277287308840813,0.0,4.242640687119285,0.49195869823087585,0.121011680382509
782,118.84555553476748,0.19634954084936207,-6.938893903907228e-18,0.1776707420938143,0.5061087328465708,-5.4643789493269423e-17,0.1427940159272529,0.474674278447054,5.551115123125783e-17,3.8892182792859074,9.222868839516217,0.0,1.2087204380240166,3.38142452712888,0.0,1.365491763346051,3.9610055647759688,0.017921565931290254,7.563009411965817,0.7305025486484853,8.311433526545592,9.545369369250874,-0.1583870034808156,0.0,0.333692057497059,0.17530505401624338,1.0,0.00036277287308840813,0.0,4.242640687119285,0.49195869823087585,0.121011680382509
783,119.04190507561685,0.19634954084936207,-6.071532165918825e-18,0.1752419395364336,0.47388884145658755,-5.442694905877232e-17,0.14225814652216323,0.4391913795562739,1.3877787807814457e-16,3.8931673501811783,9.18758017275675,1.1102230246251565e-16,1.211238838399663,3.393175768484552,-2.7755575615628914e-17,1.3795338964439714,3.962550547714118,0.01745982985454557,7.578376008258369,0.7335497618238827,8.329385599936797,9.576776080048909,-0.15829981867061885,0.0,0.34757407769565674,0.1892742590250379,1.0,0.00036277287308840813,0.0,4.242640687119285,0.49195869823087585,0.121011680382509
785,119.43460415731559,0.19634954084936207,-4.336808689942018e-18,0.17210155965002738,0.44273158145155234,-5.4860629927766524e-17,0.14967286380861416,0.49149511741087887,8.326672684688674e-17,3.9013437521111483,9.080475596883236,0.0,1.216243339022818,3.4062317345957815,-5.551115123125783e-17,1.4011373847180113,3.9828750522091974,0.01766049740365128,7.610241536068345,0.7396239298586863,8.367525963330682,9.637210105320063,-0.1581728019830323,0.0,0.34239734302110464,0.18422454103807234,1.0,0.00036277287308840813,0.0,4.242640687119285,0.49195869823087585,0.121011680382509
786,119.63095369816496,0.19634954084936207,-8.673617379884035e-18,0.1718240230787023,0.44688075314559716,-5.312590645178972e-17,0.15581823525177102,0.5203978808976945,1.6653345369377348e-16,3.90553430309934,9.102777881935815,0.0,1.2186375106971705,3.411122471080681,0.0,1.4071275774517442,4.090843703933511,0.018230110828103843,7.626599096342824,0.7425386912390981,8.387367898410027,9.664508754839932,-0.1581392737805663,0.0,0.3284729138453224,0.1703336400647561,1.0,0.00036277287308840813,0.0,4.242640687119285,0.49195869823087585,0.121011680382509
787,119.82730323901433,0.19634954084936207,-8.673617379884035e-18,0.1723743150909899,0.4418974469218545,-5.421010862427522e-17,0.159856707977214,0.5174346605518516,1.6653345369377348e-16,3.909750359922716,9.160282594180684,5.551115123125783e-17,1.2209404097039565,3.4357964567475774,-5.551115123125783e-17,1.412611841712202,4.204306420783597,0.01872700083244825,7.643073938457901,0.7453477420240328,8.407148681314382,9.691273921481711,-0.15827045578090249,0.0,0.3257989006980758,0.16752844491717334,1.0,0.00036277287308840813,0.0,4.242640687119285,0.49195869823087585,0.121011680382509
788,120.0236527798637,0.19634954084936207,-6.071532165918825e-18,0.1735387907018112,0.42918939337054357,-5.4643789493269423e-17,0.15957223124417522,0.49781623552514753,1.1102230246251565e-16,3.9139454526235498,9.20111373893418,0.0,1.2231852184127625,3.459299219190898,0.0,1.419941972265708,4.29349741478062,0.018875743229168598,7.659484503056281,0.7480910392717386,8.426451285557189,9.71892583007142,-0.15856782008086698,0.0,0.3299436619692414,0.17137584188837443,1.0,0.00036277287308840813,0.0,4.242640687119285,0.49195869823087585,0.121011680382509
790,120.41635186156243,0.19634954084936207,-6.071532165918825e-18,0.17660787533686897,0.4152656261081792,-5.377642775528102e-17,0.14750607773457922,0.4661038492039251,1.6653345369377348e-16,3.9220828242725445,9.240019474189623,0.0,1.227752549097012,3.5302330318239026,-2.7755575615628914e-17,1.4394043011274762,4.358291979104153,0.01819208939630472,7.69136684022685,0.7536881609071052,8.46324709053026,9.77634413180552,-0.15928614502322166,0.0,0.3350182341176186,0.17573208909439694,1.0,0.00036276188413288167,0.0,4.242640687119285,0.49859772092962695,0.12429984365810909
791,120.6127014024118,0.19634954084936207,-6.071532165918825e-18,0.17812527664848665,0.42839629897830567,-5.399326818977812e-17,0.1410180635603632,0.42146673765402204,1.3877787807814457e-16,3.925985714706789,9.245652874977537,5.551115123125783e-17,1.2301427741717907,3.5724737645260256,-2.7755575615628914e-17,1.4468054996007556,4.330718601100022,0.017861414347582524,7.706681916040887,0.7566256224235346,8.481168952812006,9.802971036727786,-0.16007374792344814,0.0,0.3250961929437647,0.16502244502031654,1.0,0.00036276188413288167,0.0,4.242640687119285,0.49859772092962695,0.12429984365810909
792,120.80905094326117,0.19634954084936207,-4.336808689942018e-18,0.17957753155801626,0.4482013963223392,-5.442694905877232e-17,0.13796075911598119,0.38329304133879166,2.7755575615628914e-17,3.9298113083594934,9.23246092796987,5.551115123125783e-17,1.2325532090397633,3.60786255756507,0.0,1.449784830297792,4.27189952226778,0.01783406038451242,7.7217084596550745,0.759593706557109,8.499136226596695,9.826236467777438,-0.16050061262041854,0.0,0.30886116867402874,0.1483605560536102,1.0,0.00036276188413288167,0.0,4.242640687119285,0.49859772092962695,0.12429984365810909
793,121.00540048411054,0.19634954084936207,-6.071532165918825e-18,0.1809732404129744,0.4737293736748555,-5.442694905877232e-17,0.13865841976606647,0.41642729220284935,8.326672684688674e-17,3.933615130335371,9.203789595574493,-5.551115123125783e-17,1.234892813243587,3.6360609405649704,-5.551115123125783e-17,1.448385871334906,4.194293458326337,0.0180907188629393,7.736663996801679,0.7624801301003304,8.517234845764948,9.846126816581574,-0.16078400389179123,0.0,0.2923184333799691,0.13153442948817787,1.0,0.00036276188413288167,0.0,4.242640687119285,0.49859772092962695,0.12429984365810909
795,121.39809956580928,0.19634954084936207,-5.204170427930421e-18,0.18295137496448036,0.5094826257420759,-5.551115123125783e-17,0.1440571221345681,0.4240953703737937,1.6653345369377348e-16,3.9413488820838802,9.149740802017051,0.0,1.2390658191328503,3.6923254985500047,-8.326672684688674e-17,1.439459692813053,4.041070376056375,0.01868266071541229,7.767115505151925,0.7676420520716805,8.553440217939018,9.880534205963727,-0.16092699466240692,0.0,0.278537395740878,0.11761040107847107,1.0,0.00036276188413288167,0.0,4.242640687119285,0.49859772092962695,0.12429984365810909
796,121.59444910665864,0.19634954084936207,-5.204170427930421e-18,0.18289053153574109,0.510491838650989,-5.442694905877232e-17,0.14581094290558594,0.38466105087563984,1.6653345369377348e-16,3.945323860111983,9.181112151578077,5.551115123125783e-17,1.2408553838315162,3.706041553951992,-5.551115123125783e-17,1.4350305283732856,4.056232813403866,0.01871187939148255,7.78279018058446,0.7698610417918295,8.571363101767773,9.897238550247694,-0.16084309973977418,0.0,0.2752206826120449,0.11437758287227073,1.0,0.00036276188413288167,0.0,4.242640687119285,0.49859772092962695,0.12429984365810909
797,121.79079864750801,0.19634954084936207,-4.336808689942018e-18,0.18181425088440867,0.5112122719375038,-5.377642775528102e-17,0.14678888073358182,0.4132495613919077,1.3877787807814457e-16,3.9493679014655316,9.213209522300268,0.0,1.242480073362083,3.706204564651534,-2.7755575615628914e-17,1.4308244524684082,4.062237621850658,0.018574388227651117,7.798753410563128,0.7718783663509237,8.589206165141702,9.913844357213637,-0.16067475614772853,0.0,0.27428602420021514,0.11361126805248661,1.0,0.00036276188413288167,0.0,4.242640687119285,0.49859772092962695,0.12429984365810909
799,122.18349772920675,0.19634954084936207,-7.806255641895632e-18,0.177449142513727,0.49765271670336075,-5.442694905877232e-17,0.14813985423850376,0.45085946473605354,1.3877787807814457e-16,3.957548447691546,9.242462683652185,5.551115123125783e-17,1.245487840205787,3.6687354174845317,-5.551115123125783e-17,1.419931605097414,4.08701170802002,0.01822808599980545,7.831094857912885,0.7756199800502377,8.624942923962928,9.944938460064884,-0.1603440105485091,0.0,0.2687298072212455,0.1083857966727364,1.0,0.00036276188413288167,0.0,4.242640687119285,0.49859772092962695,0.12429984365810909
800,122.37984727005612,0.19634954084936207,-5.204170427930421e-18,0.17523447160797442,0.4807158024794562,-5.4643789493269423e-17,0.14845759091972763,0.44393213813278487,5.551115123125783e-17,3.9615897477274524,9.237535585619678,0.0,1.2470403469810545,3.6346055518517435,0.0,1.4127205923430233,4.105838745367184,0.01811564792847465,7.84709666464963,0.7775548134993143,8.642767126077418,9.95918239702484,-0.16004151975744954,0.0,0.2621296953593577,0.10208817560190817,1.0,0.0003612963504695,0.0,4.242640687119285,0.48866646981024764,0.11939745935840483
801,122.57619681090549,0.19634954084936207,-6.071532165918825e-18,0.17370675280074246,0.4697358619384142,-5.5077470362263625e-17,0.14823992000981634,0.42723750564575,1.942890293094024e-16,3.9655590863285477,9.2203965096469,0.0,1.24874385189542,3.5940372708869703,-5.551115123125783e-17,1.4050934538383288,4.108646137567777,0.018003582131525236,7.862829433581455,0.7796806038233053,8.660513619536285,9.973251879144806,-0.15929175115013047,0.0,0.26049554741662173,0.10120379626649126,1.0,0.0003612963504695,0.0,4.242640687119285,0.48866646981024764,0.11939745935840483
802,122.77254635175485,0.19634954084936207,-6.938893903907228e-18,0.1730452677907365,0.4648474671372596,-5.2909066017292616e-17,0.1476786231505084,0.4196606273459837,1.1102230246251565e-16,3.9694212830956093,9.201168958127347,5.551115123125783e-17,1.2506164867958698,3.558133568551729,0.0,1.3978753166030489,4.105358666890821,0.017856856168336637,7.878152661346195,0.782020798522822,8.678030316037352,9.987646072767555,-0.1592815214728014,0.0,0.26221226362924704,0.10293074215644565,1.0,0.0003612963504695,0.0,4.242640687119285,0.48866646981024764,0.11939745935840483
804,123.16524543345359,0.19634954084936207,-4.336808689942018e-18,0.1734942039296487,0.4885620788071802,-5.399326818977812e-17,0.1479479224882282,0.4574112969980981,1.3877787807814457e-16,3.976974807875752,9.165775638733422,-5.551115123125783e-17,1.2547969033780972,3.6813276175053886,-5.551115123125783e-17,1.3876407789630831,4.112753662422235,0.017581773115645342,7.908164311239188,0.7872576343636309,8.713003718718465,10.020159024571239,-0.15939054686946277,0.0,0.2720424599581357,0.11265191308867292,1.0,0.0003612963504695,0.0,4.242640687119285,0.48866646981024764,0.11939745935840483
805,123.36159497430296,0.19634954084936207,-6.938893903907228e-18,0.1739971894352906,0.5097332263203189,-5.421010862427522e-17,0.14937067006115576,0.44838383885373523,8.326672684688674e-17,3.980784553451668,9.201376805022857,1.1102230246251565e-16,1.2570593506777392,3.718177966281788,-2.7755575615628914e-17,1.3864856563531278,4.092796785265858,0.017583382398839165,7.9233228304996945,0.7900991055631696,8.731005318461703,10.040136892348576,-0.1596054490493372,0.0,0.29153371515792514,0.13192826610858793,1.0,0.0003612963504695,0.0,4.242640687119285,0.48866646981024764,0.11939745935840483
806,123.55794451515233,0.19634954084936207,-4.336808689942018e-18,0.17454185507189784,0.5285934286257744,-5.5077470362263625e-17,0.15095039836376137,0.49102291416357957,1.1102230246251565e-16,3.9846709038495236,9.24072123475143,5.551115123125783e-17,1.259457496503689,3.737929549070624,0.0,1.3899208334243038,4.062643428090699,0.017709436974873774,7.9388011059924875,0.79311659274967,8.74962713571703,10.064351307727168,-0.15983069354090018,0.0,0.31338403436139783,0.15355334082049765,1.0,0.0003612963504695,0.0,4.242640687119285,0.48866646981024764,0.11939745935840483
807,123.7542940560017,0.19634954084936207,-2.6020852139652106e-18,0.17527098193173163,0.5419398434611785,-5.421010862427522e-17,0.15161181126466675,0.529037396794803,1.3877787807814457e-16,3.9886384377363964,9.266777514319225,-5.551115123125783e-17,1.2620365518456456,3.7420198365324757,-2.7755575615628914e-17,1.3995938314058658,4.154274764168365,0.017898903368691883,7.954618293494118,0.7963681290972234,8.768885325960033,10.094146436142784,-0.16012699623677948,0.0,0.3418691558633554,0.18174215962657594,1.0,0.0003612963504695,0.0,4.242640687119285,0.48866646981024764,0.11939745935840483
809,124.14699313770043,0.19634954084936207,-2.6020852139652106e-18,0.17773294484540525,0.5482714830888578,-5.5077470362263625e-17,0.1474090735605874,0.5361494823020451,1.3877787807814457e-16,3.996744302316455,9.263868248762666,5.551115123125783e-17,1.267801082998333,3.7247759283705864,-2.7755575615628914e-17,1.4396290591553293,4.379678072291277,0.018072046197727256,7.986982509049522,0.803659793025873,8.80871434827312,10.1719577348494,-0.16064313575234837,0.0,0.38800589588520396,0.22736276013285558,1.0,0.0003612963504695,0.0,4.242640687119285,0.48866646981024764,0.11939745935840483
810,124.3433426785498,0.19634954084936207,-6.071532165918825e-18,0.17915884127493856,0.5432246023480615,-5.4860629927766524e-17,0.14301689137352008,0.5091532737587534,1.1102230246251565e-16,4.000829148424724,9.256689588809826,5.551115123125783e-17,1.2709091199904827,3.7208016730095705,0.0,1.4668610572836545,4.483790248140142,0.017949034024326634,8.003316937442449,0.8076049956374916,8.828870967104267,10.217429930313099,-0.16105449391631144,0.0,0.4211493375165754,0.26009484360026397,1.0,0.00036056062440852944,0.0,4.242640687119285,0.49160744330600975,0.1208389391569358
811,124.53969221939917,0.19634954084936207,-7.806255641895632e-18,0.1802381398008188,0.5373761345696468,-5.572799166575493e-17,0.13865493262548573,0.4665062903653536,1.6653345369377348e-16,4.004905441707277,9.2646876016673,0.0,1.2740730003474683,3.7018287616209795,-5.551115123125783e-17,1.494347642245274,4.568095175391003,0.017742661035591082,8.01963379850828,0.8116310051072,8.849007464651072,10.263568686246952,-0.16078851761137208,0.0,0.4241411864036059,0.2633526687922338,1.0,0.00036056062440852944,0.0,4.242640687119285,0.49160744330600975,0.1208389391569358
813,124.93239130109791,0.19634954084936207,-5.204170427930421e-18,0.18056699058727635,0.5257920610840437,-5.442694905877232e-17,0.1357181304738492,0.3874993796014198,1.6653345369377348e-16,4.012904408861546,9.25211415289623,5.551115123125783e-17,1.2801789170934321,3.6967173249317824,-2.7755575615628914e-17,1.5343215852177547,4.652280073310963,0.01753839040700159,8.05170089733022,0.8194290298852563,8.888668317622477,10.343715883761316,-0.1603764588995075,0.0,0.3935087393533623,0.23313228045385478,1.0,0.00036056062440852944,0.0,4.242640687119285,0.49160744330600975,0.1208389391569358
814,125.12874084194728,0.19634954084936207,-6.071532165918825e-18,0.18000826517517649,0.5147616996780556,-5.377642775528102e-17,0.13832915018859687,0.4017057843592644,1.1102230246251565e-16,4.016838591114818,9.249691389686355,0.0,1.2829020124502113,3.7169057747519765,-5.551115123125783e-17,1.54121674504749,4.649578992879523,0.017701795061623934,8.06749613353464,0.822918786774401,8.908116715370666,10.37237974705306,-0.15947283057763767,0.0,0.33567273056924585,0.17619989999160818,1.0,0.00036056062440852944,0.0,4.242640687119285,0.49160744330600975,0.1208389391569358
815,125.32509038279665,0.19634954084936207,-5.204170427930421e-18,0.17927636787980625,0.4990532917972369,-5.442694905877232e-17,0.1427581818040531,0.3957436645041627,1.1102230246251565e-16,4.020784002875943,9.263610614229695,0.0,1.2852387902507394,3.7433247177237226,2.7755575615628914e-17,1.5381308312676651,4.620950979139055,0.018018434526621864,8.083351998891544,0.825919373982592,8.927289807400758,10.391987723989313,-0.15869265167581195,0.0,0.2895940849520009,0.13090143327618894,1.0,0.00036056062440852944,0.0,4.242640687119285,0.49160744330600975,0.1208389391569358
816,125.52143992364601,0.19634954084936207,-8.673617379884035e-19,0.17852316285403988,0.47827204923527195,-5.334274688628682e-17,0.1474918484193374,0.4351807043873501,1.1102230246251565e-16,4.024794627462682,9.283304136498595,0.0,1.287089603254777,3.7583868929145985,-2.7755575615628914e-17,1.5260572370169558,4.572389470529701,0.018369712122107387,8.099485896626232,0.8282998234032694,8.946155432151608,10.403244942030872,-0.15797260520703954,0.0,0.24697933591138416,0.08900673070434462,1.0,0.00036056062440852944,0.0,4.242640687119285,0.49160744330600975,0.1208389391569358
818,125.91413900534475,0.19634954084936207,-1.734723475976807e-18,0.17703190721041817,0.42457610512456057,-5.551115123125783e-17,0.15244360463200546,0.46743950770449255,1.3877787807814457e-16,4.033116646990864,9.349595758542263,5.551115123125783e-17,1.2893039066399996,3.8090534841731585,0.0,1.4843823529726978,4.446663101773412,0.01862339862424353,8.133014944117416,0.8311522818385824,8.982790624580241,10.408858468269349,-0.1574296076664943,0.0,0.20374781866953662,0.046318211003042314,1.0,0.00036056062440852944,0.0,4.242640687119285,0.49160744330600975,0.1208389391569358
819,126.11048854619412,0.19634954084936207,-7.806255641895632e-18,0.17625334642553847,0.4216521057932442,-5.399326818977812e-17,0.1514824148145172,0.5070477448225035,1.3877787807814457e-16,4.037399344568272,9.3972438101603,5.551115123125783e-17,1.289877438680339,3.8306390677723545,-2.7755575615628914e-17,1.4606372815333255,4.387156803354287,0.01839520007072464,8.150296733760156,0.8318919034082761,9.000583837239157,10.4085102830628,-0.15768743479460193,0.0,0.1877046415567578,0.030017206762155885,1.0,0.00036056062440852944,0.0,4.242640687119285,0.49160744330600975,0.1208389391569358
820,126.30683808704349,0.19634954084936207,-4.336808689942018e-18,0.17547248347154815,0.42205277415894255,-5.4860629927766524e-17,0.1487946472225211,0.5093553190507694,8.326672684688674e-17,4.041705086741746,9.427012588485862,5.551115123125783e-17,1.2903497829283443,3.8360427801130967,-2.7755575615628914e-17,1.4386168207145933,4.341664250994312,0.018006198528188695,8.16769000409705,0.8325012811516127,9.018197483776852,10.409495721276064,-0.15839927739607962,0.0,0.19482341886545845,0.036424141469378835,1.0,0.0003598991911794301,0.0,4.242640687119285,0.49110281929748656,0.12059098956096986
821,126.50318762789286,0.19634954084936207,-6.938893903907228e-18,0.17476558468700193,0.41776295628736093,-5.2909066017292616e-17,0.1456167994553052,0.4820941993445301,1.3877787807814457e-16,4.045988976011266,9.43458965122124,0.0,1.290953666704391,3.8252630845407696,-2.7755575615628914e-17,1.4205077575179375,4.317491885948521,0.01760288211207066,8.185013397002347,0.8332806847887559,9.035896963903173,10.413995066767463,-0.15911125650346428,0.0,0.2129693961768947,0.05385813967343042,1.0,0.0003598991911794301,0.0,4.242640687119285,0.49110281929748656,0.12059098956096986
823,126.8958867095916,0.19634954084936207,-3.469446951953614e-18,0.1741642367501233,0.45283825384193244,-5.421010862427522e-17,0.14214118632007178,0.4335136579631003,5.551115123125783e-17,4.054257094979222,9.378089025073983,5.551115123125783e-17,1.293326932841509,3.763579599940628,-5.551115123125783e-17,1.4026661915769094,4.345155241228189,0.017211371558266967,8.218500296094678,0.8363472776066123,9.072058945259556,10.439623783014248,-0.16080574140504258,0.0,0.2564351337558986,0.09562939235085602,1.0,0.0003598991911794301,0.0,4.242640687119285,0.49110281929748656,0.12059098956096986
824,127.09223625044096,0.19634954084936207,-6.071532165918825e-18,0.17461870865156173,0.4685333245820306,-5.355958732078392e-17,0.14201763762922218,0.43662276908397973,1.3877787807814457e-16,4.058179060740005,9.39827047939977,0.0,1.2953176365688748,3.7388429453361063,-2.7755575615628914e-17,1.4052617231976554,4.392820571505225,0.017231300266488156,8.234408644514316,0.8389238898031876,9.09056383458399,10.46267306227198,-0.16231780157906556,0.0,0.3093810513701416,0.14706324979107605,1.0,0.0003598991911794301,0.0,4.242640687119285,0.49110281929748656,0.12059098956096986
825,127.28858579129033,0.19634954084936207,-5.204170427930421e-18,0.17564856276373683,0.4766652275369143,-5.442694905877232e-17,0.1419305640461801,0.421861756276662,1.3877787807814457e-16,4.061970512612999,9.458243117174018,0.0,1.2978151946519725,3.7302658801608803,-2.7755575615628914e-17,1.4156795343041075,4.453724380689847,0.01728374097305292,8.249802222668755,0.8421621397347686,9.109248103376576,10.492530349950169,-0.1630414996524902,0.0,0.34418969847362835,0.18114819882113814,1.0,0.0003598991911794301,0.0,4.242640687119285,0.49110281929748656,0.12059098956096986
827,127.68128487298907,0.19634954084936207,-2.6020852139652106e-18,0.17827819159760896,0.4820572466142173,-5.2475385148298415e-17,0.14077250623934742,0.4001532988884241,2.220446049250313e-16,4.069395697108186,9.510813037716666,0.0,1.3036641451439823,3.6991132851940582,-2.7755575615628914e-17,1.4517953557778787,4.573582595777742,0.017307630774256705,8.27999066982131,0.8497701016669952,9.147068402262562,10.565920137795278,-0.16358994539752944,0.0,0.37892175434970904,0.2153318089521796,1.0,0.0003598991911794301,0.0,4.242640687119285,0.49110281929748656,0.12059098956096986
828,127.87763441383844,0.19634954084936207,-4.336808689942018e-18,0.17891071017565957,0.4943170524884804,-5.377642775528102e-17,0.1411994490530256,0.4259335243688359,8.326672684688674e-17,4.073168545317629,9.500222325969276,5.551115123125783e-17,1.3066114490601493,3.6984025405365237,0.0,1.4708826179313508,4.611688972158436,0.01736466696907602,8.29535099928247,0.8536167394075316,9.166332405659077,10.604092977514403,-0.16361976503607414,0.0,0.3865725894798756,0.22295282444380146,1.0,0.0003598991911794301,0.0,4.242640687119285,0.49110281929748656,0.12059098956096986
829,128.0739839546878,0.19634954084936207,-3.469446951953614e-18,0.17857581507008102,0.5019509228179595,-5.399326818977812e-17,0.1433467839898369,0.4279821937359929,8.326672684688674e-17,4.077042963254242,9.469583919961147,5.551115123125783e-17,1.309369151262038,3.6979267311766923,-5.551115123125783e-17,1.4868552382466436,4.624834985790824,0.017515068110069795,8.311139662110465,0.857223787138335,9.18587851735887,10.640001699362607,-0.16335516916278087,0.0,0.37530886234662164,0.21195369318384077,1.0,0.0003598991911794301,0.0,4.242640687119285,0.49110281929748656,0.12059098956096986
830,128.27033349553716,0.19634954084936207,-3.469446951953614e-18,0.17724460100279749,0.4980549871493735,-5.377642775528102e-17,0.14668602147595375,0.41745423475973187,1.1102230246251565e-16,4.081026568366818,9.425507690544768,5.551115123125783e-17,1.3118712642862576,3.7255445016474478,0.0,1.4988349018913139,4.610231355038655,0.01770111621398926,8.327388925857923,0.8605031070300118,9.205593149101922,10.67265289317637,-0.16295870027268097,0.0,0.3588629558356183,0.1959042555629373,1.0,0.0003586167372193659,0.0,4.242640687119285,0.4859712249159897,0.11808401572317373
832,128.66303257723587,0.19634954084936207,-5.204170427930421e-18,0.1729878876896454,0.47222075254479035,-5.5077470362263625e-17,0.1506147206293304,0.47279196834964815,1.1102230246251565e-16,4.089278169680301,9.434144443945101,5.551115123125783e-17,1.3161642004667355,3.7911967913317297,-5.551115123125783e-17,1.5144285854202733,4.513045739734666,0.017624821667502587,8.361097974511937,0.8661441012951205,9.24486689747456,10.730254362660954,-0.16174445799718976,0.0,0.3381230283866232,0.17637857038943347,1.0,0.0003586167372193659,0.0,4.242640687119285,0.4859712249159897,0.11808401572317373
833,128.85938211808522,0.19634954084936207,-4.336808689942018e-18,0.17110783062777468,0.4805115087789162,-5.4643789493269423e-17,0.1490454680158789,0.4782468525973327,1.1102230246251565e-16,4.093453237668322,9.468049321741873,5.551115123125783e-17,1.3180641892622915,3.834945018266919,-5.551115123125783e-17,1.5201222119867814,4.448579409362074,0.017224845495491425,8.378179704488634,0.8686466035078309,9.264051153491955,10.756606072631195,-0.16118565811743832,0.0,0.324735885266258,0.1635502271488197,1.0,0.0003586167372193659,0.0,4.242640687119285,0.4859712249159897,0.11808401572317373
834,129.05573165893458,0.19634954084936207,-4.336808689942018e-18,0.16996025765590067,0.475557500013443,-5.377642775528102e-17,0.14584262237815965,0.461122010403642,8.326672684688674e-17,4.097603703637076,9.485183555201756,0.0,1.319926516663669,3.868452918236073,-5.551115123125783e-17,1.524309167491406,4.389248183795269,0.016731364120859255,8.39517805603014,0.8711030046959432,9.283012424846943,10.78146540782944,-0.16087568714754,0.0,0.31667316817636226,0.15579748102882227,1.0,0.0003586167372193659,0.0,4.242640687119285,0.4859712249159897,0.11808401572317373
835,129.25208119978393,0.19634954084936207,-6.071532165918825e-18,0.16968023559259027,0.4580955980641409,-5.377642775528102e-17,0.14296891080892415,0.43363588470694603,1.6653345369377348e-16,4.101693931003749,9.4876378202371,0.0,1.321849018904588,3.895123896911097,-2.7755575615628914e-17,1.5259830876019493,4.345556292171551,0.016376892724222655,8.411946551816493,0.8736424143895111,9.301965858930227,10.804336856904474,-0.1606008012449835,0.0,0.3064566204489972,0.1458558192040137,1.0,0.0003586167372193659,0.0,4.242640687119285,0.4859712249159897,0.11808401572317373
837,129.64478028148264,0.19634954084936207,-6.938893903907228e-18,0.1712554799386879,0.4634308704433361,-5.334274688628682e-17,0.14387567520741285,0.443550327411494,1.1102230246251565e-16,4.109681812045563,9.481826357513215,0.0,1.3260421235791007,3.971895096103255,-2.7755575615628914e-17,1.5206679510458683,4.328159137512929,0.016601975403340918,8.444742298129054,0.8791938567530853,9.34053813028548,10.844088361719834,-0.1602852860444542,0.0,0.29154080810823746,0.13125552206378327,1.0,0.0003586167372193659,0.0,4.242640687119285,0.4859712249159897,0.11808401572317373
838,129.841129822332,0.19634954084936207,-6.071532165918825e-18,0.17276482013283337,0.4962822614328969,-5.399326818977812e-17,0.1463773866197301,0.4641271545596073,1.3877787807814457e-16,4.113652820656275,9.464118173754823,0.0,1.32822597588798,4.007003886997352,-2.7755575615628914e-17,1.5161115856802156,4.354924735670394,0.017004619194652754,8.461069764446663,0.8820921215117884,9.360166505153105,10.862879098528012,-0.1601842476382005,0.0,0.2862679284912185,0.12608368085301802,1.0,0.0003586167372193659,0.0,4.242640687119285,0.4859712249159897,0.11808401572317373
839,130.03747936318135,0.19634954084936207,-5.204170427930421e-18,0.1746189014855005,0.5340611672605919,-5.334274688628682e-17,0.14747770990548323,0.46086478847574963,8.326672684688674e-17,4.117682379412775,9.434002185794439,0.0,1.330328313493206,4.03986991689405,0.0,1.5127891927385237,4.3996018579200316,0.017302025026172868,8.477654088863225,0.8848867108408389,9.379842824730236,10.882632943821022,-0.16035631128335742,0.0,0.2911513710260095,0.1307950597426521,1.0,0.0003586167372193659,0.0,4.242640687119285,0.4859712249159897,0.11808401572317373
841,130.43017844488006,0.19634954084936207,-5.204170427930421e-18,0.17881522343872142,0.5871435726938989,-5.442694905877232e-17,0.14135386657225282,0.39751419209053684,1.3877787807814457e-16,4.126050747102125,9.401018867393525,1.1102230246251565e-16,1.333935318779917,4.057709536176497,-2.7755575615628914e-17,1.5110202350509039,4.515444166241557,0.01716637578441777,8.512147383831001,0.8896917173442392,9.41900547695966,10.925156375001885,-0.16079560879472643,0.0,0.29889730076254084,0.1381016919678144,1.0,0.000357714178771198,0.0,4.242640687119285,0.48678794707294165,0.11848125270774451
842,130.6265279857294,0.19634954084936207,-4.336808689942018e-18,0.180499410885832,0.5958400540293118,-5.442694905877232e-17,0.13626979472041614,0.410975598930448,1.6653345369377348e-16,4.130369620092448,9.449453029557128,0.0,1.3353916959763703,4.0458703275013805,-5.551115123125783e-17,1.5093516003850358,4.573638387427103,0.01693991445424867,8.529976599291313,0.8916354908413233,9.438552004586885,10.945285903896123,-0.16144075548938758,0.0,0.29410857528114315,0.13266781979175557,1.0,0.000357714178771198,0.0,4.242640687119285,0.48678794707294165,0.11848125270774451
843,130.82287752657876,0.19634954084936207,-6.938893903907228e-18,0.181303514324959,0.5906553641024004,-5.355958732078392e-17,0.13303450403703296,0.404115355985883,8.326672684688674e-17,4.134721331016852,9.483373929819338,0.0,1.3366744495413596,4.023915733884699,-5.551115123125783e-17,1.5045627475598817,4.625951685225281,0.016847967007631214,8.547960242582882,0.8933492920283483,9.458157501618862,10.962708240210342,-0.1619445816142846,0.0,0.28159755274084797,0.11965297112656337,1.0,0.000357714178771198,0.0,4.242640687119285,0.48678794707294165,0.11848125270774451
844,131.01922706742812,0.19634954084936207,-4.336808689942018e-18,0.18092480908854547,0.5811581234628976,-5.2692225582795515e-17,0.13320288625820106,0.3873164797106852,8.326672684688674e-17,4.139055702481798,9.49835217990888,5.551115123125783e-17,1.3378780627307538,3.994494260602441,0.0,1.4964485586733547,4.670692450344863,0.016946396321744852,8.565891054123544,0.8949588553680973,9.477796305813385,10.977381899145486,-0.16229681179918626,0.0,0.26873281182968156,0.1064360000304953,1.0,0.000357714178771198,0.0,4.242640687119285,0.48678794707294165,0.11848125270774451
846,131.41192614912683,0.19634954084936207,-5.204170427930421e-18,0.17705554444440297,0.5321520976565891,-5.2475385148298415e-17,0.14036354035612478,0.3757024219975881,1.1102230246251565e-16,4.147501736982254,9.471288371647628,0.0,1.3405029711368681,3.920881914468393,-2.7755575615628914e-17,1.4784909139306348,4.740735700881427,0.017241218262254335,8.600885329135407,0.8984741078133853,9.516600655211047,11.005277316319804,-0.16253340601677618,0.0,0.26558611001586135,0.10305270399908517,1.0,0.000357714178771198,0.0,4.242640687119285,0.48678794707294165,0.11848125270774451
847,131.60827568997618,0.19634954084936207,-4.336808689942018e-18,0.17448900687889868,0.4980085930797492,-5.334274688628682e-17,0.143813568913074,0.3792023603981029,1.3877787807814457e-16,4.151573477011249,9.481713452024993,5.551115123125783e-17,1.3421295282219008,3.8800004310636833,-2.7755575615628914e-17,1.4741153952658563,4.770325411396444,0.017173796803627878,8.617781167511636,0.9006558352625706,9.535610799577833,11.022981008451554,-0.16262258205257418,0.0,0.28419766122042495,0.12157507916785076,1.0,0.000357714178771198,0.0,4.242640687119285,0.48678794707294165,0.11848125270774451
848,131.80462523082554,0.19634954084936207,-2.6020852139652106e-18,0.1722365688187505,0.4608125391203529,-5.334274688628682e-17,0.14606523797229043,0.44122408922480827,8.326672684688674e-17,4.155564574112002,9.487866544498074,0.0,1.3440430281525142,3.8797935185054206,-2.7755575615628914e-17,1.4748769741474896,4.798815618148676,0.016983350052031762,8.634358464807335,0.9032258307626897,9.554567645622056,11.04511424037977,-0.16268592330379847,0.0,0.30629075267177774,0.14360482936797928,1.0,0.000357714178771198,0.0,4.242640687119285,0.48678794707294165,0.11848125270774451
849,132.0009747716749,0.19634954084936207,-7.806255641895632e-18,0.1706724379586155,0.42450092900463776,-5.399326818977812e-17,0.14749379980804173,0.4807275936421517,1.1102230246251565e-16,4.159523155989193,9.48975532804491,-5.551115123125783e-17,1.346238247689401,3.9461866458704042,0.0,1.4807033304570938,4.826468467565245,0.016823104405897692,8.650816442605146,0.9061787097709144,9.573818256781959,11.071967201816092,-0.16279493879201298,0.0,0.3301761732679683,0.1673812344759553,1.0,0.000357714178771198,0.0,4.242640687119285,0.48678794707294165,0.11848125270774451
851,132.3936738533736,0.19634954084936207,-7.806255641895632e-18,0.16998910568706102,0.417732047776058,-5.377642775528102e-17,0.14934807296213348,0.4820958381182466,8.326672684688674e-17,4.16756772755021,9.532042892997474,-5.551115123125783e-17,1.3512651474170545,4.032675814878972,-2.7755575615628914e-17,1.5059953514636653,4.871824790190312,0.0169612870048223,8.68431038185901,0.912958749312017,9.614230418175849,11.139555107118014,-0.16289838717262847,0.0,0.3655646123290536,0.2026662251564251,1.0,0.00035692176379247394,0.0,4.242640687119285,0.4862972306026643,0.11824249824591042
852,132.59002339422295,0.19634954084936207,-3.469446951953614e-18,0.170649304638076,0.40479849117141986,-5.334274688628682e-17,0.14906886476091832,0.45493989358921605,1.6653345369377348e-16,4.171715873518899,9.569717085094236,0.0,1.3539433269942678,4.04906431925227,-2.7755575615628914e-17,1.5253284220805576,4.882863379738517,0.017110893095089792,8.701606664684771,0.9165812663561532,9.635298824136015,11.180069325197996,-0.1631464287856777,0.0,0.3996927376283017,0.236546308842624,1.0,0.00035692176379247394,0.0,4.242640687119285,0.4862972306026643,0.11824249824591042
853,132.7863729350723,0.19634954084936207,-3.469446951953614e-18,0.1717172886080604,0.4103208351130971,-5.355958732078392e-17,0.14710486622851024,0.4088418152971366,1.3877787807814457e-16,4.1759431393039534,9.595909103561302,5.551115123125783e-17,1.3566151115109688,4.048118585343854,5.551115123125783e-17,1.5483199525026623,4.881810094373135,0.017104167614020345,8.719250551349878,0.9202022803899591,9.656556999353858,11.224028842079633,-0.16350833360637348,0.0,0.41705097574951117,0.2535426421431377,1.0,0.00035692176379247394,0.0,4.242640687119285,0.4862972306026643,0.11824249824591042
855,133.17907201677102,0.19634954084936207,-9.540979117872439e-18,0.17442696187319862,0.4321989262821672,-5.5294310796760726e-17,0.1391635596831375,0.39824946274125583,5.551115123125783e-17,4.184530260368738,9.64855832990442,0.0,1.3615724170718668,4.010183446594436,-5.551115123125783e-17,1.5937746597459836,4.841169316569261,0.0165640560844345,8.755146749970828,0.9269397234654628,9.698650529520725,11.311422022819265,-0.16405450294747745,0.0,0.4157516034533365,0.25169710050585903,1.0,0.00035692176379247394,0.0,4.242640687119285,0.4862972306026643,0.11824249824591042
856,133.37542155762037,0.19634954084936207,-7.806255641895632e-18,0.17583611397863308,0.4448997919098908,-5.4860629927766524e-17,0.13581039610262466,0.3759787564556588,1.1102230246251565e-16,4.1888212057635075,9.67791150751152,5.551115123125783e-17,1.3636973557366285,3.9848662948385294,0.0,1.607771169217783,4.807374466855437,0.016335775740498423,8.773111546927021,0.9298352390215363,9.719282561689056,11.347048396503931,-0.16446372617406982,0.0,0.37566516567343455,0.21120143949936473,1.0,0.00035692176379247394,0.0,4.242640687119285,0.4862972306026643,0.11824249824591042
857,133.57177109846972,0.19634954084936207,-7.806255641895632e-18,0.17710781134811787,0.46199644127339884,-5.442694905877232e-17,0.1347633419478662,0.36033273101342456,8.326672684688674e-17,4.1930640256510845,9.692128314903941,-5.551115123125783e-17,1.3655290325616074,3.9471236879449667,-5.551115123125783e-17,1.6113748549875628,4.772492090268715,0.016354960678830563,8.790892961604639,0.9323347693843194,9.739582691667788,11.37298027033938,-0.16458064458142446,0.0,0.3274962468639055,0.16291560228248103,1.0,0.00035692176379247394,0.0,4.242640687119285,0.4862972306026643,0.11824249824591042
858,133.76812063931908,0.19634954084936207,-3.469446951953614e-18,0.17805755272858603,0.47699353150121104,-5.334274688628682e-17,0.1361714888071677,0.3573182566154609,1.6653345369377348e-16,4.197236416704201,9.687375991704476,0.0,1.3670718265880122,3.930589518236226,0.0,1.6039623357014439,4.743544778516136,0.01662089721776895,8.808396768853958,0.9344426895253417,9.759460355597069,11.388530742196593,-0.16458949601122527,0.0,0.27572391088502823,0.11113441487380296,1.0,0.00035692176379247394,0.0,4.242640687119285,0.4862972306026643,0.11824249824591042
860,134.1608197210178,0.19634954084936207,-6.071532165918825e-18,0.17832908955298366,0.49462706428324277,-5.312590645178972e-17,0.14133125783448885,0.3953568935399868,1.6653345369377348e-16,4.205409771696112,9.646385064016481,0.0,1.3694140983060912,3.9991971187203887,0.0,1.5656397838834848,4.72360984680746,0.017225413070870357,8.842735673938572,0.9376474863197424,9.797608573329184,11.397087601526183,-0.16452309617904184,0.0,0.21888608106077556,0.05436298488173372,1.0,0.0003567627860826049,0.0,4.242640687119285,0.4895385250440443,0.1198239837511492
861,134.35716926186714,0.19634954084936207,-7.806255641895632e-18,0.1775827324804332,0.4903408190561207,-5.5294310796760726e-17,0.14246802886456977,0.39833782475347146,1.6653345369377348e-16,4.209500970698197,9.619194649687039,5.551115123125783e-17,1.3702932752886603,4.021309063529808,0.0,1.5422750315095557,4.735146957203676,0.01724749939611282,8.85994921115453,0.938851830150662,9.816048540701306,11.397125684512773,-0.1644482215050955,0.0,0.1967396428217402,0.0322914213166447,1.0,0.0003567627860826049,0.0,4.242640687119285,0.4895385250440443,0.1198239837511492
862,134.5535188027165,0.19634954084936207,-5.204170427930421e-18,0.1764489846048829,0.48396908455646825,-5.377642775528102e-17,0.14233791011587826,0.4197013073733774,8.326672684688674e-17,4.213666981516263,9.583428199287566,5.551115123125783e-17,1.3710487677833942,4.0477467384313535,0.0,1.5204631940991964,4.7574080523822015,0.017090520721648465,8.877494715560184,0.9398873618201817,9.834472598102014,11.398548207566984,-0.16453774205853922,0.0,0.20330944339359094,0.03877170133505173,1.0,0.0003567627860826049,0.0,4.242640687119285,0.4895385250440443,0.1198239837511492
864,134.9462178844152,0.19634954084936207,-4.336808689942018e-18,0.17419008389169466,0.4858211737027326,-5.421010862427522e-17,0.14214804938583844,0.43172197119809913,1.6653345369377348e-16,4.22231519430335,9.64963736287029,5.551115123125783e-17,1.3725748282273766,4.094451115879839,2.7755575615628914e-17,1.4887966620510582,4.813281178047797,0.016892414002720766,8.91397280002247,0.9419808295417064,9.872846043566897,11.413286058360884,-0.1647736430674184,0.0,0.23333379960094533,0.06856015653352693,1.0,0.0003567627860826049,0.0,4.242640687119285,0.4895385250440443,0.1198239837511492
865,135.14256742526456,0.19634954084936207,-2.6020852139652106e-18,0.17358504175893782,0.47569664663107447,-5.312590645178972e-17,0.14361615473468434,0.42843381179081047,8.326672684688674e-17,4.226756648262738,9.697427192745732,0.0,1.3735909349750781,4.0974626206907825,0.0,1.4818243998497698,4.837382354207918,0.01705847611683347,8.932735881816626,0.9433760283228546,9.893170386256314,11.429413373616502,-0.16506292856630628,0.0,0.2779614109566511,0.11289848239034483,1.0,0.0003567627860826049,0.0,4.242640687119285,0.4895385250440443,0.1198239837511492
866,135.3389169661139,0.19634954084936207,-2.6020852139652106e-18,0.17345178290303673,0.45708549264934994,-5.334274688628682e-17,0.14571710952804548,0.4139923536393838,1.6653345369377348e-16,4.2312086573086765,9.71740516523827,0.0,1.3749212487045068,4.0882236453621426,-1.1102230246251565e-16,1.482829979324827,4.855323395206821,0.017318280844661544,8.951563350841944,0.9452042200695803,9.914085851756186,11.452961953673574,-0.165288837851981,0.0,0.3156294506830698,0.1503406128310888,1.0,0.0003567627860826049,0.0,4.242640687119285,0.4895385250440443,0.1198239837511492
867,135.53526650696327,0.19634954084936207,-3.469446951953614e-18,0.1736514800819424,0.472479261348118,-5.399326818977812e-17,0.14737612037450465,0.43798152611558205,1.1102230246251565e-16,4.235613870413233,9.710790736453786,0.0,1.3766203448368473,4.068956075617379,0.0,1.4927420097866646,4.867065891638197,0.017502002239721613,8.970212429618483,0.9475417869093596,9.935256218767565,11.484433256778045,-0.16556229130355943,0.0,0.35568052111421367,0.19011822981065424,1.0,0.0003567627860826049,0.0,4.242640687119285,0.4895385250440443,0.1198239837511492
869,135.92796558866198,0.19634954084936207,-5.204170427930421e-18,0.17406822228245972,0.5397268194395108,-5.377642775528102e-17,0.14692253483379974,0.47322637785317717,1.6653345369377348e-16,4.2441248075370686,9.693854373314341,0.0,1.381047818054416,4.017931774473134,0.0,1.5347342552897458,4.880478663545004,0.01726373414359188,9.00629769097578,0.9536465378764315,9.977207962995804,11.56681499414937,-0.16610203565254397,0.0,0.4049562957081113,0.23885426005556734,1.0,0.0003567627860826049,0.0,4.242640687119285,0.4895385250440443,0.1198239837511492
870,136.12431512951133,0.19634954084936207,-7.806255641895632e-18,0.17402087327956037,0.5619929141413984,-5.2475385148298415e-17,0.14533985449956355,0.4636420918509666,1.942890293094024e-16,4.248213048841543,9.728300172015103,5.551115123125783e-17,1.383599382383845,4.01564629702473,-5.551115123125783e-17,1.560483600608338,4.888331179296815,0.01694227849723083,9.02365705417378,0.9571736254664789,9.99777295813749,11.612426031901212,-0.16673102152566655,0.0,0.42805138654710884,0.2613203650214423,1.0,0.00035526287257818366,0.0,4.242640687119285,0.4801889820439743,0.11529072923821414
871,136.32066467036069,0.19634954084936207,-5.204170427930421e-18,0.17394200247171354,0.5748114781106533,-5.2692225582795515e-17,0.14368648003955065,0.44259603367446543,1.6653345369377348e-16,4.25224942896076,9.75548631614155,5.551115123125783e-17,1.386199673325849,4.0108220403774135,0.0,1.5844366474869147,4.900514523734389,0.01664755667474566,9.040812603048556,0.9607747671643455,10.018234926887647,11.656828356324876,-0.16644425263740392,0.0,0.4220143354944602,0.2555700828570563,1.0,0.00035526287257818366,0.0,4.242640687119285,0.4801889820439743,0.11529072923821414
872,136.51701421121004,0.19634954084936207,-8.673617379884035e-18,0.1740582242876302,0.5782142178327531,-5.2909066017292616e-17,0.14211524228376224,0.42177473710177416,2.220446049250313e-16,4.25626630177294,9.764472920446735,5.551115123125783e-17,1.3886669156894489,4.002523886485549,-5.551115123125783e-17,1.603888753391053,4.917140577043149,0.016443862736605905,9.057901415803949,0.9641979013652233,10.038543179905778,11.697305047249664,-0.16678286459959268,0.0,0.4030710724737311,0.2362882078741384,1.0,0.00035526287257818366,0.0,4.242640687119285,0.4801889820439743,0.11529072923821414
874,136.90971329290875,0.19634954084936207,-6.071532165918825e-18,0.17506428025419868,0.5616435736525612,-5.421010862427522e-17,0.13798389981896683,0.4111913352370763,1.3877787807814457e-16,4.26447287086752,9.731719834426087,0.0,1.392654135109148,3.996665354783347,0.0,1.6251955914129774,4.9547439943708955,0.016186267281797145,9.092864433182532,0.9697427700183043,10.078793470482633,11.761676632294945,-0.16699232609066383,0.0,0.3619066165804542,0.19491429048979036,1.0,0.00035526287257818366,0.0,4.242640687119285,0.4801889820439743,0.11529072923821414
875,137.1060628337581,0.19634954084936207,-2.6020852139652106e-18,0.17551936126992132,0.5453938686935997,-5.2692225582795515e-17,0.13551050425253688,0.4198658650647975,1.3877787807814457e-16,4.268736194973177,9.699539335739608,1.1102230246251565e-16,1.3940474414423267,3.9950934463421532,-5.551115123125783e-17,1.627097040570091,4.9680393874203705,0.016042619811657333,9.111054351137037,0.9716841344959484,10.098781105444642,11.785275330387217,-0.1668597536035829,0.0,0.31855768862429207,0.15169793502070916,1.0,0.00035526287257818366,0.0,4.242640687119285,0.4801889820439743,0.11529072923821414
876,137.30241237460746,0.19634954084936207,-6.071532165918825e-18,0.1755362104878006,0.5288792072367422,-5.2909066017292616e-17,0.13398401942951452,0.4050925604550242,1.3877787807814457e-16,4.273114034475978,9.703714772621261,0.0,1.3950769571803707,3.993489378819768,0.0,1.6237148510869812,4.973098465589691,0.015916338615634414,9.129751775817784,0.9731198582278209,10.118787972661238,11.803749308651973,-0.16655957276223565,0.0,0.2924393368531915,0.12587976409095586,1.0,0.00035526287257818366,0.0,4.242640687119285,0.4801889820439743,0.11529072923821414
878,137.69511145630617,0.19634954084936207,-6.938893903907228e-18,0.17393866271285513,0.5041652594697057,-5.355958732078392e-17,0.13778614235648218,0.3849068123380359,1.6653345369377348e-16,4.282112287010397,9.772078852626832,0.0,1.3964935776787442,4.013539594597114,-5.551115123125783e-17,1.604506352044387,4.957559119121914,0.016007840097771273,9.168242819282703,0.9750971562489892,10.159347815629463,11.829543942991167,-0.16593739799612905,0.0,0.2639123747610443,0.09797497676491523,1.0,0.00035526287257818366,0.0,4.242640687119285,0.4801889820439743,0.11529072923821414
879,137.89146099715552,0.19634954084936207,-6.938893903907228e-18,0.17266386593643535,0.4854437170400536,-5.377642775528102e-17,0.1424855650536376,0.4381678336986847,1.1102230246251565e-16,4.286651726473507,9.80263213728869,0.0,1.3971644382208315,4.03146513109346,0.0,1.5919282194370787,4.943296913502266,0.016261844181704656,9.187691512039148,0.9760342337144656,10.179987589935317,11.840265396726611,-0.16537467077653595,0.0,0.2526319487236156,0.08725727794707966,1.0,0.00035526287257818366,0.0,4.242640687119285,0.4801889820439743,0.11529072923821414
880,138.08781053800487,0.19634954084936207,-6.938893903907228e-18,0.17144120387731926,0.4654665833080698,-5.334274688628682e-17,0.14688104199016744,0.49298836510279387,1.3877787807814457e-16,4.291159194692915,9.819558899131989,0.0,1.3979828885745837,4.045410165740979,-5.551115123125783e-17,1.5804833058887648,4.932124174715593,0.016545826978067904,9.20702361709877,0.9771780783736683,10.200747522450506,11.852366020476307,-0.1652260593327347,0.0,0.2594654680804195,0.09423940874768477,1.0,0.0003554049764483385,0.0,4.242640687119285,0.48932735320435233,0.11972062929698848
881,138.28416007885423,0.19634954084936207,-6.071532165918825e-18,0.17048358703480893,0.4408831678897326,-5.312590645178972e-17,0.14924643635876117,0.5164662002044396,2.220446049250313e-16,4.295602121183256,9.843607145496328,0.0,1.399019497263202,4.0576942686899535,0.0,1.5724291402648072,4.929944573749208,0.01672242103480907,9.226098791757046,0.9786277768612913,10.221448989653146,11.867660784825997,-0.1654261786740802,0.0,0.275655154643703,0.1102289759696228,1.0,0.0003554049764483385,0.0,4.242640687119285,0.48932735320435233,0.11972062929698848
883,138.67685916055294,0.19634954084936207,-5.204170427930421e-18,0.16963937215046818,0.39628836583398086,-5.377642775528102e-17,0.14562488882229804,0.4686247395725308,1.3877787807814457e-16,4.304313066002361,9.835967357012786,5.551115123125783e-17,1.4016656428236764,4.1285126940205785,0.0,1.5700082644926892,4.967155271263621,0.01644378628411866,9.263555485079324,0.982333287136155,10.2623325584996,11.910195852291096,-0.16622794617008693,0.0,0.3062664619824223,0.14003851581233537,1.0,0.0003554049764483385,0.0,4.242640687119285,0.48932735320435233,0.11972062929698848
884,138.8732087014023,0.19634954084936207,-6.071532165918825e-18,0.16970802168864474,0.4029542974804762,-5.334274688628682e-17,0.1412733170523106,0.4223868992608918,1.6653345369377348e-16,4.308652492984974,9.801412685204822,5.551115123125783e-17,1.40307366399098,4.171267683596925,-5.551115123125783e-17,1.5736939047124094,5.00568826659838,0.016076438555869346,9.282243152652816,0.9843078532925369,10.282627444501221,11.935593674340586,-0.16746908035040015,0.0,0.3282257886146953,0.16075670826429517,1.0,0.0003554049764483385,0.0,4.242640687119285,0.48932735320435233,0.11972062929698848
885,139.06955824225165,0.19634954084936207,-2.6020852139652106e-18,0.1700796591163052,0.41050584603372736,-5.2692225582795515e-17,0.13746654299335972,0.38307182560488195,1.6653345369377348e-16,4.3130415918919685,9.782548996691288,1.1102230246251565e-16,1.404377224050391,4.208225776391561,0.0,1.5777131247904168,5.050840929639266,0.01574518577483502,9.301163886694999,0.9861376937157408,10.303046766185574,11.961262710018017,-0.16839663077948783,0.0,0.33071484409816126,0.16231821331867344,1.0,0.0003554049764483385,0.0,4.242640687119285,0.48932735320435233,0.11972062929698848
886,139.265907783101,0.19634954084936207,-6.938893903907228e-18,0.17079857693531258,0.43541613359271014,-5.204170427930421e-17,0.13560592870194849,0.39012413870983254,1.6653345369377348e-16,4.317503816896208,9.80971610166384,0.0,1.4055084075460809,4.235973412933951,0.0,1.5800390084051477,5.094224368035897,0.01559185287458222,9.32041960445666,0.9877269418413599,10.323738399172601,11.985526623396078,-0.16925410762040638,0.0,0.3248324802385112,0.1555783726181048,1.0,0.0003554049764483385,0.0,4.242640687119285,0.48932735320435233,0.11972062929698848
888,139.6586068647997,0.19634954084936207,-6.938893903907228e-18,0.1734242514602818,0.4746075990205052,-5.355958732078392e-17,0.13773455164829634,0.4098707132254168,1.3877787807814457e-16,4.3265886477269655,9.872337418576006,5.551115123125783e-17,1.4073511349871854,4.257207943817624,5.551115123125783e-17,1.5777438209056664,5.14239712774716,0.015941569328647015,9.359684663319927,0.9903186085748593,10.365944841223433,12.028367852187914,-0.17023415295673067,0.0,0.31189340200058074,0.14165924904385008,1.0,0.0003554049764483385,0.0,4.242640687119285,0.48932735320435233,0.11972062929698848
889,139.85495640564906,0.19634954084936207,-6.071532165918825e-18,0.1751100312608563,0.48136381609981016,-5.2692225582795515e-17,0.139612126843331,0.42015405375104087,1.6653345369377348e-16,4.33113070534251,9.897380930003324,-5.551115123125783e-17,1.408247726869184,4.25103762086978,-5.551115123125783e-17,1.575527493059114,5.137557070783213,0.016262493987208283,9.379346593380355,0.9915808301161119,10.387189917483674,12.048988205573773,-0.17085845199983102,0.0,0.30843352047396544,0.13757506847413442,1.0,0.0003554049764483385,0.0,4.242640687119285,0.48932735320435233,0.11972062929698848
890,140.05130594649842,0.19634954084936207,-2.6020852139652106e-18,0.17662304885963107,0.47850977691764984,-5.421010862427522e-17,0.14066399847336233,0.41552096941033584,1.1102230246251565e-16,4.335616440998251,9.917441613911139,-5.551115123125783e-17,1.409274642101544,4.235508954778833,0.0,1.5752365218869238,5.114556697490341,0.016498416829363902,9.398784961727172,0.9930275084352176,10.408310886991753,12.071308322396302,-0.1710455977822214,0.0,0.3168123927682944,0.14576679498607303,1.0,0.00035572134464768374,0.0,4.242640687119285,0.49072351668013536,0.12040478491145953
892,140.44400502819713,0.19634954084936207,-2.6020852139652106e-18,0.17761045738414225,0.4726188652452594,-5.355958732078392e-17,0.13981635756153005,0.3952942939947892,1.1102230246251565e-16,4.344334236514543,9.95971031952274,0.0,1.4119913393727823,4.18330337489887,5.551115123125783e-17,1.585232572189868,5.041834909533826,0.01648647923402625,9.4366199792762,0.9968597712318719,10.449966229742099,12.125325824115528,-0.1711639729053252,0.0,0.33990639774444176,0.16874242483911656,1.0,0.00035572134464768374,0.0,4.242640687119285,0.49072351668013536,0.12040478491145953
893,140.64035456904648,0.19634954084936207,-6.071532165918825e-18,0.17668259367540842,0.47476176981528834,-5.334274688628682e-17,0.13892988368233464,0.41646238503066013,1.1102230246251565e-16,4.348588316206936,9.97078040363078,5.551115123125783e-17,1.4136989794780943,4.150091807117259,-5.551115123125783e-17,1.5952943595318014,5.010202573424316,0.016321851438628326,9.455110171925739,0.9992724022887027,10.47070442565307,12.157117133201343,-0.1708754437190553,0.0,0.3633100393985488,0.19243459567949348,1.0,0.00035572134464768374,0.0,4.242640687119285,0.49072351668013536,0.12040478491145953
894,140.83670410989583,0.19634954084936207,-2.6020852139652106e-18,0.17489751397067896,0.4680767959189043,-5.421010862427522e-17,0.13862524262459064,0.4291190850356163,1.3877787807814457e-16,4.352816774427596,9.972401906186041,5.551115123125783e-17,1.4155610577651923,4.167389722023588,-5.551115123125783e-17,1.6073249610916807,4.992045571805112,0.016160002773648083,9.473506935869127,1.0019065541306553,10.49157349277343,12.19102330015214,-0.17058403994299493,0.0,0.3736704813015349,0.20308644135853998,1.0,0.00035572134464768374,0.0,4.242640687119285,0.49072351668013536,0.12040478491145953
895,141.0330536507452,0.19634954084936207,-4.336808689942018e-18,0.17256021646966965,0.4561776019369971,-5.377642775528102e-17,0.13926995738621273,0.4362248617148742,1.6653345369377348e-16,4.357067377073314,9.96370930664149,0.0,1.417466667318765,4.2121665394744605,0.0,1.6200527185420726,4.991234096844135,0.016044092472302905,9.492018064178263,1.0046058764798833,10.51266803313045,12.225908028541333,-0.17029010896739036,0.0,0.37841670985177334,0.20812660088438298,1.0,0.00035572134464768374,0.0,4.242640687119285,0.49072351668013536,0.12040478491145953
897,141.4257527324439,0.19634954084936207,-3.469446951953614e-18,0.16798117761881204,0.43111916398677397,-5.355958732078392e-17,0.14263837587903266,0.42264050711993767,1.6653345369377348e-16,4.3658040141867955,9.93369363240492,0.0,1.4209137491443438,4.241164650426305,-5.551115123125783e-17,1.643253916686218,5.036534401365008,0.015876306687935212,9.530122345144768,1.0094979412537175,10.555496593086422,12.294071061710378,-0.1699820654851024,0.0,0.3741994094085245,0.20421734392342208,1.0,0.00035572134464768374,0.0,4.242640687119285,0.49072351668013536,0.12040478491145953
898,141.62210227329325,0.19634954084936207,-7.806255641895632e-18,0.16663699204571714,0.42346062113014216,-5.2909066017292616e-17,0.14422490194217855,0.46217138219602116,1.1102230246251565e-16,4.370330956817697,9.939520753969664,-5.551115123125783e-17,1.422260584519714,4.219170417297937,-1.1102230246251565e-16,1.6515700033076406,5.071045727957525,0.015765453267325428,9.549896336059543,1.011412585139179,10.577074374466049,12.32496149807814,-0.16988422250301322,0.0,0.35808343891398725,0.18819921641097404,1.0,0.00035572134464768374,0.0,4.242640687119285,0.49072351668013536,0.12040478491145953
899,141.8184518141426,0.19634954084936207,-6.071532165918825e-18,0.16631657638707817,0.4491536600563814,-5.182486384480711e-17,0.14504756996203205,0.5026874196564923,1.3877787807814457e-16,4.374952651894775,9.970140480156285,0.0,1.4232979855194277,4.199503646635286,-5.551115123125783e-17,1.6560332181658581,5.102297569967592,0.01565653037470822,9.57010535316056,1.0128885777918306,10.598650461327098,12.351999464429495,-0.1699556094204338,0.0,0.3388519805419584,0.1688963711215246,1.0,0.00035572134464768374,0.0,4.242640687119285,0.49072351668013536,0.12040478491145953
900,142.01480135499196,0.19634954084936207,-7.806255641895632e-18,0.16702096952564277,0.4774976889050142,-5.2909066017292616e-17,0.1449548138024152,0.5131098791839084,1.942890293094024e-16,4.379636181281083,10.017090079498514,-5.551115123125783e-17,1.424044849266586,4.162942017139883,0.0,1.6554941006029775,5.122019365087398,0.015609446740753121,9.590606540193175,1.0139518663613467,10.620167853295275,12.374098113282063,-0.17009478504497139,0.0,0.3143638960108433,0.14426911096587192,1.0,0.0003549649323126342,0.0,4.242640687119285,0.48380328553704355,0.11703280954821904
902,142.40750043669067,0.19634954084936207,-6.071532165918825e-18,0.17047372191472857,0.5324464368125288,-5.421010862427522e-17,0.14257514347136482,0.4536575791025571,1.1102230246251565e-16,4.389035079301862,10.081235212598243,-5.551115123125783e-17,1.424965806740328,4.174037689222243,0.0,1.638545334183277,5.1059809837415315,0.01582350824161742,9.631814463671153,1.0152637751895568,10.662901747102326,12.403069841578805,-0.17001347664729213,0.0,0.27647352242579004,0.10646004577849791,1.0,0.0003549649323126342,0.0,4.242640687119285,0.48380328553704355,0.11703280954821904
903,142.60384997754002,0.19634954084936207,-7.806255641895632e-18,0.17256021369603017,0.5537750341765602,-5.334274688628682e-17,0.14047534843316772,0.4267712905598753,1.3877787807814457e-16,4.393660033541878,10.088294582723412,5.551115123125783e-17,1.4253344086257091,4.156020226748281,-5.551115123125783e-17,1.624503046258013,5.0740680294434775,0.015989730804895363,9.65212424517161,1.0157890882062002,10.683903064182704,12.412224892160326,-0.17030196462176939,0.0,0.25040670752668637,0.08010474290491698,1.0,0.0003549649323126342,0.0,4.242640687119285,0.48380328553704355,0.11703280954821904
904,142.80019951838938,0.19634954084936207,-3.469446951953614e-18,0.17454434608661454,0.5679508532856389,-5.2692225582795515e-17,0.13771564838948283,0.3912604906259728,1.942890293094024e-16,4.398212804248915,10.075618267492457,0.0,1.4257721235259424,4.129536362631548,0.0,1.6098595945099254,5.056617303741598,0.016070897195089792,9.672137935729546,1.0164130741118376,10.704621907036472,12.420779917937942,-0.1704697067983591,0.0,0.24763296590259062,0.07716325910423152,1.0,0.0003549649323126342,0.0,4.242640687119285,0.48380328553704355,0.11703280954821904
906,143.19289860008809,0.19634954084936207,-8.673617379884035e-18,0.17748652258516504,0.5698181801981134,-5.355958732078392e-17,0.13160923357378768,0.36540470355105237,1.1102230246251565e-16,4.407206419377423,9.9988453113341,0.0,1.4270661495538826,4.122130245659017,-5.551115123125783e-17,1.5880850181389852,4.937925596983189,0.01590164500070235,9.711734211500783,1.0182588976012719,10.745894754102757,12.445097438410151,-0.17062944382409892,0.0,0.26584094178558687,0.09521149796148795,1.0,0.0003549649323126342,0.0,4.242640687119285,0.48380328553704355,0.11703280954821904
907,143.38924814093744,0.19634954084936207,-8.673617379884035e-18,0.17807223087715404,0.5573881791670906,-5.2692225582795515e-17,0.1303325444914859,0.3493438227322167,1.3877787807814457e-16,4.4117522064841035,9.954852810235332,0.0,1.427940959711993,4.129531254306064,0.0,1.5837729121158226,4.872102123906536,0.01582858241920419,9.731778765708675,1.0195076922116035,10.767115040339483,12.463873624582082,-0.17066304220000408,0.0,0.2992585701792542,0.12859552797925014,1.0,0.0003549649323126342,0.0,4.242640687119285,0.48380328553704355,0.11703280954821904
908,143.5855976817868,0.19634954084936207,-6.938893903907228e-18,0.1778659804869489,0.5381719473150501,-5.182486384480711e-17,0.13168040812547988,0.34604112920288266,1.1102230246251565e-16,4.416395825505394,10.008722260982616,5.551115123125783e-17,1.4289527710578254,4.157217270577688,0.0,1.5846926924168074,4.863293295398451,0.015913939791521996,9.752276043770738,1.0209530109569187,10.78914299451918,12.488133756413887,-0.17063268380170932,0.0,0.3270937912479428,0.15646110744623348,1.0,0.0003549649323126342,0.0,4.242640687119285,0.48380328553704355,0.11703280954821904
909,143.78194722263615,0.19634954084936207,-8.673617379884035e-18,0.17687694767006842,0.5221523990371558,-5.334274688628682e-17,0.13549726697473793,0.35632976007266715,1.6653345369377348e-16,4.4211502809277485,10.089496533233547,-5.551115123125783e-17,1.4300970780174938,4.1741664916510866,-5.551115123125783e-17,1.591309955612562,4.887029794523351,0.016167785880649436,9.773284903273751,1.0225888262770864,10.812041515431487,12.51834253291312,-0.1706496033316002,0.0,0.3573312807930791,0.18668167746147887,1.0,0.0003549649323126342,0.0,4.242640687119285,0.48380328553704355,0.11703280954821904
911,144.17464630433486,0.19634954084936207,-5.204170427930421e-18,0.17354176028986004,0.4789123722648334,-5.421010862427522e-17,0.14419425891599114,0.39063404670602675,1.1102230246251565e-16,4.4308723858563415,10.193970516078892,-5.551115123125783e-17,1.4328091674568595,4.165994929071332,5.551115123125783e-17,1.622616876275357,5.030951286087354,0.016689580701483697,9.816315049872134,1.0264710551742096,10.859475685747826,12.596825833258906,-0.17077915871941513,0.0,0.4029091550722705,0.23212999635285536,1.0,0.0003539374365940963,0.0,4.242640687119285,0.48091903517303763,0.1156415591958827
912,144.3709958451842,0.19634954084936207,-2.6020852139652106e-18,0.17198737191152308,0.4561496507531917,-5.2692225582795515e-17,0.14575066663822206,0.41178116996589104,1.3877787807814457e-16,4.435720022399013,10.207076248023226,0.0,1.434351392285227,4.157834004424027,-5.551115123125783e-17,1.645462863720328,5.137804415516449,0.01668463482359265,9.837806058555753,1.0286819582752844,10.883172651654629,12.642892579618245,-0.17143110071861986,0.0,0.4374827269149454,0.2660516261963255,1.0,0.0003539374365940963,0.0,4.242640687119285,0.48091903517303763,0.1156415591958827
913,144.56734538603357,0.19634954084936207,-6.071532165918825e-18,0.1709745488092945,0.43389228849776107,-5.355958732078392e-17,0.14480296435510837,0.4409195800054042,1.1102230246251565e-16,4.440480674575338,10.195325901847253,0.0,1.4359433364934275,4.152425474803709,0.0,1.6694287289064795,5.253039403186916,0.0164842097527377,9.858934310638519,1.0309666328099385,10.906385153201196,12.689839701853682,-0.17231948641208955,0.0,0.4425549276842984,0.27023544127220883,1.0,0.0003539374365940963,0.0,4.242640687119285,0.48091903517303763,0.1156415591958827
914,144.76369492688292,0.19634954084936207,-6.071532165918825e-18,0.17061766741423745,0.41784379630007584,-5.2692225582795515e-17,0.14235131186689792,0.45519551107462064,1.1102230246251565e-16,4.44512915417746,10.165318582890896,0.0,1.437488123604978,4.186674036896235,0.0,1.690518566435497,5.363998245097535,0.01622031532804297,9.879586598659207,1.0331860527526802,10.92899296673993,12.733799335827657,-0.17327088511908542,0.0,0.4284757951745401,0.25520491005545465,1.0,0.0003539374365940963,0.0,4.242640687119285,0.48091903517303763,0.1156415591958827
916,145.15639400858163,0.19634954084936207,-3.469446951953614e-18,0.1712610279284119,0.40347919739512383,-5.2692225582795515e-17,0.1388092874948537,0.4410429494881505,1.6653345369377348e-16,4.454136163861765,10.133332628300632,0.0,1.4399840410504134,4.247667058405117,-5.551115123125783e-17,1.7111371359194423,5.529522444884518,0.01603002501450123,9.919664483110596,1.0367770192399393,10.972471527365038,12.79980592704408,-0.17443896923588068,0.0,0.37496309857132953,0.20052412933544886,1.0,0.0003539374365940963,0.0,4.242640687119285,0.48091903517303763,0.1156415591958827
917,145.35274354943098,0.19634954084936207,-4.336808689942018e-18,0.17176758715210994,0.41262561632245637,-5.2258544713801314e-17,0.1388486870167597,0.40669799181107175,8.326672684688674e-17,4.458575304300717,10.157422845528238,0.0,1.4407433803683674,4.270797070870851,0.0,1.7085200924084247,5.56990156637543,0.016113686806635687,9.939446872060115,1.0378707440376351,10.993431302904385,12.81944309160611,-0.1750994149174846,0.0,0.30876389496752366,0.13366448005003906,1.0,0.0003539374365940963,0.0,4.242640687119285,0.48091903517303763,0.1156415591958827
918,145.54909309028034,0.19634954084936207,-4.336808689942018e-18,0.1722160177650875,0.42742769170825723,-5.334274688628682e-17,0.13902480042789084,0.41354418879229776,1.1102230246251565e-16,4.4630434128692995,10.177082683279366,5.551115123125783e-17,1.4411104591095087,4.278591492837478,-5.551115123125783e-17,1.6988918416984369,5.5790571954789385,0.016159824465569402,9.95937825257802,1.0383996776774094,11.013937754720999,12.831620474641577,-0.17518327136968376,0.0,0.2712294149099097,0.09604614354022595,1.0,0.0003539374365940963,0.0,4.242640687119285,0.48091903517303763,0.1156415591958827
920,145.94179217197905,0.19634954084936207,-6.938893903907228e-18,0.173077164402872,0.44653429353510077,-5.2909066017292616e-17,0.13605410563526077,0.41836084719469174,1.1102230246251565e-16,4.472247327140937,10.173316555086645,0.0,1.4407884096003982,4.253256444339684,0.0,1.6681859011261155,5.517727176155923,0.015804303551385984,10.000498077559627,1.0379356206194221,11.054238001730434,12.843541556543162,-0.17496512882225534,0.0,0.23920464927972065,0.06423952045746531,1.0,0.00035571324090036857,0.0,4.242640687119285,0.4988562473054664,0.12442877773784632
921,146.1381417128284,0.19634954084936207,-6.071532165918825e-18,0.173483983153239,0.45576627893801336,-5.334274688628682e-17,0.13352629382404008,0.3902719378944885,1.1102230246251565e-16,4.476997040163866,10.158179298930696,0.0,1.4402794023376337,4.239914172682543,0.0,1.6512241754204695,5.460542275897753,0.01550837377110611,10.02175124881801,1.0372023783990256,11.074462000988142,12.847830524310279,-0.17545541514673266,0.0,0.23101341971898084,0.05555800457224819,1.0,0.00035571324090036857,0.0,4.242640687119285,0.4988562473054664,0.12442877773784632
922,146.33449125367775,0.19634954084936207,-5.204170427930421e-18,0.17366860665240047,0.46169782615412175,-5.2258544713801314e-17,0.13213428668609148,0.3428706514916823,1.1102230246251565e-16,4.481849732590109,10.14236661577353,0.0,1.439745464538882,4.227470447844078,0.0,1.6353823220189698,5.396768251778746,0.015305779181100066,10.043488512759014,1.0364335013301404,11.095227793270254,12.853769636176878,-0.17517882784011127,0.0,0.2390337369654515,0.06385490912534023,1.0,0.00035571324090036857,0.0,4.242640687119285,0.4988562473054664,0.12442877773784632
923,146.5308407945271,0.19634954084936207,-3.469446951953614e-18,0.1734043092011094,0.46307402773003925,-5.204170427930421e-17,0.13284148878688276,0.35512847557259236,1.1102230246251565e-16,4.486767010209354,10.132777081212371,5.551115123125783e-17,1.4393437304746401,4.2172176117507,-5.551115123125783e-17,1.622382919943626,5.333326401756261,0.015258553937468134,10.06553910195149,1.0358551872283268,11.116652843117285,12.863182141855312,-0.17497543435460386,0.0,0.25642556952176254,0.08145013516715868,1.0,0.00035571324090036857,0.0,4.242640687119285,0.4988562473054664,0.12442877773784632
925,146.92353987622582,0.19634954084936207,-6.071532165918825e-18,0.17125357494882124,0.45689903425974443,-5.2692225582795515e-17,0.13776522053665521,0.3939984866016467,1.6653345369377348e-16,4.496594502653558,10.120705072315296,5.551115123125783e-17,1.4394178511967444,4.218675795104598,0.0,1.6123447054764406,5.222296525350563,0.015339152531585399,10.109681060647098,1.0359618751719264,11.16098208835061,12.898850934827571,-0.1749080678933634,0.0,0.29874716861046574,0.12383910071710233,1.0,0.00035571324090036857,0.0,4.242640687119285,0.4988562473054664,0.12442877773784632
926,147.11988941707517,0.19634954084936207,-7.806255641895632e-18,0.169715657532584,0.4711145679164277,-5.2475385148298415e-17,0.13917095452020803,0.4233344470815552,1.6653345369377348e-16,4.50142112692901,10.129939640807933,0.0,1.439996172316437,4.229789989488255,0.0,1.6172002449873701,5.1751342405596175,0.015253013826698317,10.131396080981418,1.036794488142995,11.18344358295111,12.926378961838653,-0.17510124786099673,0.0,0.34749336939088404,0.1723921215298873,1.0,0.00035571324090036857,0.0,4.242640687119285,0.4988562473054664,0.12442877773784632
927,147.31623895792453,0.19634954084936207,-6.071532165918825e-18,0.16830130755591094,0.4764405484569693,-5.323432666903827e-17,0.13921445833889468,0.43819770812582,2.498001805406602e-16,4.506172288793453,10.146496598554467,-1.1102230246251565e-16,1.440890091120666,4.242722982295793,0.0,1.6272862228704283,5.130602457108792,0.01507568990659864,10.152794348145019,1.0380821273448604,11.205952165396479,12.959010614550191,-0.1753423913881756,0.0,0.3733611830573219,0.19801879166914632,1.0,0.00035571324090036857,0.0,4.242640687119285,0.4988562473054664,0.12442877773784632
928,147.51258849877388,0.19634954084936207,-7.806255641895632e-18,0.16730305260330333,0.4717928362082099,-5.193328406205566e-17,0.1388731879413015,0.43287903120816473,1.3877787807814457e-16,4.510874530496931,10.168008896196636,0.0,1.4419865528095548,4.2693875969799056,0.0,1.6398366396201738,5.08606667175502,0.014931565815314959,10.173994514942954,1.0396626092417913,11.22858869000006,12.994298634494864,-0.17557395194800285,0.0,0.38718833818273807,0.21161438623473522,1.0,0.00035571324090036857,0.0,4.242640687119285,0.4988562473054664,0.12442877773784632
930,147.9052875804726,0.19634954084936207,-2.6020852139652106e-18,0.16705857263698803,0.43904813398224524,-5.2475385148298415e-17,0.14152684792255968,0.39825134028173803,5.551115123125783e-17,4.520342852665978,10.21396111419828,0.0,1.4441914209970483,4.323907537882248,-1.1102230246251565e-16,1.661949741829332,4.994019075906058,0.015171308393516166,10.216749752824196,1.0428444302407367,11.274765491458448,13.063370696678161,-0.17574753107098912,0.0,0.3843395835832832,0.20859205251229407,1.0,0.00035424774499815987,0.0,4.242640687119285,0.47897914986345164,0.11471051300195742
931,148.10163712132194,0.19634954084936207,-5.204170427930421e-18,0.1677249687098589,0.4424659937935316,-5.2583805365546965e-17,0.1441358498866561,0.414275255882178,1.3877787807814457e-16,4.5252259508664565,10.233572203690557,0.0,1.4450613974019646,4.33874992944134,-5.551115123125783e-17,1.6695666040506745,4.9511843547540915,0.015485750988252493,10.238834953197612,1.0441012211306595,11.298421925316525,13.095135360694735,-0.17503812681349062,0.0,0.3701657323214476,0.195127605507957,1.0,0.00035424774499815987,0.0,4.242640687119285,0.47897914986345164,0.11471051300195742
932,148.2979866621713,0.19634954084936207,-2.6020852139652106e-18,0.16869610625332948,0.4780721365432131,-5.204170427930421e-17,0.14565547340229648,0.4336951227597766,5.551115123125783e-17,4.530209548098546,10.24922614864192,0.0,1.445696952416345,4.343521332999475,-5.551115123125783e-17,1.6757242086005268,4.9167455902712005,0.01571892253862697,10.261399274841617,1.045019839112954,11.322138036493197,13.125331813894416,-0.17504800235196952,0.0,0.3622850231400205,0.18723702078805096,1.0,0.00035424774499815987,0.0,4.242640687119285,0.47897914986345164,0.11471051300195742
934,148.69068574387,0.19634954084936207,-3.469446951953614e-18,0.17073910856318067,0.5374753053629582,-5.2692225582795515e-17,0.14160714685832873,0.4646608086322187,1.3877787807814457e-16,4.540328079998499,10.27045344983983,0.0,1.446472992583155,4.324966859246831,0.0,1.6873905970798655,4.937317114550094,0.015529167313901132,10.307289537011426,1.0461420591362336,11.36896076346156,13.183870319918453,-0.17520618231625495,0.0,0.35737837866011235,0.1821721963438574,1.0,0.00035424774499815987,0.0,4.242640687119285,0.47897914986345164,0.11471051300195742
935,148.88703528471936,0.19634954084936207,-8.673617379884035e-18,0.17154522427008198,0.5567386443448292,-5.2583805365546965e-17,0.13712876897531953,0.4798378976400932,1.1102230246251565e-16,4.545356324090974,10.277798749342432,0.0,1.4468090279921144,4.304036006733651,0.0,1.6930916784013685,5.049771459092598,0.015215850912489578,10.330132056476904,1.0466281817397431,11.391976089129138,13.212575317366307,-0.17550461769174097,0.0,0.3545655939609635,0.17906097626922252,1.0,0.00035424774499815987,0.0,4.242640687119285,0.47897914986345164,0.11471051300195742
936,149.08338482556871,0.19634954084936207,-7.806255641895632e-18,0.1721655437874439,0.5671209940638002,-5.355958732078392e-17,0.13316610889785455,0.48119561573554515,1.6653345369377348e-16,4.550312211537845,10.283607542185464,5.551115123125783e-17,1.44722970893029,4.300964220712264,0.0,1.6980694552916553,5.166090796337919,0.014953878414965734,10.352670611235219,1.0472369152052254,11.41486140485541,13.240627086309146,-0.1756999361170979,0.0,0.35154175087047357,0.17584181475337568,1.0,0.00035424774499815987,0.0,4.242640687119285,0.47897914986345164,0.11471051300195742
937,149.27973436641807,0.19634954084936207,-6.938893903907228e-18,0.17261546121917937,0.568668954126598,-5.2258544713801314e-17,0.1310732637161916,0.46602420629219465,1.3877787807814457e-16,4.5551892473432805,10.311973674371691,0.0,1.4477752683648737,4.299860034824056,0.0,1.702102168573566,5.281519457808042,0.014841344719009816,10.374874539555917,1.0480266138444911,11.437742498119418,13.268000095874875,-0.1758052164517675,0.0,0.34837170292423775,0.17256648647247025,1.0,0.00035424774499815987,0.0,4.242640687119285,0.47897914986345164,0.11471051300195742
939,149.67243344811678,0.19634954084936207,-8.673617379884035e-18,0.17289257995736174,0.5496909985421172,-5.182486384480711e-17,0.13237585852149505,0.38875519575947826,1.6653345369377348e-16,4.564799383427055,10.364067927634627,0.0,1.4491475695265261,4.347153894664252,0.0,1.7085984292483463,5.4813115597188204,0.014953877995649855,10.418696705468006,1.0500143391323187,11.483664922595974,13.321892581684374,-0.1757330932869778,0.0,0.34614017079146475,0.17040707750448694,1.0,0.00035424774499815987,0.0,4.242640687119285,0.47897914986345164,0.11471051300195742
940,149.86878298896613,0.19634954084936207,-2.6020852139652106e-18,0.17256063115562462,0.5324817490764999,-5.399326818977812e-17,0.13413614317385955,0.4114952714022699,1.3877787807814457e-16,4.569611688256155,10.37898499091582,0.0,1.4498229732470052,4.382527228721377,0.0,1.7114326073296529,5.548094332150278,0.01501369118011845,10.440675490723635,1.0509933268773928,11.506682508781147,13.348506259404957,-0.17551548932934025,0.0,0.3440013307748798,0.16848584144553957,1.0,0.0003539779361560682,0.0,4.242640687119285,0.4851028758331485,0.11766240007079554
941,150.0651325298155,0.19634954084936207,-6.071532165918825e-18,0.17182035332890125,0.5144069007895687,-5.312590645178972e-17,0.13599648068018386,0.4235739543240471,1.1102230246251565e-16,4.574488403242691,10.379001099128775,5.551115123125783e-17,1.4503561188337508,4.405117014968319,5.551115123125783e-17,1.7131400709891353,5.580985546677471,0.015030226167291483,10.46297207570093,1.0517664357192507,11.529768737587474,13.373944377070462,-0.17524316567671072,0.0,0.3377135005068547,0.162470334830144,1.0,0.0003539779361560682,0.0,4.242640687119285,0.4851028758331485,0.11766240007079554
942,150.26148207066484,0.19634954084936207,-4.336808689942018e-18,0.17069278128606408,0.49790857657098253,-5.2583805365546965e-17,0.13809329663308859,0.4230057892666279,1.6653345369377348e-16,4.579456144857352,10.368754732363765,0.0,1.450648303586372,4.412072706155216,-5.551115123125783e-17,1.71235556925549,5.573155198138313,0.015046593245515992,10.485709291335882,1.0521902503490095,11.552946134930409,13.396820016080696,-0.17517890887874701,0.0,0.3249337182984946,0.1497548094197476,1.0,0.0003539779361560682,0.0,4.242640687119285,0.4851028758331485,0.11766240007079554
944,150.65418115236355,0.19634954084936207,-5.204170427930421e-18,0.16793592168771598,0.458826853900277,-5.323432666903827e-17,0.14277933354775996,0.41188049539204763,1.3877787807814457e-16,4.589695093080184,10.335351284742467,0.0,1.4503308688817644,4.372415872866291,-5.551115123125783e-17,1.6996660095891218,5.426963565368197,0.015228172048415766,10.532650523722161,1.0517298146156666,11.599608510386243,13.431331751923114,-0.17531620588275465,0.0,0.29746751520316667,0.12215130932041202,1.0,0.0003539779361560682,0.0,4.242640687119285,0.4851028758331485,0.11766240007079554
945,150.8505306932129,0.19634954084936207,-1.734723475976807e-18,0.1668290788962452,0.43717777643233946,-5.204170427930421e-17,0.1440326008055435,0.39504663011748403,1.1102230246251565e-16,4.594926510063017,10.346086845381786,0.0,1.449782948995645,4.326419345298278,0.0,1.6885405877150248,5.2961340136034085,0.015325702014795854,10.556674816439948,1.0509352995992545,11.622935818053998,13.443686833070723,-0.17575119996891914,0.0,0.2738752873042175,0.09812408733529837,1.0,0.0003539779361560682,0.0,4.242640687119285,0.4851028758331485,0.11766240007079554
946,151.04688023406226,0.19634954084936207,-1.1275702593849246e-17,0.1662086251817485,0.4134502678353473,-5.388484797252957e-17,0.14349424516525203,0.3700890959829192,1.3877787807814457e-16,4.6001754758968945,10.386748236594377,0.0,1.4491168106117398,4.276542845561805,-5.551115123125783e-17,1.6763910574343457,5.139391141374381,0.015320378199736848,10.580807204521609,1.0499697653987705,11.646097348120117,13.454844597429265,-0.17625851766188916,0.0,0.2685045201196014,0.09224600245771225,1.0,0.0003539779361560682,0.0,4.242640687119285,0.4851028758331485,0.11766240007079554
948,151.43957931576097,0.19634954084936207,-5.204170427930421e-18,0.16656196658453581,0.3985295459624901,-5.2583805365546965e-17,0.1377265113716477,0.35476513932569753,2.220446049250313e-16,4.6105263498571265,10.44598081738064,0.0,1.4480462108456174,4.236745906440314,0.0,1.6565156594308352,5.025461069153652,0.014949681001802984,10.62847661136344,1.048418914372175,11.691845206737417,13.481156036193278,-0.17727911784402728,0.0,0.2794888164255159,0.1022096985814886,1.0,0.0003539779361560682,0.0,4.242640687119285,0.4851028758331485,0.11766240007079554
949,151.63592885661032,0.19634954084936207,-2.6020852139652106e-18,0.16733880047192476,0.4094495688217963,-5.2583805365546965e-17,0.13477613609113212,0.33284403049704037,1.942890293094024e-16,4.61556180959425,10.456192094582363,-5.551115123125783e-17,1.447919383060883,4.251645801945348,0.0,1.6513024067798234,5.0070712698568665,0.01475903284870058,10.651705409092475,1.0482352699217041,11.714699711862881,13.499170884216527,-0.1784135218181889,0.0,0.3050192246435286,0.1266057028253397,1.0,0.0003539779361560682,0.0,4.242640687119285,0.4851028758331485,0.11766240007079554
950,151.83227839745967,0.19634954084936207,-5.204170427930421e-18,0.16839245594236518,0.4360105702991648,-5.204170427930421e-17,0.13341646349911437,0.34531957549288816,8.326672684688674e-17,4.6205029991358275,10.450236539221109,0.0,1.4481679968501662,4.260696144931029,-5.551115123125783e-17,1.6502191838407132,5.023688788527451,0.01472079004249936,10.67452398251159,1.0485952735505109,11.7378400461046,13.521705625428407,-0.17913426434548363,0.0,0.32856871786257913,0.1494344535170955,1.0,0.0003548303112582153,0.0,4.242640687119285,0.4924703095802387,0.12126350290902806
951,152.02862793830903,0.19634954084936207,-5.204170427930421e-18,0.16971318602366844,0.4573371666325125,-5.2366964931049864e-17,0.13380023868323748,0.3663079033007007,1.3877787807814457e-16,4.625373058431956,10.428286342197033,0.0,1.4487726523337177,4.287200948014938,5.551115123125783e-17,1.6539088764538776,5.075962803522353,0.014873897532586515,10.69703796483409,1.0494710990750376,11.761382961441715,13.549415994852243,-0.1801881273690083,0.0,0.35581598300450656,0.17562785563549826,1.0,0.0003548303112582153,0.0,4.242640687119285,0.4924703095802387,0.12126350290902806
953,152.42132702000774,0.19634954084936207,-6.071532165918825e-18,0.17298481603619048,0.4761079079710136,-5.2258544713801314e-17,0.13597574806095145,0.38255328958570917,1.942890293094024e-16,4.635162425852446,10.404842276113897,0.0,1.4507151762083939,4.317978288709808,-5.551115123125783e-17,1.6777047702748091,5.266032802305137,0.015442416199010486,10.74236535701717,1.0522872612406755,11.810095034456856,13.622349485672295,-0.18086720134656192,0.0,0.40036335680398116,0.21949615545741924,1.0,0.0003548303112582153,0.0,4.242640687119285,0.4924703095802387,0.12126350290902806
954,152.6176765608571,0.19634954084936207,-6.938893903907228e-18,0.1744983097061521,0.4741970412167402,-5.2692225582795515e-17,0.13581486219323555,0.39252864777146146,1.6653345369377348e-16,4.640177085453392,10.461738515350168,-5.551115123125783e-17,1.4517941798237965,4.31463982078558,-1.1102230246251565e-16,1.6970627803222376,5.382411827198949,0.015612673946147071,10.765621692183363,1.0538531702851248,11.835087536414635,13.666546668395624,-0.1812543544631966,0.0,0.43915747062614596,0.25790311616294936,1.0,0.0003548303112582153,0.0,4.242640687119285,0.4924703095802387,0.12126350290902806
955,152.81402610170645,0.19634954084936207,-6.071532165918825e-18,0.17542818054250903,0.4677150245262782,-5.2583805365546965e-17,0.1346503949537746,0.3873157787088649,1.942890293094024e-16,4.645292272124715,10.526066880423508,5.551115123125783e-17,1.4527818157226366,4.328848588484608,-5.551115123125783e-17,1.7189192328686882,5.494468408613432,0.01561597067741282,10.7893701467308,1.0552875020471806,11.860273619455393,13.71332562036656,-0.18126848570180332,0.0,0.45183785841835516,0.27056937271655185,1.0,0.0003548303112582153,0.0,4.242640687119285,0.4924703095802387,0.12126350290902806
956,153.0103756425558,0.19634954084936207,-5.204170427930421e-18,0.17544204975803016,0.46495624779537614,-5.2150124496552763e-17,0.13324054303298913,0.39877613910030085,1.6653345369377348e-16,4.650485026845049,10.573392382507615,-1.1102230246251565e-16,1.4535919648934306,4.340726599341811,5.551115123125783e-17,1.7401531597561666,5.587737104699791,0.01548464994914853,10.813505492454999,1.056464800201372,11.885454942605518,13.759515658047418,-0.18106646301179713,0.0,0.4485260784552919,0.2674596154434948,1.0,0.0003548303112582153,0.0,4.242640687119285,0.4924703095802387,0.12126350290902806
958,153.4030747242545,0.19634954084936207,-6.938893903907228e-18,0.17256748892644969,0.4665328749544878,-5.160802341031001e-17,0.13324413764852566,0.4311598214078793,1.1102230246251565e-16,4.660938193940172,10.62631725631816,0.0,1.4544848049306618,4.34177010247071,0.0,1.7682192158685317,5.672121879105024,0.015159279255459835,10.862172423865132,1.0577630238870925,11.935094727007685,13.837039533643795,-0.18036371353168523,0.0,0.41064901445383994,0.2302853009221547,1.0,0.0003548303112582153,0.0,4.242640687119285,0.4924703095802387,0.12126350290902806
959,153.59942426510386,0.19634954084936207,-6.938893903907228e-18,0.17026950927424944,0.4573460750022199,-5.204170427930421e-17,0.13529397123001566,0.44531421500003154,1.1102230246251565e-16,4.666129872777056,10.629100799373717,-5.551115123125783e-17,1.4545210934485655,4.335179570576691,0.0,1.7710429690829115,5.65178475269092,0.015092520607743541,10.886383994811208,1.057815805643405,11.959292321062357,13.86398829025703,-0.1794312414295689,0.0,0.350685486268801,0.17125424483923213,1.0,0.0003548303112582153,0.0,4.242640687119285,0.4924703095802387,0.12126350290902806
960,153.79577380595322,0.19634954084936207,-9.540979117872439e-18,0.1680609258965045,0.45095821829874333,-5.2909066017292616e-17,0.13808019973980043,0.44389741834832275,8.326672684688674e-17,4.671282236841354,10.613675374232782,5.551115123125783e-17,1.4542803305955085,4.340015353209499,-5.551115123125783e-17,1.7660157097006879,5.59175189800545,0.015090605578112376,10.910438868114781,1.0574656399784905,11.982995113671384,13.882539855115475,-0.1788452034663754,0.0,0.30805058990934076,0.12920538644296536,1.0,0.0003541192507093829,0.0,4.242640687119285,0.48288764853958377,0.11659024055604428
962,154.18847288765193,0.19634954084936207,-7.806255641895632e-18,0.165649072906997,0.45231384598580915,-5.084908188957016e-17,0.1422862821024938,0.43368363032956303,1.6653345369377348e-16,4.6815434328571355,10.54398534417473,1.1102230246251565e-16,1.45309288140012,4.320659503278398,0.0,1.7386556712743382,5.389649225898617,0.015091569397468972,10.958424456863886,1.0557394609878517,12.029255487249207,13.901184304915747,-0.17802842180029005,0.0,0.26074793646172584,0.08271951466143579,1.0,0.0003541192507093829,0.0,4.242640687119285,0.48288764853958377,0.11659024055604428
963,154.38482242850128,0.19634954084936207,-3.469446951953614e-18,0.16581148585814726,0.46986424217339273,-5.2150124496552763e-17,0.14241079729973977,0.42129834276118194,1.3877787807814457e-16,4.686688498498793,10.526848449828625,5.551115123125783e-17,1.4522509094976765,4.296999171509615,-5.551115123125783e-17,1.7210019074470067,5.284402204942266,0.015035006846460147,10.982524540980428,1.0545163520684144,12.052075899895303,13.9062910946315,-0.1781278936379241,0.0,0.23946002200176206,0.061332128363837946,1.0,0.0003541192507093829,0.0,4.242640687119285,0.48288764853958377,0.11659024055604428
964,154.58117196935063,0.19634954084936207,-5.204170427930421e-18,0.16675761648697401,0.4978273518058981,-5.204170427930421e-17,0.1410758299250115,0.4009016777462496,1.6653345369377348e-16,4.6918757859921945,10.509253741874705,0.0,1.451343742606429,4.30746067851015,0.0,1.7039703980345036,5.297233729957792,0.014962295562432296,11.00684919558993,1.0531993296014182,12.07501082075378,13.912159232047221,-0.17852727258292797,0.0,0.24359428470989314,0.06506701212696517,1.0,0.0003541192507093829,0.0,4.242640687119285,0.48288764853958377,0.11659024055604428
965,154.7775215102,0.19634954084936207,-6.938893903907228e-18,0.16820578876232756,0.52423527236304,-5.2909066017292616e-17,0.13871964093259814,0.3765409598786976,1.6653345369377348e-16,4.697123577682911,10.482967550160035,-5.551115123125783e-17,1.4504522514635927,4.32986612765483,0.0,1.6896760756542104,5.299589828094248,0.014919084306327912,11.031484952012356,1.0519058668879027,12.098309903206587,13.921067185066807,-0.1790635594683447,0.0,0.2594401798519539,0.08037662038360918,1.0,0.0003541192507093829,0.0,4.242640687119285,0.48288764853958377,0.11659024055604428
967,155.1702205918987,0.19634954084936207,-2.6020852139652106e-18,0.17135827228215497,0.5633482589571189,-5.2583805365546965e-17,0.1336137575675628,0.4175813000842125,1.1102230246251565e-16,4.707818860159238,10.447780867718967,-1.1102230246251565e-16,1.449012808336566,4.3556630099334965,-1.1102230246251565e-16,1.6756076960419162,5.286401207739205,0.015000038240701175,11.08177921003551,1.049819059361711,12.146598307637923,13.954485877779057,-0.17984024336479168,0.0,0.2997019602208472,0.11986171685605554,1.0,0.0003541192507093829,0.0,4.242640687119285,0.48288764853958377,0.11659024055604428
968,155.36657013274805,0.19634954084936207,-6.071532165918825e-18,0.17253255637482093,0.5719441177557146,-5.2583805365546965e-17,0.13193087193684613,0.4554051389951863,2.220446049250313e-16,4.7132396113622566,10.490505432585515,0.0,1.44858591488913,4.360605202118743,-5.551115123125783e-17,1.6776334508019937,5.276251178493632,0.015059315037235416,11.107313817057117,1.049200576407589,12.171573708501942,13.980676863626979,-0.18035185852702584,0.0,0.34821579601116753,0.1678639374841417,1.0,0.0003541192507093829,0.0,4.242640687119285,0.48288764853958377,0.11659024055604428
969,155.5629196735974,0.19634954084936207,-7.806255641895632e-18,0.1731743665938743,0.571483212106433,-5.2475385148298415e-17,0.13110309917851384,0.4785775888984568,8.326672684688674e-17,4.718670456042036,10.539368069470928,5.551115123125783e-17,1.4484059844742436,4.3796475219010365,-5.551115123125783e-17,1.6856427699153345,5.267340560382653,0.015049359120186451,11.132925436361974,1.0489399479304016,12.196914743412563,14.013030409240283,-0.1804456296411573,0.0,0.3794695784246948,0.19902394878353752,1.0,0.0003541192507093829,0.0,4.242640687119285,0.48288764853958377,0.11659024055604428
970,155.75926921444676,0.19634954084936207,-4.336808689942018e-18,0.1731525644254821,0.5617666725764721,-5.1770653736182837e-17,0.13109880276805844,0.48612750452941433,1.3877787807814457e-16,4.724077566381717,10.594208422645965,0.0,1.4484786241857441,4.393392632731025,0.0,1.6984184229020296,5.262669340658881,0.014936736569994644,11.1584544265955,1.049045162361513,12.222436325527006,14.05033027548684,-0.18036784376411152,0.0,0.40441299760373206,0.22404515383962054,1.0,0.00035285430518920447,0.0,4.242640687119285,0.47814566152287025,0.11431163681657161
972,156.15196829614547,0.19634954084936207,-6.071532165918825e-18,0.17098122780030972,0.5217187201463643,-5.2150124496552763e-17,0.13334864414537262,0.46914676589736587,1.3877787807814457e-16,4.734779039245151,10.642940912074017,-5.551115123125783e-17,1.4492440318662265,4.415432316074606,0.0,1.729804716780299,5.276822201724672,0.014534000228348758,11.20906627523761,1.0501541319499377,12.273754407415897,14.131809116078589,-0.17941220011728287,0.0,0.4209800093160355,0.24156780919875265,1.0,0.00035285430518920447,0.0,4.242640687119285,0.47814566152287025,0.11431163681657161
973,156.34831783699482,0.19634954084936207,-3.469446951953614e-18,0.16904670556507811,0.49726410881911404,-5.1445393084437185e-17,0.13538007858241988,0.42976518750377624,2.498001805406602e-16,4.740068979877439,10.63345552703672,5.551115123125783e-17,1.4497496675863093,4.4191950947699326,-5.551115123125783e-17,1.7438904781998963,5.297108245944244,0.014376104762515239,11.234126966998168,1.0508870493333067,12.29939012109399,14.171388750415492,-0.1790200690704357,0.0,0.41527448533605327,0.23625441626561758,1.0,0.00035285430518920447,0.0,4.242640687119285,0.47814566152287025,0.11431163681657161
974,156.54466737784418,0.19634954084936207,-2.6020852139652106e-18,0.16691009972994503,0.4694552018047023,-5.2583805365546965e-17,0.1375810112825015,0.3851572325210651,1.1102230246251565e-16,4.745364487368691,10.60898921362329,0.0,1.4501805596573663,4.417368393379026,0.0,1.7549183540832438,5.3240051701286255,0.014295897169581564,11.259242058989958,1.0515118278040758,12.325049783963616,14.208090987732216,-0.17878312754787823,0.0,0.40092397679739106,0.22214084924951283,1.0,0.00035285430518920447,0.0,4.242640687119285,0.47814566152287025,0.11431163681657161
976,156.9373664595429,0.19634954084936207,-5.204170427930421e-18,0.1636596167036853,0.41333148410109066,-5.345116710353537e-17,0.14017370916462019,0.3924134650826678,1.3877787807814457e-16,4.756147269464558,10.605241240414063,5.551115123125783e-17,1.450403245450367,4.400380468462488,0.0,1.7673039153820667,5.37877411212575,0.014233432051337959,11.310468424417587,1.0518347872064786,12.376536643675404,14.271679475799571,-0.17863021810360666,0.0,0.37630623022533866,0.197676012121732,1.0,0.00035285430518920447,0.0,4.242640687119285,0.47814566152287025,0.11431163681657161
977,157.13371600039224,0.19634954084936207,-5.204170427930421e-18,0.16326591308255725,0.41302437597743524,-5.2366964931049864e-17,0.13972547161344448,0.39530031963946183,1.3877787807814457e-16,4.761679096553086,10.638973509554619,1.1102230246251565e-16,1.4501083835913091,4.38694557101768,-5.551115123125783e-17,1.7697173345231982,5.394096515919064,0.014170980923080166,11.336793909275313,1.0514071620808996,12.402372052279292,14.2993920642704,-0.17879586787007798,0.0,0.3557555557531271,0.17695968788304914,1.0,0.00035285430518920447,0.0,4.242640687119285,0.47814566152287025,0.11431163681657161
978,157.3300655412416,0.19634954084936207,-5.204170427930421e-18,0.16386059952932872,0.4173202832682459,-5.160802341031001e-17,0.13828090796058884,0.3872726928362836,1.6653345369377348e-16,4.767285018444529,10.66904149510543,-5.551115123125783e-17,1.449593017904073,4.371592812317161,-5.551115123125783e-17,1.7702668831306612,5.392755214187466,0.01410916900733476,11.363503223542825,1.0506599587781194,12.42827235132828,14.325070416233864,-0.17914702387713521,0.0,0.3456072393142571,0.16646021543712186,1.0,0.00035285430518920447,0.0,4.242640687119285,0.47814566152287025,0.11431163681657161
979,157.52641508209095,0.19634954084936207,-5.204170427930421e-18,0.16522965193021993,0.4173373379572759,-5.252959525692269e-17,0.13658158455958258,0.39576341660871794,8.326672684688674e-17,4.772918583462135,10.692890416620836,-1.1102230246251565e-16,1.4489589755555736,4.355430707078367,-5.551115123125783e-17,1.7691182913549124,5.369589764247542,0.014123103101590064,11.390375902179096,1.0497410564215286,12.454240061702215,14.349021590901506,-0.17964893688175482,0.0,0.33719877343988214,0.15754983655812732,1.0,0.00035285430518920447,0.0,4.242640687119285,0.47814566152287025,0.11431163681657161
981,157.91911416378966,0.19634954084936207,-5.204170427930421e-18,0.16864859512176122,0.40582059433039935,-5.2150124496552763e-17,0.13538826516826774,0.4398023648772013,1.942890293094024e-16,4.78404735153281,10.72557274837503,5.551115123125783e-17,1.4477448660983467,4.370265751815042,0.0,1.7626003496515175,5.450044160146989,0.014559512627655464,11.443554530854044,1.0479825986570601,12.506096642138761,14.392904438795567,-0.1809195111471846,0.0,0.3282514229019917,0.14733191175480712,1.0,0.0003542499699389295,0.0,4.242640687119285,0.4947077232399905,0.12236786571664754
982,158.115463704639,0.19634954084936207,-6.938893903907228e-18,0.17000909493829192,0.41891819250807805,-5.2692225582795515e-17,0.13592203123594226,0.4258554620690803,2.220446049250313e-16,4.789483751159681,10.757383041552348,-5.551115123125783e-17,1.4472831984923147,4.3688448922782115,5.551115123125783e-17,1.7585178860775459,5.464108031953985,0.014877143470929347,11.469577301311304,1.0473143283190725,12.531768773101305,14.41402709344713,-0.18220638020600943,0.0,0.3252818898272404,0.14307550962123095,1.0,0.0003542499699389295,0.0,4.242640687119285,0.4947077232399905,0.12236786571664754
983,158.31181324548837,0.19634954084936207,-6.071532165918825e-18,0.170980778594867,0.4373487968118585,-5.2475385148298415e-17,0.13613581551051476,0.4060708549993904,5.551115123125783e-17,4.794842856630962,10.78765218370972,0.0,1.4469098736381736,4.354699312200366,0.0,1.7550096988864308,5.459763510823508,0.015090424370604533,11.495259009892484,1.0467740912158174,12.557123525478907,14.435513558354792,-0.18280006831571155,0.0,0.32743525512469285,0.1446351868089813,1.0,0.0003542499699389295,0.0,4.242640687119285,0.4947077232399905,0.12236786571664754
984,158.50816278633772,0.19634954084936207,-9.540979117872439e-18,0.17161954151229009,0.4518921061758624,-5.182486384480711e-17,0.13517790108309138,0.39574192264727176,1.1102230246251565e-16,4.800150204068388,10.814461781044974,0.0,1.4465599036973515,4.329948909214837,0.0,1.7523597389647259,5.4390103230405735,0.015100434041957725,11.520720990808899,1.0462677774924456,12.582089202343303,14.457463436616768,-0.18334342713390037,0.0,0.3299866102196314,0.14664318308573102,1.0,0.0003542499699389295,0.0,4.242640687119285,0.4947077232399905,0.12236786571664754
986,158.90086186803643,0.19634954084936207,-8.673617379884035e-18,0.17193600753631608,0.4636004243410471,-5.2692225582795515e-17,0.13026211096110685,0.3767441396245654,1.3877787807814457e-16,4.8107509460958156,10.847055373765345,5.551115123125783e-17,1.4456127958294103,4.347175414091028,0.0,1.7465634723899897,5.362493126318664,0.014618379762173974,11.571662332680893,1.044898177732862,12.631178890175928,14.499707737942275,-0.18395604009575123,0.0,0.3262083394427132,0.14225229934696199,1.0,0.0003542499699389295,0.0,4.242640687119285,0.4947077232399905,0.12236786571664754
987,159.09721140888578,0.19634954084936207,-7.806255641895632e-18,0.17137766916627944,0.46130990646612274,-5.2150124496552763e-17,0.128565090739505,0.3801480753078935,1.3877787807814457e-16,4.816113569768791,10.848164604304571,0.0,1.4448954166066652,4.363253234762014,0.0,1.7409823542694625,5.314974691837032,0.014359289289569224,11.597474958455544,1.0438613824654743,12.655695630210587,14.517932293303026,-0.18424779840809358,0.0,0.3121616581572755,0.1279138597491819,1.0,0.0003542499699389295,0.0,4.242640687119285,0.4947077232399905,0.12236786571664754
988,159.29356094973514,0.19634954084936207,-1.0408340855860843e-17,0.17016306512745438,0.45284048042441316,-5.204170427930421e-17,0.1289371158882511,0.39396000943315873,1.6653345369377348e-16,4.821552476408539,10.837817098254604,5.551115123125783e-17,1.4439933662655426,4.370435206566599,0.0,1.7329531862053107,5.266092275513642,0.014212695280960308,11.623684141380657,1.0425584209094465,12.680455257571065,14.53385789978688,-0.18417920210550306,0.0,0.3008700377866081,0.11669083568110503,1.0,0.0003542499699389295,0.0,4.242640687119285,0.4947077232399905,0.12236786571664754
990,159.68626003143385,0.19634954084936207,-6.938893903907228e-18,0.16619586436379843,0.4560711047941586,-5.345116710353537e-17,0.13478469559981324,0.4061160660938072,1.3877787807814457e-16,4.832680667066935,10.78737936912818,0.0,1.4418520225854181,4.3474304443115415,0.0,1.7146822850349284,5.172515805973197,0.014143226455439578,11.677401214921257,1.0394686275168303,12.731013068893528,14.56431823783576,-0.18374336386941967,0.0,0.2972171892560953,0.11347382538667564,1.0,0.0003529213199673201,0.0,4.242640687119285,0.47789385793392125,0.11419126972548346
991,159.8826095722832,0.19634954084936207,-7.806255641895632e-18,0.16417481496968414,0.44517906967088733,-5.2583805365546965e-17,0.1378683190452203,0.4109879717976088,2.220446049250313e-16,4.8383546794697745,10.752728832654663,-5.551115123125783e-17,1.440846105531415,4.313710397221104,0.0,1.7087694844636003,5.129910708901745,0.01407589469289032,11.704838002173533,1.0380187499125226,12.756932646778946,14.583322547470644,-0.18247072055153535,0.0,0.31472747966823067,0.13225675911669532,1.0,0.0003529213199673201,0.0,4.242640687119285,0.47789385793392125,0.11419126972548346
992,160.07895911313256,0.19634954084936207,-6.938893903907228e-18,0.16273118445227305,0.43630640148743943,-5.2583805365546965e-17,0.13981461525460367,0.4138652126553126,1.942890293094024e-16,4.844040434543478,10.742701455832973,0.0,1.4400612283302803,4.2652879990025045,-5.551115123125783e-17,1.7074108748417283,5.090522978551123,0.013963444092909337,11.732363865746086,1.0368881706700575,12.783215480509051,14.607221662971615,-0.18211720835183545,0.0,0.3388817849449299,0.15676457659309442,1.0,0.0003529213199673201,0.0,4.242640687119285,0.47789385793392125,0.11419126972548346
993,160.2753086539819,0.19634954084936207,-5.204170427930421e-18,0.16214105609671914,0.43565923457872724,-5.139118297581291e-17,0.1406052669059824,0.4296266118740747,1.6653345369377348e-16,4.849697918083995,10.754976213457974,0.0,1.4396232409007081,4.278237915738985,0.0,1.7113227002482427,5.055244916657253,0.013872168679051104,11.759784948334119,1.0362575378707288,12.809914654883897,14.63690104653856,-0.1818443797969829,0.0,0.367710814349064,0.1858664345520811,1.0,0.0003529213199673201,0.0,4.242640687119285,0.47789385793392125,0.11419126972548346
995,160.66800773568062,0.19634954084936207,-6.938893903907228e-18,0.16331153090367964,0.4591724107966597,-5.2258544713801314e-17,0.14037787909005317,0.4401487051865985,1.1102230246251565e-16,4.86084026947517,10.77203358584205,0.0,1.4399960292094618,4.305235600389258,0.0,1.7343086640828493,5.173411098251609,0.01399220255333799,11.813884062675722,1.0367942820695082,12.864670547298568,14.71357799579254,-0.1816622003303081,0.0,0.41142046030466306,0.22975825997435495,1.0,0.0003529213199673201,0.0,4.242640687119285,0.47789385793392125,0.11419126972548346
996,160.86435727652997,0.19634954084936207,-6.938893903907228e-18,0.16454141089241145,0.48122916780400116,-5.1228552649940085e-17,0.13957213971359533,0.43815410887435907,1.6653345369377348e-16,4.866341288926053,10.773353227911402,0.0,1.4407031874853578,4.321421940351846,0.0,1.7522348930567317,5.251761926373143,0.014150634821380546,11.84063877015324,1.0378128372152349,12.892602242189854,14.759403401925386,-0.18172108468018458,0.0,0.4494656364572898,0.2677445517771052,1.0,0.0003529213199673201,0.0,4.242640687119285,0.47789385793392125,0.11419126972548346
997,161.06070681737933,0.19634954084936207,-5.204170427930421e-18,0.16585635730778586,0.5033432612396442,-5.2800645800044066e-17,0.1378193694577703,0.4411317702427944,5.551115123125783e-17,4.87184342694383,10.770096517298962,0.0,1.4415583200044002,4.346152205043147,-5.551115123125783e-17,1.7730757523995495,5.3206714539345406,0.014246202960439736,11.867429188327899,1.039045194986954,12.920720586275293,14.808591139673997,-0.18189695864291341,0.0,0.4665889892406203,0.28469203059770687,1.0,0.0003529213199673201,0.0,4.242640687119285,0.47789385793392125,0.11419126972548346
998,161.25705635822868,0.19634954084936207,-3.469446951953614e-18,0.16714573864596213,0.5220563777832673,-5.204170427930421e-17,0.13488517534730798,0.42804463447522534,8.326672684688674e-17,4.877393530582666,10.76421227676402,-5.551115123125783e-17,1.4423592720137932,4.36413586992149,-5.551115123125783e-17,1.7948901362132141,5.380453257884255,0.01421411851163656,11.894483826084821,1.0402001347820797,12.948898079378537,14.858938476451002,-0.18212278022718942,0.0,0.4725917073311582,0.29046892710396877,1.0,0.0003529213199673201,0.0,4.242640687119285,0.47789385793392125,0.11419126972548346
1000,161.6497554399274,0.19634954084936207,-6.071532165918825e-18,0.16959981598178825,0.5412430444648434,-5.2909066017292616e-17,0.12807811027920488,0.4089661218458567,1.3877787807814457e-16,4.888756520597099,10.809461762160373,0.0,1.443095318984461,4.385125876098192,0.0,1.8300605761689972,5.473523515781453,0.013970458183609235,11.949970158840324,1.0412620498374316,13.005202666861365,14.950727579059759,-0.18237847642855812,0.0,0.4505718113312327,0.2681933349026746,1.0,0.00035329081832332845,0.0,4.242640687119285,0.48767606018410264,0.11891396983834426
1001,161.84610498077674,0.19634954084936207,-6.938893903907228e-18,0.1706881951101842,0.5410036243713267,-5.242117503967414e-17,0.12673324990008608,0.38646444054819695,1.6653345369377348e-16,4.894558844103676,10.867983656755959,-5.551115123125783e-17,1.4428362459386292,4.386726422287157,0.0,1.8378395854990972,5.506059639650361,0.013986911847798957,11.978353139196756,1.040888216297138,13.033228267341691,14.986083155986258,-0.18255552804281672,0.0,0.39828738408769476,0.21573185604487805,1.0,0.00035329081832332845,0.0,4.242640687119285,0.48767606018410264,0.11891396983834426
1002,162.0424545216261,0.19634954084936207,-5.204170427930421e-18,0.17152426882313251,0.534666048140427,-5.2909066017292616e-17,0.12771420890270765,0.35706786368850263,1.6653345369377348e-16,4.900402793057188,10.914314950277221,5.551115123125783e-17,1.4421641229672384,4.378677679483037,-5.551115123125783e-17,1.8371574135444142,5.528557379668254,0.014171862124700858,12.006973767101346,1.0399186787869317,13.06106430801298,15.012272774578033,-0.18230720246818505,0.0,0.3523735950110917,0.17006639254290667,1.0,0.00035329081832332845,0.0,4.242640687119285,0.48767606018410264,0.11891396983834426
1004,162.4351536033248,0.19634954084936207,-4.336808689942018e-18,0.1718834831523611,0.5091453043517649,-5.204170427930421e-17,0.13291971446598944,0.3780022309615789,1.3877787807814457e-16,4.912057864376094,10.941880260431029,0.0,1.4399116333803599,4.391328098327799,-5.551115123125783e-17,1.8142261653303553,5.543253740958971,0.01469367393149628,12.064156231489516,1.0366727559720479,13.115522661393062,15.040877893686815,-0.18170796136746142,0.0,0.2922365731182977,0.11052861175083628,1.0,0.00035329081832332845,0.0,4.242640687119285,0.48767606018410264,0.11891396983834426
1005,162.63150314417416,0.19634954084936207,-2.6020852139652106e-18,0.17128487259077982,0.4974208216295182,-5.2366964931049864e-17,0.1345034728849362,0.3798509112528377,8.326672684688674e-17,4.917825865257634,10.9267125221458,5.551115123125783e-17,1.4385391936767058,4.403790096349033,-5.551115123125783e-17,1.7965830147939597,5.536774936944424,0.01478173031841066,12.092505620498496,1.0346975058720138,13.141984856688921,15.048164205403394,-0.18111813904649532,0.0,0.2560921497082093,0.074974010661714,1.0,0.00035329081832332845,0.0,4.242640687119285,0.48767606018410264,0.11891396983834426
1006,162.82785268502352,0.19634954084936207,-4.336808689942018e-18,0.1702276040976511,0.48312488047038504,-5.2909066017292616e-17,0.134806378403733,0.35834681483402114,1.6653345369377348e-16,4.923558029003118,10.899742119849943,0.0,1.4371347976713407,4.412257084353413,-5.551115123125783e-17,1.778204738995584,5.522583349425421,0.01469835450519813,12.120711832480534,1.0326782133389227,13.168088400324654,15.054509878985892,-0.18088369033252294,0.0,0.25082984065987685,0.0699461503273539,1.0,0.00035329081832332845,0.0,4.242640687119285,0.48767606018410264,0.11891396983834426
1007,163.02420222587287,0.19634954084936207,-6.938893903907228e-18,0.16884917809985975,0.4657907951667929,-5.198749417067994e-17,0.13453958187195406,0.35920715362533734,2.498001805406602e-16,4.929274592509935,10.86782808842295,5.551115123125783e-17,1.4357840608071457,4.411237174272201,0.0,1.7611511215823876,5.501920820484631,0.014519739214855339,12.148874004181993,1.0307379346339285,13.194131678030775,15.062315996388447,-0.18083504673171263,0.0,0.2579679854246857,0.07713293869297305,1.0,0.00035329081832332845,0.0,4.242640687119285,0.48767606018410264,0.11891396983834426
1009,163.41690130757158,0.19634954084936207,-1.734723475976807e-18,0.16591612591183721,0.4237959575919579,-5.2258544713801314e-17,0.13578682583666127,0.4017430978241989,1.3877787807814457e-16,4.940754703531016,10.85202522862221,-5.551115123125783e-17,1.433516838501077,4.379308675673274,0.0,1.7377681149490338,5.445796189727137,0.014267350905002616,12.205528520231928,1.0274852631330613,13.247281134269992,15.090122663163102,-0.1811503848837342,0.0,0.2890691616629087,0.1079187767791745,1.0,0.00035329081832332845,0.0,4.242640687119285,0.48767606018410264,0.11891396983834426
1010,163.61325084842093,0.19634954084936207,-6.071532165918825e-18,0.1647837195589223,0.4006797678714027,-5.2366964931049864e-17,0.1373683143399991,0.41833052387395003,1.6653345369377348e-16,4.946555116589046,10.857769750364659,-5.551115123125783e-17,1.4326857305443912,4.3557177184228735,0.0,1.7345570409774778,5.412351613906178,0.01423966188671465,12.234203760726636,1.0262942012527578,13.274737623866109,15.113377619788093,-0.1818250011067085,0.0,0.3369901130348035,0.15516511192809498,1.0,0.00035186347414130006,0.0,4.242640687119285,0.4759077662192704,0.11324410097390786
1011,163.8096003892703,0.19634954084936207,-3.469446951953614e-18,0.16408926567409923,0.3932141876927971,-5.084908188957016e-17,0.13848499111926577,0.42072226918475064,2.220446049250313e-16,4.952427841713235,10.857394862781858,0.0,1.4320822824205368,4.340555015349779,0.0,1.738491297007432,5.376551389177537,0.01419935007039546,12.263270763688203,1.0254298318114066,13.302899945570005,15.144364814619468,-0.18176360330229044,0.0,0.3757090221908576,0.19394541888856717,1.0,0.00035186347414130006,0.0,4.242640687119285,0.4759077662192704,0.11324410097390786
1012,164.00594993011964,0.19634954084936207,-7.806255641895632e-18,0.16389315906642707,0.39271717979361515,-5.182486384480711e-17,0.13832366881017702,0.40403912232398526,1.942890293094024e-16,4.9583477286095174,10.849768805829159,5.551115123125783e-17,1.4316662248510803,4.332234713727077,-1.1102230246251565e-16,1.7493423735243885,5.338099810737296,0.014084873741416475,12.292606098903578,1.024834089689672,13.331525062334666,15.182612811772483,-0.1825699653663146,0.0,0.4129880630244376,0.230418097658123,1.0,0.00035186347414130006,0.0,4.242640687119285,0.4759077662192704,0.11324410097390786
1014,164.39864901181835,0.19634954084936207,-5.204170427930421e-18,0.1648830351419006,0.42138608096410846,-5.171644362755856e-17,0.1344687724592131,0.3754961020872136,1.1102230246251565e-16,4.970247793440073,10.824756923117546,5.551115123125783e-17,1.4312194040769737,4.347749118262999,0.0,1.7839787672696799,5.352450177558024,0.01371612634463803,12.351681564097959,1.024194491303224,13.38959218174582,15.273083338407686,-0.18385801887675948,0.0,0.44948954769420485,0.26563152881744534,1.0,0.00035186347414130006,0.0,4.242640687119285,0.4759077662192704,0.11324410097390786
1015,164.5949985526677,0.19634954084936207,-6.071532165918825e-18,0.1659205286467944,0.44044744402508146,-5.2475385148298415e-17,0.13234209616685289,0.4001926151434472,5.551115123125783e-17,4.976165391345035,10.834141828219401,0.0,1.4310866358912864,4.363480834087526,-5.551115123125783e-17,1.801788869283573,5.4170848382465415,0.01362317214085743,12.381111001010044,1.0240044797133194,13.41873865286422,15.319282777535566,-0.18501595791016492,0.0,0.45587223991624226,0.27085628200607736,1.0,0.00035186347414130006,0.0,4.242640687119285,0.4759077662192704,0.11324410097390786
1016,164.79134809351706,0.19634954084936207,-4.336808689942018e-18,0.16716551860318632,0.45313730661456547,-5.0903291998194433e-17,0.13104278243688097,0.3977680351876309,1.3877787807814457e-16,4.982022694215837,10.835722723272049,0.0,1.4309441789779096,4.391681249433987,-5.551115123125783e-17,1.816304226045606,5.468706172388367,0.013666251087776807,12.410275062840814,1.0238006216753819,13.447741935603972,15.362262038498153,-0.1855547210470163,0.0,0.44055818993812684,0.25500346889111053,1.0,0.00035186347414130006,0.0,4.242640687119285,0.4759077662192704,0.11324410097390786
1018,165.18404717521577,0.19634954084936207,-6.938893903907228e-18,0.16941591707495257,0.4645733494430795,-5.139118297581291e-17,0.13047215572513654,0.3538523292025234,1.1102230246251565e-16,4.993543356364709,10.907019533902314,0.0,1.4304054547257827,4.433701488207465,-5.551115123125783e-17,1.8309716559790967,5.503977862675599,0.013972931804087018,12.467737625947064,1.0230298824546362,13.504740440205788,15.432933768010107,-0.18582302812062626,0.0,0.4026023400947348,0.21677931197410852,1.0,0.00035186347414130006,0.0,4.242640687119285,0.4759077662192704,0.11324410097390786
1019,165.38039671606512,0.19634954084936207,-7.806255641895632e-18,0.16985019136905885,0.4605348383968635,-5.139118297581291e-17,0.13034311054714703,0.34498218364276734,1.3877787807814457e-16,4.999262088401301,10.953261378391122,5.551115123125783e-17,1.4298969000880384,4.443360452409899,0.0,1.8315381550587202,5.481030230289603,0.014055330677060843,12.496310714263268,1.0223025724406902,13.53266861738102,15.460694833449402,-0.185499645327516,0.0,0.36394194258759666,0.17844229726008065,1.0,0.00035186347414130006,0.0,4.242640687119285,0.4759077662192704,0.11324410097390786
1020,165.57674625691448,0.19634954084936207,-5.204170427930421e-18,0.1694992470868058,0.4501576798271985,-5.187907395343139e-17,0.1302593574570627,0.3537562945485524,1.942890293094024e-16,5.0050196918904515,10.996241529326028,-1.1102230246251565e-16,1.4291733187544153,4.444912060137992,0.0,1.8288244522509651,5.431962419656669,0.014022130406758603,12.525111058105594,1.0212681875197547,13.560401376032107,15.484711260382642,-0.18492381921287035,0.0,0.34417713884577383,0.15925331963290348,1.0,0.00035307767739776075,0.0,4.242640687119285,0.4920801228626885,0.1210714236582793
1021,165.77309579776383,0.19634954084936207,-6.071532165918825e-18,0.16831218399565462,0.4451433929517611,-5.2150124496552763e-17,0.1307120072579617,0.3681215027244233,2.220446049250313e-16,5.010848506963041,11.03297850082178,0.0,1.428217806938571,4.438813423207146,0.0,1.8238999335590624,5.36043380882886,0.013903765875272443,12.554301379866867,1.0199030520282106,13.58810819777035,15.506196211060486,-0.18477648582067588,0.0,0.3310700636253,0.14629357780462413,1.0,0.00035307767739776075,0.0,4.242640687119285,0.4920801228626885,0.1210714236582793
1023,166.16579487946254,0.19634954084936207,-2.6020852139652106e-18,0.16435861248682113,0.4529178474509161,-5.139118297581291e-17,0.1345196734922066,0.41037586331166503,1.3877787807814457e-16,5.0228556966469196,11.082060650206099,-5.551115123125783e-17,1.4258506748148574,4.4082179977856635,0.0,1.8119113276415155,5.175350226709805,0.01367549265515775,12.614539674669206,1.0165250734349922,13.644740240759358,15.547681432187971,-0.18346294853285797,0.0,0.3257136445075741,0.14225069597471615,1.0,0.00035307767739776075,0.0,4.242640687119285,0.4920801228626885,0.1210714236582793
1024,166.3621444203119,0.19634954084936207,-6.938893903907228e-18,0.16247230778732463,0.44690896687070714,-5.106592232406726e-17,0.13701649176573172,0.4135936128823903,1.1102230246251565e-16,5.028995427989223,11.093862526315965,0.0,1.4246293029281127,4.3865696824416025,0.0,1.807135357328794,5.076807201051027,0.013628820343266831,12.645397507368248,1.0147843253807198,13.673810653092234,15.570344292394081,-0.18236225686716467,0.0,0.3341234610242706,0.15176120415710592,1.0,0.00035307767739776075,0.0,4.242640687119285,0.4920801228626885,0.1210714236582793
1025,166.55849396116125,0.19634954084936207,-6.938893903907228e-18,0.1612447642258258,0.4347354884578696,-5.2366964931049864e-17,0.138634848400498,0.4068742791591571,8.326672684688674e-17,5.035160869458099,11.098073000617099,-5.551115123125783e-17,1.4235210683017527,4.371735694175393,0.0,1.8044734856966653,4.99196462133011,0.013591324006406386,12.676422490661018,1.0132061159494816,13.703219930616905,15.595579677923602,-0.1819694308142398,0.0,0.3465960753097391,0.16462664449549932,1.0,0.00035307767739776075,0.0,4.242640687119285,0.4920801228626885,0.1210714236582793
1026,166.7548435020106,0.19634954084936207,-6.071532165918825e-18,0.1609086214307816,0.43761231939462536,-5.128276275856436e-17,0.13866663238879556,0.42111311658635353,1.1102230246251565e-16,5.041299204587566,11.099067446135814,0.0,1.4225904150886204,4.361654143438165,-5.551115123125783e-17,1.8042583220997241,5.040941274400973,0.01351694482341321,12.707348835087611,1.0118817445510064,13.732747524462031,15.623573254086889,-0.18191792676660695,0.0,0.36036018524576063,0.17844225847915368,1.0,0.00035307767739776075,0.0,4.242640687119285,0.4920801228626885,0.1210714236582793
1028,167.1475425837093,0.19634954084936207,-5.204170427930421e-18,0.1626212003456077,0.47598920541757966,-5.1011712215442984e-17,0.13448564246829411,0.41518468035329836,1.1102230246251565e-16,5.053378571742465,11.115285050726209,0.0,1.4212320030920704,4.382344067064098,0.0,1.8084978755627237,5.181318216340869,0.013261767143353703,12.768317494672958,1.0099502033065493,13.79152946512286,15.68455910122643,-0.18246146670301458,0.0,0.37358182044592264,0.19112035374290806,1.0,0.00035307767739776075,0.0,4.242640687119285,0.4920801228626885,0.1210714236582793
1029,167.34389212455866,0.19634954084936207,-6.071532165918825e-18,0.16416511623342814,0.5040478021397892,-5.1120132432691534e-17,0.13180485862684366,0.41408907592848204,1.3877787807814457e-16,5.059322806804369,11.119968463164,0.0,1.420670796122163,4.415395633803208,-5.551115123125783e-17,1.8102827979527942,5.260576695005389,0.013187175623399522,12.798373631725417,1.0091527554771904,13.820713562826006,15.714689746615424,-0.1833915298863091,0.0,0.3730997117577641,0.18970818187145497,1.0,0.00035307767739776075,0.0,4.242640687119285,0.4920801228626885,0.1210714236582793
1030,167.54024166540802,0.19634954084936207,-4.336808689942018e-18,0.1658166199695971,0.5262251818893497,-5.198749417067994e-17,0.12975439474670034,0.4073645205301811,1.1102230246251565e-16,5.065234806398145,11.12071393737503,-5.551115123125783e-17,1.4200731826063824,4.4428099341340745,0.0,1.8102397501812033,5.339218090993201,0.013221921898627738,12.828301821973628,1.0083039219789098,13.849827665851166,15.742912935176822,-0.18406311073413598,0.0,0.3645868777052691,0.18052376697113312,1.0,0.0003504947299875181,0.0,4.242640687119285,0.46785112719416866,0.10944233860842709
1032,167.93294074710673,0.19634954084936207,-5.204170427930421e-18,0.16866215922794087,0.5471997856380102,-5.095750210681871e-17,0.1280557784656994,0.3735984175679713,1.3877787807814457e-16,5.077154865026958,11.103784616794188,0.0,1.4186039637600918,4.478787637336839,0.0,1.8044626082200026,5.472275037058502,0.013564702655455153,12.888750761733451,1.0062186029979219,13.908534067386828,15.793895702590065,-0.18353665790983387,0.0,0.3505726750799073,0.16703601717007344,1.0,0.0003504947299875181,0.0,4.242640687119285,0.46785112719416866,0.10944233860842709
1033,168.12929028795608,0.19634954084936207,-6.071532165918825e-18,0.1694859489214008,0.545292945996048,-5.2150124496552763e-17,0.127953793511739,0.3643168063005124,1.3877787807814457e-16,5.083174697199283,11.083659449660395,0.0,1.4176944909240585,4.48515238846492,-5.551115123125783e-17,1.80057249913515,5.51492698880814,0.013736074264138207,12.91933250112351,1.0049288347982126,13.93799741018586,15.818282802637354,-0.1839919404662511,0.0,0.3456543651462998,0.1616624246800487,1.0,0.0003504947299875181,0.0,4.242640687119285,0.46785112719416866,0.10944233860842709
1034,168.32563982880544,0.19634954084936207,-2.6020852139652106e-18,0.16966512370209796,0.536000849086506,-5.2366964931049864e-17,0.12821819980278318,0.36029138902178237,1.1102230246251565e-16,5.089253289108265,11.056653483981151,0.0,1.4167247223980197,4.482707411780611,-5.551115123125783e-17,1.7979579850085456,5.536513488098336,0.013817179475117616,12.95024952034964,1.003554469526873,13.96762116935163,15.843991926159621,-0.18400333830679286,0.0,0.35223686343312544,0.16823352512633258,1.0,0.0003504947299875181,0.0,4.242640687119285,0.46785112719416866,0.10944233860842709
1035,168.5219893696548,0.19634954084936207,-6.071532165918825e-18,0.16909024566520098,0.52169016228845,-5.084908188957016e-17,0.12899349411276637,0.3627380845947902,1.942890293094024e-16,5.095390803825016,11.025284478004199,1.1102230246251565e-16,1.4157724732652837,4.4715032895219915,0.0,1.7979287389507965,5.53607047238987,0.013791897773353974,12.98150372185227,1.0022058480278488,13.997501467653473,15.872495208274527,-0.1838238039754987,0.0,0.3659893252657059,0.1821655212902072,1.0,0.0003504947299875181,0.0,4.242640687119285,0.46785112719416866,0.10944233860842709
1037,168.9146884513535,0.19634954084936207,-5.204170427930421e-18,0.1659569901123809,0.48613861637862116,-5.117434254131581e-17,0.13225197067615754,0.37754370825635086,2.220446049250313e-16,5.107777220298471,11.034512195230258,5.551115123125783e-17,1.4142905534749288,4.437854518656269,0.0,1.808456414877563,5.478952228864642,0.013567721578754124,13.044694066099984,1.0001088848242101,14.058370672502948,15.941518500545348,-0.183325277602165,0.0,0.39564361993073865,0.21231834232857366,1.0,0.0003504947299875181,0.0,4.242640687119285,0.46785112719416866,0.10944233860842709
1038,169.11103799220285,0.19634954084936207,-6.071532165918825e-18,0.16391179238602738,0.46562746086441387,-5.1445393084437185e-17,0.13417675286970693,0.3701207187354836,8.326672684688674e-17,5.113969673088562,11.067071519323703,0.0,1.4139183020834099,4.41057300184422,0.0,1.8191315173875686,5.432890186324537,0.013460623311845409,13.076342908634764,0.9995824824832161,14.089386014429826,15.982463155852294,-0.18279891110091498,0.0,0.427577766583154,0.24477885548223902,1.0,0.0003504947299875181,0.0,4.242640687119285,0.46785112719416866,0.10944233860842709
1039,169.3073875330522,0.19634954084936207,-5.204170427930421e-18,0.16203273380393796,0.44285466079778607,-5.171644362755856e-17,0.13565126760562607,0.37787353415569336,1.942890293094024e-16,5.120125071213915,11.086581998183613,5.551115123125783e-17,1.413830699443206,4.380998502123116,-5.551115123125783e-17,1.8327100700275312,5.384158615294546,0.013377253875230088,13.107840372436648,0.9994586233440326,14.120676249655912,16.02701794721063,-0.182561302680446,0.0,0.44562833349102726,0.26306703081058125,1.0,0.0003504947299875181,0.0,4.242640687119285,0.46785112719416866,0.10944233860842709
1040,169.50373707390156,0.19634954084936207,-5.204170427930421e-18,0.16066508290865905,0.41926316210636816,-5.3017486234541167e-17,0.13629318562491186,0.3851670574887359,1.1102230246251565e-16,5.126232786316762,11.104646150349115,0.0,1.4139772365122747,4.3680364476977225,0.0,1.8480796718439634,5.339083641559684,0.01329821916907268,13.139131289754456,0.9996658126874447,14.152095321610973,16.0739187221388,-0.18247733096883295,0.0,0.45746229088184986,0.2749849599130169,1.0,0.00035043051276576436,0.0,4.242640687119285,0.4813543092058007,0.1158509854954968
1042,169.89643615560027,0.19634954084936207,-4.336808689942018e-18,0.16022225164247395,0.39440255264897706,-5.036119091195168e-17,0.13499882591212672,0.39450946516698693,1.3877787807814457e-16,5.138370017601889,11.103451019974974,0.0,1.4144477135834002,4.375273961291735,5.551115123125783e-17,1.877361165173236,5.275242928588294,0.01309872066120094,13.201423218895014,1.000331167230654,14.214853106786869,16.166795209032685,-0.18264782673454485,0.0,0.45544880788959424,0.27280098115504936,1.0,0.00035043051276576436,0.0,4.242640687119285,0.4813543092058007,0.1158509854954968
1043,170.09278569644962,0.19634954084936207,-6.071532165918825e-18,0.16110241323372174,0.39767010220780474,-5.128276275856436e-17,0.13373401160000548,0.38756018329315184,1.1102230246251565e-16,5.144467974768201,11.106613945121593,1.1102230246251565e-16,1.4144225489673983,4.372578364840254,-5.551115123125783e-17,1.8871291781112343,5.257071710659838,0.01302198062369751,13.232775371707817,1.0002955735137162,14.24609292584523,16.20792776377622,-0.1831084974691655,0.0,0.42944107644829227,0.24633257897912678,1.0,0.00035043051276576436,0.0,4.242640687119285,0.4813543092058007,0.1158509854954968
1044,170.28913523729898,0.19634954084936207,-5.204170427930421e-18,0.16244858717756927,0.39772465730365036,-5.182486384480711e-17,0.1326812706416185,0.3722734980917265,1.942890293094024e-16,5.150631247277595,11.116140720546781,-5.551115123125783e-17,1.414018510726948,4.373272163131612,-1.1102230246251565e-16,1.89117157371383,5.243938512597694,0.013021265677119347,13.264501122716174,0.999724174339228,14.277246562732522,16.242633815802023,-0.18350378255650862,0.0,0.39775368552246715,0.21424990296595853,1.0,0.00035043051276576436,0.0,4.242640687119285,0.4813543092058007,0.1158509854954968
1046,170.6818343189977,0.19634954084936207,-4.336808689942018e-18,0.16550786894375136,0.417971273454343,-5.187907395343139e-17,0.13173918167841553,0.32419902476014495,1.1102230246251565e-16,5.163178901179998,11.242637284308787,1.1102230246251565e-16,1.4118844823826138,4.346949295299384,-1.1102230246251565e-16,1.8796891320798121,5.2725769957316775,0.013282063708910108,13.329208182795144,0.9967088957964105,14.339199142300465,16.289880471076792,-0.1840917534765178,0.0,0.3429664663883309,0.1588747129118131,1.0,0.00035043051276576436,0.0,4.242640687119285,0.4813543092058007,0.1158509854954968
1047,170.87818385984704,0.19634954084936207,-6.071532165918825e-18,0.16685211137200912,0.43317693887347386,-5.025277069470313e-17,0.13118890700473596,0.3595381515068755,1.942890293094024e-16,5.1695154858073895,11.297969362293921,0.0,1.4102890922650533,4.330981052985525,0.0,1.8659383091135566,5.3474774027060406,0.013440619158285542,13.361945179001207,0.994457661880894,14.369843460040386,16.304367080744022,-0.1846092271384717,0.0,0.29765905740396326,0.11304983026549156,1.0,0.00035043051276576436,0.0,4.242640687119285,0.4813543092058007,0.1158509854954968
1048,171.0745334006964,0.19634954084936207,-3.469446951953614e-18,0.16794190513556403,0.44502662400998483,-5.1011712215442984e-17,0.12993787910576668,0.3788363613071543,1.6653345369377348e-16,5.175839753780764,11.337696722338679,1.1102230246251565e-16,1.4085464584192138,4.326947483227757,0.0,1.8496127779222342,5.405348828523208,0.013518584692108291,13.39465857840866,0.992001562762655,14.400178725863421,16.315868494254442,-0.18488481591003386,0.0,0.2827594831677076,0.09787466725767374,1.0,0.00035043051276576436,0.0,4.242640687119285,0.4813543092058007,0.1158509854954968
1049,171.27088294154575,0.19634954084936207,-6.938893903907228e-18,0.16870832653361484,0.4512434548675092,-5.171644362755856e-17,0.12790645783309157,0.37649767899583686,1.6653345369377348e-16,5.182117390576734,11.357334347381137,0.0,1.406838352559095,4.318707275632563,-5.551115123125783e-17,1.8332177914783052,5.442151211780795,0.013486511768796915,13.427170324858913,0.9895970751155944,14.430253911743304,16.327236604026897,-0.1850929073590116,0.0,0.2820101529271,0.09691724556808842,1.0,0.00035043051276576436,0.0,4.242640687119285,0.4813543092058007,0.1158509854954968
1051,171.66358202324446,0.19634954084936207,-4.336808689942018e-18,0.16890128688272188,0.45246155089520324,-5.204170427930421e-17,0.12434084327140553,0.3727032946004587,2.220446049250313e-16,5.194506898112904,11.33248469070761,0.0,1.4041035250966953,4.2956073979530105,0.0,1.8086457953369197,5.450424800875948,0.01329267879783084,13.491450957271269,0.9857533545944829,14.490496990663582,16.35947424076534,-0.1850986500021579,0.0,0.3054974617789817,0.1203988117768238,1.0,0.000349919640833262,0.0,4.242640687119285,0.4782062036902599,0.11434058662392518
1052,171.8599315640938,0.19634954084936207,-6.071532165918825e-18,0.16816475255620886,0.44649206500741584,-5.193328406205566e-17,0.1250397895705574,0.3901763474887162,1.6653345369377348e-16,5.200653774979479,11.29362014434307,0.0,1.4032286705531871,4.292823376273038,0.0,1.8033985712859804,5.425705841786164,0.013296391857258697,13.523399843604151,0.9845253509312325,14.521221586392642,16.38385346719128,-0.18492741843434846,0.0,0.3466959638535765,0.16176854541922803,1.0,0.000349919640833262,0.0,4.242640687119285,0.4782062036902599,0.11434058662392518
1053,172.05628110494317,0.19634954084936207,-6.938893903907228e-18,0.1668951895723141,0.4397227118748702,-5.2258544713801314e-17,0.12810442252685422,0.4035374301439127,1.6653345369377348e-16,5.206807032562154,11.24467316301088,5.551115123125783e-17,1.4026908404159788,4.2753910652723635,-5.551115123125783e-17,1.8040602905791454,5.385505440185616,0.013416832425365193,13.555419737169352,0.9837707968934422,14.552607366488159,16.41512921703362,-0.18481436864438058,0.0,0.3812961463445779,0.19648177770019734,1.0,0.000349919640833262,0.0,4.242640687119285,0.4782062036902599,0.11434058662392518
1054,172.25263064579252,0.19634954084936207,-6.071532165918825e-18,0.16527974350543034,0.441263677095287,-5.106592232406726e-17,0.13271776652038383,0.42124384058742925,1.6653345369377348e-16,5.212994445086109,11.195791935292343,0.0,1.402442065177923,4.266101216706627,0.0,1.8110149427407154,5.332438509942708,0.013602398998857299,13.587655542249312,0.9834218730902589,14.584679814338429,16.45364097059283,-0.18469982708965627,0.0,0.4176022377327279,0.23290241064307166,1.0,0.000349919640833262,0.0,4.242640687119285,0.4782062036902599,0.11434058662392518
1056,172.64532972749123,0.19634954084936207,-6.938893903907228e-18,0.16230099789542238,0.4402031358226355,-5.139118297581291e-17,0.1402468496298375,0.4462698409305685,1.3877787807814457e-16,5.2255305260315925,11.129506174717454,0.0,1.4024640693940706,4.281100064723561,0.0,1.8417375219996377,5.201190617583099,0.01379160243183208,13.653084639244003,0.9834527329706884,14.650328974646524,16.54962092460138,-0.1846818222982419,0.0,0.46521229687908416,0.28053047458084224,1.0,0.000349919640833262,0.0,4.242640687119285,0.4782062036902599,0.11434058662392518
1057,172.84167926834058,0.19634954084936207,-5.204170427930421e-18,0.1615536319169638,0.43675881872943734,-5.1662233518934286e-17,0.14076743376733356,0.44019565174358644,1.6653345369377348e-16,5.231880532416552,11.122194913836863,0.0,1.4025189933961888,4.317894966252299,0.0,1.8620758008910272,5.248858889834231,0.013686369105373686,13.686286952739648,0.9835297634185289,14.68350308526355,16.60321094651335,-0.1848852602912309,0.0,0.4935870908917257,0.30870183060049483,1.0,0.000349919640833262,0.0,4.242640687119285,0.4782062036902599,0.11434058662392518
1058,173.03802880918994,0.19634954084936207,-5.204170427930421e-18,0.16146163139003591,0.4470089230485599,-5.198749417067994e-17,0.13901329903644719,0.423750565338075,1.3877787807814457e-16,5.238269860252738,11.112744876571487,-5.551115123125783e-17,1.4024655283817506,4.351865255779057,0.0,1.8821687198840633,5.3027653087441164,0.013488013631496456,13.719735564416117,0.9834547791495516,14.716678357197166,16.656624090676424,-0.18510858189531712,0.0,0.49310286128386305,0.30799427938854596,1.0,0.000349919640833262,0.0,4.242640687119285,0.4782062036902599,0.11434058662392518
1060,173.43072789088865,0.19634954084936207,-4.336808689942018e-18,0.16258765025394653,0.49022924598815953,-5.139118297581291e-17,0.13297633842985943,0.4152061459419817,1.3877787807814457e-16,5.251079208161033,11.105939237389222,0.0,1.401796381987609,4.406386152335804,0.0,1.9113557391299982,5.386606364332378,0.013125747685579609,13.786916425190553,0.982516548276775,14.782558721152908,16.751461075036083,-0.18529760867910178,0.0,0.46369914416772295,0.2784015354886212,1.0,0.00034954212465306933,0.0,4.242640687119285,0.4784158854595052,0.1144408797300012
1061,173.627077431738,0.19634954084936207,-8.673617379884035e-18,0.16331523692708988,0.5086314750497396,-5.1336972867188635e-17,0.1308512560846897,0.413489613772858,1.3877787807814457e-16,5.25745853060939,11.130424186898006,0.0,1.401168089943357,4.42649813434856,-1.1102230246251565e-16,1.9176929441613577,5.414583183790502,0.01303226041487714,13.820435100538726,0.9816360081377578,14.815103369091359,16.789676858812406,-0.18493408028969086,0.0,0.4175766876369935,0.23264260734730266,1.0,0.00034954212465306933,0.0,4.242640687119285,0.4784158854595052,0.1144408797300012
1062,173.82342697258736,0.19634954084936207,-5.204170427930421e-18,0.16394915921124092,0.5213946889832929,-4.9981720151581754e-17,0.12966824693564385,0.40951781781123087,2.220446049250313e-16,5.263799712981804,11.16905224399288,5.551115123125783e-17,1.4003810667990015,4.442245305016316,-1.1102230246251565e-16,1.9186372885533272,5.434525641614413,0.012958450795213875,13.853793709193662,0.9805335661245549,14.84728572611343,16.821734934395344,-0.18455452868607092,0.0,0.3864027948604175,0.2018482661743466,1.0,0.00034954212465306933,0.0,4.242640687119285,0.4784158854595052,0.1144408797300012
1063,174.0197765134367,0.19634954084936207,-6.071532165918825e-18,0.16448236762797208,0.5281825524567056,-5.2366964931049864e-17,0.12890283669630553,0.4022059385746515,1.6653345369377348e-16,5.270109673097326,11.190305966184855,0.0,1.3994769860632925,4.45407729990819,0.0,1.9153299028512165,5.448516441295836,0.012858913567218778,13.887027983237004,0.9792679172603986,14.879154814064622,16.848914663249154,-0.18402758586580437,0.0,0.3613303775180756,0.17730279165227125,1.0,0.00034954212465306933,0.0,4.242640687119285,0.4784158854595052,0.1144408797300012
1065,174.41247559513542,0.19634954084936207,-5.204170427930421e-18,0.1653398503076001,0.5207018721569178,-5.182486384480711e-17,0.12720047302642998,0.3804090867121542,8.326672684688674e-17,5.282749070712972,11.198226838342743,-1.1102230246251565e-16,1.3974341539969157,4.467422360809343,-5.551115123125783e-17,1.9015225093699666,5.467641342107772,0.012610637003606626,13.953718872059383,0.9764111073785376,14.942740616441526,16.895414444303043,-0.18316554960366627,0.0,0.3405580570598276,0.15739250745616135,1.0,0.00034954212465306933,0.0,4.242640687119285,0.4784158854595052,0.1144408797300012
1066,174.60882513598477,0.19634954084936207,-6.071532165918825e-18,0.16555979612303415,0.5080318358412946,-5.209591438792849e-17,0.12675672347092254,0.3666848451568202,2.220446049250313e-16,5.289152643692288,11.230560489138705,-5.551115123125783e-17,1.3963287548524674,4.469289671466385,-5.551115123125783e-17,1.89358482286538,5.476590694157325,0.01256831228866787,13.987567844138564,0.9748669958139211,14.975003152241152,16.917999288029318,-0.18242926232958018,0.0,0.3364439191099442,0.15401465678036402,1.0,0.00034954212465306933,0.0,4.242640687119285,0.4784158854595052,0.1144408797300012
1067,174.80517467683413,0.19634954084936207,-2.6020852139652106e-18,0.16548158898104343,0.4911637930317001,-5.231275482242559e-17,0.1271853805821086,0.3512181426954433,1.6653345369377348e-16,5.295646861166025,11.257413799158297,5.551115123125783e-17,1.395193217920748,4.467904045327705,5.551115123125783e-17,1.8865425862378606,5.486670597129658,0.012631247792726313,14.021937839088784,0.9732820576660258,15.007851144547535,16.9420747932296,-0.18210717841163365,0.0,0.3436872436913404,0.16158006527970675,1.0,0.00034954212465306933,0.0,4.242640687119285,0.4784158854595052,0.1144408797300012
1068,175.00152421768348,0.19634954084936207,-2.6020852139652106e-18,0.16502683363068127,0.476623690834709,-5.2258544713801314e-17,0.1284277782652282,0.3532608652212377,1.3877787807814457e-16,5.30222990049115,11.278374307739892,-5.551115123125783e-17,1.3940649759166905,4.463057364655539,0.0,1.8815233583802498,5.497857831948094,0.012769300626456596,14.056820958831194,0.9717085785388011,15.04129883799645,16.968842556530486,-0.18194562311498744,0.0,0.35711335938179556,0.17516773626680812,1.0,0.00034954212465306933,0.0,4.242640687119285,0.4784158854595052,0.1144408797300012
1070,175.3942232993822,0.19634954084936207,-4.336808689942018e-18,0.16324970352311424,0.4476418799139479,-5.084908188957016e-17,0.1309115383645808,0.34666981427603366,1.6653345369377348e-16,5.315536064018703,11.307562650010981,5.551115123125783e-17,1.392038963154376,4.4421232787403016,0.0,1.880237847659044,5.517291263337421,0.0129791883565644,14.12746182394172,0.9688862374699547,15.109327249768238,17.032742965455963,-0.18205136543278153,0.0,0.3832088985675281,0.20115753313474657,1.0,0.0003471380155102199,0.0,4.242640687119285,0.4641881590566022,0.10773532350417872
1071,175.59057284023154,0.19634954084936207,-8.673617379884035e-18,0.16229936739372924,0.43047899037969606,-5.128276275856436e-17,0.1312157651087324,0.3504404182653268,2.7755575615628914e-17,5.322199922549916,11.319672612644217,0.0,1.3912538270130865,4.426006418084007,0.0,1.8834910793179915,5.52006724128951,0.01296680119652077,14.162906007795165,0.9677936055892795,15.143666414580967,17.069295454555267,-0.18126488130325083,0.0,0.4052460922772527,0.2239812109740019,1.0,0.0003471380155102199,0.0,4.242640687119285,0.4641881590566022,0.10773532350417872
1072,175.7869223810809,0.19634954084936207,-3.469446951953614e-18,0.16158288721457104,0.4136905147303083,-5.106592232406726e-17,0.13110075748026773,0.33844928727019236,8.326672684688674e-17,5.328799851285204,11.34084680239528,-5.551115123125783e-17,1.3906122787511968,4.4061360681976565,-5.551115123125783e-17,1.8876648963006322,5.512592827602125,0.012916568593915595,14.19805392752861,0.9669012549067981,15.177871751029324,17.106858271332054,-0.18178752870407583,0.0,0.41096977793835676,0.22918224923428093,1.0,0.0003471380155102199,0.0,4.242640687119285,0.4641881590566022,0.10773532350417872
1074,176.1796214627796,0.19634954084936207,-3.469446951953614e-18,0.1612545465002197,0.39203777881775387,-5.068645156369733e-17,0.13174942603593987,0.3647803457603689,1.6653345369377348e-16,5.341785408735011,11.393565439867782,5.551115123125783e-17,1.3895861141875645,4.356132763346702,-5.551115123125783e-17,1.8931635809184726,5.4528650997304595,0.012956608850067136,14.26733567648713,0.9654747843714475,15.245767069708645,17.17894030699143,-0.182694804906589,0.0,0.40468414777253414,0.22198934286594516,1.0,0.0003471380155102199,0.0,4.242640687119285,0.4641881590566022,0.10773532350417872
1075,176.37597100362896,0.19634954084936207,-6.071532165918825e-18,0.1616170238567972,0.39106936771267964,-5.242117503967414e-17,0.13263330470840182,0.39355121131560067,1.1102230246251565e-16,5.348209126244173,11.416064158001383,1.1102230246251565e-16,1.3890770752035022,4.351575411234196,0.0,1.8934505650183397,5.39732904435161,0.013063896320350802,14.301670429020728,0.9647675604279582,15.279501885769037,17.212261307582427,-0.18360964303210284,0.0,0.39237173866273367,0.20876209563063083,1.0,0.0003471380155102199,0.0,4.242640687119285,0.4641881590566022,0.10773532350417872
1076,176.57232054447832,0.19634954084936207,-5.204170427930421e-18,0.16222038179317014,0.3867482695255831,-5.084908188957016e-17,0.13311422557414,0.40455885473725073,1.6653345369377348e-16,5.354627407085632,11.43304955161657,0.0,1.388507518560637,4.341263116952398,0.0,1.892925707285144,5.326590668478875,0.013147194529733452,14.336017334356303,0.9639765645497085,15.313141093435744,17.24457294597671,-0.18416445492920713,0.0,0.38792960868683457,0.20376515375762744,1.0,0.0003471380155102199,0.0,4.242640687119285,0.4641881590566022,0.10773532350417872
1077,176.76867008532767,0.19634954084936207,-4.336808689942018e-18,0.16296593058730566,0.40234537338391274,-5.0415401020575956e-17,0.13253266348680492,0.39743544888464916,1.1102230246251565e-16,5.361068176287669,11.442876328841152,0.0,1.3878676424412557,4.323660857615528,0.0,1.8928440366519694,5.245879187069055,0.013133142052007782,14.3705259954022,0.9630882964677245,15.346747433921932,17.277207538103667,-0.18464295836317257,0.0,0.3899083778475939,0.20526541948442134,1.0,0.0003471380155102199,0.0,4.242640687119285,0.4641881590566022,0.10773532350417872
1079,177.16136916702638,0.19634954084936207,-4.336808689942018e-18,0.16452068044433352,0.4371523762274402,-5.1662233518934286e-17,0.12830211740413597,0.3514872620661517,2.498001805406602e-16,5.374084983090852,11.438421842543248,5.551115123125783e-17,1.3864828828775064,4.2714313212963875,0.0,1.897798432945572,5.1081640873990475,0.012802962578398087,14.440394702741305,0.9611673922561604,15.414365057575862,17.347974950696504,-0.1851411077120695,0.0,0.40390454850890306,0.21876344079683355,1.0,0.0003471380155102199,0.0,4.242640687119285,0.4641881590566022,0.10773532350417872
1080,177.35771870787573,0.19634954084936207,-5.204170427930421e-18,0.16513830598015028,0.4463073017172463,-5.068645156369733e-17,0.1261325112487335,0.34644494816338256,1.1102230246251565e-16,5.380669867804021,11.4251412652472,0.0,1.385829213756541,4.254328110477834,0.0,1.9033882849802222,5.13411203668203,0.012623466356773364,14.475804113147069,0.9602613048505362,15.448688884354379,17.3871296693229,-0.18536496061465393,0.0,0.422906552437478,0.23754159182282406,1.0,0.00034795004038580334,0.0,4.242640687119285,0.4827886074834385,0.11654241975789881
1081,177.5540682487251,0.19634954084936207,-6.938893903907228e-18,0.16549685937122235,0.4490186824665161,-5.084908188957016e-17,0.1250466950277907,0.3720868062777793,1.3877787807814457e-16,5.387283696139522,11.40662467325227,-5.551115123125783e-17,1.385254770830246,4.262624063521144,-5.551115123125783e-17,1.9107636357948394,5.165853689029608,0.012531311780470183,14.511412811345352,0.9594653900539785,15.4834095131798,17.42864967464028,-0.18574853369760552,0.0,0.4352758048848091,0.24952727118720358,1.0,0.00034795004038580334,0.0,4.242640687119285,0.4827886074834385,0.11654241975789881
1082,177.75041778957444,0.19634954084936207,-6.938893903907228e-18,0.16547459128338593,0.4460879374206388,-5.2583805365546965e-17,0.125263929174435,0.3896824129673325,2.220446049250313e-16,5.393918037980822,11.392088443206756,0.0,1.384802164364027,4.256453279974086,-5.551115123125783e-17,1.9196025915381016,5.20142861277952,0.012534035493638277,14.54717590022744,0.9588385172136467,15.518548452934725,17.472302979697123,-0.1855734954504733,0.0,0.445851994088469,0.2602784986379957,1.0,0.00034795004038580334,0.0,4.242640687119285,0.4827886074834385,0.11654241975789881
1084,178.14311687127315,0.19634954084936207,-6.071532165918825e-18,0.16398174525185755,0.43855517636876623,-5.0523821237824507e-17,0.12783052014498164,0.41016576601359067,2.7755575615628914e-16,5.407154267409137,11.372525090266695,0.0,1.3842808504996156,4.270667722007268,0.0,1.93979170505085,5.260403106590401,0.012600678104960152,14.618658635780417,0.9581167365299694,15.589376050415346,17.56344658887102,-0.18517675532596767,0.0,0.45502666632979527,0.2698499110038276,1.0,0.00034795004038580334,0.0,4.242640687119285,0.4827886074834385,0.11654241975789881
1085,178.3394664121225,0.19634954084936207,-6.938893903907228e-18,0.1625670290251116,0.4281212574667241,-5.1336972867188635e-17,0.1292438520984948,0.40557174597920087,1.942890293094024e-16,5.413726285348413,11.37618444920726,0.0,1.38413813433578,4.29249122338927,0.0,1.9493588629743863,5.267139602359409,0.012560128025513683,14.65421614633616,0.9579191874612666,15.624695461822942,17.60861464298154,-0.1847283724672162,0.0,0.45243741975606244,0.26770904728884626,1.0,0.00034795004038580334,0.0,4.242640687119285,0.4827886074834385,0.11654241975789881
1086,178.53581595297186,0.19634954084936207,-5.204170427930421e-18,0.16093487372932325,0.4245069970034721,-5.084908188957016e-17,0.1306522107817711,0.39623891210491285,8.326672684688674e-17,5.420273759793325,11.383515525450035,0.0,1.3839640004627372,4.312897650672444,0.0,1.9567156350636468,5.262635930550931,0.012478907196471514,14.689683815552035,0.9576781772884113,15.659840900036919,17.65127781798101,-0.18442697989208903,0.0,0.43959740956179794,0.25517042966970893,1.0,0.00034795004038580334,0.0,4.242640687119285,0.4827886074834385,0.11654241975789881
1088,178.92851503467057,0.19634954084936207,-3.469446951953614e-18,0.1582511524690208,0.4175571128517507,-5.171644362755856e-17,0.13380415466707254,0.3996352943356671,1.6653345369377348e-16,5.433407376032781,11.404826361386506,5.551115123125783e-17,1.3830821168752203,4.339551830474321,-1.1102230246251565e-16,1.9594503896314126,5.392833304173359,0.012411624819338812,14.760957856963714,0.9564580710100201,15.729827552793074,17.722935997748298,-0.18401239392368968,0.0,0.40521599815868314,0.22120360423499347,1.0,0.00034795004038580334,0.0,4.242640687119285,0.4827886074834385,0.11654241975789881
1089,179.12486457551992,0.19634954084936207,-5.204170427930421e-18,0.1577964045892699,0.420555964265398,-5.117434254131581e-17,0.1349973422574922,0.4034265310059778,1.6653345369377348e-16,5.440057181365237,11.430504141813703,5.551115123125783e-17,1.3822084555317165,4.342537690088848,-5.551115123125783e-17,1.9539231761294238,5.439055912038854,0.012472656345127153,14.79711106826174,0.9552501072716866,15.764833831878553,17.750894199268476,-0.18369459059223187,0.0,0.3658230374849687,0.18212844689273683,1.0,0.00034795004038580334,0.0,4.242640687119285,0.4827886074834385,0.11654241975789881
1090,179.32121411636928,0.19634954084936207,-6.071532165918825e-18,0.15812415396698007,0.42843214243706684,-5.1336972867188635e-17,0.13515698536269422,0.39542942003576587,1.3877787807814457e-16,5.446784359806729,11.47332665714456,-5.551115123125783e-17,1.3810328016434832,4.342963977259694,-1.1102230246251565e-16,1.944831256257432,5.47062692686988,0.012549869853150469,14.833729931117599,0.9536257996076237,15.799905600578374,17.774770926321278,-0.18359512073788498,0.0,0.3454014767720778,0.1618063560341928,1.0,0.0003455852452467304,0.0,4.242640687119285,0.4622635581715129,0.10684379860669382
1091,179.51756365721863,0.19634954084936207,-5.204170427930421e-18,0.15914104040555832,0.4392109889177491,-5.0334085857639543e-17,0.13391050202258004,0.38202667457941797,1.1102230246251565e-16,5.453608848596303,11.51561922895388,5.551115123125783e-17,1.37966732256937,4.338072534815815,-5.551115123125783e-17,1.9339520330568236,5.489464845664653,0.01258541424788547,14.870924736743941,0.9517409604828673,15.835251111474694,17.796838097822008,-0.18237453286152316,0.0,0.3348772333260228,0.15250270046449965,1.0,0.0003455852452467304,0.0,4.242640687119285,0.4622635581715129,0.10684379860669382
1093,179.91026273891734,0.19634954084936207,-7.806255641895632e-18,0.16223420602154728,0.4791685916558098,-5.0415401020575956e-17,0.1283957460465855,0.3981563534151042,1.1102230246251565e-16,5.467320633205881,11.574064761970716,0.0,1.376923339511948,4.351884110885644,0.0,1.9143209084420352,5.503013659634584,0.01248605675635743,14.945797453139374,0.9479589414463676,15.906242451342099,17.843650018723018,-0.18258422874703714,0.0,0.34173747498890084,0.1591532462418637,1.0,0.0003455852452467304,0.0,4.242640687119285,0.4622635581715129,0.10684379860669382
1094,180.1066122797667,0.19634954084936207,-6.938893903907228e-18,0.1637937113605847,0.49407597668181236,-5.114723748700367e-17,0.1258503605975511,0.41437973722431276,1.3877787807814457e-16,5.474131772389092,11.580662619772552,5.551115123125783e-17,1.3758994552757517,4.363679489205728,-5.551115123125783e-17,1.9087625807531545,5.504853654124181,0.012444525863462763,14.983059330739872,0.9465496555140552,15.94205351211739,17.872314306845976,-0.18279532657423783,0.0,0.3683975457250814,0.18560221915084354,1.0,0.0003455852452467304,0.0,4.242640687119285,0.4622635581715129,0.10684379860669382
1095,180.30296182061605,0.19634954084936207,-7.806255641895632e-18,0.16513738158316843,0.5063298053514673,-5.027987574901527e-17,0.12452543554341368,0.42615625977596117,1.942890293094024e-16,5.4808827266110995,11.568966278339381,-5.551115123125783e-17,1.37528113734408,4.37802029490669,0.0,1.9075789561168366,5.506484934177923,0.012483768587411641,15.02003773143196,0.9456991033672131,15.978220603386585,17.90641122468514,-0.18285891515081648,0.0,0.3958953355331616,0.2130364203823451,1.0,0.0003455852452467304,0.0,4.242640687119285,0.4622635581715129,0.10684379860669382
1097,180.69566090231476,0.19634954084936207,-3.469446951953614e-18,0.16682108336551058,0.5155482350584134,-5.003593026020603e-17,0.12550109306362728,0.4281790388275771,5.551115123125783e-17,5.49423775998852,11.496407892653426,0.0,1.3753242673764798,4.410518609120595,-5.551115123125783e-17,1.9207902988913306,5.534568756296065,0.01276631685058446,15.093324281641834,0.9457584202173253,16.051849018709742,17.99375498945213,-0.1828064312539874,0.0,0.4441570207297664,0.26135058947577905,1.0,0.0003455852452467304,0.0,4.242640687119285,0.4622635581715129,0.10684379860669382
1098,180.8920104431641,0.19634954084936207,-6.938893903907228e-18,0.1669713301327757,0.5105711215778941,-5.1228552649940085e-17,0.12670181476079242,0.41507661621210673,1.6653345369377348e-16,5.500896703953879,11.444465928073742,0.0,1.3758240497558727,4.418399481750361,-5.551115123125783e-17,1.9350315417136468,5.537380532302537,0.012879042155418585,15.129932273785322,0.9464459079433247,16.089257223884065,18.0466768400326,-0.18267501250092213,0.0,0.4905571525636828,0.3078821400627607,1.0,0.0003455852452467304,0.0,4.242640687119285,0.4622635581715129,0.10684379860669382
1099,181.08835998401347,0.19634954084936207,-5.204170427930421e-18,0.16652939709171224,0.499847553539038,-5.068645156369733e-17,0.1277092839864733,0.39147086154646193,1.6653345369377348e-16,5.507585361301227,11.41172874228114,0.0,1.3764496827475914,4.419695560724392,0.0,1.9529039672238204,5.530654079601167,0.012887822186030224,15.166748256009782,0.9473068645679723,16.126942942763787,18.10398496173536,-0.18259776609247247,0.0,0.5124808308306177,0.3298830647381452,1.0,0.0003455852452467304,0.0,4.242640687119285,0.4622635581715129,0.10684379860669382
1100,181.28470952486282,0.19634954084936207,-4.336808689942018e-18,0.1654705055007747,0.48525905844161366,-5.0523821237824507e-17,0.12844890314915408,0.36067972438173124,1.6653345369377348e-16,5.514326325646319,11.433724460101276,5.551115123125783e-17,1.3770366079876668,4.414683627808683,0.0,1.9722595008356887,5.573712014779337,0.012787624577223315,15.203897412858023,0.9481149098690895,16.164799947304335,18.163162892605317,-0.18255882920428623,0.0,0.521841158601585,0.33928232939729874,1.0,0.0003442198902284348,0.0,4.242640687119285,0.4657365304819103,0.1084552579126637
1102,181.67740860656153,0.19634954084936207,-6.938893903907228e-18,0.16206849855266012,0.4554756297812163,-5.128276275856436e-17,0.1299759860453617,0.3901369635298808,1.942890293094024e-16,5.528030070529176,11.497257397046903,1.1102230246251565e-16,1.3775696733925318,4.403030616235659,0.0,2.005253876485602,5.7051916388823045,0.01247830588629429,15.2795582303374,0.9488491025254033,16.2408856387491,18.275416380747842,-0.1818759723860056,0.0,0.5059266001427384,0.32405062775673277,1.0,0.0003442198902284348,0.0,4.242640687119285,0.4657365304819103,0.1084552579126637
1103,181.87375814741088,0.19634954084936207,-6.071532165918825e-18,0.16032338474335572,0.43588233999311693,-5.187907395343139e-17,0.13101836725858182,0.3944951021290278,1.6653345369377348e-16,5.534961566004102,11.513727057866577,-5.551115123125783e-17,1.3773318657650777,4.404923602584902,0.0,2.0146848820048486,5.7415623591467515,0.012392391116525375,15.317899768571289,0.9485215342259551,16.27881369391377,18.323253125060024,-0.18194887067197135,0.0,0.46475617300260563,0.2828073023306343,1.0,0.0003442198902284348,0.0,4.242640687119285,0.4657365304819103,0.1084552579126637
1104,182.07010768826024,0.19634954084936207,-5.204170427930421e-18,0.1590137052257086,0.4173845439334296,-5.1553813301685736e-17,0.13203299857561135,0.38722174853621116,2.220446049250313e-16,5.541922441582383,11.516548892053981,5.551115123125783e-17,1.3767404512601862,4.41115485509826,-5.551115123125783e-17,2.018125463553764,5.751877102715451,0.012377960905547748,15.35645217425722,0.9477071350680506,16.316537270230818,18.363908609692775,-0.18198405035484816,0.0,0.4289422289971835,0.24695817864233532,1.0,0.0003442198902284348,0.0,4.242640687119285,0.4657365304819103,0.1084552579126637
1105,182.2664572291096,0.19634954084936207,-6.071532165918825e-18,0.15838131215230383,0.399043268007522,-5.095750210681871e-17,0.13266164699133848,0.3773436305478385,2.498001805406602e-16,5.548887883293241,11.50732640909035,0.0,1.3758542203572262,4.412703199933849,0.0,2.0159086038108627,5.735112558232929,0.012404514572798729,15.395078370679272,0.9464874178373954,16.353970303089465,18.3977073456349,-0.18200864862276925,0.0,0.3946154232362952,0.21260677461352598,1.0,0.0003442198902284348,0.0,4.242640687119285,0.4657365304819103,0.1084552579126637
1107,182.6591563108083,0.19634954084936207,-5.204170427930421e-18,0.15922923011473633,0.3850644376684946,-5.074066167232161e-17,0.13179933532175556,0.3677326204197552,2.498001805406602e-16,5.562740117251861,11.480635236479326,-5.551115123125783e-17,1.373617294702807,4.412055870439911,-5.551115123125783e-17,1.999391100938443,5.629747602761368,0.012434621957445028,15.472038806041631,0.9434122361533288,16.427885664152406,18.45064038942393,-0.18207650480400228,0.0,0.3577353293554685,0.1756588245514662,1.0,0.0003442198902284348,0.0,4.242640687119285,0.4657365304819103,0.1084552579126637
1108,182.85550585165765,0.19634954084936207,-6.071532165918825e-18,0.16036951934296625,0.38308019093519613,-5.106592232406726e-17,0.13038410370356207,0.3568336982489986,2.7755575615628914e-16,5.56960435036186,11.45659511478928,0.0,1.37249042624008,4.417100275569142,0.0,1.9883170641014516,5.5505856447833315,0.012422970199061275,15.510246309784883,0.9418649850603383,16.464534265044282,18.47381853190181,-0.18225074792807483,0.0,0.3411863005604284,0.1589355526323536,1.0,0.0003442198902284348,0.0,4.242640687119285,0.4657365304819103,0.1084552579126637
1109,183.051855392507,0.19634954084936207,-6.071532165918825e-18,0.1616581194465629,0.40145227611660456,-4.9981720151581754e-17,0.12866841671656143,0.34760421584355783,1.3877787807814457e-16,5.576437663093069,11.467759650423137,0.0,1.3714662155502941,4.418887105906592,0.0,1.9775736062615679,5.556365866843123,0.012419248310572553,15.548328505181443,0.9404597901979229,16.50120754368994,18.497582623297102,-0.1824791573946133,0.0,0.3442738116384647,0.16179465424385142,1.0,0.0003442198902284348,0.0,4.242640687119285,0.4657365304819103,0.1084552579126637
1111,183.44455447420572,0.19634954084936207,-6.938893903907228e-18,0.16388489929145897,0.43933582506412466,-5.095750210681871e-17,0.1254332975511154,0.34042310469887394,1.1102230246251565e-16,5.5901226204286765,11.55878509876682,1.1102230246251565e-16,1.3698212678183648,4.414019709939506,-5.551115123125783e-17,1.9629493541201053,5.614880979729436,0.012465296369604712,15.624735455714186,0.938205152883756,16.575405904967546,18.55396700289825,-0.1829245924064242,0.0,0.3669257992333827,0.1840012068269585,1.0,0.00034399013859903705,0.0,4.242640687119285,0.47159303066267905,0.11119999328480526
1112,183.64090401505507,0.19634954084936207,-5.204170427930421e-18,0.16456269313159022,0.4495412258379302,-5.095750210681871e-17,0.12417781870124095,0.3192766452778489,1.3877787807814457e-16,5.597030868863857,11.59928611241805,0.0,1.369179850744813,4.407787211425474,-5.551115123125783e-17,1.9612337112670168,5.6482794850958795,0.012467470836607025,15.663377273507443,0.937326731842794,16.613171476186842,18.589036378986393,-0.1834377014091232,0.0,0.40195901149162894,0.21852131008250575,1.0,0.00034399013859903705,0.0,4.242640687119285,0.47159303066267905,0.11119999328480526
1113,183.83725355590443,0.19634954084936207,-7.806255641895632e-18,0.16482931112216034,0.452542810313769,-5.160802341031001e-17,0.12325300178465484,0.3201178001678461,1.6653345369377348e-16,5.604000889445376,11.635435707825948,0.0,1.3686353616158669,4.399183195258517,0.0,1.9637521321684288,5.679894389887665,0.01241046620951509,15.702412984452288,0.9365813765326971,16.6514048271945,18.629193261608133,-0.18375284407401554,0.0,0.4277957248543313,0.24404288078031577,1.0,0.00034399013859903705,0.0,4.242640687119285,0.47159303066267905,0.11119999328480526
1114,184.03360309675378,0.19634954084936207,-4.336808689942018e-18,0.1646158237948104,0.4481540237764716,-4.9439619065339e-17,0.12283938845797683,0.33269478583522977,2.220446049250313e-16,5.6110241164043435,11.667254433673591,0.0,1.368183167363274,4.388342352508243,-5.551115123125783e-17,1.9699215277314652,5.7053223055194175,0.012289029066446714,15.741795817435575,0.9359625897281003,16.69004743623012,18.673769548821582,-0.1839278052086795,0.0,0.45015327200853467,0.26622546679985515,1.0,0.00034399013859903705,0.0,4.242640687119285,0.47159303066267905,0.11119999328480526
1116,184.4263021784525,0.19634954084936207,-5.204170427930421e-18,0.16269140515499075,0.43439705235917825,-5.128276275856436e-17,0.12476639725894849,0.3563490080964126,2.220446049250313e-16,5.625127407230097,11.719472788597981,0.0,1.367582710854393,4.360821137052898,0.0,1.987716204692487,5.720600835109695,0.012011285060565674,15.821029173785591,0.935141235513925,16.768181694360084,18.770097171681222,-0.18380913062065554,0.0,0.4681975990984126,0.284388468477757,1.0,0.00034399013859903705,0.0,4.242640687119285,0.47159303066267905,0.11119999328480526
1117,184.62265171930184,0.19634954084936207,-6.938893903907228e-18,0.16116345170544533,0.43373971806702066,-5.117434254131581e-17,0.12737264076108756,0.36743882047228144,1.3877787807814457e-16,5.6321517967060775,11.74018585922266,5.551115123125783e-17,1.367438239354867,4.34473369757977,0.0,1.9962179124355526,5.704801899614876,0.011961325201602039,15.860566930569746,0.9349436692249692,16.807471924996317,18.818334801781987,-0.1833324483033848,0.0,0.468436848135049,0.2851043998316642,1.0,0.00034399013859903705,0.0,4.242640687119285,0.47159303066267905,0.11119999328480526
1118,184.8190012601512,0.19634954084936207,-4.336808689942018e-18,0.15955358380315926,0.42994501315495426,-5.074066167232161e-17,0.13058385052290739,0.3903791455751301,1.3877787807814457e-16,5.639138174214869,11.756541379829867,-5.551115123125783e-17,1.3673737346484345,4.3276039500196735,-1.1102230246251565e-16,2.003049210671409,5.673116247690903,0.011997537818784404,15.899939673943706,0.9348554651032037,16.846792676865693,18.864943799869163,-0.18287577343888725,0.0,0.46008098538323194,0.27720521194434466,1.0,0.00034399013859903705,0.0,4.242640687119285,0.47159303066267905,0.11119999328480526
1119,185.01535080100055,0.19634954084936207,-3.469446951953614e-18,0.1581740781549292,0.42332652766627443,-4.933119884809045e-17,0.13354469453090925,0.407946399362795,2.220446049250313e-16,5.646092008104304,11.767245893826695,0.0,1.3673499384029917,4.310459280375149,5.551115123125783e-17,2.0080608900215533,5.628738027363307,0.01208552278208594,15.939177481989645,0.9348229270253325,16.886085931797062,18.909632164091615,-0.18242818637754799,0.0,0.4501990615850143,0.26777087520746634,1.0,0.00034399013859903705,0.0,4.242640687119285,0.47159303066267905,0.11119999328480526
1121,185.40804988269926,0.19634954084936207,-6.938893903907228e-18,0.15717274487410365,0.4108432889849106,-5.117434254131581e-17,0.13548335792542085,0.42928483969236453,1.6653345369377348e-16,5.66002086704467,11.766809908225957,-5.551115123125783e-17,1.3672866446176184,4.352735275186298,0.0,2.014991652949745,5.527621985400345,0.012197057795237299,16.017918107690548,0.9347363842748528,16.96485154976064,18.99583960162892,-0.1812221563266469,0.0,0.4409496824859698,0.2597275261593229,1.0,0.0003410875461106041,0.0,4.242640687119285,0.4532383039000025,0.10271248006107553
1122,185.6043994235486,0.19634954084936207,-2.6020852139652106e-18,0.15772701216073318,0.4174772536384109,-5.0903291998194433e-17,0.13393218433461662,0.43431329973989863,1.1102230246251565e-16,5.6670434053669245,11.75446967939957,0.0,1.367192913623432,4.382877841218114,-5.551115123125783e-17,2.0185038579699324,5.487545246199056,0.012169130583733452,16.057690479156374,0.9346082315310642,17.004467841271172,19.039152685454905,-0.18037861489008936,0.0,0.4409001374149354,0.26052152252484606,1.0,0.0003410875461106041,0.0,4.242640687119285,0.4532383039000025,0.10271248006107553
1123,185.80074896439797,0.19634954084936207,-6.071532165918825e-18,0.15879638195988724,0.4303860373894244,-4.9981720151581754e-17,0.13133086665380664,0.42859677582219713,1.3877787807814457e-16,5.674115291396881,11.734531970332108,0.0,1.3670467310101182,4.403662929935094,0.0,2.0227981792247647,5.498117522128915,0.012118126897997863,16.09779217003196,0.9344083823827251,17.04431867931268,19.083489429641663,-0.18050364766004723,0.0,0.44608924845981934,0.2655856007997721,1.0,0.0003410875461106041,0.0,4.242640687119285,0.4532383039000025,0.10271248006107553
1125,186.19344804609668,0.19634954084936207,-6.071532165918825e-18,0.1613206382855944,0.47506495539717286,-5.036119091195168e-17,0.12667253195717143,0.4203470026071679,1.6653345369377348e-16,5.688415119549049,11.677335743572732,-5.551115123125783e-17,1.3666878717411113,4.412812080210262,5.551115123125783e-17,2.034360779734208,5.6269343913853085,0.012117768805728417,16.17903328615711,0.9339178693821243,17.125068924344966,19.17641521489969,-0.18077020712405645,0.0,0.4570399878730558,0.2762697807489993,1.0,0.0003410875461106041,0.0,4.242640687119285,0.4532383039000025,0.10271248006107553
1126,186.38979758694603,0.19634954084936207,-7.806255641895632e-18,0.16230205291039815,0.4937252341211575,-5.046961112920023e-17,0.12571537890927084,0.42795401106250597,5.551115123125783e-17,5.695622069645874,11.648894914184623,5.551115123125783e-17,1.3665232363672544,4.410388207731224,-5.551115123125783e-17,2.0414646583971052,5.6635327596259595,0.012176362421190306,16.220055380118573,0.9336928777658173,17.16592462030558,19.224863544972187,-0.1809809899852931,0.0,0.46730846689011685,0.28632747690482374,1.0,0.0003410875461106041,0.0,4.242640687119285,0.4532383039000025,0.10271248006107553
1127,186.58614712779539,0.19634954084936207,-6.071532165918825e-18,0.1629631402152853,0.507622442659762,-5.0903291998194433e-17,0.12543151024088925,0.42568831465730156,1.942890293094024e-16,5.70284095549914,11.652690568957182,0.0,1.3663860210566212,4.401084641974417,-5.551115123125783e-17,2.049048907752604,5.676674232276866,0.012216789019369994,16.261197481859174,0.9335053792694727,17.206919650148016,19.274047414535268,-0.18103540669188442,0.0,0.47110124081163657,0.2900658341197522,1.0,0.0003410875461106041,0.0,4.242640687119285,0.4532383039000025,0.10271248006107553
1128,186.78249666864474,0.19634954084936207,-3.469446951953614e-18,0.16331119380668715,0.5149135729213046,-5.1011712215442984e-17,0.1252395983638462,0.4126262741335258,2.498001805406602e-16,5.710049137978235,11.68763310885769,0.0,1.366271862553677,4.385999091303128,-5.551115123125783e-17,2.0564634595169133,5.675623035478047,0.012188278457321218,16.30233057906299,0.9333494012029468,17.247868258723255,19.323058989214836,-0.18101626653918262,0.0,0.4702393604915653,0.28922309395238266,1.0,0.0003410875461106041,0.0,4.242640687119285,0.4532383039000025,0.10271248006107553
1130,187.17519575034345,0.19634954084936207,-5.204170427930421e-18,0.16308578292985876,0.508674328642901,-5.139118297581291e-17,0.12426076539691168,0.3581119465180847,5.551115123125783e-17,5.7243726883130694,11.741957822387441,5.551115123125783e-17,1.3660096277404123,4.369216904103174,0.0,2.066576869776289,5.79218651299092,0.011913434937255446,16.384221337352297,0.9329911515397498,17.329125923829302,19.415216864216532,-0.18084055522871978,0.0,0.4554426168360652,0.2746020616073454,1.0,0.0003398533944095738,0.0,4.242640687119285,0.4604429970432563,0.10600387676308808
1131,187.3715452911928,0.19634954084936207,-5.204170427930421e-18,0.16242672228615918,0.49600104144669127,-5.0306980803327406e-17,0.12413512585628388,0.3461168835953764,2.220446049250313e-16,5.731505242253841,11.750716430509407,5.551115123125783e-17,1.3657830222087102,4.360650302668586,-5.551115123125783e-17,2.0670304792807124,5.8221725910537865,0.011760224578670483,16.42507617099163,0.9326816318767791,17.36951802744708,19.455805709938225,-0.1798783879978232,0.0,0.4270680096483208,0.2471896216504976,1.0,0.0003398533944095738,0.0,4.242640687119285,0.4604429970432563,0.10600387676308808
1132,187.56789483204216,0.19634954084936207,-1.734723475976807e-18,0.16135114064443284,0.47876287051362415,-5.084908188957016e-17,0.12484161962065704,0.33703995545072574,2.220446049250313e-16,5.73863406037187,11.745638487375924,5.551115123125783e-17,1.365407876510074,4.365125825249969,5.551115123125783e-17,2.0635433186982493,5.828350748527005,0.011664797358249284,16.46596043943007,0.9321693346178744,17.409794571406195,19.491680883623,-0.1796124959879557,0.0,0.40343128200991574,0.22381878602196004,1.0,0.0003398533944095738,0.0,4.242640687119285,0.4604429970432563,0.10600387676308808
1133,187.7642443728915,0.19634954084936207,-6.938893903907228e-18,0.15992724712931797,0.46396368712888086,-5.074066167232161e-17,0.126340027661561,0.34577740144377184,1.942890293094024e-16,5.745790456559242,11.727341640977398,1.1102230246251565e-16,1.3648434675083243,4.366343109577518,-5.551115123125783e-17,2.0564709828516583,5.812414522601805,0.011635168861433046,16.507053985343628,0.9313988454000732,17.45008799960513,19.52333652889914,-0.17933560295801432,0.0,0.3822450996019743,0.20290949664395996,1.0,0.0003398533944095738,0.0,4.242640687119285,0.4604429970432563,0.10600387676308808
1135,188.15694345459022,0.19634954084936207,-5.204170427930421e-18,0.15696444938421913,0.42540892251941925,-4.96564594998361e-17,0.12942868058311588,0.34524329445888413,5.551115123125783e-17,5.760284958317123,11.691763655827273,0.0,1.3631927400149089,4.35661282608858,-5.551115123125783e-17,2.037024340013652,5.739100549637811,0.011637784205088892,16.59044140050725,0.9291472232146774,17.531226407927015,19.580730034829866,-0.1790641630134615,0.0,0.3673171982322791,0.1882530352188176,1.0,0.0003398533944095738,0.0,4.242640687119285,0.4604429970432563,0.10600387676308808
1136,188.35329299543957,0.19634954084936207,-6.071532165918825e-18,0.15605909409421576,0.40662836766816957,-5.139118297581291e-17,0.12993767224955652,0.3347337005323072,2.220446049250313e-16,5.767631094592288,11.717807292028509,-5.551115123125783e-17,1.3622696087432469,4.3451002237812695,0.0,2.02838019678181,5.69933074483058,0.011612546751352665,16.632784221653917,0.9278892434527395,17.572286011858008,19.611043335438836,-0.1790880943780533,0.0,0.3754419256630923,0.19635383128503903,1.0,0.0003398533944095738,0.0,4.242640687119285,0.4604429970432563,0.10600387676308808
1137,188.54964253628893,0.19634954084936207,-6.071532165918825e-18,0.15585861734557127,0.3912221258969615,-5.0523821237824507e-17,0.12970893173423592,0.3449912563418115,2.498001805406602e-16,5.775015251407668,11.759842113794276,5.551115123125783e-17,1.361468960242533,4.32958426249764,0.0,2.0227735106223834,5.669435372189204,0.011588177795554435,16.675400576995578,0.9267988648519415,17.613787619643077,19.64532190681943,-0.1793451288818271,0.0,0.3955570526984777,0.21621192381665058,1.0,0.0003398533944095738,0.0,4.242640687119285,0.4604429970432563,0.10600387676308808
1139,188.94234161798764,0.19634954084936207,-3.469446951953614e-18,0.15751578277098177,0.39184028990981756,-5.139118297581291e-17,0.12878762696648768,0.36333413492779887,1.3877787807814457e-16,5.789747524427587,11.83915961394122,5.551115123125783e-17,1.360832620813553,4.321110750037796,5.551115123125783e-17,2.024938331303039,5.663468760953804,0.011712134008351655,16.760588198307683,0.9259327109351414,17.69823304325118,19.73126707049301,-0.1800214916972562,0.0,0.4399033141758134,0.2598818224785572,1.0,0.0003398533944095738,0.0,4.242640687119285,0.4604429970432563,0.10600387676308808
1140,189.138691158837,0.19634954084936207,-6.071532165918825e-18,0.15898027905152548,0.3876719903304949,-5.0415401020575956e-17,0.12858738536021172,0.37425083810778215,1.3877787807814457e-16,5.79703280211704,11.857267505194194,5.551115123125783e-17,1.3611740762085434,4.320423478832881,0.0,2.033537384414985,5.691298761315554,0.011877588494201749,16.80279465441047,0.9263974328710902,17.741069675775762,19.783991167976453,-0.18085281529083835,0.0,0.48977028053427407,0.3089174652434357,1.0,0.0003386312595894191,0.0,4.242640687119285,0.4588281397172317,0.10526163089818774
1141,189.33504069968635,0.19634954084936207,-5.204170427930421e-18,0.16053523445818937,0.39733633041556515,-5.139118297581291e-17,0.12823747669315233,0.3792123640370094,2.220446049250313e-16,5.804264563726831,11.859337519295542,-5.551115123125783e-17,1.3619506543902182,4.315451480138324,-5.551115123125783e-17,2.0467928164514593,5.736398640459976,0.012048995620666124,16.844743562867507,0.9274547924969716,17.784247350985144,19.84282956852099,-0.1807747276810231,0.0,0.5202690858905988,0.33949435820957574,1.0,0.0003386312595894191,0.0,4.242640687119285,0.4588281397172317,0.10526163089818774
1142,189.5313902405357,0.19634954084936207,-1.734723475976807e-18,0.1619834559848527,0.41778380162786793,-5.074066167232161e-17,0.12725942490901287,0.37789274328870126,2.220446049250313e-16,5.811441558217316,11.846609054055431,0.0,1.3630249177118583,4.305938399194467,0.0,2.063548808295798,5.792480815666634,0.012156037259551472,16.88642649228765,0.9289184631517091,17.827500992698912,19.906142550589752,-0.18129949124832026,0.0,0.5432257773011755,0.36192628605285526,1.0,0.0003386312595894191,0.0,4.242640687119285,0.4588281397172317,0.10526163089818774
1144,189.9240893222344,0.19634954084936207,-1.734723475976807e-18,0.16404584805767772,0.4429577754350268,-5.095750210681871e-17,0.12326913664067173,0.35382575921078285,1.942890293094024e-16,5.825755400048471,11.78987815584618,0.0,1.3653156220727136,4.275982005773798,0.0,2.0996568448716206,5.905073980213576,0.012078182439668003,16.96971299059696,0.9320433739379004,17.91383454697453,20.036188814790812,-0.18184412451707854,0.0,0.5523236397493735,0.37047951523229494,1.0,0.0003386312595894191,0.0,4.242640687119285,0.4588281397172317,0.10526163089818774
1145,190.12043886308376,0.19634954084936207,-4.336808689942018e-18,0.1644553086483987,0.4454474191965866,-4.9764879717084654e-17,0.1214725207146518,0.32991292257815336,1.1102230246251565e-16,5.832961221393205,11.77211813917079,-1.1102230246251565e-16,1.3661475590141277,4.264798803148069,0.0,2.1142590036134545,5.948779147305089,0.01197012853811065,17.01171830513846,0.9331795765001296,17.9568680101767,20.096972192954176,-0.18203585671016795,0.0,0.5313414520477628,0.34930559533759487,1.0,0.0003386312595894191,0.0,4.242640687119285,0.4588281397172317,0.10526163089818774
1146,190.31678840393312,0.19634954084936207,-6.071532165918825e-18,0.16432221229301483,0.4437021577879527,-4.9981720151581754e-17,0.1209456021279448,0.3240692115317298,2.220446049250313e-16,5.840233556055365,11.778185151376357,0.0,1.3665839062707026,4.281574410636551,0.0,2.1239038144224214,5.972240830109814,0.011898678758481024,17.05416399463755,0.9337757864390461,17.999838459835075,20.151575447762006,-0.1818827948265201,0.0,0.5003200616195473,0.31843726679302725,1.0,0.0003386312595894191,0.0,4.242640687119285,0.4588281397172317,0.10526163089818774
1147,190.51313794478247,0.19634954084936207,-7.806255641895632e-18,0.16359274997692363,0.4381118843382013,-5.063224145507306e-17,0.12202856391953977,0.3469010409442773,5.551115123125783e-17,5.847581085156658,11.790049157438414,0.0,1.3665732209775765,4.303951803845711,-5.551115123125783e-17,2.127714703630589,5.972235402326073,0.011888849797666828,17.097102273740962,0.9337611841465143,18.042752307685145,20.19884935404402,-0.18152898100874615,0.0,0.46329917449812746,0.2817701934893813,1.0,0.0003386312595894191,0.0,4.242640687119285,0.4588281397172317,0.10526163089818774
1149,190.90583702648118,0.19634954084936207,-4.336808689942018e-18,0.1606170588663296,0.4455225194421006,-5.095750210681871e-17,0.1269381747720202,0.40568023253241364,1.1102230246251565e-16,5.862464038100431,11.798082793581248,5.551115123125783e-17,1.3653887704324303,4.34777244244379,0.0,2.1197337646019876,5.926811964781582,0.011923349817372336,17.184242299010407,0.9321432472114918,18.12830889603927,20.273635376105066,-0.18074094984046732,0.0,0.41286617910574264,0.23212522926527532,1.0,0.0003386312595894191,0.0,4.242640687119285,0.4588281397172317,0.10526163089818774
1150,191.10218656733053,0.19634954084936207,-3.469446951953614e-18,0.1588110665807428,0.4422437305862504,-5.117434254131581e-17,0.12905489057975217,0.4213245180539436,1.942890293094024e-16,5.869953429051395,11.794175207930945,0.0,1.364456447645021,4.366397001932311,0.0,2.1107864915967607,5.890884375086665,0.011872951144267655,17.22817662961611,0.930870698760035,18.170920279520413,20.304754273819437,-0.17990173077091867,0.0,0.3802798500201517,0.20037811924923302,1.0,0.000337207699374854,0.0,4.242640687119285,0.4557854840870463,0.10387020375223156
1151,191.2985361081799,0.19634954084936207,-7.806255641895632e-18,0.15722363278544052,0.4356782633642705,-5.074066167232161e-17,0.13024500862418886,0.4240264560985626,1.3877787807814457e-16,5.877454548021659,11.786012804604038,0.0,1.3635278514159006,4.381833951491762,0.0,2.100896561471927,5.8563553398019454,0.011766055189517878,17.27223598203024,0.9296041007934313,18.213606138013187,20.33492715654785,-0.17869787688348598,0.0,0.3740089566164033,0.19531107973291734,1.0,0.000337207699374854,0.0,4.242640687119285,0.4557854840870463,0.10387020375223156
1153,191.6912351898786,0.19634954084936207,-5.204170427930421e-18,0.15578586264366948,0.4312349617737164,-5.117434254131581e-17,0.1302000914172367,0.39422058011139927,1.1102230246251565e-16,5.892366348703443,11.761222048958915,0.0,1.3622050156057173,4.402283923215093,0.0,2.084393606069768,5.820380702633744,0.011566804841373634,17.359990593666378,0.9278012522706863,18.299358650778437,20.400228013405748,-0.17831516443332993,0.0,0.38607341773665665,0.20775825330332673,1.0,0.000337207699374854,0.0,4.242640687119285,0.4557854840870463,0.10387020375223156
1154,191.88758473072795,0.19634954084936207,-5.204170427930421e-18,0.1561059472923776,0.4329690533074798,-4.9981720151581754e-17,0.12952143381257095,0.3692207227119638,1.6653345369377348e-16,5.899777906873509,11.763970155307858,0.0,1.3619751599532783,4.407635828297957,0.0,2.0802812391096523,5.827959700217791,0.01155517700954532,17.403689675216384,0.9274881681648788,18.342733020390806,20.43866509767941,-0.17820380512560333,0.0,0.41525283266553487,0.23704902753993154,1.0,0.000337207699374854,0.0,4.242640687119285,0.4557854840870463,0.10387020375223156
1155,192.0839342715773,0.19634954084936207,-3.469446951953614e-18,0.15695672818439915,0.44573465157686326,-5.0415401020575956e-17,0.12857747502900815,0.36642330512006205,8.326672684688674e-17,5.907186010640215,11.769196564773589,0.0,1.3620364759094152,4.410138420997409,0.0,2.0801348812326714,5.853244762396583,0.011593562523864946,17.44742328215172,0.9275716808538694,18.386588525529454,20.482439709895964,-0.1782755474490194,0.0,0.44232567980539805,0.26405013235637864,1.0,0.000337207699374854,0.0,4.242640687119285,0.4557854840870463,0.10387020375223156
1156,192.28028381242666,0.19634954084936207,-6.938893903907228e-18,0.1580965867335175,0.46162314372762875,-5.074066167232161e-17,0.1273065586922451,0.3913317668367442,1.3877787807814457e-16,5.914620102222023,11.797633278513898,5.551115123125783e-17,1.3623234132532898,4.410082665962798,-5.551115123125783e-17,2.0842952664543133,5.892517792618031,0.01163472844944527,17.49136547680443,0.9279625411490469,18.43096274640292,20.53188271214821,-0.1784147945695161,0.0,0.47109119010477446,0.29267639553525837,1.0,0.000337207699374854,0.0,4.242640687119285,0.4557854840870463,0.10387020375223156
1158,192.67298289412537,0.19634954084936207,-5.204170427930421e-18,0.16037322153544206,0.4845749223431231,-5.074066167232161e-17,0.1239453403637835,0.4433416454881578,1.1102230246251565e-16,5.929651712777036,11.850018325389257,-5.551115123125783e-17,1.3632106410915825,4.415753156867384,-1.1102230246251565e-16,2.1033630538162935,5.9863780575094,0.011594089321806498,17.580384717419822,0.9291716259926617,18.52115043273429,20.644838815489987,-0.17865633092322578,0.0,0.5068771029977078,0.3282207720744821,1.0,0.000337207699374854,0.0,4.242640687119285,0.4557854840870463,0.10387020375223156
1159,192.86933243497472,0.19634954084936207,-5.204170427930421e-18,0.1612470817589464,0.4897520875867818,-5.0090140368830305e-17,0.12248603640187958,0.46235404492550136,1.3877787807814457e-16,5.9372528621167975,11.872274770225179,0.0,1.3636585203585405,4.419050209316947,0.0,2.11553543800914,6.025773075698361,0.011538641439390554,17.625485774357056,0.9297822800732221,18.56680669586967,20.704971327100473,-0.1788220922181062,0.0,0.5257177466845361,0.3468956544664299,1.0,0.000337207699374854,0.0,4.242640687119285,0.4557854840870463,0.10387020375223156
1160,193.06568197582408,0.19634954084936207,-6.071532165918825e-18,0.1618652999654805,0.4895555693557151,-5.095750210681871e-17,0.12176855845664478,0.4701978658562399,1.6653345369377348e-16,5.944885918026522,11.891777102357768,1.1102230246251565e-16,1.364058990248891,4.42029245936483,-1.1102230246251565e-16,2.1272143802914902,6.051717860470178,0.011516860382059136,17.67083428917502,0.9303284644394125,18.61267961399649,20.764769153760014,-0.17881662431598394,0.0,0.524349962091494,0.34553333777551004,1.0,0.00033428101556751355,0.0,4.242640687119285,0.443761783707245,0.09846226033951784
1161,193.26203151667343,0.19634954084936207,-5.204170427930421e-18,0.1621906217257526,0.48453678164687314,-5.139118297581291e-17,0.12201331306037227,0.4658731495329854,1.3877787807814457e-16,5.952555902931662,11.914934153266442,0.0,1.3644480457176436,4.41902127641541,-1.1102230246251565e-16,2.137153268464467,6.061069471526832,0.011553725532824929,17.716460888763287,0.9308592347313482,18.658873849027458,20.822937588844066,-0.17717044739945215,0.0,0.5145265019645875,0.33735605456513534,1.0,0.00033428101556751355,0.0,4.242640687119285,0.443761783707245,0.09846226033951784
1163,193.65473059837214,0.19634954084936207,-4.336808689942018e-18,0.16178698804665265,0.46641764110749906,-5.171644362755856e-17,0.12439246661990405,0.42090597430865206,1.6653345369377348e-16,5.967809798730662,11.941726249380212,5.551115123125783e-17,1.3651632569268595,4.406975369878528,0.0,2.1498892044276676,6.032845119750946,0.011702867603248512,17.80737689691285,0.9318353590315751,18.75091512354767,20.930696852234195,-0.1768382873764542,0.0,0.4929915144468801,0.3161532270704259,1.0,0.00033428101556751355,0.0,4.242640687119285,0.443761783707245,0.09846226033951784
1164,193.8510801392215,0.19634954084936207,-6.938893903907228e-18,0.1610153542792423,0.4573399181135803,-5.0306980803327406e-17,0.12564718085619944,0.3833382505284926,1.6653345369377348e-16,5.975383495551117,11.949709825962673,5.551115123125783e-17,1.3655241033255547,4.401161361738985,0.0,2.153342855511497,6.0039289116391865,0.011717716992085344,17.852603959452345,0.93232803838153,18.79664971482596,20.98093682562074,-0.17634360219430872,0.0,0.47427682238082153,0.2979332201865128,1.0,0.00033428101556751355,0.0,4.242640687119285,0.443761783707245,0.09846226033951784
1165,194.04742968007085,0.19634954084936207,-4.336808689942018e-18,0.15993297633930775,0.44482249803728036,-5.095750210681871e-17,0.126595138041445,0.33926413675910894,1.3877787807814457e-16,5.98294065019516,11.959693131006164,-5.551115123125783e-17,1.3658900826913218,4.398928874290477,-1.1102230246251565e-16,2.1557498167280027,5.973712709992793,0.01166109541372463,17.89778941187884,0.932827858997253,18.84227836628982,21.029865688814233,-0.17598829757872986,0.0,0.4672568862235858,0.29126858864485594,1.0,0.00033428101556751355,0.0,4.242640687119285,0.443761783707245,0.09846226033951784
1167,194.44012876176956,0.19634954084936207,-4.336808689942018e-18,0.15751859996220297,0.41163320326107,-5.139118297581291e-17,0.1280112306027688,0.33121648945373044,1.6653345369377348e-16,5.998111620775132,11.970632021214715,0.0,1.366581474987098,4.412476523284613,0.0,2.159730863107877,5.9333649304293825,0.0114702771021087,17.98867150763884,0.9337724638889557,18.933914248629907,21.12708481080525,-0.1755832028622153,0.0,0.46516409529863123,0.28958089243641594,1.0,0.00033428101556751355,0.0,4.242640687119285,0.443761783707245,0.09846226033951784
1168,194.6364783026189,0.19634954084936207,-5.204170427930421e-18,0.15662696810876375,0.3948716207608651,-5.0306980803327406e-17,0.12879589175463424,0.3344308763007965,2.7755575615628914e-16,6.005771668046274,11.969891329943463,1.1102230246251565e-16,1.3668721795580252,4.4217730193911144,-5.551115123125783e-17,2.1620817365419764,5.929906433518471,0.011430870083448615,18.034646664353662,0.9341697776248532,18.980247312061962,21.17655839726867,-0.17541955081028357,0.0,0.4693490162047422,0.29392946539445863,1.0,0.00033428101556751355,0.0,4.242640687119285,0.443761783707245,0.09846226033951784
1169,194.83282784346827,0.19634954084936207,-6.938893903907228e-18,0.15617985124727282,0.3805182274049363,-5.171644362755856e-17,0.12951540073993834,0.3670396646770578,1.942890293094024e-16,6.0134949665297555,11.964531151456471,5.551115123125783e-17,1.3671084084653689,4.421128454131559,-1.1102230246251565e-16,2.1650124401868207,5.937224975953859,0.011446946647457877,18.081060856239347,0.934492700248357,19.02700050313516,21.227058497247715,-0.17551969410316653,0.0,0.4746140948639934,0.2990944007608269,1.0,0.00033428101556751355,0.0,4.242640687119285,0.443761783707245,0.09846226033951784
1170,195.02917738431762,0.19634954084936207,-6.938893903907228e-18,0.15622585046575205,0.3813364186737097,-4.9873299934333204e-17,0.12979913465212112,0.394524773154343,2.220446049250313e-16,6.021274581846321,11.970975711681461,0.0,1.3672833681820242,4.410081093117642,-1.1102230246251565e-16,2.168601580596163,5.951849259891587,0.011483589097210443,18.12787379499429,0.9347319044535902,19.07408928854509,21.278586053147006,-0.17578855735267174,0.0,0.4799975297823299,0.30420897242965816,1.0,0.00033323400530153754,0.0,4.242640687119285,0.45235664757509464,0.10231326830268919
1172,195.42187646601633,0.19634954084936207,-5.204170427930421e-18,0.1574680273634342,0.3782137129130636,-5.139118297581291e-17,0.12778548336755965,0.38694032037170345,1.6653345369377348e-16,6.036941252851321,12.011348218717336,5.551115123125783e-17,1.367469265071274,4.371314549875034,-1.1102230246251565e-16,2.176562026406227,5.984181624381219,0.011446751059675747,18.222329845189044,0.9349860954572851,19.168762691706007,21.382852795957554,-0.17595433109560146,0.0,0.48294111754565766,0.30698678645005617,1.0,0.00033323400530153754,0.0,4.242640687119285,0.45235664757509464,0.10231326830268919
1173,195.61822600686568,0.19634954084936207,-5.204170427930421e-18,0.15837783920999113,0.3941482381748911,-5.0415401020575956e-17,0.1255595874628632,0.35450783929397317,1.6653345369377348e-16,6.044759381992571,12.037763058577008,0.0,1.3674744625782627,4.343855221382411,0.0,2.179381265738098,5.993825818937066,0.011359024457738164,18.269557993093603,0.934993202901854,19.215910220453196,21.433323152746603,-0.17686734938370957,0.0,0.4754333061083052,0.2985659567245956,1.0,0.00033323400530153754,0.0,4.242640687119285,0.45235664757509464,0.10231326830268919
1174,195.81457554771504,0.19634954084936207,-6.938893903907228e-18,0.1593019765822875,0.41450382753616044,-5.0415401020575956e-17,0.12312653451238653,0.3118437179628395,2.220446049250313e-16,6.052534046015366,12.065688615269273,0.0,1.3674298814984867,4.3300872172682485,0.0,2.1801344988600255,5.996548339108882,0.01127401275186846,18.316584189087568,0.9349322404074825,19.26279044224692,21.481029019596704,-0.17749408030001187,0.0,0.462265300800372,0.2847712205003601,1.0,0.00033323400530153754,0.0,4.242640687119285,0.45235664757509464,0.10231326830268919
1175,196.0109250885644,0.19634954084936207,-5.204170427930421e-18,0.16013866091918924,0.4305000467878864,-5.0306980803327406e-17,0.1211095388354698,0.2976641159543737,2.498001805406602e-16,6.060254293139041,12.083407928531253,8.326672684688674e-17,1.36734178561301,4.338118044898966,-5.551115123125783e-17,2.178168894568319,5.992943131859633,0.011237201377995082,18.36334104875509,0.9348117793416868,19.30939002947477,21.525195136797997,-0.17804337641106255,0.0,0.4452139755039317,0.26717059909286917,1.0,0.00033323400530153754,0.0,4.242640687119285,0.45235664757509464,0.10231326830268919
1177,196.4036241702631,0.19634954084936207,-4.336808689942018e-18,0.16116506086239138,0.4443487793869351,-5.095750210681871e-17,0.11975791267137348,0.3129267245582869,1.6653345369377348e-16,6.075573125060357,12.100913099133857,0.0,1.3670509657675172,4.3517624599152365,0.0,2.166853052207603,5.976763386101317,0.011331232019259733,18.456294398977835,0.9344141715029508,19.402039802500045,21.60417205446558,-0.178560834179472,0.0,0.4224832110652479,0.2439223768857759,1.0,0.00033323400530153754,0.0,4.242640687119285,0.45235664757509464,0.10231326830268919
1178,196.59997371111245,0.19634954084936207,-5.204170427930421e-18,0.16114682793881943,0.4452043287691039,-5.0306980803327406e-17,0.1203667783480856,0.3159611336671069,1.6653345369377348e-16,6.083228765621992,12.101263298452047,0.0,1.3668629855718184,4.354128177012972,-5.551115123125783e-17,2.159639376009017,5.970832402927037,0.011391842679227633,18.502836107445432,0.9341572106631524,19.44838516078781,21.641833774741293,-0.17868565919632048,0.0,0.4134883426429206,0.23480268344660013,1.0,0.00033323400530153754,0.0,4.242640687119285,0.45235664757509464,0.10231326830268919
1179,196.7963232519618,0.19634954084936207,-3.469446951953614e-18,0.16066102466159835,0.43916917543611605,-5.084908188957016e-17,0.1215507127725002,0.3197632117089928,1.1102230246251565e-16,6.090927950504022,12.094599574822503,0.0,1.3666786553507213,4.351963507720353,-1.1102230246251565e-16,2.1534758174846456,5.970288915763631,0.011409204931567388,18.54970164911556,0.9339052734956275,19.495016127542755,21.681035087090997,-0.178500220092884,0.0,0.4209450200469164,0.24244479995403243,1.0,0.00033323400530153754,0.0,4.242640687119285,0.45235664757509464,0.10231326830268919
1181,197.18902233366052,0.19634954084936207,-5.204170427930421e-18,0.15836070837170962,0.4277398581343613,-4.9981720151581754e-17,0.125228658347373,0.3489265983262656,1.3877787807814457e-16,6.1065719265851035,12.107546726586406,-2.7755575615628914e-17,1.3665997399470817,4.333841693272986,-5.551115123125783e-17,2.1500554707348893,5.990685504334419,0.011330596472361223,18.645110347278653,0.9337974246117158,19.59023836836273,21.77217519532844,-0.17709044621695116,0.0,0.45122477940176897,0.27413433318481784,1.0,0.0003301436082465101,0.0,4.242640687119285,0.4372184474844406,0.09557998541035229
1182,197.38537187450987,0.19634954084936207,-6.071532165918825e-18,0.1568518465495176,0.4274493454459475,-5.003593026020603e-17,0.12755985830485142,0.3652358652416949,1.1102230246251565e-16,6.114508560911465,12.12445644696119,0.0,1.366875038006681,4.319918364830403,-1.1102230246251565e-16,2.154610625610275,6.010709706803261,0.011298791054525859,18.693607470729795,0.9341736847628827,19.639079946547202,21.82668730726811,-0.17554567200974575,0.0,0.49446876035698595,0.3189230883472402,1.0,0.0003301436082465101,0.0,4.242640687119285,0.4372184474844406,0.09557998541035229
1183,197.58172141535923,0.19634954084936207,-5.204170427930421e-18,0.1554577954490234,0.4254727677703424,-4.9873299934333204e-17,0.1298349625878656,0.3839724289712938,1.6653345369377348e-16,6.122477142287071,12.140138411385239,0.0,1.3674598430352225,4.305326035286186,-1.1102230246251565e-16,2.1637296520194513,6.0346326480200165,0.01129931460188309,18.742363178913827,0.9349732111569575,19.688635704672667,21.887674937727244,-0.17504572602521717,0.0,0.5266295033251507,0.3515837772999335,1.0,0.0003301436082465101,0.0,4.242640687119285,0.4372184474844406,0.09557998541035229
1184,197.77807095620858,0.19634954084936207,-3.469446951953614e-18,0.15446695446176933,0.4196821877462885,-4.9276988739466177e-17,0.1315087356398045,0.39371347447469285,1.6653345369377348e-16,6.130445138734461,12.163686992851819,5.551115123125783e-17,1.3683975633634737,4.303040974977359,0.0,2.1770966277076917,6.0595817376058845,0.01131445230886512,18.791178799516498,0.9362559457095461,19.73874919753491,21.95473756936602,-0.1746069958663713,0.0,0.5568493461033134,0.3822423502369421,1.0,0.0003301436082465101,0.0,4.242640687119285,0.4372184474844406,0.09557998541035229
1186,198.1707700379073,0.19634954084936207,-6.071532165918825e-18,0.1543781866615555,0.4124798916693021,-4.9873299934333204e-17,0.1311113053819161,0.41101328973687645,1.942890293094024e-16,6.14628660554058,12.166377929009812,2.7755575615628914e-17,1.371196491079103,4.339769080222739,0.0,2.2124507536535436,6.100716234847801,0.011249903381250991,18.888419518723772,0.9400899085738219,19.839759330678845,22.101482590335046,-0.17419616686495304,0.0,0.5882961951227849,0.4141000282578318,1.0,0.0003301436082465101,0.0,4.242640687119285,0.4372184474844406,0.09557998541035229
1187,198.36711957875664,0.19634954084936207,-4.7704895589362195e-18,0.15525665857230875,0.42155332669533196,-5.0090140368830305e-17,0.12890882759216074,0.4129921886049787,2.498001805406602e-16,6.154151477833846,12.14488698152861,2.7755575615628914e-17,1.3728296130758826,4.353270581010809,0.0,2.2309743640982647,6.112097491706258,0.011151078675354453,18.936790206062255,0.9423305732690388,19.89027185800665,22.176459016856874,-0.17406612238841063,0.0,0.5963923999915328,0.4223262776031222,1.0,0.0003301436082465101,0.0,4.242640687119285,0.4372184474844406,0.09557998541035229
1188,198.563469119606,0.19634954084936207,-5.637851296924623e-18,0.15653097176904493,0.44086689576280186,-5.0090140368830305e-17,0.12602127420844997,0.409777976161232,1.942890293094024e-16,6.161999588154211,12.111335277345738,2.7755575615628914e-17,1.3743948236304846,4.3599575552926,-1.1102230246251565e-16,2.2472280971553076,6.115615372180622,0.011053456619951668,18.985119462206335,0.9444805656111352,19.94065348443742,22.248643262622505,-0.1741159968954266,0.0,0.5826077011975856,0.4084917043021591,1.0,0.0003301436082465101,0.0,4.242640687119285,0.4372184474844406,0.09557998541035229
1189,198.75981866045535,0.19634954084936207,-6.071532165918825e-18,0.15797834911110414,0.4569844161823039,-4.9764879717084654e-17,0.12326701296387524,0.4110520507767086,1.1102230246251565e-16,6.169858692844559,12.069691917145429,0.0,1.3757180439474923,4.360565522879611,5.551115123125783e-17,2.2592911191117846,6.111459342109322,0.01101034565719301,19.03357814483478,0.9463000682213571,19.990888558713333,22.31537564437698,-0.1741903826546518,0.0,0.5555534664504305,0.38136308379577866,1.0,0.0003301436082465101,0.0,4.242640687119285,0.4372184474844406,0.09557998541035229
1191,199.15251774215406,0.19634954084936207,-6.071532165918825e-18,0.1606387855629531,0.48274501904305517,-5.063224145507306e-17,0.12045064460750474,0.3974888704048489,1.1102230246251565e-16,6.185727940664079,12.035199588077756,0.0,1.3771654287396884,4.36612975441408,-5.551115123125783e-17,2.2668549447901425,6.087403661059872,0.011162550393979169,19.131615077956134,0.9482923090578846,20.091069937407998,22.426792708460155,-0.17392320508283582,0.0,0.5002065026541926,0.3262832975713568,1.0,0.00032909208502600974,0.0,4.242640687119285,0.44663923894202306,0.09974330488135479
1192,199.34886728300341,0.19634954084936207,-6.938893903907228e-18,0.16157341748259546,0.4877919893996584,-5.117434254131581e-17,0.1204080880159519,0.3832394748424842,2.220446049250313e-16,6.193768055162925,12.072127799082546,2.7755575615628914e-17,1.3772192455722398,4.369503175866457,-5.551115123125783e-17,2.2626830771147253,6.073701435855988,0.011292227647478573,19.18138136057836,0.9483664251872848,20.14104001341312,22.471734809614976,-0.17348884521119906,0.0,0.4457685821456426,0.2722797369344435,1.0,0.00032909208502600974,0.0,4.242640687119285,0.44663923894202306,0.09974330488135479
1193,199.54521682385277,0.19634954084936207,-8.673617379884035e-18,0.16209711890779216,0.4869972054187473,-4.954803928258755e-17,0.12075719272115104,0.3650832859217179,1.6653345369377348e-16,6.201872291285105,12.10042964284506,-5.551115123125783e-17,1.376903443819185,4.371259225224023,0.0,2.2547304602609315,6.063722419940007,0.01138146308235832,19.231609958704976,0.9479315468005656,20.1909229685879,22.511483066464155,-0.17326939660219473,0.0,0.4193608368608453,0.24609144025865057,1.0,0.00032909208502600974,0.0,4.242640687119285,0.44663923894202306,0.09974330488135479
1195,199.93791590555148,0.19634954084936207,-5.204170427930421e-18,0.16158446520407382,0.4738489234607792,-5.0523821237824507e-17,0.12163370158613782,0.32507777939140725,1.6653345369377348e-16,6.21819444008226,12.123598132825629,0.0,1.375760618415375,4.384149715497429,5.551115123125783e-17,2.2341912674007345,6.066520844937457,0.011345889413417281,19.33297104733496,0.9463586395913277,20.290675576339705,22.584769083150057,-0.17285647237358795,0.0,0.4030760493075704,0.23021957693398246,1.0,0.00032909208502600974,0.0,4.242640687119285,0.44663923894202306,0.09974330488135479
1196,200.13426544640083,0.19634954084936207,-6.071532165918825e-18,0.1605169349777682,0.4649627397716686,-5.0306980803327406e-17,0.12233900322191366,0.3465785694598553,8.326672684688674e-17,6.22636018018609,12.118499134210863,2.7755575615628914e-17,1.3752864703425813,4.385259017963698,-5.551115123125783e-17,2.2248611005753287,6.081888216321807,0.011268411555011796,19.38378054670347,0.9457064377536777,20.34075539601216,22.62296370131622,-0.17244606977158203,0.0,0.4102701503187215,0.23782408054713947,1.0,0.00032909208502600974,0.0,4.242640687119285,0.44663923894202306,0.09974330488135479
1197,200.3306149872502,0.19634954084936207,-6.938893903907228e-18,0.1590451889753455,0.45234281547093924,-5.063224145507306e-17,0.12347467735614802,0.368066883241973,2.220446049250313e-16,6.2344999066460005,12.104675947179855,0.0,1.3750824968155553,4.3846996884719225,-5.551115123125783e-17,2.2179866239969463,6.105700702254343,0.011207588073821256,19.4344945429845,0.9454259365242506,20.39112806758257,22.664809463448748,-0.17222028679655743,0.0,0.4283886209616468,0.2561683341650894,1.0,0.00032909208502600974,0.0,4.242640687119285,0.44663923894202306,0.09974330488135479
1198,200.52696452809954,0.19634954084936207,-5.204170427930421e-18,0.1574073787129827,0.4379978842233537,-5.0523821237824507e-17,0.1249761101159956,0.3747636410396037,1.3877787807814457e-16,6.242605878796009,12.08517845533451,0.0,1.3752357769683687,4.384384524029534,-5.551115123125783e-17,2.2145850477050484,6.135561962124166,0.011184401301576075,19.485064078989243,0.9456367211268961,20.441885201417715,22.71170639459468,-0.17205923476755014,0.0,0.4536856818798283,0.28162644711227813,1.0,0.00032909208502600974,0.0,4.242640687119285,0.44663923894202306,0.09974330488135479
1200,200.91966360979825,0.19634954084936207,-6.071532165918825e-18,0.15484744278428905,0.40524697186120434,-5.0523821237824507e-17,0.12757627305607705,0.3447649983339067,2.220446049250313e-16,6.258759606544078,12.065750238641405,5.551115123125783e-17,1.3765936255513331,4.390962970470967,-5.551115123125783e-17,2.220138559227145,6.199875784433166,0.011196587894804648,19.586035906253887,0.947505004954282,20.544737499102975,22.823076614042403,-0.17199956805745384,0.0,0.4979677088157987,0.3259681407583449,1.0,0.0003245711736210004,0.0,4.242640687119285,0.4221446049078343,0.08910303372639575
1201,201.1160131506476,0.19634954084936207,-6.071532165918825e-18,0.1544180659581478,0.384325884559074,-5.0306980803327406e-17,0.12794245040989677,0.3396573069062968,2.220446049250313e-16,6.26690361761855,12.049675654543847,2.7755575615628914e-17,1.3776825313758334,4.399608022091138,5.551115123125783e-17,2.228707002722495,6.2273001043591005,0.011186175901661724,19.637040476260236,0.9490045786290622,20.59723123079096,22.887362233495775,-0.1698328726645798,0.0,0.5387061730925851,0.36887330042800526,1.0,0.0003245711736210004,0.0,4.242640687119285,0.4221446049078343,0.08910303372639575
1202,201.31236269149696,0.19634954084936207,-4.336808689942018e-18,0.1546620188117345,0.3855132162226555,-5.084908188957016e-17,0.12758260045186495,0.33533972378279236,1.6653345369377348e-16,6.275090768603822,12.088226476270732,0.0,1.378838625556994,4.411018459911179,-1.6653345369377348e-16,2.2397404639916623,6.247329767186912,0.011159651776412463,19.688382077108447,0.9505979776639502,20.65013970654881,22.955175767643983,-0.17015338379473222,0.0,0.5569813277164458,0.3868279439217136,1.0,0.0003245711736210004,0.0,4.242640687119285,0.4221446049078343,0.08910303372639575
1203,201.5087122323463,0.19634954084936207,-5.204170427930421e-18,0.1554660356936164,0.38799652986948935,-5.084908188957016e-17,0.1267681818293557,0.3391830863749136,1.1102230246251565e-16,6.283332330425959,12.139033085407094,-2.7755575615628914e-17,1.379946785183558,4.423700809903343,1.1102230246251565e-16,2.251754645944883,6.257875775032609,0.011137746387765055,19.74013258728806,0.9521265649692185,20.703396898645043,23.024531189708537,-0.17054056314245838,0.0,0.5654001427152249,0.3948595795727665,1.0,0.0003245711736210004,0.0,4.242640687119285,0.4221446049078343,0.08910303372639575
1205,201.90141131404502,0.19634954084936207,-6.5052130349130266e-18,0.15788591650874476,0.3956832421570953,-5.106592232406726e-17,0.12496528976461746,0.34135080880444235,2.7755575615628914e-17,6.299943597328984,12.231424824904035,0.0,1.3817725807076546,4.44508984044725,0.0,2.2732397772680373,6.248070037243752,0.011174250500489024,19.84464466476323,0.954647732397746,20.810466647661464,23.160371532996688,-0.17114504713277923,0.0,0.5592472993940634,0.38810225226128414,1.0,0.0003245711736210004,0.0,4.242640687119285,0.4221446049078343,0.08910303372639575
1206,202.09776085489437,0.19634954084936207,-4.336808689942018e-18,0.15906935346744644,0.412052743658354,-4.9873299934333204e-17,0.12408880495210818,0.3397331904037011,1.1102230246251565e-16,6.308266342482996,12.27086950813325,5.551115123125783e-17,1.3824894510949768,4.450308744486385,-5.551115123125783e-17,2.281058857389841,6.2299778743297125,0.01121247079471198,19.897112123851905,0.9556385411944448,20.86396313584106,23.2244736449722,-0.17164666090289468,0.0,0.5408885818594656,0.36924192095657093,1.0,0.0003245711736210004,0.0,4.242640687119285,0.4221446049078343,0.08910303372639575
1207,202.29411039574373,0.19634954084936207,-5.637851296924623e-18,0.16002604168109216,0.4247217071924104,-5.074066167232161e-17,0.12300940748143328,0.3397270274048696,5.551115123125783e-17,6.3165661095541354,12.304709743267054,2.7755575615628914e-17,1.383134345775207,4.4505367488493075,-5.551115123125783e-17,2.2867315168927003,6.206970301207004,0.01122135202785128,19.949503708183936,0.9565303092315047,20.917255369443293,23.285653756869394,-0.1718371548443748,0.0,0.5264383497972397,0.3546011949528649,1.0,0.0003245711736210004,0.0,4.242640687119285,0.4221446049078343,0.08910303372639575
1209,202.68680947744244,0.19634954084936207,-6.071532165918825e-18,0.16089872441254618,0.43303252610719756,-4.9981720151581754e-17,0.12019836796855958,0.3109500174792045,8.326672684688674e-17,6.333051647756745,12.352448751262584,2.7755575615628914e-17,1.3844307040824348,4.436655684986083,-5.551115123125783e-17,2.2932333542372407,6.1638849974130645,0.011084108651999958,20.05377158657721,0.9583241872030932,21.023179882432302,23.40141225822167,-0.17183145537970493,0.0,0.5096559170025478,0.33782446162284285,1.0,0.0003245711736210004,0.0,4.242640687119285,0.4221446049078343,0.08910303372639575
1210,202.8831590182918,0.19634954084936207,-4.7704895589362195e-18,0.16069685899903427,0.43278695623355734,-4.9873299934333204e-17,0.1192044722305991,0.3239347095259607,1.942890293094024e-16,6.341251792953538,12.364944114831747,2.7755575615628914e-17,1.3851521934563202,4.424413689425956,5.551115123125783e-17,2.2950939410478126,6.152811961483916,0.010979864791068706,20.105737150818225,0.9593232995184275,21.07604031512772,23.457576788169433,-0.1715455020473824,0.0,0.5004478965722396,0.32890239452485726,1.0,0.00032319355310476354,0.0,4.242640687119285,0.43677213612225196,0.0953849494463975
1211,203.07950855914115,0.19634954084936207,-6.5052130349130266e-18,0.16004082665913727,0.428132278586755,-5.0523821237824507e-17,0.1192432957809984,0.3426811152716537,1.1102230246251565e-16,6.349467796179568,12.369397205525576,0.0,1.3859422510024546,4.410470558200845,-1.1102230246251565e-16,2.296671302764913,6.153111586269991,0.010912255018247429,20.157870647360706,0.9604179615568755,21.12920086393583,23.513787575187553,-0.1705097817177433,0.0,0.49929948004604374,0.3287896983283004,1.0,0.00032319355310476354,0.0,4.242640687119285,0.43677213612225196,0.0953849494463975
1212,203.2758580999905,0.19634954084936207,-3.469446951953614e-18,0.15898148864550332,0.41978346015071377,-4.9439619065339e-17,0.12057793894137868,0.3579546266105482,1.1102230246251565e-16,6.357711817916176,12.365892731385006,0.0,1.3867555581547608,4.396066311883918,0.0,2.298313774379102,6.16563554031542,0.010913058625794031,20.210249779835507,0.9615454890365612,21.18270832749786,23.570460292019614,-0.1701888980422806,0.0,0.501179361623944,0.33099046358166345,1.0,0.00032319355310476354,0.0,4.242640687119285,0.43677213612225196,0.0953849494463975
1214,203.6685571816892,0.19634954084936207,-5.204170427930421e-18,0.15629016041725624,0.4182122160287033,-5.0306980803327406e-17,0.1255452178690447,0.3746601369992424,1.3877787807814457e-16,6.374366196666513,12.341706952652492,2.7755575615628914e-17,1.3882788826724184,4.401004799808199,0.0,2.3028973120448395,6.219895115571359,0.011068730092756381,20.316272204602345,0.963659128037089,21.29100006273219,23.68655991882158,-0.16982934444534106,0.0,0.5076381364946151,0.33780879204927405,1.0,0.00032319355310476354,0.0,4.242640687119285,0.43677213612225196,0.0953849494463975
1215,203.86490672253856,0.19634954084936207,-6.071532165918825e-18,0.15514819711749875,0.4190020941647451,-5.025277069470313e-17,0.12757966849985922,0.380480820845311,1.3877787807814457e-16,6.382788909378893,12.336189211577699,2.7755575615628914e-17,1.3889068941743168,4.407551860723359,-1.6653345369377348e-16,2.305955330166212,6.2577076720398725,0.011133814746092565,20.369997130845096,0.9645311803424734,21.34566212593366,23.745899402151053,-0.16973207387757502,0.0,0.5139721009896125,0.3442400271120375,1.0,0.00032319355310476354,0.0,4.242640687119285,0.43677213612225196,0.0953849494463975
1216,204.06125626338792,0.19634954084936207,-6.071532165918825e-18,0.15446744236079957,0.4179031877075684,-5.057803134644878e-17,0.12844203148357433,0.3835510658489422,1.6653345369377348e-16,6.391261434707556,12.328171506032925,5.551115123125783e-17,1.3894152214940272,4.404983408721541,-5.551115123125783e-17,2.309123730151942,6.298224811275084,0.01113997570316555,20.42411136339005,0.9652373288596483,21.400488667952864,23.805380145123227,-0.1698746802980127,0.0,0.5148533393556136,0.34497865905760094,1.0,0.00032319355310476354,0.0,4.242640687119285,0.43677213612225196,0.0953849494463975
1217,204.25760580423727,0.19634954084936207,-5.204170427930421e-18,0.15437432209420657,0.4202898923074523,-5.025277069470313e-17,0.1280200104273008,0.38064798038850434,2.220446049250313e-16,6.399760233729781,12.322773461350316,-2.7755575615628914e-17,1.3898088803892197,4.3921533814395985,5.551115123125783e-17,2.3117506690101988,6.32169829327326,0.011089578633034256,20.478465524614535,0.965784362004368,21.455339465251935,23.864055439286957,-0.17013791434812112,0.0,0.5111892605998634,0.34105134625174227,1.0,0.00032319355310476354,0.0,4.242640687119285,0.43677213612225196,0.0953849494463975
1219,204.65030488593598,0.19634954084936207,-6.938893903907228e-18,0.1557081863880573,0.43174236851249415,-5.0415401020575956e-17,0.12492950204191913,0.37095105280042856,1.3877787807814457e-16,6.416730059246971,12.35718811779765,8.326672684688674e-17,1.3903807834990933,4.36295577404783,0.0,2.312756989719214,6.3196974154084735,0.010958268799482912,20.58721232662182,0.9665793615617764,21.564749956983082,23.975517439788526,-0.17059878430365025,0.0,0.4972377601289171,0.3266389758252668,1.0,0.00032319355310476354,0.0,4.242640687119285,0.43677213612225196,0.0953849494463975
1220,204.84665442678534,0.19634954084936207,-3.469446951953614e-18,0.15674565755427736,0.4505159881560661,-5.084908188957016e-17,0.12334644475600763,0.3621767367329939,1.3877787807814457e-16,6.425163236509711,12.379589073947512,0.0,1.3906539537619242,4.35260716064863,-1.1102230246251565e-16,2.3106906194553236,6.303285039638383,0.010935536195799615,20.641361307897977,0.966959209556836,21.619256053650613,24.02782387069393,-0.17093584855187585,0.0,0.4808363230807594,0.3099004745288836,1.0,0.0003195137920638575,0.0,4.242640687119285,0.4195450042935418,0.08800900531383402
1221,205.0430039676347,0.19634954084936207,-5.204170427930421e-18,0.157741325893066,0.46647944475979414,-5.149960319306146e-17,0.12212974903992849,0.34960552680349,2.498001805406602e-16,6.433597951976284,12.393459259244477,0.0,1.3910241673964188,4.355834877104334,0.0,2.307620679982148,6.2729551755654525,0.010934462774313376,20.69559130383671,0.96747411714045,21.673999883751474,24.079254565615862,-0.16907434476379882,0.0,0.4743685501632847,0.30529420539948593,1.0,0.0003195137920638575,0.0,4.242640687119285,0.4195450042935418,0.08800900531383402
1223,205.4357030493334,0.19634954084936207,-5.204170427930421e-18,0.15908032368765035,0.4862156695036155,-5.0415401020575956e-17,0.1203297430532912,0.3636370490154974,1.942890293094024e-16,6.450431115566452,12.388629709624347,2.7755575615628914e-17,1.392022451987814,4.358443159466206,-5.551115123125783e-17,2.3026901364980716,6.205873767152114,0.010870928466126077,20.804030788333932,0.9688632534190826,21.783764970219142,24.184271327114104,-0.16895212763966186,0.0,0.47981297538186923,0.31086084774220735,1.0,0.0003195137920638575,0.0,4.242640687119285,0.4195450042935418,0.08800900531383402
1224,205.63205259018275,0.19634954084936207,-5.204170427930421e-18,0.15930867902474938,0.4898053780556286,-4.889751797909625e-17,0.1195886104039091,0.3713008367190699,1.6653345369377348e-16,6.458888117553774,12.375466417197885,5.551115123125783e-17,1.3926756781690417,4.35610897391428,0.0,2.3031035428113844,6.18873875184156,0.010786973394575407,20.858617857538665,0.9697727722817998,21.83917760321504,24.241107576302632,-0.1685844135875284,0.0,0.5011878437302412,0.33260343014271276,1.0,0.0003195137920638575,0.0,4.242640687119285,0.4195450042935418,0.08800900531383402
1225,205.8284021310321,0.19634954084936207,-3.469446951953614e-18,0.15921046253858398,0.4872585039271768,-5.084908188957016e-17,0.1192141488607595,0.3767894108990245,1.1102230246251565e-16,6.467405178385784,12.366603109220296,0.0,1.3934457998987493,4.350893744819451,0.0,2.306459106995804,6.1822882581877385,0.01070388641788651,20.913664870705624,0.9708455986277326,21.895214355751243,24.30239342968482,-0.1682372196270604,0.0,0.5232075417074218,0.3549703220803614,1.0,0.0003195137920638575,0.0,4.242640687119285,0.4195450042935418,0.08800900531383402
1226,206.02475167188146,0.19634954084936207,-7.806255641895632e-18,0.15877240308133633,0.4789287610742279,-4.9439619065339e-17,0.11955327603166861,0.3786123058493416,1.942890293094024e-16,6.475990305048385,12.355196201647516,2.7755575615628914e-17,1.3943526771399914,4.343106125664788,0.0,2.3130158949072284,6.186424366723429,0.01066341721586638,20.96922521554034,0.9721096941237306,21.951998326879938,24.368619504128908,-0.16786231936967932,0.0,0.5477275565994513,0.37986523722977195,1.0,0.0003195137920638575,0.0,4.242640687119285,0.4195450042935418,0.08800900531383402
1228,206.41745075358017,0.19634954084936207,-3.903127820947816e-18,0.15698005616898897,0.46025470717035327,-4.933119884809045e-17,0.12255432971405829,0.36850713519087286,1.3877787807814457e-16,6.493314308694734,12.371813214560712,2.7755575615628914e-17,1.3966741670452176,4.3237076544506605,-5.551115123125783e-17,2.335042178094091,6.216933844182966,0.010749531607625982,21.081565355749884,0.9753493644457262,22.067664251803237,24.515167549088122,-0.16733616311407115,0.0,0.5827888287683203,0.4154526656542491,1.0,0.0003195137920638575,0.0,4.242640687119285,0.4195450042935418,0.08800900531383402
1229,206.61380029442952,0.19634954084936207,-3.469446951953614e-18,0.1558329989015174,0.44434964203630106,-5.0334085857639543e-17,0.12441961017750772,0.35715863211327814,2.220446049250313e-16,6.502001987848013,12.382476605855473,5.551115123125783e-17,1.3981053111487398,4.332760854662861,0.0,2.34935029792167,6.235581450523916,0.010812375334783691,21.138014924989758,0.9773492305311569,22.126176530855698,24.593776403419906,-0.16692930328816158,0.0,0.6093180435647713,0.4423887402766097,1.0,0.0003195137920638575,0.0,4.242640687119285,0.4195450042935418,0.08800900531383402
1230,206.81014983527888,0.19634954084936207,-2.6020852139652106e-18,0.15476655442715911,0.4301905271822489,-4.960224939121183e-17,0.1257818441234465,0.3353666527295421,2.220446049250313e-16,6.510672508323915,12.391340666154875,5.551115123125783e-17,1.3996752627304294,4.365115262443585,-1.1102230246251565e-16,2.3644355561207915,6.263957685304725,0.010832309744610377,21.194428255322403,0.9795454205497484,22.184805985616762,24.67380139090954,-0.1667792446300008,0.0,0.6163265362479244,0.4495472916179236,1.0,0.00031723764612799177,0.0,4.242640687119285,0.4237858175547847,0.08979720958028865
1231,207.00649937612823,0.19634954084936207,-5.204170427930421e-18,0.15399702581950148,0.4132698202802265,-5.0306980803327406e-17,0.12635457360012375,0.3423197458522997,1.6653345369377348e-16,6.519335400403896,12.400429322401859,5.551115123125783e-17,1.4013296955323782,4.3923971194959455,-5.551115123125783e-17,2.378791606466714,6.313244147280126,0.010801034676120671,21.250867031479718,0.9818624577904339,22.243530523946273,24.75322834862575,-0.16556365400441392,0.0,0.611885953522268,0.4463222995178541,1.0,0.00031723764612799177,0.0,4.242640687119285,0.4237858175547847,0.08979720958028865
1233,207.39919845782694,0.19634954084936207,-5.204170427930421e-18,0.1539076688728374,0.3762678416908385,-5.0523821237824507e-17,0.12564186121693807,0.3381318666695817,1.1102230246251565e-16,6.536580049127787,12.39158837464141,2.7755575615628914e-17,1.404340611377785,4.426622133525315,-5.551115123125783e-17,2.3984694157482496,6.376065083740102,0.010718158231152785,21.36343936932771,0.9860862763824654,22.36024380394133,24.899547075659328,-0.1657159199037733,0.0,0.5807868204692537,0.41507090056548035,1.0,0.00031723764612799177,0.0,4.242640687119285,0.4237858175547847,0.08979720958028865
1234,207.5955479986763,0.19634954084936207,-7.806255641895632e-18,0.15458726881632873,0.37648434009935117,-5.014435047745458e-17,0.12498024339755959,0.3371241237116988,1.1102230246251565e-16,6.5451966812115,12.375611663541443,2.7755575615628914e-17,1.4054617316404938,4.430275905358233,-1.1102230246251565e-16,2.401342461606119,6.396016017909461,0.010739702562394794,21.419799797871026,0.9876613395529479,22.418200839986365,24.9628024963757,-0.1659647995081863,0.0,0.5315960607304897,0.3656312612223034,1.0,0.00031723764612799177,0.0,4.242640687119285,0.4237858175547847,0.08979720958028865
1235,207.79189753952565,0.19634954084936207,-6.938893903907228e-18,0.15557318689900917,0.3783250254939405,-5.0523821237824507e-17,0.1242998700276141,0.32646667389717904,1.942890293094024e-16,6.5538402284470525,12.365171156721955,-5.551115123125783e-17,1.4062192026843596,4.423810869443188,-5.551115123125783e-17,2.3991963014280104,6.392819764773695,0.010800717910620917,21.476410870005456,0.9887262229991178,22.475937810915195,25.01882261496649,-0.16615631273159284,0.0,0.4955771581675391,0.3294208454359463,1.0,0.00031723764612799177,0.0,4.242640687119285,0.4237858175547847,0.08979720958028865
1237,208.18459662122436,0.19634954084936207,-2.6020852139652106e-18,0.15771475712076283,0.39685366701957586,-5.025277069470313e-17,0.1221822795719851,0.3125494855701964,2.220446049250313e-16,6.571274099784854,12.41316226937497,2.7755575615628914e-17,1.4066558765416144,4.392601011840708,0.0,2.3836151156303496,6.344904291775837,0.010863025415526367,21.590821647251623,0.9893403775045286,22.59102505017168,25.1144031029308,-0.16645811358110166,0.0,0.45445192401133966,0.287993810430238,1.0,0.00031723764612799177,0.0,4.242640687119285,0.4237858175547847,0.08979720958028865
1238,208.3809461620737,0.19634954084936207,-4.7704895589362195e-18,0.1585790744047695,0.415002386323738,-5.0198560586078855e-17,0.120501544898143,0.29995451166277265,1.3877787807814457e-16,6.580070855823669,12.442017828010172,0.0,1.4064970677119417,4.395522666017078,5.551115123125783e-17,2.373253554566669,6.31869979344146,0.010804168430738222,21.648666233830006,0.989117000741145,22.64858740300189,25.158434160994133,-0.16678453496661286,0.0,0.4355825212647464,0.26879798629813356,1.0,0.00031723764612799177,0.0,4.242640687119285,0.4237858175547847,0.08979720958028865
1239,208.57729570292307,0.19634954084936207,-5.204170427930421e-18,0.15919945310228942,0.4278559570049069,-5.0523821237824507e-17,0.11868751125781433,0.2818365062585511,1.3877787807814457e-16,6.588905379510804,12.46196883629906,0.0,1.4062755136060594,4.409549194712504,-5.551115123125783e-17,2.3633610487681818,6.285735195633904,0.010708553383915069,21.7068370500732,0.9888054100839927,22.70635101354111,25.203234794270458,-0.1670210520878615,0.0,0.43946276684987284,0.27244171476201134,1.0,0.00031723764612799177,0.0,4.242640687119285,0.4237858175547847,0.08979720958028865
1240,208.77364524377242,0.19634954084936207,-5.204170427930421e-18,0.1595424349231237,0.43433182023121286,-4.9764879717084654e-17,0.11725136160517129,0.28976207700668655,1.6653345369377348e-16,6.597755148968265,12.470846042085368,2.7755575615628914e-17,1.4061581649646513,4.422104180992186,5.551115123125783e-17,2.355351470156315,6.254602987705191,0.010628319861866707,21.765186502868623,0.9886403924483778,22.764455215178867,25.250969355578473,-0.1672586781378802,0.0,0.454295976550767,0.2870372984128868,1.0,0.00031420370111778296,0.0,4.242640687119285,0.4156223272179544,0.08637095944103418
1242,209.16634432547113,0.19634954084936207,-6.071532165918825e-18,0.15930671480778166,0.4306854138826396,-5.025277069470313e-17,0.117118271368337,0.3147648895386846,1.942890293094024e-16,6.615469593033434,12.458832810108442,5.551115123125783e-17,1.4068658694424903,4.4438306337684255,0.0,2.349360719289406,6.22456756010513,0.010644337534847267,21.88221896817497,0.989635787301087,22.882499093010903,25.362398743433797,-0.16600679593978795,0.0,0.49270775974702985,0.3267009638072419,1.0,0.00031420370111778296,0.0,4.242640687119285,0.4156223272179544,0.08637095944103418
1243,209.36269386632048,0.19634954084936207,-2.6020852139652106e-18,0.1586942894163342,0.42542655131539775,-5.036119091195168e-17,0.11842562877524715,0.33161855479537944,1.6653345369377348e-16,6.6242757802997305,12.455058186895352,2.7755575615628914e-17,1.4077952483712621,4.45318378681149,-5.551115123125783e-17,2.3525357223765933,6.253384975208217,0.010714413631512943,21.9405148067328,0.9909437306683517,22.942172951032664,25.427411249466658,-0.16625029277118855,0.0,0.5396991665321684,0.3734488737609799,1.0,0.00031420370111778296,0.0,4.242640687119285,0.4156223272179544,0.08637095944103418
1244,209.55904340716984,0.19634954084936207,-7.806255641895632e-18,0.15776965505890048,0.4179588672244746,-4.9981720151581754e-17,0.12026252498929099,0.3420230050845958,5.551115123125783e-17,6.633052896666456,12.447411346332055,0.0,1.409082827986764,4.461705932914523,0.0,2.359777273722901,6.305455213632346,0.010773613791700602,21.998695364987626,0.9927572080635882,23.002226186842915,25.498491565932852,-0.1662912535750244,0.0,0.5702785992096451,0.4039873456346207,1.0,0.00031420370111778296,0.0,4.242640687119285,0.4156223272179544,0.08637095944103418
1245,209.7553929480192,0.19634954084936207,-3.903127820947816e-18,0.15661294326270947,0.4236409695997837,-5.0306980803327406e-17,0.12233224110093073,0.35856970153980217,2.220446049250313e-16,6.641821878945079,12.446898928015889,0.0,1.410624700110386,4.4694393805912425,-5.551115123125783e-17,2.370269894421889,6.366913915312362,0.010798681319749157,22.05689893581677,0.9949310222807579,23.062628639417277,25.57446809224677,-0.16623434607388105,0.0,0.5949430931587363,0.42870874708485524,1.0,0.00031420370111778296,0.0,4.242640687119285,0.4156223272179544,0.08637095944103418
1247,210.1480920297179,0.19634954084936207,-3.0357660829594124e-18,0.1542605260712443,0.4232634182810655,-5.095750210681871e-17,0.12643161282916027,0.3666451213404339,1.1102230246251565e-16,6.659446275322556,12.473944481725674,0.0,1.4138950017866891,4.482285035189388,0.0,2.3955413483547177,6.482995778509471,0.010796492191442492,22.174112346953734,0.9995495380386908,23.184458377183866,25.733434870175387,-0.16599370521074433,0.0,0.6127344411260606,0.44674073591531627,1.0,0.00031420370111778296,0.0,4.242640687119285,0.4156223272179544,0.08637095944103418
1248,210.34444157056726,0.19634954084936207,-6.071532165918825e-18,0.1534819629013059,0.41976961038194294,-5.003593026020603e-17,0.12802451653973754,0.3673743184175071,1.3877787807814457e-16,6.668343228551942,12.496539756437564,8.326672684688674e-17,1.4153637303971378,4.4869459936627925,5.551115123125783e-17,2.4075188822513427,6.52304101761484,0.010814334202643466,22.233400706887263,1.0016272446618506,23.245842285751756,25.81242926588073,-0.16568002877105967,0.0,0.6105411110740031,0.4448610823029434,1.0,0.00031420370111778296,0.0,4.242640687119285,0.4156223272179544,0.08637095944103418
1249,210.5407911114166,0.19634954084936207,-3.469446951953614e-18,0.15319199159546953,0.4145881832778156,-4.9981720151581754e-17,0.12884187391843377,0.3779367852652653,2.498001805406602e-16,6.677300934065319,12.529986359405317,2.7755575615628914e-17,1.416627551623042,4.489853449276038,0.0,2.4178146852528806,6.545810401529174,0.010843134555863537,22.293173882034793,1.0034168100087473,23.307433826599404,25.889224156708757,-0.16548819809801152,0.0,0.5996486852295735,0.43416048713156197,1.0,0.00031420370111778296,0.0,4.242640687119285,0.4156223272179544,0.08637095944103418
1251,210.93349019311532,0.19634954084936207,-7.806255641895632e-18,0.15411757764220635,0.4211889457017245,-4.981908982570893e-17,0.1269530433469793,0.40340267236090244,1.3877787807814457e-16,6.695352357581589,12.583303144696329,0.0,1.4186542213661366,4.488147036614841,-5.551115123125783e-17,2.4328030372786267,6.543779037695556,0.01080963145303198,22.41387159608667,1.0062898998999794,23.43097112743968,26.03526429425153,-0.16455310677265297,0.0,0.5798123399901374,0.41525923321748437,1.0,0.0003112998685297365,0.0,4.242640687119285,0.4123165462012859,0.08500246713567855
1252,211.12983973396467,0.19634954084936207,-5.637851296924623e-18,0.1550868113287016,0.4366433096571868,-5.071355661800947e-17,0.12437509425691474,0.41952620570396304,8.326672684688674e-17,6.70439275759947,12.602286165745815,2.7755575615628914e-17,1.4195560340894207,4.48244099744255,0.0,2.4379973972207285,6.528093129487463,0.01071110895481083,22.474441124076105,1.007569666959842,23.49272189999076,26.105126020341462,-0.16375792748387374,0.0,0.5629652235332887,0.39920729604941496,1.0,0.0003112998685297365,0.0,4.242640687119285,0.4123165462012859,0.08500246713567855
1253,211.32618927481403,0.19634954084936207,-2.168404344971009e-18,0.1561586381542858,0.44961720949222506,-5.0984607161130846e-17,0.12142209873322828,0.43002909718685844,1.942890293094024e-16,6.713405642817035,12.615846081285369,-5.551115123125783e-17,1.4204795400180446,4.4730922210510045,5.551115123125783e-17,2.4421086830773295,6.511232465516233,0.01058602086007133,22.534907662503805,1.0088810618049375,23.554374745168815,26.173507408363406,-0.16375050994202056,0.0,0.5554602518581735,0.39170974191615293,1.0,0.0003112998685297365,0.0,4.242640687119285,0.4123165462012859,0.08500246713567855
1254,211.52253881566338,0.19634954084936207,-5.204170427930421e-18,0.1571901978064401,0.459005999575744,-4.9873299934333204e-17,0.11888980592098787,0.4334029997046014,3.0531133177191805e-16,6.722385944888329,12.623779997832775,0.0,1.421479705090891,4.460287159690342,-5.551115123125783e-17,2.4454388569595653,6.499437471503005,0.010484158983022938,22.595236396016073,1.010302275992643,23.61602283099174,26.24097133182886,-0.16369717826667737,0.0,0.5507694772444591,0.3870722989777817,1.0,0.0003112998685297365,0.0,4.242640687119285,0.4123165462012859,0.08500246713567855
1256,211.9152378973621,0.19634954084936207,-5.204170427930421e-18,0.15879089726156914,0.47228700992369865,-5.060513640076092e-17,0.11710634401893733,0.41527943564961767,1.6653345369377348e-16,6.740295943719808,12.622085685898325,0.0,1.423738225559046,4.427169876931806,1.1102230246251565e-16,2.450858810239787,6.505184267340957,0.01047846114275202,22.71579470446284,1.0135152674590102,23.739788433064604,26.37511510561071,-0.16347501115327037,0.0,0.5486028202617715,0.3851278091085012,1.0,0.0003112998685297365,0.0,4.242640687119285,0.4123165462012859,0.08500246713567855
1257,212.11158743821144,0.19634954084936207,-3.469446951953614e-18,0.15922215419967103,0.47098210028911813,-5.036119091195168e-17,0.11772379027089286,0.39386984631586663,1.3877787807814457e-16,6.749270309421903,12.612818782982215,5.551115123125783e-17,1.4249203473439416,4.416565456779473,0.0,2.453453321383708,6.522182711433081,0.010551698724551004,22.77632485482202,1.0151989981373895,23.80207555168396,26.442521513877715,-0.1631375981683857,0.0,0.5499455990327633,0.3868080008643776,1.0,0.0003112998685297365,0.0,4.242640687119285,0.4123165462012859,0.08500246713567855
1258,212.3079369790608,0.19634954084936207,-6.071532165918825e-18,0.15929100318462858,0.4638005145809029,-4.960224939121183e-17,0.11875147026675492,0.3656614743914604,2.7755575615628914e-16,6.758289030814209,12.59906123306913,0.0,1.4260486159780927,4.4141774827134554,0.0,2.4561108707362935,6.543481924484189,0.010618016453705081,22.83723531201184,1.0168073275665166,23.86466065603206,26.510237748122805,-0.1628943856195332,0.0,0.5512008585046836,0.3883064728851504,1.0,0.0003112998685297365,0.0,4.242640687119285,0.4123165462012859,0.08500246713567855
1259,212.50428651991015,0.19634954084936207,-4.7704895589362195e-18,0.15891112663176063,0.4564768376352317,-4.92227786308419e-17,0.1198052292236021,0.3326615801712272,1.6653345369377348e-16,6.767368032488219,12.583381468727191,0.0,1.4270514298038595,4.415623001833435,-1.6653345369377348e-16,2.4586195667247694,6.56312223889846,0.010640077855594253,22.898635043571726,1.01823789165262,23.927513013079942,26.577849651680676,-0.16268830979669116,0.0,0.5503944765247062,0.38770616672801506,1.0,0.0003112998685297365,0.0,4.242640687119285,0.4123165462012859,0.08500246713567855
1261,212.89698560160886,0.19634954084936207,-5.204170427930421e-18,0.1568016565831176,0.4332472003187837,-5.000882520589389e-17,0.12172440514359369,0.3581470704660038,1.6653345369377348e-16,6.78574188953173,12.584961192356209,5.551115123125783e-17,1.428525012466285,4.434239024958464,0.0,2.4611340861653925,6.5748689509818075,0.010550483947159631,23.023146495672822,1.0203418556208999,24.05403883524088,26.70981955818477,-0.1617830442201198,0.0,0.5411036088592645,0.37932056463914465,1.0,0.0003084490894313648,0.0,4.242640687119285,0.4086796156019292,0.08350951410427032
1262,213.09333514245822,0.19634954084936207,-5.204170427930421e-18,0.15535605005923458,0.42286726562183186,-5.0442506074888094e-17,0.12275670453294389,0.3757338648663897,2.7755575615628914e-17,6.795010208296642,12.609338332878389,2.7755575615628914e-17,1.4289830223941393,4.437613793320577,-1.1102230246251565e-16,2.459976520463169,6.559949795294605,0.010494764472332038,23.08608186542779,1.0209962391453447,24.117572869045464,26.77246991812293,-0.1610757521122149,0.0,0.5235965836607623,0.3625208315485474,1.0,0.0003084490894313648,0.0,4.242640687119285,0.4086796156019292,0.08350951410427032
1263,213.28968468330757,0.19634954084936207,-3.469446951953614e-18,0.1540082392498849,0.4087878728961053,-5.060513640076092e-17,0.1237957769512259,0.37257994535028094,1.942890293094024e-16,6.804292105164677,12.649221135205305,2.7755575615628914e-17,1.4292994463394997,4.436496669424281,-5.551115123125783e-17,2.4568367576825665,6.5550787978088945,0.010468488010521542,23.149195526203183,1.0214484536532,24.181112467866903,26.832293572073155,-0.1611983314112089,0.0,0.5096854832759969,0.34848715186478807,1.0,0.0003084490894313648,0.0,4.242640687119285,0.4086796156019292,0.08350951410427032
1265,213.68238376500628,0.19634954084936207,-6.071532165918825e-18,0.15269923238943586,0.38121352743223136,-5.036119091195168e-17,0.12489646699279423,0.3622283564111426,1.1102230246251565e-16,6.822801731714839,12.714014307687018,0.0,1.4298409503235037,4.437041337534613,-1.1102230246251565e-16,2.446387323398334,6.553612669600509,0.010506068335295413,23.2753117351455,1.0222225716110098,24.308040375091807,26.94616189944551,-0.16150193306194532,0.0,0.4956989453902602,0.3341970123283149,1.0,0.0003084490894313648,0.0,4.242640687119285,0.4086796156019292,0.08350951410427032
1266,213.87873330585563,0.19634954084936207,-4.7704895589362195e-18,0.15299827587890882,0.3762461119910651,-5.084908188957016e-17,0.12451979669713426,0.3515131457055646,2.498001805406602e-16,6.832004455005397,12.735933352775,2.7755575615628914e-17,1.430243947389158,4.439901804275954,5.551115123125783e-17,2.4410389621846504,6.518290824832381,0.010539554120683435,23.33814243660679,1.02279887452166,24.371480865249133,27.003120967794747,-0.161910137945474,0.0,0.4963643130778973,0.3344541751324233,1.0,0.0003084490894313648,0.0,4.242640687119285,0.4086796156019292,0.08350951410427032
1267,214.075082846705,0.19634954084936207,-6.938893903907228e-18,0.1538489252501998,0.37446120957310086,-4.9873299934333204e-17,0.12354593964903117,0.33209131476736264,1.942890293094024e-16,6.841178578729899,12.74953379665453,2.7755575615628914e-17,1.4308260600234783,4.444680352195651,-1.1102230246251565e-16,2.4372524745937407,6.464200406361822,0.010567412165271465,23.400862173036426,1.0236316070211553,24.435061192222854,27.062546697970596,-0.162231132463523,0.0,0.5091096586526573,0.34687852618913434,1.0,0.0003084490894313648,0.0,4.242640687119285,0.4086796156019292,0.08350951410427032
1268,214.27143238755434,0.19634954084936207,-6.5052130349130266e-18,0.15504463362568616,0.3723486219679786,-5.025277069470313e-17,0.12225315814962472,0.3259246891101893,1.3877787807814457e-16,6.850344349125971,12.754293063694643,-2.7755575615628914e-17,1.4316186426431456,4.460013859339139,-5.551115123125783e-17,2.436163822930021,6.4004261878277635,0.010592162708081061,23.463608850801062,1.0247659689817012,24.498966982490845,27.12615437795386,-0.16256135048947754,0.0,0.5304716450050375,0.36791029451556,1.0,0.0003084490894313648,0.0,4.242640687119285,0.4086796156019292,0.08350951410427032
1270,214.66413146925305,0.19634954084936207,-4.336808689942018e-18,0.15753708642897565,0.41251282296362624,-5.0306980803327406e-17,0.12002828438860326,0.30429015924665115,1.1102230246251565e-16,6.868749410682564,12.774104383104865,2.7755575615628914e-17,1.4338216212050778,4.476105493402236,0.0,2.4449315907920197,6.385312364854612,0.010659801096470987,23.589859233376036,1.0279222207175787,24.628441255190083,27.270339906493913,-0.16300179503653608,0.0,0.5736053598758348,0.4106035648392987,1.0,0.000305508531399753,0.0,4.242640687119285,0.4041699357993616,0.08167666850203004
1271,214.8604810101024,0.19634954084936207,-3.903127820947816e-18,0.15844747512318955,0.42493919550063974,-4.992751004295748e-17,0.11943467394714326,0.29678480020667125,2.220446049250313e-16,6.878050712642493,12.774756203079404,2.7755575615628914e-17,1.4352195767309048,4.475887142677728,0.0,2.4551213521819957,6.420409111927865,0.01069432969622604,23.65379080284094,1.0299276167158185,24.694412749252983,27.351797996532593,-0.1617835841905889,0.0,0.6191566765365856,0.45737309234599666,1.0,0.000305508531399753,0.0,4.242640687119285,0.4041699357993616,0.08167666850203004
1272,215.05683055095176,0.19634954084936207,-2.168404344971009e-18,0.1589519277167843,0.4310175073971432,-5.022566564039099e-17,0.11910132675822396,0.2947177994211247,8.326672684688674e-17,6.887398469626848,12.787647860827553,8.326672684688674e-17,1.4367476120095326,4.470505332782874,1.1102230246251565e-16,2.4684773232795623,6.473159261739855,0.01070192787115403,23.718128839709127,1.0321218503075469,24.760952617887828,27.43828714799264,-0.1619177256664602,0.0,0.6446445776462899,0.4827268519798297,1.0,0.000305508531399753,0.0,4.242640687119285,0.4041699357993616,0.08167666850203004
1273,215.2531800918011,0.19634954084936207,-6.071532165918825e-18,0.15896421622030124,0.4305613487206288,-5.060513640076092e-17,0.11888731950850466,0.30210627557603625,1.1102230246251565e-16,6.896777060447519,12.80463890599464,5.551115123125783e-17,1.4383707324014405,4.4610974720067285,-1.1102230246251565e-16,2.483898189116051,6.530503364186211,0.010658442209488476,23.782766910757566,1.0344551819145282,24.827880534881583,27.528168274547486,-0.1619408649934053,0.0,0.6617689191794124,0.49982805418600706,1.0,0.000305508531399753,0.0,4.242640687119285,0.4041699357993616,0.08167666850203004
1275,215.64587917349982,0.19634954084936207,-4.336808689942018e-18,0.15740284827090897,0.420547677542234,-5.006303531451817e-17,0.11884272636215186,0.3307185850222839,1.6653345369377348e-16,6.915541561165148,12.819114960020979,0.0,1.44171902190481,4.436536342657488,0.0,2.5148180401851943,6.628056658626237,0.010406155725342758,23.912357542101244,1.039276869061081,24.962040566887666,27.708881075263793,-0.16175461909353822,0.0,0.664042389705804,0.5022877706122657,1.0,0.000305508531399753,0.0,4.242640687119285,0.4041699357993616,0.08167666850203004
1276,215.84222871434918,0.19634954084936207,-3.469446951953614e-18,0.15595254680633222,0.4106213932248264,-5.071355661800947e-17,0.1193703750572602,0.3391003165142832,1.3877787807814457e-16,6.9248961269974965,12.815825665978887,0.0,1.4433198923903814,4.426953759339625,5.551115123125783e-17,2.5270061700065645,6.655881257984376,0.010251367821687205,23.97709318485246,1.041586155884891,25.028930708559038,27.794672113921767,-0.16138373900609865,0.0,0.6408387470024666,0.4794550079963679,1.0,0.000305508531399753,0.0,4.242640687119285,0.4041699357993616,0.08167666850203004
1277,216.03857825519853,0.19634954084936207,-4.7704895589362195e-18,0.1542923429101275,0.4106823631361908,-5.0767766726633745e-17,0.12048651530589599,0.34468672139015655,1.1102230246251565e-16,6.934228665677515,12.80598955635658,0.0,1.4447732224180834,4.431790697520575,1.1102230246251565e-16,2.5351739800111797,6.665335338469323,0.010135456743551721,24.041763593951885,1.0436848321081662,25.095583882803602,27.874587634321713,-0.16106565690528812,0.0,0.6111113385712803,0.4500456816659922,1.0,0.000305508531399753,0.0,4.242640687119285,0.4041699357993616,0.08167666850203004
1279,216.43127733689724,0.19634954084936207,-3.469446951953614e-18,0.15150974650394522,0.3996459492103812,-4.96564594998361e-17,0.12376865515335594,0.3610415819602707,2.7755575615628914e-16,6.952879336113299,12.771521772221831,0.0,1.4469791798313918,4.442207985868145,-5.551115123125783e-17,2.5373573009290653,6.686019491695908,0.010116361884956028,24.171265531275658,1.0468743734327637,25.22825626659338,28.01343979962222,-0.16062984412057418,0.0,0.5581390114455683,0.39750916732499414,1.0,0.000305508531399753,0.0,4.242640687119285,0.4041699357993616,0.08167666850203004
1280,216.6276268777466,0.19634954084936207,-5.637851296924623e-18,0.15096993168073555,0.3964899225095793,-5.017145553176672e-17,0.12498110811145619,0.3648611855519861,1.1102230246251565e-16,6.962235749439949,12.750393210563495,2.7755575615628914e-17,1.4476681762074592,4.436531569928427,0.0,2.532146205560689,6.687294220271141,0.01019046174602059,24.236363315389823,1.0478715742019158,25.29442535133776,28.073473315250226,-0.16037139253451077,0.0,0.5107507633456532,0.3503793708111424,1.0,0.00030264602743651503,0.0,4.242640687119285,0.40064781732640664,0.08025933676420685
1281,216.82397641859595,0.19634954084936207,-3.469446951953614e-18,0.15122282992479266,0.39355864476379865,-5.000882520589389e-17,0.1252617387178093,0.3700537453835798,2.498001805406602e-16,6.971663472434769,12.729543348890765,-5.551115123125783e-17,1.4481365710918694,4.432691063741926,0.0,2.524329823725086,6.663778474522175,0.010275198474041269,24.30204578644061,1.0485497642668584,25.360870749181508,28.129925599364302,-0.15890425193629212,0.0,0.490850705908576,0.33194645397228384,1.0,0.00030264602743651503,0.0,4.242640687119285,0.40064781732640664,0.08025933676420685
1282,217.0203259594453,0.19634954084936207,-4.336808689942018e-18,0.15222341968029013,0.39989700452482424,-4.9954615097269617e-17,0.12443232418306016,0.36764665875709923,2.498001805406602e-16,6.981143497127443,12.728330929538886,-2.7755575615628914e-17,1.448414732258877,4.426043780692082,0.0,2.5154101451323254,6.621693730412887,0.010343205981128456,24.36818226374239,1.048952618312277,25.427478088035798,28.184798519871418,-0.15910889518430937,0.0,0.483017390436992,0.3239084952526826,1.0,0.00030264602743651503,0.0,4.242640687119285,0.40064781732640664,0.08025933676420685
1284,217.413025041144,0.19634954084936207,-4.336808689942018e-18,0.1555125555244338,0.4249103515432302,-4.949382917396328e-17,0.12062211550750014,0.36122242505934954,1.6653345369377348e-16,7.000245727637878,12.76631181053639,0.0,1.4488185920113212,4.434099064598654,-5.551115123125783e-17,2.5002687560671206,6.521214697403327,0.010430832221350961,24.501720123656174,1.0495376562788337,25.56168861215636,28.299089108627857,-0.15961906609972662,0.0,0.49483602303685637,0.3352169569371297,1.0,0.00030264602743651503,0.0,4.242640687119285,0.40064781732640664,0.08025933676420685
1285,217.60937458199336,0.19634954084936207,-6.071532165918825e-18,0.1571686283248756,0.4420910077651,-5.006303531451817e-17,0.11873441377151027,0.3759133236206459,2.220446049250313e-16,7.009837376967864,12.778781062577655,0.0,1.4491838840020075,4.4379927478729035,-5.551115123125783e-17,2.4964203392853372,6.541772499830822,0.010480894614698363,24.568910025767853,1.050066964825572,25.629457885208122,28.362195767841026,-0.16018645638606316,0.0,0.5253939701543662,0.365207513768303,1.0,0.00030264602743651503,0.0,4.242640687119285,0.40064781732640664,0.08025933676420685
1286,217.80572412284272,0.19634954084936207,-6.071532165918825e-18,0.15847971069958347,0.4559426721334858,-4.9846194880021066e-17,0.1174172051025599,0.3877013565123345,1.6653345369377348e-16,7.019427536418992,12.782081050762633,2.7755575615628914e-17,1.449798699533472,4.439857791854311,-1.6653345369377348e-16,2.496054292179145,6.575719888791386,0.01053967286184213,24.6361814695186,1.0509581345844732,25.697679276964916,28.43081490951599,-0.16049713911682545,0.0,0.5535146257768025,0.3930174866599771,1.0,0.00030264602743651503,0.0,4.242640687119285,0.40064781732640664,0.08025933676420685
1287,218.00207366369207,0.19634954084936207,-3.903127820947816e-18,0.15930670210842293,0.4676874557159307,-4.924988368515404e-17,0.1167115536574621,0.39453320206238135,1.6653345369377348e-16,7.0289975272456555,12.7775067531648,2.7755575615628914e-17,1.4507233010446203,4.440224885550926,5.551115123125783e-17,2.49940651113468,6.6054535914554755,0.010585946634593906,24.703403119012766,1.0522990480969,25.76628811374426,28.50528604697482,-0.16069404876571963,0.0,0.5832435133773468,0.4225494646116272,1.0,0.00030264602743651503,0.0,4.242640687119285,0.40064781732640664,0.08025933676420685
1289,218.39477274539078,0.19634954084936207,-3.0357660829594124e-18,0.15940120405752073,0.4744286584729731,-4.9873299934333204e-17,0.11650277182553767,0.387379628536735,1.6653345369377348e-16,7.048054199050706,12.753697813841141,-2.7755575615628914e-17,1.4534634332355107,4.4413376804282345,0.0,2.515755295459376,6.647074438669962,0.010546414175886261,24.837533996378152,1.0562779758763785,25.904358386430417,28.669473033097404,-0.16069947702558185,0.0,0.6217241953736079,0.46102471834802605,1.0,0.00030264602743651503,0.0,4.242640687119285,0.40064781732640664,0.08025933676420685
1290,218.59112228624014,0.19634954084936207,-5.204170427930421e-18,0.15873562140671982,0.47062648700269244,-5.0415401020575956e-17,0.11694923109320521,0.3723655886178985,2.498001805406602e-16,7.057562929418078,12.739438163650524,2.7755575615628914e-17,1.455121315371882,4.445081655072159,0.0,2.526820131530506,6.669554545983694,0.010466445641899073,24.904597251348136,1.0586890212247981,25.973752718214833,28.756343133258753,-0.16040409371516348,0.0,0.6456479088224103,0.4852438151072468,1.0,0.00030019624230972016,0.0,4.242640687119285,0.3994547689470846,0.07978205621728436
1291,218.7874718270895,0.19634954084936207,-2.168404344971009e-18,0.1576783248011559,0.465443172436665,-5.025277069470313e-17,0.11801651788237592,0.35541085900218,2.498001805406602e-16,7.067113807586278,12.73517677333104,-2.7755575615628914e-17,1.4568363097779713,4.452777356052822,0.0,2.5381320493699495,6.680427532713187,0.010391860577468786,24.97204878468831,1.0611860167437484,26.043626662009526,28.844183539763783,-0.1587536684656366,0.0,0.6487814576985149,0.4900277892328783,1.0,0.00030019624230972016,0.0,4.242640687119285,0.3994547689470846,0.07978205621728436
1293,219.1801709087882,0.19634954084936207,-5.637851296924623e-18,0.15486348913565107,0.44197983949720576,-5.063224145507306e-17,0.12206936622170445,0.3079188074962246,1.1102230246251565e-16,7.08636807700413,12.755124341902016,-5.551115123125783e-17,1.4598807579973405,4.480817972482443,-1.6653345369377348e-16,2.5570813116059683,6.6838010604313665,0.01037643142963963,25.108306261391608,1.0656259137854451,26.184308606606695,29.01537402561656,-0.15809059355038368,0.0,0.637299429326748,0.4792088357763643,1.0,0.00030019624230972016,0.0,4.242640687119285,0.3994547689470846,0.07978205621728436
1294,219.37652044963755,0.19634954084936207,-3.469446951953614e-18,0.15349600531817653,0.4287407420469567,-5.014435047745458e-17,0.12422837495347985,0.30745048451934276,1.1102230246251565e-16,7.096092911725092,12.795229116945519,-2.7755575615628914e-17,1.461087974400809,4.499732868085331,-1.1102230246251565e-16,2.5638023928322835,6.663560073976561,0.010417794163725838,25.177267305917546,1.0673890344693293,26.2550741345506,29.097195500582917,-0.15739973508437183,0.0,0.6180232930374805,0.46062355795310866,1.0,0.00030019624230972016,0.0,4.242640687119285,0.3994547689470846,0.07978205621728436
1295,219.5728699904869,0.19634954084936207,-4.7704895589362195e-18,0.15248041231762519,0.4126782675464471,-4.9954615097269617e-17,0.12560724584186006,0.3291440148415075,1.3877787807814457e-16,7.1058716807342135,12.834655755820519,0.0,1.4620996948627316,4.519990317758768,0.0,2.568881809165472,6.641736319744172,0.010439987082158552,25.24670617153023,1.0688677588588462,26.326013917471236,29.176653188684625,-0.15702630077735696,0.0,0.6058552908521122,0.44882899007475524,1.0,0.00030019624230972016,0.0,4.242640687119285,0.3994547689470846,0.07978205621728436
1296,219.76921953133626,0.19634954084936207,-6.071532165918825e-18,0.15201705105417773,0.3941454888763246,-5.027987574901527e-17,0.1257850899964337,0.33324580830039024,1.1102230246251565e-16,7.115680560671605,12.871560793996865,2.7755575615628914e-17,1.4629859174876116,4.5419505987706135,0.0,2.5727667060273633,6.632081502622148,0.010413840767512434,25.31645492075988,1.0701638973835343,26.397032658910927,29.254361257678042,-0.1567840315934667,0.0,0.5967706052771315,0.43998657368366484,1.0,0.00030019624230972016,0.0,4.242640687119285,0.3994547689470846,0.07978205621728436
1298,220.16191861303497,0.19634954084936207,-4.336808689942018e-18,0.15289970306338369,0.38121196152965087,-5.071355661800947e-17,0.12312205306762938,0.3221681996017977,1.942890293094024e-16,7.135284010552376,12.932159073158534,0.0,1.4647232409198252,4.575201046575943,5.551115123125783e-17,2.5783919178047148,6.636917956866952,0.010272796122052627,25.456138955622198,1.072707086245338,26.539118837989587,29.406814242321108,-0.15673068613720653,0.0,0.5890840891718445,0.432353403034638,1.0,0.00030019624230972016,0.0,4.242640687119285,0.3994547689470846,0.07978205621728436
1299,220.35826815388432,0.19634954084936207,-6.071532165918825e-18,0.1539687401444866,0.379848952010133,-4.954803928258755e-17,0.12136584250301145,0.31756866284049057,1.6653345369377348e-16,7.1450445927746244,12.95424573000068,-2.7755575615628914e-17,1.4656958965621374,4.584978091377196,0.0,2.58048654567768,6.652836471091816,0.010237585279044685,25.52583111636894,1.0741322305995438,26.61020093224753,29.48223908220143,-0.15695781101770992,0.0,0.5851253843442081,0.42816757332649824,1.0,0.00030019624230972016,0.0,4.242640687119285,0.3994547689470846,0.07978205621728436
1300,220.55461769473368,0.19634954084936207,-7.806255641895632e-18,0.15514841192276968,0.3761291614295895,-5.000882520589389e-17,0.1199550483404785,0.3233739902830007,1.6653345369377348e-16,7.154775357816988,12.970582449047281,0.0,1.466754297987382,4.589930393473033,0.0,2.5822226465156555,6.676491310131486,0.01025604098193942,25.595405210412604,1.075684085332229,26.68134533672677,29.557355347027148,-0.15724607564050885,0.0,0.5837889687988355,0.4265428931583266,1.0,0.00029831735505862506,0.0,4.242640687119285,0.3999013361192004,0.07996053931496085
1301,220.75096723558303,0.19634954084936207,-5.204170427930421e-18,0.15623569477796967,0.3878670372924432,-5.0876186943882296e-17,0.11891601135998743,0.32233279673079857,1.942890293094024e-16,7.164506101379328,12.98142305377812,2.7755575615628914e-17,1.467883196588674,4.590596564928521,0.0,2.583728608576962,6.705853646898189,0.010307028385735988,25.665073838350803,1.077340539413692,26.75272140615023,29.632488396714265,-0.15662484905002516,0.0,0.5829049406702947,0.4262800916202696,1.0,0.00029831735505862506,0.0,4.242640687119285,0.3999013361192004,0.07996053931496085
1303,221.14366631728174,0.19634954084936207,-5.637851296924623e-18,0.15771871902001744,0.4201228238028971,-4.96564594998361e-17,0.11686156525769112,0.2955928215624139,2.220446049250313e-16,7.183991416779819,12.990801627278865,5.551115123125783e-17,1.4700145497262653,4.5838916507031655,0.0,2.5859020949900846,6.770595659122954,0.010345416804064556,25.804866338183057,1.0804713882034571,26.895683143190578,29.78161473551004,-0.15724244412218924,0.0,0.5804590726754378,0.4232166285532486,1.0,0.00029831735505862506,0.0,4.242640687119285,0.3999013361192004,0.07996053931496085
1304,221.3400158581311,0.19634954084936207,-4.336808689942018e-18,0.1580550248915717,0.4274498165346413,-4.981908982570893e-17,0.11568303643854685,0.27425226948990294,5.551115123125783e-17,7.193782322042692,12.997010091043421,2.7755575615628914e-17,1.4708796885168491,4.579803194841526,-1.1102230246251565e-16,2.5860912157181777,6.799593207312667,0.010301590116316248,25.87525204846696,1.0817435290457114,26.96729716762899,29.854764996198675,-0.15784117779385554,0.0,0.5737728607976916,0.4159316830038361,1.0,0.00029831735505862506,0.0,4.242640687119285,0.3999013361192004,0.07996053931496085
1305,221.53636539898045,0.19634954084936207,-5.204170427930421e-18,0.15810279855290132,0.4297789518160779,-4.992751004295748e-17,0.11487269005915497,0.27929067546710973,1.942890293094024e-16,7.203619572698494,13.000546228252327,2.7755575615628914e-17,1.4715512405350326,4.571930201485588,-1.1102230246251565e-16,2.58511623776692,6.821824797979299,0.010249996414450478,25.94606747408241,1.0827315267600968,27.03904899725696,29.926143533963927,-0.15817894979612712,0.0,0.5651794300472628,0.40700048025113567,1.0,0.00029831735505862506,0.0,4.242640687119285,0.3999013361192004,0.07996053931496085
1307,221.92906448067916,0.19634954084936207,-5.204170427930421e-18,0.15722542340982745,0.42150125364498925,-5.011724542314244e-17,0.11621801757683997,0.30746605582849,1.6653345369377348e-16,7.223420726155283,13.00467993488767,0.0,1.472346884980492,4.556912591732302,0.0,2.5787503767198547,6.834479603556604,0.010263762636388497,26.088903493524853,1.0839026748558787,27.18306993101712,30.06246005233985,-0.15851912366779985,0.0,0.5494547803082108,0.39093565664041097,1.0,0.00029831735505862506,0.0,4.242640687119285,0.3999013361192004,0.07996053931496085
1308,222.1254140215285,0.19634954084936207,-5.637851296924623e-18,0.15630393109292098,0.4170727606851363,-5.017145553176672e-17,0.11835627065201848,0.31282786956238123,1.6653345369377348e-16,7.233357269448776,13.020834336133435,2.7755575615628914e-17,1.4725865395764286,4.551745080435513,-1.1102230246251565e-16,2.573934904261612,6.8217904574161805,0.010328144226030114,26.160728693743724,1.0842555582708404,27.255312396240594,30.128355995183018,-0.1586756891004093,0.0,0.5384009227368243,0.37972523363641497,1.0,0.00029831735505862506,0.0,4.242640687119285,0.3999013361192004,0.07996053931496085
1309,222.32176356237787,0.19634954084936207,-5.204170427930421e-18,0.15516922373674205,0.4235403098674479,-5.0442506074888094e-17,0.1207561880916999,0.317411157923697,1.6653345369377348e-16,7.2432925148373375,13.037769800560978,0.0,1.4728470764477433,4.545727652185829,-5.551115123125783e-17,2.5691393392045474,6.797032594411288,0.010383364483071963,26.2326432277493,1.084639255300332,27.327665847532703,30.1944338777801,-0.15867963669895174,0.0,0.5393811323512716,0.38070149565231987,1.0,0.00029831735505862506,0.0,4.242640687119285,0.3999013361192004,0.07996053931496085
1310,222.51811310322722,0.19634954084936207,-6.071532165918825e-18,0.15399519870812145,0.42510084842325235,-5.071355661800947e-17,0.12278410985146275,0.3432030879342944,8.326672684688674e-17,7.253210497506209,13.05384435620087,-2.7755575615628914e-17,1.4732341875614836,4.544181828234529,0.0,2.5654699813255406,6.762949899550887,0.010394908105200398,26.304531260567128,1.085209485699972,27.400135654372303,30.26238692084454,-0.15864047528835096,0.0,0.5488021232431904,0.3901616479548395,1.0,0.0002936624460284959,0.0,4.242640687119285,0.3790611211888595,0.07184366679847762
1312,222.91081218492593,0.19634954084936207,-4.336808689942018e-18,0.15234119225167883,0.42515223662600665,-4.954803928258755e-17,0.12473015840360473,0.36882367219539247,8.326672684688674e-17,7.273064470481272,13.082172914272833,0.0,1.4748156089378008,4.546734200594838,0.0,2.56554483515542,6.685467030043419,0.01030126572781852,26.44873339588851,1.087540540183288,27.546575201799616,30.41126122330492,-0.15615335809401076,0.0,0.5784088131211741,0.42225545502716333,1.0,0.0002936624460284959,0.0,4.242640687119285,0.3790611211888595,0.07184366679847762
1313,223.10716172577528,0.19634954084936207,-4.336808689942018e-18,0.15214509807661605,0.41822874025457774,-4.954803928258755e-17,0.12484333031826016,0.3743111564074386,2.220446049250313e-16,7.282977832450989,13.093201722527198,0.0,1.4760107674266076,4.542850005101399,0.0,2.570412767086876,6.65240212379634,0.010257574382447041,26.520883053986243,1.0893038927796415,27.62044452114833,30.49364429809284,-0.15618284081208236,0.0,0.6186425608497874,0.4624597200377051,1.0,0.0002936624460284959,0.0,4.242640687119285,0.3790611211888595,0.07184366679847762
1314,223.30351126662464,0.19634954084936207,-5.637851296924623e-18,0.15239395763730154,0.41573654080651457,-5.017145553176672e-17,0.12460984718232505,0.3716084099498388,1.942890293094024e-16,7.292909413960053,13.10163406094277,0.0,1.4774416069450629,4.534425382008883,0.0,2.5787738466282475,6.6301582657504365,0.010245150668066002,26.593263860113574,1.0914168509662048,27.694925861747844,30.58186284176859,-0.1562208224845034,0.0,0.6482221665223725,0.4920013440378691,1.0,0.0002936624460284959,0.0,4.242640687119285,0.3790611211888595,0.07184366679847762
1316,223.69621034832335,0.19634954084936207,-3.469446951953614e-18,0.1537593405682557,0.43008020462536045,-4.971066960846038e-17,0.12287782494426723,0.38789960895818354,5.551115123125783e-17,7.312898072053308,13.113368368994532,5.551115123125783e-17,1.4807248210515505,4.511708555338844,-1.1102230246251565e-16,2.6046216477549304,6.7378434419850315,0.010243563466551479,26.73923910612049,1.0962729978390728,27.845755667426115,30.773723225812656,-0.1563282662625286,0.0,0.6873158688468466,0.530987602584318,1.0,0.0002936624460284959,0.0,4.242640687119285,0.3790611211888595,0.07184366679847762
1317,223.8925598891727,0.19634954084936207,-6.071532165918825e-18,0.1545712770001891,0.446114734715013,-5.0090140368830305e-17,0.12114517005157387,0.4041866009763907,3.0531133177191805e-16,7.3229638065936955,13.126660815252531,5.551115123125783e-17,1.4824153168495564,4.495311161293343,-1.1102230246251565e-16,2.620333967502111,6.798713116373961,0.010197167490556616,26.81289945634062,1.0987775858150852,27.921874209646262,30.874512322797585,-0.15648479350825228,0.0,0.7120150874548272,0.5555302939465749,1.0,0.0002936624460284959,0.0,4.242640687119285,0.3790611211888595,0.07184366679847762
1318,224.08890943002206,0.19634954084936207,-5.637851296924623e-18,0.15530663212578422,0.4580332535963432,-4.9954615097269617e-17,0.11898496172995801,0.4136615113141631,2.220446049250313e-16,7.333062217605149,13.136259000627808,0.0,1.484044363045935,4.473189487275552,-5.551115123125783e-17,2.6360195036899152,6.849970459760774,0.010113884236163074,26.88690074363408,1.1011938357442075,27.99820846361445,30.975523981793735,-0.15659229176057,0.0,0.7133154786791539,0.5567231869185839,1.0,0.0002936624460284959,0.0,4.242640687119285,0.3790611211888595,0.07184366679847762
1319,224.2852589708714,0.19634954084936207,-6.5052130349130266e-18,0.15589825713237052,0.46867984208108293,-5.046961112920023e-17,0.11686604272256557,0.41497704256524814,1.3877787807814457e-16,7.343172621152248,13.14075792461292,0.0,1.4855598472467768,4.446977042242554,0.0,2.649998931765512,6.8825746556159935,0.010023856773464308,26.96109207201999,1.103444029875933,28.07455995866939,31.074077459902075,-0.15665570872040757,0.0,0.7011417476571592,0.5444860389367516,1.0,0.0002936624460284959,0.0,4.242640687119285,0.3790611211888595,0.07184366679847762
1321,224.67795805257012,0.19634954084936207,-4.336808689942018e-18,0.15650152743051027,0.47229659091149623,-5.0198560586078855e-17,0.11494225444615837,0.392034784113678,8.326672684688674e-17,7.363351449759509,13.130693870371895,2.7755575615628914e-17,1.488090792349897,4.402438027884689,0.0,2.6672288131133217,6.8731476219519205,0.009964218199527123,27.109472286337734,1.107207103138272,28.226643607675534,31.254660287019316,-0.15678871855185145,0.0,0.6600363405594215,0.5032476220075701,1.0,0.00029454932167404045,0.0,4.242640687119285,0.40980546895411063,0.08397026119234927
1322,224.87430759341947,0.19634954084936207,-6.5052130349130266e-18,0.15643659379919297,0.46472416724479626,-4.9981720151581754e-17,0.11560421421802312,0.36936159350613185,5.551115123125783e-17,7.373408835480752,13.116211901565359,-2.7755575615628914e-17,1.489053148930622,4.407888469485451,0.0,2.6690561511949285,6.8321580052656286,0.010010567900151954,27.183578927572807,1.1086396401701009,28.30222913564306,31.33431117513566,-0.15665572775387718,0.0,0.6066232029717655,0.4499674752178884,1.0,0.00029454932167404045,0.0,4.242640687119285,0.40980546895411063,0.08397026119234927
1323,225.07065713426883,0.19634954084936207,-4.7704895589362195e-18,0.15607048438486787,0.45336521587544415,-4.954803928258755e-17,0.11704059425379897,0.34143811899533116,1.1102230246251565e-16,7.383458936582999,13.09709729446617,2.7755575615628914e-17,1.4897963070626097,4.418814868119962,1.1102230246251565e-16,2.6665215997598497,6.791019609165195,0.010073630656735687,27.25773293410368,1.1097465182686947,28.377553083029106,31.40709071063397,-0.15626178879848424,0.0,0.5716559826255516,0.4153941938270674,1.0,0.00029454932167404045,0.0,4.242640687119285,0.40980546895411063,0.08397026119234927
1324,225.26700667511818,0.19634954084936207,-3.469446951953614e-18,0.15539114506007215,0.4415073387322009,-5.0090140368830305e-17,0.11877203789251445,0.31050383198682996,1.942890293094024e-16,7.393520129766322,13.075605493785783,-5.551115123125783e-17,1.4903223469899667,4.434780148442254,1.1102230246251565e-16,2.6604385786663483,6.780903954670611,0.010117016444616822,27.3320699546299,1.110530348968841,28.45271732004336,31.47428969534338,-0.1558190897042485,0.0,0.5430365560566873,0.3872174663524388,1.0,0.00029454932167404045,0.0,4.242640687119285,0.40980546895411063,0.08397026119234927
1326,225.6597057568169,0.19634954084936207,-5.637851296924623e-18,0.1533912837887324,0.4173818568753817,-5.082197683525802e-17,0.12167587922078557,0.3048975305731505,2.220446049250313e-16,7.413752022631154,13.059523448862931,5.551115123125783e-17,1.4908357935929546,4.465356636542033,-5.551115123125783e-17,2.642349476676822,6.722849069886794,0.010085441176745922,27.481859526533768,1.1112956817289672,28.60324064943948,31.599679235529898,-0.1552269221432209,0.0,0.5195594515323517,0.36433252938913085,1.0,0.00029454932167404045,0.0,4.242640687119285,0.40980546895411063,0.08397026119234927
1327,225.85605529766624,0.19634954084936207,-4.336808689942018e-18,0.15241049087710418,0.40116354968384177,-5.017145553176672e-17,0.12253467003452627,0.31902851982700403,1.1102230246251565e-16,7.423947495775496,13.079258457902203,5.551115123125783e-17,1.4909350529576015,4.475395546212635,1.1102230246251565e-16,2.6329389343150926,6.6835520450505586,0.010033555616279272,27.557498210015627,1.1114436660688432,28.67897543170075,31.66215830436432,-0.15485920568018893,0.0,0.5179268474783905,0.3630676417982015,1.0,0.00029454932167404045,0.0,4.242640687119285,0.40980546895411063,0.08397026119234927
1328,226.0524048385156,0.19634954084936207,-4.7704895589362195e-18,0.15172403146959762,0.3870384727314282,-5.0334085857639543e-17,0.12293189728229469,0.32416520920633196,2.7755575615628914e-16,7.43419755308011,13.098426672376101,2.7755575615628914e-17,1.4910334984606952,4.48452759510744,0.0,2.624934425309541,6.645424747513144,0.00998649357654679,27.633646629111155,1.11159044676597,28.755223569453673,31.727189815256928,-0.15482893756206867,0.0,0.5306749260624343,0.3758459885003656,1.0,0.00029454932167404045,0.0,4.242640687119285,0.40980546895411063,0.08397026119234927
1330,226.4451039202143,0.19634954084936207,-6.071532165918825e-18,0.1517524434540106,0.3811767117906062,-5.0415401020575956e-17,0.12215240837164992,0.32544878891212525,5.551115123125783e-17,7.454809552420435,13.129278520103611,-2.7755575615628914e-17,1.4915748473804802,4.510443188528055,-1.1102230246251565e-16,2.6169147510756807,6.596425620854334,0.009942861869884235,27.78709273142948,1.112397762669051,28.909433355968417,31.87085667852479,-0.15512128640550538,0.0,0.565143092707007,0.41002180630150165,1.0,0.0002906800869197235,0.0,4.242640687119285,0.3789880898694456,0.07181598613144549
1331,226.64145346106366,0.19634954084936207,-4.336808689942018e-18,0.15245257473472845,0.3774276294314035,-5.071355661800947e-17,0.12097679152415443,0.3177081547230764,2.498001805406602e-16,7.465164957298655,13.138677880731024,-2.7755575615628914e-17,1.4922096927839104,4.532630856110306,0.0,2.6179609190041777,6.593721066097263,0.009939405547173305,27.86434391983992,1.1133448836191258,28.987628209006218,31.95147732345231,-0.153664977314722,0.0,0.6073443567891108,0.4536793794743888,1.0,0.0002906800869197235,0.0,4.242640687119285,0.3789880898694456,0.07181598613144549
1332,226.83780300191302,0.19634954084936207,-5.637851296924623e-18,0.15345044783504178,0.376413485726895,-4.990040498864534e-17,0.11944672879065979,0.30013868991187426,1.1102230246251565e-16,7.475502133584616,13.142768657415191,2.7755575615628914e-17,1.4931056667075497,4.5648068950147564,0.0,2.6221994416817975,6.606988888233231,0.009942127394673242,27.94156607461407,1.1146822659770983,29.06619046798584,32.03737381019114,-0.15418155496584418,0.0,0.6344445348231866,0.48026297985734245,1.0,0.0002906800869197235,0.0,4.242640687119285,0.3789880898694456,0.07181598613144549
1333,227.03415254276237,0.19634954084936207,-2.6020852139652106e-18,0.15458841406716312,0.386057331201208,-5.093039705250657e-17,0.1178586258247488,0.29862002396781445,2.7755575615628914e-16,7.4858085436175585,13.14116035293986,-2.7755575615628914e-17,1.4942508555832377,4.596282370393993,1.1102230246251565e-16,2.628960034422057,6.648598273707932,0.009955642397461939,28.01866477584882,1.1163928097056188,29.1450132279519,32.12749237055639,-0.1546850593342158,0.0,0.656277636988104,0.5015925776538882,1.0,0.0002906800869197235,0.0,4.242640687119285,0.3789880898694456,0.07181598613144549
1335,227.42685162446108,0.19634954084936207,-6.071532165918825e-18,0.15674700337889824,0.41012633220738126,-5.0090140368830305e-17,0.11582527228725224,0.3048390302037354,2.220446049250313e-16,7.506338855136162,13.137451325677501,5.551115123125783e-17,1.4970254556324107,4.652472375194213,5.551115123125783e-17,2.6460398723870275,6.759080887463735,0.010054316293648556,28.172561504063435,1.1205426074057132,29.303158427762796,32.31411332685923,-0.15526956065804043,0.0,0.6731580752714715,0.5178885146134311,1.0,0.0002906800869197235,0.0,4.242640687119285,0.3789880898694456,0.07181598613144549
1336,227.62320116531043,0.19634954084936207,-4.336808689942018e-18,0.15753637872516618,0.4144448573142711,-5.0306980803327406e-17,0.11576721309260717,0.30185691615192395,1.3877787807814457e-16,7.5165963404136,13.138671326553263,2.7755575615628914e-17,1.4984507620897085,4.6751736491784825,-5.551115123125783e-17,2.6543567153629817,6.810883682422462,0.010144180406162292,28.249610272359558,1.122677343203614,29.38243179596933,32.407423723718935,-0.15558470651507195,0.0,0.67376682297588,0.518182116460808,1.0,0.0002906800869197235,0.0,4.242640687119285,0.3789880898694456,0.07181598613144549
1337,227.8195507061598,0.19634954084936207,-2.6020852139652106e-18,0.15797099751101573,0.41741692449184975,-5.0334085857639543e-17,0.11631108829689055,0.3048848784198086,1.6653345369377348e-16,7.526880467515997,13.161655429018342,0.0,1.499762413558126,4.693172959634891,5.551115123125783e-17,2.6615955138712093,6.852846739300542,0.010241917415886105,28.326964786136912,1.1246436485608475,29.461850352113647,32.49919848412851,-0.15559406538709153,0.0,0.6662225561698407,0.5106284907827492,1.0,0.0002906800869197235,0.0,4.242640687119285,0.3789880898694456,0.07181598613144549
1338,228.01590024700914,0.19634954084936207,-4.7704895589362195e-18,0.15792865660032504,0.4149863786931656,-5.106592232406726e-17,0.11726211537365594,0.3061360277263432,1.3877787807814457e-16,7.537210780136398,13.185616335078755,0.0,1.500893272396657,4.705789336480811,0.0,2.6675289991715663,6.88042458139354,0.010319360831664489,28.40477317210216,1.1263403075627727,29.5414328404966,32.58901510764311,-0.15547111133852387,0.0,0.6563552910504913,0.5008841797119674,1.0,0.0002906800869197235,0.0,4.242640687119285,0.3789880898694456,0.07181598613144549
1340,228.40859932870785,0.19634954084936207,-4.7704895589362195e-18,0.15618809907429157,0.418291868087888,-5.0523821237824507e-17,0.11957082750671438,0.31603668423891784,1.6653345369377348e-16,7.558028042472275,13.24078632076425,2.7755575615628914e-17,1.5026084099711392,4.71272817770219,0.0,2.6762508004285097,6.881471225886187,0.010319708558965239,28.561893945398637,1.1289160168579975,29.701129670815597,32.76387164130804,-0.15511446557367842,0.0,0.6439773601626689,0.4888628945889905,1.0,0.00028850713290516134,0.0,4.242640687119285,0.38486012070629233,0.07405865625503094
1341,228.6049488695572,0.19634954084936207,-4.336808689942018e-18,0.15464756887536196,0.4193633462145805,-5.017145553176672e-17,0.12067775747574784,0.3381728877799132,1.6653345369377348e-16,7.568510682259548,13.267082901902961,-2.7755575615628914e-17,1.503338403186354,4.706606777334045,-1.1102230246251565e-16,2.6799138961214375,6.8537505925334985,0.010237619558020149,28.64117697373845,1.1300131772474482,29.781427770543917,32.85056434026006,-0.15355733339948666,0.0,0.6382835716275022,0.4847262382280155,1.0,0.00028850713290516134,0.0,4.242640687119285,0.38486012070629233,0.07405865625503094
1342,228.80129841040656,0.19634954084936207,-4.336808689942018e-18,0.15297088365218467,0.4202555547758259,-4.9846194880021066e-17,0.1216599988284324,0.35616632378404106,2.220446049250313e-16,7.579000581621622,13.28884732979871,2.7755575615628914e-17,1.504084655469966,4.694106336353314,5.551115123125783e-17,2.6836296736451795,6.823159388602583,0.010128783964782563,28.72062490811043,1.1311353254101033,29.861889017485314,32.937528763718035,-0.15334486869422942,0.0,0.6393229318000438,0.48597806310581443,1.0,0.00028850713290516134,0.0,4.242640687119285,0.38486012070629233,0.07405865625503094
1344,229.19399749210527,0.19634954084936207,-5.204170427930421e-18,0.1504882445828665,0.4144361724172741,-4.992751004295748e-17,0.12289412441252351,0.36009519668875245,2.7755575615628914e-16,7.599929862950435,13.318859770910418,5.551115123125783e-17,1.5058861986150243,4.653015462675906,5.551115123125783e-17,2.6919461915189395,6.819535147760742,0.009946928371762205,28.87946696088291,1.1338466215896041,30.023260510844278,33.11368219290287,-0.1531730647503184,0.0,0.644607652880391,0.4914345881300726,1.0,0.00028850713290516134,0.0,4.242640687119285,0.38486012070629233,0.07405865625503094
1345,229.39034703295462,0.19634954084936207,-6.938893903907228e-18,0.1501722303030496,0.4114506375541662,-5.025277069470313e-17,0.12285100238068031,0.34907634001438076,1.6653345369377348e-16,7.610358154816506,13.327273216070193,2.7755575615628914e-17,1.5069571996501219,4.627061198072758,-5.551115123125783e-17,2.6963913795188468,6.828764428610859,0.009900694648399216,28.958775622291043,1.1354600007886684,30.10413631772811,33.20263846583354,-0.15320399201877302,0.0,0.6489789079272504,0.49577491590847744,1.0,0.00028850713290516134,0.0,4.242640687119285,0.38486012070629233,0.07405865625503094
1346,229.58669657380398,0.19634954084936207,-4.7704895589362195e-18,0.15056938430973546,0.4138004903108305,-4.981908982570893e-17,0.12217832581904749,0.3460568357944931,8.326672684688674e-17,7.620773273144579,13.33550198132305,2.7755575615628914e-17,1.508071287540234,4.59975639492317,0.0,2.7005918642903675,6.846215186508838,0.009875184334467916,29.03809264033737,1.1371395041516297,30.18510732882347,33.29140986569235,-0.15336915756053765,0.0,0.6481915302847384,0.49482237272420077,1.0,0.00028850713290516134,0.0,4.242640687119285,0.38486012070629233,0.07405865625503094
1347,229.78304611465333,0.19634954084936207,-7.806255641895632e-18,0.15156661123600945,0.4148172189353183,-4.992751004295748e-17,0.12086643799208677,0.35046604289962197,1.942890293094024e-16,7.631192745118621,13.340103271951442,0.0,1.509136039953451,4.572883212229926,0.0,2.7040198775944244,6.869418076278586,0.009856687440482566,29.11755135657553,1.1387457935431917,30.2661538375592,33.37906497567735,-0.15362386376125026,0.0,0.6428390110832304,0.4892151473219801,1.0,0.00028850713290516134,0.0,4.242640687119285,0.38486012070629233,0.07405865625503094
1349,230.17574519635204,0.19634954084936207,-3.903127820947816e-18,0.15449309349844825,0.43906657419205486,-5.003593026020603e-17,0.11721677391987066,0.35228793214919996,8.326672684688674e-17,7.652116450965559,13.335959282871276,0.0,1.5107539808717685,4.526703255959043,1.1102230246251565e-16,2.7062059607330964,6.91388191356143,0.009838823587840108,29.277443089568862,1.1411887953599478,30.428470708516652,33.54701819339158,-0.1540923608621978,0.0,0.6249147584288433,0.47082239756664546,1.0,0.00028850713290516134,0.0,4.242640687119285,0.38486012070629233,0.07405865625503094
1350,230.3720947372014,0.19634954084936207,-5.637851296924623e-18,0.1559478187696139,0.44686689004247443,-5.0306980803327406e-17,0.1156486781152663,0.3502058954090015,2.220446049250313e-16,7.662644062503759,13.328775343112252,0.0,1.511195088485132,4.54328493996327,0.0,2.7041050950594876,6.924016151264912,0.009864859784347252,29.358057014312053,1.141855297730793,30.509777171827192,33.62592224814218,-0.1545347819623772,0.0,0.6000589564865266,0.44552417452414944,1.0,0.00028815908597970807,0.0,4.242640687119285,0.3942000116500486,0.07769682459244923
1351,230.56844427805075,0.19634954084936207,-3.469446951953614e-18,0.15712369485469807,0.4516173868590818,-5.046961112920023e-17,0.11469667155756257,0.3464071070315266,2.498001805406602e-16,7.6732207139380675,13.320052202254457,5.551115123125783e-17,1.5113953983693498,4.547187669320215,-5.551115123125783e-17,2.699856039524958,6.9201088737044625,0.009925167290022912,29.439158062404115,1.1421580251060226,30.591241254800163,33.70148939112922,-0.15456260687613954,0.0,0.5834212549100151,0.4288586480338755,1.0,0.00028815908597970807,0.0,4.242640687119285,0.3942000116500486,0.07769682459244923
1352,230.7647938189001,0.19634954084936207,-6.071532165918825e-18,0.1578702857698604,0.4546737924168045,-4.9954615097269617e-17,0.11442859623914793,0.3409218160254254,2.498001805406602e-16,7.683834264707273,13.317609144827234,5.551115123125783e-17,1.511412197215766,4.536991061862194,-5.551115123125783e-17,2.693999242257309,6.900324077821957,0.010005478249875664,29.520654503744783,1.1421834149462946,30.672843396940955,33.77458742955365,-0.15468722321225187,0.0,0.5712450807895046,0.4165578575772528,1.0,0.00028815908597970807,0.0,4.242640687119285,0.3942000116500486,0.07769682459244923
1354,231.1574929005988,0.19634954084936207,-5.204170427930421e-18,0.15774403365423714,0.447955792791842,-5.074066167232161e-17,0.115296058808015,0.3245152178025765,1.6653345369377348e-16,7.7051093344068695,13.37290375016122,2.7755575615628914e-17,1.5113199477918609,4.506301507509267,0.0,2.681498766735463,6.820324199930715,0.010106072094373753,29.68435492758193,1.1420439922967967,30.836504991973097,33.91996660599092,-0.15467858300470547,0.0,0.569171861519675,0.41449327851496953,1.0,0.00028815908597970807,0.0,4.242640687119285,0.3942000116500486,0.07769682459244923
1355,231.35384244144817,0.19634954084936207,-3.0357660829594124e-18,0.15687121349061672,0.4420553101775455,-5.0523821237824507e-17,0.11614055600082303,0.31325326104818235,2.498001805406602e-16,7.715739295365196,13.393388193515682,-2.7755575615628914e-17,1.51145130419611,4.511840891053537,-1.1102230246251565e-16,2.6771647658087265,6.77040494010713,0.010089353210562693,29.766316437021313,1.1422425224780608,30.918648312709937,33.99603785467567,-0.15449010309932254,0.0,0.585843543128188,0.43135344002886544,1.0,0.00028815908597970807,0.0,4.242640687119285,0.3942000116500486,0.07769682459244923
1356,231.55019198229752,0.19634954084936207,-6.938893903907228e-18,0.15559030401880256,0.43256933155447996,-4.9981720151581754e-17,0.11730831003014155,0.30706859914134393,1.1102230246251565e-16,7.726352893180716,13.4088730114387,0.0,1.511831485067862,4.517802351875908,-5.551115123125783e-17,2.6753841488740813,6.723512191440003,0.01004540122885864,29.848264514981004,1.1428172196212485,31.001127135831112,34.076518048344965,-0.15426398115839163,0.0,0.6077060645055423,0.4534420833471507,1.0,0.00028815908597970807,0.0,4.242640687119285,0.3942000116500486,0.07769682459244923
1358,231.94289106399623,0.19634954084936207,-7.37257477290143e-18,0.1526614764279146,0.41125054763672125,-4.938540895671473e-17,0.12086622190339057,0.2947974399329604,2.220446049250313e-16,7.747556873054373,13.433915832994836,0.0,1.5134611395715132,4.539878530124494,0.0,2.6813278447383535,6.718510911610885,0.010011789412387107,30.012318750606024,1.1452823104965517,31.167612850514963,34.254065293973206,-0.15383190949349246,0.0,0.649016661342827,0.4951847518493345,1.0,0.00028815908597970807,0.0,4.242640687119285,0.3942000116500486,0.07769682459244923
1359,232.13924060484558,0.19634954084936207,-2.168404344971009e-18,0.1515390456031248,0.3954120964584254,-5.095750210681871e-17,0.1227985570985932,0.3186788992369134,1.1102230246251565e-16,7.7581809334398955,13.455303374157074,2.7755575615628914e-17,1.5146398090968354,4.554068424195783,-5.551115123125783e-17,2.6891085524303096,6.715305607747474,0.010049032373380668,30.09468569799516,1.1470668756504487,31.25180160601899,34.35132077949297,-0.1533860568465801,0.0,0.6913801110280966,0.5379940541815165,1.0,0.00028815908597970807,0.0,4.242640687119285,0.3942000116500486,0.07769682459244923
1360,232.33559014569494,0.19634954084936207,-6.5052130349130266e-18,0.1509460655784667,0.3826504613529844,-5.017145553176672e-17,0.12411910481768641,0.33843762548893813,2.498001805406602e-16,7.768845198975699,13.477313056905464,0.0,1.5159464948757149,4.567557933482808,-1.1102230246251565e-16,2.6995680028054347,6.746920714288013,0.010092097336361254,30.177477862823885,1.149046887662983,31.33661684782323,34.453333933964366,-0.15314532520848204,0.0,0.7151609731749047,0.5620156479664227,1.0,0.00028584384015668026,0.0,4.242640687119285,0.3804487659869765,0.07237063177050662
1361,232.5319396865443,0.19634954084936207,-6.071532165918825e-18,0.15097648067539307,0.36812897275780254,-5.022566564039099e-17,0.12431419523068052,0.3578667576339024,2.220446049250313e-16,7.779580999109117,13.495516524597296,-2.7755575615628914e-17,1.5173020908883115,4.579771166040536,0.0,2.7118910710270256,6.787563371335081,0.010101896754810305,30.260940260849807,1.151102817507021,31.42214497511164,34.55892315152,-0.15177785901061455,0.0,0.7315047195664537,0.5797268605558391,1.0,0.00028584384015668026,0.0,4.242640687119285,0.3804487659869765,0.07237063177050662
1363,232.924638768243,0.19634954084936207,-5.204170427930421e-18,0.15255623994837567,0.36412600150793456,-5.084908188957016e-17,0.12108398067960548,0.3452344404052737,1.1102230246251565e-16,7.801191869575765,13.533720379827841,0.0,1.519712847970842,4.597746841103117,0.0,2.736775074263067,6.860253522106191,0.00996722036115348,30.42929729296751,1.1547635701438237,31.59402808347249,34.77107486153536,-0.15178148934681482,0.0,0.734012540059751,0.5822310507129362,1.0,0.00028584384015668026,0.0,4.242640687119285,0.3804487659869765,0.07237063177050662
1364,233.12098830909235,0.19634954084936207,-6.071532165918825e-18,0.15367074920626103,0.3648501229012419,-5.025277069470313e-17,0.11862816033725933,0.32241104477327864,1.942890293094024e-16,7.812033840701409,13.54931376531551,-2.7755575615628914e-17,1.5206544060583425,4.6030076285902375,-5.551115123125783e-17,2.74635802269572,6.88917324138923,0.009869121323969016,30.513936364132007,1.1561949113323249,31.6800003967883,34.87266555310342,-0.15191298170237735,0.0,0.7117157633692373,0.5598027816668599,1.0,0.00028584384015668026,0.0,4.242640687119285,0.3804487659869765,0.07237063177050662
1365,233.3173378499417,0.19634954084936207,-6.938893903907228e-18,0.15468023673839346,0.38265664125679233,-5.068645156369733e-17,0.11656045614823525,0.29330280605914,1.6653345369377348e-16,7.822871543801986,13.557313484219307,5.551115123125783e-17,1.5213924654680886,4.605920011669686,-5.551115123125783e-17,2.7523938395303014,6.911025151804695,0.009797480660110247,30.59865959541343,1.1573175169915342,31.765774593065075,34.96852350898538,-0.1520236441817822,0.0,0.6831314883238162,0.531107844142034,1.0,0.00028584384015668026,0.0,4.242640687119285,0.3804487659869765,0.07237063177050662
1366,233.51368739079106,0.19634954084936207,-5.204170427930421e-18,0.15541668578719894,0.3972126300969528,-5.038829596626382e-17,0.1153007957754238,0.3059867153467293,2.220446049250313e-16,7.833688893927278,13.558310852802574,0.0,1.5219339904812554,4.61205605549301,-5.551115123125783e-17,2.7543366847266437,6.924896100536406,0.009763643309037577,30.68334084341979,1.1581415356910991,31.85124602241993,35.05770761277539,-0.1521111559758107,0.0,0.6497614367083914,0.49765028073258066,1.0,0.00028584384015668026,0.0,4.242640687119285,0.3804487659869765,0.07237063177050662
1368,233.90638647248977,0.19634954084936207,-3.469446951953614e-18,0.15582427297933776,0.4134614351008401,-5.049671618351237e-17,0.11471190680490223,0.3218197992226368,3.0531133177191805e-16,7.855250990756903,13.543756218639304,0.0,1.5225155476391115,4.626554058362894,0.0,2.7470970253339644,6.9303996052583425,0.009728166132055375,30.85248406389365,1.1590267964014114,32.02123902642712,35.21783218081018,-0.15218108915844078,0.0,0.6039020663302235,0.4517209771717827,1.0,0.00028584384015668026,0.0,4.242640687119285,0.3804487659869765,0.07237063177050662
1369,234.10273601333913,0.19634954084936207,-5.204170427930421e-18,0.15551725890536783,0.4153709709027833,-5.017145553176672e-17,0.11473144113660307,0.32278110395534265,1.3877787807814457e-16,7.866016005265027,13.530849136018874,0.0,1.5226171982341186,4.629486337798705,-1.1102230246251565e-16,2.739710569070523,6.925514473747598,0.009682032976321194,30.93710389754279,1.1591815661791585,32.10596749669827,35.29177284349214,-0.15222923307943817,0.0,0.5728797618535703,0.4206505287741321,1.0,0.00028584384015668026,0.0,4.242640687119285,0.3804487659869765,0.07237063177050662
1370,234.29908555418848,0.19634954084936207,-2.6020852139652106e-18,0.1549242079000159,0.4169081569939807,-4.990040498864534e-17,0.11485925037665617,0.3161896584240672,1.6653345369377348e-16,7.876794019560089,13.515959140477188,0.0,1.5226429334303104,4.630028532515528,5.551115123125783e-17,2.7313497302747103,6.918591005030793,0.009625187683486832,31.021942013288797,1.1592207513626303,32.190787952334915,35.364281967946916,-0.15228737382360247,0.0,0.5654881314138964,0.41320075759029395,1.0,0.00028356790654450475,0.0,4.242640687119285,0.377529851137588,0.07126439424998468
1372,234.6917846358872,0.19634954084936207,-4.7704895589362195e-18,0.1531494029047745,0.4047040161824811,-4.968356455414824e-17,0.11653757409256081,0.29632104892579747,8.326672684688674e-17,7.8984928795606,13.530624017688273,2.7755575615628914e-17,1.5226962979261367,4.626662030182369,-1.1102230246251565e-16,2.716179978280469,6.903980591649416,0.009615205231768575,31.193094884234757,1.1593020078589809,32.362012097325504,35.51327519727564,-0.15128601651235724,0.0,0.5739005232130425,0.4226145067006853,1.0,0.00028356790654450475,0.0,4.242640687119285,0.377529851137588,0.07126439424998468
1373,234.88813417673654,0.19634954084936207,-6.071532165918825e-18,0.1521997883206534,0.40005083365151667,-5.014435047745458e-17,0.11831268784944611,0.2944515723925457,1.1102230246251565e-16,7.909409578312104,13.54346959589167,0.0,1.5227890549180279,4.623065778144622,0.0,2.7111732001748217,6.894071915315606,0.009698183259602743,31.279379938747624,1.1594432528890697,32.448521374896295,35.592588860548844,-0.15161544993547943,0.0,0.5983493230946237,0.4467338731591443,1.0,0.00028356790654450475,0.0,4.242640687119285,0.377529851137588,0.07126439424998468
1374,235.0844837175859,0.19634954084936207,-1.3010426069826053e-18,0.1514329486777959,0.4034088819721875,-4.960224939121183e-17,0.1202767028623712,0.30542527348601317,1.942890293094024e-16,7.920366638697434,13.554161076605633,5.551115123125783e-17,1.522983379410792,4.624626414600615,5.551115123125783e-17,2.7087771745608134,6.878690584277086,0.009813662548707117,31.36610384569564,1.1597391869807583,32.53565669522511,35.67651380318971,-0.15189902291053287,0.0,0.6218166484260695,0.4699176255155367,1.0,0.00028356790654450475,0.0,4.242640687119285,0.377529851137588,0.07126439424998468
1375,235.28083325843525,0.19634954084936207,-3.903127820947816e-18,0.1510185882327069,0.40512824461526037,-5.114723748700367e-17,0.12182967559157822,0.31607690430981916,1.6653345369377348e-16,7.931350378800309,13.561374597695012,0.0,1.5233128253743429,4.629405370480538,0.0,2.709255016637028,6.8545860378669214,0.009917905458453394,31.453159415647903,1.1602409819749817,32.62331830308134,35.76537622625301,-0.1522201844519941,0.0,0.6469893307269726,0.49476914627497853,1.0,0.00028356790654450475,0.0,4.242640687119285,0.377529851137588,0.07126439424998468
1377,235.67353234013396,0.19634954084936207,-5.204170427930421e-18,0.15153939286010507,0.4065646520849229,-4.911435841359335e-17,0.12227496406384318,0.3341124301216622,2.498001805406602e-16,7.953324692973175,13.564954622456938,2.7755575615628914e-17,1.524442812637044,4.634817865321338,-5.551115123125783e-17,2.717693811729849,6.80084680279923,0.009989202294806158,31.62768683592842,1.1619629445003707,32.7996389827236,35.95578403388893,-0.15272571290971446,0.0,0.679519944535489,0.5267942316257745,1.0,0.00028356790654450475,0.0,4.242640687119285,0.377529851137588,0.07126439424998468
1378,235.8698818809833,0.19634954084936207,-5.637851296924623e-18,0.15234509199172805,0.412883962409964,-5.106592232406726e-17,0.1213673742167409,0.34362390198582815,2.220446049250313e-16,7.964284410409138,13.561459050042258,0.0,1.5252297993933353,4.635340637027603,5.551115123125783e-17,2.7241844661147727,6.828555103147244,0.009973354771677692,31.714913084943017,1.1631629704787163,32.88804941019341,36.0549312521358,-0.1531747318484445,0.0,0.7000916973191035,0.5469169654706589,1.0,0.00028356790654450475,0.0,4.242640687119285,0.377529851137588,0.07126439424998468
1379,236.06623142183267,0.19634954084936207,-4.336808689942018e-18,0.15329548988495587,0.41736734955540356,-5.000882520589389e-17,0.12022589162018517,0.3546255254067267,2.220446049250313e-16,7.975218667877675,13.55489362315492,5.551115123125783e-17,1.526120086678742,4.6388396685799265,0.0,2.731026171169453,6.83540109621657,0.009957452846503005,31.80205640023228,1.1645212594821657,32.97653511256095,36.15485243789848,-0.15337548171254411,0.0,0.704459072753131,0.5510835910405869,1.0,0.00028356790654450475,0.0,4.242640687119285,0.377529851137588,0.07126439424998468
1380,236.26258096268202,0.19634954084936207,-5.204170427930421e-18,0.15421559499363313,0.42623441132415907,-5.0442506074888094e-17,0.11915179056876653,0.3642379160364113,1.3877787807814457e-16,7.98613592341995,13.546380167265976,0.0,1.5270562721989203,4.637564813368662,-5.551115123125783e-17,2.73756943583567,6.8221963632185325,0.009952681712745867,31.889183493669314,1.1659504292310312,33.06508660461309,36.25449436616995,-0.15346622996629222,0.0,0.7034042557900799,0.5499380258237877,1.0,0.00028275665298273256,0.0,4.242640687119285,0.38425286642318696,0.07382513267721777
1382,236.65528004438073,0.19634954084936207,-5.637851296924623e-18,0.15553235741405147,0.4519903172503082,-5.027987574901527e-17,0.11717689238469117,0.38082983471823817,8.326672684688674e-17,8.00800942254628,13.526065729074148,0.0,1.528824517013404,4.624826254882672,-5.551115123125783e-17,2.7488145537092143,6.777933073506806,0.009919638560743857,32.064107455794996,1.1686522019106338,33.242679296266374,36.45144648986157,-0.15293361493180138,0.0,0.6971061382647586,0.5441725233329573,1.0,0.00028275665298273256,0.0,4.242640687119285,0.38425286642318696,0.07382513267721777
1383,236.85162958523009,0.19634954084936207,-1.734723475976807e-18,0.15585152138395708,0.4589907625928508,-5.0306980803327406e-17,0.11604878676400714,0.3800443772206244,1.1102230246251565e-16,8.01900047260093,13.550817518843308,-2.7755575615628914e-17,1.5295460052531034,4.6219526301235465,0.0,2.7536039735093922,6.789383930739257,0.009857419396709019,32.15218428978697,1.1697554910928631,33.33179720027655,36.54878309895962,-0.15261960432690885,0.0,0.6910712764210695,0.5384516720941606,1.0,0.00028275665298273256,0.0,4.242640687119285,0.38425286642318696,0.07382513267721777
1384,237.04797912607944,0.19634954084936207,-3.469446951953614e-18,0.15593981323503425,0.46311181529231854,-4.992751004295748e-17,0.11495371189939999,0.37242572179596445,1.1102230246251565e-16,8.030045113895918,13.584820738665409,0.0,1.5301393257790512,4.619471966648349,1.1102230246251565e-16,2.758040835197858,6.804982207029302,0.009772995008949657,32.24081226560184,1.1706631781477845,33.421248438758575,36.64574471403346,-0.1522828388122146,0.0,0.6887795040025115,0.5364966651902969,1.0,0.00028275665298273256,0.0,4.242640687119285,0.38425286642318696,0.07382513267721777
1386,237.44067820777815,0.19634954084936207,-5.637851296924623e-18,0.15542450580709094,0.4543408903924842,-5.006303531451817e-17,0.1143669268787103,0.3380657860079861,1.942890293094024e-16,8.05227862130817,13.642704013237816,0.0,1.5310815111512988,4.615160608659476,-1.1102230246251565e-16,2.766316942381042,6.772206041498311,0.009663392399944563,32.419595497588304,1.1721052968946721,33.60136418688292,36.83964702871778,-0.15164180697599391,0.0,0.6879769139976326,0.5363351070216387,1.0,0.00028275665298273256,0.0,4.242640687119285,0.38425286642318696,0.07382513267721777
1387,237.6370277486275,0.19634954084936207,-3.0357660829594124e-18,0.15483543318010706,0.44332458387508045,-5.084908188957016e-17,0.11537255213452846,0.3134269738040522,8.326672684688674e-17,8.06343556502717,13.66571723754355,0.0,1.5315439741290142,4.612803511537532,-1.1102230246251565e-16,2.770291584718225,6.731322943304388,0.009681653324679153,32.50949655567252,1.172813472345447,33.69199168134264,36.936924329065455,-0.15093098590516335,0.0,0.6887836828676682,0.5378526969625048,1.0,0.00028275665298273256,0.0,4.242640687119285,0.38425286642318696,0.07382513267721777
1388,237.83337728947686,0.19634954084936207,-5.204170427930421e-18,0.1540742492770736,0.4320254391498328,-5.003593026020603e-17,0.1170398832327165,0.28594552791271693,1.6653345369377348e-16,8.074593496886902,13.684892719343953,-2.7755575615628914e-17,1.5320623827894702,4.611195109573035,5.551115123125783e-17,2.7741448732026157,6.742491041342618,0.009737989644980244,32.59953006998413,1.1736075723792747,33.782875632008384,37.03437074431707,-0.15047382531849318,0.0,0.6890516292971262,0.538577803978633,1.0,0.00028275665298273256,0.0,4.242640687119285,0.38425286642318696,0.07382513267721777
1389,238.0297268303262,0.19634954084936207,-5.637851296924623e-18,0.1532221372158947,0.42363831729533236,-5.0984607161130846e-17,0.1188901282829889,0.30507534228110894,1.3877787807814457e-16,8.085739171199254,13.700648282126235,0.0,1.5326423560189524,4.621307859523725,-1.1102230246251565e-16,2.7776908703063796,6.803460494507403,0.009801443003468831,32.689588972333,1.1744962957316627,33.87388671106813,37.13158598096531,-0.1500870709969273,0.0,0.6873437144554966,0.5372566434585693,1.0,0.00028275665298273256,0.0,4.242640687119285,0.38425286642318696,0.07382513267721777
1391,238.42242591202492,0.19634954084936207,-6.938893903907228e-18,0.1517101032954002,0.4030120268026539,-5.095750210681871e-17,0.12143921375855048,0.3317738093239102,1.6653345369377348e-16,8.107995222612496,13.723870851696805,0.0,1.5338092517574882,4.648504684520884,0.0,2.782072774771285,6.909598536660258,0.009853755253320929,32.86979326495353,1.1762854103884328,34.055932430595284,37.321998650497086,-0.14958520162749844,0.0,0.6764891804769426,0.5269039788494442,1.0,0.00028212773570942406,0.0,4.242640687119285,0.38437829008474583,0.07387333494423651
1392,238.61877545287427,0.19634954084936207,-5.637851296924623e-18,0.15129184852944075,0.39272766170454576,-5.025277069470313e-17,0.12178478277690861,0.3276253975022582,5.551115123125783e-17,8.11912578016459,13.73213077420221,0.0,1.5342343313511357,4.678131545161108,0.0,2.7816748381324974,6.948334799536493,0.009839663525256205,32.960101717066614,1.1769374917482334,34.1468788723401,37.41299938846518,-0.14938887121276193,0.0,0.6550325391756697,0.5056436679629078,1.0,0.00028212773570942406,0.0,4.242640687119285,0.38437829008474583,0.07387333494423651
1393,238.81512499372363,0.19634954084936207,-3.903127820947816e-18,0.1512135211896296,0.3787709031384713,-5.025277069470313e-17,0.1215579585082475,0.3177256228603038,1.3877787807814457e-16,8.130276983769274,13.738464567679056,2.7755575615628914e-17,1.5344423499219526,4.70465321556547,1.1102230246251565e-16,2.778855193025861,6.975022070267519,0.009818148044893145,33.0507019164042,1.177256662617002,34.2377767270661,37.499983159310936,-0.14956376014790598,0.0,0.6350677232940269,0.485503963146121,1.0,0.00028212773570942406,0.0,4.242640687119285,0.38437829008474583,0.07387333494423651
1394,239.01147453457298,0.19634954084936207,-4.336808689942018e-18,0.15149348800270918,0.3758590275911502,-5.103881726975512e-17,0.12085769157818557,0.3154902866373148,8.326672684688674e-17,8.141462532807235,13.743031942820092,-2.7755575615628914e-17,1.5343867797212873,4.720468342567209,0.0,2.7735017153815127,6.989351412460008,0.00980125121013954,33.141706086552,1.1771713948917313,34.32867873265387,37.582774304156146,-0.14985572160200095,0.0,0.614371455129151,0.4645157335271501,1.0,0.00028212773570942406,0.0,4.242640687119285,0.38437829008474583,0.07387333494423651
1396,239.4041736162717,0.19634954084936207,-4.7704895589362195e-18,0.1529034290549104,0.3718963307677,-5.0306980803327406e-17,0.11832898678943943,0.3087924192852252,1.1102230246251565e-16,8.163957939512786,13.748245276082056,2.7755575615628914e-17,1.5335470636685824,4.733141324294954,0.0,2.7570909028516546,6.986458357664238,0.009775226727479566,33.32510461906692,1.1758832982432654,34.51076314403766,37.73906500885951,-0.1504386864744921,0.0,0.5916753302088881,0.441236643734396,1.0,0.00028212773570942406,0.0,4.242640687119285,0.38437829008474583,0.07387333494423651
1397,239.60052315712105,0.19634954084936207,-3.903127820947816e-18,0.15382350628810113,0.3856864211258405,-4.992751004295748e-17,0.11670732204127977,0.2948690503469737,1.6653345369377348e-16,8.175257735894803,13.750331114827027,-2.7755575615628914e-17,1.532920321238758,4.7279229531002285,-5.551115123125783e-17,2.7479661019522355,6.975224804243121,0.00975258876250936,33.4174195241539,1.1749223556333686,34.60209446854978,37.815872602502374,-0.1510667284253935,0.0,0.585530516322288,0.43446378789689455,1.0,0.00028212773570942406,0.0,4.242640687119285,0.38437829008474583,0.07387333494423651
1398,239.7968726979704,0.19634954084936207,-3.0357660829594124e-18,0.15473151422431014,0.39984744211606216,-5.063224145507306e-17,0.1151313120159429,0.281951825288403,1.1102230246251565e-16,8.18657402824864,13.771784897638064,0.0,1.5323200538919453,4.720545701266913,5.551115123125783e-17,2.7398304270519556,6.962956818625693,0.009725316335202095,33.509997159997575,1.174002373779707,34.69372485011248,37.894528331522096,-0.1514479596765046,0.0,0.5951024191183799,0.4436544594418753,1.0,0.00028212773570942406,0.0,4.242640687119285,0.38437829008474583,0.07387333494423651
1400,240.1895717796691,0.19634954084936207,-5.204170427930421e-18,0.1561112159415592,0.4092947562888801,-5.079487178094588e-17,0.11335515323014927,0.2821584847726507,1.942890293094024e-16,8.209189618345166,13.858587946944594,-2.7755575615628914e-17,1.531713923848861,4.722518722239378,0.0,2.7308189522038835,6.9512479094430315,0.009713322833601217,33.69539709497302,1.1730737722562372,34.87818419006285,38.06474844274238,-0.1518557555052931,0.0,0.627794789207552,0.475939033702259,1.0,0.00027898309709468327,0.0,4.242640687119285,0.3666803063928703,0.06722722354818461
1401,240.38592132051846,0.19634954084936207,-4.336808689942018e-18,0.15640613581255303,0.4066637268639558,-5.027987574901527e-17,0.11362717899704697,0.27906240739549654,1.6653345369377348e-16,8.220493694486684,13.894376993139524,0.0,1.5319205136838514,4.731475095402795,0.0,2.731420972352501,6.956933976570944,0.009751396044254207,33.78825829054768,1.1733902301226973,34.97139991671463,38.15916848945323,-0.15036748434981045,0.0,0.6725645353311278,0.5221970509813174,1.0,0.00027898309709468327,0.0,4.242640687119285,0.3666803063928703,0.06722722354818461
1402,240.58227086136782,0.19634954084936207,-6.071532165918825e-18,0.15632802504796134,0.4021550364991041,-5.0442506074888094e-17,0.11469410580566645,0.29017584093099147,2.220446049250313e-16,8.231777885069286,13.92075750420548,0.0,1.532466403110397,4.743579809550601,1.1102230246251565e-16,2.735681949169337,6.969401613371824,0.009812806780429666,33.88108357455789,1.1742266383310584,35.06512301966938,38.26001770429339,-0.15037206704878697,0.0,0.7048784604277886,0.5545063933790015,1.0,0.00027898309709468327,0.0,4.242640687119285,0.3666803063928703,0.06722722354818461
1403,240.77862040221717,0.19634954084936207,-5.204170427930421e-18,0.15581987844904613,0.41053968412496034,-5.0415401020575956e-17,0.116343887904993,0.3032947035981025,1.942890293094024e-16,8.24305532384583,13.936228482313677,0.0,1.533293003245109,4.750123001515323,-5.551115123125783e-17,2.7432896538551663,6.985279708321813,0.009875881281075687,33.97398053599154,1.1754937169002029,35.15935013417282,38.366766144809176,-0.1502675964195402,0.0,0.734458673025776,0.5841910766062358,1.0,0.00027898309709468327,0.0,4.242640687119285,0.3666803063928703,0.06722722354818461
1405,241.17131948391588,0.19634954084936207,-3.903127820947816e-18,0.15361040776574364,0.42192491011869104,-5.084908188957016e-17,0.12004690650171353,0.31679062532039404,1.942890293094024e-16,8.2656689094566,13.958578680805282,0.0,1.5353319243279953,4.743439303352081,-5.551115123125783e-17,2.765323118176555,7.006360927731267,0.00990950915888933,34.16064126037874,1.1786220589303522,35.34917282846798,38.59248811333719,-0.14997224889702093,0.0,0.7650127339359514,0.6150404850389304,1.0,0.00027898309709468327,0.0,4.242640687119285,0.3666803063928703,0.06722722354818461
1406,241.36766902476523,0.19634954084936207,-4.336808689942018e-18,0.152194867997217,0.4223734297445239,-5.106592232406726e-17,0.12142954387112175,0.31839848387996755,1.3877787807814457e-16,8.277039179929847,13.976008573853525,0.0,1.5362822180258904,4.730101533006857,-1.1102230246251565e-16,2.77741848224734,7.000891140596838,0.009857281191845303,34.254688793046874,1.1800815267112745,35.44462760095,38.707503552554144,-0.14964026273525216,0.0,0.7756996156217305,0.6260593528864784,1.0,0.00027898309709468327,0.0,4.242640687119285,0.3666803063928703,0.06722722354818461
1407,241.5640185656146,0.19634954084936207,-4.336808689942018e-18,0.15089596566628416,0.41913558042748567,-5.0523821237824507e-17,0.12219291403157052,0.3300094966740287,1.942890293094024e-16,8.288459665194692,14.00441514565972,-2.7755575615628914e-17,1.5370432830494374,4.710935423067261,0.0,2.7884935606151595,6.9799121571442395,0.009770851347069745,34.34928181077966,1.1812510269836962,35.540303689110424,38.820992727244025,-0.14946178452348405,0.0,0.7679961438591909,0.6185343593357069,1.0,0.00027898309709468327,0.0,4.242640687119285,0.3666803063928703,0.06722722354818461
1408,241.76036810646394,0.19634954084936207,-6.071532165918825e-18,0.14996941337345404,0.4114255859093868,-5.003593026020603e-17,0.12227640206357177,0.3401472216710892,1.3877787807814457e-16,8.29992156688907,14.026267296518768,0.0,1.5375595985880413,4.687069944758957,0.0,2.79737749445204,6.942795305637243,0.009674027478434846,34.44434900825515,1.1820447596051094,35.6360677953387,38.930949183489844,-0.14935380906454376,0.0,0.7502641865415307,0.600910377476987,1.0,0.00027898309709468327,0.0,4.242640687119285,0.3666803063928703,0.06722722354818461
1410,242.15306718816265,0.19634954084936207,-6.938893903907228e-18,0.14978919984347783,0.4110906984187159,-5.0659346509385195e-17,0.12078852224752515,0.33770578714279614,2.7755575615628914e-16,8.322894005144777,14.042896210595822,0.0,1.5378629087005597,4.639865433579514,0.0,2.8056052344586235,6.85805906908234,0.009536073434449467,34.63528231043743,1.182511162978473,35.82732954685035,39.13512430736667,-0.1493627428776365,0.0,0.7108284872278727,0.5614657443502362,1.0,0.00027859121903978725,0.0,4.242640687119285,0.3808086602089604,0.07250761784507175
1411,242.349416729012,0.19634954084936207,-4.7704895589362195e-18,0.15048554481262458,0.41505953669934365,-5.0659346509385195e-17,0.11954476492683833,0.32638617541636994,2.220446049250313e-16,8.334367982423512,14.037801874670002,2.7755575615628914e-17,1.5377370364458993,4.612245629980619,-5.551115123125783e-17,2.8046236308004144,6.862268848969605,0.009509976234979322,34.730844833223074,1.1823175966287085,35.92267240608676,39.22878670453538,-0.14932424188237592,0.0,0.668360075678953,0.519035833796577,1.0,0.00027859121903978725,0.0,4.242640687119285,0.3808086602089604,0.07250761784507175
1412,242.54576626986136,0.19634954084936207,-6.5052130349130266e-18,0.15150849472697964,0.43206211766745134,-5.0876186943882296e-17,0.11814275324965764,0.3305032193272617,2.498001805406602e-16,8.345815792749399,14.02510375641306,2.7755575615628914e-17,1.5374995739835355,4.595224650691281,5.551115123125783e-17,2.800784408338187,6.8528890747983615,0.009502254129059626,34.82632062325263,1.1819524699997768,36.017775347381466,39.31771400891862,-0.1495197152444543,0.0,0.6446454089183027,0.4951256936738484,1.0,0.00027859121903978725,0.0,4.242640687119285,0.3808086602089604,0.07250761784507175
1414,242.93846535156007,0.19634954084936207,-4.119968255444917e-18,0.1538059790803733,0.4545346040232594,-5.106592232406726e-17,0.11520014941753011,0.3391784596051671,1.6653345369377348e-16,8.368648588993281,13.983820905749544,2.7755575615628914e-17,1.5368880256604311,4.613533138662257,5.551115123125783e-17,2.7880377730191706,6.856251515371755,0.009499143526375039,35.017139603029634,1.1810124017092087,36.20765114826522,39.48741529839546,-0.1498503199692469,0.0,0.6242415511897855,0.4743912312205386,1.0,0.00027859121903978725,0.0,4.242640687119285,0.3808086602089604,0.07250761784507175
1415,243.13481489240942,0.19634954084936207,-5.421010862427522e-18,0.15476969439326962,0.45817445202584994,-5.0550926292136644e-17,0.11394209147553674,0.3400568992976543,1.3877787807814457e-16,8.380063148608734,13.959201831635422,-2.7755575615628914e-17,1.536579911872106,4.630502171088416,5.551115123125783e-17,2.7811069651748133,6.836404780933833,0.00950136949246086,35.11272918733506,1.1805389127844443,36.30276946961197,39.57163848936724,-0.1501445955530203,0.0,0.6211356305061285,0.47099103495310823,1.0,0.00027859121903978725,0.0,4.242640687119285,0.3808086602089604,0.07250761784507175
1416,243.33116443325878,0.19634954084936207,-4.7704895589362195e-18,0.15543525476276934,0.4595480356737336,-5.0442506074888094e-17,0.11314413534422686,0.3375031515215228,1.1102230246251565e-16,8.391501949630772,13.946249828119077,5.551115123125783e-17,1.53629358313694,4.637858010327931,-5.551115123125783e-17,2.774983632179482,6.809602801506922,0.009514003641201672,35.208652485328535,1.1800989867938687,36.3982654757636,39.65750868545075,-0.1502712987244372,0.0,0.6294105171674629,0.47913921844302565,1.0,0.00027859121903978725,0.0,4.242640687119285,0.3808086602089604,0.07250761784507175
1417,243.52751397410813,0.19634954084936207,-3.903127820947816e-18,0.1556891926984024,0.4560869535211465,-5.063224145507306e-17,0.1130368868943033,0.3307882771796278,1.942890293094024e-16,8.402980789044278,13.951961347523202,2.7755575615628914e-17,1.5360361359430532,4.635171988539109,5.551115123125783e-17,2.770300704876447,6.799734401374084,0.009537814620107776,35.305043070523595,1.1797035054614327,36.49428439060514,39.74612071483509,-0.15032254036307352,0.0,0.6431416380973771,0.4928190977343036,1.0,0.00027859121903978725,0.0,4.242640687119285,0.3808086602089604,0.07250761784507175
1419,243.92021305580684,0.19634954084936207,-3.0357660829594124e-18,0.1547049251292421,0.4365793762340088,-5.074066167232161e-17,0.1149582586023481,0.30352982525173533,2.220446049250313e-16,8.426082223519085,13.967788760837623,2.7755575615628914e-17,1.535621082943269,4.59957779173026,5.551115123125783e-17,2.766387332372768,6.76996364647584,0.009569275048593038,35.49943081875217,1.179066055189929,36.688066148990686,39.933414899812995,-0.150243710107251,0.0,0.6682568693922948,0.5180131592850438,1.0,0.00027859121903978725,0.0,4.242640687119285,0.3808086602089604,0.07250761784507175
1420,244.1165625966562,0.19634954084936207,-2.6020852139652106e-18,0.15353639886014767,0.42339552537863845,-5.0334085857639543e-17,0.11653582256239309,0.32846391529619934,3.0531133177191805e-16,8.437693543877252,13.970177979153448,0.0,1.5354713730972331,4.56708299623219,0.0,2.7669447541435885,6.744357568999351,0.009546425994777799,35.597336170193934,1.1788361688005513,36.78571876498926,40.031670417360154,-0.15004146551642678,0.0,0.691156044443221,0.5411145789267942,1.0,0.0002773501212280286,0.0,4.242640687119285,0.374501333234697,0.07012562429728278
1421,244.31291213750555,0.19634954084936207,-5.204170427930421e-18,0.15213556231413058,0.40968084074881184,-5.038829596626382e-17,0.11811574214499367,0.3459369136652874,1.6653345369377348e-16,8.449335840279064,13.969069126847614,-2.7755575615628914e-17,1.5353831963836921,4.525522405117696,0.0,2.768590755177003,6.713508324692929,0.009497919991339697,35.69563807091215,1.1787007798687015,36.88383677077219,40.13211313844682,-0.14920244855158377,0.0,0.70117288398355,0.5519704354319663,1.0,0.0002773501212280286,0.0,4.242640687119285,0.374501333234697,0.07012562429728278
1422,244.5092616783549,0.19634954084936207,-3.469446951953614e-18,0.15077318572214055,0.39591599667661337,-5.079487178094588e-17,0.11948216366051553,0.3520735735669251,1.942890293094024e-16,8.460980782295726,13.999864987765804,0.0,1.5353501489400379,4.534786584076157,5.551115123125783e-17,2.770650183087354,6.767251632806753,0.009446555225039852,35.7940978991888,1.1786500399250979,36.982194494338934,40.233500192265375,-0.14903509672410314,0.0,0.7058677915338469,0.5568326948097437,1.0,0.0002773501212280286,0.0,4.242640687119285,0.374501333234697,0.07012562429728278
1424,244.9019607600536,0.19634954084936207,-6.5052130349130266e-18,0.14927684555680973,0.371553246763783,-5.095750210681871e-17,0.12118669620119446,0.3436442525214638,8.326672684688674e-17,8.484229755092949,14.025601446454935,5.551115123125783e-17,1.5354605538689947,4.6058583753769025,-5.551115123125783e-17,2.773903892058968,6.882957565445605,0.009445055133247253,35.991077268602275,1.1788195562438397,37.17934187997936,40.43568799286577,-0.14881492161673665,0.0,0.7044496651210594,0.5556347435043227,1.0,0.0002773501212280286,0.0,4.242640687119285,0.374501333234697,0.07012562429728278
1425,245.09831030090297,0.19634954084936207,-3.469446951953614e-18,0.14949574754420755,0.3726372729632056,-5.0306980803327406e-17,0.12133980676242348,0.3303635156130318,1.942890293094024e-16,8.495831729073073,14.020050345370217,5.551115123125783e-17,1.5355849847960157,4.64570573428864,-1.1102230246251565e-16,2.774749522140434,6.940817678506132,0.009510292402414123,36.089578384362376,1.1790106227654897,37.27809929953028,40.53590334816278,-0.14865265700885938,0.0,0.7000997873315573,0.551447130322698,1.0,0.0002773501212280286,0.0,4.242640687119285,0.374501333234697,0.07012562429728278
1426,245.29465984175232,0.19634954084936207,-2.6020852139652106e-18,0.15036042410573744,0.3716414302552577,-5.079487178094588e-17,0.12084823236122887,0.3159895297338272,1.6653345369377348e-16,8.50743320389445,14.005108092126665,0.0,1.5357236575347997,4.6863117686252656,1.1102230246251565e-16,2.775357764716062,6.995630364894817,0.009593149434091324,36.188209859362885,1.1792235761560312,37.37702658495301,40.635955056094865,-0.1485913534122718,0.0,0.6992376367465882,0.5506462833343164,1.0,0.0002773501212280286,0.0,4.242640687119285,0.374501333234697,0.07012562429728278
1428,245.68735892345103,0.19634954084936207,-6.5052130349130266e-18,0.15323803135784195,0.3661776079220578,-5.071355661800947e-17,0.11787022030199451,0.2966931262737088,1.6653345369377348e-16,8.530705209412089,14.019330104903327,2.7755575615628914e-17,1.5359198231109825,4.756514320966052,0.0,2.777476100672954,7.08633931586644,0.009704353509378393,36.38646568494527,1.1795248515126358,37.57569488996729,40.83810058372847,-0.14856191056805496,0.0,0.7041649992930246,0.5556030887249697,1.0,0.0002773501212280286,0.0,4.242640687119285,0.374501333234697,0.07012562429728278
1429,245.88370846430038,0.19634954084936207,-5.637851296924623e-18,0.15471064336831938,0.3721393943213315,-5.006303531451817e-17,0.11589572381661109,0.28549844607074853,1.1102230246251565e-16,8.54240213386475,14.052506029835053,2.7755575615628914e-17,1.5359363114790536,4.782158308786483,-1.1102230246251565e-16,2.779521471473833,7.1179396204921614,0.009720281560762304,36.4863171083285,1.1795501764599403,37.6755875663492,40.94108743761285,-0.14856528438071254,0.0,0.7135395872814672,0.5649743029007546,1.0,0.0002773501212280286,0.0,4.242640687119285,0.374501333234697,0.07012562429728278
1430,246.08005800514974,0.19634954084936207,-5.637851296924623e-18,0.1558749149989458,0.3850344623243295,-5.063224145507306e-17,0.11422752586314693,0.28261055819507086,1.6653345369377348e-16,8.554142203551741,14.085977038622302,-2.7755575615628914e-17,1.5359002788031584,4.799814570793615,0.0,2.78225552332592,7.138548139071112,0.009728394960037592,36.58667441929252,1.1794948332138095,37.775897647466365,41.04544784589111,-0.14856011329928265,0.0,0.7203126267403663,0.5717525134410837,1.0,0.00027595348229107427,0.0,4.242640687119285,0.3717467812093078,0.06909783466974048
1431,246.2764075459991,0.19634954084936207,-4.9873299934333204e-18,0.15656863755920622,0.393878966966052,-5.036119091195168e-17,0.11327212484353798,0.28486205964164424,1.3877787807814457e-16,8.565925884589879,14.117133265979156,5.551115123125783e-17,1.535850908588467,4.809114169441109,1.1102230246251565e-16,2.7855399953174484,7.148162716355601,0.009740881526178293,36.687543130143446,1.1794190067060097,37.876703018375636,41.151114952770186,-0.1477918090042019,0.0,0.7258427629479547,0.5780509539437528,1.0,0.00027595348229107427,0.0,4.242640687119285,0.3717467812093078,0.06909783466974048
1433,246.6691066276978,0.19634954084936207,-5.204170427930421e-18,0.15630464087200555,0.40314352789236085,-5.022566564039099e-17,0.11358738421339935,0.31462226102139845,2.7755575615628914e-17,8.589518527555677,14.170651290591936,0.0,1.5357811834242672,4.803278362243043,-5.551115123125783e-17,2.7927024229217428,7.137310403074709,0.009738542766827318,36.88991426761112,1.1793119216800212,38.07896473205796,41.36405709594609,-0.1477193750421132,0.0,0.7296965304230261,0.5819771553809129,1.0,0.00027595348229107427,0.0,4.242640687119285,0.3717467812093078,0.06909783466974048
1434,246.86545616854715,0.19634954084936207,-4.9873299934333204e-18,0.15539795817304167,0.40251711583918676,-5.003593026020603e-17,0.11433810893181208,0.3233145570763853,1.3877787807814457e-16,8.601295742437083,14.191960952725182,2.7755575615628914e-17,1.5357880905027648,4.789815851662134,5.551115123125783e-17,2.7959188212796966,7.119861375806261,0.009681701227109723,36.99114422443316,1.1793225294650642,38.18014845512533,41.47010473949062,-0.14762109977581564,0.0,0.727293126173595,0.5796720263977794,1.0,0.00027595348229107427,0.0,4.242640687119285,0.3717467812093078,0.06909783466974048
1435,247.0618057093965,0.19634954084936207,-5.854691731421724e-18,0.15410035917582451,0.4037001545674268,-5.003593026020603e-17,0.11519053738305311,0.32484126847385375,1.1102230246251565e-16,8.613051158930231,14.220245559699208,-2.7755575615628914e-17,1.5357992157605778,4.777400257024759,0.0,2.7982578944765675,7.096264126279189,0.009581516335641308,37.09232513317468,1.1793396155654028,38.28124626507573,41.57475263652125,-0.1475759264460235,0.0,0.7200858918554515,0.572509965409428,1.0,0.00027595348229107427,0.0,4.242640687119285,0.3717467812093078,0.06909783466974048
1436,247.25815525024586,0.19634954084936207,-5.204170427930421e-18,0.1525726502541837,0.40665673286652987,-5.0306980803327406e-17,0.11616804836763074,0.32366487488486906,2.498001805406602e-16,8.624789941416429,14.245434356299338,2.7755575615628914e-17,1.535764370346202,4.764548429041421,5.551115123125783e-17,2.7991250749856507,7.067175993460369,0.009465440929826286,37.193500766778996,1.179286100612433,38.38225230832125,41.677015728995315,-0.1475757189430908,0.0,0.7080289768400368,0.5604532578969461,1.0,0.00027595348229107427,0.0,4.242640687119285,0.3717467812093078,0.06909783466974048
1438,247.65085433194457,0.19634954084936207,-4.9873299934333204e-18,0.1497360416925146,0.4108374110864115,-5.079487178094588e-17,0.11881853786659707,0.31672042590069954,1.1102230246251565e-16,8.64827251516813,14.276284949983218,0.0,1.535306144095,4.731586240008835,1.1102230246251565e-16,2.7945752989530646,6.9917124281131295,0.00934202643257647,37.39630874830625,1.1785824780479284,38.58423325278675,41.87142152824472,-0.14771217412653256,0.0,0.68279792955922,0.5350857554326874,1.0,0.00027595348229107427,0.0,4.242640687119285,0.3717467812093078,0.06909783466974048
1439,247.84720387279393,0.19634954084936207,-5.421010862427522e-18,0.14893948720321998,0.4113306274498051,-5.036119091195168e-17,0.12018618400568977,0.31577167128828476,1.3877787807814457e-16,8.660047728200492,14.28126523778522,0.0,1.5347872252834123,4.7125867053583645,-1.1102230246251565e-16,2.7890359670183824,6.944328603355072,0.00936999819456263,37.498213327355266,1.1777859134465776,38.68536923899641,41.96340999127995,-0.14801819300472852,0.0,0.6570568517545063,0.5090386587497778,1.0,0.00027595348229107427,0.0,4.242640687119285,0.3717467812093078,0.06909783466974048
1440,248.04355341364328,0.19634954084936207,-3.686287386450715e-18,0.1488196222485734,0.4105916543344068,-5.074066167232161e-17,0.12102154345914586,0.3123709707025754,1.1102230246251565e-16,8.671860110267552,14.280329479358544,0.0,1.5340644968525654,4.687629145176613,0.0,2.781962186234699,6.890591991256613,0.0094341192120305,37.60057888602477,1.1766769402517574,38.78668994548856,42.05298155926304,-0.14834310687752528,0.0,0.6453085391009334,0.49696543222340817,1.0,0.00027351095539616054,0.0,4.242640687119285,0.36283684345865613,0.06582528748552066
1442,248.436252495342,0.19634954084936207,-4.7704895589362195e-18,0.15057142135353055,0.41383472422295914,-4.990040498864534e-17,0.11983757579626597,0.3168854096512011,2.498001805406602e-16,8.69563330550504,14.277488689361013,0.0,1.5322809930967554,4.635013580068233,-1.1102230246251565e-16,2.76711926295797,6.821513996335244,0.009542353749778902,37.80701929190426,1.1739425209027892,38.99050416655683,42.231822921626545,-0.14768324115719322,0.0,0.6435483626785294,0.4958651215213362,1.0,0.00027351095539616054,0.0,4.242640687119285,0.36283684345865613,0.06582528748552066
1443,248.63260203619134,0.19634954084936207,-6.5052130349130266e-18,0.15204086738150957,0.4174626409054877,-5.0876186943882296e-17,0.1180417953835854,0.32271972660647097,8.326672684688674e-17,8.707553471247705,14.304902366096933,0.0,1.5313875209553842,4.615176602554976,-1.1102230246251565e-16,2.761339255402596,6.782273253474925,0.009563879965333423,37.91074372731899,1.1725738696689387,39.09288147695326,42.32420385714759,-0.14838496836869824,0.0,0.6590478251429184,0.5106628567742202,1.0,0.00027351095539616054,0.0,4.242640687119285,0.36283684345865613,0.06582528748552066
1444,248.8289515770407,0.19634954084936207,-6.7220534694101275e-18,0.15351189768086165,0.42720529923729683,-5.0523821237824507e-17,0.1161199223079945,0.3226118846263717,2.220446049250313e-16,8.719474934827199,14.330056078059338,0.0,1.5306438677124972,4.616451283681104,0.0,2.7577701080956034,6.764519043271672,0.009580658361364068,38.01462156953989,1.1714353248829363,39.19563755278419,42.42050278932564,-0.14877870474066246,0.0,0.6790871368685409,0.5303084321278785,1.0,0.00027351095539616054,0.0,4.242640687119285,0.36283684345865613,0.06582528748552066
1445,249.02530111789005,0.19634954084936207,-5.854691731421724e-18,0.15473041289283118,0.43992353790997774,-5.0415401020575956e-17,0.11460871580266672,0.3315599504131307,8.326672684688674e-17,8.731382966582052,14.350290104994011,5.551115123125783e-17,1.5301422528589657,4.609195690893377,-5.551115123125783e-17,2.7569382289248527,6.795513266069706,0.009606664788461984,38.118524254559595,1.1706676569921552,39.29879857634022,42.52165750082135,-0.14904707825110583,0.0,0.703728425763463,0.5546813475123571,1.0,0.00027351095539616054,0.0,4.242640687119285,0.36283684345865613,0.06582528748552066
1447,249.41800019958876,0.19634954084936207,-4.119968255444917e-18,0.1559260520299718,0.45030310200371904,-5.0523821237824507e-17,0.11340113442946156,0.35574879228510486,1.942890293094024e-16,8.755135598061534,14.372381644699834,0.0,1.529995309951428,4.579557647788774,0.0,2.763999224435257,6.816980054121573,0.009653489817975407,38.326199670222145,1.1704428242366829,39.506295984276804,42.73945557093673,-0.14911951240995713,0.0,0.7426459755358891,0.5935264631259319,1.0,0.00027351095539616054,0.0,4.242640687119285,0.36283684345865613,0.06582528748552066
1448,249.61434974043812,0.19634954084936207,-4.7704895589362195e-18,0.15589420031777407,0.4507786159333188,-5.038829596626382e-17,0.11331824586662939,0.35733735433635894,1.6653345369377348e-16,8.766993340024342,14.374262569980273,2.7755575615628914e-17,1.5302669325993972,4.572250438886082,-5.551115123125783e-17,2.771187042636265,6.814025543511806,0.009631297552066546,38.43008611201559,1.1708584425035837,39.61057585207124,42.854893253399105,-0.14885293500145616,0.0,0.7751114717545702,0.626258536753114,1.0,0.00027351095539616054,0.0,4.242640687119285,0.36283684345865613,0.06582528748552066
1449,249.81069928128747,0.19634954084936207,-5.204170427930421e-18,0.15550876537915856,0.44561465357384855,-5.046961112920023e-17,0.11334772675311436,0.3502935269925589,0.0,8.77886160493673,14.371243040034308,0.0,1.5306285946434228,4.565876420822059,0.0,2.779666170133353,6.806531110970529,0.009567391115163259,38.53420553931615,1.1714119473700495,39.715184877801356,42.97276370986505,-0.14847996981579847,0.0,0.786885065721165,0.6384050959053665,1.0,0.00027351095539616054,0.0,4.242640687119285,0.36283684345865613,0.06582528748552066
1450,250.00704882213682,0.19634954084936207,-4.9873299934333204e-18,0.15482465830556622,0.4354746559097629,-5.0198560586078855e-17,0.11359369970535389,0.33594231417153764,-2.7755575615628914e-17,8.790761385086478,14.387788506278863,5.551115123125783e-17,1.5309453254628846,4.562258307806573,-5.551115123125783e-17,2.7882082691777765,6.797255991460428,0.009482692767731258,38.63874286476376,1.1718967947783285,39.820122352309824,43.09102759221221,-0.14799876853391924,0.0,0.788358727065014,0.6403599585310947,1.0,0.00027367981325938565,0.0,4.242640687119285,0.37713442845147976,0.07111518856171216
1452,250.39974790383553,0.19634954084936207,-3.903127820947816e-18,0.15282230438455405,0.4124415371494398,-5.006303531451817e-17,0.11561134835533828,0.2959709520681577,1.3877787807814457e-16,8.814709475999301,14.447797048573765,2.7755575615628914e-17,1.5309874584909147,4.550580271192564,0.0,2.8006842635820575,6.7782244642575815,0.009383675641550352,38.849551573135926,1.171961299028235,40.03089654780571,43.32069257978851,-0.14724513849016002,0.0,0.7704843734354239,0.6232392349452638,1.0,0.00027367981325938565,0.0,4.242640687119285,0.37713442845147976,0.07111518856171216
1453,250.5960974446849,0.19634954084936207,-4.553649124439119e-18,0.15171951875007147,0.40009201773373426,-4.979198477139679e-17,0.11736544520631743,0.28500732038114845,1.6653345369377348e-16,8.826761268643075,14.47280721431387,-2.7755575615628914e-17,1.5305999883336456,4.544979627837854,5.551115123125783e-17,2.803020816434609,6.7670971847253645,0.0094010445913335,38.95585724680874,1.171368162143478,40.136626453543556,43.42936455397577,-0.14639512805418253,0.0,0.7388160452189921,0.5924209171648096,1.0,0.00027367981325938565,0.0,4.242640687119285,0.37713442845147976,0.07111518856171216
1454,250.79244698553424,0.19634954084936207,-3.903127820947816e-18,0.15075526845265463,0.3889381152742728,-5.071355661800947e-17,0.11913405752400438,0.30757911688179423,1.1102230246251565e-16,8.838848118654852,14.491088922137429,2.7755575615628914e-17,1.5299535994116995,4.543913074003027,-5.551115123125783e-17,2.8024728969684354,6.770787269834252,0.009443063583058018,39.062618032324195,1.1703790081764076,40.242440104083656,43.533359783585595,-0.14591608436186,0.0,0.7148621887376913,0.5689461043758313,1.0,0.00027367981325938565,0.0,4.242640687119285,0.37713442845147976,0.07111518856171216
1456,251.18514606723295,0.19634954084936207,-6.071532165918825e-18,0.14981240336530954,0.36774261178410333,-4.9737774662772516e-17,0.12090607144607254,0.3130981676301101,1.3877787807814457e-16,8.863044754130133,14.505102823315251,2.7755575615628914e-17,1.528163458251312,4.5565476454290526,-1.1102230246251565e-16,2.7942834470540983,6.894492814445862,0.009482550302302106,39.27678115685684,1.1676417775673045,40.45390548472645,43.72971265756351,-0.14548265414627878,0.0,0.6850611480734781,0.5395784939271993,1.0,0.00027367981325938565,0.0,4.242640687119285,0.37713442845147976,0.07111518856171216
1457,251.3814956080823,0.19634954084936207,-5.204170427930421e-18,0.14994303983545315,0.3663716885291284,-4.9846194880021066e-17,0.12054200873737216,0.32339702169891227,2.220446049250313e-16,8.875120528342867,14.501882963797788,-2.7755575615628914e-17,1.52718775456982,4.577361351429548,5.551115123125783e-17,2.7879310601069913,6.947089534934992,0.009453839602823018,39.38388219630648,1.1661512188540044,40.559487254763305,43.82422956451281,-0.14540930592061685,0.0,0.6663673606861857,0.5209580547655689,1.0,0.00027367981325938565,0.0,4.242640687119285,0.37713442845147976,0.07111518856171216
1458,251.57784514893166,0.19634954084936207,-4.119968255444917e-18,0.15039938430362088,0.3635698631335731,-5.103881726975512e-17,0.1195286938020411,0.3339661862951543,2.7755575615628914e-17,8.887172201173078,14.493746054426422,5.551115123125783e-17,1.5262498023506665,4.597628266380433,-1.1102230246251565e-16,2.781033012228939,6.989004990387005,0.009405548630001755,39.49091486665178,1.1647192295877242,40.6650396448695,43.91797792053615,-0.14560117666142625,0.0,0.6625372226997812,0.516936046038355,1.0,0.00027367981325938565,0.0,4.242640687119285,0.37713442845147976,0.07111518856171216
1459,251.774194689781,0.19634954084936207,-6.071532165918825e-18,0.15104975166816542,0.3606228406657641,-5.074066167232161e-17,0.11815766255693212,0.3321243912325693,1.3877787807814457e-16,8.899205104574623,14.482762913033351,-5.551115123125783e-17,1.525385214793496,4.615695820263007,0.0,2.7742882849550257,7.018363076507718,0.00935543725524323,39.59792574664351,1.1634000267552995,40.770681210654054,44.01218361917981,-0.14593800548406255,0.0,0.6650304876002637,0.5190924821162012,1.0,0.00027367981325938565,0.0,4.242640687119285,0.37713442845147976,0.07111518856171216
1461,252.16689377147972,0.19634954084936207,-5.204170427930421e-18,0.1524159360625416,0.37812441717103373,-5.057803134644878e-17,0.11520618447987536,0.3074645346500363,2.7755575615628914e-17,8.923286408679902,14.459180178678118,0.0,1.523906258561372,4.640836274286168,5.551115123125783e-17,2.7636700122054187,7.039923718144306,0.009277625543306509,39.812520165665724,1.1611451424412595,40.982942933650286,44.206313498909694,-0.14601500870443082,0.0,0.679128984267922,0.5331139755634912,1.0,0.00027143447145950515,0.0,4.242640687119285,0.3610232809807751,0.06516890470506184
1462,252.36324331232908,0.19634954084936207,-5.421010862427522e-18,0.15296233202299753,0.39493388629233617,-5.0415401020575956e-17,0.11385162127355698,0.2879632820073632,2.7755575615628914e-17,8.935364962323284,14.473700917007712,2.7755575615628914e-17,1.5232481603115136,4.6488686828853325,-5.551115123125783e-17,2.7605309800367563,7.035807788840364,0.00924338984273332,39.92037350495729,1.1601424789462054,41.089759373746226,44.30744530146296,-0.14615044996350385,0.0,0.6993524155514357,0.5532019655879319,1.0,0.00027143447145950515,0.0,4.242640687119285,0.3610232809807751,0.06516890470506184
1463,252.55959285317843,0.19634954084936207,-5.637851296924623e-18,0.15336499873172735,0.4059935554423096,-5.003593026020603e-17,0.11274062015614746,0.2858588261317315,2.498001805406602e-16,8.947476795806889,14.496716444783388,-2.7755575615628914e-17,1.522597784560489,4.650779322307952,0.0,2.7588573077387397,7.025652571471418,0.009210789462369291,40.02867050575135,1.1591520067742542,41.19703330198798,44.41123459276735,-0.14658544240048593,0.0,0.7130156412411118,0.566430198840626,1.0,0.00027143447145950515,0.0,4.242640687119285,0.3610232809807751,0.06516890470506184
1464,252.75594239402778,0.19634954084936207,-5.854691731421724e-18,0.1536039665533273,0.4123510722941623,-5.079487178094588e-17,0.11208739476005397,0.285385901778746,1.1102230246251565e-16,8.959623498297239,14.516754128618544,0.0,1.5219338037629693,4.652405192431699,0.0,2.7583106749490223,7.0125776438485525,0.009189662061863047,40.13742661562003,1.15814125151821,41.3047575292001,44.5171337811935,-0.14692941281543268,0.0,0.723867230934318,0.5769378181188853,1.0,0.00027143447145950515,0.0,4.242640687119285,0.3610232809807751,0.06516890470506184
1466,253.1486414757265,0.19634954084936207,-5.421010862427522e-18,0.1534865388721667,0.41022509952980285,-5.114723748700367e-17,0.11291763369769714,0.277125460573598,5.551115123125783e-17,8.983989806872884,14.544470871878133,0.0,1.5205497820360798,4.667735557524955,0.0,2.758500938070851,6.985105142377096,0.009232591946848494,40.35603642499794,1.156035819824985,41.52130483676977,44.73185906143596,-0.147220315880462,0.0,0.7314626300888389,0.5842423142083769,1.0,0.00027143447145950515,0.0,4.242640687119285,0.3610232809807751,0.06516890470506184
1467,253.34499101657585,0.19634954084936207,-4.9873299934333204e-18,0.15307624130871123,0.39943939099508907,-4.9981720151581754e-17,0.11438894656668572,0.28168128520904845,1.1102230246251565e-16,8.996181783813093,14.555897340192693,-2.7755575615628914e-17,1.5198574484179166,4.679528744362099,-1.1102230246251565e-16,2.758309295661422,6.9704382829941025,0.009299204628038727,40.465643343705246,1.1549833317557099,41.62992588008899,44.839142157888396,-0.14728880569639333,0.0,0.7311577366713381,0.5838689309749447,1.0,0.00027143447145950515,0.0,4.242640687119285,0.3610232809807751,0.06516890470506184
1468,253.5413405574252,0.19634954084936207,-5.854691731421724e-18,0.15243152164494475,0.39895075359055543,-5.063224145507306e-17,0.11623004447779196,0.2886744455026674,8.326672684688674e-17,9.008361630430183,14.56245931525468,0.0,1.519196720817669,4.689653035218688,-5.551115123125783e-17,2.7576505583338977,6.952425073509869,0.009374843952757884,40.57528963230338,1.1539793382715793,41.73864381452772,44.9458750353067,-0.14721452314373218,0.0,0.7283579361565616,0.5811434130128295,1.0,0.00027143447145950515,0.0,4.242640687119285,0.3610232809807751,0.06516890470506184
1470,253.9340396391239,0.19634954084936207,-6.288372600415926e-18,0.15073691567679584,0.4116720902193395,-5.0442506074888094e-17,0.11957836189347384,0.3099200741046889,8.326672684688674e-17,9.032667494526855,14.564739140539162,2.7755575615628914e-17,1.5180437496272734,4.702100847344446,-5.551115123125783e-17,2.7556036572792024,6.894844865388826,0.00946152564455779,40.79454103334102,1.152228412891216,41.9562309718768,45.15866429409084,-0.14700643357839885,0.0,0.7265063479851146,0.5794999144067158,1.0,0.00026807013773926295,0.0,4.242640687119285,0.35056087636710626,0.06144646401963677
1471,254.13038917997326,0.19634954084936207,-4.553649124439119e-18,0.14996861296182154,0.41249367639395385,-5.025277069470313e-17,0.12055224777606147,0.321356751882148,1.942890293094024e-16,9.044833878219272,14.562152156458474,0.0,1.5175914632757546,4.703519984544074,-5.551115123125783e-17,2.7550208797658575,6.852161694051465,0.00944936786356943,40.90450994229155,1.1515419247037229,42.065501234858836,45.266380972507925,-0.14498012921534736,0.0,0.7307479874999216,0.5857678582845742,1.0,0.00026807013773926295,0.0,4.242640687119285,0.35056087636710626,0.06144646401963677
1472,254.32673872082262,0.19634954084936207,-3.903127820947816e-18,0.14947429612477692,0.41119134192047,-5.027987574901527e-17,0.12088446128770317,0.3290644674230836,1.3877787807814457e-16,9.05701070046727,14.557632316320529,0.0,1.517176640602043,4.701017283106672,-5.551115123125783e-17,2.755245859479377,6.800512900383849,0.009407489891671622,41.014721414189296,1.1509124793942502,42.17504138347522,45.3756263943376,-0.14490298285631928,0.0,0.7383895382880262,0.5934865554317069,1.0,0.00026807013773926295,0.0,4.242640687119285,0.35056087636710626,0.06144646401963677
1473,254.52308826167197,0.19634954084936207,-4.7704895589362195e-18,0.14937630623929257,0.40992866479259915,-4.990040498864534e-17,0.12057488583555988,0.327653768527303,1.942890293094024e-16,9.069214279367117,14.552892344012331,2.7755575615628914e-17,1.5167752417356906,4.694386847213802,0.0,2.7565793917107797,6.743070429786256,0.009353383167487857,41.1253238225382,1.1503035669711812,42.28498077267687,45.4869414242053,-0.14487280529822716,0.0,0.7487823842643704,0.6039095789661433,1.0,0.00026807013773926295,0.0,4.242640687119285,0.35056087636710626,0.06144646401963677
1475,254.91578734337068,0.19634954084936207,-4.336808689942018e-18,0.1504259241323333,0.4170994982238255,-5.084908188957016e-17,0.11837965331718621,0.3302793274953637,5.551115123125783e-17,9.093735577683109,14.59004436971472,-5.551115123125783e-17,1.5159346777632932,4.668551609528298,0.0,2.762778008951961,6.667450715170666,0.009273678909117242,41.348013378409775,1.1490289736226496,42.50631603094154,45.7162394327863,-0.14495122402699243,0.0,0.7656089999492618,0.6206577759222693,1.0,0.00026807013773926295,0.0,4.242640687119285,0.35056087636710626,0.06144646401963677
1476,255.11213688422004,0.19634954084936207,-4.119968255444917e-18,0.1513908475419442,0.42377852198291593,-5.036119091195168e-17,0.11679791933885499,0.33230910281373616,2.7755575615628914e-17,9.106046487153831,14.618016832628932,0.0,1.515478713058614,4.649519488603743,1.1102230246251565e-16,2.7671526533006845,6.720100348017321,0.009262809454571414,41.46004131310331,1.1483378648668963,42.617641987424776,45.83340598009231,-0.1451484398748087,0.0,0.7784138969976865,0.6332654571228777,1.0,0.00026807013773926295,0.0,4.242640687119285,0.35056087636710626,0.06144646401963677
1477,255.3084864250694,0.19634954084936207,-5.854691731421724e-18,0.15245503481518594,0.43923033990346466,-5.0442506074888094e-17,0.11514687568304893,0.32905363566225726,1.1102230246251565e-16,9.118372706213872,14.646417761647392,0.0,1.5149991495872874,4.626734984323243,5.551115123125783e-17,2.771685721528532,6.771983074829992,0.009268322696660463,41.572360404713045,1.1476112116251018,42.72923993903481,45.951056420169714,-0.14532945140927342,0.0,0.780981791456586,0.6356523400473125,1.0,0.00026807013773926295,0.0,4.242640687119285,0.35056087636710626,0.06144646401963677
1478,255.50483596591874,0.19634954084936207,-6.5052130349130266e-18,0.15347811228629088,0.4503875234027537,-5.0659346509385195e-17,0.11362323288490807,0.32083551079619715,8.326672684688674e-17,9.13069677502519,14.673767929181338,-5.551115123125783e-17,1.5144947271156668,4.600692198837969,0.0,2.775675269782502,6.8170352969933585,0.0092837120100288,41.684811798727694,1.1468471392305788,42.840942649968305,46.067970554085065,-0.14550933484437673,0.0,0.7774116036856078,0.631902268841231,1.0,0.00026807013773926295,0.0,4.242640687119285,0.35056087636710626,0.06144646401963677
1480,255.89753504761745,0.19634954084936207,-4.7704895589362195e-18,0.1549637663144657,0.4587996685216228,-5.049671618351237e-17,0.11169943389467021,0.29297955931483466,1.6653345369377348e-16,9.155290531668447,14.71865677180726,5.551115123125783e-17,1.5133524315317577,4.6482767664228914,0.0,2.7791723400980723,6.882943183400325,0.009330662299700709,41.90967235962894,1.1451177910115415,43.06412081294019,46.2946643058626,-0.14569098054422466,0.0,0.7595834264873934,0.6138924459431687,1.0,0.0002691480091649682,0.0,4.242640687119285,0.375961498257735,0.07067352408610045
1481,256.09388458846684,0.19634954084936207,-3.903127820947816e-18,0.15524251712813314,0.45744851088826305,-5.0523821237824507e-17,0.11162907208593392,0.27567735423042483,1.942890293094024e-16,9.167548789574013,14.733247348185849,-2.7755575615628914e-17,1.5126421539929753,4.667536885548245,-1.6653345369377348e-16,2.777565011759863,6.90007177639275,0.009364009063664705,42.02197540460996,1.144043143018254,43.17538255669188,46.40243989623934,-0.14629795568901166,0.0,0.7322296561667642,0.5859317004777524,1.0,0.0002691480091649682,0.0,4.242640687119285,0.375961498257735,0.07067352408610045
1482,256.2902341293162,0.19634954084936207,-5.854691731421724e-18,0.15510234414300447,0.45007845744249997,-5.011724542314244e-17,0.11229000714991275,0.27273609047626574,-5.551115123125783e-17,9.179800044449076,14.741413314694855,0.0,1.5117957940750544,4.678675172754651,-1.1102230246251565e-16,2.773445321231302,6.903897178390816,0.00940386214539258,42.13436442803362,1.142763261491512,43.28653155167052,46.506134529624184,-0.1461838906707388,0.0,0.7115153120758153,0.5653314214050765,1.0,0.0002691480091649682,0.0,4.242640687119285,0.375961498257735,0.07067352408610045
1484,256.682933211015,0.19634954084936207,-6.5052130349130266e-18,0.15345531976067994,0.4256044034048853,-5.125565770425222e-17,0.1153964412948617,0.2753762782760968,1.3877787807814457e-16,9.204348467987112,14.739699663465448,5.551115123125783e-17,1.509590561769222,4.668945619099988,0.0,2.758930731497416,6.8648545788635555,0.009462688031572901,42.36001536006835,1.1394318320913577,43.50890988019128,46.70350038320687,-0.1458760249615369,0.0,0.6858335126607629,0.5399574876992259,1.0,0.0002691480091649682,0.0,4.242640687119285,0.375961498257735,0.07067352408610045
1485,256.87928275186437,0.19634954084936207,-5.854691731421724e-18,0.15210686688733963,0.4146388111301973,-5.0659346509385195e-17,0.11723572221990732,0.27824374511350713,8.326672684688674e-17,9.216675351593981,14.732620840761278,0.0,1.5082388439554522,4.645488351471992,5.551115123125783e-17,2.7499705865102375,6.820806920135705,0.009450297875940823,42.47355226833999,1.1373922052080392,43.620394771423975,46.79961829783332,-0.14551198379316632,0.0,0.6723475832220952,0.5268355994289289,1.0,0.0002691480091649682,0.0,4.242640687119285,0.375961498257735,0.07067352408610045
1486,257.07563229271375,0.19634954084936207,-6.7220534694101275e-18,0.15068289914827598,0.3999018530018298,-5.0334085857639543e-17,0.118756646897182,0.2952147943703898,2.7755575615628914e-17,9.22904678273636,14.734808780433312,0.0,1.506777468742533,4.6092886570537415,0.0,2.7411335699140507,6.761631703787812,0.00939899049959397,42.58765225896818,1.1351891701550776,43.73224041962285,46.89615916676755,-0.14529726408878912,0.0,0.6741038379976039,0.5288065739088148,1.0,0.0002691480091649682,0.0,4.242640687119285,0.375961498257735,0.07067352408610045
1487,257.27198183356313,0.19634954084936207,-3.686287386450715e-18,0.14946788085337515,0.3838563977893706,-5.093039705250657e-17,0.11968794829029177,0.31294806490276933,2.7755575615628914e-16,9.24145898864084,14.75731493645978,0.0,1.5052850851218493,4.566306362979188,0.0,2.7333538620562847,6.689838493851571,0.00932015141360313,42.702282119365286,1.1329415937451466,43.844543864524034,46.99471575877804,-0.14514707932491266,0.0,0.6839625567988834,0.5388154774739707,1.0,0.0002691480091649682,0.0,4.242640687119285,0.375961498257735,0.07067352408610045
1489,257.6646809152619,0.19634954084936207,-5.204170427930421e-18,0.14860346961696846,0.3750137781047423,-5.038829596626382e-17,0.11959694975349545,0.3268515123341366,1.942890293094024e-16,9.266353322424848,14.797174520209662,2.7755575615628914e-17,1.5025871513674345,4.570689942755935,5.551115123125783e-17,2.723758585942406,6.702311348670948,0.009187975777068856,42.93265194800701,1.1288840737272507,44.07072399751133,47.20270049655224,-0.14509375732406896,0.0,0.7111492847676146,0.5660555274435457,1.0,0.0002691480091649682,0.0,4.242640687119285,0.375961498257735,0.07067352408610045
1490,257.8610304561113,0.19634954084936207,-6.288372600415926e-18,0.14912582346743428,0.37604337046137093,-5.0442506074888094e-17,0.11879756063914133,0.315568121627266,1.3877787807814457e-16,9.278801195306135,14.812655540426844,0.0,1.5015469148498188,4.575680693808864,-1.1102230246251565e-16,2.722670797216944,6.723200269316226,0.009181153878358364,43.04807581100729,1.1273215687475042,44.18457853363315,47.3133928952855,-0.14520715495034112,0.0,0.7449338288930907,0.5997266739427496,1.0,0.000265832130523618,0.0,4.242640687119285,0.3477394280585147,0.060461354913231465
1491,258.05737999696066,0.19634954084936207,-7.15573433840433e-18,0.15016844079569147,0.37460210580998676,-4.990040498864534e-17,0.1176799276900612,0.3025827858805947,2.7755575615628914e-17,9.291257117664363,14.821639813847469,5.551115123125783e-17,1.5007998091804393,4.591176193600589,0.0,2.7240984310967575,6.754185867385457,0.00921654562708022,43.163729413274346,1.1262000336180216,44.29914599251945,47.428938336959504,-0.14359344453019804,0.0,0.7673070727379923,0.6237136282077942,1.0,0.000265832130523618,0.0,4.242640687119285,0.3477394280585147,0.060461354913231465
1492,258.25372953781005,0.19634954084936207,-6.5052130349130266e-18,0.1515256539234678,0.3706206576105081,-5.0984607161130846e-17,0.11631422491412287,0.29425901218868816,2.220446049250313e-16,9.303689857596272,14.831535245681742,0.0,1.5002850831155112,4.605486474452559,-5.551115123125783e-17,2.7275666397844867,6.794230661309834,0.009273894074619529,43.27932248316985,1.1254276653094584,44.414024042553926,47.548149046968994,-0.1438113932942302,0.0,0.7859406111626732,0.642129217868443,1.0,0.000265832130523618,0.0,4.242640687119285,0.3477394280585147,0.060461354913231465
1494,258.6464286195088,0.19634954084936207,-4.119968255444917e-18,0.15427632492052565,0.38028900249778075,-5.0767766726633745e-17,0.11328186443373828,0.27718854050669406,2.220446049250313e-16,9.32851546404121,14.897968963610943,0.0,1.4996009893833426,4.656631702274028,-5.551115123125783e-17,2.7374492962771444,6.888279441503487,0.009371315195972115,43.510600381428006,1.1244015636797497,44.64437326030372,47.792054559399304,-0.14409478544283064,0.0,0.7999783989349913,0.6558836134921607,1.0,0.000265832130523618,0.0,4.242640687119285,0.3477394280585147,0.060461354913231465
1495,258.8427781603582,0.19634954084936207,-4.119968255444917e-18,0.15527600790763724,0.38666838030405687,-5.049671618351237e-17,0.11209553485706471,0.28263367405695394,8.326672684688674e-17,9.340939799063358,14.942378764234373,0.0,1.499185779345244,4.674813762944598,0.0,2.7418298123314817,6.932158021911792,0.009400018979715938,43.6265781648629,1.1237790004955033,44.75975718433812,47.91329647917683,-0.14426133702975164,0.0,0.7965871714570905,0.6523258344273388,1.0,0.000265832130523618,0.0,4.242640687119285,0.3477394280585147,0.060461354913231465
1496,259.0391277012076,0.19634954084936207,-6.7220534694101275e-18,0.15582600147840744,0.39127168034366244,-4.992751004295748e-17,0.1115552386368541,0.2875903509650162,5.551115123125783e-17,9.353393825093434,14.991366075083128,-2.7755575615628914e-17,1.498569022104414,4.684632129152232,5.551115123125783e-17,2.744575468648883,6.966765993669142,0.00942440999657872,43.742988023648,1.122854557005489,44.87526699065007,48.03194906349504,-0.1442631844995055,0.0,0.7836242062151222,0.6393610217156167,1.0,0.000265832130523618,0.0,4.242640687119285,0.3477394280585147,0.060461354913231465
1498,259.43182678290634,0.19634954084936207,-4.9873299934333204e-18,0.1552595634121623,0.39426711019386007,-5.068645156369733e-17,0.11288603214978829,0.3007601201651102,8.326672684688674e-17,9.37841746482944,15.079297814521368,8.326672684688674e-17,1.496536204196644,4.6794298578841245,0.0,2.743487306358722,6.99212445620034,0.009455141838828628,43.97735707230893,1.1198103052356494,45.10662251938341,48.258647926659954,-0.14410904156055238,0.0,0.756850792845783,0.6127417512852307,1.0,0.000265832130523618,0.0,4.242640687119285,0.3477394280585147,0.060461354913231465
1499,259.6281763237557,0.19634954084936207,-7.37257477290143e-18,0.15415141918956907,0.40374541432845645,-5.0306980803327406e-17,0.11436239967263981,0.30944057357516125,2.498001805406602e-16,9.390975880165593,15.110398129371179,-2.7755575615628914e-17,1.4951720170899472,4.665894412001755,5.551115123125783e-17,2.7400050986060385,6.978556798732897,0.009430260546573026,44.095213990925956,1.1177696803444104,45.22241393181694,48.36724315606587,-0.14386385926412104,0.0,0.732596068366592,0.5887322091024709,1.0,0.000265832130523618,0.0,4.242640687119285,0.3477394280585147,0.060461354913231465
1500,259.8245258646051,0.19634954084936207,-5.854691731421724e-18,0.1526423342643979,0.40849119843295156,-5.1336972867188635e-17,0.115895966675034,0.31415893745449935,1.942890293094024e-16,9.403545381043628,15.130900343992487,-2.7755575615628914e-17,1.4936907338907954,4.646519887949949,-5.551115123125783e-17,2.735395281436925,6.947040099188156,0.009359562125908846,44.213332866673476,1.1155560042556116,45.33824843305499,48.47404902065161,-0.1437078745414616,0.0,0.7232543916561329,0.5795465171146713,1.0,0.0002628806712228995,0.0,4.242640687119285,0.34557685654953507,0.05971168189132898
1501,260.0208754054545,0.19634954084936207,-5.854691731421724e-18,0.15095368138797968,0.4078881040879795,-5.106592232406726e-17,0.11722925647698852,0.3142261129764748,2.7755575615628914e-17,9.416131850578703,15.14053717483273,2.7755575615628914e-17,1.4922330687259278,4.622701337793743,-5.551115123125783e-17,2.7304786337514817,6.899206768563414,0.009251814870114,44.33176951374136,1.1133797656995996,45.454401094311066,48.580769523741466,-0.1420368246904252,0.0,0.7205695302477158,0.5785327055572905,1.0,0.0002628806712228995,0.0,4.242640687119285,0.34557685654953507,0.05971168189132898
1503,260.41357448715326,0.19634954084936207,-5.204170427930421e-18,0.14815029200886676,0.40354305180312555,-5.057803134644878e-17,0.1190164964038836,0.32758014473883146,2.498001805406602e-16,9.441239714257627,15.131516232194961,0.0,1.489644647554389,4.565307320619584,0.0,2.7220326488734976,6.762683014002337,0.00905207271224997,44.5685036710377,1.1095205879937196,45.687076331743675,48.79715158995138,-0.14214707652040648,0.0,0.7278062145353089,0.5856591380149024,1.0,0.0002628806712228995,0.0,4.242640687119285,0.34557685654953507,0.05971168189132898
1504,260.60992402800264,0.19634954084936207,-3.2526065174565133e-18,0.14753233687925837,0.40222323226645307,-5.0984607161130846e-17,0.1194656889785917,0.3217839184760143,1.6653345369377348e-16,9.453758909496397,15.12061377458199,0.0,1.4885881408657387,4.533782597198056,-1.1102230246251565e-16,2.7192484541112734,6.680847249116169,0.009019628702223913,44.68677875944125,1.1079473265630577,45.80374571470654,48.908157323169966,-0.14248811867308298,0.0,0.7421522843843176,0.5996641657112346,1.0,0.0002628806712228995,0.0,4.242640687119285,0.34557685654953507,0.05971168189132898
1505,260.806273568852,0.19634954084936207,-3.0357660829594124e-18,0.14760508725948598,0.40434465163374134,-5.084908188957016e-17,0.11948713210352599,0.31086255636430443,1.6653345369377348e-16,9.466266419982338,15.116527691468459,2.7755575615628914e-17,1.4876630540527918,4.517947698842736,-1.1102230246251565e-16,2.7176066654521778,6.6081406564013925,0.00903529708592979,44.80509996704261,1.1065706811968394,45.92070594532538,49.021330843311944,-0.14286513347050694,0.0,0.7533829714638536,0.6105178379933467,1.0,0.0002628806712228995,0.0,4.242640687119285,0.34557685654953507,0.05971168189132898
1506,261.0026231097014,0.19634954084936207,-6.5052130349130266e-18,0.14831800884572954,0.4099333036171369,-5.0306980803327406e-17,0.11890521491805874,0.3089259930217431,1.6653345369377348e-16,9.478776453475113,15.110314145583656,-2.7755575615628914e-17,1.4868048181459184,4.538737569077265,0.0,2.7170112981952763,6.556922485774302,0.009072436540487434,44.92360152747712,1.1052942836309587,46.037968247648564,49.13644313780013,-0.1433290719135404,0.0,0.7635518385508044,0.6202227666372641,1.0,0.0002628806712228995,0.0,4.242640687119285,0.34557685654953507,0.05971168189132898
1508,261.39532219140017,0.19634954084936207,-5.421010862427522e-18,0.15086954787402587,0.4285787760999047,-5.093039705250657e-17,0.11586977021294954,0.31496984760572094,1.1102230246251565e-16,9.50385593976086,15.11603578076317,-5.551115123125783e-17,1.484979664283598,4.549004557158403,0.0,2.717524787997231,6.5861624540485,0.00910591564753587,45.16163886186389,1.1025823016679135,46.273327079179346,49.3698434436597,-0.14409907665782043,0.0,0.7722456870607318,0.6281466104029114,1.0,0.0002628806712228995,0.0,4.242640687119285,0.34557685654953507,0.05971168189132898
1509,261.59167173224955,0.19634954084936207,-5.204170427930421e-18,0.1521904305046724,0.44242286298635064,-5.103881726975512e-17,0.11397400494163241,0.3197303042529223,1.942890293094024e-16,9.516438797509387,15.109279862881632,0.0,1.4838906248909371,4.544054599123738,5.551115123125783e-17,2.7174996767742345,6.6158233987975485,0.009094592528719723,45.28130369337096,1.1009656933196077,46.391363979219285,49.48622688572129,-0.14481381239108299,0.0,0.7713653196138434,0.6265515072227603,1.0,0.0002628806712228995,0.0,4.242640687119285,0.34557685654953507,0.05971168189132898
1510,261.78802127309893,0.19634954084936207,-4.119968255444917e-18,0.15324176660310151,0.4507643403125995,-5.038829596626382e-17,0.11243562225570439,0.320383060895622,2.498001805406602e-16,9.529047649244816,15.09742727268434,2.7755575615628914e-17,1.4826523377564875,4.5318479285180695,0.0,2.716511818607063,6.636532291563735,0.009084983442244916,45.40137455078907,1.0991289773273891,46.509588511558704,49.6011653332567,-0.14516525497239768,0.0,0.7645000978885332,0.6193348429161356,1.0,0.00026330064400846673,0.0,4.242640687119285,0.364255610301857,0.06634107481818916
1512,262.1807203547977,0.19634954084936207,-7.15573433840433e-18,0.15408799438558715,0.44964210325603515,-5.0523821237824507e-17,0.1114344900713007,0.3073065913006664,8.326672684688674e-17,9.55429356764124,15.086982871366446,-5.551115123125783e-17,1.4798335007441894,4.527550813896074,0.0,2.710655878941386,6.653187657434951,0.009099736799065752,45.64226278833539,1.0949535949624014,46.74631612009685,49.82513664444993,-0.14562174626124,0.0,0.7502105279667408,0.6045887817055008,1.0,0.00026330064400846673,0.0,4.242640687119285,0.364255610301857,0.06634107481818916
1513,262.3770698956471,0.19634954084936207,-3.2526065174565133e-18,0.1538422929086261,0.4438683508601628,-5.106592232406726e-17,0.11180964902536915,0.29350786988806055,1.3877787807814457e-16,9.566909169678809,15.096234232099883,2.7755575615628914e-17,1.4783735663468869,4.514700531413227,0.0,2.7061508267039174,6.650315123262968,0.009100480235709876,45.76287553044223,1.0927942008366067,46.864770211514546,49.934842532506124,-0.1455228485650819,0.0,0.7385730725783294,0.5930502240132475,1.0,0.00026330064400846673,0.0,4.242640687119285,0.364255610301857,0.06634107481818916
1514,262.57341943649647,0.19634954084936207,-2.8189256484623115e-18,0.15320900329904139,0.43284438961795874,-5.0306980803327406e-17,0.11248697082629648,0.27555027891309775,2.220446049250313e-16,9.579509332516983,15.124955314293487,2.7755575615628914e-17,1.4769655764248306,4.494580388269696,-1.1102230246251565e-16,2.7012587940686266,6.640906429814084,0.009076821057862257,45.88349952588998,1.0907136569719662,46.983290003919805,50.04413941047571,-0.14526518662199686,0.0,0.7361185319560699,0.5908533453340731,1.0,0.00026330064400846673,0.0,4.242640687119285,0.364255610301857,0.06634107481818916
1515,262.76976897734585,0.19634954084936207,-1.951563910473908e-18,0.15227894351261012,0.4193918216398791,-5.0876186943882296e-17,0.11339450855959035,0.2725225687986256,1.6653345369377348e-16,9.592095465540297,15.140166197422223,0.0,1.4756558340554609,4.4807594861355025,-1.1102230246251565e-16,2.6965855876903735,6.6259469356244,0.009033237832764662,46.004147710019346,1.0887800702909587,47.10196101814307,50.15406602300368,-0.14490053411685272,0.0,0.7387642256730257,0.593863691556173,1.0,0.00026330064400846673,0.0,4.242640687119285,0.364255610301857,0.06634107481818916
1517,263.1624680590446,0.19634954084936207,-5.204170427930421e-18,0.1500959172548967,0.39642244150064243,-5.059158387360485e-17,0.1161130707564991,0.2891227887267027,8.326672684688674e-17,9.617269199309614,15.168752747047662,-2.7755575615628914e-17,1.473382347162707,4.490830386489986,1.1102230246251565e-16,2.689970520407011,6.583725032897587,0.008985788850845621,46.245933425994686,1.0854277704653437,47.34034698531087,50.37947893395408,-0.14424497891176288,0.0,0.7519358026520877,0.6076908237403248,1.0,0.00026330064400846673,0.0,4.242640687119285,0.364255610301857,0.06634107481818916
1518,263.358817599894,0.19634954084936207,-4.7704895589362195e-18,0.14921775672275184,0.3854745029417662,-5.15267082473736e-17,0.11777494685115536,0.3193229840124404,2.220446049250313e-16,9.629887343201304,15.170689754405613,0.0,1.472382503570879,4.491779973144807,-1.1102230246251565e-16,2.68876390144697,6.557928416852382,0.009024280013774586,46.36736512137432,1.0839551184108247,47.46034451979892,50.49625149399531,-0.1436059988747263,0.0,0.7716884082608677,0.6280824093861415,1.0,0.00026330064400846673,0.0,4.242640687119285,0.364255610301857,0.06634107481818916
1519,263.5551671407434,0.19634954084936207,-2.8189256484623115e-18,0.14873348032815223,0.3724646860353463,-5.060513640076092e-17,0.11918122125847956,0.3376400417144585,1.6653345369377348e-16,9.642542521175978,15.177299115155593,-2.7755575615628914e-17,1.4714263433724695,4.487939026626956,-5.551115123125783e-17,2.689181610593669,6.530522346899323,0.009097972277656637,46.4893131363434,1.082547741985238,47.580958850606294,50.61606498097543,-0.14327798737913708,0.0,0.7866239984769376,0.6433460110978005,1.0,0.00026330064400846673,0.0,4.242640687119285,0.364255610301857,0.06634107481818916
1520,263.75151668159276,0.19634954084936207,-5.637851296924623e-18,0.1487543648214242,0.3662006558450801,-5.082197683525802e-17,0.11987945348521616,0.34221209853800194,1.942890293094024e-16,9.65523729049242,15.194460235763733,0.0,1.4704763435119326,4.508724955263483,-1.1102230246251565e-16,2.6910934472362094,6.590474426106701,0.009177347878692295,46.61180356785772,1.0811503384141115,47.70213125415052,50.7386172568392,-0.14307631218413508,0.0,0.8001315629123507,0.6570552507282156,1.0,0.00026114219905303985,0.0,4.242640687119285,0.34734324882054984,0.0603236662506072
1522,264.1442157632915,0.19634954084936207,-4.9873299934333204e-18,0.1501688517898455,0.36717998595608214,-5.117434254131581e-17,0.11841340675429302,0.32707168378717416,2.7755575615628914e-16,9.680744308087164,15.217622615503927,0.0,1.4685232119953393,4.546898349750633,-5.551115123125783e-17,2.6973373432050782,6.703704179170209,0.009249611490147901,46.85840517928102,1.0782802120845538,47.94593500285572,50.988634975563414,-0.14191178552256964,0.0,0.8109379971299694,0.6690262116073997,1.0,0.00026114219905303985,0.0,4.242640687119285,0.34734324882054984,0.0603236662506072
1523,264.3405653041409,0.19634954084936207,-3.903127820947816e-18,0.15123438797146546,0.3652568844297156,-5.114723748700367e-17,0.11668539216639234,0.3045824101508885,1.1102230246251565e-16,9.693507488876225,15.228085397906062,0.0,1.4674598554031133,4.563878191033131,-1.1102230246251565e-16,2.6999007680571063,6.749837012358077,0.009236571554623011,46.98204371844972,1.0767192136098631,48.0679995036142,51.11287403971,-0.1421663652388241,0.0,0.8072495476461145,0.6650831824072904,1.0,0.00026114219905303985,0.0,4.242640687119285,0.34734324882054984,0.0603236662506072
1524,264.5369148449903,0.19634954084936207,-4.336808689942018e-18,0.1522597453906274,0.3626619088353046,-5.074066167232161e-17,0.11492734933010217,0.2991382627766105,5.551115123125783e-17,9.7062558410835,15.263459788443214,2.7755575615628914e-17,1.4663204206280847,4.575982318737538,0.0,2.7008518691903505,6.7849012219430485,0.009212802697829493,47.1057012262838,1.0750477879754614,48.189961816957094,51.23455182614598,-0.14242290267376578,0.0,0.7946547255979467,0.6522318229241809,1.0,0.00026114219905303985,0.0,4.242640687119285,0.34734324882054984,0.0603236662506072
1526,264.92961392668906,0.19634954084936207,-6.7220534694101275e-18,0.1536143029101769,0.37843438359512716,-5.071355661800947e-17,0.1126098520999007,0.2816279886608972,2.7755575615628914e-16,9.731679924178524,15.320906263150256,-2.7755575615628914e-17,1.463767165028045,4.585713247660112,5.551115123125783e-17,2.6958207417714473,6.8154344461252165,0.009181670294435161,47.35279707332965,1.07130715670712,48.43328590033121,51.466804414414916,-0.1428051563421141,0.0,0.7672022637640914,0.6243971074219773,1.0,0.00026114219905303985,0.0,4.242640687119285,0.34734324882054984,0.0603236662506072
1527,265.12596346753844,0.19634954084936207,-5.204170427930421e-18,0.15383341452880395,0.38935764909963255,-5.13098678128765e-17,0.11206990707969518,0.2768471447504043,2.498001805406602e-16,9.744362765513134,15.354837041025679,-2.7755575615628914e-17,1.462337456204335,4.584349539368171,1.1102230246251565e-16,2.6899304875973185,6.811229298363161,0.00916656398696828,47.4763028529594,1.0692154179090827,48.55468483485545,51.57754628035302,-0.1431106588940926,0.0,0.7404205443336308,0.5973098854395382,1.0,0.00026114219905303985,0.0,4.242640687119285,0.34734324882054984,0.0603236662506072
1528,265.3223130083878,0.19634954084936207,-6.288372600415926e-18,0.15375461805295956,0.3962066590358545,-5.0306980803327406e-17,0.11177694276988687,0.27833405565081515,1.6653345369377348e-16,9.757042377632121,15.381564974993259,5.551115123125783e-17,1.4608065045879273,4.590615657713128,0.0,2.6825315317090705,6.796461769927998,0.009139041834544176,47.59993797945454,1.0669778219231987,48.67605484321228,51.685946028161105,-0.14324223720018014,0.0,0.7286538877896862,0.5854116505895061,1.0,0.00026114219905303985,0.0,4.242640687119285,0.34734324882054984,0.0603236662506072
1529,265.5186625492372,0.19634954084936207,-6.288372600415926e-18,0.15340481128037858,0.4016232310284472,-5.0903291998194433e-17,0.11173801789175888,0.28104801867864887,8.326672684688674e-17,9.769734511749544,15.40044288855456,0.0,1.4591883697591177,4.591301861787111,0.0,2.6744667627068455,6.773851897487971,0.009100476112193986,47.72385621503503,1.0646153492201358,48.797572040367356,51.79343595508988,-0.14332092695415427,0.0,0.7239680689357451,0.5806471419815908,1.0,0.00026114219905303985,0.0,4.242640687119285,0.34734324882054984,0.0603236662506072
1531,265.91136163093597,0.19634954084936207,-6.071532165918825e-18,0.1520342530480285,0.39503525392932826,-5.147249813874932e-17,0.11307004396910261,0.2819853593917492,1.1102230246251565e-16,9.795228200400038,15.416405309631328,2.7755575615628914e-17,1.455838698935254,4.5729445331862975,0.0,2.6597886546454994,6.71444005935127,0.009050228662730747,47.97324774895607,1.0597331586587466,49.042031136277544,52.011872730529134,-0.14256711303104538,0.0,0.7314300311768516,0.5888629181458062,1.0,0.0002582168575235253,0.0,4.242640687119285,0.33930947910166254,0.05756546130412078
1532,266.10771117178535,0.19634954084936207,-3.903127820947816e-18,0.15113885855095946,0.39741191297205336,-5.082197683525802e-17,0.11458387135890427,0.28872576918394166,5.551115123125783e-17,9.808037191493684,15.438218763686287,0.0,1.4541923953205982,4.552511848737598,0.0,2.654573180953881,6.679062250517648,0.009065883552210602,48.098796774861654,1.0573377613041295,49.16520041971799,52.12516304974282,-0.14181454367892551,0.0,0.7507538907900996,0.608939347111174,1.0,0.0002582168575235253,0.0,4.242640687119285,0.33930947910166254,0.05756546130412078
1533,266.30406071263474,0.19634954084936207,-5.204170427930421e-18,0.15024336648557057,0.40300954402467903,-5.082197683525802e-17,0.1163785202243457,0.30294625270428266,1.942890293094024e-16,9.820871659578804,15.483572996166702,-5.551115123125783e-17,1.4526220132292091,4.529542518626911,0.0,2.651357170765592,6.638413180302851,0.009105516456987754,48.22476007695906,1.0550553566590404,49.28892095007509,52.24199391541607,-0.1418648693982247,0.0,0.7685200976204472,0.6266552282222224,1.0,0.0002582168575235253,0.0,4.242640687119285,0.33930947910166254,0.05756546130412078
1534,266.5004102534841,0.19634954084936207,-6.938893903907228e-18,0.1494821153630929,0.4073498481635216,-4.9981720151581754e-17,0.1180205139565778,0.3110047619964972,1.3877787807814457e-16,9.833717622624702,15.526481068495636,-2.7755575615628914e-17,1.4511733388849113,4.509788508684188,0.0,2.6502650273040893,6.590593662084296,0.00914993746218324,48.351001140759806,1.0529520297451904,49.41310310796718,52.36250941074916,-0.1419501449256439,0.0,0.7870883042972833,0.6451381593716394,1.0,0.0002582168575235253,0.0,4.242640687119285,0.33930947910166254,0.05756546130412078
1536,266.8931093351829,0.19634954084936207,-5.421010862427522e-18,0.14881457965793693,0.40890115774282787,-5.128276275856436e-17,0.11941160475108895,0.31652593513602667,1.942890293094024e-16,9.859382465017482,15.588404818904138,2.7755575615628914e-17,1.4487360325956302,4.46705557098061,5.551115123125783e-17,2.653439562754683,6.469349624333482,0.009175338203087469,48.6037112957471,1.0494180460704634,49.66230468002065,52.61272293465289,-0.14217831462407193,0.0,0.8104013383003248,0.6682230236762529,1.0,0.0002582168575235253,0.0,4.242640687119285,0.33930947910166254,0.05756546130412078
1537,267.08945887603227,0.19634954084936207,-5.421010862427522e-18,0.14900679927227953,0.40886645824176016,-5.093039705250657e-17,0.11894924721908488,0.3083115493655619,2.220446049250313e-16,9.872181078801168,15.605187075212958,-2.7755575615628914e-17,1.4477237469864999,4.460171475751127,0.0,2.6565358929990546,6.403843827185915,0.009144128680014867,48.72997962631989,1.0479520237943156,49.78707577879422,52.74046719930245,-0.14250265562518402,0.0,0.8240340582652944,0.6815314026401104,1.0,0.0002582168575235253,0.0,4.242640687119285,0.33930947910166254,0.05756546130412078
1538,267.28580841688165,0.19634954084936207,-3.686287386450715e-18,0.14951087782107783,0.4115120989026377,-5.079487178094588e-17,0.11790590312101439,0.3071243797460583,1.942890293094024e-16,9.884956879020033,15.612175375681288,0.0,1.4467796013000023,4.449748970547107,0.0,2.6596137012232948,6.40635146771594,0.009095751511830587,48.85618625004275,1.0465856073688968,49.91186760892347,52.868310377020734,-0.1427587997122361,0.0,0.8248321485156135,0.6820733488033774,1.0,0.0002582168575235253,0.0,4.242640687119285,0.33930947910166254,0.05756546130412078
1540,267.6785074985804,0.19634954084936207,-4.9873299934333204e-18,0.1510739920459565,0.41338433570411637,-5.1011712215442984e-17,0.11509347585606534,0.32463379393035974,1.3877787807814457e-16,9.910485767329217,15.600698150078756,0.0,1.44476080286125,4.435639375797632,1.1102230246251565e-16,2.662937455289502,6.439592590480396,0.009005978544902891,49.10886407221751,1.0436668887421414,50.16153693950456,53.11983751875829,-0.14313467931315893,0.0,0.8147922429362067,0.6716575636230477,1.0,0.00025757956888194244,0.0,4.242640687119285,0.3505903489311904,0.06145679638184691
1541,267.8748570394298,0.19634954084936207,-7.37257477290143e-18,0.15191380572450086,0.42341218035926637,-5.1011712215442984e-17,0.11373209138376406,0.330619415939831,1.942890293094024e-16,9.923274227926857,15.593012933596818,2.7755575615628914e-17,1.443535281180827,4.42370800077657,-1.1102230246251565e-16,2.6623493452987685,6.470637339205558,0.008981999889617958,49.23568570131868,1.0418970540069046,50.2865647552152,53.24224989905356,-0.14309287754260233,0.0,0.7978139808515019,0.6547211033088995,1.0,0.00025757956888194244,0.0,4.242640687119285,0.3505903489311904,0.06145679638184691
1542,268.0712065802792,0.19634954084936207,-4.9873299934333204e-18,0.1526638247727716,0.43028149730612175,-5.071355661800947e-17,0.1125655750209591,0.33063042793059916,2.220446049250313e-16,9.93609054451992,15.603232028868925,0.0,1.4421048112840502,4.4037070368494655,-5.551115123125783e-17,2.660166425080089,6.495209422524713,0.008973425321194902,49.362947654449094,1.0398331433643029,50.411754223134594,53.36223842696219,-0.1432257933275785,0.0,0.7857061460481453,0.6424803527205667,1.0,0.00025757956888194244,0.0,4.242640687119285,0.3505903489311904,0.06145679638184691
1543,268.26755612112856,0.19634954084936207,-5.421010862427522e-18,0.1532523781740125,0.43346321561418966,-5.038829596626382e-17,0.11168119114380184,0.32471759591988597,2.498001805406602e-16,9.948937027932002,15.628190991315437,5.551115123125783e-17,1.440483455589673,4.389278529431779,5.551115123125783e-17,2.656667443071112,6.513647183839012,0.008977593143481438,49.49067399287821,1.0374962929137828,50.53714787893547,53.48027228567923,-0.14327776188583474,0.0,0.7758448794937014,0.6325671176078667,1.0,0.00025757956888194244,0.0,4.242640687119285,0.3505903489311904,0.06145679638184691
1545,268.66025520282733,0.19634954084936207,-4.7704895589362195e-18,0.15373611873764212,0.4327667811169483,-5.063224145507306e-17,0.11114915015177167,0.29732619806551774,1.942890293094024e-16,9.974690890176277,15.660782897563926,0.0,1.4369310673375788,4.364357034832403,-5.551115123125783e-17,2.6477394442580215,6.529422565404003,0.009016953363589403,49.74722917728279,1.0323854461399566,50.78863157678634,53.713858547389826,-0.1431736324591004,0.0,0.7693213687398367,0.6261477362807363,1.0,0.00025757956888194244,0.0,4.242640687119285,0.3505903489311904,0.06145679638184691
1546,268.8566047436767,0.19634954084936207,-4.7704895589362195e-18,0.1535490897148404,0.42754693804242394,-5.0550926292136644e-17,0.11169078840927683,0.2776218724240961,1.1102230246251565e-16,9.987573157682531,15.662167439692112,2.7755575615628914e-17,1.4351799127144118,4.356385395128758,0.0,2.6434543445938075,6.5241761543066215,0.009050555063353631,49.87580879003029,1.0298706909294733,50.914730036023116,53.8313204623796,-0.1428945625965079,0.0,0.7721839510260337,0.6292893884295258,1.0,0.00025757956888194244,0.0,4.242640687119285,0.3505903489311904,0.06145679638184691
1547,269.0529542845261,0.19634954084936207,-6.071532165918825e-18,0.15304145651186885,0.41808058966773987,-5.095750210681871e-17,0.11280913064483754,0.2580330529590202,5.551115123125783e-17,10.00044395238306,15.65423426612144,2.7755575615628914e-17,1.4335486306836325,4.346627741167427,0.0,2.6399155929748486,6.508391041825916,0.00908964858833462,50.004439622377454,1.0275308382674586,51.04106010923325,53.95026261876927,-0.14262013772699694,0.0,0.7791927761840993,0.6365726384571024,1.0,0.00025757956888194244,0.0,4.242640687119285,0.3505903489311904,0.06145679638184691
1549,269.44565336622486,0.19634954084936207,-5.421010862427522e-18,0.15117058702411626,0.39477851776037554,-5.1228552649940085e-17,0.11616941552121014,0.28590351820068094,2.7755575615628914e-17,10.026139588980955,15.619153037097357,2.7755575615628914e-17,1.4307314123453962,4.337862527235492,5.551115123125783e-17,2.635737906103344,6.442344213435875,0.009146148546529074,50.261737528865595,1.023496187135926,51.29437986454805,54.19359691529489,-0.14217619796260095,0.0,0.792228020642631,0.65005182268003,1.0,0.00025757956888194244,0.0,4.242640687119285,0.3505903489311904,0.06145679638184691
1550,269.64200290707424,0.19634954084936207,-4.119968255444917e-18,0.15001263480670818,0.38419570302805695,-5.0767766726633745e-17,0.11778963002256941,0.30675665669411883,1.1102230246251565e-16,10.038975199672173,15.598536991225844,0.0,1.429475136102903,4.327412596152124,0.0,2.634795443788588,6.392343975331286,0.009136503169649828,50.390511529816465,1.0216995823682062,51.42134761535432,54.31742689598699,-0.1418079585721993,0.0,0.8025536047540036,0.6607456461818043,1.0,0.00025586795865725905,0.0,4.242640687119285,0.34246416668441143,0.05864085273142417
1551,269.8383524479236,0.19634954084936207,-3.903127820947816e-18,0.14893976489234195,0.3706501017306596,-5.063224145507306e-17,0.11888456438950572,0.3227866648635468,1.1102230246251565e-16,10.051830745825974,15.57878115979542,-5.551115123125783e-17,1.428234371795998,4.3351776385451135,5.551115123125783e-17,2.634072376116387,6.334408004730936,0.00908829210351235,50.51965067136617,1.0199267103897545,51.54866567385944,54.44194345055643,-0.14074915202105132,0.0,0.8046791889206608,0.6639300368996095,1.0,0.00025586795865725905,0.0,4.242640687119285,0.34246416668441143,0.05864085273142417
1552,270.034701988773,0.19634954084936207,-5.421010862427522e-18,0.14814824446188185,0.3634559002672395,-5.0903291998194433e-17,0.11919371864759366,0.32467523033246126,2.498001805406602e-16,10.064704201268462,15.578130720692737,-5.551115123125783e-17,1.4269030192916317,4.370507190615574,5.551115123125783e-17,2.632951422901828,6.351033337199307,0.009004042020396725,50.64913532951551,1.0180261132317872,51.67616548476769,54.56594856074689,-0.14076223927688325,0.0,0.8020719616868179,0.6613097224099347,1.0,0.00025586795865725905,0.0,4.242640687119285,0.34246416668441143,0.05864085273142417
1554,270.4274010704718,0.19634954084936207,-4.119968255444917e-18,0.1479047831857752,0.36575464431019333,-5.114723748700367e-17,0.11746180085289436,0.2957504899299639,2.498001805406602e-16,10.090532361027178,15.623876933625255,5.551115123125783e-17,1.4237187496422252,4.4117411286065895,5.551115123125783e-17,2.6273863440413607,6.3734264921660575,0.008800079058602847,50.909421664468354,1.0134875390414104,51.93170928256837,54.809049751840625,-0.14101731186833144,0.0,0.7899628452617994,0.6489455333934679,1.0,0.00025586795865725905,0.0,4.242640687119285,0.34246416668441143,0.05864085273142417
1555,270.62375061132116,0.19634954084936207,-6.938893903907228e-18,0.14845475982658818,0.3640909541876215,-5.097105463397478e-17,0.11590733902749206,0.28876159738025825,2.7755575615628914e-17,10.103485254926383,15.656770512840055,0.0,1.4218410648283086,4.415792081782776,-5.551115123125783e-17,2.6223990281335268,6.3837081579409904,0.008729305532489049,51.04020714825741,1.010816006816049,52.05975246060595,54.92735216636603,-0.14145166461238193,0.0,0.7740652554006013,0.6326135907882194,1.0,0.00025586795865725905,0.0,4.242640687119285,0.34246416668441143,0.05864085273142417
1556,270.82010015217054,0.19634954084936207,-4.336808689942018e-18,0.1493073856022445,0.36045156251472493,-5.049671618351237e-17,0.1143398605486828,0.2858851306752141,1.3877787807814457e-16,10.116452208789093,15.686399367403821,2.7755575615628914e-17,1.4198323681114602,4.409697196205779,5.551115123125783e-17,2.6161181197919157,6.39594504380943,0.008700948458127227,51.17130264635686,1.0079619767684986,52.18796557158348,55.043827532861954,-0.14180035078883407,0.0,0.765209609071056,0.6234092582822219,1.0,0.00025586795865725905,0.0,4.242640687119285,0.34246416668441143,0.05864085273142417
1557,271.0164496930199,0.19634954084936207,-4.7704895589362195e-18,0.15030486933516907,0.37210060899896635,-5.1662233518934286e-17,0.11299687886330702,0.28081974887315847,8.326672684688674e-17,10.12941935934664,15.742243409440505,0.0,1.4177813956573553,4.39520905743822,-1.1102230246251565e-16,2.6090904869285017,6.411036442716183,0.008713555180018815,51.30256827875325,1.0050520429360592,52.31633387686932,55.15937127543019,-0.1421446338349741,0.0,0.7608125779317508,0.6186679440967767,1.0,0.00025586795865725905,0.0,4.242640687119285,0.34246416668441143,0.05864085273142417
1559,271.4091487747187,0.19634954084936207,-4.9873299934333204e-18,0.15216450954571403,0.39034397374443663,-5.1011712215442984e-17,0.11128024624972176,0.2665510965974231,0.0,10.155304734656644,15.835548310361494,2.7755575615628914e-17,1.4139439962691285,4.390587698375261,0.0,2.5958748676331376,6.447762463170394,0.008807109686259,51.56510712686982,0.9996188122927565,52.57353304884884,55.39256476981211,-0.14257371359361107,0.0,0.7663668330129039,0.6237931194192928,1.0,0.00025586795865725905,0.0,4.242640687119285,0.34246416668441143,0.05864085273142417
1560,271.60549831556807,0.19634954084936207,-4.9873299934333204e-18,0.1527961619294916,0.3949253303934183,-5.1120132432691534e-17,0.11095032162189528,0.26131742520801154,0.0,10.168212500048975,15.859573849951456,-2.7755575615628914e-17,1.4123019884574919,4.414029425640116,0.0,2.591156530180469,6.465794508563768,0.008862256946441594,51.69627272307609,0.9972984533004925,52.70243343332303,55.512536770875684,-0.14286070296092004,0.0,0.7834244955372331,0.6405637925763131,1.0,0.0002531774300660557,0.0,4.242640687119285,0.3336127048229816,0.055648718409652936
1561,271.80184785641745,0.19634954084936207,-5.854691731421724e-18,0.15309764125957379,0.39608937304060654,-5.074066167232161e-17,0.11108641489646169,0.2648070135861784,2.7755575615628914e-17,10.181125142011261,15.870789238116885,-2.7755575615628914e-17,1.4108990891566444,4.434718482515286,5.551115123125783e-17,2.588386030908845,6.480417455730621,0.008916745424977682,51.827654578646914,0.9953181198915244,52.83188944396341,55.63613797000604,-0.14144910164501612,0.0,0.7998810402379118,0.6584319385928957,1.0,0.0002531774300660557,0.0,4.242640687119285,0.3336127048229816,0.055648718409652936
1563,272.1945469381162,0.19634954084936207,-3.903127820947816e-18,0.15243587288474528,0.3981013960070453,-5.095750210681871e-17,0.11303372368054847,0.291565790231253,2.498001805406602e-16,10.206955962588527,15.867025772802887,2.7755575615628914e-17,1.4085648951642702,4.461896808805795,-5.551115123125783e-17,2.58883137875211,6.486295731640467,0.009014926330642532,52.09097501111074,0.9920275319445655,53.09201746938595,55.893597936385625,-0.1414289342894408,0.0,0.8256137075071711,0.6841847732177303,1.0,0.0002531774300660557,0.0,4.242640687119285,0.3336127048229816,0.055648718409652936
1564,272.3908964789656,0.19634954084936207,-6.938893903907228e-18,0.15147950108908478,0.40737967077143655,-5.071355661800947e-17,0.11463446713557061,0.30181374340495715,1.6653345369377348e-16,10.219903285206215,15.859015507628857,2.7755575615628914e-17,1.4074907144742987,4.465912409241445,-5.551115123125783e-17,2.5915489892904824,6.472459387178325,0.00904037742797795,52.2232115794844,0.9905150556656857,53.22276701257806,56.02663613249473,-0.14125884067237165,0.0,0.8471405511457929,0.7058817104734212,1.0,0.0002531774300660557,0.0,4.242640687119285,0.3336127048229816,0.055648718409652936
1565,272.587246019815,0.19634954084936207,-4.336808689942018e-18,0.15026126665335862,0.4096968714769343,-5.149960319306146e-17,0.11624213506750673,0.308155077420878,1.1102230246251565e-16,10.232882546539642,15.845278502532913,2.7755575615628914e-17,1.4063820860845366,4.462268803379123,5.551115123125783e-17,2.5952410692695107,6.445356092967485,0.009032553095977914,52.35594260563779,0.9889552860297464,53.35393044476352,56.161410306851515,-0.14108988875122935,0.0,0.8557309598443292,0.7146410710930999,1.0,0.0002531774300660557,0.0,4.242640687119285,0.3336127048229816,0.055648718409652936
1566,272.78359556066437,0.19634954084936207,-6.7220534694101275e-18,0.14900777227373294,0.40542983788953757,-5.071355661800947e-17,0.11750834782314205,0.3095577629725448,1.942890293094024e-16,10.245891142979454,15.850715624767846,2.7755575615628914e-17,1.4051894679574206,4.45047198962289,0.0,2.599170351705906,6.404851210698539,0.008987831977628542,52.4891426568924,0.9872787204292295,53.485409209299256,56.29672328936898,-0.140923814652885,0.0,0.8582928735975393,0.7173690589446542,1.0,0.0002531774300660557,0.0,4.242640687119285,0.3336127048229816,0.055648718409652936
1568,273.17629464236313,0.19634954084936207,-7.37257477290143e-18,0.1474093609063774,0.40059002629326995,-5.1228552649940085e-17,0.1183481166760053,0.3154394825178992,1.6653345369377348e-16,10.271950153554966,15.905121781247473,2.7755575615628914e-17,1.4024798544699377,4.402870088185667,-1.1102230246251565e-16,2.6044081546049833,6.313033299586443,0.0088529722962111,52.756479978558964,0.9834748710970087,53.748807821952184,56.56367698870788,-0.14076604681837107,0.0,0.8489174453419301,0.708151398523559,1.0,0.0002531774300660557,0.0,4.242640687119285,0.3336127048229816,0.055648718409652936
1569,273.3726441832125,0.19634954084936207,-6.7220534694101275e-18,0.1474179164681575,0.4027116237438403,-5.0659346509385195e-17,0.11798765368164281,0.3198358889424533,1.6653345369377348e-16,10.284971065265449,15.92955443145619,0.0,1.4009742292911598,4.368571380674322,5.551115123125783e-17,2.604284469025481,6.260704844914951,0.008815712218120435,52.890314906673744,0.9813643955689797,53.88049501446085,56.693079760843816,-0.14075857339688647,0.0,0.8284321616197862,0.6876735882228997,1.0,0.0002531774300660557,0.0,4.242640687119285,0.3336127048229816,0.055648718409652936
1570,273.5689937240619,0.19634954084936207,-2.3852447794681098e-18,0.1480030652920966,0.4069898327383578,-5.147249813874932e-17,0.11724572561975177,0.3230307049021744,1.942890293094024e-16,10.297971056105325,15.959037146753044,0.0,1.3993899510448353,4.329075671871774,5.551115123125783e-17,2.601859263105547,6.241365815383985,0.008819531809344505,53.02410393619151,0.9791461175426331,54.012069585543486,56.81902704183831,-0.1408691644577317,0.0,0.811144359821312,0.6702751953635804,1.0,0.0002512234605545645,0.0,4.242640687119285,0.33479755857914306,0.05604470261527736
1571,273.7653432649113,0.19634954084936207,-3.903127820947816e-18,0.14904271898761398,0.4097118006698639,-5.1580918355997873e-17,0.11617482422535506,0.31864442631884804,2.220446049250313e-16,10.310962316382353,15.985176646407904,0.0,1.3977615556676386,4.330122687794561,0.0,2.5973185186583394,6.229406384243482,0.008855798626769515,53.15797194492846,0.9768686832512086,54.14369642680644,56.94200225164634,-0.13998319820403657,0.0,0.7950390581029887,0.6550558598989521,1.0,0.0002512234605545645,0.0,4.242640687119285,0.33479755857914306,0.05604470261527736
1573,274.15804234661005,0.19634954084936207,-4.119968255444917e-18,0.15167063862917768,0.43449959985787734,-5.071355661800947e-17,0.11317570536406878,0.2907929733492014,1.1102230246251565e-16,10.336893433288843,16.01523786312761,0.0,1.394362031925327,4.407681351886082,0.0,2.5841442883619457,6.272754767051159,0.008934480098948174,53.425682925584994,0.9721227380374631,54.40674014372141,57.181869341588744,-0.14041080197197026,0.0,0.7799413548569987,0.6395305528850284,1.0,0.0002512234605545645,0.0,4.242640687119285,0.33479755857914306,0.05604470261527736
1574,274.3543918874594,0.19634954084936207,-6.5052130349130266e-18,0.15282818731151596,0.44237049403162415,-5.0523821237824507e-17,0.11159259100460227,0.28234599925673626,2.220446049250313e-16,10.349855998568373,16.01671070074079,0.0,1.392609864702368,4.430864695500609,0.0,2.5770697821121984,6.290421031955916,0.008946670402507715,53.55975959555085,0.9696811176331737,54.53838738358653,57.301216439926186,-0.14087242900918182,0.0,0.7771478824523275,0.6362754534431456,1.0,0.0002512234605545645,0.0,4.242640687119285,0.33479755857914306,0.05604470261527736
1575,274.5507414283088,0.19634954084936207,-5.421010862427522e-18,0.15364247241776857,0.44493359500279933,-5.1120132432691534e-17,0.11042285123288102,0.28782886699778737,8.326672684688674e-17,10.362833211298124,16.00902132609811,0.0,1.3908374569144217,4.4421929770116595,0.0,2.570638893282192,6.296602701699738,0.00894536664524409,53.69415608259169,0.9672144157780881,54.67031586501502,57.42174004709998,-0.14114774479446351,0.0,0.7831440316585379,0.6419962868640743,1.0,0.0002512234605545645,0.0,4.242640687119285,0.33479755857914306,0.05604470261527736
1577,274.9434405100076,0.19634954084936207,-5.637851296924623e-18,0.15383309220312888,0.44119773612587876,-5.114723748700367e-17,0.11051011852458117,0.28794572770756804,1.942890293094024e-16,10.388860433425412,15.996319717603122,0.0,1.387298650955905,4.427313621319641,5.551115123125783e-17,2.5615759155561535,6.277296601506668,0.00894682715134623,53.96421055259603,0.962298773472037,54.93545615321941,57.669406142903924,-0.1414326652793349,0.0,0.7998484835112987,0.6584158182319637,1.0,0.0002512234605545645,0.0,4.242640687119285,0.33479755857914306,0.05604470261527736
1578,275.13979005085696,0.19634954084936207,-3.903127820947816e-18,0.15316622853007844,0.4320891697808211,-5.079487178094588e-17,0.11170482838286588,0.2802165464919343,1.1102230246251565e-16,10.401909359032722,16.014892498358222,5.551115123125783e-17,1.3855747801785068,4.401124885632038,0.0,2.559334865889835,6.254353144527274,0.008947383358966958,54.09985915676628,0.9599087357333584,55.0687152758586,57.79717664964697,-0.14156426487452417,0.0,0.8196127790914002,0.678048514216876,1.0,0.0002512234605545645,0.0,4.242640687119285,0.33479755857914306,0.05604470261527736
1579,275.33613959170634,0.19634954084936207,-6.288372600415926e-18,0.15208221299799318,0.4200323418117987,-5.1445393084437185e-17,0.11321708900070321,0.29850912620131825,-5.551115123125783e-17,10.41497111100368,16.043888908104176,0.0,1.3839106298541501,4.363281510902795,-1.1102230246251565e-16,2.5584828260868506,6.224886262709727,0.008930706089086821,54.23581162152062,0.9576043157116552,55.20234664332136,57.927326239305984,-0.141558475315608,0.0,0.8314843615030318,0.6899258861874238,1.0,0.0002512234605545645,0.0,4.242640687119285,0.33479755857914306,0.05604470261527736
1580,275.5324891325557,0.19634954084936207,-3.469446951953614e-18,0.15073995416304295,0.4074164863522351,-5.1120132432691534e-17,0.11467167670749702,0.3112334343596509,1.6653345369377348e-16,10.428033439394806,16.07173631397606,-5.551115123125783e-17,1.3823217886231975,4.315183041032658,0.0,2.5586019124937156,6.219281231476561,0.008889174265617927,54.371940706568125,0.955406763651218,55.33623664448496,58.05918321972263,-0.14150100311016478,0.0,0.839960656590337,0.6984596534801722,1.0,0.00025072229262572686,0.0,4.242640687119285,0.34190483318009424,0.058449457475954036
1582,275.9251882142545,0.19634954084936207,-4.9873299934333204e-18,0.1481818690456708,0.3795991934498555,-5.046961112920023e-17,0.11677285272683419,0.2954965714667011,1.6653345369377348e-16,10.454127300174328,16.125484741523756,2.7755575615628914e-17,1.37937387518142,4.212139059285609,0.0,2.559228815094217,6.2373807707517575,0.008784350953522186,54.64438880412509,0.9513361437665036,55.604509298845116,58.324251517173934,-0.14107664572781753,0.0,0.842938865127379,0.7018622193995615,1.0,0.00025072229262572686,0.0,4.242640687119285,0.34190483318009424,0.058449457475954036
1583,276.1215377551039,0.19634954084936207,-6.938893903907228e-18,0.14744418597314798,0.3647513634186935,-5.063224145507306e-17,0.11743418480324551,0.28604682009375276,8.326672684688674e-17,10.467148480398285,16.149134085790358,0.0,1.3779624231035776,4.2036685520295,1.1102230246251565e-16,2.558468435271167,6.2389198264321815,0.008771141853605363,54.78059865535206,0.9493902197427413,55.738760016948405,58.45550563494645,-0.1409121237020975,0.0,0.8365045376604654,0.6955924139583679,1.0,0.00025072229262572686,0.0,4.242640687119285,0.34190483318009424,0.058449457475954036
1584,276.31788729595326,0.19634954084936207,-5.421010862427522e-18,0.14730273862072624,0.36829029267959923,-5.093039705250657e-17,0.1178182874751476,0.2964233195313516,0.0,10.480160142994846,16.159960047243235,-2.7755575615628914e-17,1.3765343985218907,4.1984509107849695,5.551115123125783e-17,2.5564985959705187,6.2350507883709625,0.008803273200732329,54.916878311408865,0.9474234751570116,55.87310505976661,58.58516350414741,-0.14081028383182062,0.0,0.8284987658153734,0.6876884819835528,1.0,0.00025072229262572686,0.0,4.242640687119285,0.34190483318009424,0.058449457475954036
1585,276.51423683680264,0.19634954084936207,-5.421010862427522e-18,0.14779623222652252,0.3707007443400313,-5.0767766726633745e-17,0.11778184794510375,0.3099446808502031,1.942890293094024e-16,10.493174602866574,16.169669561364586,2.7755575615628914e-17,1.3750392591693918,4.214451772427828,5.551115123125783e-17,2.5533550774624367,6.226329238998067,0.008869125886445051,55.053356623122035,0.9453664821285549,56.00759223113703,58.71325669419845,-0.14073396363039484,0.0,0.8206132914451385,0.6798793278147437,1.0,0.00025072229262572686,0.0,4.242640687119285,0.34190483318009424,0.058449457475954036
1587,276.9069359185014,0.19634954084936207,-4.553649124439119e-18,0.1501779628943261,0.37155360841678586,-5.103881726975512e-17,0.11590793646157,0.2996945654991655,2.220446049250313e-16,10.519260163367566,16.167031292539388,5.551115123125783e-17,1.37171478759887,4.24419533680815,0.0,2.5449831469138022,6.245705180203293,0.008994036089466815,55.3274171923059,0.9408007292587064,56.277211957654075,58.9667862757931,-0.14069651111721526,0.0,0.813791939438592,0.6730954283213767,1.0,0.00025072229262572686,0.0,4.242640687119285,0.34190483318009424,0.058449457475954036
1588,277.1032854593508,0.19634954084936207,-4.553649124439119e-18,0.15158394406785355,0.3704006564294975,-5.147249813874932e-17,0.1142244949740449,0.2730748109505667,1.6653345369377348e-16,10.532342822471493,16.2167665597426,0.0,1.3698890272780542,4.255125651386007,5.551115123125783e-17,2.540705377956047,6.276001058972528,0.009014232990240574,55.4651226650334,0.9382979735284065,56.412434871552044,59.09363247582563,-0.14073057230566288,0.0,0.813995524810766,0.6732649525051031,1.0,0.00025072229262572686,0.0,4.242640687119285,0.34190483318009424,0.058449457475954036
1589,277.29963500020017,0.19634954084936207,-3.0357660829594124e-18,0.15278809927692685,0.36904203544013087,-5.0984607161130846e-17,0.11250078436938869,0.26501030600576325,2.220446049250313e-16,10.545447439772172,16.271714263300655,0.0,1.3680095853483882,4.259360811458525,0.0,2.536920499002088,6.293970570692582,0.009007366212076045,55.603230852498726,0.9357251128025345,56.54796333151334,59.22139916124526,-0.1407730836695714,0.0,0.818495426450685,0.6777223427811135,1.0,0.00025072229262572686,0.0,4.242640687119285,0.34190483318009424,0.058449457475954036
1591,277.69233408189893,0.19634954084936207,-5.854691731421724e-18,0.1539350993082107,0.38481206970457127,-5.106592232406726e-17,0.11050531445017787,0.27014782464604314,8.326672684688674e-17,10.571690871984137,16.355125702112026,2.7755575615628914e-17,1.364382817439047,4.25088943567429,0.0,2.53190318318583,6.291988724115667,0.008963910168284493,55.880323946396366,0.930770236261456,56.82005809282611,59.48167243592473,-0.14025682002817716,0.0,0.829609253387899,0.6893524333597219,1.0,0.0002487832595131232,0.0,4.242640687119285,0.3315241949558865,0.05495414592057431
1592,277.8886836227483,0.19634954084936207,-3.2526065174565133e-18,0.15377370503527207,0.3925734799196485,-5.0767766726633745e-17,0.11051733471810614,0.27614712714990036,1.6653345369377348e-16,10.584804880755247,16.38043834827075,0.0,1.3627536578393622,4.24068375061551,5.551115123125783e-17,2.5309269023709153,6.274968179934852,0.008936298894523048,56.01904718183004,0.9285487659772806,56.95653224670185,59.61459057866822,-0.1396853901309197,0.0,0.8427790242889793,0.7030936341580596,1.0,0.0002487832595131232,0.0,4.242640687119285,0.3315241949558865,0.05495414592057431
1593,278.0850331635977,0.19634954084936207,-5.637851296924623e-18,0.15316963063781566,0.39674254756248273,-5.17435486818707e-17,0.11102709586327653,0.2848002803219306,2.220446049250313e-16,10.597898971847473,16.394657081269465,-2.7755575615628914e-17,1.3612721714980511,4.228221373949939,1.1102230246251565e-16,2.5308956203261554,6.2506435322816865,0.00889665288086853,56.15773130874285,0.9265309624475098,57.093158924071226,59.749156699584965,-0.13962193977046522,0.0,0.8508946728847859,0.7112727331143207,1.0,0.0002487832595131232,0.0,4.242640687119285,0.3315241949558865,0.05495414592057431
1594,278.2813827044471,0.19634954084936207,-5.854691731421724e-18,0.15220897858080218,0.3962123579262366,-5.074066167232161e-17,0.11183412371088848,0.2899544153363572,2.220446049250313e-16,10.610974205861593,16.39889310508591,0.0,1.359911249231652,4.229726632748418,5.551115123125783e-17,2.5315032998031786,6.2216951289436215,0.00884064041789019,56.296386798730055,0.9246793028933962,57.22990674204134,59.8848834633016,-0.13954416526187488,0.0,0.8565415311678192,0.7169973659059443,1.0,0.0002487832595131232,0.0,4.242640687119285,0.3315241949558865,0.05495414592057431
1596,278.67408178614585,0.19634954084936207,-6.071532165918825e-18,0.1496920494181874,0.39406722158238283,-5.093039705250657e-17,0.11402418860424914,0.2897100301046036,1.3877787807814457e-16,10.637100729420366,16.426502654654783,-2.7755575615628914e-17,1.3572741416877285,4.235598125400482,-5.551115123125783e-17,2.532406767320895,6.188717493172701,0.008718900865220215,56.57395596391764,0.9210965478470801,57.50377141262994,60.15640064997364,-0.13946688441201874,0.0,0.8565154392268595,0.7170485548148408,1.0,0.0002487832595131232,0.0,4.242640687119285,0.3315241949558865,0.05495414592057431
1597,278.87043132699523,0.19634954084936207,-5.854691731421724e-18,0.14844756928837807,0.3960839786191098,-5.084908188957016e-17,0.11536116154963509,0.2852200812156038,2.220446049250313e-16,10.650174384638818,16.463973586394218,-2.7755575615628914e-17,1.3558252221392344,4.231038144219909,5.551115123125783e-17,2.5314189650949213,6.196607444805316,0.008689224391468882,56.71310721160842,0.9191310164944518,57.64092745249434,60.29024060273619,-0.1394960115963909,0.0,0.8468937499003315,0.7073977383039406,1.0,0.0002487832595131232,0.0,4.242640687119285,0.3315241949558865,0.05495414592057431
1598,279.0667808678446,0.19634954084936207,-3.686287386450715e-18,0.14745865501073344,0.39975460677693714,-5.0659346509385195e-17,0.11668894132822304,0.28163787730408835,1.6653345369377348e-16,10.663267356708767,16.49337408246125,-2.7755575615628914e-17,1.3541936115548516,4.219227919050148,0.0,2.5288408420308155,6.198130299791298,0.008693738799793887,56.85263536032538,0.9169201687879863,57.77824926791316,60.42182915786838,-0.13962289858521232,0.0,0.8357517845118136,0.6961288859266013,1.0,0.0002487832595131232,0.0,4.242640687119285,0.3315241949558865,0.05495414592057431
1599,279.263130408694,0.19634954084936207,-7.589415207398531e-18,0.14689174668447372,0.4034154239546136,-5.1120132432691534e-17,0.1177244143920014,0.2879590078867712,2.498001805406602e-16,10.676382972851833,16.512350434531314,5.551115123125783e-17,1.35235036174302,4.198789495869884,-5.551115123125783e-17,2.5245787723701762,6.196595415100818,0.008723556000116888,56.992576691500254,0.9144257504532383,57.915725997953615,60.550996202440416,-0.13984685798788837,0.0,0.8238493136368534,0.684002455648965,1.0,0.0002487832595131232,0.0,4.242640687119285,0.3315241949558865,0.05495414592057431
1601,279.65582949039276,0.19634954084936207,-6.5052130349130266e-18,0.1472795148597217,0.4070650789489013,-5.0984607161130846e-17,0.11787340817319918,0.29042947974548494,1.1102230246251565e-16,10.702691259157689,16.519626095904545,-2.7755575615628914e-17,1.3481782809233525,4.161400945524071,5.551115123125783e-17,2.512383877839259,6.173195514428892,0.008778269840623082,57.27380009442518,0.9087923385767229,58.191370702842526,60.80442268381845,-0.1394265703883858,0.0,0.8109284918777339,0.6715019214893481,1.0,0.00024541622669988156,0.0,4.242640687119285,0.3194574502281872,0.05102653125314736
1602,279.85217903124214,0.19634954084936207,-4.9873299934333204e-18,0.14808529133079978,0.41083019751745675,-5.13098678128765e-17,0.11686916753016291,0.28472373715400406,1.3877787807814457e-16,10.715862550557453,16.524400215730978,0.0,1.3460099244213657,4.16269842065968,-5.551115123125783e-17,2.5057190356025414,6.152135499432392,0.008772226804939514,57.41485510121982,0.905871358320405,58.32949868634516,60.93059957371843,-0.1391668694208268,0.0,0.8077229895066708,0.668556120085844,1.0,0.00024541622669988156,0.0,4.242640687119285,0.3194574502281872,0.05102653125314736
1603,280.0485285720915,0.19634954084936207,-4.119968255444917e-18,0.1490616286121547,0.41113093906541776,-5.0903291998194433e-17,0.11539824780757507,0.2819447566771982,3.3306690738754696e-16,10.72901941250784,16.522071435338752,-5.551115123125783e-17,1.3439185853713895,4.164691443367859,-5.551115123125783e-17,2.4996545971382034,6.12686169368407,0.008742359055567573,57.555928776985006,0.9030585820533183,58.46772971809389,61.05782203849563,-0.13964777342887635,0.0,0.8133566692552674,0.673708895826391,1.0,0.00024541622669988156,0.0,4.242640687119285,0.3194574502281872,0.05102653125314736
1605,280.4412276537903,0.19634954084936207,-4.9873299934333204e-18,0.1507886782254459,0.42870641585881364,-5.1228552649940085e-17,0.1123115995628813,0.2986841994731191,2.220446049250313e-16,10.755259587446195,16.515057244136642,5.551115123125783e-17,1.3403142197951845,4.1545966423012635,-5.551115123125783e-17,2.4918362308216495,6.0736585423061396,0.00865168139074206,57.83780439667666,0.8982211038925867,58.74467718195999,61.31939519218615,-0.14024255210842473,0.0,0.8316875798243315,0.6914450277159068,1.0,0.00024541622669988156,0.0,4.242640687119285,0.3194574502281872,0.05102653125314736
1606,280.6375771946397,0.19634954084936207,-6.071532165918825e-18,0.15131426677610837,0.4323049732590811,-5.128276275856436e-17,0.11115468788255821,0.3028903993453739,2.220446049250313e-16,10.7683454924232,16.51232373273586,-2.7755575615628914e-17,1.3388678866148718,4.1452736258468414,0.0,2.4907930072266615,6.051162898929768,0.008607750942868742,57.97863232209552,0.8962836089042865,58.88352368194268,61.45490073815625,-0.14060054695097723,0.0,0.8555808719247726,0.7149803249737954,1.0,0.00024541622669988156,0.0,4.242640687119285,0.3194574502281872,0.05102653125314736
1607,280.83392673548906,0.19634954084936207,-4.9873299934333204e-18,0.15157055875362455,0.43242991371189926,-5.160802341031001e-17,0.1103932827642833,0.3016790227426921,1.1102230246251565e-16,10.781422424728879,16.50140306499578,0.0,1.3376172178775425,4.148636438994853,-5.551115123125783e-17,2.491634847707659,6.034458937989619,0.008569469924037888,58.11953475022335,0.8946099107812285,59.02271413092862,61.59354997957388,-0.1406349123229475,0.0,0.8713028190826987,0.7306679067597512,1.0,0.00024541622669988156,0.0,4.242640687119285,0.3194574502281872,0.05102653125314736
1608,281.03027627633844,0.19634954084936207,-4.7704895589362195e-18,0.15157330917553152,0.43192818243233155,-5.160802341031001e-17,0.11007184733133284,0.2946600599924146,2.498001805406602e-16,10.794505962270705,16.500799204488462,0.0,1.3364795549038808,4.161060521422284,5.551115123125783e-17,2.4939379701935787,6.024815276343063,0.008539333338294559,58.26067948474891,0.8930888003380375,59.16230761842524,61.73472260054007,-0.14050812599784573,0.0,0.8837669663993888,0.743258840401543,1.0,0.00024541622669988156,0.0,4.242640687119285,0.3194574502281872,0.05102653125314736
1610,281.4229753580372,0.19634954084936207,-6.288372600415926e-18,0.15093299849574884,0.41822891283796165,-5.193328406205566e-17,0.11093427754659431,0.2632602444850441,1.1102230246251565e-16,10.820745261230597,16.51913661884331,-2.7755575615628914e-17,1.334159766662025,4.171815148986987,-1.1102230246251565e-16,2.5000451941306263,6.043992746376435,0.008526885478299802,58.54426400422222,0.8899911414898345,59.442782031190355,62.020334185308,-0.14004424617026842,0.0,0.8914406968332355,0.751396450662967,1.0,0.000245916794778107,0.0,4.242640687119285,0.34080747624635493,0.05807486793270489
1611,281.6193248988866,0.19634954084936207,-6.288372600415926e-18,0.15036669291957305,0.4078895930408814,-5.128276275856436e-17,0.11212018727524464,0.27801255721367557,2.7755575615628914e-17,10.833906831926225,16.545664096460072,0.0,1.3328248996305765,4.167823142090148,-1.1102230246251565e-16,2.5022039059651195,6.0483092766225734,0.008557807283738821,58.686768621428854,0.8882111065376282,59.583537535250215,62.16222522628516,-0.13968343297700447,0.0,0.8865207201210656,0.7468372871440612,1.0,0.000245916794778107,0.0,4.242640687119285,0.34080747624635493,0.05807486793270489
1612,281.815674439736,0.19634954084936207,-4.553649124439119e-18,0.14971875485200195,0.3969715269142673,-5.128276275856436e-17,0.11365008874198108,0.2844603077966842,2.7755575615628914e-17,10.847092064453658,16.57329043774764,-2.7755575615628914e-17,1.3313348965624852,4.156319881898235,5.551115123125783e-17,2.502843382729654,6.044532820673539,0.00861507957372403,58.82970312736676,0.8862263034025215,59.72454451034301,62.30211156333341,-0.13921504470780932,0.0,0.8759917064342093,0.7367766617264,1.0,0.000245916794778107,0.0,4.242640687119285,0.34080747624635493,0.05807486793270489
1613,282.01202398058535,0.19634954084936207,-7.37257477290143e-18,0.14908254978704247,0.38420652852514875,-5.242117503967414e-17,0.11526843306349095,0.2841502374082501,2.7755575615628914e-16,10.86028803634789,16.591969731137922,2.7755575615628914e-17,1.3297028254651095,4.136742545196486,-5.551115123125783e-17,2.5015634965919817,6.054065177555734,0.008690192299639502,58.97292811622055,0.8840548020249477,59.86567311054514,62.439339292990084,-0.13879213164962148,0.0,0.862214118508252,0.7234219868586306,1.0,0.000245916794778107,0.0,4.242640687119285,0.34080747624635493,0.05807486793270489
1615,282.4047230622841,0.19634954084936207,-4.336808689942018e-18,0.14826354035991013,0.36456402583678926,-5.1011712215442984e-17,0.11758823132779918,0.30048564724038307,8.326672684688674e-17,10.886657380634718,16.60342257914453,5.551115123125783e-17,1.3261657375137355,4.083701110730816,0.0,2.4931413656625776,6.086142846246068,0.008832007898926634,59.2596544616642,0.8793577816776748,60.1478442512408,62.70545557759648,-0.13837221398975721,0.0,0.840799126342961,0.7024269123532038,1.0,0.000245916794778107,0.0,4.242640687119285,0.34080747624635493,0.05807486793270489
1616,282.6010726031335,0.19634954084936207,-4.7704895589362195e-18,0.14823830098810442,0.36785287009333856,-5.1011712215442984e-17,0.11783805403002676,0.2983804318743737,3.885780586188048e-16,10.899813386977318,16.623346955577013,2.7755575615628914e-17,1.3243452366198623,4.105351033125395,0.0,2.486631851414143,6.081465493673775,0.008868225345293652,59.40296593546496,0.8769451528788594,60.28877931368912,62.835225716974165,-0.13824881025288493,0.0,0.824047584570435,0.6857987743175501,1.0,0.000245916794778107,0.0,4.242640687119285,0.34080747624635493,0.05807486793270489
1617,282.7974221439829,0.19634954084936207,-4.336808689942018e-18,0.14849619724757815,0.3700915020767721,-5.0903291998194433e-17,0.11737414264052567,0.2990692715555495,1.3877787807814457e-16,10.912949536899374,16.636468340833392,5.551115123125783e-17,1.3225316387727957,4.138752345901067,5.551115123125783e-17,2.479348174562132,6.0616939737892945,0.008870808748329231,59.54623379745613,0.874544967777528,60.42964957398199,62.963929731849746,-0.1383798717973661,0.0,0.8187124527389017,0.6803325809415356,1.0,0.000245916794778107,0.0,4.242640687119285,0.34080747624635493,0.05807486793270489
1619,283.19012122568165,0.19634954084936207,-3.686287386450715e-18,0.149624955300619,0.36774405365435087,-5.079487178094588e-17,0.11480156775477084,0.30457795700174095,8.326672684688674e-17,10.93919418501054,16.659083881972208,2.7755575615628914e-17,1.3189762604889175,4.195913401005805,-5.551115123125783e-17,2.4652296846694757,6.036515336934019,0.008795434354439309,59.83298470868421,0.8698491878666642,60.71162933090531,63.22236501627938,-0.13883516663825213,0.0,0.8215530953937022,0.6827179287554501,1.0,0.000245916794778107,0.0,4.242640687119285,0.34080747624635493,0.05807486793270489
1620,283.38647076653103,0.19634954084936207,-3.686287386450715e-18,0.1502992167488111,0.3636875589902626,-5.095750210681871e-17,0.11320130573229036,0.2961157190743982,8.326672684688674e-17,10.952324062270517,16.680213583420777,5.551115123125783e-17,1.317240837745798,4.2082565130654705,0.0,2.459657949007881,6.028913362322024,0.008743009160620764,59.976701182494864,0.8675617123126258,60.85300590396811,63.3540452673325,-0.1394379903568596,0.0,0.8343327993768982,0.6948948090200386,1.0,0.00024418373238726875,0.0,4.242640687119285,0.3262962949842552,0.05323463606022605
1621,283.5828203073804,0.19634954084936207,-4.9873299934333204e-18,0.15091299867817595,0.3680521066832255,-5.0984607161130846e-17,0.11178413654213945,0.2797829002457209,2.498001805406602e-16,10.96548453223115,16.699285616054716,-5.551115123125783e-17,1.315549815182416,4.209316948366488,0.0,2.4556885120807466,6.0253934274990515,0.008698765294164424,60.12092551330029,0.8653356581132444,60.9949599367077,63.4885052332796,-0.13887302664101508,0.0,0.8474712576092415,0.7085982309682264,1.0,0.00024418373238726875,0.0,4.242640687119285,0.3262962949842552,0.05323463606022605
1622,283.7791698482298,0.19634954084936207,-3.903127820947816e-18,0.1513928216575093,0.38205292756633635,-5.1093027378379396e-17,0.11075577978825123,0.263637750549956,1.6653345369377348e-16,10.978664800567834,16.715046494304953,-2.7755575615628914e-17,1.3138912127666613,4.201963711469467,5.551115123125783e-17,2.453444063290453,6.028821507932439,0.008669591198056784,60.26554040161357,0.863155059492724,61.137365052304354,63.62575481015478,-0.1392434945109286,0.0,0.8617716492911416,0.7225281547802129,1.0,0.00024418373238726875,0.0,4.242640687119285,0.3262962949842552,0.05323463606022605
1624,284.17186892992856,0.19634954084936207,-5.204170427930421e-18,0.15178973933155843,0.39785694042813236,-5.093039705250657e-17,0.11008577020706788,0.2681045332209845,1.6653345369377348e-16,11.005070005916712,16.811735322332343,2.7755575615628914e-17,1.3107003667405286,4.1706126690486665,-5.551115123125783e-17,2.4533672114175475,6.0502187475325115,0.008649369690341796,60.55578291756381,0.858967725686878,61.42340001294103,63.90750062062377,-0.13959849978722294,0.0,0.8802447220918455,0.7406462223046225,1.0,0.00024418373238726875,0.0,4.242640687119285,0.3262962949842552,0.05323463606022605
1625,284.36821847077795,0.19634954084936207,-5.421010862427522e-18,0.15166393887446097,0.40038179989356193,-5.057803134644878e-17,0.11036038801129054,0.27470840382498385,5.551115123125783e-17,11.018277620517203,16.8843410972085,2.7755575615628914e-17,1.3091816326022143,4.144232610721283,5.551115123125783e-17,2.454559313016955,6.068269664432202,0.008647160895194827,60.70122086139511,0.8569782735714997,61.5668462958618,64.05053715313524,-0.13971495668522516,0.0,0.8911900680705666,0.7514751113853414,1.0,0.00024418373238726875,0.0,4.242640687119285,0.3262962949842552,0.05323463606022605
1626,284.56456801162733,0.19634954084936207,-4.119968255444917e-18,0.15130105031734012,0.39736261742556395,-5.060513640076092e-17,0.11099709838747158,0.27936385629432914,-2.7755575615628914e-17,11.031475678330999,16.947169146246573,2.7755575615628914e-17,1.3077140914826226,4.112112331785146,5.551115123125783e-17,2.455694470307767,6.087520909304754,0.008646641347133392,60.84672782080417,0.8550580725311104,61.71043253468241,64.19370814671855,-0.13963757382414968,0.0,0.8918002124752086,0.7521626386510589,1.0,0.00024418373238726875,0.0,4.242640687119285,0.3262962949842552,0.05323463606022605
1627,284.7609175524767,0.19634954084936207,-4.9873299934333204e-18,0.150697401785928,0.3923685578947627,-5.082197683525802e-17,0.11200672910464637,0.2822959773026861,2.7755575615628914e-16,11.04465815704705,16.997497841515404,2.7755575615628914e-17,1.3062854179103924,4.087659477983101,0.0,2.456147343662389,6.104837173277258,0.008650164210672662,60.992236903012966,0.8531907965226644,61.8540778637463,64.3360867991895,-0.13946489516543065,0.0,0.8876962748416555,0.7482313796762248,1.0,0.00024418373238726875,0.0,4.242640687119285,0.3262962949842552,0.05323463606022605
1629,285.1536166341755,0.19634954084936207,-5.204170427930421e-18,0.14893716470159107,0.40353943867631764,-5.1445393084437185e-17,0.11491461434987454,0.2835391867600774,5.551115123125783e-17,11.070981236532724,17.05595349639376,0.0,1.3034431489958807,4.06570352659473,-5.551115123125783e-17,2.453657877087924,6.122426261888747,0.008673998023399215,61.283312769829834,0.8494820213321486,62.14146878918538,64.61646879452235,-0.1390890664134813,0.0,0.8764572963303939,0.7373682299169126,1.0,0.00024418373238726875,0.0,4.242640687119285,0.3262962949842552,0.05323463606022605
1630,285.34996617502486,0.19634954084936207,-5.854691731421724e-18,0.14800552863463698,0.4036501794834412,-5.17435486818707e-17,0.11636213954892127,0.2876702016195567,5.551115123125783e-17,11.084137909912323,17.06462045161096,0.0,1.3019678686800167,4.061991027057878,5.551115123125783e-17,2.4508580252479684,6.119396589616203,0.008683024991801134,61.42905660297777,0.8475601655375926,62.285299793507164,64.7546703252238,-0.13868778566855575,0.0,0.8661757033515851,0.7274879176830293,1.0,0.00024014916470020881,0.0,4.242640687119285,0.3088301937334919,0.04768804428073307
1631,285.54631571587424,0.19634954084936207,-4.553649124439119e-18,0.14726609950518293,0.40382219369353667,-5.0903291998194433e-17,0.1173519662548661,0.29834772932540776,2.220446049250313e-16,11.097338298840024,17.07081687149116,0.0,1.3004605249344134,4.050748169348846,-5.551115123125783e-17,2.4476569774534163,6.108569614146114,0.008676904196130236,61.57545865945079,0.8455987884563447,62.42973435210326,64.89290980396423,-0.1362001271811151,0.0,0.8635553402826435,0.7273552131015284,1.0,0.00024014916470020881,0.0,4.242640687119285,0.3088301937334919,0.04768804428073307
1633,285.939014797573,0.19634954084936207,-4.9873299934333204e-18,0.14697035401380043,0.3982567176877287,-5.057803134644878e-17,0.11702901088798928,0.3003876087797704,2.7755575615628914e-17,11.123802792424675,17.056418876414966,0.0,1.2972623522879472,4.0232369963768155,5.551115123125783e-17,2.442204071758542,6.072099997905301,0.008613131368922305,61.869494282377474,0.8414448053318287,62.719552219078224,65.17137442100085,-0.13607980603951017,0.0,0.8683366521652908,0.7322568461257806,1.0,0.00024014916470020881,0.0,4.242640687119285,0.3088301937334919,0.04768804428073307
1634,286.1353643384224,0.19634954084936207,-7.589415207398531e-18,0.14752013463598823,0.4009233630874039,-5.128276275856436e-17,0.11582274480431334,0.29792656254277894,1.6653345369377348e-16,11.137066200270631,17.04948615852649,2.7755575615628914e-17,1.2956377591017307,4.010455917518367,-5.551115123125783e-17,2.4408066901477836,6.0528905211005375,0.008580300975110453,62.01712177460526,0.8393386014050772,62.865040676985444,65.31291434903147,-0.1361102058699188,0.0,0.8797892010619355,0.7436789951920166,1.0,0.00024014916470020881,0.0,4.242640687119285,0.3088301937334919,0.04768804428073307
1635,286.3317138792718,0.19634954084936207,-4.553649124439119e-18,0.1484415187914072,0.40216029915887136,-5.128276275856436e-17,0.11430801635984984,0.2908213706667916,2.220446049250313e-16,11.150339339226454,17.050225690219897,2.7755575615628914e-17,1.2940621043638412,4.003401944726544,0.0,2.4404890769116854,6.037413020965701,0.008570614915473385,62.16503368995051,0.8372983649752865,63.01090266984127,65.45631750713838,-0.13620800095569707,0.0,0.8891209209783988,0.7529129200227017,1.0,0.00024014916470020881,0.0,4.242640687119285,0.3088301937334919,0.04768804428073307
1636,286.52806342012116,0.19634954084936207,-5.204170427930421e-18,0.14957667213589831,0.4087887159606961,-5.1662233518934286e-17,0.11281612852152201,0.2926764570418911,1.6653345369377348e-16,11.163609554778898,17.050001296396964,2.7755575615628914e-17,1.292579387320478,3.9901123188223657,0.0,2.4411102299110636,6.027939348628289,0.008591676298691023,62.313089145775365,0.8353807362628913,63.15706155833695,65.60137746633548,-0.13633264028988828,0.0,0.8974523955590926,0.7611197552692044,1.0,0.00024014916470020881,0.0,4.242640687119285,0.3088301937334919,0.04768804428073307
1638,286.9207625018199,0.19634954084936207,-6.5052130349130266e-18,0.15179904716095005,0.4284077643044632,-5.106592232406726e-17,0.11056538093829518,0.2886071323887739,3.3306690738754696e-16,11.19009924657607,17.05479209152804,0.0,1.2899413342102204,3.9816558577485837,-1.6653345369377348e-16,2.44374142838779,6.028580620817541,0.008683460514722251,62.609160574111144,0.8319743228520217,63.44981835747789,65.89419816591099,-0.13651373942204367,0.0,0.9042568875550602,0.7677431481330165,1.0,0.00024014916470020881,0.0,4.242640687119285,0.3088301937334919,0.04768804428073307
1639,287.1171120426693,0.19634954084936207,-3.0357660829594124e-18,0.15259070187942392,0.4321278165176069,-5.1120132432691534e-17,0.10986289745027535,0.28060973768015596,1.1102230246251565e-16,11.203311087004922,17.050526259575854,0.0,1.2887249518918404,3.982089004554648,0.0,2.4447228627276933,6.035574294460892,0.008716846360925104,62.757089656103716,0.8304060008143135,63.596212503278956,66.04031937049,-0.13665175930208018,0.0,0.9027867156158078,0.7661349563137276,1.0,0.00024014916470020881,0.0,4.242640687119285,0.3088301937334919,0.04768804428073307
1640,287.3134615835187,0.19634954084936207,-5.421010862427522e-18,0.15301563874766055,0.43345477425676066,-5.0903291998194433e-17,0.10950327247301041,0.27119108823433496,2.498001805406602e-16,11.216506722745933,17.038235266882072,2.7755575615628914e-17,1.2874872673907514,3.989871808589199,-1.6653345369377348e-16,2.444684037856436,6.043052702013627,0.00872756236893369,62.90501153070236,0.8288117318466519,63.74255082491794,66.1850121689011,-0.13670605121992727,0.0,0.8955731046436726,0.7588670534237453,1.0,0.00024025286852830046,0.0,4.242640687119285,0.3308261642953833,0.05472297549119797
1641,287.50981112436807,0.19634954084936207,-4.553649124439119e-18,0.15299099881384523,0.4313253249237168,-5.117434254131581e-17,0.1096316821055037,0.25920626683464637,1.942890293094024e-16,11.22969594321748,17.019999563719903,2.7755575615628914e-17,1.2861444790784105,3.991691373316964,0.0,2.4430786509250484,6.047604808267442,0.008719511570680528,63.053035488557576,0.8270838105319376,63.8888388106602,66.32745361073569,-0.13679269343359313,0.0,0.884285884148246,0.7474931907146529,1.0,0.00024025286852830046,0.0,4.242640687119285,0.3308261642953833,0.05472297549119797
1643,287.90251020606684,0.19634954084936207,-5.421010862427522e-18,0.15148168796440303,0.4131420686680005,-5.182486384480711e-17,0.11171988291352568,0.24159803340825312,1.3877787807814457e-16,11.256104307689629,17.005217946044443,0.0,1.2828885622545172,3.982645626998982,5.551115123125783e-17,2.434123842135975,6.037525524927059,0.008677545026301097,63.34994209279449,0.822901531581731,64.18152116940253,66.60416159827507,-0.13680097914319234,0.0,0.8636816111217629,0.7268806319785706,1.0,0.00024025286852830046,0.0,4.242640687119285,0.3308261642953833,0.05472297549119797
1644,288.0988597469162,0.19634954084936207,-4.119968255444917e-18,0.15012147949407625,0.40220622134609596,-5.149960319306146e-17,0.11339734444586365,0.2668527697642074,5.551115123125783e-17,11.269339312723824,17.00614514012736,0.0,1.280934138108327,3.9652115266723293,0.0,2.427101396250801,6.020919155740574,0.008642418885961787,63.49900427265134,0.8203961330856613,64.32804282462297,66.73896067838294,-0.1368084505571575,0.0,0.8457433317646471,0.7089348812074896,1.0,0.00024025286852830046,0.0,4.242640687119285,0.3308261642953833,0.05472297549119797
1645,288.2952092877656,0.19634954084936207,-4.7704895589362195e-18,0.14858582461518582,0.3876585531378324,-5.117434254131581e-17,0.11501389240404121,0.2865478162498712,1.1102230246251565e-16,11.282596160522822,17.05555682447698,5.551115123125783e-17,1.2788102736183455,3.9368093432297027,-5.551115123125783e-17,2.4191551114233665,5.997904003987034,0.008587202993137366,63.648488060722144,0.8176778579559139,64.4747531216712,66.87255507197108,-0.1368373390061528,0.0,0.8396371459443457,0.7027998069381929,1.0,0.00024025286852830046,0.0,4.242640687119285,0.3308261642953833,0.05472297549119797
1647,288.68790836946437,0.19634954084936207,-4.7704895589362195e-18,0.14601804375067173,0.36015055040620175,-5.1553813301685736e-17,0.11675581207386065,0.29696002669116767,5.551115123125783e-17,11.309144821482922,17.179080479643442,0.0,1.2744367211712664,3.8809862823140446,-5.551115123125783e-17,2.4038127293093012,5.944660080659715,0.008423403756367947,63.94837829663701,0.8120944781348841,64.76889617852827,67.14113587881228,-0.13694559987520588,0.0,0.8431079674038865,0.7061623675286806,1.0,0.00024025286852830046,0.0,4.242640687119285,0.3308261642953833,0.05472297549119797
1648,288.88425791031375,0.19634954084936207,-3.0357660829594124e-18,0.14545508277256358,0.3595681335540811,-5.139118297581291e-17,0.11669786901648176,0.2976403059572507,1.3877787807814457e-16,11.322413846530269,17.230637645810948,0.0,1.2724194940620592,3.8971586137630516,5.551115123125783e-17,2.397971112252825,5.924381341735443,0.00835213440403563,64.0985276560502,0.8095256844345733,64.9164054748888,67.27850283222712,-0.13711201047254706,0.0,0.8586377594911284,0.7215257490185814,1.0,0.00024025286852830046,0.0,4.242640687119285,0.3308261642953833,0.05472297549119797
1649,289.08060745116313,0.19634954084936207,-3.0357660829594124e-18,0.14553545071045715,0.36011847124439145,-5.139118297581291e-17,0.11617168137179905,0.295491648339675,1.6653345369377348e-16,11.33566568031273,17.269251677305256,0.0,1.2706490587034975,3.9154494029112796,0.0,2.394110031875069,5.916309562099788,0.00832042009664692,64.24865820790991,0.807274515192042,65.06425314319861,67.41910362646634,-0.13723739329170137,0.0,0.8749858284855268,0.7377484351938254,1.0,0.00024025286852830046,0.0,4.242640687119285,0.3308261642953833,0.05472297549119797
1650,289.2769569920125,0.19634954084936207,-5.854691731421724e-18,0.14622111704075688,0.35957811473477586,-5.171644362755856e-17,0.1153333036800867,0.2933193327946416,1.1102230246251565e-16,11.348895982273143,17.294743044792448,2.7755575615628914e-17,1.2691743490959617,3.93816853642376,0.0,2.3925136197134282,5.91215044355786,0.008338034102428601,64.39872000822777,0.8054017642015789,65.21245980653177,67.56337435427218,-0.137346381986238,0.0,0.8935167339911603,0.7561703520049223,1.0,0.00023800459569849682,0.0,4.242640687119285,0.315089297033726,0.04964063255260381
1652,289.6696560737113,0.19634954084936207,-5.854691731421724e-18,0.1487285944865541,0.3549010488668526,-5.1228552649940085e-17,0.11301969651018141,0.3046816665089166,1.3877787807814457e-16,11.37534406232103,17.310294296299187,2.7755575615628914e-17,1.2670504187215834,3.9782615021906933,0.0,2.3958777818509613,5.918697935639697,0.008464007753247219,64.69922626809117,0.8027083817912698,65.51039865763569,67.86296923273005,-0.13616216589600166,0.0,0.9198677413082061,0.7837055754122044,1.0,0.00023800459569849682,0.0,4.242640687119285,0.315089297033726,0.04964063255260381
1653,289.86600561456066,0.19634954084936207,-5.637851296924623e-18,0.1500873413150609,0.3692048241027049,-5.204170427930421e-17,0.11164592363938661,0.30228879706579537,1.1102230246251565e-16,11.388565268828545,17.303848042955295,2.7755575615628914e-17,1.2662036081480519,3.993356964884712,5.551115123125783e-17,2.3998403111105127,5.937591210451157,0.008522150562688634,64.84970944118388,0.8016357886435725,65.65986738039012,68.0164962191181,-0.13615009956893082,0.0,0.9385132002940053,0.8023631007250744,1.0,0.00023800459569849682,0.0,4.242640687119285,0.315089297033726,0.04964063255260381
1654,290.06235515541005,0.19634954084936207,-4.119968255444917e-18,0.15122038441309055,0.3801500036907839,-5.1662233518934286e-17,0.11034063819534114,0.28575878961159107,1.6653345369377348e-16,11.401801391153588,17.290956468179118,2.7755575615628914e-17,1.2653376539487615,4.003907693202623,5.551115123125783e-17,2.4041849039663172,5.9581963702183645,0.008556261050968829,65.00053748165594,0.8005396892502779,65.80963343195718,68.17080148537154,-0.13604467136265608,0.0,0.9422838944929295,0.8062392231302734,1.0,0.00023800459569849682,0.0,4.242640687119285,0.315089297033726,0.04964063255260381
1655,290.25870469625943,0.19634954084936207,-3.469446951953614e-18,0.15196455022842315,0.38669552430905796,-5.193328406205566e-17,0.10939434855228448,0.25820300923715667,1.942890293094024e-16,11.415061045345492,17.276668700287534,2.7755575615628914e-17,1.2643416495876019,4.00915111897812,-1.1102230246251565e-16,2.4078879554476385,5.9761257327068,0.008569085024224855,65.15180933448207,0.799279903440949,65.95965832294723,68.32437781600542,-0.1358660400936747,0.0,0.938451461805669,0.8025854217119943,1.0,0.00023800459569849682,0.0,4.242640687119285,0.315089297033726,0.04964063255260381
1657,290.6514037779582,0.19634954084936207,-6.071532165918825e-18,0.15196256110085443,0.39395630675579907,-5.1553813301685736e-17,0.1095045724318621,0.2692922362518324,-2.7755575615628914e-17,11.441651558450372,17.333477328043585,0.0,1.2617315993762899,4.001567855725414,5.551115123125783e-17,2.4101179745879477,5.98947944499422,0.008567470142923595,65.45569519249489,0.7959833144323252,66.26024597707013,68.6245698273891,-0.1354799972690603,0.0,0.9206476281216301,0.7851676308525699,1.0,0.00023800459569849682,0.0,4.242640687119285,0.315089297033726,0.04964063255260381
1658,290.8477533188076,0.19634954084936207,-2.3852447794681098e-18,0.15122422087402734,0.391320483344765,-5.093039705250657e-17,0.11054840026413318,0.27744489986187826,1.3877787807814457e-16,11.454966450243484,17.376489865030955,2.7755575615628914e-17,1.2601363942005708,3.9882788145191492,0.0,2.4079691683677287,5.981137878085057,0.008556201655730823,65.6081281881019,0.7939718659944082,66.41065625575204,68.770173311015,-0.1350330779231778,0.0,0.8976612033638127,0.7626281254406349,1.0,0.00023800459569849682,0.0,4.242640687119285,0.315089297033726,0.04964063255260381
1659,291.04410285965696,0.19634954084936207,-4.336808689942018e-18,0.15010902768848644,0.389012081294315,-5.0876186943882296e-17,0.1119319151157294,0.2826418799268888,2.498001805406602e-16,11.4682780874966,17.414822741349784,0.0,1.2584317453513545,3.9688803085541418,-5.551115123125783e-17,2.4039101054079177,5.963313770381697,0.008528788045225198,65.76070114607734,0.7918252288540281,66.56105516297659,68.91315201644885,-0.1347492928591612,0.0,0.8841372546349868,0.7493879617758257,1.0,0.00023800459569849682,0.0,4.242640687119285,0.315089297033726,0.04964063255260381
1661,291.4368019413557,0.19634954084936207,-4.7704895589362195e-18,0.1474474622677976,0.39602547934468124,-5.0903291998194433e-17,0.11462856211204946,0.2883528120955731,1.6653345369377348e-16,11.49487898010803,17.475572321366393,0.0,1.2550569363575201,3.923772017281557,5.551115123125783e-17,2.3925922571798535,5.911240172418199,0.008426416296793814,66.06612138366474,0.7875839567495622,66.8621317567111,69.19533009492224,-0.13350924446990395,0.0,0.8731107298209088,0.7396014853510048,1.0,0.00023462296766245668,0.0,4.242640687119285,0.3045737771206255,0.046382592854762233
1662,291.6331514822051,0.19634954084936207,-5.204170427930421e-18,0.1463475093496589,0.3932288580046781,-5.198749417067994e-17,0.11562978791281076,0.29153811257314666,1.1102230246251565e-16,11.508162111677535,17.498095658797286,0.0,1.2535134585682803,3.902962068575927,-5.551115123125783e-17,2.3867440661246526,5.885676533524669,0.008381432383323489,66.21889759432513,0.785647995405906,67.01292702211435,69.3366427715592,-0.13251105564775928,0.0,0.8729570754380748,0.7404460197903155,1.0,0.00023462296766245668,0.0,4.242640687119285,0.3045737771206255,0.046382592854762233
1663,291.8295010230545,0.19634954084936207,-3.686287386450715e-18,0.1456946410850341,0.3938761628400646,-5.139118297581291e-17,0.11630042491628689,0.2879615192286943,3.0531133177191805e-16,11.521430861168822,17.516090272159648,2.7755575615628914e-17,1.2520913819660333,3.891363103042905,0.0,2.3815951055879365,5.866382476488018,0.008367548774651104,66.37168454434669,0.7838664143968055,67.16391850751816,69.47922363859426,-0.1326511188297751,0.0,0.8794129634228907,0.7467618445931156,1.0,0.00023462296766245668,0.0,4.242640687119285,0.3045737771206255,0.046382592854762233
1664,292.0258505639039,0.19634954084936207,-5.204170427930421e-18,0.1456295544889693,0.3940532355734928,-5.204170427930421e-17,0.11656057392927137,0.2907925111765453,2.220446049250313e-16,11.534694782990544,17.530401192405098,-2.7755575615628914e-17,1.2507778546364554,3.877730868679984,0.0,2.3776227647826076,5.856621172302836,0.00839263729915702,66.52459186837461,0.7822226208244869,67.31520712649825,69.62376405045815,-0.13291438525023497,0.0,0.8894890536296305,0.7565746683793955,1.0,0.00023462296766245668,0.0,4.242640687119285,0.3045737771206255,0.046382592854762233
1666,292.41854964560264,0.19634954084936207,-5.204170427930421e-18,0.14721054720570895,0.40081709165154134,-5.1011712215442984e-17,0.11549131651507616,0.2884539896572736,1.6653345369377348e-16,11.561246348975352,17.55069783164883,0.0,1.248331263003602,3.865794301798546,0.0,2.374222851103063,5.869482800192008,0.008508338441019486,66.83120857084798,0.7791654710960841,67.61888238038507,69.92002007109015,-0.13350603629919258,0.0,0.9080486113246224,0.7745425750254299,1.0,0.00023462296766245668,0.0,4.242640687119285,0.3045737771206255,0.046382592854762233
1667,292.614899186452,0.19634954084936207,-5.204170427930421e-18,0.14852431666614047,0.40346199492760826,-5.1011712215442984e-17,0.11416800000651357,0.2784716655707229,3.0531133177191805e-16,11.574544955238748,17.56480213667327,0.0,1.247117004334505,3.88780300246802,-1.1102230246251565e-16,2.374702509681172,5.888902153400939,0.00855445066599357,66.98504546042139,0.7776504112501348,67.77125032233752,70.07148797614889,-0.13420194706807492,0.0,0.925440633051747,0.791238685983672,1.0,0.00023462296766245668,0.0,4.242640687119285,0.3045737771206255,0.046382592854762233
1668,292.8112487273014,0.19634954084936207,-4.9873299934333204e-18,0.1498532538698781,0.4147162211470721,-5.1336972867188635e-17,0.11255702466359532,0.28419199043065413,1.942890293094024e-16,11.58785763618137,17.575213928930896,0.0,1.24587061858102,3.8962653764454305,-5.551115123125783e-17,2.376130442520919,5.9121164345215345,0.008573290316696491,67.13922229820345,0.7760967991217265,67.92389238764187,70.22440807432974,-0.13465240842963905,0.0,0.9331357997425095,0.7984833913128704,1.0,0.00023462296766245668,0.0,4.242640687119285,0.3045737771206255,0.046382592854762233
1669,293.0075982681508,0.19634954084936207,-6.938893903907228e-18,0.15096329634302713,0.4266138887581705,-5.1553813301685736e-17,0.11097875118633943,0.28964273870176505,1.942890293094024e-16,11.601177504010023,17.597555051143523,0.0,1.2445841281013652,3.891978435694843,0.0,2.3778783124667666,5.934500514535115,0.008566298419799168,67.29365973977411,0.7744948259609178,68.07672086415482,70.37787811271869,-0.13502454221072624,0.0,0.9362461334872658,0.8012215912765396,1.0,0.00023462296766245668,0.0,4.242640687119285,0.3045737771206255,0.046382592854762233
1671,293.40029734984955,0.19634954084936207,-4.553649124439119e-18,0.15198213306452452,0.4363139240389029,-5.182486384480711e-17,0.10905468251607017,0.2868967727321078,5.551115123125783e-17,11.627798320572326,17.631557809353076,0.0,1.2419279219087753,3.852022591571806,1.1102230246251565e-16,2.3797803053323587,5.96049007039824,0.008513366563597554,67.60284689195228,0.7711924816083242,68.3825527401242,70.68285088317742,-0.13542860363901205,0.0,0.9317324469031321,0.7963038432641201,1.0,0.00023503625661488653,0.0,4.242640687119285,0.32536697953762916,0.05293183568672
1672,293.59664689069893,0.19634954084936207,-6.288372600415926e-18,0.15183064767884627,0.4366924052466803,-5.149960319306146e-17,0.1089490207564178,0.27754126628700826,2.498001805406602e-16,11.641085019385441,17.633285936013294,0.0,1.2405934664096356,3.820565357991666,5.551115123125783e-17,2.379079915673719,5.9593020464355755,0.008481270033788395,67.75743021428008,0.7695360744491377,68.535447558763,70.8331893694059,-0.13548489158175647,0.0,0.9210145058147543,0.7855296142329978,1.0,0.00023503625661488653,0.0,4.242640687119285,0.32536697953762916,0.05293183568672
1673,293.7929964315483,0.19634954084936207,-3.2526065174565133e-18,0.15129936964562868,0.432667186548195,-5.1445393084437185e-17,0.10936157514839666,0.2654276627031317,5.551115123125783e-17,11.654355601916434,17.629644379980057,0.0,1.2392727256022744,3.7842698062494335,5.551115123125783e-17,2.3771527204740375,5.948578010012215,0.008446804014310838,67.91200224796049,0.7678984442108452,68.68834749618564,70.98197680563992,-0.13520426476370723,0.0,0.9129063728835096,0.7777021081198023,1.0,0.00023503625661488653,0.0,4.242640687119285,0.32536697953762916,0.05293183568672
1675,294.1856955132471,0.19634954084936207,-4.553649124439119e-18,0.14946939818303456,0.4111494174040391,-5.187907395343139e-17,0.11133760173552658,0.24624338044717625,1.1102230246251565e-16,11.680879112206897,17.637016014988376,-1.3877787807814457e-17,1.2366629495146333,3.759278197529072,-5.551115123125783e-17,2.3707277005005722,5.9091989108251495,0.008377725916648785,68.2214684169957,0.764667625351116,68.99451376826346,71.2766758476932,-0.13449229257899592,0.0,0.9048726170987968,0.7703803245198009,1.0,0.00023503625661488653,0.0,4.242640687119285,0.32536697953762916,0.05293183568672
1676,294.38204505409647,0.19634954084936207,-6.288372600415926e-18,0.1484164554296164,0.3990135593841164,-5.139118297581291e-17,0.11269743189381619,0.252276426553713,2.7755575615628914e-16,11.69415563392009,17.671908698768622,2.7755575615628914e-17,1.2353531471387114,3.752804844255044,0.0,2.3671578654348036,5.888621947274079,0.008357944960558876,68.37663799517249,0.7630486990727592,69.1480446392058,71.42402115544886,-0.13360324996202794,0.0,0.9038624966377383,0.7702592466757103,1.0,0.00023503625661488653,0.0,4.242640687119285,0.32536697953762916,0.05293183568672
1677,294.57839459494585,0.19634954084936207,-6.5052130349130266e-18,0.1474759396679454,0.3839870099056534,-5.149960319306146e-17,0.11411295945686266,0.2738815617113093,5.551115123125783e-17,11.707456131941017,17.70861590872945,1.3877787807814457e-17,1.2340308363351544,3.7583540171367944,1.1102230246251565e-16,2.364036014759472,5.87296686003526,0.008360284113897023,68.53226454066164,0.76141605251302,69.30204087728855,71.57239682515315,-0.13299162647014284,0.0,0.908375710627968,0.7753840841578251,1.0,0.00023503625661488653,0.0,4.242640687119285,0.32536697953762916,0.05293183568672
1678,294.77474413579523,0.19634954084936207,-3.469446951953614e-18,0.14681016518355144,0.36992341264035244,-5.1662233518934286e-17,0.11536725276155127,0.2962857512430437,1.942890293094024e-16,11.720784788187215,17.736513111056425,2.7755575615628914e-17,1.2327031761008627,3.7628309771990485,5.551115123125783e-17,2.3617880740836408,5.865143875558551,0.00838770861918746,68.68839802550042,0.7597785601845772,69.45656429430417,71.72241443934735,-0.13244651547940633,0.0,0.9160315343529613,0.7835850188735549,1.0,0.00023503625661488653,0.0,4.242640687119285,0.32536697953762916,0.05293183568672
1680,295.167443217494,0.19634954084936207,-5.204170427930421e-18,0.14673390554636775,0.37221741558225363,-5.182486384480711e-17,0.11649887866568634,0.31566936950854757,8.326672684688674e-17,11.747507230064413,17.7879093871226,1.3877787807814457e-17,1.2301197954342404,3.762257105152959,0.0,2.3606486010781835,5.875751413182182,0.008487512397346329,69.0019630602078,0.7565973555595885,69.76704792816474,72.02826397452289,-0.1318997167366068,0.0,0.929992062347041,0.7980923456104342,1.0,0.00023239280671892215,0.0,4.242640687119285,0.305319977924139,0.04661014445979836
1681,295.3637927583434,0.19634954084936207,-3.469446951953614e-18,0.1473266798635441,0.37539052243744525,-5.1228552649940085e-17,0.11612804970703945,0.3101544333977973,1.3877787807814457e-16,11.760897651406863,17.803668608973833,0.0,1.2289346533668315,3.7613959638376433,0.0,2.3615056815279316,5.890965450483882,0.008532688289483743,69.15935678343372,0.7551401911229273,69.92302966284613,72.183881306619,-0.13024121192787264,0.0,0.9415403307765383,0.8112991188486657,1.0,0.00023239280671892215,0.0,4.242640687119285,0.305319977924139,0.04661014445979836
1682,295.56014229919276,0.19634954084936207,-4.9873299934333204e-18,0.14819248472787488,0.3762866530326845,-5.1445393084437185e-17,0.11517340620685111,0.2948579591972119,1.6653345369377348e-16,11.774275455834914,17.808709993922818,1.3877787807814457e-17,1.2278202968188403,3.759547452684251,5.551115123125783e-17,2.362680203497913,5.908545882280123,0.008558803995137438,69.31678125493822,0.7537713406401524,70.07911139957352,72.34009233109394,-0.13038683541952462,0.0,0.9445823967645446,0.81419556134502,1.0,0.00023239280671892215,0.0,4.242640687119285,0.305319977924139,0.04661014445979836
1683,295.75649184004214,0.19634954084936207,-4.553649124439119e-18,0.14915688642420663,0.37463401203746544,-5.149960319306146e-17,0.11381444889270476,0.29668856215670236,8.326672684688674e-17,11.787630493236794,17.81387144177087,1.3877787807814457e-17,1.2267602781729832,3.765697301662812,0.0,2.3635192976181387,5.924717241137152,0.008561664016746502,69.47411632254297,0.7524703900515275,70.23514837661125,72.49589910362036,-0.13068791364614418,0.0,0.9427820516654103,0.8120941380192661,1.0,0.00023239280671892215,0.0,4.242640687119285,0.305319977924139,0.04661014445979836
1685,296.1491909217409,0.19634954084936207,-4.7704895589362195e-18,0.1507567469286136,0.3649276436524539,-5.160802341031001e-17,0.11085783533299864,0.2813764674402263,1.1102230246251565e-16,11.814263544384183,17.839702017087248,1.3877787807814457e-17,1.2246280025296488,3.7778333646449553,0.0,2.361770814940078,5.940534343674457,0.008513832427768228,69.78841154808256,0.7498568722898784,70.54678225280021,72.80268869831183,-0.13133484197364617,0.0,0.9312543228494284,0.7999194808757822,1.0,0.00023239280671892215,0.0,4.242640687119285,0.305319977924139,0.04661014445979836
1686,296.3455404625903,0.19634954084936207,-7.37257477290143e-18,0.1512007082279209,0.37508267128043304,-5.1336972867188635e-17,0.10972543682421505,0.27292909075492916,-2.7755575615628914e-17,11.827553404063035,17.850831141913545,4.163336342344337e-17,1.2234435326422115,3.7789745030168804,5.551115123125783e-17,2.358476540265669,5.936931781835382,0.008480395153312828,69.94550976298153,0.7484070387820271,70.70239719691688,72.95265536526442,-0.1320360041640786,0.0,0.9147085125627261,0.7826725083986475,1.0,0.00023239280671892215,0.0,4.242640687119285,0.305319977924139,0.04661014445979836
1687,296.5418900034397,0.19634954084936207,-3.2526065174565133e-18,0.15136237958309864,0.3854043085542863,-5.0876186943882296e-17,0.10905075036737388,0.26448616281678405,1.942890293094024e-16,11.840840379315935,17.883585657208652,2.7755575615628914e-17,1.222118814730398,3.776774937143391,5.551115123125783e-17,2.3536047069880826,5.925836953214808,0.00845184352506192,70.10275044421935,0.7467871986590163,70.85798948640344,73.1004295665867,-0.13244662001678542,0.0,0.9040848391097842,0.7716382190929988,1.0,0.00023239280671892215,0.0,4.242640687119285,0.305319977924139,0.04661014445979836
1689,296.93458908513844,0.19634954084936207,-6.071532165918825e-18,0.15087031514890117,0.39671832318623035,-5.198749417067994e-17,0.10931083364666876,0.2591898986939162,0.0,11.867449710249105,17.972945500548,-4.163336342344337e-17,1.2190258622129808,3.7641266067144263,5.551115123125783e-17,2.3410808999252524,5.889516005550494,0.008422323504073344,70.41818131264577,0.7430120263720504,71.1696156625219,73.39240582949253,-0.1328489172973655,0.0,0.8954411468039071,0.7625922295065416,1.0,0.00023239280671892215,0.0,4.242640687119285,0.305319977924139,0.04661014445979836
1690,297.1309386259878,0.19634954084936207,-6.071532165918825e-18,0.15025943176578768,0.39478505761111815,-5.228564976811345e-17,0.11017010569933991,0.2628104047706467,1.6653345369377348e-16,11.880783936257126,18.020845187245293,-1.3877787807814457e-17,1.217334734520513,3.7547561328506993,-5.551115123125783e-17,2.3349028035717914,5.869208763104968,0.008417860028189077,70.57651347001269,0.7409519279350638,71.32588325797593,73.53881338348543,-0.13298223458191957,0.0,0.8975664439448505,0.7645842093629309,1.0,0.0002298474886674834,0.0,4.242640687119285,0.30233564501010646,0.04570342112183856
1691,297.3272881668372,0.19634954084936207,-6.5052130349130266e-18,0.14945468824080932,0.3880656878592058,-5.136407792150077e-17,0.11137027351916247,0.26584206427411394,1.942890293094024e-16,11.894156185285585,18.062927139307934,0.0,1.2156685507830465,3.7440148301755203,-5.551115123125783e-17,2.3298662342348027,5.852042040771816,0.00841487869564777,70.73547567998368,0.7389250126814759,71.4828155713608,73.68737528478769,-0.13144458313669038,0.0,0.9065973910447727,0.7751528079080823,1.0,0.0002298474886674834,0.0,4.242640687119285,0.30233564501010646,0.04570342112183856
1692,297.5236377076866,0.19634954084936207,-4.553649124439119e-18,0.14852099092854668,0.3963902067330616,-5.171644362755856e-17,0.11275213380897653,0.280647669921529,1.6653345369377348e-16,11.907538889232955,18.09533664750762,5.551115123125783e-17,1.214101780615345,3.7403105730444803,0.0,2.326579845020521,5.839712539148988,0.00841003211040627,70.89474119929761,0.7370215668466753,71.6401727982547,73.83869728442039,-0.13125645921152246,0.0,0.9202300009338725,0.78897354172235,1.0,0.0002298474886674834,0.0,4.242640687119285,0.30233564501010646,0.04570342112183856
1694,297.91633678938535,0.19634954084936207,-4.553649124439119e-18,0.14666488943432118,0.39814704677573454,-5.128276275856436e-17,0.11536475187889499,0.3041559697193416,1.6653345369377348e-16,11.93429660426191,18.13913501835052,0.0,1.2115871850233952,3.734438024360863,0.0,2.3265334119518357,5.83175346445568,0.008387945673509447,71.21371771924868,0.7339717534564576,71.95607741837864,74.15149375540575,-0.13080393365560092,0.0,0.9452997899616619,0.8144958563060609,1.0,0.0002298474886674834,0.0,4.242640687119285,0.30233564501010646,0.04570342112183856
1695,298.11268633023474,0.19634954084936207,-4.119968255444917e-18,0.14598043257773996,0.3983562849928455,-5.141828803012505e-17,0.11621167938901059,0.3103170198741958,2.220446049250313e-16,11.947656953848043,18.144947035463062,2.7755575615628914e-17,1.2107129547895927,3.738800277593551,5.551115123125783e-17,2.329663604474889,5.834077313237168,0.008365456224353232,71.37325334341674,0.7329129294476728,72.11453172908877,74.31282443624046,-0.13027115541864367,0.0,0.9696376255768898,0.8393664701582462,1.0,0.0002298474886674834,0.0,4.242640687119285,0.30233564501010646,0.04570342112183856
1696,298.3090358710841,0.19634954084936207,-6.071532165918825e-18,0.14559973433838902,0.39519702160546016,-5.13098678128765e-17,0.11650133211132858,0.30943546378348774,3.0531133177191805e-16,11.961003281752864,18.140610450122818,0.0,1.2100616691715627,3.740912612710434,0.0,2.3343466265828727,5.837686236788694,0.008328885297174904,71.53279975305139,0.7321246215991342,72.27325325994771,74.47665490826732,-0.12992645206682774,0.0,0.9819162685377095,0.8519898164708818,1.0,0.0002298474886674834,0.0,4.242640687119285,0.30233564501010646,0.04570342112183856
1697,298.5053854119335,0.19634954084936207,-6.7220534694101275e-18,0.14557829468580388,0.39054976187602963,-5.074066167232161e-17,0.11611639300799956,0.3014159292252204,3.0531133177191805e-16,11.974341361964274,18.1485773189644,-1.3877787807814457e-17,1.2095486855043476,3.743103947757644,1.1102230246251565e-16,2.339874501957837,5.839974539361236,0.008274572235679315,71.6924255264242,0.7315040113026475,72.43220410996253,74.64196154619155,-0.12963285399957222,0.0,0.9890718866372702,0.8594390326376979,1.0,0.0002298474886674834,0.0,4.242640687119285,0.30233564501010646,0.04570342112183856
1699,298.89808449363227,0.19634954084936207,-3.469446951953614e-18,0.14653572774103002,0.3912118206341014,-5.171644362755856e-17,0.11354435428197915,0.28351942376527106,8.326672684688674e-17,12.001031477696342,18.159964223652306,-1.3877787807814457e-17,1.2084714618573014,3.7304969657150124,-5.551115123125783e-17,2.3499566454524254,5.832357356426783,0.008133277228158804,72.01237826432923,0.7302016370617614,72.75071317861915,74.97193479926754,-0.1293477771610532,0.0,0.9871481808846825,0.8578004037236293,1.0,0.0002298474886674834,0.0,4.242640687119285,0.30233564501010646,0.04570342112183856
1700,299.09443403448165,0.19634954084936207,-4.336808689942018e-18,0.1473474062158148,0.4028451514012847,-5.198749417067994e-17,0.1118543078319546,0.28022763723302146,2.498001805406602e-16,12.01440068691335,18.154733571997056,-1.3877787807814457e-17,1.207689402756502,3.715993766166315,5.551115123125783e-17,2.352769466517722,5.823902024572333,0.00807713502486991,72.17291193285196,0.7292568467651779,72.91024591464202,75.13409428530328,-0.12923013980560938,0.0,0.9727464349056494,0.84351629510004,1.0,0.00022917706189672297,0.0,4.242640687119285,0.31137084675069204,0.04847590210312147
1701,299.29078357533103,0.19634954084936207,-5.204170427930421e-18,0.14822784744330558,0.41177437855434845,-5.13098678128765e-17,0.11035816653168663,0.2735359248544214,1.1102230246251565e-16,12.027794980109373,18.15260283775434,2.7755575615628914e-17,1.2066657519848445,3.6989387398283253,0.0,2.3532500772432168,5.840617376470432,0.008054743907149577,72.33392604177213,0.7280211185065751,73.07000190418586,75.29322522272462,-0.12887191160854583,0.0,0.9570659738942622,0.8281940622857163,1.0,0.00022917706189672297,0.0,4.242640687119285,0.31137084675069204,0.04847590210312147
1703,299.6834826570298,0.19634954084936207,-5.854691731421724e-18,0.14977302461912995,0.4197628298360338,-5.1662233518934286e-17,0.1088491193330183,0.2555023568617459,2.220446049250313e-16,12.054619194493505,18.16749131646339,-1.3877787807814457e-17,1.2039509940470026,3.659350298278409,0.0,2.346795297472151,5.828658115103387,0.008129557409074872,72.6569219621256,0.7247489980333828,73.38980051756805,75.60156052102555,-0.12898156543137732,0.0,0.9321347244730321,0.8031531590416549,1.0,0.00022917706189672297,0.0,4.242640687119285,0.31137084675069204,0.04847590210312147
1704,299.8798321978792,0.19634954084936207,-3.903127820947816e-18,0.15027519559861302,0.4224125080128598,-5.171644362755856e-17,0.10888036914172486,0.24598934299516906,1.3877787807814457e-16,12.06802753857307,18.16812205288435,1.3877787807814457e-17,1.2024129463987927,3.6479284858974728,0.0,2.3406741900926793,5.800988973319014,0.00820417718313415,72.81864433587899,0.7228984468337132,73.54974695989583,75.75190943605439,-0.12911235411326497,0.0,0.9129276153220252,0.7838152612087602,1.0,0.00022917706189672297,0.0,4.242640687119285,0.31137084675069204,0.04847590210312147
1705,300.07618173872856,0.19634954084936207,-7.37257477290143e-18,0.15051482018937243,0.42120213429909087,-5.171644362755856e-17,0.10930285974017168,0.23530209672070412,1.942890293094024e-16,12.081419253786004,18.1869254691734,-1.3877787807814457e-17,1.2008921453571748,3.631048109978643,0.0,2.3336515005771794,5.76351935373754,0.008279079981776575,72.98034559287558,0.721070972390279,73.70969564524763,75.90116753569737,-0.12918501924702264,0.0,0.9073812870615147,0.778196267814492,1.0,0.00022917706189672297,0.0,4.242640687119285,0.31137084675069204,0.04847590210312147
1706,300.27253127957795,0.19634954084936207,-4.119968255444917e-18,0.1504471134333546,0.4159623972010129,-5.182486384480711e-17,0.11003612907311722,0.23427736534799015,1.1102230246251565e-16,12.094788768487591,18.206823286723992,-1.3877787807814457e-17,1.199480104094455,3.620523570153659,5.551115123125783e-17,2.326614361805941,5.72509233072828,0.008341483493595392,73.1419576771668,0.719376260059222,73.86967542071962,76.05059796569049,-0.12923404607373193,0.0,0.908150006787649,0.7789159607139171,1.0,0.00022917706189672297,0.0,4.242640687119285,0.31137084675069204,0.04847590210312147
1708,300.6652303612767,0.19634954084936207,-4.553649124439119e-18,0.14935771898392478,0.3988117074707631,-5.149960319306146e-17,0.1123089294940409,0.2643340882759362,2.7755575615628914e-16,12.121469380321155,18.245466685376066,-1.3877787807814457e-17,1.197166654058391,3.617050306150455,0.0,2.3154332616924074,5.723425994992503,0.008418948740271688,73.46500996903168,0.7166039987946815,74.19003291656664,76.35416933648622,-0.12925767008076955,0.0,0.9198381573070273,0.7905804872262578,1.0,0.00022917706189672297,0.0,4.242640687119285,0.31137084675069204,0.04847590210312147
1709,300.8615799021261,0.19634954084936207,-6.071532165918825e-18,0.1484515607607451,0.38614462942091154,-5.193328406205566e-17,0.11367183517528642,0.2769843970657346,1.6653345369377348e-16,12.134797233724335,18.268050145294026,-2.7755575615628914e-17,1.1962507828195124,3.636093095329021,-5.551115123125783e-17,2.312196307428963,5.729091245450569,0.008435454193319158,73.6266519518019,0.715507967698148,74.35059537369337,76.50959131769531,-0.12924780395430954,0.0,0.938013255847489,0.8087654518931794,1.0,0.00022917706189672297,0.0,4.242640687119285,0.31137084675069204,0.04847590210312147
1710,301.0579294429755,0.19634954084936207,-5.637851296924623e-18,0.14748554415346327,0.3722569558352976,-5.1120132432691534e-17,0.1148871276011585,0.2866840926487039,1.3877787807814457e-16,12.148131543648203,18.281155381015772,-1.3877787807814457e-17,1.195429886703074,3.6653873194475333,5.551115123125783e-17,2.3107011763836125,5.734228902235692,0.008432308682111115,73.78855000089023,0.7145263070114619,74.51150861658381,76.66765670376124,-0.12923851914079898,0.0,0.9512746086937766,0.8220360895529776,1.0,0.00022722982706228207,0.0,4.242640687119285,0.30187236902969633,0.04556346359180058
1711,301.25427898382486,0.19634954084936207,-5.421010862427522e-18,0.14664667513541735,0.36336900696378704,-5.160802341031001e-17,0.11565962354567223,0.2938521328622075,2.220446049250313e-16,12.161496370054993,18.28614304394312,2.7755575615628914e-17,1.1946513506946883,3.687231989170597,1.6653345369377348e-16,2.3107780139160434,5.739856941584706,0.0084029252298226,73.95099697943037,0.7135959248583214,74.67299582951851,76.82830941236824,-0.12815291390477898,0.0,0.96306801344559,0.834915099540811,1.0,0.00022722982706228207,0.0,4.242640687119285,0.30187236902969633,0.04556346359180058
1713,301.6469780655236,0.19634954084936207,-3.686287386450715e-18,0.1459863201574332,0.3657405455833754,-5.2014599224992075e-17,0.11518131023935421,0.29136955236167955,1.1102230246251565e-16,12.18828650386,18.296688209328806,1.3877787807814457e-17,1.1929645655127734,3.7009435604411403,0.0,2.313734748051159,5.746865208648118,0.008272215479568398,74.2771639500879,0.7115822272845402,74.997018392852,77.15401011090816,-0.12821462361065947,0.0,0.9741995256520646,0.8459849020414051,1.0,0.00022722982706228207,0.0,4.242640687119285,0.30187236902969633,0.04556346359180058
1714,301.843327606373,0.19634954084936207,-4.7704895589362195e-18,0.14629493382857464,0.3644765889961887,-5.2014599224992075e-17,0.11406506658032944,0.2821157211680766,2.220446049250313e-16,12.20170497549835,18.32138578244618,0.0,1.1920147155520633,3.6982671787181176,-5.551115123125783e-17,2.3154056925203816,5.766031916637578,0.008201457102499032,74.44080215455057,0.7104495410463332,75.1594531526994,77.31740064440383,-0.12827958003154483,0.0,0.977025049461235,0.8487454694296902,1.0,0.00022722982706228207,0.0,4.242640687119285,0.30187236902969633,0.04556346359180058
1715,302.0396771472224,0.19634954084936207,-3.2526065174565133e-18,0.14696162812939303,0.3620368530770928,-5.1445393084437185e-17,0.11271061821413053,0.2662267254437164,5.551115123125783e-17,12.215127551128997,18.369937574663645,0.0,1.19101393069549,3.688486155586266,-5.551115123125783e-17,2.316469244603288,5.777764347023995,0.008155418843965733,74.60467054517534,0.7092570915553607,75.32208305557467,77.48016818265211,-0.12829145979541046,0.0,0.9739468426629673,0.8456553828675568,1.0,0.00022722982706228207,0.0,4.242640687119285,0.30187236902969633,0.04556346359180058
1717,302.43237622892116,0.19634954084936207,-7.15573433840433e-18,0.14880440083346796,0.3679426830586538,-5.1445393084437185e-17,0.11030289072915406,0.269320862719876,1.6653345369377348e-16,12.241947246735771,18.50129313806376,0.0,1.1890210948966213,3.649614174412206,1.1102230246251565e-16,2.315852790995594,5.771014470803648,0.008168796498675506,74.93263619593074,0.7068855820545799,75.647690574484,77.80263317692034,-0.12819489759307062,0.0,0.9661631890652121,0.8379682914721416,1.0,0.00022722982706228207,0.0,4.242640687119285,0.30187236902969633,0.04556346359180058
1718,302.62872576977054,0.19634954084936207,-4.9873299934333204e-18,0.14967405646641574,0.3788953632465467,-5.149960319306146e-17,0.10946653315223165,0.2652683515725007,1.6653345369377348e-16,12.255334311879116,18.55841419744561,2.7755575615628914e-17,1.1881016942774614,3.6390125797768964,0.0,2.314378807937933,5.753809208155684,0.008207839965983604,75.09660954796075,0.7057928179724872,75.81061020589924,77.96261732586242,-0.127949487621404,0.0,0.9595934245865796,0.8316439369651756,1.0,0.00022722982706228207,0.0,4.242640687119285,0.30187236902969633,0.04556346359180058
1719,302.8250753106199,0.19634954084936207,-6.5052130349130266e-18,0.1503344474327724,0.38605602418262563,-5.160802341031001e-17,0.10889210734472417,0.2602085471106901,1.6653345369377348e-16,12.268708876662842,18.603716218181944,2.7755575615628914e-17,1.1872521664493605,3.6309679851316057,0.0,2.312566660873013,5.74933078453393,0.008244453428970613,75.26060875015278,0.70478385336935,75.9736370569511,78.12237134178544,-0.12768485523028777,0.0,0.9580878538071353,0.8304029985768475,1.0,0.00022722982706228207,0.0,4.242640687119285,0.30187236902969633,0.04556346359180058
1720,303.0214248514693,0.19634954084936207,-6.7220534694101275e-18,0.150687059410895,0.39160727283635943,-5.1906179007743525e-17,0.10862741410071182,0.25521693280580865,2.498001805406602e-16,12.282079612043058,18.635923342923963,1.3877787807814457e-17,1.186458222221188,3.6369078895390907,0.0,2.3107985342477746,5.758023851096865,0.008268227117170589,75.42473979828186,0.7038415565381309,76.13684958193717,78.28243440226336,-0.12735885547186476,0.0,0.9592214149555112,0.8318625594836464,1.0,0.0002250480067134301,0.0,4.242640687119285,0.29764306244990324,0.044295696312278504
1722,303.41412393316807,0.19634954084936207,-4.9873299934333204e-18,0.1502340203042522,0.3893393961739087,-5.171644362755856e-17,0.10949574978311079,0.2655132566500089,3.0531133177191805e-16,12.308885674101719,18.663088395325868,0.0,1.1849488544540245,3.633142623890517,0.0,2.3086214011430157,5.78163911914035,0.008288620821355279,75.75433326905325,0.7020518938359523,76.46467378371057,78.60575352647672,-0.12560676317496436,0.0,0.9652656791324904,0.8396589159575261,1.0,0.0002250480067134301,0.0,4.242640687119285,0.29764306244990324,0.044295696312278504
1723,303.61047347401745,0.19634954084936207,-5.854691731421724e-18,0.14942837069029624,0.3899652487737108,-5.1919731534899594e-17,0.11072508675065218,0.2784936834149882,2.498001805406602e-16,12.32232019032267,18.67300397330371,1.3877787807814457e-17,1.1841670097147938,3.622961758253627,0.0,2.3085480177450166,5.793765904655566,0.008298186711575235,75.91978743641685,0.7011257534484381,76.62921137657686,78.76927349658862,-0.12509312217615154,0.0,0.9740804329585641,0.8489873107824125,1.0,0.0002250480067134301,0.0,4.242640687119285,0.29764306244990324,0.044295696312278504
1724,303.80682301486684,0.19634954084936207,-6.938893903907228e-18,0.14834647418255378,0.39423243920493933,-5.1228552649940085e-17,0.11228395063667043,0.2885422835120049,1.942890293094024e-16,12.335776680640299,18.681105554479256,-1.3877787807814457e-17,1.1833606891554522,3.6077710124621896,5.551115123125783e-17,2.309238229224614,5.803920770646279,0.008306292966723151,76.08569315731447,0.7001712603192332,76.79417071060043,78.93413889473402,-0.12480837618797443,0.0,0.98056089391907,0.8557525177310955,1.0,0.0002250480067134301,0.0,4.242640687119285,0.29764306244990324,0.044295696312278504
1725,304.0031725557162,0.19634954084936207,-4.553649124439119e-18,0.14715927261263007,0.39636171727191094,-5.1093027378379396e-17,0.1138349913168071,0.2968639581583974,1.1102230246251565e-16,12.349247796846301,18.681730944168095,0.0,1.1825478772365579,3.592031322724872,0.0,2.3106055667447474,5.810679437397622,0.00830388048788891,76.2519605739566,0.6992097409783442,76.95947419542283,79.10018641937056,-0.12460701000423763,0.0,0.9862935471731431,0.8616865371689055,1.0,0.0002250480067134301,0.0,4.242640687119285,0.29764306244990324,0.044295696312278504
1727,304.395871637415,0.19634954084936207,-4.553649124439119e-18,0.14533959729421678,0.39164804623261606,-5.1553813301685736e-17,0.11562474369652238,0.29823558219549196,3.3306690738754696e-16,12.376185950343965,18.674284525510586,-1.3877787807814457e-17,1.1810046729701202,3.5523341509213067,0.0,2.31415221801686,5.810719849905024,0.00824756725977265,76.5849893387457,0.6973860187886303,77.2906229247941,79.43394007538383,-0.12452864000480504,0.0,0.9903479787242419,0.8658193387194368,1.0,0.0002250480067134301,0.0,4.242640687119285,0.29764306244990324,0.044295696312278504
1728,304.59222117826437,0.19634954084936207,-4.9873299934333204e-18,0.1450888707783025,0.3898394181661654,-5.1120132432691534e-17,0.11556552927344266,0.2883001737452265,1.942890293094024e-16,12.389630133052238,18.679432474677075,0.0,1.1803012537193942,3.5384237280584316,0.0,2.3153303853196556,5.803803893866645,0.008208819889309844,76.75146741691799,0.6965555247657869,77.45623176157308,79.60019108049867,-0.12469289868844201,0.0,0.9873375678821948,0.8626446691937528,1.0,0.0002250480067134301,0.0,4.242640687119285,0.29764306244990324,0.044295696312278504
1729,304.78857071911375,0.19634954084936207,-7.15573433840433e-18,0.14539631056302368,0.3881661083467395,-5.1201447595627947e-17,0.11494198709722711,0.285611538702194,2.7755575615628914e-17,12.403049565608832,18.68009427347242,0.0,1.1796274897283097,3.532795700280742,5.551115123125783e-17,2.3153839698229026,5.792984498037214,0.008184818290376625,76.9178192634747,0.6957605072613566,77.62176458902643,79.76499588677027,-0.12494603450737733,0.0,0.9803207813339668,0.8553747468265895,1.0,0.0002250480067134301,0.0,4.242640687119285,0.29764306244990324,0.044295696312278504
1731,305.1812698008125,0.19634954084936207,-3.686287386450715e-18,0.14737570253327023,0.3936100379342815,-5.136407792150077e-17,0.11269588184026808,0.27720682967960375,1.1102230246251565e-16,12.429840278891408,18.678625754938164,-2.7755575615628914e-17,1.178223623538894,3.53478518776292,0.0,2.3109977911018316,5.7634983623690275,0.00821555616830464,77.25046467937564,0.6941054535325607,77.9527856890765,80.08888305603797,-0.12493528073828594,0.0,0.9658689493407822,0.8409336686024962,1.0,0.0002231910275706469,0.0,4.242640687119285,0.2968002336450479,0.044045189345877506
1732,305.3776193416619,0.19634954084936207,-3.2526065174565133e-18,0.14868167049231415,0.4034395549817656,-5.2123019442240626e-17,0.11139600455464566,0.27081983045330793,5.551115123125783e-17,12.44322978388257,18.675511726393985,0.0,1.1774049201660701,3.536826731547564,0.0,2.306778520595536,5.746838496052019,0.008256398179009609,77.41698372725115,0.6931411730156349,78.1183812984458,80.24825380009327,-0.12495253576654959,0.0,0.9528516385436946,0.827899102777145,1.0,0.0002231910275706469,0.0,4.242640687119285,0.2968002336450479,0.044045189345877506
1733,305.5739688825113,0.19634954084936207,-5.204170427930421e-18,0.14990275055202068,0.414320248342973,-5.1553813301685736e-17,0.11015619170609317,0.271647114353216,1.3877787807814457e-16,12.456625901510568,18.670685394147764,0.0,1.1764685763394234,3.535927493676043,0.0,2.301847410253941,5.730034956184058,0.008292229836861151,77.58376442509199,0.6920391555570548,78.2840958104859,80.406730371068,-0.12524119159222588,0.0,0.9485722722432299,0.823331080651004,1.0,0.0002231910275706469,0.0,4.242640687119285,0.2968002336450479,0.044045189345877506
1734,305.77031842336066,0.19634954084936207,-4.7704895589362195e-18,0.15084376635554636,0.42121616862867317,-5.1662233518934286e-17,0.10911964102648959,0.2711773370652028,1.1102230246251565e-16,12.470037766107534,18.67630321333542,-1.3877787807814457e-17,1.17542271976708,3.528398892314705,-1.1102230246251565e-16,2.296906089372495,5.713709521772161,0.0083098163431206,77.7509209440741,0.6908092850723193,78.45004004548953,80.56530927807889,-0.12542320597889997,0.0,0.9491731832473004,0.8237499772684004,1.0,0.0002231910275706469,0.0,4.242640687119285,0.2968002336450479,0.044045189345877506
1736,306.16301750505943,0.19634954084936207,-5.421010862427522e-18,0.1513954627741627,0.42696010578004007,-5.1689338573246424e-17,0.1082824323843719,0.26385817236168096,2.7755575615628914e-16,12.496921744283913,18.712258691796876,1.3877787807814457e-17,1.1731896412501919,3.4997910649028197,5.551115123125783e-17,2.2897159352560372,5.684317113534538,0.008283029861892461,78.08652654137803,0.6881869671683768,78.7829965384083,80.88673925290135,-0.12541004164936073,0.0,0.9597517749712663,0.8343417333219055,1.0,0.0002231910275706469,0.0,4.242640687119285,0.2968002336450479,0.044045189345877506
1737,306.3593670459088,0.19634954084936207,-4.553649124439119e-18,0.15092981432659394,0.4238796035971968,-5.1011712215442984e-17,0.10868607284389331,0.2564276506578069,2.220446049250313e-16,12.510387366513225,18.774814034362024,-2.7755575615628914e-17,1.172148216621986,3.477118810288557,5.551115123125783e-17,2.2884636393764812,5.672029736979907,0.008249811114362692,78.25489603010686,0.6869657208650513,78.95011156208628,81.05108505671333,-0.1250841148509764,0.0,0.9775534004415429,0.8524692855905666,1.0,0.0002231910275706469,0.0,4.242640687119285,0.2968002336450479,0.044045189345877506
1738,306.5557165867582,0.19634954084936207,-4.336808689942018e-18,0.1500278649360721,0.41600460238032255,-5.1797758790494974e-17,0.10960048183637303,0.25172127597693233,3.3306690738754696e-16,12.523858250014676,18.82931546095789,2.7755575615628914e-17,1.1712569584564687,3.466502001382225,0.0,2.289056290474004,5.672492473304288,0.008210300961016834,78.42351273323033,0.6859214313663491,79.11764446555769,81.21830614618287,-0.12467673992084581,0.0,0.9915345721670166,0.8668578322461707,1.0,0.0002231910275706469,0.0,4.242640687119285,0.2968002336450479,0.044045189345877506
1739,306.7520661276076,0.19634954084936207,-5.637851296924623e-18,0.14880662675140416,0.4058044729153324,-5.204170427930421e-17,0.11085653995758694,0.2654205572282611,5.551115123125783e-17,12.537325620994888,18.874242197313592,-1.3877787807814457e-17,1.1705644545112148,3.4619259121117034,0.0,2.291364480174076,5.695049677299653,0.008165884626845286,78.59226686342744,0.6851105710825689,79.28554331913686,81.38824870909036,-0.12416708813383144,0.0,1.004655466857613,0.8804883787237816,1.0,0.0002231910275706469,0.0,4.242640687119285,0.2968002336450479,0.044045189345877506
1741,307.14476520930634,0.19634954084936207,-4.336808689942018e-18,0.146108311391431,0.37916021796331967,-5.209591438792849e-17,0.11349095582940541,0.28794507687794135,-2.7755575615628914e-17,12.564238065244602,18.937370489418498,1.3877787807814457e-17,1.1697691246250348,3.47224411587219,0.0,2.2992757356678486,5.748682256678391,0.008069995251070891,78.9300390800707,0.68417990246301,79.62228897778479,81.73386948557814,-0.12302069984737234,0.0,1.0178684167359149,0.8948477168885426,1.0,0.00022208348842031397,0.0,4.242640687119285,0.2992648355208119,0.044779720889649294
1742,307.3411147501557,0.19634954084936207,-5.204170427930421e-18,0.1450451993014308,0.3647917020720369,-5.206880933361635e-17,0.11446755819323158,0.2842651120060136,2.220446049250313e-16,12.577685268518783,18.952388966403536,1.3877787807814457e-17,1.169546746923313,3.482070022487945,-5.551115123125783e-17,2.303458534355037,5.770593103679814,0.008031599752071454,79.09908335695722,0.6839197966194517,79.79103475332874,81.90755327921134,-0.12194642011873005,0.0,1.0211966534120305,0.8992502332933004,1.0,0.00022208348842031397,0.0,4.242640687119285,0.2992648355208119,0.044779720889649294
1743,307.5374642910051,0.19634954084936207,-6.5052130349130266e-18,0.14442608701651205,0.3577047878566325,-5.13098678128765e-17,0.11503386389627068,0.29239524256368415,1.3877787807814457e-16,12.591132540861983,18.95587578081789,0.0,1.169306546190024,3.4945339280936385,-5.551115123125783e-17,2.306746010296391,5.784011806259053,0.00801218431884091,79.26830933077679,0.6836388994814215,79.95996041457705,82.08029014618339,-0.12156037151086477,0.0,1.0161132935079316,0.8945529219970668,1.0,0.00022208348842031397,0.0,4.242640687119285,0.2992648355208119,0.044779720889649294
1745,307.9301633727039,0.19634954084936207,-5.637851296924623e-18,0.14484776623689485,0.36323150204489696,-5.1689338573246424e-17,0.1147024397191396,0.29491798882374454,2.7755575615628914e-17,12.618060314910858,18.94855175032806,1.3877787807814457e-17,1.1683760314148433,3.521162353603791,-1.1102230246251565e-16,2.308302913485634,5.778798951785062,0.008044533071054136,79.6077230553641,0.6825512753923493,80.29831886382752,82.41950097112955,-0.12127044838574073,0.0,1.0001512293746235,0.8788807809888828,1.0,0.00022208348842031397,0.0,4.242640687119285,0.2992648355208119,0.044779720889649294
1746,308.12651291355326,0.19634954084936207,-4.7704895589362195e-18,0.14577740018599322,0.36366264542133087,-5.1770653736182837e-17,0.11382627071000183,0.29281286456735545,1.6653345369377348e-16,12.631549575149403,18.952502605982776,1.3877787807814457e-17,1.1675718242782622,3.530613550964809,-5.551115123125783e-17,2.306088064019556,5.761820956233421,0.008083549924561263,79.77802233472852,0.6816119824242346,80.46771786707731,82.58520123243521,-0.12129488392865112,0.0,0.9805278975730295,0.8592330136443784,1.0,0.00022208348842031397,0.0,4.242640687119285,0.2992648355208119,0.044779720889649294
1747,308.32286245440264,0.19634954084936207,-4.7704895589362195e-18,0.1469516285625003,0.3628562041593548,-5.1553813301685736e-17,0.11260286324672394,0.2813488463793366,2.220446049250313e-16,12.645052630968776,18.981070799764645,0.0,1.1665513962466445,3.5359324652459607,1.1102230246251565e-16,2.3020648798643326,5.739317160838026,0.008120386017270534,79.9486780199852,0.6804210800424979,80.63721948604496,82.74850629808573,-0.12149892704135692,0.0,0.9686109502525966,0.8471120232112397,1.0,0.00022208348842031397,0.0,4.242640687119285,0.2992648355208119,0.044779720889649294
1748,308.519211995252,0.19634954084936207,-5.854691731421724e-18,0.14814145865451817,0.3610759566076131,-5.1445393084437185e-17,0.11121233503016352,0.26886527344996,2.7755575615628914e-16,12.658560672768749,19.003318454700423,1.3877787807814457e-17,1.1653862026172905,3.5362806186803724,0.0,2.2967066230258046,5.7156420287884275,0.008143093587497756,80.11957915308376,0.6790625006253743,80.80678474729663,82.9100598022297,-0.12180127544958988,0.0,0.9599932871060084,0.8381920116564185,1.0,0.00022208348842031397,0.0,4.242640687119285,0.2992648355208119,0.044779720889649294
1750,308.9119110769508,0.19634954084936207,-6.5052130349130266e-18,0.1498118436488725,0.3755875345646764,-5.160802341031001e-17,0.10880596013952602,0.2623221604496153,1.3877787807814457e-16,12.685547352459274,19.059325937163827,-1.3877787807814457e-17,1.1630499674613086,3.5209012240672677,5.551115123125783e-17,2.284682098608562,5.681213437404047,0.00813082670615483,80.46155581574325,0.6763426134058756,81.14602925585528,83.23171038802083,-0.12232745617759332,0.0,0.9566768801967771,0.8343494240191838,1.0,0.00022024618592510995,0.0,4.242640687119285,0.29285872145703434,0.042883115366724414
1751,309.10826061780017,0.19634954084936207,-4.7704895589362195e-18,0.15008560936692797,0.3819650454398351,-5.149960319306146e-17,0.10817401696301275,0.2538403063520829,2.7755575615628914e-17,12.699022521101053,19.071978172559884,-1.3877787807814457e-17,1.1621016604062564,3.5059195117217614,1.1102230246251565e-16,2.279502692163671,5.6756853312307705,0.008104634832948045,80.6325864957159,0.675240134559489,81.31593126510833,83.3941271810348,-0.1217889841434687,0.0,0.9638852925618315,0.8420963084183628,1.0,0.00022024618592510995,0.0,4.242640687119285,0.29285872145703434,0.042883115366724414
1752,309.30461015864955,0.19634954084936207,-4.553649124439119e-18,0.14996469893185502,0.3871182148001058,-5.1906179007743525e-17,0.10806516783817377,0.24824408190833203,2.498001805406602e-16,12.712474066359643,19.07350189042359,-2.7755575615628914e-17,1.1613824177012324,3.4953882050667064,-5.551115123125783e-17,2.2757227855746303,5.67846178589155,0.008076355970988007,80.80349844393325,0.6744045600727799,81.48597935997701,83.55869075318135,-0.12200485719874424,0.0,0.9748294338860138,0.8528245766872696,1.0,0.00022024618592510995,0.0,4.242640687119285,0.29285872145703434,0.042883115366724414
1753,309.50095969949894,0.19634954084936207,-4.119968255444917e-18,0.14949726704231353,0.3897141563244376,-5.185196889911925e-17,0.10848754275206497,0.2561357310512046,2.7755575615628914e-17,12.725907789593428,19.06464236994542,0.0,1.160903029643807,3.486582297191751,-5.551115123125783e-17,2.273750849633876,5.687739937598754,0.008053810513148591,80.97436453461734,0.6738479221180849,81.65626626724857,83.72599877944357,-0.12210237164482825,0.0,0.9886822601466527,0.8665798885018244,1.0,0.00022024618592510995,0.0,4.242640687119285,0.29285872145703434,0.042883115366724414
1755,309.8936587811977,0.19634954084936207,-4.7704895589362195e-18,0.14785421353241432,0.38320724289253494,-5.2014599224992075e-17,0.11061570945325204,0.26931869131750963,-5.551115123125783e-17,12.752765711213826,19.111732732167564,1.3877787807814457e-17,1.1604812544488954,3.492602904779102,0.0,2.2754685973590196,5.713530304434725,0.008042241204473657,81.31651664255554,0.6733583709636406,81.99791725472366,84.0692701068304,-0.12200055493078603,0.0,1.010321022365395,0.8883204674346089,1.0,0.00022024618592510995,0.0,4.242640687119285,0.29285872145703434,0.042883115366724414
1756,310.0900083220471,0.19634954084936207,-5.637851296924623e-18,0.14689713874664945,0.38640038861903714,-5.187907395343139e-17,0.11202887228597448,0.27079062489202366,1.1102230246251565e-16,12.766213508926748,19.14073360008841,0.0,1.1603772475487009,3.4902468351684814,-5.551115123125783e-17,2.2785580704491992,5.723659897038654,0.008053991688958522,81.48810367775188,0.6732376783143494,82.16939534775518,84.24442628378002,-0.12168633636892817,0.0,1.0277473148323586,0.9060609784634304,1.0,0.00022024618592510995,0.0,4.242640687119285,0.29285872145703434,0.042883115366724414
1757,310.28635786289647,0.19634954084936207,-4.9873299934333204e-18,0.14602637668534404,0.38902102185343845,-5.160802341031001e-17,0.11341325849937421,0.26895232523923596,3.608224830031759e-16,12.77968463279678,19.17995288117346,4.163336342344337e-17,1.1602306079886426,3.481822393685266,0.0,2.282367235363641,5.728882246823028,0.008074672967404956,81.66016965687109,0.6730675318568475,82.34131186169535,84.4208634467588,-0.1213825866470721,0.0,1.0339541156515126,0.9125715290044405,1.0,0.00022024618592510995,0.0,4.242640687119285,0.29285872145703434,0.042883115366724414
1759,310.67905694459523,0.19634954084936207,-4.553649124439119e-18,0.14507198705867574,0.38818153735397437,-5.198749417067994e-17,0.11527059024697668,0.2851215770374742,2.7755575615628914e-17,12.80669575284622,19.274279878176998,1.3877787807814457e-17,1.1596041524747658,3.4419607951167475,0.0,2.2894563886714527,5.722727647753299,0.00812833041583922,82.00572805298472,0.67234089521836,82.68619727861892,84.77377302385696,-0.12089158961304901,0.0,1.033699990079541,0.9128084004664919,1.0,0.00022024618592510995,0.0,4.242640687119285,0.29285872145703434,0.042883115366724414
1760,310.8754064854446,0.19634954084936207,-5.204170427930421e-18,0.14515378830903192,0.38809598643453597,-5.1906179007743525e-17,0.11543222219641887,0.29311991021941697,5.551115123125783e-17,12.820221654165916,19.314207244514684,1.3877787807814457e-17,1.1591126779015708,3.410242451458256,0.0,2.2916745676993093,5.713368213096449,0.008151568435326242,82.1790416309723,0.6717711000360754,82.85896429944371,84.94871392702454,-0.12044453116704998,0.0,1.0257838630237845,0.9053393318567345,1.0,0.00021685675162310978,0.0,4.242640687119285,0.28016405691522533,0.039245949393598815
1761,311.071756026294,0.19634954084936207,-3.903127820947816e-18,0.14560124719901815,0.38926548182587467,-5.2231439659489176e-17,0.11500696365328239,0.29523686125384263,8.326672684688674e-17,12.833770967816182,19.342748942773895,1.3877787807814457e-17,1.1585706423254776,3.375336791997166,0.0,2.2927102472600307,5.702464561862833,0.00816415303116247,82.35283862718074,0.6711429666292348,83.03214574684114,85.12254918850098,-0.11837523068783684,0.0,1.0180179806721545,0.8996427499843177,1.0,0.00021685675162310978,0.0,4.242640687119285,0.28016405691522533,0.039245949393598815
1762,311.2681055671434,0.19634954084936207,-3.2526065174565133e-18,0.14631567240270257,0.3925414966831884,-5.17435486818707e-17,0.11404478489721785,0.2907329887826211,2.7755575615628914e-17,12.847309609001716,19.358785314540054,-2.7755575615628914e-17,1.1580097537400047,3.3518124180999083,5.551115123125783e-17,2.2926068641018724,5.692208125392725,0.008159396223325677,82.52668209477392,0.670493294878493,83.20533478587573,85.29496056375253,-0.1182284702468058,0.0,1.0107120407964654,0.8924835705496595,1.0,0.00021685675162310978,0.0,4.242640687119285,0.28016405691522533,0.039245949393598815
1764,311.66080464884215,0.19634954084936207,-4.9873299934333204e-18,0.14796589349291944,0.40798690582463093,-5.149960319306146e-17,0.11115144379073244,0.2738980530680166,2.7755575615628914e-17,12.874338825272634,19.37109322199008,-2.7755575615628914e-17,1.1570119839679633,3.3323854273417712,5.551115123125783e-17,2.2902704000990073,5.680157337701783,0.008086656190468541,82.87430009396117,0.6693383655227412,83.55172511567439,85.63730487770096,-0.1180929582288759,0.0,1.0042267700992804,0.8861338118704045,1.0,0.00021685675162310978,0.0,4.242640687119285,0.28016405691522533,0.039245949393598815
1765,311.8571541896915,0.19634954084936207,-4.7704895589362195e-18,0.148632706964091,0.4169545902637012,-5.17435486818707e-17,0.1096844219926277,0.27403078793413665,1.1102230246251565e-16,12.887835822241076,19.367705573544907,0.0,1.1566087002281944,3.33073212672262,-5.551115123125783e-17,2.2888706378012045,5.679623610949977,0.008027774924639589,83.04815609052015,0.6688718427217767,83.72505570816656,85.80843832596726,-0.11799963078689966,0.0,1.0037414360002397,0.88574180521334,1.0,0.00021685675162310978,0.0,4.242640687119285,0.28016405691522533,0.039245949393598815
1766,312.0535037305409,0.19634954084936207,-5.421010862427522e-18,0.14907997351533123,0.4218152597101639,-5.149960319306146e-17,0.10853694204193404,0.2701826642147046,8.326672684688674e-17,12.901332775475327,19.354642553331804,-1.3877787807814457e-17,1.156250277800788,3.3349619615554302,5.551115123125783e-17,2.2877982560660346,5.68216330676883,0.007969924294502884,83.22219369177694,0.6684573524571993,83.89862096852863,85.98026395330969,-0.11793478157822969,0.0,1.0070154262967859,0.8890806447185562,1.0,0.00021685675162310978,0.0,4.242640687119285,0.28016405691522533,0.039245949393598815
1768,312.4462028122397,0.19634954084936207,-4.119968255444917e-18,0.14923400006768367,0.42381242838374417,-5.1906179007743525e-17,0.10787657990612662,0.25354788640528897,1.3877787807814457e-16,12.928364180377994,19.337992977169932,-1.3877787807814457e-17,1.155541100195753,3.330876351226439,0.0,2.28730970445638,5.691222183665165,0.007910448137078863,83.57130019024038,0.6676376171208055,84.24684825549826,86.32706800732616,-0.11779758068102124,0.0,1.014634039291241,0.8968364586102198,1.0,0.00021685675162310978,0.0,4.242640687119285,0.28016405691522533,0.039245949393598815
1769,312.64255235308906,0.19634954084936207,-4.553649124439119e-18,0.14896910546284123,0.41983433234943146,-5.1770653736182837e-17,0.10842240631044435,0.23898409108684227,2.220446049250313e-16,12.941907772059967,19.340191642974933,2.7755575615628914e-17,1.1551438794027802,3.3224092797028093,0.0,2.287861997297822,5.694835965729127,0.007920175995755676,83.74648839025306,0.6671786910608523,84.42158725730967,86.50203032841402,-0.11761854512758602,0.0,1.022179319504421,0.9045607743768351,1.0,0.00021685675162310978,0.0,4.242640687119285,0.28016405691522533,0.039245949393598815
1770,312.83890189393844,0.19634954084936207,-5.204170427930421e-18,0.1485209054947761,0.41188538657469864,-5.193328406205566e-17,0.10940193719052808,0.2361034433249697,1.942890293094024e-16,12.95546649665728,19.345971587783396,4.163336342344337e-17,1.1547149434801642,3.3105479192639304,-5.551115123125783e-17,2.2887029824406526,5.696353329532647,0.00795018143368804,83.92205607300463,0.6666833003481993,84.59668955478651,86.67767641742958,-0.11748650456543114,0.0,1.025429574899536,0.9079430703341047,1.0,0.00021690183437454925,0.0,4.242640687119285,0.29840465610249217,0.044522669391823304
1771,313.0352514347878,0.19634954084936207,-4.119968255444917e-18,0.147939767697759,0.40143300829060713,-5.2014599224992075e-17,0.11062213093919167,0.2525509936454808,1.6653345369377348e-16,12.969031151982628,19.36187200888729,1.3877787807814457e-17,1.1542710447462539,3.296542124200342,5.551115123125783e-17,2.2895128823220423,5.695304595801462,0.007990213133541212,84.09788451054794,0.6661708223698042,84.77204554605129,86.85352106276713,-0.11738953533876324,0.0,1.0262942834685078,0.9089047481297445,1.0,0.00021690183437454925,0.0,4.242640687119285,0.29840465610249217,0.044522669391823304
1773,313.4279505164866,0.19634954084936207,-5.204170427930421e-18,0.14667540501145795,0.3783226367213478,-5.1445393084437185e-17,0.1130590197998618,0.27437647325194114,3.3306690738754696e-16,12.99613642069681,19.401550097360705,-1.3877787807814457e-17,1.1534220833273698,3.272043921698001,-5.551115123125783e-17,2.2894716768932692,5.68639650485936,0.008071698510711602,84.44978093268104,0.6651912511536249,85.12304388234537,87.20348888450904,-0.1172760421892901,0.0,1.021844771464324,0.9045687292750338,1.0,0.00021690183437454925,0.0,4.242640687119285,0.29840465610249217,0.044522669391823304
1774,313.624300057336,0.19634954084936207,-4.119968255444917e-18,0.1461833389113505,0.36613136887642656,-5.1689338573246424e-17,0.1139980673423637,0.2756831213561211,8.326672684688674e-17,13.009661370626308,19.417818349208527,0.0,1.1530347957681255,3.276966798146343,5.551115123125783e-17,2.2879105423442163,5.681720169176046,0.008110202221605554,84.62564448918319,0.6647446201260215,85.2984993115308,87.37656828709468,-0.11727016239669455,0.0,1.012316301663807,0.8950461392671125,1.0,0.00021690183437454925,0.0,4.242640687119285,0.29840465610249217,0.044522669391823304
1775,313.82064959818535,0.19634954084936207,-5.421010862427522e-18,0.1459138989344722,0.36691563732691407,-5.1580918355997873e-17,0.11460184270715035,0.27397154560737896,2.498001805406602e-16,13.023165652418122,19.44746576069952,0.0,1.1526581830356863,3.2915300998171535,0.0,2.285093572222781,5.690511090514167,0.008147449414275827,84.80142180516157,0.6643104434595648,85.47387969803542,87.54803635262472,-0.11735070648716975,0.0,1.0043554654931335,0.8870047590059638,1.0,0.00021690183437454925,0.0,4.242640687119285,0.29840465610249217,0.044522669391823304
1776,314.01699913903474,0.19634954084936207,-4.7704895589362195e-18,0.14593126762485467,0.3717892952919825,-5.208236186077242e-17,0.11476753909126282,0.2751668600411783,2.498001805406602e-16,13.036654531170118,19.47178884550513,-1.3877787807814457e-17,1.1522662226349203,3.305017122701382,0.0,2.2811561821665642,5.688438396303428,0.00817938783311356,84.97718068253914,0.6638587239126736,85.64921879428492,87.71806937060555,-0.11748983962452464,0.0,0.9973275672521886,0.879837727627664,1.0,0.00021690183437454925,0.0,4.242640687119285,0.29840465610249217,0.044522669391823304
1778,314.4096982207335,0.19634954084936207,-4.9873299934333204e-18,0.14681498510078764,0.37530671392385423,-5.198749417067994e-17,0.11355028270456671,0.2722922281379993,1.6653345369377348e-16,13.063624439370955,19.504224016192968,1.3877787807814457e-17,1.151338125313086,3.3248993469283152,0.0,2.27174842054768,5.661233482393353,0.008195202973795317,85.32914174646507,0.6627897393997257,86.00012668883859,88.05634346752873,-0.11776715419009952,0.0,0.9930906652870584,0.8753235110969588,1.0,0.00021690183437454925,0.0,4.242640687119285,0.29840465610249217,0.044522669391823304
1779,314.6060477615829,0.19634954084936207,-3.903127820947816e-18,0.14753634371165933,0.37359225979267774,-5.1770653736182837e-17,0.11227068914061838,0.2684961294389096,1.1102230246251565e-16,13.07712530628715,19.513221630871016,1.3877787807814457e-17,1.1507892910536939,3.330402105235778,-5.551115123125783e-17,2.267587519803593,5.6606745007631885,0.00816964393150903,85.50560313816793,0.6621579962019315,86.17593077830136,88.22641612769492,-0.11803484215758801,0.0,0.9979629202047463,0.8799280780471583,1.0,0.00021690183437454925,0.0,4.242640687119285,0.29840465610249217,0.044522669391823304
1780,314.80239730243227,0.19634954084936207,-4.119968255444917e-18,0.1482888524497249,0.3697964407156032,-5.141828803012505e-17,0.11080526594326051,0.2613297660582669,3.0531133177191805e-16,13.090645224316413,19.533539585963872,1.3877787807814457e-17,1.150213677197106,3.3331247365689496,5.551115123125783e-17,2.2646693607222717,5.661895019992704,0.008128510626817225,85.68249619445903,0.6614957516056443,86.3521204566915,88.39837258291358,-0.11814362487003624,0.0,1.007446615712309,0.8893029908422727,1.0,0.0002150052149598007,0.0,4.242640687119285,0.2853470140974043,0.040711459227152136
1782,315.19509638413103,0.19634954084936207,-4.9873299934333204e-18,0.14943245215234816,0.37733341588092306,-5.220433460517704e-17,0.10845456788866686,0.2498351959376332,1.1102230246251565e-16,13.117765103786875,19.631381351406905,2.0816681711721685e-17,1.1492161566276902,3.337551640133049,5.551115123125783e-17,2.2642939946649006,5.66903618310574,0.008052722498715036,86.03788065906434,0.66034888732706,86.70628226889012,88.75092852567158,-0.11708178379759139,0.0,1.0278973765966444,0.910815592799053,1.0,0.0002150052149598007,0.0,4.242640687119285,0.2853470140974043,0.040711459227152136
1783,315.3914459249804,0.19634954084936207,-4.553649124439119e-18,0.14966564336213015,0.3845799492160108,-5.1797758790494974e-17,0.10797642439875815,0.2472533840439367,1.1102230246251565e-16,13.131339165848898,19.668946239300947,0.0,1.1488998205651866,3.3461623921818915,0.0,2.2670357011360434,5.674765415355974,0.008035670740594681,86.21603414427865,0.659985398847359,86.8840552138666,88.93169234767481,-0.11680702336487288,0.0,1.0501115238282728,0.9333045004633999,1.0,0.0002150052149598007,0.0,4.242640687119285,0.2853470140974043,0.040711459227152136
1784,315.5877954658298,0.19634954084936207,-4.9873299934333204e-18,0.1496199908974789,0.3905849714051117,-5.163512846462215e-17,0.10802001945366696,0.24764420362448025,1.942890293094024e-16,13.144911428598117,19.696803152387528,6.938893903907228e-18,1.148758463619482,3.3535405843191244,0.0,2.2714146817171765,5.68195695909015,0.008029560048074069,86.39434823284469,0.6598230038686965,87.06220079676146,89.11504145783665,-0.11645766024255431,0.0,1.0627427534711056,0.9462850932285513,1.0,0.0002150052149598007,0.0,4.242640687119285,0.2853470140974043,0.040711459227152136
1785,315.7841450066792,0.19634954084936207,-5.421010862427522e-18,0.14928588480034446,0.39178801595894763,-5.1770653736182837e-17,0.10849836131966645,0.2540204417137456,8.326672684688674e-17,13.158475404209826,19.714761151811395,0.0,1.1487901114087185,3.359298862827346,1.1102230246251565e-16,2.2768680629309634,5.690698437238373,0.008024161807951343,86.57273748159743,0.6598593600352276,87.24062100344061,89.30019497099448,-0.11601285963661552,0.0,1.0713668076637313,0.9553539480271157,1.0,0.0002150052149598007,0.0,4.242640687119285,0.2853470140974043,0.040711459227152136
1787,316.17684408837795,0.19634954084936207,-5.854691731421724e-18,0.14781821701010164,0.38555216887394494,-5.220433460517704e-17,0.11036149726438568,0.26382985447297314,2.498001805406602e-16,13.18557443141877,19.74053162263557,-6.938893903907228e-18,1.14915809978457,3.364183177945999,-5.551115123125783e-17,2.2878716723731056,5.7127875888415955,0.007987913514703468,86.9296865432422,0.6602821691502421,87.59795662590713,89.67151512815414,-0.11526030043968868,0.0,1.07320301069453,0.9579427102548413,1.0,0.0002150052149598007,0.0,4.242640687119285,0.2853470140974043,0.040711459227152136
1788,316.37319362922733,0.19634954084936207,-5.421010862427522e-18,0.14679324815477843,0.389298222890736,-5.2258544713801314e-17,0.11159383394546113,0.2678171562777022,1.3877787807814457e-16,13.199118904552726,19.751993096043673,3.469446951953614e-17,1.1493118248569878,3.362448265440672,-5.551115123125783e-17,2.2917876548626217,5.725543281530905,0.007960382900859668,87.10836992826054,0.6604588353780496,87.77678914653946,89.85536645876232,-0.11454656338394092,0.0,1.0635041878794131,0.9489576244954723,1.0,0.0002150052149598007,0.0,4.242640687119285,0.2853470140974043,0.040711459227152136
1789,316.5695431700767,0.19634954084936207,-4.119968255444917e-18,0.1457165033654704,0.3893944688033301,-5.242117503967414e-17,0.11288438983125966,0.2747774515581701,-5.551115123125783e-17,13.212670591959226,19.752791688897823,2.0816681711721685e-17,1.1493144071383838,3.3574650218507442,-5.551115123125783e-17,2.293815926834948,5.738474517898562,0.00793506061157902,87.28733208581207,0.6604618032279275,87.95572894965157,90.03682045955397,-0.11417792477677102,0.0,1.0511881713415865,0.9370102465648155,1.0,0.0002150052149598007,0.0,4.242640687119285,0.2853470140974043,0.040711459227152136
1790,316.7658927109261,0.19634954084936207,-3.2526065174565133e-18,0.14474375410107096,0.3859273762981723,-5.204170427930421e-17,0.1140343109576824,0.2777891951701515,1.3877787807814457e-16,13.226236437793332,19.744666852675078,1.3877787807814457e-17,1.1490980414290368,3.349010019046812,0.0,2.293721749969809,5.750408762156817,0.007914778080759851,87.466665154206,0.6602131544080241,88.13479308669478,90.21551929699966,-0.11393944431302473,0.0,1.0371933489036818,0.923253904590657,1.0,0.00021139581500820124,0.0,4.242640687119285,0.2715608841755783,0.036872656907110925
1792,317.15859179262486,0.19634954084936207,-5.421010862427522e-18,0.14374214699197974,0.3806254385057082,-5.187907395343139e-17,0.11495250256816132,0.28216139474147695,8.326672684688674e-17,13.253465644605056,19.71387802954551,0.0,1.14802654046481,3.3252660116743717,0.0,2.288079493597448,5.765690742115021,0.007874948081557951,87.82717579636326,0.6589824688057999,88.49403321325063,90.56654877969213,-0.11200629003637036,0.0,1.0191113457254062,0.9071050556890359,1.0,0.00021139581500820124,0.0,4.242640687119285,0.2715608841755783,0.036872656907110925
1793,317.35494133347424,0.19634954084936207,-4.7704895589362195e-18,0.14390890339898704,0.37634839248372204,-5.117434254131581e-17,0.11441510390449497,0.2827170669134316,2.498001805406602e-16,13.267094734735606,19.744273800730724,2.7755575615628914e-17,1.1472665090305516,3.3075077168489737,-5.551115123125783e-17,2.2835834023022197,5.766477989709932,0.007847809399296475,88.00790135022463,0.6581102213715743,88.6738593809955,90.73995295429,-0.11229036873768593,0.0,1.0086944175926886,0.8964040488550027,1.0,0.00021139581500820124,0.0,4.242640687119285,0.2715608841755783,0.036872656907110925
1794,317.5512908743236,0.19634954084936207,-6.288372600415926e-18,0.14451158645268483,0.3776762018482984,-5.204170427930421e-17,0.11328700472916117,0.2766041324292691,8.326672684688674e-17,13.280720763457989,19.77822729344352,1.3877787807814457e-17,1.1464958565824512,3.2858913739342324,-1.1102230246251565e-16,2.2788846286540947,5.7617688623390615,0.007820636205880055,88.18877199847206,0.6572263745803644,88.8538190092583,90.91324047453196,-0.11262525421260253,0.0,1.0083132745759338,0.8956880203633313,1.0,0.00021139581500820124,0.0,4.242640687119285,0.2715608841755783,0.036872656907110925
1796,317.9439899560224,0.19634954084936207,-3.2526065174565133e-18,0.14653229136404117,0.3971612885070597,-5.187907395343139e-17,0.11036994880115529,0.2623306696762676,3.3306690738754696e-16,13.307925556900733,19.834630403491804,0.0,1.145353677312988,3.2324237127615394,5.551115123125783e-17,2.27137141003213,5.737784904198565,0.00780982189276258,88.55044131400585,0.6559175230671921,89.2141686589658,91.26305076425706,-0.11319669227136381,0.0,1.0168123164372065,0.9036156241658426,1.0,0.00021139581500820124,0.0,4.242640687119285,0.2715608841755783,0.036872656907110925
1797,318.1403394968718,0.19634954084936207,-3.686287386450715e-18,0.14762359944237882,0.4072632600289253,-5.2123019442240626e-17,0.10917722610600317,0.2678289329369553,1.3877787807814457e-16,13.321494914855734,19.852484383354124,1.3877787807814457e-17,1.1451196843259848,3.204441889701214,5.551115123125783e-17,2.2694693796716465,5.721598421679258,0.00783899265932526,88.73111338326358,0.6556495457154212,89.39460192163833,91.4408841089759,-0.1136968375525511,0.0,1.031872878411023,0.9181760408584718,1.0,0.00021139581500820124,0.0,4.242640687119285,0.2715608841755783,0.036872656907110925
1798,318.33668903772116,0.19634954084936207,-5.854691731421724e-18,0.148566027646571,0.41381704043254763,-5.2366964931049864e-17,0.1083899846495838,0.27072181175515003,1.942890293094024e-16,13.335045250420027,19.864958874853524,0.0,1.1451221297669023,3.2297855313697337,-5.551115123125783e-17,2.269113594718331,5.705690948398108,0.00788417467290215,88.91171591537484,0.6556523460409429,89.57525243608868,91.62110143867824,-0.11390391228554364,0.0,1.043994082797093,0.9300901705115494,1.0,0.00021139581500820124,0.0,4.242640687119285,0.2715608841755783,0.036872656907110925
1799,318.53303857857054,0.19634954084936207,-5.204170427930421e-18,0.14924589958541834,0.4196809191311131,-5.1580918355997873e-17,0.10802082287113245,0.2716059663668183,1.942890293094024e-16,13.348585260387344,19.873168813129944,2.7755575615628914e-17,1.1453087641372799,3.2496836673607703,0.0,2.2702607317269274,5.692533060034268,0.007930704672933069,89.09236422691515,0.6558660826048316,89.75616101419291,91.80362972010346,-0.11397959258344964,0.0,1.0556369054054553,0.9416573128220056,1.0,0.00021139581500820124,0.0,4.242640687119285,0.2715608841755783,0.036872656907110925
1801,318.9257376602693,0.19634954084936207,-6.071532165918825e-18,0.14953336605274606,0.4186773689201193,-5.2014599224992075e-17,0.1083857387861965,0.25805546043854166,1.1102230246251565e-16,13.375679001536986,19.886354046594438,0.0,1.1458735810808007,3.263440186757159,5.551115123125783e-17,2.275690006436945,5.681534719988463,0.007979041683260225,89.45439437607871,0.656513131909469,90.11888654967143,92.1736662330381,-0.11386629038758624,0.0,1.068007725791541,0.9541414354039548,1.0,0.00021157129143601437,0.0,4.242640687119285,0.29179604850446345,0.042572466961409594
1802,319.1220872011187,0.19634954084936207,-6.7220534694101275e-18,0.14908748835191185,0.4110713316878094,-5.198749417067994e-17,0.10909836912867976,0.2557036178501196,1.3877787807814457e-16,13.389252553853844,19.91304719452706,-6.938893903907228e-18,1.1460608199407176,3.2550642686343156,0.0,2.2788290299522993,5.684617162893642,0.007975966389009955,89.63604197544085,0.6567277015015951,90.30074564333145,92.35960001672645,-0.11351435748697236,0.0,1.0722755085111784,0.958761151024206,1.0,0.00021157129143601437,0.0,4.242640687119285,0.29179604850446345,0.042572466961409594
1803,319.31843674196807,0.19634954084936207,-4.336808689942018e-18,0.14828910286077787,0.399994791666314,-5.198749417067994e-17,0.11014969671241306,0.25222101536426894,0.0,13.402850409275365,19.940380349243178,-1.3877787807814457e-17,1.1460931927296345,3.2357597031916026,0.0,2.2814073928362664,5.691968817854628,0.0079624450359268,89.81819954670644,0.6567648032106035,90.48292679495297,92.54499291502731,-0.11313844085829972,0.0,1.0692278898334764,0.9560894489751767,1.0,0.00021157129143601437,0.0,4.242640687119285,0.29179604850446345,0.042572466961409594
1804,319.51478628281745,0.19634954084936207,-4.7704895589362195e-18,0.1472420902994118,0.3883016185156256,-5.21772295508649e-17,0.1114381629000596,0.26689224863053634,5.551115123125783e-17,13.416469989087316,19.96152747844699,-6.938893903907228e-18,1.1459510247323086,3.207379342693186,0.0,2.2829394882453538,5.7011692513184045,0.007944991333100237,90.0008334840403,0.656601875542514,90.66538035091592,92.72917165734572,-0.1127280962961552,0.0,1.0627811318784386,0.9500530355822834,1.0,0.00021157129143601437,0.0,4.242640687119285,0.29179604850446345,0.042572466961409594
1806,319.9074853645162,0.19634954084936207,-5.637851296924623e-18,0.14509143715835987,0.3590639065718501,-5.2258544713801314e-17,0.11383356563991409,0.28336624196989674,1.1102230246251565e-16,13.443740885530943,19.981346949806905,6.938893903907228e-18,1.145274975620868,3.213640456709248,5.551115123125783e-17,2.282198836711669,5.713306851088216,0.007904402890172343,90.36708449864815,0.65582738489169,91.03081628643002,93.09292018449952,-0.11214539899744266,0.0,1.0507089153276343,0.9385635163301916,1.0,0.00021157129143601437,0.0,4.242640687119285,0.29179604850446345,0.042572466961409594
1807,320.1038349053656,0.19634954084936207,-4.119968255444917e-18,0.14438395952498745,0.36296761199931815,-5.1689338573246424e-17,0.11443498695253375,0.27975847572466384,2.7755575615628914e-16,13.45737146972859,19.998159649413463,-6.938893903907228e-18,1.1448769624391644,3.209347404041318,-1.1102230246251565e-16,2.280262398283437,5.711106467003015,0.007879569832167373,90.5504234371325,0.6553716295619639,91.21367463652663,93.27293734944544,-0.11168328408034116,0.0,1.0409562376691988,0.9292729535888576,1.0,0.00021157129143601437,0.0,4.242640687119285,0.29179604850446345,0.042572466961409594
1808,320.300184446215,0.19634954084936207,-4.7704895589362195e-18,0.14412913204640776,0.3654870697651261,-5.139118297581291e-17,0.11443461759612106,0.27348588516375666,1.6653345369377348e-16,13.470988372953167,20.041065627862803,0.0,1.1445372264469618,3.2007342451106298,5.551115123125783e-17,2.27783288527148,5.701597822497148,0.007854680676257397,90.7337638721197,0.6549827313614518,91.39660128415741,93.45248513188939,-0.11149451567023541,0.0,1.0383879261021123,0.9268934104318769,1.0,0.00021157129143601437,0.0,4.242640687119285,0.29179604850446345,0.042572466961409594
1810,320.69288352791375,0.19634954084936207,-5.204170427930421e-18,0.1450677423854377,0.36505239546281965,-5.1689338573246424e-17,0.11283980244619204,0.2814095443701533,3.0531133177191805e-16,13.498179408189012,20.106169672686704,1.3877787807814457e-17,1.1441979195082008,3.1993699323385876,0.0,2.2735228078675047,5.709780441527929,0.007834013532324388,91.10042366782889,0.6545944395034475,91.76285212086465,93.81305116899945,-0.11140585671543399,0.0,1.0418927686448938,0.9304869119294598,1.0,0.0002095687408450057,0.0,4.242640687119285,0.27732360357820357,0.0384541905508003
1811,320.88923306876313,0.19634954084936207,-4.9873299934333204e-18,0.1460606568561605,0.3622623728710131,-5.182486384480711e-17,0.11160194275480621,0.2773625017800708,-2.7755575615628914e-17,13.511778337277645,20.133388153915043,0.0,1.1442071426774583,3.2070837878870746,0.0,2.2725070926977313,5.705068291043527,0.007849226173607081,91.28407691786272,0.6546049926770567,91.94653113671338,93.99549402070804,-0.1104340048285722,0.0,1.051530203782673,0.9410961989541008,1.0,0.0002095687408450057,0.0,4.242640687119285,0.27732360357820357,0.0384541905508003
1812,321.0855826096125,0.19634954084936207,-5.637851296924623e-18,0.14716385862915168,0.3587774668252951,-5.1336972867188635e-17,0.11034309382266426,0.27089894815436066,2.7755575615628914e-17,13.5253822379236,20.16763368007112,0.0,1.14427852529288,3.2142939864190994,-5.551115123125783e-17,2.2725485937852614,5.69661680863112,0.007878524680198831,91.4679823409696,0.654686671723224,92.13054753737302,94.17964302909736,-0.11057120634145605,0.0,1.060133045400903,0.949561839059447,1.0,0.0002095687408450057,0.0,4.242640687119285,0.27732360357820357,0.0384541905508003
1813,321.2819321504619,0.19634954084936207,-7.589415207398531e-18,0.1481846437204264,0.3657296916276556,-5.204170427930421e-17,0.10922497521416505,0.27020399868191375,1.6653345369377348e-16,13.538998320806911,20.193673050967814,0.0,1.1443611542925711,3.2169120023872497,-5.551115123125783e-17,2.273618021482768,5.687365904544604,0.007911861178521933,91.65223776540614,0.6547812257269127,92.31493085231158,94.36543358309355,-0.11072982957770783,0.0,1.0684434751269474,0.9577136455492395,1.0,0.0002095687408450057,0.0,4.242640687119285,0.27732360357820357,0.0384541905508003
1815,321.67463123216066,0.19634954084936207,-4.9873299934333204e-18,0.1493912827484107,0.3824267930015173,-5.209591438792849e-17,0.10784471902780263,0.25826568053599486,1.6653345369377348e-16,13.566273543916296,20.22331232469312,6.938893903907228e-18,1.1444085090209966,3.20892361818145,0.0,2.277660305635402,5.676411048097644,0.007948068880231678,92.02188893418162,0.6548354177598301,92.68467242082167,94.74019668490565,-0.11095035973360545,0.0,1.0765727992409448,0.9656224395073394,1.0,0.0002095687408450057,0.0,4.242640687119285,0.27732360357820357,0.0384541905508003
1816,321.87098077301005,0.19634954084936207,-4.9873299934333204e-18,0.14941618255126884,0.3869711804998567,-5.1662233518934286e-17,0.10774258304156867,0.251455356064487,8.326672684688674e-17,13.579923681267955,20.238651155239204,-6.938893903907228e-18,1.1443498579622409,3.199492051875887,1.1102230246251565e-16,2.279681505054706,5.677294269219178,0.007941736047788724,92.2071635945311,0.6547682987091004,92.86987362928798,94.92781782440899,-0.11110559162165355,0.0,1.0779261504588717,0.9668205588372182,1.0,0.0002095687408450057,0.0,4.242640687119285,0.27732360357820357,0.0384541905508003
1817,322.06733031385943,0.19634954084936207,-4.119968255444917e-18,0.14903814519918407,0.38729387607170773,-5.171644362755856e-17,0.10810352321710508,0.25235279357761375,1.3877787807814457e-16,13.593570986025673,20.251369169144592,0.0,1.1442547830504077,3.1876173542289434,0.0,2.28103065539305,5.682115708551751,0.007923355451291232,92.3925860760595,0.6546595042668677,93.05516893577767,95.11466566977207,-0.11114485489514789,0.0,1.0741250174103123,0.9629801625151644,1.0,0.0002095687408450057,0.0,4.242640687119285,0.27732360357820357,0.0384541905508003
1818,322.2636798547088,0.19634954084936207,-4.553649124439119e-18,0.14830654222116785,0.3834603656656686,-5.2366964931049864e-17,0.10891871880653534,0.2567928711558483,2.7755575615628914e-17,13.60720711639856,20.280532073955438,-1.3877787807814457e-17,1.1441507462605724,3.1743160376565878,0.0,2.2813489951236887,5.689303633420362,0.007900375770888321,92.57804275428384,0.6545404650843123,93.24048359513904,95.30025343436235,-0.11113008654716777,0.0,1.0678457176474674,0.9567156311002996,1.0,0.0002095687408450057,0.0,4.242640687119285,0.27732360357820357,0.0384541905508003
1820,322.6563789364076,0.19634954084936207,-4.119968255444917e-18,0.146214447521946,0.38952540131764213,-5.204170427930421e-17,0.11145759586208183,0.26050351010811756,2.498001805406602e-16,13.634429920480907,20.32161722723808,1.3877787807814457e-17,1.1440070367070485,3.1487009291696437,0.0,2.278599791952291,5.7020837989163615,0.007864065172797714,92.94883962825251,0.6543760500176212,93.61107974344293,95.66730038666952,-0.11101085944794736,0.0,1.0574611862907002,0.9464503268427529,1.0,0.00020693421304002877,0.0,4.242640687119285,0.2704187155206938,0.036563140851930964
1821,322.85272847725696,0.19634954084936207,-7.37257477290143e-18,0.14517146099779354,0.3914897468137311,-5.2475385148298415e-17,0.11277400535756349,0.2628538511991318,1.3877787807814457e-16,13.64803813245403,20.333364301787224,-1.3877787807814457e-17,1.1439980182875684,3.1410849837748644,0.0,2.2760119557823004,5.7038179923696335,0.007855441141164772,93.13447243245962,0.6543657329229418,93.79669360652372,95.84972155361996,-0.10943794919659736,0.0,1.0503163262271102,0.9408783770305129,1.0,0.00020693421304002877,0.0,4.242640687119285,0.2704187155206938,0.036563140851930964
1822,323.04907801810634,0.19634954084936207,-4.336808689942018e-18,0.14437546469836912,0.3891847526717849,-5.187907395343139e-17,0.11380608598966777,0.2706773683345763,0.0,13.66164218655361,20.33942490460385,6.938893903907228e-18,1.1440099737914924,3.13151869330824,5.551115123125783e-17,2.2732092535399078,5.7122946551339,0.00785322649400307,93.32023361671067,0.6543794100672055,93.98246625327188,96.03206534714153,-0.10930894239820847,0.0,1.0498410316053306,0.9405320892071222,1.0,0.00020693421304002877,0.0,4.242640687119285,0.2704187155206938,0.036563140851930964
1824,323.4417770998051,0.19634954084936207,-5.204170427930421e-18,0.1440909884588065,0.381112585517677,-5.171644362755856e-17,0.11437291747785225,0.27399771008493323,8.326672684688674e-17,13.688876091081786,20.367045950904327,2.0816681711721685e-17,1.1440382781003255,3.1134687795763574,-5.551115123125783e-17,2.2691541281169645,5.712355760492524,0.00786926124583132,93.69266431849529,0.6544117908793788,94.3549453706205,96.39960348493044,-0.10911571537602557,0.0,1.0568383746029473,0.9477226592269217,1.0,0.00020693421304002877,0.0,4.242640687119285,0.2704187155206938,0.036563140851930964
1825,323.6381266406545,0.19634954084936207,-3.2526065174565133e-18,0.1446813700680761,0.38080682518639764,-5.182486384480711e-17,0.11382873515236355,0.2703151885995594,1.6653345369377348e-16,13.702520247179967,20.38093500435303,6.938893903907228e-18,1.1440415916905373,3.1159461410631515,0.0,2.2688347186403233,5.707862867662927,0.007888526928422766,93.87953056218849,0.6544155817589091,94.54183467087583,96.58610521737181,-0.1089385880353673,0.0,1.0703850929110108,0.9614465048756435,1.0,0.00020693421304002877,0.0,4.242640687119285,0.2704187155206938,0.036563140851930964
1826,323.8344761815039,0.19634954084936207,-2.8189256484623115e-18,0.14564343840731145,0.38212630007236903,-5.2258544713801314e-17,0.11284681321249332,0.27462692554135076,1.3877787807814457e-16,13.716185088986816,20.38985490021618,-1.3877787807814457e-17,1.1440506592916762,3.1164112882451636,1.6653345369377348e-16,2.2700236370175615,5.704333342987824,0.007913383722308102,94.06686669767215,0.6544259555128593,94.72920603690733,96.77494396682718,-0.10882941905166112,0.0,1.0819901792837423,0.9731607602320812,1.0,0.00020693421304002877,0.0,4.242640687119285,0.2704187155206938,0.036563140851930964
1827,324.03082572235326,0.19634954084936207,-5.637851296924623e-18,0.1467897566902624,0.38356114634876964,-5.220433460517704e-17,0.11160133202624621,0.2726220309445609,1.3877787807814457e-16,13.729866393841757,20.393413171688024,1.3877787807814457e-17,1.1440908421329936,3.1153268319862395,0.0,2.2727387634845604,5.704619023957293,0.007938614290058014,94.25461559637262,0.6544719275262911,94.91702613818896,96.9661402672175,-0.10871781122772403,0.0,1.0936806195054118,0.9849628082776878,1.0,0.00020693421304002877,0.0,4.242640687119285,0.2704187155206938,0.036563140851930964
1829,324.423524804052,0.19634954084936207,-3.903127820947816e-18,0.14880853816486161,0.40623798342289164,-5.2150124496552763e-17,0.10909909491775766,0.2700303766835326,1.1102230246251565e-16,13.757245260392882,20.398492146880898,-3.469446951953614e-17,1.1443725110427843,3.1258923965206704,5.551115123125783e-17,2.281675469804327,5.723154381927746,0.007958947415193322,94.63089857730118,0.6547942220151837,95.29365174673156,97.35407756511357,-0.10852142896296517,0.0,1.1073306814817212,0.9988092525187561,1.0,0.00020693421304002877,0.0,4.242640687119285,0.2704187155206938,0.036563140851930964
1830,324.6198743449014,0.19634954084936207,-4.119968255444917e-18,0.14936323704385884,0.412710116671267,-5.2150124496552763e-17,0.1081769726526459,0.2684296421830074,2.7755575615628914e-17,13.770925636804737,20.398483668333427,2.0816681711721685e-17,1.1446343133191406,3.129205241884926,-5.551115123125783e-17,2.2868547208475043,5.741091387141035,0.007941250312641819,94.81919644720294,0.6550938556137902,95.48223155312937,97.54934562759406,-0.10827983904400731,0.0,1.113533257658383,1.0052534186143756,1.0,0.00020637385929182857,0.0,4.242640687119285,0.2806244404898138,0.039375038300110514
1831,324.8162238857508,0.19634954084936207,-3.0357660829594124e-18,0.1495118764898021,0.41826910601739525,-5.2150124496552763e-17,0.10763364795963082,0.2621360578003441,1.6653345369377348e-16,13.784596983831507,20.445923685606687,-1.3877787807814457e-17,1.1449506754641179,3.1300707503334237,0.0,2.2916006837667626,5.762132327973439,0.007904033332483724,95.00755700332833,0.6554560246228698,95.67091706128367,97.74426018324343,-0.10779805547832016,0.0,1.1112029519309305,1.0034048964526103,1.0,0.00020637385929182857,0.0,4.242640687119285,0.2806244404898138,0.039375038300110514
1832,325.01257342660017,0.19634954084936207,-4.7704895589362195e-18,0.14925648184686346,0.41917988158393243,-5.117434254131581e-17,0.10753893926275006,0.25350443693111835,1.6653345369377348e-16,13.798256717554672,20.48457056612495,1.3877787807814457e-17,1.145261298922309,3.1279468921322904,5.551115123125783e-17,2.2952071434643133,5.782861653877896,0.007853862749528958,95.1959442217713,0.655811721404607,95.85960980592543,97.93777500181066,-0.10759861326905854,0.0,1.1039371437891,0.9963385305200414,1.0,0.00020637385929182857,0.0,4.242640687119285,0.2806244404898138,0.039375038300110514
1834,325.40527250829894,0.19634954084936207,-6.5052130349130266e-18,0.14775628235568453,0.40724018556896485,-5.182486384480711e-17,0.10875272760440358,0.23659064097740903,1.1102230246251565e-16,13.825566823356633,20.527164608983586,0.0,1.1455698135895993,3.1336147636254794,-5.551115123125783e-17,2.296950354061126,5.808159630472414,0.00775604917018165,95.57314899354981,0.6561650989038548,96.23707014162385,98.31775009136351,-0.1073113938142977,0.0,1.0859024362978775,0.9785910424835799,1.0,0.00020637385929182857,0.0,4.242640687119285,0.2806244404898138,0.039375038300110514
1835,325.6016220491483,0.19634954084936207,-5.854691731421724e-18,0.14669769918245945,0.3960900202990976,-5.171644362755856e-17,0.10992798035276068,0.2391906411219693,1.942890293094024e-16,13.839233531523458,20.5337347124748,3.122502256758253e-17,1.14544540062184,3.133145279960142,0.0,2.29473381682316,5.806397380688286,0.007725340962947291,95.7621923700216,0.6560225829028634,96.42594029388741,98.50372976510965,-0.10708194603667541,0.0,1.0655259708532352,0.9584440248165598,1.0,0.00020637385929182857,0.0,4.242640687119285,0.2806244404898138,0.039375038300110514
1836,325.7979715899977,0.19634954084936207,-5.204170427930421e-18,0.1456011072165906,0.38452110430677094,-5.274643569141979e-17,0.11126564252590398,0.24543931405832012,2.220446049250313e-16,13.852915514133853,20.532878599912973,0.0,1.1451098075713655,3.1274349266781933,-5.551115123125783e-17,2.290756953898657,5.808754777549092,0.007710257541864137,95.95163412086518,0.6556382356980648,96.6149826141051,98.68746405369865,-0.10699743142916246,0.0,1.0541516050734256,0.9471541736442632,1.0,0.00020637385929182857,0.0,4.242640687119285,0.2806244404898138,0.039375038300110514
1838,326.19067067169647,0.19634954084936207,-5.204170427930421e-18,0.14390355550862527,0.3552863050503944,-5.193328406205566e-17,0.11351147492184337,0.26972980883490594,2.7755575615628914e-17,13.88031971533852,20.536219021729575,6.938893903907228e-18,1.1440054666034907,3.1142639071930196,0.0,2.279989605704141,5.814911861414693,0.007713709044718499,96.33163770000762,0.6543742538093351,96.99372566286168,99.0516551192431,-0.10701255280746837,0.0,1.0458996324333032,0.9388870796258348,1.0,0.00020637385929182857,0.0,4.242640687119285,0.2806244404898138,0.039375038300110514
1839,326.38702021254585,0.19634954084936207,-4.9873299934333204e-18,0.14357748776555965,0.359948660478086,-5.2475385148298415e-17,0.11402844078524915,0.2748335727928165,2.7755575615628914e-16,13.894027925148222,20.544361888884765,2.0816681711721685e-17,1.1434263315928062,3.1134696923126834,0.0,2.274703682043175,5.8094382518585945,0.007724794514530656,96.52200599239927,0.6537118878898909,97.1834426748037,99.23420930979083,-0.10718021524080937,0.0,1.0483136101778903,0.9411333949370809,1.0,0.00020637385929182857,0.0,4.242640687119285,0.2806244404898138,0.039375038300110514
1840,326.58336975339523,0.19634954084936207,-8.673617379884035e-19,0.14369564210496635,0.3635714770768983,-5.1228552649940085e-17,0.11401645618349801,0.2777732358953813,1.6653345369377348e-16,13.907727534778894,20.56211721061007,1.0408340855860843e-17,1.1429729762371663,3.110677684390356,-5.551115123125783e-17,2.2704054189612797,5.801071374744433,0.0077398489558484045,96.7124425908235,0.653193612204223,97.37337605198357,99.41834967112898,-0.10738426782243049,0.0,1.0564368255816747,0.9490525577592442,1.0,0.0002041070752475549,0.0,4.242640687119285,0.2684434535119545,0.03603094386671243
1841,326.7797192942446,0.19634954084936207,-5.421010862427522e-18,0.14422595906431557,0.36580731231494346,-5.2475385148298415e-17,0.11350588510205437,0.2802069319445052,1.942890293094024e-16,13.921425333993545,20.577362279111952,1.3877787807814457e-17,1.1427406352123395,3.1080228270892487,0.0,2.26758895416892,5.7925568637941,0.00775794900442723,96.90304166497863,0.6529280796827506,97.56372769366581,99.6049848829172,-0.10646312479278107,0.0,1.0679003463602352,0.9614372215674541,1.0,0.0002041070752475549,0.0,4.242640687119285,0.2684434535119545,0.03603094386671243
1843,327.1724183759434,0.19634954084936207,-6.071532165918825e-18,0.14601877664823534,0.36535978996972956,-5.2475385148298415e-17,0.11142238098255074,0.27106946428623896,1.6653345369377348e-16,13.948761886387274,20.60445247672655,6.938893903907228e-18,1.1430099884220286,3.115479959428008,0.0,2.2670283872831614,5.7843417672282245,0.007788455975408254,97.2839790815651,0.6532359168162629,97.94500345435678,99.9858821525349,-0.10689486787929682,0.0,1.087426231987198,0.9805313641079011,1.0,0.0002041070752475549,0.0,4.242640687119285,0.2684434535119545,0.03603094386671243
1844,327.36876791679276,0.19634954084936207,-6.288372600415926e-18,0.14694844032962126,0.36271395864076805,-5.171644362755856e-17,0.11014450471135834,0.260184812601188,1.6653345369377348e-16,13.962408254639682,20.610768975863504,1.3877787807814457e-17,1.1434433468745995,3.1286120683577208,0.0,2.2690144017278655,5.787204009438822,0.007789083838259695,97.47442213461517,0.6537313437558925,98.13594256220932,100.17974902188227,-0.10728377554856032,0.0,1.1049434058432075,0.9976596302946472,1.0,0.0002041070752475549,0.0,4.242640687119285,0.2684434535119545,0.03603094386671243
1845,327.56511745764215,0.19634954084936207,-4.7704895589362195e-18,0.14770561638496116,0.36199071469939625,-5.171644362755856e-17,0.10892693437760217,0.25202574630763186,1.3877787807814457e-16,13.976051373340644,20.621299788451896,2.42861286636753e-17,1.143967949542432,3.138391707027222,-5.551115123125783e-17,2.27198773472522,5.794572760746226,0.007775205156762146,97.66500599512841,0.654331334790158,98.32711253507533,100.3751645018858,-0.10746493236972984,0.0,1.1128985956412265,1.0054336632714966,1.0,0.0002041070752475549,0.0,4.242640687119285,0.2684434535119545,0.03603094386671243
1846,327.7614669984915,0.19634954084936207,-4.336808689942018e-18,0.14820299516204452,0.3724813433407971,-5.204170427930421e-17,0.10794624211867998,0.24774876095033116,2.7755575615628914e-16,13.989701320652474,20.627077600618424,-3.469446951953614e-18,1.1444850370944433,3.1441876735329806,0.0,2.275391947740923,5.8051048429344725,0.007750530119784477,97.85587152053277,0.6549230000665347,98.51854505071908,100.57136835006357,-0.1075562925450622,0.0,1.1169696879836244,1.0094133954385622,1.0,0.0002041070752475549,0.0,4.242640687119285,0.2684434535119545,0.03603094386671243
1848,328.1541660801903,0.19634954084936207,-4.553649124439119e-18,0.14831049783972297,0.3866348398239896,-5.204170427930421e-17,0.10734353381720813,0.24315743437958337,2.498001805406602e-16,14.017051436484135,20.70298973880857,6.938893903907228e-18,1.1451823743155969,3.141888392851145,1.1102230246251565e-16,2.2812736220522707,5.827955273881439,0.007709135625581481,98.23886548652098,0.6557213352215538,98.90229595736811,100.96315381403099,-0.10748018838930687,0.0,1.115405650999054,1.0079254626097471,1.0,0.0002041070752475549,0.0,4.242640687119285,0.2684434535119545,0.03603094386671243
1849,328.3505156210397,0.19634954084936207,-5.854691731421724e-18,0.1479488731584369,0.3880610803561738,-5.2583805365546965e-17,0.10788513262093923,0.24237635092873394,5.551115123125783e-17,14.030756042636224,20.757499173038465,2.0816681711721685e-17,1.1452933657041309,3.133144908292889,0.0,2.2829554736390567,5.836652398058992,0.007710853979682851,98.43105756398643,0.6558484467629478,99.09461686472906,101.157674449039,-0.10719214957358819,0.0,1.1083195361131593,1.0011273865395711,1.0,0.0002041070752475549,0.0,4.242640687119285,0.2684434535119545,0.03603094386671243
1850,328.54686516188906,0.19634954084936207,-5.421010862427522e-18,0.14736295787915138,0.3847630744069465,-5.220433460517704e-17,0.10890927326453705,0.24654634328329794,8.326672684688674e-17,14.0444754684297,20.80727533196967,-6.938893903907228e-18,1.1452691403619144,3.1191180279498507,5.551115123125783e-17,2.283623976856852,5.842024335167532,0.007728931881284363,98.62364559166187,0.6558207019326592,99.28719522547581,101.35104931368085,-0.10688486675082423,0.0,1.1023084172645552,0.995423550513731,1.0,0.00020222413639309794,0.0,4.242640687119285,0.2678637667854694,0.03587549877825018
1852,328.9395642435878,0.19634954084936207,-6.288372600415926e-18,0.14579050220148262,0.383390338183473,-5.193328406205566e-17,0.11156643516490078,0.2543527400117098,1.3877787807814457e-16,14.071950163826825,20.916022456523415,3.469446951953614e-17,1.1450867056538736,3.0814917792314303,0.0,2.282745178303109,5.842978352855565,0.007778164631134762,99.00989070661294,0.6556117817326204,99.67328065297669,101.73584233295712,-0.10537321138257255,0.0,1.0958442303845393,0.9904710190019668,1.0,0.00020222413639309794,0.0,4.242640687119285,0.2678637667854694,0.03587549877825018
1853,329.1359137844372,0.19634954084936207,-4.7704895589362195e-18,0.1449964041494932,0.3873545141138261,-5.2475385148298415e-17,0.11272556581777848,0.2584139766441075,1.942890293094024e-16,14.085677683671983,20.95144379675862,1.3877787807814457e-17,1.1450597024746336,3.065742020290555,5.551115123125783e-17,2.2819079727430545,5.840209140122796,0.0077903619903423186,99.20315790414747,0.655580861115648,99.86652912725347,101.92802806730755,-0.1048629456681146,0.0,1.0942968775749122,0.9894339319067976,1.0,0.00020222413639309794,0.0,4.242640687119285,0.2678637667854694,0.03587549877825018
1854,329.3322633252866,0.19634954084936207,-7.37257477290143e-18,0.14435087942065225,0.3877484747145485,-5.209591438792849e-17,0.11353994667745052,0.27082818242555917,1.1102230246251565e-16,14.099393530581795,20.978628360511983,6.938893903907228e-18,1.145141298907029,3.0462728814228135,0.0,2.2813277218125934,5.8369757651891465,0.00779006249569639,99.39644896510588,0.6556742972312388,100.05991332483282,102.12079078912792,-0.10458597077713278,0.0,1.096933997252955,0.9923480264758222,1.0,0.00020222413639309794,0.0,4.242640687119285,0.2678637667854694,0.03587549877825018
1855,329.528612866136,0.19634954084936207,-4.7704895589362195e-18,0.14396007160720664,0.3840354257744062,-5.2150124496552763e-17,0.11392838420869048,0.27776024244104397,3.3306690738754696e-16,14.113099659210315,20.996415314432216,-1.734723475976807e-17,1.1453402815670044,3.038313082396554,5.551115123125783e-17,2.2813125950507636,5.83449796808445,0.007780785390685615,99.58979099540115,0.6559021802899925,100.25347396108182,102.31456067358287,-0.10438905413752039,0.0,1.1018157666075616,0.9974267124700412,1.0,0.00020222413639309794,0.0,4.242640687119285,0.2678637667854694,0.03587549877825018
1857,329.92131194783474,0.19634954084936207,-6.288372600415926e-18,0.14415643053595187,0.3803588244585875,-5.198749417067994e-17,0.11336461846592764,0.27379679011241725,2.220446049250313e-16,14.140508405730044,20.998252727579178,6.938893903907228e-18,1.1459650333741618,3.0163983166768653,1.1102230246251565e-16,2.2835752885184997,5.834593874163659,0.007750273981868611,99.97698898626096,0.6566179288581215,100.64135718910096,102.7059484645088,-0.10428310646396578,0.0,1.1113810730147076,1.0070979665507418,1.0,0.00020222413639309794,0.0,4.242640687119285,0.2678637667854694,0.03587549877825018
1858,330.1176614886841,0.19634954084936207,-5.854691731421724e-18,0.1447029641606592,0.3825064675537283,-5.1770653736182837e-17,0.11246661203205034,0.2676554555757389,2.7755575615628914e-16,14.154225583614146,20.984244417575038,1.0408340855860843e-17,1.146284440784399,3.007343471942759,5.551115123125783e-17,2.285768261427859,5.837163313988991,0.007728912038337273,100.17105093591864,0.656984009592201,100.83576385754918,102.90342673427813,-0.10436297619572274,0.0,1.1203733781054956,1.0160104019097729,1.0,0.00020222413639309794,0.0,4.242640687119285,0.2678637667854694,0.03587549877825018
1859,330.3140110295335,0.19634954084936207,-4.553649124439119e-18,0.145433736782551,0.38588841914586675,-5.171644362755856e-17,0.11126415788759149,0.2582336016660856,2.7755575615628914e-17,14.167956862240608,20.962416379121407,-1.734723475976807e-17,1.1465415321089625,2.9995828922495025,0.0,2.2883381580563324,5.840571623313946,0.007700883226312176,100.36550082515534,0.6572787424253834,101.03048045080703,103.10161190514891,-0.1045175735618952,0.0,1.1240037769958358,1.0194862034339405,1.0,0.00020222413639309794,0.0,4.242640687119285,0.2678637667854694,0.03587549877825018
1860,330.5103605703829,0.19634954084936207,-4.9873299934333204e-18,0.14622983822488766,0.39834725201033827,-5.117434254131581e-17,0.10991514960667359,0.25217756403802893,1.6653345369377348e-16,14.181700796895935,20.945776135984104,-6.938893903907228e-18,1.1467095475926032,2.98752295488254,0.0,2.2908567979231664,5.846164818196874,0.007668014625521336,100.56031874633936,0.6574713932700162,101.2254581542349,103.29989626202442,-0.10471902031959973,0.0,1.1246167392842707,1.019897718964671,1.0,0.00020189500452925127,0.0,4.242640687119285,0.2757256517154794,0.03801231750696293
1862,330.90305965208165,0.19634954084936207,-4.336808689942018e-18,0.14758700873694505,0.41254090220375134,-5.2909066017292616e-17,0.1076627925685143,0.23944532800215382,-2.7755575615628914e-17,14.20920491454412,20.967337007959387,-3.469446951953614e-18,1.1467990902959417,2.961944452858572,0.0,2.2937942536326714,5.862720029918894,0.007620631710017062,100.9507521517524,0.6575740767517997,101.61594686021421,103.69412379802554,-0.1048716250003548,0.0,1.1187777322984132,1.0139061072980584,1.0,0.00020189500452925127,0.0,4.242640687119285,0.2757256517154794,0.03801231750696293
1863,331.09940919293103,0.19634954084936207,-3.686287386450715e-18,0.14799724307054984,0.41735373066318804,-5.2583805365546965e-17,0.10717238120374704,0.23243792922387738,1.942890293094024e-16,14.222946349153238,20.98156469234102,6.938893903907228e-18,1.1467732505739088,2.9519071102393424,0.0,2.2934482285295483,5.8674287522157025,0.007625106190471594,101.1461014254457,0.6575444441159246,101.81127097575211,103.8889897096433,-0.10514095696399045,0.0,1.1077155305119606,1.00257457354797,1.0,0.00020189500452925127,0.0,4.242640687119285,0.2757256517154794,0.03801231750696293
1864,331.2957587337804,0.19634954084936207,-6.938893903907228e-18,0.14817408192156276,0.41865917492304733,-5.2150124496552763e-17,0.10723729934337961,0.224098870106736,8.326672684688674e-17,14.236672339458153,20.996044865887594,0.0,1.1467461690745397,2.94664393918863,-5.551115123125783e-17,2.291732611301591,5.869040174986372,0.007652494379969977,101.34141965054643,0.6575133881435663,102.00658553306997,104.0821492788734,-0.10524433075282733,0.0,1.0992466282792732,0.9940022975264459,1.0,0.00020189500452925127,0.0,4.242640687119285,0.2757256517154794,0.03801231750696293
1866,331.6884578154792,0.19634954084936207,-5.204170427930421e-18,0.1477915198878668,0.4077634718402303,-5.21772295508649e-17,0.10875009636105032,0.2352837661497327,2.7755575615628914e-17,14.26407794800038,21.002841105540845,-6.938893903907228e-18,1.146778045268816,2.9447223585367346,1.1102230246251565e-16,2.2852640209049593,5.861876623606887,0.007743578857229765,101.73195985331537,0.6575499425552833,102.39725337472788,104.46485986149871,-0.10525045674652925,0.0,1.090182508333234,0.9849320515867047,1.0,0.00020189500452925127,0.0,4.242640687119285,0.2757256517154794,0.03801231750696293
1867,331.88480735632857,0.19634954084936207,-3.2526065174565133e-18,0.1472663175009074,0.3993497589921994,-5.206880933361635e-17,0.10990321062781241,0.2469555777097778,1.942890293094024e-16,14.277768529148796,20.995904439385452,0.0,1.1468463749225528,2.9381862691452634,-1.1102230246251565e-16,2.2815131249543645,5.8532423766146975,0.007784584835858451,101.9273370859759,0.6576283038365003,102.59274997464827,104.65580985610627,-0.10511475796076963,0.0,1.0879888856640758,0.9828741277033062,1.0,0.00020189500452925127,0.0,4.242640687119285,0.2757256517154794,0.03801231750696293
1868,332.08115689717795,0.19634954084936207,-4.553649124439119e-18,0.14658971536340662,0.38792491187111133,-5.206880933361635e-17,0.11111729516569008,0.2546936952558761,2.220446049250313e-16,14.291462622141417,20.992134312447547,2.0816681711721685e-17,1.1469367587530697,2.926431739292818,-5.551115123125783e-17,2.278186501437056,5.841851570429352,0.007813287668848258,102.1229519400326,0.6577319642894986,102.78849719199096,104.84756526481955,-0.10495341913880639,0.0,1.0918642380405665,0.9869108189017601,1.0,0.00020189500452925127,0.0,4.242640687119285,0.2757256517154794,0.03801231750696293
1869,332.27750643802733,0.19634954084936207,-5.204170427930421e-18,0.14585985311182068,0.37290033619457486,-5.106592232406726e-17,0.1122581466340445,0.259646249312538,-2.7755575615628914e-17,14.305168797126539,20.984917934531257,2.0816681711721685e-17,1.1470350717449667,2.9333158344449566,5.551115123125783e-17,2.275782599764093,5.83212117686048,0.007830046225433002,102.31892715714137,0.6578447279064901,102.9846019312733,105.04082699835485,-0.10476724478415915,0.0,1.0992549435987362,0.9944876988145771,1.0,0.00020189500452925127,0.0,4.242640687119285,0.2757256517154794,0.03801231750696293
1871,332.6702055197261,0.19634954084936207,-3.0357660829594124e-18,0.14475067123746796,0.3727777284505648,-5.244828009398628e-17,0.11377611278638848,0.2735337880969031,2.220446049250313e-16,14.3326470447773,21.04266301539597,-1.9081958235744878e-17,1.1472418400676347,2.960528389615441,0.0,2.2749880665808817,5.852887867632604,0.007840580022055349,102.71238565508173,0.658081919800886,103.37830815490469,105.43379416453861,-0.1040438379245229,0.0,1.1147314275769244,1.0106875896524015,1.0,0.00020010247596412005,0.0,4.242640687119285,0.2654246670908904,0.035225126950155006
1872,332.8665550605755,0.19634954084936207,-3.903127820947816e-18,0.1446039542987209,0.3755248852488687,-5.19603891163678e-17,0.11388053592252126,0.2812369108321275,8.326672684688674e-17,14.346417041632442,21.090499510542504,3.642919299551295e-17,1.1473670295701521,2.973466555776266,-1.1102230246251565e-16,2.2767493711664675,5.86914332769244,0.00783629302035441,102.90984096622087,0.6582255502723172,103.57590280951355,105.6336970385447,-0.10340741091473123,0.0,1.1312913606463786,1.0278839497316474,1.0,0.00020010247596412005,0.0,4.242640687119285,0.2654246670908904,0.035225126950155006
1873,333.06290460142486,0.19634954084936207,-6.938893903907228e-18,0.1448044805596328,0.3758740191493264,-5.2150124496552763e-17,0.11343204643043742,0.28351633915321195,1.3877787807814457e-16,14.360195630473267,21.145053276249573,-3.469446951953614e-18,1.1475304541683091,2.986924846122739,0.0,2.2797198526774616,5.887813631276508,0.007822972128189108,103.10760927273174,0.658413071621863,103.7738453164818,105.83548149191043,-0.10336710247345521,0.0,1.1407157180138778,1.0373486155404226,1.0,0.00020010247596412005,0.0,4.242640687119285,0.2654246670908904,0.035225126950155006
1874,333.25925414227424,0.19634954084936207,-1.951563910473908e-18,0.14531932496063182,0.3739594985274914,-5.160802341031001e-17,0.11246243199596602,0.28035958970356645,-5.551115123125783e-17,14.373973921505277,21.18984645990531,-1.0408340855860843e-17,1.1477521624441578,3.006390579058602,5.551115123125783e-17,2.283498840430771,5.907322343515139,0.007799550742918497,103.30556314805686,0.6586675131976201,103.97203021199739,106.03857680284219,-0.10338377229499877,0.0,1.1473041598398663,1.0439203875448675,1.0,0.00020010247596412005,0.0,4.242640687119285,0.2654246670908904,0.035225126950155006
1876,333.651953223973,0.19634954084936207,-5.204170427930421e-18,0.14686167472398196,0.3649754741676433,-5.204170427930421e-17,0.10967832322153881,0.2656326171131119,2.7755575615628914e-16,14.401500268262415,21.249275334604743,-1.0408340855860843e-17,1.14837731921809,3.042293212326765,-5.551115123125783e-17,2.29125679386414,5.94248155119012,0.007738937006703408,103.70160498838122,0.6593852336472634,104.36872915903518,106.44557597044813,-0.10349242174369815,0.0,1.1493966742884043,1.0459042525447062,1.0,0.00020010247596412005,0.0,4.242640687119285,0.2654246670908904,0.035225126950155006
1877,333.8483027648224,0.19634954084936207,-6.288372600415926e-18,0.14761306847352115,0.3619490177568522,-5.187907395343139e-17,0.10839876563073876,0.2566079535250769,1.6653345369377348e-16,14.415243023507605,21.264389864313525,2.949029909160572e-17,1.1487272777863946,3.057135240962756,0.0,2.2940670188608707,5.955655276423228,0.0077171766012965135,103.89961571339238,0.6597871793652703,104.56712006935894,106.647847990221,-0.10363580726099939,0.0,1.143332267645747,1.0396964603847476,1.0,0.00020010247596412005,0.0,4.242640687119285,0.2654246670908904,0.035225126950155006
1878,334.0446523056718,0.19634954084936207,-5.637851296924623e-18,0.14818523233630637,0.3717106180270807,-5.2366964931049864e-17,0.1075179726706945,0.24720705448445793,-1.1102230246251565e-16,14.428976437793688,21.27070243826484,1.5612511283791264e-17,1.1490317489811213,3.068902345081824,5.551115123125783e-17,2.2955549650874723,5.9650542605127335,0.007708670339411415,104.09768052120269,0.6601369800833072,104.76552617162541,106.84844775309791,-0.1037206266751717,0.0,1.1350027941098957,1.031282167434724,1.0,0.00020010247596412005,0.0,4.242640687119285,0.2654246670908904,0.035225126950155006
1880,334.43735138737054,0.19634954084936207,-5.421010862427522e-18,0.14848125347193056,0.3846774264005662,-5.182486384480711e-17,0.10731044744221796,0.24147138633739917,1.1102230246251565e-16,14.456446607216575,21.280751353865313,-3.642919299551295e-17,1.1492699836755358,3.0805594161324974,0.0,2.294024909811925,5.97326149123454,0.00772021746410742,104.4944242536518,0.6604107476887833,105.1625552188047,107.24385454393962,-0.1037914470789985,0.0,1.1205089528145482,1.0167175057355498,1.0,0.0001991659118320043,0.0,4.242640687119285,0.26868687845715933,0.036096319327526154
1881,334.6337009282199,0.19634954084936207,-3.0357660829594124e-18,0.14813291325896827,0.38537710611401066,-5.220433460517704e-17,0.10790514670137945,0.23773656108243918,-2.7755575615628914e-17,14.470203958047916,21.288803854689615,1.0408340855860843e-17,1.1491428102657917,3.079396689021173,5.551115123125783e-17,2.2913675028779443,5.97348439200405,0.007724012407339057,104.69340129375277,0.6602645991927807,105.3613899053529,107.43925306352183,-0.1033162929119519,0.0,1.1083940018468756,1.0050777089349237,1.0,0.0001991659118320043,0.0,4.242640687119285,0.26868687845715933,0.036096319327526154
1882,334.8300504690693,0.19634954084936207,-5.637851296924623e-18,0.14746019734291793,0.3818805835646887,-5.2258544713801314e-17,0.10882493658942065,0.2413579342755726,1.6653345369377348e-16,14.483976521286866,21.30060698113568,1.734723475976807e-18,1.1488661430688152,3.0730522622915886,0.0,2.2880189455927864,5.972363345349515,0.007716439325003184,104.8927879345946,0.6599467073449075,105.5604510812645,107.6338560763651,-0.10329456730634366,0.0,1.104357637926531,1.0010630706201873,1.0,0.0001991659118320043,0.0,4.242640687119285,0.26868687845715933,0.036096319327526154
1883,335.0264000099187,0.19634954084936207,-4.119968255444917e-18,0.1465168393640671,0.3798392919697783,-5.2150124496552763e-17,0.10995154825107792,0.2594611185599329,3.885780586188048e-16,14.497761544385842,21.307786158801438,2.2551405187698492e-17,1.1485036251388627,3.061418287354756,0.0,2.2845534523684883,5.970786788482651,0.007695606716119991,105.09254489893644,0.6595302884785545,105.75977079413111,107.82848089132646,-0.103261459735399,0.0,1.1044239110152743,1.0011624512798754,1.0,0.0001991659118320043,0.0,4.242640687119285,0.26868687845715933,0.036096319327526154
1885,335.41909909161745,0.19634954084936207,-5.421010862427522e-18,0.1442709191387677,0.38531241994028664,-5.2475385148298415e-17,0.11230267684483974,0.28755666519458917,2.220446049250313e-16,14.525339814564813,21.319179635135434,-6.938893903907228e-18,1.1478894594377556,3.0233255470022686,5.551115123125783e-17,2.27951680592131,5.968601913060252,0.007628970062123031,105.49274836429085,0.6588251055441514,106.15920243989713,108.22100069993024,-0.10322097489443134,0.0,1.112617570648857,1.0093965957544258,1.0,0.0001991659118320043,0.0,4.242640687119285,0.26868687845715933,0.036096319327526154
1886,335.61544863246684,0.19634954084936207,-5.637851296924623e-18,0.1432932263925656,0.38234516499541904,-5.231275482242559e-17,0.11321282648370709,0.28966758456417496,1.1102230246251565e-16,14.53911644561779,21.34372201348482,-1.734723475976807e-17,1.1478123047464963,2.998250519676951,0.0,2.2787902841376444,5.968419234179535,0.0075939319763032006,105.69295350961681,0.6587365434637316,106.35928398505685,108.42009952147221,-0.10321828178867262,0.0,1.1269285313157602,1.0237102495270876,1.0,0.0001991659118320043,0.0,4.242640687119285,0.26868687845715933,0.036096319327526154
1887,335.8117981733162,0.19634954084936207,-5.204170427930421e-18,0.14264242730463034,0.3754638595875235,-5.2583805365546965e-17,0.1137263110575029,0.2836003717128575,1.942890293094024e-16,14.552877408177897,21.361394006366563,-3.469446951953614e-18,1.1479545800674726,2.970648425293924,-5.551115123125783e-17,2.2795008686685145,5.968726123371865,0.0075626419362815,105.89312042872734,0.6588998589489438,106.55958292961256,108.62143632533184,-0.10325495365506816,0.0,1.1382478578008706,1.0349929041458024,1.0,0.0001991659118320043,0.0,4.242640687119285,0.26868687845715933,0.036096319327526154
1888,336.0081477141656,0.19634954084936207,-4.553649124439119e-18,0.1424416299764334,0.37433636323333497,-5.2366964931049864e-17,0.11372832249119455,0.2701992365809165,8.326672684688674e-17,14.566622563092082,21.38088396952541,-2.42861286636753e-17,1.1483082443069716,2.94197377476808,0.0,2.2815332644025936,5.969294494981519,0.0075366478532870596,106.09324644779167,0.6593059119716798,106.76008900761664,108.82485130946371,-0.1033234969629154,0.0,1.1487862457727087,1.0454627488097934,1.0,0.0001991659118320043,0.0,4.242640687119285,0.26868687845715933,0.036096319327526154
1890,336.40084679586437,0.19634954084936207,-3.903127820947816e-18,0.143460127272292,0.3707110900923275,-5.204170427930421e-17,0.11221424379544868,0.27142845361737555,1.1102230246251565e-16,14.594086331038145,21.436123828338967,-7.806255641895632e-18,1.1494006008081703,2.920889147384526,-1.1102230246251565e-16,2.2880193707147845,5.970543764155835,0.007507612387850375,106.49367791889725,0.6605608705690913,107.16174640185419,109.2357660854301,-0.10347470634328379,0.0,1.159213307410191,1.0557386010669072,1.0,0.00019813628945225604,0.0,4.242640687119285,0.26677268198788984,0.0355838319275059
1891,336.59719633671375,0.19634954084936207,-5.854691731421724e-18,0.14449542523137512,0.3756040203751954,-5.263801547417124e-17,0.11096633575290045,0.26774498164549854,1.1102230246251565e-16,14.607827783222177,21.4539831549576,-8.673617379884035e-18,1.1499588384983948,2.9462260189322844,0.0,2.291390358490816,5.9712574128349125,0.007510564327849499,106.69431627213883,0.6612026651202887,107.36302950158696,109.44185900595315,-0.10310800465371178,0.0,1.161995528960448,1.0588875243067362,1.0,0.00019813628945225604,0.0,4.242640687119285,0.26677268198788984,0.0355838319275059
1892,336.79354587756313,0.19634954084936207,-3.686287386450715e-18,0.14566217319851124,0.38822766932889885,-5.274643569141979e-17,0.10967768094708742,0.25833206287748595,-2.7755575615628914e-17,14.621581810798867,21.469319912699326,-1.5612511283791264e-17,1.1504014290439042,2.9626851080517262,0.0,2.294119194611332,5.9722491439412515,0.007528451811774983,106.89532732494213,0.6617117239731285,107.56456750072704,109.64728460205288,-0.10320288411592696,0.0,1.1587343055861392,1.0555314214702123,1.0,0.00019813628945225604,0.0,4.242640687119285,0.26677268198788984,0.0355838319275059
1894,337.1862449592619,0.19634954084936207,-4.336808689942018e-18,0.14768898662085628,0.4045243462561177,-5.2150124496552763e-17,0.10777232128633138,0.249252154399675,5.551115123125783e-17,14.64914085684279,21.507253037422828,-5.204170427930421e-18,1.150756646151949,2.9682808404757286,0.0,2.29636677412025,5.976288805085341,0.0075994313223255675,107.29866392181033,0.6621204293314408,107.96838378246409,110.05429530934207,-0.10325428175493899,0.0,1.1491317838182518,1.0458775020633129,1.0,0.00019813628945225604,0.0,4.242640687119285,0.26677268198788984,0.0355838319275059
1895,337.3825945001113,0.19634954084936207,-4.119968255444917e-18,0.14827602682855023,0.4106206988648893,-5.285485590866834e-17,0.10738257790810876,0.24159472421020284,2.7755575615628914e-16,14.662942041033821,21.52941858542082,6.071532165918825e-18,1.1506846820254995,2.9581396004004947,1.1102230246251565e-16,2.2958026074312543,5.979884735604964,0.007637582418592283,107.50093464935854,0.6620376187240626,108.1706098505012,110.25573906454304,-0.10318141162407833,0.0,1.138679704388871,1.0354982927647927,1.0,0.00019813628945225604,0.0,4.242640687119285,0.26677268198788984,0.0355838319275059
1896,337.57894404096066,0.19634954084936207,-3.903127820947816e-18,0.14847152998402077,0.41230584632956696,-5.2339859876737727e-17,0.10740360913602055,0.23202787627548352,2.220446049250313e-16,14.67674949297262,21.5514142267446,-1.8214596497756474e-17,1.1505191851310523,2.940396420667245,-5.551115123125783e-17,2.2944033713838805,5.984699127442571,0.0076650600591939904,107.70348783973604,0.6618471976773103,108.37300009747254,110.4562047394166,-0.10304332876146019,0.0,1.1335947437602634,1.030551414998803,1.0,0.00019813628945225604,0.0,4.242640687119285,0.26677268198788984,0.0355838319275059
1897,337.77529358181005,0.19634954084936207,-6.071532165918825e-18,0.14825546605077602,0.40936161893108863,-5.171644362755856e-17,0.10781072993749319,0.22517755288524927,3.0531133177191805e-16,14.690555554478342,21.572807905897232,-8.673617379884035e-19,1.1503391590795802,2.9161357796429996,5.551115123125783e-17,2.292552839261759,5.9906243020144805,0.007675816833543367,107.9062112496072,0.6616400904559581,108.5755271568967,110.6562328479706,-0.10284693421178619,0.0,1.1311551183291626,1.0283081841173765,1.0,0.00019813628945225604,0.0,4.242640687119285,0.26677268198788984,0.0355838319275059
1899,338.1679926635088,0.19634954084936207,-4.9873299934333204e-18,0.14675900401934233,0.39193294837211823,-5.288196096298048e-17,0.10959018215774458,0.23330902014908636,5.551115123125783e-17,14.718142174351861,21.606486491675117,1.0408340855860843e-17,1.150206647021856,2.875719926976999,0.0,2.289122710335133,6.004319667866269,0.007650710116099104,108.31185453221748,0.6614876654266302,108.98099290776021,111.05730292458928,-0.1024842167140225,0.0,1.1332743449164864,1.0307901282024639,1.0,0.00019813628945225604,0.0,4.242640687119285,0.26677268198788984,0.0355838319275059
1900,338.3643422043582,0.19634954084936207,-2.6020852139652106e-18,0.1456906821978269,0.38080828051844595,-5.185196889911925e-17,0.110787944942247,0.24660218908536136,1.3877787807814457e-16,14.731921237094303,21.61301176880247,-5.204170427930421e-18,1.1503181782977672,2.8749110534043045,0.0,2.2881927745565798,6.010906686867819,0.007627366961775533,108.51475166797503,0.661615955661147,109.18399499059795,111.259284013113,-0.10212239546930495,0.0,1.1401436538933836,1.0380212584240787,1.0,0.00019701224292549552,0.0,4.242640687119285,0.2647227325721957,0.035039062570245125
1901,338.5606917452076,0.19634954084936207,-3.2526065174565133e-18,0.14462247035587408,0.3665475044639013,-5.2014599224992075e-17,0.11199073756180529,0.26049973825556944,1.3877787807814457e-16,14.74570304036096,21.61289788699028,1.734723475976807e-17,1.1505361158464151,2.87051758163139,-1.1102230246251565e-16,2.288029686721103,6.016411491101048,0.007606321818015823,108.71787907725519,0.6618666769334776,109.38735207600668,111.46269031171578,-0.10136052786438692,0.0,1.1465049617352912,1.0451444338709042,1.0,0.00019701224292549552,0.0,4.242640687119285,0.2647227325721957,0.035039062570245125
1902,338.75704128605696,0.19634954084936207,-7.15573433840433e-18,0.14373865738446778,0.3594779912119236,-5.2475385148298415e-17,0.11299036933220741,0.2753669594671768,-5.551115123125783e-17,14.759487498013478,21.614718859691738,4.336808689942018e-18,1.1508058782970376,2.865937835250708,0.0,2.288619951464963,6.020134098318182,0.007591268020493482,108.92123560200807,0.662177084761508,109.59100395479007,111.66738198575734,-0.10126063558984884,0.0,1.1528828882867308,1.051622252696882,1.0,0.00019701224292549552,0.0,4.242640687119285,0.2647227325721957,0.035039062570245125
1904,339.1497403677557,0.19634954084936207,-5.637851296924623e-18,0.1431131818934579,0.3646918309992089,-5.242117503967414e-17,0.11362432536376026,0.2902555365901589,1.1102230246251565e-16,14.787086447629202,21.642767179850278,-6.938893903907228e-18,1.1512692959455082,2.874834624989972,5.551115123125783e-17,2.291304890375573,6.020550506009972,0.007578080627004409,109.32896280482963,0.6627104958934331,109.99925138135006,112.07948296442143,-0.10132243822678104,0.0,1.1597934649593575,1.0584710267325765,1.0,0.00019701224292549552,0.0,4.242640687119285,0.2647227325721957,0.035039062570245125
1905,339.3460899086051,0.19634954084936207,-4.7704895589362195e-18,0.14348582734303156,0.3649582685218417,-5.2909066017292616e-17,0.11308440893305208,0.2881677912726442,1.942890293094024e-16,14.80090344214557,21.668743345323765,-2.3418766925686896e-17,1.1513787292865971,2.876930320405669,0.0,2.2927241217972405,6.017166477980131,0.00757701476871304,109.53337135185825,0.6628364891268093,110.20378485575377,112.28589899752176,-0.10161117546022702,0.0,1.1619090841831698,1.060297908722943,1.0,0.00019701224292549552,0.0,4.242640687119285,0.2647227325721957,0.035039062570245125
1906,339.5424394494545,0.19634954084936207,-6.071532165918825e-18,0.14423955880408243,0.3636331530165471,-5.2827750854356204e-17,0.11205941440129298,0.2796969379409804,2.498001805406602e-16,14.814726757677876,21.691071433112686,-3.469446951953614e-18,1.151391522801863,2.877643479211581,0.0,2.2936496753213467,6.011922128159149,0.007579549462064583,109.7380644523284,0.6628512193899965,110.40849522118046,112.49177022550792,-0.1019342688595697,0.0,1.159467720302896,1.0575334514433263,1.0,0.00019701224292549552,0.0,4.242640687119285,0.2647227325721957,0.035039062570245125
1908,339.93513853115326,0.19634954084936207,-4.119968255444917e-18,0.14625344762642867,0.357660981846145,-5.299038118022903e-17,0.10940889127653869,0.2657564975320454,1.6653345369377348e-16,14.84236054878791,21.778238004445136,-5.204170427930421e-18,1.1512238232714016,2.8772721998120048,0.0,2.2927167028057682,5.999193700163731,0.007599686458204025,110.14783333010786,0.6626581456338114,110.81809116219988,112.90001777525133,-0.10252047933918702,0.0,1.151227776652473,1.048707297313286,1.0,0.00019701224292549552,0.0,4.242640687119285,0.2647227325721957,0.035039062570245125
1909,340.13148807200264,0.19634954084936207,-5.854691731421724e-18,0.14715640682236833,0.35989863822572143,-5.26109104198591e-17,0.10826227108316723,0.26147692387341737,2.498001805406602e-16,14.856156606098079,21.81378981168719,-2.6020852139652106e-18,1.1511196234161853,2.881873136200495,-5.551115123125783e-17,2.2906301247992573,5.993679360640644,0.007615360022671267,110.35269455245579,0.6625381937069101,111.02284810618536,113.10207261942448,-0.10310356895120702,0.0,1.141383211933224,1.038279642982017,1.0,0.00019701224292549552,0.0,4.242640687119285,0.2647227325721957,0.035039062570245125
1910,340.327837612852,0.19634954084936207,-5.204170427930421e-18,0.14779818423751226,0.3687765414890466,-5.21772295508649e-17,0.10747030483399908,0.25307830062586006,2.7755575615628914e-16,14.869934591656827,21.84257196382034,1.5612511283791264e-17,1.1510489876213303,2.885518630123843,0.0,2.2876826482938837,5.989926210525008,0.00762922163311124,110.55747738007616,0.6624568859520448,111.22756348766131,113.30306318642566,-0.10342180631390613,0.0,1.136344196840516,1.0329223905266098,1.0,0.00019622928702025988,0.0,4.242640687119285,0.2654773848134299,0.03523912092368898
1911,340.5241871537014,0.19634954084936207,-5.421010862427522e-18,0.1480995751998003,0.3744262219731027,-5.288196096298048e-17,0.10711000601661076,0.24054154104618108,2.220446049250313e-16,14.883702005007247,21.86536120279624,2.42861286636753e-17,1.1510360421457808,2.887907386518465,0.0,2.2843037907869572,5.988548710549422,0.007636138471825577,110.76229268692835,0.6624419851593117,111.43237081055949,113.50368462404177,-0.10323714818117959,0.0,1.134271351895324,1.0310342037141444,1.0,0.00019622928702025988,0.0,4.242640687119285,0.2654773848134299,0.03523912092368898
1913,340.91688623540017,0.19634954084936207,-5.421010862427522e-18,0.14763222345965138,0.38039043735621614,-5.244828009398628e-17,0.10770064077358422,0.2349355417236234,8.326672684688674e-17,14.911220128798622,21.89432010460145,-3.469446951953614e-18,1.151184099556366,2.8882351269369866,5.551115123125783e-17,2.278456493580528,5.993661502121094,0.007623671959838077,111.1722428647446,0.6626124155357007,111.84247895224014,113.90675964592346,-0.10335372767119817,0.0,1.138993457453732,1.0356397297825337,1.0,0.00019622928702025988,0.0,4.242640687119285,0.2654773848134299,0.03523912092368898
1914,341.11323577624955,0.19634954084936207,-4.7704895589362195e-18,0.1469505877284438,0.3777241406593391,-5.250249020261055e-17,0.10858161151801077,0.24296278291665235,1.3877787807814457e-16,14.92498930224977,21.909523444277603,1.9081958235744878e-17,1.151328360036218,2.886215742953012,1.1102230246251565e-16,2.2770567296486806,5.9998415181579245,0.0076123618416422695,111.37765283613506,0.6627784963118435,112.04804369428854,114.11076877511073,-0.10324299280384078,0.0,1.1513227553859573,1.0480797625821165,1.0,0.00019622928702025988,0.0,4.242640687119285,0.2654773848134299,0.03523912092368898
1915,341.30958531709894,0.19634954084936207,-4.7704895589362195e-18,0.14608867692816702,0.37545817411029536,-5.2123019442240626e-17,0.10974737340216036,0.2515042121078208,-2.7755575615628914e-17,14.938775221562997,21.932595740862265,-2.0816681711721685e-17,1.1515052869978584,2.882864664448133,-5.551115123125783e-17,2.2771728518445142,6.007961801169149,0.0076065198162337195,111.58350256019223,0.6629822129920102,112.25409129300047,114.31716287923045,-0.1030421253055849,0.0,1.1631432732993452,1.0601011479937603,1.0,0.00019622928702025988,0.0,4.242640687119285,0.2654773848134299,0.03523912092368898
1916,341.5059348579483,0.19634954084936207,-4.336808689942018e-18,0.14517182517766053,0.3823360701341852,-5.2475385148298415e-17,0.11104702994090249,0.26049051394687767,1.3877787807814457e-16,14.952580769040797,21.954637083802925,1.734723475976807e-18,1.1517098590898638,2.880437254215104,-5.551115123125783e-17,2.2789263618079953,6.0176425750733475,0.0076101009743727265,111.78983582734435,0.6632177997623969,112.46066372808112,114.52612797573022,-0.10277920431502055,0.0,1.1758583287935094,1.0730791244784887,1.0,0.00019622928702025988,0.0,4.242640687119285,0.2654773848134299,0.03523912092368898
1918,341.8986339396471,0.19634954084936207,-4.119968255444917e-18,0.14374243198198913,0.3858856614570227,-5.263801547417124e-17,0.11319071374809182,0.26535748581179275,1.942890293094024e-16,14.980239615785427,21.99109453794044,0.0,1.1522128762855877,2.8871223883208668,0.0,2.2866654559689152,6.040623935933127,0.007636889170528072,112.20378947317354,0.6637972561391534,112.87522361848322,114.9508073796532,-0.10234566618639337,0.0,1.1924998310043649,1.0901541648179716,1.0,0.00019622928702025988,0.0,4.242640687119285,0.2654773848134299,0.03523912092368898
1919,342.09498348049647,0.19634954084936207,-3.686287386450715e-18,0.14348044886986597,0.3824099224379054,-5.3044591288853304e-17,0.11361936693677784,0.26249978916672906,5.551115123125783e-17,14.994079031765871,22.00370290081965,-5.204170427930421e-18,1.15252108961368,2.889949467803069,0.0,2.291784431128346,6.053625253470165,0.007648324328825479,112.41120300542048,0.6641524310021518,113.08300376075145,115.16527067901941,-0.10195628684723178,0.0,1.2029002146160304,1.1009439277687987,1.0,0.00019622928702025988,0.0,4.242640687119285,0.2654773848134299,0.03523912092368898
1920,342.29133302134585,0.19634954084936207,-8.023096076392733e-18,0.14360792003858247,0.38182781284722617,-5.274643569141979e-17,0.11347262543715775,0.2649256111544628,5.551115123125783e-17,15.007914403159202,22.0173836569461,-1.734723475976807e-18,1.1528631267910094,2.8968179348044383,-5.551115123125783e-17,2.296917517130661,6.067463242877147,0.0076523857130386735,112.61874736627668,0.6645466945571716,113.2909464465469,115.37996726283953,-0.10177056255666782,0.0,1.2039466535684125,1.1021760910117446,1.0,0.00019415709126105232,0.0,4.242640687119285,0.25579511386689685,0.032715570139089364
1922,342.6840321030446,0.19634954084936207,-4.553649124439119e-18,0.14485989479713152,0.37774552546785856,-5.2394069985362e-17,0.1117424041446131,0.26181086350546656,-5.551115123125783e-17,15.035579465569548,22.058976115185366,2.168404344971009e-17,1.1535672686209706,2.910302217795343,0.0,2.304699658303622,6.096651175968248,0.007641984113316114,113.03432493272831,0.6653587216168233,113.70732563845846,115.80682729912118,-0.10058268221626646,0.0,1.1963571249616405,1.095774442745374,1.0,0.00019415709126105232,0.0,4.242640687119285,0.25579511386689685,0.032715570139089364
1923,342.880381643894,0.19634954084936207,-5.854691731421724e-18,0.14574328334851447,0.37776785344715974,-5.206880933361635e-17,0.11052030941823537,0.25926207138147594,2.7755575615628914e-17,15.049397533834872,22.087286243554857,-2.6020852139652106e-18,1.153831707189987,2.9120026917991604,-1.1102230246251565e-16,2.3063834215867502,6.110870345805874,0.007633237516002462,113.24218306569753,0.6656638042584802,113.91548010747202,116.01738312332049,-0.10062329798290226,0.0,1.1819357900099634,1.0813124920270611,1.0,0.00019415709126105232,0.0,4.242640687119285,0.25579511386689685,0.032715570139089364
1924,343.0767311847434,0.19634954084936207,-5.421010862427522e-18,0.14659416386414775,0.3896658746744185,-5.2583805365546965e-17,0.10932983722918979,0.25436402382974255,1.3877787807814457e-16,15.063212732686992,22.10468998011362,7.806255641895632e-18,1.153969038007196,2.909793046523661,0.0,2.3063403301521856,6.123836526957278,0.0076230059483337565,113.45018891509176,0.6658222703396268,114.12363419137972,116.22564200571071,-0.10073164920119589,0.0,1.1704468507778887,1.0697152015766929,1.0,0.00019415709126105232,0.0,4.242640687119285,0.25579511386689685,0.032715570139089364
1925,343.27308072559276,0.19634954084936207,-5.854691731421724e-18,0.14727779195927923,0.39952227957441244,-5.2475385148298415e-17,0.10831708526080976,0.2507484500976418,1.3877787807814457e-16,15.077032141348178,22.11925545891278,4.336808689942018e-17,1.1539397526074855,2.9035422242856064,-5.551115123125783e-17,2.304701345260558,6.13468808278879,0.007608293707763034,113.65844909562297,0.6657884763239122,114.33184586565464,116.43177938050695,-0.10088099813975754,0.0,1.159852289051654,1.0589712909118965,1.0,0.00019415709126105232,0.0,4.242640687119285,0.25579511386689685,0.032715570139089364
1927,343.6657798072915,0.19634954084936207,-5.637851296924623e-18,0.14781886786431966,0.41105172777868826,-5.2339859876737727e-17,0.10714651830221907,0.23467071028084677,3.3306690738754696e-16,15.104703558196729,22.139056013636047,5.204170427930421e-18,1.153363668047232,2.908574308820088,5.551115123125783e-17,2.298155387713801,6.147033801639148,0.007554711431088101,114.07603479050044,0.6651238753856827,114.74871337731722,116.83984716294394,-0.10114142643018764,0.0,1.1493856624757592,1.0482442360455715,1.0,0.00019415709126105232,0.0,4.242640687119285,0.25579511386689685,0.032715570139089364
1928,343.8621293481409,0.19634954084936207,-4.7704895589362195e-18,0.14762626456691352,0.4119319173953494,-5.252959525692269e-17,0.1070983668424105,0.22582868942946255,1.1102230246251565e-16,15.118556412239412,22.154792510575486,-5.204170427930421e-18,1.1528952927744032,2.905414125510113,-1.1102230246251565e-16,2.2942583728099826,6.147614923444863,0.007519831286837768,114.28537399503273,0.6645837780506882,114.95747760437025,117.04323918234726,-0.10139560997203943,0.0,1.146262148374222,1.0448665384021825,1.0,0.00019415709126105232,0.0,4.242640687119285,0.25579511386689685,0.032715570139089364
1929,344.0584788889903,0.19634954084936207,-3.469446951953614e-18,0.14715143982738615,0.4082438804512657,-5.266512052848338e-17,0.1074719705430339,0.2231920590686564,5.551115123125783e-17,15.13241469752728,22.179147560800892,-1.734723475976807e-18,1.1524069497177833,2.896888541596705,0.0,2.290619159562674,6.144431762446768,0.007488997963096816,114.4949872889698,0.6640208888789227,115.16649717581181,117.24719082091276,-0.1015383829106013,0.0,1.1491436385012328,1.0476052555906314,1.0,0.00019415709126105232,0.0,4.242640687119285,0.25579511386689685,0.032715570139089364
1930,344.2548284298397,0.19634954084936207,-6.7220534694101275e-18,0.14644838905958246,0.40020668241874857,-5.296327612591689e-17,0.10827191853109026,0.2282648578572198,1.1102230246251565e-16,15.146270882204725,22.21853103700259,0.0,1.151987024449659,2.88337920244074,5.551115123125783e-17,2.2876478002520244,6.1379293361264855,0.007469863019275589,114.70476081856134,0.6635370522501898,115.37576773383081,117.45230454974039,-0.1016518062580155,0.0,1.155056231761583,1.0534044255035675,1.0,0.00019380153356282487,0.0,4.242640687119285,0.2644565215045501,0.03496862588314329
1932,344.64752751153844,0.19634954084936207,-6.7220534694101275e-18,0.14469561674587894,0.37842484636878715,-5.252959525692269e-17,0.11073532031706491,0.2512475970399464,8.326672684688674e-17,15.173954410494241,22.278074687051994,-8.673617379884035e-19,1.1516212994048936,2.844064461374183,0.0,2.2846853641465144,6.118337501244121,0.007473580009675751,115.12444622587881,0.6631158086215075,115.79503561451,117.86749397068074,-0.10158473629573132,0.0,1.167449392136128,1.0658646558403966,1.0,0.00019380153356282487,0.0,4.242640687119285,0.2644565215045501,0.03496862588314329
1933,344.8438770523878,0.19634954084936207,-4.553649124439119e-18,0.14387018198293447,0.36442659869404015,-5.2339859876737727e-17,0.11197751090143819,0.26645330343905727,2.220446049250313e-16,15.18777365969515,22.2952994344826,1.3877787807814457e-17,1.1517160494868581,2.8200215984188173,0.0,2.284765337909799,6.107365894932662,0.007486300283177094,115.3342343690649,0.6632249293228074,116.00494559867089,118.0776117433085,-0.1016785513294714,0.0,1.180280734243653,1.0786021829141816,1.0,0.00019380153356282487,0.0,4.242640687119285,0.2644565215045501,0.03496862588314329
1934,345.0402265932372,0.19634954084936207,-4.119968255444917e-18,0.1432449804243591,0.3575212853123654,-5.2909066017292616e-17,0.11290341426402403,0.2774168014156397,8.326672684688674e-17,15.201580691645054,22.302868667623862,-5.204170427930421e-18,1.151953463345547,2.822693370289679,5.551115123125783e-17,2.285643173379668,6.0970599591820145,0.007496282336603257,115.54402776229786,0.6634983908569003,116.21502243549136,118.28904529967288,-0.10175002379200132,0.0,1.1870263479586003,1.085276324166599,1.0,0.00019380153356282487,0.0,4.242640687119285,0.2644565215045501,0.03496862588314329
1936,345.432925674936,0.19634954084936207,-6.7220534694101275e-18,0.14297026379300679,0.36517736794146516,-5.2800645800044066e-17,0.11322446351345253,0.27969575128929436,0.0,15.22918514883404,22.32793870982644,-3.469446951953614e-18,1.1525491761352016,2.861107142420341,-1.1102230246251565e-16,2.288267855235575,6.081787222782699,0.007496608901963827,115.96404014873362,0.6641848017049661,116.63572155934054,118.71367220091771,-0.10191368238544325,0.0,1.1917161184795289,1.0898024360940857,1.0,0.00019380153356282487,0.0,4.242640687119285,0.2644565215045501,0.03496862588314329
1937,345.62927521578536,0.19634954084936207,-6.071532165918825e-18,0.14337305208779816,0.3666278970750846,-5.2394069985362e-17,0.1126054244237034,0.274981195164288,1.6653345369377348e-16,15.24299757778025,22.34284825990999,-2.42861286636753e-17,1.152744045707598,2.873953816177358,-5.551115123125783e-17,2.28918782725932,6.077778766442487,0.007491502897368643,116.17448757810722,0.6644094174571599,116.84638849846175,118.92570076120641,-0.10214631478941463,0.0,1.190609083476053,1.0884627686866384,1.0,0.00019380153356282487,0.0,4.242640687119285,0.2644565215045501,0.03496862588314329
1938,345.82562475663474,0.19634954084936207,-5.637851296924623e-18,0.14406175928221568,0.36617592097956275,-5.250249020261055e-17,0.11161369585407284,0.2644882908922098,1.1102230246251565e-16,15.256823672542478,22.351015151676375,3.2959746043559335e-17,1.152795366253172,2.8813213688396537,-1.1102230246251565e-16,2.2894475441012982,6.076334740795165,0.007487785716574113,116.38533428752628,0.6644685782273924,117.05729065147024,119.13698314513933,-0.1023364935713993,0.0,1.1870845806894492,1.08474808711805,1.0,0.00019380153356282487,0.0,4.242640687119285,0.2644565215045501,0.03496862588314329
1939,346.0219742974841,0.19634954084936207,-5.637851296924623e-18,0.14491604390086457,0.3641945547251575,-5.255670031123483e-17,0.11041977031329904,0.2606349555452879,2.7755575615628914e-17,15.270664061789947,22.355131426384848,1.0408340855860843e-17,1.1526938453207338,2.882755331145793,-5.551115123125783e-17,2.2889739902065775,6.0772763954475035,0.007486551064348045,116.5965904440215,0.6643515505201498,117.268428545606,119.34741861664357,-0.10253184306419066,0.0,1.1830291648012063,1.0804973217370157,1.0,0.00019380153356282487,0.0,4.242640687119285,0.2644565215045501,0.03496862588314329
1941,346.4146733791829,0.19634954084936207,-3.469446951953614e-18,0.14657156184308934,0.3601056307632539,-5.2692225582795515e-17,0.1081140411153485,0.25232373757627125,3.0531133177191805e-16,15.298377609934066,22.389474865529007,8.673617379884035e-19,1.1521974697630393,2.8684111956446667,0.0,2.2865136057393363,6.085110498525234,0.00748570205077141,117.02017874806596,0.6637795046641748,117.69144395478091,119.76682246613748,-0.1025160939059275,0.0,1.1792610346188908,1.0767449407129632,1.0,0.00019280694933932025,0.0,4.242640687119285,0.2596365568064061,0.03370557081514308
1942,346.61102292003227,0.19634954084936207,-6.288372600415926e-18,0.14714164295583837,0.3691125317772833,-5.244828009398628e-17,0.10730760208992232,0.2485467331620638,1.3877787807814457e-16,15.312237301304187,22.44272129344311,-6.938893903907228e-18,1.1519458553175868,2.8562545111269606,-5.551115123125783e-17,2.2851853621563043,6.091384434217931,0.00748477670099247,117.23230558572567,0.6634896267916833,117.90327998921835,119.97672909365166,-0.10240823796909104,0.0,1.1800859934587886,1.0776777554896975,1.0,0.00019280694933932025,0.0,4.242640687119285,0.2596365568064061,0.03370557081514308
1943,346.80737246088165,0.19634954084936207,-5.421010862427522e-18,0.14744291545479174,0.37596674786387085,-5.187907395343139e-17,0.10689772130758377,0.24361882618021333,3.0531133177191805e-16,15.326088540719915,22.499482483425254,2.0816681711721685e-17,1.1517889810808584,2.851796170834992,0.0,2.2842740911795922,6.098894812577233,0.007486711601531585,117.44449497899316,0.6633089284696407,118.11529061906434,120.18743474091524,-0.10242688425566474,0.0,1.1840703232035268,1.081643438947862,1.0,0.00019280694933932025,0.0,4.242640687119285,0.2596365568064061,0.03370557081514308
1944,347.00372200173103,0.19634954084936207,-7.37257477290143e-18,0.1474477162309918,0.38062631977055794,-5.209591438792849e-17,0.10695994621901037,0.23746097188364357,1.942890293094024e-16,15.339928539214226,22.54200884411257,-6.071532165918825e-18,1.1517724034641141,2.844780740155642,-5.551115123125783e-17,2.2840599145110656,6.107458392345448,0.007495407211606736,117.65670379409954,0.6632898346907508,118.3274890360019,120.39934988782328,-0.10237905974863143,0.0,1.1900662937430573,1.087687233994426,1.0,0.00019280694933932025,0.0,4.242640687119285,0.2596365568064061,0.03370557081514308
1946,347.3964210834298,0.19634954084936207,-4.9873299934333204e-18,0.1466065500346465,0.37781604141035274,-5.274643569141979e-17,0.1084499199130935,0.2390564816671551,1.942890293094024e-16,15.367583748866176,22.589319422650302,8.673617379884035e-18,1.152146364853853,2.840227796316655,0.0,2.2861666517561323,6.127050338403907,0.0075348887425697375,118.0813151392079,0.663720623022974,118.75257065097344,120.82746192308892,-0.10220560037649414,0.0,1.2006397092864352,1.098434108909941,1.0,0.00019280694933932025,0.0,4.242640687119285,0.2596365568064061,0.03370557081514308
1947,347.5927706242792,0.19634954084936207,-5.204170427930421e-18,0.1458486020631502,0.3764452983564534,-5.242117503967414e-17,0.10964995311138862,0.2458640250664012,2.7755575615628914e-16,15.381411094790417,22.602932363650456,-5.204170427930421e-18,1.1524392373209733,2.8361346454813354,0.0,2.2883181105805424,6.137641291256919,0.007555668484763486,118.2939036334709,0.6640580978584734,118.96551739981415,121.04340343697953,-0.10198598074221243,0.0,1.2099235747111639,1.1079375939689515,1.0,0.00019280694933932025,0.0,4.242640687119285,0.2596365568064061,0.03370557081514308
1948,347.78912016512857,0.19634954084936207,-3.903127820947816e-18,0.14497294088534682,0.38371380436720315,-5.263801547417124e-17,0.11090495803302275,0.25168771838725973,3.608224830031759e-16,15.395247503411875,22.61685745817472,1.214306433183765e-17,1.1527050308622742,2.8277894020846777,-5.551115123125783e-17,2.2908399984294063,6.1483574763489885,0.007566612726078196,118.50682284565478,0.6643644440875982,119.17875390246846,121.26006427912515,-0.10185541304925805,0.0,1.213453003115613,1.111597590066355,1.0,0.00019280694933932025,0.0,4.242640687119285,0.2596365568064061,0.03370557081514308
1950,348.18181924682733,0.19634954084936207,-5.637851296924623e-18,0.14334710858426078,0.38458293839678326,-5.254314778407876e-17,0.1128141428056652,0.26541879328827034,1.942890293094024e-16,15.422960555772827,22.626676625713042,6.938893903907228e-18,1.1529089819378049,2.79966490020519,5.551115123125783e-17,2.295316172432604,6.168440337404685,0.007542518718134433,118.93385615246217,0.6645995603164326,119.60599823149674,121.69308640129948,-0.10176674136212867,0.0,1.2127138026127746,1.110947061250646,1.0,0.00019123268291396082,0.0,4.242640687119285,0.2543906356524218,0.032357297753821616
1951,348.3781687876767,0.19634954084936207,-4.336808689942018e-18,0.14285333093485808,0.3784239251467847,-5.2583805365546965e-17,0.11319563159891806,0.27243769482767705,1.1102230246251565e-16,15.436842751589692,22.634627391678936,1.9081958235744878e-17,1.15280354078925,2.7814704733953586,0.0,2.296428846925833,6.176801158915618,0.0075119906363322175,119.1480570686536,0.664478001828116,119.82004706111805,121.9083931341743,-0.10100980068467669,0.0,1.2059652516821242,1.1049554509974475,1.0,0.00019123268291396082,0.0,4.242640687119285,0.2543906356524218,0.032357297753821616
1952,348.5745183285261,0.19634954084936207,-5.421010862427522e-18,0.1427028642416071,0.37355768150919455,-5.2800645800044066e-17,0.11311193731682696,0.27268531958311637,8.326672684688674e-17,15.450726976597947,22.64356881755003,-1.734723475976807e-17,1.1525777433079585,2.7619434512874745,-1.1102230246251565e-16,2.296375288518862,6.183200426600767,0.007477664830378936,119.36248205268572,0.6642177271844332,120.03417744470053,122.12219682762944,-0.10118511192061476,0.0,1.1986483974281992,1.0974632855075843,1.0,0.00019123268291396082,0.0,4.242640687119285,0.2543906356524218,0.032357297753821616
1953,348.7708678693755,0.19634954084936207,-5.637851296924623e-18,0.1429247496592223,0.3707285103993963,-5.3044591288853304e-17,0.11257857861952661,0.268200812530816,8.326672684688674e-17,15.464604838135076,22.64500375279546,3.469446951953614e-18,1.1522807971971314,2.7423480506766715,0.0,2.29507488817478,6.187049632238173,0.007445689778633085,119.57700139983538,0.6638755177946283,120.24832260740864,122.33438768563246,-0.10144380605396366,0.0,1.1908273252024986,1.0893835191485348,1.0,0.00019123268291396082,0.0,4.242640687119285,0.2543906356524218,0.032357297753821616
1955,349.16356695107424,0.19634954084936207,-3.686287386450715e-18,0.1442668749908737,0.37997369048333374,-5.2014599224992075e-17,0.11050855221287297,0.2608993182317455,3.3306690738754696e-16,15.49231678631478,22.665881442025114,2.0816681711721685e-17,1.1516991971532515,2.722195543276269,0.0,2.2894820656054167,6.185493055415588,0.007400698101272538,120.00593970376532,0.6632055203617218,120.67654592222833,122.75501803734682,-0.1019451384877797,0.0,1.1818528232750727,1.079907684787293,1.0,0.00019123268291396082,0.0,4.242640687119285,0.2543906356524218,0.032357297753821616
1956,349.3599164919236,0.19634954084936207,-4.336808689942018e-18,0.1451573307836952,0.39059779180955956,-5.252959525692269e-17,0.10926822200129256,0.2541101767232216,1.6653345369377348e-16,15.506148057050876,22.67520513639377,1.3877787807814457e-17,1.1515007460764155,2.725859650286581,5.551115123125783e-17,2.285998705017342,6.180034368886348,0.007389711602818776,120.22031378359131,0.6629769841072707,120.8906804793014,122.96462078483071,-0.10247843496611574,0.0,1.1786915326145557,1.07621309764844,1.0,0.00019123268291396082,0.0,4.242640687119285,0.2543906356524218,0.032357297753821616
1957,349.556266032773,0.19634954084936207,-4.9873299934333204e-18,0.14601629746594155,0.39823192776986394,-5.228564976811345e-17,0.108141310480883,0.24371314642016179,1.6653345369377348e-16,15.51996817615692,22.680772783387127,1.3877787807814457e-17,1.1513879650176324,2.7274530989941144,5.551115123125783e-17,2.282747224720389,6.172127235331468,0.007388307033192245,120.43470609446177,0.6628471229937224,121.1049415244887,123.17474106831393,-0.10279167058040634,0.0,1.1815202566630552,1.0787285860826488,1.0,0.00019123268291396082,0.0,4.242640687119285,0.2543906356524218,0.032357297753821616
1958,349.7526155736224,0.19634954084936207,-6.7220534694101275e-18,0.1467302984425893,0.40502946370504855,-5.2014599224992075e-17,0.10731212933554272,0.23561136419517115,2.498001805406602e-16,15.533785104592404,22.681543393828964,5.204170427930421e-18,1.1513537182403288,2.7274383927717003,-5.551115123125783e-17,2.28023381326311,6.162849359679389,0.0073989510792393225,120.64923983782843,0.662807692252915,121.31944648116058,123.38611005906357,-0.10302748692033938,0.0,1.1879644916916359,1.0849370047712965,1.0,0.00019123268291396082,0.0,4.242640687119285,0.2543906356524218,0.032357297753821616
1960,350.14531465532116,0.19634954084936207,-5.421010862427522e-18,0.14743002653125162,0.40944551775570637,-5.2353412403893795e-17,0.10701291983319167,0.23497859157333756,2.7755575615628914e-16,15.561443201046833,22.69685723666856,-3.469446951953614e-18,1.1514373384749077,2.7290272278182037,0.0,2.278884347939639,6.146048359035181,0.007459486936252695,121.07925724970335,0.6629039722170893,121.7496207088567,123.81471942632054,-0.10316480737300222,0.0,1.2028116626666963,1.099646855293694,1.0,0.0001919876377991028,0.0,4.242640687119285,0.26810142119330194,0.03593918602293414
1961,350.34166419617054,0.19634954084936207,-5.637851296924623e-18,0.14734903702892152,0.40516777257033126,-5.2366964931049864e-17,0.10756833966680689,0.23376843273904258,1.1102230246251565e-16,15.575291254677229,22.730020274204502,-8.673617379884035e-18,1.1515085084089585,2.722477710125015,-1.1102230246251565e-16,2.2803324807712753,6.141494234715827,0.007502342301467988,121.29484883401247,0.6629859224691121,121.96533709878305,124.03230040142454,-0.10347113251396739,0.0,1.219615652498217,1.1161445199842495,1.0,0.0001919876377991028,0.0,4.242640687119285,0.26810142119330194,0.03593918602293414
1962,350.5380137370199,0.19634954084936207,-4.7704895589362195e-18,0.1469865578375145,0.39668717678769133,-5.255670031123483e-17,0.10847923917193222,0.245823163539925,2.498001805406602e-16,15.58915632644257,22.78221513357968,8.673617379884035e-18,1.1515837115720986,2.727815656933018,0.0,2.283034960186088,6.140987174330718,0.007543556048907368,121.51089748513216,0.6630725223790852,122.18151356356015,124.25189321588589,-0.10326300753715037,0.0,1.229545110631107,1.1262821030939567,1.0,0.0001919876377991028,0.0,4.242640687119285,0.26810142119330194,0.03593918602293414
1964,350.9307128187187,0.19634954084936207,-4.119968255444917e-18,0.14563669490209866,0.37497311975310743,-5.21772295508649e-17,0.11076023068495836,0.26752903062088296,2.7755575615628914e-16,15.616917782979662,22.873873858353257,1.0408340855860843e-17,1.1517368810148034,2.740852602206227,0.0,2.290469187987293,6.152522212745969,0.007592525779647298,121.9440605201732,0.6632489215448538,122.61490196749769,124.69463814634474,-0.10284149976025833,0.0,1.2381385566893457,1.1352970569290874,1.0,0.0001919876377991028,0.0,4.242640687119285,0.26810142119330194,0.03593918602293414
1965,351.1270623595681,0.19634954084936207,-4.553649124439119e-18,0.1448520007130364,0.36174903033771855,-5.2339859876737727e-17,0.1118124898590849,0.269341301373386,5.551115123125783e-17,15.630799339332588,22.906634692103324,-5.204170427930421e-18,1.1518125462475954,2.7557789796009686,5.551115123125783e-17,2.2940027933682563,6.162825673508895,0.007595834952260558,122.16094399324002,0.6633360708466844,122.83187589903896,124.91607315020059,-0.10242364410596463,0.0,1.2381388764091925,1.1357152323032278,1.0,0.0001919876377991028,0.0,4.242640687119285,0.26810142119330194,0.03593918602293414
1966,351.32341190041745,0.19634954084936207,-4.553649124439119e-18,0.14417460743057128,0.3675486967223562,-5.277354074573193e-17,0.11261479670069102,0.2761597622709586,1.3877787807814457e-16,15.644672588064447,22.9306575767746,-1.734723475976807e-18,1.1518744697340346,2.7759850206314174,5.551115123125783e-17,2.296589347299596,6.173955963709738,0.007589174873209943,122.37789019386753,0.6634073970125318,123.04888676575327,125.13636127290088,-0.10222562242397858,0.0,1.2322593926608008,1.1300337702368222,1.0,0.0001919876377991028,0.0,4.242640687119285,0.26810142119330194,0.03593918602293414
1967,351.51976144126684,0.19634954084936207,-4.553649124439119e-18,0.14373874712069412,0.3716287324345645,-5.2258544713801314e-17,0.11305170016994873,0.27745103699626295,1.942890293094024e-16,15.65853454978875,22.938152940553767,1.0408340855860843e-17,1.1518979076481295,2.796262979153326,0.0,2.2977587984253587,6.183918738951265,0.007577864893449577,122.59485212346397,0.6634343948220696,123.26586438317949,125.35481656185166,-0.10213749246900747,0.0,1.2230324698180275,1.12089497734902,1.0,0.0001919876377991028,0.0,4.242640687119285,0.26810142119330194,0.03593918602293414
1969,351.9124605229656,0.19634954084936207,-6.071532165918825e-18,0.14389835081779956,0.3738356542164762,-5.255670031123483e-17,0.11256366006074363,0.2636890740564986,3.885780586188048e-16,15.686232018829832,22.948035931015365,1.3877787807814457e-17,1.1516874417021183,2.8329649440974025,5.551115123125783e-17,2.2951491573731206,6.193557627280589,0.007553542275052489,123.02893747428107,0.663191981687185,123.6996829982433,125.78515658666994,-0.10227750137126931,0.0,1.206696347414219,1.1044188460429496,1.0,0.0001919876377991028,0.0,4.242640687119285,0.26810142119330194,0.03593918602293414
1970,352.108810063815,0.19634954084936207,-4.7704895589362195e-18,0.14446812648273813,0.3717259618921221,-5.2231439659489176e-17,0.11165876149528696,0.2619929536110226,1.6653345369377348e-16,15.700077960531393,22.958024840961198,-1.0408340855860843e-17,1.1513887524567903,2.8473504053634477,-5.551115123125783e-17,2.2916772919835564,6.191405053251126,0.007540287702201148,123.2462239833818,0.662848029642002,123.916612300726,125.99744222922813,-0.10268942073142906,0.0,1.192539643441786,1.089850222710357,1.0,0.00019072978179376874,0.0,4.242640687119285,0.25537640081235496,0.03260855304593629
1971,352.30515960466437,0.19634954084936207,-4.7704895589362195e-18,0.14523297153328324,0.3678315251397295,-5.307169634316544e-17,0.11045645216343183,0.25980414325463586,1.942890293094024e-16,15.713937142767831,22.98303181544985,1.734723475976807e-18,1.1509507934226684,2.85791883873681,-5.551115123125783e-17,2.2873330688415594,6.184826558721741,0.007524688285575755,123.46391026342917,0.6623438644401348,124.13377881615487,126.2087336739054,-0.10243797373567595,0.0,1.1871365530740698,1.0846985793383939,1.0,0.00019072978179376874,0.0,4.242640687119285,0.25537640081235496,0.03260855304593629
1972,352.50150914551375,0.19634954084936207,-4.9873299934333204e-18,0.14604532299670747,0.36276766515739456,-5.2827750854356204e-17,0.10915076313339406,0.2607180762745607,2.7755575615628914e-17,15.727804795953896,23.01264304115481,-1.214306433183765e-17,1.1503906719375112,2.863940350630055,-5.551115123125783e-17,2.2826789627730006,6.1750207934351415,0.0075071343648879475,123.68192184981518,0.6616993490404192,124.35112833322049,126.41969595897426,-0.10292402538668925,0.0,1.1858351813468708,1.0829111559601816,1.0,0.00019072978179376874,0.0,4.242640687119285,0.25537640081235496,0.03260855304593629
1974,352.8942082272125,0.19634954084936207,-2.3852447794681098e-18,0.147252909124996,0.369132013245431,-5.296327612591689e-17,0.10712268638119908,0.2540037856704202,5.551115123125783e-17,15.755558640781704,23.074223746530574,1.5612511283791264e-17,1.1491342709019599,2.8609101797770484,-1.6653345369377348e-16,2.2746691750829466,6.164930276868337,0.007475974110796792,124.11881404155548,0.6602547862806893,124.78654480194696,126.84381194936722,-0.10365795945068913,0.0,1.1918999163492696,1.0882419568985804,1.0,0.00019072978179376874,0.0,4.242640687119285,0.25537640081235496,0.03260855304593629
1975,353.0905577680619,0.19634954084936207,-4.7704895589362195e-18,0.14744874321084867,0.37622016218379095,-5.206880933361635e-17,0.10674971567132516,0.24801242444117297,-1.3877787807814457e-16,15.769434024667197,23.092607999817016,-3.469446951953614e-18,1.14859108590239,2.8519075996301066,-5.551115123125783e-17,2.2721763529557437,6.162769615762989,0.007466352332570798,124.33752472916572,0.6596307413072158,125.0046218228055,127.05820461642415,-0.10428876353081604,0.0,1.2041601279688354,1.0998713644380194,1.0,0.00019072978179376874,0.0,4.242640687119285,0.25537640081235496,0.03260855304593629
1976,353.2869073089113,0.19634954084936207,-4.553649124439119e-18,0.14730884548440717,0.3806098781852161,-5.294972359876082e-17,0.10689308366404404,0.24094034310751794,1.6653345369377348e-16,15.783299755431901,23.102191690399412,-1.734723475976807e-18,1.148198192992085,2.838471441015811,-5.551115123125783e-17,2.2710029914451315,6.157846935908608,0.007459359956071011,124.55627558490833,0.6591795451951448,125.22291449005955,127.27460677378592,-0.10458810842208074,0.0,1.2145483060403874,1.1099601976183067,1.0,0.00019072978179376874,0.0,4.242640687119285,0.25537640081235496,0.03260855304593629
1978,353.67960639061005,0.19634954084936207,-3.2526065174565133e-18,0.14607298572049698,0.37754077685809195,-5.275998821857586e-17,0.10845080043465477,0.24330862901348066,1.1102230246251565e-16,15.810988358248606,23.098387722624974,-1.0408340855860843e-17,1.1479768695411356,2.8028542860298047,0.0,2.2724467153315002,6.156010579252578,0.007436711661007679,124.9936764323365,0.6589254465007326,125.66003859049825,127.71324783698462,-0.10481908841375387,0.0,1.2295098954650279,1.124690807051274,1.0,0.00019072978179376874,0.0,4.242640687119285,0.25537640081235496,0.03260855304593629
1979,353.87595593145943,0.19634954084936207,-4.7704895589362195e-18,0.14510034495012822,0.3743384670831934,-5.2475385148298415e-17,0.10959380367529967,0.2528550558606003,2.498001805406602e-16,15.824813636594138,23.106800842563022,1.214306433183765e-17,1.14810761449238,2.792108691305303,5.551115123125783e-17,2.2745619737225833,6.170299895536275,0.007414954350483261,125.21236331646791,0.6590755472276918,125.87885381804608,127.93481005179605,-0.10484953030427903,0.0,1.2409362524812049,1.1360867221769257,1.0,0.00019072978179376874,0.0,4.242640687119285,0.25537640081235496,0.03260855304593629
1980,354.0723054723088,0.19634954084936207,-5.854691731421724e-18,0.14403838329648766,0.37899222221922213,-5.2800645800044066e-17,0.11077140103676647,0.25817524508453543,5.551115123125783e-17,15.83863374374556,23.12164950421065,-1.734723475976807e-17,1.1483159002437608,2.7802060836739453,0.0,2.277080339188732,6.1882966414848495,0.007387641682028131,125.43115943425776,0.6593147033763194,126.09786177931612,128.1571520978948,-0.10476804468721954,0.0,1.244895902716291,1.1401278580290715,1.0,0.0001895777798346596,0.0,4.242640687119285,0.25435740146700264,0.03234884384052297
1981,354.2686550131582,0.19634954084936207,-6.071532165918825e-18,0.14303733350559736,0.3798382606591458,-5.251604272976662e-17,0.11183303392878802,0.25905726977068816,2.498001805406602e-16,15.852463825045096,23.13223679749717,-6.938893903907228e-18,1.1485231303034795,2.7736275321033825,0.0,2.279573651292237,6.208103303089464,0.00736004258350765,125.6503046621817,0.659552690421052,126.31721739518626,128.37981321415708,-0.1040139534523373,0.0,1.2458448820108652,1.141830928558528,1.0,0.0001895777798346596,0.0,4.242640687119285,0.25435740146700264,0.03234884384052297
1983,354.66135409485696,0.19634954084936207,-4.7704895589362195e-18,0.14183560180686153,0.37529515866005725,-5.2258544713801314e-17,0.11306227269515143,0.26151481324047127,1.1102230246251565e-16,15.880160323518377,23.197913011042314,1.214306433183765e-17,1.1486356390039292,2.7502820734290285,0.0,2.283090561061854,6.244843257514486,0.007326518297346278,126.08974595032365,0.6596819155949823,126.75675438421598,128.8238119775136,-0.10381453753031114,0.0,1.2425151595854427,1.1387006220551315,1.0,0.0001895777798346596,0.0,4.242640687119285,0.25435740146700264,0.03234884384052297
1984,354.85770363570634,0.19634954084936207,-5.421010862427522e-18,0.14185562162187573,0.3758593184424375,-5.2800645800044066e-17,0.11302526774764511,0.26359104504324693,3.3306690738754696e-16,15.894033233323354,23.234674476253954,1.734723475976807e-18,1.1484721390307993,2.7312108782707645,-5.551115123125783e-17,2.2837827993688182,6.258396063289348,0.007325636601253181,126.31014621099366,0.6594941270649896,126.9769659746599,129.04468934789196,-0.10364522308426607,0.0,1.2368369337224676,1.1331917106382015,1.0,0.0001895777798346596,0.0,4.242640687119285,0.25435740146700264,0.03234884384052297
1985,355.0540531765557,0.19634954084936207,-3.469446951953614e-18,0.1423201680654842,0.3746215427102816,-5.323432666903827e-17,0.11250410861701556,0.26491105653028735,0.0,15.907920325770986,23.265640420253327,1.214306433183765e-17,1.1481792899823537,2.7093693279562974,-5.551115123125783e-17,2.2838146012322573,6.2674220148374165,0.007333247800765788,126.53096454553886,0.6591578409721909,127.19745563431182,129.26488194114046,-0.10357423175010078,0.0,1.233341707326809,1.1297674755767082,1.0,0.0001895777798346596,0.0,4.242640687119285,0.25435740146700264,0.03234884384052297
1986,355.2504027174051,0.19634954084936207,-3.469446951953614e-18,0.14314955423806391,0.37186596526974186,-5.323432666903827e-17,0.1115586135488861,0.26027666116255643,-1.1102230246251565e-16,15.921815595810903,23.29444303517459,8.673617379884035e-18,1.147811243203152,2.6944671663258783,0.0,2.283389431617719,6.271812517682811,0.007345694634325924,126.75210593350366,0.6587353250117826,127.41818695314976,129.4846664481959,-0.1035393492241102,0.0,1.2312188310867804,1.1276794818626703,1.0,0.0001895777798346596,0.0,4.242640687119285,0.25435740146700264,0.03234884384052297
1988,355.6431017991039,0.19634954084936207,-6.071532165918825e-18,0.14529937153047603,0.38429040626328625,-5.2258544713801314e-17,0.1090362562857121,0.24668978776471137,1.3877787807814457e-16,15.949600941137001,23.32598007275625,-5.204170427930421e-18,1.1471264553394906,2.676156962895098,0.0,2.28224199986697,6.269527281535833,0.007375228844455556,127.19488509075917,0.6579495522698724,127.8602098718735,129.9244891315517,-0.10354635874963322,0.0,1.2317358203522888,1.1281894616026555,1.0,0.0001895777798346596,0.0,4.242640687119285,0.25435740146700264,0.03234884384052297
1989,355.83945133995326,0.19634954084936207,-6.288372600415926e-18,0.14627893858958152,0.39323990689235344,-5.2719330637107653e-17,0.10789268361247929,0.23977213964026567,8.326672684688674e-17,15.963479692697682,23.342146467201935,1.734723475976807e-18,1.14691962732464,2.675821068302894,0.0,2.2819953000634614,6.265390824433528,0.007391023208561356,127.41634194958564,0.6577123157712454,128.08144528856545,130.1451832927049,-0.10359144718873275,0.0,1.2355654475129025,1.1319740003241698,1.0,0.0001895777798346596,0.0,4.242640687119285,0.25435740146700264,0.03234884384052297
1990,356.03580088080264,0.19634954084936207,-5.204170427930421e-18,0.14700447301783226,0.4001728337060845,-5.2366964931049864e-17,0.1070924496694122,0.2384475225001709,2.220446049250313e-16,15.977347239075604,23.361323118846606,-6.938893903907228e-18,1.1468258571534815,2.6811875117284907,0.0,2.2821413732179505,6.261180655058883,0.007406847319218435,127.63781239899842,0.6576047733179086,128.30282401963555,130.3666344897388,-0.10363485207594864,0.0,1.2393241509718798,1.135689298895931,1.0,0.000189642604969912,0.0,4.242640687119285,0.2610424232957976,0.03407157338007118
1992,356.4284999625014,0.19634954084936207,-4.553649124439119e-18,0.1473925306481016,0.40572761795195056,-5.334274688628682e-17,0.10687931040247797,0.22654441509478732,1.6653345369377348e-16,16.005064291638494,23.374269553518875,-5.204170427930421e-18,1.1468276818317003,2.6909677067352518,0.0,2.283396244596089,6.256717197462419,0.007428074940809074,128.0810414897408,0.6576068659077356,128.74607643058934,130.81143586715268,-0.10375164792595393,0.0,1.2441122124392132,1.1403605645132593,1.0,0.000189642604969912,0.0,4.242640687119285,0.2610424232957976,0.03407157338007118
1993,356.6248495033508,0.19634954084936207,-5.854691731421724e-18,0.14702648819983533,0.4017549771766229,-5.2231439659489176e-17,0.10743467201389337,0.2244192398860455,1.1102230246251565e-16,16.018926912350516,23.372436102204187,3.469446951953614e-18,1.1467913817041477,2.68889171929155,0.0,2.2840887430824037,6.257092364473232,0.007426674520270179,128.3030097116138,0.657565236575454,128.96800162270955,131.03417343357944,-0.10386513858193261,0.0,1.2458494651950787,1.141984326613146,1.0,0.000189642604969912,0.0,4.242640687119285,0.2610424232957976,0.03407157338007118
1994,356.82119904420017,0.19634954084936207,-6.071532165918825e-18,0.1463430265846863,0.3935617820829315,-5.328853677766254e-17,0.10831523406300314,0.23097846876155262,1.942890293094024e-16,16.032799293249223,23.403438047283654,2.6020852139652106e-17,1.14664106207579,2.682053623106864,5.551115123125783e-17,2.2843998185290437,6.258452046571375,0.007415744001110172,128.52532658880637,0.6573928626191478,129.19013519542665,131.2565183413876,-0.10398038625611117,0.0,1.2439738147798476,1.1399934285237365,1.0,0.000189642604969912,0.0,4.242640687119285,0.2610424232957976,0.03407157338007118
1995,357.01754858504955,0.19634954084936207,-4.336808689942018e-18,0.14543604084134315,0.38362711996153176,-5.244828009398628e-17,0.1093999873175569,0.24758593186877967,-2.7755575615628914e-17,16.04668267076641,23.43082542915228,3.469446951953614e-18,1.1463372673959684,2.670760609586448,-1.1102230246251565e-16,2.2839867772849547,6.259453426770934,0.007398599286470351,128.7480123681375,0.6570445653104279,129.41245553273438,131.47798090972415,-0.10414038265222306,0.0,1.239711843843042,1.1355714611908188,1.0,0.000189642604969912,0.0,4.242640687119285,0.2610424232957976,0.03407157338007118
1997,357.4102476667483,0.19634954084936207,-5.421010862427522e-18,0.1434991932481325,0.3583961727564862,-5.263801547417124e-17,0.11161987635067096,0.2661532059259038,1.942890293094024e-16,16.074467109276185,23.471534523109625,1.734723475976807e-17,1.1452926319006351,2.64734089172655,0.0,2.2800626959827284,6.25365944101943,0.007370191337608451,129.19424642360087,0.6558476063429417,129.85746422128142,131.91695701997966,-0.10449092802485797,0.0,1.230220664368589,1.1257297363437309,1.0,0.000189642604969912,0.0,4.242640687119285,0.2610424232957976,0.03407157338007118
1998,357.6065972075977,0.19634954084936207,-4.7704895589362195e-18,0.1427846403005221,0.3558414938877472,-5.3017486234541167e-17,0.11243876991294174,0.2706534321628752,1.942890293094024e-16,16.088353777272854,23.48372407520926,1.734723475976807e-18,1.1446456242658758,2.6436869793558557,-5.551115123125783e-17,2.276516239315074,6.2439587393094875,0.007368518825671105,129.41756363134485,0.6551068025755082,130.08003895274604,132.13442782604514,-0.10495578717852028,0.0,1.220665109759313,1.1157093225807928,1.0,0.000189642604969912,0.0,4.242640687119285,0.2610424232957976,0.03407157338007118
1999,357.8029467484471,0.19634954084936207,-5.204170427930421e-18,0.14242347962578614,0.35885581906929875,-5.242117503967414e-17,0.1128588084936939,0.27383854039438377,1.942890293094024e-16,16.102226921733315,23.497354399662232,-3.469446951953614e-18,1.1440076226209412,2.650820079506462,5.551115123125783e-17,2.272233717002779,6.2288625199488585,0.007375503221832317,129.64085591949666,0.6543767203074089,130.30260814302588,132.35100730079802,-0.10532927703286557,0.0,1.2166266453583683,1.1112973683255027,1.0,0.000189642604969912,0.0,4.242640687119285,0.2610424232957976,0.03407157338007118
2001,358.19564583014585,0.19634954084936207,-4.7704895589362195e-18,0.14295890647863838,0.36166619582491766,-5.3261431723350405e-17,0.1121954263884044,0.27176313483109654,1.942890293094024e-16,16.129928504052792,23.58379629665018,1.734723475976807e-18,1.1430064132365494,2.6664999134905765,-5.551115123125783e-17,2.263394574939239,6.195285720785408,0.007398171466016673,130.08729677292735,0.6532318303499406,130.7479267747433,132.7843564555966,-0.1055526032813441,0.0,1.2173354129634852,1.1117828096821412,1.0,0.00018829008225170092,0.0,4.242640687119285,0.251521340830821,0.03163149244666701
2002,358.39199537099523,0.19634954084936207,-4.7704895589362195e-18,0.14374892913574983,0.3613437690976357,-5.2719330637107653e-17,0.11119772061233035,0.26713239796112376,1.3877787807814457e-16,16.1437613348305,23.613866916077267,-6.938893903907228e-18,1.1427045912727276,2.6745449690625773,5.551115123125783e-17,2.2599179493093056,6.191147078410317,0.007405927883758153,130.31051501798413,0.6528868914578858,130.97080783732576,133.00264659593844,-0.10575307042547584,0.0,1.2255862473486392,1.1198331769231633,1.0,0.00018829008225170092,0.0,4.242640687119285,0.251521340830821,0.03163149244666701
2003,358.5883449118446,0.19634954084936207,-5.854691731421724e-18,0.14470347273038667,0.3599806955617927,-5.288196096298048e-17,0.10997471171938016,0.26012787764661577,3.0531133177191805e-16,16.157588334045908,23.635465878702917,-1.734723475976807e-18,1.1425277716952047,2.6800825775512065,-5.551115123125783e-17,2.2576781055979693,6.186562690438578,0.0074100377546938954,130.53383038624816,0.6526848545474049,131.19392527855024,133.2228299487917,-0.10607202824851363,0.0,1.2353593882910867,1.129287360042573,1.0,0.00018829008225170092,0.0,4.242640687119285,0.251521340830821,0.03163149244666701
2004,358.784694452694,0.19634954084936207,-6.7220534694101275e-18,0.14565017859781298,0.35773149651758285,-5.228564976811345e-17,0.10875604002635439,0.25622319013322664,8.326672684688674e-17,16.171418183216193,23.651856602818718,6.938893903907228e-18,1.142444482427866,2.6839701059106975,0.0,2.256944324752801,6.182025561842544,0.007412026612086789,130.7573830282277,0.652589697714937,131.41738475255474,133.44529982522883,-0.10630841772981303,0.0,1.247030718390977,1.140722300661164,1.0,0.00018829008225170092,0.0,4.242640687119285,0.251521340830821,0.03163149244666701
2006,359.17739353439276,0.19634954084936207,-3.0357660829594124e-18,0.14694794545870785,0.36822168747928763,-5.231275482242559e-17,0.1070959870073681,0.25033576907419264,5.551115123125783e-17,16.199114086355625,23.727744678065648,1.0408340855860843e-17,1.1424009989013875,2.6906951168656676,-5.551115123125783e-17,2.260091879297114,6.174727624502126,0.007412704526764067,131.20564859138264,0.652540021145444,131.86560131705485,133.8973054699738,-0.10646171152237191,0.0,1.2648979243998466,1.1584362128774748,1.0,0.00018829008225170092,0.0,4.242640687119285,0.251521340830821,0.03163149244666701
2007,359.37374307524215,0.19634954084936207,-4.553649124439119e-18,0.14713482254979504,0.37485769521254253,-5.231275482242559e-17,0.10684494284086726,0.2482904869576137,3.0531133177191805e-16,16.212985575802122,23.77174805862156,8.673617379884035e-18,1.1423786337601114,2.6958189131206396,-5.551115123125783e-17,2.2635356958137036,6.177964225866677,0.007408988369636736,131.43045064058387,0.6525144714358093,132.0903741003893,134.12625891030524,-0.10641086659935585,0.0,1.2796843539293667,1.1732734873300108,1.0,0.00018829008225170092,0.0,4.242640687119285,0.251521340830821,0.03163149244666701
2008,359.57009261609153,0.19634954084936207,-6.7220534694101275e-18,0.14699181658870983,0.37968945621842703,-5.255670031123483e-17,0.10698645951637219,0.2442456631040816,1.3877787807814457e-16,16.22686973197969,23.806059296012265,-1.734723475976807e-17,1.142336894308375,2.708436369996947,-5.551115123125783e-17,2.2676558596017067,6.1860916647790605,0.007400766076131387,131.65565064931926,0.6524667900490517,132.31551820544445,134.3563960318417,-0.10626170735456245,0.0,1.2855162457285267,1.1792545383739643,1.0,0.00018829008225170092,0.0,4.242640687119285,0.251521340830821,0.03163149244666701
2009,359.7664421569409,0.19634954084936207,-2.6020852139652106e-18,0.14655588052705207,0.38048778180260434,-5.318011656041399e-17,0.10748082432913761,0.24250772273047172,-2.7755575615628914e-17,16.24076039824942,23.831419802472425,1.734723475976807e-17,1.1422766336808161,2.721308936728309,-1.1102230246251565e-16,2.271882535650385,6.193717663479864,0.007389609357074011,131.8811491566733,0.6523979539265887,132.54093671995696,134.5869262429478,-0.10605618880608728,0.0,1.2873335925290283,1.181277403722941,1.0,0.00018829008225170092,0.0,4.242640687119285,0.251521340830821,0.03163149244666701
2011,360.1591412386397,0.19634954084936207,-6.071532165918825e-18,0.14510004819072528,0.37467954527713243,-5.266512052848338e-17,0.10930912967249012,0.24857385516098943,0.0,16.268538877366115,23.85835246509118,1.734723475976807e-18,1.1421168972063371,2.7458425820455865,1.1102230246251565e-16,2.27832456952612,6.222683523251758,0.007378616401778356,132.3326786021863,0.6522155034421155,132.99227272203018,135.04599419338103,-0.10547807120647405,0.0,1.2818337588468718,1.1763556876403978,1.0,0.00018743336922202574,0.0,4.242640687119285,0.25299156516597193,0.03200236602256411
2012,360.35549077948906,0.19634954084936207,-4.336808689942018e-18,0.1442841639589855,0.38246327105435596,-5.2936171071604754e-17,0.11045974341977101,0.2540393571558352,1.1102230246251565e-16,16.28241726099864,23.859911050898752,1.0408340855860843e-17,1.1420037432412384,2.7563084014313,5.551115123125783e-17,2.2796145755766166,6.246397038795483,0.007388578852222946,132.5585559306332,0.6520862747885002,133.2180307842739,135.27321056462137,-0.10496308985942619,0.0,1.269777809518744,1.1648147196593177,1.0,0.00018743336922202574,0.0,4.242640687119285,0.25299156516597193,0.03200236602256411
2013,360.55184032033844,0.19634954084936207,-4.119968255444917e-18,0.14357062049437264,0.38652963106951205,-5.274643569141979e-17,0.11156200351813148,0.26264144073569967,3.0531133177191805e-16,16.29628590816278,23.8521179877868,1.734723475976807e-18,1.1418373195862073,2.7646908426924455,-5.551115123125783e-17,2.279318155369371,6.265617062314561,0.007409295618378772,132.78446720029237,0.6518962321999073,133.44377272811064,135.4983975987276,-0.10487410866209472,0.0,1.2595689087123938,1.154694800050299,1.0,0.00018743336922202574,0.0,4.242640687119285,0.25299156516597193,0.03200236602256411
2015,360.9445394020372,0.19634954084936207,-6.071532165918825e-18,0.1428960809648342,0.3832158919802654,-5.307169634316544e-17,0.11284051942973271,0.26744558100403876,2.498001805406602e-16,16.324010675197506,23.814512087816038,1.214306433183765e-17,1.141215470635198,2.7726663615224396,-5.551115123125783e-17,2.2744936763644548,6.287609533307217,0.007457644475175903,133.236662261981,0.651186375208558,133.89530628166474,135.9432894575052,-0.10495172852544339,0.0,1.2459435211450272,1.1409917926195838,1.0,0.00018743336922202574,0.0,4.242640687119285,0.25299156516597193,0.03200236602256411
2016,361.1408889428866,0.19634954084936207,-5.204170427930421e-18,0.14306029739865014,0.38072885041541493,-5.2583805365546965e-17,0.11273369543195542,0.27048841516092903,1.3877787807814457e-16,16.33787787780788,23.813020619252377,8.673617379884035e-18,1.1407161268373198,2.7712004398278247,0.0,2.270723729288572,6.291017886941385,0.007470201826218175,133.46312677508203,0.6506166410133682,134.1212136179216,136.1640005477187,-0.10526045688913249,0.0,1.2375329270984863,1.1322724702093538,1.0,0.00018743336922202574,0.0,4.242640687119285,0.25299156516597193,0.03200236602256411
2017,361.337238483736,0.19634954084936207,-3.686287386450715e-18,0.14353933585505607,0.3803024996075548,-5.242117503967414e-17,0.11210808700686498,0.27196068136424545,1.942890293094024e-16,16.351753478512833,23.83986922489156,5.204170427930421e-18,1.1400979929821111,2.7656423532751058,0.0,2.2667388872203396,6.290840428473515,0.0074697821296294065,133.68992091102828,0.649911716800919,134.34730240995881,136.3845025261257,-0.10560494782900395,0.0,1.2367741217628565,1.1311691739338525,1.0,0.00018743336922202574,0.0,4.242640687119285,0.25299156516597193,0.03200236602256411
2018,361.53358802458536,0.19634954084936207,-5.421010862427522e-18,0.14423969476703255,0.3781000883076801,-5.296327612591689e-17,0.11109032086924642,0.267683380521795,1.6653345369377348e-16,16.365637433647954,23.865143316749872,1.214306433183765e-17,1.1394012243988176,2.755916470369745,0.0,2.2630687301589965,6.288562073814343,0.007457733464169519,133.91704430480956,0.6491175750807621,134.5736196133545,136.6055368093396,-0.10602092652283927,0.0,1.2397843428869848,1.1337634163641455,1.0,0.00018743336922202574,0.0,4.242640687119285,0.25299156516597193,0.03200236602256411
2020,361.9262871062841,0.19634954084936207,-6.071532165918825e-18,0.1457679812216037,0.38941127786118424,-5.331564183197468e-17,0.10869550399242621,0.2483489957854761,5.551115123125783e-17,16.39341356379375,23.939215057562787,-1.734723475976807e-17,1.138034098577315,2.7250255072248644,5.551115123125783e-17,2.2583217298546225,6.283168547575228,0.007412948988505873,134.37200413678846,0.6475608047623409,135.0269778905393,137.0515432948957,-0.10669016653337049,0.0,1.2502068521699212,1.1435166856365506,1.0,0.0001873257367626066,0.0,4.242640687119285,0.25690991288196824,0.03300135166851026
2021,362.1226366471335,0.19634954084936207,-6.5052130349130266e-18,0.14633990473279912,0.3972136675134452,-5.242117503967414e-17,0.1077095403815724,0.2426700470916253,1.942890293094024e-16,16.407293661177437,23.976854468261706,-1.3877787807814457e-17,1.1375015118419847,2.7051401236379045,0.0,2.257678289366071,6.281891485137602,0.007384967742333551,134.59964264205666,0.6469548447214002,135.25398245452038,137.27715733897602,-0.10724031159540104,0.0,1.2637478690439352,1.1565075574485342,1.0,0.0001873257367626066,0.0,4.242640687119285,0.25690991288196824,0.03300135166851026
2022,362.3189861879829,0.19634954084936207,-3.686287386450715e-18,0.1466672755018862,0.40271891151367084,-5.252959525692269e-17,0.10703625433150643,0.24240181678078193,1.6653345369377348e-16,16.421160648818965,24.0085316291797,-8.673617379884035e-18,1.1371301362541535,2.6836190606676262,5.551115123125783e-17,2.258156701609924,6.281941375700074,0.007354024415313209,134.8272585271602,0.6465324733886948,135.48114502496423,137.5044808543899,-0.10755133856027693,0.0,1.2725950844418372,1.1650437458815603,1.0,0.0001873257367626066,0.0,4.242640687119285,0.25690991288196824,0.03300135166851026
2023,362.51533572883227,0.19634954084936207,-3.903127820947816e-18,0.1467152620992638,0.40653016500004135,-5.2123019442240626e-17,0.10673308194310965,0.24170221262641126,2.7755575615628914e-17,16.435012645074952,24.034768687664855,-2.0816681711721685e-17,1.1369229160929153,2.6617383732923634,0.0,2.2594967500979695,6.282975669347243,0.007321113649673761,135.0548203218868,0.6462968585686091,135.7084382941051,137.73317305487362,-0.10776115398503319,0.0,1.2796601703491142,1.171899016364081,1.0,0.0001873257367626066,0.0,4.242640687119285,0.25690991288196824,0.03300135166851026
2025,362.90803481053103,0.19634954084936207,-6.071532165918825e-18,0.14600720309717652,0.40085050533984945,-5.274643569141979e-17,0.10730305316243632,0.23200454977278379,8.326672684688674e-17,16.462683627161486,24.072060971081285,1.9081958235744878e-17,1.1368284375697937,2.6478981692411088,-1.1102230246251565e-16,2.2630973411654245,6.284905553594257,0.007264286601517985,135.50997610400543,0.646189448233689,136.16342983884064,138.19245387248364,-0.10786186398621352,0.0,1.2845614811171473,1.1766996171309339,1.0,0.0001873257367626066,0.0,4.242640687119285,0.25690991288196824,0.03300135166851026
2026,363.1043843513804,0.19634954084936207,-4.7704895589362195e-18,0.14533311103269766,0.3917038424150475,-5.2014599224992075e-17,0.10813721687495095,0.23252213492600224,5.551115123125783e-17,16.476516014400843,24.083117895335082,1.0408340855860843e-17,1.1367944597186623,2.648435359210242,-1.1102230246251565e-16,2.264465033857613,6.283955897924715,0.007250550784021396,135.7377899864038,0.6461508218235226,136.39119135901134,138.4218486910171,-0.1077748316100795,0.0,1.2833378525929358,1.1755630209828563,1.0,0.0001873257367626066,0.0,4.242640687119285,0.25690991288196824,0.03300135166851026
2027,363.3007338922298,0.19634954084936207,-5.204170427930421e-18,0.14453822372194713,0.38124244309667177,-5.244828009398628e-17,0.10923183398953899,0.24292624969967036,1.1102230246251565e-16,16.490356674957667,24.100904471246274,-1.214306433183765e-17,1.1366666549178812,2.648036159323081,-5.551115123125783e-17,2.265088301385726,6.280704121353892,0.007250368335080668,135.96593163366046,0.6460055422011026,136.61918754419665,138.6504618399278,-0.10763042931124472,0.0,1.2793565445583968,1.171726115247152,1.0,0.0001873257367626066,0.0,4.242640687119285,0.25690991288196824,0.03300135166851026
2029,363.69343297392857,0.19634954084936207,-4.336808689942018e-18,0.14299516730898304,0.35477381519110907,-5.2394069985362e-17,0.11152706797631892,0.2546876727873525,3.0531133177191805e-16,16.518081890882694,24.143110405242183,2.0816681711721685e-17,1.135955798682088,2.6664897195791655,5.551115123125783e-17,2.2637145756906065,6.266321124271037,0.0072785731609932855,136.42351467695337,0.6451977882797302,137.07599103839408,139.10477782032626,-0.1073840481613467,0.0,1.2719329418463028,1.1645488936849562,1.0,0.0001873257367626066,0.0,4.242640687119285,0.25690991288196824,0.03300135166851026
2030,363.88978251477795,0.19634954084936207,-4.9873299934333204e-18,0.14247959165619736,0.3578479764813492,-5.2827750854356204e-17,0.11232485911786728,0.2593951225147269,1.1102230246251565e-16,16.531966332120128,24.16150108886072,-1.0408340855860843e-17,1.1353792451973368,2.6693423119540167,5.551115123125783e-17,2.2619414028270297,6.255848576105132,0.007295194962077235,136.65295540317675,0.6445430152124371,137.30479361335125,139.33075893421588,-0.10719994351362455,0.0,1.265934880191014,1.1587349366773894,1.0,0.00018599272975354094,0.0,4.242640687119285,0.24846848250211812,0.030868293398452686
2031,364.08613205562733,0.19634954084936207,-4.553649124439119e-18,0.1422688474290636,0.3623107983255666,-5.242117503967414e-17,0.1126757334928918,0.2641274278264239,2.220446049250313e-16,16.545867096684272,24.17308085123673,2.42861286636753e-17,1.1347243988969122,2.667400401330866,-1.1102230246251565e-16,2.2597910479332155,6.244357314705988,0.0073074830448492945,136.88285899056962,0.6437997307259791,137.53396620434046,139.55656294175262,-0.10641522636878599,0.0,1.2642465562238918,1.1578313298551057,1.0,0.00018599272975354094,0.0,4.242640687119285,0.24846848250211812,0.030868293398452686
2032,364.2824815964767,0.19634954084936207,-4.7704895589362195e-18,0.14241035020674336,0.36523096887427214,-5.274643569141979e-17,0.11252003885265768,0.27171371010840734,5.551115123125783e-17,16.55976802274898,24.169455774612825,3.8163916471489756e-17,1.1340598999214555,2.660816247694879,5.551115123125783e-17,2.257560710959708,6.232961467032174,0.007315024518412973,137.11295848362988,0.6430459283049309,137.76331943645323,139.78244206294875,-0.10649840835884364,0.0,1.2646994754121805,1.158201067053337,1.0,0.00018599272975354094,0.0,4.242640687119285,0.24846848250211812,0.030868293398452686
2034,364.6751806781755,0.19634954084936207,-5.637851296924623e-18,0.14362217319329318,0.3656615212915454,-5.2909066017292616e-17,0.11092930382326353,0.27830911568808087,1.1102230246251565e-16,16.58754139179882,24.197271932744506,6.938893903907228e-18,1.1329732606286318,2.656921336678476,5.551115123125783e-17,2.2539204845685,6.214952731684362,0.007325777470572301,137.5732647123196,0.6418142046497366,138.22240469443992,140.2358614377941,-0.10684178846094151,0.0,1.2691355566783133,1.1622937682173717,1.0,0.00018599272975354094,0.0,4.242640687119285,0.24846848250211812,0.030868293398452686
2035,364.87153021902486,0.19634954084936207,-4.9873299934333204e-18,0.14448956606307933,0.363048668337011,-5.2827750854356204e-17,0.10978212961023767,0.2770346531070343,1.6653345369377348e-16,16.601406247573237,24.230481717949463,3.469446951953614e-18,1.1326212310375505,2.6580536553435645,-5.551115123125783e-17,2.2528513383302315,6.20992898673501,0.007333005645011571,137.80334469848188,0.6414154264985081,138.4520931306254,140.4638501283303,-0.10737981542352701,0.0,1.2759686447727556,1.1685888293492286,1.0,0.00018599272975354094,0.0,4.242640687119285,0.24846848250211812,0.030868293398452686
2036,365.06787975987424,0.19634954084936207,-4.553649124439119e-18,0.14534992587410742,0.35889772040849754,-5.2719330637107653e-17,0.10863424402476882,0.2752225300213282,1.942890293094024e-16,16.615257943699415,24.25201164807363,-2.0816681711721685e-17,1.1323818085539752,2.6671454526881613,-5.551115123125783e-17,2.2523355222684125,6.207931013797492,0.007340748274435478,138.03339826783323,0.6411442801719855,138.68188329627964,140.6927417087671,-0.10782871463812428,0.0,1.2808541577093548,1.1730254430712306,1.0,0.00018599272975354094,0.0,4.242640687119285,0.24846848250211812,0.030868293398452686
2037,365.2642293007236,0.19634954084936207,-4.9873299934333204e-18,0.14607497448682505,0.35909010846448763,-5.277354074573193e-17,0.10764740311400539,0.2683967398848972,8.326672684688674e-17,16.629101743051606,24.286666754754723,0.0,1.132201994330143,2.6727768586748692,5.551115123125783e-17,2.252264282646825,6.208696238364619,0.007346611022655478,138.26351239038104,0.6409406779825764,138.91179967938626,140.9223678450682,-0.10830390966365666,0.0,1.2849309468128725,1.1766270371492158,1.0,0.00018599272975354094,0.0,4.242640687119285,0.24846848250211812,0.030868293398452686
2039,365.6569283824224,0.19634954084936207,-3.903127820947816e-18,0.146770304454248,0.3750105415547387,-5.2231439659489176e-17,0.1066386218150195,0.24284026203837691,2.498001805406602e-16,16.656791776784186,24.33517427954386,8.673617379884035e-18,1.131745672483377,2.672316483493636,-1.1102230246251565e-16,2.252513789274922,6.216008742552241,0.007346869184468036,138.72435614757268,0.6404241335924254,139.37212715034957,141.38248224407786,-0.10898081330454731,0.0,1.2876956363224545,1.1787148230179072,1.0,0.00018599272975354094,0.0,4.242640687119285,0.24846848250211812,0.030868293398452686
2040,365.8532779232718,0.19634954084936207,-4.7704895589362195e-18,0.1466628030057453,0.3794691790341867,-5.2014599224992075e-17,0.1067534104619577,0.2380742857907221,4.718447854656915e-16,16.670647402253515,24.355931495606544,-1.214306433183765e-17,1.13135790000971,2.6664121687124136,-1.1102230246251565e-16,2.252244224455886,6.221088187541182,0.007342550348301079,138.95524240513092,0.6399853489571905,139.60257030443643,141.6121587459742,-0.10954695494352111,0.0,1.2863431620402814,1.1767962070967604,1.0,0.000186683227717593,0.0,4.242640687119285,0.26044971985052573,0.033917028285108675
2041,366.04962746412116,0.19634954084936207,-6.288372600415926e-18,0.14625820387495103,0.37980501504910597,-5.277354074573193e-17,0.10728790125528616,0.2372079735587901,2.7755575615628914e-16,16.684506612171102,24.37232700550627,-1.734723475976807e-17,1.1308350156832105,2.657286061898311,-1.1102230246251565e-16,2.2513675763182954,6.226308136334605,0.007337483065782889,139.18638044579055,0.6393939163476234,139.83311184520394,141.84104287174983,-0.11022354902571255,0.0,1.2831008702748692,1.1728773212491566,1.0,0.000186683227717593,0.0,4.242640687119285,0.26044971985052573,0.033917028285108675
2043,366.4423265458199,0.19634954084936207,-2.8189256484623115e-18,0.14475608912361984,0.3723939806319311,-5.228564976811345e-17,0.10929208744050604,0.24789232538218992,0.0,16.71223217965165,24.4147040301365,3.122502256758253e-17,1.129522064320708,2.632290468276253,0.0,2.2475255439244908,6.236366498578387,0.007325705354029394,139.649352213292,0.6379100468936568,140.29458796553968,142.29636820149344,-0.11045185913415972,0.0,1.277301385633188,1.1668495264990284,1.0,0.000186683227717593,0.0,4.242640687119285,0.26044971985052573,0.033917028285108675
2044,366.6386760866693,0.19634954084936207,-6.288372600415926e-18,0.14382976492251978,0.3785223930402595,-5.244828009398628e-17,0.1104699705404234,0.250747875426717,2.498001805406602e-16,16.726086578752746,24.432251676085354,-6.938893903907228e-18,1.1288541315831255,2.618069338108918,0.0,2.2448436858698755,6.241355508838155,0.0073155306571155805,139.8809861199664,0.6371558251961462,140.52545747581965,142.52323055799303,-0.11053104042384251,0.0,1.2734960861907063,1.1629650457668639,1.0,0.000186683227717593,0.0,4.242640687119285,0.26044971985052573,0.033917028285108675
2045,366.8350256275187,0.19634954084936207,-3.2526065174565133e-18,0.14294393690803914,0.3805414365424025,-5.250249020261055e-17,0.11152523053154044,0.26193369430948327,1.942890293094024e-16,16.739929013070178,24.445185341454813,-5.204170427930421e-18,1.1282663560733106,2.603841216358255,-1.1102230246251565e-16,2.2420936476676205,6.246599066914536,0.007299957251660212,140.11261168131438,0.6364924851234732,140.75640412368952,142.7501822685391,-0.11051441159254595,0.0,1.2740242207516532,1.1635098091591072,1.0,0.000186683227717593,0.0,4.242640687119285,0.26044971985052573,0.033917028285108675
2046,367.0313751683681,0.19634954084936207,-6.7220534694101275e-18,0.1422322635274111,0.3783261354730073,-5.231275482242559e-17,0.11228905331411232,0.26805488769816815,1.1102230246251565e-16,16.753758378381704,24.45421202184538,-5.204170427930421e-18,1.1278051649415857,2.592410797106206,0.0,2.2397083721736655,6.252243969006451,0.007279164184425072,140.34420990059755,0.6359722450344586,140.98746130981644,142.9778328247948,-0.11047265420401858,0.0,1.2775818680427484,1.1671092138387298,1.0,0.000186683227717593,0.0,4.242640687119285,0.26044971985052573,0.033917028285108675
2048,367.42407425006684,0.19634954084936207,-5.421010862427522e-18,0.1417653846806184,0.3711999884736128,-5.2475385148298415e-17,0.11251487591532405,0.2655849917670783,1.1102230246251565e-16,16.781391559782648,24.4755214476504,1.214306433183765e-17,1.127304568492585,2.5733652011842905,0.0,2.2376255857280793,6.264414914121418,0.00723410000057833,140.80755134137215,0.6354077950721265,141.45019323644485,143.43748246223132,-0.11040716668984209,0.0,1.2885316351405232,1.178124468450681,1.0,0.000186683227717593,0.0,4.242640687119285,0.26044971985052573,0.033917028285108675
2049,367.6204237909162,0.19634954084936207,-5.421010862427522e-18,0.1420997180230384,0.3704772455557988,-5.2692225582795515e-17,0.11193877184642867,0.26111410009617614,8.326672684688674e-17,16.795208499572745,24.483119554554108,1.0408340855860843e-17,1.1272161391403062,2.5748437536682838,-5.551115123125783e-17,2.238430945641944,6.270307690833974,0.0072184509164281594,141.0395142720603,0.6353081121691888,141.68204083514593,143.67020368388512,-0.11036924673203602,0.0,1.303075165749711,1.192705919017675,1.0,0.000186683227717593,0.0,4.242640687119285,0.26044971985052573,0.033917028285108675
2050,367.8167733317656,0.19634954084936207,-5.421010862427522e-18,0.14276113038485375,0.36897406042301095,-5.242117503967414e-17,0.11099922445400659,0.25627257941852416,1.3877787807814457e-16,16.809035077930716,24.484865720122258,1.0408340855860843e-17,1.1271729924934857,2.582995535944825,0.0,2.240503325957948,6.275474312185998,0.007211644373638809,141.2718301255526,0.6352594775033595,141.9143012474296,143.9049216164127,-0.11036821976037142,0.0,1.3130810801537025,1.202712860393331,1.0,0.0001859667420663082,0.0,4.242640687119285,0.2517308672603048,0.031684214765812596
2051,368.013122872615,0.19634954084936207,-4.119968255444917e-18,0.1436392893855885,0.3748071798437942,-5.277354074573193e-17,0.1098413022721591,0.24896211861723577,3.608224830031759e-16,16.82288045790129,24.480125990196694,0.0,1.1271271762598134,2.5838623859590513,-1.1102230246251565e-16,2.2436218020895304,6.279535067560466,0.007214290158007754,141.50465345041857,0.6352078357317104,142.14707557630828,144.14141988555906,-0.1099583717204508,0.0,1.3215455331033528,1.211587161382902,1.0,0.0001859667420663082,0.0,4.242640687119285,0.2517308672603048,0.031684214765812596
2053,368.40582195431375,0.19634954084936207,-4.7704895589362195e-18,0.14549543898963596,0.3938005782889087,-5.3044591288853304e-17,0.10757647888621141,0.24025288131792247,1.3877787807814457e-16,16.850614110295112,24.52160267157672,-1.734723475976807e-18,1.1268761569984165,2.577808854988573,0.0,2.251233706590377,6.283276942775655,0.007242520651814792,141.9715979470384,0.6349249366057599,142.61376540429598,144.61706470535765,-0.10998428834965017,0.0,1.328137957078709,1.2181536687290588,1.0,0.0001859667420663082,0.0,4.242640687119285,0.2517308672603048,0.031684214765812596
2054,368.60217149516313,0.19634954084936207,-5.854691731421724e-18,0.14622330731113808,0.39980975780882,-5.26109104198591e-17,0.10681219412028803,0.23513437765654222,0.0,16.864493592087214,24.58106393544729,6.938893903907228e-18,1.1266437164228087,2.5861137564191226,5.551115123125783e-17,2.2546073873235906,6.282918991680394,0.0072649371241707,142.20557205877532,0.6346630318774988,142.847500027777,144.8546417668175,-0.10999315459293588,0.0,1.3268480504188744,1.2168548958259386,1.0,0.0001859667420663082,0.0,4.242640687119285,0.2517308672603048,0.031684214765812596
2055,368.7985210360125,0.19634954084936207,-5.204170427930421e-18,0.1466990470555449,0.4041533975600558,-5.255670031123483e-17,0.10646717618720417,0.22747324580469336,1.1102230246251565e-16,16.878372276656044,24.629540829346556,-1.0408340855860843e-17,1.1263456540249157,2.5974113812762636,-5.551115123125783e-17,2.2569454364489174,6.281261333542244,0.007291755809898308,142.4397253546956,0.6343272661704076,143.0813443766759,145.0909983726854,-0.10998527270153623,0.0,1.3206893473234227,1.2107040746218865,1.0,0.0001859667420663082,0.0,4.242640687119285,0.2517308672603048,0.031684214765812596
2057,369.1912201177113,0.19634954084936207,-5.637851296924623e-18,0.14673957962922965,0.3998887797202482,-5.26109104198591e-17,0.10719945493149134,0.22528208109946268,5.551115123125783e-17,16.90610369658666,24.696532140355195,-2.7755575615628914e-17,1.1255884547301003,2.6222973875920554,0.0,2.2569824435071157,6.274713331890499,0.0073543320091334265,142.90817109987051,0.6334746847108477,143.5490001165905,145.5578466338822,-0.10997921054802445,0.0,1.305952007921816,1.1959727973737917,1.0,0.0001859667420663082,0.0,4.242640687119285,0.2517308672603048,0.031684214765812596
2058,369.38756965856066,0.19634954084936207,-4.7704895589362195e-18,0.14630883488823038,0.39137986022128346,-5.250249020261055e-17,0.10817080673098978,0.23257442610488188,1.1102230246251565e-16,16.919952019802842,24.716657481604077,2.6020852139652106e-17,1.1251284809499849,2.6333185663576346,-5.551115123125783e-17,2.2544354710383008,6.269947553303204,0.007384097062297578,143.14238817621512,0.6329570493224099,143.78272932259983,145.7879557810527,-0.11002428319561988,0.0,1.2893565320197542,1.1793322488241342,1.0,0.0001859667420663082,0.0,4.242640687119285,0.2517308672603048,0.031684214765812596
2059,369.58391919941005,0.19634954084936207,-5.854691731421724e-18,0.14563927959761575,0.38036961063873254,-5.266512052848338e-17,0.10935750777558344,0.23623634927706322,2.7755575615628914e-17,16.933791568494858,24.728346958383227,-6.938893903907228e-18,1.1245978224819662,2.64865828249342,-1.1102230246251565e-16,2.2504041855463184,6.264075239239702,0.007406199630714669,143.37664844261374,0.6323601311655898,144.01641477341005,146.01614103412317,-0.11012522067426442,0.0,1.2797998565012652,1.1696746358270007,1.0,0.0001859667420663082,0.0,4.242640687119285,0.2517308672603048,0.031684214765812596
2060,369.78026874025943,0.19634954084936207,-5.204170427930421e-18,0.14482595822662556,0.3687387257973128,-5.331564183197468e-17,0.11056352982256334,0.2463898377837077,2.7755575615628914e-16,16.947627474347545,24.73139314804019,-3.469446951953614e-18,1.123980267037773,2.662782567089081,0.0,2.2453148151233555,6.256906575433143,0.0074158548040094184,143.61103850462985,0.6316658203451513,144.250120179779,146.24297442725748,-0.1103050822082867,0.0,1.2731929155042034,1.1628878332959167,1.0,0.00018486187713141275,0.0,4.242640687119285,0.2481286569984021,0.030783915211915334
2062,370.1729678219582,0.19634954084936207,-4.553649124439119e-18,0.14330182791489798,0.3663024578931833,-5.296327612591689e-17,0.1122842538005838,0.2697256546623845,5.551115123125783e-17,16.975322271605275,24.73962805022364,-2.6020852139652106e-17,1.122483102673019,2.684162814326696,-1.1102230246251565e-16,2.234247645486375,6.238140168426986,0.007394151731338309,144.08078311242906,0.6299841578932235,144.71816142205364,146.69594846611434,-0.11010914628538265,0.0,1.2712297133093824,1.1611205670239997,1.0,0.00018486187713141275,0.0,4.242640687119285,0.2481286569984021,0.030783915211915334
2063,370.3693173628076,0.19634954084936207,-6.7220534694101275e-18,0.14286939329750586,0.3686597049981142,-5.2936171071604754e-17,0.11253983406934871,0.27822866720018263,2.220446049250313e-16,16.989178568824876,24.761753810707198,2.0816681711721685e-17,1.1216460225653715,2.6900045008459585,0.0,2.2294304085824135,6.22656138473559,0.007370719990250997,144.31609422170922,0.6290448999683589,144.95250984166785,146.92355192724844,-0.11075159055671202,0.0,1.277481878918003,1.166730288361291,1.0,0.00018486187713141275,0.0,4.242640687119285,0.2481286569984021,0.030783915211915334
2064,370.56566690365696,0.19634954084936207,-6.071532165918825e-18,0.14278733063468485,0.36915708199818,-5.2719330637107653e-17,0.1123350164622541,0.28276980567942556,3.885780586188048e-16,17.00303832025993,24.799400203165078,1.214306433183765e-17,1.1208179755458516,2.691978781494161,0.0,2.225732858415911,6.217709600929038,0.007347799433032876,144.55165606011383,0.6281164671533506,145.1871203267002,147.15278621825223,-0.11127172788667343,0.0,1.2861852148302442,1.1749134869435707,1.0,0.00018486187713141275,0.0,4.242640687119285,0.2481286569984021,0.030783915211915334
2065,370.76201644450634,0.19634954084936207,-5.421010862427522e-18,0.14307152262972986,0.36791607240541946,-5.274643569141979e-17,0.11171314206687469,0.283153617519511,-1.3877787807814457e-16,17.016896215095315,24.828575187465177,5.204170427930421e-18,1.1200650846975801,2.6899101851356892,0.0,2.223443692984819,6.2174400570705854,0.007330605278815253,144.78737839766256,0.6272728969792986,145.42198189992067,147.38405429798595,-0.1118225775179015,0.0,1.296929712205864,1.1851071346879625,1.0,0.00018486187713141275,0.0,4.242640687119285,0.2481286569984021,0.030783915211915334
2067,371.1547155262051,0.19634954084936207,-6.288372600415926e-18,0.14443934550559426,0.3613107150914032,-5.288196096298048e-17,0.10964674685073285,0.27125305339184164,4.163336342344337e-16,17.044582339269457,24.858392867018576,-1.3877787807814457e-17,1.1190027734642218,2.6744159210764513,0.0,2.223239577500273,6.218583832322378,0.007315866948288088,145.25889356006812,0.6260836035103102,145.89229303052673,147.8529310731572,-0.11260995334853896,0.0,1.3135833200464226,1.2009733666978837,1.0,0.00018486187713141275,0.0,4.242640687119285,0.2481286569984021,0.030783915211915334
2068,371.3510650670545,0.19634954084936207,-4.9873299934333204e-18,0.145253521246364,0.35665342773643316,-5.250249020261055e-17,0.10849834754430325,0.2669517979032954,2.498001805406602e-16,17.058402789701876,24.859220471857114,6.938893903907228e-18,1.1187343822546894,2.662127539683025,5.551115123125783e-17,2.2248927484952437,6.220559867096826,0.007312540918492864,145.4945528678544,0.6257833090193905,146.12764871779228,148.08997191723446,-0.11325865513121268,0.0,1.3272439644624052,1.2139853093311925,1.0,0.00018486187713141275,0.0,4.242640687119285,0.2481286569984021,0.030783915211915334
2069,371.5474146079039,0.19634954084936207,-2.6020852139652106e-18,0.1459571612410489,0.3586720631387581,-5.2800645800044066e-17,0.10749548033374022,0.2592209593797924,2.7755575615628914e-17,17.072208522444754,24.85380777500871,1.214306433183765e-17,1.11860785371674,2.6562516097242557,0.0,2.227158078304378,6.222929052995097,0.0073077087826728775,145.73015191691763,0.6256417651983859,146.3631013908987,148.3280060946513,-0.11354552866732254,0.0,1.3325025659535734,1.2189570372862508,1.0,0.00018486187713141275,0.0,4.242640687119285,0.2481286569984021,0.030783915211915334
2071,371.94011368960264,0.19634954084936207,-6.5052130349130266e-18,0.14659247481884194,0.37531403686101816,-5.2719330637107653e-17,0.10651141435515371,0.2431592224559786,1.6653345369377348e-16,17.09979334247194,24.837808415364044,3.469446951953614e-18,1.1184975770516143,2.649043245334356,5.551115123125783e-17,2.231496156679704,6.2249972601273855,0.007291281746417182,146.2014661776239,0.625518414935166,146.83427587430546,148.80427956550523,-0.11391964979765241,0.0,1.333435494768889,1.2195158449712364,1.0,0.00018553764690559292,0.0,4.242640687119285,0.2587927167718881,0.03348683512708734
2072,372.136463230452,0.19634954084936207,-4.9873299934333204e-18,0.14641060557676003,0.37952284563772154,-5.285485590866834e-17,0.10669349106101378,0.2371888402427153,1.3877787807814457e-16,17.113587970618273,24.86307184085763,-1.734723475976807e-18,1.1183518068382277,2.6501171560952685,5.551115123125783e-17,2.2327409873581243,6.222605219423203,0.007280672626956463,146.43744661404517,0.625355381929164,147.0700826686013,149.04142377602025,-0.11403935233150146,0.0,1.328663880051532,1.2146245277200305,1.0,0.00018553764690559292,0.0,4.242640687119285,0.2587927167718881,0.03348683512708734
2073,372.3328127713014,0.19634954084936207,-4.7704895589362195e-18,0.14589506850431927,0.3797633115808585,-5.274643569141979e-17,0.10730508944653784,0.23347068346985797,1.3877787807814457e-16,17.127395050899395,24.89547396031054,1.0408340855860843e-17,1.1180623181374796,2.647177287501446,-5.551115123125783e-17,2.2330959700160267,6.216845033906323,0.0072675647749649635,146.6738306147866,0.6250316736194774,147.30612985318103,149.27757528185202,-0.11384776664928113,0.0,1.3235550160986322,1.209707249449351,1.0,0.00018553764690559292,0.0,4.242640687119285,0.2587927167718881,0.03348683512708734
2074,372.5291623121508,0.19634954084936207,-7.15573433840433e-18,0.14509994491653685,0.3760287125183315,-5.2475385148298415e-17,0.10823570761119317,0.23760350616950443,0.0,17.141218267956333,24.938025609000228,0.0,1.1176074229636737,2.6397450845325303,-5.551115123125783e-17,2.232605630749794,6.227480166336099,0.007249769871033985,146.91068185485997,0.624523175931752,147.54245480066277,149.51280051025753,-0.11359780285020445,0.0,1.3187146223852375,1.205116819535033,1.0,0.00018553764690559292,0.0,4.242640687119285,0.2587927167718881,0.03348683512708734
2076,372.92186139384955,0.19634954084936207,-5.854691731421724e-18,0.14308899059754482,0.37464269508683073,-5.252959525692269e-17,0.11041951975228805,0.2539595989713262,1.942890293094024e-16,17.168907674997342,25.023648343725014,1.5612511283791264e-17,1.1163145084464285,2.6107760691911857,-1.1102230246251565e-16,2.230027172997528,6.2651906372598045,0.007197373870942222,147.38569537629135,0.6230790408839957,148.0159717910463,149.98176655385328,-0.1132037289304957,0.0,1.3146629286687999,1.2014591997383042,1.0,0.00018553764690559292,0.0,4.242640687119285,0.2587927167718881,0.03348683512708734
2077,373.11821093469894,0.19634954084936207,-4.336808689942018e-18,0.1421595111691358,0.3761406830492232,-5.307169634316544e-17,0.11135748772766277,0.25620030903236796,0.0,17.18276254632075,25.06431940839277,1.9081958235744878e-17,1.1156076629038427,2.5974825868553757,-5.551115123125783e-17,2.228566856340803,6.280362706419943,0.007169437566745266,147.62366436162148,0.6222902287648869,148.2531240279531,150.2163720196768,-0.11288638860804279,0.0,1.3150168546374037,1.2021304660293608,1.0,0.00018553764690559292,0.0,4.242640687119285,0.2587927167718881,0.03348683512708734
2078,373.3145604755483,0.19634954084936207,-4.119968255444917e-18,0.14148687978599328,0.37406593020809065,-5.3153011506101855e-17,0.11202332002621322,0.2575491374227553,1.1102230246251565e-16,17.196614112115192,25.095464861328278,-3.469446951953614e-18,1.114962869449142,2.5859404910872446,-5.551115123125783e-17,2.2273701706857607,6.291314149737264,0.007149175466312879,147.86176846049963,0.6215711001251321,148.49048873609107,150.4515778630766,-0.11278041906406827,0.0,1.3179591864814364,1.2051787674173682,1.0,0.00018553764690559292,0.0,4.242640687119285,0.2587927167718881,0.03348683512708734
2079,373.5109100163977,0.19634954084936207,-4.119968255444917e-18,0.14119436417658118,0.3738248539831838,-5.2827750854356204e-17,0.11232889729194957,0.2578572195702507,-2.7755575615628914e-17,17.210456055023005,25.114835373864466,1.0408340855860843e-17,1.1144372158874112,2.582134422382892,0.0,2.2266133019033574,6.297507360274275,0.0071424101636491134,148.09989881093907,0.6209851540774419,148.72802637518015,150.68761936423513,-0.11278205430759008,0.0,1.3221815730936364,1.2093995187860462,1.0,0.00018553764690559292,0.0,4.242640687119285,0.2587927167718881,0.03348683512708734
2081,373.90360909809647,0.19634954084936207,-4.553649124439119e-18,0.14191391346655227,0.37400360537595767,-5.26109104198591e-17,0.11169261215850018,0.26614148274010274,1.1102230246251565e-16,17.23811038078921,25.129149796595332,1.5612511283791264e-17,1.1137949255173487,2.58315043385965,1.1102230246251565e-16,2.2265546385658403,6.297077511137762,0.007170703178908343,148.57622475013633,0.6202695680540979,149.20366502136932,151.16247189022357,-0.11262713636502429,0.0,1.3289544287086439,1.2163272923436197,1.0,0.00018425213216571258,0.0,4.242640687119285,0.24632908663836456,0.030339009462045454
2082,374.09995863894585,0.19634954084936207,-4.7704895589362195e-18,0.14280800703529245,0.3724884565418416,-5.263801547417124e-17,0.11079649186197782,0.2662487179275165,2.7755575615628914e-16,17.251927386039096,25.12251867143777,0.0,1.1136046153515098,2.580919106335694,0.0,2.227028456856914,6.292576746039587,0.007195704410540603,148.81449926658286,0.6200576196660921,149.4417525906595,151.40091726219114,-0.11268954294413855,0.0,1.3340511810571112,1.2213616381129726,1.0,0.00018425213216571258,0.0,4.242640687119285,0.24632908663836456,0.030339009462045454
2083,374.29630817979523,0.19634954084936207,-5.421010862427522e-18,0.14387080534660682,0.3698569968061919,-5.2692225582795515e-17,0.10965698579098011,0.2610172706375463,2.7755575615628914e-16,17.265742010906784,25.11630415694662,5.204170427930421e-18,1.1134077028686096,2.5761918108571376,1.1102230246251565e-16,2.2275246435458236,6.287086716589534,0.00721923495854669,149.05292359359572,0.6198383564035768,149.67998118495785,151.63952337151454,-0.11309611536143091,0.0,1.3351929289960667,1.2220968136346357,1.0,0.00018425213216571258,0.0,4.242640687119285,0.24632908663836456,0.030339009462045454
2085,374.689007261494,0.19634954084936207,-3.903127820947816e-18,0.14581463302270772,0.38935728804048186,-5.2800645800044066e-17,0.10741323579261325,0.23803354123386894,1.942890293094024e-16,17.293384426110496,25.167789088205733,1.734723475976807e-17,1.1127234520896525,2.5598592016381385,-1.1102230246251565e-16,2.2273996554298856,6.278065272923931,0.007250312782309955,149.5305724546206,0.6190767404151565,150.15689950781805,152.11552973898566,-0.11375950810023559,0.0,1.3327271393822029,1.2189676312819673,1.0,0.00018425213216571258,0.0,4.242640687119285,0.24632908663836456,0.030339009462045454
2086,374.8853568023434,0.19634954084936207,-5.854691731421724e-18,0.1464140399511393,0.396477830783066,-5.26109104198591e-17,0.10670218405960513,0.23122990094468338,1.942890293094024e-16,17.307216029229814,25.197604314874848,-5.204170427930421e-18,1.1121671545957237,2.5472962643142263,0.0,2.2262919447881364,6.275805602084812,0.007258699747292125,149.76986334121472,0.6184578898807742,150.39557993084279,152.35225929304934,-0.11438392265959688,0.0,1.3268951385805945,1.2125112159209976,1.0,0.00018425213216571258,0.0,4.242640687119285,0.24632908663836456,0.030339009462045454
2087,375.08170634319276,0.19634954084936207,-5.204170427930421e-18,0.14665670762715952,0.401217880047496,-5.3153011506101855e-17,0.10643549523976668,0.22492085403798678,8.326672684688674e-17,17.321051727630195,25.225352304192786,1.3877787807814457e-17,1.1114839202856568,2.534307764203168,-5.551115123125783e-17,2.2243578561438615,6.274850565387664,0.007263446959737521,150.00941647562047,0.6176982525267858,150.634378175107,152.58797375312486,-0.11472031593707016,0.0,1.322125721744778,1.2074054058077077,1.0,0.00018425213216571258,0.0,4.242640687119285,0.24632908663836456,0.030339009462045454
2088,375.27805588404215,0.19634954084936207,-3.903127820947816e-18,0.14652706360492576,0.4016802312416856,-5.2475385148298415e-17,0.10662956795280043,0.21886398390816503,3.608224830031759e-16,17.334886366629533,25.244714484206625,-2.6020852139652106e-18,1.110727406344192,2.520990749328674,5.551115123125783e-17,2.221701439548972,6.2743117788969816,0.007263574742200363,150.24914267197917,0.616857685602048,150.87326393232343,152.8228300852788,-0.1149689149358068,0.0,1.3180736337735224,1.2031047188377155,1.0,0.00018425213216571258,0.0,4.242640687119285,0.24632908663836456,0.030339009462045454
2090,375.6707549657409,0.19634954084936207,-4.336808689942018e-18,0.14531368169228312,0.38983702441166124,-5.299038118022903e-17,0.10810300381076186,0.21924855039855434,2.7755575615628914e-16,17.362531139638875,25.2603748686709,4.336808689942018e-18,1.1092788081240788,2.4973759204525976,-5.551115123125783e-17,2.215364115790508,6.2693103535820995,0.007243622045825629,150.7287437874648,0.6152497370765884,151.3512371465872,153.29160318835753,-0.11514908739908986,0.0,1.315928739616268,1.200779652217178,1.0,0.0001839304873724487,0.0,4.242640687119285,0.25107286712323246,0.03151879230274017
2091,375.8671045065903,0.19634954084936207,-4.553649124439119e-18,0.14440319891363593,0.37845095816336705,-5.2719330637107653e-17,0.10914739701374013,0.2294773077170237,2.7755575615628914e-16,17.376337469400564,25.261624266245946,-1.734723475976807e-17,1.1087116551524707,2.4974610177823697,0.0,2.2124602810618583,6.262360853186684,0.007224795215105652,150.96855192524706,0.6146207671354655,151.59039748759764,153.52666298845764,-0.11495338231922661,0.0,1.3191631162856943,1.2042097339664677,1.0,0.0001839304873724487,0.0,4.242640687119285,0.25107286712323246,0.03151879230274017
2092,376.0634540474397,0.19634954084936207,-4.9873299934333204e-18,0.14345364298312746,0.36731417866032956,-5.206880933361635e-17,0.11022251846720774,0.24147349311853136,1.942890293094024e-16,17.39013293581145,25.25519538128431,2.5153490401663703e-17,1.1082902310738618,2.501610029970529,-5.551115123125783e-17,2.2102475071084093,6.251432547212626,0.007205291979301235,151.20836176259715,0.614153618146877,151.8297206727233,153.76287668239354,-0.11487253061539265,0.0,1.3249370060610792,1.2100644754456866,1.0,0.0001839304873724487,0.0,4.242640687119285,0.25107286712323246,0.03151879230274017
2093,376.25980358828906,0.19634954084936207,-5.421010862427522e-18,0.14260795013045927,0.35343005540196387,-5.2909066017292616e-17,0.11118975767383593,0.25466349367301894,1.942890293094024e-16,17.403922287364427,25.28345541760588,-1.3877787807814457e-17,1.1080063582727724,2.506212385162005,0.0,2.2090146313688335,6.236619806694136,0.007190280935772401,151.4482554923101,0.6138390449864456,152.0692848182323,154.00065518645118,-0.11476251092754029,0.0,1.3327579445909916,1.2179954336634513,1.0,0.0001839304873724487,0.0,4.242640687119285,0.25107286712323246,0.03151879230274017
2095,376.6525026699878,0.19634954084936207,-4.7704895589362195e-18,0.1417411379650453,0.35841364746433085,-5.320722161472613e-17,0.1122431369238699,0.27701271520698995,2.7755575615628914e-17,17.4315085290138,25.324137968727044,8.673617379884035e-19,1.107690040869569,2.5206394474593474,-1.1102230246251565e-16,2.2099144471411942,6.217641716474289,0.00718321522214134,151.92874479854044,0.6134886133208135,152.5494166270834,154.48151014359874,-0.11462200628821972,0.0,1.3460205519772852,1.2313985456890655,1.0,0.0001839304873724487,0.0,4.242640687119285,0.25107286712323246,0.03151879230274017
2096,376.8488522108372,0.19634954084936207,-4.119968255444917e-18,0.14186849922890635,0.3610765617229487,-5.299038118022903e-17,0.11211736367665709,0.2798972333641345,1.1102230246251565e-16,17.445316459711037,25.338275804244923,-1.3010426069826053e-17,1.1075480596151164,2.5245555835486817,0.0,2.211818069513681,6.2209428158714575,0.00718793890002393,152.16953318973242,0.6133313521786043,152.79005248081103,154.724261409599,-0.11458334154719338,0.0,1.3577022723745058,1.2431189308273125,1.0,0.0001839304873724487,0.0,4.242640687119285,0.25107286712323246,0.03151879230274017
2097,377.0452017516866,0.19634954084936207,-4.9873299934333204e-18,0.14235782394553184,0.3624173146340919,-5.2692225582795515e-17,0.11152563006309214,0.2764908475159418,1.6653345369377348e-16,17.459137172890784,25.364726400946143,3.469446951953614e-18,1.1073515316753857,2.528222225576784,0.0,2.214246506204929,6.222307372626031,0.007193408868097842,152.41073541090847,0.6131137073519112,153.03104252712848,154.9679358838453,-0.1146635884210904,0.0,1.3624046860011305,1.24774109758004,1.0,0.0001839304873724487,0.0,4.242640687119285,0.25107286712323246,0.03151879230274017
2099,377.43790083338536,0.19634954084936207,-4.553649124439119e-18,0.1440056596314041,0.36051567916908844,-5.252959525692269e-17,0.10939314206662429,0.2631922078516999,-1.1102230246251565e-16,17.48680429192416,25.438497951272353,1.214306433183765e-17,1.106707161517331,2.548512243536652,5.551115123125783e-17,2.2186556179258683,6.217861533919686,0.007200598825475405,152.89416217202853,0.6124003706768739,153.5137631415309,155.45522035496538,-0.11496738079652452,0.0,1.3624729463618772,1.2475055655653526,1.0,0.0001839304873724487,0.0,4.242640687119285,0.25107286712323246,0.03151879230274017
2100,377.63425037423474,0.19634954084936207,-3.2526065174565133e-18,0.144880405501248,0.35779414544755034,-5.299038118022903e-17,0.1082387428896753,0.26092615848010386,3.0531133177191805e-16,17.50063780316026,25.482497645468726,-5.204170427930421e-18,1.1062673916551073,2.5667484170347414,0.0,2.219623730554927,6.211624083055747,0.007205124616740651,153.13616175870095,0.6119137709196972,153.7552806542374,155.69741139157256,-0.11543487174492117,0.0,1.355565053081609,1.2401301813366878,1.0,0.00018374343602485838,0.0,4.242640687119285,0.2515507077833657,0.03163887929315611
2101,377.8305999150841,0.19634954084936207,-5.637851296924623e-18,0.14561172652373305,0.35722531726705775,-5.274643569141979e-17,0.10729461451680238,0.2580572209438752,1.3877787807814457e-16,17.514463033883352,25.517047931785644,-2.6020852139652106e-18,1.1057780705928948,2.5851530512455674,-5.551115123125783e-17,2.219284406316679,6.215543200803717,0.007213409957528875,153.37820768263322,0.6113725707020726,153.9967936632928,155.9379765185474,-0.11570650598875122,0.0,1.347619285944188,1.2319127799554368,1.0,0.00018374343602485838,0.0,4.242640687119285,0.2515507077833657,0.03163887929315611
2102,378.0269494559335,0.19634954084936207,-6.938893903907228e-18,0.1461090484401475,0.3651303251875093,-5.231275482242559e-17,0.10669836522903192,0.2511288441536762,3.885780586188048e-16,17.52827401366248,25.540271773919503,7.806255641895632e-18,1.1052620947560365,2.603013898832799,0.0,2.2175283522487144,6.21822256220909,0.007226181657076904,153.62019494901767,0.6108021490522508,154.238223279727,156.1767320668965,-0.11612116761811246,0.0,1.3389115951568105,1.222790427538698,1.0,0.00018374343602485838,0.0,4.242640687119285,0.2515507077833657,0.03163887929315611
2104,378.41964853763227,0.19634954084936207,-5.854691731421724e-18,0.14625167871284023,0.37642609935256427,-5.2827750854356204e-17,0.10672236686282088,0.23271636694815037,2.220446049250313e-16,17.555852659607403,25.55685278259369,2.6020852139652106e-18,1.1041995245164624,2.6343936691270926,5.551115123125783e-17,2.2104963443569385,6.21346844887734,0.007258858516373834,154.10398130292214,0.6096282949711909,154.7208684564097,156.64979615525303,-0.11672293469378166,0.0,1.328309305578698,1.2115863708849164,1.0,0.00018374343602485838,0.0,4.242640687119285,0.2515507077833657,0.03163887929315611
2105,378.61599807848165,0.19634954084936207,-5.421010862427522e-18,0.14591314122181256,0.376518508970035,-5.323432666903827e-17,0.10728543616643593,0.2322744646134727,-1.1102230246251565e-16,17.56962881917741,25.553636349229887,4.0766001685454967e-17,1.103650640503428,2.64657675607707,0.0,2.206051269924194,6.207353647619343,0.007274291222874372,154.34592842183466,0.6090223681418137,154.96222508119934,156.88524624483537,-0.11724214450850293,0.0,1.3233668109029504,1.2061246663944474,1.0,0.00018374343602485838,0.0,4.242640687119285,0.2515507077833657,0.03163887929315611
2106,378.81234761933104,0.19634954084936207,-3.903127820947816e-18,0.1453599425960682,0.37267649824566407,-5.299038118022903e-17,0.10812402860534422,0.23627130499404075,1.3877787807814457e-16,17.583404935999667,25.545322153359837,1.0408340855860843e-17,1.103080711349988,2.6555413083551787,-5.551115123125783e-17,2.2017047442827318,6.199530215745955,0.0072876546688714385,154.58806457166878,0.608393527876198,155.20374575421383,157.12096530295926,-0.11750253050002131,0.0,1.324973418045107,1.2074708875450857,1.0,0.00018374343602485838,0.0,4.242640687119285,0.2515507077833657,0.03163887929315611
2107,379.0086971601804,0.19634954084936207,-6.071532165918825e-18,0.1446658223634403,0.3749717534519944,-5.2583805365546965e-17,0.10914126757983204,0.24224944314972735,8.326672684688674e-17,17.597186811900187,25.54838285166487,8.673617379884035e-18,1.1024898991345824,2.6606688421224174,0.0,2.197991296036709,6.190341469605039,0.00729921967863886,154.83049184645694,0.6077419888468909,155.44553305498246,157.35768979294173,-0.11768655517138998,0.0,1.330224613087693,1.212538057916303,1.0,0.00018374343602485838,0.0,4.242640687119285,0.2515507077833657,0.03163887929315611
2109,379.4013962418792,0.19634954084936207,-4.119968255444917e-18,0.1432423348762502,0.3858656271706516,-5.330208930481861e-17,0.11119066707484448,0.24963504701928485,1.6653345369377348e-16,17.62477646722894,25.603319243989482,-3.469446951953614e-18,1.1013196153761813,2.6575004369644972,0.0,2.19407111065538,6.18883624437469,0.007316302522576962,155.31637275989345,0.6064524476061697,155.9301415100222,157.8363599280538,-0.11781411469913088,0.0,1.3435476598862115,1.2257335451870806,1.0,0.00018374343602485838,0.0,4.242640687119285,0.2515507077833657,0.03163887929315611
2110,379.59774578272857,0.19634954084936207,-5.204170427930421e-18,0.14272372414867054,0.3851974635953358,-5.309880139747758e-17,0.11191378081069836,0.2533646818251506,2.7755575615628914e-16,17.638580058240194,25.623855200158577,0.0,1.100810700400662,2.6487620456065333,5.551115123125783e-17,2.1942534838189145,6.195341646320172,0.007317882018999897,155.5597532354743,0.6058920990582979,156.1729632165516,158.07883737044776,-0.11781882065213892,0.0,1.3594646931332888,1.2416458724811499,1.0,0.00018288192756459759,0.0,4.242640687119285,0.24671064086178235,0.030433070157215678
2111,379.79409532357795,0.19634954084936207,-4.336808689942018e-18,0.14245163985270373,0.381616120353248,-5.2800645800044066e-17,0.11224705748782456,0.2580420206057651,8.326672684688674e-17,17.6523884628053,25.63864920154694,-1.734723475976807e-18,1.1004086121186194,2.6354770938854957,0.0,2.1958036983023534,6.204227380316818,0.007310384195591887,155.80340922089079,0.6054495568124129,156.41616916189878,158.32343826671024,-0.11721718432364636,0.0,1.3695988913125627,1.2523817069889165,1.0,0.00018288192756459759,0.0,4.242640687119285,0.24671064086178235,0.030433070157215678
2113,380.1867944052767,0.19634954084936207,-5.854691731421724e-18,0.1427623900694333,0.3801653007372242,-5.2827750854356204e-17,0.1115161571629356,0.25925372325835805,8.326672684688674e-17,17.6799825060985,25.693692763334695,1.734723475976807e-18,1.0999894546362212,2.5978626870836665,-5.551115123125783e-17,2.2016985342062094,6.229815828842106,0.007260698186162181,156.2908907079745,0.6049884001554454,156.90313980631612,158.8169468440635,-0.11711700125642047,0.0,1.3804127530325156,1.2632957517760952,1.0,0.00018288192756459759,0.0,4.242640687119285,0.24671064086178235,0.030433070157215678
2114,380.3831439461261,0.19634954084936207,-4.336808689942018e-18,0.1432734378800374,0.37721737695846125,-5.285485590866834e-17,0.11055620905948232,0.25161159142728506,8.326672684688674e-17,17.693763880094725,25.7278615960282,2.168404344971009e-17,1.0999424756687193,2.575696190298572,0.0,2.205091107263007,6.245357984587386,0.0072220285661440025,156.53464012227238,0.6049367248901156,157.14679887572862,159.06459083427794,-0.11702226488465126,0.0,1.384819014512597,1.2677967496279456,1.0,0.00018288192756459759,0.0,4.242640687119285,0.24671064086178235,0.030433070157215678
2115,380.5794934869755,0.19634954084936207,-6.5052130349130266e-18,0.14390365208256684,0.37300943623658966,-5.299038118022903e-17,0.10939946107840423,0.24481464324404947,1.942890293094024e-16,17.707537225263103,25.75401996418445,-1.0408340855860843e-17,1.0999373322007624,2.55312475849711,-5.551115123125783e-17,2.2080870565110335,6.26100508822767,0.007181070294990447,156.77843729203926,0.6049310673844651,157.3905494297187,159.31190557836874,-0.11697786656136301,0.0,1.3831006244578348,1.2661227578964718,1.0,0.00018288192756459759,0.0,4.242640687119285,0.24671064086178235,0.030433070157215678
2116,380.77584302782486,0.19634954084936207,-6.5052130349130266e-18,0.14454151956912817,0.3823573914404838,-5.334274688628682e-17,0.10824506966842544,0.23852706936395487,1.1102230246251565e-16,17.72130769756872,25.77279545484614,-3.469446951953614e-18,1.099901724013915,2.5408930911830665,0.0,2.2102454951880315,6.275034259979288,0.007144171625383298,157.0223732559542,0.6048919012443911,157.63440932882398,159.558301220298,-0.11695162645531848,0.0,1.3784179838359458,1.2614663573806273,1.0,0.00018288192756459759,0.0,4.242640687119285,0.24671064086178235,0.030433070157215678
2118,381.1685421095236,0.19634954084936207,-3.903127820947816e-18,0.14545022947697273,0.39484208719824987,-5.299038118022903e-17,0.10664251647890631,0.22445085356499794,-2.7755575615628914e-17,17.74886445541373,25.79430264673684,-4.336808689942018e-18,1.0994692465240177,2.527512570185677,-5.551115123125783e-17,2.211069871673434,6.291657021578653,0.0070994897259171515,157.51109472832437,0.6044163120260455,158.12261053007634,160.04701093600642,-0.1169440895122894,0.0,1.3680876994881799,1.2511436099758906,1.0,0.00018288192756459759,0.0,4.242640687119285,0.24671064086178235,0.030433070157215678
2119,381.364891650373,0.19634954084936207,-4.553649124439119e-18,0.1455927342995549,0.3983298899944345,-5.353248226647178e-17,0.10640830161797762,0.2192614965386407,2.220446049250313e-16,17.762659756949578,25.820055393761987,7.806255641895632e-18,1.0989954237381714,2.524819687518666,5.551115123125783e-17,2.2097216364563397,6.291967031684547,0.007093658957095634,157.75604082057794,0.6038954706987213,158.36702995023376,160.28930024280075,-0.11695998542364126,0.0,1.3576622331175194,1.2407022476938783,1.0,0.00018288192756459759,0.0,4.242640687119285,0.24671064086178235,0.030433070157215678
2120,381.5612411912224,0.19634954084936207,-5.421010862427522e-18,0.14549358738233065,0.3978713348471991,-5.323432666903827e-17,0.10659114456634208,0.21691211460248083,8.326672684688674e-17,17.776467600035605,25.85507672362258,3.2959746043559335e-17,1.0983577422385915,2.52090775476429,0.0,2.207479428364872,6.286487609196855,0.00709693078188438,158.00140016755776,0.6031948649677281,158.61169196330738,160.53058749347173,-0.11698284862976133,0.0,1.352617739650311,1.2356348910205497,1.0,0.00018281382335450715,0.0,4.242640687119285,0.25092461036402,0.031481580043167624
2121,381.7575907320718,0.19634954084936207,-5.204170427930421e-18,0.14516360372064055,0.3934475352099924,-5.2366964931049864e-17,0.10715621771313585,0.21973144974513248,-2.7755575615628914e-17,17.79028515772358,25.88685303968056,1.9949319973733282e-17,1.0976073865659826,2.5160470298861126,0.0,2.204696195780458,6.275779156370303,0.007107238130100658,158.24712299655997,0.6023709875221029,158.85660122221216,160.77135724497026,-0.11697411395552725,0.0,1.3499845298696969,1.2330104159141697,1.0,0.00018281382335450715,0.0,4.242640687119285,0.25092461036402,0.031481580043167624
2123,382.15028981377054,0.19634954084936207,-7.15573433840433e-18,0.1439829456885172,0.375124832070993,-5.2800645800044066e-17,0.10909943671006476,0.23921282797974805,2.7755575615628914e-16,17.817923434417597,25.93525435343261,-8.673617379884035e-19,1.0960711625618136,2.509368832102498,-5.551115123125783e-17,2.1990077995220405,6.243783770259581,0.007142139523905563,158.73919775738392,0.6006859966998027,159.34702589360762,161.25333342194426,-0.11707314005056044,0.0,1.3511742006741383,1.2341010606235778,1.0,0.00018281382335450715,0.0,4.242640687119285,0.25092461036402,0.031481580043167624
2124,382.3466393546199,0.19634954084936207,-6.071532165918825e-18,0.14327921126886978,0.3641384933960934,-5.307169634316544e-17,0.11022056643375139,0.2497056921269742,-1.3877787807814457e-16,17.83173099345104,25.946269645607387,1.3877787807814457e-17,1.095429680903107,2.508940263360972,1.1102230246251565e-16,2.1967070270087734,6.2258058008867625,0.007162735888074341,158.98531511140118,0.5999830929017413,159.592460940191,161.49533490897034,-0.11725651552449985,0.0,1.3564745759587062,1.2392180604342065,1.0,0.00018281382335450715,0.0,4.242640687119285,0.25092461036402,0.031481580043167624
2125,382.5429888954693,0.19634954084936207,-5.854691731421724e-18,0.1426313940360358,0.3530926987467738,-5.288196096298048e-17,0.11122119691853126,0.26134405815858147,-2.7755575615628914e-17,17.84552500741377,25.943721512138957,2.42861286636753e-17,1.0949271658151765,2.5111953397427293,-5.551115123125783e-17,2.1949820933906627,6.208640843973192,0.007181201865693765,159.23138139511505,0.5994327492200275,159.83799534620078,161.73827362080334,-0.11746539193527215,0.0,1.3614265574143567,1.2439611654790845,1.0,0.00018281382335450715,0.0,4.242640687119285,0.25092461036402,0.031481580043167624
2127,382.9356879771681,0.19634954084936207,-5.637851296924623e-18,0.14191815461606536,0.3624539773423515,-5.320722161472613e-17,0.11221075505816025,0.2732629628052779,3.0531133177191805e-16,17.87307401515745,25.939161460487348,1.474514954580286e-17,1.09427607870747,2.531163850084423,0.0,2.1930811881974246,6.180788598283883,0.007196709958958449,159.7233873756482,0.5987200682156982,160.32930415382285,162.22661759850544,-0.1179520758571279,0.0,1.3681634506311053,1.2502113747739774,1.0,0.00018281382335450715,0.0,4.242640687119285,0.25092461036402,0.031481580043167624
2128,383.13203751801746,0.19634954084936207,-5.637851296924623e-18,0.1419972035397111,0.3647851184741514,-5.274643569141979e-17,0.11200190351209847,0.27361019608546006,4.440892098500626e-16,17.88683685218425,25.922743189162407,-2.6020852139652106e-17,1.0940184686522958,2.538133481837862,0.0,2.192530560245566,6.170700313965591,0.007190165031627131,159.96946628832822,0.5984382048761572,160.575094658236,162.47147423266705,-0.11861729470045543,0.0,1.372301262191248,1.2536839674907927,1.0,0.00018281382335450715,0.0,4.242640687119285,0.25092461036402,0.031481580043167624
2129,383.32838705886684,0.19634954084936207,-6.288372600415926e-18,0.1423817096905427,0.36531660835465746,-5.309880139747758e-17,0.11133474685425615,0.2704201530486663,5.551115123125783e-17,17.900598986573115,25.92588688442237,-2.7755575615628914e-17,1.0937153057903142,2.5421000261091433,1.1102230246251565e-16,2.1918993037297376,6.1627165599344655,0.007176600127854846,160.21572203905117,0.5981065850600001,160.82100522423903,162.71630589987564,-0.11915627699556991,0.0,1.372712528016807,1.2535562510212372,1.0,0.00018281382335450715,0.0,4.242640687119285,0.25092461036402,0.031481580043167624
2130,383.5247365997162,0.19634954084936207,-6.071532165918825e-18,0.14301076879791358,0.3640665812110975,-5.263801547417124e-17,0.11033144876369623,0.2639230925870374,1.1102230246251565e-16,17.91436442770883,25.947817525695367,1.6479873021779667e-17,1.0933153269606215,2.542757008311404,-5.551115123125783e-17,2.190949807573067,6.156127823780301,0.007161050280256329,160.46222642437974,0.5976692020835054,161.06705667674348,162.9607963648392,-0.11972812681288642,0.0,1.3715494833733126,1.2518213565604261,1.0,0.00018259817976474277,0.0,4.242640687119285,0.24982008758169763,0.031205038079663537
2132,383.917435681415,0.19634954084936207,-6.071532165918825e-18,0.1445562979412202,0.35699480356621605,-5.2719330637107653e-17,0.10806333909963518,0.2537923454633695,2.220446049250313e-16,17.94191048191369,26.01758958063082,2.0816681711721685e-17,1.0921894422071952,2.53473322581598,1.1102230246251565e-16,2.1876677780645726,6.146791793921728,0.00714293597446261,160.95607587050213,0.5964388888344319,161.55965769531102,163.44828696708456,-0.12039910308775618,0.0,1.368416638680686,1.2480175355929297,1.0,0.00018259817976474277,0.0,4.242640687119285,0.24982008758169763,0.031205038079663537
2133,384.11378522226437,0.19634954084936207,-4.336808689942018e-18,0.14522261097820452,0.3577278874138926,-5.242117503967414e-17,0.10716414126330184,0.2452303480274644,2.220446049250313e-16,17.955684042427315,26.05218005540175,-3.469446951953614e-18,1.0915330342041805,2.5270916989848144,0.0,2.18547316747683,6.149376741664512,0.007143461266449719,161.20329471573942,0.5957221823794923,161.80616035938536,163.69148164252042,-0.12105005703060034,0.0,1.366239524689204,1.2451894676586037,1.0,0.00018259817976474277,0.0,4.242640687119285,0.24982008758169763,0.031205038079663537
2134,384.31013476311375,0.19634954084936207,-5.637851296924623e-18,0.14567937793594718,0.36565222202292863,-5.3261431723350405e-17,0.10658993063987832,0.236905948498837,-5.551115123125783e-17,17.96945188560629,26.081692840600226,1.6479873021779667e-17,1.0909004575488526,2.5180613674100187,5.551115123125783e-17,2.183219651303781,6.152312774219248,0.007147573826697724,161.45060053455975,0.5950319041401477,162.0527800125266,163.93475288904324,-0.12131272626427429,0.0,1.3668517107000753,1.245538984435801,1.0,0.00018259817976474277,0.0,4.242640687119285,0.24982008758169763,0.031205038079663537
2135,384.50648430396313,0.19634954084936207,-4.9873299934333204e-18,0.14586384676946013,0.37284980094426656,-5.266512052848338e-17,0.10639560854753985,0.23317723279780667,8.326672684688674e-17,17.98321018342622,26.110477430727688,-6.938893903907228e-18,1.0903597404633736,2.508507860261775,5.551115123125783e-17,2.1812319551513397,6.154675731376605,0.007151695651291562,161.69792425064225,0.5944421818116776,162.2995181281052,164.1785589773037,-0.12142049421226143,0.0,1.3696237413380365,1.2482032471257751,1.0,0.00018259817976474277,0.0,4.242640687119285,0.24982008758169763,0.031205038079663537
2137,384.8991833856619,0.19634954084936207,-2.8189256484623115e-18,0.14534483821303007,0.37685723678594396,-5.312590645178972e-17,0.10715508456229912,0.2270832719824072,-1.6653345369377348e-16,18.010695358603012,26.14694382151617,-7.806255641895632e-18,1.08972014082572,2.495740178070711,-1.6653345369377348e-16,2.1792581914369396,6.152903698249803,0.007152366565129404,162.19257365020204,0.5937449926606133,162.79347100942778,164.66949089362353,-0.12128264522250841,0.0,1.3778314986212132,1.2565488533987048,1.0,0.00018259817976474277,0.0,4.242640687119285,0.24982008758169763,0.031205038079663537
2138,385.0955329265113,0.19634954084936207,-2.6020852139652106e-18,0.14468925129159035,0.37298305402866083,-5.309880139747758e-17,0.10802763743459053,0.2325992080510801,4.163336342344337e-16,18.024428252195413,26.15537476680872,-1.0408340855860843e-17,1.0896238428430889,2.4940974046088513,-5.551115123125783e-17,2.179658468258218,6.146579410351574,0.00714942714968286,162.4400069092701,0.59364005944607,163.04079639586584,164.9171824356394,-0.12090733623043769,0.0,1.3886960420102001,1.2677887057797625,1.0,0.00018259817976474277,0.0,4.242640687119285,0.24982008758169763,0.031205038079663537
2139,385.29188246736067,0.19634954084936207,-4.9873299934333204e-18,0.14385525676523375,0.36986549028443944,-5.231275482242559e-17,0.10910545731040813,0.2469480408548665,4.163336342344337e-16,18.03816229805087,26.180096991079136,-4.336808689942018e-18,1.0896262247073378,2.4916137843495063,-1.1102230246251565e-16,2.1810317406981667,6.149946413257028,0.007145214113169394,162.68764954541192,0.5936426547849828,163.28843741431007,165.1664429216569,-0.1205662356262691,0.0,1.396311157641041,1.2757449220147719,1.0,0.00018259817976474277,0.0,4.242640687119285,0.24982008758169763,0.031205038079663537
2141,385.68458154905943,0.19634954084936207,-3.2526065174565133e-18,0.1420904616892285,0.37565094497460766,-5.277354074573193e-17,0.11123440238776719,0.2655582231542972,1.942890293094024e-16,18.065662640051766,26.24021954906272,-1.214306433183765e-17,1.0896792991443645,2.484068221105763,-1.1102230246251565e-16,2.1860301114992318,6.180371206797875,0.0071284466169668805,163.18408331208104,0.5937004874918768,163.7849122461899,165.66886919874474,-0.11980016056012902,0.0,1.4054860531776698,1.2856858926175407,1.0,0.00018178999876175265,0.0,4.242640687119285,0.2454965653293726,0.030134281794259456
2142,385.8809310899088,0.19634954084936207,-5.854691731421724e-18,0.1414230452257356,0.3729846238433713,-5.296327612591689e-17,0.11192177455445694,0.2679052643994303,1.3877787807814457e-16,18.07943533778961,26.263876925557152,2.7755575615628914e-17,1.0896139123743909,2.4794495455148664,5.551115123125783e-17,2.189019388826971,6.197224052934948,0.007112342632243443,163.4329910666579,0.5936292390199134,164.03373264831006,165.92114947618828,-0.11916428220399214,0.0,1.4103403807975141,1.291176098593522,1.0,0.00018178999876175265,0.0,4.242640687119285,0.2454965653293726,0.030134281794259456
2143,386.0772806307582,0.19634954084936207,-3.0357660829594124e-18,0.14106186762566672,0.3710265365713725,-5.3044591288853304e-17,0.11216983644827012,0.2649296308143602,3.3306690738754696e-16,18.0932201535198,26.279872555595166,6.938893903907228e-18,1.0894398477985854,2.4818151813342917,5.551115123125783e-17,2.1917714158609853,6.212695158486454,0.007091463763057114,163.68230776186752,0.5934395909857024,164.28283881661628,166.173321131236,-0.11905861965958343,0.0,1.4097568265256069,1.2906982068660233,1.0,0.00018178999876175265,0.0,4.242640687119285,0.2454965653293726,0.030134281794259456
2144,386.2736301716076,0.19634954084936207,-4.9873299934333204e-18,0.1410792028296404,0.3721547756384824,-5.231275482242559e-17,0.11193530480510426,0.26579081808727795,2.7755575615628914e-17,18.107012294087287,26.28621122586444,1.5612511283791264e-17,1.0891540816596843,2.487845277803023,0.0,2.1938385774558022,6.224993444277175,0.007069908117454035,163.93194710911413,0.5931283067979751,164.53214532402956,166.42476411088953,-0.11908086002463121,0.0,1.4061542368887059,1.2870733768640747,1.0,0.00018178999876175265,0.0,4.242640687119285,0.2454965653293726,0.030134281794259456
2146,386.66632925330634,0.19634954084936207,-5.637851296924623e-18,0.1422092978198775,0.370171785231723,-5.266512052848338e-17,0.11029610901250277,0.2633374942713926,3.0531133177191805e-16,18.134591604659136,26.297806883838614,1.734723475976807e-18,1.0883387280686303,2.512381980255679,-5.551115123125783e-17,2.1945266317452012,6.235063119105127,0.007049017830302862,164.43170633388678,0.5922405935070219,165.0309959452241,166.92354226583964,-0.11936026173706256,0.0,1.3960968985664721,1.2767366368294095,1.0,0.00018178999876175265,0.0,4.242640687119285,0.2454965653293726,0.030134281794259456
2147,386.8626787941557,0.19634954084936207,-3.2526065174565133e-18,0.143144929315068,0.3730043274264507,-5.3017486234541167e-17,0.10918496290622576,0.257979410596917,1.6653345369377348e-16,18.14836675389344,26.31776959061534,-4.336808689942018e-18,1.0878766819962826,2.526235061372542,-1.1102230246251565e-16,2.1928562442634543,6.231950687418871,0.007058076126586166,164.68160791691244,0.5917378376156206,165.28040383065465,167.17046866543166,-0.1198322987050671,0.0,1.3841143743821367,1.2642820756770696,1.0,0.00018178999876175265,0.0,4.242640687119285,0.2454965653293726,0.030134281794259456
2148,387.0590283350051,0.19634954084936207,-6.5052130349130266e-18,0.14414527232664195,0.38314994688309756,-5.277354074573193e-17,0.10810594349344493,0.2481172012049242,2.7755575615628914e-16,18.16212839993545,26.331092651811016,6.071532165918825e-18,1.0874161590569005,2.538318937240888,-1.1102230246251565e-16,2.1899929854747473,6.224010879959252,0.0070796338991390975,164.93145400787094,0.5912369514890311,165.52977059325912,167.4159462493838,-0.1202185622736219,0.0,1.377138929201775,1.2569203669281532,1.0,0.00018178999876175265,0.0,4.242640687119285,0.2454965653293726,0.030134281794259456
2149,387.2553778758545,0.19634954084936207,-6.288372600415926e-18,0.1450664973006306,0.39015004400522746,-5.2475385148298415e-17,0.10720750585174811,0.23642242547776995,3.0531133177191805e-16,18.175878005464543,26.352734927327113,1.214306433183765e-17,1.0869692120333705,2.5479479384147483,1.1102230246251565e-16,2.186291726711843,6.21247866933293,0.0071091571425836815,165.18127063476484,0.5907510339542231,165.77913082586167,167.66044716867384,-0.1206082977729336,0.0,1.372533680273742,1.2519253825008083,1.0,0.00018178999876175265,0.0,4.242640687119285,0.2454965653293726,0.030134281794259456
2151,387.64807695755326,0.19634954084936207,-3.686287386450715e-18,0.146219209712069,0.3993497879674063,-5.266512052848338e-17,0.10637601817311944,0.2200638230068565,0.0,18.20335838521228,26.387070106318852,2.168404344971009e-17,1.0861011227313295,2.5605396010156865,0.0,2.1783368552950457,6.185261277497364,0.007171535680979267,165.68112825023906,0.5898078243991273,166.27810761031915,168.14910632760518,-0.12121880609890189,0.0,1.3721776148658174,1.2509588087669155,1.0,0.00018212815391236082,0.0,4.242640687119285,0.2522241944178386,0.031808522124863826
2152,387.84442649840264,0.19634954084936207,-5.637851296924623e-18,0.14631733403082092,0.39885452497674595,-5.296327612591689e-17,0.10655933125439304,0.21903256297410995,1.6653345369377348e-16,18.217100998222335,26.395416015602024,4.336808689942018e-18,1.0856637558780131,2.5682322337435894,5.551115123125783e-17,2.175083844683832,6.172912938034075,0.007197818151942485,165.93138438971664,0.589332895413577,166.52791510328217,168.39461522617495,-0.12167333318894318,0.0,1.3784986801460186,1.2568253469570754,1.0,0.00018212815391236082,0.0,4.242640687119285,0.2522241944178386,0.031808522124863826
2153,388.040776039252,0.19634954084936207,-4.336808689942018e-18,0.14607674105020296,0.39419419452000415,-5.318011656041399e-17,0.10714017356125785,0.22112241900821483,2.498001805406602e-16,18.230851559171946,26.409402141433425,5.204170427930421e-18,1.08522461099603,2.573264077197194,0.0,2.1728384396015863,6.163088116242099,0.007218992323036384,166.18197428628105,0.5888562281557422,166.77804950675983,168.6416369937603,-0.12177754008394612,0.0,1.386202088007081,1.2644245479231349,1.0,0.00018212815391236082,0.0,4.242640687119285,0.2522241944178386,0.031808522124863826
2155,388.4334751209508,0.19634954084936207,-4.553649124439119e-18,0.14477407177208956,0.37484092985257056,-5.2936171071604754e-17,0.10912791004015714,0.24390600133320434,-2.7755575615628914e-17,18.25837514110008,26.460475310726714,9.540979117872439e-18,1.0844158325053808,2.5739310664002835,0.0,2.171993533822366,6.152447108643026,0.007241327126071327,166.6841313965707,0.5879788488941688,167.27935157259097,169.1410705174459,-0.12177064822254745,0.0,1.3997916018480265,1.2780209536254792,1.0,0.00018212815391236082,0.0,4.242640687119285,0.2522241944178386,0.031808522124863826
2156,388.62982466180017,0.19634954084936207,-5.204170427930421e-18,0.1439092106847062,0.3631958645929524,-5.252959525692269e-17,0.11022277419215586,0.2559501286620994,1.1102230246251565e-16,18.272140281941727,26.489545171029064,-4.336808689942018e-18,1.0841031010605295,2.5694649062368415,0.0,2.173241026616974,6.150708008453615,0.007239492128419869,166.9355552414788,0.5876397668645283,167.53043450047173,169.39327793847448,-0.12166190159645034,0.0,1.4123014896015271,1.2906395880050767,1.0,0.00018212815391236082,0.0,4.242640687119285,0.2522241944178386,0.031808522124863826
2157,388.82617420264955,0.19634954084936207,-6.071532165918825e-18,0.14308265703495254,0.358077844694343,-5.2366964931049864e-17,0.1111471087488495,0.2644832414178329,3.885780586188048e-16,18.285900198196853,26.519708477325672,2.0816681711721685e-17,1.083883140773916,2.5621620723839715,0.0,2.175216849635396,6.149909395224877,0.007228661911531269,167.18707302920782,0.5874013314269642,167.78170302254634,169.64662780656644,-0.12157700246474659,0.0,1.4180485913105523,1.2964715888458056,1.0,0.00018212815391236082,0.0,4.242640687119285,0.2522241944178386,0.031808522124863826
2158,389.02252374349894,0.19634954084936207,-4.119968255444917e-18,0.14243845864406626,0.3620884051235609,-5.3261431723350405e-17,0.11175400324331748,0.26931524236734106,1.1102230246251565e-16,18.2996502615397,26.540713901404096,-3.469446951953614e-18,1.0837592334260548,2.5525935764887357,0.0,2.1774849112574053,6.148719987129036,0.007211548998507007,167.43859984733504,0.5872670380181149,168.03307843435167,169.90053441783326,-0.12152593272389077,0.0,1.4208911174846195,1.2993651847607288,1.0,0.00018212815391236082,0.0,4.242640687119285,0.2522241944178386,0.031808522124863826
2160,389.4152228251977,0.19634954084936207,-5.637851296924623e-18,0.1421134132353143,0.36608577649013113,-5.328853677766254e-17,0.11172758726049942,0.2667690214235432,-8.326672684688674e-17,18.327115607374783,26.565411650063435,1.0408340855860843e-17,1.0836936308924818,2.5501163620167007,0.0,2.181062239940732,6.140973140512022,0.007178044169297068,167.94158324304018,0.5871959428184652,168.53595723002795,170.4075519463601,-0.12158141651197098,0.0,1.4190638460208553,1.2974824295088843,1.0,0.00018090005530344545,0.0,4.242640687119285,0.24202844962633133,0.029288885214262803
2161,389.6115723660471,0.19634954084936207,-5.854691731421724e-18,0.142487218435971,0.3659123862963287,-5.2909066017292616e-17,0.11111603339277486,0.2629390349384294,8.326672684688674e-17,18.340844007754633,26.58163141411027,-5.204170427930421e-18,1.0836545520251306,2.552400408813679,-5.551115123125783e-17,2.1816525250045604,6.140536101686612,0.007169644944133262,168.1932794583945,0.5871535940623931,168.787602697401,170.65985038122523,-0.12098168182997827,0.0,1.4124025778377671,1.2914208960077889,1.0,0.00018090005530344545,0.0,4.242640687119285,0.24202844962633133,0.029288885214262803
2162,389.80792190689647,0.19634954084936207,-5.421010862427522e-18,0.14313552331366988,0.36432353329449685,-5.2787093272888e-17,0.11021223604548845,0.2574000178973798,1.942890293094024e-16,18.35457083463628,26.5915362394325,-1.3877787807814457e-17,1.083528714700155,2.5602716516303587,0.0,2.1812044159989585,6.151052128028086,0.007167124625776542,168.4451352618403,0.587017237789885,169.03931962425597,170.9109030922267,-0.12123516293500222,0.0,1.4063701142162819,1.2851349512812797,1.0,0.00018090005530344545,0.0,4.242640687119285,0.24202844962633133,0.029288885214262803
2163,390.00427144774585,0.19634954084936207,-5.204170427930421e-18,0.1439255661868426,0.3614423891367403,-5.274643569141979e-17,0.10914746525137413,0.25560500487734833,2.498001805406602e-16,18.368301581676725,26.600525878409275,-7.806255641895632e-18,1.0832701277571244,2.5638282360655626,-5.551115123125783e-17,2.1797647371558,6.160025388913678,0.007166715708453492,168.69725149771384,0.5867370848454682,169.29115529826777,171.16076344663713,-0.12154357812858062,0.0,1.400617954994374,1.2790743768657935,1.0,0.00018090005530344545,0.0,4.242640687119285,0.24202844962633133,0.029288885214262803
2165,390.3969705294446,0.19634954084936207,-4.9873299934333204e-18,0.14532298921208153,0.3586708395003658,-5.266512052848338e-17,0.10715924416756344,0.2512231008180738,1.6653345369377348e-16,18.39578769760955,26.650748764687435,6.938893903907228e-18,1.0823104405644786,2.5563232808882073,0.0,2.1748432717859623,6.16829148032911,0.007154038245328958,169.20250250776144,0.5856979448774378,169.7953544908842,171.65813711510648,-0.1220498424975165,0.0,1.3950800085383834,1.273030166040867,1.0,0.00018090005530344545,0.0,4.242640687119285,0.24202844962633133,0.029288885214262803
2166,390.593320070294,0.19634954084936207,-3.686287386450715e-18,0.14567801644155315,0.3661663447072644,-5.353248226647178e-17,0.10653954638116592,0.2448030657491094,8.326672684688674e-17,18.40954235960569,26.673403550297333,-8.673617379884035e-19,1.081670352443204,2.54528212761658,-5.551115123125783e-17,2.1720482298148136,6.165929214000189,0.007137455434765785,169.4556249450582,0.5850053756773028,170.04776777617025,171.90657740026077,-0.12253016756948315,0.0,1.3941831826900986,1.2716530151206153,1.0,0.00018090005530344545,0.0,4.242640687119285,0.24202844962633133,0.029288885214262803
2167,390.7896696111434,0.19634954084936207,-4.9873299934333204e-18,0.14570878589558867,0.37257206472346055,-5.263801547417124e-17,0.10631772914842688,0.23711518809803206,1.3877787807814457e-16,18.423299769539387,26.700204597375233,1.3010426069826053e-17,1.0810091980330456,2.530030838275581,-1.1102230246251565e-16,2.169518596815779,6.1590118369020175,0.00711574226251961,169.70898719915502,0.5842904431160243,170.30039338453358,172.15552278197052,-0.12279411667050921,0.0,1.3969265328260403,1.2741324161555312,1.0,0.00018090005530344545,0.0,4.242640687119285,0.24202844962633133,0.029288885214262803
2169,391.18236869284215,0.19634954084936207,-6.5052130349130266e-18,0.14481593047947913,0.37611951120936526,-5.2692225582795515e-17,0.10713993409976083,0.23709289153311874,5.551115123125783e-17,18.45080119534722,26.77723650289344,-1.3010426069826053e-17,1.0799212660937072,2.511388160829404,0.0,2.1663857311533263,6.133993016435108,0.00706991288153227,170.21603237511323,0.5831149704807177,170.80621725847547,172.65650355571532,-0.12306686369354267,0.0,1.404941439708672,1.2818745760151293,1.0,0.00018090005530344545,0.0,4.242640687119285,0.24202844962633133,0.029288885214262803
2170,391.37871823369153,0.19634954084936207,-4.7704895589362195e-18,0.1440113918809568,0.37229027385057245,-5.307169634316544e-17,0.10804764956097572,0.2457178222265863,8.326672684688674e-17,18.464537182007625,26.804136806446767,1.734723475976807e-18,1.079597027872848,2.5129702596440286,5.551115123125783e-17,2.166064514939165,6.126574501448343,0.0070509326537960305,170.469566672871,0.5827648712959435,171.05938247682073,172.90894292849399,-0.12321499320916354,0.0,1.4149224739400257,1.2917074807308622,1.0,0.00018140537757489817,0.0,4.242640687119285,0.25216061200979517,0.03179248712457723
2171,391.5750677745409,0.19634954084936207,-4.7704895589362195e-18,0.14310383119004624,0.3700495750939617,-5.307169634316544e-17,0.10911091906332179,0.2513194684337857,3.608224830031759e-16,18.478258900709793,26.82365177834379,-1.5612511283791264e-17,1.0794284076078422,2.518566942411484,5.551115123125783e-17,2.1665243691458427,6.13982809102122,0.007036462165425646,170.72302600083034,0.582582843575401,171.31264530657117,173.16256166751432,-0.12358797364696561,0.0,1.4212943548074681,1.2977063811605025,1.0,0.00018140537757489817,0.0,4.242640687119285,0.25216061200979517,0.03179248712457723
2172,391.7714173153903,0.19634954084936207,-5.854691731421724e-18,0.14222209437745736,0.3695711492837246,-5.274643569141979e-17,0.11017270303576292,0.252986417418287,1.942890293094024e-16,18.491972755288597,26.83633491322514,-1.0408340855860843e-17,1.0793782771401195,2.52237581625149,0.0,2.167561196412254,6.152785540249597,0.0070275998853782965,170.97652819116783,0.5825287325809863,171.5660845236342,173.41716007206713,-0.12358293834892409,0.0,1.4262945695525133,1.3027116312035893,1.0,0.00018140537757489817,0.0,4.242640687119285,0.25216061200979517,0.03179248712457723
2174,392.16411639708906,0.19634954084936207,-4.7704895589362195e-18,0.141054520285602,0.3735408746672442,-5.328853677766254e-17,0.11171120431226203,0.2603072155115656,8.326672684688674e-17,18.51939756099453,26.844479233941357,-4.336808689942018e-18,1.0793611254065594,2.5217161968901864,-5.551115123125783e-17,2.1701145375569615,6.17388564162963,0.007031899307594256,171.4840430110851,0.5825102195194571,172.07358512991217,173.92763256808297,-0.12355559867418417,0.0,1.4296246687602536,1.3060690700860695,1.0,0.00018140537757489817,0.0,4.242640687119285,0.25216061200979517,0.03179248712457723
2175,392.36046593793844,0.19634954084936207,-3.903127820947816e-18,0.14096553870666495,0.37649224903301864,-5.309880139747758e-17,0.11196782648071009,0.25996949889373844,8.326672684688674e-17,18.53311841042138,26.841505154735465,2.6020852139652106e-17,1.079257669898562,2.5164893758207385,0.0,2.1709914175257574,6.181198824562271,0.007046120681906436,171.73823900735002,0.5823985590174366,172.32768368704936,174.18264725450877,-0.12354662999987936,0.0,1.4286512860872875,1.3051046560874082,1.0,0.00018140537757489817,0.0,4.242640687119285,0.25216061200979517,0.03179248712457723
2176,392.5568154787878,0.19634954084936207,-5.637851296924623e-18,0.14125259987221178,0.37790336279618053,-5.274643569141979e-17,0.11180666054403277,0.25624508251395395,4.163336342344337e-16,18.546848123756337,26.862735879255844,-9.540979117872439e-18,1.079037221051039,2.508025150707235,5.551115123125783e-17,2.17130371444091,6.186517580600686,0.00706604673023716,171.992787662842,0.5821606622067745,172.58201437177902,174.43710618547885,-0.12356829334551518,0.0,1.4259485889464343,1.3023802956009192,1.0,0.00018140537757489817,0.0,4.242640687119285,0.25216061200979517,0.03179248712457723
2177,392.7531650196372,0.19634954084936207,-4.336808689942018e-18,0.14186798229828634,0.377768921822205,-5.2014599224992075e-17,0.1112396192937624,0.25807770255703066,2.498001805406602e-16,18.56058540525666,26.89540546824907,-1.734723475976807e-18,1.0787038394888449,2.496953790393091,0.0,2.170995822094644,6.190316950071844,0.007087142665240954,172.24766529291324,0.5818009866639879,172.83655342224245,174.69092458098564,-0.12361173089044541,0.0,1.4228000596441168,1.2991883287536714,1.0,0.00018140537757489817,0.0,4.242640687119285,0.25216061200979517,0.03179248712457723
2179,393.145864101336,0.19634954084936207,-6.071532165918825e-18,0.14361897878366564,0.3728648189217668,-5.296327612591689e-17,0.10924596516848101,0.2482869811656057,2.7755575615628914e-17,18.588065600038767,26.9539869791966,4.336808689942018e-18,1.0778744691340467,2.468529380885851,0.0,2.168999642392901,6.1954671147423195,0.0071113941765995215,172.75809137567228,0.5809066856055014,173.34610945545438,175.19724719220903,-0.12369758479518102,0.0,1.4195364435856603,1.2958388587904792,1.0,0.00018140537757489817,0.0,4.242640687119285,0.25216061200979517,0.03179248712457723
2180,393.34221364218536,0.19634954084936207,-6.938893903907228e-18,0.14446268029349207,0.3802573222160749,-5.364090248372033e-17,0.10812757667640417,0.24138963724342694,-2.7755575615628914e-17,18.601798263082365,26.980003538394868,1.0408340855860843e-17,1.077504132322965,2.4534603987508907,0.0,2.1677906299416585,6.197527133203332,0.0071077080518993615,173.01344931020702,0.5805075775865328,173.60106459584546,175.45038755155295,-0.12376747596908642,0.0,1.4193936739529722,1.295626197983886,1.0,0.00018087906789230658,0.0,4.242640687119285,0.24576622058887296,0.03020051759126928
2181,393.53856318303474,0.19634954084936207,-6.071532165918825e-18,0.14510991658459627,0.38753745622388636,-5.345116710353537e-17,0.10717185329075472,0.2342582769137359,-8.326672684688674e-17,18.61552480494527,27.00031327817736,-2.6020852139652106e-18,1.0772378902406687,2.439106958562593,5.551115123125783e-17,2.1668086367264263,6.199335542273677,0.00709389163080277,173.26888188176636,0.5802207360850835,173.85619650948226,175.70408335597924,-0.1234206536300233,0.0,1.4217448906439936,1.2983242370139703,1.0,0.00018087906789230658,0.0,4.242640687119285,0.24576622058887296,0.03020051759126928
2183,393.9312622647335,0.19634954084936207,-4.7704895589362195e-18,0.14552492134465636,0.39620964394922425,-5.2475385148298415e-17,0.1063206729673352,0.2246074249320188,1.3877787807814457e-16,18.642951168560696,27.02079393980244,6.938893903907228e-18,1.0770716022434843,2.442934374909732,0.0,2.1663061252830067,6.200708025322385,0.0070514793183404315,173.77981413666927,0.5800416181796731,174.3669072341673,176.21402705402537,-0.1233618644269271,0.0,1.428011245674727,1.3046493812477997,1.0,0.00018087906789230658,0.0,4.242640687119285,0.24576622058887296,0.03020051759126928
2184,394.1276118055829,0.19634954084936207,-3.2526065174565133e-18,0.14526367509157462,0.39556105328543,-5.288196096298048e-17,0.10654732460856248,0.22255320243909874,-3.885780586188048e-16,18.65665886042642,27.02084417227366,1.3010426069826053e-17,1.077122696248349,2.4472149963201333,5.551115123125783e-17,2.166922151782393,6.199124129044692,0.007031476665423914,174.03545991716376,0.5800966513866567,174.62258804521585,176.47048363181153,-0.12323166860305129,0.0,1.4353049694663098,1.3120733008632586,1.0,0.00018087906789230658,0.0,4.242640687119285,0.24576622058887296,0.03020051759126928
2185,394.32396134643227,0.19634954084936207,-4.9873299934333204e-18,0.14473718408428177,0.3909689450652626,-5.263801547417124e-17,0.1071645940110983,0.22324884104763723,-5.551115123125783e-17,18.670370357240127,27.0181050856584,5.204170427930421e-18,1.0771927887983177,2.4522919806393983,-1.1102230246251565e-16,2.168009338237981,6.195165709297649,0.00701591739366543,174.29136463825537,0.5801721521195485,174.8785527077686,176.7277962723736,-0.12312185527851248,0.0,1.4395061050303424,1.3163842497518299,1.0,0.00018087906789230658,0.0,4.242640687119285,0.24576622058887296,0.03020051759126928
2186,394.52031088728165,0.19634954084936207,-4.7704895589362195e-18,0.14401937450364324,0.3827102889505789,-5.334274688628682e-17,0.10806321256789049,0.2286767758661612,2.7755575615628914e-17,18.684090481545827,27.034480913564078,4.336808689942018e-18,1.0772213739572785,2.451452890137434,-1.1102230246251565e-16,2.169350818636,6.188286231424943,0.007005566332171138,174.5476185612957,0.5802029442552035,175.13482707188308,176.98567241920372,-0.12302457312721443,0.0,1.4422723184943247,1.3192477453671103,1.0,0.00018087906789230658,0.0,4.242640687119285,0.24576622058887296,0.03020051759126928
2188,394.9130099689804,0.19634954084936207,-4.553649124439119e-18,0.14241334285194746,0.3607061284979355,-5.3017486234541167e-17,0.11012375527697274,0.24539904085256647,0.0,18.711562928267092,27.069914879674478,-3.0357660829594124e-17,1.0769833199842398,2.435484521275505,0.0,2.1715895187267074,6.164671703355746,0.007000469127744654,175.06129360924965,0.5799465357621375,175.64824061413952,177.50145343011943,-0.12297466816545014,0.0,1.442381836978396,1.3194071688129458,1.0,0.00018087906789230658,0.0,4.242640687119285,0.24576622058887296,0.03020051759126928
2189,395.1093595098298,0.19634954084936207,-4.9873299934333204e-18,0.14175624679317042,0.3483825575254869,-5.266512052848338e-17,0.11098790649254428,0.2502283313845165,2.220446049250313e-16,18.72531040424884,27.097858175635473,-4.163336342344337e-17,1.0766934746054106,2.4428005248451226,0.0,2.171855237047791,6.148129626071382,0.007006078310748958,175.31862486773497,0.5796344191289358,175.90526536517464,177.7584776803904,-0.12308560914561531,0.0,1.4382548493370773,1.3151692401914619,1.0,0.00018087906789230658,0.0,4.242640687119285,0.24576622058887296,0.03020051759126928
2190,395.3057090506792,0.19634954084936207,-6.071532165918825e-18,0.14134239400819254,0.35333498286100085,-5.320722161472613e-17,0.11157058965265594,0.25805280020711,1.1102230246251565e-16,18.739057910959037,27.143603468043498,3.469446951953614e-18,1.076316936745535,2.4517424793858433,-5.551115123125783e-17,2.1712229901936246,6.131857166246893,0.007017429109696091,175.57614569513822,0.5792290741626459,176.16239219841057,178.0144577763225,-0.12329689436261579,0.0,1.4332976013849945,1.3100007070223787,1.0,0.00017925782384161686,0.0,4.242640687119285,0.23769421758835887,0.028249270537471047
2191,395.50205859152857,0.19634954084936207,-5.854691731421724e-18,0.14124600676036198,0.35747457987791575,-5.244828009398628e-17,0.11178601077577012,0.26327230453944866,0.0,18.75280966589263,27.17448784397896,1.9081958235744878e-17,1.075901167718297,2.469901276915768,5.551115123125783e-17,2.169601449390492,6.130757719193093,0.0070338362419930375,175.83393518259803,0.5787816613487974,176.4197506801888,178.26946836282093,-0.12251533973658864,0.0,1.4276677798287234,1.3051524400921348,1.0,0.00017925782384161686,0.0,4.242640687119285,0.23769421758835887,0.028249270537471047
2193,395.89475767322733,0.19634954084936207,-4.9873299934333204e-18,0.14203906820348622,0.3620866439953154,-5.296327612591689e-17,0.11100673060248685,0.2652679290219821,2.7755575615628914e-16,18.78027457716806,27.234778439426417,1.0408340855860843e-17,1.0750998312690823,2.5087998206923823,5.551115123125783e-17,2.163749633519669,6.118445392972013,0.007072216415091687,176.34935659691251,0.5779198235974046,176.934348636925,178.77635782919268,-0.12319546366403206,0.0,1.4205018837034649,1.2973064200394329,1.0,0.00017925782384161686,0.0,4.242640687119285,0.23769421758835887,0.028249270537471047
2194,396.0911072140767,0.19634954084936207,-6.288372600415926e-18,0.14280278551467337,0.3624602660871619,-5.2800645800044066e-17,0.11010913786615643,0.2648704347673867,0.0,18.793985854347923,27.246280488038384,-2.2551405187698492e-17,1.0747681526054198,2.5275799924047417,-1.1102230246251565e-16,2.1600855342944807,6.110217781775866,0.0070878918226194845,176.60695214671483,0.5775632909274336,177.19160332946487,179.02897838956878,-0.12399416327436158,0.0,1.4170969762144465,1.293102812940085,1.0,0.00017925782384161686,0.0,4.242640687119285,0.23769421758835887,0.028249270537471047
2195,396.2874567549261,0.19634954084936207,-5.421010862427522e-18,0.14365801369534137,0.3612744675069175,-5.285485590866834e-17,0.10903577798279832,0.2654672588036476,1.1102230246251565e-16,18.807687083531402,27.253643945458236,-2.3418766925686896e-17,1.0744903463134436,2.5446923160513837,-1.1102230246251565e-16,2.1564776104228462,6.110469851733651,0.00709838998890227,176.864546716017,0.577264752160392,177.4489098581663,179.28178144507547,-0.12454003007144443,0.0,1.4184750683292326,1.2939350382577883,1.0,0.00017925782384161686,0.0,4.242640687119285,0.23769421758835887,0.028249270537471047
2197,396.68015583662486,0.19634954084936207,-4.336808689942018e-18,0.1451347323848422,0.3566236208777995,-5.299038118022903e-17,0.1070608081835989,0.255241253030711,-5.551115123125783e-17,18.83508231788048,27.262971805024552,-1.9949319973733282e-17,1.0740525424680858,2.5709562370087187,-5.551115123125783e-17,2.151165096507514,6.1043253405696625,0.00710681216063793,177.38016296066698,0.5767944319910796,177.9640642048187,179.79028668036648,-0.12524226038841943,0.0,1.426324087250053,1.3010818268616338,1.0,0.00017925782384161686,0.0,4.242640687119285,0.23769421758835887,0.028249270537471047
2198,396.87650537747425,0.19634954084936207,-5.854691731421724e-18,0.14555955810520835,0.3643296381502001,-5.331564183197468e-17,0.10648482109672018,0.24473676938101813,5.551115123125783e-17,18.848786532722684,27.28823757476743,8.673617379884035e-18,1.073872567673475,2.5790110971586717,0.0,2.1501322343421263,6.100803787396622,0.007109419908054226,177.63837687807404,0.5766011458008112,178.22208744378293,180.04691711837617,-0.12572518126632382,0.0,1.438654455465363,1.3129292741990393,1.0,0.00017925782384161686,0.0,4.242640687119285,0.23769421758835887,0.028249270537471047
2199,397.0728549183236,0.19634954084936207,-4.9873299934333204e-18,0.1457049219481593,0.3702153414215943,-5.355958732078392e-17,0.10631695346738375,0.23627375814161594,-1.1102230246251565e-16,18.862498312058683,27.320702208878828,5.204170427930421e-18,1.0737208318856468,2.583214273758618,-1.1102230246251565e-16,2.1503939940267403,6.098499550012898,0.007113513743665073,177.89692128620837,0.5764382124126026,178.48047301236463,180.30544369375468,-0.12585415196887573,0.0,1.4482867492228215,1.322432597253946,1.0,0.00017925782384161686,0.0,4.242640687119285,0.23769421758835887,0.028249270537471047
2200,397.269204459173,0.19634954084936207,-3.0357660829594124e-18,0.145565011566371,0.3738164208052138,-5.312590645178972e-17,0.10656728790850908,0.23044003596096468,4.163336342344337e-16,18.876216459317494,27.347602488084924,-6.071532165918825e-18,1.0736128917856327,2.5834117756380692,5.551115123125783e-17,2.151889466429697,6.0978597481927865,0.007119013395385,178.1557739095043,0.5763223207041542,178.73921524360384,180.56580719875538,-0.12582709040826334,0.0,1.4575009196060837,1.3316738291978205,1.0,0.00018057676493319646,0.0,4.242640687119285,0.2556101674064018,0.03266827884076438
2202,397.6619035408718,0.19634954084936207,-5.421010862427522e-18,0.14456187308302523,0.36928235817401966,-5.3044591288853304e-17,0.10804825922310514,0.2465972155440129,1.6653345369377348e-16,18.9036389720672,27.381111231086077,1.3877787807814457e-17,1.0735953582751476,2.571908550266002,0.0,2.1574759640446737,6.099658797707844,0.00712742931839324,178.67378319312888,0.5763034966549713,179.25721411910223,181.09028730032344,-0.12642890570380735,0.0,1.4676416452656147,1.3412127395618074,1.0,0.00018057676493319646,0.0,4.242640687119285,0.2556101674064018,0.03266827884076438
2203,397.85825308172116,0.19634954084936207,-5.637851296924623e-18,0.14382904286216164,0.3727630188959151,-5.3396956994911093e-17,0.10905360521574205,0.25520844778325397,3.0531133177191805e-16,18.91734408416271,27.387570251601627,-3.0357660829594124e-17,1.0737069143572828,2.5608246519564943,0.0,2.160727421979322,6.099780563153742,0.007127218794989112,178.93295359930298,0.5764232689693187,179.51650408706726,181.35348796390184,-0.12591340373314808,0.0,1.4720884955696145,1.3461750918364666,1.0,0.00018057676493319646,0.0,4.242640687119285,0.2556101674064018,0.03266827884076438
2204,398.05460262257054,0.19634954084936207,-5.421010862427522e-18,0.14306351540747397,0.37930503401107857,-5.334274688628682e-17,0.11006105397326708,0.26040178191631497,5.551115123125783e-17,18.93104179158786,27.426870725144177,-8.673617379884035e-18,1.0738792537707618,2.5469090617277192,-1.1102230246251565e-16,2.1636537168459107,6.0972791929730175,0.007123743119659556,179.19217165742302,0.5766083258396238,179.7759037263823,181.61648935195564,-0.12552285317856177,0.0,1.4708158331576144,1.3452929799790527,1.0,0.00018057676493319646,0.0,4.242640687119285,0.2556101674064018,0.03266827884076438
2205,398.2509521634199,0.19634954084936207,-6.5052130349130266e-18,0.1423720757143785,0.38176394714818185,-5.2909066017292616e-17,0.11093699044784466,0.26204434227449275,2.7755575615628914e-16,18.94473263737901,27.459343971651283,2.6020852139652106e-18,1.074072787698644,2.5355511027473474,-1.1102230246251565e-16,2.165852318381234,6.117415791628587,0.007117789845797978,179.4514473508867,0.5768161766373683,180.03538131736988,181.87874488556733,-0.12515983535030004,0.0,1.4668319249094215,1.3416720895591214,1.0,0.00018057676493319646,0.0,4.242640687119285,0.2556101674064018,0.03266827884076438
2207,398.6436512451187,0.19634954084936207,-5.421010862427522e-18,0.1416035514597939,0.3801055602258128,-5.2800645800044066e-17,0.11180554259557336,0.2653033733149188,3.3306690738754696e-16,18.972107231466698,27.499481589414096,1.9081958235744878e-17,1.0743118020742628,2.5221315775035653,-1.1102230246251565e-16,2.1672042704662218,6.1576149863724625,0.00709919633457856,179.9704264011355,0.5770729240380248,180.5545985215081,182.39980052002645,-0.12477675683089176,0.0,1.4579241325532648,1.333147375722373,1.0,0.00018057676493319646,0.0,4.242640687119285,0.2556101674064018,0.03266827884076438
2208,398.8400007859681,0.19634954084936207,-5.637851296924623e-18,0.14164796399968851,0.3811448765772161,-5.285485590866834e-17,0.11162776318654141,0.2670706873599531,3.3306690738754696e-16,18.985800266259517,27.508123833551885,1.214306433183765e-17,1.0742619223051932,2.5185623156203722,1.1102230246251565e-16,2.166381088974058,6.173824164118487,0.007084659244239492,180.23030587514995,0.5770193388574245,180.8144098732516,182.65859510822835,-0.12462390405428224,0.0,1.4491337978915282,1.324509893837246,1.0,0.00018057676493319646,0.0,4.242640687119285,0.2556101674064018,0.03266827884076438
2209,399.03635032681746,0.19634954084936207,-4.7704895589362195e-18,0.1419789637240678,0.3804477203509418,-5.263801547417124e-17,0.11102474855079233,0.26666259453916485,1.3877787807814457e-16,18.99950218453861,27.51154355764028,2.2551405187698492e-17,1.074067612823408,2.5122123742328877,-5.551115123125783e-17,2.164842743909392,6.186180318110968,0.0070653846922703505,180.49054163014364,0.5768106184580871,181.07441763329402,182.91659516033351,-0.12468864977657981,0.0,1.4451776810171337,1.320489031240554,1.0,0.00018057676493319646,0.0,4.242640687119285,0.2556101674064018,0.03266827884076438
2211,399.4290494085162,0.19634954084936207,-5.421010862427522e-18,0.14320686271436084,0.37423301966301115,-5.307169634316544e-17,0.10895916647877657,0.2552927762418154,2.220446049250313e-16,19.026942333009536,27.53234519301267,2.5153490401663703e-17,1.0733296547631526,2.486815894191532,5.551115123125783e-17,2.1609922465037426,6.197430148180644,0.00701877747292801,181.01226727183519,0.5760182738969941,181.5953043232051,183.43219221925338,-0.12457061732277706,0.0,1.4438977526806656,1.3193271353578886,1.0,0.00017936289575979625,0.0,4.242640687119285,0.23999203255770968,0.02879808784559039
2212,399.6253989493656,0.19634954084936207,-3.686287386450715e-18,0.14388612397390296,0.38026544505957427,-5.309880139747758e-17,0.10785554781256453,0.24471018393802363,3.0531133177191805e-16,19.040674616272188,27.56727483077324,-4.336808689942018e-18,1.072890089863565,2.4717483096054007,0.0,2.1593488394389753,6.19633574189662,0.006998942340531705,181.27364492137602,0.5755465724637241,181.8561904361803,183.69068960944836,-0.12457814557991956,0.0,1.4472320540859078,1.3226539085059883,1.0,0.00017936289575979625,0.0,4.242640687119285,0.23999203255770968,0.02879808784559039
2213,399.821748490215,0.19634954084936207,-4.553649124439119e-18,0.14446184340313986,0.38732265074242267,-5.296327612591689e-17,0.10696415625501464,0.23143670923120335,2.7755575615628914e-16,19.054405441653355,27.605268117085746,2.6020852139652106e-18,1.07249172837084,2.4617875523909643,0.0,2.158222730640984,6.19142197198419,0.006986468074929863,181.5351833674545,0.5751192537119356,182.11728908924135,183.95004818881822,-0.12487720117334747,0.0,1.4517600486887874,1.32688284751544,1.0,0.00017936289575979625,0.0,4.242640687119285,0.23999203255770968,0.02879808784559039
2214,400.0,0.1782515097850137,-5.421010862427522e-18,0.14482393302038649,0.3930304952732134,-5.2909066017292616e-17,0.10645813881231249,0.22220552373697058,2.7755575615628914e-16,19.066865089812506,27.63727587700246,6.071532165918825e-18,1.0722150319363712,2.45351554635638,5.551115123125783e-17,2.157744853245046,6.184418192812622,0.006982616619177297,181.77267217655546,0.5748225373551568,182.3544773305298,184.1863828378454,-0.12513094021526305,0.0,1.4568302873572139,1.3316993471419507,1.0,0.00017936289575979625,0.0,4.242640687119285,0.23999203255770968,0.02879808784559039
