2026-06-08T14:45:42+12:00 run start {'title': 'Inhomogeneous rmhd simulation test', 'input_file': 'C:\\Users\\naoki\\Downloads\\rmhd-gpu-new\\examples\\nokias_inhomogeneous.input', 'output_dir': 'C:\\Users\\naoki\\Downloads\\rmhd-gpu-new\\examples\\outputs_nokia_rmhd_s_18', 'backend': 'numpy', 'equation_set': 'inhomogeneous_rmhd_s', 'equation_mode': 'nonlinear', 'grid': [16, 16, 16], 'output_cadences': {'scalar': 0.25, 'spectra': 0.0, 'full_field': 0.0}, 'hostname': 'Naoki', 'python_executable': 'C:\\Users\\naoki\\AppData\\Local\\Programs\\Python\\Python313\\python.exe', 'git_commit': 'cde2789c3d6596cb8e14f232da25acf4598750f1', 'command': "'C:\\Users\\naoki\\Downloads\\rmhd-gpu-new\\rmhdgpu\\run.py' '.\\examples\\nokias_inhomogeneous.input'"}
2026-06-08T14:45:42+12:00 run setup {'resolved_output_dir': 'C:\\Users\\naoki\\Downloads\\rmhd-gpu-new\\examples\\outputs_nokia_rmhd_s_18', 'input_file': 'C:\\Users\\naoki\\Downloads\\rmhd-gpu-new\\examples\\nokias_inhomogeneous.input', 'backend': 'numpy', 'equation_set': 'inhomogeneous_rmhd_s', 'equation_mode': 'nonlinear', 'grid': [16, 16, 16], 'output_cadences': {'scalar': 0.25, 'spectra': 0.0, 'full_field': 0.0}, 'dissipation_mode': 'auto', 'initial_condition': {'type': 'random_spectrum', 'parameters': {'n_min': 1.0, 'n_max': 3.0, 'alpha': 0.0, 'init_energy': 0.75, 'seed': 1}}}
2026-06-08T14:45:42+12:00 scalar diagnostics {'step': 0, 'time': 0.0, 'dt': 0.0, 'total_energy': 0.7500000000000001}
2026-06-08T14:45:42+12:00 scalar diagnostics {'step': 3, 'time': 0.27663634650345503, 'dt': 0.09348187232821305, 'total_energy': 1.2751212533387783}
2026-06-08T14:45:43+12:00 scalar diagnostics {'step': 6, 'time': 0.5894499495973898, 'dt': 0.10512501544881257, 'total_energy': 3.4950067223148764}
2026-06-08T14:45:43+12:00 scalar diagnostics {'step': 8, 'time': 0.7718998062367205, 'dt': 0.0879525836278109, 'total_energy': 5.495237940835508}
2026-06-08T14:45:43+12:00 scalar diagnostics {'step': 11, 'time': 1.0255927168383494, 'dt': 0.08444948593460684, 'total_energy': 8.640603384049198}
2026-06-08T14:45:43+12:00 scalar diagnostics {'step': 14, 'time': 1.2704587122466673, 'dt': 0.08332231908637627, 'total_energy': 11.712466249124708}
2026-06-08T14:45:43+12:00 scalar diagnostics {'step': 17, 'time': 1.5316561606261305, 'dt': 0.08452665873263857, 'total_energy': 14.957168553740905}
2026-06-08T14:45:43+12:00 scalar diagnostics {'step': 21, 'time': 1.803507369190346, 'dt': 0.060323693095186225, 'total_energy': 18.7558705428778}
2026-06-08T14:45:43+12:00 scalar diagnostics {'step': 25, 'time': 2.0415207726409306, 'dt': 0.05647813074016999, 'total_energy': 23.04557585006703}
2026-06-08T14:45:43+12:00 scalar diagnostics {'step': 29, 'time': 2.2564670812136676, 'dt': 0.054913289134125555, 'total_energy': 27.966604886908936}
2026-06-08T14:45:43+12:00 scalar diagnostics {'step': 36, 'time': 2.5300949509604043, 'dt': 0.035923030831098754, 'total_energy': 36.24017971299037}
2026-06-08T14:45:43+12:00 scalar diagnostics {'step': 42, 'time': 2.761361899132651, 'dt': 0.03785962649318273, 'total_energy': 45.98134089576564}
2026-06-08T14:45:43+12:00 scalar diagnostics {'step': 49, 'time': 3.00079533986906, 'dt': 0.031828757004029734, 'total_energy': 60.0946675274698}
2026-06-08T14:45:43+12:00 scalar diagnostics {'step': 57, 'time': 3.25255325568144, 'dt': 0.03037985522365837, 'total_energy': 79.23172559424256}
2026-06-08T14:45:43+12:00 scalar diagnostics {'step': 67, 'time': 3.518825276172209, 'dt': 0.02243490411137834, 'total_energy': 105.08241909576824}
2026-06-08T14:45:43+12:00 scalar diagnostics {'step': 80, 'time': 3.7618436321936746, 'dt': 0.015528483037141782, 'total_energy': 137.3134065265467}
2026-06-08T14:45:44+12:00 scalar diagnostics {'step': 95, 'time': 4.013593916530553, 'dt': 0.016419054082741177, 'total_energy': 186.01748213870766}
2026-06-08T14:45:44+12:00 progress {'step': 100, 'time': 4.093335547059506, 'dt': 0.015311484113260984}
2026-06-08T14:45:44+12:00 scalar diagnostics {'step': 111, 'time': 4.253515317373851, 'dt': 0.013942541536079107, 'total_energy': 246.49137861281713}
2026-06-08T14:45:44+12:00 scalar diagnostics {'step': 132, 'time': 4.501495303053883, 'dt': 0.010046837493203065, 'total_energy': 330.7867919525444}
2026-06-08T14:45:44+12:00 scalar diagnostics {'step': 160, 'time': 4.752088335557117, 'dt': 0.009328026590445982, 'total_energy': 432.4065819808935}
2026-06-08T14:45:45+12:00 scalar diagnostics {'step': 189, 'time': 5.007180249323837, 'dt': 0.007825655283068536, 'total_energy': 572.3813340546703}
2026-06-08T14:45:45+12:00 progress {'step': 200, 'time': 5.09627234002011, 'dt': 0.0072945378015579375}
2026-06-08T14:45:45+12:00 scalar diagnostics {'step': 221, 'time': 5.25452911924365, 'dt': 0.007412377810274549, 'total_energy': 720.7879455863902}
2026-06-08T14:45:45+12:00 scalar diagnostics {'step': 257, 'time': 5.505743711656101, 'dt': 0.0064158280714453, 'total_energy': 716.1694588938636}
2026-06-08T14:45:46+12:00 scalar diagnostics {'step': 288, 'time': 5.754198312095451, 'dt': 0.010516071137841202, 'total_energy': 339.8829026932062}
2026-06-08T14:45:46+12:00 progress {'step': 300, 'time': 5.8796816019070475, 'dt': 0.009874532981194145}
2026-06-08T14:45:46+12:00 scalar diagnostics {'step': 312, 'time': 6.010072465407583, 'dt': 0.012357992503206345, 'total_energy': 207.87136036241168}
2026-06-08T14:45:47+12:00 scalar diagnostics {'step': 330, 'time': 6.265743305805127, 'dt': 0.016566937389375473, 'total_energy': 186.48487624500706}
2026-06-08T14:45:47+12:00 scalar diagnostics {'step': 343, 'time': 6.5085998168816595, 'dt': 0.01806745813896905, 'total_energy': 176.73319792677088}
2026-06-08T14:45:48+12:00 scalar diagnostics {'step': 359, 'time': 6.757159425889188, 'dt': 0.015074283401554093, 'total_energy': 182.6567863169006}
2026-06-08T14:45:48+12:00 scalar diagnostics {'step': 375, 'time': 7.016896292621199, 'dt': 0.01782681177842866, 'total_energy': 186.6228447052152}
2026-06-08T14:45:48+12:00 scalar diagnostics {'step': 389, 'time': 7.257335104387791, 'dt': 0.015651610418662216, 'total_energy': 187.00477346290768}
2026-06-08T14:45:49+12:00 progress {'step': 400, 'time': 7.425089495934015, 'dt': 0.01511046833783983}
2026-06-08T14:45:49+12:00 scalar diagnostics {'step': 405, 'time': 7.50032615854271, 'dt': 0.015064957976336514, 'total_energy': 186.7318365587505}
2026-06-08T14:45:49+12:00 scalar diagnostics {'step': 422, 'time': 7.7572077450158, 'dt': 0.015449967951222662, 'total_energy': 191.35236517877732}
2026-06-08T14:45:49+12:00 scalar diagnostics {'step': 437, 'time': 8.000766047363655, 'dt': 0.016924966642409795, 'total_energy': 187.87594345885373}
2026-06-08T14:45:50+12:00 scalar diagnostics {'step': 452, 'time': 8.259432334141392, 'dt': 0.017301506691723357, 'total_energy': 182.85409791082967}
2026-06-08T14:45:50+12:00 scalar diagnostics {'step': 465, 'time': 8.520252194642389, 'dt': 0.02087573309560658, 'total_energy': 188.42796625505392}
2026-06-08T14:45:50+12:00 scalar diagnostics {'step': 478, 'time': 8.752633626419483, 'dt': 0.016217481263337673, 'total_energy': 203.6044855950051}
2026-06-08T14:45:51+12:00 scalar diagnostics {'step': 493, 'time': 9.008747635223333, 'dt': 0.01923918169997858, 'total_energy': 222.34614614407815}
2026-06-08T14:45:51+12:00 progress {'step': 500, 'time': 9.138905110543956, 'dt': 0.01801456042052732}
2026-06-08T14:45:51+12:00 scalar diagnostics {'step': 507, 'time': 9.259668970866977, 'dt': 0.0171308773145665, 'total_energy': 229.7146951835894}
2026-06-08T14:45:51+12:00 scalar diagnostics {'step': 521, 'time': 9.504764986679971, 'dt': 0.01799645752857847, 'total_energy': 226.08400014304897}
2026-06-08T14:45:52+12:00 scalar diagnostics {'step': 534, 'time': 9.758195532328797, 'dt': 0.020306627780876826, 'total_energy': 220.701033406432}
2026-06-08T14:45:52+12:00 scalar diagnostics {'step': 547, 'time': 10.009048698932492, 'dt': 0.01887428579843786, 'total_energy': 216.15892036724568}
2026-06-08T14:45:52+12:00 scalar diagnostics {'step': 560, 'time': 10.25277169070993, 'dt': 0.018465000047636234, 'total_energy': 215.15614422570104}
2026-06-08T14:45:53+12:00 scalar diagnostics {'step': 575, 'time': 10.510164813443787, 'dt': 0.01581315371622134, 'total_energy': 221.39759577216807}
2026-06-08T14:45:53+12:00 scalar diagnostics {'step': 590, 'time': 10.760668738776753, 'dt': 0.01742277329864244, 'total_energy': 224.452264445828}
2026-06-08T14:45:53+12:00 progress {'step': 600, 'time': 10.933194034028274, 'dt': 0.017416165264526606}
2026-06-08T14:45:53+12:00 scalar diagnostics {'step': 604, 'time': 11.002888099294188, 'dt': 0.017480596951051895, 'total_energy': 232.27406503056957}
2026-06-08T14:45:54+12:00 scalar diagnostics {'step': 619, 'time': 11.25704213556768, 'dt': 0.01675715430223077, 'total_energy': 248.0886905846874}
2026-06-08T14:45:54+12:00 scalar diagnostics {'step': 635, 'time': 11.508332595705772, 'dt': 0.015783816708088694, 'total_energy': 259.5758808208297}
2026-06-08T14:45:54+12:00 scalar diagnostics {'step': 652, 'time': 11.759769487367345, 'dt': 0.013568253970851908, 'total_energy': 253.93089841060316}
2026-06-08T14:45:55+12:00 scalar diagnostics {'step': 670, 'time': 12.001389855388231, 'dt': 0.013685997353377048, 'total_energy': 237.7449978512268}
2026-06-08T14:45:55+12:00 scalar diagnostics {'step': 687, 'time': 12.258264530291525, 'dt': 0.016925863368073266, 'total_energy': 228.26574998170372}
2026-06-08T14:45:55+12:00 progress {'step': 700, 'time': 12.47349280312028, 'dt': 0.016089109432597695}
2026-06-08T14:45:55+12:00 scalar diagnostics {'step': 702, 'time': 12.503191034948326, 'dt': 0.014511416924211819, 'total_energy': 229.51147450849126}
2026-06-08T14:45:56+12:00 scalar diagnostics {'step': 721, 'time': 12.75742054302016, 'dt': 0.014854312521144539, 'total_energy': 233.5137550625275}
2026-06-08T14:45:56+12:00 scalar diagnostics {'step': 736, 'time': 13.00417929515934, 'dt': 0.016192004057449024, 'total_energy': 244.23439871731762}
2026-06-08T14:45:56+12:00 scalar diagnostics {'step': 753, 'time': 13.251720450173455, 'dt': 0.014803983357967343, 'total_energy': 260.4513892614306}
2026-06-08T14:45:57+12:00 scalar diagnostics {'step': 771, 'time': 13.50672619673999, 'dt': 0.013130907057910845, 'total_energy': 266.6099552981809}
2026-06-08T14:45:57+12:00 scalar diagnostics {'step': 789, 'time': 13.751637143470747, 'dt': 0.01482232972370756, 'total_energy': 265.28235632857826}
2026-06-08T14:45:58+12:00 progress {'step': 800, 'time': 13.930745467529366, 'dt': 0.017238734996561294}
2026-06-08T14:45:58+12:00 scalar diagnostics {'step': 804, 'time': 14.000285605829374, 'dt': 0.017553380418711892, 'total_energy': 255.91874064131144}
2026-06-08T14:45:58+12:00 scalar diagnostics {'step': 818, 'time': 14.255806277889203, 'dt': 0.018198560491258037, 'total_energy': 237.00472950503251}
2026-06-08T14:45:58+12:00 scalar diagnostics {'step': 833, 'time': 14.50012729390483, 'dt': 0.015238744932710458, 'total_energy': 224.43053317682444}
2026-06-08T14:45:59+12:00 scalar diagnostics {'step': 850, 'time': 14.760945505041416, 'dt': 0.014645822858608508, 'total_energy': 217.05396074374286}
2026-06-08T14:45:59+12:00 scalar diagnostics {'step': 868, 'time': 15.002148456396508, 'dt': 0.013325447968705622, 'total_energy': 213.51624280574183}
2026-06-08T14:46:00+12:00 scalar diagnostics {'step': 886, 'time': 15.256462766821619, 'dt': 0.014369284299560782, 'total_energy': 211.29228631055253}
2026-06-08T14:46:00+12:00 progress {'step': 900, 'time': 15.461915935108372, 'dt': 0.01510600744838354}
2026-06-08T14:46:00+12:00 scalar diagnostics {'step': 903, 'time': 15.507754786828457, 'dt': 0.015364658592522486, 'total_energy': 212.9761958992058}
2026-06-08T14:46:01+12:00 scalar diagnostics {'step': 919, 'time': 15.764085669842515, 'dt': 0.01611940860440641, 'total_energy': 224.09767905592432}
2026-06-08T14:46:01+12:00 scalar diagnostics {'step': 933, 'time': 16.00447138677347, 'dt': 0.017706389284761204, 'total_energy': 234.25818605547855}
2026-06-08T14:46:01+12:00 scalar diagnostics {'step': 946, 'time': 16.25672357391377, 'dt': 0.02069883021997481, 'total_energy': 238.10127347570148}
2026-06-08T14:46:01+12:00 scalar diagnostics {'step': 958, 'time': 16.507583642488115, 'dt': 0.019696866055184364, 'total_energy': 242.23646818162266}
2026-06-08T14:46:02+12:00 scalar diagnostics {'step': 971, 'time': 16.763222397644707, 'dt': 0.019724948903981805, 'total_energy': 238.3795086157033}
2026-06-08T14:46:02+12:00 scalar diagnostics {'step': 984, 'time': 17.004915440285004, 'dt': 0.016580720251940732, 'total_energy': 233.65131123853507}
2026-06-08T14:46:03+12:00 progress {'step': 1000, 'time': 17.263076052487428, 'dt': 0.015971305016811346}
2026-06-08T14:46:03+12:00 scalar diagnostics {'step': 1000, 'time': 17.263076052487428, 'dt': 0.015971305016811346, 'total_energy': 230.8591680428667}
2026-06-08T14:46:03+12:00 scalar diagnostics {'step': 1015, 'time': 17.5057663129974, 'dt': 0.016752746009591916, 'total_energy': 222.30629489521243}
2026-06-08T14:46:03+12:00 scalar diagnostics {'step': 1030, 'time': 17.762416200876114, 'dt': 0.01713369254864335, 'total_energy': 220.81128152071778}
2026-06-08T14:46:04+12:00 scalar diagnostics {'step': 1045, 'time': 18.004537661314348, 'dt': 0.015066802603291782, 'total_energy': 234.12152847463904}
2026-06-08T14:46:04+12:00 scalar diagnostics {'step': 1062, 'time': 18.252619386265735, 'dt': 0.01452605720077464, 'total_energy': 258.29919198350706}
2026-06-08T14:46:04+12:00 scalar diagnostics {'step': 1078, 'time': 18.501090431928688, 'dt': 0.01569081115530124, 'total_energy': 278.16253104780844}
2026-06-08T14:46:05+12:00 scalar diagnostics {'step': 1096, 'time': 18.750443280412647, 'dt': 0.01145363167298546, 'total_energy': 262.7154740919493}
2026-06-08T14:46:05+12:00 progress {'step': 1100, 'time': 18.79557113349293, 'dt': 0.011252574433081966}
2026-06-08T14:46:05+12:00 scalar diagnostics {'step': 1118, 'time': 19.00639176700771, 'dt': 0.012979603426393321, 'total_energy': 229.64545461967137}
2026-06-08T14:46:06+12:00 scalar diagnostics {'step': 1134, 'time': 19.25359674121055, 'dt': 0.017806202161788978, 'total_energy': 222.67939820360766}
2026-06-08T14:46:06+12:00 scalar diagnostics {'step': 1150, 'time': 19.504926655990115, 'dt': 0.013774202535632865, 'total_energy': 226.25052958431837}
2026-06-08T14:46:07+12:00 scalar diagnostics {'step': 1168, 'time': 19.757581885562995, 'dt': 0.01342950457206042, 'total_energy': 229.97420832963056}
2026-06-08T14:46:07+12:00 scalar diagnostics {'step': 1186, 'time': 20.00320760946033, 'dt': 0.014039363675775237, 'total_energy': 221.98139447808148}
2026-06-08T14:46:07+12:00 progress {'step': 1200, 'time': 20.18725229826457, 'dt': 0.013243327167906544}
2026-06-08T14:46:07+12:00 scalar diagnostics {'step': 1205, 'time': 20.257259452836223, 'dt': 0.014661116211161123, 'total_energy': 212.55658232148457}
2026-06-08T14:46:08+12:00 scalar diagnostics {'step': 1220, 'time': 20.514923573528137, 'dt': 0.018319733001870862, 'total_energy': 211.1566452153558}
2026-06-08T14:46:08+12:00 scalar diagnostics {'step': 1235, 'time': 20.751883031149855, 'dt': 0.015868287735247903, 'total_energy': 221.97295852043158}
2026-06-08T14:46:08+12:00 scalar diagnostics {'step': 1250, 'time': 21.010758694458847, 'dt': 0.017016349204304636, 'total_energy': 230.759239358343}
2026-06-08T14:46:09+12:00 scalar diagnostics {'step': 1263, 'time': 21.258211631382856, 'dt': 0.02009611912578886, 'total_energy': 230.46083141647534}
2026-06-08T14:46:09+12:00 scalar diagnostics {'step': 1275, 'time': 21.501176699240062, 'dt': 0.02040932666900303, 'total_energy': 228.90846801038424}
2026-06-08T14:46:09+12:00 scalar diagnostics {'step': 1288, 'time': 21.75085785632596, 'dt': 0.018954380425507657, 'total_energy': 230.70584499702625}
2026-06-08T14:46:09+12:00 progress {'step': 1300, 'time': 21.9692714514774, 'dt': 0.017826990948045882}
2026-06-08T14:46:09+12:00 scalar diagnostics {'step': 1302, 'time': 22.004119275526158, 'dt': 0.017321558821776908, 'total_energy': 232.39210915938668}
2026-06-08T14:46:10+12:00 scalar diagnostics {'step': 1316, 'time': 22.2509673343483, 'dt': 0.018413615867686334, 'total_energy': 235.73940904263753}
2026-06-08T14:46:10+12:00 scalar diagnostics {'step': 1329, 'time': 22.510886353704635, 'dt': 0.02114858687372984, 'total_energy': 228.832837432077}
2026-06-08T14:46:10+12:00 scalar diagnostics {'step': 1341, 'time': 22.756430756115627, 'dt': 0.02148365460624295, 'total_energy': 214.65280257318216}
2026-06-08T14:46:11+12:00 scalar diagnostics {'step': 1354, 'time': 23.00845249631836, 'dt': 0.018072751801271995, 'total_energy': 210.1125492799755}
2026-06-08T14:46:11+12:00 scalar diagnostics {'step': 1367, 'time': 23.250123749149566, 'dt': 0.018226258216380683, 'total_energy': 208.17394750191283}
2026-06-08T14:46:12+12:00 scalar diagnostics {'step': 1382, 'time': 23.505418335083096, 'dt': 0.016376707909144833, 'total_energy': 213.19603777646535}
2026-06-08T14:46:12+12:00 scalar diagnostics {'step': 1397, 'time': 23.76036494441582, 'dt': 0.017860926622135228, 'total_energy': 212.43382957139596}
2026-06-08T14:46:12+12:00 progress {'step': 1400, 'time': 23.813166181528647, 'dt': 0.017250216894160293}
2026-06-08T14:46:12+12:00 scalar diagnostics {'step': 1412, 'time': 24.003048357496635, 'dt': 0.015381476008473104, 'total_energy': 200.3805369162906}
2026-06-08T14:46:12+12:00 scalar diagnostics {'step': 1427, 'time': 24.250247848439006, 'dt': 0.015512695947743375, 'total_energy': 192.37076806274922}
2026-06-08T14:46:12+12:00 scalar diagnostics {'step': 1443, 'time': 24.50302103626199, 'dt': 0.017172216151180385, 'total_energy': 198.2971760455135}
2026-06-08T14:46:13+12:00 scalar diagnostics {'step': 1458, 'time': 24.764316078739398, 'dt': 0.015852335029512044, 'total_energy': 204.1096308065736}
2026-06-08T14:46:13+12:00 scalar diagnostics {'step': 1474, 'time': 25.016109704987578, 'dt': 0.016627001799707646, 'total_energy': 192.23869621202044}
2026-06-08T14:46:13+12:00 scalar diagnostics {'step': 1488, 'time': 25.261720833791724, 'dt': 0.017315719088552915, 'total_energy': 174.21112172917316}
2026-06-08T14:46:13+12:00 progress {'step': 1500, 'time': 25.47342725197974, 'dt': 0.018302064743297652}
2026-06-08T14:46:13+12:00 scalar diagnostics {'step': 1502, 'time': 25.51070155684101, 'dt': 0.018603273081675982, 'total_energy': 166.34195529777153}
2026-06-08T14:46:13+12:00 scalar diagnostics {'step': 1515, 'time': 25.755610586576513, 'dt': 0.019776020137719945, 'total_energy': 173.64526429798926}
2026-06-08T14:46:13+12:00 scalar diagnostics {'step': 1529, 'time': 26.00713414136389, 'dt': 0.01715163318576427, 'total_energy': 179.8068831382541}
2026-06-08T14:46:14+12:00 scalar diagnostics {'step': 1543, 'time': 26.250244099061035, 'dt': 0.016253603111056614, 'total_energy': 181.5619194351408}
2026-06-08T14:46:14+12:00 scalar diagnostics {'step': 1557, 'time': 26.512041011887217, 'dt': 0.020159391417029802, 'total_energy': 182.3160424134562}
2026-06-08T14:46:14+12:00 scalar diagnostics {'step': 1570, 'time': 26.760896050850956, 'dt': 0.018445594118012356, 'total_energy': 189.01764836241134}
2026-06-08T14:46:14+12:00 scalar diagnostics {'step': 1584, 'time': 27.016268573497353, 'dt': 0.01898836621483, 'total_energy': 200.3146363172607}
2026-06-08T14:46:14+12:00 scalar diagnostics {'step': 1597, 'time': 27.265253610598872, 'dt': 0.019245195504517986, 'total_energy': 214.96864152561142}
2026-06-08T14:46:14+12:00 progress {'step': 1600, 'time': 27.32347455371739, 'dt': 0.019445050027506537}
2026-06-08T14:46:14+12:00 scalar diagnostics {'step': 1610, 'time': 27.517742688650507, 'dt': 0.01922838779489091, 'total_energy': 224.16600350546338}
2026-06-08T14:46:15+12:00 scalar diagnostics {'step': 1623, 'time': 27.76325036715455, 'dt': 0.020190417782577345, 'total_energy': 223.84761570848963}
2026-06-08T14:46:15+12:00 scalar diagnostics {'step': 1635, 'time': 28.01571210086604, 'dt': 0.020531935283653633, 'total_energy': 226.9354728596128}
2026-06-08T14:46:15+12:00 scalar diagnostics {'step': 1647, 'time': 28.25820975627096, 'dt': 0.020308384845192987, 'total_energy': 232.03245495456898}
2026-06-08T14:46:15+12:00 scalar diagnostics {'step': 1659, 'time': 28.511647248020964, 'dt': 0.021321800115222844, 'total_energy': 232.75920192069768}
2026-06-08T14:46:15+12:00 scalar diagnostics {'step': 1672, 'time': 28.760711036558614, 'dt': 0.017778651598254605, 'total_energy': 232.18821499697697}
2026-06-08T14:46:15+12:00 scalar diagnostics {'step': 1687, 'time': 29.01626111131745, 'dt': 0.016917862220922657, 'total_energy': 233.23960349262126}
2026-06-08T14:46:15+12:00 progress {'step': 1700, 'time': 29.230478757729824, 'dt': 0.016190937433562622}
2026-06-08T14:46:15+12:00 scalar diagnostics {'step': 1702, 'time': 29.262888383739927, 'dt': 0.016216704572199595, 'total_energy': 237.57782013213915}
2026-06-08T14:46:16+12:00 scalar diagnostics {'step': 1716, 'time': 29.50520019868565, 'dt': 0.018157720058770175, 'total_energy': 229.93477699410516}
2026-06-08T14:46:16+12:00 scalar diagnostics {'step': 1730, 'time': 29.762534032863098, 'dt': 0.01892650612760817, 'total_energy': 214.85897656268926}
2026-06-08T14:46:16+12:00 scalar diagnostics {'step': 1744, 'time': 30.013480269099205, 'dt': 0.01652619667680962, 'total_energy': 213.65205345477847}
2026-06-08T14:46:16+12:00 scalar diagnostics {'step': 1758, 'time': 30.25650106823673, 'dt': 0.018676885338836796, 'total_energy': 215.96904838473552}
2026-06-08T14:46:16+12:00 scalar diagnostics {'step': 1771, 'time': 30.517035558430315, 'dt': 0.02029874301578034, 'total_energy': 205.43079817710515}
2026-06-08T14:46:16+12:00 scalar diagnostics {'step': 1783, 'time': 30.756751903772287, 'dt': 0.019495126137573794, 'total_energy': 189.8624430174611}
2026-06-08T14:46:16+12:00 scalar diagnostics {'step': 1796, 'time': 31.01817222591297, 'dt': 0.020663709288449447, 'total_energy': 178.55378437431838}
2026-06-08T14:46:17+12:00 progress {'step': 1800, 'time': 31.09969143149495, 'dt': 0.02026484787728707}
2026-06-08T14:46:17+12:00 scalar diagnostics {'step': 1809, 'time': 31.266354653469634, 'dt': 0.017144051979876097, 'total_energy': 180.25359821785173}
2026-06-08T14:46:17+12:00 scalar diagnostics {'step': 1823, 'time': 31.50180459156069, 'dt': 0.015826392953367217, 'total_energy': 182.9834653483561}
2026-06-08T14:46:17+12:00 scalar diagnostics {'step': 1839, 'time': 31.759294160637047, 'dt': 0.016206852496921463, 'total_energy': 182.77535408995107}
2026-06-08T14:46:17+12:00 scalar diagnostics {'step': 1855, 'time': 32.007648724330096, 'dt': 0.0159899333311914, 'total_energy': 184.660296210909}
2026-06-08T14:46:17+12:00 scalar diagnostics {'step': 1871, 'time': 32.25902251529202, 'dt': 0.014026387156917822, 'total_energy': 188.74647026646048}
2026-06-08T14:46:18+12:00 scalar diagnostics {'step': 1890, 'time': 32.5024394274691, 'dt': 0.012502411188247483, 'total_energy': 181.0807773695623}
2026-06-08T14:46:18+12:00 progress {'step': 1900, 'time': 32.63630052882691, 'dt': 0.014445415872735665}
2026-06-08T14:46:18+12:00 scalar diagnostics {'step': 1908, 'time': 32.76299909497726, 'dt': 0.016034174339450622, 'total_energy': 168.51688740702838}
2026-06-08T14:46:18+12:00 scalar diagnostics {'step': 1923, 'time': 33.00743692830328, 'dt': 0.01708310943645261, 'total_energy': 161.75114457103615}
2026-06-08T14:46:18+12:00 scalar diagnostics {'step': 1938, 'time': 33.26666218092556, 'dt': 0.017499839862020177, 'total_energy': 169.2157651429303}
2026-06-08T14:46:18+12:00 scalar diagnostics {'step': 1953, 'time': 33.51251683697061, 'dt': 0.0148012941890928, 'total_energy': 186.9869317896402}
2026-06-08T14:46:19+12:00 scalar diagnostics {'step': 1969, 'time': 33.75927767184006, 'dt': 0.01616379732378904, 'total_energy': 201.03948657322252}
2026-06-08T14:46:19+12:00 scalar diagnostics {'step': 1985, 'time': 34.014015041441525, 'dt': 0.017452981865666267, 'total_energy': 203.52930193565504}
2026-06-08T14:46:19+12:00 scalar diagnostics {'step': 1998, 'time': 34.258357509682604, 'dt': 0.020266384459739703, 'total_energy': 199.51417906447608}
2026-06-08T14:46:19+12:00 progress {'step': 2000, 'time': 34.29847006069636, 'dt': 0.020016290268001835}
2026-06-08T14:46:19+12:00 scalar diagnostics {'step': 2011, 'time': 34.5144819564918, 'dt': 0.01819299361958239, 'total_energy': 192.5573056972278}
2026-06-08T14:46:19+12:00 scalar diagnostics {'step': 2024, 'time': 34.75529574751756, 'dt': 0.018909675909416234, 'total_energy': 179.14657138430678}
2026-06-08T14:46:19+12:00 scalar diagnostics {'step': 2037, 'time': 35.004341796851925, 'dt': 0.01801048996819713, 'total_energy': 160.73117181206143}
2026-06-08T14:46:19+12:00 scalar diagnostics {'step': 2050, 'time': 35.25328619882296, 'dt': 0.020510566294121634, 'total_energy': 160.1368560746828}
2026-06-08T14:46:20+12:00 scalar diagnostics {'step': 2065, 'time': 35.507329398029654, 'dt': 0.014640161900737279, 'total_energy': 179.87471145565388}
2026-06-08T14:46:20+12:00 scalar diagnostics {'step': 2082, 'time': 35.76011938810053, 'dt': 0.015345789684786624, 'total_energy': 209.43878256695695}
2026-06-08T14:46:20+12:00 scalar diagnostics {'step': 2099, 'time': 36.00686836446198, 'dt': 0.014546799978493959, 'total_energy': 245.8368687722379}
2026-06-08T14:46:20+12:00 progress {'step': 2100, 'time': 36.0214335611411, 'dt': 0.014565196679120731}
2026-06-08T14:46:21+12:00 scalar diagnostics {'step': 2116, 'time': 36.258787213534035, 'dt': 0.014964561927528883, 'total_energy': 264.267754113137}
2026-06-08T14:46:21+12:00 scalar diagnostics {'step': 2132, 'time': 36.512526474370205, 'dt': 0.01618674038004524, 'total_energy': 257.18527165962166}
2026-06-08T14:46:21+12:00 scalar diagnostics {'step': 2147, 'time': 36.76269261196238, 'dt': 0.017243316557539617, 'total_energy': 239.47063663649496}
2026-06-08T14:46:22+12:00 scalar diagnostics {'step': 2161, 'time': 37.01054154040178, 'dt': 0.01721907078394733, 'total_energy': 225.97440001436905}
2026-06-08T14:46:22+12:00 scalar diagnostics {'step': 2176, 'time': 37.26139599693718, 'dt': 0.016606683417237804, 'total_energy': 226.46238814284658}
2026-06-08T14:46:22+12:00 scalar diagnostics {'step': 2191, 'time': 37.50850654765373, 'dt': 0.017296943421762648, 'total_energy': 236.80291987791293}
2026-06-08T14:46:22+12:00 progress {'step': 2200, 'time': 37.65893192769032, 'dt': 0.016322131959226823}
2026-06-08T14:46:23+12:00 scalar diagnostics {'step': 2206, 'time': 37.758409886454295, 'dt': 0.01681310925833538, 'total_energy': 236.49562440250668}
2026-06-08T14:46:23+12:00 scalar diagnostics {'step': 2221, 'time': 38.00513304916381, 'dt': 0.0155223571231383, 'total_energy': 228.27847835832975}
2026-06-08T14:46:23+12:00 scalar diagnostics {'step': 2237, 'time': 38.25444737660572, 'dt': 0.01632138826350716, 'total_energy': 221.68286840816884}
2026-06-08T14:46:24+12:00 scalar diagnostics {'step': 2252, 'time': 38.50238646161117, 'dt': 0.01798344847619574, 'total_energy': 218.3162296466595}
2026-06-08T14:46:24+12:00 scalar diagnostics {'step': 2267, 'time': 38.76427364882241, 'dt': 0.017416269703323956, 'total_energy': 218.6547963481115}
2026-06-08T14:46:24+12:00 scalar diagnostics {'step': 2281, 'time': 39.00773780218124, 'dt': 0.018052267947453966, 'total_energy': 226.23047227868648}
2026-06-08T14:46:25+12:00 scalar diagnostics {'step': 2294, 'time': 39.25734234136702, 'dt': 0.018811356158963937, 'total_energy': 240.54088566190015}
2026-06-08T14:46:25+12:00 progress {'step': 2300, 'time': 39.365594218800695, 'dt': 0.017784922950814255}
2026-06-08T14:46:25+12:00 scalar diagnostics {'step': 2309, 'time': 39.51640739707442, 'dt': 0.01650368760580886, 'total_energy': 256.67655320328413}
2026-06-08T14:46:25+12:00 scalar diagnostics {'step': 2324, 'time': 39.75471322460748, 'dt': 0.014687505536324426, 'total_energy': 271.2631731208957}
2026-06-08T14:46:26+12:00 scalar diagnostics {'step': 2342, 'time': 40.01436250598553, 'dt': 0.01492287542466617, 'total_energy': 280.34790067759224}
2026-06-08T14:46:26+12:00 scalar diagnostics {'step': 2357, 'time': 40.259611551086884, 'dt': 0.017359977347162044, 'total_energy': 290.8336326157342}
2026-06-08T14:46:27+12:00 scalar diagnostics {'step': 2372, 'time': 40.50573903785743, 'dt': 0.016259332921365194, 'total_energy': 298.2119092591923}
2026-06-08T14:46:27+12:00 scalar diagnostics {'step': 2388, 'time': 40.75822430052613, 'dt': 0.014971494912484397, 'total_energy': 297.66001951205095}
2026-06-08T14:46:27+12:00 progress {'step': 2400, 'time': 40.92594625354932, 'dt': 0.013424416988844464}
2026-06-08T14:46:27+12:00 scalar diagnostics {'step': 2406, 'time': 41.00615996670675, 'dt': 0.013255432784959598, 'total_energy': 299.01436326997896}
2026-06-08T14:46:28+12:00 scalar diagnostics {'step': 2424, 'time': 41.2652064559281, 'dt': 0.01688873508063409, 'total_energy': 299.06893784795267}
2026-06-08T14:46:28+12:00 scalar diagnostics {'step': 2439, 'time': 41.5057904706883, 'dt': 0.016598360827400516, 'total_energy': 301.7957313693014}
2026-06-08T14:46:28+12:00 scalar diagnostics {'step': 2456, 'time': 41.7544966359964, 'dt': 0.012909586684883807, 'total_energy': 305.4389287980977}
2026-06-08T14:46:29+12:00 scalar diagnostics {'step': 2475, 'time': 42.00780474883897, 'dt': 0.014198437802381062, 'total_energy': 309.7269746697352}
2026-06-08T14:46:29+12:00 scalar diagnostics {'step': 2493, 'time': 42.261101637688625, 'dt': 0.013911856821993154, 'total_energy': 311.59450496626346}
2026-06-08T14:46:29+12:00 progress {'step': 2500, 'time': 42.363206410655934, 'dt': 0.015568196680702707}
2026-06-08T14:46:30+12:00 scalar diagnostics {'step': 2509, 'time': 42.50494045431893, 'dt': 0.015221070428568854, 'total_energy': 306.6686368002712}
2026-06-08T14:46:30+12:00 scalar diagnostics {'step': 2529, 'time': 42.755367852128224, 'dt': 0.01067087435874622, 'total_energy': 284.1897248914479}
2026-06-08T14:46:31+12:00 scalar diagnostics {'step': 2553, 'time': 43.010193565419335, 'dt': 0.01113395259823621, 'total_energy': 264.89384750181534}
2026-06-08T14:46:31+12:00 scalar diagnostics {'step': 2572, 'time': 43.253368722369295, 'dt': 0.014626172653317494, 'total_energy': 262.57362714243897}
2026-06-08T14:46:31+12:00 scalar diagnostics {'step': 2591, 'time': 43.504014568831046, 'dt': 0.012000371828364113, 'total_energy': 273.9896466955688}
2026-06-08T14:46:32+12:00 progress {'step': 2600, 'time': 43.602730493532306, 'dt': 0.010765295859416544}
2026-06-08T14:46:32+12:00 scalar diagnostics {'step': 2613, 'time': 43.75499389092307, 'dt': 0.013170621021488367, 'total_energy': 283.3154006440927}
2026-06-08T14:46:32+12:00 scalar diagnostics {'step': 2631, 'time': 44.009042742597735, 'dt': 0.013394095619836698, 'total_energy': 288.39677163875626}
2026-06-08T14:46:33+12:00 scalar diagnostics {'step': 2650, 'time': 44.260181313615256, 'dt': 0.014203871430356988, 'total_energy': 294.4066205112646}
2026-06-08T14:46:33+12:00 scalar diagnostics {'step': 2666, 'time': 44.50731233479824, 'dt': 0.01593582489483614, 'total_energy': 291.7801072114031}
2026-06-08T14:46:34+12:00 scalar diagnostics {'step': 2683, 'time': 44.7526688793732, 'dt': 0.012484475116222112, 'total_energy': 296.3283848616196}
2026-06-08T14:46:34+12:00 progress {'step': 2700, 'time': 44.9534641874777, 'dt': 0.011967471168364711}
2026-06-08T14:46:34+12:00 scalar diagnostics {'step': 2704, 'time': 45.001614254791164, 'dt': 0.012127155458856616, 'total_energy': 313.9298593230654}
2026-06-08T14:46:34+12:00 scalar diagnostics {'step': 2722, 'time': 45.25556991048114, 'dt': 0.01557504896832924, 'total_energy': 330.1231544538855}
2026-06-08T14:46:35+12:00 scalar diagnostics {'step': 2741, 'time': 45.512370553784095, 'dt': 0.014024083716764968, 'total_energy': 342.50146987617904}
2026-06-08T14:46:35+12:00 scalar diagnostics {'step': 2757, 'time': 45.75164004945305, 'dt': 0.015311910249095496, 'total_energy': 331.06408503453247}
2026-06-08T14:46:36+12:00 scalar diagnostics {'step': 2774, 'time': 46.003759677095935, 'dt': 0.015895474492178825, 'total_energy': 289.7044332083906}
2026-06-08T14:46:36+12:00 scalar diagnostics {'step': 2790, 'time': 46.256507258132636, 'dt': 0.01434961372305013, 'total_energy': 259.39511122564903}
2026-06-08T14:46:36+12:00 progress {'step': 2800, 'time': 46.39962418771329, 'dt': 0.014804094415427424}
2026-06-08T14:46:36+12:00 scalar diagnostics {'step': 2807, 'time': 46.501265306397066, 'dt': 0.013877915391699644, 'total_energy': 278.16323938476944}
2026-06-08T14:46:37+12:00 scalar diagnostics {'step': 2827, 'time': 46.7583083872044, 'dt': 0.01273395013112209, 'total_energy': 314.2758868790279}
2026-06-08T14:46:37+12:00 scalar diagnostics {'step': 2844, 'time': 47.00394366598298, 'dt': 0.014908472311901164, 'total_energy': 320.5172547625084}
2026-06-08T14:46:38+12:00 scalar diagnostics {'step': 2861, 'time': 47.25247702394654, 'dt': 0.013789898310717079, 'total_energy': 318.2775173828982}
2026-06-08T14:46:38+12:00 scalar diagnostics {'step': 2879, 'time': 47.511184762903795, 'dt': 0.013970540488277066, 'total_energy': 341.13285466753996}
2026-06-08T14:46:38+12:00 progress {'step': 2900, 'time': 47.754440899088166, 'dt': 0.010253468129310687}
2026-06-08T14:46:38+12:00 scalar diagnostics {'step': 2900, 'time': 47.754440899088166, 'dt': 0.010253468129310687, 'total_energy': 370.5560679038572}
2026-06-08T14:46:39+12:00 scalar diagnostics {'step': 2922, 'time': 48.0000512194741, 'dt': 0.012782630352062839, 'total_energy': 386.0293752654354}
2026-06-08T14:46:39+12:00 scalar diagnostics {'step': 2941, 'time': 48.25219498075816, 'dt': 0.01244575041683676, 'total_energy': 383.71937151972395}
2026-06-08T14:46:40+12:00 scalar diagnostics {'step': 2961, 'time': 48.50722956730219, 'dt': 0.012632458635767188, 'total_energy': 375.7365001098488}
2026-06-08T14:46:40+12:00 scalar diagnostics {'step': 2980, 'time': 48.756635198116285, 'dt': 0.012840825997970267, 'total_energy': 392.0653698024855}
2026-06-08T14:46:41+12:00 progress {'step': 3000, 'time': 49.008468762154756, 'dt': 0.010996624910908973}
2026-06-08T14:46:41+12:00 scalar diagnostics {'step': 3000, 'time': 49.008468762154756, 'dt': 0.010996624910908973, 'total_energy': 406.43676989113317}
2026-06-08T14:46:41+12:00 scalar diagnostics {'step': 3022, 'time': 49.25036385635397, 'dt': 0.011848515013966738, 'total_energy': 392.92536310441676}
2026-06-08T14:46:42+12:00 scalar diagnostics {'step': 3043, 'time': 49.50240104959762, 'dt': 0.011431636599421452, 'total_energy': 360.8945834350171}
2026-06-08T14:46:42+12:00 scalar diagnostics {'step': 3063, 'time': 49.762084617763904, 'dt': 0.013866926586995903, 'total_energy': 342.36599638017367}
2026-06-08T14:46:43+12:00 scalar diagnostics {'step': 3082, 'time': 50.0097865086397, 'dt': 0.013272759444896096, 'total_energy': 354.67355618168006}
2026-06-08T14:46:43+12:00 progress {'step': 3100, 'time': 50.25760104207091, 'dt': 0.014516613215976339}
2026-06-08T14:46:43+12:00 scalar diagnostics {'step': 3100, 'time': 50.25760104207091, 'dt': 0.014516613215976339, 'total_energy': 372.8840056594468}
2026-06-08T14:46:43+12:00 scalar diagnostics {'step': 3120, 'time': 50.509027703427236, 'dt': 0.012216992604476973, 'total_energy': 384.3429200463059}
2026-06-08T14:46:44+12:00 scalar diagnostics {'step': 3137, 'time': 50.75471155584154, 'dt': 0.014808129843268734, 'total_energy': 406.28026091127265}
2026-06-08T14:46:44+12:00 scalar diagnostics {'step': 3154, 'time': 51.003144765617044, 'dt': 0.013367874531269388, 'total_energy': 450.63875127037926}
2026-06-08T14:46:45+12:00 scalar diagnostics {'step': 3173, 'time': 51.2597202899767, 'dt': 0.013193111073898084, 'total_energy': 483.28496402575763}
2026-06-08T14:46:45+12:00 scalar diagnostics {'step': 3193, 'time': 51.51034120406144, 'dt': 0.01136135159873583, 'total_energy': 474.9298969426893}
2026-06-08T14:46:45+12:00 progress {'step': 3200, 'time': 51.585531703698464, 'dt': 0.010379464060663547}
2026-06-08T14:46:46+12:00 scalar diagnostics {'step': 3217, 'time': 51.75901620503382, 'dt': 0.010511698624826305, 'total_energy': 460.169130463813}
2026-06-08T14:46:46+12:00 scalar diagnostics {'step': 3239, 'time': 52.00985976657314, 'dt': 0.011744222087598458, 'total_energy': 448.3860888519387}
2026-06-08T14:46:47+12:00 scalar diagnostics {'step': 3259, 'time': 52.251316431217234, 'dt': 0.012484664151230925, 'total_energy': 436.89860742665843}
2026-06-08T14:46:47+12:00 scalar diagnostics {'step': 3281, 'time': 52.501782202014866, 'dt': 0.011782161606644116, 'total_energy': 451.84445672262075}
2026-06-08T14:46:48+12:00 progress {'step': 3300, 'time': 52.71755423822578, 'dt': 0.011370454151201703}
2026-06-08T14:46:48+12:00 scalar diagnostics {'step': 3303, 'time': 52.75251831728097, 'dt': 0.01181820867349915, 'total_energy': 459.54150341635255}
2026-06-08T14:46:48+12:00 scalar diagnostics {'step': 3323, 'time': 53.00952221756827, 'dt': 0.012077298635823458, 'total_energy': 462.9843879795012}
2026-06-08T14:46:48+12:00 scalar diagnostics {'step': 3344, 'time': 53.259653493700846, 'dt': 0.011351218649113967, 'total_energy': 439.2843817784505}
2026-06-08T14:46:49+12:00 scalar diagnostics {'step': 3365, 'time': 53.50737844824788, 'dt': 0.010097772314494737, 'total_energy': 411.63496911212627}
2026-06-08T14:46:50+12:00 scalar diagnostics {'step': 3394, 'time': 53.751737964954884, 'dt': 0.009077179790005382, 'total_energy': 409.5377227332969}
2026-06-08T14:46:50+12:00 progress {'step': 3400, 'time': 53.804471861767134, 'dt': 0.008617875018828191}
2026-06-08T14:46:51+12:00 scalar diagnostics {'step': 3423, 'time': 54.00842416340613, 'dt': 0.009766158615462248, 'total_energy': 424.5291279768309}
2026-06-08T14:46:51+12:00 scalar diagnostics {'step': 3449, 'time': 54.25252137054354, 'dt': 0.009393440652860557, 'total_energy': 425.11512410735827}
2026-06-08T14:46:52+12:00 scalar diagnostics {'step': 3473, 'time': 54.51255426400783, 'dt': 0.012932179519798952, 'total_energy': 421.4239896280394}
2026-06-08T14:46:53+12:00 scalar diagnostics {'step': 3491, 'time': 54.750122268652774, 'dt': 0.01266135990287185, 'total_energy': 417.04549081306914}
2026-06-08T14:46:53+12:00 progress {'step': 3500, 'time': 54.861338744653956, 'dt': 0.012074425394388227}
2026-06-08T14:46:54+12:00 scalar diagnostics {'step': 3512, 'time': 55.0050671811052, 'dt': 0.012157803556161677, 'total_energy': 422.5735491979608}
2026-06-08T14:46:54+12:00 scalar diagnostics {'step': 3537, 'time': 55.25465445092868, 'dt': 0.00931054695682234, 'total_energy': 433.7018748853037}
2026-06-08T14:46:55+12:00 scalar diagnostics {'step': 3561, 'time': 55.50165925156538, 'dt': 0.011526085194147245, 'total_energy': 418.1133409829632}
2026-06-08T14:46:56+12:00 scalar diagnostics {'step': 3583, 'time': 55.75822064844815, 'dt': 0.012435165785137196, 'total_energy': 408.92099231014356}
2026-06-08T14:46:57+12:00 progress {'step': 3600, 'time': 55.98973940106908, 'dt': 0.013843556503350226}
2026-06-08T14:46:57+12:00 scalar diagnostics {'step': 3601, 'time': 56.00318711965476, 'dt': 0.013447718585677646, 'total_energy': 393.0126370097991}
2026-06-08T14:46:57+12:00 scalar diagnostics {'step': 3620, 'time': 56.259693306540086, 'dt': 0.014385312919895631, 'total_energy': 370.76711460548495}
2026-06-08T14:46:58+12:00 scalar diagnostics {'step': 3641, 'time': 56.50471900114972, 'dt': 0.011278458058498114, 'total_energy': 358.4327927645539}
2026-06-08T14:46:58+12:00 scalar diagnostics {'step': 3660, 'time': 56.75267752260892, 'dt': 0.01422479194823785, 'total_energy': 325.65294848333554}
2026-06-08T14:46:59+12:00 scalar diagnostics {'step': 3680, 'time': 57.00130670640676, 'dt': 0.012444487207115308, 'total_energy': 291.02106397728585}
2026-06-08T14:46:59+12:00 scalar diagnostics {'step': 3699, 'time': 57.25046398940795, 'dt': 0.012508686937047351, 'total_energy': 275.4669530770353}
2026-06-08T14:46:59+12:00 progress {'step': 3700, 'time': 57.26285402661747, 'dt': 0.01239003720952392}
2026-06-08T14:47:00+12:00 scalar diagnostics {'step': 3718, 'time': 57.50653559284232, 'dt': 0.015072517590361729, 'total_energy': 259.61111774466156}
2026-06-08T14:47:00+12:00 scalar diagnostics {'step': 3735, 'time': 57.760067688904975, 'dt': 0.014317238307155367, 'total_energy': 278.7399790470548}
2026-06-08T14:47:01+12:00 scalar diagnostics {'step': 3753, 'time': 58.00190532397291, 'dt': 0.012204589503939687, 'total_energy': 317.6724408438125}
2026-06-08T14:47:01+12:00 scalar diagnostics {'step': 3773, 'time': 58.26048854894352, 'dt': 0.013581921108353526, 'total_energy': 319.1096500917906}
2026-06-08T14:47:02+12:00 scalar diagnostics {'step': 3792, 'time': 58.51239853732683, 'dt': 0.013769632900191373, 'total_energy': 312.4859176103634}
2026-06-08T14:47:02+12:00 progress {'step': 3800, 'time': 58.626283357196336, 'dt': 0.014455590022947778}
2026-06-08T14:47:02+12:00 scalar diagnostics {'step': 3809, 'time': 58.760585345683545, 'dt': 0.01537347516726086, 'total_energy': 299.98994015099083}
2026-06-08T14:47:03+12:00 scalar diagnostics {'step': 3826, 'time': 59.00330632177192, 'dt': 0.012961681452646178, 'total_energy': 287.9360913473555}
2026-06-08T14:47:03+12:00 scalar diagnostics {'step': 3847, 'time': 59.25612899326362, 'dt': 0.013021006267599559, 'total_energy': 302.8139444062091}
2026-06-08T14:47:04+12:00 scalar diagnostics {'step': 3866, 'time': 59.510060320023044, 'dt': 0.011886239038926789, 'total_energy': 316.5318456334278}
2026-06-08T14:47:04+12:00 scalar diagnostics {'step': 3885, 'time': 59.7569017809301, 'dt': 0.013445476950085916, 'total_energy': 327.54811365440406}
2026-06-08T14:47:05+12:00 progress {'step': 3900, 'time': 59.95748340659276, 'dt': 0.01360249415483273}
2026-06-08T14:47:05+12:00 scalar diagnostics {'step': 3904, 'time': 60.01500835165212, 'dt': 0.01502648859239889, 'total_energy': 347.06130580519647}
2026-06-08T14:47:05+12:00 scalar diagnostics {'step': 3921, 'time': 60.261490708263715, 'dt': 0.013759083280145868, 'total_energy': 357.80603623799897}
2026-06-08T14:47:06+12:00 scalar diagnostics {'step': 3937, 'time': 60.501179882335876, 'dt': 0.016130030244825753, 'total_energy': 355.10511649479275}
2026-06-08T14:47:06+12:00 scalar diagnostics {'step': 3954, 'time': 60.75401830000026, 'dt': 0.012923346607251505, 'total_energy': 354.4152472053727}
2026-06-08T14:47:07+12:00 scalar diagnostics {'step': 3973, 'time': 61.01187024132877, 'dt': 0.01410735234160138, 'total_energy': 360.2508173274663}
2026-06-08T14:47:07+12:00 scalar diagnostics {'step': 3990, 'time': 61.251966877709265, 'dt': 0.013978350504709405, 'total_energy': 362.8617537967282}
2026-06-08T14:47:08+12:00 progress {'step': 4000, 'time': 61.39310402028737, 'dt': 0.013962255165436786}
2026-06-08T14:47:08+12:00 scalar diagnostics {'step': 4009, 'time': 61.50560907486824, 'dt': 0.011900466862060009, 'total_energy': 368.01036568306836}
2026-06-08T14:47:08+12:00 scalar diagnostics {'step': 4031, 'time': 61.75892511524567, 'dt': 0.010994661010414603, 'total_energy': 383.5712712506261}
2026-06-08T14:47:09+12:00 scalar diagnostics {'step': 4051, 'time': 62.00554291890279, 'dt': 0.012142532177254724, 'total_energy': 377.6231611947032}
2026-06-08T14:47:09+12:00 scalar diagnostics {'step': 4071, 'time': 62.254831194595845, 'dt': 0.014101070497348307, 'total_energy': 355.6928877139069}
2026-06-08T14:47:10+12:00 scalar diagnostics {'step': 4088, 'time': 62.50261608627971, 'dt': 0.012416368743740662, 'total_energy': 342.38948613298186}
2026-06-08T14:47:10+12:00 progress {'step': 4100, 'time': 62.64919204309881, 'dt': 0.012943697760461684}
2026-06-08T14:47:10+12:00 scalar diagnostics {'step': 4108, 'time': 62.76249965558423, 'dt': 0.014219515747276057, 'total_energy': 331.18564710842276}
2026-06-08T14:47:11+12:00 scalar diagnostics {'step': 4128, 'time': 63.002439145633126, 'dt': 0.011858925802993803, 'total_energy': 319.7695791330738}
2026-06-08T14:47:11+12:00 scalar diagnostics {'step': 4147, 'time': 63.254042257888095, 'dt': 0.013143245663757793, 'total_energy': 325.1923100780972}
2026-06-08T14:47:12+12:00 scalar diagnostics {'step': 4165, 'time': 63.50817972652427, 'dt': 0.014376045316030529, 'total_energy': 322.11728553086925}
2026-06-08T14:47:12+12:00 scalar diagnostics {'step': 4182, 'time': 63.76067862697809, 'dt': 0.014314895411360428, 'total_energy': 314.49032488256717}
2026-06-08T14:47:13+12:00 progress {'step': 4200, 'time': 63.991198619872684, 'dt': 0.012255179256297427}
2026-06-08T14:47:13+12:00 scalar diagnostics {'step': 4201, 'time': 64.00353227316633, 'dt': 0.012333653293648168, 'total_energy': 307.6796902733844}
2026-06-08T14:47:13+12:00 scalar diagnostics {'step': 4219, 'time': 64.25416552964322, 'dt': 0.01489464208324576, 'total_energy': 310.40730701789766}
2026-06-08T14:47:14+12:00 scalar diagnostics {'step': 4237, 'time': 64.50261494536427, 'dt': 0.01295802877608262, 'total_energy': 326.26172430834765}
2026-06-08T14:47:14+12:00 scalar diagnostics {'step': 4256, 'time': 64.76040702990171, 'dt': 0.014459964903684208, 'total_energy': 351.5996082204446}
2026-06-08T14:47:15+12:00 scalar diagnostics {'step': 4274, 'time': 65.00382071778273, 'dt': 0.013103102890020793, 'total_energy': 371.5021161560544}
2026-06-08T14:47:15+12:00 scalar diagnostics {'step': 4291, 'time': 65.25062064389334, 'dt': 0.014832311455244083, 'total_energy': 371.98059424118986}
2026-06-08T14:47:16+12:00 progress {'step': 4300, 'time': 65.38473379703493, 'dt': 0.015225554228148789}
2026-06-08T14:47:16+12:00 scalar diagnostics {'step': 4308, 'time': 65.5120661759772, 'dt': 0.016435336964472358, 'total_energy': 376.27005856772803}
2026-06-08T14:47:16+12:00 scalar diagnostics {'step': 4326, 'time': 65.7501005343517, 'dt': 0.012054896013895004, 'total_energy': 373.0598944875328}
2026-06-08T14:47:17+12:00 scalar diagnostics {'step': 4346, 'time': 66.00095195116621, 'dt': 0.013419933702982847, 'total_energy': 362.59589359490127}
2026-06-08T14:47:17+12:00 scalar diagnostics {'step': 4366, 'time': 66.25061523595836, 'dt': 0.012009477282574307, 'total_energy': 375.99105494750154}
2026-06-08T14:47:18+12:00 scalar diagnostics {'step': 4385, 'time': 66.50339207804308, 'dt': 0.013522824097860164, 'total_energy': 405.7467396437232}
2026-06-08T14:47:18+12:00 progress {'step': 4400, 'time': 66.67816675352091, 'dt': 0.01121964744735306}
2026-06-08T14:47:18+12:00 scalar diagnostics {'step': 4407, 'time': 66.75896126085549, 'dt': 0.011909443352234204, 'total_energy': 413.6780494573917}
2026-06-08T14:47:19+12:00 scalar diagnostics {'step': 4428, 'time': 67.00292168328578, 'dt': 0.011664417067194472, 'total_energy': 409.4652933533015}
2026-06-08T14:47:19+12:00 scalar diagnostics {'step': 4449, 'time': 67.2608421274523, 'dt': 0.012017865942000605, 'total_energy': 396.2206739385508}
2026-06-08T14:47:20+12:00 scalar diagnostics {'step': 4469, 'time': 67.50034384131204, 'dt': 0.012577887642712011, 'total_energy': 359.4754080305137}
2026-06-08T14:47:20+12:00 scalar diagnostics {'step': 4489, 'time': 67.75941662230775, 'dt': 0.013806465611904356, 'total_energy': 332.30454800201016}
2026-06-08T14:47:20+12:00 progress {'step': 4500, 'time': 67.9053421188316, 'dt': 0.014295539872932002}
2026-06-08T14:47:21+12:00 scalar diagnostics {'step': 4507, 'time': 68.01423528075873, 'dt': 0.015606401840616674, 'total_energy': 334.7952682829023}
2026-06-08T14:47:21+12:00 scalar diagnostics {'step': 4522, 'time': 68.25544639074904, 'dt': 0.015976775318339943, 'total_energy': 321.5935887064561}
2026-06-08T14:47:22+12:00 scalar diagnostics {'step': 4538, 'time': 68.50061455811779, 'dt': 0.013851169336891195, 'total_energy': 315.94171500222023}
2026-06-08T14:47:22+12:00 scalar diagnostics {'step': 4556, 'time': 68.7579849259258, 'dt': 0.012609856729236745, 'total_energy': 329.91057061758977}
2026-06-08T14:47:23+12:00 scalar diagnostics {'step': 4575, 'time': 69.00597220021707, 'dt': 0.012744729291645834, 'total_energy': 328.7095269663793}
2026-06-08T14:47:23+12:00 scalar diagnostics {'step': 4599, 'time': 69.25682814272565, 'dt': 0.009084330213395914, 'total_energy': 323.5952204840121}
2026-06-08T14:47:23+12:00 progress {'step': 4600, 'time': 69.2658817377853, 'dt': 0.009053595059648846}
2026-06-08T14:47:24+12:00 scalar diagnostics {'step': 4625, 'time': 69.50751820182573, 'dt': 0.011124462625206697, 'total_energy': 345.153702382339}
2026-06-08T14:47:24+12:00 scalar diagnostics {'step': 4647, 'time': 69.75930624623632, 'dt': 0.011675116307504145, 'total_energy': 368.5947302616905}
2026-06-08T14:47:25+12:00 scalar diagnostics {'step': 4666, 'time': 70.00346794221282, 'dt': 0.012690594010612793, 'total_energy': 371.76639168836545}
2026-06-08T14:47:25+12:00 scalar diagnostics {'step': 4687, 'time': 70.2545578740092, 'dt': 0.01199511998754193, 'total_energy': 346.91509203555347}
2026-06-08T14:47:25+12:00 progress {'step': 4700, 'time': 70.41207151248386, 'dt': 0.01220830025023608}
2026-06-08T14:47:26+12:00 scalar diagnostics {'step': 4708, 'time': 70.51141730420169, 'dt': 0.012246407289087822, 'total_energy': 329.73302570255674}
2026-06-08T14:47:26+12:00 scalar diagnostics {'step': 4726, 'time': 70.75037792347628, 'dt': 0.013441145046735544, 'total_energy': 326.51858329671666}
2026-06-08T14:47:26+12:00 scalar diagnostics {'step': 4746, 'time': 71.00487204934507, 'dt': 0.01247299235940427, 'total_energy': 321.7915303587429}
2026-06-08T14:47:27+12:00 scalar diagnostics {'step': 4766, 'time': 71.25689877921073, 'dt': 0.012037076164680357, 'total_energy': 308.14138163651677}
2026-06-08T14:47:28+12:00 scalar diagnostics {'step': 4786, 'time': 71.5005646876311, 'dt': 0.013025268087790809, 'total_energy': 298.3842519032578}
2026-06-08T14:47:28+12:00 progress {'step': 4800, 'time': 71.67097501311085, 'dt': 0.011659006253962724}
2026-06-08T14:47:28+12:00 scalar diagnostics {'step': 4807, 'time': 71.75484619976878, 'dt': 0.011977718208389217, 'total_energy': 309.24435709481094}
2026-06-08T14:47:29+12:00 scalar diagnostics {'step': 4829, 'time': 72.0109752623965, 'dt': 0.012485876895502276, 'total_energy': 299.8381511565974}
2026-06-08T14:47:29+12:00 scalar diagnostics {'step': 4848, 'time': 72.25757669792266, 'dt': 0.012065981822787876, 'total_energy': 275.9599772151152}
2026-06-08T14:47:29+12:00 scalar diagnostics {'step': 4867, 'time': 72.50282901067669, 'dt': 0.013234658304414426, 'total_energy': 262.04239434160576}
2026-06-08T14:47:30+12:00 scalar diagnostics {'step': 4883, 'time': 72.75000779497755, 'dt': 0.0174469844904064, 'total_energy': 252.6241787750319}
2026-06-08T14:47:30+12:00 scalar diagnostics {'step': 4898, 'time': 73.0074386072544, 'dt': 0.014765988066927867, 'total_energy': 251.76956459711346}
2026-06-08T14:47:30+12:00 progress {'step': 4900, 'time': 73.03625145932955, 'dt': 0.014309609552071936}
2026-06-08T14:47:31+12:00 scalar diagnostics {'step': 4916, 'time': 73.25617785703056, 'dt': 0.01253823651780953, 'total_energy': 257.6971241607234}
2026-06-08T14:47:31+12:00 scalar diagnostics {'step': 4936, 'time': 73.50124274086212, 'dt': 0.013081202220023189, 'total_energy': 271.1333129549063}
2026-06-08T14:47:32+12:00 scalar diagnostics {'step': 4955, 'time': 73.76331165103647, 'dt': 0.014403505472682947, 'total_energy': 277.9871015264807}
2026-06-08T14:47:33+12:00 scalar diagnostics {'step': 4971, 'time': 74.00745717600277, 'dt': 0.015102850006290486, 'total_energy': 283.891250408867}
2026-06-08T14:47:33+12:00 scalar diagnostics {'step': 4987, 'time': 74.25392248653175, 'dt': 0.01571928553634594, 'total_energy': 295.67008622825773}
2026-06-08T14:47:34+12:00 progress {'step': 5000, 'time': 74.43813129249934, 'dt': 0.013942399587684465}
2026-06-08T14:47:34+12:00 scalar diagnostics {'step': 5005, 'time': 74.50681381208544, 'dt': 0.013339893716382466, 'total_energy': 308.80046437169506}
2026-06-08T14:47:34+12:00 scalar diagnostics {'step': 5023, 'time': 74.75551190597213, 'dt': 0.014661773648006709, 'total_energy': 299.64066144519165}
2026-06-08T14:47:35+12:00 scalar diagnostics {'step': 5040, 'time': 75.0039106620984, 'dt': 0.014090525771670593, 'total_energy': 278.8866818863178}
2026-06-08T14:47:35+12:00 scalar diagnostics {'step': 5057, 'time': 75.25460223399374, 'dt': 0.015990994491725537, 'total_energy': 265.63824877167986}
2026-06-08T14:47:36+12:00 scalar diagnostics {'step': 5072, 'time': 75.50312095790203, 'dt': 0.016582438461563095, 'total_energy': 276.3150705500837}
2026-06-08T14:47:36+12:00 scalar diagnostics {'step': 5088, 'time': 75.75551806589488, 'dt': 0.014264661041206009, 'total_energy': 306.487495177847}
2026-06-08T14:47:37+12:00 progress {'step': 5100, 'time': 75.91082233629088, 'dt': 0.012131211128820261}
2026-06-08T14:47:37+12:00 scalar diagnostics {'step': 5108, 'time': 76.00673406823195, 'dt': 0.012089542849051968, 'total_energy': 331.5940155150666}
2026-06-08T14:47:37+12:00 scalar diagnostics {'step': 5126, 'time': 76.25589192991774, 'dt': 0.014912688041568214, 'total_energy': 334.1553625896821}
2026-06-08T14:47:38+12:00 scalar diagnostics {'step': 5142, 'time': 76.51205563891554, 'dt': 0.015953406208082554, 'total_energy': 336.6151493631985}
2026-06-08T14:47:38+12:00 scalar diagnostics {'step': 5157, 'time': 76.75188790420277, 'dt': 0.016868250568872357, 'total_energy': 341.6939669028372}
2026-06-08T14:47:39+12:00 scalar diagnostics {'step': 5175, 'time': 77.00458839743922, 'dt': 0.012870268378696596, 'total_energy': 346.53922438464673}
2026-06-08T14:47:39+12:00 scalar diagnostics {'step': 5193, 'time': 77.2569102282778, 'dt': 0.013635822723934229, 'total_energy': 331.5656536407163}
2026-06-08T14:47:39+12:00 progress {'step': 5200, 'time': 77.35566921380077, 'dt': 0.014706634308022784}
2026-06-08T14:47:40+12:00 scalar diagnostics {'step': 5210, 'time': 77.50039945641055, 'dt': 0.01405195606749296, 'total_energy': 306.4253996767475}
2026-06-08T14:47:40+12:00 scalar diagnostics {'step': 5228, 'time': 77.7536286446467, 'dt': 0.014726367788230386, 'total_energy': 288.42831243206695}
2026-06-08T14:47:41+12:00 scalar diagnostics {'step': 5245, 'time': 78.0098874801495, 'dt': 0.014036642066405581, 'total_energy': 292.6534137733104}
2026-06-08T14:47:41+12:00 scalar diagnostics {'step': 5264, 'time': 78.2520457307816, 'dt': 0.013278154847778185, 'total_energy': 296.5145153556119}
2026-06-08T14:47:41+12:00 scalar diagnostics {'step': 5284, 'time': 78.51244691605099, 'dt': 0.012743037711308651, 'total_energy': 285.7245725535207}
2026-06-08T14:47:42+12:00 progress {'step': 5300, 'time': 78.74795167299504, 'dt': 0.014232183315699835}
2026-06-08T14:47:42+12:00 scalar diagnostics {'step': 5301, 'time': 78.76198334709264, 'dt': 0.014031674097596218, 'total_energy': 264.81872723362426}
2026-06-08T14:47:42+12:00 scalar diagnostics {'step': 5318, 'time': 79.00438216736212, 'dt': 0.015186970264098631, 'total_energy': 255.21598619308645}
2026-06-08T14:47:43+12:00 scalar diagnostics {'step': 5336, 'time': 79.26204185264449, 'dt': 0.01511670458772157, 'total_energy': 246.64921263804746}
2026-06-08T14:47:43+12:00 scalar diagnostics {'step': 5352, 'time': 79.51272491597165, 'dt': 0.015376984040690453, 'total_energy': 238.5425176344441}
2026-06-08T14:47:43+12:00 scalar diagnostics {'step': 5367, 'time': 79.75241316102756, 'dt': 0.015825425651434598, 'total_energy': 244.97015640565786}
2026-06-08T14:47:44+12:00 scalar diagnostics {'step': 5383, 'time': 80.00158486277458, 'dt': 0.015636835086362, 'total_energy': 260.72993179439356}
2026-06-08T14:47:44+12:00 progress {'step': 5400, 'time': 80.25835499487508, 'dt': 0.015200283793863395}
2026-06-08T14:47:44+12:00 scalar diagnostics {'step': 5400, 'time': 80.25835499487508, 'dt': 0.015200283793863395, 'total_energy': 274.4384905338526}
2026-06-08T14:47:45+12:00 scalar diagnostics {'step': 5417, 'time': 80.50096587361405, 'dt': 0.014791280572082371, 'total_energy': 286.26713387159106}
2026-06-08T14:47:45+12:00 scalar diagnostics {'step': 5433, 'time': 80.76405659323756, 'dt': 0.018500792516971173, 'total_energy': 277.1433425032686}
2026-06-08T14:47:45+12:00 scalar diagnostics {'step': 5447, 'time': 81.0149550888561, 'dt': 0.017108173734255074, 'total_energy': 257.64669869137606}
2026-06-08T14:47:46+12:00 scalar diagnostics {'step': 5463, 'time': 81.25556472486174, 'dt': 0.013323879936513709, 'total_energy': 249.4870374284883}
2026-06-08T14:47:46+12:00 scalar diagnostics {'step': 5481, 'time': 81.50256828467585, 'dt': 0.015068651641940793, 'total_energy': 256.9008187332578}
2026-06-08T14:47:47+12:00 scalar diagnostics {'step': 5497, 'time': 81.7621558821109, 'dt': 0.01569298229674995, 'total_energy': 276.65514000299515}
2026-06-08T14:47:47+12:00 progress {'step': 5500, 'time': 81.80902534481645, 'dt': 0.015518390578330364}
2026-06-08T14:47:47+12:00 scalar diagnostics {'step': 5513, 'time': 82.00812164852708, 'dt': 0.015564033688512766, 'total_energy': 291.24947416742526}
2026-06-08T14:47:48+12:00 scalar diagnostics {'step': 5530, 'time': 82.26118803427948, 'dt': 0.01494558367238368, 'total_energy': 283.61659690043933}
2026-06-08T14:47:48+12:00 scalar diagnostics {'step': 5546, 'time': 82.51329556012028, 'dt': 0.01553306678163331, 'total_energy': 263.23353736493095}
2026-06-08T14:47:48+12:00 scalar diagnostics {'step': 5562, 'time': 82.76375177394532, 'dt': 0.01582396614079947, 'total_energy': 249.14169287573685}
2026-06-08T14:47:49+12:00 scalar diagnostics {'step': 5577, 'time': 83.00389135200346, 'dt': 0.017199114774920518, 'total_energy': 242.1130806813983}
2026-06-08T14:47:49+12:00 scalar diagnostics {'step': 5593, 'time': 83.26097389724094, 'dt': 0.016691410403793388, 'total_energy': 236.9445072259789}
2026-06-08T14:47:49+12:00 progress {'step': 5600, 'time': 83.38635209336006, 'dt': 0.018940161482485673}
2026-06-08T14:47:50+12:00 scalar diagnostics {'step': 5606, 'time': 83.5025159189461, 'dt': 0.01921006986015212, 'total_energy': 243.4168897749671}
2026-06-08T14:47:50+12:00 scalar diagnostics {'step': 5621, 'time': 83.76635344791976, 'dt': 0.01669379745774239, 'total_energy': 257.11801829801345}
2026-06-08T14:47:50+12:00 scalar diagnostics {'step': 5635, 'time': 84.0017566366942, 'dt': 0.01564750709111619, 'total_energy': 264.4013174057518}
2026-06-08T14:47:51+12:00 scalar diagnostics {'step': 5650, 'time': 84.25947661838741, 'dt': 0.018192760586328405, 'total_energy': 258.2098748073486}
2026-06-08T14:47:51+12:00 scalar diagnostics {'step': 5664, 'time': 84.50118078746493, 'dt': 0.016530599528976748, 'total_energy': 252.83320569263844}
2026-06-08T14:47:51+12:00 scalar diagnostics {'step': 5679, 'time': 84.76414876353606, 'dt': 0.016543143816093106, 'total_energy': 271.7107612849504}
2026-06-08T14:47:52+12:00 scalar diagnostics {'step': 5696, 'time': 85.01101156754106, 'dt': 0.013747109077621193, 'total_energy': 297.96280972459715}
2026-06-08T14:47:52+12:00 progress {'step': 5700, 'time': 85.0662849638651, 'dt': 0.013773352993488539}
2026-06-08T14:47:52+12:00 scalar diagnostics {'step': 5714, 'time': 85.25249708120727, 'dt': 0.012918750492198445, 'total_energy': 306.20595576044025}
2026-06-08T14:47:52+12:00 scalar diagnostics {'step': 5732, 'time': 85.51529650239264, 'dt': 0.0163166558851206, 'total_energy': 303.6510759276207}
2026-06-08T14:47:53+12:00 scalar diagnostics {'step': 5748, 'time': 85.75806067249292, 'dt': 0.014335863690552599, 'total_energy': 291.3083153077695}
2026-06-08T14:47:53+12:00 scalar diagnostics {'step': 5765, 'time': 86.00572377214695, 'dt': 0.015306477756721155, 'total_energy': 272.8051246230106}
2026-06-08T14:47:54+12:00 scalar diagnostics {'step': 5781, 'time': 86.26056835105497, 'dt': 0.016732424032293827, 'total_energy': 258.39047170397384}
2026-06-08T14:47:54+12:00 scalar diagnostics {'step': 5797, 'time': 86.50754551416311, 'dt': 0.015589032303055594, 'total_energy': 257.75465271473786}
2026-06-08T14:47:55+12:00 progress {'step': 5800, 'time': 86.55538723732283, 'dt': 0.016110231877998336}
2026-06-08T14:47:55+12:00 scalar diagnostics {'step': 5813, 'time': 86.7576368311299, 'dt': 0.015647681745553834, 'total_energy': 266.97478751083463}
2026-06-08T14:47:55+12:00 scalar diagnostics {'step': 5829, 'time': 87.01118021361191, 'dt': 0.015415692686477963, 'total_energy': 288.58177191016694}
2026-06-08T14:47:56+12:00 scalar diagnostics {'step': 5845, 'time': 87.26008553089395, 'dt': 0.01485465338625189, 'total_energy': 308.54709856500955}
2026-06-08T14:47:56+12:00 scalar diagnostics {'step': 5862, 'time': 87.51114340858922, 'dt': 0.014736994068755007, 'total_energy': 334.0842986761314}
2026-06-08T14:47:57+12:00 scalar diagnostics {'step': 5879, 'time': 87.75552132410661, 'dt': 0.014458760404157292, 'total_energy': 353.97993551578315}
2026-06-08T14:47:57+12:00 scalar diagnostics {'step': 5899, 'time': 88.0078374996401, 'dt': 0.01254694513786109, 'total_energy': 363.58677014523795}
2026-06-08T14:47:57+12:00 progress {'step': 5900, 'time': 88.02039771828564, 'dt': 0.012560218645529109}
2026-06-08T14:47:58+12:00 scalar diagnostics {'step': 5918, 'time': 88.25690847017182, 'dt': 0.01366301962517127, 'total_energy': 372.20389757819436}
2026-06-08T14:47:58+12:00 scalar diagnostics {'step': 5935, 'time': 88.50502861538175, 'dt': 0.01471534627660208, 'total_energy': 357.2714155424032}
2026-06-08T14:47:58+12:00 scalar diagnostics {'step': 5953, 'time': 88.75538510449638, 'dt': 0.012502934087557052, 'total_energy': 323.72193537069785}
2026-06-08T14:47:59+12:00 scalar diagnostics {'step': 5974, 'time': 89.00498010259184, 'dt': 0.01248622060503144, 'total_energy': 296.4284360996853}
2026-06-08T14:47:59+12:00 scalar diagnostics {'step': 5993, 'time': 89.2553231174565, 'dt': 0.014753707917348775, 'total_energy': 277.26252035467854}
2026-06-08T14:48:00+12:00 progress {'step': 6000, 'time': 89.35855375593638, 'dt': 0.014062833577438396}
2026-06-08T14:48:00+12:00 scalar diagnostics {'step': 6011, 'time': 89.51031484657365, 'dt': 0.014041408233824063, 'total_energy': 271.4212801372168}
2026-06-08T14:48:00+12:00 scalar diagnostics {'step': 6028, 'time': 89.7589288960978, 'dt': 0.015842121126732944, 'total_energy': 290.1157782334525}
2026-06-08T14:48:01+12:00 scalar diagnostics {'step': 6044, 'time': 90.00886441364594, 'dt': 0.014482634957193641, 'total_energy': 333.7845857256711}
2026-06-08T14:48:02+12:00 scalar diagnostics {'step': 6062, 'time': 90.25559918155713, 'dt': 0.012732934291294377, 'total_energy': 384.77161133788667}
2026-06-08T14:48:02+12:00 scalar diagnostics {'step': 6085, 'time': 90.5107170930928, 'dt': 0.012142828882727847, 'total_energy': 422.5995031067317}
2026-06-08T14:48:03+12:00 progress {'step': 6100, 'time': 90.69843179309306, 'dt': 0.012631352915001426}
2026-06-08T14:48:03+12:00 scalar diagnostics {'step': 6104, 'time': 90.75028825499646, 'dt': 0.013199502889237222, 'total_energy': 418.86530665261296}
2026-06-08T14:48:03+12:00 scalar diagnostics {'step': 6124, 'time': 91.01197373019727, 'dt': 0.012703813167550934, 'total_energy': 369.5754445141456}
2026-06-08T14:48:04+12:00 scalar diagnostics {'step': 6142, 'time': 91.25892922078305, 'dt': 0.014259220183775564, 'total_energy': 327.79259988031816}
2026-06-08T14:48:04+12:00 scalar diagnostics {'step': 6159, 'time': 91.50136937037864, 'dt': 0.013463725220319116, 'total_energy': 310.48444734337363}
2026-06-08T14:48:05+12:00 scalar diagnostics {'step': 6177, 'time': 91.75648469704923, 'dt': 0.01596721392023541, 'total_energy': 309.55244537045724}
2026-06-08T14:48:05+12:00 scalar diagnostics {'step': 6194, 'time': 92.00895540430864, 'dt': 0.015017489189442694, 'total_energy': 296.23856206242397}
2026-06-08T14:48:05+12:00 progress {'step': 6200, 'time': 92.0983199490082, 'dt': 0.014264300318504008}
2026-06-08T14:48:06+12:00 scalar diagnostics {'step': 6212, 'time': 92.25775033585663, 'dt': 0.012432117402136823, 'total_energy': 280.06845969395425}
2026-06-08T14:48:06+12:00 scalar diagnostics {'step': 6233, 'time': 92.50425253420967, 'dt': 0.012038242840981817, 'total_energy': 282.239952356108}
2026-06-08T14:48:07+12:00 scalar diagnostics {'step': 6252, 'time': 92.75922762711936, 'dt': 0.013837368514314512, 'total_energy': 297.0971857791027}
2026-06-08T14:48:07+12:00 scalar diagnostics {'step': 6269, 'time': 93.0012898039481, 'dt': 0.014602350729790527, 'total_energy': 322.79772544282594}
2026-06-08T14:48:08+12:00 scalar diagnostics {'step': 6286, 'time': 93.25474981143168, 'dt': 0.014588874457710342, 'total_energy': 334.4139035219269}
2026-06-08T14:48:08+12:00 progress {'step': 6300, 'time': 93.45517414786758, 'dt': 0.013967654918303526}
2026-06-08T14:48:08+12:00 scalar diagnostics {'step': 6304, 'time': 93.50866336429124, 'dt': 0.012993794292647944, 'total_energy': 336.76676208416404}
2026-06-08T14:48:08+12:00 scalar diagnostics {'step': 6323, 'time': 93.76000942573778, 'dt': 0.014875585315767088, 'total_energy': 352.06199296401246}
2026-06-08T14:48:09+12:00 scalar diagnostics {'step': 6345, 'time': 94.0094100767966, 'dt': 0.009630538321491675, 'total_energy': 367.13594472910256}
2026-06-08T14:48:09+12:00 scalar diagnostics {'step': 6368, 'time': 94.25721968993837, 'dt': 0.012185004817046546, 'total_energy': 346.32937077517465}
2026-06-08T14:48:10+12:00 scalar diagnostics {'step': 6387, 'time': 94.51305009100548, 'dt': 0.013925212252494813, 'total_energy': 317.00667373001596}
2026-06-08T14:48:10+12:00 progress {'step': 6400, 'time': 94.69486983939923, 'dt': 0.013051393436805975}
2026-06-08T14:48:10+12:00 scalar diagnostics {'step': 6405, 'time': 94.75963823587371, 'dt': 0.012965881049477343, 'total_energy': 304.4432776528205}
2026-06-08T14:48:11+12:00 scalar diagnostics {'step': 6427, 'time': 95.00955173359635, 'dt': 0.011009007680233069, 'total_energy': 305.2082455662406}
2026-06-08T14:48:11+12:00 scalar diagnostics {'step': 6446, 'time': 95.25378076260365, 'dt': 0.014213879574519753, 'total_energy': 337.2732640565595}
2026-06-08T14:48:12+12:00 scalar diagnostics {'step': 6466, 'time': 95.50663248149496, 'dt': 0.011254159471463248, 'total_energy': 350.9887666412517}
2026-06-08T14:48:13+12:00 scalar diagnostics {'step': 6487, 'time': 95.75123959284956, 'dt': 0.011435499813188043, 'total_energy': 345.09501690366767}
2026-06-08T14:48:13+12:00 progress {'step': 6500, 'time': 95.90346014472058, 'dt': 0.01257769398805773}
2026-06-08T14:48:13+12:00 scalar diagnostics {'step': 6508, 'time': 96.00757932549142, 'dt': 0.013707697240714337, 'total_energy': 347.0362253989658}
2026-06-08T14:48:14+12:00 scalar diagnostics {'step': 6526, 'time': 96.25848439564513, 'dt': 0.01314052539028443, 'total_energy': 344.0084360401934}
2026-06-08T14:48:14+12:00 scalar diagnostics {'step': 6546, 'time': 96.50932887099174, 'dt': 0.012164938755125724, 'total_energy': 334.78799417190965}
2026-06-08T14:48:14+12:00 scalar diagnostics {'step': 6566, 'time': 96.75005961310195, 'dt': 0.012330152766898457, 'total_energy': 325.23573384338204}
2026-06-08T14:48:15+12:00 scalar diagnostics {'step': 6587, 'time': 97.0082760399567, 'dt': 0.014481015441142515, 'total_energy': 316.57191355317764}
2026-06-08T14:48:15+12:00 progress {'step': 6600, 'time': 97.19660346672619, 'dt': 0.01400592823656097}
2026-06-08T14:48:15+12:00 scalar diagnostics {'step': 6604, 'time': 97.25316220657783, 'dt': 0.014285653855717501, 'total_energy': 316.78256523034054}
2026-06-08T14:48:16+12:00 scalar diagnostics {'step': 6623, 'time': 97.51262820720372, 'dt': 0.013331639844234315, 'total_energy': 304.75537907704063}
2026-06-08T14:48:16+12:00 scalar diagnostics {'step': 6640, 'time': 97.75889527511922, 'dt': 0.015470686362902962, 'total_energy': 301.7463191791184}
2026-06-08T14:48:17+12:00 scalar diagnostics {'step': 6657, 'time': 98.00518970979603, 'dt': 0.012437012263935971, 'total_energy': 310.5633180565268}
2026-06-08T14:48:17+12:00 scalar diagnostics {'step': 6678, 'time': 98.25980314144037, 'dt': 0.012385807589230835, 'total_energy': 312.46339982922365}
2026-06-08T14:48:17+12:00 scalar diagnostics {'step': 6696, 'time': 98.50681489973465, 'dt': 0.015317099778315352, 'total_energy': 313.2487897257743}
2026-06-08T14:48:18+12:00 progress {'step': 6700, 'time': 98.57014921250776, 'dt': 0.01573392393878833}
2026-06-08T14:48:18+12:00 scalar diagnostics {'step': 6712, 'time': 98.75041805741809, 'dt': 0.013991733778329414, 'total_energy': 328.42270882451817}
2026-06-08T14:48:18+12:00 scalar diagnostics {'step': 6731, 'time': 99.00164911356383, 'dt': 0.012718875800153184, 'total_energy': 347.8346373150985}
2026-06-08T14:48:19+12:00 scalar diagnostics {'step': 6752, 'time': 99.25677918268974, 'dt': 0.010781116522197374, 'total_energy': 348.6297356251378}
2026-06-08T14:48:19+12:00 scalar diagnostics {'step': 6775, 'time': 99.50911398890862, 'dt': 0.011598090709393924, 'total_energy': 332.7567510075731}
2026-06-08T14:48:20+12:00 scalar diagnostics {'step': 6795, 'time': 99.75970158500918, 'dt': 0.013085332564556202, 'total_energy': 304.04244559386177}
2026-06-08T14:48:20+12:00 progress {'step': 6800, 'time': 99.82544236644331, 'dt': 0.01304730480157823}
2026-06-08T14:48:20+12:00 scalar diagnostics {'step': 6814, 'time': 100.00619562351315, 'dt': 0.013042298126592366, 'total_energy': 292.16488621488145}
2026-06-08T14:48:21+12:00 scalar diagnostics {'step': 6832, 'time': 100.25111655331133, 'dt': 0.01365398840858628, 'total_energy': 282.78899763509907}
2026-06-08T14:48:21+12:00 scalar diagnostics {'step': 6852, 'time': 100.50582496423752, 'dt': 0.011623748304866373, 'total_energy': 265.8506332159077}
2026-06-08T14:48:22+12:00 scalar diagnostics {'step': 6874, 'time': 100.75597580423862, 'dt': 0.011847925599789944, 'total_energy': 253.30499181924154}
2026-06-08T14:48:22+12:00 scalar diagnostics {'step': 6892, 'time': 101.00477462993567, 'dt': 0.013787447932665162, 'total_energy': 247.80882123759977}
2026-06-08T14:48:22+12:00 progress {'step': 6900, 'time': 101.1175683185942, 'dt': 0.014509062979444647}
2026-06-08T14:48:22+12:00 scalar diagnostics {'step': 6909, 'time': 101.2523270033841, 'dt': 0.015315388293495972, 'total_energy': 237.6722425107595}
2026-06-08T14:48:23+12:00 scalar diagnostics {'step': 6927, 'time': 101.51000499790156, 'dt': 0.01414456816853876, 'total_energy': 227.23221506410505}
2026-06-08T14:48:23+12:00 scalar diagnostics {'step': 6943, 'time': 101.76008372898032, 'dt': 0.013779580243343397, 'total_energy': 232.86483037567433}
2026-06-08T14:48:24+12:00 scalar diagnostics {'step': 6961, 'time': 102.00424917297654, 'dt': 0.015930346913744998, 'total_energy': 230.58014171010336}
2026-06-08T14:48:24+12:00 scalar diagnostics {'step': 6978, 'time': 102.25723211547233, 'dt': 0.01493179439339801, 'total_energy': 225.65300454827366}
2026-06-08T14:48:24+12:00 scalar diagnostics {'step': 6993, 'time': 102.51840077539997, 'dt': 0.019290697654955287, 'total_energy': 226.00797450931975}
2026-06-08T14:48:24+12:00 progress {'step': 7000, 'time': 102.64849983391228, 'dt': 0.01810442107958061}
2026-06-08T14:48:24+12:00 scalar diagnostics {'step': 7006, 'time': 102.75331406486953, 'dt': 0.01670448581868504, 'total_energy': 229.91833516390687}
2026-06-08T14:48:25+12:00 scalar diagnostics {'step': 7022, 'time': 103.01033185880763, 'dt': 0.015895583171591603, 'total_energy': 242.9833634790025}
2026-06-08T14:48:25+12:00 scalar diagnostics {'step': 7037, 'time': 103.26452197230932, 'dt': 0.01571174644203642, 'total_energy': 279.4378861536997}
2026-06-08T14:48:26+12:00 scalar diagnostics {'step': 7055, 'time': 103.51212402081825, 'dt': 0.01263149748345917, 'total_energy': 319.2162711502862}
2026-06-08T14:48:26+12:00 scalar diagnostics {'step': 7075, 'time': 103.7606568826759, 'dt': 0.011975732355294434, 'total_energy': 325.66017270792116}
2026-06-08T14:48:27+12:00 scalar diagnostics {'step': 7093, 'time': 104.00941491230664, 'dt': 0.015606289193139123, 'total_energy': 298.12071713554946}
2026-06-08T14:48:27+12:00 progress {'step': 7100, 'time': 104.11966913694344, 'dt': 0.015538837334191483}
2026-06-08T14:48:27+12:00 scalar diagnostics {'step': 7110, 'time': 104.26204907803826, 'dt': 0.01355117269601656, 'total_energy': 261.56188517354457}
2026-06-08T14:48:28+12:00 scalar diagnostics {'step': 7127, 'time': 104.50253139105696, 'dt': 0.015591257889114502, 'total_energy': 243.05925969547604}
2026-06-08T14:48:28+12:00 scalar diagnostics {'step': 7144, 'time': 104.76120153231955, 'dt': 0.014352936497865329, 'total_energy': 238.23276226087256}
2026-06-08T14:48:29+12:00 scalar diagnostics {'step': 7161, 'time': 105.0036887058553, 'dt': 0.014419955014712799, 'total_energy': 235.83231133120577}
2026-06-08T14:48:29+12:00 scalar diagnostics {'step': 7178, 'time': 105.25517483823079, 'dt': 0.015391675558110052, 'total_energy': 232.2784748569525}
2026-06-08T14:48:29+12:00 scalar diagnostics {'step': 7193, 'time': 105.51200218812569, 'dt': 0.017686409738299845, 'total_energy': 231.1236403444731}
2026-06-08T14:48:30+12:00 progress {'step': 7200, 'time': 105.63168796027975, 'dt': 0.01662638091753093}
2026-06-08T14:48:30+12:00 scalar diagnostics {'step': 7208, 'time': 105.75525123068311, 'dt': 0.0147225818014152, 'total_energy': 235.8965428457719}
2026-06-08T14:48:30+12:00 scalar diagnostics {'step': 7225, 'time': 106.00795877280147, 'dt': 0.01481556274183506, 'total_energy': 247.2647289080502}
2026-06-08T14:48:31+12:00 scalar diagnostics {'step': 7243, 'time': 106.25078940322749, 'dt': 0.013785053212291792, 'total_energy': 267.9501498315939}
2026-06-08T14:48:32+12:00 scalar diagnostics {'step': 7261, 'time': 106.50338691513987, 'dt': 0.015433797438916605, 'total_energy': 286.7084835959228}
2026-06-08T14:48:32+12:00 scalar diagnostics {'step': 7276, 'time': 106.75264152754465, 'dt': 0.01646760966863712, 'total_energy': 298.4125485737228}
2026-06-08T14:48:33+12:00 scalar diagnostics {'step': 7294, 'time': 107.00965650005266, 'dt': 0.012992195059600501, 'total_energy': 311.0086369161982}
2026-06-08T14:48:33+12:00 progress {'step': 7300, 'time': 107.08657744330343, 'dt': 0.012741129270552475}
2026-06-08T14:48:33+12:00 scalar diagnostics {'step': 7313, 'time': 107.25279026413908, 'dt': 0.013409523158689747, 'total_energy': 331.562492846641}
2026-06-08T14:48:34+12:00 scalar diagnostics {'step': 7330, 'time': 107.50150220323444, 'dt': 0.015158667368600385, 'total_energy': 348.1629311982694}
2026-06-08T14:48:34+12:00 scalar diagnostics {'step': 7348, 'time': 107.75794479989501, 'dt': 0.014246952613091227, 'total_energy': 345.5351387430345}
2026-06-08T14:48:35+12:00 scalar diagnostics {'step': 7367, 'time': 108.00558305814347, 'dt': 0.012669034414625246, 'total_energy': 339.8993147502064}
2026-06-08T14:48:35+12:00 scalar diagnostics {'step': 7389, 'time': 108.25705743602332, 'dt': 0.011280249568805299, 'total_energy': 340.2778287108007}
2026-06-08T14:48:36+12:00 progress {'step': 7400, 'time': 108.38823217920664, 'dt': 0.012532208989518802}
2026-06-08T14:48:36+12:00 scalar diagnostics {'step': 7409, 'time': 108.50929992965722, 'dt': 0.01444168829572072, 'total_energy': 340.18364126949746}
2026-06-08T14:48:36+12:00 scalar diagnostics {'step': 7429, 'time': 108.75599873311033, 'dt': 0.011665105575778302, 'total_energy': 342.39867822720817}
2026-06-08T14:48:37+12:00 scalar diagnostics {'step': 7451, 'time': 109.01078845917898, 'dt': 0.011353982644800835, 'total_energy': 344.7033499744856}
2026-06-08T14:48:38+12:00 scalar diagnostics {'step': 7472, 'time': 109.26116830493294, 'dt': 0.011234591201319097, 'total_energy': 354.3229110406946}
2026-06-08T14:48:38+12:00 scalar diagnostics {'step': 7492, 'time': 109.5042881901222, 'dt': 0.01259259998506874, 'total_energy': 383.3014013430444}
2026-06-08T14:48:38+12:00 progress {'step': 7500, 'time': 109.60585601482518, 'dt': 0.012532219901475353}
2026-06-08T14:48:39+12:00 scalar diagnostics {'step': 7512, 'time': 109.75021885249362, 'dt': 0.012158228254623392, 'total_energy': 398.78716633516774}
2026-06-08T14:48:39+12:00 scalar diagnostics {'step': 7532, 'time': 110.00798599197086, 'dt': 0.014117044194474071, 'total_energy': 398.6602160452893}
2026-06-08T14:48:40+12:00 scalar diagnostics {'step': 7550, 'time': 110.26226029045144, 'dt': 0.012943475598364744, 'total_energy': 401.1687118459203}
2026-06-08T14:48:40+12:00 scalar diagnostics {'step': 7569, 'time': 110.50275882797135, 'dt': 0.012376177416106401, 'total_energy': 424.329991689423}
2026-06-08T14:48:40+12:00 scalar diagnostics {'step': 7593, 'time': 110.75709968221162, 'dt': 0.009845242735717257, 'total_energy': 445.109512394221}
2026-06-08T14:48:41+12:00 progress {'step': 7600, 'time': 110.828274239587, 'dt': 0.010547450956680865}
2026-06-08T14:48:41+12:00 scalar diagnostics {'step': 7618, 'time': 111.00503721576992, 'dt': 0.009099972419917246, 'total_energy': 425.67246280821865}
2026-06-08T14:48:42+12:00 scalar diagnostics {'step': 7643, 'time': 111.25020505665323, 'dt': 0.01029613136733101, 'total_energy': 372.1351378119105}
2026-06-08T14:48:42+12:00 scalar diagnostics {'step': 7664, 'time': 111.50664072083741, 'dt': 0.01284653897575818, 'total_energy': 324.30162540883214}
2026-06-08T14:48:43+12:00 scalar diagnostics {'step': 7683, 'time': 111.7632378272025, 'dt': 0.014671339799552223, 'total_energy': 297.9821273920331}
2026-06-08T14:48:43+12:00 progress {'step': 7700, 'time': 111.9816785933314, 'dt': 0.012402086332925038}
2026-06-08T14:48:43+12:00 scalar diagnostics {'step': 7702, 'time': 112.00682640579667, 'dt': 0.01263960362303218, 'total_energy': 286.1430146359921}
2026-06-08T14:48:44+12:00 scalar diagnostics {'step': 7720, 'time': 112.26416567465913, 'dt': 0.015215487679629333, 'total_energy': 277.44031572539996}
2026-06-08T14:48:44+12:00 scalar diagnostics {'step': 7737, 'time': 112.5119399072897, 'dt': 0.014308903365015136, 'total_energy': 266.7016116049525}
2026-06-08T14:48:45+12:00 scalar diagnostics {'step': 7754, 'time': 112.75138689166353, 'dt': 0.014140217572201704, 'total_energy': 254.044874055867}
2026-06-08T14:48:45+12:00 scalar diagnostics {'step': 7771, 'time': 113.00545478367368, 'dt': 0.014220858616582677, 'total_energy': 251.90249120932936}
2026-06-08T14:48:46+12:00 scalar diagnostics {'step': 7790, 'time': 113.25987734280807, 'dt': 0.014084238709476992, 'total_energy': 255.07152674693322}
2026-06-08T14:48:46+12:00 progress {'step': 7800, 'time': 113.40540201555868, 'dt': 0.01415588678327382}
2026-06-08T14:48:46+12:00 scalar diagnostics {'step': 7807, 'time': 113.5041543617698, 'dt': 0.014613435239149212, 'total_energy': 239.2737404763706}
2026-06-08T14:48:47+12:00 scalar diagnostics {'step': 7824, 'time': 113.76192812053243, 'dt': 0.014561785939257098, 'total_energy': 227.97326017229105}
2026-06-08T14:48:47+12:00 scalar diagnostics {'step': 7841, 'time': 114.00421192175197, 'dt': 0.013829964242299162, 'total_energy': 235.59233338220838}
2026-06-08T14:48:48+12:00 scalar diagnostics {'step': 7856, 'time': 114.25141326365669, 'dt': 0.01875779820468045, 'total_energy': 249.9606186890273}
2026-06-08T14:48:48+12:00 scalar diagnostics {'step': 7871, 'time': 114.51282484218325, 'dt': 0.017397858659699825, 'total_energy': 250.68954066948967}
2026-06-08T14:48:48+12:00 scalar diagnostics {'step': 7884, 'time': 114.76475838901261, 'dt': 0.01991744895738417, 'total_energy': 236.91967757687718}
2026-06-08T14:48:48+12:00 scalar diagnostics {'step': 7896, 'time': 115.01238753310903, 'dt': 0.020980640260691994, 'total_energy': 232.69858349456405}
2026-06-08T14:48:49+12:00 progress {'step': 7900, 'time': 115.09597222434041, 'dt': 0.020791741162473388}
2026-06-08T14:48:49+12:00 scalar diagnostics {'step': 7908, 'time': 115.25879273557369, 'dt': 0.02010448102968227, 'total_energy': 221.51730124772354}
2026-06-08T14:48:49+12:00 scalar diagnostics {'step': 7921, 'time': 115.50437363793597, 'dt': 0.018392366681585462, 'total_energy': 207.8368129327754}
2026-06-08T14:48:49+12:00 scalar diagnostics {'step': 7935, 'time': 115.7507875203513, 'dt': 0.018488461657317528, 'total_energy': 203.70707918444208}
2026-06-08T14:48:50+12:00 scalar diagnostics {'step': 7952, 'time': 116.00053700964648, 'dt': 0.013493110387051066, 'total_energy': 197.10811912659904}
2026-06-08T14:48:50+12:00 scalar diagnostics {'step': 7969, 'time': 116.252514899623, 'dt': 0.016757365723364923, 'total_energy': 198.869049449363}
2026-06-08T14:48:51+12:00 scalar diagnostics {'step': 7986, 'time': 116.51609099871742, 'dt': 0.01652170225005857, 'total_energy': 207.58572613298628}
2026-06-08T14:48:51+12:00 scalar diagnostics {'step': 7999, 'time': 116.75301328890532, 'dt': 0.019141815811073215, 'total_energy': 207.6897962550853}
2026-06-08T14:48:51+12:00 progress {'step': 8000, 'time': 116.77212067162294, 'dt': 0.0191073827176265}
2026-06-08T14:48:52+12:00 scalar diagnostics {'step': 8014, 'time': 117.01108052475196, 'dt': 0.017054442213904234, 'total_energy': 192.87365316415423}
2026-06-08T14:48:52+12:00 scalar diagnostics {'step': 8028, 'time': 117.26070022817593, 'dt': 0.016615496696941054, 'total_energy': 176.59428865962224}
2026-06-08T14:48:52+12:00 scalar diagnostics {'step': 8043, 'time': 117.50526672622634, 'dt': 0.016653151729326358, 'total_energy': 165.70244600446264}
2026-06-08T14:48:53+12:00 scalar diagnostics {'step': 8057, 'time': 117.7578177746974, 'dt': 0.01769162539718803, 'total_energy': 161.99828452448318}
2026-06-08T14:48:53+12:00 scalar diagnostics {'step': 8072, 'time': 118.00995896992843, 'dt': 0.014744991201032627, 'total_energy': 163.2419870623415}
2026-06-08T14:48:53+12:00 scalar diagnostics {'step': 8090, 'time': 118.26173810405747, 'dt': 0.014087054823043775, 'total_energy': 165.86840413249845}
2026-06-08T14:48:54+12:00 progress {'step': 8100, 'time': 118.41889200612677, 'dt': 0.017548124694196296}
2026-06-08T14:48:54+12:00 scalar diagnostics {'step': 8105, 'time': 118.51288899343346, 'dt': 0.019376529044115354, 'total_energy': 170.28092371760047}
2026-06-08T14:48:54+12:00 scalar diagnostics {'step': 8118, 'time': 118.75392678149504, 'dt': 0.018910543028328987, 'total_energy': 181.1472580859608}
2026-06-08T14:48:54+12:00 scalar diagnostics {'step': 8131, 'time': 119.01571639245945, 'dt': 0.020184118509964703, 'total_energy': 192.88144673387978}
2026-06-08T14:48:55+12:00 scalar diagnostics {'step': 8144, 'time': 119.25673278669495, 'dt': 0.018352656305336282, 'total_energy': 201.02554839259508}
2026-06-08T14:48:55+12:00 scalar diagnostics {'step': 8157, 'time': 119.51474702659456, 'dt': 0.019804751378271455, 'total_energy': 205.75013761597057}
2026-06-08T14:48:55+12:00 scalar diagnostics {'step': 8170, 'time': 119.7599674318225, 'dt': 0.017813802396673947, 'total_energy': 205.82751289655113}
2026-06-08T14:48:56+12:00 scalar diagnostics {'step': 8183, 'time': 120.00355687975629, 'dt': 0.02038285754026323, 'total_energy': 194.33920928642584}
2026-06-08T14:48:56+12:00 scalar diagnostics {'step': 8195, 'time': 120.26036816630094, 'dt': 0.022504407011545755, 'total_energy': 172.4317818538049}
2026-06-08T14:48:56+12:00 progress {'step': 8200, 'time': 120.37666333075764, 'dt': 0.02262597391239125}
2026-06-08T14:48:56+12:00 scalar diagnostics {'step': 8206, 'time': 120.51910829780114, 'dt': 0.026179495206908803, 'total_energy': 161.7869206762591}
2026-06-08T14:48:56+12:00 scalar diagnostics {'step': 8216, 'time': 120.76821144808713, 'dt': 0.024846233615667717, 'total_energy': 165.24188760957344}
2026-06-08T14:48:57+12:00 scalar diagnostics {'step': 8226, 'time': 121.01208273346624, 'dt': 0.02258092782606891, 'total_energy': 172.28056275647234}
2026-06-08T14:48:57+12:00 scalar diagnostics {'step': 8238, 'time': 121.25550180956778, 'dt': 0.019493691016149492, 'total_energy': 176.5525951282304}
2026-06-08T14:48:57+12:00 scalar diagnostics {'step': 8251, 'time': 121.51351354561024, 'dt': 0.019182438800297064, 'total_energy': 178.24214833993673}
2026-06-08T14:48:58+12:00 scalar diagnostics {'step': 8265, 'time': 121.757117412512, 'dt': 0.016172581754205422, 'total_energy': 180.50820981303468}
2026-06-08T14:48:58+12:00 scalar diagnostics {'step': 8281, 'time': 122.0120734563029, 'dt': 0.017181874125281264, 'total_energy': 183.89201948733017}
2026-06-08T14:48:58+12:00 scalar diagnostics {'step': 8294, 'time': 122.25178747502564, 'dt': 0.01885144189776785, 'total_energy': 184.75666328251592}
2026-06-08T14:48:58+12:00 progress {'step': 8300, 'time': 122.36161808911079, 'dt': 0.018063316519509348}
2026-06-08T14:48:58+12:00 scalar diagnostics {'step': 8309, 'time': 122.51509077620375, 'dt': 0.016375556888760086, 'total_energy': 176.33499169849165}
2026-06-08T14:48:59+12:00 scalar diagnostics {'step': 8324, 'time': 122.75142109168894, 'dt': 0.01572075484856671, 'total_energy': 166.9653626813153}
2026-06-08T14:48:59+12:00 scalar diagnostics {'step': 8339, 'time': 123.00967744442701, 'dt': 0.01834345938049771, 'total_energy': 168.23807569930833}
2026-06-08T14:48:59+12:00 scalar diagnostics {'step': 8353, 'time': 123.26815880843752, 'dt': 0.018510129996172325, 'total_energy': 182.34358040848826}
2026-06-08T14:49:00+12:00 scalar diagnostics {'step': 8367, 'time': 123.50164307045758, 'dt': 0.015140215573500327, 'total_energy': 189.6205366578517}
2026-06-08T14:49:00+12:00 scalar diagnostics {'step': 8383, 'time': 123.76018738738422, 'dt': 0.01816855686444646, 'total_energy': 185.37059665945355}
2026-06-08T14:49:00+12:00 scalar diagnostics {'step': 8398, 'time': 124.00052938994361, 'dt': 0.014664814481031402, 'total_energy': 177.00115482983657}
2026-06-08T14:49:01+12:00 progress {'step': 8400, 'time': 124.0293494028891, 'dt': 0.014332937451589567}
2026-06-08T14:49:01+12:00 scalar diagnostics {'step': 8416, 'time': 124.25121885858754, 'dt': 0.014191080315241798, 'total_energy': 170.97937945514926}
2026-06-08T14:49:01+12:00 scalar diagnostics {'step': 8432, 'time': 124.50438722897208, 'dt': 0.017895980828374847, 'total_energy': 170.50046954951128}
2026-06-08T14:49:02+12:00 scalar diagnostics {'step': 8446, 'time': 124.75804812052077, 'dt': 0.018451312665318655, 'total_energy': 169.21612742583514}
2026-06-08T14:49:02+12:00 scalar diagnostics {'step': 8459, 'time': 125.00397237275229, 'dt': 0.01784194373662482, 'total_energy': 169.03076695065215}
2026-06-08T14:49:02+12:00 scalar diagnostics {'step': 8474, 'time': 125.26508647850002, 'dt': 0.01753104848004692, 'total_energy': 173.2271540168145}
2026-06-08T14:49:02+12:00 scalar diagnostics {'step': 8487, 'time': 125.51045578233551, 'dt': 0.019034600960450062, 'total_energy': 176.58820696540303}
2026-06-08T14:49:03+12:00 progress {'step': 8500, 'time': 125.70628735829779, 'dt': 0.01199078577734595}
2026-06-08T14:49:03+12:00 scalar diagnostics {'step': 8504, 'time': 125.7522471463832, 'dt': 0.011262279606445902, 'total_energy': 173.89062633483388}
2026-06-08T14:49:03+12:00 scalar diagnostics {'step': 8526, 'time': 126.00484765779936, 'dt': 0.012662600130672889, 'total_energy': 168.53252848307218}
2026-06-08T14:49:04+12:00 scalar diagnostics {'step': 8543, 'time': 126.26445408172808, 'dt': 0.015864707931641096, 'total_energy': 176.33435494407706}
2026-06-08T14:49:04+12:00 scalar diagnostics {'step': 8558, 'time': 126.51685874304471, 'dt': 0.018659304423919058, 'total_energy': 184.42894041910472}
2026-06-08T14:49:04+12:00 scalar diagnostics {'step': 8570, 'time': 126.75502209273613, 'dt': 0.02115615499986819, 'total_energy': 186.7678245775619}
2026-06-08T14:49:05+12:00 scalar diagnostics {'step': 8583, 'time': 127.01467471132206, 'dt': 0.01895484649570865, 'total_energy': 182.5980872374157}
2026-06-08T14:49:05+12:00 scalar diagnostics {'step': 8597, 'time': 127.25529672365275, 'dt': 0.01602043847624105, 'total_energy': 182.45733572289396}
2026-06-08T14:49:05+12:00 progress {'step': 8600, 'time': 127.30385529911035, 'dt': 0.016326026644951624}
2026-06-08T14:49:05+12:00 scalar diagnostics {'step': 8611, 'time': 127.50640846530996, 'dt': 0.019313123436324575, 'total_energy': 183.35762149781817}
2026-06-08T14:49:06+12:00 scalar diagnostics {'step': 8625, 'time': 127.75892489703315, 'dt': 0.017164221999369768, 'total_energy': 184.6910898928085}
2026-06-08T14:49:06+12:00 scalar diagnostics {'step': 8640, 'time': 128.017311736064, 'dt': 0.01818224971234756, 'total_energy': 193.61639785037502}
2026-06-08T14:49:07+12:00 scalar diagnostics {'step': 8653, 'time': 128.26104101700147, 'dt': 0.018679590810602626, 'total_energy': 208.94929829060573}
2026-06-08T14:49:07+12:00 scalar diagnostics {'step': 8666, 'time': 128.51483763795966, 'dt': 0.019920905384870267, 'total_energy': 225.4695367557901}
2026-06-08T14:49:07+12:00 scalar diagnostics {'step': 8677, 'time': 128.7539581294912, 'dt': 0.02300059020902469, 'total_energy': 235.56443258326746}
2026-06-08T14:49:08+12:00 scalar diagnostics {'step': 8689, 'time': 129.01493643622018, 'dt': 0.020712448584994242, 'total_energy': 230.95236593310472}
2026-06-08T14:49:08+12:00 progress {'step': 8700, 'time': 129.25598688922028, 'dt': 0.023612162482496046}
2026-06-08T14:49:08+12:00 scalar diagnostics {'step': 8700, 'time': 129.25598688922028, 'dt': 0.023612162482496046, 'total_energy': 217.52409379312357}
2026-06-08T14:49:08+12:00 scalar diagnostics {'step': 8712, 'time': 129.513388448868, 'dt': 0.018941007787622748, 'total_energy': 212.58661876994574}
2026-06-08T14:49:09+12:00 scalar diagnostics {'step': 8725, 'time': 129.7547825729226, 'dt': 0.019870400421851498, 'total_energy': 214.48769265524146}
2026-06-08T14:49:09+12:00 scalar diagnostics {'step': 8737, 'time': 130.00697269955748, 'dt': 0.018558847038646086, 'total_energy': 226.04426508288861}
2026-06-08T14:49:09+12:00 scalar diagnostics {'step': 8752, 'time': 130.2582218268699, 'dt': 0.01565843020685253, 'total_energy': 242.93040785554865}
2026-06-08T14:49:09+12:00 scalar diagnostics {'step': 8767, 'time': 130.50412298703796, 'dt': 0.017523334908498632, 'total_energy': 238.39792207201413}
2026-06-08T14:49:10+12:00 scalar diagnostics {'step': 8780, 'time': 130.76492384953525, 'dt': 0.020656454725650926, 'total_energy': 225.34543663659147}
2026-06-08T14:49:10+12:00 scalar diagnostics {'step': 8792, 'time': 131.00755432896375, 'dt': 0.019252108996919735, 'total_energy': 214.75388482601866}
2026-06-08T14:49:10+12:00 progress {'step': 8800, 'time': 131.16570763776383, 'dt': 0.019372519037057757}
2026-06-08T14:49:10+12:00 scalar diagnostics {'step': 8805, 'time': 131.25741392504162, 'dt': 0.017314622100314318, 'total_energy': 206.96322013997525}
2026-06-08T14:49:11+12:00 scalar diagnostics {'step': 8821, 'time': 131.5097593599962, 'dt': 0.016584495916095395, 'total_energy': 205.16895074401538}
2026-06-08T14:49:11+12:00 scalar diagnostics {'step': 8835, 'time': 131.75314418009674, 'dt': 0.01853141883449078, 'total_energy': 214.4792575977192}
2026-06-08T14:49:11+12:00 scalar diagnostics {'step': 8850, 'time': 132.0086434047574, 'dt': 0.016469872865691865, 'total_energy': 220.87361201043996}
2026-06-08T14:49:11+12:00 scalar diagnostics {'step': 8864, 'time': 132.2622578238799, 'dt': 0.019780817479336733, 'total_energy': 218.00361730234943}
2026-06-08T14:49:12+12:00 scalar diagnostics {'step': 8876, 'time': 132.50373379787322, 'dt': 0.020343736149449256, 'total_energy': 217.03855170155606}
2026-06-08T14:49:12+12:00 scalar diagnostics {'step': 8888, 'time': 132.7529754298948, 'dt': 0.019968664961738762, 'total_energy': 222.84194965865225}
2026-06-08T14:49:12+12:00 progress {'step': 8900, 'time': 132.9948052410706, 'dt': 0.018330098161591677}
2026-06-08T14:49:12+12:00 scalar diagnostics {'step': 8901, 'time': 133.01269498969327, 'dt': 0.017889748622680588, 'total_energy': 233.7220843065395}
2026-06-08T14:49:12+12:00 scalar diagnostics {'step': 8915, 'time': 133.25114155027072, 'dt': 0.018375760940491204, 'total_energy': 251.5525422750984}
2026-06-08T14:49:12+12:00 scalar diagnostics {'step': 8928, 'time': 133.5034185093755, 'dt': 0.018444114794117252, 'total_energy': 270.12933642375924}
2026-06-08T14:49:12+12:00 scalar diagnostics {'step': 8942, 'time': 133.7619986844437, 'dt': 0.017507035640472266, 'total_energy': 284.2582995494999}
2026-06-08T14:49:13+12:00 scalar diagnostics {'step': 8957, 'time': 134.00337206766454, 'dt': 0.015330953621674298, 'total_energy': 298.640638272523}
2026-06-08T14:49:13+12:00 scalar diagnostics {'step': 8974, 'time': 134.2577038892755, 'dt': 0.013532481936531818, 'total_energy': 303.95004746936814}
2026-06-08T14:49:13+12:00 scalar diagnostics {'step': 8993, 'time': 134.51276221156053, 'dt': 0.014460813285560732, 'total_energy': 294.3786047623255}
2026-06-08T14:49:13+12:00 progress {'step': 9000, 'time': 134.62231439549234, 'dt': 0.016253228987283774}
2026-06-08T14:49:13+12:00 scalar diagnostics {'step': 9008, 'time': 134.75968881729983, 'dt': 0.017774198962997395, 'total_energy': 278.3195027118039}
2026-06-08T14:49:13+12:00 scalar diagnostics {'step': 9023, 'time': 135.00575710438784, 'dt': 0.015131919842030312, 'total_energy': 279.7501445685415}
2026-06-08T14:49:14+12:00 scalar diagnostics {'step': 9040, 'time': 135.2634739618035, 'dt': 0.014747000079176316, 'total_energy': 300.6194719612235}
2026-06-08T14:49:14+12:00 scalar diagnostics {'step': 9056, 'time': 135.50423981378077, 'dt': 0.015490721124823671, 'total_energy': 318.25242607762584}
2026-06-08T14:49:14+12:00 scalar diagnostics {'step': 9072, 'time': 135.76141130447522, 'dt': 0.016175479640417233, 'total_energy': 319.3687952646618}
2026-06-08T14:49:14+12:00 scalar diagnostics {'step': 9089, 'time': 136.0111278620071, 'dt': 0.014260869351221008, 'total_energy': 317.30741937427814}
2026-06-08T14:49:14+12:00 progress {'step': 9100, 'time': 136.17598024708025, 'dt': 0.014666778565015637}
2026-06-08T14:49:14+12:00 scalar diagnostics {'step': 9106, 'time': 136.2610823077095, 'dt': 0.013897954620407268, 'total_energy': 324.5190630232749}
2026-06-08T14:49:15+12:00 scalar diagnostics {'step': 9123, 'time': 136.50185945029295, 'dt': 0.013967854275366705, 'total_energy': 340.96507711790844}
2026-06-08T14:49:15+12:00 scalar diagnostics {'step': 9140, 'time': 136.75803213743214, 'dt': 0.01579340872871985, 'total_energy': 365.33547910123355}
2026-06-08T14:49:15+12:00 scalar diagnostics {'step': 9157, 'time': 137.01080263407613, 'dt': 0.01424574348731854, 'total_energy': 379.0361402502124}
2026-06-08T14:49:15+12:00 scalar diagnostics {'step': 9174, 'time': 137.2605329171629, 'dt': 0.015114197473438075, 'total_energy': 373.9659439689394}
2026-06-08T14:49:15+12:00 scalar diagnostics {'step': 9189, 'time': 137.5005245855312, 'dt': 0.015494538303156835, 'total_energy': 380.56353966332705}
2026-06-08T14:49:16+12:00 progress {'step': 9200, 'time': 137.66176974786, 'dt': 0.014641722088274117}
2026-06-08T14:49:16+12:00 scalar diagnostics {'step': 9207, 'time': 137.7636689969916, 'dt': 0.014738137557291944, 'total_energy': 397.3260113519957}
2026-06-08T14:49:16+12:00 scalar diagnostics {'step': 9225, 'time': 138.0071109896236, 'dt': 0.012939886038158818, 'total_energy': 386.04311950739555}
2026-06-08T14:49:16+12:00 scalar diagnostics {'step': 9244, 'time': 138.2528625389332, 'dt': 0.012313347544204867, 'total_energy': 366.4214926895942}
2026-06-08T14:49:16+12:00 scalar diagnostics {'step': 9264, 'time': 138.50491481372623, 'dt': 0.014274944637085677, 'total_energy': 356.7975815908172}
2026-06-08T14:49:17+12:00 scalar diagnostics {'step': 9280, 'time': 138.75026621332415, 'dt': 0.015149721453612366, 'total_energy': 365.5947362668417}
2026-06-08T14:49:17+12:00 scalar diagnostics {'step': 9297, 'time': 139.00079626576024, 'dt': 0.014495573534008576, 'total_energy': 381.49122571726707}
2026-06-08T14:49:17+12:00 progress {'step': 9300, 'time': 139.0454840652296, 'dt': 0.014793678305590053}
2026-06-08T14:49:17+12:00 scalar diagnostics {'step': 9314, 'time': 139.25048623398993, 'dt': 0.01606679574441935, 'total_energy': 402.85586590060944}
2026-06-08T14:49:17+12:00 scalar diagnostics {'step': 9330, 'time': 139.50211892345982, 'dt': 0.014301544642071286, 'total_energy': 398.52807537583}
2026-06-08T14:49:17+12:00 scalar diagnostics {'step': 9347, 'time': 139.75062583152794, 'dt': 0.013942891607232548, 'total_energy': 383.9717349929531}
2026-06-08T14:49:18+12:00 scalar diagnostics {'step': 9366, 'time': 140.01099194359512, 'dt': 0.013835552535549578, 'total_energy': 378.6946550428381}
2026-06-08T14:49:18+12:00 scalar diagnostics {'step': 9383, 'time': 140.2511126992812, 'dt': 0.013909306027733666, 'total_energy': 378.6210525429318}
2026-06-08T14:49:18+12:00 progress {'step': 9400, 'time': 140.48297949546196, 'dt': 0.01429911101063749}
2026-06-08T14:49:18+12:00 scalar diagnostics {'step': 9402, 'time': 140.5113655227277, 'dt': 0.013927671186292127, 'total_energy': 401.0721248951965}
2026-06-08T14:49:18+12:00 scalar diagnostics {'step': 9421, 'time': 140.7527634198877, 'dt': 0.01309281134414249, 'total_energy': 406.2365275354357}
2026-06-08T14:49:19+12:00 scalar diagnostics {'step': 9440, 'time': 141.0122994340807, 'dt': 0.014509069451846428, 'total_energy': 381.8117256472006}
2026-06-08T14:49:19+12:00 scalar diagnostics {'step': 9459, 'time': 141.25073630380575, 'dt': 0.012550547380874156, 'total_energy': 351.91130430221244}
2026-06-08T14:49:19+12:00 scalar diagnostics {'step': 9480, 'time': 141.5045037839922, 'dt': 0.01296367256193789, 'total_energy': 336.71865162060465}
2026-06-08T14:49:19+12:00 scalar diagnostics {'step': 9499, 'time': 141.75708859100678, 'dt': 0.013939465447232601, 'total_energy': 342.95340696262787}
2026-06-08T14:49:19+12:00 progress {'step': 9500, 'time': 141.77104057554308, 'dt': 0.013951984536301785}
2026-06-08T14:49:20+12:00 scalar diagnostics {'step': 9517, 'time': 142.01105967089424, 'dt': 0.014062439353181768, 'total_energy': 329.87254187771913}
2026-06-08T14:49:20+12:00 scalar diagnostics {'step': 9533, 'time': 142.25237785154474, 'dt': 0.01614543979241175, 'total_energy': 303.44765422824025}
2026-06-08T14:49:20+12:00 scalar diagnostics {'step': 9550, 'time': 142.50409004398767, 'dt': 0.013106202514993812, 'total_energy': 289.91615440242634}
2026-06-08T14:49:20+12:00 scalar diagnostics {'step': 9568, 'time': 142.7555022914213, 'dt': 0.015623330729795167, 'total_energy': 285.5647537207734}
2026-06-08T14:49:20+12:00 scalar diagnostics {'step': 9584, 'time': 143.0057684526833, 'dt': 0.016304605455268354, 'total_energy': 286.50129171854326}
2026-06-08T14:49:21+12:00 progress {'step': 9600, 'time': 143.23732667109604, 'dt': 0.013471835367170984}
2026-06-08T14:49:21+12:00 scalar diagnostics {'step': 9601, 'time': 143.25099034421183, 'dt': 0.01366367311579794, 'total_energy': 295.79570245592566}
2026-06-08T14:49:21+12:00 scalar diagnostics {'step': 9619, 'time': 143.51024394103598, 'dt': 0.01324616426204813, 'total_energy': 320.8873821642444}
2026-06-08T14:49:21+12:00 scalar diagnostics {'step': 9639, 'time': 143.75121483333982, 'dt': 0.012052593273943295, 'total_energy': 333.9882200492388}
2026-06-08T14:49:21+12:00 scalar diagnostics {'step': 9658, 'time': 144.00899500745655, 'dt': 0.014715999157931635, 'total_energy': 336.1270384247457}
2026-06-08T14:49:21+12:00 scalar diagnostics {'step': 9676, 'time': 144.258179241158, 'dt': 0.013472768535315415, 'total_energy': 324.1691976260081}
2026-06-08T14:49:22+12:00 scalar diagnostics {'step': 9693, 'time': 144.5095369762622, 'dt': 0.013967833248704212, 'total_energy': 313.0735858725857}
2026-06-08T14:49:22+12:00 progress {'step': 9700, 'time': 144.60583089875698, 'dt': 0.013922070433531582}
2026-06-08T14:49:22+12:00 scalar diagnostics {'step': 9710, 'time': 144.75574592676224, 'dt': 0.015124968636368502, 'total_energy': 306.0271656136125}
2026-06-08T14:49:22+12:00 scalar diagnostics {'step': 9728, 'time': 145.00817156103673, 'dt': 0.01330596116606841, 'total_energy': 296.1149766695741}
2026-06-08T14:49:22+12:00 scalar diagnostics {'step': 9745, 'time': 145.25879011505612, 'dt': 0.016198026466145595, 'total_energy': 285.35867399976433}
2026-06-08T14:49:22+12:00 scalar diagnostics {'step': 9761, 'time': 145.5054912967152, 'dt': 0.015177198042597357, 'total_energy': 270.20922723641814}
2026-06-08T14:49:23+12:00 scalar diagnostics {'step': 9778, 'time': 145.75821602498755, 'dt': 0.013444122047107513, 'total_energy': 250.85369106304802}
2026-06-08T14:49:23+12:00 scalar diagnostics {'step': 9796, 'time': 146.01129239363723, 'dt': 0.016116992851852408, 'total_energy': 234.1212790766284}
2026-06-08T14:49:23+12:00 progress {'step': 9800, 'time': 146.07909417536825, 'dt': 0.0170942214053524}
2026-06-08T14:49:23+12:00 scalar diagnostics {'step': 9810, 'time': 146.25336472240534, 'dt': 0.015939274861172005, 'total_energy': 225.66995092234407}
2026-06-08T14:49:23+12:00 scalar diagnostics {'step': 9826, 'time': 146.50445340654298, 'dt': 0.0174921876462202, 'total_energy': 220.51876225651998}
2026-06-08T14:49:23+12:00 scalar diagnostics {'step': 9840, 'time': 146.75680334223438, 'dt': 0.017869091010805763, 'total_energy': 221.7518882299172}
2026-06-08T14:49:24+12:00 scalar diagnostics {'step': 9855, 'time': 147.00101256569607, 'dt': 0.01615390263915889, 'total_energy': 223.1313477419843}
2026-06-08T14:49:24+12:00 scalar diagnostics {'step': 9871, 'time': 147.26364980338607, 'dt': 0.016024533906673473, 'total_energy': 231.17493599367032}
2026-06-08T14:49:24+12:00 scalar diagnostics {'step': 9887, 'time': 147.51176849940424, 'dt': 0.013842273925536932, 'total_energy': 234.7176197250914}
2026-06-08T14:49:24+12:00 progress {'step': 9900, 'time': 147.68889090922565, 'dt': 0.014093827083613312}
2026-06-08T14:49:24+12:00 scalar diagnostics {'step': 9905, 'time': 147.76253064683752, 'dt': 0.015240809453488519, 'total_energy': 231.87539157239303}
2026-06-08T14:49:24+12:00 scalar diagnostics {'step': 9921, 'time': 148.01216483274368, 'dt': 0.014072020110717218, 'total_energy': 246.409097760756}
2026-06-08T14:49:25+12:00 scalar diagnostics {'step': 9939, 'time': 148.25067999608126, 'dt': 0.013536644225510644, 'total_energy': 274.4382135591894}
2026-06-08T14:49:25+12:00 scalar diagnostics {'step': 9956, 'time': 148.50061926046763, 'dt': 0.01595708916345109, 'total_energy': 292.48712168888164}
2026-06-08T14:49:25+12:00 scalar diagnostics {'step': 9971, 'time': 148.75057974902666, 'dt': 0.016152919536919663, 'total_energy': 302.8816911270203}
2026-06-08T14:49:25+12:00 scalar diagnostics {'step': 9988, 'time': 149.00764182365438, 'dt': 0.014363311275718152, 'total_energy': 313.7755765144542}
2026-06-08T14:49:26+12:00 progress {'step': 10000, 'time': 149.18751991305763, 'dt': 0.015610200535371339}
2026-06-08T14:49:26+12:00 scalar diagnostics {'step': 10005, 'time': 149.26507443607687, 'dt': 0.015557014672539267, 'total_energy': 317.4109284411283}
2026-06-08T14:49:26+12:00 scalar diagnostics {'step': 10020, 'time': 149.50579497796062, 'dt': 0.015544015877146983, 'total_energy': 329.37728355833076}
2026-06-08T14:49:26+12:00 scalar diagnostics {'step': 10036, 'time': 149.75753492628894, 'dt': 0.016731018142942117, 'total_energy': 344.1320070333513}
2026-06-08T14:49:26+12:00 scalar diagnostics {'step': 10051, 'time': 150.01479551007492, 'dt': 0.01568590372595684, 'total_energy': 344.66169482898306}
2026-06-08T14:49:26+12:00 scalar diagnostics {'step': 10069, 'time': 150.2503060452281, 'dt': 0.012013206262420017, 'total_energy': 336.52893746611454}
2026-06-08T14:49:27+12:00 scalar diagnostics {'step': 10090, 'time': 150.51137680464524, 'dt': 0.013247733297559012, 'total_energy': 332.8576289786266}
2026-06-08T14:49:27+12:00 progress {'step': 10100, 'time': 150.6495338240794, 'dt': 0.014472513773543947}
2026-06-08T14:49:27+12:00 scalar diagnostics {'step': 10107, 'time': 150.7541511212092, 'dt': 0.014994569589811504, 'total_energy': 330.9663718808405}
2026-06-08T14:49:27+12:00 scalar diagnostics {'step': 10126, 'time': 151.00234147171588, 'dt': 0.01238832358142792, 'total_energy': 331.23833571918783}
2026-06-08T14:49:27+12:00 scalar diagnostics {'step': 10145, 'time': 151.25598166622177, 'dt': 0.014942525468847754, 'total_energy': 325.3212934562993}
2026-06-08T14:49:27+12:00 scalar diagnostics {'step': 10162, 'time': 151.50606523076573, 'dt': 0.014180767855535936, 'total_energy': 308.8681107871005}
2026-06-08T14:49:28+12:00 scalar diagnostics {'step': 10180, 'time': 151.751962157615, 'dt': 0.01396265082535505, 'total_energy': 294.48226088846934}
2026-06-08T14:49:28+12:00 scalar diagnostics {'step': 10197, 'time': 152.00683406781133, 'dt': 0.01574628073088145, 'total_energy': 273.8623465833174}
2026-06-08T14:49:28+12:00 progress {'step': 10200, 'time': 152.05539332623397, 'dt': 0.016471247728429644}
2026-06-08T14:49:28+12:00 scalar diagnostics {'step': 10213, 'time': 152.25839096062967, 'dt': 0.014349077212725329, 'total_energy': 262.60693231107985}
2026-06-08T14:49:28+12:00 scalar diagnostics {'step': 10231, 'time': 152.50540171698424, 'dt': 0.014023664021222338, 'total_energy': 281.93448458837815}
2026-06-08T14:49:29+12:00 scalar diagnostics {'step': 10248, 'time': 152.756164482297, 'dt': 0.013624593013167251, 'total_energy': 299.96422122630736}
2026-06-08T14:49:29+12:00 scalar diagnostics {'step': 10265, 'time': 153.00798194963986, 'dt': 0.016968642049548385, 'total_energy': 278.61327526260095}
2026-06-08T14:49:29+12:00 scalar diagnostics {'step': 10280, 'time': 153.25758868930046, 'dt': 0.016387301495593292, 'total_energy': 249.33839744452104}
2026-06-08T14:49:29+12:00 scalar diagnostics {'step': 10294, 'time': 153.50317008856823, 'dt': 0.017696811908289915, 'total_energy': 252.98752712081819}
2026-06-08T14:49:29+12:00 progress {'step': 10300, 'time': 153.60099712994398, 'dt': 0.015263115073132218}
2026-06-08T14:49:29+12:00 scalar diagnostics {'step': 10311, 'time': 153.75977798612718, 'dt': 0.014351135801299557, 'total_energy': 275.80319947807357}
2026-06-08T14:49:30+12:00 scalar diagnostics {'step': 10328, 'time': 154.00270428876772, 'dt': 0.014652354769068385, 'total_energy': 278.5651528981532}
2026-06-08T14:49:30+12:00 scalar diagnostics {'step': 10347, 'time': 154.2588470841899, 'dt': 0.01245658044082428, 'total_energy': 268.45943401419635}
2026-06-08T14:49:30+12:00 scalar diagnostics {'step': 10365, 'time': 154.50286280776888, 'dt': 0.014968028223179924, 'total_energy': 271.2387949552047}
2026-06-08T14:49:30+12:00 scalar diagnostics {'step': 10381, 'time': 154.75156420717758, 'dt': 0.01651527108774515, 'total_energy': 293.5022100389016}
2026-06-08T14:49:30+12:00 scalar diagnostics {'step': 10398, 'time': 155.01048779660616, 'dt': 0.015474269332005818, 'total_energy': 309.69696154996996}
2026-06-08T14:49:30+12:00 progress {'step': 10400, 'time': 155.041076135276, 'dt': 0.015229678740802997}
2026-06-08T14:49:31+12:00 scalar diagnostics {'step': 10414, 'time': 155.25166392288511, 'dt': 0.015444458077743238, 'total_energy': 319.1589339817283}
2026-06-08T14:49:31+12:00 scalar diagnostics {'step': 10432, 'time': 155.51175303343953, 'dt': 0.01375384847202189, 'total_energy': 338.2165995421665}
2026-06-08T14:49:31+12:00 scalar diagnostics {'step': 10449, 'time': 155.75067993103147, 'dt': 0.014496865678289488, 'total_energy': 353.9689899904715}
2026-06-08T14:49:31+12:00 scalar diagnostics {'step': 10469, 'time': 156.00632993065744, 'dt': 0.012368438082674871, 'total_energy': 357.21146775724714}
2026-06-08T14:49:31+12:00 scalar diagnostics {'step': 10487, 'time': 156.26515245589744, 'dt': 0.015853590079480916, 'total_energy': 353.0405215161518}
2026-06-08T14:49:32+12:00 progress {'step': 10500, 'time': 156.46187656784167, 'dt': 0.013313811635155774}
2026-06-08T14:49:32+12:00 scalar diagnostics {'step': 10503, 'time': 156.50026289537604, 'dt': 0.012564098859746334, 'total_energy': 340.63813035534247}
2026-06-08T14:49:32+12:00 scalar diagnostics {'step': 10524, 'time': 156.75261622112131, 'dt': 0.013147070668086699, 'total_energy': 315.9041243642667}
2026-06-08T14:49:32+12:00 scalar diagnostics {'step': 10541, 'time': 157.00992373171295, 'dt': 0.014419720033311465, 'total_energy': 293.16100351682127}
2026-06-08T14:49:32+12:00 scalar diagnostics {'step': 10558, 'time': 157.26165992534808, 'dt': 0.015685031661737955, 'total_energy': 265.0432484888834}
2026-06-08T14:49:33+12:00 scalar diagnostics {'step': 10574, 'time': 157.51439076376067, 'dt': 0.016090651722320035, 'total_energy': 250.9756685917603}
2026-06-08T14:49:33+12:00 scalar diagnostics {'step': 10590, 'time': 157.7613063190679, 'dt': 0.015570917754308558, 'total_energy': 256.65509058699195}
2026-06-08T14:49:33+12:00 progress {'step': 10600, 'time': 157.90795323823207, 'dt': 0.013397457425032731}
2026-06-08T14:49:33+12:00 scalar diagnostics {'step': 10608, 'time': 158.01152293274055, 'dt': 0.012888050628853301, 'total_energy': 265.84487709511944}
2026-06-08T14:49:33+12:00 scalar diagnostics {'step': 10626, 'time': 158.26325044831458, 'dt': 0.014690211363712445, 'total_energy': 264.8553407533709}
2026-06-08T14:49:33+12:00 scalar diagnostics {'step': 10642, 'time': 158.51378017037365, 'dt': 0.014780269888302505, 'total_energy': 277.0677349872776}
2026-06-08T14:49:34+12:00 scalar diagnostics {'step': 10659, 'time': 158.7531104404063, 'dt': 0.014383194165730197, 'total_energy': 293.51409373584823}
2026-06-08T14:49:34+12:00 scalar diagnostics {'step': 10678, 'time': 159.0034487906375, 'dt': 0.013536337203550415, 'total_energy': 292.58630469535234}
2026-06-08T14:49:34+12:00 scalar diagnostics {'step': 10697, 'time': 159.2501585209055, 'dt': 0.0135317706977469, 'total_energy': 268.38043822464005}
2026-06-08T14:49:34+12:00 progress {'step': 10700, 'time': 159.29094190594776, 'dt': 0.013646114202784124}
2026-06-08T14:49:34+12:00 scalar diagnostics {'step': 10715, 'time': 159.51369317922064, 'dt': 0.01628123271928924, 'total_energy': 254.72740715113645}
2026-06-08T14:49:35+12:00 scalar diagnostics {'step': 10732, 'time': 159.75698724617718, 'dt': 0.012926382532983942, 'total_energy': 252.31147769030676}
2026-06-08T14:49:35+12:00 scalar diagnostics {'step': 10750, 'time': 160.00852284774246, 'dt': 0.01439990141183726, 'total_energy': 259.9401505183847}
2026-06-08T14:49:35+12:00 scalar diagnostics {'step': 10766, 'time': 160.25383415878503, 'dt': 0.016030543741460075, 'total_energy': 259.904852325256}
2026-06-08T14:49:35+12:00 scalar diagnostics {'step': 10782, 'time': 160.5065698634342, 'dt': 0.017634924320842377, 'total_energy': 240.917050919622}
2026-06-08T14:49:35+12:00 scalar diagnostics {'step': 10798, 'time': 160.7549921686979, 'dt': 0.014086272075731349, 'total_energy': 240.15258318702996}
2026-06-08T14:49:35+12:00 progress {'step': 10800, 'time': 160.7822169595645, 'dt': 0.01347441782929068}
2026-06-08T14:49:36+12:00 scalar diagnostics {'step': 10817, 'time': 161.00582464485302, 'dt': 0.014102743256917832, 'total_energy': 259.3910227442295}
2026-06-08T14:49:36+12:00 scalar diagnostics {'step': 10836, 'time': 161.25943568738933, 'dt': 0.01325717806817813, 'total_energy': 263.4456093954834}
2026-06-08T14:49:36+12:00 scalar diagnostics {'step': 10853, 'time': 161.5001865463597, 'dt': 0.015042644071489152, 'total_energy': 246.55554607083133}
2026-06-08T14:49:36+12:00 scalar diagnostics {'step': 10871, 'time': 161.76477839359853, 'dt': 0.014819031791909656, 'total_energy': 236.77272419290358}
2026-06-08T14:49:36+12:00 scalar diagnostics {'step': 10888, 'time': 162.01526813052115, 'dt': 0.01606184765240485, 'total_energy': 222.9225888229485}
2026-06-08T14:49:37+12:00 progress {'step': 10900, 'time': 162.2107912885849, 'dt': 0.015925539878773164}
2026-06-08T14:49:37+12:00 scalar diagnostics {'step': 10903, 'time': 162.25831527776256, 'dt': 0.01568239382491204, 'total_energy': 219.11550416872024}
2026-06-08T14:49:37+12:00 scalar diagnostics {'step': 10918, 'time': 162.5030765284399, 'dt': 0.018085681284468764, 'total_energy': 231.8557249557514}
2026-06-08T14:49:37+12:00 scalar diagnostics {'step': 10933, 'time': 162.76453656999655, 'dt': 0.016112019199038326, 'total_energy': 247.3220171161533}
2026-06-08T14:49:37+12:00 scalar diagnostics {'step': 10950, 'time': 163.00872881824037, 'dt': 0.013656496992970809, 'total_energy': 262.38487357518125}
2026-06-08T14:49:37+12:00 scalar diagnostics {'step': 10968, 'time': 163.26439274486142, 'dt': 0.014512602149414366, 'total_energy': 282.61508690045963}
2026-06-08T14:49:38+12:00 scalar diagnostics {'step': 10983, 'time': 163.5082435756697, 'dt': 0.017978632712859693, 'total_energy': 299.6942020385846}
2026-06-08T14:49:38+12:00 scalar diagnostics {'step': 10998, 'time': 163.766261891649, 'dt': 0.017061776999622677, 'total_energy': 314.58991095522686}
2026-06-08T14:49:38+12:00 progress {'step': 11000, 'time': 163.80045818695194, 'dt': 0.01715098608025264}
2026-06-08T14:49:38+12:00 scalar diagnostics {'step': 11015, 'time': 164.0095573037, 'dt': 0.013053362780461528, 'total_energy': 319.6871460650048}
2026-06-08T14:49:38+12:00 scalar diagnostics {'step': 11035, 'time': 164.26179749311913, 'dt': 0.01289612785078216, 'total_energy': 317.7019619075629}
2026-06-08T14:49:38+12:00 scalar diagnostics {'step': 11053, 'time': 164.5149466847376, 'dt': 0.01524179166360615, 'total_energy': 303.156279019783}
2026-06-08T14:49:39+12:00 scalar diagnostics {'step': 11069, 'time': 164.76542626125686, 'dt': 0.015776255192574987, 'total_energy': 295.36544282146514}
2026-06-08T14:49:39+12:00 scalar diagnostics {'step': 11085, 'time': 165.01184227600314, 'dt': 0.01503521038138287, 'total_energy': 292.2429569901517}
2026-06-08T14:49:39+12:00 progress {'step': 11100, 'time': 165.218117856509, 'dt': 0.013667966450011398}
2026-06-08T14:49:39+12:00 scalar diagnostics {'step': 11103, 'time': 165.25996760269692, 'dt': 0.014139231733545147, 'total_energy': 298.6579195210847}
2026-06-08T14:49:39+12:00 scalar diagnostics {'step': 11120, 'time': 165.5107013662894, 'dt': 0.013788922451725263, 'total_energy': 312.5285075827392}
2026-06-08T14:49:39+12:00 scalar diagnostics {'step': 11138, 'time': 165.7624301921778, 'dt': 0.01607425837122379, 'total_energy': 317.05158928529545}
2026-06-08T14:49:40+12:00 scalar diagnostics {'step': 11153, 'time': 166.00801875416442, 'dt': 0.015660753427770385, 'total_energy': 305.84141322694325}
2026-06-08T14:49:40+12:00 scalar diagnostics {'step': 11167, 'time': 166.25379530533772, 'dt': 0.018801722341969324, 'total_energy': 281.7956133718551}
2026-06-08T14:49:40+12:00 scalar diagnostics {'step': 11180, 'time': 166.50327171581677, 'dt': 0.020225130009546736, 'total_energy': 269.7977204513851}
2026-06-08T14:49:40+12:00 scalar diagnostics {'step': 11194, 'time': 166.75630636065696, 'dt': 0.01679483199019947, 'total_energy': 270.9100446411703}
2026-06-08T14:49:41+12:00 progress {'step': 11200, 'time': 166.85647300837493, 'dt': 0.01691599047976185}
2026-06-08T14:49:41+12:00 scalar diagnostics {'step': 11209, 'time': 167.00705921759445, 'dt': 0.016392961559291756, 'total_energy': 274.76130910823167}
2026-06-08T14:49:41+12:00 scalar diagnostics {'step': 11224, 'time': 167.25239795691886, 'dt': 0.01675234492381885, 'total_energy': 281.3419094221176}
2026-06-08T14:49:41+12:00 scalar diagnostics {'step': 11239, 'time': 167.50485298283425, 'dt': 0.016407546337175574, 'total_energy': 279.5718793829483}
2026-06-08T14:49:42+12:00 scalar diagnostics {'step': 11255, 'time': 167.7554055928523, 'dt': 0.014511606273132688, 'total_energy': 278.93778393178604}
2026-06-08T14:49:42+12:00 scalar diagnostics {'step': 11273, 'time': 168.01308693964737, 'dt': 0.014190736570248597, 'total_energy': 267.48927838812415}
2026-06-08T14:49:43+12:00 scalar diagnostics {'step': 11290, 'time': 168.2503644061292, 'dt': 0.015022143261515944, 'total_energy': 256.08790132676046}
2026-06-08T14:49:43+12:00 progress {'step': 11300, 'time': 168.4167258005635, 'dt': 0.017256582636317908}
2026-06-08T14:49:43+12:00 scalar diagnostics {'step': 11305, 'time': 168.50134106301684, 'dt': 0.016651239563767427, 'total_energy': 246.84750067508224}
2026-06-08T14:49:43+12:00 scalar diagnostics {'step': 11320, 'time': 168.7508253347971, 'dt': 0.015733740961251852, 'total_energy': 254.51067854732642}
2026-06-08T14:49:44+12:00 scalar diagnostics {'step': 11338, 'time': 169.00349024457805, 'dt': 0.012980653464228047, 'total_energy': 263.9979701110796}
2026-06-08T14:49:44+12:00 scalar diagnostics {'step': 11356, 'time': 169.26461927494546, 'dt': 0.015300277937506188, 'total_energy': 268.30096560613504}
2026-06-08T14:49:45+12:00 scalar diagnostics {'step': 11370, 'time': 169.5011575040367, 'dt': 0.017259419250459967, 'total_energy': 265.4784211593557}
2026-06-08T14:49:45+12:00 scalar diagnostics {'step': 11386, 'time': 169.76123632744324, 'dt': 0.015519176287933877, 'total_energy': 258.11547648162906}
2026-06-08T14:49:45+12:00 progress {'step': 11400, 'time': 169.97712768454565, 'dt': 0.01587077182692732}
2026-06-08T14:49:46+12:00 scalar diagnostics {'step': 11402, 'time': 170.0096782468, 'dt': 0.016438438784186243, 'total_energy': 260.4550308732996}
2026-06-08T14:49:46+12:00 scalar diagnostics {'step': 11418, 'time': 170.26445613668696, 'dt': 0.01564246867245801, 'total_energy': 261.84204857201354}
2026-06-08T14:49:47+12:00 scalar diagnostics {'step': 11433, 'time': 170.51008707463959, 'dt': 0.017260754206068988, 'total_energy': 257.80961644868444}
2026-06-08T14:49:47+12:00 scalar diagnostics {'step': 11448, 'time': 170.7590256236914, 'dt': 0.016838121361649302, 'total_energy': 272.8056372764295}
2026-06-08T14:49:48+12:00 scalar diagnostics {'step': 11465, 'time': 171.0122444733094, 'dt': 0.014047637363583526, 'total_energy': 290.787017070793}
2026-06-08T14:49:48+12:00 scalar diagnostics {'step': 11482, 'time': 171.25693423914072, 'dt': 0.014651717368264634, 'total_energy': 283.226383552813}
2026-06-08T14:49:49+12:00 progress {'step': 11500, 'time': 171.48656236030078, 'dt': 0.01204797597156015}
2026-06-08T14:49:49+12:00 scalar diagnostics {'step': 11502, 'time': 171.51084042367194, 'dt': 0.01217884542307028, 'total_energy': 263.98871988734214}
2026-06-08T14:49:49+12:00 scalar diagnostics {'step': 11520, 'time': 171.7514110880892, 'dt': 0.015348272261724152, 'total_energy': 243.77606427763578}
2026-06-08T14:49:50+12:00 scalar diagnostics {'step': 11536, 'time': 172.00515132821832, 'dt': 0.01473578112916295, 'total_energy': 239.39846896756654}
2026-06-08T14:49:50+12:00 scalar diagnostics {'step': 11553, 'time': 172.26351856289114, 'dt': 0.015942937892274585, 'total_energy': 251.7423566171975}
2026-06-08T14:49:50+12:00 scalar diagnostics {'step': 11570, 'time': 172.5154241204299, 'dt': 0.01580701342936705, 'total_energy': 267.6691827813458}
2026-06-08T14:49:51+12:00 scalar diagnostics {'step': 11586, 'time': 172.76448979025523, 'dt': 0.015736092448784187, 'total_energy': 256.53073459488684}
2026-06-08T14:49:51+12:00 progress {'step': 11600, 'time': 172.9969741310887, 'dt': 0.015851641197011178}
2026-06-08T14:49:51+12:00 scalar diagnostics {'step': 11601, 'time': 173.01228077394123, 'dt': 0.015306642852527025, 'total_energy': 243.1510259532913}
2026-06-08T14:49:52+12:00 scalar diagnostics {'step': 11618, 'time': 173.2545174580433, 'dt': 0.014519024053993948, 'total_energy': 241.72134926343256}
2026-06-08T14:49:52+12:00 scalar diagnostics {'step': 11634, 'time': 173.50148556799712, 'dt': 0.016973159341117143, 'total_energy': 242.2056825959526}
2026-06-08T14:49:52+12:00 scalar diagnostics {'step': 11649, 'time': 173.7514215798994, 'dt': 0.01652741427806574, 'total_energy': 246.00437881410085}
2026-06-08T14:49:53+12:00 scalar diagnostics {'step': 11665, 'time': 174.00924554765928, 'dt': 0.015399644765253644, 'total_energy': 246.09925462262692}
2026-06-08T14:49:53+12:00 scalar diagnostics {'step': 11681, 'time': 174.26388498800472, 'dt': 0.01739135394118847, 'total_energy': 251.51350729926236}
2026-06-08T14:49:54+12:00 scalar diagnostics {'step': 11695, 'time': 174.5086802923641, 'dt': 0.017509516638596748, 'total_energy': 251.5378960281683}
2026-06-08T14:49:54+12:00 progress {'step': 11700, 'time': 174.5931971767714, 'dt': 0.01659142403681045}
2026-06-08T14:49:54+12:00 scalar diagnostics {'step': 11711, 'time': 174.76246553022258, 'dt': 0.014935328402820903, 'total_energy': 238.01480111261043}
2026-06-08T14:49:55+12:00 scalar diagnostics {'step': 11727, 'time': 175.00972811650237, 'dt': 0.016852579033364568, 'total_energy': 224.58700500082375}
2026-06-08T14:49:55+12:00 scalar diagnostics {'step': 11742, 'time': 175.25964674101675, 'dt': 0.015921749135362206, 'total_energy': 204.77126632413666}
2026-06-08T14:49:56+12:00 scalar diagnostics {'step': 11756, 'time': 175.50319106112315, 'dt': 0.017337064470265038, 'total_energy': 197.364884663697}
2026-06-08T14:49:56+12:00 scalar diagnostics {'step': 11772, 'time': 175.75825378621292, 'dt': 0.014894727856376487, 'total_energy': 202.46970756935292}
2026-06-08T14:49:57+12:00 scalar diagnostics {'step': 11789, 'time': 176.01107429178435, 'dt': 0.014889733155572325, 'total_energy': 210.29835125567007}
2026-06-08T14:49:57+12:00 progress {'step': 11800, 'time': 176.17051998768878, 'dt': 0.014295611037436188}
2026-06-08T14:49:57+12:00 scalar diagnostics {'step': 11806, 'time': 176.259460981527, 'dt': 0.014942371007843763, 'total_energy': 213.34580252253443}
2026-06-08T14:49:58+12:00 scalar diagnostics {'step': 11822, 'time': 176.51292360172067, 'dt': 0.017557673936746895, 'total_energy': 212.0579230624778}
2026-06-08T14:49:58+12:00 scalar diagnostics {'step': 11834, 'time': 176.75797599362627, 'dt': 0.02203581345216655, 'total_energy': 221.76563823348957}
2026-06-08T14:49:59+12:00 scalar diagnostics {'step': 11846, 'time': 177.00731894088722, 'dt': 0.020387596486867065, 'total_energy': 237.0307133950596}
2026-06-08T14:49:59+12:00 scalar diagnostics {'step': 11860, 'time': 177.2667251292308, 'dt': 0.018200700790459604, 'total_energy': 237.87148806129875}
2026-06-08T14:49:59+12:00 scalar diagnostics {'step': 11874, 'time': 177.51447895297477, 'dt': 0.017898752243610906, 'total_energy': 219.10045015954705}
2026-06-08T14:50:00+12:00 scalar diagnostics {'step': 11887, 'time': 177.75053895530664, 'dt': 0.01739697305631784, 'total_energy': 200.6516215107921}
2026-06-08T14:50:00+12:00 progress {'step': 11900, 'time': 177.95820462600352, 'dt': 0.01626153392707549}
2026-06-08T14:50:00+12:00 scalar diagnostics {'step': 11903, 'time': 178.00722396576256, 'dt': 0.01616065425228044, 'total_energy': 185.86368774166604}
2026-06-08T14:50:01+12:00 scalar diagnostics {'step': 11918, 'time': 178.265321870458, 'dt': 0.018573638973202203, 'total_energy': 172.2755912644592}
2026-06-08T14:50:01+12:00 scalar diagnostics {'step': 11931, 'time': 178.5004307799869, 'dt': 0.017937168217945165, 'total_energy': 168.72281740929634}
2026-06-08T14:50:01+12:00 scalar diagnostics {'step': 11945, 'time': 178.76861189754118, 'dt': 0.01917146121909064, 'total_energy': 189.20159321720683}
2026-06-08T14:50:02+12:00 scalar diagnostics {'step': 11959, 'time': 179.00480854021143, 'dt': 0.016608367841312924, 'total_energy': 212.8719617005752}
2026-06-08T14:50:02+12:00 scalar diagnostics {'step': 11973, 'time': 179.2509228808232, 'dt': 0.017874352496339656, 'total_energy': 226.16302596345804}
2026-06-08T14:50:03+12:00 scalar diagnostics {'step': 11987, 'time': 179.502196231365, 'dt': 0.017186729973705267, 'total_energy': 230.17245920183973}
2026-06-08T14:50:03+12:00 progress {'step': 12000, 'time': 179.7246854711318, 'dt': 0.01904270506688132}
2026-06-08T14:50:03+12:00 scalar diagnostics {'step': 12002, 'time': 179.7626347948635, 'dt': 0.01897890763849914, 'total_energy': 224.58661104928348}
2026-06-08T14:50:03+12:00 scalar diagnostics {'step': 12016, 'time': 180.00937283228066, 'dt': 0.016689302565112023, 'total_energy': 214.47495431034082}
2026-06-08T14:50:04+12:00 scalar diagnostics {'step': 12031, 'time': 180.25497442781207, 'dt': 0.01643751044047112, 'total_energy': 214.76668838938735}
2026-06-08T14:50:04+12:00 scalar diagnostics {'step': 12047, 'time': 180.51058411332778, 'dt': 0.01582061105596865, 'total_energy': 224.18882299167245}
2026-06-08T14:50:05+12:00 scalar diagnostics {'step': 12061, 'time': 180.76543366101708, 'dt': 0.01878951952000126, 'total_energy': 219.91965424124845}
2026-06-08T14:50:05+12:00 scalar diagnostics {'step': 12074, 'time': 181.00665487679248, 'dt': 0.0182959697450938, 'total_energy': 216.12901161454002}
2026-06-08T14:50:05+12:00 scalar diagnostics {'step': 12088, 'time': 181.2606882853853, 'dt': 0.016966524231787006, 'total_energy': 217.11471728008726}
2026-06-08T14:50:06+12:00 progress {'step': 12100, 'time': 181.45424326745604, 'dt': 0.015218429224917096}
2026-06-08T14:50:06+12:00 scalar diagnostics {'step': 12104, 'time': 181.51406855064025, 'dt': 0.014871760272412327, 'total_energy': 217.99083549819503}
2026-06-08T14:50:06+12:00 scalar diagnostics {'step': 12119, 'time': 181.75206422516268, 'dt': 0.017628160672193218, 'total_energy': 217.3699623482288}
2026-06-08T14:50:07+12:00 scalar diagnostics {'step': 12134, 'time': 182.0013741646308, 'dt': 0.01680700576605651, 'total_energy': 212.97068983556713}
2026-06-08T14:50:07+12:00 scalar diagnostics {'step': 12148, 'time': 182.2530239133858, 'dt': 0.017793026301397653, 'total_energy': 203.77852814677124}
2026-06-08T14:50:07+12:00 scalar diagnostics {'step': 12162, 'time': 182.51253392063074, 'dt': 0.02099850960552578, 'total_energy': 193.07706911787938}
2026-06-08T14:50:08+12:00 scalar diagnostics {'step': 12173, 'time': 182.75365262691864, 'dt': 0.021456752174222965, 'total_energy': 189.76957900463952}
2026-06-08T14:50:08+12:00 scalar diagnostics {'step': 12185, 'time': 183.0068229418196, 'dt': 0.020000637422769037, 'total_energy': 199.15894972995636}
2026-06-08T14:50:08+12:00 scalar diagnostics {'step': 12199, 'time': 183.2604565368185, 'dt': 0.01711931743177419, 'total_energy': 205.34990180801978}
2026-06-08T14:50:08+12:00 progress {'step': 12200, 'time': 183.27749023238417, 'dt': 0.01703369556565499}
2026-06-08T14:50:08+12:00 scalar diagnostics {'step': 12213, 'time': 183.5048731024329, 'dt': 0.01766311249197169, 'total_energy': 195.68788777543554}
2026-06-08T14:50:09+12:00 scalar diagnostics {'step': 12227, 'time': 183.76289146527202, 'dt': 0.018349791527360455, 'total_energy': 178.11788034212518}
2026-06-08T14:50:09+12:00 scalar diagnostics {'step': 12240, 'time': 184.00093211608726, 'dt': 0.01890749866185537, 'total_energy': 170.23767109842686}
2026-06-08T14:50:10+12:00 scalar diagnostics {'step': 12253, 'time': 184.26552615239402, 'dt': 0.020949078075753642, 'total_energy': 174.6905162880568}
2026-06-08T14:50:10+12:00 scalar diagnostics {'step': 12265, 'time': 184.5027257862814, 'dt': 0.018690212708650306, 'total_energy': 179.765447814361}
2026-06-08T14:50:10+12:00 scalar diagnostics {'step': 12279, 'time': 184.75396209728177, 'dt': 0.018150534916497613, 'total_energy': 191.40329457756374}
2026-06-08T14:50:11+12:00 scalar diagnostics {'step': 12292, 'time': 185.01911170999816, 'dt': 0.023617748892844036, 'total_energy': 193.7848452409604}
2026-06-08T14:50:11+12:00 progress {'step': 12300, 'time': 185.20300384489713, 'dt': 0.0213116315303946}
2026-06-08T14:50:11+12:00 scalar diagnostics {'step': 12303, 'time': 185.26493447238457, 'dt': 0.020236226035679414, 'total_energy': 182.08123465104742}
2026-06-08T14:50:12+12:00 scalar diagnostics {'step': 12316, 'time': 185.51354088422545, 'dt': 0.019536218802452706, 'total_energy': 166.09189284349958}
2026-06-08T14:50:12+12:00 scalar diagnostics {'step': 12328, 'time': 185.75700722593692, 'dt': 0.020751635571641162, 'total_energy': 154.8071713222299}
2026-06-08T14:50:12+12:00 scalar diagnostics {'step': 12341, 'time': 186.0112699157874, 'dt': 0.01873564753378774, 'total_energy': 151.3057387261203}
2026-06-08T14:50:13+12:00 scalar diagnostics {'step': 12356, 'time': 186.25975922427776, 'dt': 0.01542536248178918, 'total_energy': 160.55780686297342}
2026-06-08T14:50:13+12:00 scalar diagnostics {'step': 12371, 'time': 186.50032120757558, 'dt': 0.016619797391787084, 'total_energy': 179.29675776014136}
2026-06-08T14:50:13+12:00 scalar diagnostics {'step': 12386, 'time': 186.76257355250863, 'dt': 0.019010298195354065, 'total_energy': 200.47269226714303}
2026-06-08T14:50:13+12:00 scalar diagnostics {'step': 12399, 'time': 187.01527833662362, 'dt': 0.019376063198550227, 'total_energy': 223.41741674349458}
2026-06-08T14:50:13+12:00 progress {'step': 12400, 'time': 187.03477782741163, 'dt': 0.019499490788013094}
2026-06-08T14:50:14+12:00 scalar diagnostics {'step': 12412, 'time': 187.26308421044305, 'dt': 0.01784864741192424, 'total_energy': 241.61478410197384}
2026-06-08T14:50:14+12:00 scalar diagnostics {'step': 12426, 'time': 187.51477321954025, 'dt': 0.01853473143912563, 'total_energy': 249.69014889595758}
2026-06-08T14:50:14+12:00 scalar diagnostics {'step': 12438, 'time': 187.7513098525856, 'dt': 0.020158549854180304, 'total_energy': 245.89185748871222}
2026-06-08T14:50:15+12:00 scalar diagnostics {'step': 12452, 'time': 188.0075064047226, 'dt': 0.017619172054896354, 'total_energy': 238.67289456458127}
2026-06-08T14:50:15+12:00 scalar diagnostics {'step': 12467, 'time': 188.2652719151968, 'dt': 0.016127837307425247, 'total_energy': 233.29811920311616}
2026-06-08T14:50:16+12:00 scalar diagnostics {'step': 12482, 'time': 188.51693448649755, 'dt': 0.01883791411560912, 'total_energy': 229.23321550808924}
2026-06-08T14:50:17+12:00 scalar diagnostics {'step': 12495, 'time': 188.76798468418386, 'dt': 0.018209182601318145, 'total_energy': 230.9802412372525}
2026-06-08T14:50:17+12:00 progress {'step': 12500, 'time': 188.8568026185371, 'dt': 0.017633035946037934}
2026-06-08T14:50:17+12:00 scalar diagnostics {'step': 12508, 'time': 189.00227782253006, 'dt': 0.01905913853217928, 'total_energy': 233.05589371760655}
2026-06-08T14:50:18+12:00 scalar diagnostics {'step': 12521, 'time': 189.26036985323125, 'dt': 0.018520721956044008, 'total_energy': 228.96307708077558}
2026-06-08T14:50:18+12:00 scalar diagnostics {'step': 12534, 'time': 189.50031310848638, 'dt': 0.018469476491708277, 'total_energy': 223.68997817382171}
2026-06-08T14:50:19+12:00 scalar diagnostics {'step': 12548, 'time': 189.76931741698144, 'dt': 0.019812695197512727, 'total_energy': 216.97549509481757}
2026-06-08T14:50:19+12:00 scalar diagnostics {'step': 12562, 'time': 190.00724560218092, 'dt': 0.01553322467492369, 'total_energy': 208.67588072574432}
2026-06-08T14:50:20+12:00 scalar diagnostics {'step': 12579, 'time': 190.26411711470482, 'dt': 0.015253275578777287, 'total_energy': 196.27419618617006}
2026-06-08T14:50:20+12:00 scalar diagnostics {'step': 12594, 'time': 190.5097052507112, 'dt': 0.01776780932618758, 'total_energy': 181.65839388622334}
2026-06-08T14:50:21+12:00 progress {'step': 12600, 'time': 190.62094446377878, 'dt': 0.018897849925321727}
2026-06-08T14:50:21+12:00 scalar diagnostics {'step': 12607, 'time': 190.76392076241248, 'dt': 0.02184219362056271, 'total_energy': 165.76744930168041}
2026-06-08T14:50:21+12:00 scalar diagnostics {'step': 12618, 'time': 191.0074903309258, 'dt': 0.0198114978414281, 'total_energy': 158.79185311693382}
2026-06-08T14:50:22+12:00 scalar diagnostics {'step': 12633, 'time': 191.26152495023706, 'dt': 0.016000803998150473, 'total_energy': 167.17870290302835}
2026-06-08T14:50:22+12:00 scalar diagnostics {'step': 12646, 'time': 191.51066863055118, 'dt': 0.021774362034679577, 'total_energy': 178.40328448161452}
2026-06-08T14:50:23+12:00 scalar diagnostics {'step': 12657, 'time': 191.76203294276823, 'dt': 0.023155870922030287, 'total_energy': 185.7522043799933}
2026-06-08T14:50:23+12:00 scalar diagnostics {'step': 12669, 'time': 192.01582179783077, 'dt': 0.020348486793534598, 'total_energy': 185.5896490510802}
2026-06-08T14:50:24+12:00 scalar diagnostics {'step': 12680, 'time': 192.25447014401718, 'dt': 0.0217540763537057, 'total_energy': 184.46948103117745}
2026-06-08T14:50:24+12:00 scalar diagnostics {'step': 12691, 'time': 192.50825433931698, 'dt': 0.023638001235999555, 'total_energy': 187.3327221344662}
2026-06-08T14:50:25+12:00 progress {'step': 12700, 'time': 192.72404736781502, 'dt': 0.023567046003036912}
2026-06-08T14:50:25+12:00 scalar diagnostics {'step': 12702, 'time': 192.77071093926182, 'dt': 0.023302800267803084, 'total_energy': 189.71709806202904}
2026-06-08T14:50:25+12:00 scalar diagnostics {'step': 12714, 'time': 193.01805471282893, 'dt': 0.018214105166820975, 'total_energy': 189.53539444180524}
2026-06-08T14:50:25+12:00 scalar diagnostics {'step': 12727, 'time': 193.25673463396626, 'dt': 0.018591274911553206, 'total_energy': 192.4108225931172}
2026-06-08T14:50:26+12:00 scalar diagnostics {'step': 12741, 'time': 193.50714223162075, 'dt': 0.018944717950202347, 'total_energy': 208.80251695914885}
2026-06-08T14:50:26+12:00 scalar diagnostics {'step': 12754, 'time': 193.75644369591905, 'dt': 0.019309386935317085, 'total_energy': 226.39360617098464}
2026-06-08T14:50:27+12:00 scalar diagnostics {'step': 12768, 'time': 194.00547410512792, 'dt': 0.016689420967688762, 'total_energy': 223.59192983737142}
2026-06-08T14:50:27+12:00 scalar diagnostics {'step': 12782, 'time': 194.25252976651464, 'dt': 0.018793733780344057, 'total_energy': 206.22843468059904}
2026-06-08T14:50:27+12:00 scalar diagnostics {'step': 12795, 'time': 194.50542752821627, 'dt': 0.019731328540297605, 'total_energy': 192.09867300104872}
2026-06-08T14:50:28+12:00 progress {'step': 12800, 'time': 194.6029321433938, 'dt': 0.01950238527045514}
2026-06-08T14:50:28+12:00 scalar diagnostics {'step': 12807, 'time': 194.75253114596893, 'dt': 0.02217425494003556, 'total_energy': 191.1197632969723}
2026-06-08T14:50:28+12:00 scalar diagnostics {'step': 12821, 'time': 195.00830976868795, 'dt': 0.015754688437059926, 'total_energy': 199.29735657464556}
2026-06-08T14:50:28+12:00 scalar diagnostics {'step': 12836, 'time': 195.25424873934594, 'dt': 0.01837238529294368, 'total_energy': 207.96593117213897}
2026-06-08T14:50:28+12:00 scalar diagnostics {'step': 12850, 'time': 195.51431387089025, 'dt': 0.01873781085594361, 'total_energy': 220.76315572651725}
2026-06-08T14:50:29+12:00 scalar diagnostics {'step': 12862, 'time': 195.75389563712005, 'dt': 0.019910751797575642, 'total_energy': 234.34886069895265}
2026-06-08T14:50:29+12:00 scalar diagnostics {'step': 12875, 'time': 196.00396047231732, 'dt': 0.019136788725568794, 'total_energy': 243.32837195863692}
2026-06-08T14:50:29+12:00 scalar diagnostics {'step': 12889, 'time': 196.25277749845105, 'dt': 0.016358343130107932, 'total_energy': 240.9095635184504}
2026-06-08T14:50:29+12:00 progress {'step': 12900, 'time': 196.4277098931772, 'dt': 0.015080022442316496}
2026-06-08T14:50:29+12:00 scalar diagnostics {'step': 12905, 'time': 196.50249621218472, 'dt': 0.014958638509224043, 'total_energy': 229.45902946791009}
2026-06-08T14:50:29+12:00 scalar diagnostics {'step': 12922, 'time': 196.7656710915565, 'dt': 0.0160553748655976, 'total_energy': 215.66331046391673}
2026-06-08T14:50:30+12:00 scalar diagnostics {'step': 12936, 'time': 197.00643085528662, 'dt': 0.016792699372875617, 'total_energy': 206.52913041500565}
2026-06-08T14:50:30+12:00 scalar diagnostics {'step': 12952, 'time': 197.25874750864844, 'dt': 0.01626396347905928, 'total_energy': 200.6041864325863}
2026-06-08T14:50:30+12:00 scalar diagnostics {'step': 12966, 'time': 197.50554064308776, 'dt': 0.016253553480605944, 'total_energy': 207.24018095257958}
2026-06-08T14:50:30+12:00 scalar diagnostics {'step': 12982, 'time': 197.7610860843277, 'dt': 0.017746786850009775, 'total_energy': 228.8405989118765}
2026-06-08T14:50:30+12:00 scalar diagnostics {'step': 12995, 'time': 198.01091056558565, 'dt': 0.01891386063742184, 'total_energy': 245.27104306349395}
2026-06-08T14:50:31+12:00 progress {'step': 13000, 'time': 198.11150406906373, 'dt': 0.021177193155454868}
2026-06-08T14:50:31+12:00 scalar diagnostics {'step': 13007, 'time': 198.2508920352703, 'dt': 0.018552909479806843, 'total_energy': 248.68033799722372}
2026-06-08T14:50:31+12:00 scalar diagnostics {'step': 13021, 'time': 198.50110186619267, 'dt': 0.017084353070415573, 'total_energy': 254.6298515107824}
2026-06-08T14:50:31+12:00 scalar diagnostics {'step': 13035, 'time': 198.76933271799984, 'dt': 0.020873843366581414, 'total_energy': 258.2017742697859}
2026-06-08T14:50:31+12:00 scalar diagnostics {'step': 13048, 'time': 199.0066641974258, 'dt': 0.01618579602683834, 'total_energy': 252.99253327404557}
2026-06-08T14:50:31+12:00 scalar diagnostics {'step': 13062, 'time': 199.25772933042344, 'dt': 0.019597237896440058, 'total_energy': 248.5978439283626}
2026-06-08T14:50:32+12:00 scalar diagnostics {'step': 13075, 'time': 199.50511316041192, 'dt': 0.017402067080718737, 'total_energy': 259.33354213729206}
2026-06-08T14:50:32+12:00 scalar diagnostics {'step': 13090, 'time': 199.76021196489944, 'dt': 0.015437317797322197, 'total_energy': 273.57036156625884}
2026-06-08T14:50:32+12:00 progress {'step': 13100, 'time': 199.90769265954594, 'dt': 0.014709501889383322}
2026-06-08T14:50:32+12:00 progress {'step': 13107, 'time': 200.0, 'dt': 0.00025555056117809727}
2026-06-08T14:50:32+12:00 scalar diagnostics {'step': 13107, 'time': 200.0, 'dt': 0.00025555056117809727, 'total_energy': 281.54747204529514}
2026-06-08T14:50:32+12:00 run complete {'backend': 'numpy', 'equation_set': 'inhomogeneous_rmhd_s', 'equation_mode': 'nonlinear', 'grid': [16, 16, 16], 'steps': 13107, 't_final': 200.0, 'dt_last': 0.00025555056117809727, 'total_energy_initial': 0.7500000000000001, 'total_energy_final': 281.54747204529514, 'psi_hat_max_abs': 3529.9985020223744, 'output_dir': 'C:\\Users\\naoki\\Downloads\\rmhd-gpu-new\\examples\\outputs_nokia_rmhd_s_18', 'scalar_diagnostics_csv': 'C:\\Users\\naoki\\Downloads\\rmhd-gpu-new\\examples\\outputs_nokia_rmhd_s_18\\scalar_diagnostics.csv'}
