step,time,dt,psi_mean,psi_rms,psi_max_abs,omega_mean,omega_rms,omega_max_abs,du_par_mean,du_par_rms,du_par_max_abs,db_par_mean,db_par_rms,db_par_max_abs,s_mean,s_rms,s_max_abs,alfvenic_energy,du_par_energy,db_par_energy,total_energy_proxy,total_energy,total_energy_rhs_dissipation,total_energy_rhs_forcing,total_energy_rhs_stratification,total_energy_rhs_total,auto_dissipation_enabled,auto_dissipation_nu_perp,auto_dissipation_nu_par,auto_dissipation_kd,auto_dissipation_ud,auto_dissipation_Ed
0,0.0,0.0,1.734723475976807e-18,0.4342173625223503,1.4616505902339754,-6.938893903907228e-18,0.4342173625223504,1.578884777563656,-3.469446951953614e-18,0.4342173625223503,1.5171696917044408,3.469446951953614e-18,0.4342173625223503,1.34588600943537,-3.469446951953614e-18,0.4342173625223503,1.6791033171458931,0.416275849288917,0.0942723589579331,0.09427235895793307,0.6048205672047832,0.7500000000000001,0.0,0.0,0.0,0.0,1.0,2e-12,0.0,4.242640687119285,0.5766225342029709,0.16624677347532818
3,0.27492386175109906,0.09282099245336764,5.204170427930421e-18,0.42769002943693674,1.357495414720918,-5.204170427930421e-18,1.0434445593498507,3.6202860283124667,-3.469446951953614e-18,1.0072874492502584,3.4047121710009103,1.3877787807814457e-17,0.5165901822052993,1.6801914725590759,1.734723475976807e-18,0.8464164035970108,2.663187180041501,0.4864696331860031,0.5073140027085459,0.13343270817545216,1.1272163440700012,1.4540826488805396,-7.440524079839527e-10,0.0,2.5481768550581156,2.5481768543140633,1.0,2e-12,0.0,4.242640687119285,0.5766225342029709,0.16624677347532818
6,0.5636444521089183,0.09719722489164923,-3.469446951953614e-18,0.4299983511255669,1.3447319896624477,-3.469446951953614e-18,0.9233479632918592,2.8344083536425657,-1.3877787807814457e-17,1.818769952290246,5.919501778475985,3.469446951953614e-18,0.6725398700536102,2.0962706579247343,-1.734723475976807e-17,1.4355128247031552,4.580558204991005,0.4568397151517014,1.6539620696769315,0.22615493840586343,2.336956723234496,3.1194998705099124,-1.7251393897519489e-09,0.0,5.778796094561489,5.77879609283635,1.0,2e-12,0.0,4.242640687119285,0.5766225342029709,0.16624677347532818
8,0.7514206025611502,0.09211144730084353,1.734723475976807e-18,0.46603434266881627,1.4736945265248225,3.469446951953614e-18,1.2628647617948103,4.511413031118787,0.0,2.341030606841488,7.645824336067442,1.3877787807814457e-17,0.850406778187745,2.661804537275977,1.214306433183765e-17,1.4504837153939514,5.305179502647031,0.5894450069431039,2.740212151084312,0.3615958441938303,3.691253002221246,4.620902658743297,-3.1749457271835008e-09,0.0,8.082863893610847,8.0828638904359,1.0,2e-12,0.0,4.242640687119285,0.5766225342029709,0.16624677347532818
12,1.0726524161553057,0.07370130730627732,6.938893903907228e-18,0.5680589834637406,1.861240143368365,-6.938893903907228e-18,1.4165681207308989,5.158434411946061,-2.0816681711721685e-17,3.2463521039779395,10.589612109566795,3.469446951953614e-18,1.418313000927266,4.225514373535216,1.214306433183765e-17,2.135894827337387,6.731273185498356,0.805612519005746,5.269400991500997,1.0058058842996531,7.0808193948063956,9.318377891736633,-8.880295797592889e-09,0.0,14.629282528310748,14.629282519430452,1.0,4e-12,0.0,4.242640687119285,1.9717006185877588,1.9438016646696754
15,1.2738429941750464,0.06399978307116702,1.0408340855860843e-17,0.6231348450203913,2.155587059985293,-1.734723475976807e-18,1.4015248327410754,4.661489005432853,1.734723475976807e-17,3.7894472362970157,12.314289250014305,1.0408340855860843e-17,1.8759335969593094,5.716329078402293,-6.938893903907228e-18,2.7075382034834954,8.63761317117875,0.9256510160195497,7.179955178339544,1.7595634301003462,9.86516962445944,13.604039097856898,-1.8653677535003978e-08,0.0,21.31997817792319,21.319978159269514,1.0,4e-12,0.0,4.242640687119285,1.9717006185877588,1.9438016646696754
19,1.5057007518836254,0.05472223306850465,0.0,0.687406231983944,2.4970843166271353,0.0,1.4914252851374121,4.888215704483764,3.8163916471489756e-17,4.3633454816907795,14.214263987233503,1.3877787807814457e-17,2.4818485035546765,7.791837151219062,1.734723475976807e-18,3.4984778080181105,10.859607122300071,1.1576868894863475,9.51939189629567,3.0797859972982935,13.75686478308031,20.141274463141308,-2.6570809761686446e-08,0.0,28.228120137529814,28.228120110959004,1.0,4e-12,0.0,4.242640687119285,1.9717006185877588,1.9438016646696754
24,1.7530379621499392,0.04641830472283479,0.0,0.7911688176317089,2.9015649545667275,1.3877787807814457e-17,1.6766629949065253,5.259971415407575,6.938893903907228e-18,4.9322660029182614,16.081930937383632,2.0816681711721685e-17,3.231037754570589,10.303660501254111,4.336808689942018e-17,4.765446833274249,14.761557464379036,1.5213285041545592,12.163623961771638,5.219802485730275,18.90475495165647,30.256117987992905,-6.828111987450504e-08,0.0,40.89119283909919,40.89119277081807,1.0,8e-12,0.0,4.242640687119285,3.4397772830645645,5.916033878543519
30,2.0091946474893163,0.040530255514575037,1.734723475976807e-18,0.904852343751657,3.3472026442129748,0.0,1.4519027219425336,5.691549836825276,1.734723475976807e-17,5.494840951210327,17.83724099230556,1.3877787807814457e-17,4.05793546353974,13.159035678642432,-8.673617379884035e-18,6.19565543588635,18.535456155937293,1.8186754914802554,15.096638539549005,8.23342011312674,25.148734144156002,43.74641375294432,-1.039959834595608e-07,0.0,52.64307496961969,52.6430748656237,1.0,1.6e-11,0.0,4.242640687119285,4.613192597647886,10.640772971496622
37,2.2751255454415786,0.03622657720243178,1.0408340855860843e-17,1.000244007035961,3.8192724787072443,0.0,1.6714566239264956,6.029216392783263,-3.469446951953614e-18,6.032518298257046,19.464277999395158,1.0408340855860843e-17,4.902105521730083,16.246762490498185,-3.8163916471489756e-17,7.349263558037663,23.443970380057387,2.185520610834132,18.195638509403043,12.015319273088279,32.39647839332545,58.99494987469883,-2.803829842373931e-07,0.0,57.35648088090516,57.356480600522175,1.0,1.6e-11,0.0,4.242640687119285,4.613192597647886,10.640772971496622
44,2.513098660922225,0.03238968224702643,-3.469446951953614e-18,1.0868682904715237,4.269551313011993,-3.469446951953614e-18,1.669579518457397,5.860599158675705,7.28583859910259e-17,6.472741433399756,20.920321428673233,-1.3877787807814457e-17,5.66430355378731,19.108501494410753,-2.6020852139652106e-17,8.487438803759566,28.639074274356943,2.528166695645976,20.94819083182496,16.042167374723775,39.51852490219471,75.01057898776065,-5.75425919525733e-07,0.0,67.30916785952746,67.30916728410155,1.0,3.2e-11,0.0,4.242640687119285,5.822037508293265,16.948060373986824
52,2.756782244849496,0.02922030392993601,-5.204170427930421e-18,1.187828529251494,4.735947935609106,8.673617379884035e-18,1.6493744748098738,5.134198739179931,9.020562075079397e-17,6.909499776520861,22.256160443223983,0.0,6.453057263635608,22.06141047965341,4.85722573273506e-17,9.866207495679236,33.7069305650821,3.0160197699843163,23.87059358087091,20.82097402388014,47.70758737473537,94.81091499252072,-1.144297379640002e-06,0.0,81.23690093340267,81.23689978910528,1.0,6.4e-11,0.0,4.242640687119285,6.915864123092935,23.914588284542006
61,3.010307812061103,0.027549769357037537,1.734723475976807e-18,1.2815059961360618,5.090890949436846,-8.673617379884035e-18,1.5193971013949026,4.982467028919404,5.204170427930421e-17,7.356577318825231,23.683548213138092,-1.3877787807814457e-17,7.221702700255788,24.84964122089416,3.469446951953614e-17,11.13247291767126,37.516164840239426,3.4599923804602506,27.059614923926908,26.076494945440867,56.59610224982802,116.13422457619356,-2.49938110850302e-06,0.0,84.09789131771964,84.09788881833853,1.0,1.28e-10,0.0,4.242640687119285,7.838123720133623,30.718091726060678
70,3.2530550934105067,0.026473641046330442,1.734723475976807e-18,1.3471938442527769,5.2948988655122875,-5.204170427930421e-18,1.570532992888866,4.7676499156996694,6.245004513516506e-17,7.769307364659542,24.893101273621063,6.938893903907228e-18,7.883379178158615,27.254855401069037,4.163336342344337e-17,12.048064749694817,40.26646657255252,3.815257538893554,30.181068463276496,31.07383363331239,65.07015963548244,135.3360766062613,-5.367022124461852e-06,0.0,79.11799073929197,79.11798537226984,1.0,2.56e-10,0.0,4.242640687119285,8.760013591721956,38.3689190635767
80,3.5087874649538997,0.024788100104319095,6.938893903907228e-18,1.414090575655588,5.507025292250768,-6.938893903907228e-18,1.952987507119325,6.262557134962784,2.0816681711721685e-17,8.19690290489126,25.76737377267271,-1.3877787807814457e-17,8.545710308405416,29.718697396059753,1.0408340855860843e-17,13.114841551912459,44.258858119378274,4.250076750434374,33.594608616107394,36.51458233759328,74.35926770413505,157.3135986533061,-1.2697404858781964e-05,0.0,85.94413695641357,85.94412425900872,1.0,5.12e-10,0.0,4.242640687119285,9.75444200006605,47.57456936632628
91,3.772052278439408,0.023404627700846947,3.469446951953614e-18,1.4651048859468765,5.71425609522291,3.469446951953614e-18,1.9828383384681272,5.640286349259034,3.469446951953614e-18,8.649626375540421,27.497107125203797,3.469446951953614e-18,9.200304302792231,32.150135448335604,-3.2959746043559335e-17,14.422644620149297,49.496683753400575,4.630990201902461,37.40801821822226,42.32279963198863,84.36180805211336,182.84803070066474,-3.282007913452834e-05,0.0,96.97430886162141,96.97427604154227,1.0,1.024e-09,0.0,4.242640687119285,10.75316723446077,57.81530278614035
101,4.004616312907226,0.023281597302939425,-8.673617379884035e-18,1.4744404909106343,5.757276256071961,-6.938893903907228e-18,1.6369664949480538,5.105072503829053,-3.469446951953614e-18,9.059409314316849,29.172623249376834,-1.0408340855860843e-17,9.70943660202726,33.92665946899187,-2.0816681711721685e-17,15.34468779585586,52.94330630703318,4.699991496061896,41.03644856216543,47.13657956439332,92.87301962262066,203.58364894613163,-7.654890939807414e-05,0.0,89.15510614945777,89.15502960054836,1.0,2.048e-09,0.0,4.242640687119285,11.677004254069152,68.17621417477453
112,4.263502203705695,0.02374914064715138,-1.734723475976807e-18,1.4633973026233584,5.675151408243319,5.204170427930421e-18,1.4702748871850668,4.9719358832096905,-1.5265566588595902e-16,9.514312676048366,30.86087182971347,-6.938893903907228e-18,10.189620944122748,35.314683204081916,-1.3877787807814457e-17,15.961765651070293,54.26362201732346,4.650079773866775,45.2610728488073,51.914187492452484,101.82534011512656,222.52957753649463,-0.0001873002328071736,0.0,73.19873301870585,73.19854571847304,1.0,4.096e-09,0.0,4.242640687119285,12.515378792271097,78.31735315701458
122,4.500136098844012,0.02357808508468699,1.0408340855860843e-17,1.464495820352201,5.601398612406474,3.469446951953614e-18,1.498305880487868,4.999502458506273,1.0061396160665481e-16,9.91922750902382,32.404597713829915,-1.3877787807814457e-17,10.600447906250837,36.205612203219154,1.0408340855860843e-17,16.52224186650434,54.52698039110048,4.691062599972257,49.19553718788743,56.18474790656886,110.07134769442854,239.96190420071994,-0.00042510662318581677,0.0,73.67914424145343,73.67871913483025,1.0,8.192e-09,0.0,4.242640687119285,13.334608421540729,88.90589087791247
133,4.758704479463184,0.02349382362549189,3.469446951953614e-18,1.470141097516148,5.49144066001754,-5.204170427930421e-18,1.7307285723746602,5.867344163784802,8.673617379884035e-17,10.342892756225977,34.04784106794701,2.7755575615628914e-17,11.061889008513234,37.089183491236774,1.5612511283791264e-17,17.404150960251936,56.09140457553447,4.897966330754668,53.487715283395886,61.18269421833294,119.5683758324835,262.53527712557076,-0.001007404645613118,0.0,87.29500457609288,87.29399717144726,1.0,1.6384e-08,0.0,4.242640687119285,14.217588830269044,101.06991607329553
144,5.01834228052218,0.023732940574581005,0.0,1.450814498384639,5.248203515682109,2.0816681711721685e-17,2.0408589310426883,6.2016596552701735,1.1102230246251565e-16,10.753922821682156,35.508714250264326,-1.3877787807814457e-17,11.526359053388994,37.945588225930194,1.214306433183765e-17,18.357154485619574,59.1565783258165,5.127050041276576,57.82342802734815,66.4284765138212,129.3789545824459,286.7934137146708,-0.00241490779289957,0.0,93.42611980880679,93.42370490101389,1.0,3.2768e-08,0.0,4.242640687119285,15.173503944323912,115.11761097420666
154,5.257488281809808,0.024073160498349004,1.734723475976807e-18,1.42270605206007,4.964960398686003,0.0,1.8812097078460344,6.110068277167587,6.938893903907228e-17,11.129986189252277,36.74370883349718,-4.163336342344337e-17,11.936265585280065,38.43593490222099,1.9081958235744878e-17,19.098645150485034,60.99950487973342,5.047492644745226,61.93829628647319,71.23721806117061,138.22300699238903,307.9449516312789,-0.005466210799540608,0.0,88.454696911714,88.44923070091446,1.0,6.5536e-08,0.0,4.242640687119285,16.109247275591446,129.75392389307524
164,5.5007570253235,0.024578565443389055,8.673617379884035e-18,1.4045769110013795,4.730318686791319,1.0408340855860843e-17,1.694986750029192,6.169577833539663,3.8163916471489756e-17,11.506096584576142,37.945425127595314,-3.8163916471489756e-17,12.338460682028284,38.43555711803829,-3.642919299551295e-17,19.696467160468984,60.17334911540979,4.970509981902199,66.19512930679738,76.11880600097894,147.2844452896785,328.1499723135843,-0.01190755260835043,0.0,83.08300672164553,83.07109916903718,1.0,1.31072e-07,0.0,4.242640687119285,16.922590281937595,143.18703092516438
174,5.750956851752564,0.025427591855601075,-1.3877787807814457e-17,1.3996032007668355,4.600578978884673,-6.938893903907228e-18,1.4759063813559723,5.317401390983958,1.0408340855860843e-17,11.87198102503823,39.00322946816631,-3.469446951953614e-18,12.758889586113002,38.155524725645904,2.0816681711721685e-17,20.33831239926368,58.170525429730965,4.987514737643846,70.47196672943387,81.3946317353114,156.85411320238913,349.933421775212,-0.025806256737146187,0.0,87.1089069829803,87.08310072624316,1.0,2.62144e-07,0.0,4.242640687119285,17.63633355578772,155.52013064550192
184,6.010343886265214,0.02631710957906906,-1.734723475976807e-18,1.4010200682336236,4.550839986082822,3.469446951953614e-18,1.6453732813183843,5.2653913000624595,-6.591949208711867e-17,12.232610782067992,39.89904200011493,-1.0408340855860843e-17,13.217951894055037,38.04117337730109,2.0816681711721685e-17,21.17340011951811,60.62781612404851,5.1668842173533935,74.81838327278304,87.35712613677657,167.342393626913,375.7439953714162,-0.0557770004468702,0.0,99.58099449308355,99.52521749263668,1.0,5.24288e-07,0.0,4.242640687119285,18.38235170391923,168.95542708329114
194,6.276649895649539,0.026841771276493627,-5.204170427930421e-18,1.4066972168524496,4.62395457675591,0.0,1.6932770026095898,4.896848058554083,-2.42861286636753e-17,12.605903394227221,40.83458266400935,-3.469446951953614e-18,13.69110460278714,39.23433638704573,-1.0408340855860843e-17,22.08749173488622,64.13137731606139,5.324678877760232,79.45440019229468,93.72317262222958,178.50225169228452,403.94689292195415,-0.12031433028094345,0.0,106.06256331487766,105.94224898459672,1.0,1.048576e-06,0.0,4.242640687119285,19.22253130043889,184.75285479817646
203,6.519321631711396,0.026946675664989848,3.469446951953614e-18,1.414643216657274,4.607020152869461,0.0,1.2131560207771168,4.095141990098654,-1.1796119636642288e-16,12.955311353750627,41.67766953569462,2.7755575615628914e-17,14.082513726051127,40.30259628216531,1.9081958235744878e-17,22.729542707612215,65.66896651830814,5.307964054837516,83.92004613630995,99.15859642220919,188.38660661335666,427.035873193801,-0.24463970598754065,0.0,95.50126839412268,95.25662868813514,1.0,2.097152e-06,0.0,4.242640687119285,20.032011394138078,200.64074024743886
212,6.7623483179122035,0.026985829852351196,-1.734723475976807e-18,1.4181737580046476,4.489371858622709,-3.469446951953614e-18,0.8898857666046468,3.5082388033807756,3.8163916471489756e-17,13.309240742367031,42.26855735030197,-3.469446951953614e-18,14.423095289030565,41.245078842928905,-1.734723475976807e-17,23.156077878643366,66.16529321752834,5.329392062665925,88.56794456914123,104.01283885822782,197.910175490035,446.69807888314784,-0.4739563267349477,0.0,81.61551708413172,81.14156075739677,1.0,4.194304e-06,0.0,4.242640687119285,20.64244498227165,213.05526742305597
221,7.004671657543366,0.026930127264478826,1.734723475976807e-18,1.4256416034145516,4.4350821492693635,3.469446951953614e-18,1.156525664292228,5.61583896398749,-5.204170427930421e-17,13.670287507989261,42.83144697129947,-2.0816681711721685e-17,14.727672341013703,42.040120239987786,1.0408340855860843e-17,23.574868955240028,67.27885231238578,5.46042885950254,93.43838027554364,108.45216629213002,207.3509754271762,465.86224220862596,-0.9030902154005207,0.0,80.40569675320442,79.5026065378039,1.0,8.388608e-06,0.0,4.242640687119285,21.074989780857756,222.07759713162943
231,7.275173218696355,0.027012629484516815,-6.938893903907228e-18,1.4448770242858149,4.48489240112531,3.469446951953614e-18,1.1421258512577666,3.2804222305699056,-1.5959455978986625e-16,14.093761283461577,43.55568280368119,-1.0408340855860843e-17,15.02582567366659,42.845746191920256,-1.5612511283791264e-17,24.140312212135953,69.51400225850216,5.59207360031068,99.31705355760027,112.88771858770903,217.79684574561998,488.02832623216693,-1.8704314923520733,0.0,84.64108833889522,82.77065684654315,1.0,1.6777216e-05,0.0,4.242640687119285,21.48953708196739,230.90010199862576
240,7.514821190096578,0.026241871772052547,-3.469446951953614e-18,1.4642828813987037,4.48531418664197,5.204170427930421e-18,1.1649080535903227,3.8876627799164836,-7.632783294297951e-17,14.485217368266994,44.321488773459244,6.938893903907228e-18,15.223129955478097,43.675364712740304,3.2959746043559335e-17,24.548311033252535,70.71392379152472,5.754738503274153,104.91076110297189,115.87184282068728,226.53734242693332,505.1164703856537,-3.5338938169019993,0.0,76.41885790431171,72.88496408740971,1.0,3.3554432e-05,0.0,4.242640687119285,21.915448080390565,240.14343228214722
250,7.772222487927017,0.02540956932141046,8.673617379884035e-18,1.4806490081981454,4.5150506961535015,0.0,1.0533997577379939,3.5991046638834963,1.734723475976807e-17,14.90619776431973,45.32020506216737,-1.0408340855860843e-17,15.338471135220516,44.38128606959097,-2.0816681711721685e-17,24.78040153438781,70.80893933947915,5.890027978136267,111.09736589450523,117.63434838299644,234.6217422556379,518.0545316941166,-7.2927684225658425,0.0,60.83445002549351,53.54168160292767,1.0,6.7108864e-05,0.0,4.242640687119285,22.190243240450283,246.2034475351747
260,8.025044813234265,0.02527341830332218,0.0,1.4895585657191988,4.704039255080303,-6.938893903907228e-18,1.1285898420692897,4.791558818453414,2.0816681711721685e-16,15.297858985432391,46.57009047269627,6.938893903907228e-18,15.338979482009398,44.54461758674078,1.214306433183765e-17,24.79490038118372,70.82093179891544,5.953431428845425,117.01224476908729,117.6421457747526,240.60782197268531,524.2424806739004,-14.86216547715007,0.0,45.927275207451274,31.065109730301202,1.0,0.000134217728,0.0,4.242640687119285,22.16184556754449,245.57369947984563
269,8.253984770708493,0.025599899931796358,-1.734723475976807e-18,1.4857094873725392,4.829848235065736,-3.469446951953614e-18,1.2017117721454078,4.629610441124845,-6.938893903907228e-18,15.586347417171215,47.454312198157375,-1.3877787807814457e-17,15.203772126732476,44.15970245188648,2.2551405187698492e-17,24.523642348394183,69.94556115270483,5.861381709750025,121.46711290437987,115.5773434408037,242.9058380549336,520.8636206843644,-29.70405332012811,0.0,27.76223397846196,-1.9418193416661502,1.0,0.000134217728,0.0,4.242640687119285,22.16184556754449,245.57369947984563
279,8.513230224495949,0.026215969491661953,1.734723475976807e-18,1.4602095967295248,4.8462454166785385,1.0408340855860843e-17,1.1772172023771312,3.8931940576497164,-1.3877787807814457e-17,15.757286805852857,47.8516134504536,-6.938893903907228e-18,14.847535446396106,43.14539828086353,3.2959746043559335e-17,23.80732630476534,68.79686551417056,5.583142455806614,124.14604374095224,110.22465441599441,239.95384061275325,503.21146718977195,-54.86352346097476,0.0,9.648109603913548,-45.215413857061215,1.0,0.000268435456,0.0,4.242640687119285,21.78288407240306,237.24701925587544
288,8.752161555579388,0.026951324872667087,0.0,1.4236851976075429,4.694066024197102,-3.469446951953614e-18,1.2062636388152947,4.6036462240266705,-2.498001805406602e-16,15.622591750766325,47.25817844303148,0.0,14.258403332246008,41.30139189374412,-2.42861286636753e-17,22.806394232595526,65.54371550517693,5.214427675644173,122.03268650555603,101.65103279250204,228.89814697370224,470.98471659719723,-101.32057439764603,0.0,7.665294345420554,-93.65528005222548,1.0,0.000536870912,0.0,4.242640687119285,20.99923793880792,220.48399700533497
297,9.002174504104245,0.0283418221151951,-1.734723475976807e-18,1.384465607419683,4.477672234485605,-1.3877787807814457e-17,0.9417033432625236,3.2709554185044127,-8.673617379884035e-17,15.109622028018357,45.478682236361976,0.0,13.361652693913102,38.893987515633114,5.204170427930421e-18,21.477337262673164,61.271070939957895,4.6555957980674325,114.15033891478876,89.26688135637764,208.07281606923385,421.88422171715587,-150.56719605555452,0.0,14.950615194682474,-135.61658086087203,1.0,0.0009635980210314966,0.0,4.242640687119285,19.496882192449487,190.06420761312694
306,9.259844019334425,0.029112738765756742,1.734723475976807e-18,1.3355648366015636,4.391503784362056,-5.204170427930421e-18,1.021016713508483,3.809479966729209,1.8561541192951836e-16,14.233657145741326,42.38773713700153,-6.938893903907228e-18,12.179990858696351,35.720772104641256,1.9081958235744878e-17,19.64896462246332,56.59333157500257,4.034386902005208,101.29849787125653,74.17608865896334,179.50897343222508,357.9271509895884,-182.96599371392054,0.0,8.066985982964766,-174.89900773095576,1.0,0.0015385680851235748,0.0,4.242640687119285,16.838061068865745,141.76015027942614
315,9.530968968301485,0.03121690012317461,-8.673617379884035e-18,1.2798444318763846,4.4434016042151345,6.938893903907228e-18,1.2400884964444372,4.047636450815779,-4.163336342344337e-17,13.122262113573665,38.87123298084666,3.469446951953614e-17,10.811514209271415,32.44483780278988,-1.734723475976807e-17,17.339426510157928,51.78921171403435,3.4394185390921015,86.09688148866539,58.44441974863885,147.98071977639634,287.60218168435034,-182.8216431917072,0.0,-5.140582344513377,-187.9622255362206,1.0,0.0022152567505040093,0.0,4.242640687119285,13.086838045810714,85.63266501863939
322,9.757798142783185,0.033280343974772066,3.469446951953614e-18,1.2411105053720597,4.343089685428956,-1.0408340855860843e-17,1.1127594224897952,3.6680183416622594,-1.5612511283791264e-16,12.252957246810167,35.68317204998005,-2.42861286636753e-17,9.77127819846628,30.32440553641468,2.7755575615628914e-17,15.594669244993451,47.31520031550133,2.996360546564805,75.06748064607889,47.73893881591121,125.8027800085549,239.20402021686715,-152.51681501366826,0.0,-3.3445458175977185,-155.86136083126598,1.0,0.002741901191565977,0.0,4.242640687119285,8.845940006693361,39.12532730100907
330,10.03345342362981,0.03520481874848675,-1.734723475976807e-18,1.1921798798054213,4.012986684909354,-5.204170427930421e-18,0.812060611779213,2.7192443966508044,-3.469446951953614e-18,11.34098374044764,31.92827608717313,-2.0816681711721685e-17,8.717990601771447,28.497893323680128,1.5612511283791264e-17,13.93488857110513,44.78547965756937,2.491160335543623,64.30895610054887,38.00168006628764,104.80179650238014,195.23237883072917,-119.09219094905148,0.0,3.1114463761398117,-115.98074457291168,1.0,0.0029325518867742402,0.0,4.242640687119285,5.274758571690984,13.911538994813755
337,10.285958370955957,0.036830034896607335,0.0,1.1497400907562088,3.805365284615565,3.469446951953614e-18,0.934791453854495,2.9527046408949342,4.336808689942018e-17,10.657628613263562,28.836982048699586,2.0816681711721685e-17,7.935250715463266,26.748875622367407,4.5102810375396984e-17,12.67009889712829,42.98862830492783,2.164823921990365,56.79252382912707,31.48410195863014,90.44144970974759,165.2690313053908,-88.30674793838133,0.0,0.807678791047318,-87.49906914733401,1.0,0.0029325518867742402,0.0,4.242640687119285,5.274758571690984,13.911538994813755
343,10.514346999042822,0.0390554937093309,-8.673617379884035e-18,1.130397802390991,3.703417946875458,5.204170427930421e-18,1.0636235220922878,3.5956299863496497,-2.0816681711721685e-17,10.176555140494507,28.088222307782143,0.0,7.353515284601822,25.12819985152539,-1.734723475976807e-17,11.683089008326899,40.75915150793198,1.9926276534472909,51.78113726376259,27.037093520436308,80.81085843764619,144.70148552773446,-65.29775320741612,0.0,-2.792430066782531,-68.09018327419865,1.0,0.0027515189995518737,0.0,4.242640687119285,2.9313050947334767,4.296274779205218
349,10.757892958862932,0.04139787557354784,-5.204170427930421e-18,1.1205383952480756,3.590704342582611,-3.469446951953614e-18,0.8714542670906377,2.7683730809666924,-1.474514954580286e-16,9.762299631278305,27.852322782165707,-2.7755575615628914e-17,6.817818520909029,23.37897840633833,-4.85722573273506e-17,10.806651697101234,38.047243449020044,1.7935274224426023,47.65124704542826,23.24132469202509,72.68609915989595,127.4590284955855,-51.1695217762257,0.0,-3.361408911050557,-54.53093068727626,1.0,0.0027515189995518737,0.0,4.242640687119285,2.9313050947334767,4.296274779205218
355,11.009250465867645,0.04242916939491105,-3.469446951953614e-18,1.0869732684937448,3.516499855347239,0.0,0.6549320956224605,2.2822202736902275,-1.1102230246251565e-16,9.468131220184993,27.54423979724825,1.3877787807814457e-17,6.348763187059883,21.670155747639345,-8.673617379884035e-18,10.025656695302715,35.12636595652143,1.5854833554047332,44.822754401320886,20.153397002683377,66.561634759409,113.85375564855079,-36.9933308119636,0.0,-5.984860434823065,-42.978191246786665,1.0,0.002308709398438676,0.0,4.242640687119285,1.5730319844421201,1.2372148120389572
361,11.27276601653843,0.04514573088106206,3.469446951953614e-18,1.0323938603888079,3.316547290171641,-3.469446951953614e-18,0.6284148880473407,2.362339771481951,6.938893903907228e-17,9.223704778135133,27.222129930189674,-5.551115123125783e-17,5.880242864640172,19.861484634827292,3.122502256758253e-17,9.214138343138089,31.758491800195785,1.3830429279198202,42.538364917096445,17.28862807357583,61.21003591859209,101.42175725191953,-29.49233349826585,0.0,-9.311420811557483,-38.80375430982333,1.0,0.00179163217099142,0.0,4.242640687119285,0.893199435379042,0.3989026156807197
366,11.503607282312238,0.04664749176350697,-3.469446951953614e-18,1.008284362592314,3.1823830307514207,5.204170427930421e-18,0.6053395779317193,2.0273345923157353,-4.163336342344337e-17,9.101882049522091,27.19177937975363,-3.469446951953614e-18,5.514736310054624,18.470271849091613,-1.9081958235744878e-17,8.658278831561502,29.674395324477835,1.26716291875094,41.42212842170622,15.206158284717443,57.89544962517461,93.34237183765985,-20.915273069118697,0.0,-8.538629419442394,-29.45390248856109,1.0,0.00179163217099142,0.0,4.242640687119285,0.893199435379042,0.3989026156807197
372,11.785122241384908,0.04711452538450835,3.469446951953614e-18,0.9887639217969568,3.107099045408953,3.469446951953614e-18,0.6776987064309172,2.5692285038427816,-1.97758476261356e-16,8.99620113728914,27.326409252227677,-2.42861286636753e-17,5.073554778760878,16.938439237964843,3.469446951953614e-17,8.047675991116355,27.974620608714293,1.1980140250962794,40.4658174512812,12.870479046543664,54.53431052292114,84.89136356112226,-17.074274269130342,0.0,-8.723990972630931,-25.79826524176127,1.0,0.0013290861635893627,0.0,4.242640687119285,0.5532883658534873,0.1530640078944112
377,12.026153920891822,0.04940653339290191,6.938893903907228e-18,0.942364658935771,2.95368774047936,3.469446951953614e-18,0.7216287547735087,2.272402674392259,1.1796119636642288e-16,8.96062857423235,27.51300181884758,3.469446951953614e-18,4.6826359099801635,15.664082951595804,5.377642775528102e-17,7.407554592329212,25.939380771263394,1.066100212767533,40.14643222267464,10.96353953271788,52.17607196816005,77.95501506122906,-12.468809273222794,0.0,-13.506867183824616,-25.97567645704741,1.0,0.0013290861635893627,0.0,4.242640687119285,0.5532883658534873,0.1530640078944112
382,12.289649543024392,0.05525172691679032,-1.734723475976807e-18,0.8639229385649015,2.6510463358189753,-1.734723475976807e-18,0.7990115069487992,2.6320254786773694,1.1275702593849246e-16,8.951324355826339,27.715323496604174,1.3877787807814457e-17,4.230720458103653,14.155189353788128,2.0816681711721685e-17,6.573350974781275,22.787113359874994,0.9112004787556445,40.0631038616049,8.94949779730839,49.923802137668936,70.53971455514497,-10.10260493327147,0.0,-16.036373390552658,-26.138978323824126,1.0,0.0009657421131219177,0.0,4.242640687119285,0.37006206335047026,0.06847296536560372
386,12.52348610827349,0.06022644152804141,0.0,0.8075047770426033,2.407872766652754,5.204170427930421e-18,0.6671977522342524,2.47269092132934,-4.336808689942018e-17,8.977092233433924,27.954039835109274,-1.734723475976807e-17,3.8390171357387093,12.887055449374538,-1.3877787807814457e-17,5.9579814329126215,20.517719669945727,0.7573147897943845,40.29409248378983,7.369026284247721,48.42043355783194,65.37379638591116,-7.6372067227338505,0.0,-13.187495332419047,-20.824702055152898,1.0,0.0009657421131219177,0.0,4.242640687119285,0.37006206335047026,0.06847296536560372
390,12.774041663796282,0.0640901302073243,3.469446951953614e-18,0.7552316301483972,2.202670519999435,0.0,0.5616418248070578,2.2473331074271927,-1.5612511283791264e-16,9.00015040525614,28.184736378380855,6.938893903907228e-18,3.4182181122264796,11.589291411713463,3.642919299551295e-17,5.376600115256158,18.736378580273865,0.6307124260996942,40.50135365861612,5.842107531376578,46.974173616092386,60.62139492329955,-7.123434622666691,0.0,-10.841842827544484,-17.965277450211175,1.0,0.0006970710659692353,0.0,4.242640687119285,0.2600889278616785,0.0338231251981187
394,13.044737664054185,0.0704221110666774,1.734723475976807e-18,0.6897233274686383,2.0063013515772647,-6.938893903907228e-18,0.6611252356020042,2.14712122316047,-6.418476861114186e-17,9.06063408553577,28.48626047958379,-3.469446951953614e-18,2.959986294556236,10.161585886200529,-3.2959746043559335e-17,4.650369844919377,16.358762935503417,0.5474647305100089,41.04754501598632,4.380759431980378,45.97576917847671,56.19553232798167,-4.816133452305198,0.0,-10.965487287819291,-15.78162074012449,1.0,0.0006970710659692353,0.0,4.242640687119285,0.2600889278616785,0.0338231251981187
397,13.271973704707786,0.07871037798888783,-3.469446951953614e-18,0.6309137045080921,1.8816272010211152,0.0,0.657637353866941,2.379191502297749,5.898059818321144e-17,9.104543186986126,28.704449686311253,-3.469446951953614e-18,2.5710489702601644,8.915847844225256,-1.214306433183765e-17,4.003149397984194,14.060875390860794,0.4574927163795306,41.446353321847745,3.305146403737926,45.20899244196521,52.84094422340006,-4.571387785040702,0.0,-9.78145133525135,-14.352839120292053,1.0,0.0006970710659692353,0.0,4.242640687119285,0.2600889278616785,0.0338231251981187
400,13.52781124838541,0.08866908266792257,3.469446951953614e-18,0.5619099510687722,1.6463592154886535,3.469446951953614e-18,0.6514296064471589,2.0820375673716347,-7.28583859910259e-17,9.149144920911178,28.842158117164548,-1.3877787807814457e-17,2.1528670736036237,7.572084944577239,1.0408340855860843e-17,3.33921704882496,11.968470146768862,0.37770999155088314,41.85342639191741,2.3174183183033152,44.54855470177161,49.876573054849004,-4.37129441089437,0.0,-6.935898763343859,-11.307193174238229,1.0,0.0005037688094038114,0.0,4.242640687119285,0.18889889239141577,0.017841395773351837
403,13.819218833003308,0.10225360146318505,-5.204170427930421e-18,0.48558906543332425,1.4516235476625305,-3.469446951953614e-18,0.6007912005373773,1.988845533870269,1.0408340855860843e-17,9.228217291482025,28.926766636539497,1.0408340855860843e-17,1.7168907575400474,6.084745822772165,-8.673617379884035e-18,2.686484137184946,9.51775816015689,0.2771603820662497,42.57999718940391,1.473856936663219,44.33101450813338,47.753514640020114,-3.0441279012141758,0.0,-4.103914423767723,-7.1480423249818985,1.0,0.0005037688094038114,0.0,4.242640687119285,0.18889889239141577,0.017841395773351837
405,14.047333463184309,0.11865515968204557,-1.734723475976807e-18,0.42993972271863945,1.296259873314874,0.0,0.6021571941816283,1.9811757551105518,-1.5612511283791264e-16,9.285968252288564,29.013096653986047,1.0408340855860843e-17,1.403611484921616,4.93397124934609,0.0,2.1793436550777665,7.251485232480996,0.22877560586244153,43.11460319125557,0.985062600301932,44.32844139741994,46.59587946479236,-2.9727934475610143,0.0,-1.9951966427710983,-4.967990090332113,1.0,0.0005037688094038114,0.0,4.242640687119285,0.18889889239141577,0.017841395773351837
407,14.304983109038648,0.1313556691673742,1.734723475976807e-18,0.38605615454773823,1.1984686555175645,-5.204170427930421e-18,0.5571938761035415,1.5898860459654087,-1.7694179454963432e-16,9.347948020402955,29.17920219917925,-6.938893903907228e-18,1.0957699469098363,3.830475836476117,0.0,1.706436951428892,5.622596518628549,0.1895025339010228,43.69206609607777,0.6003558882753927,44.48192451825418,45.8685007152141,-2.926288131116661,0.0,0.14532457741642507,-2.780963553700236,1.0,0.0005037688094038114,0.0,4.242640687119285,0.18889889239141577,0.017841395773351837
409,14.591879876609317,0.14836225564117908,-5.204170427930421e-18,0.3369674212819111,1.0313774343903954,5.204170427930421e-18,0.5793106308520986,2.0158586591136523,-1.3357370765021415e-16,9.41673348079729,29.169773938102693,0.0,0.818215322887095,2.8582107771747944,1.0408340855860843e-17,1.2768815885859848,5.149436717625788,0.17061671824945185,44.33743472418432,0.3347381573036165,44.842789599737394,45.61774293668386,-2.894655063571911,0.0,2.0473722717185088,-0.8472827918534023,1.0,0.0005037688094038114,0.0,4.242640687119285,0.18889889239141577,0.017841395773351837
410,14.75102234801787,0.15914247140855317,0.0,0.30855773073092907,0.9808880165047891,0.0,0.5528908325672621,2.047395085008393,-7.806255641895632e-17,9.456316775360227,29.118268294995886,-6.938893903907228e-18,0.693945879365671,2.3544596909816007,5.204170427930421e-18,1.080814944280167,4.421004829014508,0.15162210435953666,44.71096347797962,0.2407804417442972,45.103366024083456,45.659549920648175,-2.880229403396864,0.0,3.1838338060290963,0.30360440263223243,1.0,0.0003654068170280813,0.0,4.242640687119285,0.13903988174480736,0.009666044357805008
412,15.089859682490143,0.17154035113252533,0.0,0.28346036542856473,0.9499912890250274,5.204170427930421e-18,0.5093215783435684,1.4894774559820094,9.020562075079397e-17,9.573268584202674,29.369195659427234,-3.469446951953614e-18,0.52612114717789,1.5447039558496878,-8.673617379884035e-19,0.798099935121734,2.503701535923989,0.13855474259836387,45.82373569264092,0.13840173075388948,46.10069216599318,46.411074043486224,-2.0959771772304165,0.0,4.339974206993666,2.24399702976325,1.0,0.0003654068170280813,0.0,4.242640687119285,0.13903988174480736,0.009666044357805008
413,15.265795535627701,0.17593585313755838,-3.469446951953614e-18,0.28914794104859654,0.9996733093169732,-3.469446951953614e-18,0.4949619249507224,1.6105146236244523,5.551115123125783e-17,9.636811986149766,29.68923914699684,-3.469446951953614e-18,0.5018491240879551,1.379425865978463,-3.469446951953614e-18,0.7938989651291807,2.41846335646509,0.14434669660116195,46.434072628199885,0.1259262716739239,46.70434559647497,47.00044627119386,-2.1135363469849713,0.0,5.448132542242428,3.3345961952574568,1.0,0.0003654068170280813,0.0,4.242640687119285,0.13903988174480736,0.009666044357805008
415,15.630459480701733,0.18195317377045633,0.0,0.31647608982538883,1.1134489266803875,-8.673617379884035e-18,0.38978731115249854,1.1782945323010101,-1.734723475976807e-18,9.775598996916253,30.18403238142469,-3.469446951953614e-18,0.5299278455796161,1.6186794002285418,6.938893903907228e-18,0.7883683224764992,2.3030412877346267,0.14151248657518936,47.78116787425502,0.14041176076032674,48.063092121590536,48.37131552755965,-2.1361794117294224,0.0,5.913049301421475,3.776869889692053,1.0,0.0003654068170280813,0.0,4.242640687119285,0.13903988174480736,0.009666044357805008
416,15.813263915076305,0.18280443437457228,1.734723475976807e-18,0.3233111268595525,1.1533665168062657,-3.469446951953614e-18,0.3867222923543883,1.2064728608280295,-3.469446951953614e-18,9.848497394861681,30.457127049969902,3.469446951953614e-18,0.5721893648626156,1.8568564265326684,2.6020852139652106e-18,0.6849049437644451,1.9104745636844598,0.14691821819777287,48.49645046829866,0.16370033463094172,48.807069021127376,49.097424946896425,-2.1615629616617706,0.0,6.209820584279371,4.048257622617601,1.0,0.0003654068170280813,0.0,4.242640687119285,0.13903988174480736,0.009666044357805008
418,16.16452773107915,0.1739632147936229,-1.734723475976807e-18,0.3554423046789265,1.304350910573139,-5.204170427930421e-18,0.38890406871555094,1.392549660263036,1.3877787807814457e-16,9.991500023349372,30.936430134115973,0.0,0.7439398348040304,2.557324847515275,5.204170427930421e-18,0.9189021987441597,3.2384217767433308,0.15776514073266001,49.91503635829525,0.2767232389041239,50.34952473793203,50.8542309145675,-2.1898810150623285,0.0,7.2099778474265745,5.020096832364246,1.0,0.0003654068170280813,0.0,4.242640687119285,0.13903988174480736,0.009666044357805008
419,16.338778301519888,0.1742505704407386,1.734723475976807e-18,0.38772287832564545,1.388927411005736,0.0,0.5037654693315301,1.848980342941662,2.1684043449710089e-16,10.063422937675758,31.137486764489886,-1.0408340855860843e-17,0.868382431765858,2.9820024579736746,1.3877787807814457e-17,1.1477201604560765,3.996129593321581,0.2007196060920448,50.63624061126929,0.3770440238997926,51.21400424126112,51.9467088881746,-2.2213532822300612,0.0,8.501680211353037,6.2803269291229755,1.0,0.0003654068170280813,0.0,4.242640687119285,0.13903988174480736,0.009666044357805008
421,16.626434717431067,0.13518352245087148,5.204170427930421e-18,0.45719995349021175,1.5193254615520921,-3.469446951953614e-18,0.49300923791886536,1.5508744419462082,-9.8879238130678e-17,10.191777336514155,31.36841235993168,-1.734723475976807e-17,1.1104130139903898,3.707620756892881,-1.0408340855860843e-17,1.6397319645227704,5.257389234975163,0.2554378572817604,51.93616263854179,0.6165085308196107,52.80810902664316,54.150572204641755,-1.9761732858861678,0.0,9.632565891781724,7.656392605895556,1.0,0.0002699412709350992,0.0,4.242640687119285,0.11051497329607728,0.006106779661316337
422,16.750703185554407,0.12426846812333923,3.469446951953614e-18,0.4849777966424705,1.5868200173329732,1.734723475976807e-18,0.4388269958565559,1.3977155156878074,1.1796119636642288e-16,10.251449891687756,31.423930804296614,6.938893903907228e-18,1.2215836416834986,4.027657172941188,8.673617379884035e-18,1.8292986445831563,5.677338031626936,0.26895719107858373,52.546112440892436,0.7461332968143592,53.56120292878538,55.21084627898966,-1.6940645250061717,0.0,10.23147359637565,8.53740907136948,1.0,0.0002699412709350992,0.0,4.242640687119285,0.11051497329607728,0.006106779661316337
425,17.09895186805795,0.11482684339734014,-6.938893903907228e-18,0.5326131685312719,1.809053325488691,1.734723475976807e-18,0.5131686985063493,1.861916576847725,5.551115123125783e-17,10.416415554052971,32.120832140943996,1.0408340855860843e-17,1.5374192569954561,4.959798852225609,1.734723475976807e-18,2.176013462551263,6.935405658106712,0.3205727292207562,54.25085649735835,1.1818289858902302,55.75325821246933,58.21354653744472,-1.7309763897777397,0.0,10.399967806495237,8.668991416717498,1.0,0.0002699412709350992,0.0,4.242640687119285,0.11051497329607728,0.006106779661316337
427,17.328855890634504,0.11401219737048976,-6.938893903907228e-18,0.5633782026554282,1.9310877635628758,-3.469446951953614e-18,0.5308277335453646,1.906886894218118,2.3765711620882257e-16,10.521911506853746,32.49272565386925,-3.469446951953614e-18,1.7599773630794044,5.572314083458327,-6.938893903907228e-18,2.47569219789414,8.03673601511792,0.35216886879430825,55.355310879030604,1.5487601592759666,57.25623990710088,60.4598440682296,-1.7795684143806247,0.0,11.600197981392302,9.820629567011677,1.0,0.0002699412709350992,0.0,4.242640687119285,0.11051497329607728,0.006106779661316337
429,17.54282950536635,0.10468084486288846,3.469446951953614e-18,0.6100426269300097,2.043741780736333,6.938893903907228e-18,0.539433654186349,1.7030174113420709,-1.4224732503009818e-16,10.618876780611426,32.76325161665464,3.469446951953614e-18,1.9805619377997878,6.090084353397183,1.734723475976807e-17,2.8735750164422895,8.89722236196453,0.41284014353483217,56.380272040904245,1.9613127947306253,58.7544249791697,62.94524478518308,-1.820628903520874,0.0,13.45632244265392,11.635693539133047,1.0,0.0002699412709350992,0.0,4.242640687119285,0.11051497329607728,0.006106779661316337
432,17.829601512462983,0.09122774051654144,0.0,0.6822161483125037,2.202337329233522,1.734723475976807e-18,0.4916235185960555,1.4190649594044236,-6.938893903907228e-18,10.75511130502681,33.15264137691704,1.3877787807814457e-17,2.270066513492987,6.935627401222641,-3.469446951953614e-18,3.423623158309957,10.1473716426042,0.4979810937788465,57.83620959175775,2.576600987841103,60.9107916733777,66.6521154543502,-1.5917495055078004,0.0,14.542248668678782,12.950499163170981,1.0,0.00020835370592564546,0.0,4.242640687119285,0.10165067274251624,0.005166429634503067
434,18.001183121135302,0.08415846666866555,0.0,0.7133296399347466,2.285399620323031,1.734723475976807e-18,0.43503264746328685,1.4220067045473712,1.4051260155412137e-16,10.837968910550945,33.38651593884848,1.3877787807814457e-17,2.4247191636833154,7.609387517107709,5.204170427930421e-18,3.6715424678307094,11.47681002786145,0.5229680895144926,58.730785053034424,2.9396315113665574,62.19338465391547,68.77267667041481,-1.4836199017438645,0.0,13.901277258849806,12.417657357105941,1.0,0.00020835370592564546,0.0,4.242640687119285,0.10165067274251624,0.005166429634503067
438,18.314995454180057,0.07584933232999284,-3.469446951953614e-18,0.7449908893958928,2.384101196008116,-8.673617379884035e-18,0.49811713531436425,1.674293748935292,-2.7755575615628914e-17,10.988086425285282,33.80082638647194,6.938893903907228e-18,2.6682758506737465,8.654534712412389,-1.214306433183765e-17,3.9768605810165405,12.984789002546256,0.5715970840784066,60.36902164476933,3.5598480076443524,64.50046673649209,72.33047816596411,-1.5253263891756896,0.0,12.943290253719962,11.417963864544273,1.0,0.00020835370592564546,0.0,4.242640687119285,0.10165067274251624,0.005166429634503067
441,18.535811451922076,0.07264943339557062,5.204170427930421e-18,0.7693694277992383,2.4183402750425804,-1.734723475976807e-18,0.4310104215665106,1.5204969875770675,5.204170427930421e-17,11.095874142555493,34.13369641115141,-3.469446951953614e-18,2.8173379442139557,9.221520334222992,-1.5612511283791264e-17,4.209584416654627,13.341148516651199,0.5864359084486068,61.55921149371579,3.9686965459538577,66.11434394811826,74.86760275352631,-1.472024650678424,0.0,13.031297123661908,11.559272472983483,1.0,0.0001686859860749315,0.0,4.242640687119285,0.09962569536072369,0.00496263958805386
445,18.81866329406301,0.06963416061980646,-3.469446951953614e-18,0.8041676455329602,2.4215818569469016,1.734723475976807e-18,0.4045088742760245,1.3822881229721675,-2.220446049250313e-16,11.23945173492269,34.76239449655396,3.469446951953614e-17,2.9758710770766097,9.866209337798466,1.3877787807814457e-17,4.489445220153975,14.089917270014947,0.621297329686633,63.162637650828344,4.427904333690551,68.21183931420553,78.08162561178219,-1.3075878039268403,0.0,12.741685513359892,11.434097709433052,1.0,0.0001686859860749315,0.0,4.242640687119285,0.09962569536072369,0.00496263958805386
448,19.023466193038583,0.06759230700969542,-3.469446951953614e-18,0.8219564289717799,2.379743056343553,-5.204170427930421e-18,0.4781626409601233,1.5783896795740109,5.0306980803327406e-17,11.343297746625149,35.13240451839791,-6.938893903907228e-18,3.064014555213313,10.312619794555008,5.551115123125783e-17,4.648351296531436,15.211658423610185,0.6542951575307876,64.33520188429559,4.694092597279518,69.68358963910589,80.21161807589607,-1.339847174447256,0.0,11.826220685693306,10.48637351124605,1.0,0.0001686859860749315,0.0,4.242640687119285,0.09962569536072369,0.00496263958805386
452,19.287537368392506,0.06514502140565602,1.734723475976807e-18,0.8295390866974117,2.316688048248557,-6.938893903907228e-18,0.5178205174676496,1.7889936380247002,-3.1051550219984847e-16,11.480092711844584,35.55163171841465,1.0408340855860843e-17,3.1504238192973704,10.764531960414129,-1.734723475976807e-18,4.840583882955273,16.650643060215156,0.6644320703445137,65.89626433627356,4.9625851205981135,71.5232815272162,82.81230477635441,-1.2640217027685745,0.0,11.18955738860735,9.925535685838774,1.0,0.0001427148777794472,0.0,4.242640687119285,0.10051051437569707,0.005051181750033603
456,19.544289506445363,0.06382128806556744,-3.469446951953614e-18,0.8221795851669667,2.291354906732308,1.0408340855860843e-17,0.5174447135259457,1.7801101176250165,9.194034422677078e-17,11.617122943674207,35.96548613340059,2.0816681711721685e-17,3.204393542645749,10.946299862411893,-3.8163916471489756e-17,4.963738985141054,17.04960045887545,0.6482215520537298,67.47877274422083,5.134068988074886,73.26106328434945,85.04758254482881,-1.1859591137468057,0.0,9.970347191317568,8.784388077570762,1.0,0.0001427148777794472,0.0,4.242640687119285,0.10051051437569707,0.005051181750033603
460,19.800274007083704,0.064324403026898,0.0,0.8049555525412974,2.253885995519391,1.734723475976807e-18,0.4766018965384842,1.6170465793489952,1.7867651802561113e-16,11.754067627308824,36.34129477525952,-2.7755575615628914e-17,3.2290742174997495,10.911062689383847,-8.673617379884035e-18,4.984174775093862,16.637175768855027,0.6075550691905441,69.07905289367463,5.21346015106081,74.90006811392598,86.8208677759309,-1.211111448811095,0.0,8.235810269843821,7.024698821032726,1.0,0.00012550058606965148,0.0,4.242640687119285,0.10316515443366257,0.005321524544660725
464,20.06157057371829,0.06596808804451611,6.938893903907228e-18,0.784179124009344,2.194114580821364,-1.734723475976807e-18,0.45496430362101464,1.4453006364272691,1.5959455978986625e-16,11.894476828343398,36.66870642878238,-1.0408340855860843e-17,3.245847483064725,10.804773788530692,-2.2551405187698492e-17,5.00307550234314,16.40518967613362,0.5754743555279351,70.73928950999898,5.267762941658804,76.58252680718572,88.60859615902397,-1.085577588251602,0.0,8.011361068054455,6.9257834798028535,1.0,0.00012550058606965148,0.0,4.242640687119285,0.10316515443366257,0.005321524544660725
467,20.261787797652183,0.0670938256965954,1.734723475976807e-18,0.7692526457567685,2.212727106593853,0.0,0.4930205377951493,1.9964810368546946,-1.5785983631388945e-16,11.999533300080822,36.92536575587459,4.85722573273506e-17,3.266195548481355,10.710792700352664,2.6020852139652106e-17,5.078377438704461,16.54541348367913,0.567469126187705,71.99439970987427,5.33401668045971,77.89588551652169,90.19317989766584,-1.104005062151958,0.0,9.08708178595965,7.9830767238076925,1.0,0.00012550058606965148,0.0,4.242640687119285,0.10316515443366257,0.005321524544660725
471,20.533944984830043,0.06872924220485942,3.469446951953614e-18,0.7393778751217303,2.15620563802448,1.734723475976807e-18,0.5568785691104293,2.3375102400569343,-3.8163916471489756e-17,12.1395047955841,37.290121942083125,1.734723475976807e-17,3.3056291105352464,10.514870182964676,-1.9081958235744878e-17,5.207506084855671,16.606909985284794,0.5543190248095082,73.68378834100469,5.463591908209022,79.70169927402321,92.48718348066062,-1.0977119049411401,0.0,9.601858119815024,8.504146214873884,1.0,0.00011407585396521527,0.0,4.242640687119285,0.10704512407828563,0.005729329294467783
475,20.817089211681445,0.07236299624616693,-1.734723475976807e-18,0.6977696520863353,2.104704130695911,-3.469446951953614e-18,0.5540753886596044,1.8927392371504266,4.85722573273506e-17,12.283472947815913,37.67795919320827,1.0408340855860843e-17,3.3630718654201406,10.197500085362563,0.0,5.324346294502614,16.816504741079644,0.5086651141463705,75.44185382986268,5.655126185990251,81.6056451299993,94.91491045121116,-1.043707113088957,0.0,9.70463329040851,8.660926177319554,1.0,0.00011407585396521527,0.0,4.242640687119285,0.10704512407828563,0.005729329294467783
478,21.042498192413216,0.07661159613343521,1.734723475976807e-18,0.6714804863890335,2.0581301366916636,0.0,0.5472354026424677,1.6813841294490102,-3.2786273695961654e-16,12.395449111469226,38.008448499859064,1.734723475976807e-17,3.4305202567940536,10.43959677842198,-6.938893903907228e-18,5.442215625301626,17.37902784995786,0.4836632996049628,76.82357933751157,5.88423461613717,83.1914772532537,97.07249381570571,-1.0652722263782628,0.0,10.718896710875631,9.653624484497369,1.0,0.00011407585396521527,0.0,4.242640687119285,0.10704512407828563,0.005729329294467783
481,21.281209539588012,0.08100449505493129,0.0,0.6544322274705738,2.024351716335925,0.0,0.5309931655252017,1.6016894040957397,-1.474514954580286e-16,12.510680088003497,38.3601173355593,6.938893903907228e-18,3.5258644569262376,10.777040474148698,-1.734723475976807e-18,5.61105041100467,17.831336614386792,0.4704586782149408,78.25855813218358,6.215860084307874,84.9448768947064,99.6613863920199,-1.0625921741673316,0.0,11.987192008802475,10.924599834635144,1.0,0.00010660227259282598,0.0,4.242640687119285,0.11174771843066696,0.006243776287229812
484,21.531992133343017,0.08469004020866075,0.0,0.6423178908584387,2.0084503675223893,3.469446951953614e-18,0.5206281463307364,1.695341376462487,-1.3877787807814457e-17,12.628382779190837,38.68489682727845,3.469446951953614e-18,3.6488468041380053,11.083347182104571,1.734723475976807e-18,5.8161093526554914,17.991550427001773,0.4741428553455682,79.73802580888184,6.657041500034065,86.86921016426147,102.65957622484814,-1.0394690311012005,0.0,13.093085986049003,12.053616954947802,1.0,0.00010660227259282598,0.0,4.242640687119285,0.11174771843066696,0.006243776287229812
487,21.78698302316106,0.0849498381722478,3.469446951953614e-18,0.6349640613227447,1.9675775051744893,-8.673617379884035e-18,0.5168723391295963,1.5569228897206537,-1.9081958235744878e-16,12.745840456847608,38.9896231377059,-3.469446951953614e-18,3.798519220593994,11.374168309928088,-1.734723475976807e-18,6.08972056593549,18.104120274897912,0.4868482551604516,81.2282244757066,7.214374134610999,88.92944686547804,106.15668907430701,-1.0655603023232298,0.0,14.876350361654394,13.810790059331165,1.0,0.00010660227259282598,0.0,4.242640687119285,0.11174771843066696,0.006243776287229812
490,22.03918596205618,0.08351075791981047,0.0,0.6389250331004994,1.922879505578884,1.734723475976807e-18,0.4086974811425891,1.2336758854828629,2.7755575615628914e-17,12.86116486133964,39.32349352852925,1.0408340855860843e-17,3.9633808862543516,11.704919192418224,-2.0816681711721685e-17,6.417046831135242,18.66237171509556,0.4786641894085165,82.70478079527874,7.8541940247631645,91.03763900945042,110.01002534311895,-1.0924940571441408,0.0,16.45167110641487,15.35917704927073,1.0,0.00010188260399543307,0.0,4.242640687119285,0.11684646876864332,0.00682654863185077
493,22.287075136516854,0.08234747957424107,6.938893903907228e-18,0.6461768070496724,1.8805908215531337,-6.938893903907228e-18,0.40542438348207244,1.2225160736257674,1.231653667943533e-16,12.974433155479117,39.65164359552086,6.938893903907228e-18,4.122129474753936,12.05898129533648,0.0,6.668991830472043,19.49693618855249,0.48920383862229266,84.16795785299787,8.495975703317576,93.15313739493774,113.65748514767908,-1.0700962107342127,0.0,15.894935380503696,14.824839169769483,1.0,0.00010188260399543307,0.0,4.242640687119285,0.11684646876864332,0.00682654863185077
496,22.53456270817075,0.0827011269684259,0.0,0.6528418992477069,1.9398750215088816,3.469446951953614e-18,0.4236599220917074,1.2604988044243068,-1.7867651802561113e-16,13.087388183066462,39.938067392310856,6.938893903907228e-18,4.270647666566974,12.534710648369746,1.214306433183765e-17,6.851366972341561,20.048917087177365,0.5014906447191658,85.63986472713381,9.119215745976973,95.26057111782995,117.05391879902396,-1.0963390494852205,0.0,14.963013229776246,13.866674180291026,1.0,0.00010188260399543307,0.0,4.242640687119285,0.11684646876864332,0.00682654863185077
499,22.782561941862415,0.0819344775619257,0.0,0.6657960568556326,2.0647577464687688,3.469446951953614e-18,0.37201030731117807,1.1773390174632021,1.6479873021779667e-16,13.202085906734412,40.21787909412644,0.0,4.417963040005472,13.006179619191164,-6.938893903907228e-18,7.072363274390199,20.781306806606583,0.5095021081942059,87.14753614439769,9.759198711427196,97.4162369640191,120.68038269238096,-1.1226581629138628,0.0,15.873254059642978,14.750595896729115,1.0,0.00010188260399543307,0.0,4.242640687119285,0.11684646876864332,0.00682654863185077
502,23.02134720381016,0.0789085357859664,3.469446951953614e-18,0.6832770985517264,2.1051038426821473,1.734723475976807e-18,0.4206014335669944,1.2598785373142767,-3.157196726277789e-16,13.314882074258428,40.49404526218105,0.0,4.558104768779455,13.299103338412523,-4.336808689942018e-18,7.3337064842269255,20.873597413898125,0.5417482090468526,88.64304232570422,10.388159541585004,99.57295007633607,124.48258733305492,-1.1242891992854183,0.0,17.160004435380717,16.0357152360953,1.0,9.86877656006181e-05,0.0,4.242640687119285,0.11942567311782855,0.007131245699823218
505,23.256749906077573,0.07825566809422928,3.469446951953614e-18,0.7007729223602924,2.1130141350986245,0.0,0.39939204999248135,1.3669738933721303,-1.8388068845354155e-16,13.427651352805276,40.83344246291134,6.938893903907228e-18,4.683868091719637,13.535915192087884,2.6020852139652106e-18,7.575544043762127,21.51908720463802,0.5664510918560562,90.15091042624664,10.969310150314673,101.68667166841736,128.15097605965659,-1.1358492738342083,0.0,16.849162597009887,15.713313323175678,1.0,9.86877656006181e-05,0.0,4.242640687119285,0.11942567311782855,0.007131245699823218
509,23.561199148584503,0.07413419129467107,1.734723475976807e-18,0.7219772199819185,2.2425072155114947,-1.734723475976807e-18,0.4374447933854597,1.5415443462074023,-1.214306433183765e-16,13.575702744460823,41.25554760713592,0.0,4.819859392540097,13.859750372162791,-8.673617379884035e-18,7.794749060173741,22.415245687256885,0.6156763887318186,92.14985250298054,11.6155222819285,104.38105117364086,132.40126394156079,-1.1617034915433258,0.0,15.275657538998473,14.113954047455147,1.0,9.86877656006181e-05,0.0,4.242640687119285,0.11942567311782855,0.007131245699823218
512,23.773649828099973,0.06922128488377234,0.0,0.7395150907765405,2.3719735154264843,3.469446951953614e-18,0.46989041804751774,1.4101704390573975,9.020562075079397e-17,13.6812333817721,41.51916563297166,1.0408340855860843e-17,4.900097318800928,14.212322625348868,-6.071532165918825e-18,7.90916095008714,23.19653277643342,0.6503070902562573,93.58807342325763,12.005476866860022,106.24385738037391,135.13913751951742,-1.1667470100159736,0.0,14.204359738950119,13.037612728934146,1.0,9.635050117258447e-05,0.0,4.242640687119285,0.12033664192907496,0.0072404536953832015
516,24.039806347035363,0.06546497811355242,-1.734723475976807e-18,0.7601005387579524,2.433005325221756,-1.734723475976807e-18,0.43708879362281466,1.2523764567986482,-8.326672684688674e-17,13.815452546876012,41.80571116137629,6.938893903907228e-18,4.985327429686709,14.615730658618771,6.071532165918825e-18,8.021258269293828,23.73572769032746,0.6638230725421426,95.43336453749144,12.426744790593345,108.52393240062693,138.3226349313532,-1.1770439830758619,0.0,13.291497570893204,12.114453587817342,1.0,9.635050117258447e-05,0.0,4.242640687119285,0.12033664192907496,0.0072404536953832015
520,24.300221494774103,0.06515125371600641,-3.469446951953614e-18,0.7738142176081012,2.4570442349402914,-1.734723475976807e-18,0.4776729119313115,1.5527951293072935,-6.938893903907228e-18,13.94732733609287,42.0553280683562,-3.469446951953614e-18,5.054376371287962,15.019395628785908,7.806255641895632e-18,8.095725165608357,24.471086175946713,0.6892542100156483,97.26396991006175,12.77336025131703,110.72658437139442,141.19595143111883,-1.1974066009062836,0.0,12.396408196189904,11.19900159528362,1.0,9.430035219743562e-05,0.0,4.242640687119285,0.11894109285278004,0.007073491784506822
524,24.561101765002544,0.06507849758692606,-3.469446951953614e-18,0.7959920187230207,2.55370270890136,-3.469446951953614e-18,0.43728320215906197,1.3376087108324333,4.85722573273506e-17,14.079465919361162,42.4566174797579,-2.7755575615628914e-17,5.1177894678785325,15.480655350606357,1.734723475976807e-18,8.207761286342324,25.261848486140288,0.7172714060003209,99.11568028722624,13.095884518764215,112.92883621199078,144.21390397082155,-1.1912620983637094,0.0,12.909226988138707,11.717964889774997,1.0,9.430035219743562e-05,0.0,4.242640687119285,0.11894109285278004,0.007073491784506822
527,24.754070589028448,0.06384372745460427,-5.204170427930421e-18,0.8228634571498645,2.669595917514844,3.469446951953614e-18,0.41879701374345285,1.3791308326824818,-2.983724378680108e-16,14.17718694585095,42.934210093404914,-2.42861286636753e-17,5.160086831170179,15.828107669455248,-3.469446951953614e-18,8.304143204718486,25.928008924988447,0.7560920652542316,100.49631484880328,13.313248052607944,114.56565496666546,146.49777749768091,-1.208063676646894,0.0,13.182615682588152,11.974552005941257,1.0,9.430035219743562e-05,0.0,4.242640687119285,0.11894109285278004,0.007073491784506822
531,25.004068376451805,0.0617601358997206,-1.734723475976807e-18,0.8599958233285993,2.796861995884469,-3.469446951953614e-18,0.4341723402540593,1.3981065151228145,-1.3183898417423734e-16,14.303911411234713,43.525761994850185,0.0,5.19808623130334,16.244384571462827,0.0,8.362249234668468,26.660774438767305,0.8126540848557643,102.3009408302253,13.51005023403268,116.62364514911374,149.01404269407902,-1.2173790392326864,0.0,11.436076411408916,10.21869737217623,1.0,9.229888855913956e-05,0.0,4.242640687119285,0.11644218886235333,0.006779391673527981
536,25.309698940598025,0.06109190426361115,-6.938893903907228e-18,0.8865817530922012,2.8494925990163535,5.204170427930421e-18,0.3850069008932136,1.293572791999757,7.632783294297951e-17,14.45879260306472,44.19126870262837,-6.938893903907228e-18,5.213846092078024,16.642761065792012,-3.903127820947816e-18,8.313402782598333,27.099736380262122,0.8366554579795358,104.52834176921952,13.592095535938636,118.9570927631377,151.20960807201902,-1.2160203025897476,0.0,8.570677952197162,7.3546576496074145,1.0,9.229888855913956e-05,0.0,4.242640687119285,0.11644218886235333,0.006779391673527981
540,25.557193173178906,0.06252179851012317,0.0,0.8993415301792378,2.811806353230997,3.469446951953614e-18,0.4109338370146913,1.3598687931609865,1.457167719820518e-16,14.584070493501835,44.639340976525844,-3.122502256758253e-17,5.214105053679713,16.90644538893413,9.540979117872439e-18,8.289939116642616,27.47067447160635,0.8494705657651667,106.34755607971545,13.593445755404161,120.79047240088478,152.93915260685208,-1.2331414785157626,0.0,8.377254287567274,7.144112809051511,1.0,9.013211726459668e-05,0.0,4.242640687119285,0.11266609513978788,0.006346824497023867
544,25.80934545362753,0.06261082865929846,-3.469446951953614e-18,0.9194480842744047,2.7442143781367614,0.0,0.40839915966506923,1.2319878169423493,-1.5959455978986625e-16,14.712374432931698,45.00009859539461,-3.469446951953614e-18,5.203342193807564,17.118940241492147,-3.469446951953614e-18,8.314072600195704,27.93164557550169,0.8615934666527385,108.22698072739112,13.537384992929056,122.62595918697292,154.82677104425971,-1.2182232432134927,0.0,8.837171691677408,7.618948448463915,1.0,9.013211726459668e-05,0.0,4.242640687119285,0.11266609513978788,0.006346824497023867
548,26.056824026012166,0.06154662054968078,6.938893903907228e-18,0.9389901530229605,2.7216270493738843,0.0,0.43626267635372884,1.4487267573608102,-5.898059818321144e-17,14.838527410347918,45.31999659818852,1.3877787807814457e-17,5.165043189107121,17.193087624906436,-4.163336342344337e-17,8.269951336780982,27.90955660609729,0.8792617299895921,110.09094785382322,13.338835572670927,124.30904515648375,156.11374640959056,-1.2302861141850092,0.0,6.5765896170833935,5.346303502898384,1.0,9.013211726459668e-05,0.0,4.242640687119285,0.11266609513978788,0.006346824497023867
552,26.302181887729375,0.06128266424898239,-8.673617379884035e-18,0.9471308037275129,2.744405788206083,0.0,0.4712837170453789,1.6624506796581817,-1.4224732503009818e-16,14.963981460672104,45.681392483391434,-1.3877787807814457e-17,5.092403683257335,17.128061949694366,-3.469446951953614e-18,8.115926794779423,27.45585220561812,0.8889351747090644,111.96037057766918,12.966287636626433,125.81559338900468,156.56631331495015,-1.223720739983449,0.0,3.2231143911392772,1.9993936511558281,1.0,8.776943709534052e-05,0.0,4.242640687119285,0.10848745862104459,0.00588476433902643
556,26.54729172740512,0.06127836662405908,0.0,0.9406660703868804,2.7391049851800693,-1.734723475976807e-18,0.47285770808041855,1.2589457392628218,-3.469446951953614e-17,15.090268960592681,46.05012393493889,-2.7755575615628914e-17,4.9917075538814455,17.001277581765144,-4.336808689942018e-17,7.919431158729403,27.290822458839877,0.8682040483342277,113.85810865151342,12.45857215173854,127.18488485158619,156.57715227034535,-1.2151878480131206,0.0,1.3987856442074293,0.18359779619430872,1.0,8.776943709534052e-05,0.0,4.242640687119285,0.10848745862104459,0.00588476433902643
560,26.79099797568905,0.06070600146716898,1.734723475976807e-18,0.9237441966770831,2.648200265054805,8.673617379884035e-18,0.44029296599555684,1.444413424401732,-1.0755285551056204e-16,15.216997994080574,46.507140814041,1.734723475976807e-17,4.866045974411091,16.79601262074952,6.938893903907228e-18,7.712945527934536,27.36514011064211,0.8214594163779627,115.77851397592607,11.839201712541191,128.43917510484522,156.34054957094546,-1.2209584458871168,0.0,0.37766185325183127,-0.8432965926352856,1.0,8.514395756630237e-05,0.0,4.242640687119285,0.10365187773855195,0.0053718558793638595
564,27.033676487069464,0.0607279567422222,5.204170427930421e-18,0.9035752100445206,2.566569047808097,-3.469446951953614e-18,0.4156974904969383,1.4795921925099154,1.6306400674181987e-16,15.344488055241639,46.99896657235469,-1.3877787807814457e-17,4.71232625643514,16.396257774626562,-1.9081958235744878e-17,7.474893349722769,26.769923984526198,0.7739989258548267,117.72665683872664,11.103009373544008,129.60366513812548,155.79266277089653,-1.1879102597635331,0.0,-0.9483787477126346,-2.136289007476168,1.0,8.514395756630237e-05,0.0,4.242640687119285,0.10365187773855195,0.0053718558793638595
568,27.277446043374873,0.061080789415123946,-1.734723475976807e-18,0.8835859571796842,2.491883848346718,0.0,0.4205176937831296,1.477255920579199,1.734723475976807e-16,15.472411219085547,47.43019830052602,-6.938893903907228e-18,4.5292267015617425,15.781234814432594,3.122502256758253e-17,7.20418758026055,25.349121984911527,0.7362813718196314,119.69775446624215,10.25694725706993,130.6909830951317,154.96101639892834,-1.1895927876991255,0.0,-2.113333906989265,-3.3029266946883906,1.0,8.514395756630237e-05,0.0,4.242640687119285,0.10365187773855195,0.0053718558793638595
572,27.5232254421926,0.061764921864879106,0.0,0.8590189145871007,2.5063968968052315,3.469446951953614e-18,0.4577016631660562,1.3479796589325437,1.0061396160665481e-16,15.60061832483001,47.81162641423361,2.0816681711721685e-17,4.314989843236028,15.057899228434808,-2.6020852139652106e-17,6.884008534095409,23.97727301612726,0.6969732399017344,121.68964605851093,9.309568673615043,131.6961879720277,153.80094148996733,-1.1706590286946108,0.0,-3.4555741565364713,-4.626233185231082,1.0,8.240059100688544e-05,0.0,4.242640687119285,0.09936136865746875,0.0049363407907427066
576,27.77527237791536,0.06404967622605115,-3.469446951953614e-18,0.8176533403521756,2.4655442048322973,3.469446951953614e-18,0.545519298772346,1.6728518146136095,-3.469446951953614e-17,15.731595916620444,48.243277260715466,-2.42861286636753e-17,4.060525348738545,14.251065091097495,-6.938893903907228e-18,6.452484808522816,22.97945931412782,0.6433639588208528,123.7415550419145,8.243933053874139,132.6288520546095,152.1141163636224,-1.1507369368922358,0.0,-5.445482285299427,-6.596219222191663,1.0,8.240059100688544e-05,0.0,4.242640687119285,0.09936136865746875,0.0049363407907427066
580,28.042343996761,0.06862883304213667,0.0,0.7639616670231859,2.35534471626012,-1.734723475976807e-18,0.5268489307078471,1.565185296335513,1.942890293094024e-16,15.870276303390378,48.682538238668386,-2.0816681711721685e-17,3.7608451519698445,13.243061531012643,2.42861286636753e-17,5.929049127708889,21.6531211476816,0.5552685620196096,125.93283497297705,7.07197812854754,133.5600816635442,150.12353815296382,-1.1489591627948676,0.0,-6.213361242574964,-7.3623204053698315,1.0,7.953086570473261e-05,0.0,4.242640687119285,0.09487209816711024,0.004500357505314902
583,28.255964251189827,0.07241210121459954,-1.734723475976807e-18,0.7268938425624354,2.2649586528955683,5.204170427930421e-18,0.47334397685199864,1.579666285981234,-2.1510571102112408e-16,15.980947965094959,49.0200025112399,-6.938893903907228e-18,3.512571516197902,12.321011812198869,-1.214306433183765e-17,5.543543953805883,20.216974319774152,0.49311534079621017,127.69534893153633,6.169079328202415,134.35754360053494,148.82396041203737,-1.1073790232669454,0.0,-4.918057574695757,-6.0254365979627025,1.0,7.953086570473261e-05,0.0,4.242640687119285,0.09487209816711024,0.004500357505314902
587,28.555158035265816,0.07657538423688433,1.734723475976807e-18,0.6787846628353198,2.150915987632299,-3.469446951953614e-18,0.4496071232022778,1.8245741700744833,1.2836953722228372e-16,16.13261045230398,49.42514465273849,2.42861286636753e-17,3.1564065216096395,10.959552360439709,-2.6020852139652106e-17,5.039726040395211,18.13073700095449,0.4329574213445042,130.13056000289382,4.9814510648299315,135.54496848906825,147.3841059657023,-1.1064712705118602,0.0,-3.6667117105228755,-4.7731829810347355,1.0,7.953086570473261e-05,0.0,4.242640687119285,0.09487209816711024,0.004500357505314902
590,28.79511603896317,0.08193459169853648,0.0,0.630197998798211,2.0097718440505346,3.469446951953614e-18,0.46548711006250065,1.5024034621956126,0.0,16.251312422795557,49.65906286262824,0.0,2.8552670066259234,9.837749788762789,-1.734723475976807e-18,4.561962826234889,16.380416426581654,0.3788420165296515,132.0525777316546,4.07627483956328,136.50769458774752,146.20307573085702,-1.1064174800749376,0.0,-3.761912752177605,-4.868330232252543,1.0,7.666138601382146e-05,0.0,4.242640687119285,0.0909749358255368,0.00413821947423027
593,29.055635348336562,0.08955369322918215,0.0,0.5696192604323512,1.8039465718123875,0.0,0.5085079936469823,1.4791578972039634,3.8163916471489756e-17,16.37910591704347,49.93905568840347,1.3877787807814457e-17,2.5193750725560284,8.605464261317994,-1.734723475976807e-17,3.9665466919033134,14.316652305949614,0.32289718832980263,134.13755532086424,3.1736253781083463,137.63407788730237,145.05574628335398,-1.0676126410393443,0.0,-3.2816217271772063,-4.349234368216551,1.0,7.666138601382146e-05,0.0,4.242640687119285,0.0909749358255368,0.00413821947423027
596,29.344080659781213,0.0997576796942008,-3.469446951953614e-18,0.511711925049012,1.6036063584777835,0.0,0.44132654898100715,1.4203017593468539,8.673617379884035e-17,16.518369526656603,50.21448470537887,-6.938893903907228e-18,2.1627980808016054,7.353024703452741,5.204170427930421e-18,3.3863808626101366,12.3379416264655,0.25261701173938267,136.42826590958873,2.338847769159554,139.01973069048765,144.4548238032433,-1.0704397472806153,0.0,-0.9937498292225261,-2.0641895765031415,1.0,7.666138601382146e-05,0.0,4.242640687119285,0.0909749358255368,0.00413821947423027
598,29.555852673757855,0.10800650193357353,5.204170427930421e-18,0.4739963761608337,1.4893738136230232,-5.204170427930421e-18,0.442278180611254,1.4062810873281888,-3.885780586188048e-16,16.6187712609981,50.391143081076144,0.0,1.9187260187863733,6.503631374339731,-5.204170427930421e-18,3.0210143475469486,11.051906771185955,0.22557557501407977,138.09177911268816,1.840754767583903,140.15810945528617,144.46302669865284,-1.074519243288512,0.0,1.1210558230543706,0.046536579765858566,1.0,7.666138601382146e-05,0.0,4.242640687119285,0.0909749358255368,0.00413821947423027
600,29.785205224897965,0.11694643108295262,0.0,0.4352512472819322,1.371818963800092,-1.734723475976807e-18,0.4722304017138527,1.6977865936444525,1.249000902703301e-16,16.726345126981986,50.5695310506484,-6.938893903907228e-18,1.6708911366763652,5.606245023839836,-3.469446951953614e-18,2.6459214711208494,9.383232883084215,0.2087577455988534,139.88531065345697,1.3959385953118175,141.49000699436763,144.7761887061408,-1.0794591133259366,0.0,2.4620546792886984,1.3825955659627618,1.0,7.386447654941241e-05,0.0,4.242640687119285,0.08750899931308324,0.003828912480388602
602,30.03419128721225,0.12721981614998445,-6.938893903907228e-18,0.39715137038465365,1.2863156492114767,8.673617379884035e-18,0.4356368284809181,1.6860170215861712,-7.979727989493313e-17,16.84322318386883,50.791377769513595,1.3877787807814457e-17,1.4248591524496217,4.6801150423080236,-5.204170427930421e-18,2.263181883345945,7.398671944643383,0.18096906786399164,141.84708361080817,1.015111802159727,143.0431644808319,145.44121418701005,-1.0464998647939079,0.0,3.7310647820424605,2.6845649172485526,1.0,7.386447654941241e-05,0.0,4.242640687119285,0.08750899931308324,0.003828912480388602
604,30.310054975921414,0.14203890327608204,5.204170427930421e-18,0.35813304901125725,1.238365992292728,-1.734723475976807e-18,0.44570571256911773,1.4981718017114873,-4.85722573273506e-17,16.972306385169173,51.26919362324859,-6.938893903907228e-18,1.1898579000999143,3.81872287365553,2.6020852139652106e-18,1.846437691670238,5.936848292284612,0.1619231864994547,144.02959201602712,0.7078809112150886,144.89939611374166,146.52779670524632,-1.054762896861834,0.0,5.008703219553594,3.9539403226917598,1.0,7.386447654941241e-05,0.0,4.242640687119285,0.08750899931308324,0.003828912480388602
606,30.6225112043555,0.16111821991876962,3.469446951953614e-18,0.3333703226522744,1.1644295133800553,-1.734723475976807e-18,0.4370110746457242,1.307927564290368,-4.85722573273506e-17,17.118001601331105,51.800900847854685,-6.938893903907228e-18,0.997295516375932,3.031889607733737,3.469446951953614e-18,1.4726275310776695,4.938347100569229,0.1462138845598217,146.5129894115871,0.49729917349176833,147.1565024696387,148.23933224135823,-1.065224884296017,0.0,6.5575461223956495,5.492321238099633,1.0,7.386447654941241e-05,0.0,4.242640687119285,0.08750899931308324,0.003828912480388602
607,30.792290396783716,0.16977919242821482,0.0,0.3377308702753552,1.1114210914771774,0.0,0.4556878540712926,1.3781401983596482,-1.3183898417423734e-16,17.19738143950315,52.05619725033948,3.469446951953614e-18,0.9404947518927622,3.0031732583946673,4.336808689942018e-19,1.3647126162563201,4.2666965968943344,0.15286342666709052,147.8749641878837,0.4422651891689141,148.47009280371972,149.41521693463028,-1.0747021783366182,0.0,8.00097988038865,6.926277702052031,1.0,7.386447654941241e-05,0.0,4.242640687119285,0.08750899931308324,0.003828912480388602
609,31.132024005371754,0.16465844985321024,-3.469446951953614e-18,0.37660081400826173,1.1788844394442695,-8.673617379884035e-18,0.41519455878762634,1.324249061844226,-2.706168622523819e-16,17.357455771346025,52.48711855668125,-3.469446951953614e-18,0.936737810766277,3.0206281090965073,-1.1275702593849246e-17,1.4027773379098354,4.3734250695111445,0.17111374146422959,150.64063542711668,0.43873886305959875,151.25048803164051,152.22052864483356,-1.0857101288547666,0.0,9.316179026233998,8.230468897379232,1.0,7.386447654941241e-05,0.0,4.242640687119285,0.08750899931308324,0.003828912480388602
610,31.29138891663979,0.15936491126803565,0.0,0.39231585326968604,1.2066665754798584,3.469446951953614e-18,0.3716584580898099,1.519180379722232,1.5265566588595902e-16,17.43308510488041,52.668084135614606,6.938893903907228e-18,0.9713786095298015,3.073901088379018,2.6020852139652106e-18,1.4478021830012373,4.624028159560988,0.17554447530107492,151.9562281370016,0.4717882015260252,152.60356081382872,153.6413044288526,-1.0972239733289801,0.0,10.010830904605916,8.913606931276936,1.0,7.13275516076232e-05,0.0,4.242640687119285,0.08525607761550368,0.003634299385190393
612,31.60526922421041,0.1556543966938304,1.734723475976807e-18,0.41568638917862005,1.2955465062208478,-8.673617379884035e-18,0.3351727989065636,1.472051942665611,-1.3183898417423734e-16,17.583269674588532,53.07627796074377,0.0,1.08077795649417,3.201563589047729,-6.938893903907228e-18,1.494425805070925,4.5125237794894595,0.18877064530943657,154.5856862246523,0.584040495621857,155.3584973655836,156.54553115265816,-1.070991116996455,0.0,10.35750133188446,9.286510214888006,1.0,7.13275516076232e-05,0.0,4.242640687119285,0.08525607761550368,0.003634299385190393
613,31.75574421910179,0.1504749948913799,0.0,0.43386196436511554,1.3675567972050295,3.469446951953614e-18,0.3520625682901366,1.2369879658824312,3.2612801348363973e-16,17.655534817752734,53.304776957670846,1.0408340855860843e-17,1.1529675235060906,3.35114478887182,1.0408340855860843e-17,1.5625809686716403,4.641394624254254,0.20350686855158537,155.85895485043955,0.6646670551298837,156.727128774121,158.05104383583767,-1.0829180443157436,0.0,11.109365187350594,10.02644714303485,1.0,7.13275516076232e-05,0.0,4.242640687119285,0.08525607761550368,0.003634299385190393
615,32.038208204367706,0.13820457095506886,6.938893903907228e-18,0.48591189264757934,1.5175401226722263,1.734723475976807e-18,0.3994598723667902,1.3224550016100776,-2.0816681711721685e-16,17.792061275419908,53.74264613812465,-6.938893903907228e-18,1.320514933301963,3.8458451617061544,-8.239936510889834e-18,1.8555708715399042,5.3792296299963835,0.24883619432916043,158.27872221414836,0.8718798445367437,159.39943825301427,161.200966777564,-1.0948223325776578,0.0,12.230793715553494,11.135971382975836,1.0,7.13275516076232e-05,0.0,4.242640687119285,0.08525607761550368,0.003634299385190393
617,32.2992609363672,0.12797998589357146,0.0,0.5349917586215716,1.610242418802679,3.469446951953614e-18,0.39622366485631805,1.2662463294833188,2.983724378680108e-16,17.919255560849287,54.09479519939496,3.469446951953614e-18,1.4907179329198974,4.279584655699103,8.673617379884035e-19,2.182360288197452,6.13858262852741,0.2903018089037203,160.549859927514,1.1111199777644858,161.9512817141822,164.34832972737203,-1.1107217659006932,0.0,13.14843696732108,12.037715201420387,1.0,7.13275516076232e-05,0.0,4.242640687119285,0.08525607761550368,0.003634299385190393
619,32.54364433799128,0.12071914123691374,-6.938893903907228e-18,0.5628551334719876,1.6313797300597679,-1.0408340855860843e-17,0.3922747026004029,1.1740207112569112,1.3877787807814457e-17,18.038823931854818,54.3748196140496,-6.938893903907228e-18,1.6440926157662252,4.847672459328582,-2.862293735361732e-17,2.404538135290067,6.876484065867601,0.3173795094736615,162.699584422229,1.3515202646085145,164.3684841963112,167.28109144481704,-1.1264037455631526,0.0,13.14163427835259,12.015230532789438,1.0,7.13275516076232e-05,0.0,4.242640687119285,0.08525607761550368,0.003634299385190393
621,32.780527925879824,0.11794840136704575,-3.469446951953614e-18,0.5805972103294521,1.5993243067512308,0.0,0.3938743051959009,1.2722077110548446,-1.97758476261356e-16,18.155179556885958,54.63527214180172,0.0,1.7869932297247832,5.350613345093942,0.0,2.580041838048217,7.660661814016791,0.3343610835220301,164.80527237138494,1.5966724015411056,166.73630585644807,170.13026454723052,-1.1252919998500364,0.0,13.178471291150421,12.053179291300385,1.0,6.923599338484726e-05,0.0,4.242640687119285,0.08449123046490742,0.0035693840127370494
623,33.01406757133877,0.11629022501339306,1.734723475976807e-18,0.6040652438105353,1.6111905013626644,-5.204170427930421e-18,0.4155909216251906,1.2886012012846715,-1.1796119636642288e-16,18.27040443184792,54.8869971376299,6.938893903907228e-18,1.9282537766659715,5.788261409009337,-1.3877787807814457e-17,2.790938239871567,8.473910430933213,0.3624863601707468,166.903839051644,1.8590813136132907,169.12540672542806,173.0876088289112,-1.1240535223322778,0.0,13.79681696074434,12.672763438412062,1.0,6.923599338484726e-05,0.0,4.242640687119285,0.08449123046490742,0.0035693840127370494
626,33.34922096036626,0.10827434450632298,-3.469446951953614e-18,0.6494631308615736,1.8569186541010083,-1.734723475976807e-18,0.41804282794232334,1.1657869724589796,-2.42861286636753e-17,18.436145238138504,55.24804365780916,-6.938893903907228e-18,2.1270157621165366,6.246494250512768,2.6020852139652106e-17,3.1645066091152656,9.140383192929091,0.41850853963264434,169.9457256208685,2.262098026146096,172.62633218664726,177.59223777415957,-1.1435129416111836,0.0,14.578488859369516,13.434975917758333,1.0,6.923599338484726e-05,0.0,4.242640687119285,0.08449123046490742,0.0035693840127370494
628,33.54966612289162,0.09779699041942283,5.204170427930421e-18,0.6725011455270823,1.9892777830363388,0.0,0.3980212278042974,1.3330314936973742,4.85722573273506e-17,18.535301801336125,55.64963040198652,2.42861286636753e-17,2.233501438424559,6.399913641656368,-1.1275702593849246e-17,3.3572658489075744,9.541238003528312,0.4425925162195827,171.77870643330706,2.4942643377222864,174.71556328724893,180.2530607996363,-1.1620020483972309,0.0,14.445284072162812,13.283282023765581,1.0,6.923599338484726e-05,0.0,4.242640687119285,0.08449123046490742,0.0035693840127370494
631,33.82109800745191,0.08747370543331107,-1.0408340855860843e-17,0.6897202585711089,2.1427233505543324,1.0408340855860843e-17,0.42170951309697585,1.6222751930310555,1.8041124150158794e-16,18.669986654723143,56.18634807324057,-1.0408340855860843e-17,2.355351578287711,6.903865714830407,-8.673617379884035e-19,3.5325842713395996,10.870860625002344,0.46115276443747105,174.28420084377015,2.7738405286712045,177.5191941368788,183.66240560676135,-1.1687825279609418,0.0,13.753803947541943,12.585021419581,1.0,6.755640889213414e-05,0.0,4.242640687119285,0.08417562117341074,0.003542767599964777
634,34.071682312215614,0.08195598014279173,-1.734723475976807e-18,0.7007811195975368,2.275917229317768,5.204170427930421e-18,0.3757656715312419,1.3250947329436435,-9.020562075079397e-17,18.79517988163392,56.650012335555566,-6.938893903907228e-18,2.4478025449134737,7.6260626946493835,8.673617379884035e-18,3.666663589536512,11.933922350444586,0.4563708731427455,176.6293933914882,2.9958686494424387,180.0816329140734,186.7074954708007,-1.166447368783793,0.0,13.340543228112208,12.174095859328416,1.0,6.755640889213414e-05,0.0,4.242640687119285,0.08417562117341074,0.003542767599964777
637,34.310881364632365,0.07873719783716512,0.0,0.7160178104489612,2.360142558850465,3.469446951953614e-18,0.33516364787020697,1.0042683043867489,-7.632783294297951e-17,18.91506770379488,57.04976601392635,2.42861286636753e-17,2.5198333044462857,8.204866466460206,5.204170427930421e-17,3.792372291407422,12.492969907286605,0.46063113107708875,178.88989311957204,3.1747799410983433,182.52530419174747,189.58324778393717,-1.1818689330374241,0.0,13.220863083802396,12.038994150764971,1.0,6.755640889213414e-05,0.0,4.242640687119285,0.08417562117341074,0.003542767599964777
640,34.5412231560852,0.0757727871059297,0.0,0.7317701960059153,2.4340077429743534,3.469446951953614e-18,0.36197658983791,1.2077050528979643,-1.3183898417423734e-16,19.03047256135685,57.392883956142526,-1.734723475976807e-17,2.5715622343100333,8.687805008527645,6.938893903907228e-18,3.892274650599239,12.941199236046552,0.4752711131566967,181.07944295427797,3.306466162464805,184.86118022989947,192.25809292040256,-1.1959727136224352,0.0,12.827421341875878,11.631448628253443,1.0,6.625575552467141e-05,0.0,4.242640687119285,0.08426225812945884,0.0035500640725377756
643,34.76242875680595,0.07275251950111582,-8.673617379884035e-18,0.7399261957308716,2.510578699549509,3.469446951953614e-18,0.40646148289198486,1.2259867704215552,8.326672684688674e-17,19.141556060806675,57.68385445673861,6.938893903907228e-18,2.6035653516445927,9.113581684720058,2.42861286636753e-17,3.956696639427557,13.574442190268122,0.48221634111854256,183.19958421450235,3.389276270142115,187.07107682576301,194.68732413594861,-1.1856297970041139,0.0,12.191373124508182,11.005743327504067,1.0,6.625575552467141e-05,0.0,4.242640687119285,0.08426225812945884,0.0035500640725377756
647,35.046096731514645,0.07010096651397545,-1.734723475976807e-18,0.7370831988537254,2.5548103270123637,3.469446951953614e-18,0.46982339406585577,1.3345508084797053,1.734723475976807e-16,19.284720266436977,58.05378702017808,-1.0408340855860843e-17,2.623487139641676,9.594812261398097,-1.734723475976807e-18,4.00587154343078,14.62490939826171,0.48153697003441,185.9502178773625,3.4413423859326313,189.87309723332953,197.64713146132866,-1.1992768058505157,0.0,11.657795705828278,10.458518899977761,1.0,6.625575552467141e-05,0.0,4.242640687119285,0.08426225812945884,0.0035500640725377756
650,35.25524127042164,0.06966004386092614,-3.469446951953614e-18,0.7308739618397618,2.5385313086244823,-3.469446951953614e-18,0.43469587591444125,1.3695119003824163,9.367506770274758e-17,19.390852291484624,58.37333752468457,-1.0408340855860843e-17,2.626403231950638,9.856113327393066,-1.0408340855860843e-17,4.036854529763843,15.233577077948253,0.46303770016050644,188.0025762950873,3.4489969684003783,191.91461096364816,199.76358044555673,-1.212145999521732,0.0,11.351787265469579,10.139641265947846,1.0,6.531558822877707e-05,0.0,4.242640687119285,0.08479515380550529,0.0035951090544496488
654,35.535732392310656,0.07055027286367387,-1.734723475976807e-18,0.7183526311155323,2.4831462032700173,3.469446951953614e-18,0.3886172903322413,1.1982085315671276,4.371503159461554e-16,19.533262794575176,58.87367126573626,6.938893903907228e-18,2.6157206133454785,10.018352448168827,1.0408340855860843e-17,4.033915851009566,15.385696331449473,0.4363458713154188,190.7741777009674,3.4209971635402225,194.63152073582305,202.44608671448037,-1.2070437762008193,0.0,10.794247594373108,9.587203818172288,1.0,6.531558822877707e-05,0.0,4.242640687119285,0.08479515380550529,0.0035951090544496488
658,35.822059333246926,0.07228061212436919,1.734723475976807e-18,0.6960843181585235,2.4069529910407854,-3.469446951953614e-18,0.43754782865858405,1.2834129154156366,2.7755575615628914e-17,19.67758528083577,59.453793644484364,3.469446951953614e-18,2.5969998543211057,9.973913026770326,5.0306980803327406e-17,3.9894453066327142,14.88187699831212,0.4217847578407806,193.60368124228228,3.372204121671922,197.397670121795,205.0671061842127,-1.2206619080258942,0.0,10.403220330082252,9.182558422056358,1.0,6.531558822877707e-05,0.0,4.242640687119285,0.08479515380550529,0.0035951090544496488
661,36.04241050437857,0.07410134157310505,1.734723475976807e-18,0.6735347495175787,2.3320514466896367,-8.673617379884035e-18,0.4435904752200022,1.462129381703047,1.249000902703301e-16,19.788139097522762,59.86244807924561,-3.469446951953614e-18,2.590496406509419,9.851396068085636,4.336808689942018e-17,3.9950152559744403,14.4671013438453,0.4041232705149178,195.7852244714544,3.355335816069106,199.54468355803843,207.20925903588403,-1.2290943880248757,0.0,10.972203367087937,9.743108979063061,1.0,6.47142033923181e-05,0.0,4.242640687119285,0.08572587777872755,0.003674463060466666
664,36.26969513867345,0.07669943320900706,1.734723475976807e-18,0.6481461672683749,2.244719303879382,0.0,0.44779155843171875,1.7131498379086278,3.434752482434078e-16,19.901859168114456,60.26639356981857,1.0408340855860843e-17,2.5980461558895107,9.676690786670854,-8.673617379884035e-18,4.043493828201209,14.235032393951219,0.3868214564934644,198.0419991737307,3.3749219140661317,201.8037425442903,209.59312188980573,-1.232724793550826,0.0,11.738883593658032,10.506158800107206,1.0,6.47142033923181e-05,0.0,4.242640687119285,0.08572587777872755,0.003674463060466666
667,36.507015611150926,0.08045921042281665,-1.734723475976807e-18,0.6211743353892192,2.1456156222143523,-6.938893903907228e-18,0.4516249789934731,1.8293414882806225,-2.3245294578089215e-16,20.01975646223272,60.6793632323647,-1.0408340855860843e-17,2.6234951910817674,9.428808163786382,-1.9081958235744878e-17,4.112252124480928,14.049235034207012,0.3693798381249217,200.39532440355435,3.4413635088145793,204.20606775049387,212.21329799383886,-1.2448481229060482,0.0,12.308501591068467,11.063653468162418,1.0,6.47142033923181e-05,0.0,4.242640687119285,0.08572587777872755,0.003674463060466666
670,36.75836723741835,0.08559241641307286,3.469446951953614e-18,0.5942114774605366,2.02469055893574,1.734723475976807e-18,0.45812555380509357,1.7112661106719378,-5.134781488891349e-16,20.143211408722678,61.03337562273167,2.42861286636753e-17,2.675208239175049,9.069236253801197,-1.734723475976807e-17,4.20406303259284,13.623745009059967,0.35513278906911194,202.87448292824772,3.5783695614750326,206.80798527879185,215.15837425541056,-1.2583756974462104,0.0,13.00419416641502,11.74581846896881,1.0,6.445980895208773e-05,0.0,4.242640687119285,0.0872223723096989,0.003803871115665864
673,37.0271750607212,0.09165936432673995,0.0,0.5745068796279521,1.8829021255608802,5.204170427930421e-18,0.47729200094687724,1.5040398060359286,2.7755575615628914e-17,20.273590938229763,61.31732454342077,-1.3877787807814457e-17,2.767388142798089,8.599675700868081,8.673617379884035e-19,4.361518570818438,12.908879041240361,0.35441040498641363,205.50924476533595,3.829218566449728,209.6928737367721,218.65826024899224,-1.2688627754334927,0.0,14.317140589857766,13.048277814424274,1.0,6.445980895208773e-05,0.0,4.242640687119285,0.0872223723096989,0.003803871115665864
676,37.314690552236485,0.09796293427693002,5.204170427930421e-18,0.566082214734607,1.8443066247281505,-3.469446951953614e-18,0.4564004085184849,1.6772210609532725,-9.71445146547012e-17,20.411219911937113,61.52605763888922,0.0,2.9112152061617698,8.25830546803009,2.6020852139652106e-18,4.627078254615034,13.366544180371651,0.3560589066001544,208.30894914672902,4.2375869882937565,212.90259504162293,222.92084238698615,-1.2865401796664333,0.0,16.138037332589573,14.85149715292314,1.0,6.445980895208773e-05,0.0,4.242640687119285,0.0872223723096989,0.003803871115665864
678,37.51774895655334,0.10280476908144641,3.469446951953614e-18,0.566152272975554,1.8581237963339112,-5.204170427930421e-18,0.42709815878108176,1.788943518776983,-3.0878077872387166e-16,20.507277970937146,61.636109730147,0.0,3.0372321468965398,8.39561017614918,7.806255641895632e-18,4.85942580872367,13.824059188007208,0.35840758865270667,210.27422488864198,4.612389557070881,215.24502203436558,226.23319677286864,-1.3028702609320733,0.0,17.640486374088667,16.337616113156592,1.0,6.445980895208773e-05,0.0,4.242640687119285,0.0872223723096989,0.003803871115665864
681,37.83056974032523,0.10420558268508502,-3.469446951953614e-18,0.5777042270729853,1.8936602495238897,6.938893903907228e-18,0.40882218372766843,1.8031594615321687,9.71445146547012e-17,20.65340202146872,62.17060557423928,6.938893903907228e-18,3.25837821985014,9.076437342610813,-9.540979117872439e-18,5.236296645581518,14.539846336150113,0.37563566288790134,213.28150753020412,5.308514311796882,218.9656575048889,231.6772485080284,-1.3214761876935006,0.0,18.75403189302853,17.432555705335027,1.0,6.456705458381983e-05,0.0,4.242640687119285,0.08934702224534602,0.003991445192055179
683,38.03431964414893,0.09978948627541534,0.0,0.5935990382846874,2.031263777669858,-3.469446951953614e-18,0.40152208942332845,1.5816600385723494,-2.7755575615628914e-17,20.747583256426484,62.599237865388744,-1.0408340855860843e-17,3.4122537270695723,9.628535633320407,-9.540979117872439e-18,5.473431545975762,15.777841073302778,0.3933946997337729,215.23110549117433,5.821737748950094,221.44623793985818,235.35675796869862,-1.3414265312550921,0.0,19.44333103884092,18.10190450758583,1.0,6.456705458381983e-05,0.0,4.242640687119285,0.08934702224534602,0.003991445192055179
686,38.31001186103955,0.0885171455833696,1.734723475976807e-18,0.6231356601090949,2.1878523818001874,3.469446951953614e-18,0.3866864142036185,1.4632814183008516,5.551115123125783e-17,20.874311182279808,63.17771786526516,0.0,3.626837563348796,10.497197552395424,-7.806255641895632e-18,5.792625103400474,17.077694052635124,0.42456479259821545,217.86843366732592,6.5769753554589165,224.86997381538305,240.50666567974923,-1.3590132015922682,0.0,20.088955640985464,18.729942439393195,1.0,6.456705458381983e-05,0.0,4.242640687119285,0.08934702224534602,0.003991445192055179
689,38.56267211594532,0.08259005123760133,-6.938893903907228e-18,0.6512211110823526,2.2656713113625964,6.938893903907228e-18,0.3885924506221616,1.3755824158724579,2.1163626406917047e-16,20.990148154424553,63.650662736124374,1.0408340855860843e-17,3.8274578979732277,11.206527278643833,1.9081958235744878e-17,6.112078538254298,17.872723897706013,0.4582878553483455,220.29315977234626,7.324716980378819,228.0761646080734,245.4874076840552,-1.378667300656485,0.0,21.13748242135417,19.758815120697687,1.0,6.456705458381983e-05,0.0,4.242640687119285,0.08934702224534602,0.003991445192055179
692,38.8041230876868,0.07955000800134948,3.469446951953614e-18,0.6774558795766866,2.387417265455828,0.0,0.37941584266035566,1.355061275593973,-7.632783294297951e-17,21.100730405399496,64.04886278470693,-1.3877787807814457e-17,4.01673948646828,11.840824945167027,-1.1275702593849246e-17,6.4360460812839735,18.692921066291714,0.489891190525801,222.6204118206753,8.067098051076728,231.17740106227782,250.42862518666544,-1.4017112812028283,0.0,21.910669388561434,20.508958107358605,1.0,6.487675139896056e-05,0.0,4.242640687119285,0.0909039673094836,0.0041317656363018315
695,39.03653733953174,0.07631085365263016,1.734723475976807e-18,0.7043568327226069,2.5103436819475293,-5.204170427930421e-18,0.40229848082971664,1.277085956243534,-2.1510571102112408e-16,21.20739081707689,64.38118786289826,-3.469446951953614e-18,4.188745904291374,12.42486772271291,1.3010426069826053e-17,6.724875620121326,19.740071853804952,0.5338473719309719,224.8767126341186,8.772796125358877,234.18335613140843,255.16661932541498,-1.4220233240560407,0.0,21.86213266103102,20.440109336974977,1.0,6.487675139896056e-05,0.0,4.242640687119285,0.0909039673094836,0.0041317656363018315
698,39.25740603806999,0.07225124365858938,0.0,0.7312900753751889,2.628849000960308,0.0,0.40114156805291257,1.2956966691162528,1.4224732503009818e-16,21.309289374387998,64.63806655796934,6.938893903907228e-18,4.33860980132748,12.924943861726833,1.734723475976807e-18,6.963446943557697,20.77405825715157,0.5786663263080972,227.04290682070257,9.411767504087434,237.03334065109811,259.5372983558361,-1.4393093870841107,0.0,21.290754575666064,19.851445188581952,1.0,6.487675139896056e-05,0.0,4.242640687119285,0.0909039673094836,0.0041317656363018315
702,39.534773654336405,0.06790412251110636,-3.469446951953614e-18,0.7614567869842492,2.72055050720275,1.734723475976807e-18,0.3617836951476917,1.3104751816099134,1.97758476261356e-16,21.438007655556216,64.94990154791516,0.0,4.506613541737381,13.407831506031352,1.734723475976807e-18,7.218570712223283,21.630905542090176,0.6219418799246823,229.79408611984348,10.154782807285367,240.57081080705353,264.7946896587282,-1.4618520536896842,0.0,20.48471511129265,19.02286305760297,1.0,6.52166258553346e-05,0.0,4.242640687119285,0.0915411809669991,0.00418989390641644
706,39.80158161289947,0.06630907045230199,1.734723475976807e-18,0.7809709815914384,2.696062307370913,6.938893903907228e-18,0.42431818072749083,1.7725326928777565,1.5612511283791264e-16,21.562435593543377,65.26034161790504,-3.469446951953614e-18,4.647735863680205,13.747393296175506,2.168404344971009e-17,7.425050443133584,22.032825433079978,0.6618100818028947,232.46931436285317,10.800724329269586,243.93184877392565,269.61804410562627,-1.4859615389140726,0.0,19.63882662831504,18.15286508940097,1.0,6.52166258553346e-05,0.0,4.242640687119285,0.0915411809669991,0.00418989390641644
709,40.00047248452941,0.06634830473047491,1.734723475976807e-18,0.793706413672284,2.6314155971566398,-1.734723475976807e-18,0.43275013683872815,1.7977665839814414,-2.255140518769849e-16,21.655605395062594,65.48997830696403,1.0408340855860843e-17,4.74105838422337,14.108598521264831,-2.688821387764051e-17,7.571515441330179,22.631448339373243,0.6812517351062346,234.482622513332,11.238817301307353,246.40269154974558,273.12002729219427,-1.5031184461874394,0.0,19.18703126549123,17.68391281930379,1.0,6.52166258553346e-05,0.0,4.242640687119285,0.0915411809669991,0.00418989390641644
713,40.26609069509295,0.06633378135599918,5.204170427930421e-18,0.8162144180830005,2.564375157338111,6.938893903907228e-18,0.39513124509362735,1.3220495782824537,6.938893903907228e-18,21.780621449399792,65.78838813019507,1.0408340855860843e-17,4.850078870460005,14.757688981048183,-2.0816681711721685e-17,7.757958254791952,24.15065473707386,0.7107094177235189,237.19773536102718,11.761632524841296,249.670077303592,277.68190722486884,-1.5248470920870236,0.0,18.77529411826856,17.25044702618154,1.0,6.548773912576843e-05,0.0,4.242640687119285,0.09152672992308762,0.004188571145206911
717,40.529468819298096,0.06550138673153003,-5.204170427930421e-18,0.8424912882533964,2.580987379510157,-3.469446951953614e-18,0.3667856139885034,1.2629908218170005,-3.0878077872387166e-16,21.905038855330535,66.02901827500597,0.0,4.937602766184292,15.444683121619725,1.8214596497756474e-17,7.905377676045804,24.948170456695426,0.7478724446163855,239.91536362677022,12.189960538315386,252.85319660970197,281.9168061222666,-1.545502790433886,0.0,17.704697454036587,16.1591946636027,1.0,6.548773912576843e-05,0.0,4.242640687119285,0.09152672992308762,0.004188571145206911
721,40.79040005367358,0.06526560990133971,-3.469446951953614e-18,0.8623770341975012,2.6004447307307763,3.469446951953614e-18,0.3276204509763489,1.0342429014537569,2.220446049250313e-16,22.028331119705307,66.2197641199947,1.0408340855860843e-17,5.001326008721146,16.04201042413526,-3.2959746043559335e-17,7.9935425654146535,25.573424107087227,0.7666554275861688,242.6236859596886,12.50663092275529,255.89697231003004,285.65571837396124,-1.5644492790185327,0.0,15.984058805921169,14.419609526902637,1.0,6.559112743516866e-05,0.0,4.242640687119285,0.09073330982071934,0.004116266755511322
725,41.05403613931086,0.0658923494878256,0.0,0.8731879009906686,2.544306662287906,5.204170427930421e-18,0.3668505368928947,1.2481646029215119,7.632783294297951e-17,22.152918697108095,66.35999491334468,-3.469446951953614e-18,5.045444201464015,16.605732520087663,1.214306433183765e-17,8.042983458144153,26.52548884285667,0.7798084366129543,245.37590340034075,12.728253595043423,258.8839654319971,289.07840641219525,-1.5839689513625232,0.0,14.663544346615085,13.079575395252562,1.0,6.559112743516866e-05,0.0,4.242640687119285,0.09073330982071934,0.004116266755511322
729,41.3110954012967,0.06327253203784246,1.734723475976807e-18,0.8846412439275264,2.559373406758266,6.938893903907228e-18,0.34504170997623684,1.1173590117537893,-6.938893903907228e-17,22.274589060129287,66.43182146874415,1.0408340855860843e-17,5.07341792363003,17.08406007239126,-2.0816681711721685e-17,8.101286018183217,27.592508501976894,0.7791019380828117,248.07865889881566,12.869784713905224,261.7275455508037,292.3176557547798,-1.600610382359816,0.0,14.290741247886741,12.690130865526925,1.0,6.559112743516866e-05,0.0,4.242640687119285,0.09073330982071934,0.004116266755511322
733,41.55813978556559,0.06094342351540576,3.469446951953614e-18,0.8997581680691004,2.6294036852696148,1.734723475976807e-18,0.3549386907490783,1.381011867767742,-2.8449465006019636e-16,22.391602975972116,66.66482143509812,1.734723475976807e-17,5.082744848014926,17.414861322553556,2.6020852139652106e-18,8.143494618173948,28.310307502232497,0.7849151212786871,250.6919419167817,12.917147595011134,264.3940046330715,295.21660846906417,-1.6136527688604154,0.0,13.434476461807755,11.82082369294734,1.0,6.549388061549505e-05,0.0,4.242640687119285,0.0894961798736754,0.004004783105990631
737,41.79808158938999,0.059537217786067805,-1.734723475976807e-18,0.9106480626488876,2.6744131396936206,0.0,0.4096842875616948,1.5921943128670408,-8.326672684688674e-17,22.50509562305191,67.0833050483255,-1.734723475976807e-17,5.0677541486147675,17.577854684058742,1.734723475976807e-17,8.119275356433231,28.489836463638994,0.7944156152274385,253.23966450135515,12.841066055401091,266.8751461719837,297.51532295205243,-1.6258778740183903,0.0,11.30098432339435,9.675106449375958,1.0,6.549388061549505e-05,0.0,4.242640687119285,0.0894961798736754,0.004004783105990631
741,42.034583018217894,0.05894850700403596,-6.938893903907228e-18,0.911106043995207,2.688004993208248,5.204170427930421e-18,0.4083445445853845,1.3243726842416124,3.226585665316861e-16,22.616958368177812,67.46691706602303,1.734723475976807e-17,5.027878776110438,17.596536586099486,3.2959746043559335e-17,8.032258773866547,28.319873690303723,0.7822123399831926,255.76340291394413,12.639782493630898,269.1853977475582,299.2448191139853,-1.634929141563631,0.0,9.047406231891468,7.412477090327838,1.0,6.516979439692672e-05,0.0,4.242640687119285,0.08782337478719521,0.0038564725795060774
745,42.269642701209776,0.05866959622304901,3.469446951953614e-18,0.9037207940632305,2.6663803339285774,-3.469446951953614e-18,0.407530465562065,1.3555080229926029,-1.214306433183765e-16,22.728619110459857,67.8172477129988,3.469446951953614e-17,4.96694115049939,17.516180353661646,0.0,7.918682353393199,28.177184655915525,0.7601251020287205,258.29506333418044,12.3352521962621,271.39044063247127,300.65618598649746,-1.6383205376712453,0.0,7.736447570363532,6.098127032692286,1.0,6.516979439692672e-05,0.0,4.242640687119285,0.08782337478719521,0.0038564725795060774
749,42.50395302289766,0.05856029630566486,1.734723475976807e-18,0.8947469972461632,2.620268924042757,-3.469446951953614e-18,0.3845962489227005,1.27764084766725,2.7755575615628914e-16,22.840541236729102,68.13289384491205,1.3877787807814457e-17,4.886089978814997,17.348264050538347,-1.3877787807814457e-17,7.800465169828019,28.162562505536457,0.7303948681641292,260.8451619933613,11.936937640538172,273.5124945020636,301.8781914963408,-1.6462411091618494,0.0,6.945691400057882,5.299450290896033,1.0,6.516979439692672e-05,0.0,4.242640687119285,0.08782337478719521,0.0038564725795060774
754,42.798272801250086,0.059234249163579555,0.0,0.8795596978518635,2.5604682899563347,-3.469446951953614e-18,0.35039275015476956,1.588896706423239,-3.157196726277789e-16,22.981836673952056,68.47064916632199,-6.938893903907228e-18,4.749118714813818,16.933073924222064,-3.2959746043559335e-17,7.603301387070014,27.69833167168633,0.6894124394047246,264.08240845410387,11.27706428369742,276.04888517720605,302.934701296211,-1.6426619474486532,0.0,5.312923456112957,3.6702615086643036,1.0,6.46421740634279e-05,0.0,4.242640687119285,0.08601528466842251,0.0036993145982948806
758,43.03873398814634,0.06075060746229095,5.204170427930421e-18,0.859301129586801,2.55639150694952,-1.734723475976807e-18,0.3916678371637208,1.8507858931134151,1.9081958235744878e-16,23.09758977379619,68.85714001294474,-3.122502256758253e-17,4.603099076151523,16.37225466627146,-5.204170427930421e-18,7.366734104276472,26.52691528031737,0.6603081468864769,266.7493266792871,10.594260552433497,278.003895378607,303.2507241990803,-1.6457140200335856,0.0,3.0410726189600363,1.3953585989264508,1.0,6.46421740634279e-05,0.0,4.242640687119285,0.08601528466842251,0.0036993145982948806
762,43.28712632195548,0.06297569146022777,-1.734723475976807e-18,0.8310168717282489,2.5698774497184855,-3.469446951953614e-18,0.41602174733744873,1.5135396435036605,-5.551115123125783e-17,23.21774306148357,69.34754414706157,-3.469446951953614e-18,4.421611402972574,15.638957323883904,3.469446951953614e-17,7.066872895936552,24.971561211404754,0.6172115808283514,269.5317964345342,9.775323699448542,279.9243317148111,303.18364239663674,-1.6406210741038678,0.0,1.4454787661671433,-0.1951423079367245,1.0,6.392546882517678e-05,0.0,4.242640687119285,0.0840401955828063,0.003531377236798168
766,43.54561794437752,0.0656643708695936,-3.469446951953614e-18,0.7962423467573151,2.5729958854186905,0.0,0.41686689910769914,1.217101460808607,6.938893903907228e-17,23.343508420442653,69.83533798557912,3.469446951953614e-18,4.2033779615996005,14.804482908055355,3.469446951953614e-17,6.713058633081113,23.639675607917713,0.5621167442737683,272.4596926876385,8.834193144030607,281.8560025759429,302.8577878969934,-1.6349899377062584,0.0,0.44167336773418114,-1.1933165699720774,1.0,6.392546882517678e-05,0.0,4.242640687119285,0.0840401955828063,0.003531377236798168
770,43.816154047676,0.06891033243471462,3.469446951953614e-18,0.7559283654173076,2.540633144458792,-5.204170427930421e-18,0.41354242205424696,1.4006698990982027,2.3245294578089215e-16,23.47528479574487,70.29220896250776,1.734723475976807e-17,3.9474147809920765,13.864032769263908,1.0408340855860843e-17,6.307236420030085,22.47897551939353,0.5045904639381462,275.5444981206651,7.791041726597362,283.8401303112006,302.37210447749953,-1.6379712594392262,0.0,-0.09661518509226602,-1.7345864445314922,1.0,6.303610380607533e-05,0.0,4.242640687119285,0.08192800615252906,0.003356099096064419
773,44.028990201999235,0.07205834078676318,1.734723475976807e-18,0.7218327507200423,2.4791236640684793,-1.734723475976807e-18,0.4100163711461478,1.433100775108234,2.255140518769849e-16,23.578759074126033,70.58776919873415,-2.7755575615628914e-17,3.7304318043046902,13.04056453678151,-8.673617379884035e-18,5.972662896607013,21.32755519570916,0.45981979829356734,277.97893973784034,6.958060723283973,285.39682025941784,301.9865105433585,-1.6178085981352825,0.0,-0.14336635456556662,-1.7611749527008491,1.0,6.303610380607533e-05,0.0,4.242640687119285,0.08192800615252906,0.003356099096064419
776,44.25345329151535,0.07636794457463454,1.734723475976807e-18,0.6841432720223372,2.3676616191146573,3.469446951953614e-18,0.4187405260098198,1.480725238017557,-4.510281037539698e-16,23.68724770739854,70.85924551955596,0.0,3.4897084049262768,12.085608097393617,8.673617379884035e-18,5.599954612205449,19.74189879733148,0.41545476220792377,280.5428519758286,6.089032375706548,287.0473391137431,301.6034342373151,-1.6204383634794954,0.0,-0.04204495050626221,-1.6624833139857575,1.0,6.303610380607533e-05,0.0,4.242640687119285,0.08192800615252906,0.003356099096064419
780,44.579382618804274,0.08503123674551337,1.734723475976807e-18,0.6235218355822972,2.1211267134114244,-3.469446951953614e-18,0.430071527331103,1.470129315665151,3.7470027081099033e-16,23.843457806708365,71.3533737776307,-6.938893903907228e-18,3.1243739200538685,10.596938813509635,1.0408340855860843e-17,5.001922224564876,17.067100684161375,0.34948010538732704,284.255240090141,4.8808561961563885,289.48557639168473,301.12162359180206,-1.6242623489921253,0.0,0.1916967076553007,-1.4325656413368246,1.0,6.199706888938519e-05,0.0,4.242640687119285,0.07974061873877208,0.003179283138421105
782,44.757969695870585,0.09078603508819844,3.469446951953614e-18,0.5889873417362013,1.9658383882780974,-5.204170427930421e-18,0.4142892363953527,1.541684512120077,2.914335439641036e-16,23.928395894203323,71.6174334576365,1.0408340855860843e-17,2.922973206632421,9.76488044538524,3.0357660829594124e-17,4.663243774888849,15.612977997654266,0.31087316849549645,286.28406503486326,4.27188618334551,290.86682438670425,301.0100880461404,-1.6015498097565672,0.0,1.0199408608840086,-0.5816089488725587,1.0,6.199706888938519e-05,0.0,4.242640687119285,0.07974061873877208,0.003179283138421105
785,45.04995302194728,0.10075244509408894,0.0,0.5406236905671167,1.722437377228189,0.0,0.42597764213112865,1.4686757992065327,-5.273559366969494e-16,24.06549018986846,72.0369600038265,-3.469446951953614e-18,2.6087511467562527,8.437817590531528,-7.806255641895632e-18,4.151561265537755,13.538330160595606,0.2710189826253259,289.5739090393274,3.4027912728510317,293.24771929480374,301.3040850218635,-1.6061657486595493,0.0,2.6407704652421478,1.0346047165825984,1.0,6.199706888938519e-05,0.0,4.242640687119285,0.07974061873877208,0.003179283138421105
787,45.26279115158671,0.10841101464147572,1.734723475976807e-18,0.5150797256234518,1.618872044479705,5.204170427930421e-18,0.4362889288840023,1.427029104834217,-1.6306400674181987e-16,24.163985535767857,72.34818612702733,-1.3877787807814457e-17,2.3997813459134583,7.516434941684783,-3.469446951953614e-18,3.83259258177805,12.29117812525193,0.25688163107193696,291.94909848639907,2.8794752540971045,295.0854553715681,301.9308974180983,-1.6119115262127814,0.0,4.567820388405951,2.9559088621931697,1.0,6.199706888938519e-05,0.0,4.242640687119285,0.07974061873877208,0.003179283138421105
790,45.61771722824832,0.12403211465530783,3.469446951953614e-18,0.48077940056181523,1.5481283577272853,-3.469446951953614e-18,0.42543787335689537,1.5382453576392598,-6.661338147750939e-16,24.326198295560427,72.80387080102246,-1.3877787807814457e-17,2.0945638013938477,6.2545789800765075,0.0,3.3419434427403014,10.154492331798746,0.2372812053365023,295.88196175746356,2.1935987590547223,298.3128417218548,303.5219586940177,-1.619404569014737,0.0,6.120013499655246,4.500608930640509,1.0,6.082889980178773e-05,0.0,4.242640687119285,0.0774901392359088,0.003002360839400267
792,45.86458463952191,0.12330732047569662,0.0,0.45679850692283125,1.5656321812826566,5.204170427930421e-18,0.4309076915237267,1.5110698819100712,1.5959455978986625e-16,24.438175449072514,73.13062082720928,-1.0408340855860843e-17,1.9196230182790412,5.957038811975438,5.204170427930421e-18,3.0103640225711406,9.679659450050298,0.2248187569676436,298.61220963982527,1.8424762661533678,300.6795046629463,304.9687996471651,-1.5976413017351534,0.0,7.485964626241243,5.888323324506089,1.0,6.082889980178773e-05,0.0,4.242640687119285,0.0774901392359088,0.003002360839400267
794,46.11221283220832,0.123996024056685,0.0,0.4438930196564894,1.5685855697291453,-3.469446951953614e-18,0.3999747230819075,1.3270654353989297,-4.85722573273506e-17,24.54963576683019,73.56861949303907,6.938893903907228e-18,1.7848039306317705,5.658384999338028,-8.673617379884035e-18,2.748529590848398,9.244462300658286,0.2142129733956444,301.3423081420141,1.592762535399309,303.149283650809,306.78173821238596,-1.6056356295163154,0.0,8.938964227806181,7.3333285982898655,1.0,6.082889980178773e-05,0.0,4.242640687119285,0.0774901392359088,0.003002360839400267
796,46.35893677119473,0.12287681139312247,-3.469446951953614e-18,0.4521851047700124,1.5919118924455211,0.0,0.41259609991637114,1.2862278268595368,2.1163626406917047e-16,24.660199629341278,74.01567724743846,1.0408340855860843e-17,1.6945684336153997,5.422067551237827,-1.734723475976807e-18,2.585966348485966,8.686799150889522,0.22883372286221632,304.06272287948184,1.4357810881028743,305.7273376904469,308.9686687065353,-1.6142947988994802,0.0,10.475158491926202,8.86086369302672,1.0,6.082889980178773e-05,0.0,4.242640687119285,0.0774901392359088,0.003002360839400267
798,46.59940721499013,0.11927270405183989,-3.469446951953614e-18,0.4742740641616805,1.633870479718728,3.469446951953614e-18,0.41231073674311736,1.2540649586718482,4.440892098500626e-16,24.767947796965114,74.42218053847364,-3.469446951953614e-18,1.6419999138109906,5.249957339804158,6.071532165918825e-18,2.5061518463397605,8.283505489047958,0.24973815424237322,306.72561903659454,1.3480818584776504,308.3234390493146,311.3673361185585,-1.623476542832727,0.0,11.589621968843536,9.96614542601081,1.0,6.082889980178773e-05,0.0,4.242640687119285,0.0774901392359088,0.003002360839400267
800,46.83380410735702,0.11674444389040942,1.734723475976807e-18,0.49280463375914285,1.6546399334669144,1.734723475976807e-18,0.3881831006420516,1.3604857379614623,-1.3877787807814457e-16,24.87320098843324,74.80377863558905,-2.0816681711721685e-17,1.6113886342170072,5.185812330811547,1.734723475976807e-18,2.4364901948321176,7.926382605577896,0.2630056285040273,309.33806370549814,1.2982866652418754,310.89935599924405,313.8004934712544,-1.6330143852667207,0.0,12.0161777753912,10.383163390124478,1.0,5.964744953524415e-05,0.0,4.242640687119285,0.07580551605554527,0.002873238132223765
802,47.06804365173309,0.11751877873619888,-1.734723475976807e-18,0.5013900919199169,1.6534494584277315,3.469446951953614e-18,0.37780145796900044,1.3195349690472695,1.3877787807814457e-16,24.97903613622768,75.19200485799557,-6.938893903907228e-18,1.5928583292054035,5.110569894923791,-6.071532165918825e-18,2.3408174139619993,7.712014170451733,0.2721118591863752,311.97612314748415,1.2685988284595147,313.51683383513006,316.26487772827664,-1.6111372063086227,0.0,12.149155228583634,10.538018022275011,1.0,5.964744953524415e-05,0.0,4.242640687119285,0.07580551605554527,0.002873238132223765
804,47.30706082259099,0.12014022626891331,5.204170427930421e-18,0.5092719424989711,1.660247814864786,0.0,0.33023225409034074,1.2394616197287087,-5.551115123125783e-16,25.087555097889947,75.58790770834514,-6.938893903907228e-18,1.587513072070835,5.003776410236431,-6.938893903907228e-18,2.279619578342394,7.540076750717124,0.2729952025439078,314.69271039483186,1.2600988769978898,316.22580447437366,318.8890030153012,-1.6217195286590738,0.0,12.612092191371953,10.990372662712879,1.0,5.964744953524415e-05,0.0,4.242640687119285,0.07580551605554527,0.002873238132223765
806,47.54602197926757,0.11916398230847457,-3.469446951953614e-18,0.5258129564928129,1.6788770662087174,-1.0408340855860843e-17,0.3204803633775234,1.1757359058745638,2.393918396847994e-16,25.196657692558595,75.94941901377398,-6.938893903907228e-18,1.5982307751048979,4.833825783611555,1.0408340855860843e-17,2.2942215062412794,7.282522466722549,0.2845355828206654,317.43577943798607,1.2771708052462012,318.9974858260529,321.6957887576181,-1.6330465992090124,0.0,13.37480884415109,11.741762244942077,1.0,5.964744953524415e-05,0.0,4.242640687119285,0.07580551605554527,0.002873238132223765
808,47.78127499017489,0.11687871107107822,-6.938893903907228e-18,0.54704345727794,1.6794961381212754,0.0,0.352048808539365,1.1267742851441307,-4.85722573273506e-17,25.304486143232317,76.23483602762684,6.938893903907228e-18,1.6210599510320058,4.793092088434163,-1.8214596497756474e-17,2.3535939970989124,7.006032821985255,0.3055636746659661,320.1585094865181,1.3139176824199446,321.777990843604,324.58754779588253,-1.6449297679584005,0.0,13.929591776757547,12.284662008799147,1.0,5.964744953524415e-05,0.0,4.242640687119285,0.07580551605554527,0.002873238132223765
810,48.011040130150256,0.11446470592309285,-1.214306433183765e-17,0.5608469570764061,1.6803625413954302,1.734723475976807e-18,0.3597707851073834,1.2092292799569826,-2.7755575615628914e-16,25.409968331755618,76.42832822110277,3.469446951953614e-18,1.650211121308077,4.783749054671928,2.6020852139652106e-18,2.404746463886707,6.818927384162733,0.31678533829776734,322.83324531041166,1.3615983724444303,324.51162902115385,327.43458489360376,-1.6571577483105275,0.0,14.053657822888537,12.39650007457801,1.0,5.855772419004257e-05,0.0,4.242640687119285,0.0747712598097937,0.0027953706467718355
813,48.3561577539321,0.1156164920817093,6.938893903907228e-18,0.5639895398348694,1.7330855135992467,1.734723475976807e-18,0.4006206911050711,1.329874930854339,2.3245294578089215e-16,25.56896557492048,76.59022882470985,6.938893903907228e-18,1.711243311094189,4.686527717741776,-5.204170427930421e-18,2.4576385906381537,6.756502649624062,0.3235393580327339,326.88600028573427,1.4641768348823012,328.67371647864934,331.7686899229239,-1.6424616331196575,0.0,14.221286088996626,12.578824455876969,1.0,5.855772419004257e-05,0.0,4.242640687119285,0.0747712598097937,0.0027953706467718355
815,48.58579505344803,0.11475102942061113,0.0,0.5691805625520205,1.7984679494399056,-3.469446951953614e-18,0.3899257576323704,1.355143675291423,2.5673907444456745e-16,25.674776558474512,76.64998660791093,0.0,1.7734606630517977,4.971344912368015,-6.071532165918825e-18,2.56600460891204,7.292202608701576,0.3248817625671975,329.5970756637961,1.5725813616960607,331.49453878805934,334.84490265605405,-1.6586097024359274,0.0,15.060879153295978,13.40226945086005,1.0,5.855772419004257e-05,0.0,4.242640687119285,0.0747712598097937,0.0027953706467718355
817,48.81468093827604,0.1136771723600285,8.673617379884035e-18,0.5825725391328349,1.860455599584843,1.734723475976807e-18,0.37773032304866794,1.2702693998556815,-7.632783294297951e-17,25.780018724786736,76.6984635930313,-6.938893903907228e-18,1.8524010474681807,5.33593494942921,-1.734723475976807e-17,2.7332840779305143,8.000550568642142,0.33490042558994826,332.3046827251773,1.715694820330606,334.35527797109785,338.0881000911089,-1.6717791695600845,0.0,15.836602365581285,14.164823196021201,1.0,5.855772419004257e-05,0.0,4.242640687119285,0.0747712598097937,0.0027953706467718355
819,49.02610077302532,0.10326263740047247,1.734723475976807e-18,0.5972345446678137,1.9122797994126766,0.0,0.38750775010658256,1.3499472621855246,3.2612801348363973e-16,25.876837000436467,76.8198117390515,1.734723475976807e-17,1.932660734440391,5.892353756348085,-1.5612511283791264e-17,2.8883245858083755,8.888913604567584,0.3494911396519607,334.8053465735788,1.867588757223835,337.02242647045455,341.1424683341844,-1.6844712698493867,0.0,16.13582557967275,14.451354309823365,1.0,5.855772419004257e-05,0.0,4.242640687119285,0.0747712598097937,0.0027953706467718355
822,49.3135898952151,0.09278616726989584,-3.469446951953614e-18,0.6128121976921214,1.98158008641742,3.469446951953614e-18,0.39892806834279254,1.4014191472847881,-2.636779683484747e-16,26.00824496636776,76.93815788931427,2.0816681711721685e-17,2.0428864292385858,6.562697233760415,-1.214306433183765e-17,3.064556994286132,9.803722763011933,0.3594004115279713,338.2144031152969,2.0866924813835896,340.66049600820844,345.2828960738236,-1.6799826159318079,0.0,16.097777595839524,14.417794979907717,1.0,5.757792793975615e-05,0.0,4.242640687119285,0.07398176068051676,0.0027366504566946276
825,49.57978735927821,0.08708486948587627,-5.204170427930421e-18,0.6269766855571246,2.02280770438763,-1.214306433183765e-17,0.38274072620862465,1.297192282623657,-1.5612511283791264e-16,26.130115233287203,77.24564807894649,2.0816681711721685e-17,2.142026820698671,7.102423504267108,2.42861286636753e-17,3.219922594888508,10.543034051281522,0.35921924207980016,341.391461052434,2.2941394502962273,344.04481974481,349.1382926047161,-1.6852560403982906,0.0,16.182844507918244,14.497588467519954,1.0,5.757792793975615e-05,0.0,4.242640687119285,0.07398176068051676,0.0027366504566946276
827,49.75025643861923,0.08467661479970137,-3.469446951953614e-18,0.638928676905792,2.0310006948882604,0.0,0.35215154375347857,1.1894453163574705,-6.314393452555578e-16,26.208361178424504,77.41644071158245,1.0408340855860843e-17,2.201401599630408,7.411061122986566,3.8163916471489756e-17,3.324592747143711,11.052116198316408,0.35874271141733693,343.43909782937436,2.423084501427659,346.22092504221933,351.62829711592434,-1.696713395742937,0.0,16.312928556736875,14.616215160993939,1.0,5.757792793975615e-05,0.0,4.242640687119285,0.07398176068051676,0.0027366504566946276
831,50.07975788993548,0.08111637078910633,1.734723475976807e-18,0.6635546454976644,2.023852741909477,-3.469446951953614e-18,0.29773547315572335,0.9173185949018215,-1.6653345369377348e-16,26.360068180237707,77.7825924722695,-6.938893903907228e-18,2.294354796363133,7.898238831293307,-5.204170427930421e-18,3.4955202113841204,11.999520656954383,0.3633645080318815,347.4265972333902,2.6320319657972564,350.42199370721937,356.3530642910292,-1.7030033158210516,0.0,16.052802380246934,14.349799064425882,1.0,5.6723633102312626e-05,0.0,4.242640687119285,0.07344755307836819,0.0026972715265998555
834,50.31864961713256,0.07893498079643271,0.0,0.677221540604367,2.0079111346811147,-1.734723475976807e-18,0.3145790838690341,0.9481203952622651,1.8735013540549517e-16,26.470690110830265,78.10441769813686,-2.42861286636753e-17,2.3355853346637496,8.131179744280278,3.8163916471489756e-17,3.563999608336225,12.44919712959587,0.37014871660701976,350.3487174718035,2.7274794277481895,353.44634561615874,359.6033902101266,-1.697315681004861,0.0,15.318516130716871,13.62120044971201,1.0,5.6723633102312626e-05,0.0,4.242640687119285,0.07344755307836819,0.0026972715265998555
837,50.55223697201896,0.07743510075331772,3.469446951953614e-18,0.6844298110683845,1.980956922816073,-5.204170427930421e-18,0.3526510223902588,1.111307035744287,-3.7816971776294395e-16,26.57965358192624,78.52623961910379,3.469446951953614e-18,2.3526819476795353,8.255955691747598,-6.245004513516506e-17,3.5940071594649643,12.639272261390769,0.37183407028059623,353.23899226760227,2.767556173468585,356.37838251135145,362.6334982996371,-1.70789758469569,0.0,14.694999424568369,12.987101839872679,1.0,5.6723633102312626e-05,0.0,4.242640687119285,0.07344755307836819,0.0026972715265998555
840,50.78374346962858,0.07720284596635629,1.734723475976807e-18,0.685130978195994,1.9358132486562776,-3.469446951953614e-18,0.36423698566680474,1.2899603698466824,-5.898059818321144e-17,26.688613861266493,78.92352794633999,-3.469446951953614e-18,2.3474682690990107,8.297529170408351,-1.0408340855860843e-17,3.5986496582268255,12.695038220531455,0.3629452105813098,356.1410549178929,2.755303637213352,359.25930376568755,365.51118283081803,-1.7179626864371433,0.0,14.161084061067406,12.443121374630262,1.0,5.599767428068066e-05,0.0,4.242640687119285,0.07310970913074129,0.0026725147845907977
843,51.0175771384825,0.07846943230961553,1.734723475976807e-18,0.679421207103218,1.8764108287600214,-5.204170427930421e-18,0.36776488360717013,1.4735606338144773,-1.3877787807814457e-17,26.799639111336703,79.2973532179885,6.938893903907228e-18,2.3205948371663725,8.276331306134423,-3.642919299551295e-17,3.5690989550622234,12.741374282817596,0.35057502504189764,359.1103282489439,2.692580199141611,362.15348347312744,368.2854498570461,-1.7057213874176915,0.0,13.5833938268411,11.877672439423408,1.0,5.599767428068066e-05,0.0,4.242640687119285,0.07310970913074129,0.0026725147845907977
846,51.25740024012997,0.08073954928064378,6.938893903907228e-18,0.6671221366131052,1.8386979401752686,-3.469446951953614e-18,0.3772856379553628,1.4652166397660282,-1.942890293094024e-16,26.914006126319446,79.67865017419918,-1.0408340855860843e-17,2.27405996247049,8.190547520618018,5.204170427930421e-18,3.501855231688056,12.761806291810412,0.33894446331270434,362.18186288378024,2.585674356455643,365.1064817035486,371.0031633772036,-1.7155356750308663,0.0,13.062809440994657,11.347273765963791,1.0,5.599767428068066e-05,0.0,4.242640687119285,0.07310970913074129,0.0026725147845907977
849,51.504612608252806,0.08324093671291309,5.204170427930421e-18,0.6483867040591443,1.8510238638946133,5.204170427930421e-18,0.3786130739068177,1.3464857015317484,1.9081958235744878e-16,27.03224697844097,80.09932574828609,2.7755575615628914e-17,2.2144724513735397,8.021101383584,5.204170427930421e-18,3.4135561342514644,12.585618587029108,0.32507254851833434,365.3711883517155,2.4519441189461664,368.14820501918,373.74628781818126,-1.7256451360351162,0.0,12.836361290411103,11.110716154375988,1.0,5.599767428068066e-05,0.0,4.242640687119285,0.07310970913074129,0.0026725147845907977
852,51.759932447121066,0.08614402777512552,1.734723475976807e-18,0.6221671302787641,1.8079125584346567,-3.469446951953614e-18,0.3923645734143286,1.2239082632449145,2.42861286636753e-16,27.154673068240935,80.53080365469748,0.0,2.1530826313504847,7.763366946302317,-2.6020852139652106e-17,3.3221524743806308,12.093948864583805,0.31098720254551526,368.6881347215247,2.3178824087115624,371.3170043327818,376.6147949485123,-1.7239462054711185,0.0,12.972231158784707,11.248284953313588,1.0,5.540305337054878e-05,0.0,4.242640687119285,0.07297427743922925,0.002662622583888802
855,52.02696932846441,0.09070046815629543,0.0,0.5898317735605189,1.7803366496557729,-1.734723475976807e-18,0.3909476760462085,1.1997240620002447,-2.0816681711721685e-17,27.282437314766067,80.94107282481075,1.3877787807814457e-17,2.105040823005912,7.451557467372898,-1.0408340855860843e-17,3.2504434430609677,11.435027354871405,0.2924256409238656,372.1656929170699,2.2155984332607037,374.6737169912545,379.74196872018047,-1.7293323208092597,0.0,13.453501513138564,11.724169192329304,1.0,5.540305337054878e-05,0.0,4.242640687119285,0.07297427743922925,0.002662622583888802
858,52.312439430383655,0.09762805292164284,-5.204170427930421e-18,0.5584431409605444,1.7733180733671103,0.0,0.42206390898472096,1.504132410152246,7.216449660063518e-16,27.41789353343035,81.39076775649005,-3.469446951953614e-18,2.0931740531312832,7.141620802748712,-1.734723475976807e-18,3.2283971931979467,10.91310809242458,0.28452667797659437,375.8704429052609,2.190688808351021,378.34565839158853,383.35043527794255,-1.7420919408680178,0.0,14.398747941693912,12.656656000825894,1.0,5.540305337054878e-05,0.0,4.242640687119285,0.07297427743922925,0.002662622583888802
860,52.51589499134793,0.10312323565646248,5.204170427930421e-18,0.5437521083821516,1.7758747647560371,-1.734723475976807e-18,0.45488430836431815,1.547146683251314,3.7470027081099033e-16,27.513524738930872,81.68446724323405,-6.938893903907228e-18,2.122047765499517,6.966334080830109,5.204170427930421e-18,3.2793191820910015,10.731233135377234,0.289727405596108,378.49702177988047,2.2515433595307455,381.0382925450073,386.19339816500616,-1.7540783249523966,0.0,15.741858731171087,13.98778040621869,1.0,5.495501259662932e-05,0.0,4.242640687119285,0.0731278863000524,0.0026738438773566964
863,52.8420354313559,0.11148018187744234,-1.734723475976807e-18,0.5365591978910521,1.787513074824997,1.734723475976807e-18,0.43550398210156205,1.3215764901808884,-2.393918396847994e-16,27.66528358709603,82.23975659499902,0.0,2.24309177171541,7.095084262985786,-1.3010426069826053e-17,3.5084228124005286,10.87291858843421,0.2997724207116508,382.68395797722246,2.515730348168688,385.4994607461028,391.33862936452607,-1.753663864035915,0.0,17.537239503494046,15.783575639458132,1.0,5.495501259662932e-05,0.0,4.242640687119285,0.0731278863000524,0.0026738438773566964
865,53.073236948377094,0.11698225466570386,1.734723475976807e-18,0.5408653801237747,1.7938078144217648,-8.673617379884035e-18,0.4123629086140845,1.3071956348866312,2.671474153004283e-16,27.771396411164183,82.62660093569559,0.0,2.3780315853617764,7.211279161991387,-6.938893903907228e-18,3.741347046830834,10.938668848284719,0.3132022370673123,385.62522931301146,2.827517110489122,388.76594866056786,395.372838756761,-1.7689228054386916,0.0,19.228144941192326,17.459222135753635,1.0,5.495501259662932e-05,0.0,4.242640687119285,0.0731278863000524,0.0026738438773566964
867,53.299917303874416,0.11132256492990457,3.469446951953614e-18,0.5533180952034517,1.7933485609615705,3.469446951953614e-18,0.39185363321591365,1.085151660965026,3.8163916471489756e-17,27.87417886135323,82.98472166388333,3.469446951953614e-18,2.5397298811753273,7.633911945364556,7.806255641895632e-18,4.001622748170692,11.700777594867901,0.33158270130753653,388.4849235973556,3.2251139346674202,392.04162023333055,399.5902400150408,-1.7819850551550942,0.0,20.401982151800475,18.61999709664538,1.0,5.495501259662932e-05,0.0,4.242640687119285,0.0731278863000524,0.0026738438773566964
869,53.51046420834573,0.10323841038199935,0.0,0.5735293650556101,1.7839028448089165,-1.734723475976807e-18,0.38824220303105755,1.3995322901661744,2.1510571102112408e-16,27.968737164895185,83.3126250348021,1.0408340855860843e-17,2.7082565099391163,8.240935981263307,1.474514954580286e-17,4.264571114307193,12.769461075127385,0.3574392658534358,391.1251292994946,3.6673266618138007,395.1498952271618,403.727594922001,-1.7948260082986212,0.0,21.460812386795613,19.665986378496992,1.0,5.495501259662932e-05,0.0,4.242640687119285,0.0731278863000524,0.0026738438773566964
872,53.797258609116,0.09210560462106039,-6.938893903907228e-18,0.6108495295352742,2.013451836388651,6.938893903907228e-18,0.3872188601702962,1.423687520792185,1.3877787807814457e-17,28.096711418352136,83.79604575288892,6.938893903907228e-18,2.953534255804211,8.984271810528057,6.071532165918825e-18,4.648259717316247,14.161758801854932,0.40227797924043646,394.7125962630795,4.361682300104468,399.47655654242436,409.6719448104276,-1.8038088679987823,0.0,22.54630430858132,20.742495440582537,1.0,5.4676023142523017e-05,0.0,4.242640687119285,0.07364387107861298,0.002711709873721684
875,54.05854028784922,0.08510005523850725,1.734723475976807e-18,0.6441164270543731,2.1673553454831067,-3.469446951953614e-18,0.3649990215904317,1.2520988412253482,-1.214306433183765e-16,28.212862615518578,84.23318696264243,1.0408340855860843e-17,3.180134834696293,9.666095436679127,6.071532165918825e-18,5.010116185652528,15.077200577376772,0.4379595175098431,397.9828084810629,5.05662878342441,403.47739678199713,415.31136689773064,-1.817473397369531,0.0,23.419781414431533,21.602308017062,1.0,5.4676023142523017e-05,0.0,4.242640687119285,0.07364387107861298,0.002711709873721684
878,54.30669013552361,0.08181129226326786,-3.469446951953614e-18,0.6696053947728035,2.23982445609769,0.0,0.3666566989222387,1.417307931694924,-3.5388358909926865e-16,28.32309997507444,84.65678330814401,6.938893903907228e-18,3.3886933935567054,10.47292902520439,-1.734723475976807e-18,5.347834971075965,15.792720633610037,0.46909410618415537,401.0989960990309,5.741621457767428,407.3097116629825,420.7731546177729,-1.833454287343889,0.0,23.865788358112127,22.032334070768236,1.0,5.4676023142523017e-05,0.0,4.242640687119285,0.07364387107861298,0.002711709873721684
881,54.548013014858604,0.0797543148161007,3.469446951953614e-18,0.691955939828754,2.289612940048438,0.0,0.36763341734672444,1.523922768478701,-1.457167719820518e-16,28.430582028965926,85.07296484552687,-3.469446951953614e-18,3.5793506196012306,11.176842829396348,-2.168404344971009e-17,5.661959361329338,16.796985446285095,0.4992105871223884,404.14899725288006,6.405875429019856,411.05408326902227,426.1155603265653,-1.8473611470225801,0.0,24.009867862700997,22.16250671567842,1.0,5.4518164338039124e-05,0.0,4.242640687119285,0.07407978449603929,0.002743907235489812
884,54.782267548688566,0.07717502668338055,0.0,0.7132878643122312,2.3468034652455483,-6.938893903907228e-18,0.3557006587474821,1.530187920872728,-3.122502256758253e-17,28.535395760217956,85.46164785184696,0.0,3.749071785637036,11.78547096267658,6.938893903907228e-18,5.9420655731252285,17.733776450311765,0.5307443861023304,407.1344055961324,7.027769626929837,414.6929196091646,431.25388792043077,-1.8592683963831884,0.0,23.82274943148758,21.96348103510439,1.0,5.4518164338039124e-05,0.0,4.242640687119285,0.07407978449603929,0.002743907235489812
887,55.00835575566915,0.07452842513483361,-1.734723475976807e-18,0.7309530288581338,2.383171142866173,-3.469446951953614e-18,0.3545131973697975,1.4702783174226022,-7.979727989493313e-17,28.636942406248075,85.80012541891088,1.734723475976807e-17,3.897234174364001,12.307538927699586,2.3418766925686896e-17,6.182732132618725,18.675385999528295,0.5622094528798017,410.03723518938466,7.5942171049153275,418.1936617471798,436.10894654049844,-1.874440123383904,0.0,23.38350523791265,21.509065114528745,1.0,5.4518164338039124e-05,0.0,4.242640687119285,0.07407978449603929,0.002743907235489812
891,55.30175042547717,0.07301788499889225,-3.469446951953614e-18,0.7439706130460045,2.3436812469399086,0.0,0.3869503295528869,1.527319128260808,5.48172618408671e-16,28.769124319552475,86.17254735071128,0.0,4.069158892373628,12.876141639599583,6.938893903907228e-18,6.463579437805845,19.82681868240888,0.5936808709041217,413.8312570569329,8.279027045691688,422.7039649735287,442.2630139894036,-1.8907815038464642,0.0,22.90601588148238,21.015234377635913,1.0,5.4414335818218195e-05,0.0,4.242640687119285,0.07423060970686442,0.0027550917087264164
894,55.52194086211542,0.07372644452840516,3.469446951953614e-18,0.7486665055570624,2.3113648589715403,-8.673617379884035e-18,0.41207884654404764,1.684968042673215,-1.3183898417423734e-16,28.868596794830232,86.41430333745018,1.0408340855860843e-17,4.186117232154263,13.208119850402475,5.204170427930421e-18,6.663225098528577,20.50051589351126,0.606296490418951,416.69794045124115,8.761788740669434,426.06602568232955,446.8154279756875,-1.9051560183078025,0.0,22.62165805805358,20.716502039745777,1.0,5.4414335818218195e-05,0.0,4.242640687119285,0.07423060970686442,0.0027550917087264164
898,55.82153364087731,0.07559454611101563,-1.734723475976807e-18,0.7586678751730502,2.2902922627196283,-5.204170427930421e-18,0.41136373601306764,1.7331722888058985,5.412337245047638e-16,29.00413629387501,86.70177893129384,3.469446951953614e-18,4.330969505515347,13.529070636409328,1.474514954580286e-17,6.915381736843097,21.690073439361274,0.6175208575930703,420.6199610768388,9.378648428851925,430.61613036328384,452.90685502502674,-1.9224411768105498,0.0,22.29868348470435,20.376242307893797,1.0,5.4414335818218195e-05,0.0,4.242640687119285,0.07423060970686442,0.0027550917087264164
901,56.048178390968445,0.07474407743683835,-3.469446951953614e-18,0.7708245114783115,2.332962382954697,1.734723475976807e-18,0.38300963666665794,1.4951711831737666,6.245004513516506e-17,29.10648927305456,86.86581580202737,-1.3877787807814457e-17,4.429997456831647,13.740743906080692,1.8214596497756474e-17,7.079630670058845,23.05113107683844,0.6259894922561776,423.59385890121996,9.81243873376743,434.03228712724353,457.37744187560924,-1.9387052075199858,0.0,21.713496814646298,19.77479160712631,1.0,5.432020791381697e-05,0.0,4.242640687119285,0.0741540798748166,0.00274941378104034
904,56.26658218520297,0.07192344731189966,0.0,0.7834136636942519,2.3915876476257836,-1.734723475976807e-18,0.35450454466374215,1.1550678514584636,1.7694179454963432e-16,29.20467173806168,86.95981589958085,-1.0408340855860843e-17,4.517917785175868,14.461234609921908,-1.3877787807814457e-17,7.216183069760856,23.996687589243884,0.6342539378327339,426.4564256639694,10.20579055680421,437.2964701586064,461.5620512014124,-1.9509193708946184,0.0,21.166710406449084,19.215791035554467,1.0,5.432020791381697e-05,0.0,4.242640687119285,0.0741540798748166,0.00274941378104034
908,56.54643769090569,0.06881430553506904,-5.204170427930421e-18,0.798690261753182,2.542069719167706,0.0,0.3629730803801451,1.2259056060693228,5.585809592645319e-16,29.32979205309458,87.00099877246885,1.0408340855860843e-17,4.623128333615818,15.308664744048547,-2.6020852139652106e-17,7.381681510051652,24.96226459029074,0.6475491980232898,430.1183509388849,10.686657794540682,441.45255793144884,466.85130564326596,-1.9668133860866086,0.0,20.92538192070189,18.95856853461528,1.0,5.432020791381697e-05,0.0,4.242640687119285,0.0741540798748166,0.00274941378104034
912,56.81421599301259,0.06585696882665672,-5.204170427930421e-18,0.8166216322560039,2.6599782702808095,6.938893903907228e-18,0.3422311414811669,1.167225659584293,-1.0408340855860843e-16,29.44908046038719,87.00621909594504,0.0,4.717448211832433,16.05495285712085,2.3418766925686896e-17,7.553012509058813,26.001525036739,0.6552765793590946,433.6241699811793,11.127158815660506,445.4066053761989,471.9367236415991,-1.981203669989565,0.0,21.027963366228853,19.046759696239288,1.0,5.4176276134831524e-05,0.0,4.242640687119285,0.07368537848333113,0.0027147675011158796
915,57.00795246292675,0.06398988755410022,0.0,0.8327896649481318,2.720693951115514,-1.734723475976807e-18,0.31559369276284266,1.2644699680809015,-6.938893903907228e-17,29.53518270943076,87.04387246246648,1.0408340855860843e-17,4.778854887505133,16.53408689209014,2.0816681711721685e-17,7.671372091870248,26.783547742413848,0.6611754694362465,436.1635088397288,11.418727017915845,448.24341132708093,475.55162478341674,-1.9922222562726553,0.0,20.706670061539462,18.714447805266808,1.0,5.4176276134831524e-05,0.0,4.242640687119285,0.07368537848333113,0.0027147675011158796
919,57.25939286900588,0.06230305248024381,5.204170427930421e-18,0.8535323510165864,2.7639771177711774,3.469446951953614e-18,0.3271657840445064,1.2370279092489056,5.759281940243e-16,29.6466192831314,87.1836926993453,-6.938893903907228e-18,4.8433097462869785,17.02692120827387,6.938893903907228e-18,7.78284050200803,27.559467532022005,0.6723405092639657,439.4610174594692,11.728824649239217,451.8621826179724,479.9456109627297,-2.0045845931254007,0.0,19.541071699347363,17.536487106221962,1.0,5.4176276134831524e-05,0.0,4.242640687119285,0.07368537848333113,0.0027147675011158796
923,57.506333362424755,0.06148541041766674,-5.204170427930421e-18,0.8690188396771726,2.800042760942142,1.734723475976807e-18,0.35236698971639496,1.148947848257448,-6.626643678231403e-16,29.755955446227453,87.40136211914046,2.7755575615628914e-17,4.884910259706753,17.32886608046085,-2.42861286636753e-17,7.8345157563511325,27.888421742506857,0.6772216962381253,442.70844225893666,11.931174122694145,455.3168380778689,483.8205142274218,-2.011500721134596,0.0,17.77041023055851,15.758909509423916,1.0,5.3964537939358864e-05,0.0,4.242640687119285,0.07302759139753831,0.002666514552662906
927,57.75143978998148,0.06119077026449927,0.0,0.8782074825012318,2.8167215285889435,3.469446951953614e-18,0.3751727101046655,1.318414861420396,-3.0184188481996443e-16,29.86486203608524,87.64244736155132,-1.734723475976807e-17,4.90375202891472,17.443255632545977,-1.0408340855860843e-17,7.847904947688864,27.861334895427284,0.6777135838611481,445.9549922172025,12.023391980542616,458.65609778160626,487.30868502049793,-2.0210678867587903,0.0,16.319817062915334,14.298749176156544,1.0,5.3964537939358864e-05,0.0,4.242640687119285,0.07302759139753831,0.002666514552662906
932,58.056923162985676,0.0610511760543224,-5.204170427930421e-18,0.8831277980631039,2.8184193942383278,0.0,0.3326124453298259,1.1903677037678577,-4.371503159461554e-16,30.001801248025558,88.060724276998,0.0,4.894459947169427,17.353742033572303,-1.734723475976807e-17,7.843348493076276,27.604283578704564,0.6662623842763122,450.0540390630139,11.97786908722287,462.69817053451305,491.2859308293732,-2.02811974386532,0.0,15.108821995384547,13.080702251519227,1.0,5.3662641022581386e-05,0.0,4.242640687119285,0.07212862036095317,0.0026012689375872547
936,58.30129241967633,0.0611676131546639,0.0,0.8814272510926009,2.794198108671221,-1.734723475976807e-18,0.30281467754827784,1.0770179661456776,5.134781488891349e-16,30.112466168732283,88.49108556775204,-3.122502256758253e-17,4.854967809420476,17.117954368859788,-2.0816681711721685e-17,7.799180993971219,27.330747639873138,0.6535062838966502,453.38030938152315,11.785356215254524,465.81917188067433,494.0278786236438,-2.03155425397553,0.0,13.310641884086525,11.279087630110995,1.0,5.3662641022581386e-05,0.0,4.242640687119285,0.07212862036095317,0.0026012689375872547
940,58.54759689900113,0.061929514195712486,6.938893903907228e-18,0.8720961000665212,2.728109640737813,3.469446951953614e-18,0.3391759704287145,1.2213493233785002,-5.204170427930421e-16,30.224988733065565,88.92343232420964,-6.938893903907228e-18,4.780269916409361,16.733854406061226,1.734723475976807e-17,7.680648670021472,26.903060085194042,0.6404075702968939,456.77497195697015,11.425490236864178,468.8408697641312,496.19429827891713,-2.039662396154344,0.0,10.897496217399409,8.857833821245066,1.0,5.327330437292291e-05,0.0,4.242640687119285,0.07112811005135428,0.0025296040197387826
944,58.79927684236622,0.06363178483303195,3.469446951953614e-18,0.8538947854930841,2.611831237101822,6.938893903907228e-18,0.3487408145593445,1.089562671568297,-1.8735013540549517e-16,30.34116481324778,89.35509628499688,0.0,4.667512274430744,16.18045392551141,-3.469446951953614e-18,7.484898751473001,26.124753607899642,0.6118762888364959,460.29314111233236,10.89283541598083,471.79785281714965,497.8170897494772,-2.0322092827133096,0.0,8.543117566941016,6.510908284227706,1.0,5.327330437292291e-05,0.0,4.242640687119285,0.07112811005135428,0.0025296040197387826
948,59.059777518369515,0.06608714640132404,0.0,0.8277418025115678,2.4528689481956034,-5.204170427930421e-18,0.3569891559890179,1.2714244718221441,4.85722573273506e-17,30.46245248592174,89.7806411351477,-2.0816681711721685e-17,4.517620112143666,15.45101109124695,3.9898639947466563e-17,7.232622322423056,24.927072471418086,0.5746606162952539,463.98050572851986,10.204445738822477,474.7596120836376,499.0879807503394,-2.0390335629650127,0.0,6.976564311236284,4.937530748271271,1.0,5.327330437292291e-05,0.0,4.242640687119285,0.07112811005135428,0.0025296040197387826
951,59.262179409937346,0.06817410471362323,-6.938893903907228e-18,0.804836232902625,2.313774230781013,-6.938893903907228e-18,0.3627553839884413,1.3486241475787448,2.6020852139652106e-16,30.557157835315596,90.07890409073048,2.7755575615628914e-17,4.38240626843143,14.80797232001651,-2.42861286636753e-17,7.020976056231144,23.868878500275116,0.5445800966401086,466.8699474861945,9.602742350793545,477.0172699336282,499.9294205756078,-2.038390431309182,0.0,6.2475662832982914,4.20917585198911,1.0,5.278373842758444e-05,0.0,4.242640687119285,0.06992676722156609,0.002444876387029545
955,59.54255685676603,0.07132717445311215,0.0,0.7715756812395845,2.1379193086571564,-3.469446951953614e-18,0.37110320488092197,1.2609800119473629,3.0531133177191805e-16,30.688514166497644,90.47814356515978,6.938893903907228e-18,4.172904624437757,13.858408467304594,-4.5102810375396984e-17,6.7055529824942,22.433816055360953,0.5058963086528696,470.8924508736633,8.706566502327004,480.1049136846432,500.95187920325,-2.031563962101537,0.0,5.724935769046993,3.6933718069454557,1.0,5.278373842758444e-05,0.0,4.242640687119285,0.06992676722156609,0.002444876387029545
958,59.76238525566213,0.07433442281594926,1.734723475976807e-18,0.7443714284037144,2.075354286982431,0.0,0.39516158616916003,1.3798159351170396,3.9898639947466563e-16,30.79123600119844,90.82969603119327,-1.3877787807814457e-17,3.993782355005667,13.079540808846966,-1.734723475976807e-17,6.426441497639095,21.313552166316448,0.4806977234486874,474.05010724074936,7.975148749577303,482.5059537137754,501.6318730504487,-2.0373138919640827,0.0,5.176136945377331,3.138823053413248,1.0,5.278373842758444e-05,0.0,4.242640687119285,0.06992676722156609,0.002444876387029545
962,60.07261819797785,0.07970160715193828,3.469446951953614e-18,0.7034269311207232,1.952034405592153,3.469446951953614e-18,0.39355174216772504,1.2947550331753814,1.2836953722228372e-16,30.93547667605291,91.46868765228771,-3.469446951953614e-18,3.7272472110534025,11.927509312000115,9.540979117872439e-18,5.984067284112366,19.56292939318309,0.4363976267233496,478.50185858730686,6.946185886152682,485.8844421001829,502.4990745267472,-2.031940163795187,0.0,4.872452928937574,2.840512765142387,1.0,5.2200427786008767e-05,0.0,4.242640687119285,0.06863584567104997,0.0023554396554900945
965,60.321740645181094,0.08481087836839447,-1.734723475976807e-18,0.6697581117109189,1.8299402045863822,1.734723475976807e-18,0.392274508029245,1.3840442575915457,-2.0816681711721685e-16,31.05024217345409,91.98443060738506,-3.469446951953614e-18,3.5121912159509705,10.973953454579803,-1.3877787807814457e-17,5.61179867150253,18.014994474960837,0.4011518226942259,482.0587695150734,6.167743568701578,488.62766490646914,503.2983252441297,-2.0274476272509787,0.0,5.279012534409615,3.2515649071586363,1.0,5.2200427786008767e-05,0.0,4.242640687119285,0.06863584567104997,0.0023554396554900945
968,60.5880351213351,0.09085368083449129,1.734723475976807e-18,0.6399421872038693,1.7625855761724625,-3.469446951953614e-18,0.4030586643537782,1.3640981425577847,1.061650767297806e-15,31.17145222113152,92.52690181720735,0.0,3.2943365004769714,9.962109431336597,-1.734723475976807e-18,5.247379088802671,16.334356556251382,0.3771420954330043,485.8297167871425,5.426326489187428,491.6331853717629,504.49395843238335,-2.0337895898289067,0.0,6.556592012443704,4.522802422614797,1.0,5.2200427786008767e-05,0.0,4.242640687119285,0.06863584567104997,0.0023554396554900945
970,60.776700515937975,0.0955472228522249,6.938893903907228e-18,0.6256819068506617,1.7340772324431852,5.204170427930421e-18,0.40164954706524897,1.354894528476835,7.4593109467002705e-16,31.256439686579355,92.87334701737501,1.0408340855860843e-17,3.1519116173699824,9.26875810889679,-2.2551405187698492e-17,5.0265290732900585,15.179580833051908,0.36864571602938434,488.4825109403864,4.967273421855928,493.8184300782717,505.60752202177775,-2.039647613374309,0.0,7.960347749444834,5.920700136070525,1.0,5.1519922723826064e-05,0.0,4.242640687119285,0.0671987243960523,0.002257834280228298
973,61.06375726323452,0.09466432388638768,6.938893903907228e-18,0.610798120063124,1.748714946434825,1.734723475976807e-18,0.39688623063829237,1.2872896814596158,6.938893903907228e-17,31.384831401016548,93.33061448028144,0.0,2.952023208657595,8.948276533046162,0.0,4.713194592037296,14.42498120061676,0.3645992028245457,492.50382103511714,4.35722051222654,497.2256407501682,507.5806961432454,-2.0194076999719885,0.0,8.909076170695727,6.889668470723738,1.0,5.1519922723826064e-05,0.0,4.242640687119285,0.0671987243960523,0.002257834280228298
975,61.25101226193335,0.09337764961513575,0.0,0.5994779784439321,1.8066983786630502,-1.734723475976807e-18,0.39372202714166554,1.3443126338981828,-5.828670879282072e-16,31.467993078759733,93.58758372125463,3.469446951953614e-18,2.828896801716369,8.783727971204591,-1.6479873021779667e-17,4.494090104077969,14.061533232599862,0.35960891495990477,495.11729420243523,4.0013285573805515,499.47823167477566,508.9327086153205,-2.025956671055574,0.0,9.271837047539723,7.245880376484148,1.0,5.1519922723826064e-05,0.0,4.242640687119285,0.0671987243960523,0.002257834280228298
978,61.53125984748658,0.09371729958806295,6.938893903907228e-18,0.577731453330376,1.8324186931321145,3.469446951953614e-18,0.38319621159139483,1.2944827489852628,-1.457167719820518e-16,31.591867151744452,93.92573770697949,1.0408340855860843e-17,2.654017269210047,8.453676112396844,-5.204170427930421e-18,4.151706133338408,13.337114138031058,0.34343787976470186,499.02303506673513,3.5219038326325767,502.8883767791324,511.06417984251686,-2.0326284465963615,0.0,9.666913401432707,7.634284954836345,1.0,5.1519922723826064e-05,0.0,4.242640687119285,0.0671987243960523,0.002257834280228298
981,61.81597047089226,0.09552655133485187,0.0,0.5621380644866292,1.8344566954443984,1.734723475976807e-18,0.3834893681105569,1.495763385643608,-1.3877787807814457e-16,31.717475772039894,94.22047298921333,1.0408340855860843e-17,2.491569347507336,8.139528046604763,6.938893903907228e-18,3.8536097655438057,12.442170833675547,0.3343419586370945,502.9991346749688,3.1039589067190656,506.43743554032494,513.5509776678196,-2.0312546647932312,0.0,10.780333354867144,8.749078690073913,1.0,5.078486850225174e-05,0.0,4.242640687119285,0.06591012151460296,0.0021720720590348644
983,62.00859666290908,0.09655127822515358,0.0,0.5597197102892263,1.8402805437025052,-1.734723475976807e-18,0.3745694845903971,1.4795373386438897,-2.5673907444456745e-16,31.802581689899387,94.48917305488919,-3.469446951953614e-18,2.3887969993364586,7.86698979229816,1.3877787807814457e-17,3.6969997478344823,11.947533853193814,0.3345180280216068,505.702101071362,2.853175552019435,508.889794651403,515.4332781300043,-2.019301452084406,0.0,11.791824700675164,9.772523248590758,1.0,5.078486850225174e-05,0.0,4.242640687119285,0.06591012151460296,0.0021720720590348644
986,62.30146576840643,0.09830438751730947,8.673617379884035e-18,0.5583448839338326,1.810475765792924,-1.734723475976807e-18,0.3623278820904325,1.4689031833507582,-3.434752482434078e-16,31.932151536919203,94.89920918587221,-1.0408340855860843e-17,2.2310266603953774,7.444330468487136,-1.214306433183765e-17,3.4596706561204473,11.254832947935576,0.33444280068352306,509.83115088838576,2.488739979697476,512.6543336687668,518.374790331646,-2.027154541927671,0.0,12.074883752060677,10.047729210133006,1.0,5.078486850225174e-05,0.0,4.242640687119285,0.06591012151460296,0.0021720720590348644
988,62.50173339049598,0.10088514771531258,-1.734723475976807e-18,0.5499421030323209,1.735246883587698,-1.734723475976807e-18,0.38499251223300857,1.6679718117680655,1.3877787807814457e-16,32.02097040722148,95.15971603179317,1.0408340855860843e-17,2.1155635446865113,7.067570891143595,-1.214306433183765e-17,3.2508890710054392,10.628476090632216,0.32928113655284497,512.671272910077,2.2378045558032786,515.2383586024331,520.3295986912717,-2.0354316384107793,0.0,11.8144887424839,9.77905710407312,1.0,5.078486850225174e-05,0.0,4.242640687119285,0.06591012151460296,0.0021720720590348644
991,62.81822477544047,0.10827287195879866,8.673617379884035e-18,0.5262609670470173,1.6748801306967134,0.0,0.37555269574094824,1.465541210842357,1.249000902703301e-16,32.1619740148584,95.61991059531606,-6.938893903907228e-18,1.9250695345596986,6.355188518523508,-1.3877787807814457e-17,2.880342370236183,9.411947783653925,0.30056006755783177,517.1962862662136,1.8529463564449475,519.3497926902164,523.4427595325013,-2.0344263691139752,0.0,11.89220395222688,9.857777583112906,1.0,5.0050721415022206e-05,0.0,4.242640687119285,0.06490761356875738,0.002106499149595568
993,63.04485752833097,0.11507925682362316,3.469446951953614e-18,0.5131886426398979,1.6382142177158499,-1.734723475976807e-18,0.34606529721319323,1.0912044263753335,6.938893903907228e-17,32.263423663280314,95.9196857734023,3.469446951953614e-18,1.7949116802853788,6.0034313746317745,6.071532165918825e-18,2.653450827703355,8.572604204823035,0.28003292928251955,520.4642532381581,1.6108539700124407,522.355140137453,525.8670104571263,-2.025025612344403,0.0,12.730510252729376,10.705484640384974,1.0,5.0050721415022206e-05,0.0,4.242640687119285,0.06490761356875738,0.002106499149595568
995,63.28172207093293,0.11909137034620966,-1.734723475976807e-18,0.507285199634706,1.6191855927515864,5.204170427930421e-18,0.33931341025666617,1.0663019667216402,5.793976409762536e-16,32.36943672353557,96.1851878737966,-6.938893903907228e-18,1.6753911722448451,5.64342564899186,-8.673617379884035e-18,2.4827304805305377,7.976613270629958,0.26848667441887025,523.8902168994865,1.4034677900179782,525.5621713639234,528.6299058264593,-2.034123574531097,0.0,13.696395408019448,11.66227183348835,1.0,5.0050721415022206e-05,0.0,4.242640687119285,0.06490761356875738,0.002106499149595568
997,63.524238935609475,0.12207166425174869,5.204170427930421e-18,0.5037356688381467,1.5917979701140395,1.734723475976807e-18,0.35181070968369577,1.030386973650022,4.3021142204224816e-16,32.47759210590151,96.40066438925736,-1.0408340855860843e-17,1.577407947983028,5.260157269550253,-5.204170427930421e-18,2.3540081521711738,7.677550348363692,0.2599604033187891,527.3969944986579,1.2441079171800138,528.9010628191568,531.6413364190687,-2.0440279153979186,0.0,14.463532850900144,12.419504935502225,1.0,5.0050721415022206e-05,0.0,4.242640687119285,0.06490761356875738,0.002106499149595568
999,63.77577040553618,0.12727161476314433,-1.734723475976807e-18,0.4975740929759962,1.5308655946248662,-1.734723475976807e-18,0.3952952504062955,1.1809832201513326,-1.8041124150158794e-16,32.58920300884903,96.58278041886285,-6.938893903907228e-18,1.5115200367270056,4.801480463688242,-1.734723475976807e-18,2.238495812000903,7.047641887960275,0.2544989304600729,531.0280763759872,1.1423464107136043,532.4249217171608,534.9202012729679,-2.05470593774486,0.0,15.107943425240308,13.053237487495448,1.0,5.0050721415022206e-05,0.0,4.242640687119285,0.06490761356875738,0.002106499149595568
1001,64.04314588206393,0.13611509554556553,0.0,0.4942024817294935,1.4569908151643078,3.469446951953614e-18,0.395254931610468,1.2834522827841415,0.0,32.707365443010836,96.75811138412224,-3.469446951953614e-18,1.498454347266803,4.424823362739772,1.9949319973733282e-17,2.198481239803005,6.31310695348413,0.2434418213397337,534.8858771113295,1.1226827154213903,536.2520016480906,538.6796806991888,-2.051222510787098,0.0,16.12888369278345,14.077661181996351,1.0,4.9332393822010133e-05,0.0,4.242640687119285,0.0640030757893679,0.0020481968552497854
1003,64.29986365584351,0.12588815643223528,-1.734723475976807e-18,0.5018707609642723,1.4653695520314074,-3.469446951953614e-18,0.3766400617345467,1.2605907292842415,6.071532165918825e-16,32.82026294933637,96.91559838606685,3.469446951953614e-18,1.5492675138616687,4.766830508317798,7.806255641895632e-18,2.2918608621711205,6.879387252656771,0.23887152752734203,538.5848300317908,1.200114914753558,540.0238164740717,542.6421404659442,-2.048642347942877,0.0,17.485677614569376,15.437035266626498,1.0,4.9332393822010133e-05,0.0,4.242640687119285,0.0640030757893679,0.0020481968552497854
1005,64.53715901915284,0.1162632136705636,-3.469446951953614e-18,0.5181426157406647,1.459951457527541,-6.938893903907228e-18,0.3829519122876539,1.2289746615741783,-1.97758476261356e-16,32.92392027888008,97.04278656829973,1.0408340855860843e-17,1.6411497620833582,5.14925474958894,1.9949319973733282e-17,2.4630540593554744,7.7855080030218575,0.24832730852435064,541.9922632650255,1.3466862707931315,543.587276844343,546.5719546459491,-2.0601266267872473,0.0,18.619440408655873,16.559313781868624,1.0,4.9332393822010133e-05,0.0,4.242640687119285,0.0640030757893679,0.0020481968552497854
1007,64.75652547554137,0.10762984010433961,3.469446951953614e-18,0.5376247008481794,1.5108598271380989,3.469446951953614e-18,0.37164383290465597,1.285488229421591,-1.1796119636642288e-16,33.01925962587221,97.13983641604734,0.0,1.7483395494669722,5.521112048377801,2.2551405187698492e-17,2.6538704668921262,8.683660472405727,0.258830897682661,545.1357531203773,1.5283455901151872,546.9229296081752,550.3528928811517,-2.0707925281572095,0.0,19.3084150329668,17.23762250480959,1.0,4.9332393822010133e-05,0.0,4.242640687119285,0.0640030757893679,0.0020481968552497854
1010,65.06022796571514,0.09858693077093524,-5.204170427930421e-18,0.5675314387365142,1.7067792493375833,5.204170427930421e-18,0.3626275520163946,1.1920159873801355,-4.2327252813834093e-16,33.1510747148001,97.25391770435843,-1.3877787807814457e-17,1.9060240684370044,5.991983006643645,3.642919299551295e-17,2.910423786802062,9.520680126340617,0.27596886913893803,549.4968773731293,1.816463874730575,551.589310116999,555.6928269788008,-2.082872217090981,0.0,19.672409352744154,17.589537135653174,1.0,4.865263000844161e-05,0.0,4.242640687119285,0.06326800097187261,0.0020014199734884374
1012,65.25170896872181,0.09491003976519423,-3.469446951953614e-18,0.5879645812618713,1.8144066596931148,1.734723475976807e-18,0.3434722489769284,0.9979654007748617,3.226585665316861e-16,33.234562842927254,97.46519145458183,6.938893903907228e-18,1.99988426049428,6.254181730182063,4.683753385137379e-17,3.0593978931840895,9.796317110214174,0.28485458655609686,552.2680836802404,1.9997685276863757,554.5527067944828,559.0796524987504,-2.065231446914582,0.0,19.759159770162498,17.693928323247917,1.0,4.865263000844161e-05,0.0,4.242640687119285,0.06326800097187261,0.0020014199734884374
1015,65.5286295634125,0.0911439407718962,-5.204170427930421e-18,0.6177065148156828,1.947907624326071,1.734723475976807e-18,0.2918723146602982,0.8344917613509293,-3.122502256758253e-17,33.3558852694457,97.90004897793443,-3.469446951953614e-18,2.114989589253382,6.610711355363437,-1.5612511283791264e-17,3.2432666551536244,10.159558853401773,0.29546594349435995,556.3075410542122,2.2365904813250945,558.8395974790316,563.9162581813932,-2.0754026791220648,0.0,19.546983370839992,17.47158069171793,1.0,4.865263000844161e-05,0.0,4.242640687119285,0.06326800097187261,0.0020014199734884374
1018,65.79596777705011,0.08816150458740893,-3.469446951953614e-18,0.6421516867505874,2.0560332459692607,3.469446951953614e-18,0.27847023418347033,0.7363851813624347,1.2836953722228372e-16,33.4739060294156,98.30430600667125,3.469446951953614e-18,2.192674433640576,6.937330355912073,1.214306433183765e-17,3.3621168668814585,10.668754213576834,0.30910647252952933,560.2511924330729,2.40391058597051,562.9642094915729,568.420154130717,-2.0868118933919084,0.0,18.942624291245288,16.85581239785338,1.0,4.865263000844161e-05,0.0,4.242640687119285,0.06326800097187261,0.0020014199734884374
1021,66.05592125591363,0.08602488416419794,0.0,0.6583058923968362,2.148258939905247,6.938893903907228e-18,0.2641155042346704,0.7556288192945637,-3.5735303605122226e-16,33.58984510134421,98.6720463496215,1.734723475976807e-17,2.2315329677781377,7.200755338236435,-2.6020852139652106e-17,3.4240071463999917,11.152670030890436,0.31458103259373127,564.1388469661488,2.4898696931403506,566.9432976918829,572.5986001184448,-2.0886095266331792,0.0,18.171522931373293,16.082913404740115,1.0,4.8034170272493867e-05,0.0,4.242640687119285,0.06273464453956036,0.0019678178127524957
1024,66.31213151087624,0.08525911989342679,3.469446951953614e-18,0.6657403091717149,2.2067011019755705,0.0,0.27977766484700095,0.951630492845738,3.226585665316861e-16,33.70539165184371,99.00253827015136,-6.938893903907228e-18,2.2336174147214374,7.358476120557249,-3.9898639947466563e-17,3.4305348180689563,11.340112103465186,0.31531193404562396,568.0267132020879,2.4945233776734383,570.836548513807,576.5085855587357,-2.080809161606338,0.0,17.35047670824507,15.26966754663873,1.0,4.8034170272493867e-05,0.0,4.242640687119285,0.06273464453956036,0.0019678178127524957
1027,66.56887296576993,0.08587332956368211,0.0,0.6655524493627931,2.2247353291861858,-1.734723475976807e-18,0.3236328676934212,0.9219134548931999,-5.967448757360216e-16,33.822109305411836,99.35354930520408,0.0,2.2019385913002485,7.401090116668307,0.0,3.3800184522627448,11.206242592203342,0.3150137739013271,571.9675389336131,2.4242667799286606,574.7068194874431,580.2157079465337,-2.0906270680284376,0.0,16.539958696787618,14.44933162875918,1.0,4.8034170272493867e-05,0.0,4.242640687119285,0.06273464453956036,0.0019678178127524957
1030,66.8293469897137,0.0873617949022176,-3.469446951953614e-18,0.6584616275407873,2.2164954000115786,-3.469446951953614e-18,0.3608605137803842,1.1940414288104206,1.1449174941446927e-16,33.94121590152924,99.67340731356215,-3.469446951953614e-18,2.1423453019240344,7.358990039300829,-1.734723475976807e-17,3.2816758296323294,11.014581519509345,0.31330553353318924,576.0030684371106,2.2948216963379906,578.6111956669818,583.8137543510338,-2.1004807884235324,0.0,15.925628710052468,13.825147921628936,1.0,4.7478823822377925e-05,0.0,4.242640687119285,0.06229882400786788,0.0019405717363816478
1032,67.0058652335298,0.08856801129615006,6.938893903907228e-18,0.6502701226194322,2.202802183032834,3.469446951953614e-18,0.37803372291660037,1.2836842468276641,-2.393918396847994e-16,34.0223464160124,99.88298254965434,-6.938893903907228e-18,2.0923647170858586,7.302086095497786,8.673617379884035e-18,3.200057251183512,10.987366100657233,0.3124618711371602,578.7600278255758,2.188995054652892,581.2614847513659,586.2153787369488,-2.084481742512211,0.0,15.700933134230315,13.616451391718105,1.0,4.7478823822377925e-05,0.0,4.242640687119285,0.06229882400786788,0.0019405717363816478
1035,67.27580274771753,0.09076851246054626,6.938893903907228e-18,0.6323014909533237,2.168607986396182,1.734723475976807e-18,0.37420502228461067,1.3254507569987455,2.5326962749261384e-16,34.146608557921496,100.2074085924018,3.469446951953614e-18,2.0126979278665234,7.172117684527313,2.42861286636753e-17,3.073942335731511,11.032481739622751,0.3068185104167655,582.9954380039586,2.025476474419097,585.3277329887944,589.9044722637324,-2.093091355739577,0.0,15.768045679551495,13.674954323811917,1.0,4.7478823822377925e-05,0.0,4.242640687119285,0.06229882400786788,0.0019405717363816478
1038,67.55489511091638,0.09440292712405773,5.204170427930421e-18,0.6073141685312236,2.1046927443901557,-1.0408340855860843e-17,0.36123416666989167,1.3179079929808246,1.8735013540549517e-16,34.27479779818083,100.54304157780459,-1.0408340855860843e-17,1.941407181081248,6.951897983557088,1.734723475976807e-17,2.949901766350708,10.805186609512907,0.29730967064641134,587.3808820530904,1.8845309213769186,589.5627226451138,593.7967720828929,-2.1039028517516662,0.0,16.05946337599518,13.955560524243513,1.0,4.7478823822377925e-05,0.0,4.242640687119285,0.06229882400786788,0.0019405717363816478
1041,67.85007252651037,0.10071551898207834,1.734723475976807e-18,0.5819446260662536,2.0133492546125957,-6.938893903907228e-18,0.38846306090000005,1.2909337470423439,1.2802259252708836e-15,34.409513927357516,100.88624430879759,2.42861286636753e-17,1.899914133516041,6.624398906715739,1.734723475976807e-17,2.8502656097781927,10.079258189496958,0.2980792189657596,592.0073243585055,1.804836857367004,594.1102404348383,598.1085610847019,-2.1081157029719346,0.0,16.72817445952084,14.620058756548906,1.0,4.6989483019192474e-05,0.0,4.242640687119285,0.061970470038795675,0.0019201695784146363
1043,68.05978098264835,0.10629230742414307,0.0,0.571265204727752,1.946923681986374,3.469446951953614e-18,0.40406076980343303,1.3188891983950737,-1.214306433183765e-16,34.50461254140842,101.19031295589566,-6.938893903907228e-18,1.9047414047474673,6.53957447405996,-1.214306433183765e-17,2.8446211550829457,9.798676951519075,0.30599774309236066,595.2841433163595,1.814019909479677,597.4041609689316,601.4029856477164,-2.104314298414257,0.0,17.82209496373149,15.717780665317234,1.0,4.6989483019192474e-05,0.0,4.242640687119285,0.061970470038795675,0.0019201695784146363
1045,68.28006285111805,0.11106163323365613,3.469446951953614e-18,0.5680017909998094,1.8782816318201268,3.469446951953614e-18,0.4087739907657631,1.3615222837888727,-3.0184188481996443e-16,34.6038954053704,101.52846657120229,-3.469446951953614e-18,1.9458293665078485,6.501097891450113,-2.0816681711721685e-17,2.9169696456771237,9.722096047771249,0.31929515135894093,598.7147886129076,1.893125961782167,600.9272097260487,605.1176879045572,-2.11364432899634,0.0,18.978836487102335,16.865192158105994,1.0,4.6989483019192474e-05,0.0,4.242640687119285,0.061970470038795675,0.0019201695784146363
1047,68.50590941979064,0.1135098024209359,0.0,0.5695154633107123,1.8073960151437802,5.204170427930421e-18,0.40544028071647076,1.3724681392030893,4.579669976578771e-16,34.705051222126635,101.85360085955756,-3.469446951953614e-18,2.0230383863766064,6.489908256752449,6.938893903907228e-18,3.0564252126623495,9.847755272135544,0.3349265198891407,602.2202901652167,2.0463421563766313,604.6015588414825,609.1701694696208,-2.1236375102072613,0.0,20.06823765901023,17.94460014880297,1.0,4.6989483019192474e-05,0.0,4.242640687119285,0.061970470038795675,0.0019201695784146363
1050,68.84181325358753,0.10927437186765153,6.938893903907228e-18,0.5772412779840472,1.6930048157561308,-3.469446951953614e-18,0.35452342469203973,1.2954272820402029,3.677613769070831e-16,34.85439059878745,102.3367261849464,0.0,2.185924061393807,6.570723988359983,-1.0408340855860843e-17,3.333190407825167,10.11621175190689,0.35248682241801066,607.4142720064215,2.3891320010901973,610.1558908299296,615.5447655706206,-2.1365965729634504,0.0,21.119179670172326,18.982583097208874,1.0,4.657685819390097e-05,0.0,4.242640687119285,0.06180584465996907,0.0019099812170661136
1052,69.05273529686463,0.10419754951235531,0.0,0.5878890576213371,1.8084856344654021,-3.469446951953614e-18,0.33040450955598466,1.1763226661393256,1.457167719820518e-16,34.947753279099715,102.65853747354305,-2.0816681711721685e-17,2.3065833832115157,6.962962568379401,-6.071532165918825e-18,3.528343405495786,10.340466022495296,0.36750296374090907,610.6727296284125,2.66016345185374,613.7003960440071,619.7218454363795,-2.130616393575473,0.0,21.941197573046495,19.810581179471022,1.0,4.657685819390097e-05,0.0,4.242640687119285,0.06180584465996907,0.0019099812170661136
1054,69.25369371663646,0.09927257952953371,-3.469446951953614e-18,0.6019766535827741,1.959197017740976,0.0,0.3298917672758671,1.2030691276275647,-3.469446951953614e-17,35.036487497477765,102.9844327722348,1.3877787807814457e-17,2.4281926278236226,7.301250097418368,6.071532165918825e-18,3.725267304990525,11.0153225597155,0.385157462428811,613.7777280804578,2.9480597189084943,617.110945261795,623.8059614339841,-2.1404139293447333,0.0,22.469525394182877,20.329111464838142,1.0,4.657685819390097e-05,0.0,4.242640687119285,0.06180584465996907,0.0019099812170661136
1057,69.53966112045235,0.09369869113943201,1.734723475976807e-18,0.6215577034073618,2.1387283669864905,6.938893903907228e-18,0.3416831393345175,1.1688989826678469,5.169475958410885e-16,35.162633865036206,103.43311619877602,-1.0408340855860843e-17,2.6039404873370167,7.683011575891532,2.6020852139652106e-18,4.015837777029346,11.686707751305894,0.4059456207532335,618.2054101632955,3.3902530307964693,622.0016088148451,629.7461391695241,-2.152144818971857,0.0,22.931767542881616,20.77962272390976,1.0,4.657685819390097e-05,0.0,4.242640687119285,0.06180584465996907,0.0019099812170661136
1060,69.81571750620773,0.09154033028102448,-5.204170427930421e-18,0.6326115644621653,2.2352447831469147,6.938893903907228e-18,0.3672156503972501,1.2279209604284347,2.498001805406602e-16,35.2845646092174,103.9063242316612,-1.3877787807814457e-17,2.769790150663026,8.065358286907632,-1.734723475976807e-18,4.2957095640471685,12.366553397857714,0.4185456735059543,622.5002498310184,3.835868739354954,626.7546642438793,635.5728755610688,-2.165913717724098,0.0,23.284231565682916,21.118317847958817,1.0,4.62505449655097e-05,0.0,4.242640687119285,0.06181370479952539,0.0019104670505214342
1063,70.09021921907465,0.09159047491753418,0.0,0.6383080025868125,2.2759341246057283,3.469446951953614e-18,0.3579390003625076,1.2858856956632199,3.2612801348363973e-16,35.406306262438285,104.3916794445369,3.469446951953614e-18,2.9281851284056173,8.65103886099357,1.0408340855860843e-17,4.575659025188236,13.505158209024101,0.42090052640473175,626.8032615747884,4.287134073107911,631.511296174301,641.4513272364012,-2.1644991199153316,0.0,23.590451451215397,21.425952331300067,1.0,4.62505449655097e-05,0.0,4.242640687119285,0.06181370479952539,0.0019104670505214342
1065,70.27354123525646,0.09165341722251237,0.0,0.6417154641807689,2.2908702531439546,6.938893903907228e-18,0.3489818674675955,1.2170480604252787,1.1796119636642288e-16,35.487790237802756,104.70455027004809,6.938893903907228e-18,3.0298681140123787,9.057156427491668,-6.071532165918825e-18,4.7567571577929835,14.245631522071864,0.4235024551708878,629.6916279811442,4.5900503941544635,634.7051808304695,645.4044506623419,-2.176275566850001,0.0,23.752194304105817,21.575918737255815,1.0,4.62505449655097e-05,0.0,4.242640687119285,0.06181370479952539,0.0019104670505214342
1068,70.54747024419498,0.0910880760895809,0.0,0.6455059296468504,2.287912928362771,-3.469446951953614e-18,0.3582421459649257,1.1981574114802163,6.002143226879753e-16,35.60953044312559,105.12874324390356,-2.0816681711721685e-17,3.1766565456780715,9.622063662657748,6.938893903907228e-18,5.009077606433305,15.147729783305866,0.4332252565809897,634.0193291899443,5.0455734045996685,639.4981278511249,651.3182330418879,-2.1883629882536884,0.0,23.79501849691903,21.60665550866534,1.0,4.62505449655097e-05,0.0,4.242640687119285,0.06181370479952539,0.0019104670505214342
1071,70.8205707014416,0.09121281096733168,-1.734723475976807e-18,0.6451397244985728,2.2126130147311946,-3.469446951953614e-18,0.38346592391160866,1.402351562600022,-2.5673907444456745e-16,35.73059345895365,105.48677084147376,-6.938893903907228e-18,3.3221158702705136,10.12829368235914,-6.071532165918825e-18,5.255121606578848,15.770345982496185,0.44201761016822433,638.3376544645107,5.518226927751604,644.2978990024305,657.2725277671636,-2.199099200085649,0.0,24.025059209206738,21.82596000912109,1.0,4.5994986318794705e-05,0.0,4.242640687119285,0.06183954926021331,0.001912064926353174
1073,71.00194219335062,0.09055567298564304,5.204170427930421e-18,0.6439749835720912,2.113857187045547,0.0,0.41460895049423635,1.5605149802216558,-3.365363543395006e-16,35.81079862166312,105.69576031339419,-3.469446951953614e-18,3.422009842599229,10.440985559034408,-1.9081958235744878e-17,5.429363996688428,16.30654119774479,0.4479960709649927,641.2066489606545,5.855075681422999,647.5097207130426,661.3238546147704,-2.203522366531731,0.0,24.563070820945878,22.359548454414146,1.0,4.5994986318794705e-05,0.0,4.242640687119285,0.06183954926021331,0.001912064926353174
1076,71.27320324576976,0.09037954018334815,0.0,0.6474239652617044,1.9315886136538958,3.469446951953614e-18,0.43218454904846804,1.5685868428546248,-2.5673907444456745e-16,35.930385358280944,106.01292716693564,6.938893903907228e-18,3.578803951292559,10.982308820971374,1.214306433183765e-17,5.711735269379339,17.784827434668284,0.4544363429291151,645.4962959972847,6.403918860893617,652.3546512011076,667.5670284046184,-2.2162415934002864,0.0,25.250603441723037,23.03436184832275,1.0,4.5994986318794705e-05,0.0,4.242640687119285,0.06183954926021331,0.001912064926353174
1079,71.54016038962828,0.08803220389636605,-1.734723475976807e-18,0.6607795087576734,1.8592224847649728,-3.469446951953614e-18,0.405135490534586,1.2896857793534569,1.5265566588595902e-16,36.04744093214596,106.3672980957696,0.0,3.739243826950781,11.970254291234403,-6.071532165918825e-18,5.988067634927487,19.372513572510943,0.46199705500086363,649.708998878276,6.990972198694761,657.1619681319717,673.8343179107923,-2.231569102778499,0.0,25.7315523145371,23.499983211758604,1.0,4.5994986318794705e-05,0.0,4.242640687119285,0.06183954926021331,0.001912064926353174
1082,71.79257208027487,0.08236968163825337,-1.734723475976807e-18,0.6809061133320142,1.9484481908982754,0.0,0.38121764392315644,1.3078246302041099,6.938893903907228e-18,36.15733369933162,106.67489053905362,-6.938893903907228e-18,3.8935126482353404,12.848958086782254,5.204170427930421e-18,6.228582856660626,20.813519353193108,0.4780685693599518,653.6763901224111,7.579720370984285,661.7341790627554,679.7886154223571,-2.2395589882921327,0.0,25.86202369613634,23.62246470784421,1.0,4.5781025416184214e-05,0.0,4.242640687119285,0.06176847315127559,0.0019076721377199266
1085,72.03063606043975,0.07794300456438659,0.0,0.7047362460262646,2.0646880871761204,-1.734723475976807e-18,0.3596802167902701,1.220398359196941,2.6020852139652106e-16,36.260282010066604,106.93094017180202,-3.469446951953614e-18,4.041106932214381,13.610305681089695,-3.122502256758253e-17,6.455049956286851,22.129222794644335,0.4977976348593436,657.4040257247797,8.165272618795562,666.0670959784346,685.4826394805331,-2.2499913914561067,0.0,26.202976091623356,23.95298470016725,1.0,4.5781025416184214e-05,0.0,4.242640687119285,0.06176847315127559,0.0019076721377199266
1088,72.2567917598473,0.07416261445743011,-6.938893903907228e-18,0.7315582803882187,2.1686166488826895,-6.938893903907228e-18,0.3392996855306032,1.1401199531465984,7.528699885739343e-16,36.35765987975035,107.14360855646171,6.938893903907228e-18,4.182310365357486,14.252986599498552,8.673617379884035e-19,6.686750639356095,23.284478692732048,0.5200384897731559,660.939715965804,8.745859996088331,670.2056144516655,691.0238856582447,-2.263111941675882,0.0,26.796684032451346,24.533572090775465,1.0,4.5781025416184214e-05,0.0,4.242640687119285,0.06176847315127559,0.0019076721377199266
1092,72.54265569664655,0.06999028697808327,5.204170427930421e-18,0.770250542163738,2.3043718363994987,6.938893903907228e-18,0.30443311439373405,0.9208435440118234,1.7694179454963432e-16,36.4805218891176,107.36762902988062,-6.938893903907228e-18,4.35489741555631,14.926027508240434,1.214306433183765e-17,6.987627497399484,24.469861951411108,0.5505517674606996,665.4142386511941,9.482565750009512,675.4473561686642,698.1131951901253,-2.2721908034736753,0.0,27.102110961819452,24.82992015834578,1.0,4.557294186903509e-05,0.0,4.242640687119285,0.06151407837116279,0.001891990918926779
1096,72.81493906938509,0.06708212556953623,-1.734723475976807e-18,0.8067383873881443,2.412890402729113,-5.204170427930421e-18,0.27937554108925705,0.8382516280267864,-6.938893903907228e-17,36.59753486951533,107.51371689451489,0.0,4.500844072400376,15.415622958842876,8.673617379884035e-18,7.233535693983858,25.265851702091886,0.5780872716697906,669.6897792626951,10.128798682030801,680.3966652163957,704.6529543301838,-2.281812885100536,0.0,26.33594980107186,24.054136915971323,1.0,4.557294186903509e-05,0.0,4.242640687119285,0.06151407837116279,0.001891990918926779
1099,73.01320609937542,0.06564880752894385,5.204170427930421e-18,0.8298498791219349,2.4724033401158954,1.734723475976807e-18,0.2877571946884982,0.9694905690654789,-4.718447854656915e-16,36.68286461373883,107.56537849448719,-1.734723475976807e-17,4.589897484489343,15.688854395102183,3.469446951953614e-17,7.368179529475588,25.709955362165417,0.5965304187640766,672.8162781349462,10.5335794590608,683.9463880127711,709.1382862580492,-2.2937431961240846,0.0,24.959229034099206,22.665485837975123,1.0,4.557294186903509e-05,0.0,4.242640687119285,0.06151407837116279,0.001891990918926779
1103,73.27223138966491,0.06426385023407666,5.204170427930421e-18,0.8540516613114925,2.5195984951719286,0.0,0.31064676915471084,1.1335532615285415,-3.3306690738754696e-16,36.79483754043138,107.58820946646362,0.0,4.681759566184923,15.954238234506715,4.683753385137379e-17,7.497228594479956,26.22387438374134,0.6160154103394953,676.930034813369,10.959436317782021,688.5054865414905,714.6412007407023,-2.2962821343975115,0.0,23.586364591626808,21.290082457229296,1.0,4.5350044120870285e-05,0.0,4.242640687119285,0.061128195326133415,0.0018683281319149595
1107,73.52625870490144,0.06306665011960853,-3.469446951953614e-18,0.8712128178006292,2.5383586723668694,0.0,0.31977679362286543,1.0608161192988597,-2.2898349882893854e-16,36.9053917539989,107.84799233199443,2.7755575615628914e-17,4.744539825703898,16.113690691397597,-3.469446951953614e-17,7.594374276555437,26.639284153281093,0.629463877318539,681.0039702580647,11.255329078845186,692.8887632142284,719.7162128692236,-2.305034754921994,0.0,22.326480769795285,20.02144601487329,1.0,4.5350044120870285e-05,0.0,4.242640687119285,0.061128195326133415,0.0018683281319149595
1111,73.77599769974424,0.062106691276050015,5.204170427930421e-18,0.8816224511787005,2.5410689505929738,1.734723475976807e-18,0.3213708789374413,0.989037086203103,-4.510281037539698e-16,37.01489577020097,108.24030985866148,0.0,4.778047024933238,16.157757753721384,0.0,7.661963238114039,26.803294824685256,0.6394416027362491,685.0512544394209,11.414866686236678,697.1055627283938,724.3709631934275,-2.3125019759290417,0.0,20.99183376057263,18.679331784643587,1.0,4.509845893829039e-05,0.0,4.242640687119285,0.06062879214452873,0.0018379252184522342
1115,74.02330920936099,0.06176081605180391,0.0,0.8844658158117674,2.5281198161905802,0.0,0.32774401755148086,1.0477000091201534,-4.579669976578771e-16,37.12420125043315,108.60932092905671,6.938893903907228e-18,4.78011467472017,16.079538043510787,-2.0816681711721685e-17,7.678064780322197,26.59435494467001,0.6441114114548879,689.1031592413311,11.424748151737557,701.1720188045235,728.5139902243837,-2.3126847434011504,0.0,19.107204037894363,16.794519294493213,1.0,4.509845893829039e-05,0.0,4.242640687119285,0.06062879214452873,0.0018379252184522342
1119,74.27142402154139,0.06230643268109813,6.938893903907228e-18,0.879477366462453,2.516875226033906,-1.734723475976807e-18,0.33607366126086086,1.096289765039514,-5.828670879282072e-16,37.234652872608216,108.98642758511289,1.3877787807814457e-17,4.749298874075264,15.887154484556145,1.9081958235744878e-17,7.624838690229844,26.066228634461805,0.6389152970183098,693.2096872718155,11.277919897646285,705.1265224664801,732.1017469281733,-2.3218993655128646,0.0,16.8280432268382,14.506143861325336,1.0,4.509845893829039e-05,0.0,4.242640687119285,0.06062879214452873,0.0018379252184522342
1123,74.52391460930889,0.06370276266344671,0.0,0.8673551248134969,2.5871100027341045,3.469446951953614e-18,0.34698447444598085,1.0312170145243647,-3.469446951953614e-17,37.34778079115532,109.36593847393212,-2.42861286636753e-17,4.687104902025619,15.593847707304153,1.0408340855860843e-17,7.508197897331226,25.384172442821985,0.6245186421365075,697.4283650120952,10.984476181296293,709.037359835528,735.2425556465063,-2.3194357115641253,0.0,14.80641254114373,12.486976829579605,1.0,4.4809169261769725e-05,0.0,4.242640687119285,0.0600300793493654,0.001801805213345553
1127,74.78342900082481,0.06562563436928133,-5.204170427930421e-18,0.8502245102585199,2.6322900316453475,0.0,0.34604938186449874,0.9576362514292556,1.0408340855860843e-16,37.46441141835087,109.74059885807746,-3.469446951953614e-18,4.597777784010797,15.196151964708227,-3.642919299551295e-17,7.355031493499726,24.6225769840264,0.6042308633775084,701.7910614617293,10.56978027557162,712.9650726006785,738.1409047092508,-2.3242111853240877,0.0,13.537180006937326,11.212968821613238,1.0,4.4809169261769725e-05,0.0,4.242640687119285,0.0600300793493654,0.001801805213345553
1131,75.05129612775563,0.06780349142703955,1.734723475976807e-18,0.8315291739880868,2.6506700362689752,-1.734723475976807e-18,0.35223522861023404,1.021768839901969,2.5326962749261384e-16,37.584792696165835,110.09721968178822,-6.938893903907228e-18,4.485469742582591,14.66932912215939,-8.673617379884035e-18,7.18323941356347,23.6757119704029,0.5878020632179053,706.3083210068801,10.059719405811968,716.9558424759099,740.9472725693163,-2.328136006486315,0.0,12.844214140266548,10.516078133780233,1.0,4.447340545024442e-05,0.0,4.242640687119285,0.0593219778465597,0.00175954852781386
1134,75.25846713091116,0.06972820183649021,0.0,0.8174511967497199,2.6340919903266555,1.734723475976807e-18,0.36570893198338755,1.0844983547964702,6.245004513516506e-17,37.67779817208847,110.40127914732723,-1.3877787807814457e-17,4.386848648877316,14.176565414933066,6.938893903907228e-18,7.0355965209491576,22.776283468687456,0.5794066818312336,709.8082375483167,9.622220534078366,720.0098647642262,742.9969822678145,-2.3223671034096482,0.0,12.252814454965316,9.930447351555667,1.0,4.447340545024442e-05,0.0,4.242640687119285,0.0593219778465597,0.00175954852781386
1138,75.54566457518608,0.07320772076058438,1.734723475976807e-18,0.7962232058514038,2.544615894207782,-6.938893903907228e-18,0.3537803522612517,1.0280589252028514,4.0939474033052647e-16,37.80634924400187,110.83143021484108,6.938893903907228e-18,4.234493067472312,13.393242908563568,3.469446951953614e-18,6.7902943972099745,21.39297732549032,0.560669141526542,714.6600215797203,8.965465769235532,724.1861564904823,745.6008087199289,-2.329759870639449,0.0,11.433966102153873,9.104206231514423,1.0,4.447340545024442e-05,0.0,4.242640687119285,0.0593219778465597,0.00175954852781386
1141,75.77224265882629,0.07678225720595569,0.0,0.7758610988383808,2.4185112018160506,0.0,0.34054923278506877,0.994996138284592,4.85722573273506e-16,37.907380330174895,111.16897612724577,2.7755575615628914e-17,4.103676190838174,12.722251679624533,-2.0816681711721685e-17,6.560021179263982,20.3283400788877,0.5387954981363047,718.4847417482652,8.420079139626049,727.4436163860275,747.4828425511994,-2.330306598757086,0.0,10.677430645416658,8.347124046659573,1.0,4.4084446427201995e-05,0.0,4.242640687119285,0.05850684480425854,0.001711525444474797
1144,76.01124078812842,0.08119731704836909,3.469446951953614e-18,0.7527454465651267,2.349241795397712,0.0,0.33845125518755315,1.0090361703379724,9.020562075079397e-17,38.013547332077934,111.5045184541094,3.122502256758253e-17,3.9600048347634953,11.983585655752508,5.204170427930421e-18,6.304697108158536,19.262264279383736,0.5131195637848158,722.5148903840646,7.84081914567513,730.8688290935246,749.4419337581177,-2.3233780780189894,0.0,10.559032593478122,8.235654515459132,1.0,4.4084446427201995e-05,0.0,4.242640687119285,0.05850684480425854,0.001711525444474797
1147,76.25705691695075,0.08185589481324942,-1.734723475976807e-18,0.7319001192862646,2.297284537977892,0.0,0.3434121000045799,1.092140552740307,1.1796119636642288e-16,38.122256340989495,111.8067064807901,3.469446951953614e-18,3.810316797491239,11.291459812522314,-2.2551405187698492e-17,6.057947857203476,18.11658502583098,0.4912250426626763,726.6532142640567,7.259257048621944,734.4036963553414,751.5716111089243,-2.3301278564110786,0.0,11.023024227473798,8.69289637106272,1.0,4.4084446427201995e-05,0.0,4.242640687119285,0.05850684480425854,0.001711525444474797
1150,76.50202056430521,0.08155279810635377,3.469446951953614e-18,0.7145172706671667,2.23369921362076,0.0,0.35345018663693323,1.1757262786866798,-4.0939474033052647e-16,38.23021825289559,112.06352784573198,-1.0408340855860843e-17,3.6589316364918987,11.027670949628005,-1.474514954580286e-17,5.826989948652137,17.57191307085817,0.4772053656106111,730.7747938320156,6.693890360260641,737.9458895578869,753.8073091208046,-2.3368851462809883,0.0,11.485031485990346,9.148146339709358,1.0,4.3641127621945344e-05,0.0,4.242640687119285,0.05761287049047516,0.0016596214230761314
1154,76.82856289961619,0.08190753816227904,5.204170427930421e-18,0.6858922664605486,2.2726778214226426,-1.734723475976807e-18,0.3466625960521492,1.2068832206567237,9.679756995950584e-16,38.374002446488376,112.36178556383429,3.469446951953614e-18,3.445029536312153,10.522523177835016,1.0408340855860843e-17,5.486629696054785,16.98214646299761,0.45138223779952,736.2820318815479,5.934114253031563,742.667528372379,756.7294810892506,-2.32111424687118,0.0,11.293833761772085,8.972719514900906,1.0,4.3641127621945344e-05,0.0,4.242640687119285,0.05761287049047516,0.0016596214230761314
1157,77.07768286907516,0.08379218510429029,0.0,0.6543922015368543,2.234517277634143,1.734723475976807e-18,0.35340445237820584,1.2252174768992385,-4.926614671774132e-16,38.48364962738428,112.61235084863998,3.469446951953614e-18,3.267839848058573,10.05585445366644,-1.3877787807814457e-17,5.176305569993852,16.283188252494366,0.4212037825102103,740.4956443216372,5.33938863627974,746.2562367404272,758.8300430022732,-2.328853019170961,0.0,10.79119111581515,8.46233809664419,1.0,4.3641127621945344e-05,0.0,4.242640687119285,0.05761287049047516,0.0016596214230761314
1160,77.33564040374446,0.08723107965000272,-1.734723475976807e-18,0.6190282497949678,2.1432369687425235,0.0,0.3587914903564609,1.4102899630979118,-4.753142324176451e-16,38.597297657548104,112.99821119635051,-1.0408340855860843e-17,3.074211665864661,9.562733115828912,-5.204170427930421e-18,4.842539472319428,15.253237362230967,0.3852202434070343,744.8756932326843,4.725388683269186,749.9863021593605,761.043241748692,-2.335685326807523,0.0,10.940717069835658,8.605031743028135,1.0,4.31628883832029e-05,0.0,4.242640687119285,0.05677405372208783,0.0016116465880192574
1162,77.51439522496783,0.09012305615500764,-1.734723475976807e-18,0.5970214424649792,2.0641067625048217,1.734723475976807e-18,0.35640013655064123,1.406102572013324,-3.7470027081099033e-16,38.67623255529866,113.31541409207313,-6.938893903907228e-18,2.9360423173554637,9.17887454149911,-9.540979117872439e-18,4.624032352151972,14.408216602172446,0.36177104789364356,747.9254823357717,4.31017224465102,752.5974256283163,762.6806501752794,-2.316007245162531,0.0,11.490580720433416,9.174573475270885,1.0,4.31628883832029e-05,0.0,4.242640687119285,0.05677405372208783,0.0016116465880192574
1165,77.79469793918861,0.09521803900633448,5.204170427930421e-18,0.5659225433599425,1.9246858310334658,-3.469446951953614e-18,0.3703860270180514,1.3148413553496394,5.967448757360216e-16,38.799978137301196,113.88669529941164,3.469446951953614e-18,2.712065681880191,8.538794178666809,1.734723475976807e-18,4.289041501282368,13.120546203772358,0.3319423727744123,752.7191517275252,3.677650131416132,756.7287442317157,765.3732811530568,-2.3224029530938965,0.0,11.938879342006471,9.616476388912574,1.0,4.31628883832029e-05,0.0,4.242640687119285,0.05677405372208783,0.0016116465880192574
1168,78.09408586306567,0.1024567606093367,3.469446951953614e-18,0.5287823911607733,1.7469412973909155,-3.469446951953614e-18,0.3962498541104254,1.319929196908679,-8.049116928532385e-16,38.931981213015966,114.45094329113374,-6.938893903907228e-18,2.460468566767653,7.803121313483649,-2.7755575615628914e-17,3.892671858796086,12.305499525547065,0.299022396075989,757.849580585314,3.0269527840258332,761.1755557654159,768.2937899835126,-2.330747383302524,0.0,12.10426262805886,9.773515244756336,1.0,4.31628883832029e-05,0.0,4.242640687119285,0.05677405372208783,0.0016116465880192574
1170,78.30959731899581,0.10972528673122454,0.0,0.49909176383305864,1.6320815809509086,0.0,0.4006593679814098,1.3653684948029303,-2.5326962749261384e-16,39.02691690049594,114.82427126756936,-1.0408340855860843e-17,2.2754613496305374,7.32151439841993,7.806255641895632e-18,3.5816935543445605,11.582848265029709,0.27077805623173123,761.550121379108,2.5888621768312134,764.4097616121709,770.4623265426552,-2.33848695462077,0.0,12.425108526374842,10.086621571754073,1.0,4.26625865722226e-05,0.0,4.242640687119285,0.05597256106826732,0.0015664637962704573
1172,78.54347845932024,0.11956205779682796,-3.469446951953614e-18,0.4709687337780089,1.5170435563883697,3.469446951953614e-18,0.38514499001565855,1.3230231753411745,-1.5959455978986625e-16,39.12998825952344,115.20653239241373,-3.469446951953614e-18,2.0810049932929875,6.807464732369637,2.6020852139652106e-18,3.2549375556088176,10.644709525391407,0.2408810056351153,765.5779905952209,2.1652908910551734,767.9841624919111,773.0100003755128,-2.3184178428503324,0.0,13.229855373131338,10.911437530281006,1.0,4.26625865722226e-05,0.0,4.242640687119285,0.05597256106826732,0.0015664637962704573
1174,78.79774934726196,0.1293482057458924,-8.673617379884035e-18,0.4513850696855339,1.4465670792341712,0.0,0.3574077791912692,1.2028170393752282,-2.7755575615628914e-17,39.241679375575195,115.59062010092227,1.3877787807814457e-17,1.8903118373921548,6.252663294982941,-3.469446951953614e-18,2.950007129772679,9.640956144394702,0.21602927004605205,769.9547001077217,1.7866394212924521,771.9573687990602,776.0936945780942,-2.3264582723928418,0.0,14.462074445208527,12.135616172815686,1.0,4.26625865722226e-05,0.0,4.242640687119285,0.05597256106826732,0.0015664637962704573
1176,79.06968461431983,0.13818096363339621,3.469446951953614e-18,0.4423949723505912,1.411654567272605,0.0,0.35448387293059536,1.1799431130175537,2.3592239273284576e-16,39.360400945463255,115.95253898070573,3.469446951953614e-18,1.725472599503142,5.700008792369826,1.734723475976807e-18,2.694061145779956,8.824237513182952,0.20242318988415117,774.620581293812,1.4886278458180646,776.3116323295143,779.7599108487768,-2.335548860814824,0.0,15.823745521422921,13.488196660608097,1.0,4.26625865722226e-05,0.0,4.242640687119285,0.05597256106826732,0.0015664637962704573
1178,79.34583225352432,0.1366629099272823,-5.204170427930421e-18,0.44197148089192223,1.3436514880327715,1.734723475976807e-18,0.3767158444180318,1.246177500302229,-3.712308238590367e-16,39.48011830483638,116.2654809471565,6.938893903907228e-18,1.615859453598492,5.203503357450737,-2.6020852139652106e-18,2.514242745348392,8.419147446591854,0.19793967462356218,779.3398706819381,1.3055008868918083,780.8433112434534,783.8555946076303,-2.3454447428454066,0.0,17.18666882146992,14.841224078624512,1.0,4.26625865722226e-05,0.0,4.242640687119285,0.05597256106826732,0.0015664637962704573
1180,79.61148378986842,0.13161922899603948,0.0,0.4508694007125415,1.4014302587329737,-1.734723475976807e-18,0.368839327286218,1.2161945906304166,-8.743006318923108e-16,39.59459509196637,116.52459858442562,0.0,1.5774300291124794,5.066197265802476,-6.071532165918825e-18,2.4386042230382894,8.107742317594024,0.1957319081511582,783.8659802483835,1.2441427483728986,785.3058549049076,788.1556311035681,-2.355575349370722,0.0,18.549754233986715,16.194178884615994,1.0,4.214066913072486e-05,0.0,4.242640687119285,0.05514417818913095,0.0015204401940773127
1182,79.8682256594584,0.12734078115794906,-1.734723475976807e-18,0.4694652324607197,1.4785277701395443,3.469446951953614e-18,0.3496740805696915,1.3415145550032188,2.42861286636753e-16,39.704844731411036,116.73895404873058,3.469446951953614e-18,1.6024624160433523,5.188831015547333,5.204170427930421e-18,2.458456586134306,7.907142179905119,0.200870109871662,788.237347572729,1.2839428974157485,789.7221605800164,792.6379858496272,-2.33666286798631,0.0,19.800319516022675,17.463656648036366,1.0,4.214066913072486e-05,0.0,4.242640687119285,0.05514417818913095,0.0015204401940773127
1184,80.10964498867469,0.11819848475143734,-1.734723475976807e-18,0.4936549025592088,1.5670833834219828,-1.734723475976807e-18,0.3445611761390902,1.3328040770434955,2.983724378680108e-16,39.80807220736237,116.90683544686277,0.0,1.670685016300797,5.648809523013626,-1.1275702593849246e-17,2.5499269094788204,8.124790916844766,0.21400231649206858,792.3413064332881,1.3955942118459967,793.9509029616261,797.1020715292668,-2.346266027498352,0.0,20.84095732843782,18.49469130093947,1.0,4.214066913072486e-05,0.0,4.242640687119285,0.05514417818913095,0.0015204401940773127
1186,80.3322005225385,0.10910884928233525,0.0,0.5193554192777924,1.65753543154989,3.469446951953614e-18,0.3491019154457716,1.2606952798706081,-6.245004513516506e-17,39.90301461761756,117.07025305416407,0.0,1.7582610644783745,6.086195428735682,-1.734723475976807e-18,2.68179321363111,8.826351376314562,0.2309244762502919,796.1252877869001,1.5457409854303135,797.9019532485806,801.389538240994,-2.3552593873507193,0.0,21.622491150197252,19.26723176284653,1.0,4.214066913072486e-05,0.0,4.242640687119285,0.05514417818913095,0.0015204401940773127
1188,80.53949907725772,0.10201295934739127,5.204170427930421e-18,0.5446949416851653,1.7349282154887722,6.938893903907228e-18,0.3548434831622461,1.1865646297935006,5.793976409762536e-16,39.99145031224563,117.18093603106267,-3.469446951953614e-18,1.8494685099486006,6.475276892615517,8.673617379884035e-18,2.826840750971808,9.541231727997722,0.2490253133107368,799.6580490384054,1.710266884645748,801.6173412363619,805.4851858514734,-2.363569297902954,0.0,22.122985423805037,19.759416125902085,1.0,4.214066913072486e-05,0.0,4.242640687119285,0.05514417818913095,0.0015204401940773127
1191,80.83091304196776,0.0951380002451046,1.734723475976807e-18,0.5807189119452226,1.8127618702739208,3.469446951953614e-18,0.3331596962677205,1.1375583138383334,-2.5673907444456745e-16,40.11612155620182,117.28541333010067,-6.938893903907228e-18,1.9751584387681915,6.925494647829906,-5.204170427930421e-18,3.0319265224182037,10.313114185803204,0.27068461085017104,804.65160435598,1.9506254291185996,806.8729143959488,811.3055360031501,-2.3638365252609552,0.0,22.339228605708392,19.97539208044744,1.0,4.16379090567134e-05,0.0,4.242640687119285,0.05455318548616732,0.0014880250233440884
1193,81.01679657158682,0.09229175825825546,0.0,0.6028283507572217,1.842890783303207,-6.938893903907228e-18,0.3163129349292384,1.0418502844396293,7.042977312465837e-16,40.19601030479734,117.40193320861314,-1.0408340855860843e-17,2.045455749215443,7.1291509159211595,1.0408340855860843e-17,3.141445900744299,10.566084809700484,0.2832281085261194,807.8596222116869,2.0919446109992537,810.2347949312123,814.9912837759834,-2.353663041588051,0.0,22.18688363742762,19.83322059583957,1.0,4.16379090567134e-05,0.0,4.242640687119285,0.05455318548616732,0.0014880250233440884
1196,81.2874948706132,0.08932637709455404,0.0,0.6320747036678248,1.8744732753181,-1.734723475976807e-18,0.310273827280504,1.032626730439063,3.122502256758253e-17,40.31285762961647,117.53974529940002,-3.469446951953614e-18,2.1264663242309942,7.3097123702805185,1.5612511283791264e-17,3.2558555307962704,10.70190423812475,0.3020623807937001,812.5632451328635,2.2609295140442387,815.1262370277014,820.249327255848,-2.3619820838256778,0.0,21.79319975647028,19.431217672644603,1.0,4.16379090567134e-05,0.0,4.242640687119285,0.05455318548616732,0.0014880250233440884
1199,81.55124917286314,0.08731977785447226,-1.734723475976807e-18,0.6553964816902808,1.8975732675248833,1.734723475976807e-18,0.284686718487912,0.9158677762528389,2.42861286636753e-16,40.42738699511522,117.85753534929876,1.0408340855860843e-17,2.1780878442225804,7.377727683180561,1.734723475976807e-17,3.325049843229438,10.795463831363033,0.3144437378048619,817.1868096264054,2.3720333285750836,819.8732866927853,825.2304282655498,-2.3715153902125947,0.0,21.2638238934047,18.89230850319211,1.0,4.16379090567134e-05,0.0,4.242640687119285,0.05455318548616732,0.0014880250233440884
1202,81.81119916499452,0.08646537026399409,-1.734723475976807e-18,0.6711077505342851,1.8999204329891222,-3.469446951953614e-18,0.27589917866810243,0.9506065364324316,-3.95516952522712e-16,40.54101937040487,118.32760043917682,2.7755575615628914e-17,2.202311152215915,7.357369809060834,-5.551115123125783e-17,3.3556665665948135,10.947476369811097,0.3235024526606526,821.7871257957712,2.425087205587295,824.5357154540192,830.0011371482701,-2.3630033109878488,0.0,20.72189758827458,18.35889427728673,1.0,4.1173090312534795e-05,0.0,4.242640687119285,0.05411191927801672,0.001464049903975299
1205,82.07141818411094,0.08703503209209092,-3.469446951953614e-18,0.6795574721505859,1.8818119333430707,-3.469446951953614e-18,0.2987996287937854,1.0417172313230065,2.0816681711721685e-17,40.65530224772257,118.81225293911596,-3.469446951953614e-18,2.2018702207418688,7.2450182986752365,-2.0816681711721685e-17,3.351314104203639,11.030271897323153,0.3311433770339867,826.426800426838,2.424116234494923,829.1820600383669,834.6386289536209,-2.3631420973108246,0.0,20.191242686648994,17.82810058933817,1.0,4.1173090312534795e-05,0.0,4.242640687119285,0.05411191927801672,0.001464049903975299
1208,82.33592421923147,0.08885015056708413,5.204170427930421e-18,0.6830158730329696,1.8533156545737046,0.0,0.33199797690043775,1.2262505289936325,2.8449465006019636e-16,40.771786859079455,119.27798933002057,1.0408340855860843e-17,2.180141006032024,7.030395117159485,-1.9081958235744878e-17,3.315302409951349,10.865456055403376,0.33962845267148334,831.1693018411017,2.3765074030911624,833.8854376968644,839.2295772187015,-2.372254355974252,0.0,19.735438476425962,17.36318412045171,1.0,4.1173090312534795e-05,0.0,4.242640687119285,0.05411191927801672,0.001464049903975299
1210,82.51613660726629,0.0905535274265158,0.0,0.6829057911041102,1.8355874651316453,5.204170427930421e-18,0.35208308226060425,1.3159973377588925,1.0408340855860843e-16,40.851284281430004,119.58315222731818,6.938893903907228e-18,2.1558639353490094,6.835332452706215,-1.734723475976807e-18,3.274313397982785,10.599131694498661,0.3462881093091532,834.4137137211053,2.323874653869259,837.0838764842837,842.3024557597695,-2.3800226021439097,0.0,19.437737449744926,17.057714847601016,1.0,4.07442447446284e-05,0.0,4.242640687119285,0.053710446507588536,0.0014424060320222646
1213,82.79419458519814,0.0938807378939229,0.0,0.6766586754714107,1.8152361164066115,-3.469446951953614e-18,0.34931578591893975,1.1572830569425954,-4.718447854656915e-16,40.97423841682326,120.04138701653103,-6.938893903907228e-18,2.1083270285224183,6.491598112238137,-1.3010426069826053e-17,3.190471296456856,10.072218155285823,0.3496185207773943,839.4441069193374,2.2225214295990843,842.0162468697139,846.9871272145621,-2.3632464206418398,0.0,19.217295906410556,16.854049485768716,1.0,4.07442447446284e-05,0.0,4.242640687119285,0.053710446507588536,0.0014424060320222646
1216,83.08550835826874,0.09899492079064402,1.734723475976807e-18,0.6597218616723983,1.7968571980642247,-1.734723475976807e-18,0.33794355582876384,1.1447944149528206,6.314393452555578e-16,41.10302551758032,120.51579850741744,-1.3877787807814457e-17,2.0525511023287666,6.121295504905325,-8.673617379884035e-18,3.079114008206857,9.518432973287373,0.34577602637605503,844.7293533494294,2.106483013835517,847.1816123896409,851.8479500338713,-2.3733301592719354,0.0,19.067437637975218,16.69410747870328,1.0,4.07442447446284e-05,0.0,4.242640687119285,0.053710446507588536,0.0014424060320222646
1218,83.29091627904144,0.104056843011602,3.469446951953614e-18,0.6438588006194856,1.7828114287771895,-3.469446951953614e-18,0.3378671553657897,1.2432277749466503,-9.228728892196614e-16,41.193703901214676,120.8538663908914,-1.0408340855860843e-17,2.0151030471984046,6.130894891494792,3.469446951953614e-18,3.0005692833362505,9.33009930600038,0.3428574367274553,848.4606205504746,2.0303201454141475,850.8337981326162,855.2950406045377,-2.3822463509437912,0.0,19.17231608271564,16.790069731771847,1.0,4.07442447446284e-05,0.0,4.242640687119285,0.053710446507588536,0.0014424060320222646
1220,83.50716108232405,0.10914076639179632,-1.734723475976807e-18,0.6278424133983274,1.7933449510819666,-1.734723475976807e-18,0.33586101902303944,1.2032587550694798,5.620504062164855e-16,41.28901222279308,121.16637253511544,-3.469446951953614e-18,1.982063635855044,6.098680859806826,-1.734723475976807e-18,2.936993866524636,9.174919003385906,0.34147723080356895,852.3912651669784,1.964288128289458,854.6970305260714,858.9903205568017,-2.389927210642229,0.0,19.483187653647974,17.093260443005747,1.0,4.034574540109392e-05,0.0,4.242640687119285,0.05332181123985074,0.0014216077769491362
1223,83.83823338521573,0.10924725448048171,1.734723475976807e-18,0.6080236754859593,1.8086214320624794,6.938893903907228e-18,0.3485064155230521,1.0955463315844154,7.28583859910259e-17,41.434811966546455,121.55627964031996,-6.938893903907228e-18,1.9497453966005533,5.965578188198551,-2.0816681711721685e-17,2.8848392582939053,8.74344116685006,0.3456081048882209,858.4218213515305,1.9007535557825244,860.6681830122013,864.8159569054562,-2.376631260582533,0.0,19.975006627582605,17.598375367000074,1.0,4.034574540109392e-05,0.0,4.242640687119285,0.05332181123985074,0.0014216077769491362
1225,84.05514956952217,0.108369833071131,-3.469446951953614e-18,0.5956592647868689,1.8101793216930258,-1.734723475976807e-18,0.3537477188045686,1.0537234441401226,-5.585809592645319e-16,41.53015852714791,121.75983975497476,-1.3877787807814457e-17,1.941592496968341,5.938305812714832,-3.9898639947466563e-17,2.8739073892633424,8.543516710141017,0.34552601104353164,862.3770336450182,1.8848907121418783,864.6074503682036,868.7223638745022,-2.3869245695597185,0.0,20.400180736797168,18.01325616723745,1.0,4.034574540109392e-05,0.0,4.242640687119285,0.05332181123985074,0.0014216077769491362
1227,84.27327791830031,0.10943718439129889,-1.734723475976807e-18,0.582268728969009,1.8020585836131975,-3.469446951953614e-18,0.3470909473495332,1.0415309238221058,-2.949029909160572e-16,41.625942714114586,121.92501523447449,0.0,1.9441435792900468,6.148829458590919,1.3877787807814457e-17,2.880678604381107,8.55773663283527,0.33988583748874657,866.3595534193744,1.8898471284473564,868.5892863853105,872.7196770036273,-2.3952298647492594,0.0,20.727407927405036,18.332178062655778,1.0,4.034574540109392e-05,0.0,4.242640687119285,0.05332181123985074,0.0014216077769491362
1230,84.60855224185117,0.11304051480672653,-3.469446951953614e-18,0.5646397532197434,1.7659002007087492,3.469446951953614e-18,0.319988398715538,0.946758790047366,-2.8796409701215e-16,41.77310573114894,122.15572881755043,-1.734723475976807e-17,1.9702401523863906,6.311034665307668,2.168404344971009e-17,2.940108080685069,8.819375647756678,0.32794961005260953,872.4961812128743,1.940923129037773,874.7650539519647,879.0399206730517,-2.405948888423393,0.0,21.261795478496303,18.85584659007291,1.0,3.998400955690062e-05,0.0,4.242640687119285,0.05301783646935961,0.001405445491945879
1232,84.83715906281262,0.11427204825894202,-3.469446951953614e-18,0.5572856033924769,1.7362504677490866,0.0,0.2984061984433659,0.8766385977800373,-7.077671781985373e-16,41.87354605578483,122.30614976194975,-3.469446951953614e-18,2.0030703173645032,6.329482933012899,-3.469446951953614e-18,3.0170690080622315,8.928320101566843,0.32093962649532004,876.6969296429663,2.0061453481533653,879.0240146176151,883.4878904236089,-2.395372212590628,0.0,21.853689413867198,19.45831720127657,1.0,3.998400955690062e-05,0.0,4.242640687119285,0.05301783646935961,0.001405445491945879
1234,85.06427990633489,0.11339833167668723,0.0,0.5515519723315314,1.7476319874756365,-3.469446951953614e-18,0.31288949627048707,0.8332188192718978,4.0592529337857286e-16,41.97329492882887,122.40630093635497,3.469446951953614e-18,2.0465899201968356,6.287283965177095,6.938893903907228e-18,3.108940334304228,8.99173609024789,0.31672892255148316,880.8787435912252,2.0942651507256453,883.2897376645024,887.9936905158393,-2.4044126278650406,0.0,22.247720538938726,19.843307911073687,1.0,3.998400955690062e-05,0.0,4.242640687119285,0.05301783646935961,0.001405445491945879
1236,85.29181964271677,0.11406630162946138,-1.0408340855860843e-17,0.5445090117564785,1.7305626864867334,3.469446951953614e-18,0.35435732368608486,1.1233484686268875,5.551115123125783e-17,42.073211888527,122.75596809096265,1.0408340855860843e-17,2.1015634366843825,6.191126552909415,-1.734723475976807e-18,3.213680548906814,8.95595637621762,0.3121808491964265,885.0775793084447,2.208284439204336,887.5980445968455,892.5948195570636,-2.4135725133897243,0.0,22.643945779990737,20.230373266601013,1.0,3.998400955690062e-05,0.0,4.242640687119285,0.05301783646935961,0.001405445491945879
1238,85.52387246868292,0.11684213910980677,3.469446951953614e-18,0.536372747359158,1.694241225256441,0.0,0.3748793437634645,1.3348912805783972,-6.38378239159465e-16,42.17514736382427,123.14283003508866,-3.469446951953614e-18,2.171714671966223,6.140248578333875,-8.673617379884035e-19,3.3463079992597224,9.316895293274499,0.30276257111439475,889.3715275801467,2.3581723082166786,892.0324624594778,897.41403461869,-2.4230193225233614,0.0,23.19982118225618,20.776801859732817,1.0,3.998400955690062e-05,0.0,4.242640687119285,0.05301783646935961,0.001405445491945879
1240,85.76156050551322,0.11888868638021334,3.469446951953614e-18,0.5299409430545653,1.6316151139247077,0.0,0.37004033566040484,1.4373317371471104,-3.0531133177191805e-16,42.27957236482589,123.5538554685758,3.469446951953614e-18,2.260478681008593,6.561677759841437,-6.071532165918825e-18,3.514476161772811,9.954208806533302,0.29294323700981717,893.7811196762746,2.5548819336471738,896.6289448469315,902.5187433073293,-2.43292712682404,0.0,23.91574273921188,21.48281561238784,1.0,3.967120004057563e-05,0.0,4.242640687119285,0.05284605617633366,0.0013963528266961065
1243,86.11644422588529,0.1178661804187718,-1.734723475976807e-18,0.5259163118762709,1.5408619268509944,-1.734723475976807e-18,0.3609458331309335,1.5393120879979205,-5.689893001203927e-16,42.43530789723818,124.12393554761826,6.938893903907228e-18,2.4260272997344017,7.151818725028797,-8.673617379884035e-19,3.8122888924507756,11.062116553769558,0.28952947790490297,900.3776781667027,2.9428042295282957,903.6100118741359,910.4768736855301,-2.426772738460688,0.0,24.859381854061375,22.432609115600687,1.0,3.967120004057563e-05,0.0,4.242640687119285,0.05284605617633366,0.0013963528266961065
1245,86.35072228522773,0.11690914582403723,3.469446951953614e-18,0.5261996865552624,1.570260808348757,-3.469446951953614e-18,0.3734644933790934,1.6695252811730263,2.983724378680108e-16,42.53765223467469,124.45581627813122,3.469446951953614e-18,2.557522500944431,7.4966565784596435,1.734723475976807e-18,4.036875711031214,12.022865926693244,0.29631595929009924,904.7259288190621,3.270460671418527,908.2927054497708,915.9631848078941,-2.440068428875915,0.0,25.870811132945192,23.430742704069278,1.0,3.967120004057563e-05,0.0,4.242640687119285,0.05284605617633366,0.0013963528266961065
1247,86.57985429556098,0.11387866153233785,-3.469446951953614e-18,0.5304843038419869,1.611709338576508,0.0,0.39501681119401655,1.7669747721731277,-7.28583859910259e-17,42.637345980526796,124.80204528307152,0.0,2.703833208352333,8.102903288780798,-1.9949319973733282e-17,4.28650504775019,13.079000871796907,0.3090670860919077,908.9716361315719,3.6553570092944336,912.9360602269583,921.5524311278375,-2.450870552443379,0.0,26.855192932395276,24.404322379951896,1.0,3.967120004057563e-05,0.0,4.242640687119285,0.05284605617633366,0.0013963528266961065
1249,86.79955735282672,0.10748580415028539,-3.469446951953614e-18,0.5412755918666036,1.6611477209359902,3.469446951953614e-18,0.39989964712324894,1.7839424833677295,-5.551115123125783e-16,42.73258588852729,125.12089442934665,0.0,2.8590573970429487,8.923873729474334,-1.9081958235744878e-17,4.55448127882766,14.587005222196485,0.32303555753338137,913.0369483601806,4.087104599793,917.4470885175069,927.1348840414819,-2.4615731398715717,0.0,27.877285715826243,25.41571257595467,1.0,3.967120004057563e-05,0.0,4.242640687119285,0.05284605617633366,0.0013963528266961065
1251,87.00207495709311,0.09933252577841974,-3.469446951953614e-18,0.5580105762884507,1.712092029138066,-6.938893903907228e-18,0.3968238154706543,1.710459832455427,-5.967448757360216e-16,42.82009899520218,125.4041421813548,0.0,3.0115457668362056,9.72392145659341,6.938893903907228e-18,4.811776609825428,15.940498906985557,0.3389281070451762,916.7804389794574,4.534703952874533,921.6540710393771,932.4401374108246,-2.4637049609485544,0.0,28.668313084694134,26.20460812374558,1.0,3.9405993602544106e-05,0.0,4.242640687119285,0.05273407390562961,0.001390441275342203
1254,87.281157118276,0.09025590236903536,0.0,0.5899969870517385,1.909973123619682,3.469446951953614e-18,0.38973197709104346,1.511903674513014,-5.759281940243e-16,42.94021284089308,125.76584939636565,-3.469446951953614e-18,3.2295627428792093,10.778085998112527,5.204170427930421e-18,5.159148254101141,17.560105595468684,0.3679668783519446,921.9309394105994,5.2150377550967395,927.5139440440481,939.9155206902494,-2.4670662262397762,0.0,29.267593769703073,26.800527543463296,1.0,3.9405993602544106e-05,0.0,4.242640687119285,0.05273407390562961,0.001390441275342203
1257,87.53878801762556,0.08391474612531692,0.0,0.6264533309246731,2.138233739325054,-1.734723475976807e-18,0.3596673105987595,1.3160364127439776,6.349087922075114e-16,43.050584040057636,126.05105376112434,1.3877787807814457e-17,3.4340704080942337,11.695130209978796,8.673617379884035e-18,5.475643375636511,18.897845960171622,0.3982703260742656,926.6763930950324,5.896419783874247,932.9710832049808,946.9628239906863,-2.480250478715862,0.0,29.853458140924978,27.373207662209115,1.0,3.9405993602544106e-05,0.0,4.242640687119285,0.05273407390562961,0.001390441275342203
1260,87.78068549002509,0.07911859104202514,1.734723475976807e-18,0.6652597766452774,2.3427008105035982,0.0,0.3303651556361442,1.1469401134165518,1.6653345369377348e-16,43.1539127328973,126.28015827702976,6.938893903907228e-18,3.625880614545284,12.513642604341216,8.673617379884035e-18,5.780949046986177,20.195793816180668,0.43137268033398923,931.1300920792576,6.573505115467642,938.1349698750593,953.7317053991665,-2.492486692457006,0.0,30.492613821901006,28.000127129444,1.0,3.917355407979293e-05,0.0,4.242640687119285,0.05258925391950356,0.0013828148139050102
1263,88.01025022051367,0.07532624213327059,0.0,0.7045590998372845,2.4996320128156007,0.0,0.30657553051443126,1.0532281764569726,-3.8510861166685117e-16,43.251894316011445,126.51625132801392,-3.469446951953614e-18,3.8037381499678253,13.237551128124615,-1.9081958235744878e-17,6.07541875746006,21.446215418014678,0.46480624230047607,935.3631809617115,7.234211956760326,943.0621991607723,960.2623036487269,-2.4891691719680797,0.0,30.95315661266644,28.46398744069836,1.0,3.917355407979293e-05,0.0,4.242640687119285,0.05258925391950356,0.0013828148139050102
1267,88.30099713342284,0.07126991068626559,3.469446951953614e-18,0.7539764477302137,2.644223527307176,-3.469446951953614e-18,0.286496941971298,0.965708466949337,5.342948306008566e-16,43.37586563103557,126.75417578800656,1.3877787807814457e-17,4.01467213349558,14.027406535114174,-1.3877787807814457e-17,6.424776082034877,22.764001618644155,0.5066397533935036,940.7328596208263,8.058796169732975,949.2982955439528,968.5020835938434,-2.501517760149153,0.0,30.8608345218015,28.359316761652348,1.0,3.917355407979293e-05,0.0,4.242640687119285,0.05258925391950356,0.0013828148139050102
1270,88.51036691828304,0.06912784554358604,-3.469446951953614e-18,0.7869793658349249,2.7087739007920413,-5.204170427930421e-18,0.29418483359878334,0.9934750584745994,2.983724378680108e-16,43.465122520431656,126.88164791250209,-3.469446951953614e-18,4.151786820370523,14.481956970718121,2.7755575615628914e-17,6.64214798774409,23.399715718760227,0.5366653994075198,944.6084378580673,8.61866690090119,953.763770158376,974.2943321298724,-2.5130902560636668,0.0,30.20272078855649,27.689630532492824,1.0,3.895920196158524e-05,0.0,4.242640687119285,0.05239135399988628,0.0013724269869707
1274,88.78168330692928,0.06714629198355089,0.0,0.8247062452567773,2.7469190572877538,0.0,0.3021071087039386,0.9836924012871205,4.85722573273506e-16,43.5809762419529,126.99660454784201,6.938893903907228e-18,4.308008683914189,14.931106501429161,5.204170427930421e-18,6.882443565147484,23.950432428128124,0.5704739772159487,949.6507451008315,9.279469410340035,959.5006884883875,981.5695258441361,-2.510062377839398,0.0,29.351486339928563,26.841423962089166,1.0,3.895920196158524e-05,0.0,4.242640687119285,0.05239135399988628,0.0013724269869707
1278,89.04659893210666,0.06572964027032914,1.734723475976807e-18,0.8547567820202694,2.749049387418372,0.0,0.315435015749453,1.1628707062584365,-7.91033905045424e-16,43.69430247130815,127.07112730127488,1.734723475976807e-17,4.436088269923544,15.237160567816671,0.0,7.082663658497961,24.43074844893934,0.5997565473930603,954.5960342270827,9.839439569276628,965.0352303437523,988.4189835278689,-2.5216369387261075,0.0,28.40426327638995,25.882626337663844,1.0,3.895920196158524e-05,0.0,4.242640687119285,0.05239135399988628,0.0013724269869707
1282,89.30687618996146,0.06473389973667283,3.469446951953614e-18,0.8771900891461634,2.744277766600667,5.204170427930421e-18,0.3346656501648722,1.2960505915369467,-5.342948306008566e-16,43.80592073146654,127.23504254408255,-1.3877787807814457e-17,4.536983268587773,15.408227223684843,3.642919299551295e-17,7.249081530915138,24.875980263559462,0.6262716835086957,959.4793455657649,10.292108589722694,970.3977258389963,994.8781138500199,-2.525698800552094,0.0,27.369054365035744,24.84335556448365,1.0,3.87475392084427e-05,0.0,4.242640687119285,0.05211487324921637,0.001357980006890944
1285,89.50028924421065,0.06438617184273339,3.469446951953614e-18,0.8892583110192152,2.7360403505456,-3.469446951953614e-18,0.34255955930815113,1.2791796211882271,-3.400058012914542e-16,43.88907753592808,127.49682203730993,3.469446951953614e-17,4.594542286620542,15.435199096571516,-1.3877787807814457e-17,7.347349112812409,25.058150838501874,0.6427300845326835,963.1255634773534,10.554909411772158,974.3232029736582,999.4536679115276,-2.527896566944688,0.0,26.212260802242447,23.68436423529776,1.0,3.87475392084427e-05,0.0,4.242640687119285,0.05211487324921637,0.001357980006890944
1289,89.75822448637435,0.0646535152876754,-1.734723475976807e-18,0.8990464739605455,2.6749013138940523,1.0408340855860843e-17,0.3500640640374327,1.1609896306114647,2.7755575615628914e-17,44.000273705268626,127.8799968951802,1.0408340855860843e-17,4.6463394341038695,15.32045070740461,-1.734723475976807e-17,7.4318889716673935,24.9406332927716,0.6596006942377695,968.0120430692766,10.794235068454334,979.4658788319687,1005.1730167959647,-2.5366746829270013,0.0,24.739836895813625,22.203162212886625,1.0,3.87475392084427e-05,0.0,4.242640687119285,0.05211487324921637,0.001357980006890944
1293,90.01936925943376,0.06575862017240022,-1.734723475976807e-18,0.901289675042963,2.5865864175719344,0.0,0.34508003381393687,1.044659420733801,1.0894063429134349e-15,44.11326605835105,128.28560965796808,-1.3877787807814457e-17,4.669244636912931,15.042319144328879,1.5612511283791264e-17,7.459568419654092,24.45139095888167,0.6667275258377946,972.9901211674335,10.900922739670087,984.5577714329414,1010.4828876446365,-2.5356420769150767,0.0,22.901017851959608,20.36537577504453,1.0,3.852780069091477e-05,0.0,4.242640687119285,0.05176972405552243,0.0013400521643924688
1297,90.28647208500279,0.06743610038431322,8.673617379884035e-18,0.8964941137278892,2.486232038303598,-3.469446951953614e-18,0.33394545357552213,1.0052405994691274,-8.396061623727746e-16,44.22912833487854,128.7340110120611,2.0816681711721685e-17,4.66399174325301,14.639794613835562,3.469446951953614e-17,7.4404984356174095,23.84571532967588,0.6651289199078898,978.1078966315775,10.87640949056612,989.6494350420517,1015.4733191146324,-2.5417484746578904,0.0,21.258427943145556,18.716679468487666,1.0,3.852780069091477e-05,0.0,4.242640687119285,0.05176972405552243,0.0013400521643924688
1301,90.5611201789947,0.06943589015867152,0.0,0.887225912261591,2.3967379156501654,0.0,0.3283040393080601,0.9945806255793361,2.706168622523819e-16,44.348465721345335,129.20291912469352,-2.7755575615628914e-17,4.631544914143966,14.151641381383335,5.204170427930421e-18,7.389176938533341,23.308616237301838,0.661484723703118,983.3932059186711,10.725604145866416,994.7802947882407,1020.2478816079245,-2.5473998980982873,0.0,19.962433701863,17.41503380376471,1.0,3.828773322670967e-05,0.0,4.242640687119285,0.051331347475140066,0.0013174536168067844
1304,90.7729272958311,0.07122546197497011,-6.938893903907228e-18,0.878256747609976,2.3620477352343854,0.0,0.31673110785792635,0.922051316683909,-4.510281037539698e-16,44.44065055815901,129.54734377276688,1.0408340855860843e-17,4.588597815043572,13.733630336466458,-2.949029909160572e-17,7.328519027567305,22.871316900776137,0.6568319666681439,987.4857110161992,10.527614954111321,998.6701579369786,1023.6987144981922,-2.5439734536721135,0.0,18.864753817559368,16.320780363887256,1.0,3.828773322670967e-05,0.0,4.242640687119285,0.051331347475140066,0.0013174536168067844
1308,91.06538516317642,0.07438357332131988,-5.204170427930421e-18,0.8610319249443509,2.3336336325940295,-1.734723475976807e-18,0.3018550136305732,0.9974580861404649,-3.7470027081099033e-16,44.56805260932,130.00024217855128,-1.3877787807814457e-17,4.502776020013772,13.097743881339557,2.862293735361732e-17,7.196250716749118,22.00025493944564,0.643177390098467,993.1556566935574,10.137495943205531,1003.9363300268614,1028.0560525522114,-2.552507069070018,0.0,17.481842170872767,14.92933510180275,1.0,3.828773322670967e-05,0.0,4.242640687119285,0.051331347475140066,0.0013174536168067844
1311,91.29357812306453,0.07644225294278606,3.469446951953614e-18,0.8413258005454664,2.355996325401624,5.204170427930421e-18,0.29662565571070176,0.9915755676557749,5.273559366969494e-16,44.66754963607188,130.33702237464422,6.938893903907228e-18,4.414770707992648,12.591305020726589,8.673617379884035e-18,7.047577898184412,21.10438475710947,0.622231478109413,997.5949952454727,9.745100202074951,1007.962326925657,1031.117882770096,-2.555006604719798,0.0,16.006980675825464,13.451974071105665,1.0,3.801735265980618e-05,0.0,4.242640687119285,0.050798629889673035,0.0012902503993339914
1314,91.52280930701761,0.07650797545459753,-1.734723475976807e-18,0.8166141200945621,2.3285423803055494,-3.469446951953614e-18,0.2864195185095549,0.9106036737722747,5.342948306008566e-16,44.76759257836066,130.6520385626913,3.469446951953614e-17,4.310227352852468,12.451472527095051,1.3877787807814457e-17,6.870537286628126,20.18243482571609,0.5917579140550369,1002.0686726310462,9.289029916638798,1011.94946046174,1033.9836466822546,-2.5502447343378414,0.0,15.08572709180145,12.535482357463609,1.0,3.801735265980618e-05,0.0,4.242640687119285,0.050798629889673035,0.0012902503993339914
1317,91.75397779278123,0.0773965315040056,1.734723475976807e-18,0.7898039368841462,2.262426105893834,-1.734723475976807e-18,0.2837136040125883,0.8664899259375476,2.8449465006019636e-16,44.868508935144234,130.93333659302044,-3.469446951953614e-18,4.191348910160143,12.251103465934202,4.163336342344337e-17,6.680332824400646,19.547364779204944,0.5585142755654102,1006.5915470315588,8.783702843350312,1015.9337641504744,1036.7667155879114,-2.5573526530396946,0.0,14.625979459883535,12.06862680684384,1.0,3.801735265980618e-05,0.0,4.242640687119285,0.050798629889673035,0.0012902503993339914
1321,92.06786954294591,0.07917837645750267,-3.469446951953614e-18,0.7527696703006301,2.1455291639076974,-5.204170427930421e-18,0.3059009645388632,0.9724868273406132,1.214306433183765e-16,45.00558022653791,131.2506982217896,0.0,4.010622290053884,11.897379347115873,-2.688821387764051e-17,6.408295899638899,18.857710407075604,0.516041772197253,1012.7511257636696,8.042545576738526,1021.3097131126054,1040.4401479004227,-2.560339336269739,0.0,14.288000645895943,11.727661309626203,1.0,3.7713391426616044e-05,0.0,4.242640687119285,0.050203236975237986,0.0012601825013959513
1324,92.30892676273776,0.08102058169704077,1.734723475976807e-18,0.7204690775748287,2.1292385649145453,-3.469446951953614e-18,0.329060114433903,1.0812837316647221,-1.9081958235744878e-16,45.11088072937408,131.45721052951316,-6.938893903907228e-18,3.8562619186420513,11.568711714120889,6.938893903907228e-18,6.17166937501942,18.43284370507312,0.4815046083456806,1017.4957800899068,7.435377992584437,1025.412662690837,1043.1322064595506,-2.5530432012764486,0.0,13.746606348446443,11.193563147169995,1.0,3.7713391426616044e-05,0.0,4.242640687119285,0.050203236975237986,0.0012601825013959513
1327,92.55755905891371,0.08396992204550652,-6.938893903907228e-18,0.6803558950630517,2.083092838075908,0.0,0.35050910659717666,1.1122010380146494,-1.0408340855860843e-16,45.219441098120804,131.67605913503317,0.0,3.68368010603936,11.174755242437017,2.6020852139652106e-18,5.893324792634306,17.88187996843853,0.44042347437705653,1022.3989266132082,6.784749561815075,1029.6240996494005,1045.7862940313144,-2.5599508304989995,0.0,13.264081871664096,10.704131041165097,1.0,3.7713391426616044e-05,0.0,4.242640687119285,0.050203236975237986,0.0012601825013959513
1330,92.81837329702594,0.08862939974120042,-8.673617379884035e-18,0.6336211243823365,2.00436404170572,0.0,0.35427795131346307,1.0509178351542043,-9.159339953157541e-16,45.33328265071653,131.8745890722887,0.0,3.4924740864457244,10.69950646401768,-1.9949319973733282e-17,5.582953512666653,17.120297440363366,0.3912023922072299,1027.5532579448782,6.098687622247448,1034.043147959333,1048.5575654612217,-2.567013711501065,0.0,13.220093801610094,10.653080090109029,1.0,3.7377914487519406e-05,0.0,4.242640687119285,0.04957631455576769,0.0012289054824662117
1332,93.00171692159566,0.09275018881967809,3.469446951953614e-18,0.6016174715896382,1.9414191082046783,6.938893903907228e-18,0.35384003541744047,1.1826669031628343,3.122502256758253e-16,45.413345163248714,132.0226860529203,-1.0408340855860843e-17,3.3548772390391157,10.332813216245965,3.469446951953614e-18,5.366870567846948,16.497603997782818,0.3579047738919222,1031.1859594581824,5.627600644511359,1037.1714648765858,1050.5759564379428,-2.550261428632613,0.0,13.580333941660372,11.03007251302776,1.0,3.7377914487519406e-05,0.0,4.242640687119285,0.04957631455576769,0.0012289054824662117
1335,93.29473455987012,0.10032009967590005,-5.204170427930421e-18,0.5556856873985307,1.8306627080849593,0.0,0.36678405791984825,1.275859203319027,-4.2674197509029455e-16,45.541063594642786,132.4773260459623,0.0,3.1326407497886235,9.708014078615331,-1.0408340855860843e-17,5.027399901257827,15.456506698296543,0.3142691170655831,1036.9942366656494,4.906719033618115,1042.2152248163331,1053.9461262870864,-2.556831551020756,0.0,14.075030392152893,11.518198841132136,1.0,3.7377914487519406e-05,0.0,4.242640687119285,0.04957631455576769,0.0012289054824662117
1337,93.50450412574392,0.10650605968463406,0.0,0.5259850792499678,1.7258923629947773,1.734723475976807e-18,0.37956155035377565,1.226947392328243,-5.828670879282072e-16,45.632257332264835,132.82150159503794,-1.0408340855860843e-17,2.9726788804251276,9.23929564378724,-1.0408340855860843e-17,4.779029056940919,14.702031295581024,0.28836553301621454,1041.1514546190183,4.418409863062795,1045.8582300150974,1056.4432019344733,-2.563835033712303,0.0,14.48623013275014,11.922395099037837,1.0,3.7377914487519406e-05,0.0,4.242640687119285,0.04957631455576769,0.0012289054824662117
1340,93.84177042015055,0.11481062100510842,-1.734723475976807e-18,0.48274737561069453,1.5344198693061686,-1.734723475976807e-18,0.3972493443617774,1.3357804919348044,-2.5326962749261384e-16,45.778553969687636,133.32900713362795,6.938893903907228e-18,2.718806100169483,8.451753027965887,4.336808689942018e-18,4.365318747162232,13.6412707314682,0.2529293567189795,1047.8380017778018,3.6959533051593967,1051.7868844396803,1060.6279598412077,-2.5716161512022486,0.0,15.002612348909631,12.430996197707383,1.0,3.700866309455986e-05,0.0,4.242640687119285,0.04889202021242308,0.0011952148202259935
1342,94.07664114487005,0.11779281462689645,0.0,0.4598518840490165,1.5724135867607762,-5.204170427930421e-18,0.3819310968470229,1.4233654970922964,3.920475055707584e-16,45.880411824708844,133.65341412398786,-1.3877787807814457e-17,2.551282298609639,8.12861770228996,4.336808689942018e-18,4.089846258372085,12.926142003104761,0.23085268572622242,1052.5060946024414,3.2545206835994405,1055.991467971767,1063.7622361079889,-2.5545073311113127,0.0,15.917171760712767,13.362664429601455,1.0,3.700866309455986e-05,0.0,4.242640687119285,0.04889202021242308,0.0011952148202259935
1344,94.31383410400979,0.11882163097748742,-1.734723475976807e-18,0.4461933349023788,1.6002804171570582,-3.469446951953614e-18,0.35014521822642175,1.4198834811258134,-7.355227538141662e-16,45.983114379941874,134.07177850764725,-3.469446951953614e-18,2.395847311051989,7.825780886495432,-1.734723475976807e-18,3.8388566584652777,12.397221379802366,0.2137522688486559,1057.2234040394085,2.8700421689375224,1060.3071984771946,1067.1561821660778,-2.561576046881355,0.0,16.881746863801276,14.320170816919921,1.0,3.700866309455986e-05,0.0,4.242640687119285,0.04889202021242308,0.0011952148202259935
1346,94.55242019353658,0.11942257438587274,0.0,0.4418639609707881,1.609049619143361,3.469446951953614e-18,0.3337842196037502,1.3084177417049314,-1.249000902703301e-16,46.08617625576559,134.47209979384428,-6.938893903907228e-18,2.257177239784357,7.541064382404936,9.540979117872439e-18,3.6125155009011016,12.025044006483446,0.20503366365219972,1061.9678209387457,2.5474245459002636,1064.720279148298,1070.791276120146,-2.568857630455916,0.0,17.816018999627808,15.247161369171891,1.0,3.700866309455986e-05,0.0,4.242640687119285,0.04889202021242308,0.0011952148202259935
1348,94.79087104594136,0.11882839740218759,1.734723475976807e-18,0.4452868308619105,1.5973026879583636,5.204170427930421e-18,0.33402961632348754,1.1588959711145805,-1.3565537582138631e-15,46.18891779751556,134.83442557539408,6.938893903907228e-18,2.1400446119390097,7.265217029327575,1.0408340855860843e-17,3.4128479411855057,11.697595540453275,0.20201380466315932,1066.7080636528246,2.2898954705445935,1069.1999729280326,1074.6347017873834,-2.5762875002708054,0.0,18.707834820060423,16.131547319789618,1.0,3.700866309455986e-05,0.0,4.242640687119285,0.04889202021242308,0.0011952148202259935
1350,95.02606782559985,0.11721256602666136,-1.734723475976807e-18,0.45512010528068436,1.569097409819561,1.734723475976807e-18,0.3396618920190603,1.0555332011347098,7.667477763817487e-16,46.29003511556644,135.24394288409545,6.938893903907228e-18,2.0501041975012564,6.984386598353238,-3.469446951953614e-18,3.251042273141044,11.309501767661764,0.20300851435730055,1071.383675500187,2.1014636103061344,1073.6881476248507,1078.6433157178294,-2.5837617748629516,0.0,19.63989539961265,17.056133624749698,1.0,3.661814623094921e-05,0.0,4.242640687119285,0.04824468204563454,0.001163774672842186
1352,95.2583822215975,0.11581831273335129,1.734723475976807e-18,0.47063692332271667,1.5337325485126003,1.734723475976807e-18,0.3383555734630737,1.0265081822620805,6.938893903907228e-18,46.38983727547041,135.63500146194008,1.734723475976807e-17,1.990192375790383,6.689796935720733,3.469446951953614e-18,3.137314365585172,10.823606915454059,0.20752031232158885,1076.0085012223121,1.9804328463270844,1078.1964543809609,1082.8344274129845,-2.563883231482543,0.0,20.613974552982466,18.050091321499924,1.0,3.661814623094921e-05,0.0,4.242640687119285,0.04824468204563454,0.001163774672842186
1355,95.60216242951252,0.11403559826884958,-5.204170427930421e-18,0.5021706281514351,1.497709088779835,5.204170427930421e-18,0.3290711937068613,1.0625500521406637,-8.396061623727746e-16,46.53706143512955,136.1264540064017,-3.469446951953614e-18,1.9566538666429745,6.231100387204083,8.673617379884035e-19,3.0595646331088653,10.03850669072098,0.22201178624858559,1082.8490435085105,1.9142471769244513,1084.9853024716836,1089.427002299534,-2.5730502986881048,0.0,21.756858904919056,19.18380860623095,1.0,3.661814623094921e-05,0.0,4.242640687119285,0.04824468204563454,0.001163774672842186
1357,95.82248988224114,0.10855832539842028,1.734723475976807e-18,0.5261876266073477,1.5361927786188612,0.0,0.33657857793816576,1.102510932991064,6.904199434387692e-16,46.631110131251695,136.370833068864,3.469446951953614e-18,1.967012634186629,6.273737052967229,-6.938893903907228e-18,3.059360024892955,9.715594323945403,0.2373013022085654,1087.2302160364623,1.9345693515249107,1089.4020866901958,1093.863770657437,-2.5820235830694473,0.0,22.725811785918715,20.14378820284927,1.0,3.661814623094921e-05,0.0,4.242640687119285,0.04824468204563454,0.001163774672842186
1359,96.03112248039277,0.10301259883314771,0.0,0.5504836842566984,1.5419141778887147,1.734723475976807e-18,0.3492871114539812,1.1816043015352504,-4.753142324176451e-16,46.7199785358699,136.5472352454038,3.469446951953614e-18,1.9956728575023812,6.472972970011989,-5.204170427930421e-18,3.0895044020298332,9.986063145913986,0.25370718984565716,1091.378197196072,1.9913550770858597,1093.6232594630037,1098.1917746516333,-2.5888243432757796,0.0,23.339525762603362,20.750701419327584,1.0,3.661814623094921e-05,0.0,4.242640687119285,0.04824468204563454,0.001163774672842186
1362,96.32809703394152,0.0973284201844141,1.734723475976807e-18,0.5863511917609241,1.670959969327793,-5.204170427930421e-18,0.3644018048635131,1.2815419993135886,1.8735013540549517e-16,46.846347065387704,136.7169256388769,6.938893903907228e-18,2.059280916871543,6.712563233225783,-1.734723475976807e-18,3.1718470292379024,10.34311457232464,0.2776889183416134,1097.2901166853794,2.1203189472956505,1099.6881245510167,1104.5248091640713,-2.5788012696864295,0.0,23.90939200384115,21.33059073415472,1.0,3.62340038619959e-05,0.0,4.242640687119285,0.04775045074907042,0.0011400527733696998
1364,96.5192124421576,0.09504719657113837,0.0,0.6101926115484358,1.7930625527627277,-6.938893903907228e-18,0.3676492405114908,1.3765589248420498,1.0026701691145945e-15,46.927598809740765,136.7871050183063,-6.938893903907228e-18,2.1086380476198414,6.836692177281032,-5.0306980803327406e-17,3.2408538427047895,10.550163400542127,0.29401550200940085,1101.0997650239915,2.223177207935008,1103.6169577339358,1108.6759810219098,-2.577188028952036,0.0,24.30263254151583,21.725444512563794,1.0,3.62340038619959e-05,0.0,4.242640687119285,0.04775045074907042,0.0011400527733696998
1367,96.79986548547639,0.09292445456436146,-3.469446951953614e-18,0.6458567065643672,1.9536924584396629,3.469446951953614e-18,0.3561935390499673,1.318105445270558,6.279698983036042e-16,47.04684701801703,136.8519578189983,2.7755575615628914e-17,2.1840435325906764,6.96386340290805,-1.9081958235744878e-17,3.3504184528951813,10.777611636997154,0.3193023181817425,1106.702907168349,2.38502307612558,1109.4072325626564,1114.823087667347,-2.5845245881151,0.0,24.490783599035293,21.90625901092019,1.0,3.62340038619959e-05,0.0,4.242640687119285,0.04775045074907042,0.0011400527733696998
1370,97.07577559993294,0.09150438444794312,0.0,0.6786780436584627,2.0837504404585836,5.204170427930421e-18,0.3290694935256528,1.1513776774213373,-9.957312752106873e-16,47.164095328012515,136.88554182096252,3.469446951953614e-18,2.2515585794370985,7.005631748131745,1.214306433183765e-17,3.445277108661455,10.799982985442767,0.34355177749561827,1112.225944054926,2.534758018318403,1115.10425385074,1120.8438941450345,-2.593172520454879,0.0,24.417656238625504,21.824483718170626,1.0,3.587247960281113e-05,0.0,4.242640687119285,0.04737213347239646,0.0011220595148632726
1372,97.25777501902633,0.09087764831824716,6.938893903907228e-18,0.696630997203987,2.1474112684091744,-1.734723475976807e-18,0.3095267191087887,1.0613643339732568,-6.938893903907228e-18,47.24157674296514,137.01086064256955,2.0816681711721685e-17,2.2877442856373245,6.9828285718958245,5.204170427930421e-17,3.4893168199989337,10.673129632206777,0.35747816367471374,1115.883286580732,2.616886958233115,1118.8576517026397,1124.7618782658612,-2.57437390917093,0.0,24.10592216578164,21.53154825661071,1.0,3.587247960281113e-05,0.0,4.242640687119285,0.04737213347239646,0.0011220595148632726
1375,97.53068073961877,0.09120435921413976,8.673617379884035e-18,0.7159171121055742,2.2010770624959726,3.469446951953614e-18,0.28824182898102785,0.9896391033356616,-5.134781488891349e-16,47.35785628126324,137.35837362161234,-6.938893903907228e-18,2.3248782202319336,6.881145494009032,0.0,3.5236307650360303,10.332496015975059,0.37355177876369144,1121.3832757783919,2.7025293694544015,1124.4593569266099,1130.5141992135075,-2.5814660505191958,0.0,23.664796534614478,21.08333048409528,1.0,3.587247960281113e-05,0.0,4.242640687119285,0.04737213347239646,0.0011220595148632726
1378,97.80802295968303,0.0932496147775034,-3.469446951953614e-18,0.7271689437216478,2.206399899858643,5.204170427930421e-18,0.2937610679982007,0.9170571249061795,7.355227538141662e-16,47.47623520354338,137.77879063205864,-6.938893903907228e-18,2.33861442792208,6.712359401911086,2.7755575615628914e-17,3.5277650716992186,9.943906045303333,0.3868927042101074,1126.9964545510857,2.734558721242659,1130.1179059765384,1136.2126488260783,-2.5901345032453293,0.0,23.14100367804307,20.55086917479774,1.0,3.587247960281113e-05,0.0,4.242640687119285,0.04737213347239646,0.0011220595148632726
1381,98.09434996468818,0.09666240184108231,3.469446951953614e-18,0.7311372003974025,2.175316224350447,-1.734723475976807e-18,0.30889020344594154,0.9699480535662542,-1.5612511283791264e-16,47.59886482191003,138.32263277121018,1.3877787807814457e-17,2.324535179146253,6.476012544317037,1.734723475976807e-17,3.5031149065999996,9.564504147511363,0.3978486984486922,1132.825966167232,2.70173189954425,1135.9255467652251,1141.940668457957,-2.590844711044106,0.0,22.59754907652568,20.006704365481575,1.0,3.553286283467563e-05,0.0,4.242640687119285,0.047020438027319277,0.0011054607961404864
1383,98.29191799959013,0.0995335105575887,1.734723475976807e-18,0.7278154795201094,2.1405620157482925,3.469446951953614e-18,0.30396767222409643,0.9626546828168371,1.5057399771478686e-15,47.683809491801675,138.7164515353274,-2.7755575615628914e-17,2.296014201137,6.269320967980491,-2.0816681711721685e-17,3.4587487498568907,9.25908523701015,0.3999588054776746,1136.8728438252178,2.6358406059113877,1139.9086432366068,1145.77447842947,-2.5823679127289103,0.0,21.98940452239791,19.407036609669,1.0,3.553286283467563e-05,0.0,4.242640687119285,0.047020438027319277,0.0011054607961404864
1386,98.60136224515463,0.10519490300564383,-8.673617379884035e-18,0.7087363500019916,2.0746369414516654,5.204170427930421e-18,0.2914523821765626,0.8907597374220706,-6.591949208711867e-16,47.81727328297501,139.3187166809807,-6.938893903907228e-18,2.218562079421193,5.980146653168674,5.204170427930421e-18,3.3223481782038453,9.049765595437817,0.39167565361681456,1143.2458121093578,2.4610088501228433,1146.0984966130975,1151.5397647658683,-2.590650622088327,0.0,21.22893336015104,18.638282738062713,1.0,3.553286283467563e-05,0.0,4.242640687119285,0.047020438027319277,0.0011054607961404864
1388,98.81957493937605,0.11054323156879167,0.0,0.6855754968811777,2.0218173018655263,-3.469446951953614e-18,0.28993444341870267,0.7977080401856625,-6.175615574477433e-16,47.91166358668387,139.71543619285617,-6.938893903907228e-18,2.142101630629655,5.849474156085168,-1.214306433183765e-17,3.1840879717599293,8.789517953129872,0.3779349358134682,1147.7637538217846,2.294299697973113,1150.4359884555713,1155.467660530759,-2.5993243393966536,0.0,20.610160050953436,18.010835711556783,1.0,3.553286283467563e-05,0.0,4.242640687119285,0.047020438027319277,0.0011054607961404864
1390,99.04786876772843,0.11513786664677143,-3.469446951953614e-18,0.6561254092673652,1.9528565898540144,0.0,0.2953311054291541,0.9144756171875481,-6.002143226879753e-16,48.01061448542442,140.08904445788997,-1.0408340855860843e-17,2.0475348774739133,5.6574571069310995,-2.3418766925686896e-17,3.0234538597627987,8.532094964043818,0.36016538101703865,1152.509551634022,2.0961995372360565,1154.965916552275,1159.5302598648823,-2.6067006569284397,0.0,20.40991791443709,17.803217257508653,1.0,3.5207080297140875e-05,0.0,4.242640687119285,0.04664558229903513,0.0010879051740080297
1392,99.28465607135104,0.11936835528213291,1.734723475976807e-18,0.6228620953885677,1.8666063834203295,-1.734723475976807e-18,0.3084965207096748,0.9542463219549846,-4.371503159461554e-16,48.11350679730445,140.4254065067719,3.469446951953614e-18,1.9389171060531747,5.439029953839338,5.204170427930421e-18,2.8539471402989567,8.251289556450583,0.3410385666046972,1157.4547681671306,1.8796997720728086,1159.6755065058082,1163.7543601333787,-2.590466285046433,0.0,20.433466220490637,17.842999935444205,1.0,3.5207080297140875e-05,0.0,4.242640687119285,0.04664558229903513,0.0010879051740080297
1394,99.52885098356083,0.12316447688761345,1.734723475976807e-18,0.5863680416452844,1.764583487559173,3.469446951953614e-18,0.32293773397505404,0.9970280370734808,4.85722573273506e-17,48.21966794291327,140.72148923095295,0.0,1.8211142159322704,5.170891791010481,-6.071532165918825e-18,2.677353747362502,7.8858650846137195,0.31873192718357257,1162.5681882624085,1.658228493735304,1164.5451486833274,1168.1387974109618,-2.598454565780121,0.0,20.557877085632843,17.959422519852723,1.0,3.5207080297140875e-05,0.0,4.242640687119285,0.04664558229903513,0.0010879051740080297
1396,99.77948240957241,0.12602913708575594,-1.734723475976807e-18,0.5469087037979468,1.661548182899775,5.204170427930421e-18,0.33920445537379756,1.030059696715736,1.734723475976807e-16,48.328594441909296,140.9804745258091,1.734723475976807e-17,1.70170766430505,5.0137363556595425,4.336808689942018e-18,2.4942597159675834,7.367228500355935,0.29250829061891565,1167.8265203652727,1.4479044873772744,1169.566933143269,1172.6945971439345,-2.606731537852401,0.0,20.79372492631741,18.18699338846501,1.0,3.5207080297140875e-05,0.0,4.242640687119285,0.04664558229903513,0.0010879051740080297
1398,100.0,0.09212573191412332,5.204170427930421e-18,0.5130592998610802,1.5665674340765028,-1.734723475976807e-18,0.3425280094408815,1.1030057680121423,5.724587470723463e-16,48.42435965360078,141.17458648412617,1.0408340855860843e-17,1.607108586425026,4.902260803265342,1.734723475976807e-17,2.349717180091769,7.049138762015902,0.2678692741687032,1172.4593039306396,1.2913990042805226,1174.018572209089,1176.8006873365023,-2.614684330205911,0.0,21.24375403601821,18.6290697058123,1.0,3.5207080297140875e-05,0.0,4.242640687119285,0.04664558229903513,0.0010879051740080297
