2026-06-08T12:37:42+12:00 run start {'title': 'Inhomogeneous rmhd simulation test', 'input_file': 'C:\\Users\\naoki\\Downloads\\rmhd-gpu-new\\examples\\nokias_inhomogeneous.input', 'output_dir': 'C:\\Users\\naoki\\Downloads\\rmhd-gpu-new\\examples\\outputs_nokia_rmhd_s_14', 'backend': 'numpy', 'equation_set': 'inhomogeneous_rmhd_s', 'equation_mode': 'nonlinear', 'grid': [16, 16, 16], 'output_cadences': {'scalar': 0.25, 'spectra': 0.0, 'full_field': 0.0}, 'hostname': 'Naoki', 'python_executable': 'C:\\Users\\naoki\\AppData\\Local\\Programs\\Python\\Python313\\python.exe', 'git_commit': 'cde2789c3d6596cb8e14f232da25acf4598750f1', 'command': "'C:\\Users\\naoki\\Downloads\\rmhd-gpu-new\\rmhdgpu\\run.py' '.\\examples\\nokias_inhomogeneous.input'"}
2026-06-08T12:37:42+12:00 run setup {'resolved_output_dir': 'C:\\Users\\naoki\\Downloads\\rmhd-gpu-new\\examples\\outputs_nokia_rmhd_s_14', 'input_file': 'C:\\Users\\naoki\\Downloads\\rmhd-gpu-new\\examples\\nokias_inhomogeneous.input', 'backend': 'numpy', 'equation_set': 'inhomogeneous_rmhd_s', 'equation_mode': 'nonlinear', 'grid': [16, 16, 16], 'output_cadences': {'scalar': 0.25, 'spectra': 0.0, 'full_field': 0.0}, 'dissipation_mode': 'auto', 'initial_condition': {'type': 'random_spectrum', 'parameters': {'n_min': 1.0, 'n_max': 3.0, 'alpha': 0.0, 'init_energy': 0.75, 'seed': 1}}}
2026-06-08T12:37:42+12:00 scalar diagnostics {'step': 0, 'time': 0.0, 'dt': 0.0, 'total_energy': 0.7500000000000001}
2026-06-08T12:37:42+12:00 scalar diagnostics {'step': 3, 'time': 0.2770586012446677, 'dt': 0.09340266558463027, 'total_energy': 0.7905771521772421}
2026-06-08T12:37:42+12:00 scalar diagnostics {'step': 6, 'time': 0.5995726412108462, 'dt': 0.11558271600816511, 'total_energy': 0.9388250510701048}
2026-06-08T12:37:42+12:00 scalar diagnostics {'step': 8, 'time': 0.8225571333722035, 'dt': 0.10771623627468013, 'total_energy': 1.098222439629276}
2026-06-08T12:37:42+12:00 scalar diagnostics {'step': 10, 'time': 1.031612000895565, 'dt': 0.10314076586311462, 'total_energy': 1.2681033933829169}
2026-06-08T12:37:42+12:00 scalar diagnostics {'step': 13, 'time': 1.3433978352812779, 'dt': 0.10664416318994488, 'total_energy': 1.5132152670285648}
2026-06-08T12:37:42+12:00 scalar diagnostics {'step': 15, 'time': 1.5702009363983727, 'dt': 0.11399082537226232, 'total_energy': 1.6697325730318633}
2026-06-08T12:37:42+12:00 scalar diagnostics {'step': 17, 'time': 1.7896449602185653, 'dt': 0.10922954707653668, 'total_energy': 1.806931491630972}
2026-06-08T12:37:42+12:00 scalar diagnostics {'step': 19, 'time': 2.0127183400815443, 'dt': 0.11252701152187138, 'total_energy': 1.9390908367055455}
2026-06-08T12:37:42+12:00 scalar diagnostics {'step': 22, 'time': 2.323969240117997, 'dt': 0.10094710237132806, 'total_energy': 2.1186474302259173}
2026-06-08T12:37:42+12:00 scalar diagnostics {'step': 24, 'time': 2.53519906588793, 'dt': 0.10585997772732429, 'total_energy': 2.240674028137036}
2026-06-08T12:37:42+12:00 scalar diagnostics {'step': 27, 'time': 2.8266627140434455, 'dt': 0.0899176750766286, 'total_energy': 2.4199876860778726}
2026-06-08T12:37:42+12:00 scalar diagnostics {'step': 29, 'time': 3.0005023305991676, 'dt': 0.08753663305079366, 'total_energy': 2.540102793514154}
2026-06-08T12:37:42+12:00 scalar diagnostics {'step': 32, 'time': 3.2722598624754733, 'dt': 0.08979939971778816, 'total_energy': 2.7573919012109616}
2026-06-08T12:37:42+12:00 scalar diagnostics {'step': 35, 'time': 3.5238111749446763, 'dt': 0.08060446887471658, 'total_energy': 2.9948304824948826}
2026-06-08T12:37:42+12:00 scalar diagnostics {'step': 38, 'time': 3.7572383446507267, 'dt': 0.07665647614204277, 'total_energy': 3.2418772385464543}
2026-06-08T12:37:42+12:00 scalar diagnostics {'step': 42, 'time': 4.0841555293343665, 'dt': 0.08628231419304147, 'total_energy': 3.6250339505397324}
2026-06-08T12:37:42+12:00 scalar diagnostics {'step': 44, 'time': 4.261334819132583, 'dt': 0.08964414629186668, 'total_energy': 3.84828282270176}
2026-06-08T12:37:42+12:00 scalar diagnostics {'step': 47, 'time': 4.530754852025811, 'dt': 0.09286097377337922, 'total_energy': 4.206044882491965}
2026-06-08T12:37:42+12:00 scalar diagnostics {'step': 50, 'time': 4.799231449659771, 'dt': 0.0877985500618527, 'total_energy': 4.576231512590939}
2026-06-08T12:37:42+12:00 scalar diagnostics {'step': 53, 'time': 5.049310978732152, 'dt': 0.08292266869022194, 'total_energy': 4.9184201058469}
2026-06-08T12:37:42+12:00 scalar diagnostics {'step': 56, 'time': 5.298886640405598, 'dt': 0.0832042154766426, 'total_energy': 5.257167991126457}
2026-06-08T12:37:43+12:00 scalar diagnostics {'step': 59, 'time': 5.5582305939782515, 'dt': 0.08866805167201054, 'total_energy': 5.6016932342401615}
2026-06-08T12:37:43+12:00 scalar diagnostics {'step': 62, 'time': 5.814196411747938, 'dt': 0.08247037872118017, 'total_energy': 5.925397198104586}
2026-06-08T12:37:43+12:00 scalar diagnostics {'step': 65, 'time': 6.043731240861149, 'dt': 0.07579381602441314, 'total_energy': 6.220801577411751}
2026-06-08T12:37:43+12:00 scalar diagnostics {'step': 68, 'time': 6.288267200799246, 'dt': 0.08421225625121743, 'total_energy': 6.563567319140516}
2026-06-08T12:37:43+12:00 scalar diagnostics {'step': 71, 'time': 6.540300812404033, 'dt': 0.08556997056677726, 'total_energy': 6.9569592331252705}
2026-06-08T12:37:43+12:00 scalar diagnostics {'step': 74, 'time': 6.78560807467193, 'dt': 0.07776198651179102, 'total_energy': 7.358807632273518}
2026-06-08T12:37:43+12:00 scalar diagnostics {'step': 77, 'time': 7.001554055576874, 'dt': 0.07197509283661159, 'total_energy': 7.695048101455065}
2026-06-08T12:37:43+12:00 scalar diagnostics {'step': 81, 'time': 7.282829729576248, 'dt': 0.06880847530015548, 'total_energy': 8.113013906639502}
2026-06-08T12:37:43+12:00 scalar diagnostics {'step': 85, 'time': 7.549756819582474, 'dt': 0.0642075377756047, 'total_energy': 8.51478096057883}
2026-06-08T12:37:43+12:00 scalar diagnostics {'step': 89, 'time': 7.794713272442584, 'dt': 0.06143021544458303, 'total_energy': 8.92899096961892}
2026-06-08T12:37:43+12:00 scalar diagnostics {'step': 93, 'time': 8.046708561727353, 'dt': 0.059791260011609546, 'total_energy': 9.39212953480668}
2026-06-08T12:37:43+12:00 scalar diagnostics {'step': 97, 'time': 8.26681895308522, 'dt': 0.05513729554331933, 'total_energy': 9.84683090747044}
2026-06-08T12:37:43+12:00 progress {'step': 100, 'time': 8.431164045603902, 'dt': 0.05576606265783881}
2026-06-08T12:37:43+12:00 scalar diagnostics {'step': 102, 'time': 8.543221685746975, 'dt': 0.055742241256378576, 'total_energy': 10.4819816376313}
2026-06-08T12:37:43+12:00 scalar diagnostics {'step': 106, 'time': 8.772446931767437, 'dt': 0.06045845479728118, 'total_energy': 11.014132173716783}
2026-06-08T12:37:43+12:00 scalar diagnostics {'step': 110, 'time': 9.01464671761432, 'dt': 0.06058491192808452, 'total_energy': 11.61303469975276}
2026-06-08T12:37:43+12:00 scalar diagnostics {'step': 114, 'time': 9.25692485060731, 'dt': 0.057898161724857136, 'total_energy': 12.279899861606676}
2026-06-08T12:37:43+12:00 scalar diagnostics {'step': 119, 'time': 9.5207308747923, 'dt': 0.04827151072659751, 'total_energy': 12.980678372714772}
2026-06-08T12:37:43+12:00 scalar diagnostics {'step': 124, 'time': 9.760913104998446, 'dt': 0.05106202924329646, 'total_energy': 13.528840642237238}
2026-06-08T12:37:43+12:00 scalar diagnostics {'step': 129, 'time': 10.016655549622588, 'dt': 0.05190436244534766, 'total_energy': 14.112275963334092}
2026-06-08T12:37:43+12:00 scalar diagnostics {'step': 134, 'time': 10.288109200001092, 'dt': 0.05441441581045944, 'total_energy': 14.770474341256842}
2026-06-08T12:37:43+12:00 scalar diagnostics {'step': 139, 'time': 10.535469889891964, 'dt': 0.04872569665994196, 'total_energy': 15.401519726804887}
2026-06-08T12:37:43+12:00 scalar diagnostics {'step': 144, 'time': 10.769044322043488, 'dt': 0.04547968429438951, 'total_energy': 15.922647340046598}
2026-06-08T12:37:44+12:00 scalar diagnostics {'step': 149, 'time': 11.005731820256157, 'dt': 0.048650996893174876, 'total_energy': 16.408078214965244}
2026-06-08T12:37:44+12:00 scalar diagnostics {'step': 155, 'time': 11.259697221105059, 'dt': 0.03920149542013046, 'total_energy': 16.927750855519946}
2026-06-08T12:37:44+12:00 scalar diagnostics {'step': 162, 'time': 11.52335416755022, 'dt': 0.039163401768528484, 'total_energy': 17.63727415821372}
2026-06-08T12:37:44+12:00 scalar diagnostics {'step': 168, 'time': 11.759622674457473, 'dt': 0.04021505795742058, 'total_energy': 18.31735235700929}
2026-06-08T12:37:44+12:00 scalar diagnostics {'step': 175, 'time': 12.029613908837346, 'dt': 0.036824868310493655, 'total_energy': 19.092637868181598}
2026-06-08T12:37:44+12:00 scalar diagnostics {'step': 181, 'time': 12.267519825689554, 'dt': 0.04276370728415918, 'total_energy': 19.840456771134985}
2026-06-08T12:37:44+12:00 scalar diagnostics {'step': 187, 'time': 12.50282897098618, 'dt': 0.03895951126960436, 'total_energy': 20.446756129514505}
2026-06-08T12:37:44+12:00 scalar diagnostics {'step': 194, 'time': 12.782400143743324, 'dt': 0.03698261590876687, 'total_energy': 21.030125446504922}
2026-06-08T12:37:44+12:00 progress {'step': 200, 'time': 12.990773848843682, 'dt': 0.0376277219272147}
2026-06-08T12:37:44+12:00 scalar diagnostics {'step': 201, 'time': 13.028347553983316, 'dt': 0.037573705139634386, 'total_energy': 21.459464646886353}
2026-06-08T12:37:44+12:00 scalar diagnostics {'step': 207, 'time': 13.265090674628677, 'dt': 0.03903236190602592, 'total_energy': 21.71888829192033}
2026-06-08T12:37:44+12:00 scalar diagnostics {'step': 214, 'time': 13.508062624239724, 'dt': 0.033893648200007016, 'total_energy': 21.72305116625914}
2026-06-08T12:37:44+12:00 scalar diagnostics {'step': 222, 'time': 13.757159434366853, 'dt': 0.035500671540491344, 'total_energy': 21.386396746113526}
2026-06-08T12:37:44+12:00 scalar diagnostics {'step': 229, 'time': 14.018466989573685, 'dt': 0.03882448508604127, 'total_energy': 20.651809777290147}
2026-06-08T12:37:44+12:00 scalar diagnostics {'step': 236, 'time': 14.29065208554339, 'dt': 0.04286840399241195, 'total_energy': 18.978008040223248}
2026-06-08T12:37:45+12:00 scalar diagnostics {'step': 242, 'time': 14.526300813455572, 'dt': 0.03998248903395433, 'total_energy': 17.11858560818053}
2026-06-08T12:37:45+12:00 scalar diagnostics {'step': 248, 'time': 14.759331314527147, 'dt': 0.04055183569048849, 'total_energy': 15.025973013450727}
2026-06-08T12:37:45+12:00 scalar diagnostics {'step': 254, 'time': 15.011730824766522, 'dt': 0.04120289069170058, 'total_energy': 12.336975901840365}
2026-06-08T12:37:45+12:00 scalar diagnostics {'step': 260, 'time': 15.286441113324942, 'dt': 0.04655112639990409, 'total_energy': 10.144351949381237}
2026-06-08T12:37:45+12:00 scalar diagnostics {'step': 265, 'time': 15.552030892987473, 'dt': 0.0566756077938988, 'total_energy': 7.898376820551401}
2026-06-08T12:37:45+12:00 scalar diagnostics {'step': 269, 'time': 15.78932442357973, 'dt': 0.05788824911649499, 'total_energy': 6.891212553993755}
2026-06-08T12:37:45+12:00 scalar diagnostics {'step': 273, 'time': 16.02930293168485, 'dt': 0.05739929098216595, 'total_energy': 5.956822113372827}
2026-06-08T12:37:45+12:00 scalar diagnostics {'step': 277, 'time': 16.259112754128356, 'dt': 0.059750391279316147, 'total_energy': 5.425401824595913}
2026-06-08T12:37:45+12:00 scalar diagnostics {'step': 281, 'time': 16.530333941276467, 'dt': 0.06877937718888422, 'total_energy': 4.961063211756312}
2026-06-08T12:37:45+12:00 scalar diagnostics {'step': 285, 'time': 16.823633875433636, 'dt': 0.07611909341334343, 'total_energy': 4.578074622317848}
2026-06-08T12:37:45+12:00 scalar diagnostics {'step': 288, 'time': 17.056131246442803, 'dt': 0.08047085688527988, 'total_energy': 4.405119261072333}
2026-06-08T12:37:45+12:00 scalar diagnostics {'step': 291, 'time': 17.312212440908073, 'dt': 0.08773763915489602, 'total_energy': 4.219468042403019}
2026-06-08T12:37:45+12:00 scalar diagnostics {'step': 294, 'time': 17.561408547928473, 'dt': 0.08525239979079785, 'total_energy': 4.023343219846927}
2026-06-08T12:37:45+12:00 scalar diagnostics {'step': 297, 'time': 17.831119942236317, 'dt': 0.08849475569131508, 'total_energy': 3.8068771011809637}
2026-06-08T12:37:45+12:00 scalar diagnostics {'step': 299, 'time': 18.014690293457065, 'dt': 0.09183355064288468, 'total_energy': 3.6606368744621065}
2026-06-08T12:37:45+12:00 progress {'step': 300, 'time': 18.109472270125632, 'dt': 0.09478197666856897}
2026-06-08T12:37:45+12:00 scalar diagnostics {'step': 302, 'time': 18.314860584249555, 'dt': 0.10249804692173711, 'total_energy': 3.444582081255155}
2026-06-08T12:37:45+12:00 scalar diagnostics {'step': 304, 'time': 18.52781088039687, 'dt': 0.10992657702145768, 'total_energy': 3.3180210021895857}
2026-06-08T12:37:45+12:00 scalar diagnostics {'step': 307, 'time': 18.84832821068038, 'dt': 0.10631462038318899, 'total_energy': 3.141873304797886}
2026-06-08T12:37:45+12:00 scalar diagnostics {'step': 309, 'time': 19.064219123877088, 'dt': 0.1075602746515579, 'total_energy': 3.0408102960678622}
2026-06-08T12:37:45+12:00 scalar diagnostics {'step': 312, 'time': 19.347581178163594, 'dt': 0.09813701810493723, 'total_energy': 2.935611098847051}
2026-06-08T12:37:45+12:00 scalar diagnostics {'step': 314, 'time': 19.531104267527216, 'dt': 0.08980451975862416, 'total_energy': 2.8950025489763034}
2026-06-08T12:37:45+12:00 scalar diagnostics {'step': 317, 'time': 19.809250661676764, 'dt': 0.09151556379109162, 'total_energy': 2.8939481706817434}
2026-06-08T12:37:45+12:00 scalar diagnostics {'step': 320, 'time': 20.077803859371386, 'dt': 0.09413279625644755, 'total_energy': 2.917691475305272}
2026-06-08T12:37:45+12:00 scalar diagnostics {'step': 322, 'time': 20.29969506134781, 'dt': 0.11593170869242903, 'total_energy': 2.936734583311242}
2026-06-08T12:37:45+12:00 scalar diagnostics {'step': 324, 'time': 20.522274930452777, 'dt': 0.11116575023239933, 'total_energy': 2.96819714417711}
2026-06-08T12:37:46+12:00 scalar diagnostics {'step': 327, 'time': 20.84617564080928, 'dt': 0.10902127401367519, 'total_energy': 2.9986472437342435}
2026-06-08T12:37:46+12:00 scalar diagnostics {'step': 329, 'time': 21.082540439359946, 'dt': 0.12274398911501273, 'total_energy': 3.000307667487221}
2026-06-08T12:37:46+12:00 scalar diagnostics {'step': 331, 'time': 21.325548047105052, 'dt': 0.12205738631360755, 'total_energy': 3.002346330997932}
2026-06-08T12:37:46+12:00 scalar diagnostics {'step': 333, 'time': 21.574892627954096, 'dt': 0.12587308261722624, 'total_energy': 3.016857530725885}
2026-06-08T12:37:46+12:00 scalar diagnostics {'step': 335, 'time': 21.8106029646292, 'dt': 0.11626267348012542, 'total_energy': 3.0604522499861093}
2026-06-08T12:37:46+12:00 scalar diagnostics {'step': 337, 'time': 22.040275731813296, 'dt': 0.10713968602023954, 'total_energy': 3.1297134265309303}
2026-06-08T12:37:46+12:00 scalar diagnostics {'step': 340, 'time': 22.341513027730358, 'dt': 0.1019964243234187, 'total_energy': 3.196021786219986}
2026-06-08T12:37:46+12:00 scalar diagnostics {'step': 342, 'time': 22.56466600079685, 'dt': 0.10967995361926436, 'total_energy': 3.2001330205659464}
2026-06-08T12:37:46+12:00 scalar diagnostics {'step': 344, 'time': 22.77686901159223, 'dt': 0.10440080252542927, 'total_energy': 3.1796950348855892}
2026-06-08T12:37:46+12:00 scalar diagnostics {'step': 346, 'time': 23.004638110375517, 'dt': 0.12037401539183938, 'total_energy': 3.1496543428061834}
2026-06-08T12:37:46+12:00 scalar diagnostics {'step': 348, 'time': 23.251022117298827, 'dt': 0.12227568818772289, 'total_energy': 3.142912183743739}
2026-06-08T12:37:46+12:00 scalar diagnostics {'step': 351, 'time': 23.58835166005703, 'dt': 0.10721113946255427, 'total_energy': 3.1763049010359903}
2026-06-08T12:37:46+12:00 scalar diagnostics {'step': 353, 'time': 23.813550974690287, 'dt': 0.11557056779152966, 'total_energy': 3.19383463951557}
2026-06-08T12:37:46+12:00 scalar diagnostics {'step': 355, 'time': 24.037334575775144, 'dt': 0.10769843902974376, 'total_energy': 3.2006583296707114}
2026-06-08T12:37:46+12:00 scalar diagnostics {'step': 357, 'time': 24.254297587703814, 'dt': 0.10809876575312985, 'total_energy': 3.1766179670974775}
2026-06-08T12:37:46+12:00 scalar diagnostics {'step': 360, 'time': 24.5965118557781, 'dt': 0.11841038649443231, 'total_energy': 3.0718916611396048}
2026-06-08T12:37:46+12:00 scalar diagnostics {'step': 362, 'time': 24.838588679277226, 'dt': 0.12301437629161294, 'total_energy': 2.9966742764905705}
2026-06-08T12:37:46+12:00 scalar diagnostics {'step': 364, 'time': 25.09510719827327, 'dt': 0.12955043397368524, 'total_energy': 2.927319621579736}
2026-06-08T12:37:46+12:00 scalar diagnostics {'step': 366, 'time': 25.356867557101616, 'dt': 0.13343616913155604, 'total_energy': 2.863147392050374}
2026-06-08T12:37:46+12:00 scalar diagnostics {'step': 368, 'time': 25.6535614131253, 'dt': 0.15455819297959247, 'total_energy': 2.8102093196049798}
2026-06-08T12:37:46+12:00 scalar diagnostics {'step': 369, 'time': 25.799531895216084, 'dt': 0.14597048209078659, 'total_energy': 2.791132398430049}
2026-06-08T12:37:46+12:00 scalar diagnostics {'step': 371, 'time': 26.095225582790697, 'dt': 0.14854141890225914, 'total_energy': 2.766126315167438}
2026-06-08T12:37:46+12:00 scalar diagnostics {'step': 372, 'time': 26.25498669645005, 'dt': 0.15976111365935347, 'total_energy': 2.7686969918713817}
2026-06-08T12:37:46+12:00 scalar diagnostics {'step': 374, 'time': 26.599878493393422, 'dt': 0.17937751681661843, 'total_energy': 2.8301064693914864}
2026-06-08T12:37:46+12:00 scalar diagnostics {'step': 375, 'time': 26.77029192313198, 'dt': 0.17041342973855408, 'total_energy': 2.8877122615079447}
2026-06-08T12:37:46+12:00 scalar diagnostics {'step': 377, 'time': 27.080214615797946, 'dt': 0.15146048356308014, 'total_energy': 3.0056499802240255}
2026-06-08T12:37:46+12:00 scalar diagnostics {'step': 379, 'time': 27.40359802329786, 'dt': 0.164169770119033, 'total_energy': 3.1005438356181156}
2026-06-08T12:37:46+12:00 scalar diagnostics {'step': 380, 'time': 27.587537498633747, 'dt': 0.1839394753358881, 'total_energy': 3.140478683645294}
2026-06-08T12:37:46+12:00 scalar diagnostics {'step': 381, 'time': 27.7725861142633, 'dt': 0.1850486156295557, 'total_energy': 3.1636365933068165}
2026-06-08T12:37:46+12:00 scalar diagnostics {'step': 383, 'time': 28.12711810519508, 'dt': 0.17533646830058833, 'total_energy': 3.1537759442408944}
2026-06-08T12:37:46+12:00 scalar diagnostics {'step': 384, 'time': 28.304886746110515, 'dt': 0.17776864091543487, 'total_energy': 3.1476030135846247}
2026-06-08T12:37:46+12:00 scalar diagnostics {'step': 386, 'time': 28.610365389705176, 'dt': 0.14196868785914196, 'total_energy': 3.1641785587749514}
2026-06-08T12:37:46+12:00 scalar diagnostics {'step': 388, 'time': 28.885902325846384, 'dt': 0.14000322934652606, 'total_energy': 3.1941031355298057}
2026-06-08T12:37:46+12:00 scalar diagnostics {'step': 389, 'time': 29.041115642500017, 'dt': 0.15521331665363364, 'total_energy': 3.2140255904290833}
2026-06-08T12:37:46+12:00 scalar diagnostics {'step': 391, 'time': 29.358133265367115, 'dt': 0.1548726218254595, 'total_energy': 3.2618305517219337}
2026-06-08T12:37:46+12:00 scalar diagnostics {'step': 392, 'time': 29.52106267358427, 'dt': 0.16292940821715693, 'total_energy': 3.289450321544459}
2026-06-08T12:37:46+12:00 scalar diagnostics {'step': 394, 'time': 29.84854282229783, 'dt': 0.16489326298048101, 'total_energy': 3.3504274565747663}
2026-06-08T12:37:46+12:00 scalar diagnostics {'step': 395, 'time': 30.03693856451204, 'dt': 0.18839574221421107, 'total_energy': 3.387973217138796}
2026-06-08T12:37:46+12:00 scalar diagnostics {'step': 397, 'time': 30.402525059179123, 'dt': 0.17321446073435307, 'total_energy': 3.482471965301181}
2026-06-08T12:37:46+12:00 scalar diagnostics {'step': 398, 'time': 30.56611593355282, 'dt': 0.1635908743736973, 'total_energy': 3.5309174144540836}
2026-06-08T12:37:46+12:00 progress {'step': 400, 'time': 30.87712089560505, 'dt': 0.15226275704801723}
2026-06-08T12:37:46+12:00 scalar diagnostics {'step': 400, 'time': 30.87712089560505, 'dt': 0.15226275704801723, 'total_energy': 3.6146754803505745}
2026-06-08T12:37:46+12:00 scalar diagnostics {'step': 401, 'time': 31.025475122801627, 'dt': 0.14835422719657648, 'total_energy': 3.6546235728040593}
2026-06-08T12:37:46+12:00 scalar diagnostics {'step': 403, 'time': 31.315121384606055, 'dt': 0.14643294563937592, 'total_energy': 3.7357282263107923}
2026-06-08T12:37:46+12:00 scalar diagnostics {'step': 405, 'time': 31.646995382235026, 'dt': 0.1703936567972123, 'total_energy': 3.8152242711413145}
2026-06-08T12:37:46+12:00 scalar diagnostics {'step': 406, 'time': 31.817217237392278, 'dt': 0.17022185515725002, 'total_energy': 3.8518755672360516}
2026-06-08T12:37:46+12:00 scalar diagnostics {'step': 408, 'time': 32.14197581550952, 'dt': 0.1612194818060722, 'total_energy': 3.9218275308762127}
2026-06-08T12:37:46+12:00 scalar diagnostics {'step': 409, 'time': 32.31174786166886, 'dt': 0.16977204615934777, 'total_energy': 3.953937387932635}
2026-06-08T12:37:47+12:00 scalar diagnostics {'step': 411, 'time': 32.65090485577566, 'dt': 0.16369220219038091, 'total_energy': 3.9956723372589167}
2026-06-08T12:37:47+12:00 scalar diagnostics {'step': 412, 'time': 32.81454514220693, 'dt': 0.16364028643127482, 'total_energy': 4.00254701640581}
2026-06-08T12:37:47+12:00 scalar diagnostics {'step': 414, 'time': 33.16160797284884, 'dt': 0.1715849343022575, 'total_energy': 4.004275901967512}
2026-06-08T12:37:47+12:00 scalar diagnostics {'step': 415, 'time': 33.34214396269086, 'dt': 0.18053598984202365, 'total_energy': 4.011363229299993}
2026-06-08T12:37:47+12:00 scalar diagnostics {'step': 416, 'time': 33.538493503540224, 'dt': 0.19634954084936207, 'total_energy': 4.025152152735796}
2026-06-08T12:37:47+12:00 scalar diagnostics {'step': 418, 'time': 33.923888495601574, 'dt': 0.19634954084936207, 'total_energy': 4.053726860763252}
2026-06-08T12:37:47+12:00 scalar diagnostics {'step': 419, 'time': 34.10504340712536, 'dt': 0.1811549115237816, 'total_energy': 4.061834608398705}
2026-06-08T12:37:47+12:00 scalar diagnostics {'step': 420, 'time': 34.28045218809084, 'dt': 0.175408780965484, 'total_energy': 4.064987829638968}
2026-06-08T12:37:47+12:00 scalar diagnostics {'step': 422, 'time': 34.60810623757194, 'dt': 0.1630489078015357, 'total_energy': 4.07236449854976}
2026-06-08T12:37:47+12:00 scalar diagnostics {'step': 423, 'time': 34.7752356136365, 'dt': 0.1671293760645557, 'total_energy': 4.0835364658687805}
2026-06-08T12:37:47+12:00 scalar diagnostics {'step': 425, 'time': 35.10229481703582, 'dt': 0.16027055034957663, 'total_energy': 4.119696851950084}
2026-06-08T12:37:47+12:00 scalar diagnostics {'step': 426, 'time': 35.26506159023181, 'dt': 0.16276677319599048, 'total_energy': 4.142977740670849}
2026-06-08T12:37:47+12:00 scalar diagnostics {'step': 428, 'time': 35.62254708251221, 'dt': 0.18563312953603484, 'total_energy': 4.197274598103252}
2026-06-08T12:37:47+12:00 scalar diagnostics {'step': 429, 'time': 35.818896623361574, 'dt': 0.19634954084936207, 'total_energy': 4.22154447898567}
2026-06-08T12:37:47+12:00 scalar diagnostics {'step': 431, 'time': 36.163132853805976, 'dt': 0.16828728821283115, 'total_energy': 4.264460462590089}
2026-06-08T12:37:47+12:00 scalar diagnostics {'step': 432, 'time': 36.32428925264264, 'dt': 0.16115639883666505, 'total_energy': 4.291531730160372}
2026-06-08T12:37:47+12:00 scalar diagnostics {'step': 434, 'time': 36.64527899738959, 'dt': 0.16435844520667775, 'total_energy': 4.364106351417728}
2026-06-08T12:37:47+12:00 scalar diagnostics {'step': 435, 'time': 36.84054424334192, 'dt': 0.1952652459523311, 'total_energy': 4.423600663734581}
2026-06-08T12:37:47+12:00 scalar diagnostics {'step': 436, 'time': 37.03689378419128, 'dt': 0.19634954084936207, 'total_energy': 4.497147373882238}
2026-06-08T12:37:47+12:00 scalar diagnostics {'step': 438, 'time': 37.42959286589, 'dt': 0.19634954084936207, 'total_energy': 4.671004505251815}
2026-06-08T12:37:47+12:00 scalar diagnostics {'step': 439, 'time': 37.62594240673936, 'dt': 0.19634954084936207, 'total_energy': 4.759770487559289}
2026-06-08T12:37:47+12:00 scalar diagnostics {'step': 440, 'time': 37.822291947588724, 'dt': 0.19634954084936207, 'total_energy': 4.843931365437854}
2026-06-08T12:37:47+12:00 scalar diagnostics {'step': 441, 'time': 38.018641488438085, 'dt': 0.19634954084936207, 'total_energy': 4.923863134134313}
2026-06-08T12:37:47+12:00 scalar diagnostics {'step': 443, 'time': 38.41134057013681, 'dt': 0.19634954084936207, 'total_energy': 5.072698962329069}
2026-06-08T12:37:47+12:00 scalar diagnostics {'step': 444, 'time': 38.59467681966691, 'dt': 0.18333624953010366, 'total_energy': 5.130646727457272}
2026-06-08T12:37:47+12:00 scalar diagnostics {'step': 445, 'time': 38.777061160187024, 'dt': 0.18238434052011754, 'total_energy': 5.178281300356488}
2026-06-08T12:37:47+12:00 scalar diagnostics {'step': 447, 'time': 39.16976024188575, 'dt': 0.19634954084936207, 'total_energy': 5.248388464841152}
2026-06-08T12:37:47+12:00 scalar diagnostics {'step': 448, 'time': 39.36610978273511, 'dt': 0.19634954084936207, 'total_energy': 5.261129723872699}
2026-06-08T12:37:47+12:00 scalar diagnostics {'step': 449, 'time': 39.56176722389904, 'dt': 0.19565744116392955, 'total_energy': 5.255869716377003}
2026-06-08T12:37:47+12:00 scalar diagnostics {'step': 451, 'time': 39.93883975511102, 'dt': 0.19089660788173804, 'total_energy': 5.213761174561376}
2026-06-08T12:37:47+12:00 scalar diagnostics {'step': 452, 'time': 40.11624078208116, 'dt': 0.17740102697013452, 'total_energy': 5.190923581896003}
2026-06-08T12:37:47+12:00 scalar diagnostics {'step': 453, 'time': 40.285011112974914, 'dt': 0.16877033089375812, 'total_energy': 5.172709849325843}
2026-06-08T12:37:47+12:00 scalar diagnostics {'step': 455, 'time': 40.62643713914837, 'dt': 0.17342127571293656, 'total_energy': 5.149579727231594}
2026-06-08T12:37:47+12:00 scalar diagnostics {'step': 456, 'time': 40.810333529960694, 'dt': 0.18389639081232056, 'total_energy': 5.138852039333937}
2026-06-08T12:37:47+12:00 scalar diagnostics {'step': 457, 'time': 41.006683070810055, 'dt': 0.19634954084936207, 'total_energy': 5.121139602768386}
2026-06-08T12:37:47+12:00 scalar diagnostics {'step': 459, 'time': 41.39938215250878, 'dt': 0.19634954084936207, 'total_energy': 5.063833237609972}
2026-06-08T12:37:47+12:00 scalar diagnostics {'step': 460, 'time': 41.59573169335814, 'dt': 0.19634954084936207, 'total_energy': 5.039203511264344}
2026-06-08T12:37:47+12:00 scalar diagnostics {'step': 461, 'time': 41.7920812342075, 'dt': 0.19634954084936207, 'total_energy': 5.027101239102862}
2026-06-08T12:37:47+12:00 scalar diagnostics {'step': 463, 'time': 42.184780315906224, 'dt': 0.19634954084936207, 'total_energy': 5.043664043615615}
2026-06-08T12:37:47+12:00 scalar diagnostics {'step': 464, 'time': 42.381129856755585, 'dt': 0.19634954084936207, 'total_energy': 5.066004910494263}
2026-06-08T12:37:47+12:00 scalar diagnostics {'step': 465, 'time': 42.57747939760495, 'dt': 0.19634954084936207, 'total_energy': 5.097657755487878}
2026-06-08T12:37:47+12:00 scalar diagnostics {'step': 466, 'time': 42.77382893845431, 'dt': 0.19634954084936207, 'total_energy': 5.137739758238939}
2026-06-08T12:37:47+12:00 scalar diagnostics {'step': 468, 'time': 43.16652802015303, 'dt': 0.19634954084936207, 'total_energy': 5.227488396054568}
2026-06-08T12:37:47+12:00 scalar diagnostics {'step': 469, 'time': 43.36287756100239, 'dt': 0.19634954084936207, 'total_energy': 5.2721890012226895}
2026-06-08T12:37:47+12:00 scalar diagnostics {'step': 470, 'time': 43.559227101851754, 'dt': 0.19634954084936207, 'total_energy': 5.3162800200206775}
2026-06-08T12:37:47+12:00 scalar diagnostics {'step': 472, 'time': 43.92004141757899, 'dt': 0.17510120222707262, 'total_energy': 5.387378725398112}
2026-06-08T12:37:47+12:00 scalar diagnostics {'step': 473, 'time': 44.09311317970855, 'dt': 0.17307176212956274, 'total_energy': 5.413576491803185}
2026-06-08T12:37:47+12:00 scalar diagnostics {'step': 474, 'time': 44.27265760140338, 'dt': 0.17954442169482726, 'total_energy': 5.4333846842551665}
2026-06-08T12:37:47+12:00 scalar diagnostics {'step': 476, 'time': 44.661931234040274, 'dt': 0.19634954084936207, 'total_energy': 5.4548182168743935}
2026-06-08T12:37:47+12:00 scalar diagnostics {'step': 477, 'time': 44.858280774889636, 'dt': 0.19634954084936207, 'total_energy': 5.460682230119506}
2026-06-08T12:37:47+12:00 scalar diagnostics {'step': 478, 'time': 45.054630315739, 'dt': 0.19634954084936207, 'total_energy': 5.469546310515857}
2026-06-08T12:37:47+12:00 scalar diagnostics {'step': 479, 'time': 45.25097985658836, 'dt': 0.19634954084936207, 'total_energy': 5.485591344061662}
2026-06-08T12:37:47+12:00 scalar diagnostics {'step': 481, 'time': 45.64367893828708, 'dt': 0.19634954084936207, 'total_energy': 5.534757187260577}
2026-06-08T12:37:47+12:00 scalar diagnostics {'step': 482, 'time': 45.84002847913644, 'dt': 0.19634954084936207, 'total_energy': 5.557438726042434}
2026-06-08T12:37:47+12:00 scalar diagnostics {'step': 483, 'time': 46.036378019985804, 'dt': 0.19634954084936207, 'total_energy': 5.575215847494039}
2026-06-08T12:37:47+12:00 scalar diagnostics {'step': 485, 'time': 46.42907710168453, 'dt': 0.19634954084936207, 'total_energy': 5.603033064611269}
2026-06-08T12:37:47+12:00 scalar diagnostics {'step': 486, 'time': 46.62542664253389, 'dt': 0.19634954084936207, 'total_energy': 5.6137180332242655}
2026-06-08T12:37:47+12:00 scalar diagnostics {'step': 487, 'time': 46.82177618338325, 'dt': 0.19634954084936207, 'total_energy': 5.620573811443099}
2026-06-08T12:37:47+12:00 scalar diagnostics {'step': 488, 'time': 47.01812572423261, 'dt': 0.19634954084936207, 'total_energy': 5.623495052867605}
2026-06-08T12:37:48+12:00 scalar diagnostics {'step': 490, 'time': 47.410824805931334, 'dt': 0.19634954084936207, 'total_energy': 5.62160928635693}
2026-06-08T12:37:48+12:00 scalar diagnostics {'step': 491, 'time': 47.607174346780695, 'dt': 0.19634954084936207, 'total_energy': 5.6170512313547185}
2026-06-08T12:37:48+12:00 scalar diagnostics {'step': 492, 'time': 47.80352388763006, 'dt': 0.19634954084936207, 'total_energy': 5.61022234104321}
2026-06-08T12:37:48+12:00 scalar diagnostics {'step': 494, 'time': 48.19622296932878, 'dt': 0.19634954084936207, 'total_energy': 5.598148227137875}
2026-06-08T12:37:48+12:00 scalar diagnostics {'step': 495, 'time': 48.39257251017814, 'dt': 0.19634954084936207, 'total_energy': 5.597248134925668}
2026-06-08T12:37:48+12:00 scalar diagnostics {'step': 496, 'time': 48.5889220510275, 'dt': 0.19634954084936207, 'total_energy': 5.5997442921181175}
2026-06-08T12:37:48+12:00 scalar diagnostics {'step': 497, 'time': 48.785271591876864, 'dt': 0.19634954084936207, 'total_energy': 5.603656761706311}
2026-06-08T12:37:48+12:00 scalar diagnostics {'step': 499, 'time': 49.17797067357559, 'dt': 0.19634954084936207, 'total_energy': 5.6075876776748155}
2026-06-08T12:37:48+12:00 progress {'step': 500, 'time': 49.37432021442495, 'dt': 0.19634954084936207}
2026-06-08T12:37:48+12:00 scalar diagnostics {'step': 500, 'time': 49.37432021442495, 'dt': 0.19634954084936207, 'total_energy': 5.606598547191494}
2026-06-08T12:37:48+12:00 scalar diagnostics {'step': 501, 'time': 49.57066975527431, 'dt': 0.19634954084936207, 'total_energy': 5.6039964863488}
2026-06-08T12:37:48+12:00 scalar diagnostics {'step': 502, 'time': 49.76701929612367, 'dt': 0.19634954084936207, 'total_energy': 5.603277523589119}
2026-06-08T12:37:48+12:00 scalar diagnostics {'step': 504, 'time': 50.159718377822394, 'dt': 0.19634954084936207, 'total_energy': 5.606193144961854}
2026-06-08T12:37:48+12:00 scalar diagnostics {'step': 505, 'time': 50.356067918671755, 'dt': 0.19634954084936207, 'total_energy': 5.605937322045317}
2026-06-08T12:37:48+12:00 scalar diagnostics {'step': 506, 'time': 50.552417459521116, 'dt': 0.19634954084936207, 'total_energy': 5.601925631149567}
2026-06-08T12:37:48+12:00 scalar diagnostics {'step': 508, 'time': 50.94511654121984, 'dt': 0.19634954084936207, 'total_energy': 5.579198646505326}
2026-06-08T12:37:48+12:00 scalar diagnostics {'step': 509, 'time': 51.1414660820692, 'dt': 0.19634954084936207, 'total_energy': 5.560244342361922}
2026-06-08T12:37:48+12:00 scalar diagnostics {'step': 510, 'time': 51.33781562291856, 'dt': 0.19634954084936207, 'total_energy': 5.537746310442632}
2026-06-08T12:37:48+12:00 scalar diagnostics {'step': 511, 'time': 51.53416516376792, 'dt': 0.19634954084936207, 'total_energy': 5.512680349713165}
2026-06-08T12:37:48+12:00 scalar diagnostics {'step': 513, 'time': 51.926864245466646, 'dt': 0.19634954084936207, 'total_energy': 5.4840789731719175}
2026-06-08T12:37:48+12:00 scalar diagnostics {'step': 514, 'time': 52.12321378631601, 'dt': 0.19634954084936207, 'total_energy': 5.488545257698599}
2026-06-08T12:37:48+12:00 scalar diagnostics {'step': 515, 'time': 52.31956332716537, 'dt': 0.19634954084936207, 'total_energy': 5.505497129215816}
2026-06-08T12:37:48+12:00 scalar diagnostics {'step': 516, 'time': 52.51591286801473, 'dt': 0.19634954084936207, 'total_energy': 5.530718948082313}
2026-06-08T12:37:48+12:00 scalar diagnostics {'step': 518, 'time': 52.90861194971345, 'dt': 0.19634954084936207, 'total_energy': 5.590741536298684}
2026-06-08T12:37:48+12:00 scalar diagnostics {'step': 519, 'time': 53.104961490562815, 'dt': 0.19634954084936207, 'total_energy': 5.6246152132149625}
2026-06-08T12:37:48+12:00 scalar diagnostics {'step': 520, 'time': 53.301311031412176, 'dt': 0.19634954084936207, 'total_energy': 5.662499176516352}
2026-06-08T12:37:48+12:00 scalar diagnostics {'step': 522, 'time': 53.6940101131109, 'dt': 0.19634954084936207, 'total_energy': 5.748555659278779}
2026-06-08T12:37:48+12:00 scalar diagnostics {'step': 523, 'time': 53.89035965396026, 'dt': 0.19634954084936207, 'total_energy': 5.793227364918738}
2026-06-08T12:37:48+12:00 scalar diagnostics {'step': 524, 'time': 54.08670919480962, 'dt': 0.19634954084936207, 'total_energy': 5.837442090164015}
2026-06-08T12:37:48+12:00 scalar diagnostics {'step': 525, 'time': 54.28305873565898, 'dt': 0.19634954084936207, 'total_energy': 5.879574587882024}
2026-06-08T12:37:48+12:00 scalar diagnostics {'step': 527, 'time': 54.675757817357706, 'dt': 0.19634954084936207, 'total_energy': 5.946918182199157}
2026-06-08T12:37:48+12:00 scalar diagnostics {'step': 528, 'time': 54.87210735820707, 'dt': 0.19634954084936207, 'total_energy': 5.9668226883376345}
2026-06-08T12:37:48+12:00 scalar diagnostics {'step': 529, 'time': 55.06845689905643, 'dt': 0.19634954084936207, 'total_energy': 5.975451478938093}
2026-06-08T12:37:48+12:00 scalar diagnostics {'step': 530, 'time': 55.26480643990579, 'dt': 0.19634954084936207, 'total_energy': 5.9725431021911}
2026-06-08T12:37:48+12:00 scalar diagnostics {'step': 532, 'time': 55.65750552160451, 'dt': 0.19634954084936207, 'total_energy': 5.939111553959908}
2026-06-08T12:37:48+12:00 scalar diagnostics {'step': 533, 'time': 55.853855062453874, 'dt': 0.19634954084936207, 'total_energy': 5.9108215331499805}
2026-06-08T12:37:48+12:00 scalar diagnostics {'step': 534, 'time': 56.050204603303236, 'dt': 0.19634954084936207, 'total_energy': 5.87720572690235}
2026-06-08T12:37:48+12:00 scalar diagnostics {'step': 536, 'time': 56.44290368500196, 'dt': 0.19634954084936207, 'total_energy': 5.803412894959641}
2026-06-08T12:37:48+12:00 scalar diagnostics {'step': 537, 'time': 56.63925322585132, 'dt': 0.19634954084936207, 'total_energy': 5.773148265399203}
2026-06-08T12:37:48+12:00 scalar diagnostics {'step': 538, 'time': 56.83560276670068, 'dt': 0.19634954084936207, 'total_energy': 5.756148824987047}
2026-06-08T12:37:48+12:00 scalar diagnostics {'step': 539, 'time': 57.03195230755004, 'dt': 0.19634954084936207, 'total_energy': 5.756902602051017}
2026-06-08T12:37:48+12:00 scalar diagnostics {'step': 541, 'time': 57.424651389248766, 'dt': 0.19634954084936207, 'total_energy': 5.811104223816294}
2026-06-08T12:37:48+12:00 scalar diagnostics {'step': 542, 'time': 57.62100093009813, 'dt': 0.19634954084936207, 'total_energy': 5.855938264896207}
2026-06-08T12:37:48+12:00 scalar diagnostics {'step': 543, 'time': 57.81735047094749, 'dt': 0.19634954084936207, 'total_energy': 5.904433321517281}
2026-06-08T12:37:48+12:00 scalar diagnostics {'step': 544, 'time': 58.01370001179685, 'dt': 0.19634954084936207, 'total_energy': 5.951726746367083}
2026-06-08T12:37:48+12:00 scalar diagnostics {'step': 546, 'time': 58.40639909349557, 'dt': 0.19634954084936207, 'total_energy': 6.037520632568586}
2026-06-08T12:37:48+12:00 scalar diagnostics {'step': 547, 'time': 58.602748634344934, 'dt': 0.19634954084936207, 'total_energy': 6.079904901553498}
2026-06-08T12:37:48+12:00 scalar diagnostics {'step': 548, 'time': 58.799098175194295, 'dt': 0.19634954084936207, 'total_energy': 6.124842304410957}
2026-06-08T12:37:48+12:00 scalar diagnostics {'step': 550, 'time': 59.19179725689302, 'dt': 0.19634954084936207, 'total_energy': 6.219400727954444}
2026-06-08T12:37:48+12:00 scalar diagnostics {'step': 551, 'time': 59.38814679774238, 'dt': 0.19634954084936207, 'total_energy': 6.266218949374585}
2026-06-08T12:37:48+12:00 scalar diagnostics {'step': 552, 'time': 59.58449633859174, 'dt': 0.19634954084936207, 'total_energy': 6.308652922634618}
2026-06-08T12:37:48+12:00 scalar diagnostics {'step': 553, 'time': 59.7808458794411, 'dt': 0.19634954084936207, 'total_energy': 6.345521460089375}
2026-06-08T12:37:48+12:00 scalar diagnostics {'step': 555, 'time': 60.173544961139825, 'dt': 0.19634954084936207, 'total_energy': 6.402516564227116}
2026-06-08T12:37:48+12:00 scalar diagnostics {'step': 556, 'time': 60.36989450198919, 'dt': 0.19634954084936207, 'total_energy': 6.424473716904823}
2026-06-08T12:37:48+12:00 scalar diagnostics {'step': 557, 'time': 60.56624404283855, 'dt': 0.19634954084936207, 'total_energy': 6.4432832433365075}
2026-06-08T12:37:48+12:00 scalar diagnostics {'step': 558, 'time': 60.76259358368791, 'dt': 0.19634954084936207, 'total_energy': 6.459260395388458}
2026-06-08T12:37:48+12:00 scalar diagnostics {'step': 560, 'time': 61.15529266538663, 'dt': 0.19634954084936207, 'total_energy': 6.484631733185804}
2026-06-08T12:37:48+12:00 scalar diagnostics {'step': 561, 'time': 61.351642206235994, 'dt': 0.19634954084936207, 'total_energy': 6.496951587993129}
2026-06-08T12:37:48+12:00 scalar diagnostics {'step': 562, 'time': 61.547991747085355, 'dt': 0.19634954084936207, 'total_energy': 6.510448150753665}
2026-06-08T12:37:48+12:00 scalar diagnostics {'step': 564, 'time': 61.94069082878408, 'dt': 0.19634954084936207, 'total_energy': 6.541430632878637}
2026-06-08T12:37:48+12:00 scalar diagnostics {'step': 565, 'time': 62.13704036963344, 'dt': 0.19634954084936207, 'total_energy': 6.557459171175453}
2026-06-08T12:37:48+12:00 scalar diagnostics {'step': 566, 'time': 62.3333899104828, 'dt': 0.19634954084936207, 'total_energy': 6.572677787749307}
2026-06-08T12:37:48+12:00 scalar diagnostics {'step': 567, 'time': 62.52973945133216, 'dt': 0.19634954084936207, 'total_energy': 6.586257883306056}
2026-06-08T12:37:48+12:00 scalar diagnostics {'step': 569, 'time': 62.922438533030885, 'dt': 0.19634954084936207, 'total_energy': 6.605949911186016}
2026-06-08T12:37:49+12:00 scalar diagnostics {'step': 570, 'time': 63.118788073880246, 'dt': 0.19634954084936207, 'total_energy': 6.612204379087279}
2026-06-08T12:37:49+12:00 scalar diagnostics {'step': 571, 'time': 63.31513761472961, 'dt': 0.19634954084936207, 'total_energy': 6.616856067420323}
2026-06-08T12:37:49+12:00 scalar diagnostics {'step': 572, 'time': 63.51148715557897, 'dt': 0.19634954084936207, 'total_energy': 6.622120837038552}
2026-06-08T12:37:49+12:00 scalar diagnostics {'step': 574, 'time': 63.90418623727769, 'dt': 0.19634954084936207, 'total_energy': 6.638760814254786}
2026-06-08T12:37:49+12:00 scalar diagnostics {'step': 575, 'time': 64.10053577812705, 'dt': 0.19634954084936207, 'total_energy': 6.650157837600895}
2026-06-08T12:37:49+12:00 scalar diagnostics {'step': 576, 'time': 64.29688531897642, 'dt': 0.19634954084936207, 'total_energy': 6.66224614393796}
2026-06-08T12:37:49+12:00 scalar diagnostics {'step': 578, 'time': 64.68958440067516, 'dt': 0.19634954084936207, 'total_energy': 6.68462134857055}
2026-06-08T12:37:49+12:00 scalar diagnostics {'step': 579, 'time': 64.88593394152453, 'dt': 0.19634954084936207, 'total_energy': 6.695618892742514}
2026-06-08T12:37:49+12:00 scalar diagnostics {'step': 580, 'time': 65.0822834823739, 'dt': 0.19634954084936207, 'total_energy': 6.708473183402356}
2026-06-08T12:37:49+12:00 scalar diagnostics {'step': 581, 'time': 65.27863302322326, 'dt': 0.19634954084936207, 'total_energy': 6.7253745266241785}
2026-06-08T12:37:49+12:00 scalar diagnostics {'step': 583, 'time': 65.671332104922, 'dt': 0.19634954084936207, 'total_energy': 6.767815923985028}
2026-06-08T12:37:49+12:00 scalar diagnostics {'step': 584, 'time': 65.86768164577137, 'dt': 0.19634954084936207, 'total_energy': 6.792999097104997}
2026-06-08T12:37:49+12:00 scalar diagnostics {'step': 585, 'time': 66.06403118662074, 'dt': 0.19634954084936207, 'total_energy': 6.822101229362222}
2026-06-08T12:37:49+12:00 scalar diagnostics {'step': 586, 'time': 66.2603807274701, 'dt': 0.19634954084936207, 'total_energy': 6.856929908596085}
2026-06-08T12:37:49+12:00 scalar diagnostics {'step': 588, 'time': 66.65307980916884, 'dt': 0.19634954084936207, 'total_energy': 6.946583361327792}
2026-06-08T12:37:49+12:00 scalar diagnostics {'step': 589, 'time': 66.84942935001821, 'dt': 0.19634954084936207, 'total_energy': 6.999187047482207}
2026-06-08T12:37:49+12:00 scalar diagnostics {'step': 590, 'time': 67.04577889086758, 'dt': 0.19634954084936207, 'total_energy': 7.054286414228365}
2026-06-08T12:37:49+12:00 scalar diagnostics {'step': 592, 'time': 67.43847797256632, 'dt': 0.19634954084936207, 'total_energy': 7.167495817557132}
2026-06-08T12:37:49+12:00 scalar diagnostics {'step': 593, 'time': 67.63482751341569, 'dt': 0.19634954084936207, 'total_energy': 7.223011232341039}
2026-06-08T12:37:49+12:00 scalar diagnostics {'step': 594, 'time': 67.83117705426505, 'dt': 0.19634954084936207, 'total_energy': 7.276960142844704}
2026-06-08T12:37:49+12:00 scalar diagnostics {'step': 595, 'time': 68.02752659511442, 'dt': 0.19634954084936207, 'total_energy': 7.328733472888562}
2026-06-08T12:37:49+12:00 scalar diagnostics {'step': 597, 'time': 68.42022567681316, 'dt': 0.19634954084936207, 'total_energy': 7.423835104411923}
2026-06-08T12:37:49+12:00 scalar diagnostics {'step': 598, 'time': 68.61657521766253, 'dt': 0.19634954084936207, 'total_energy': 7.466830067334417}
2026-06-08T12:37:49+12:00 scalar diagnostics {'step': 599, 'time': 68.8129247585119, 'dt': 0.19634954084936207, 'total_energy': 7.506779250547078}
2026-06-08T12:37:49+12:00 progress {'step': 600, 'time': 69.00927429936127, 'dt': 0.19634954084936207}
2026-06-08T12:37:49+12:00 scalar diagnostics {'step': 600, 'time': 69.00927429936127, 'dt': 0.19634954084936207, 'total_energy': 7.54309812288785}
2026-06-08T12:37:49+12:00 scalar diagnostics {'step': 602, 'time': 69.40197338106, 'dt': 0.19634954084936207, 'total_energy': 7.596969373053166}
2026-06-08T12:37:49+12:00 scalar diagnostics {'step': 603, 'time': 69.59832292190937, 'dt': 0.19634954084936207, 'total_energy': 7.61061157604421}
2026-06-08T12:37:49+12:00 scalar diagnostics {'step': 604, 'time': 69.79467246275874, 'dt': 0.19634954084936207, 'total_energy': 7.614563822146408}
2026-06-08T12:37:49+12:00 scalar diagnostics {'step': 606, 'time': 70.18737154445748, 'dt': 0.19634954084936207, 'total_energy': 7.60224364249828}
2026-06-08T12:37:49+12:00 scalar diagnostics {'step': 607, 'time': 70.38372108530685, 'dt': 0.19634954084936207, 'total_energy': 7.592574019478028}
2026-06-08T12:37:49+12:00 scalar diagnostics {'step': 608, 'time': 70.58007062615621, 'dt': 0.19634954084936207, 'total_energy': 7.584479646152326}
2026-06-08T12:37:49+12:00 scalar diagnostics {'step': 609, 'time': 70.77642016700558, 'dt': 0.19634954084936207, 'total_energy': 7.57978869132694}
2026-06-08T12:37:49+12:00 scalar diagnostics {'step': 611, 'time': 71.16911924870432, 'dt': 0.19634954084936207, 'total_energy': 7.582745555877591}
2026-06-08T12:37:49+12:00 scalar diagnostics {'step': 612, 'time': 71.36546878955369, 'dt': 0.19634954084936207, 'total_energy': 7.589345712775419}
2026-06-08T12:37:49+12:00 scalar diagnostics {'step': 613, 'time': 71.56181833040306, 'dt': 0.19634954084936207, 'total_energy': 7.598761704803864}
2026-06-08T12:37:49+12:00 scalar diagnostics {'step': 614, 'time': 71.75816787125243, 'dt': 0.19634954084936207, 'total_energy': 7.611647570833763}
2026-06-08T12:37:49+12:00 scalar diagnostics {'step': 616, 'time': 72.15086695295116, 'dt': 0.19634954084936207, 'total_energy': 7.651895879373116}
2026-06-08T12:37:49+12:00 scalar diagnostics {'step': 617, 'time': 72.34721649380053, 'dt': 0.19634954084936207, 'total_energy': 7.679683393553354}
2026-06-08T12:37:49+12:00 scalar diagnostics {'step': 618, 'time': 72.5435660346499, 'dt': 0.19634954084936207, 'total_energy': 7.711592885503669}
2026-06-08T12:37:49+12:00 scalar diagnostics {'step': 620, 'time': 72.93626511634864, 'dt': 0.19634954084936207, 'total_energy': 7.785010066127988}
2026-06-08T12:37:49+12:00 scalar diagnostics {'step': 621, 'time': 73.132614657198, 'dt': 0.19634954084936207, 'total_energy': 7.827592796636874}
2026-06-08T12:37:49+12:00 scalar diagnostics {'step': 622, 'time': 73.32896419804737, 'dt': 0.19634954084936207, 'total_energy': 7.874105559250835}
2026-06-08T12:37:49+12:00 scalar diagnostics {'step': 623, 'time': 73.52531373889674, 'dt': 0.19634954084936207, 'total_energy': 7.925195836839725}
2026-06-08T12:37:49+12:00 scalar diagnostics {'step': 625, 'time': 73.91801282059548, 'dt': 0.19634954084936207, 'total_energy': 8.040097962027476}
2026-06-08T12:37:49+12:00 scalar diagnostics {'step': 626, 'time': 74.11436236144485, 'dt': 0.19634954084936207, 'total_energy': 8.100272748058224}
2026-06-08T12:37:49+12:00 scalar diagnostics {'step': 627, 'time': 74.31071190229422, 'dt': 0.19634954084936207, 'total_energy': 8.157864464207583}
2026-06-08T12:37:49+12:00 scalar diagnostics {'step': 628, 'time': 74.50706144314358, 'dt': 0.19634954084936207, 'total_energy': 8.20892325755542}
2026-06-08T12:37:49+12:00 scalar diagnostics {'step': 630, 'time': 74.89976052484232, 'dt': 0.19634954084936207, 'total_energy': 8.27816144257363}
2026-06-08T12:37:49+12:00 scalar diagnostics {'step': 631, 'time': 75.09611006569169, 'dt': 0.19634954084936207, 'total_energy': 8.290971784778883}
2026-06-08T12:37:49+12:00 scalar diagnostics {'step': 632, 'time': 75.29245960654106, 'dt': 0.19634954084936207, 'total_energy': 8.292294358142268}
2026-06-08T12:37:49+12:00 scalar diagnostics {'step': 634, 'time': 75.6851586882398, 'dt': 0.19634954084936207, 'total_energy': 8.273968674953954}
2026-06-08T12:37:49+12:00 scalar diagnostics {'step': 635, 'time': 75.88150822908916, 'dt': 0.19634954084936207, 'total_energy': 8.261497209980885}
2026-06-08T12:37:49+12:00 scalar diagnostics {'step': 636, 'time': 76.07785776993853, 'dt': 0.19634954084936207, 'total_energy': 8.250373711927978}
2026-06-08T12:37:49+12:00 scalar diagnostics {'step': 637, 'time': 76.2742073107879, 'dt': 0.19634954084936207, 'total_energy': 8.242523066926607}
2026-06-08T12:37:49+12:00 scalar diagnostics {'step': 639, 'time': 76.66690639248664, 'dt': 0.19634954084936207, 'total_energy': 8.243934207644713}
2026-06-08T12:37:49+12:00 scalar diagnostics {'step': 640, 'time': 76.863255933336, 'dt': 0.19634954084936207, 'total_energy': 8.25589492078722}
2026-06-08T12:37:49+12:00 scalar diagnostics {'step': 641, 'time': 77.05960547418537, 'dt': 0.19634954084936207, 'total_energy': 8.274451686696866}
2026-06-08T12:37:49+12:00 scalar diagnostics {'step': 642, 'time': 77.25595501503474, 'dt': 0.19634954084936207, 'total_energy': 8.299266953906383}
2026-06-08T12:37:49+12:00 scalar diagnostics {'step': 644, 'time': 77.64865409673348, 'dt': 0.19634954084936207, 'total_energy': 8.359047237296267}
2026-06-08T12:37:49+12:00 scalar diagnostics {'step': 645, 'time': 77.84500363758285, 'dt': 0.19634954084936207, 'total_energy': 8.390222054184246}
2026-06-08T12:37:49+12:00 scalar diagnostics {'step': 646, 'time': 78.04135317843222, 'dt': 0.19634954084936207, 'total_energy': 8.420824418973321}
2026-06-08T12:37:49+12:00 scalar diagnostics {'step': 648, 'time': 78.43405226013095, 'dt': 0.19634954084936207, 'total_energy': 8.479751958517365}
2026-06-08T12:37:49+12:00 scalar diagnostics {'step': 649, 'time': 78.63040180098032, 'dt': 0.19634954084936207, 'total_energy': 8.508491996963967}
2026-06-08T12:37:49+12:00 scalar diagnostics {'step': 650, 'time': 78.82675134182969, 'dt': 0.19634954084936207, 'total_energy': 8.537087473178262}
2026-06-08T12:37:49+12:00 scalar diagnostics {'step': 651, 'time': 79.02310088267906, 'dt': 0.19634954084936207, 'total_energy': 8.567176063774602}
2026-06-08T12:37:50+12:00 scalar diagnostics {'step': 653, 'time': 79.4157999643778, 'dt': 0.19634954084936207, 'total_energy': 8.62697767436051}
2026-06-08T12:37:50+12:00 scalar diagnostics {'step': 654, 'time': 79.61214950522717, 'dt': 0.19634954084936207, 'total_energy': 8.656678641798688}
2026-06-08T12:37:50+12:00 scalar diagnostics {'step': 655, 'time': 79.80849904607653, 'dt': 0.19634954084936207, 'total_energy': 8.686544291300892}
2026-06-08T12:37:50+12:00 scalar diagnostics {'step': 656, 'time': 80.0048485869259, 'dt': 0.19634954084936207, 'total_energy': 8.717197772565676}
2026-06-08T12:37:50+12:00 scalar diagnostics {'step': 658, 'time': 80.39754766862464, 'dt': 0.19634954084936207, 'total_energy': 8.783245354080485}
2026-06-08T12:37:50+12:00 scalar diagnostics {'step': 659, 'time': 80.59389720947401, 'dt': 0.19634954084936207, 'total_energy': 8.818443854698984}
2026-06-08T12:37:50+12:00 scalar diagnostics {'step': 660, 'time': 80.79024675032338, 'dt': 0.19634954084936207, 'total_energy': 8.853690615722542}
2026-06-08T12:37:50+12:00 scalar diagnostics {'step': 662, 'time': 81.18294583202211, 'dt': 0.19634954084936207, 'total_energy': 8.91629574463072}
2026-06-08T12:37:50+12:00 scalar diagnostics {'step': 663, 'time': 81.37929537287148, 'dt': 0.19634954084936207, 'total_energy': 8.9428704369538}
2026-06-08T12:37:50+12:00 scalar diagnostics {'step': 664, 'time': 81.57564491372085, 'dt': 0.19634954084936207, 'total_energy': 8.966033876936896}
2026-06-08T12:37:50+12:00 scalar diagnostics {'step': 665, 'time': 81.77199445457022, 'dt': 0.19634954084936207, 'total_energy': 8.986163674665805}
2026-06-08T12:37:50+12:00 scalar diagnostics {'step': 667, 'time': 82.16469353626896, 'dt': 0.19634954084936207, 'total_energy': 9.019502947279143}
2026-06-08T12:37:50+12:00 scalar diagnostics {'step': 668, 'time': 82.36104307711832, 'dt': 0.19634954084936207, 'total_energy': 9.033758138164577}
2026-06-08T12:37:50+12:00 scalar diagnostics {'step': 669, 'time': 82.5573926179677, 'dt': 0.19634954084936207, 'total_energy': 9.046962678033905}
2026-06-08T12:37:50+12:00 scalar diagnostics {'step': 670, 'time': 82.75374215881706, 'dt': 0.19634954084936207, 'total_energy': 9.059513348185693}
2026-06-08T12:37:50+12:00 scalar diagnostics {'step': 672, 'time': 83.1464412405158, 'dt': 0.19634954084936207, 'total_energy': 9.08233885456961}
2026-06-08T12:37:50+12:00 scalar diagnostics {'step': 673, 'time': 83.34279078136517, 'dt': 0.19634954084936207, 'total_energy': 9.096642522627207}
2026-06-08T12:37:50+12:00 scalar diagnostics {'step': 674, 'time': 83.53914032221454, 'dt': 0.19634954084936207, 'total_energy': 9.114371823914173}
2026-06-08T12:37:50+12:00 scalar diagnostics {'step': 676, 'time': 83.93183940391327, 'dt': 0.19634954084936207, 'total_energy': 9.161089102696575}
2026-06-08T12:37:50+12:00 scalar diagnostics {'step': 677, 'time': 84.12818894476264, 'dt': 0.19634954084936207, 'total_energy': 9.18858458082478}
2026-06-08T12:37:50+12:00 scalar diagnostics {'step': 678, 'time': 84.32453848561201, 'dt': 0.19634954084936207, 'total_energy': 9.21723861966573}
2026-06-08T12:37:50+12:00 scalar diagnostics {'step': 679, 'time': 84.52088802646138, 'dt': 0.19634954084936207, 'total_energy': 9.246201425453187}
2026-06-08T12:37:50+12:00 scalar diagnostics {'step': 681, 'time': 84.91358710816012, 'dt': 0.19634954084936207, 'total_energy': 9.305029119238336}
2026-06-08T12:37:50+12:00 scalar diagnostics {'step': 682, 'time': 85.10993664900948, 'dt': 0.19634954084936207, 'total_energy': 9.335391346450534}
2026-06-08T12:37:50+12:00 scalar diagnostics {'step': 683, 'time': 85.30628618985885, 'dt': 0.19634954084936207, 'total_energy': 9.366385366156603}
2026-06-08T12:37:50+12:00 scalar diagnostics {'step': 684, 'time': 85.50263573070822, 'dt': 0.19634954084936207, 'total_energy': 9.397698290488425}
2026-06-08T12:37:50+12:00 scalar diagnostics {'step': 686, 'time': 85.89533481240696, 'dt': 0.19634954084936207, 'total_energy': 9.45873705071245}
2026-06-08T12:37:50+12:00 scalar diagnostics {'step': 687, 'time': 86.09168435325633, 'dt': 0.19634954084936207, 'total_energy': 9.486791029047676}
2026-06-08T12:37:50+12:00 scalar diagnostics {'step': 688, 'time': 86.2880338941057, 'dt': 0.19634954084936207, 'total_energy': 9.51198001176638}
2026-06-08T12:37:50+12:00 scalar diagnostics {'step': 690, 'time': 86.68073297580443, 'dt': 0.19634954084936207, 'total_energy': 9.551994514834195}
2026-06-08T12:37:50+12:00 scalar diagnostics {'step': 691, 'time': 86.8770825166538, 'dt': 0.19634954084936207, 'total_energy': 9.56941563403451}
2026-06-08T12:37:50+12:00 scalar diagnostics {'step': 692, 'time': 87.07343205750317, 'dt': 0.19634954084936207, 'total_energy': 9.586509160297021}
2026-06-08T12:37:50+12:00 scalar diagnostics {'step': 693, 'time': 87.26978159835254, 'dt': 0.19634954084936207, 'total_energy': 9.605578785702905}
2026-06-08T12:37:50+12:00 scalar diagnostics {'step': 695, 'time': 87.66248068005127, 'dt': 0.19634954084936207, 'total_energy': 9.656047464047882}
2026-06-08T12:37:50+12:00 scalar diagnostics {'step': 696, 'time': 87.85883022090064, 'dt': 0.19634954084936207, 'total_energy': 9.688203156777135}
2026-06-08T12:37:50+12:00 scalar diagnostics {'step': 697, 'time': 88.05517976175001, 'dt': 0.19634954084936207, 'total_energy': 9.724009810014545}
2026-06-08T12:37:50+12:00 scalar diagnostics {'step': 698, 'time': 88.25152930259938, 'dt': 0.19634954084936207, 'total_energy': 9.76216207034991}
2026-06-08T12:37:50+12:00 progress {'step': 700, 'time': 88.64422838429812, 'dt': 0.19634954084936207}
2026-06-08T12:37:50+12:00 scalar diagnostics {'step': 700, 'time': 88.64422838429812, 'dt': 0.19634954084936207, 'total_energy': 9.840597372854361}
2026-06-08T12:37:50+12:00 scalar diagnostics {'step': 701, 'time': 88.84057792514749, 'dt': 0.19634954084936207, 'total_energy': 9.879178237171109}
2026-06-08T12:37:50+12:00 scalar diagnostics {'step': 702, 'time': 89.03692746599685, 'dt': 0.19634954084936207, 'total_energy': 9.916833693117363}
2026-06-08T12:37:50+12:00 scalar diagnostics {'step': 704, 'time': 89.42962654769559, 'dt': 0.19634954084936207, 'total_energy': 9.989317513942462}
2026-06-08T12:37:50+12:00 scalar diagnostics {'step': 705, 'time': 89.62597608854496, 'dt': 0.19634954084936207, 'total_energy': 10.02441565610323}
2026-06-08T12:37:50+12:00 scalar diagnostics {'step': 706, 'time': 89.82232562939433, 'dt': 0.19634954084936207, 'total_energy': 10.058831765283513}
2026-06-08T12:37:50+12:00 scalar diagnostics {'step': 707, 'time': 90.0186751702437, 'dt': 0.19634954084936207, 'total_energy': 10.092423450935676}
2026-06-08T12:37:50+12:00 scalar diagnostics {'step': 709, 'time': 90.41137425194243, 'dt': 0.19634954084936207, 'total_energy': 10.156701540989799}
2026-06-08T12:37:50+12:00 scalar diagnostics {'step': 710, 'time': 90.6077237927918, 'dt': 0.19634954084936207, 'total_energy': 10.187800193245979}
2026-06-08T12:37:50+12:00 scalar diagnostics {'step': 711, 'time': 90.80407333364117, 'dt': 0.19634954084936207, 'total_energy': 10.220007201331573}
2026-06-08T12:37:50+12:00 scalar diagnostics {'step': 712, 'time': 91.00042287449054, 'dt': 0.19634954084936207, 'total_energy': 10.252315017949527}
2026-06-08T12:37:50+12:00 scalar diagnostics {'step': 714, 'time': 91.39312195618928, 'dt': 0.19634954084936207, 'total_energy': 10.31685017570381}
2026-06-08T12:37:50+12:00 scalar diagnostics {'step': 715, 'time': 91.58947149703864, 'dt': 0.19634954084936207, 'total_energy': 10.348596860257976}
2026-06-08T12:37:50+12:00 scalar diagnostics {'step': 716, 'time': 91.78582103788801, 'dt': 0.19634954084936207, 'total_energy': 10.380003047832545}
2026-06-08T12:37:50+12:00 scalar diagnostics {'step': 718, 'time': 92.17852011958675, 'dt': 0.19634954084936207, 'total_energy': 10.443793515438983}
2026-06-08T12:37:50+12:00 scalar diagnostics {'step': 719, 'time': 92.37486966043612, 'dt': 0.19634954084936207, 'total_energy': 10.477601055191245}
2026-06-08T12:37:50+12:00 scalar diagnostics {'step': 720, 'time': 92.57121920128549, 'dt': 0.19634954084936207, 'total_energy': 10.51350468116193}
2026-06-08T12:37:50+12:00 scalar diagnostics {'step': 721, 'time': 92.76756874213486, 'dt': 0.19634954084936207, 'total_energy': 10.55309172928225}
2026-06-08T12:37:50+12:00 scalar diagnostics {'step': 723, 'time': 93.16026782383359, 'dt': 0.19634954084936207, 'total_energy': 10.638196800382653}
2026-06-08T12:37:50+12:00 scalar diagnostics {'step': 724, 'time': 93.35661736468296, 'dt': 0.19634954084936207, 'total_energy': 10.682415838844461}
2026-06-08T12:37:50+12:00 scalar diagnostics {'step': 725, 'time': 93.55296690553233, 'dt': 0.19634954084936207, 'total_energy': 10.726549706698373}
2026-06-08T12:37:50+12:00 scalar diagnostics {'step': 727, 'time': 93.94566598723107, 'dt': 0.19634954084936207, 'total_energy': 10.811082296737903}
2026-06-08T12:37:50+12:00 scalar diagnostics {'step': 728, 'time': 94.14201552808044, 'dt': 0.19634954084936207, 'total_energy': 10.850273537504389}
2026-06-08T12:37:50+12:00 scalar diagnostics {'step': 729, 'time': 94.3383650689298, 'dt': 0.19634954084936207, 'total_energy': 10.887156094067139}
2026-06-08T12:37:50+12:00 scalar diagnostics {'step': 730, 'time': 94.53471460977917, 'dt': 0.19634954084936207, 'total_energy': 10.921978262357273}
2026-06-08T12:37:50+12:00 scalar diagnostics {'step': 732, 'time': 94.92741369147791, 'dt': 0.19634954084936207, 'total_energy': 10.986399257667662}
2026-06-08T12:37:50+12:00 scalar diagnostics {'step': 733, 'time': 95.12376323232728, 'dt': 0.19634954084936207, 'total_energy': 11.017746851435735}
2026-06-08T12:37:51+12:00 scalar diagnostics {'step': 734, 'time': 95.32011277317665, 'dt': 0.19634954084936207, 'total_energy': 11.048885480089822}
2026-06-08T12:37:51+12:00 scalar diagnostics {'step': 735, 'time': 95.51646231402601, 'dt': 0.19634954084936207, 'total_energy': 11.07962097784923}
2026-06-08T12:37:51+12:00 scalar diagnostics {'step': 737, 'time': 95.90916139572475, 'dt': 0.19634954084936207, 'total_energy': 11.137531046920044}
2026-06-08T12:37:51+12:00 scalar diagnostics {'step': 738, 'time': 96.10551093657412, 'dt': 0.19634954084936207, 'total_energy': 11.163582566952165}
2026-06-08T12:37:51+12:00 scalar diagnostics {'step': 739, 'time': 96.30186047742349, 'dt': 0.19634954084936207, 'total_energy': 11.187723242258164}
2026-06-08T12:37:51+12:00 scalar diagnostics {'step': 741, 'time': 96.69455955912223, 'dt': 0.19634954084936207, 'total_energy': 11.234814834582}
2026-06-08T12:37:51+12:00 scalar diagnostics {'step': 742, 'time': 96.8909090999716, 'dt': 0.19634954084936207, 'total_energy': 11.260758507469284}
2026-06-08T12:37:51+12:00 scalar diagnostics {'step': 743, 'time': 97.08725864082096, 'dt': 0.19634954084936207, 'total_energy': 11.289915025919289}
2026-06-08T12:37:51+12:00 scalar diagnostics {'step': 744, 'time': 97.28360818167033, 'dt': 0.19634954084936207, 'total_energy': 11.322831798110961}
2026-06-08T12:37:51+12:00 scalar diagnostics {'step': 746, 'time': 97.67630726336907, 'dt': 0.19634954084936207, 'total_energy': 11.398568821166851}
2026-06-08T12:37:51+12:00 scalar diagnostics {'step': 747, 'time': 97.87265680421844, 'dt': 0.19634954084936207, 'total_energy': 11.439653064402146}
2026-06-08T12:37:51+12:00 scalar diagnostics {'step': 748, 'time': 98.0690063450678, 'dt': 0.19634954084936207, 'total_energy': 11.481851905697376}
2026-06-08T12:37:51+12:00 scalar diagnostics {'step': 749, 'time': 98.26535588591717, 'dt': 0.19634954084936207, 'total_energy': 11.525047296067092}
2026-06-08T12:37:51+12:00 scalar diagnostics {'step': 751, 'time': 98.65805496761591, 'dt': 0.19634954084936207, 'total_energy': 11.61886147484878}
2026-06-08T12:37:51+12:00 scalar diagnostics {'step': 752, 'time': 98.85440450846528, 'dt': 0.19634954084936207, 'total_energy': 11.671418519720717}
2026-06-08T12:37:51+12:00 scalar diagnostics {'step': 753, 'time': 99.05075404931465, 'dt': 0.19634954084936207, 'total_energy': 11.728120036770562}
2026-06-08T12:37:51+12:00 scalar diagnostics {'step': 755, 'time': 99.44345313101338, 'dt': 0.19634954084936207, 'total_energy': 11.852924704795138}
2026-06-08T12:37:51+12:00 scalar diagnostics {'step': 756, 'time': 99.63980267186275, 'dt': 0.19634954084936207, 'total_energy': 11.918829861821397}
2026-06-08T12:37:51+12:00 scalar diagnostics {'step': 757, 'time': 99.83615221271212, 'dt': 0.19634954084936207, 'total_energy': 11.985162102762603}
2026-06-08T12:37:51+12:00 scalar diagnostics {'step': 758, 'time': 100.03250175356149, 'dt': 0.19634954084936207, 'total_energy': 12.050706214105125}
2026-06-08T12:37:51+12:00 scalar diagnostics {'step': 760, 'time': 100.42520083526023, 'dt': 0.19634954084936207, 'total_energy': 12.175921299174412}
2026-06-08T12:37:51+12:00 scalar diagnostics {'step': 761, 'time': 100.6215503761096, 'dt': 0.19634954084936207, 'total_energy': 12.234038788573477}
2026-06-08T12:37:51+12:00 scalar diagnostics {'step': 762, 'time': 100.81789991695896, 'dt': 0.19634954084936207, 'total_energy': 12.287861613366603}
2026-06-08T12:37:51+12:00 scalar diagnostics {'step': 763, 'time': 101.01424945780833, 'dt': 0.19634954084936207, 'total_energy': 12.336528584166977}
2026-06-08T12:37:51+12:00 scalar diagnostics {'step': 765, 'time': 101.40694853950707, 'dt': 0.19634954084936207, 'total_energy': 12.417098311195252}
2026-06-08T12:37:51+12:00 scalar diagnostics {'step': 766, 'time': 101.60329808035644, 'dt': 0.19634954084936207, 'total_energy': 12.44985946105403}
2026-06-08T12:37:51+12:00 scalar diagnostics {'step': 767, 'time': 101.7996476212058, 'dt': 0.19634954084936207, 'total_energy': 12.479041952721783}
2026-06-08T12:37:51+12:00 scalar diagnostics {'step': 769, 'time': 102.19234670290454, 'dt': 0.19634954084936207, 'total_energy': 12.532204053229117}
2026-06-08T12:37:51+12:00 scalar diagnostics {'step': 770, 'time': 102.38869624375391, 'dt': 0.19634954084936207, 'total_energy': 12.558660728493487}
2026-06-08T12:37:51+12:00 scalar diagnostics {'step': 771, 'time': 102.58504578460328, 'dt': 0.19634954084936207, 'total_energy': 12.585109758175413}
2026-06-08T12:37:51+12:00 scalar diagnostics {'step': 772, 'time': 102.78139532545265, 'dt': 0.19634954084936207, 'total_energy': 12.61334746036411}
2026-06-08T12:37:51+12:00 scalar diagnostics {'step': 774, 'time': 103.17409440715139, 'dt': 0.19634954084936207, 'total_energy': 12.676608602721736}
2026-06-08T12:37:51+12:00 scalar diagnostics {'step': 775, 'time': 103.37044394800076, 'dt': 0.19634954084936207, 'total_energy': 12.712171853257068}
2026-06-08T12:37:51+12:00 scalar diagnostics {'step': 776, 'time': 103.56679348885012, 'dt': 0.19634954084936207, 'total_energy': 12.75081152104109}
2026-06-08T12:37:51+12:00 scalar diagnostics {'step': 777, 'time': 103.76314302969949, 'dt': 0.19634954084936207, 'total_energy': 12.793044266542644}
2026-06-08T12:37:51+12:00 scalar diagnostics {'step': 779, 'time': 104.15584211139823, 'dt': 0.19634954084936207, 'total_energy': 12.890554676471234}
2026-06-08T12:37:51+12:00 scalar diagnostics {'step': 780, 'time': 104.3521916522476, 'dt': 0.19634954084936207, 'total_energy': 12.946408047323358}
2026-06-08T12:37:51+12:00 scalar diagnostics {'step': 781, 'time': 104.54854119309697, 'dt': 0.19634954084936207, 'total_energy': 13.006836953912527}
2026-06-08T12:37:51+12:00 scalar diagnostics {'step': 783, 'time': 104.9412402747957, 'dt': 0.19634954084936207, 'total_energy': 13.135642764767404}
2026-06-08T12:37:51+12:00 scalar diagnostics {'step': 784, 'time': 105.13758981564507, 'dt': 0.19634954084936207, 'total_energy': 13.200479370146192}
2026-06-08T12:37:51+12:00 scalar diagnostics {'step': 785, 'time': 105.33393935649444, 'dt': 0.19634954084936207, 'total_energy': 13.263038316507718}
2026-06-08T12:37:51+12:00 scalar diagnostics {'step': 786, 'time': 105.53028889734381, 'dt': 0.19634954084936207, 'total_energy': 13.32174153103153}
2026-06-08T12:37:51+12:00 scalar diagnostics {'step': 788, 'time': 105.92298797904255, 'dt': 0.19634954084936207, 'total_energy': 13.424527092217621}
2026-06-08T12:37:51+12:00 scalar diagnostics {'step': 789, 'time': 106.11933751989191, 'dt': 0.19634954084936207, 'total_energy': 13.468867045447992}
2026-06-08T12:37:51+12:00 scalar diagnostics {'step': 790, 'time': 106.31568706074128, 'dt': 0.19634954084936207, 'total_energy': 13.509590137632905}
2026-06-08T12:37:51+12:00 scalar diagnostics {'step': 791, 'time': 106.51203660159065, 'dt': 0.19634954084936207, 'total_energy': 13.547934568372796}
2026-06-08T12:37:51+12:00 scalar diagnostics {'step': 793, 'time': 106.90473568328939, 'dt': 0.19634954084936207, 'total_energy': 13.622304587615126}
2026-06-08T12:37:51+12:00 scalar diagnostics {'step': 794, 'time': 107.10108522413876, 'dt': 0.19634954084936207, 'total_energy': 13.660552763235868}
2026-06-08T12:37:51+12:00 scalar diagnostics {'step': 795, 'time': 107.29743476498813, 'dt': 0.19634954084936207, 'total_energy': 13.700525777771624}
2026-06-08T12:37:51+12:00 scalar diagnostics {'step': 797, 'time': 107.69013384668686, 'dt': 0.19634954084936207, 'total_energy': 13.785942519844426}
2026-06-08T12:37:51+12:00 scalar diagnostics {'step': 798, 'time': 107.88648338753623, 'dt': 0.19634954084936207, 'total_energy': 13.8303055860142}
2026-06-08T12:37:51+12:00 scalar diagnostics {'step': 799, 'time': 108.0828329283856, 'dt': 0.19634954084936207, 'total_energy': 13.874551944722542}
2026-06-08T12:37:51+12:00 progress {'step': 800, 'time': 108.27918246923497, 'dt': 0.19634954084936207}
2026-06-08T12:37:51+12:00 scalar diagnostics {'step': 800, 'time': 108.27918246923497, 'dt': 0.19634954084936207, 'total_energy': 13.91781891132058}
2026-06-08T12:37:51+12:00 scalar diagnostics {'step': 802, 'time': 108.6718815509337, 'dt': 0.19634954084936207, 'total_energy': 13.999126339220895}
2026-06-08T12:37:51+12:00 scalar diagnostics {'step': 803, 'time': 108.86823109178307, 'dt': 0.19634954084936207, 'total_energy': 14.038153968732734}
2026-06-08T12:37:51+12:00 scalar diagnostics {'step': 804, 'time': 109.06458063263244, 'dt': 0.19634954084936207, 'total_energy': 14.07708388268211}
2026-06-08T12:37:51+12:00 scalar diagnostics {'step': 805, 'time': 109.26093017348181, 'dt': 0.19634954084936207, 'total_energy': 14.11680916216906}
2026-06-08T12:37:51+12:00 scalar diagnostics {'step': 807, 'time': 109.65362925518055, 'dt': 0.19634954084936207, 'total_energy': 14.201082447838498}
2026-06-08T12:37:51+12:00 scalar diagnostics {'step': 808, 'time': 109.84997879602992, 'dt': 0.19634954084936207, 'total_energy': 14.245849204850582}
2026-06-08T12:37:51+12:00 scalar diagnostics {'step': 809, 'time': 110.04632833687928, 'dt': 0.19634954084936207, 'total_energy': 14.291928762615044}
2026-06-08T12:37:51+12:00 scalar diagnostics {'step': 811, 'time': 110.43902741857802, 'dt': 0.19634954084936207, 'total_energy': 14.386765709170797}
2026-06-08T12:37:51+12:00 scalar diagnostics {'step': 812, 'time': 110.63537695942739, 'dt': 0.19634954084936207, 'total_energy': 14.435090283713242}
2026-06-08T12:37:52+12:00 scalar diagnostics {'step': 813, 'time': 110.83172650027676, 'dt': 0.19634954084936207, 'total_energy': 14.483931755166298}
2026-06-08T12:37:52+12:00 scalar diagnostics {'step': 814, 'time': 111.02807604112613, 'dt': 0.19634954084936207, 'total_energy': 14.533426493321846}
2026-06-08T12:37:52+12:00 scalar diagnostics {'step': 816, 'time': 111.42077512282486, 'dt': 0.19634954084936207, 'total_energy': 14.634548502092507}
2026-06-08T12:37:52+12:00 scalar diagnostics {'step': 817, 'time': 111.61712466367423, 'dt': 0.19634954084936207, 'total_energy': 14.68618539693933}
2026-06-08T12:37:52+12:00 scalar diagnostics {'step': 818, 'time': 111.8134742045236, 'dt': 0.19634954084936207, 'total_energy': 14.7386632034609}
2026-06-08T12:37:52+12:00 scalar diagnostics {'step': 819, 'time': 112.00982374537297, 'dt': 0.19634954084936207, 'total_energy': 14.792189754093213}
2026-06-08T12:37:52+12:00 scalar diagnostics {'step': 821, 'time': 112.4025228270717, 'dt': 0.19634954084936207, 'total_energy': 14.904165841293842}
2026-06-08T12:37:52+12:00 scalar diagnostics {'step': 822, 'time': 112.59887236792108, 'dt': 0.19634954084936207, 'total_energy': 14.962447149196947}
2026-06-08T12:37:52+12:00 scalar diagnostics {'step': 823, 'time': 112.79522190877044, 'dt': 0.19634954084936207, 'total_energy': 15.021527447944408}
2026-06-08T12:37:52+12:00 scalar diagnostics {'step': 825, 'time': 113.18792099046918, 'dt': 0.19634954084936207, 'total_energy': 15.140928206327231}
2026-06-08T12:37:52+12:00 scalar diagnostics {'step': 826, 'time': 113.38427053131855, 'dt': 0.19634954084936207, 'total_energy': 15.201039533799905}
2026-06-08T12:37:52+12:00 scalar diagnostics {'step': 827, 'time': 113.58062007216792, 'dt': 0.19634954084936207, 'total_energy': 15.261647071316228}
2026-06-08T12:37:52+12:00 scalar diagnostics {'step': 828, 'time': 113.77696961301729, 'dt': 0.19634954084936207, 'total_energy': 15.32310086733179}
2026-06-08T12:37:52+12:00 scalar diagnostics {'step': 830, 'time': 114.16966869471602, 'dt': 0.19634954084936207, 'total_energy': 15.449477077247234}
2026-06-08T12:37:52+12:00 scalar diagnostics {'step': 831, 'time': 114.36601823556539, 'dt': 0.19634954084936207, 'total_energy': 15.51372088534014}
2026-06-08T12:37:52+12:00 scalar diagnostics {'step': 832, 'time': 114.56236777641476, 'dt': 0.19634954084936207, 'total_energy': 15.578089868026812}
2026-06-08T12:37:52+12:00 scalar diagnostics {'step': 833, 'time': 114.75871731726413, 'dt': 0.19634954084936207, 'total_energy': 15.641637011755186}
2026-06-08T12:37:52+12:00 scalar diagnostics {'step': 835, 'time': 115.15141639896287, 'dt': 0.19634954084936207, 'total_energy': 15.762891568923424}
2026-06-08T12:37:52+12:00 scalar diagnostics {'step': 836, 'time': 115.34776593981223, 'dt': 0.19634954084936207, 'total_energy': 15.819646863377256}
2026-06-08T12:37:52+12:00 scalar diagnostics {'step': 837, 'time': 115.5441154806616, 'dt': 0.19634954084936207, 'total_energy': 15.873700998218524}
2026-06-08T12:37:52+12:00 scalar diagnostics {'step': 839, 'time': 115.93681456236034, 'dt': 0.19634954084936207, 'total_energy': 15.97408387953732}
2026-06-08T12:37:52+12:00 scalar diagnostics {'step': 840, 'time': 116.13316410320971, 'dt': 0.19634954084936207, 'total_energy': 16.020464798112982}
2026-06-08T12:37:52+12:00 scalar diagnostics {'step': 841, 'time': 116.32951364405908, 'dt': 0.19634954084936207, 'total_energy': 16.063991371162032}
2026-06-08T12:37:52+12:00 scalar diagnostics {'step': 842, 'time': 116.52586318490845, 'dt': 0.19634954084936207, 'total_energy': 16.105056649496635}
2026-06-08T12:37:52+12:00 scalar diagnostics {'step': 844, 'time': 116.91856226660718, 'dt': 0.19634954084936207, 'total_energy': 16.181734512184494}
2026-06-08T12:37:52+12:00 scalar diagnostics {'step': 845, 'time': 117.11491180745655, 'dt': 0.19634954084936207, 'total_energy': 16.219173597418962}
2026-06-08T12:37:52+12:00 scalar diagnostics {'step': 846, 'time': 117.31126134830592, 'dt': 0.19634954084936207, 'total_energy': 16.257583358735538}
2026-06-08T12:37:52+12:00 scalar diagnostics {'step': 847, 'time': 117.50761088915529, 'dt': 0.19634954084936207, 'total_energy': 16.298110205545328}
2026-06-08T12:37:52+12:00 scalar diagnostics {'step': 849, 'time': 117.90030997085402, 'dt': 0.19634954084936207, 'total_energy': 16.388780856212485}
2026-06-08T12:37:52+12:00 scalar diagnostics {'step': 850, 'time': 118.0966595117034, 'dt': 0.19634954084936207, 'total_energy': 16.439718785874263}
2026-06-08T12:37:52+12:00 scalar diagnostics {'step': 851, 'time': 118.29300905255276, 'dt': 0.19634954084936207, 'total_energy': 16.495284189101163}
2026-06-08T12:37:52+12:00 scalar diagnostics {'step': 853, 'time': 118.6857081342515, 'dt': 0.19634954084936207, 'total_energy': 16.616578809823793}
2026-06-08T12:37:52+12:00 scalar diagnostics {'step': 854, 'time': 118.88205767510087, 'dt': 0.19634954084936207, 'total_energy': 16.681541955611486}
2026-06-08T12:37:52+12:00 scalar diagnostics {'step': 855, 'time': 119.07840721595024, 'dt': 0.19634954084936207, 'total_energy': 16.74868388067811}
2026-06-08T12:37:52+12:00 scalar diagnostics {'step': 856, 'time': 119.2747567567996, 'dt': 0.19634954084936207, 'total_energy': 16.817321303936218}
2026-06-08T12:37:52+12:00 scalar diagnostics {'step': 858, 'time': 119.66745583849834, 'dt': 0.19634954084936207, 'total_energy': 16.956069700106596}
2026-06-08T12:37:52+12:00 scalar diagnostics {'step': 859, 'time': 119.86380537934771, 'dt': 0.19634954084936207, 'total_energy': 17.024871079198483}
2026-06-08T12:37:52+12:00 scalar diagnostics {'step': 860, 'time': 120.06015492019708, 'dt': 0.19634954084936207, 'total_energy': 17.092714759712315}
2026-06-08T12:37:52+12:00 scalar diagnostics {'step': 861, 'time': 120.25650446104645, 'dt': 0.19634954084936207, 'total_energy': 17.159313566287565}
2026-06-08T12:37:52+12:00 scalar diagnostics {'step': 863, 'time': 120.64920354274518, 'dt': 0.19634954084936207, 'total_energy': 17.28868727048249}
2026-06-08T12:37:52+12:00 scalar diagnostics {'step': 864, 'time': 120.84555308359455, 'dt': 0.19634954084936207, 'total_energy': 17.351464648111925}
2026-06-08T12:37:52+12:00 scalar diagnostics {'step': 865, 'time': 121.04190262444392, 'dt': 0.19634954084936207, 'total_energy': 17.413113725455275}
2026-06-08T12:37:52+12:00 scalar diagnostics {'step': 867, 'time': 121.43460170614266, 'dt': 0.19634954084936207, 'total_energy': 17.534033200649823}
2026-06-08T12:37:52+12:00 scalar diagnostics {'step': 868, 'time': 121.63095124699203, 'dt': 0.19634954084936207, 'total_energy': 17.59388529874392}
2026-06-08T12:37:52+12:00 scalar diagnostics {'step': 869, 'time': 121.8273007878414, 'dt': 0.19634954084936207, 'total_energy': 17.653616363859147}
2026-06-08T12:37:52+12:00 scalar diagnostics {'step': 870, 'time': 122.02365032869076, 'dt': 0.19634954084936207, 'total_energy': 17.71328998687024}
2026-06-08T12:37:52+12:00 scalar diagnostics {'step': 872, 'time': 122.4163494103895, 'dt': 0.19634954084936207, 'total_energy': 17.83204198146688}
2026-06-08T12:37:52+12:00 scalar diagnostics {'step': 873, 'time': 122.61269895123887, 'dt': 0.19634954084936207, 'total_energy': 17.891402989684753}
2026-06-08T12:37:52+12:00 scalar diagnostics {'step': 874, 'time': 122.80904849208824, 'dt': 0.19634954084936207, 'total_energy': 17.951180003890773}
2026-06-08T12:37:52+12:00 scalar diagnostics {'step': 875, 'time': 123.0053980329376, 'dt': 0.19634954084936207, 'total_energy': 18.01205932759362}
2026-06-08T12:37:52+12:00 scalar diagnostics {'step': 877, 'time': 123.39809711463634, 'dt': 0.19634954084936207, 'total_energy': 18.140683538175004}
2026-06-08T12:37:52+12:00 scalar diagnostics {'step': 878, 'time': 123.59444665548571, 'dt': 0.19634954084936207, 'total_energy': 18.209826845600883}
2026-06-08T12:37:52+12:00 scalar diagnostics {'step': 879, 'time': 123.79079619633508, 'dt': 0.19634954084936207, 'total_energy': 18.28227230118698}
2026-06-08T12:37:52+12:00 scalar diagnostics {'step': 881, 'time': 124.18349527803382, 'dt': 0.19634954084936207, 'total_energy': 18.433142013664757}
2026-06-08T12:37:52+12:00 scalar diagnostics {'step': 882, 'time': 124.37984481888319, 'dt': 0.19634954084936207, 'total_energy': 18.50825805042032}
2026-06-08T12:37:52+12:00 scalar diagnostics {'step': 883, 'time': 124.57619435973255, 'dt': 0.19634954084936207, 'total_energy': 18.58070624624838}
2026-06-08T12:37:52+12:00 scalar diagnostics {'step': 884, 'time': 124.77254390058192, 'dt': 0.19634954084936207, 'total_energy': 18.649000946393787}
2026-06-08T12:37:52+12:00 scalar diagnostics {'step': 886, 'time': 125.16524298228066, 'dt': 0.19634954084936207, 'total_energy': 18.77022775796357}
2026-06-08T12:37:52+12:00 scalar diagnostics {'step': 887, 'time': 125.36159252313003, 'dt': 0.19634954084936207, 'total_energy': 18.823428592494594}
2026-06-08T12:37:52+12:00 scalar diagnostics {'step': 888, 'time': 125.5579420639794, 'dt': 0.19634954084936207, 'total_energy': 18.8728108437149}
2026-06-08T12:37:52+12:00 scalar diagnostics {'step': 889, 'time': 125.75429160482877, 'dt': 0.19634954084936207, 'total_energy': 18.91956363366233}
2026-06-08T12:37:52+12:00 scalar diagnostics {'step': 891, 'time': 126.1469906865275, 'dt': 0.19634954084936207, 'total_energy': 19.009655828573074}
2026-06-08T12:37:52+12:00 scalar diagnostics {'step': 892, 'time': 126.34334022737687, 'dt': 0.19634954084936207, 'total_energy': 19.054332149900983}
2026-06-08T12:37:52+12:00 scalar diagnostics {'step': 893, 'time': 126.53968976822624, 'dt': 0.19634954084936207, 'total_energy': 19.099120904090487}
2026-06-08T12:37:52+12:00 scalar diagnostics {'step': 895, 'time': 126.93238884992498, 'dt': 0.19634954084936207, 'total_energy': 19.190005034073586}
2026-06-08T12:37:53+12:00 scalar diagnostics {'step': 896, 'time': 127.12873839077434, 'dt': 0.19634954084936207, 'total_energy': 19.236811183790664}
2026-06-08T12:37:53+12:00 scalar diagnostics {'step': 897, 'time': 127.32508793162371, 'dt': 0.19634954084936207, 'total_energy': 19.28511478562325}
2026-06-08T12:37:53+12:00 scalar diagnostics {'step': 898, 'time': 127.52143747247308, 'dt': 0.19634954084936207, 'total_energy': 19.335284201924907}
2026-06-08T12:37:53+12:00 progress {'step': 900, 'time': 127.91413655417182, 'dt': 0.19634954084936207}
2026-06-08T12:37:53+12:00 scalar diagnostics {'step': 900, 'time': 127.91413655417182, 'dt': 0.19634954084936207, 'total_energy': 19.44183268417284}
2026-06-08T12:37:53+12:00 scalar diagnostics {'step': 901, 'time': 128.11048609502117, 'dt': 0.19634954084936207, 'total_energy': 19.498240909992326}
2026-06-08T12:37:53+12:00 scalar diagnostics {'step': 902, 'time': 128.30683563587053, 'dt': 0.19634954084936207, 'total_energy': 19.556616164217466}
2026-06-08T12:37:53+12:00 scalar diagnostics {'step': 903, 'time': 128.50318517671988, 'dt': 0.19634954084936207, 'total_energy': 19.617004126504998}
2026-06-08T12:37:53+12:00 scalar diagnostics {'step': 905, 'time': 128.8958842584186, 'dt': 0.19634954084936207, 'total_energy': 19.744282860410962}
2026-06-08T12:37:53+12:00 scalar diagnostics {'step': 906, 'time': 129.09223379926794, 'dt': 0.19634954084936207, 'total_energy': 19.811225408394822}
2026-06-08T12:37:53+12:00 scalar diagnostics {'step': 907, 'time': 129.2885833401173, 'dt': 0.19634954084936207, 'total_energy': 19.8800347736606}
2026-06-08T12:37:53+12:00 scalar diagnostics {'step': 909, 'time': 129.681282421816, 'dt': 0.19634954084936207, 'total_energy': 20.020481707142142}
2026-06-08T12:37:53+12:00 scalar diagnostics {'step': 910, 'time': 129.87763196266536, 'dt': 0.19634954084936207, 'total_energy': 20.090292391121654}
2026-06-08T12:37:53+12:00 scalar diagnostics {'step': 911, 'time': 130.07398150351472, 'dt': 0.19634954084936207, 'total_energy': 20.15822201141071}
2026-06-08T12:37:53+12:00 scalar diagnostics {'step': 912, 'time': 130.27033104436407, 'dt': 0.19634954084936207, 'total_energy': 20.224396562559598}
2026-06-08T12:37:53+12:00 scalar diagnostics {'step': 914, 'time': 130.66303012606278, 'dt': 0.19634954084936207, 'total_energy': 20.351962796468197}
2026-06-08T12:37:53+12:00 scalar diagnostics {'step': 915, 'time': 130.85937966691213, 'dt': 0.19634954084936207, 'total_energy': 20.41431142572053}
2026-06-08T12:37:53+12:00 scalar diagnostics {'step': 916, 'time': 131.0557292077615, 'dt': 0.19634954084936207, 'total_energy': 20.47633115044484}
2026-06-08T12:37:53+12:00 scalar diagnostics {'step': 917, 'time': 131.25207874861084, 'dt': 0.19634954084936207, 'total_energy': 20.538147368692183}
2026-06-08T12:37:53+12:00 scalar diagnostics {'step': 919, 'time': 131.64477783030955, 'dt': 0.19634954084936207, 'total_energy': 20.660003434759076}
2026-06-08T12:37:53+12:00 scalar diagnostics {'step': 920, 'time': 131.8411273711589, 'dt': 0.19634954084936207, 'total_energy': 20.719130718941045}
2026-06-08T12:37:53+12:00 scalar diagnostics {'step': 921, 'time': 132.03747691200826, 'dt': 0.19634954084936207, 'total_energy': 20.77505561382084}
2026-06-08T12:37:53+12:00 scalar diagnostics {'step': 923, 'time': 132.43017599370697, 'dt': 0.19634954084936207, 'total_energy': 20.88325699516982}
2026-06-08T12:37:53+12:00 scalar diagnostics {'step': 924, 'time': 132.62652553455632, 'dt': 0.19634954084936207, 'total_energy': 20.936481478701293}
2026-06-08T12:37:53+12:00 scalar diagnostics {'step': 925, 'time': 132.82287507540568, 'dt': 0.19634954084936207, 'total_energy': 20.98984669153959}
2026-06-08T12:37:53+12:00 scalar diagnostics {'step': 926, 'time': 133.01922461625503, 'dt': 0.19634954084936207, 'total_energy': 21.043756784278443}
2026-06-08T12:37:53+12:00 scalar diagnostics {'step': 928, 'time': 133.41192369795374, 'dt': 0.19634954084936207, 'total_energy': 21.15389114219294}
2026-06-08T12:37:53+12:00 scalar diagnostics {'step': 929, 'time': 133.6082732388031, 'dt': 0.19634954084936207, 'total_energy': 21.210006634892682}
2026-06-08T12:37:53+12:00 scalar diagnostics {'step': 930, 'time': 133.80462277965245, 'dt': 0.19634954084936207, 'total_energy': 21.266473897939747}
2026-06-08T12:37:53+12:00 scalar diagnostics {'step': 931, 'time': 134.0009723205018, 'dt': 0.19634954084936207, 'total_energy': 21.318756786759767}
2026-06-08T12:37:53+12:00 scalar diagnostics {'step': 933, 'time': 134.3936714022005, 'dt': 0.19634954084936207, 'total_energy': 21.421458008691005}
2026-06-08T12:37:53+12:00 scalar diagnostics {'step': 934, 'time': 134.59002094304986, 'dt': 0.19634954084936207, 'total_energy': 21.47045498147776}
2026-06-08T12:37:53+12:00 scalar diagnostics {'step': 935, 'time': 134.78637048389922, 'dt': 0.19634954084936207, 'total_energy': 21.5169964444751}
2026-06-08T12:37:53+12:00 scalar diagnostics {'step': 937, 'time': 135.17906956559793, 'dt': 0.19634954084936207, 'total_energy': 21.600635949085877}
2026-06-08T12:37:53+12:00 scalar diagnostics {'step': 938, 'time': 135.37541910644728, 'dt': 0.19634954084936207, 'total_energy': 21.637124610838534}
2026-06-08T12:37:53+12:00 scalar diagnostics {'step': 939, 'time': 135.57176864729664, 'dt': 0.19634954084936207, 'total_energy': 21.670090543884868}
2026-06-08T12:37:53+12:00 scalar diagnostics {'step': 940, 'time': 135.768118188146, 'dt': 0.19634954084936207, 'total_energy': 21.69999146258714}
2026-06-08T12:37:53+12:00 scalar diagnostics {'step': 942, 'time': 136.1608172698447, 'dt': 0.19634954084936207, 'total_energy': 21.742556346526342}
2026-06-08T12:37:53+12:00 scalar diagnostics {'step': 943, 'time': 136.35716681069405, 'dt': 0.19634954084936207, 'total_energy': 21.764374754971918}
2026-06-08T12:37:53+12:00 scalar diagnostics {'step': 944, 'time': 136.5535163515434, 'dt': 0.19634954084936207, 'total_energy': 21.788138541195007}
2026-06-08T12:37:53+12:00 scalar diagnostics {'step': 946, 'time': 136.94621543324212, 'dt': 0.19634954084936207, 'total_energy': 21.84533480410315}
2026-06-08T12:37:53+12:00 scalar diagnostics {'step': 947, 'time': 137.14256497409147, 'dt': 0.19634954084936207, 'total_energy': 21.879865768181574}
2026-06-08T12:37:53+12:00 scalar diagnostics {'step': 948, 'time': 137.33891451494083, 'dt': 0.19634954084936207, 'total_energy': 21.91845012983693}
2026-06-08T12:37:53+12:00 scalar diagnostics {'step': 949, 'time': 137.53526405579018, 'dt': 0.19634954084936207, 'total_energy': 21.96070859186493}
2026-06-08T12:37:53+12:00 scalar diagnostics {'step': 951, 'time': 137.9279631374889, 'dt': 0.19634954084936207, 'total_energy': 22.045226799398122}
2026-06-08T12:37:53+12:00 scalar diagnostics {'step': 952, 'time': 138.12431267833824, 'dt': 0.19634954084936207, 'total_energy': 22.086682702302117}
2026-06-08T12:37:53+12:00 scalar diagnostics {'step': 953, 'time': 138.3206622191876, 'dt': 0.19634954084936207, 'total_energy': 22.128983783598823}
2026-06-08T12:37:53+12:00 scalar diagnostics {'step': 954, 'time': 138.51701176003695, 'dt': 0.19634954084936207, 'total_energy': 22.170693018458927}
2026-06-08T12:37:53+12:00 scalar diagnostics {'step': 956, 'time': 138.90971084173566, 'dt': 0.19634954084936207, 'total_energy': 22.245737708471623}
2026-06-08T12:37:53+12:00 scalar diagnostics {'step': 957, 'time': 139.106060382585, 'dt': 0.19634954084936207, 'total_energy': 22.27553878105045}
2026-06-08T12:37:53+12:00 scalar diagnostics {'step': 958, 'time': 139.30240992343437, 'dt': 0.19634954084936207, 'total_energy': 22.29813592740743}
2026-06-08T12:37:53+12:00 scalar diagnostics {'step': 960, 'time': 139.69510900513308, 'dt': 0.19634954084936207, 'total_energy': 22.319188883627447}
2026-06-08T12:37:53+12:00 scalar diagnostics {'step': 961, 'time': 139.89145854598243, 'dt': 0.19634954084936207, 'total_energy': 22.305325112929925}
2026-06-08T12:37:53+12:00 scalar diagnostics {'step': 962, 'time': 140.08780808683179, 'dt': 0.19634954084936207, 'total_energy': 22.287567837766574}
2026-06-08T12:37:53+12:00 scalar diagnostics {'step': 963, 'time': 140.28415762768114, 'dt': 0.19634954084936207, 'total_energy': 22.26701652309108}
2026-06-08T12:37:53+12:00 scalar diagnostics {'step': 965, 'time': 140.67685670937985, 'dt': 0.19634954084936207, 'total_energy': 22.220665980201122}
2026-06-08T12:37:53+12:00 scalar diagnostics {'step': 966, 'time': 140.8732062502292, 'dt': 0.19634954084936207, 'total_energy': 22.195107796847854}
2026-06-08T12:37:53+12:00 scalar diagnostics {'step': 967, 'time': 141.06955579107856, 'dt': 0.19634954084936207, 'total_energy': 22.167490665363797}
2026-06-08T12:37:53+12:00 scalar diagnostics {'step': 968, 'time': 141.2659053319279, 'dt': 0.19634954084936207, 'total_energy': 22.137505559181683}
2026-06-08T12:37:53+12:00 scalar diagnostics {'step': 970, 'time': 141.65860441362662, 'dt': 0.19634954084936207, 'total_energy': 22.07168724443301}
2026-06-08T12:37:53+12:00 scalar diagnostics {'step': 971, 'time': 141.85495395447597, 'dt': 0.19634954084936207, 'total_energy': 22.019111013240135}
2026-06-08T12:37:53+12:00 scalar diagnostics {'step': 972, 'time': 142.05130349532533, 'dt': 0.19634954084936207, 'total_energy': 21.971241494150632}
2026-06-08T12:37:53+12:00 scalar diagnostics {'step': 974, 'time': 142.44400257702404, 'dt': 0.19634954084936207, 'total_energy': 21.892886504804224}
2026-06-08T12:37:54+12:00 scalar diagnostics {'step': 975, 'time': 142.6403521178734, 'dt': 0.19634954084936207, 'total_energy': 21.863277641020485}
2026-06-08T12:37:54+12:00 scalar diagnostics {'step': 976, 'time': 142.83670165872275, 'dt': 0.19634954084936207, 'total_energy': 21.839667579308234}
2026-06-08T12:37:54+12:00 scalar diagnostics {'step': 977, 'time': 143.02590447243472, 'dt': 0.18920281371196465, 'total_energy': 21.821892419526904}
2026-06-08T12:37:54+12:00 scalar diagnostics {'step': 979, 'time': 143.37784846678642, 'dt': 0.1726259733656609, 'total_energy': 21.798863759943764}
2026-06-08T12:37:54+12:00 scalar diagnostics {'step': 980, 'time': 143.54628381034894, 'dt': 0.16843534356251788, 'total_energy': 21.79140747251779}
2026-06-08T12:37:54+12:00 scalar diagnostics {'step': 982, 'time': 143.87850478982364, 'dt': 0.165982587305561, 'total_energy': 21.75254614981228}
2026-06-08T12:37:54+12:00 scalar diagnostics {'step': 983, 'time': 144.04535314080874, 'dt': 0.16684835098511835, 'total_energy': 21.739031420961275}
2026-06-08T12:37:54+12:00 scalar diagnostics {'step': 985, 'time': 144.38532000698876, 'dt': 0.17136216239435653, 'total_energy': 21.721606090241416}
2026-06-08T12:37:54+12:00 scalar diagnostics {'step': 986, 'time': 144.56025785798434, 'dt': 0.1749378509955837, 'total_energy': 21.716865019157318}
2026-06-08T12:37:54+12:00 scalar diagnostics {'step': 988, 'time': 144.92305042260827, 'dt': 0.1836687094641741, 'total_energy': 21.712585367920585}
2026-06-08T12:37:54+12:00 scalar diagnostics {'step': 989, 'time': 145.11132476949737, 'dt': 0.18827434688909045, 'total_energy': 21.711674429452952}
2026-06-08T12:37:54+12:00 scalar diagnostics {'step': 990, 'time': 145.30393908974955, 'dt': 0.19261432025217565, 'total_energy': 21.710611368188005}
2026-06-08T12:37:54+12:00 scalar diagnostics {'step': 991, 'time': 145.5002886305989, 'dt': 0.19634954084936207, 'total_energy': 21.69541618081513}
2026-06-08T12:37:54+12:00 scalar diagnostics {'step': 993, 'time': 145.8929877122976, 'dt': 0.19634954084936207, 'total_energy': 21.666836386285894}
2026-06-08T12:37:54+12:00 scalar diagnostics {'step': 994, 'time': 146.08933725314697, 'dt': 0.19634954084936207, 'total_energy': 21.650608098207954}
2026-06-08T12:37:54+12:00 scalar diagnostics {'step': 995, 'time': 146.28568679399632, 'dt': 0.19634954084936207, 'total_energy': 21.631204559295004}
2026-06-08T12:37:54+12:00 scalar diagnostics {'step': 997, 'time': 146.67464646641116, 'dt': 0.1937300693772429, 'total_energy': 21.57779302519055}
2026-06-08T12:37:54+12:00 scalar diagnostics {'step': 998, 'time': 146.86660109911404, 'dt': 0.19195463270287833, 'total_energy': 21.54180095940434}
2026-06-08T12:37:54+12:00 scalar diagnostics {'step': 999, 'time': 147.05345899442514, 'dt': 0.18685789531111652, 'total_energy': 21.500009150878014}
2026-06-08T12:37:54+12:00 progress {'step': 1000, 'time': 147.23523586685118, 'dt': 0.18177687242604582}
2026-06-08T12:37:54+12:00 scalar diagnostics {'step': 1001, 'time': 147.41230372657282, 'dt': 0.1770678597216394, 'total_energy': 21.399548418896913}
2026-06-08T12:37:54+12:00 scalar diagnostics {'step': 1002, 'time': 147.58533769125268, 'dt': 0.17303396467986523, 'total_energy': 21.343697144220616}
2026-06-08T12:37:54+12:00 scalar diagnostics {'step': 1003, 'time': 147.75503012560537, 'dt': 0.16969243435268827, 'total_energy': 21.28664486203385}
2026-06-08T12:37:54+12:00 scalar diagnostics {'step': 1005, 'time': 148.08747319377338, 'dt': 0.1653339168195151, 'total_energy': 21.172272801027198}
2026-06-08T12:37:54+12:00 scalar diagnostics {'step': 1006, 'time': 148.25189211139653, 'dt': 0.16441891762315053, 'total_energy': 21.116084123438018}
2026-06-08T12:37:54+12:00 scalar diagnostics {'step': 1008, 'time': 148.58175045883885, 'dt': 0.16543150953950211, 'total_energy': 21.00734816881208}
2026-06-08T12:37:54+12:00 scalar diagnostics {'step': 1010, 'time': 148.92001270810837, 'dt': 0.1707488506311832, 'total_energy': 20.90541685827034}
2026-06-08T12:37:54+12:00 scalar diagnostics {'step': 1011, 'time': 149.09520128091955, 'dt': 0.17518857281117894, 'total_energy': 20.857525377575136}
2026-06-08T12:37:54+12:00 scalar diagnostics {'step': 1012, 'time': 149.27604132503873, 'dt': 0.18084004411917642, 'total_energy': 20.813648890932587}
2026-06-08T12:37:54+12:00 scalar diagnostics {'step': 1014, 'time': 149.6585823334499, 'dt': 0.1949938327854989, 'total_energy': 20.744962758640874}
2026-06-08T12:37:54+12:00 scalar diagnostics {'step': 1015, 'time': 149.85493187429927, 'dt': 0.19634954084936207, 'total_energy': 20.725199743981037}
2026-06-08T12:37:54+12:00 scalar diagnostics {'step': 1016, 'time': 150.05128141514862, 'dt': 0.19634954084936207, 'total_energy': 20.716975948318183}
2026-06-08T12:37:54+12:00 scalar diagnostics {'step': 1018, 'time': 150.44398049684733, 'dt': 0.19634954084936207, 'total_energy': 20.73404737246901}
2026-06-08T12:37:54+12:00 scalar diagnostics {'step': 1019, 'time': 150.64033003769669, 'dt': 0.19634954084936207, 'total_energy': 20.756911504672725}
2026-06-08T12:37:54+12:00 scalar diagnostics {'step': 1020, 'time': 150.83667957854604, 'dt': 0.19634954084936207, 'total_energy': 20.786729421239816}
2026-06-08T12:37:54+12:00 scalar diagnostics {'step': 1021, 'time': 151.0330291193954, 'dt': 0.19634954084936207, 'total_energy': 20.819794100682653}
2026-06-08T12:37:54+12:00 scalar diagnostics {'step': 1023, 'time': 151.4257282010941, 'dt': 0.19634954084936207, 'total_energy': 20.891153149967916}
2026-06-08T12:37:54+12:00 scalar diagnostics {'step': 1024, 'time': 151.62207774194346, 'dt': 0.19634954084936207, 'total_energy': 20.924799126184467}
2026-06-08T12:37:54+12:00 scalar diagnostics {'step': 1025, 'time': 151.8184272827928, 'dt': 0.19634954084936207, 'total_energy': 20.953960606390037}
2026-06-08T12:37:54+12:00 scalar diagnostics {'step': 1026, 'time': 152.01477682364217, 'dt': 0.19634954084936207, 'total_energy': 20.97616708837066}
2026-06-08T12:37:54+12:00 scalar diagnostics {'step': 1028, 'time': 152.40747590534087, 'dt': 0.19634954084936207, 'total_energy': 20.98957433861843}
2026-06-08T12:37:54+12:00 scalar diagnostics {'step': 1029, 'time': 152.60382544619023, 'dt': 0.19634954084936207, 'total_energy': 20.97580981115918}
2026-06-08T12:37:54+12:00 scalar diagnostics {'step': 1030, 'time': 152.80017498703958, 'dt': 0.19634954084936207, 'total_energy': 20.945283819899167}
2026-06-08T12:37:54+12:00 scalar diagnostics {'step': 1032, 'time': 153.1928740687383, 'dt': 0.19634954084936207, 'total_energy': 20.78502221676279}
2026-06-08T12:37:54+12:00 scalar diagnostics {'step': 1033, 'time': 153.38922360958765, 'dt': 0.19634954084936207, 'total_energy': 20.67832134638661}
2026-06-08T12:37:54+12:00 scalar diagnostics {'step': 1034, 'time': 153.585573150437, 'dt': 0.19634954084936207, 'total_energy': 20.55263181995067}
2026-06-08T12:37:54+12:00 scalar diagnostics {'step': 1035, 'time': 153.78192269128635, 'dt': 0.19634954084936207, 'total_energy': 20.408934755355787}
2026-06-08T12:37:54+12:00 scalar diagnostics {'step': 1037, 'time': 154.17462177298506, 'dt': 0.19634954084936207, 'total_energy': 20.078241669680985}
2026-06-08T12:37:54+12:00 scalar diagnostics {'step': 1038, 'time': 154.37097131383442, 'dt': 0.19634954084936207, 'total_energy': 19.89938860145242}
2026-06-08T12:37:54+12:00 scalar diagnostics {'step': 1039, 'time': 154.56732085468377, 'dt': 0.19634954084936207, 'total_energy': 19.717708343580206}
2026-06-08T12:37:54+12:00 scalar diagnostics {'step': 1040, 'time': 154.76367039553313, 'dt': 0.19634954084936207, 'total_energy': 19.53755248452722}
2026-06-08T12:37:54+12:00 scalar diagnostics {'step': 1042, 'time': 155.15636947723183, 'dt': 0.19634954084936207, 'total_energy': 19.131472348739166}
2026-06-08T12:37:54+12:00 scalar diagnostics {'step': 1043, 'time': 155.3527190180812, 'dt': 0.19634954084936207, 'total_energy': 18.95636206644444}
2026-06-08T12:37:54+12:00 scalar diagnostics {'step': 1044, 'time': 155.54906855893054, 'dt': 0.19634954084936207, 'total_energy': 18.791674011106654}
2026-06-08T12:37:54+12:00 scalar diagnostics {'step': 1046, 'time': 155.94176764062925, 'dt': 0.19634954084936207, 'total_energy': 18.495553660362408}
2026-06-08T12:37:54+12:00 scalar diagnostics {'step': 1047, 'time': 156.1381171814786, 'dt': 0.19634954084936207, 'total_energy': 18.35403823257068}
2026-06-08T12:37:54+12:00 scalar diagnostics {'step': 1048, 'time': 156.33446672232796, 'dt': 0.19634954084936207, 'total_energy': 18.218859479678756}
2026-06-08T12:37:54+12:00 scalar diagnostics {'step': 1049, 'time': 156.53081626317731, 'dt': 0.19634954084936207, 'total_energy': 18.082323630632384}
2026-06-08T12:37:54+12:00 scalar diagnostics {'step': 1051, 'time': 156.90867050902727, 'dt': 0.18658710473374407, 'total_energy': 17.804875183834174}
2026-06-08T12:37:55+12:00 scalar diagnostics {'step': 1052, 'time': 157.09140665903846, 'dt': 0.18273615001117846, 'total_energy': 17.66021096632667}
2026-06-08T12:37:55+12:00 scalar diagnostics {'step': 1053, 'time': 157.2692393056255, 'dt': 0.17783264658702844, 'total_energy': 17.514295561287973}
2026-06-08T12:37:55+12:00 scalar diagnostics {'step': 1055, 'time': 157.61024591394457, 'dt': 0.16811003017912723, 'total_energy': 17.215428380906722}
2026-06-08T12:37:55+12:00 scalar diagnostics {'step': 1056, 'time': 157.77385519742433, 'dt': 0.16360928347976442, 'total_energy': 17.06218543426601}
2026-06-08T12:37:55+12:00 scalar diagnostics {'step': 1058, 'time': 158.08925209869267, 'dt': 0.15591458406532036, 'total_energy': 16.74968601884062}
2026-06-08T12:37:55+12:00 scalar diagnostics {'step': 1060, 'time': 158.39344467948894, 'dt': 0.1511135394182406, 'total_energy': 16.43239755757799}
2026-06-08T12:37:55+12:00 scalar diagnostics {'step': 1061, 'time': 158.54355708038437, 'dt': 0.15011240089543468, 'total_energy': 16.26760601689363}
2026-06-08T12:37:55+12:00 scalar diagnostics {'step': 1063, 'time': 158.84502394575122, 'dt': 0.15130970936161994, 'total_energy': 15.939360860094293}
2026-06-08T12:37:55+12:00 scalar diagnostics {'step': 1065, 'time': 159.14929086576035, 'dt': 0.1511328694610909, 'total_energy': 15.61733920384179}
2026-06-08T12:37:55+12:00 scalar diagnostics {'step': 1066, 'time': 159.29852982105268, 'dt': 0.14923895529234457, 'total_energy': 15.464810173018922}
2026-06-08T12:37:55+12:00 scalar diagnostics {'step': 1068, 'time': 159.59084399393248, 'dt': 0.14497960041241292, 'total_energy': 15.17956358274691}
2026-06-08T12:37:55+12:00 scalar diagnostics {'step': 1070, 'time': 159.87218806724036, 'dt': 0.13931256986090101, 'total_energy': 14.92745842470561}
2026-06-08T12:37:55+12:00 scalar diagnostics {'step': 1071, 'time': 160.00856242242202, 'dt': 0.1363743551816478, 'total_energy': 14.808455801401445}
2026-06-08T12:37:55+12:00 scalar diagnostics {'step': 1073, 'time': 160.2736012896056, 'dt': 0.13138627474010328, 'total_energy': 14.605902562293512}
2026-06-08T12:37:55+12:00 scalar diagnostics {'step': 1075, 'time': 160.53143656966097, 'dt': 0.12824627898713645, 'total_energy': 14.450316717426011}
2026-06-08T12:37:55+12:00 scalar diagnostics {'step': 1077, 'time': 160.7855781569365, 'dt': 0.12681064858190366, 'total_energy': 14.341377568958817}
2026-06-08T12:37:55+12:00 scalar diagnostics {'step': 1079, 'time': 161.03905825659143, 'dt': 0.1268272972418681, 'total_energy': 14.2774920050568}
2026-06-08T12:37:55+12:00 scalar diagnostics {'step': 1081, 'time': 161.29443664738577, 'dt': 0.1280707684812906, 'total_energy': 14.253210986223754}
2026-06-08T12:37:55+12:00 scalar diagnostics {'step': 1083, 'time': 161.5539913808484, 'dt': 0.13042532297722512, 'total_energy': 14.264420835143353}
2026-06-08T12:37:55+12:00 scalar diagnostics {'step': 1085, 'time': 161.81961395671098, 'dt': 0.1336773655246854, 'total_energy': 14.306530782944966}
2026-06-08T12:37:55+12:00 scalar diagnostics {'step': 1087, 'time': 162.0929779991501, 'dt': 0.13775053365256154, 'total_energy': 14.371387758343023}
2026-06-08T12:37:55+12:00 scalar diagnostics {'step': 1089, 'time': 162.37571664879493, 'dt': 0.14264694882802292, 'total_energy': 14.449500323269504}
2026-06-08T12:37:55+12:00 scalar diagnostics {'step': 1090, 'time': 162.51928546439984, 'dt': 0.1435688156048985, 'total_energy': 14.48969543609915}
2026-06-08T12:37:55+12:00 scalar diagnostics {'step': 1092, 'time': 162.81317355647906, 'dt': 0.1484514722311462, 'total_energy': 14.571622783476851}
2026-06-08T12:37:55+12:00 scalar diagnostics {'step': 1094, 'time': 163.11885313553375, 'dt': 0.15291447154566346, 'total_energy': 14.63694324330036}
2026-06-08T12:37:55+12:00 scalar diagnostics {'step': 1095, 'time': 163.27092447449516, 'dt': 0.15207133896141747, 'total_energy': 14.659764639419556}
2026-06-08T12:37:55+12:00 scalar diagnostics {'step': 1097, 'time': 163.57802076196106, 'dt': 0.15442500967293896, 'total_energy': 14.684038716986434}
2026-06-08T12:37:55+12:00 scalar diagnostics {'step': 1099, 'time': 163.8953235945491, 'dt': 0.16020353617203872, 'total_energy': 14.680443644789507}
2026-06-08T12:37:55+12:00 progress {'step': 1100, 'time': 164.05366346946892, 'dt': 0.15833987491980533}
2026-06-08T12:37:55+12:00 scalar diagnostics {'step': 1100, 'time': 164.05366346946892, 'dt': 0.15833987491980533, 'total_energy': 14.670415872406377}
2026-06-08T12:37:55+12:00 scalar diagnostics {'step': 1102, 'time': 164.36633834980245, 'dt': 0.15578573714740038, 'total_energy': 14.649327323828794}
2026-06-08T12:37:55+12:00 scalar diagnostics {'step': 1103, 'time': 164.52133248170057, 'dt': 0.15499413189813005, 'total_energy': 14.637712115835997}
2026-06-08T12:37:55+12:00 scalar diagnostics {'step': 1105, 'time': 164.83034156288687, 'dt': 0.15447211083311663, 'total_energy': 14.62182844061649}
2026-06-08T12:37:55+12:00 scalar diagnostics {'step': 1107, 'time': 165.1411551775269, 'dt': 0.15592048829351482, 'total_energy': 14.626689191986564}
2026-06-08T12:37:55+12:00 scalar diagnostics {'step': 1108, 'time': 165.29884657263574, 'dt': 0.15769139510882396, 'total_energy': 14.640640745597992}
2026-06-08T12:37:55+12:00 scalar diagnostics {'step': 1110, 'time': 165.61957468117146, 'dt': 0.16037632836996304, 'total_energy': 14.69828707628417}
2026-06-08T12:37:55+12:00 scalar diagnostics {'step': 1111, 'time': 165.778938962994, 'dt': 0.1593642818225364, 'total_energy': 14.747404514345561}
2026-06-08T12:37:55+12:00 scalar diagnostics {'step': 1113, 'time': 166.09909017300737, 'dt': 0.16038027357498652, 'total_energy': 14.877115702223032}
2026-06-08T12:37:55+12:00 scalar diagnostics {'step': 1114, 'time': 166.25796894474567, 'dt': 0.15887877173829845, 'total_energy': 14.957338681760108}
2026-06-08T12:37:55+12:00 scalar diagnostics {'step': 1116, 'time': 166.5714791989235, 'dt': 0.1565882305850512, 'total_energy': 15.145675590530008}
2026-06-08T12:37:55+12:00 scalar diagnostics {'step': 1118, 'time': 166.89080098904608, 'dt': 0.16127284372848183, 'total_energy': 15.374445384970372}
2026-06-08T12:37:55+12:00 scalar diagnostics {'step': 1119, 'time': 167.05215363051093, 'dt': 0.16135264146484873, 'total_energy': 15.502063861247436}
2026-06-08T12:37:55+12:00 scalar diagnostics {'step': 1121, 'time': 167.38055639176054, 'dt': 0.16482571682869904, 'total_energy': 15.782312272809122}
2026-06-08T12:37:55+12:00 scalar diagnostics {'step': 1122, 'time': 167.54129583608963, 'dt': 0.16073944432910686, 'total_energy': 15.925998640206693}
2026-06-08T12:37:55+12:00 scalar diagnostics {'step': 1124, 'time': 167.85575167285037, 'dt': 0.15641187292831135, 'total_energy': 16.20807586896501}
2026-06-08T12:37:55+12:00 scalar diagnostics {'step': 1125, 'time': 168.0113289961169, 'dt': 0.15557732326651638, 'total_energy': 16.344834108950167}
2026-06-08T12:37:55+12:00 scalar diagnostics {'step': 1127, 'time': 168.3218797302408, 'dt': 0.1552764911335949, 'total_energy': 16.605450991394047}
2026-06-08T12:37:55+12:00 scalar diagnostics {'step': 1129, 'time': 168.63182683675694, 'dt': 0.15453869407410828, 'total_energy': 16.842802271221686}
2026-06-08T12:37:55+12:00 scalar diagnostics {'step': 1130, 'time': 168.78501781434048, 'dt': 0.15319097758352435, 'total_energy': 16.950408400628266}
2026-06-08T12:37:56+12:00 scalar diagnostics {'step': 1132, 'time': 169.0888664519485, 'dt': 0.15163054247302274, 'total_energy': 17.137606818386566}
2026-06-08T12:37:56+12:00 scalar diagnostics {'step': 1134, 'time': 169.39051813957144, 'dt': 0.15054742590947204, 'total_energy': 17.3028301461088}
2026-06-08T12:37:56+12:00 scalar diagnostics {'step': 1135, 'time': 169.5404062910934, 'dt': 0.1498881515219665, 'total_energy': 17.378777211388957}
2026-06-08T12:37:56+12:00 scalar diagnostics {'step': 1137, 'time': 169.83767585550868, 'dt': 0.14817511389016952, 'total_energy': 17.52086254365438}
2026-06-08T12:37:56+12:00 scalar diagnostics {'step': 1139, 'time': 170.13096777661482, 'dt': 0.1461235377471432, 'total_energy': 17.65325102716127}
2026-06-08T12:37:56+12:00 scalar diagnostics {'step': 1140, 'time': 170.27605064022669, 'dt': 0.14508286361185763, 'total_energy': 17.71631337762144}
2026-06-08T12:37:56+12:00 scalar diagnostics {'step': 1142, 'time': 170.5632021940986, 'dt': 0.1430816998577801, 'total_energy': 17.835761770639557}
2026-06-08T12:37:56+12:00 scalar diagnostics {'step': 1144, 'time': 170.8438126791248, 'dt': 0.13916434348389667, 'total_energy': 17.942869099963026}
2026-06-08T12:37:56+12:00 scalar diagnostics {'step': 1146, 'time': 171.11725830012904, 'dt': 0.13604465642487235, 'total_energy': 18.03606703690466}
2026-06-08T12:37:56+12:00 scalar diagnostics {'step': 1147, 'time': 171.25225709826492, 'dt': 0.13499879813588594, 'total_energy': 18.07791445932657}
2026-06-08T12:37:56+12:00 scalar diagnostics {'step': 1149, 'time': 171.51998538760773, 'dt': 0.1335431150730345, 'total_energy': 18.15376574220899}
2026-06-08T12:37:56+12:00 scalar diagnostics {'step': 1151, 'time': 171.78241728220024, 'dt': 0.13042901380131008, 'total_energy': 18.220762319448262}
2026-06-08T12:37:56+12:00 scalar diagnostics {'step': 1153, 'time': 172.03920788073873, 'dt': 0.12777732758333574, 'total_energy': 18.28070414096521}
2026-06-08T12:37:56+12:00 scalar diagnostics {'step': 1155, 'time': 172.29185955284746, 'dt': 0.12591383045199495, 'total_energy': 18.33306360431885}
2026-06-08T12:37:56+12:00 scalar diagnostics {'step': 1157, 'time': 172.53244830459266, 'dt': 0.11832056292715643, 'total_energy': 18.372806359546765}
2026-06-08T12:37:56+12:00 scalar diagnostics {'step': 1159, 'time': 172.75902316134022, 'dt': 0.11182295897854665, 'total_energy': 18.396018802229623}
2026-06-08T12:37:56+12:00 scalar diagnostics {'step': 1162, 'time': 173.08216404164648, 'dt': 0.10611556771201507, 'total_energy': 18.395807307300238}
2026-06-08T12:37:56+12:00 scalar diagnostics {'step': 1164, 'time': 173.29147859880865, 'dt': 0.1042810856364028, 'total_energy': 18.37158616125627}
2026-06-08T12:37:56+12:00 scalar diagnostics {'step': 1167, 'time': 173.6025896714098, 'dt': 0.10366471763474774, 'total_energy': 18.30000937699273}
2026-06-08T12:37:56+12:00 scalar diagnostics {'step': 1169, 'time': 173.81088362808535, 'dt': 0.10437355878722378, 'total_energy': 18.22983963574271}
2026-06-08T12:37:56+12:00 scalar diagnostics {'step': 1171, 'time': 174.02170183738093, 'dt': 0.10580991965323827, 'total_energy': 18.13910787543066}
2026-06-08T12:37:56+12:00 scalar diagnostics {'step': 1174, 'time': 174.3446148979135, 'dt': 0.10846727154257249, 'total_energy': 17.97192912954045}
2026-06-08T12:37:56+12:00 scalar diagnostics {'step': 1176, 'time': 174.56419737185217, 'dt': 0.11025304298931106, 'total_energy': 17.847813056240323}
2026-06-08T12:37:56+12:00 scalar diagnostics {'step': 1178, 'time': 174.7875630411315, 'dt': 0.11215806663148357, 'total_energy': 17.71915484597153}
2026-06-08T12:37:56+12:00 scalar diagnostics {'step': 1180, 'time': 175.01452982596982, 'dt': 0.11389953378977802, 'total_energy': 17.593466497731555}
2026-06-08T12:37:56+12:00 scalar diagnostics {'step': 1183, 'time': 175.3601541988355, 'dt': 0.11574471816650274, 'total_energy': 17.418957573384308}
2026-06-08T12:37:56+12:00 scalar diagnostics {'step': 1185, 'time': 175.5925572360357, 'dt': 0.11630988502644395, 'total_energy': 17.335437370668252}
2026-06-08T12:37:56+12:00 scalar diagnostics {'step': 1187, 'time': 175.825374606226, 'dt': 0.11640726205354673, 'total_energy': 17.283554418017825}
2026-06-08T12:37:56+12:00 scalar diagnostics {'step': 1189, 'time': 176.05754895988952, 'dt': 0.11586690462051914, 'total_energy': 17.263843691433777}
2026-06-08T12:37:56+12:00 scalar diagnostics {'step': 1191, 'time': 176.28464757977082, 'dt': 0.11277444512450763, 'total_energy': 17.271268890379233}
2026-06-08T12:37:56+12:00 scalar diagnostics {'step': 1193, 'time': 176.50555979467148, 'dt': 0.10968245899808163, 'total_energy': 17.299436060720744}
2026-06-08T12:37:56+12:00 scalar diagnostics {'step': 1196, 'time': 176.82535123812013, 'dt': 0.10506363723848706, 'total_energy': 17.365152505392444}
2026-06-08T12:37:56+12:00 scalar diagnostics {'step': 1198, 'time': 177.03099981282253, 'dt': 0.10209018423448733, 'total_energy': 17.41295806960231}
2026-06-08T12:37:56+12:00 progress {'step': 1200, 'time': 177.23015414143384, 'dt': 0.09866020684976474}
2026-06-08T12:37:56+12:00 scalar diagnostics {'step': 1201, 'time': 177.32713209508705, 'dt': 0.09697795365321189, 'total_energy': 17.473664640606902}
2026-06-08T12:37:56+12:00 scalar diagnostics {'step': 1203, 'time': 177.5167982246825, 'dt': 0.09419010381813844, 'total_energy': 17.501171513802085}
2026-06-08T12:37:56+12:00 scalar diagnostics {'step': 1206, 'time': 177.79299154674908, 'dt': 0.09097908209982025, 'total_energy': 17.521828703021253}
2026-06-08T12:37:56+12:00 scalar diagnostics {'step': 1209, 'time': 178.0627948443786, 'dt': 0.08965603617950332, 'total_energy': 17.514546110833273}
2026-06-08T12:37:57+12:00 scalar diagnostics {'step': 1212, 'time': 178.3180171172265, 'dt': 0.08342765368329576, 'total_energy': 17.474682397735265}
2026-06-08T12:37:57+12:00 scalar diagnostics {'step': 1215, 'time': 178.5643009714356, 'dt': 0.0818314906452808, 'total_energy': 17.405563381791456}
2026-06-08T12:37:57+12:00 scalar diagnostics {'step': 1218, 'time': 178.8120631326676, 'dt': 0.08323886285080542, 'total_energy': 17.305832364706482}
2026-06-08T12:37:57+12:00 scalar diagnostics {'step': 1221, 'time': 179.0683532088687, 'dt': 0.08671420150229192, 'total_energy': 17.17100834336316}
2026-06-08T12:37:57+12:00 scalar diagnostics {'step': 1224, 'time': 179.3379077970685, 'dt': 0.09152440288119244, 'total_energy': 16.99723534628786}
2026-06-08T12:37:57+12:00 scalar diagnostics {'step': 1226, 'time': 179.526244670567, 'dt': 0.09505585594103462, 'total_energy': 16.85884622950151}
2026-06-08T12:37:57+12:00 scalar diagnostics {'step': 1229, 'time': 179.82095788450468, 'dt': 0.09959749766036444, 'total_energy': 16.616875288444096}
2026-06-08T12:37:57+12:00 scalar diagnostics {'step': 1231, 'time': 180.0209952956295, 'dt': 0.10010440291813225, 'total_energy': 16.43711629997608}
2026-06-08T12:37:57+12:00 scalar diagnostics {'step': 1234, 'time': 180.31770459002556, 'dt': 0.09838218350862153, 'total_energy': 16.152448997984923}
2026-06-08T12:37:57+12:00 scalar diagnostics {'step': 1236, 'time': 180.51372032544606, 'dt': 0.09794539500844439, 'total_energy': 15.956671887893267}
2026-06-08T12:37:57+12:00 scalar diagnostics {'step': 1239, 'time': 180.80851093029574, 'dt': 0.09840659604809517, 'total_energy': 15.659368978271047}
2026-06-08T12:37:57+12:00 scalar diagnostics {'step': 1241, 'time': 181.00609472626363, 'dt': 0.09903622476407115, 'total_energy': 15.461039959011515}
2026-06-08T12:37:57+12:00 scalar diagnostics {'step': 1244, 'time': 181.3102863309925, 'dt': 0.1030162290481899, 'total_energy': 15.164650521798526}
2026-06-08T12:37:57+12:00 scalar diagnostics {'step': 1246, 'time': 181.52379898151645, 'dt': 0.10820126522593075, 'total_energy': 14.965977765493303}
2026-06-08T12:37:57+12:00 scalar diagnostics {'step': 1248, 'time': 181.75172460806664, 'dt': 0.11614907622613395, 'total_energy': 14.761027148492314}
2026-06-08T12:37:57+12:00 scalar diagnostics {'step': 1251, 'time': 182.115305918777, 'dt': 0.12226547979164495, 'total_energy': 14.441315664899834}
2026-06-08T12:37:57+12:00 scalar diagnostics {'step': 1253, 'time': 182.36023270606265, 'dt': 0.12241236245802999, 'total_energy': 14.228912616674535}
2026-06-08T12:37:57+12:00 scalar diagnostics {'step': 1255, 'time': 182.60514609139594, 'dt': 0.12250745015695547, 'total_energy': 14.024124922704631}
2026-06-08T12:37:57+12:00 scalar diagnostics {'step': 1257, 'time': 182.85093987493755, 'dt': 0.12306822077376323, 'total_energy': 13.828367269753336}
2026-06-08T12:37:57+12:00 scalar diagnostics {'step': 1259, 'time': 183.0986351059979, 'dt': 0.1241524361794834, 'total_energy': 13.64391558065832}
2026-06-08T12:37:57+12:00 scalar diagnostics {'step': 1261, 'time': 183.3492554826841, 'dt': 0.12573062437017726, 'total_energy': 13.47043371135832}
2026-06-08T12:37:57+12:00 scalar diagnostics {'step': 1263, 'time': 183.6036186034581, 'dt': 0.12766004407822376, 'total_energy': 13.309582230736854}
2026-06-08T12:37:57+12:00 scalar diagnostics {'step': 1265, 'time': 183.86158162580767, 'dt': 0.12940028730696201, 'total_energy': 13.164177663723699}
2026-06-08T12:37:57+12:00 scalar diagnostics {'step': 1267, 'time': 184.12291235111843, 'dt': 0.13111501812811757, 'total_energy': 13.035792792215172}
2026-06-08T12:37:57+12:00 scalar diagnostics {'step': 1268, 'time': 184.2551659465945, 'dt': 0.1322535954760742, 'total_energy': 12.978700392177727}
2026-06-08T12:37:57+12:00 scalar diagnostics {'step': 1270, 'time': 184.51769815373032, 'dt': 0.1307574967316497, 'total_energy': 12.882900093417513}
2026-06-08T12:37:57+12:00 scalar diagnostics {'step': 1272, 'time': 184.7748413620007, 'dt': 0.12656122328547365, 'total_energy': 12.81752513741782}
2026-06-08T12:37:57+12:00 scalar diagnostics {'step': 1274, 'time': 185.0191636378834, 'dt': 0.12116915707972734, 'total_energy': 12.775375702671193}
2026-06-08T12:37:57+12:00 scalar diagnostics {'step': 1276, 'time': 185.26028871540106, 'dt': 0.12072309965676885, 'total_energy': 12.751990487271971}
2026-06-08T12:37:57+12:00 scalar diagnostics {'step': 1279, 'time': 185.61916864180324, 'dt': 0.11963891730912948, 'total_energy': 12.750626211531905}
2026-06-08T12:37:57+12:00 scalar diagnostics {'step': 1281, 'time': 185.8637571751527, 'dt': 0.12362408825189616, 'total_energy': 12.7745060609947}
2026-06-08T12:37:57+12:00 scalar diagnostics {'step': 1283, 'time': 186.1137522588025, 'dt': 0.1233539411851161, 'total_energy': 12.813259167916893}
2026-06-08T12:37:57+12:00 scalar diagnostics {'step': 1285, 'time': 186.35701431007507, 'dt': 0.12152218511081549, 'total_energy': 12.853310234783635}
2026-06-08T12:37:57+12:00 scalar diagnostics {'step': 1287, 'time': 186.6042383499772, 'dt': 0.12468152699799395, 'total_energy': 12.88587458157766}
2026-06-08T12:37:57+12:00 scalar diagnostics {'step': 1289, 'time': 186.8581674738528, 'dt': 0.12609553461686387, 'total_energy': 12.901128609329835}
2026-06-08T12:37:58+12:00 scalar diagnostics {'step': 1291, 'time': 187.1082384986155, 'dt': 0.12494632054372272, 'total_energy': 12.89484030752212}
2026-06-08T12:37:58+12:00 scalar diagnostics {'step': 1293, 'time': 187.35929347041466, 'dt': 0.12576618998044897, 'total_energy': 12.862695242823188}
2026-06-08T12:37:58+12:00 scalar diagnostics {'step': 1295, 'time': 187.6117936228387, 'dt': 0.12640624595685276, 'total_energy': 12.801728534112566}
2026-06-08T12:37:58+12:00 scalar diagnostics {'step': 1297, 'time': 187.8645931988335, 'dt': 0.12628218142992226, 'total_energy': 12.715885534429916}
2026-06-08T12:37:58+12:00 scalar diagnostics {'step': 1299, 'time': 188.1144475805689, 'dt': 0.12423969487861411, 'total_energy': 12.613211107012122}
2026-06-08T12:37:58+12:00 progress {'step': 1300, 'time': 188.23654183706907, 'dt': 0.12209425650016034}
2026-06-08T12:37:58+12:00 scalar diagnostics {'step': 1301, 'time': 188.35615674141957, 'dt': 0.1196149043505114, 'total_energy': 12.506058673011994}
2026-06-08T12:37:58+12:00 scalar diagnostics {'step': 1303, 'time': 188.58719403565087, 'dt': 0.11407782606438721, 'total_energy': 12.404104849567917}
2026-06-08T12:37:58+12:00 scalar diagnostics {'step': 1305, 'time': 188.80512218113907, 'dt': 0.107428511203389, 'total_energy': 12.313682778878542}
2026-06-08T12:37:58+12:00 scalar diagnostics {'step': 1307, 'time': 189.01272313273265, 'dt': 0.10265454425614431, 'total_energy': 12.23614379477149}
2026-06-08T12:37:58+12:00 scalar diagnostics {'step': 1310, 'time': 189.30904056579604, 'dt': 0.09747685765099733, 'total_energy': 12.141805799646127}
2026-06-08T12:37:58+12:00 scalar diagnostics {'step': 1312, 'time': 189.50335773307017, 'dt': 0.09727375551506852, 'total_energy': 12.092603239273657}
2026-06-08T12:37:58+12:00 scalar diagnostics {'step': 1315, 'time': 189.80389098024256, 'dt': 0.10237342198751408, 'total_energy': 12.024923601712578}
2026-06-08T12:37:58+12:00 scalar diagnostics {'step': 1317, 'time': 190.01916389939944, 'dt': 0.1097655321141121, 'total_energy': 11.979132972598194}
2026-06-08T12:37:58+12:00 scalar diagnostics {'step': 1319, 'time': 190.25661316311925, 'dt': 0.12210859532130837, 'total_energy': 11.92682103579488}
2026-06-08T12:37:58+12:00 scalar diagnostics {'step': 1321, 'time': 190.52080407209493, 'dt': 0.1345579502181249, 'total_energy': 11.865893808030958}
2026-06-08T12:37:58+12:00 scalar diagnostics {'step': 1323, 'time': 190.79070038753105, 'dt': 0.13478868252747678, 'total_energy': 11.79368678951149}
2026-06-08T12:37:58+12:00 scalar diagnostics {'step': 1325, 'time': 191.06154322060976, 'dt': 0.13574216196267702, 'total_energy': 11.703377080076317}
2026-06-08T12:37:58+12:00 scalar diagnostics {'step': 1327, 'time': 191.33140269201942, 'dt': 0.1341504997156691, 'total_energy': 11.595144603628624}
2026-06-08T12:37:58+12:00 scalar diagnostics {'step': 1329, 'time': 191.59522844365785, 'dt': 0.13120554251176303, 'total_energy': 11.472657187594265}
2026-06-08T12:37:58+12:00 scalar diagnostics {'step': 1331, 'time': 191.85444170001617, 'dt': 0.12919191469524693, 'total_energy': 11.341755211726248}
2026-06-08T12:37:58+12:00 scalar diagnostics {'step': 1333, 'time': 192.10809233736194, 'dt': 0.12488964879121293, 'total_energy': 11.203416389093261}
2026-06-08T12:37:58+12:00 scalar diagnostics {'step': 1335, 'time': 192.34836894845793, 'dt': 0.11895860251957187, 'total_energy': 11.060757959788353}
2026-06-08T12:37:58+12:00 scalar diagnostics {'step': 1337, 'time': 192.58180903498885, 'dt': 0.11591449688663294, 'total_energy': 10.912397834759762}
2026-06-08T12:37:58+12:00 scalar diagnostics {'step': 1339, 'time': 192.81182870835906, 'dt': 0.11493979017480262, 'total_energy': 10.758202993126861}
2026-06-08T12:37:58+12:00 scalar diagnostics {'step': 1341, 'time': 193.04386716305987, 'dt': 0.11658979018411549, 'total_energy': 10.596616844594816}
2026-06-08T12:37:58+12:00 scalar diagnostics {'step': 1343, 'time': 193.28302593665032, 'dt': 0.12078796793023946, 'total_energy': 10.4300993383916}
2026-06-08T12:37:58+12:00 scalar diagnostics {'step': 1345, 'time': 193.5210555340476, 'dt': 0.11836874327694133, 'total_energy': 10.27376501277838}
2026-06-08T12:37:58+12:00 scalar diagnostics {'step': 1347, 'time': 193.75567061224177, 'dt': 0.11711587093972615, 'total_energy': 10.136819234441433}
2026-06-08T12:37:58+12:00 scalar diagnostics {'step': 1350, 'time': 194.10317025451914, 'dt': 0.11374336276366039, 'total_energy': 9.97675424607753}
2026-06-08T12:37:58+12:00 scalar diagnostics {'step': 1352, 'time': 194.32534421604615, 'dt': 0.1104221108188371, 'total_energy': 9.900331610779322}
2026-06-08T12:37:58+12:00 scalar diagnostics {'step': 1354, 'time': 194.54451712513935, 'dt': 0.10948090217964951, 'total_energy': 9.844898030789164}
2026-06-08T12:37:58+12:00 scalar diagnostics {'step': 1356, 'time': 194.76374220332912, 'dt': 0.10950256713583241, 'total_energy': 9.804481999309207}
2026-06-08T12:37:58+12:00 scalar diagnostics {'step': 1359, 'time': 195.09521737667663, 'dt': 0.11158655751554893, 'total_energy': 9.759008872502218}
2026-06-08T12:37:58+12:00 scalar diagnostics {'step': 1361, 'time': 195.32550693752833, 'dt': 0.11662799230137033, 'total_energy': 9.727586562665028}
2026-06-08T12:37:58+12:00 scalar diagnostics {'step': 1363, 'time': 195.56902562452584, 'dt': 0.12290577486125653, 'total_energy': 9.687817292410639}
2026-06-08T12:37:58+12:00 scalar diagnostics {'step': 1365, 'time': 195.81593118177616, 'dt': 0.12378188111455211, 'total_energy': 9.638158341377519}
2026-06-08T12:37:58+12:00 scalar diagnostics {'step': 1367, 'time': 196.0676786393317, 'dt': 0.1267657238624287, 'total_energy': 9.57577679874475}
2026-06-08T12:37:59+12:00 scalar diagnostics {'step': 1369, 'time': 196.3287097986489, 'dt': 0.13192002222776067, 'total_energy': 9.49902607034815}
2026-06-08T12:37:59+12:00 scalar diagnostics {'step': 1371, 'time': 196.58916429041128, 'dt': 0.1290488410221654, 'total_energy': 9.413078229588251}
2026-06-08T12:37:59+12:00 scalar diagnostics {'step': 1373, 'time': 196.84275265627144, 'dt': 0.12613344917990013, 'total_energy': 9.322642624822384}
2026-06-08T12:37:59+12:00 scalar diagnostics {'step': 1375, 'time': 197.09032541495304, 'dt': 0.12317568372071439, 'total_energy': 9.227987321527504}
2026-06-08T12:37:59+12:00 scalar diagnostics {'step': 1377, 'time': 197.3350615292636, 'dt': 0.12227149489897474, 'total_energy': 9.126032375932443}
2026-06-08T12:37:59+12:00 scalar diagnostics {'step': 1379, 'time': 197.57822946388546, 'dt': 0.12067756433797892, 'total_energy': 9.012545928553413}
2026-06-08T12:37:59+12:00 scalar diagnostics {'step': 1381, 'time': 197.8160556040079, 'dt': 0.11848054657360357, 'total_energy': 8.889643174718218}
2026-06-08T12:37:59+12:00 scalar diagnostics {'step': 1383, 'time': 198.05207507441497, 'dt': 0.1179850790108216, 'total_energy': 8.753470557230637}
2026-06-08T12:37:59+12:00 scalar diagnostics {'step': 1385, 'time': 198.2892677136012, 'dt': 0.11890097813993532, 'total_energy': 8.601096655290519}
2026-06-08T12:37:59+12:00 scalar diagnostics {'step': 1387, 'time': 198.52980315301053, 'dt': 0.12078266974426342, 'total_energy': 8.4359384396441}
2026-06-08T12:37:59+12:00 scalar diagnostics {'step': 1389, 'time': 198.77485263471814, 'dt': 0.12312334846527427, 'total_energy': 8.263483519233763}
2026-06-08T12:37:59+12:00 scalar diagnostics {'step': 1391, 'time': 199.02294961750474, 'dt': 0.12377218550044823, 'total_energy': 8.095235319655494}
2026-06-08T12:37:59+12:00 scalar diagnostics {'step': 1393, 'time': 199.26656560286122, 'dt': 0.12117594789163146, 'total_energy': 7.940327594323527}
2026-06-08T12:37:59+12:00 scalar diagnostics {'step': 1395, 'time': 199.50572258705523, 'dt': 0.11910815374320396, 'total_energy': 7.798330887438517}
2026-06-08T12:37:59+12:00 scalar diagnostics {'step': 1398, 'time': 199.8596556236265, 'dt': 0.11765088851595788, 'total_energy': 7.610203168343187}
2026-06-08T12:37:59+12:00 progress {'step': 1400, 'time': 200.0, 'dt': 0.02269385262499668}
2026-06-08T12:37:59+12:00 scalar diagnostics {'step': 1400, 'time': 200.0, 'dt': 0.02269385262499668, 'total_energy': 7.542566418384737}
2026-06-08T12:37:59+12:00 run complete {'backend': 'numpy', 'equation_set': 'inhomogeneous_rmhd_s', 'equation_mode': 'nonlinear', 'grid': [16, 16, 16], 'steps': 1400, 't_final': 200.0, 'dt_last': 0.02269385262499668, 'total_energy_initial': 0.7500000000000001, 'total_energy_final': 7.542566418384737, 'psi_hat_max_abs': 979.7300492511438, 'output_dir': 'C:\\Users\\naoki\\Downloads\\rmhd-gpu-new\\examples\\outputs_nokia_rmhd_s_14', 'scalar_diagnostics_csv': 'C:\\Users\\naoki\\Downloads\\rmhd-gpu-new\\examples\\outputs_nokia_rmhd_s_14\\scalar_diagnostics.csv'}
