step,time,dt,psi_mean,psi_rms,psi_max_abs,omega_mean,omega_rms,omega_max_abs,du_par_mean,du_par_rms,du_par_max_abs,db_par_mean,db_par_rms,db_par_max_abs,s_mean,s_rms,s_max_abs,alfvenic_energy,du_par_energy,db_par_energy,total_energy_proxy,total_energy,total_energy_rhs_dissipation,total_energy_rhs_forcing,total_energy_rhs_stratification,total_energy_rhs_total,auto_dissipation_enabled,auto_dissipation_nu_perp,auto_dissipation_nu_par,auto_dissipation_kd,auto_dissipation_ud,auto_dissipation_Ed
0,0.0,0.0,1.734723475976807e-18,0.4342173625223503,1.4616505902339754,-6.938893903907228e-18,0.4342173625223504,1.578884777563656,-3.469446951953614e-18,0.4342173625223503,1.5171696917044408,3.469446951953614e-18,0.4342173625223503,1.34588600943537,-3.469446951953614e-18,0.4342173625223503,1.6791033171458931,0.416275849288917,0.0942723589579331,0.09427235895793307,0.6048205672047832,0.7500000000000001,0.0,0.0,0.0,0.0,1.0,2e-12,0.0,4.242640687119285,0.5766225342029709,0.16624677347532818
3,0.2770586012446677,0.09340266558463027,-1.734723475976807e-18,0.4225071102758795,1.3229198107566216,-3.469446951953614e-18,0.7566221150743945,2.6903345749716636,0.0,0.4930776089670863,1.784255559937972,0.0,0.4418174016299713,1.3881885536226053,1.734723475976807e-18,0.45003959007220795,1.5658161479129045,0.41912715075109586,0.12156276423234945,0.09760130819152968,0.638291223174975,0.7905771521772421,-6.344308690264342e-10,0.0,0.1473015595813027,0.14730155894687183,1.0,2e-12,0.0,4.242640687119285,0.5766225342029709,0.16624677347532818
6,0.5995726412108462,0.11558271600816511,1.734723475976807e-18,0.38714118267514974,1.2887686316301985,-3.469446951953614e-18,1.198331079278956,4.556030178636123,3.469446951953614e-18,0.6433594378688275,2.366130821582811,-3.469446951953614e-18,0.4494395724357905,1.441669902828779,0.0,0.6597086441188384,2.4724875804465087,0.41236525496761045,0.20695568314744683,0.1009979646356331,0.7203189027506904,0.9388250510701048,-1.6501269055920257e-09,0.0,0.4602718812715474,0.46027187962142047,1.0,2e-12,0.0,4.242640687119285,0.5766225342029709,0.16624677347532818
8,0.8225571333722035,0.10771623627468013,-6.938893903907228e-18,0.3725285183875414,1.2260493370967538,-1.214306433183765e-17,1.349318160694686,5.222593943573319,-1.734723475976807e-18,0.7370690319301152,2.9522857945799785,3.469446951953614e-18,0.4649405067034165,1.5413342163248782,-3.469446951953614e-18,0.8938189863929407,3.429071472789423,0.394711043222592,0.2716353789151985,0.10808483738681483,0.7744312595246053,1.098222439629276,-4.4083096729738355e-09,0.0,0.7138560272966833,0.7138560228883736,1.0,2e-12,0.0,4.242640687119285,0.5766225342029709,0.16624677347532818
10,1.031612000895565,0.10314076586311462,3.469446951953614e-18,0.3660413563765008,1.233183630131771,1.0408340855860843e-17,1.4180110454462542,5.6860950315472625,5.204170427930421e-18,0.8087711243867487,3.32776635271974,-3.469446951953614e-18,0.48914885750424125,1.7195203340057739,3.469446951953614e-18,1.1032872846187334,4.292435288300601,0.373125858015938,0.3270553658209028,0.11963330239885224,0.8198145262356931,1.2681033933829169,-8.435219418309212e-09,0.0,0.8115191129336383,0.8115191044984189,1.0,4e-12,0.0,4.242640687119285,0.9128338604416366,0.41663282838439064
13,1.3433978352812779,0.10664416318994488,5.204170427930421e-18,0.3536009001168965,1.3136930278088137,-1.734723475976807e-17,1.4921775530189552,5.646226213307661,-8.673617379884035e-19,0.895597296694581,3.1921627697327803,6.938893903907228e-18,0.5378907943608197,2.079834861540652,3.469446951953614e-18,1.325522763170613,5.054331531520391,0.34844864061259717,0.4010472589233206,0.14466325332905677,0.8941591528649746,1.5132152670285648,-2.9726367739092858e-08,0.0,0.7865310338477671,0.7865310041213994,1.0,4e-12,0.0,4.242640687119285,0.9128338604416366,0.41663282838439064
15,1.5702009363983727,0.11399082537226232,3.469446951953614e-18,0.34214294277981316,1.3251005016778707,-1.734723475976807e-17,1.5583117999827674,8.032522873633827,1.0408340855860843e-17,0.9503258462560686,3.2300775000848145,5.204170427930421e-18,0.5789226964818383,2.1773941496250115,-4.336808689942018e-18,1.413397061535506,5.442661672150114,0.34364483903845966,0.45155960703115644,0.1675757442509013,0.9627801903205174,1.6697325730318633,-4.424309297969851e-08,0.0,0.6927351816325522,0.6927351373894592,1.0,4e-12,0.0,4.242640687119285,0.9128338604416366,0.41663282838439064
17,1.7896449602185653,0.10922954707653668,-6.938893903907228e-18,0.337593760343229,1.287898509447904,1.0408340855860843e-17,1.6234939028687745,9.85067571162537,0.0,0.9982018688581366,3.5318561172151233,0.0,0.6215764548360591,2.179475116253876,-3.469446951953614e-18,1.4570192943343192,5.7354684922788035,0.3491863064316018,0.4982034854959382,0.1931786446032817,1.0405684365308216,1.806931491630972,-5.677724105179742e-08,0.0,0.628343797455502,0.6283437406782609,1.0,4e-12,0.0,4.242640687119285,0.9128338604416366,0.41663282838439064
19,2.0127183400815443,0.11252701152187138,2.6020852139652106e-18,0.3441642921933471,1.285888640169625,0.0,1.6774780861984238,9.813594212364599,1.734723475976807e-18,1.0430437343997565,4.170673566584577,1.734723475976807e-18,0.6664628657574642,2.2318182486023055,1.0408340855860843e-17,1.476737728795997,6.03101813074932,0.36214430303121803,0.543970115935295,0.22208637571682577,1.1282007946833388,1.9390908367055455,-7.06533598093986e-08,0.0,0.5957031898928442,0.5957031192394844,1.0,4e-12,0.0,4.242640687119285,0.9128338604416366,0.41663282838439064
22,2.323969240117997,0.10094710237132806,-1.734723475976807e-18,0.362412112827297,1.3269521994480644,-1.734723475976807e-17,1.7918389379698372,7.884962491112885,-3.469446951953614e-18,1.1038003984782019,4.779790211356142,8.673617379884035e-19,0.7294526576424326,2.7499012175708932,-1.734723475976807e-17,1.474828326150172,5.946900893684875,0.3900765709079631,0.6091876598403185,0.266050589870804,1.2653148206190856,2.1186474302259173,-1.523232507888244e-07,0.0,0.5796440790811777,0.5796439267579269,1.0,8e-12,0.0,4.242640687119285,1.3972076991680469,0.9760946773072336
24,2.53519906588793,0.10585997772732429,8.673617379884035e-19,0.3703794789518779,1.3172049456220989,-2.0816681711721685e-17,1.9070331956960584,7.832910374058976,-1.0408340855860843e-17,1.1441935290491076,4.685190033703853,8.673617379884035e-19,0.7737235629398458,3.207952536713025,-3.469446951953614e-18,1.4558583290794493,5.767695552277965,0.4151651222552798,0.6545894159589254,0.29932407592416477,1.36907861413837,2.240674028137036,-2.2255158014737384e-07,0.0,0.5814374389201978,0.5814372163686177,1.0,8e-12,0.0,4.242640687119285,1.3972076991680469,0.9760946773072336
27,2.8266627140434455,0.0899176750766286,-1.734723475976807e-18,0.3707590190431361,1.2267929497407168,-6.938893903907228e-18,2.0791746783819844,9.047096183407211,-5.204170427930421e-18,1.1973126146296724,5.1781274334077025,-1.0408340855860843e-17,0.838031836123172,3.8991449696719997,1.734723475976807e-17,1.424126032867579,5.530865685672312,0.4533151406236165,0.7167787485756711,0.3511486791779875,1.521242568377275,2.4199876860778726,-2.606804755211252e-07,0.0,0.619178849084297,0.6191785884038215,1.0,8e-12,0.0,4.242640687119285,1.3972076991680469,0.9760946773072336
29,3.0005023305991676,0.08753663305079366,8.673617379884035e-19,0.3673922739227295,1.1909414116255193,1.3877787807814457e-17,2.1804032463222676,8.474265335086727,-1.9081958235744878e-17,1.2295589027564897,5.472277439392919,5.204170427930421e-18,0.8761363686352829,4.2289927774723495,-1.0408340855860843e-17,1.416729241197194,5.60718931939222,0.4746574388218047,0.7559075476738715,0.38380746822271006,1.6143724547183864,2.540102793514154,-2.976854379548666e-07,0.0,0.6945546687936482,0.6945543711082103,1.0,8e-12,0.0,4.242640687119285,1.3972076991680469,0.9760946773072336
32,3.2722598624754733,0.08979939971778816,-8.673617379884035e-19,0.3617724110272586,1.1323157713876355,-3.122502256758253e-17,2.3356091515554938,8.914954860008823,-3.469446951953614e-18,1.2809873811905266,5.322894155952438,1.3877787807814457e-17,0.9350453308204043,3.8085387983577004,1.0408340855860843e-17,1.4396082303285334,5.515085165062548,0.5030503937932351,0.8204643353846817,0.43715488534451963,1.7606696145224365,2.7573919012109616,-5.765651670563658e-07,0.0,0.8041809036799002,0.8041803271147332,1.0,1.6e-11,0.0,4.242640687119285,1.738652819707198,1.5114568137378952
35,3.5238111749446763,0.08060446887471658,5.204170427930421e-18,0.35951565866898944,1.2041974599198384,2.42861286636753e-17,2.4862650651680767,10.077214914153025,-3.469446951953614e-18,1.330111190488486,5.2454564545700135,-6.938893903907228e-18,0.988918406683225,3.8528179456321743,-3.469446951953614e-18,1.5010150580173172,5.156744659616113,0.523950502700069,0.8845978895313485,0.488979807538444,1.8975281997698616,2.9948304824948826,-8.084616370344117e-07,0.0,0.9475917989144823,0.9475909904528452,1.0,1.6e-11,0.0,4.242640687119285,1.738652819707198,1.5114568137378952
38,3.7572383446507267,0.07665647614204277,-3.469446951953614e-18,0.3596958191222861,1.1517980031507074,-3.469446951953614e-18,2.5991855006996616,10.75221918061888,3.469446951953614e-18,1.380639664231901,5.378794751483268,0.0,1.0351279848616615,3.9679835950447444,-1.0408340855860843e-17,1.5845315218150553,6.033650808557919,0.5394045134986081,0.9530829412251881,0.5357449725218819,2.028232427245678,3.2418772385464543,-9.233673156766639e-07,0.0,1.0617012418868108,1.061700318519495,1.0,1.6e-11,0.0,4.242640687119285,1.738652819707198,1.5114568137378952
42,4.0841555293343665,0.08628231419304147,5.204170427930421e-18,0.3615263459951844,1.2168375513844483,-1.5612511283791264e-17,2.7058982983765385,9.322855393855821,0.0,1.4457949635991258,5.540844561674815,0.0,1.1032386407558894,4.400011311321257,-1.5612511283791264e-17,1.7273377612774883,7.26702702109668,0.5571390634840487,1.0451615383842987,0.608567749228451,2.2108683510967984,3.6250339505397324,-1.5985704719734774e-06,0.0,1.1763137777627979,1.176312179192326,1.0,3.2e-11,0.0,4.242640687119285,2.091982527864558,2.1881954484452937
44,4.261334819132583,0.08964414629186668,-5.204170427930421e-18,0.3641719058829513,1.289951811306325,-1.734723475976807e-17,2.772266653835637,9.054525110807566,-6.938893903907228e-18,1.4692540703304984,5.479595563762885,0.0,1.1481928348100896,4.424696991243238,-1.0408340855860843e-17,1.8096547154894527,6.801450097123,0.5663727240919951,1.0793537615913684,0.6591733929546149,2.304899878637978,3.84828282270176,-2.2750589926588967e-06,0.0,1.2659973177318158,1.265995042672823,1.0,3.2e-11,0.0,4.242640687119285,2.091982527864558,2.1881954484452937
47,4.530754852025811,0.09286097377337922,-2.6020852139652106e-18,0.3712333403156112,1.3089693911517122,-2.7755575615628914e-17,2.869824441141715,10.341483491691271,6.938893903907228e-18,1.5104834030529262,5.709616280146665,-6.938893903907228e-18,1.2135524449932458,5.018003654752684,5.204170427930421e-18,1.9346211129284407,6.955813155561211,0.5820104006348179,1.140780055449174,0.7363547683745423,2.4591452244585343,4.206044882491965,-2.439182473278578e-06,0.0,1.3350336516540198,1.3350312124715464,1.0,3.2e-11,0.0,4.242640687119285,2.091982527864558,2.1881954484452937
50,4.799231449659771,0.0877985500618527,1.734723475976807e-18,0.3797598440227327,1.4611893806178449,0.0,2.95630762642652,11.049028883701428,3.469446951953614e-18,1.5691681851180481,5.204865014042127,3.469446951953614e-18,1.266111170763788,4.968572736211833,-1.3877787807814457e-17,2.0581139144662863,6.795387922527887,0.598374740336426,1.2311443965933342,0.8015187483664248,2.631037885296185,4.576231512590939,-2.719217144071207e-06,0.0,1.3858864743526513,1.3858837551355072,1.0,6.4e-11,0.0,4.242640687119285,2.475855315648653,3.064929772012846
53,5.049310978732152,0.08292266869022194,2.6020852139652106e-18,0.38480862786100906,1.386340317598012,2.0816681711721685e-17,3.069943055706668,11.660332947314128,-6.938893903907228e-18,1.624251745152618,5.062101111933579,-1.3877787807814457e-17,1.3117659528239087,5.208225601409758,-2.7755575615628914e-17,2.1630358841863098,7.035390936982427,0.615337781248256,1.3190968658156623,0.8603649574940082,2.7947996045579266,4.9184201058469,-6.195300439606418e-06,0.0,1.37505350893579,1.3750473136353505,1.0,6.4e-11,0.0,4.242640687119285,2.475855315648653,3.064929772012846
56,5.298886640405598,0.0832042154766426,1.734723475976807e-18,0.38646809075511995,1.366924156728995,-3.469446951953614e-17,3.160313844275972,11.34518405979858,1.0408340855860843e-17,1.6826199327590168,5.600785529193667,1.3877787807814457e-17,1.3533985785143083,4.60005897913433,-3.122502256758253e-17,2.2565312645282756,8.35765018759575,0.6350533558386626,1.415604919058979,0.9158438561622751,2.966502131059917,5.257167991126457,-6.893219483735507e-06,0.0,1.3653409079464396,1.365334014726956,1.0,6.4e-11,0.0,4.242640687119285,2.475855315648653,3.064929772012846
59,5.5582305939782515,0.08866805167201054,-6.071532165918825e-18,0.3852530423079277,1.1550383279888532,-2.7755575615628914e-17,3.2808772470825738,11.965458774757892,-3.469446951953614e-18,1.74428041420496,5.807782001652998,6.938893903907228e-18,1.3911840679389031,5.036029555590985,-2.7755575615628914e-17,2.3504247997186054,8.462689316665617,0.6534289220979075,1.5212570816895132,0.9676965554435173,3.1423825592309376,5.6016932342401615,-7.5482177277055535e-06,0.0,1.3393011039891276,1.3392935557713999,1.0,6.4e-11,0.0,4.242640687119285,2.475855315648653,3.064929772012846
62,5.814196411747938,0.08247037872118017,-5.204170427930421e-18,0.38024254172792177,1.1721143789234083,-2.0816681711721685e-17,3.4836833371480282,12.595579505938655,0.0,1.7863625241506642,6.088790686736442,6.938893903907228e-18,1.4342253699415286,5.18662798229254,-6.938893903907228e-18,2.4357153034419343,8.983503431278557,0.6710178118319748,1.5955455338449656,1.028501205891957,3.295064551568897,5.925397198104586,-1.384288711914284e-05,0.0,1.2781500057869524,1.2781361628998331,1.0,1.28e-10,0.0,4.242640687119285,2.8754943833167705,4.134233974243147
65,6.043731240861149,0.07579381602441314,-1.734723475976807e-18,0.37040782104949865,1.2521277752032782,-2.42861286636753e-17,3.6625230096044614,13.036515948913596,1.3877787807814457e-17,1.8290617096301405,5.755902742513646,6.938893903907228e-18,1.469644684488323,4.96812730490227,-4.163336342344337e-17,2.5044779134015425,8.928291701149774,0.6946621128960455,1.6727333688175658,1.079927749322391,3.4473232310360027,6.220801577411751,-1.820548868201033e-05,0.0,1.2990294382395406,1.2990112327508587,1.0,1.28e-10,0.0,4.242640687119285,2.8754943833167705,4.134233974243147
68,6.288267200799246,0.08421225625121743,1.734723475976807e-18,0.35681194863409,1.2448364901870943,-2.7755575615628914e-17,3.7914183129691437,12.717818528022676,0.0,1.896786075390227,6.25596488985822,-6.938893903907228e-18,1.4965470095525286,5.428230809484468,-2.7755575615628914e-17,2.5770232306619762,9.286159068036547,0.7319325019724692,1.7988987078971297,1.1198264759003078,3.650657685769907,6.563567319140516,-2.0032509843119306e-05,0.0,1.4171158158004524,1.4170957832906093,1.0,1.28e-10,0.0,4.242640687119285,2.8754943833167705,4.134233974243147
71,6.540300812404033,0.08556997056677726,8.673617379884035e-19,0.35042371120866656,1.2478228718650195,-4.163336342344337e-17,3.9480846777828544,14.577775548907134,1.3877787807814457e-17,1.9561527518292976,7.778042003711683,1.3877787807814457e-17,1.5348627642429467,5.670543945308248,-6.938893903907228e-18,2.6590811223779975,9.616231171188659,0.7787963816666073,1.9132667942446666,1.1779018525297495,3.8699650284410234,6.9569592331252705,-2.969984659225481e-05,0.0,1.578446922343332,1.5784172224967397,1.0,2.56e-10,0.0,4.242640687119285,3.251956180944259,5.287609501390785
74,6.78560807467193,0.07776198651179102,-6.938893903907228e-18,0.35509341839324043,1.312600434536376,-4.85722573273506e-17,4.098631690570726,14.041893777609936,4.5102810375396984e-17,2.006867101517355,7.457924821659491,6.938893903907228e-18,1.5764967081969115,6.821618909903111,-5.551115123125783e-17,2.7442814549232164,9.94877198496211,0.8263161897059044,2.0137577815763352,1.242670935477849,4.082744906760089,7.358807632273518,-4.705734872098272e-05,0.0,1.6554766375709353,1.6554295802222143,1.0,2.56e-10,0.0,4.242640687119285,3.251956180944259,5.287609501390785
77,7.001554055576874,0.07197509283661159,3.469446951953614e-18,0.36112357313946997,1.248656491376861,-3.469446951953614e-17,4.240949032160986,16.337064849010247,1.734723475976807e-18,2.059022724868339,6.900079955949693,-3.469446951953614e-18,1.6029085497934916,7.404434313360898,-1.3877787807814457e-17,2.813350716864188,10.20340067805598,0.8689105825502069,2.11978729076212,1.2846579095005373,4.273355782812864,7.695048101455065,-4.877415052226463e-05,0.0,1.572635583996992,1.57258680984647,1.0,2.56e-10,0.0,4.242640687119285,3.251956180944259,5.287609501390785
81,7.282829729576248,0.06880847530015548,1.734723475976807e-18,0.3700839469823927,1.171673452818295,1.3877787807814457e-17,4.415252126944794,17.58393678096712,2.0816681711721685e-17,2.13487483797514,8.174835288804392,6.938893903907228e-18,1.6268672992597106,8.473830586549028,1.3877787807814457e-17,2.889895093806928,9.933721349820782,0.9325681239627015,2.2788452869096902,1.3233486047002923,4.534762015572683,8.113013906639502,-6.19868662556693e-05,0.0,1.5031351827611366,1.5030731958948809,1.0,5.12e-10,0.0,4.242640687119285,3.5749191197918395,6.390023356526631
85,7.549756819582474,0.0642075377756047,-3.469446951953614e-18,0.38091605099029335,1.2766325355074126,0.0,4.64699376827382,17.82410900729328,3.122502256758253e-17,2.2035806881857716,7.850392600025377,-6.938893903907228e-18,1.6510858557000259,7.280411473880976,-2.0816681711721685e-17,2.9536185794189778,10.879970284415323,1.005369600587482,2.4278839246726394,1.3630422514463432,4.796295776706464,8.51478096057883,-0.0001031295082517681,0.0,1.5217144533485976,1.5216113238403457,1.0,5.12e-10,0.0,4.242640687119285,3.5749191197918395,6.390023356526631
89,7.794713272442584,0.06143021544458303,-8.673617379884035e-18,0.3923711356194924,1.3103022097776071,-3.9898639947466563e-17,4.92400858751866,16.166874645779295,2.6020852139652106e-17,2.243265917941343,8.365761923705868,0.0,1.6964564030347442,7.753100767645068,-5.551115123125783e-17,3.0104230510216183,11.236600363000267,1.0879909774697079,2.5161209892986083,1.4389821636987912,5.043094130467107,8.92899096961892,-0.00011129373381206772,0.0,1.7061742000010864,1.7060629062672743,1.0,5.12e-10,0.0,4.242640687119285,3.5749191197918395,6.390023356526631
93,8.046708561727353,0.059791260011609546,-3.469446951953614e-18,0.3965915823405141,1.3827030468251367,-8.847089727481716e-17,5.232471890932051,19.088547159085095,2.0816681711721685e-17,2.2796696186839602,8.061578783107214,2.0816681711721685e-17,1.7482302917654358,7.1670490757399765,-3.469446951953614e-17,3.076597203625053,10.748912505807702,1.1817020011796413,2.598446785175336,1.5281545765231304,5.308303362878108,9.39212953480668,-0.0002176568932034052,0.0,1.8629111605119408,1.8626935036187375,1.0,1.024e-09,0.0,4.242640687119285,3.7921375378332174,7.190153552921887
97,8.26681895308522,0.05513729554331933,-3.469446951953614e-18,0.40069378979182424,1.3907368969558775,-6.591949208711867e-17,5.380474010487911,19.40190046019511,2.2551405187698492e-17,2.3458681592087403,9.087759355834669,6.938893903907228e-18,1.7709765900482055,6.749198891294997,0.0,3.1627298105488757,11.857464951567218,1.2581519540526491,2.751548710194702,1.5681790412493846,5.577879705496736,9.84683090747044,-0.0002647172336001001,0.0,2.086972406702248,2.086707689468648,1.0,1.024e-09,0.0,4.242640687119285,3.7921375378332174,7.190153552921887
102,8.543221685746975,0.055742241256378576,-1.734723475976807e-18,0.4123648537093844,1.6892574839954235,-6.938893903907228e-18,5.504191234900666,20.347836128121408,2.7755575615628914e-17,2.4352116701306206,8.788749958175682,-1.0408340855860843e-17,1.799911585106985,7.69737793048601,-1.3877787807814457e-17,3.292401311692917,11.059773907503752,1.3503972570047253,2.9651279391701824,1.6198408571011693,5.935366053276077,10.4819816376313,-0.0004021678155055659,0.0,2.319133872330392,2.318731704514886,1.0,2.048e-09,0.0,4.242640687119285,3.9964798368593217,7.985925543211556
106,8.772446931767437,0.06045845479728118,3.469446951953614e-18,0.41754273400881986,1.772245255649176,-7.632783294297951e-17,5.673910259270138,20.14678796888489,2.42861286636753e-17,2.499996722148798,9.064097654691212,6.938893903907228e-18,1.8345725711660728,8.280701205766533,1.3877787807814457e-17,3.3813995757168893,13.147698880443084,1.436340814986766,3.124991805377367,1.6828282594374473,6.244160879801581,11.014132173716783,-0.0006127073829612602,0.0,2.354656437483814,2.3540437301008525,1.0,2.048e-09,0.0,4.242640687119285,3.9964798368593217,7.985925543211556
110,9.01464671761432,0.06058491192808452,-3.469446951953614e-18,0.42286145286858184,1.5174464611507852,-7.28583859910259e-17,5.782538204648449,21.39774732151757,2.3418766925686896e-17,2.5578095057447685,9.231553143450387,-6.938893903907228e-18,1.8817064948665365,7.878313532241158,-1.3877787807814457e-17,3.481836898342342,13.334015922892178,1.5277598226929867,3.271194733839148,1.7704096664114533,6.569364222943587,11.61303469975276,-0.0006130291612023434,0.0,2.513898492731287,2.5132854635700848,1.0,4.096e-09,0.0,4.242640687119285,4.289799487749054,9.201189822546024
114,9.25692485060731,0.057898161724857136,-1.734723475976807e-18,0.4412439307543582,1.6095905691498102,-6.938893903907228e-17,5.890510608958236,20.330883619802652,2.2551405187698492e-17,2.6301542622386354,11.816649695787529,6.938893903907228e-18,1.918046286842006,8.991682553565015,1.3877787807814457e-17,3.6194255031030598,13.938153368314566,1.605077518973776,3.458855721586029,1.8394507792342036,6.903384019794009,12.279899861606676,-0.0012654720871169626,0.0,2.797026129634301,2.795760657547184,1.0,4.096e-09,0.0,4.242640687119285,4.289799487749054,9.201189822546024
119,9.5207308747923,0.04827151072659751,-1.734723475976807e-18,0.46800918782719697,1.6434683609824576,-8.326672684688674e-17,6.018754383224021,21.153762877354012,3.2959746043559335e-17,2.690422858438848,11.469267967770184,0.0,1.9630041166626113,8.207798399919307,-1.3877787807814457e-17,3.762986107559733,12.771657076046047,1.6848882317396485,3.61918757860513,1.926692581017179,7.230768391361958,12.980678372714772,-0.0013245643277595748,0.0,2.690139235244779,2.6888146709170195,1.0,4.096e-09,0.0,4.242640687119285,4.289799487749054,9.201189822546024
124,9.760913104998446,0.05106202924329646,-6.938893903907228e-18,0.4843778908211179,1.609059367360452,-5.898059818321144e-17,6.343605644621701,22.329063374067648,5.204170427930421e-18,2.7580913277999577,11.453602629150893,-1.3877787807814457e-17,1.992909664209265,8.258979424572715,-6.938893903907228e-18,3.8315476696226494,13.513295753965311,1.789813289256386,3.8035338862426666,1.9858444648493425,7.579191640348395,13.528840642237238,-0.0025337015517517135,0.0,2.315607150227417,2.3130734486756652,1.0,8.192e-09,0.0,4.242640687119285,4.551477131940564,10.35797204128895
129,10.016655549622588,0.05190436244534766,-2.6020852139652106e-18,0.4837684846701894,1.7765590260706703,-6.245004513516506e-17,6.567462880741988,22.851518409708405,2.2551405187698492e-17,2.8136062894907248,9.76279101788353,-2.7755575615628914e-17,2.0306242256747686,7.540051598385008,3.469446951953614e-17,3.909211036829121,12.966952174473576,1.9045296900799749,3.9581901761308806,2.0617173729486264,7.924437239159482,14.112275963334092,-0.003000659668242935,0.0,2.328678799255696,2.325678139587453,1.0,8.192e-09,0.0,4.242640687119285,4.551477131940564,10.35797204128895
134,10.288109200001092,0.05441441581045944,6.938893903907228e-18,0.4837251939994155,1.563674245297852,-5.551115123125783e-17,6.730661940504163,22.6292361097495,6.245004513516506e-17,2.841247562218501,10.541198023837524,-2.7755575615628914e-17,2.088044947466254,8.411409791081752,6.938893903907228e-17,4.020893236116022,14.408580857791502,2.008951531325441,4.0363438549062876,2.179965851319675,8.225261237551404,14.770474341256842,-0.005496725799058166,0.0,2.4945116648902435,2.4890149390911853,1.0,1.6384e-08,0.0,4.242640687119285,4.757148207420619,11.315229533682604
139,10.535469889891964,0.04872569665994196,-5.204170427930421e-18,0.5072616651441079,1.8016061762109477,-2.7755575615628914e-17,6.819334847589855,25.07796300594137,6.591949208711867e-17,2.9109904821760364,10.060669519048638,-2.7755575615628914e-17,2.1119687607719,7.374978395535848,1.1796119636642288e-16,4.124759139351835,14.429705194375948,2.110492638098803,4.2369327936597365,2.230206023238198,8.577631454996737,15.401519726804887,-0.006312153349873207,0.0,2.611901187931472,2.605589034581599,1.0,1.6384e-08,0.0,4.242640687119285,4.757148207420619,11.315229533682604
144,10.769044322043488,0.04547968429438951,0.0,0.5282316727832509,1.9753499428545345,1.3877787807814457e-17,6.885713734036375,28.18448933803158,6.938893903907228e-17,2.9432306840877196,10.442560290498054,-2.0816681711721685e-17,2.1519487778798494,7.253819922773926,2.7755575615628914e-17,4.186691958839397,14.903132600773734,2.2277951868334673,4.331303429877732,2.3154417713092883,8.874540388020488,15.922647340046598,-0.011986851173886183,0.0,2.2969393375859597,2.2849524864120734,1.0,3.2768e-08,0.0,4.242640687119285,5.0075654007721875,12.537855621505361
149,11.005731820256157,0.048650996893174876,0.0,0.5342982000431831,1.7381814942288394,3.469446951953614e-17,7.351475053883021,28.088625558551517,6.591949208711867e-17,2.9653388858984813,10.350376981751209,-1.3877787807814457e-17,2.2022733010197086,7.938819198103969,5.551115123125783e-17,4.207659585530626,17.11842934429667,2.3812653877890817,4.396617354110822,2.425003846192122,9.202886588092026,16.408078214965244,-0.014156038747908311,0.0,2.125130826284011,2.1109747875361027,1.0,3.2768e-08,0.0,4.242640687119285,5.0075654007721875,12.537855621505361
155,11.259697221105059,0.03920149542013046,-1.0408340855860843e-17,0.5278683013913651,1.8761537513670352,5.551115123125783e-17,7.911981405820272,31.410990009396833,6.591949208711867e-17,2.9933215512359106,11.183181733847617,-6.938893903907228e-18,2.245542499575205,8.325686126366357,6.245004513516506e-17,4.246532633997128,15.909916072724046,2.5363821424421107,4.479986954546679,2.52123055869923,9.53759965568802,16.927750855519946,-0.02747084169548618,0.0,2.138923253212867,2.1114524115173805,1.0,6.5536e-08,0.0,4.242640687119285,5.16606526679755,13.344115170406019
162,11.52335416755022,0.039163401768528484,-4.336808689942018e-18,0.5500919176758517,2.0652670811792353,4.85722573273506e-17,7.9388662397051215,36.77069294167876,4.85722573273506e-17,3.065024219224553,11.675514133741775,-3.469446951953614e-17,2.2692141637041723,8.621088341101807,2.7755575615628914e-17,4.346395107049351,16.024143074885274,2.6901438900642702,4.697186732216539,2.574666460377813,9.961997082658623,17.63727415821372,-0.04188956125285502,0.0,2.7905436651255044,2.7486541038726493,1.0,1.31072e-07,0.0,4.242640687119285,5.269946443377481,13.886167758033483
168,11.759622674457473,0.04021505795742058,1.734723475976807e-18,0.577451130419353,2.0935834226754904,4.163336342344337e-17,8.111333426823945,29.10105515660036,5.551115123125783e-17,3.080735470095373,10.643927277149917,-4.163336342344337e-17,2.329644654285775,8.37415538648365,6.938893903907228e-17,4.42698326037198,16.916384485953476,2.853133810759422,4.745465518351879,2.713622107621143,10.312221436732443,18.31735235700929,-0.06689445370941496,0.0,3.0261196304699642,2.9592251767605493,1.0,1.31072e-07,0.0,4.242640687119285,5.269946443377481,13.886167758033483
175,12.029613908837346,0.036824868310493655,-3.903127820947816e-18,0.5957510243839919,2.5601649301785985,-6.938893903907228e-18,8.115774770762114,34.00510720395836,4.85722573273506e-17,3.095091586468273,11.723185463717376,-1.3877787807814457e-17,2.394857425539676,10.74143820072291,8.326672684688674e-17,4.53844876320812,16.17366050856708,3.0061701776140985,4.789795964313345,2.867671044331262,10.663637186258706,19.092637868181598,-0.11279836956720257,0.0,3.0906136856108835,2.9778153160436807,1.0,2.62144e-07,0.0,4.242640687119285,5.454925695509764,14.878107171766338
181,12.267519825689554,0.04276370728415918,-1.734723475976807e-18,0.5976255663280402,2.2328995002710967,5.551115123125783e-17,8.331459658352442,33.62176927961484,6.071532165918825e-17,3.2105050030313538,12.209786932741068,-2.7755575615628914e-17,2.380880960886984,9.838981133680212,1.0408340855860843e-16,4.670916266395885,16.955872345536207,3.12747756670213,5.153671187244676,2.834297074957065,11.11544582890387,19.840456771134985,-0.15674207975459306,0.0,3.4331744827192785,3.2764324029646854,1.0,5.24288e-07,0.0,4.242640687119285,5.631387068957446,15.856260160210567
187,12.50282897098618,0.03895951126960436,-6.938893903907228e-18,0.6075103352675911,2.117026562851506,-6.938893903907228e-17,8.595544610641777,30.03470784511542,1.3877787807814457e-17,3.244675998928561,11.36130291052337,0.0,2.4003109737808823,9.793730941079875,8.326672684688674e-17,4.78690226815577,18.27284576189148,3.23440519193384,5.263961169011527,2.8807463854264634,11.379112746371831,20.446756129514505,-0.27500043617354314,0.0,3.0502902093451363,2.7752897731715933,1.0,5.24288e-07,0.0,4.242640687119285,5.631387068957446,15.856260160210567
194,12.782400143743324,0.03698261590876687,-1.0408340855860843e-17,0.6301600832896115,2.5706286602812902,-5.551115123125783e-17,8.748789290978982,33.69620834062552,5.898059818321144e-17,3.213784463177566,13.961552605222485,0.0,2.47414432716127,10.79822692157035,1.1102230246251565e-16,4.839532583059378,16.039903127804386,3.4208395889266656,5.164205287880757,3.060695075812146,11.645739952619568,21.030125446504922,-0.4349564367088141,0.0,2.7905546717274636,2.3555982350186495,1.0,1.048576e-06,0.0,4.242640687119285,5.77602531722292,16.681234232600065
201,13.028347553983316,0.037573705139634386,1.734723475976807e-18,0.6493297857243412,2.4768596250455928,-2.0816681711721685e-17,9.052086832269136,35.2427281163853,3.469446951953614e-17,3.2071699643851326,13.444212536001475,-2.7755575615628914e-17,2.5196606192275746,10.280899690630886,8.326672684688674e-17,4.860532777878436,18.695572608410327,3.5891151216687236,5.142969590227065,3.174344818043142,11.906429529938931,21.459464646886353,-0.6436841150756389,0.0,2.7232845878648657,2.0796004727892266,1.0,2.097152e-06,0.0,4.242640687119285,5.879814437676834,17.28610891075647
207,13.265090674628677,0.03903236190602592,-1.734723475976807e-18,0.6523175378061216,2.189610451414011,-8.326672684688674e-17,9.125036409055449,31.818144905287525,6.591949208711867e-17,3.293536773632061,12.757451549394357,0.0,2.4825867790144875,9.692994010427238,1.5265566588595902e-16,4.885449673410426,17.728409532735014,3.6877019388644343,5.423692239633343,3.0816185576687634,12.19301273616654,21.71888829192033,-1.1386604797355115,0.0,2.8076108516294984,1.6689503718939869,1.0,2.097152e-06,0.0,4.242640687119285,5.879814437676834,17.28610891075647
214,13.508062624239724,0.033893648200007016,-8.673617379884035e-18,0.6623953636808722,2.4231232924022112,1.0061396160665481e-16,8.75416044483643,30.21813148351791,6.938893903907228e-17,3.3563369367097313,12.352387138802964,-4.163336342344337e-17,2.4202322225804163,8.81568832576965,1.1102230246251565e-16,4.919191591486317,21.757043088175596,3.6994479419691553,5.63249881636103,2.92876200560827,12.260708763938457,21.72305116625914,-1.812476372124755,0.0,2.672559884561597,0.860083512436842,1.0,4.194304e-06,0.0,4.242640687119285,5.883426592246369,17.307354233175865
222,13.757159434366853,0.035500671540491344,-8.673617379884035e-18,0.6854375727798065,2.3587265015272676,4.336808689942018e-17,8.653938489213731,32.946363244855625,4.5102810375396984e-17,3.2388891295339173,12.408013327057656,-6.245004513516506e-17,2.4480843208891803,9.702286250035545,1.1102230246251565e-16,4.9019904645980485,18.498219219969798,3.6601106681708506,5.245201396706487,2.996558421091719,11.901870485969056,21.386396746113526,-2.719860646693781,0.0,2.5908125392603925,-0.12904810743338846,1.0,8.388608e-06,0.0,4.242640687119285,5.831389184332219,17.002549909573393
229,14.018466989573685,0.03882448508604127,1.734723475976807e-18,0.6733365463165616,2.3675538141718566,6.245004513516506e-17,8.331333641066268,33.47986916798273,1.3877787807814457e-17,3.2049349302534154,11.971324153677209,-8.326672684688674e-17,2.3888880653911353,8.898413081581875,1.942890293094024e-16,4.810847109536549,17.077509228322384,3.5602721586819523,5.135803953579231,2.853393094484101,11.549469206745284,20.651809777290147,-3.6155622593651513,0.0,2.576843653091121,-1.0387186062740303,1.0,8.388608e-06,0.0,4.242640687119285,5.831389184332219,17.002549909573393
236,14.29065208554339,0.04286840399241195,3.469446951953614e-18,0.6708805420387867,2.3203153236285528,7.632783294297951e-17,7.61583762825422,26.96670445092863,2.7755575615628914e-17,3.067648254954744,11.203221622962538,-4.5102810375396984e-17,2.284040323123189,8.932860093234675,1.942890293094024e-16,4.6165057089537775,17.386540748540817,3.301661195090363,4.705232908063443,2.6084200988263406,10.615314201980148,18.978008040223248,-5.905781626665883,0.0,2.4394557358716957,-3.466325890794187,1.0,1.6777216e-05,0.0,4.242640687119285,5.673811130570812,16.096066372694615
242,14.526300813455572,0.03998248903395433,0.0,0.6850730148215561,2.5715659919720526,1.3877787807814457e-17,7.149699919593422,26.436826303289624,6.245004513516506e-17,2.961858248924865,12.405034416938719,-5.204170427930421e-17,2.1362380745217813,8.32965219498766,1.249000902703301e-16,4.360528614101828,16.675042631587015,3.0349337092936572,4.386302143362133,2.281756555518263,9.702992408174055,17.11858560818053,-6.888303272039948,0.0,2.187643289267068,-4.70065998277288,1.0,3.3554432e-05,0.0,4.242640687119285,5.250395226582749,13.783325017661458
248,14.759331314527147,0.04055183569048849,-6.938893903907228e-18,0.670206227498075,2.753729118713413,9.71445146547012e-17,6.510187988464727,21.886186918424812,6.245004513516506e-17,2.7547614995632075,10.495260089504661,-6.245004513516506e-17,2.027726335273439,7.663093638962756,1.5265566588595902e-16,4.039905476002504,15.03284665643868,2.713317674091956,3.794355459737866,2.055837045380726,8.56351017921055,15.025973013450727,-7.500435398848467,0.0,2.0353931627228237,-5.465042236125643,1.0,3.3554432e-05,0.0,4.242640687119285,5.250395226582749,13.783325017661458
254,15.011730824766522,0.04120289069170058,0.0,0.6731003838447018,2.6239197657477544,1.249000902703301e-16,5.269389925869908,18.721305974047105,6.245004513516506e-17,2.418965381905943,8.992042679765412,-5.204170427930421e-17,1.8910655469035615,9.049318113677728,1.6653345369377348e-16,3.635185215729044,13.341183431737653,2.2672159205081654,2.925696759429681,1.7880644513428328,6.980977131280679,12.336975901840365,-8.745136844282582,0.0,1.8882064183189358,-6.856930425963647,1.0,6.7108864e-05,0.0,4.242640687119285,4.615517940643157,10.651502930199424
260,15.286441113324942,0.04655112639990409,0.0,0.6622116763534251,2.096697706210001,4.163336342344337e-17,4.523671429841898,19.09676082298368,4.163336342344337e-17,2.1730966209996376,7.9186335403985595,-8.847089727481716e-17,1.723618043518258,7.434016596707076,1.3877787807814457e-16,3.2763529461839536,13.439050776001793,1.9140063977880772,2.361174462100021,1.4854295799708535,5.760610439858952,10.144351949381237,-6.724512346288784,0.0,1.5123928332942282,-5.212119512994556,1.0,0.000134217728,0.0,4.242640687119285,3.6357244680117042,6.609246203649494
265,15.552030892987473,0.0566756077938988,0.0,0.653574568862129,2.714432726345036,6.938893903907228e-17,3.5929960579280538,14.482632726918549,4.163336342344337e-17,1.9114666868580077,7.356249311471743,-6.591949208711867e-17,1.5106056563781598,5.214196408732132,1.6653345369377348e-16,2.9082652360674413,10.390921479219513,1.5059331194897774,1.8268524474839642,1.1409647245408452,4.473750291514587,7.898376820551401,-7.141636471352528,0.0,1.5108853291849327,-5.630751142167595,1.0,0.000134217728,0.0,4.242640687119285,3.6357244680117042,6.609246203649494
269,15.78932442357973,0.05788824911649499,0.0,0.6589860595110265,2.345771738231492,6.938893903907228e-17,3.0774766579446493,9.902749442548405,3.469446951953614e-17,1.7419872422077838,6.378201452413132,-4.85722573273506e-17,1.4115919592785255,5.233484708706607,1.6653345369377348e-16,2.7825538196064117,10.235693693809479,1.2908573635549472,1.5172597760073399,0.996295929749893,3.8044130693121803,6.891212553993755,-3.9567910206875623,0.0,1.3174259370920074,-2.639365083595555,1.0,0.000134217728,0.0,4.242640687119285,3.6357244680117042,6.609246203649494
273,16.02930293168485,0.05739929098216595,0.0,0.6174581873297066,2.2123138088475995,5.551115123125783e-17,2.733123914469257,10.558860816105756,1.3877787807814457e-17,1.591576084862765,5.90405367346964,-5.551115123125783e-17,1.304825758377543,5.233963331882817,1.5265566588595902e-16,2.6481209964781076,10.300498977828445,1.0943075374569389,1.2665572169535433,0.8512851298627653,3.212149884273247,5.956822113372827,-3.5710593879442025,0.0,1.1659828454745897,-2.4050765424696126,1.0,0.0002266322593190895,0.0,4.242640687119285,2.5325053570246574,3.2067916916792942
277,16.259112754128356,0.059750391279316147,5.204170427930421e-18,0.5775162269243217,2.1188865156997307,5.204170427930421e-17,2.4914329008142624,8.995919901740187,1.3877787807814457e-17,1.4928123348391547,5.411613150485302,-5.551115123125783e-17,1.2467890984367591,5.175730494583155,1.5265566588595902e-16,2.570017204215965,9.514667357330868,0.973327559000372,1.1142443335239642,0.7772415279903733,2.8648134205147096,5.425401824595913,-2.3407581391683316,0.0,1.0278970420047482,-1.3128610971635835,1.0,0.0002266322593190895,0.0,4.242640687119285,2.5325053570246574,3.2067916916792942
281,16.530333941276467,0.06877937718888422,6.938893903907228e-18,0.5243065477068459,1.6065377678399517,9.020562075079397e-17,2.1474067902808542,7.770361555874323,2.0816681711721685e-17,1.3687431744205651,4.94324955124373,-4.85722573273506e-17,1.212331315148059,4.401935991629102,1.5265566588595902e-16,2.5148708684197802,9.48492801341154,0.8469516744031038,0.9367289387614427,0.7348736088443111,2.5185542220088575,4.961063211756312,-1.8381425426989995,0.0,0.9421853333756055,-0.895957209323394,1.0,0.0003242622184281548,0.0,4.242640687119285,1.867996668577882,1.7447057769090328
285,16.823633875433636,0.07611909341334343,2.6020852139652106e-18,0.5002991799342786,2.012522729818821,8.326672684688674e-17,1.9200481755328385,5.837377838081547,5.551115123125783e-17,1.3248610581330336,5.08157490121975,-5.551115123125783e-17,1.1436831939979235,4.189514805543702,1.942890293094024e-16,2.4766951969009896,9.107330001202385,0.7362498058507101,0.8776284116786905,0.6540056241166456,2.2678838416460465,4.578074622317848,-1.4857709894457836,0.0,0.8722295591158418,-0.6135414303299418,1.0,0.0003242622184281548,0.0,4.242640687119285,1.867996668577882,1.7447057769090328
288,17.056131246442803,0.08047085688527988,3.0357660829594124e-18,0.5015275508652588,1.7111150305307814,7.806255641895632e-17,1.7365155190233126,5.5685697414228095,4.85722573273506e-17,1.2877513913767649,6.181102836127416,-4.163336342344337e-17,1.1238418490314621,3.9923333326977115,1.3877787807814457e-16,2.4576133173548813,8.349038227334333,0.6821838676786639,0.8291518229963968,0.6315102508172278,2.1428459414922885,4.405119261072333,-1.064996351326753,0.0,0.8386067865883725,-0.22638956473838057,1.0,0.0003242622184281548,0.0,4.242640687119285,1.867996668577882,1.7447057769090328
291,17.312212440908073,0.08773763915489602,6.5052130349130266e-18,0.5083787993926172,1.689099331124616,9.107298248878237e-17,1.647735063805622,6.4078467198383375,3.469446951953614e-17,1.208629603087684,4.9810702602984795,-2.7755575615628914e-17,1.1311341381156905,4.011375049155728,1.3877787807814457e-16,2.4103962597793007,7.936316664348623,0.6409081103896753,0.7303927587299461,0.6397322192053629,2.011033088324984,4.219468042403019,-0.9153589145120209,0.0,0.6339341358937294,-0.2814247786182915,1.0,0.000404892768819841,0.0,4.242640687119285,1.3529943007262726,0.9152967888988875
294,17.561408547928473,0.08525239979079785,1.734723475976807e-18,0.5256505101850029,2.046709798000614,9.71445146547012e-17,1.5764706008706064,5.818821124601876,4.85722573273506e-17,1.1962477055987404,3.798461438121404,-2.7755575615628914e-17,1.0996914177462924,3.6414240781327467,1.942890293094024e-16,2.350558913010628,7.994344691135077,0.6067333740528527,0.7155042865751251,0.6046606071324252,1.926898267760403,4.023343219846927,-0.8196242256399257,0.0,0.40119465143879757,-0.4184295742011281,1.0,0.000404892768819841,0.0,4.242640687119285,1.3529943007262726,0.9152967888988875
297,17.831119942236317,0.08849475569131508,8.673617379884035e-19,0.4883299845161199,1.6857046339516326,1.0408340855860843e-16,1.4804807962882773,6.450000331603366,5.551115123125783e-17,1.223018957621043,4.245148651424653,-5.551115123125783e-17,1.0406977006862401,3.422746236222123,1.6653345369377348e-16,2.280804886298494,7.957364271505803,0.5713785606890726,0.7478876853502314,0.5415258521068136,1.8607920981461175,3.8068771011809637,-0.6820388791253136,0.0,0.1741025287461594,-0.5079363503791542,1.0,0.000404892768819841,0.0,4.242640687119285,1.3529943007262726,0.9152967888988875
299,18.014690293457065,0.09183355064288468,-1.734723475976807e-18,0.47091759499948277,1.5082653977941303,8.673617379884035e-17,1.4442233838703373,6.341231716655784,4.163336342344337e-17,1.1956744038600815,4.497403248640427,-4.163336342344337e-17,1.0248839642671868,3.6654759077686343,1.6653345369377348e-16,2.2368768570165325,8.047155707807045,0.5444542143938398,0.7148186400230805,0.525193570106012,1.7844664245229322,3.6606368744621065,-0.6096928290943358,0.0,0.0681864268200588,-0.5415064022742769,1.0,0.000404892768819841,0.0,4.242640687119285,1.3529943007262726,0.9152967888988875
302,18.314860584249555,0.10249804692173711,2.168404344971009e-18,0.45356066627069147,1.3655718102043128,8.673617379884035e-17,1.392713225354672,5.281518683478048,4.163336342344337e-17,1.141082252986371,4.59625418724724,-4.163336342344337e-17,1.0148443912481044,3.458253064467375,1.6653345369377348e-16,2.159091631856111,7.910028767714663,0.5049858865844006,0.6510343540402259,0.5149545692238678,1.6709748098484942,3.444582081255155,-0.5733528357480202,0.0,0.09517829263353551,-0.4781745431144847,1.0,0.0004596590167100148,0.0,4.242640687119285,1.049542667888135,0.550769905858872
304,18.52781088039687,0.10992657702145768,5.204170427930421e-18,0.44807475286056936,1.3400381754660886,9.367506770274758e-17,1.3739582959552126,5.618818340424548,3.469446951953614e-17,1.1693639746271147,4.613361255664358,-4.163336342344337e-17,0.9828818821275939,3.5370990699427605,1.6653345369377348e-16,2.0894535596928976,7.3883284213513924,0.4894877873064466,0.6837060525778618,0.4830283971073405,1.6562222369916488,3.3180210021895857,-0.4877468541499223,0.0,0.1137092674714762,-0.3740375866784461,1.0,0.0004596590167100148,0.0,4.242640687119285,1.049542667888135,0.550769905858872
307,18.84832821068038,0.10631462038318899,1.0408340855860843e-17,0.47141206870188723,1.398700793881396,9.194034422677078e-17,1.3014488043132446,4.231284254992081,3.8163916471489756e-17,1.189539057620512,4.3609237723104535,-4.163336342344337e-17,0.9550266817808898,3.2656058563932033,1.6653345369377348e-16,1.9682294775146727,7.316452671277299,0.4763353925195468,0.7075015848023479,0.45603798145670843,1.6398749587786032,3.141873304797886,-0.4352198306110535,0.0,0.09209791677147533,-0.3431219138395782,1.0,0.0004596590167100148,0.0,4.242640687119285,1.049542667888135,0.550769905858872
309,19.064219123877088,0.1075602746515579,3.469446951953614e-18,0.4824707753172221,1.380779462553465,1.0581813203458523e-16,1.2796630378415743,4.542235844712268,3.122502256758253e-17,1.1498712171253191,4.134002076002548,-4.85722573273506e-17,0.9732332662669263,3.5341624414014032,1.8041124150158794e-16,1.8871909087983274,6.286861519259181,0.4709232254248562,0.6611019079866314,0.4735914952842949,1.6056166286957825,3.0408102960678622,-0.4092472049705439,0.0,0.12494610805152291,-0.284301096919021,1.0,0.0004596590167100148,0.0,4.242640687119285,1.049542667888135,0.550769905858872
312,19.347581178163594,0.09813701810493723,-1.734723475976807e-18,0.5116646882248443,1.5172533332143965,8.760353553682876e-17,1.2611213804217711,4.582962731202157,4.163336342344337e-17,1.1270506677211465,3.787625591357745,-5.551115123125783e-17,0.9803155247223452,3.479797069473581,1.8041124150158794e-16,1.8050872050142974,6.142706588794615,0.4597192162493549,0.635121603805341,0.48050926400582344,1.5753500840605195,2.935611098847051,-0.39438617353821304,0.0,0.17997983780517476,-0.21440633573303827,1.0,0.00048733365569092257,0.0,4.242640687119285,0.8463892794620941,0.35818740619418143
314,19.531104267527216,0.08980451975862416,5.204170427930421e-18,0.5153691424455815,1.723495173915112,1.0234868508263162e-16,1.2168045345459955,4.475378013585587,3.122502256758253e-17,1.1394418159418975,3.461491964601527,-5.551115123125783e-17,0.9726516712262238,3.2563973336688132,1.3877787807814457e-16,1.7738255802775373,6.1995745512562435,0.4502440083819794,0.6491638259584844,0.4730256367695829,1.5724334711100467,2.8950025489763034,-0.36803017479740674,0.0,0.2854203105324368,-0.08260986426496991,1.0,0.00048733365569092257,0.0,4.242640687119285,0.8463892794620941,0.35818740619418143
317,19.809250661676764,0.09151556379109162,3.469446951953614e-18,0.517360687968426,1.5248836084854875,1.0061396160665481e-16,1.1082411550858309,4.37808378355078,4.163336342344337e-17,1.1372183552024857,4.1294408427457014,-4.163336342344337e-17,0.9853316853654478,3.2124941038799384,1.6653345369377348e-16,1.764525702625974,6.072162925674531,0.43577808888043174,0.6466327937047234,0.4854392650925567,1.5678501476777118,2.8939481706817434,-0.342820711301393,0.0,0.46473488620849046,0.12191417490709744,1.0,0.00048733365569092257,0.0,4.242640687119285,0.8463892794620941,0.35818740619418143
320,20.077803859371386,0.09413279625644755,1.3877787807814457e-17,0.5024956679182893,1.7380211346583332,1.0234868508263162e-16,1.048460641614106,3.766263129997586,3.469446951953614e-17,1.1305883628184992,3.7713854579347457,-5.551115123125783e-17,1.0035790835699947,3.0406843598373374,1.5265566588595902e-16,1.7771528162824792,6.434527480815655,0.41867199950217315,0.6391150230703072,0.5035854884895953,1.5613725110620758,2.917691475305272,-0.31971938350612206,0.0,0.5282734373441131,0.20855405383799108,1.0,0.0004971215087534483,0.0,4.242640687119285,0.7399262110622172,0.27374539890844446
322,20.29969506134781,0.11593170869242903,0.0,0.48396761835022023,1.877347511162751,1.0061396160665481e-16,1.0291566049554686,3.522604386243247,5.551115123125783e-17,1.158877087335924,3.8430808594082073,-5.551115123125783e-17,0.9979322600607622,2.888727901273765,1.5265566588595902e-16,1.791710245760935,6.559276491312477,0.40260682257869296,0.6714980517760973,0.4979343978349904,1.5720392721897807,2.936734583311242,-0.30842783347076547,0.0,0.5173303248338325,0.208902491363067,1.0,0.0004971215087534483,0.0,4.242640687119285,0.7399262110622172,0.27374539890844446
324,20.522274930452777,0.11116575023239933,6.938893903907228e-18,0.4914179925605169,1.6859308199191139,1.0061396160665481e-16,0.9910815661090498,3.6540695606144715,4.163336342344337e-17,1.1787205693738971,3.834503083721613,-4.163336342344337e-17,1.0017363611477312,2.8494495252464276,1.8041124150158794e-16,1.8039925376695793,6.609573432079032,0.39134526608781817,0.6946910903325619,0.5017378686227487,1.5877742250431288,2.96819714417711,-0.2966091886382692,0.0,0.549872429635767,0.2532632409974978,1.0,0.0004971215087534483,0.0,4.242640687119285,0.7399262110622172,0.27374539890844446
327,20.84617564080928,0.10902127401367519,-5.204170427930421e-18,0.5109213825478135,1.6731452876352488,1.0061396160665481e-16,0.9367057001104936,2.857129528306382,2.7755575615628914e-17,1.1439990849029602,3.8651114074634387,-4.163336342344337e-17,1.039720807992993,3.096684238123145,1.6653345369377348e-16,1.8115540972742628,6.0483482481473185,0.3771943052464215,0.6543669531294051,0.5405096792868009,1.5720709376626274,2.9986472437342435,-0.28876887015652997,0.0,0.4874690161178288,0.1987001459612988,1.0,0.0004971215087534483,0.0,4.242640687119285,0.7399262110622172,0.27374539890844446
329,21.082540439359946,0.12274398911501273,1.734723475976807e-18,0.5206235722302602,1.6343476937991634,9.8879238130678e-17,0.9030308342772883,2.9571557869248766,4.85722573273506e-17,1.1464083114725656,3.9805166107896235,-4.163336342344337e-17,1.041843187777785,3.3229343894449843,2.220446049250313e-16,1.8237618106754394,5.922682364272411,0.3596955029004532,0.6571260083066894,0.5427186139594884,1.559540125166631,3.000307667487221,-0.27959521722318903,0.0,0.390300182134782,0.11070496491159298,1.0,0.0004971215087534483,0.0,4.242640687119285,0.7399262110622172,0.27374539890844446
331,21.325548047105052,0.12205738631360755,1.734723475976807e-18,0.4831814311071729,1.5538496613737358,8.673617379884035e-17,0.9280680846662561,3.3768249425173855,4.163336342344337e-17,1.181889522280402,4.013044314357245,-4.85722573273506e-17,1.024610246806041,3.3069589498414245,1.8041124150158794e-16,1.8395884752173075,5.8416927527658125,0.3403855969987665,0.6984314214380982,0.5249130789299681,1.5637300973668329,3.002346330997932,-0.2665428326622694,0.0,0.37352187401448,0.10697904135221059,1.0,0.0004905055625794688,0.0,4.242640687119285,0.63907338488191,0.20420739563221094
333,21.574892627954096,0.12587308261722624,5.204170427930421e-18,0.4241245322907938,1.4530404553181158,1.0408340855860843e-16,0.9423142608603179,3.2389103381583655,4.85722573273506e-17,1.1762419145395393,4.242236677593155,-4.85722573273506e-17,1.0323347358532144,3.4337983221745416,1.6653345369377348e-16,1.865045135735285,5.814741615677447,0.32020379636788066,0.6917725207598203,0.532857503424563,1.544833820552264,3.016857530725885,-0.2597642302083142,0.0,0.41532895893304655,0.15556472872473237,1.0,0.0004905055625794688,0.0,4.242640687119285,0.63907338488191,0.20420739563221094
335,21.8106029646292,0.11626267348012542,0.0,0.4067107684123131,1.746072000639889,1.0495077029659683e-16,0.9014546952856393,3.0877216489827894,4.163336342344337e-17,1.1456914654678854,4.074025567434197,-3.469446951953614e-17,1.0595064153146097,3.4728724977443575,1.3877787807814457e-16,1.9032868681809818,5.606559302897126,0.3035186951709748,0.6563044670229754,0.5612769220464071,1.5211000842403573,3.0604522499861093,-0.25913954286949126,0.0,0.5368575159779166,0.2777179731084254,1.0,0.0004905055625794688,0.0,4.242640687119285,0.63907338488191,0.20420739563221094
337,22.040275731813296,0.10713968602023954,8.673617379884035e-18,0.4367504723483195,1.805455338866298,1.0495077029659683e-16,0.8479728016510616,3.042166394694711,4.85722573273506e-17,1.1497474176373728,3.675997627781592,-6.245004513516506e-17,1.0744351290051462,3.6196548211714843,1.6653345369377348e-16,1.9454709983374163,5.614940002884622,0.2924315184582869,0.6609595621819034,0.5772054232201524,1.5305965038603428,3.1297134265309303,-0.2573776775302175,0.0,0.6473716837154164,0.3899940061851989,1.0,0.0004905055625794688,0.0,4.242640687119285,0.63907338488191,0.20420739563221094
340,22.341513027730358,0.1019964243234187,6.938893903907228e-18,0.47543064164842286,1.653171052276832,1.0755285551056204e-16,0.7973977434769417,2.8708832177277563,6.938893903907228e-17,1.1687347091489555,3.6267893841271754,-4.85722573273506e-17,1.0847458171357833,3.4428441829975394,2.0816681711721685e-16,1.9726523914192986,5.723294908146846,0.2857113747511466,0.6829704101847467,0.588336743896789,1.5570185288326823,3.196021786219986,-0.2557812024483246,0.0,0.5641735935741139,0.3083923911257893,1.0,0.0004857593874948091,0.0,4.242640687119285,0.6422609637539192,0.20624957278105652
342,22.56466600079685,0.10967995361926436,0.0,0.4637304242645046,1.6443399370716625,1.0755285551056204e-16,0.832493471447718,2.670146783741532,4.5102810375396984e-17,1.1493501459643511,3.689165425394078,-4.85722573273506e-17,1.1044841687470084,3.1959218053944345,1.942890293094024e-16,1.9550798272731293,5.930847571295465,0.2877138371662503,0.6605028790141376,0.6099426395063849,1.5581593556867728,3.2001330205659464,-0.24780650137463292,0.0,0.3562309287822407,0.1084244274076078,1.0,0.0004857593874948091,0.0,4.242640687119285,0.6422609637539192,0.20624957278105652
344,22.77686901159223,0.10440080252542927,3.469446951953614e-18,0.4484598475435858,1.573933631333336,1.1102230246251565e-16,0.835966607864688,3.6231422196017924,4.163336342344337e-17,1.132809844530458,3.527978214329905,-5.551115123125783e-17,1.1175564945755498,3.4955736234264316,1.5265566588595902e-16,1.9214851344426156,6.126108786865686,0.29226506147637027,0.64162907193256,0.6244662592839955,1.5583603926929257,3.1796950348855892,-0.2434721396221149,0.0,0.23312099425399158,-0.010351145368123316,1.0,0.0004857593874948091,0.0,4.242640687119285,0.6422609637539192,0.20624957278105652
346,23.004638110375517,0.12037401539183938,3.469446951953614e-18,0.4433321476371264,1.3712123282457802,1.0755285551056204e-16,0.8238693743910019,3.8040969233682516,4.163336342344337e-17,1.1488864940171089,3.400867250096267,-5.551115123125783e-17,1.111119076743015,3.579885375868245,1.8041124150158794e-16,1.8842387065021986,6.307931421414727,0.2965026662045804,0.659970088067462,0.617292801351125,1.5737655556231673,3.1496543428061834,-0.24239666113922456,0.0,0.19588516235107764,-0.04651149878814692,1.0,0.0004857593874948091,0.0,4.242640687119285,0.6422609637539192,0.20624957278105652
348,23.251022117298827,0.12227568818772289,6.938893903907228e-18,0.45901437549200447,1.5061765555597175,1.214306433183765e-16,0.8242196326491984,3.2994018228356037,2.0816681711721685e-17,1.1794087443650425,3.4781096695965497,-3.8163916471489756e-17,1.1009025181959147,3.3969467867518355,1.6653345369377348e-16,1.8617871730172224,6.401761196439485,0.2995354370761754,0.695502493142363,0.6059931772850531,1.6010311075035915,3.142912183743739,-0.24080240381187598,0.0,0.2913749384544362,0.0505725346425602,1.0,0.0004857593874948091,0.0,4.242640687119285,0.6422609637539192,0.20624957278105652
351,23.58835166005703,0.10721113946255427,0.0,0.4695194717827642,1.4795864193104677,1.0408340855860843e-16,0.8042892480960789,2.592433399609723,1.734723475976807e-17,1.186574424101262,3.8600920511929795,-3.8163916471489756e-17,1.1095819070067587,3.406503924986425,1.3877787807814457e-16,1.8728296896021135,6.7135646560293445,0.2941308782247247,0.7039794319656207,0.6155860041783776,1.613696314368723,3.1763049010359903,-0.23956582017956904,0.0,0.40422469851895865,0.1646588783393896,1.0,0.00047516150351258735,0.0,4.242640687119285,0.5980020778314004,0.17880324254533614
353,23.813550974690287,0.11557056779152966,3.469446951953614e-18,0.4693079419366074,1.376046816409227,1.1449174941446927e-16,0.80016773903375,2.6684432434822787,3.122502256758253e-17,1.1917740165000497,3.816854572062719,-4.85722573273506e-17,1.1102601049228187,3.579580167657363,1.5265566588595902e-16,1.894614394056845,6.96321490067008,0.2818122861448177,0.7101626532023302,0.6163387502916142,1.608313689638762,3.19383463951557,-0.2418309357053102,0.0,0.3827662098051953,0.14093527409988513,1.0,0.00047516150351258735,0.0,4.242640687119285,0.5980020778314004,0.17880324254533614
355,24.037334575775144,0.10769843902974376,3.469446951953614e-18,0.48274897180083304,1.6028821357929932,9.8879238130678e-17,0.7590032950851838,3.038816250537493,2.0816681711721685e-17,1.206785308358564,3.626112703885022,-4.85722573273506e-17,1.1038174673746755,3.879201775032439,1.942890293094024e-16,1.9096118394194892,6.982428961725098,0.2694932462964391,0.7281653902350372,0.6092065006407213,1.6068651371721976,3.2006583296707114,-0.2447985105802515,0.0,0.3324338344846308,0.08763532390437931,1.0,0.00047516150351258735,0.0,4.242640687119285,0.5980020778314004,0.17880324254533614
357,24.254297587703814,0.10809876575312985,3.469446951953614e-18,0.471776430295213,1.6508556408351711,1.0581813203458523e-16,0.7469220012633153,3.1239344190250846,4.163336342344337e-17,1.2160355878685094,3.5909850730808923,-7.979727989493313e-17,1.0965974798808211,3.975823677392003,1.6653345369377348e-16,1.8983685021555665,6.597720634204301,0.26169385684153434,0.7393712754813556,0.601263016440484,1.602328148763374,3.1766179670974775,-0.24304200742418877,0.0,0.18688357443115114,-0.05615843299303763,1.0,0.00047516150351258735,0.0,4.242640687119285,0.5980020778314004,0.17880324254533614
360,24.5965118557781,0.11841038649443231,6.938893903907228e-18,0.43187900721330946,1.6114773811508334,1.1449174941446927e-16,0.7287047020458147,2.9756228391455055,6.245004513516506e-17,1.2249884542484908,3.7820967864001602,-3.469446951953614e-17,1.0723828304901284,3.8515803059483953,1.3877787807814457e-16,1.848888598363276,6.288544814278328,0.24862332621594868,0.7502983565210533,0.5750024675650096,1.5739241503020116,3.0718916611396048,-0.23624726962098197,0.0,-0.013245628644837677,-0.24949289826581963,1.0,0.0004621932718575166,0.0,4.242640687119285,0.5687669693174795,0.16174793269329535
362,24.838588679277226,0.12301437629161294,0.0,0.4325684801538598,1.5658730590731553,1.0408340855860843e-16,0.6940508162032346,2.6526412647994313,4.85722573273506e-17,1.2395208102730817,4.132616343012133,-4.85722573273506e-17,1.047466718887044,3.5691997067360974,1.5265566588595902e-16,1.8191259788949679,6.19310502227882,0.2377926114501079,0.7682059195500183,0.5485932635879945,1.554591794588121,2.9966742764905705,-0.22706636002827624,0.0,-0.03169880137103399,-0.2587651613993102,1.0,0.0004621932718575166,0.0,4.242640687119285,0.5687669693174795,0.16174793269329535
364,25.09510719827327,0.12955043397368524,0.0,0.4326825662177773,1.398475202950734,1.0755285551056204e-16,0.6705822241609151,2.39767125670755,2.7755575615628914e-17,1.237033204089121,3.9693580775683324,-4.163336342344337e-17,1.0331193140719441,3.659262037616945,1.6653345369377348e-16,1.7925600099814432,5.946393871677864,0.22727525532789217,0.7651255740094984,0.533667758554242,1.5260685878916327,2.927319621579736,-0.22557208534979517,0.0,0.006559523331983098,-0.21901256201781208,1.0,0.0004621932718575166,0.0,4.242640687119285,0.5687669693174795,0.16174793269329535
366,25.356867557101616,0.13343616913155604,-1.734723475976807e-18,0.4105905174764946,1.6157911808415715,1.0408340855860843e-16,0.6769741181742123,2.374798880333444,2.7755575615628914e-17,1.2277444705838387,3.7222275893734964,-4.163336342344337e-17,1.0248141581574506,3.513885892014406,1.6653345369377348e-16,1.7637596526907888,5.742416749005354,0.21929610040163428,0.7536782425245948,0.5251220293799819,1.498096372306211,2.863147392050374,-0.21765342057591996,0.0,0.02552868589050085,-0.19212473468541913,1.0,0.0004621932718575166,0.0,4.242640687119285,0.5687669693174795,0.16174793269329535
368,25.6535614131253,0.15455819297959247,-1.734723475976807e-18,0.39464000730624754,1.263616437147483,1.1102230246251565e-16,0.6747346941026873,2.6339529759309217,2.7755575615628914e-17,1.2576471347190303,4.248067148276482,-4.163336342344337e-17,0.9939051239342999,3.594833063622035,2.220446049250313e-16,1.7423396100324882,5.264375371091219,0.2118719909828266,0.7908381577334936,0.4939236976914279,1.496633846407748,2.8102093196049798,-0.20769747802783287,0.0,0.08208483999673073,-0.12561263803110212,1.0,0.0004621932718575166,0.0,4.242640687119285,0.5687669693174795,0.16174793269329535
369,25.799531895216084,0.14597048209078659,5.204170427930421e-18,0.3925383420440528,1.1831808087145477,1.1102230246251565e-16,0.6617620076437751,2.5953341699546093,2.0816681711721685e-17,1.2773276983612778,4.536504701347143,-2.7755575615628914e-17,0.9748671020803266,3.5495929995957,1.942890293094024e-16,1.7403064228366472,4.83281872930448,0.20724356696214466,0.8157830245004598,0.47518293335924694,1.4982095248218514,2.791132398430049,-0.2002222633714097,0.0,0.12037701212646282,-0.07984525124494687,1.0,0.0004621932718575166,0.0,4.242640687119285,0.5687669693174795,0.16174793269329535
371,26.095225582790697,0.14854141890225914,-3.469446951953614e-18,0.36042059194925186,1.2256206114992811,1.1102230246251565e-16,0.6775342172805136,2.2910275646699194,2.7755575615628914e-17,1.287544215279419,4.279991694001433,-2.7755575615628914e-17,0.9577125958803349,3.2980537344805976,1.6653345369377348e-16,1.744014089773617,5.13689100959386,0.19879985647103882,0.8288850531497471,0.4586067081539248,1.486291617774711,2.766126315167438,-0.19106315347554798,0.0,0.1582857166125578,-0.03277743686299017,1.0,0.00044887340954721534,0.0,4.242640687119285,0.548916370136402,0.15065459070186177
372,26.25498669645005,0.15976111365935347,3.469446951953614e-18,0.33551320119508715,1.0765956344011334,1.1362438767648086e-16,0.6858920942194116,2.1901405139320493,3.469446951953614e-17,1.2821165828827505,4.034977865724837,-5.551115123125783e-17,0.9603394606244942,3.0936821216255903,1.6653345369377348e-16,1.7516882018909514,5.238594377074401,0.19606252589349993,0.8219114660514704,0.46112593981627203,1.479099931761242,2.7686969918713817,-0.18592516442226917,0.0,0.2543197199017049,0.06839455547943571,1.0,0.00044887340954721534,0.0,4.242640687119285,0.548916370136402,0.15065459070186177
374,26.599878493393422,0.17937751681661843,1.734723475976807e-18,0.3339033908811635,1.1353593661742676,1.1058862159352145e-16,0.6618995792528632,2.1626761470576423,2.0816681711721685e-17,1.289179601604873,3.786569263640942,-4.163336342344337e-17,0.9672269802255932,3.216206682837119,1.6653345369377348e-16,1.7964635228820216,5.806820836460018,0.1922204944757824,0.8309920225970497,0.46776401563815984,1.490976532710992,2.8301064693914864,-0.18600456809099392,0.0,0.41866833933532577,0.23266377124433185,1.0,0.00044887340954721534,0.0,4.242640687119285,0.548916370136402,0.15065459070186177
375,26.77029192313198,0.17041342973855408,-1.734723475976807e-18,0.3636717084028274,1.1486849955162552,1.0581813203458523e-16,0.6329798774439978,2.2368676911640177,4.85722573273506e-17,1.2976816563001385,3.6363650787162323,-4.163336342344337e-17,0.9742791360973232,3.2617052498123895,1.942890293094024e-16,1.8315009403507445,6.036334248195887,0.19081674840793478,0.8419888405489354,0.47460991751727316,1.5074155064741432,2.8877122615079447,-0.18471129168941725,0.0,0.5739892669089133,0.38927797521949603,1.0,0.00044887340954721534,0.0,4.242640687119285,0.548916370136402,0.15065459070186177
377,27.080214615797946,0.15146048356308014,3.469446951953614e-18,0.4010361774961755,1.222421393370311,1.0148132334464322e-16,0.6077264450833679,2.0637918451235597,3.469446951953614e-17,1.293856030496188,3.8218502442001716,-6.938893903907228e-17,1.0050563926304485,2.927680722036541,1.6653345369377348e-16,1.8956143435106332,6.344831745156567,0.1882744044137423,0.8370317138256762,0.5050691761836652,1.5303752944230837,3.0056499802240255,-0.1809885892627887,0.0,0.6117009997104884,0.4307124104476997,1.0,0.00044887340954721534,0.0,4.242640687119285,0.548916370136402,0.15065459070186177
379,27.40359802329786,0.164169770119033,0.0,0.391513346058163,1.1164466246989342,1.0581813203458523e-16,0.6300107024413776,2.228117222529412,2.7755575615628914e-17,1.2892589282990798,3.652014769441384,-5.551115123125783e-17,1.0318137131716412,3.446266354330098,1.6653345369377348e-16,1.9464773882540796,6.588385130076916,0.18184096462382665,0.8310942920994459,0.532319769344525,1.5452550260677975,3.1005438356181156,-0.17546403167731328,0.0,0.5260901432495921,0.35062611157227885,1.0,0.00044887340954721534,0.0,4.242640687119285,0.548916370136402,0.15065459070186177
380,27.587537498633747,0.1839394753358881,3.469446951953614e-18,0.3902302155571515,1.0420241964527905,9.8879238130678e-17,0.6191309632773232,1.9598920205292258,3.469446951953614e-17,1.3008019134702546,3.5229033945792034,-8.326672684688674e-17,1.0362793372410335,3.4742487251774103,1.8041124150158794e-16,1.9646176567409834,6.547234368187047,0.17843592477046405,0.846042809043938,0.5369374323963578,1.56141616621076,3.140478683645294,-0.17315481570909325,0.0,0.4448144106875312,0.27165959497843795,1.0,0.00044199516739800294,0.0,4.242640687119285,0.5711804710111708,0.16312356523227142
381,27.7725861142633,0.1850486156295557,3.469446951953614e-18,0.38703793388546176,1.0763538978243274,1.1275702593849246e-16,0.6163596278955058,2.301604276183906,4.85722573273506e-17,1.3140066216248663,3.4394471585141675,-5.551115123125783e-17,1.0384513176873584,3.3222289832880105,1.5265566588595902e-16,1.9667998250528134,6.415779839766237,0.17750733426970894,0.8633067008369972,0.5391905696033055,1.5800046047100116,3.1636365933068165,-0.1707043986907833,0.0,0.3501829252134457,0.17947852652266238,1.0,0.00044199516739800294,0.0,4.242640687119285,0.5711804710111708,0.16312356523227142
383,28.12711810519508,0.17533646830058833,5.204170427930421e-18,0.3640608116245808,1.2168125177456333,1.0581813203458523e-16,0.6326611490269194,2.347150259384546,4.85722573273506e-17,1.3221681292153264,3.6621964285198527,-4.163336342344337e-17,1.0457945089922562,3.39311087784655,1.942890293094024e-16,1.9313996227733445,6.264549491744625,0.1788432924769274,0.8740642809563779,0.5468430775191772,1.5997506509524824,3.1537759442408944,-0.17201770636190733,0.0,0.20428570514965386,0.03226799878774653,1.0,0.00044199516739800294,0.0,4.242640687119285,0.5711804710111708,0.16312356523227142
384,28.304886746110515,0.17776864091543487,0.0,0.3624138879270319,1.1846069452618349,1.0408340855860843e-16,0.6343378788160093,2.263258124030688,3.469446951953614e-17,1.3264763276438851,3.7190950363445605,-5.551115123125783e-17,1.0494086208243503,3.5659701349988406,1.942890293094024e-16,1.9126338305468569,6.1758181187872765,0.17886943039122333,0.8797697238998037,0.5506292267302324,1.6092683810212594,3.1476030135846247,-0.17399584916847521,0.0,0.19291690946971252,0.018921060301237302,1.0,0.00044199516739800294,0.0,4.242640687119285,0.5711804710111708,0.16312356523227142
386,28.610365389705176,0.14196868785914196,0.0,0.3842085599727327,1.4313252514577535,1.1015494072452725e-16,0.6187542284236626,2.510336181452841,4.163336342344337e-17,1.3432186007830158,3.68569262326091,-8.326672684688674e-17,1.0540125194455097,3.5612012475990458,1.942890293094024e-16,1.900698470638272,6.218229305244833,0.1757013002849389,0.9021181047447415,0.5554711955739355,1.6332906006036159,3.1641785587749514,-0.17724665012804416,0.0,0.2757006297950383,0.09845397966699412,1.0,0.00044199516739800294,0.0,4.242640687119285,0.5711804710111708,0.16312356523227142
388,28.885902325846384,0.14000322934652606,1.734723475976807e-18,0.38429583534302914,1.2021045968407178,1.0148132334464322e-16,0.6136718739472716,2.53556508329833,2.42861286636753e-17,1.3596157343152386,3.6182378555635224,-3.469446951953614e-17,1.0595484899131287,3.4822577879443948,1.5265566588595902e-16,1.9022206306686773,6.258429398852295,0.1702029620636168,0.9242774724987828,0.5613215012385955,1.655801935800995,3.1941031355298057,-0.18037526396034445,0.0,0.3332307521077621,0.15285548814741765,1.0,0.00044199516739800294,0.0,4.242640687119285,0.5711804710111708,0.16312356523227142
389,29.041115642500017,0.15521331665363364,8.673617379884035e-19,0.3682197318825807,1.0460160163179109,1.0928757898653885e-16,0.6177221851697411,2.3547889173152243,3.8163916471489756e-17,1.3691242953187135,3.8357996257363434,-5.551115123125783e-17,1.0635047092392425,3.3999476636169024,1.942890293094024e-16,1.9037622939850232,6.554953885052095,0.1671687203992941,0.9372506680159819,0.5655211332870229,1.669940521702299,3.2140255904290833,-0.18129151312548752,0.0,0.35705206793704924,0.17576055481156172,1.0,0.00044199516739800294,0.0,4.242640687119285,0.5711804710111708,0.16312356523227142
391,29.358133265367115,0.1548726218254595,3.469446951953614e-18,0.3328433009845106,1.0600798114087961,1.0408340855860843e-16,0.6035318143621705,1.9825750049360369,3.8163916471489756e-17,1.3827725229286862,3.785439249554236,-2.7755575615628914e-17,1.0749609790222427,3.483816873400192,1.6653345369377348e-16,1.9168762351995277,6.937598159583706,0.1581676049285607,0.9560299250832819,0.5777705532102293,1.6919680832220718,3.2618305517219337,-0.1804444639619423,0.0,0.37992223529245217,0.19947777133050987,1.0,0.0004322218917736992,0.0,4.242640687119285,0.5433065966769605,0.14759102899635068
392,29.52106267358427,0.16292940821715693,4.336808689942018e-18,0.3235264857358745,1.2120603998403239,1.0928757898653885e-16,0.5859825241594872,1.8476194663021572,1.734723475976807e-17,1.38184527180098,3.671453820918078,-4.163336342344337e-17,1.0844998522014762,3.629981477523262,1.5265566588595902e-16,1.9316459279078824,7.019016930880972,0.151123097003236,0.9547481775993619,0.5880699647125116,1.6939412393151096,3.289450321544459,-0.17998900604830853,0.0,0.3996077759028779,0.21961876985456935,1.0,0.0004322218917736992,0.0,4.242640687119285,0.5433065966769605,0.14759102899635068
394,29.84854282229783,0.16489326298048101,4.336808689942018e-18,0.3159465457988488,1.4160006519392332,9.71445146547012e-17,0.5463621895153494,2.0000805012953045,4.85722573273506e-17,1.3774178754211726,3.8199861318973776,-5.551115123125783e-17,1.1053538851295497,3.599970140560678,1.3877787807814457e-16,1.9627259139368605,7.080806792967641,0.13986112986428278,0.9486400017648883,0.6109036056854948,1.699404737314666,3.3504274565747663,-0.18093361705104016,0.0,0.41811003906062644,0.23717642200958627,1.0,0.0004322218917736992,0.0,4.242640687119285,0.5433065966769605,0.14759102899635068
395,30.03693856451204,0.18839574221421107,4.336808689942018e-18,0.31716922029758554,1.4366724286993562,1.0581813203458523e-16,0.5446754782393911,1.7482772214958535,4.163336342344337e-17,1.3884728504224435,3.738068134552224,-3.469446951953614e-17,1.110547625609525,3.4091886491855887,1.6653345369377348e-16,1.973667591413074,7.076818569476956,0.13898054463527326,0.9639284281801126,0.6166580143734767,1.7195669871888626,3.387973217138796,-0.1808642229933088,0.0,0.4388431241273457,0.25797890113403693,1.0,0.0004322218917736992,0.0,4.242640687119285,0.5433065966769605,0.14759102899635068
397,30.402525059179123,0.17321446073435307,0.0,0.3642811803415135,1.3686691123182178,1.1449174941446927e-16,0.527823556782896,1.7964087836794418,4.163336342344337e-17,1.428677011779932,4.067696988563774,-4.85722573273506e-17,1.1129355800614449,3.6731727636802023,1.8041124150158794e-16,1.9990788129230401,6.53349536498739,0.14428201086525616,1.0205590019942177,0.6193128026833524,1.7841538155428265,3.482471965301181,-0.1803490155505198,0.0,0.4944898124724094,0.3141407969218896,1.0,0.0004322218917736992,0.0,4.242640687119285,0.5433065966769605,0.14759102899635068
398,30.56611593355282,0.1635908743736973,8.673617379884035e-19,0.37806320346196876,1.2652311677652963,1.0928757898653885e-16,0.5091201116981223,1.712288131011563,1.3877787807814457e-17,1.4386704606445722,4.017966034503301,-5.551115123125783e-17,1.1189565269975208,3.810143427076129,1.942890293094024e-16,2.0165562792200973,6.254180561084333,0.1460125666173573,1.0348863471656329,0.6260318546551766,1.8069307684381668,3.5309174144540836,-0.18174366219488952,0.0,0.5295979516249251,0.34785428943003555,1.0,0.0004322218917736992,0.0,4.242640687119285,0.5433065966769605,0.14759102899635068
400,30.87712089560505,0.15226275704801723,0.0,0.3523846845226335,1.0212727617691262,1.0755285551056204e-16,0.5160175509207864,1.728165134765994,5.551115123125783e-17,1.4464109607994788,4.163158802924083,-4.85722573273506e-17,1.134522906550882,3.7768159978890394,1.6653345369377348e-16,2.0506156056608233,5.903772851735023,0.1461243433129577,1.0460523337604355,0.6435711127443307,1.835747789817724,3.6146754803505745,-0.1829742266248061,0.0,0.5080972711989534,0.3251230445741473,1.0,0.0004251461818214207,0.0,4.242640687119285,0.5470734503067683,0.1496446800152761
401,31.025475122801627,0.14835422719657648,2.6020852139652106e-18,0.3402705576412948,1.082982269698667,1.1102230246251565e-16,0.517941760010054,1.6633988527109442,2.0816681711721685e-17,1.4538734118323084,4.175909460904222,-4.163336342344337e-17,1.139589626955662,3.6469338507173985,1.3877787807814457e-16,2.0670878450893775,5.75440082441335,0.14541502310727047,1.0568739488164585,0.6493322589324724,1.8516212308562012,3.6546235728040593,-0.1804899510859262,0.0,0.5039383909615964,0.32344843987567024,1.0,0.0004251461818214207,0.0,4.242640687119285,0.5470734503067683,0.1496446800152761
403,31.315121384606055,0.14643294563937592,3.469446951953614e-18,0.35366064969804195,1.2440969238638862,1.1015494072452725e-16,0.5003851314784667,1.757111514449646,2.7755575615628914e-17,1.471184017977415,3.95308568916903,-5.551115123125783e-17,1.1492799417763098,3.666064348871841,1.6653345369377348e-16,2.0977850069315065,5.936210935708835,0.14450311183256237,1.0821912073760853,0.6604221922846788,1.8871165114933266,3.7357282263107923,-0.18082689530349116,0.0,0.5123600705801323,0.33153317527664117,1.0,0.0004251461818214207,0.0,4.242640687119285,0.5470734503067683,0.1496446800152761
405,31.646995382235026,0.1703936567972123,2.6020852139652106e-18,0.3781671244707129,1.2149590688987755,1.0495077029659683e-16,0.5026503768585724,1.5970410247761646,2.0816681711721685e-17,1.4711158839937002,3.9337131134811614,-5.551115123125783e-17,1.1732636665779888,3.5875515109136,1.8041124150158794e-16,2.117027374416415,5.983266571181215,0.14649834367232173,1.0820909720692826,0.6882738156560131,1.9168631313976174,3.8152242711413145,-0.17822356612571383,0.0,0.4719352434539853,0.29371167732827147,1.0,0.0004251461818214207,0.0,4.242640687119285,0.5470734503067683,0.1496446800152761
406,31.817217237392278,0.17022185515725002,-8.673617379884035e-19,0.3790976847499857,1.07174976893422,1.1709383462843448e-16,0.5150688963422894,1.6314917047082376,3.469446951953614e-17,1.470592382866525,4.102579498517609,-5.551115123125783e-17,1.186455673280865,3.547092519171965,1.6653345369377348e-16,2.120179854611669,6.02508711278509,0.1491836180098675,1.081320978272522,0.7038385323301752,1.9343431286125647,3.8518755672360516,-0.17347745669880743,0.0,0.44077563748722814,0.2672981807884207,1.0,0.0004251461818214207,0.0,4.242640687119285,0.5470734503067683,0.1496446800152761
408,32.14197581550952,0.1612194818060722,1.734723475976807e-18,0.3699550172478785,1.0741397016542908,1.0408340855860843e-16,0.520667764045008,1.5686554160608872,4.163336342344337e-17,1.4886404271403557,4.240791703827632,-2.7755575615628914e-17,1.1999360172110223,3.3634552066090997,1.5265566588595902e-16,2.1265100111046906,6.00162015457491,0.15300382143896535,1.10802516065831,0.7199232227001254,1.9809522047974006,3.9218275308762127,-0.1686395360769566,0.0,0.43159182401656304,0.26295228793960645,1.0,0.0004251461818214207,0.0,4.242640687119285,0.5470734503067683,0.1496446800152761
409,32.31174786166886,0.16977204615934777,8.673617379884035e-19,0.37182785716444017,1.057884531737515,1.0755285551056204e-16,0.5058007369702189,1.8084823858418506,3.469446951953614e-17,1.501136553072868,4.131475558339163,-2.7755575615628914e-17,1.203075788387476,3.5039553560739676,2.0816681711721685e-16,2.132568044007999,6.056183657531911,0.15192201501523572,1.1267054754857453,0.7236956763020735,2.0023231668030546,3.953937387932635,-0.16504164570968724,0.0,0.4012490174864336,0.23620737177674636,1.0,0.0004251461818214207,0.0,4.242640687119285,0.5470734503067683,0.1496446800152761
411,32.65090485577566,0.16369220219038091,0.0,0.38249813763254215,1.1262497510707712,1.0625181290357943e-16,0.4853300777910713,1.867582022420561,2.7755575615628914e-17,1.5167998115070638,3.7550174236577774,-4.85722573273506e-17,1.2102341599365445,3.648935164828887,1.3877787807814457e-16,2.1388343980274134,6.288861877790946,0.14551938409764353,1.1503408340939318,0.7323333609386569,2.028193579130232,3.9956723372589167,-0.16060770504730326,0.0,0.3289753449603368,0.16836763991303355,1.0,0.0004120233221241243,0.0,4.242640687119285,0.4996169085909365,0.1248085276749821
412,32.81454514220693,0.16364028643127482,1.734723475976807e-18,0.37363376262671194,1.1509407080830196,1.0928757898653885e-16,0.49753245976522864,1.738382695723358,3.469446951953614e-17,1.5237472946351274,3.969605623952133,-5.551115123125783e-17,1.21224248547223,3.7636140319582085,1.3877787807814457e-16,2.134342467413155,6.247070775754086,0.14214946645310242,1.1609029089539344,0.7347659217919447,2.0378182971989816,4.00254701640581,-0.15689267937365975,0.0,0.24314577949327132,0.08625310011961157,1.0,0.0004120233221241243,0.0,4.242640687119285,0.4996169085909365,0.1248085276749821
414,33.16160797284884,0.1715849343022575,1.734723475976807e-18,0.3354315364257246,1.183899372601532,1.0668549377257364e-16,0.5255982750365079,1.9737654875743018,6.245004513516506e-17,1.5446936175312114,4.144501188082314,-5.551115123125783e-17,1.2103557436054933,3.691841823685001,1.8041124150158794e-16,2.1187711688783666,6.111890568616309,0.1341940480289225,1.19303918602083,0.732480513039403,2.0597137470891553,4.004275901967512,-0.15598139934689662,0.0,0.2058753466287647,0.04989394728186808,1.0,0.0004120233221241243,0.0,4.242640687119285,0.4996169085909365,0.1248085276749821
415,33.34214396269086,0.18053598984202365,-4.336808689942018e-18,0.33337298652235936,1.1258473566305964,1.0928757898653885e-16,0.508867870616343,1.888613882759079,4.85722573273506e-17,1.5560396282638818,4.019414202243787,-3.469446951953614e-17,1.2097793441099192,3.711145685641431,1.6653345369377348e-16,2.114378188300632,6.159232792638542,0.13010682224757228,1.2106296623637998,0.7317830307175129,2.072519515328885,4.011363229299993,-0.15737495833737652,0.0,0.23705816061886403,0.07968320228148751,1.0,0.0004120233221241243,0.0,4.242640687119285,0.4996169085909365,0.1248085276749821
416,33.538493503540224,0.19634954084936207,0.0,0.3374056630489442,1.0381877233442078,1.1015494072452725e-16,0.4813806856514738,1.635740842164573,3.469446951953614e-17,1.5672892475478624,3.9775820959308237,-4.163336342344337e-17,1.2113595913982038,3.785415440072071,1.249000902703301e-16,2.1098558533993264,6.112212770583406,0.12765953535048233,1.2281977927395724,0.7336960298362115,2.0895533579262664,4.025152152735796,-0.1606777267917442,0.0,0.26980636733465535,0.10912864054291116,1.0,0.0004120233221241243,0.0,4.242640687119285,0.4996169085909365,0.1248085276749821
418,33.923888495601574,0.19634954084936207,0.0,0.33522360863829137,1.1427714129405286,1.0928757898653885e-16,0.47226709992695587,1.7903493454403692,1.3877787807814457e-17,1.5854582569651872,4.035351515921402,-4.163336342344337e-17,1.219860935560296,3.976337561641281,1.3877787807814457e-16,2.088510051032988,6.286321184169447,0.13112117338589774,1.256838942289545,0.7440303510530202,2.131990466728463,4.053726860763252,-0.1671763628736711,0.0,0.28082758948511805,0.11365122661144694,1.0,0.0004120233221241243,0.0,4.242640687119285,0.4996169085909365,0.1248085276749821
419,34.10504340712536,0.1811549115237816,1.734723475976807e-18,0.3461593083598287,1.0376832166621677,1.0928757898653885e-16,0.46870582698996177,1.88511416371223,3.469446951953614e-17,1.589678596042752,4.111728593249952,-4.163336342344337e-17,1.2253904682404355,4.0293628260178265,1.942890293094024e-16,2.0756989964769446,6.472195021595769,0.13341168191260686,1.2635390193582277,0.750790899827257,2.147741601098091,4.061834608398705,-0.17357877556970316,0.0,0.26063023171483435,0.08705145614513118,1.0,0.0004120233221241243,0.0,4.242640687119285,0.4996169085909365,0.1248085276749821
420,34.28045218809084,0.175408780965484,-1.734723475976807e-18,0.3573569578484342,0.9926565040698334,1.1275702593849246e-16,0.4644306195240967,1.7688015632364857,4.163336342344337e-17,1.5927227073544363,4.0922151446293595,-3.469446951953614e-17,1.2295510517760242,4.01723641285308,1.8041124150158794e-16,2.0642807729709323,6.5669724319295275,0.13427034984670214,1.2683828112612225,0.7558978944617634,2.158551055569688,4.064987829638968,-0.17721687065514893,0.0,0.2408340523362997,0.06361718168115077,1.0,0.00040855132065536695,0.0,4.242640687119285,0.5429091464812246,0.1473751706664859
422,34.60810623757194,0.1630489078015357,1.734723475976807e-18,0.36159941018496194,1.0647998934272562,1.1102230246251565e-16,0.46967771102211336,1.942992813500607,4.85722573273506e-17,1.609544250659258,4.139924670179503,-2.0816681711721685e-17,1.2280575586188585,4.012646620112022,1.8041124150158794e-16,2.0511991976964388,6.525114947984539,0.1329198837234744,1.2953163474151361,0.7540626836404554,2.182298914779066,4.07236449854976,-0.17969978804256842,0.0,0.24797841853904895,0.06827863049648053,1.0,0.00040855132065536695,0.0,4.242640687119285,0.5429091464812246,0.1473751706664859
423,34.7752356136365,0.1671293760645557,4.336808689942018e-18,0.3585159965622859,1.064470066950534,1.1275702593849246e-16,0.4761227594086868,1.8831564203849815,4.85722573273506e-17,1.6237351296125038,4.044142758243471,-5.551115123125783e-17,1.223776687139575,4.073703876772168,1.5265566588595902e-16,2.051831941535274,6.532896841313028,0.13094533491140992,1.318257885568867,0.7488146899931565,2.1980179104734336,4.0835364658687805,-0.18233311201551505,0.0,0.2943338768071625,0.11200076479164744,1.0,0.00040855132065536695,0.0,4.242640687119285,0.5429091464812246,0.1473751706664859
425,35.10229481703582,0.16027055034957663,5.204170427930421e-18,0.3435788012378819,1.1778621383592653,1.1449174941446927e-16,0.4784555465033211,1.6420643849752588,4.85722573273506e-17,1.646177695274703,4.229570415957937,-8.326672684688674e-17,1.2186215261748237,4.027434938365759,1.249000902703301e-16,2.06934917661743,6.547255824071101,0.12351230169630906,1.354950502209966,0.7425192120283282,2.220982015934603,4.119696851950084,-0.18391594123316446,0.0,0.34139537120562996,0.1574794299724655,1.0,0.00040855132065536695,0.0,4.242640687119285,0.5429091464812246,0.1473751706664859
426,35.26506159023181,0.16276677319599048,5.204170427930421e-18,0.33642423993900217,1.149815538701319,1.1102230246251565e-16,0.471062162211283,1.6101097855977247,5.551115123125783e-17,1.6552025707836018,4.389941598803548,-6.245004513516506e-17,1.2177683837420328,3.94377781457961,1.5265566588595902e-16,2.082581025477806,6.586663722867968,0.11914132259119438,1.369847775164322,0.7414799182208415,2.230469015976358,4.142977740670849,-0.18484003258986664,0.0,0.37632441391303617,0.19148438132316953,1.0,0.00040855132065536695,0.0,4.242640687119285,0.5429091464812246,0.1473751706664859
428,35.62254708251221,0.18563312953603484,1.734723475976807e-18,0.3313318068703438,1.0077663706821307,1.1102230246251565e-16,0.46065604138180394,1.7810237507495499,5.898059818321144e-17,1.6862460537015023,4.684011552866041,-4.163336342344337e-17,1.2113137415129904,3.743427880210448,1.5265566588595902e-16,2.1027548834108476,6.5112492936515505,0.11445465399190276,1.4217128768119447,0.7336404901890996,2.269808020992947,4.197274598103252,-0.18447959705903,0.0,0.38630584470241297,0.20182624764338297,1.0,0.00040855132065536695,0.0,4.242640687119285,0.5429091464812246,0.1473751706664859
429,35.818896623361574,0.19634954084936207,1.734723475976807e-18,0.3266963251675989,0.9447928174539244,1.0408340855860843e-16,0.46604844517114713,1.732865108768549,6.245004513516506e-17,1.7044917857858852,4.72706164787089,-4.85722573273506e-17,1.2077258694485768,3.6161763978907366,2.0816681711721685e-16,2.1042185701143836,6.737917072128069,0.11480791582473233,1.4526461239057777,0.7293008878676603,2.2967549275981707,4.22154447898567,-0.182743514380194,0.0,0.3626408631865312,0.1798973488063372,1.0,0.00040855132065536695,0.0,4.242640687119285,0.5429091464812246,0.1473751706664859
431,36.163132853805976,0.16828728821283115,3.903127820947816e-18,0.3292147711029741,1.0389097606009088,1.1449174941446927e-16,0.4671310109391129,1.5286769884653277,2.0816681711721685e-17,1.7204505300100414,4.62455289526937,-2.0816681711721685e-17,1.2132450142152738,3.694855143566468,1.5265566588595902e-16,2.1060897384890267,7.007235034776637,0.11490620859238374,1.4799750131059166,0.7359817322591097,2.33086295395741,4.264460462590089,-0.17933350985541713,0.0,0.3604916216384102,0.18115811178299307,1.0,0.00040406040871073396,0.0,4.242640687119285,0.5314057898650635,0.14119605675105598
432,36.32428925264264,0.16115639883666505,0.0,0.3352160817145794,1.1013024761345926,1.1796119636642288e-16,0.45859528843866,1.5466334571159426,2.7755575615628914e-17,1.7254076850540319,4.792847696494707,-6.245004513516506e-17,1.2182537774315758,3.8230204605498326,1.8041124150158794e-16,2.11312170090061,7.062061251243229,0.11324712695169895,1.4885158398217564,0.7420711331131518,2.343834099886607,4.291531730160372,-0.17670127684397952,0.0,0.39972947052478325,0.22302819368080373,1.0,0.00040406040871073396,0.0,4.242640687119285,0.5314057898650635,0.14119605675105598
434,36.64527899738959,0.16435844520667775,1.734723475976807e-18,0.315763801295983,1.0285507235126052,1.1449174941446927e-16,0.4492258755118345,1.4532373245386847,2.7755575615628914e-17,1.74497124142876,4.864012348171189,-5.204170427930421e-17,1.2232780328975266,3.9038640057949894,1.942890293094024e-16,2.141959848911252,7.088191531728204,0.10647705046743693,1.5224623167067135,0.7482045728848209,2.3771439400589713,4.364106351417728,-0.17611845290258785,0.0,0.458288304984929,0.28216985208234113,1.0,0.00040406040871073396,0.0,4.242640687119285,0.5314057898650635,0.14119605675105598
435,36.84054424334192,0.1952652459523311,4.336808689942018e-18,0.2852721250239273,1.009750136023653,1.1796119636642288e-16,0.4452592326468355,1.563718536519061,5.551115123125783e-17,1.760974497003491,4.823079993729456,-4.163336342344337e-17,1.2253567058494987,3.9258943304094123,1.942890293094024e-16,2.169506459146186,7.0314684597645485,0.10076128302110116,1.5505155895483491,0.7507495282851673,2.4020264008546173,4.423600663734581,-0.17617242477415912,0.0,0.5401999362795794,0.3640275115054203,1.0,0.00040406040871073396,0.0,4.242640687119285,0.5314057898650635,0.14119605675105598
436,37.03689378419128,0.19634954084936207,2.168404344971009e-18,0.26158432503101736,0.8563920237716632,1.1449174941446927e-16,0.4336977116686879,1.563405782645255,6.938893903907228e-17,1.7764239890540519,4.653623482231331,-3.8163916471489756e-17,1.230078820545076,3.9376349102945203,1.734723475976807e-16,2.20346979635287,7.197390884957819,0.09528700595669298,1.577841094443355,0.7565469523767823,2.4296750527768305,4.497147373882238,-0.17666939004591914,0.0,0.6103954699814096,0.43372607993549045,1.0,0.00040406040871073396,0.0,4.242640687119285,0.5314057898650635,0.14119605675105598
438,37.42959286589,0.19634954084936207,2.168404344971009e-18,0.2543830429779135,0.8048187459500504,1.1102230246251565e-16,0.41721691819922774,1.497149434206603,1.3877787807814457e-17,1.8082234260478744,4.597409004779786,-5.898059818321144e-17,1.2447728890851935,4.067463233729711,1.8041124150158794e-16,2.2737546574341887,7.31212774573284,0.09081971520117063,1.634835979254156,0.7747297727007496,2.500385467156076,4.671004505251815,-0.17817919688135497,0.0,0.6803920997085694,0.5022129028272144,1.0,0.00040406040871073396,0.0,4.242640687119285,0.5314057898650635,0.14119605675105598
439,37.62594240673936,0.19634954084936207,1.3010426069826053e-18,0.26511250069932907,0.9458313541390665,1.1102230246251565e-16,0.41873556592022926,1.4978237267358034,1.3877787807814457e-17,1.8255504131549574,4.72590041945461,-4.163336342344337e-17,1.2518495180119047,4.025045639774497,1.6653345369377348e-16,2.305277589437422,7.26956873510464,0.09146382994968383,1.6663171554851175,0.783563607873319,2.5413445933081205,4.759770487559289,-0.18016251838801617,0.0,0.6925544993147986,0.5123919809267825,1.0,0.00040406040871073396,0.0,4.242640687119285,0.5314057898650635,0.14119605675105598
440,37.822291947588724,0.19634954084936207,5.637851296924623e-18,0.27921109846569947,0.9209232996239819,1.0755285551056204e-16,0.41895255078854543,1.314858786351118,5.551115123125783e-17,1.8419671399432564,4.660230394611183,-7.28583859910259e-17,1.25858103124769,4.0494613231883925,2.1510571102112408e-16,2.3342481488434568,7.241138182237442,0.09233078740362735,1.6964214723153697,0.7920131061082494,2.5807653658272462,4.843931365437854,-0.18127495006165512,0.0,0.6718566146639087,0.49058166460225355,1.0,0.00040428145128094234,0.0,4.242640687119285,0.5569486400665064,0.1550958938359654
441,38.018641488438085,0.19634954084936207,6.5052130349130266e-18,0.29131168484042236,0.8956261172895628,1.1102230246251565e-16,0.4156122348920665,1.2008437177345463,0.0,1.8574522719281532,4.651952919908044,-3.469446951953614e-17,1.2654919268818068,4.065691519031015,2.0816681711721685e-16,2.3600645207632596,7.262818996907594,0.09345461950106781,1.7250644712455292,0.8007349085015141,2.6192539992481114,4.923863134134313,-0.18191482293982325,0.0,0.6504668834985105,0.4685520605586872,1.0,0.00040428145128094234,0.0,4.242640687119285,0.5569486400665064,0.1550958938359654
443,38.41134057013681,0.19634954084936207,5.204170427930421e-18,0.30220532674242084,1.0560009320543111,1.1102230246251565e-16,0.42643578243647934,1.3094432684045805,4.163336342344337e-17,1.8875632106556555,4.91936309381904,-4.163336342344337e-17,1.281643521273463,4.10517473354218,1.3877787807814457e-16,2.3949936373238088,7.703876007620613,0.09992288843467287,1.781447437110343,0.8213050578111208,2.7026753833561368,5.072698962329069,-0.18173371896125742,0.0,0.6174691364919347,0.43573541753067724,1.0,0.00040428145128094234,0.0,4.242640687119285,0.5569486400665064,0.1550958938359654
444,38.59467681966691,0.18333624953010366,4.336808689942018e-19,0.3028911643840589,0.9936842679787097,1.1449174941446927e-16,0.43833031315393617,1.3518808364253252,1.3877787807814457e-17,1.8995106823489993,4.997753341055198,-4.163336342344337e-17,1.290165542522057,4.02184782960422,1.457167719820518e-16,2.4020015291593597,7.851686806497129,0.10425412072440446,1.8040704161789807,0.8322635635556167,2.740588100459002,5.130646727457272,-0.18123349695436347,0.0,0.5536090871684194,0.3723755902140559,1.0,0.00040428145128094234,0.0,4.242640687119285,0.5569486400665064,0.1550958938359654
445,38.777061160187024,0.18238434052011754,0.0,0.3085539555576802,0.9532816337414947,1.1796119636642288e-16,0.44043560970361945,1.363882067487324,6.938893903907228e-17,1.910648239609348,5.000647347630228,-4.85722573273506e-17,1.297588482756706,3.899867485966488,1.457167719820518e-16,2.4046950542177923,7.854821680057727,0.10796633999202053,1.8252883477611506,0.8418679352914249,2.775122623044596,5.178281300356488,-0.18098744395412758,0.0,0.4994332163819043,0.3184457724277767,1.0,0.00040428145128094234,0.0,4.242640687119285,0.5569486400665064,0.1550958938359654
447,39.16976024188575,0.19634954084936207,3.903127820947816e-18,0.3454449368695187,1.1425895401428452,1.1449174941446927e-16,0.4115512264056441,1.4570385587144334,0.0,1.9421522611317297,4.885874788072627,-5.724587470723463e-17,1.3018576088103493,3.7489043999604226,1.8735013540549517e-16,2.3999483487570914,7.942451647999741,0.11244446780469611,1.885977702709545,0.8474166168087003,2.8458387873229416,5.248388464841152,-0.1812769105446249,0.0,0.41537407658525355,0.23409716604062866,1.0,0.00040428145128094234,0.0,4.242640687119285,0.5569486400665064,0.1550958938359654
448,39.36610978273511,0.19634954084936207,2.6020852139652106e-18,0.35667443505833923,1.1265270887275383,1.1449174941446927e-16,0.40605678572338777,1.5962321566890165,2.7755575615628914e-17,1.9607188688398565,4.809107154824854,-4.85722573273506e-17,1.2980277631591293,3.784936855565465,2.0122792321330962e-16,2.388686530208888,7.86810009693474,0.11347210693611287,1.9222092413123226,0.8424380369659461,2.878119385214382,5.261129723872699,-0.18322764489008947,0.0,0.30323607855661566,0.12000843366652619,1.0,0.00040428145128094234,0.0,4.242640687119285,0.5569486400665064,0.1550958938359654
449,39.56176722389904,0.19565744116392955,3.0357660829594124e-18,0.35506595133657826,1.0647651470490418,1.1449174941446927e-16,0.4115433882515252,1.6476484839827203,2.7755575615628914e-17,1.9778273150869978,4.9697351538715875,-5.898059818321144e-17,1.292196113952608,3.8677410329915727,1.8735013540549517e-16,2.3699281900804547,7.7667892182471645,0.11372737625339538,1.955900444152121,0.8348853984571106,2.9045132188626273,5.255869716377003,-0.18614923120174923,0.0,0.2167983211769829,0.030649089975233662,1.0,0.00040428145128094234,0.0,4.242640687119285,0.5569486400665064,0.1550958938359654
451,39.93883975511102,0.19089660788173804,4.7704895589362195e-18,0.33917868539387175,1.178866349140926,1.1796119636642288e-16,0.413718600563412,1.355398841855501,1.3877787807814457e-17,2.0120991719717307,5.330981800572976,-6.245004513516506e-17,1.2737365376017329,3.9971656548515586,1.5265566588595902e-16,2.322548591306205,7.703326954021218,0.11064223949088563,2.024271538924662,0.8112023836108253,2.9461161620263727,5.213761174561376,-0.19152948934990155,0.0,0.13748455393368073,-0.054044935416220824,1.0,0.0004039647325379942,0.0,4.242640687119285,0.553558158141355,0.15321331722242468
452,40.11624078208116,0.17740102697013452,3.0357660829594124e-18,0.32818057960250485,1.192878978789167,1.1449174941446927e-16,0.4150027707037597,1.628758182841652,2.7755575615628914e-17,2.031757701762742,5.599815759851884,-7.28583859910259e-17,1.261519269963243,4.031948122272357,1.5265566588595902e-16,2.2993693581760213,7.621280909112163,0.10795618383522332,2.064019679336109,0.7957154342442968,2.9676912974156293,5.190923581896003,-0.19652200228331898,0.0,0.1238957728984749,-0.07262622938484407,1.0,0.0004039647325379942,0.0,4.242640687119285,0.553558158141355,0.15321331722242468
453,40.285011112974914,0.16877033089375812,8.673617379884035e-19,0.31454053241590296,1.0965653292770705,1.0755285551056204e-16,0.42263579079360075,1.7703066895794461,5.551115123125783e-17,2.050503748112252,5.680159265289248,-6.245004513516506e-17,1.250604418342681,4.020245641389851,1.942890293094024e-16,2.2779777067507387,7.533155750280964,0.10533637087400508,2.102282810511197,0.7820057055891179,2.98962488697432,5.172709849325843,-0.19989481983878826,0.0,0.14694043043306415,-0.05295438940572411,1.0,0.0004039647325379942,0.0,4.242640687119285,0.553558158141355,0.15321331722242468
455,40.62643713914837,0.17342127571293656,4.336808689942018e-18,0.2990060056072908,1.08975723300762,1.1449174941446927e-16,0.4358619213530299,1.5077655044725238,4.163336342344337e-17,2.079544325053142,5.370547093147703,-6.938893903907228e-17,1.238583514266764,3.865918563409127,2.0816681711721685e-16,2.2387736187642493,7.270435743706437,0.0999693301476344,2.162252299930364,0.7670445609067035,3.029266190984702,5.149579727231594,-0.20728253134977037,0.0,0.19326073733178098,-0.014021794017989392,1.0,0.0004039647325379942,0.0,4.242640687119285,0.553558158141355,0.15321331722242468
456,40.810333529960694,0.18389639081232056,1.734723475976807e-18,0.30209554974674746,1.1027244764154367,1.214306433183765e-16,0.43011496652194675,1.5241442756330121,3.469446951953614e-17,2.0912013725801635,5.322547221602287,-4.163336342344337e-17,1.2356190432015524,3.7363553265113683,1.734723475976807e-16,2.218346302940075,7.129869451381633,0.09684974273370503,2.1865615903405793,0.76337720996116,3.0467885430354444,5.138852039333937,-0.2176214019980866,0.0,0.21306865661609503,-0.004552745381991574,1.0,0.0004039647325379942,0.0,4.242640687119285,0.553558158141355,0.15321331722242468
457,41.006683070810055,0.19634954084936207,3.0357660829594124e-18,0.30242438861388293,1.0533135294149951,1.1449174941446927e-16,0.4184899483631757,1.4879032443993099,5.551115123125783e-17,2.104180280226991,5.453122444994461,-5.551115123125783e-17,1.2307042138692434,3.6550810025211575,2.0816681711721685e-16,2.193434847323531,6.994274490146789,0.09370717893244093,2.213787325848069,0.7573164310177561,3.064810935798266,5.121139602768386,-0.22582255824860945,0.0,0.19156830607936726,-0.03425425216924219,1.0,0.0004039647325379942,0.0,4.242640687119285,0.553558158141355,0.15321331722242468
459,41.39938215250878,0.19634954084936207,4.336808689942018e-19,0.26978605203047323,0.8693898215367725,1.1449174941446927e-16,0.41167674072682864,1.4474949083380921,5.551115123125783e-17,2.1324603521829766,5.457065803289721,-5.551115123125783e-17,1.214022384846011,3.653746211945375,1.8041124150158794e-16,2.131829232515479,6.635692940781574,0.08922142320256995,2.2736935768161723,0.7369251754535979,3.09984017547234,5.063833237609972,-0.23652647901397486,0.0,0.15088263181312533,-0.08564384720084953,1.0,0.0004039647325379942,0.0,4.242640687119285,0.553558158141355,0.15321331722242468
460,41.59573169335814,0.19634954084936207,2.6020852139652106e-18,0.25793856728212156,0.7941244126194358,1.1102230246251565e-16,0.4099092681494419,1.3758572206872146,1.3877787807814457e-17,2.1456080673256124,5.447412301285708,-5.551115123125783e-17,1.2065456142916173,3.642676164482862,1.942890293094024e-16,2.1024909594859063,6.438024919981351,0.08810777923724214,2.3018169892863756,0.727876159683168,3.117800928206786,5.039203511264344,-0.2438049115139998,0.0,0.1787521908133957,-0.06505272070060411,1.0,0.0004167644921259215,0.0,4.242640687119285,0.649024377619564,0.21061632137223119
461,41.7920812342075,0.19634954084936207,2.6020852139652106e-18,0.2680342504523787,0.737632741284432,1.1102230246251565e-16,0.40068332521000743,1.433613248267496,6.245004513516506e-17,2.1581569066639457,5.36820289279498,-8.326672684688674e-17,1.2012329759159432,3.576275197277404,1.1102230246251565e-16,2.0791996686853302,6.228230954426489,0.08809071897382426,2.328820616890646,0.7214803312139364,3.1383916670784067,5.027101239102862,-0.2537492347176187,0.0,0.25010319461226177,-0.003646040105356907,1.0,0.0004167644921259215,0.0,4.242640687119285,0.649024377619564,0.21061632137223119
463,42.184780315906224,0.19634954084936207,3.903127820947816e-18,0.3034664676129216,0.8626279538661914,1.1449174941446927e-16,0.38910278903751316,1.7396311819246457,2.0816681711721685e-17,2.183851290940044,5.129125065661113,-6.938893903907228e-17,1.196702771363498,3.4867388835524116,1.5265566588595902e-16,2.050891620727022,6.012394491120416,0.09130105136484803,2.3846032304702476,0.7160487614945379,3.1919530433296335,5.043664043615615,-0.25497338665769925,0.0,0.35219414873109756,0.0972207620733983,1.0,0.0004167644921259215,0.0,4.242640687119285,0.649024377619564,0.21061632137223119
464,42.381129856755585,0.19634954084936207,3.0357660829594124e-18,0.30586994130121214,0.8782038991904129,1.1449174941446927e-16,0.39594485632411786,1.9017317935062148,9.020562075079397e-17,2.1960557525891886,5.287436290763995,-4.163336342344337e-17,1.1967883097871654,3.498485870873788,1.5265566588595902e-16,2.044761831545961,5.991929932281093,0.09348846191926745,2.4113304342400332,0.7161511292216101,3.220970025380911,5.066004910494263,-0.25720488946233866,0.0,0.4265588588405459,0.16935396937820724,1.0,0.0004167644921259215,0.0,4.242640687119285,0.649024377619564,0.21061632137223119
465,42.57747939760495,0.19634954084936207,1.734723475976807e-18,0.3080429645806583,0.9165658539485774,1.1102230246251565e-16,0.3981861402385938,1.7830197560404413,2.7755575615628914e-17,2.2077348006889306,5.332145089534963,-8.326672684688674e-17,1.1980683704760542,3.5477544914666455,2.0816681711721685e-16,2.0458027834532513,6.021557337981999,0.09521002229426614,2.4370464750864964,0.717683910167574,3.249940407548337,5.097657755487878,-0.2602271456209827,0.0,0.4752521421076214,0.2150249964866387,1.0,0.0004167644921259215,0.0,4.242640687119285,0.649024377619564,0.21061632137223119
466,42.77382893845431,0.19634954084936207,8.673617379884035e-19,0.31850868556675904,1.0481196578579342,1.1622647289044608e-16,0.38968017966702795,1.4728891363865126,5.551115123125783e-17,2.2185523132649525,5.398631458081751,-5.551115123125783e-17,1.2006218350207427,3.5817870692742457,1.3877787807814457e-16,2.0538449938156353,6.113695269895626,0.09632438433591034,2.4609871833466364,0.7207463953642874,3.278057963046834,5.137739758238939,-0.2637615042138952,0.0,0.5188011046908434,0.2550396004769482,1.0,0.0004167644921259215,0.0,4.242640687119285,0.649024377619564,0.21061632137223119
468,43.16652802015303,0.19634954084936207,2.168404344971009e-18,0.33698763670406856,1.067063320124947,1.1449174941446927e-16,0.38357112989569153,1.32732020618113,4.163336342344337e-17,2.2347146104627127,5.5883756493786585,-5.551115123125783e-17,1.2111142839554268,3.582061678186502,1.942890293094024e-16,2.0767339101413005,6.339794385416852,0.0992534840926369,2.4969746951077565,0.7333989044004329,3.329627083600826,5.227488396054568,-0.26727156446238937,0.0,0.5448340869621864,0.277562522499797,1.0,0.0004167644921259215,0.0,4.242640687119285,0.649024377619564,0.21061632137223119
469,43.36287756100239,0.19634954084936207,8.673617379884035e-19,0.33942652844136567,1.0667376286025774,1.1275702593849246e-16,0.3920600471303301,1.27062166115328,2.7755575615628914e-17,2.241191712471151,5.5158211411219,-6.938893903907228e-17,1.2176911199789566,3.617459625363119,1.942890293094024e-16,2.0872508249603614,6.32748731838087,0.10166086982201832,2.5114701460246853,0.7413858318378027,3.3545168476845064,5.2721890012226895,-0.2681429647047777,0.0,0.543897481655915,0.2757545169511373,1.0,0.0004167644921259215,0.0,4.242640687119285,0.649024377619564,0.21061632137223119
470,43.559227101851754,0.19634954084936207,3.0357660829594124e-18,0.34553044266550514,1.0879697884861415,1.1102230246251565e-16,0.39057157682018917,1.3094259231372032,2.7755575615628914e-17,2.248709180684742,5.456417293188778,-5.551115123125783e-17,1.2228530648088385,3.714849367668484,2.0816681711721685e-16,2.098310036647287,6.487613950990704,0.10377955958880725,2.528346489647922,0.7476848090561843,3.3798108582929136,5.3162800200206775,-0.26770295165704416,0.0,0.5386059314912278,0.27090297983418365,1.0,0.00042725684970261316,0.0,4.242640687119285,0.6487294156692013,0.21042492737725166
472,43.92004141757899,0.17510120222707262,6.071532165918825e-18,0.3595444258043737,1.1512184373975278,1.1449174941446927e-16,0.3533997710563263,1.105576706901252,2.7755575615628914e-17,2.2645305648105416,5.752306964339101,-5.551115123125783e-17,1.2268770392624633,3.7980080934121765,1.8041124150158794e-16,2.120270524861333,6.658093820966455,0.10430439982725546,2.564049339480575,0.7526136347347139,3.420967374042544,5.387378725398112,-0.27173427170472125,0.0,0.5128501312800077,0.24111585957528642,1.0,0.00042725684970261316,0.0,4.242640687119285,0.6487294156692013,0.21042492737725166
473,44.09311317970855,0.17307176212956274,4.336808689942018e-19,0.35775606587782666,1.133545427024683,1.1275702593849246e-16,0.33590695772361717,1.074651539608777,1.3877787807814457e-17,2.272360241488748,5.743963441299431,-4.85722573273506e-17,1.2264799057992521,3.810733312534346,1.942890293094024e-16,2.1301881258409625,6.711394562900455,0.10233360702650822,2.5818105335494006,0.752126479664671,3.43627062024058,5.413576491803185,-0.2662906993186751,0.0,0.4602674844367117,0.19397678511803662,1.0,0.00042725684970261316,0.0,4.242640687119285,0.6487294156692013,0.21042492737725166
474,44.27265760140338,0.17954442169482726,4.662069341687669e-18,0.34772916020960315,1.1009600416699068,1.1102230246251565e-16,0.32814253918274217,1.058837532932911,4.163336342344337e-17,2.28140841065728,5.776792794437105,-5.551115123125783e-17,1.223351316502072,3.789935278993873,2.220446049250313e-16,2.139391378635596,6.950012445992025,0.09859529539424276,2.6024121681088888,0.7482942217936761,3.449301685296808,5.4333846842551665,-0.26035989584565133,0.0,0.41322467206822056,0.15286477622256922,1.0,0.00042725684970261316,0.0,4.242640687119285,0.6487294156692013,0.21042492737725166
476,44.661931234040274,0.19634954084936207,4.662069341687669e-18,0.30563001755549496,0.9228106825431732,1.1449174941446927e-16,0.3501519508350658,1.1078184822473682,8.326672684688674e-17,2.308025490696283,5.899488832317668,-5.551115123125783e-17,1.205218288880091,3.714246659417527,2.0816681711721685e-16,2.1528626405073203,7.14685684951349,0.08737552197054844,2.663490832851909,0.7262755619255274,3.4771419167479847,5.4548182168743935,-0.2477954694802414,0.0,0.3453511130433591,0.09755564356311769,1.0,0.00042725684970261316,0.0,4.242640687119285,0.6487294156692013,0.21042492737725166
477,44.858280774889636,0.19634954084936207,1.4094628242311558e-18,0.2799229427817615,0.8980172448139518,1.1319070680748666e-16,0.37418447849614783,1.2415572924555198,4.163336342344337e-17,2.3222817108359592,5.849174027528168,-6.938893903907228e-17,1.1951372451064017,3.6597729305951954,1.734723475976807e-16,2.154248251409947,7.0979255516540904,0.08282093048763285,2.696496172241595,0.7141765173202597,3.4934936200494877,5.460682230119506,-0.23457793234744687,0.0,0.30645696990639015,0.07187903755894329,1.0,0.00042725684970261316,0.0,4.242640687119285,0.6487294156692013,0.21042492737725166
478,45.054630315739,0.19634954084936207,5.095750210681871e-18,0.2576264125002176,0.8125692389135488,1.1535911115245767e-16,0.39710943789882525,1.2085673081569996,2.7755575615628914e-17,2.334243323367729,5.936992916799932,-5.551115123125783e-17,1.1890934790824892,3.5594293469942446,2.0122792321330962e-16,2.152382338752985,7.101331475529759,0.08041463448849254,2.72434594634341,0.706971650998249,3.5117322318301514,5.469546310515857,-0.2281203393246851,0.0,0.31434685427411974,0.08622651494943465,1.0,0.00042725684970261316,0.0,4.242640687119285,0.6487294156692013,0.21042492737725166
479,45.25097985658836,0.19634954084936207,2.3852447794681098e-18,0.24689055308067015,0.7467832536259615,1.1102230246251565e-16,0.4109617669614296,1.3223633420566487,1.3877787807814457e-17,2.344424885159315,6.115762148651145,-8.326672684688674e-17,1.1873121124193813,3.4495867770917013,1.6653345369377348e-16,2.1496404595523084,7.0371545215889775,0.08005966224380677,2.748164021077133,0.7048550261488866,3.5330787094698266,5.485591344061662,-0.22511022871883313,0.0,0.3457827958825251,0.12067256716369196,1.0,0.00042725684970261316,0.0,4.242640687119285,0.6487294156692013,0.21042492737725166
481,45.64367893828708,0.19634954084936207,5.421010862427522e-19,0.27145310509211773,0.9863202750757356,1.0668549377257364e-16,0.3980331249875372,1.2857873434530545,4.163336342344337e-17,2.3670403234298525,5.958544128613218,-6.245004513516506e-17,1.1858729777248136,3.5155708554910725,2.1510571102112408e-16,2.14800582524761,7.031807091093641,0.08126168476084003,2.801439946371451,0.7031473596489579,3.5858489907812494,5.534757187260577,-0.2248255111712016,0.0,0.38747132818551466,0.16264581701431308,1.0,0.00041701828318683234,0.0,4.242640687119285,0.520236245698463,0.1353228756692158
482,45.84002847913644,0.19634954084936207,5.204170427930421e-18,0.2868727772662303,1.027909578434948,1.1449174941446927e-16,0.3805844905657543,1.1633995309321636,2.7755575615628914e-17,2.3801575973045836,5.991226962746505,-4.163336342344337e-17,1.182768671813292,3.6351473614912195,1.1102230246251565e-16,2.147107745671954,6.975712339130261,0.08120254970447496,2.832575094003365,0.6994708655114895,3.6132485092193294,5.557438726042434,-0.2291611187787839,0.0,0.38523197225126615,0.15607085347248226,1.0,0.00041701828318683234,0.0,4.242640687119285,0.520236245698463,0.1353228756692158
483,46.036378019985804,0.19634954084936207,3.577867169202165e-18,0.29060682150814715,1.0946229796268632,1.0321604682062002e-16,0.36966895087881196,1.2178076677158396,6.938893903907228e-17,2.3933164255629147,6.005875917970638,-4.85722573273506e-17,1.1786325523846997,3.7013782603506,1.5959455978986625e-16,2.1441655910577757,6.928557675275973,0.08074895541198768,2.8639817564346224,0.6945873467704359,3.6393180586170457,5.575215847494039,-0.23449082560538287,0.0,0.3680689371667326,0.13357811156134974,1.0,0.00041701828318683234,0.0,4.242640687119285,0.520236245698463,0.1353228756692158
485,46.42907710168453,0.19634954084936207,1.734723475976807e-18,0.2777914218468598,0.9321760977369737,1.1102230246251565e-16,0.36655356058318633,1.410325773770101,1.3877787807814457e-17,2.4184759895034267,6.187480814055253,-6.938893903907228e-17,1.1698246923951277,3.6159736482310456,1.8041124150158794e-16,2.1354879894756706,6.917354580070395,0.0787467804090197,2.924513055902288,0.6842449054686774,3.687504741779985,5.603033064611269,-0.24121708549517637,0.0,0.35602167306183014,0.11480458756665377,1.0,0.00041701828318683234,0.0,4.242640687119285,0.520236245698463,0.1353228756692158
486,46.62542664253389,0.19634954084936207,3.0357660829594124e-18,0.27427467374104436,0.8765339999736769,1.0755285551056204e-16,0.35926578342317655,1.409101838565976,2.7755575615628914e-17,2.4304918746765902,6.224488353254903,-6.938893903907228e-17,1.1651123899425166,3.5750976678517477,1.6653345369377348e-16,2.1304385217415662,6.931360464397024,0.07711833596373441,2.953645376434464,0.6787434405987816,3.70950715299698,5.6137180332242655,-0.24658098835895054,0.0,0.3460078622093111,0.09942687385036059,1.0,0.00041701828318683234,0.0,4.242640687119285,0.520236245698463,0.1353228756692158
487,46.82177618338325,0.19634954084936207,3.2526065174565133e-18,0.2744325907601711,0.8992369566618819,1.1102230246251565e-16,0.3478464581050582,1.3378442031982443,6.938893903907228e-17,2.4424279094943517,6.154848429905799,-5.551115123125783e-17,1.1599516602175315,3.4781569550498492,1.942890293094024e-16,2.122760757346694,6.9338852614299515,0.07570833797181925,2.982727046538474,0.6727439270207036,3.7311793115309966,5.620573811443099,-0.24914677255273385,0.0,0.3306846220547967,0.08153784950206286,1.0,0.00041701828318683234,0.0,4.242640687119285,0.520236245698463,0.1353228756692158
488,47.01812572423261,0.19634954084936207,3.2526065174565133e-18,0.27889256308594207,0.9744778788163554,1.1449174941446927e-16,0.33739745147216205,1.2495219795548955,4.163336342344337e-17,2.4546963348610684,6.0904970643625465,-6.938893903907228e-17,1.1542884087640268,3.3381625599033,1.5265566588595902e-16,2.111039117430787,6.916668301988732,0.07509501213323572,3.0127670481901814,0.6661908653034943,3.7540529256269117,5.623495052867605,-0.2506976527452095,0.0,0.31327509813464527,0.06257744538943577,1.0,0.00041701828318683234,0.0,4.242640687119285,0.520236245698463,0.1353228756692158
490,47.410824805931334,0.19634954084936207,4.336808689942018e-18,0.2983197280877731,1.0524739851881593,1.1015494072452725e-16,0.33067453860047874,1.1585234374236404,4.163336342344337e-17,2.4793795372773975,6.1763403580016725,-5.551115123125783e-17,1.1436033568404922,3.313836411153204,2.0816681711721685e-16,2.076039918328782,6.828801520359713,0.07643493317161201,3.0736614449349395,0.6539143188884211,3.8040106969949727,5.62160928635693,-0.25124627779679515,0.0,0.2929300679409664,0.04168379014417123,1.0,0.0004184349675312586,0.0,4.242640687119285,0.5830431937884412,0.16996968291151288
491,47.607174346780695,0.19634954084936207,3.469446951953614e-18,0.30185798295604205,1.0339304564420861,1.1102230246251565e-16,0.3433744833356488,1.1684907749327587,8.326672684688674e-17,2.490134808197875,6.352572903288387,-4.163336342344337e-17,1.1401461389442609,3.341176898438747,1.942890293094024e-16,2.0538806793388034,6.76681846248944,0.07775735356634904,3.1003856814993327,0.6499666090747528,3.8281096441404348,5.6170512313547185,-0.2520600704440752,0.0,0.2737170975799591,0.02165702713588391,1.0,0.0004184349675312586,0.0,4.242640687119285,0.5830431937884412,0.16996968291151288
492,47.80352388763006,0.19634954084936207,3.903127820947816e-18,0.29556879382592927,0.9357563747081907,1.1102230246251565e-16,0.36655495230169177,1.2431870519788126,4.163336342344337e-17,2.4995717304083263,6.487903062927771,-6.938893903907228e-17,1.1377322273085237,3.356531672703688,1.5265566588595902e-16,2.0304120545671043,6.70200217989238,0.07876356219907849,3.123929417728237,0.6472173105282071,3.8499102904555222,5.61022234104321,-0.2529899092178409,0.0,0.2631269374916586,0.010137028273817683,1.0,0.0004184349675312586,0.0,4.242640687119285,0.5830431937884412,0.16996968291151288
494,48.19622296932878,0.19634954084936207,3.0357660829594124e-18,0.2707740037287875,0.8181262353106673,1.0581813203458523e-16,0.39940523752005064,1.427710622364621,4.163336342344337e-17,2.516954630402697,6.414061488429779,-4.163336342344337e-17,1.1322319505787515,3.3786039068035465,1.5265566588595902e-16,1.9919900371140453,6.594675413660055,0.07730216832408804,3.1675303057527886,0.6409745949556822,3.885807069032559,5.598148227137875,-0.25847890982496813,0.0,0.2726159323528481,0.014137022527879961,1.0,0.0004184349675312586,0.0,4.242640687119285,0.5830431937884412,0.16996968291151288
495,48.39257251017814,0.19634954084936207,8.673617379884035e-19,0.26320549705517643,0.8417855843998494,1.1102230246251565e-16,0.39641704715555875,1.3476665631406508,8.326672684688674e-17,2.524988720015069,6.230041990259697,-4.163336342344337e-17,1.129218333034786,3.414456452437012,1.942890293094024e-16,1.9808831780483716,6.623784821912465,0.07487756859188636,3.1877840181016674,0.6375670218309303,3.900228608524484,5.597248134925668,-0.2684511985035984,0.0,0.30783849806769226,0.03938729956409387,1.0,0.0004184349675312586,0.0,4.242640687119285,0.5830431937884412,0.16996968291151288
496,48.5889220510275,0.19634954084936207,1.5178830414797062e-18,0.2602937994997546,0.8891036414037148,1.0928757898653885e-16,0.38440529521191824,1.301257003754956,2.7755575615628914e-17,2.5325789677047066,6.2189911841866214,-8.326672684688674e-17,1.1264794124118498,3.404593675108325,2.0816681711721685e-16,1.973120692290031,6.837453208980707,0.0726448897876186,3.2069781138301185,0.6344779332938733,3.9141009369116104,5.5997442921181175,-0.2768059841918198,0.0,0.33311344598626585,0.05630746179444607,1.0,0.0004184349675312586,0.0,4.242640687119285,0.5830431937884412,0.16996968291151288
497,48.785271591876864,0.19634954084936207,2.6020852139652106e-18,0.26078740233476094,0.9672332671577741,1.1275702593849246e-16,0.37055754562617904,1.2074174421239259,1.1102230246251565e-16,2.5408904862050226,6.331682636871873,-5.551115123125783e-17,1.1228923245222786,3.4081167456425034,1.8041124150158794e-16,1.9654030726007758,6.925275141663138,0.07174886358875328,3.2280622314435985,0.6304435862355231,3.9302546812678747,5.603656761706311,-0.2848274313019722,0.0,0.3485163374861795,0.0636889061842073,1.0,0.0004184349675312586,0.0,4.242640687119285,0.5830431937884412,0.16996968291151288
499,49.17797067357559,0.19634954084936207,3.2526065174565133e-18,0.27003608196384865,1.0279399533007896,1.1102230246251565e-16,0.35752654420358315,1.0564541668271301,9.71445146547012e-17,2.562613924071742,6.360077958306325,-5.551115123125783e-17,1.108176227087017,3.4787027101629198,1.734723475976807e-16,1.9459850927457951,6.977217315486062,0.07358641054982205,3.283495061923186,0.6140272751404078,3.9711087476134157,5.6075876776748155,-0.2939010137990814,0.0,0.34887777870995196,0.05497676491087056,1.0,0.0004184349675312586,0.0,4.242640687119285,0.5830431937884412,0.16996968291151288
500,49.37432021442495,0.19634954084936207,1.734723475976807e-18,0.27494771061494305,0.9478992332234331,1.1102230246251565e-16,0.35876131179936943,1.186226319979573,6.938893903907228e-17,2.5733973432985775,6.329593853872344,-6.938893903907228e-17,1.0991567906218918,3.4501894500769095,1.5959455978986625e-16,1.9367723731589084,6.928901510997775,0.07447240270665896,3.3111869432480887,0.6040728251851085,3.989732171139856,5.606598547191494,-0.29979229018808506,0.0,0.3406893880957851,0.04089709790770002,1.0,0.0004289564060507826,0.0,4.242640687119285,0.6512311588749395,0.21205101114479835
501,49.57066975527431,0.19634954084936207,6.071532165918825e-18,0.27571047783081115,0.8258011297494536,1.1102230246251565e-16,0.36193265014662157,1.2952510333567278,4.163336342344337e-17,2.581285060321138,6.237021327946399,-6.938893903907228e-17,1.0921537613983994,3.4463635096970107,1.5265566588595902e-16,1.9292821806502503,6.797379943190999,0.07470533869843764,3.3315162813185517,0.5963999192683361,4.002621539285325,5.6039964863488,-0.30970174275742807,0.0,0.34281324133491864,0.03311149857749057,1.0,0.0004289564060507826,0.0,4.242640687119285,0.6512311588749395,0.21205101114479835
502,49.76701929612367,0.19634954084936207,3.469446951953614e-18,0.2723192913599261,0.8010351024041813,1.0755285551056204e-16,0.36563114265808033,1.2865462125720426,6.938893903907228e-17,2.5868534841212623,6.266696758701482,-5.551115123125783e-17,1.0879189945694763,3.43960694169901,1.942890293094024e-16,1.9237952394163658,6.59241402307503,0.07453751742461123,3.345905474155158,0.59178386937253,4.012226860952299,5.603277523589119,-0.3117942626711292,0.0,0.3530472772265578,0.041253014555428624,1.0,0.0004289564060507826,0.0,4.242640687119285,0.6512311588749395,0.21205101114479835
504,50.159718377822394,0.19634954084936207,1.734723475976807e-18,0.26992031076922474,0.7649585815373738,1.0581813203458523e-16,0.3680457191964795,1.2371031066710216,1.3877787807814457e-17,2.5962926065858785,6.419039325806582,-6.938893903907228e-17,1.0818536694552903,3.427414149903771,1.942890293094024e-16,1.9162603958376305,6.507168191048525,0.07396357908466838,3.3703676495062465,0.5852036810569381,4.029534909647853,5.606193144961854,-0.3164053094893124,0.0,0.3668539616145209,0.05044865212520849,1.0,0.0004289564060507826,0.0,4.242640687119285,0.6512311588749395,0.21205101114479835
505,50.356067918671755,0.19634954084936207,1.734723475976807e-18,0.27521257008867894,0.800496907351358,1.0581813203458523e-16,0.3664575277940256,1.3745266913832375,4.163336342344337e-17,2.6014130816690075,6.418166378835561,-8.326672684688674e-17,1.0780359107823505,3.4094439248373427,1.734723475976807e-16,1.9108546664935226,6.667004390445072,0.07423218612544412,3.383675010739321,0.5810807124681661,4.038987909332931,5.605937322045317,-0.3219653763096755,0.0,0.3625085564340753,0.040543180124399836,1.0,0.0004289564060507826,0.0,4.242640687119285,0.6512311588749395,0.21205101114479835
506,50.552417459521116,0.19634954084936207,2.6020852139652106e-18,0.281456541337273,0.8086878551007892,1.0928757898653885e-16,0.3660406348428178,1.4393383686216341,6.938893903907228e-17,2.606467931519554,6.377654727540729,-4.163336342344337e-17,1.0740285220814225,3.333559772416864,1.6653345369377348e-16,1.90128372913169,6.823720065234024,0.07553327484680722,3.396837539019911,0.5767686331222024,4.049139446988921,5.601925631149567,-0.32548242679733197,0.0,0.346262094351996,0.02077966755466404,1.0,0.0004289564060507826,0.0,4.242640687119285,0.6512311588749395,0.21205101114479835
508,50.94511654121984,0.19634954084936207,2.168404344971009e-18,0.2949743224048581,0.8391139058878396,1.1275702593849246e-16,0.36415870145192036,1.1605230868911764,2.7755575615628914e-17,2.615354891469869,6.418852467229563,-5.551115123125783e-17,1.066401792450775,3.206559436466193,2.0122792321330962e-16,1.8669850515995838,7.044931781046577,0.08082430001341431,3.4200406041676845,0.5686063914711128,4.069471295652212,5.579198646505326,-0.32941432111683816,0.0,0.31236547709737567,-0.017048844019462495,1.0,0.0004289564060507826,0.0,4.242640687119285,0.6512311588749395,0.21205101114479835
509,51.1414660820692,0.19634954084936207,6.938893903907228e-18,0.30471276300104333,0.8550053334172647,1.1102230246251565e-16,0.356903594112792,1.2266758134586802,2.7755575615628914e-17,2.619180186840637,6.466275992001484,-9.71445146547012e-17,1.0622064544800933,3.1627419523178664,1.8041124150158794e-16,1.8444840932648305,7.068923944355941,0.08333654087058998,3.4300524255692766,0.5641412759695852,4.077530242409452,5.560244342361922,-0.3312755685169787,0.0,0.27634400623276517,-0.05493156228421353,1.0,0.0004289564060507826,0.0,4.242640687119285,0.6512311588749395,0.21205101114479835
510,51.33781562291856,0.19634954084936207,3.0357660829594124e-18,0.312327847859467,0.863335580316892,1.1102230246251565e-16,0.348299998751401,1.2654387346431837,2.7755575615628914e-17,2.623058471010328,6.485381745159696,-5.551115123125783e-17,1.0571431139699945,3.1007788747391807,1.6653345369377348e-16,1.820794623446375,7.010863142571758,0.08484774945070597,3.4402178711695193,0.5587757817070883,4.083841402327313,5.537746310442632,-0.3301837527238317,0.0,0.2579843561896078,-0.07219939653422391,1.0,0.00044505627420585506,0.0,4.242640687119285,0.7089298619998097,0.2512907746175346
511,51.53416516376792,0.19634954084936207,1.734723475976807e-18,0.31257443632204684,0.9410562670721707,1.1449174941446927e-16,0.34383157349937304,1.23268438330072,6.938893903907228e-17,2.6268785813640383,6.462130361295433,-6.938893903907228e-17,1.0509433522091403,2.978463249051222,1.942890293094024e-16,1.7979824596380132,6.8625004980452475,0.08511282975120094,3.4502455406145707,0.5522409647762925,4.087599335142064,5.512680349713165,-0.3377950315976763,0.0,0.2540425977612412,-0.0837524338364351,1.0,0.00044505627420585506,0.0,4.242640687119285,0.7089298619998097,0.2512907746175346
513,51.926864245466646,0.19634954084936207,8.673617379884035e-19,0.29644057880507957,0.9293047088385876,1.1102230246251565e-16,0.3477190510794911,1.0735545827088313,5.551115123125783e-17,2.636520236811562,6.609392432101212,-5.551115123125783e-17,1.0400371834343969,2.9134140170125176,1.6653345369377348e-16,1.76887236713459,6.39532021932288,0.08197659885998937,3.475619479558446,0.5408386714630766,4.098434749881512,5.4840789731719175,-0.3239913969680695,0.0,0.2933596956247934,-0.030631701343276085,1.0,0.00044505627420585506,0.0,4.242640687119285,0.7089298619998097,0.2512907746175346
514,52.12321378631601,0.19634954084936207,4.336808689942018e-18,0.2927731876147788,0.8687238944870477,1.1102230246251565e-16,0.34700430487770023,1.1039070563807614,6.938893903907228e-17,2.641261870574152,6.634357532092395,-5.551115123125783e-17,1.0383587096398632,2.9438227030097397,1.8041124150158794e-16,1.76719735366488,6.24242668724524,0.07901796190316128,3.4881321344744345,0.5390944049424807,4.106244501320076,5.488545257698599,-0.30719030551509696,0.0,0.36849558204019933,0.06130527652510237,1.0,0.00044505627420585506,0.0,4.242640687119285,0.7089298619998097,0.2512907746175346
515,52.31956332716537,0.19634954084936207,1.734723475976807e-18,0.2939541465741195,0.9279420760154832,1.0755285551056204e-16,0.34348851334375186,1.108618062753029,4.163336342344337e-17,2.6458559997346556,6.622843904931919,-6.938893903907228e-17,1.0396430644779242,2.9865258549481224,1.3877787807814457e-16,1.7726042254028762,6.051561528855574,0.0759884922554761,3.500276985665937,0.5404288507585245,4.116694328679937,5.505497129215816,-0.29587673542198767,0.0,0.4178267145858052,0.12194997916381756,1.0,0.00044505627420585506,0.0,4.242640687119285,0.7089298619998097,0.2512907746175346
516,52.51591286801473,0.19634954084936207,2.168404344971009e-18,0.2937738508398157,0.9170602807604212,1.1449174941446927e-16,0.3415479318314141,1.1229410466352372,2.7755575615628914e-17,2.6506549990919694,6.637542211548029,-5.551115123125783e-17,1.0428328293425584,3.013553094140458,1.8041124150158794e-16,1.7811998999229004,5.8080985837065775,0.07361094348103955,3.5129859621056236,0.543750154977303,4.130347060563966,5.530718948082313,-0.28528264977449563,0.0,0.4476363463671773,0.16235369659268167,1.0,0.00044505627420585506,0.0,4.242640687119285,0.7089298619998097,0.2512907746175346
518,52.90861194971345,0.19634954084936207,3.469446951953614e-18,0.28129261011722106,0.9523814430547559,1.1102230246251565e-16,0.3467701603779709,1.1741684684442504,5.551115123125783e-17,2.659834746909541,6.705303490564047,-4.163336342344337e-17,1.052611347528329,3.149563725578477,2.0816681711721685e-16,1.7991795104172907,5.582948729378703,0.07138778102915082,3.53736044043367,0.553995324472702,4.162743545935523,5.590741536298684,-0.2710683051134134,0.0,0.45792076168266205,0.18685245656924865,1.0,0.00044505627420585506,0.0,4.242640687119285,0.7089298619998097,0.2512907746175346
519,53.104961490562815,0.19634954084936207,8.673617379884035e-19,0.27837799107364664,0.9627493733150448,1.1102230246251565e-16,0.3472433504178176,1.108037958684279,-2.7755575615628914e-17,2.66386389880708,6.644910465149751,-6.938893903907228e-17,1.0587814377782756,3.252643382745577,1.6653345369377348e-16,1.8098909632692715,5.624691847324067,0.07107121383788453,3.548085435683828,0.5605090664919163,4.179665716013629,5.6246152132149625,-0.25885282699331946,0.0,0.4647193726339516,0.20586654564063211,1.0,0.00044505627420585506,0.0,4.242640687119285,0.7089298619998097,0.2512907746175346
520,53.301311031412176,0.19634954084936207,2.168404344971009e-18,0.28115554867137027,0.9246077745356129,1.1449174941446927e-16,0.3446766501963346,1.2144953515623462,2.7755575615628914e-17,2.668888658889163,6.519499190386021,-8.326672684688674e-17,1.064093416978753,3.3496419958703463,1.3877787807814457e-16,1.8233385632755679,5.567090866767876,0.07108889027672824,3.561483336773598,0.566147400028759,4.198719627079085,5.662499176516352,-0.25238931060632197,0.0,0.4768736976916552,0.22448438708533325,1.0,0.00044035355114822763,0.0,4.242640687119285,0.5801349979211856,0.168278307906507
522,53.6940101131109,0.19634954084936207,4.336808689942018e-19,0.2855377084615035,0.9191565782813165,1.1102230246251565e-16,0.3447298054538087,1.2522027419746722,0.0,2.686069543547737,6.710422263303732,-6.938893903907228e-17,1.0666960316578056,3.4664064114745847,2.0816681711721685e-16,1.8572910029438918,5.554227907621599,0.071857374140486,3.607484796387375,0.5689202119772551,4.248262382505116,5.748555659278779,-0.24300078381169857,0.0,0.4913874595781254,0.24838667576642684,1.0,0.00044035355114822763,0.0,4.242640687119285,0.5801349979211856,0.168278307906507
523,53.89035965396026,0.19634954084936207,3.0357660829594124e-18,0.2826762063596165,0.9350646211506053,1.0755285551056204e-16,0.3502366053935371,1.220951217906091,5.551115123125783e-17,2.696405637663663,6.775293503920134,-8.326672684688674e-17,1.06554313106503,3.4691062834341246,2.220446049250313e-16,1.87589745422171,5.569029691570832,0.07241587948269536,3.635301681412193,0.5676910820799338,4.275408642974822,5.793227364918738,-0.23857549681115928,0.0,0.4946409057626115,0.25606540895145224,1.0,0.00044035355114822763,0.0,4.242640687119285,0.5801349979211856,0.168278307906507
524,54.08670919480962,0.19634954084936207,1.3010426069826053e-18,0.2797429182279352,0.889493555768397,1.1449174941446927e-16,0.35572726922910164,1.2103056570689308,2.7755575615628914e-17,2.70580855615161,6.775423663068906,-4.163336342344337e-17,1.0653856889461348,3.431738177642618,1.6653345369377348e-16,1.8939619882777132,5.513469172397636,0.07318060916012127,3.66069997127163,0.5675233331056151,4.301403913537366,5.837442090164015,-0.23678979362884378,0.0,0.4901798702125116,0.2533900765836678,1.0,0.00044035355114822763,0.0,4.242640687119285,0.5801349979211856,0.168278307906507
525,54.28305873565898,0.19634954084936207,-1.3010426069826053e-18,0.27960403073715573,0.8028838881064506,1.1102230246251565e-16,0.3579805980177488,1.1109819944216568,7.632783294297951e-17,2.7138738107317875,6.723993487339303,-6.938893903907228e-17,1.0666979823249896,3.401915121711824,1.3877787807814457e-16,1.909907298644241,5.434091794375908,0.07428308195595795,3.682555530287936,0.5689222927481019,4.325760904991996,5.879574587882024,-0.23565671776725627,0.0,0.4779651737487086,0.24230845598145234,1.0,0.00044035355114822763,0.0,4.242640687119285,0.5801349979211856,0.168278307906507
527,54.675757817357706,0.19634954084936207,1.734723475976807e-18,0.28932282613688337,0.7579891831093841,1.1102230246251565e-16,0.35137118988774135,1.1480252741524628,4.163336342344337e-17,2.72855537035994,6.566691335216906,-5.551115123125783e-17,1.068549789040455,3.385346411002664,1.5265566588595902e-16,1.9301938126223954,5.57427721598334,0.07668732432356107,3.7225072045600345,0.5708993258292004,4.370093854712796,5.946918182199157,-0.23469147632906848,0.0,0.4336858038848162,0.19899432755574772,1.0,0.00044035355114822763,0.0,4.242640687119285,0.5801349979211856,0.168278307906507
528,54.87210735820707,0.19634954084936207,8.673617379884035e-19,0.2978267935828648,0.7883461676420209,1.1102230246251565e-16,0.3449534670143951,1.1568723393561755,1.3877787807814457e-17,2.7361209518534784,6.586823693096316,-8.326672684688674e-17,1.0666521273773268,3.3041075961794917,1.5265566588595902e-16,1.9329012012242293,5.716777968530987,0.07714809141586661,3.7431789315857924,0.5688733804192886,4.389200403420948,5.9668226883376345,-0.23409901786207993,0.0,0.36364021787393214,0.1295412000118522,1.0,0.00044035355114822763,0.0,4.242640687119285,0.5801349979211856,0.168278307906507
529,55.06845689905643,0.19634954084936207,3.469446951953614e-18,0.30618764536114046,0.9063994003275943,1.1102230246251565e-16,0.3383631300250093,1.1018914449542785,7.632783294297951e-17,2.743810790182027,6.529522719544223,-6.938893903907228e-17,1.0625378124640896,3.174030790180195,1.6653345369377348e-16,1.9296850850856642,5.849105162193363,0.07682122740990496,3.7642488261596587,0.5644933014579865,4.40556335502755,5.975451478938093,-0.2339708233606522,0.0,0.30696374984554037,0.07299292648488817,1.0,0.00044035355114822763,0.0,4.242640687119285,0.5801349979211856,0.168278307906507
530,55.26480643990579,0.19634954084936207,4.336808689942018e-18,0.3103855017436826,0.9642682888561498,1.1102230246251565e-16,0.33373534689364726,1.2583580813831452,6.938893903907228e-18,2.7514561129525195,6.383880337954885,-8.326672684688674e-17,1.0565398807617357,3.2039224188194653,1.942890293094024e-16,1.9199027312119972,5.900509276457113,0.07578405752405629,3.785255370751892,0.5581382598200114,4.41917768809596,5.9725431021911,-0.2340630523266564,0.0,0.24945810537768895,0.015395053051032559,1.0,0.0004269900914184401,0.0,4.242640687119285,0.518876779876435,0.1346165563474692
532,55.65750552160451,0.19634954084936207,0.0,0.29678770752562916,0.8708244718076352,1.1102230246251565e-16,0.3365289181214386,1.217401499170497,2.0816681711721685e-17,2.767323318349728,6.439715707032591,-5.551115123125783e-17,1.0400521875990498,3.330601167103771,1.942890293094024e-16,1.882123412138092,5.977763720458526,0.07191892148931366,3.829039174141075,0.5408542764647846,4.441812372095173,5.939111553959908,-0.22787476947130506,0.0,0.1740822851728313,-0.05379248429847375,1.0,0.0004269900914184401,0.0,4.242640687119285,0.518876779876435,0.1346165563474692
533,55.853855062453874,0.19634954084936207,3.469446951953614e-18,0.2830792659711236,0.8350454615506335,1.1796119636642288e-16,0.3419389380720249,1.214672625395206,-6.938893903907228e-18,2.7757004409854225,6.531653751773781,-5.551115123125783e-17,1.0291820057876828,3.3525093384884608,1.6653345369377348e-16,1.8559934482112497,5.965243550181048,0.06927730952265568,3.8522564690433345,0.5296078005185788,4.4511415790845685,5.9108215331499805,-0.22828943116588124,0.0,0.11703201769276976,-0.11125741347311148,1.0,0.0004269900914184401,0.0,4.242640687119285,0.518876779876435,0.1346165563474692
534,56.050204603303236,0.19634954084936207,3.0357660829594124e-18,0.2696007027449973,0.8634419493359915,1.1102230246251565e-16,0.3484713567693955,1.1729097808782636,6.938893903907228e-18,2.78479735665057,6.626698561006485,-5.551115123125783e-17,1.0163754799136697,3.353688959556652,1.1102230246251565e-16,1.8257224361798392,5.905694085829037,0.0666576001565864,3.877548158804002,0.5165095580848712,4.46071531704546,5.87720572690235,-0.22783655253310725,0.0,0.09044465456521047,-0.13739189796789678,1.0,0.0004269900914184401,0.0,4.242640687119285,0.518876779876435,0.1346165563474692
536,56.44290368500196,0.19634954084936207,2.6020852139652106e-18,0.24707791683109281,0.8489024891790309,1.1449174941446927e-16,0.36145075612164446,1.149698697159769,1.3877787807814457e-17,2.803941097954719,6.738659134503258,-5.551115123125783e-17,0.9886798391224642,3.202441959268601,1.5265566588595902e-16,1.7547677041732763,5.699507438084108,0.06349561245808481,3.931042840399757,0.4887439121436108,4.483282365001452,5.803412894959641,-0.2269625191036202,0.0,0.07515172991814244,-0.15181078918547775,1.0,0.0004269900914184401,0.0,4.242640687119285,0.518876779876435,0.1346165563474692
537,56.63925322585132,0.19634954084936207,2.8189256484623115e-18,0.24009510856741018,0.7498009903726313,1.1449174941446927e-16,0.36315767021052603,1.2139654299032823,6.245004513516506e-17,2.8131155026383134,6.709788668479694,-2.7755575615628914e-17,0.9769757962082537,3.0579838576830385,1.6653345369377348e-16,1.7198453275972159,5.682079201845356,0.0632327966987929,3.9568094155920055,0.4772408531883755,4.497283065479174,5.773148265399203,-0.2264656256437072,0.0,0.10953166696393556,-0.11693395867977165,1.0,0.0004269900914184401,0.0,4.242640687119285,0.518876779876435,0.1346165563474692
538,56.83560276670068,0.19634954084936207,3.144186300207963e-18,0.2380561352992466,0.7292546090504968,1.1102230246251565e-16,0.35994894260974253,1.261336133930072,7.632783294297951e-17,2.822129816799851,6.64626266972613,-2.7755575615628914e-17,0.9682041318488215,2.981596639725902,1.942890293094024e-16,1.6920777586587064,5.6710231447682515,0.0634769044587209,3.9822083514353794,0.468709620464565,4.514394876358665,5.756148824987047,-0.22600104460512793,0.0,0.17537677007694705,-0.050624274528180885,1.0,0.0004269900914184401,0.0,4.242640687119285,0.518876779876435,0.1346165563474692
539,57.03195230755004,0.19634954084936207,1.1926223897340549e-18,0.24009257597939637,0.8044114987821331,1.1102230246251565e-16,0.353549335732059,1.2987215883906305,5.551115123125783e-17,2.8312030613508354,6.588343107436265,-2.7755575615628914e-17,0.9628481513338655,3.039137260928637,1.942890293094024e-16,1.675700584551854,5.737606535668954,0.063818090974601,4.00785538730117,0.4635382812635212,4.535211759539292,5.756902602051017,-0.22482300887412074,0.0,0.26253574996774715,0.037712741093626406,1.0,0.0004269900914184401,0.0,4.242640687119285,0.518876779876435,0.1346165563474692
541,57.424651389248766,0.19634954084936207,4.119968255444917e-18,0.24948595937002735,0.7689857943505884,1.1102230246251565e-16,0.3367191565687078,1.200771616586226,7.632783294297951e-17,2.8482394245330798,6.594543023056758,-5.551115123125783e-17,0.9642234937863002,3.061025909161243,2.220446049250313e-16,1.6791430313470765,5.903202886101251,0.06387261178977807,4.056233909732264,0.4648634729847295,4.584969994506772,5.811104223816294,-0.21902964605344166,0.0,0.38806261441714485,0.16903296836370318,1.0,0.00041792333998678764,0.0,4.242640687119285,0.527221612422763,0.13898131430282906
542,57.62100093009813,0.19634954084936207,2.8189256484623115e-18,0.25586173381254435,0.8155852867224159,1.0408340855860843e-16,0.32681292722298705,1.0837425182362384,1.3877787807814457e-17,2.855716060080745,6.589583642655874,-5.551115123125783e-17,0.9699887757061485,3.076228572733568,1.942890293094024e-16,1.6928948501075762,6.117958799618777,0.06371182914814533,4.077557107901545,0.47043911249795645,4.611708049547647,5.855938264896207,-0.21231362483234065,0.0,0.4700364016896948,0.2577227768573541,1.0,0.00041792333998678764,0.0,4.242640687119285,0.527221612422763,0.13898131430282906
543,57.81735047094749,0.19634954084936207,1.0842021724855044e-18,0.2623945859802394,0.9180860328578603,1.1102230246251565e-16,0.3185715391353156,1.0674713128965556,-2.0816681711721685e-17,2.863477302379093,6.771588598930022,-8.326672684688674e-17,0.9761377508112921,3.128051316991411,1.942890293094024e-16,1.7083645409509982,6.276760362123447,0.06383974304797585,4.099751130620124,0.47642245427946406,4.640013327947564,5.904433321517281,-0.2086962223419267,0.0,0.4850923342367646,0.2763961118948379,1.0,0.00041792333998678764,0.0,4.242640687119285,0.527221612422763,0.13898131430282906
544,58.01370001179685,0.19634954084936207,3.0357660829594124e-18,0.2676723164237108,0.966125484279335,1.0928757898653885e-16,0.3154369929023501,1.018441346511779,8.326672684688674e-17,2.8726694595618603,6.86158948652087,-2.7755575615628914e-17,0.9801437953320921,3.144567099609697,1.6653345369377348e-16,1.721749314557415,6.3712358743918855,0.06453638530105854,4.126114911949714,0.48034092976399895,4.6709922270147715,5.951726746367083,-0.2046887792638396,0.0,0.47580280479904913,0.2711140255352095,1.0,0.00041792333998678764,0.0,4.242640687119285,0.527221612422763,0.13898131430282906
546,58.40639909349557,0.19634954084936207,5.854691731421724e-18,0.27529728351591104,0.9012803179331264,1.1449174941446927e-16,0.32270287566463696,1.1744609876976788,1.3877787807814457e-17,2.895177107275594,6.873126300871559,-8.326672684688674e-17,0.9807202098438651,3.116374968874979,1.3877787807814457e-16,1.7401348281305338,6.3567903532017525,0.0671045719063749,4.191025241246338,0.4809060649980974,4.739035878150811,6.037520632568586,-0.1987432780671498,0.0,0.4489531972495607,0.25020991918241087,1.0,0.00041792333998678764,0.0,4.242640687119285,0.527221612422763,0.13898131430282906
547,58.602748634344934,0.19634954084936207,1.3010426069826053e-18,0.2802120945149688,0.8429936591947625,1.0928757898653885e-16,0.3262087190517921,1.255206171414373,4.163336342344337e-17,2.906629569456084,6.862220076409557,-2.7755575615628914e-17,0.9804131879773053,3.04721128606776,1.5265566588595902e-16,1.7495397636484618,6.26781419562068,0.06800702153692369,4.224247727018231,0.4806050095799115,4.772859758135066,6.079904901553498,-0.19392525136150066,0.0,0.44115595445789524,0.24723070309639458,1.0,0.00041792333998678764,0.0,4.242640687119285,0.527221612422763,0.13898131430282906
548,58.799098175194295,0.19634954084936207,3.469446951953614e-18,0.28477412885602216,0.8306801319665833,1.1622647289044608e-16,0.32853912639519417,1.2939814132824465,5.551115123125783e-17,2.917430865038202,6.826366923939471,-6.938893903907228e-17,0.9812893943109443,2.964577906423882,1.5265566588595902e-16,1.761851769677107,6.332579167689606,0.06809915514016618,4.255701426138775,0.4814644376935699,4.805265018972512,6.124842304410957,-0.19202500291297042,0.0,0.4509402155271866,0.2589152126142162,1.0,0.00041792333998678764,0.0,4.242640687119285,0.527221612422763,0.13898131430282906
550,59.19179725689302,0.19634954084936207,2.168404344971009e-18,0.28107581681691646,0.7916361685307869,1.0928757898653885e-16,0.3371599955462337,1.2004763886627996,5.551115123125783e-17,2.9382137160571786,6.666144858543304,-6.938893903907228e-17,0.9846502376429926,3.0067114095668788,1.3183898417423734e-16,1.7923788341576659,6.421283938341843,0.06590680786395003,4.316549920613267,0.4847680452452009,4.867224773722418,6.219400727954444,-0.1914642096459717,0.0,0.4614814957908799,0.27001728614490816,1.0,0.0004005464630282086,0.0,4.242640687119285,0.4645786674120381,0.10791666910717257
551,59.38814679774238,0.19634954084936207,4.336808689942018e-18,0.2730289551376593,0.7634920364095723,1.0928757898653885e-16,0.3398912240027671,1.2291888737291035,2.7755575615628914e-17,2.949150349008671,6.544005031147066,-5.551115123125783e-17,0.9857277444473567,3.00306708421599,1.457167719820518e-16,1.8073026549864577,6.537719458752326,0.06390329325763311,4.348743890528982,0.48582959308663654,4.898476776873252,6.266218949374585,-0.185259964408515,0.0,0.45247125601561994,0.26721129160710494,1.0,0.0004005464630282086,0.0,4.242640687119285,0.4645786674120381,0.10791666910717257
552,59.58449633859174,0.19634954084936207,3.0357660829594124e-18,0.2650467403605768,0.7326545681535013,1.0755285551056204e-16,0.3369044493022012,1.216512074979058,-2.7755575615628914e-17,2.9599606650419243,6.495042857943254,-5.551115123125783e-17,0.9860301983069947,3.0072859115550985,1.8041124150158794e-16,1.8199975958228434,6.652923457777506,0.061368164187320585,4.380683569297715,0.48612777598666557,4.928179509471701,6.308652922634618,-0.18755173167236264,0.0,0.433245224950393,0.2456934932780304,1.0,0.0004005464630282086,0.0,4.242640687119285,0.4645786674120381,0.10791666910717257
553,59.7808458794411,0.19634954084936207,2.8189256484623115e-18,0.25803088705868593,0.7111792693492298,1.1275702593849246e-16,0.330249118647727,1.1246080749314764,-2.7755575615628914e-17,2.970266075159341,6.4689900231665955,-5.551115123125783e-17,0.9859925530163683,2.999978577505302,1.5959455978986625e-16,1.8293938164441241,6.731771229295599,0.058495798240523186,4.4112402786212375,0.48609065730186796,4.955826734163629,6.345521460089375,-0.18946680743746946,0.0,0.40751858172520283,0.21805177428773337,1.0,0.0004005464630282086,0.0,4.242640687119285,0.4645786674120381,0.10791666910717257
555,60.173544961139825,0.19634954084936207,2.927345865710862e-18,0.2391294358381407,0.6493475546291991,1.1275702593849246e-16,0.3281112616875805,1.0365807232188622,0.0,2.989245478897498,6.408086596988621,-4.163336342344337e-17,0.9861237003640446,3.0202883862167615,1.457167719820518e-16,1.834483775330792,6.786299699441015,0.05364305032585697,4.467794266554567,0.4862199762098378,5.007657293090262,6.402516564227116,-0.19063410377584972,0.0,0.3667987807314013,0.1761646769555516,1.0,0.0004005464630282086,0.0,4.242640687119285,0.4645786674120381,0.10791666910717257
556,60.36989450198919,0.19634954084936207,3.577867169202165e-18,0.22940928749983142,0.6315100138576792,1.0928757898653885e-16,0.33418935354194385,1.074101567531807,8.326672684688674e-17,2.9988361764749167,6.512011503888755,-8.326672684688674e-17,0.9856580061380354,2.994219981970484,1.8041124150158794e-16,1.8296753416660358,6.7637775032563505,0.052560604080271835,4.496509206667349,0.48576085253200363,5.0348306632796245,6.424473716904823,-0.1903207891478061,0.0,0.3333562320105231,0.14303544286271702,1.0,0.0004005464630282086,0.0,4.242640687119285,0.4645786674120381,0.10791666910717257
557,60.56624404283855,0.19634954084936207,2.710505431213761e-18,0.2252395990954828,0.6357290581469035,1.0581813203458523e-16,0.33957044637926026,1.074012077973709,2.7755575615628914e-17,3.0091306905762694,6.557733454819695,-5.551115123125783e-17,0.9840068373858212,2.958575825507376,1.942890293094024e-16,1.8207393397886664,6.706424263790149,0.05250526009785488,4.527433756484008,0.484134728011023,5.0640737445928865,6.4432832433365075,-0.18990366369130957,0.0,0.3166954143542873,0.1267917506629777,1.0,0.0004005464630282086,0.0,4.242640687119285,0.4645786674120381,0.10791666910717257
558,60.76259358368791,0.19634954084936207,1.951563910473908e-18,0.22733547262105533,0.6578117593163815,1.1275702593849246e-16,0.34211136918526686,1.0593030719187406,0.0,3.0200777575012734,6.680039082832239,-6.938893903907228e-17,0.981011266541655,2.8905457366668044,1.3183898417423734e-16,1.8086362584991944,6.609576153059381,0.05322787842918793,4.560434830676959,0.4811915525408311,5.094854261646978,6.459260395388458,-0.18992460354897042,0.0,0.3020812553885226,0.11215665183955217,1.0,0.0004005464630282086,0.0,4.242640687119285,0.4645786674120381,0.10791666910717257
560,61.15529266538663,0.19634954084936207,3.686287386450715e-18,0.23754842767573595,0.7613484584549473,1.1275702593849246e-16,0.3417109902029462,1.1169315120805083,5.551115123125783e-17,3.042496276645676,6.85710935478053,-5.551115123125783e-17,0.9723912529035417,2.8195678257758314,1.942890293094024e-16,1.7795399237242633,6.276887641343878,0.0556693559263754,4.6283917967014,0.47277237436165975,5.156833526989435,6.484631733185804,-0.191192123538329,0.0,0.2864346080490765,0.09524248451074749,1.0,0.00039600772400867314,0.0,4.242640687119285,0.5201013035414496,0.13525268297275755
561,61.351642206235994,0.19634954084936207,4.119968255444917e-18,0.2435325110102645,0.7789258556974654,1.0755285551056204e-16,0.3395905054206463,1.0520581522364842,8.326672684688674e-17,3.0537069806748627,6.921245138253491,-6.938893903907228e-17,0.9676138156551317,2.8347813733615093,1.6653345369377348e-16,1.7649906409019536,6.040330852736327,0.057010099967951235,4.662563161911193,0.4681382481233415,5.187711510002486,6.496951587993129,-0.1913322885710533,0.0,0.283881494082915,0.09254920551186172,1.0,0.00039600772400867314,0.0,4.242640687119285,0.5201013035414496,0.13525268297275755
562,61.547991747085355,0.19634954084936207,3.469446951953614e-18,0.25108575470423783,0.7606349624148332,1.1449174941446927e-16,0.33700056864133243,1.0277143761652607,5.551115123125783e-17,3.0646673797165436,6.9466874025558205,-2.7755575615628914e-17,0.9633092339947429,2.8673000533299504,1.3877787807814457e-16,1.7509810894867337,5.781965817117581,0.058588006854955285,4.696093074149332,0.4639823401497691,5.218663421154057,6.510448150753665,-0.1932994790113548,0.0,0.29099675004428865,0.09769727103293385,1.0,0.00039600772400867314,0.0,4.242640687119285,0.5201013035414496,0.13525268297275755
564,61.94069082878408,0.19634954084936207,2.6020852139652106e-18,0.26526791564959473,0.7209462977574457,1.1449174941446927e-16,0.3414443602495357,1.092745574600951,5.551115123125783e-17,3.0840245031837754,6.9195031924280865,-5.551115123125783e-17,0.9603352918036041,2.9018762250612165,1.942890293094024e-16,1.7211163718900737,5.35676950470269,0.06377796936738266,4.755603568118967,0.4611219363417566,5.280503473828106,6.541430632878637,-0.19632038619115394,0.0,0.3028933029899332,0.10657291679877928,1.0,0.00039600772400867314,0.0,4.242640687119285,0.5201013035414496,0.13525268297275755
565,62.13704036963344,0.19634954084936207,2.168404344971009e-18,0.27103182614265053,0.7291670136936806,1.0755285551056204e-16,0.3486271158747102,1.1154136057568156,8.326672684688674e-17,3.0920253866780336,6.947166465926035,-4.163336342344337e-17,0.9620907086793485,3.004122419073193,1.6653345369377348e-16,1.7041834950201915,5.127484743357095,0.06738496964880697,4.780310495930723,0.4628092658635655,5.310504731443096,6.557459171175453,-0.19965486027686818,0.0,0.3083099718508787,0.10865511157401053,1.0,0.00039600772400867314,0.0,4.242640687119285,0.5201013035414496,0.13525268297275755
566,62.3333899104828,0.19634954084936207,3.903127820947816e-18,0.2794487116374635,0.7913029039927015,1.0928757898653885e-16,0.35278837044011185,1.0870661858820472,1.3877787807814457e-17,3.0996315737918048,7.077015511078473,-4.163336342344337e-17,0.9640987221130071,3.107595710551645,1.249000902703301e-16,1.6870099406570371,4.91342464929062,0.0709128093794168,4.8038579466235305,0.4647431729899666,5.339513928992914,6.572677787749307,-0.20233692163991734,0.0,0.3067359244611033,0.10439900282118597,1.0,0.00039600772400867314,0.0,4.242640687119285,0.5201013035414496,0.13525268297275755
567,62.52973945133216,0.19634954084936207,2.168404344971009e-18,0.291863036355493,0.848973818199962,1.0755285551056204e-16,0.3497319923663132,1.0207110510782076,4.163336342344337e-17,3.1076528899255544,7.188628186453126,-6.938893903907228e-17,0.9643856700725487,3.195757834165264,1.8041124150158794e-16,1.6709739074595915,4.89736227850512,0.07358339469254141,4.828753242131325,0.46501986032063936,5.367356497144505,6.586257883306056,-0.2053179274692994,0.0,0.3012752391356881,0.09595731166638871,1.0,0.00039600772400867314,0.0,4.242640687119285,0.5201013035414496,0.13525268297275755
569,62.922438533030885,0.19634954084936207,2.3852447794681098e-18,0.31240808909765055,0.9442564456661142,1.1102230246251565e-16,0.330392806348391,0.896243541194635,8.326672684688674e-17,3.1254728611332845,7.405229234797066,-5.551115123125783e-17,0.9575876344895505,3.2813783679260897,1.8041124150158794e-16,1.6442453223671876,5.004416819463083,0.0747290069842618,4.88429030284034,0.4584870388636465,5.417506348688248,6.605949911186016,-0.20934004964489505,0.0,0.28616435798893014,0.07682430834403509,1.0,0.00039600772400867314,0.0,4.242640687119285,0.5201013035414496,0.13525268297275755
570,63.118788073880246,0.19634954084936207,0.0,0.3107052097068884,0.9381062668162438,1.1102230246251565e-16,0.3243196907353223,0.9601144914273144,4.85722573273506e-17,3.1343752318473204,7.416834544509134,-8.326672684688674e-17,0.9520574659295752,3.272426213910882,1.5265566588595902e-16,1.6335617693169302,5.016069659566109,0.07313541901912166,4.912154047008972,0.45320670921612216,5.438496175244215,6.612204379087279,-0.2117161042573387,0.0,0.2701434182237226,0.058427313966383926,1.0,0.0004013948013830159,0.0,4.242640687119285,0.5824053462555615,0.16959799367353023
571,63.31513761472961,0.19634954084936207,4.119968255444917e-18,0.30013785625529604,0.93980704759158,1.0928757898653885e-16,0.3217337039981184,0.9903603691611909,-1.3877787807814457e-17,3.142676432397839,7.377393846899374,-5.551115123125783e-17,0.9461972363912178,3.234373617824436,1.3877787807814457e-16,1.6251825450958766,5.019429204718863,0.07023033557277572,4.938207579374405,0.44764460507718906,5.456082520024369,6.616856067420323,-0.21457239873649292,0.0,0.26494658252308423,0.05037418378659131,1.0,0.0004013948013830159,0.0,4.242640687119285,0.5824053462555615,0.16959799367353023
572,63.51148715557897,0.19634954084936207,2.710505431213761e-18,0.28473048903092835,0.9182128694594842,1.1102230246251565e-16,0.31797670299454717,0.991692262632067,1.3877787807814457e-16,3.1507062371307892,7.39473308121048,-2.7755575615628914e-17,0.9402099371326494,3.2020067268046004,1.5265566588595902e-16,1.6197827092694788,5.002403663086994,0.06625328799108285,4.963474896347429,0.4419973629414904,5.471725547280002,6.622120837038552,-0.21341623447778166,0.0,0.2664341417881949,0.053017907310413254,1.0,0.0004013948013830159,0.0,4.242640687119285,0.5824053462555615,0.16959799367353023
574,63.90418623727769,0.19634954084936207,3.2526065174565133e-18,0.2582867843789538,0.8123103699310359,1.1362438767648086e-16,0.29544664401580345,0.8789653326266017,6.938893903907228e-17,3.167453058165102,7.3080296259751725,-2.7755575615628914e-17,0.9274039444167428,3.160271611422234,1.8041124150158794e-16,1.616154655006674,4.913733479755023,0.05707521569239406,5.016379437839729,0.43003903805986654,5.503493691591989,6.638760814254786,-0.20988173416209951,0.0,0.27716519964976594,0.06728346548766642,1.0,0.0004013948013830159,0.0,4.242640687119285,0.5824053462555615,0.16959799367353023
575,64.10053577812705,0.19634954084936207,1.951563910473908e-18,0.25176209056704374,0.7270601710364873,1.1015494072452725e-16,0.28044970698897576,0.8580035599682042,9.71445146547012e-17,3.1763809477613476,7.173539976961644,-5.551115123125783e-17,0.921042986260396,3.086562879116226,1.6653345369377348e-16,1.6148297337346744,4.844037979158311,0.053067423793317386,5.0446979626506385,0.4241600912697341,5.52192547771369,6.650157837600895,-0.20417598117261843,0.0,0.2854537827028115,0.0812778015301931,1.0,0.0004013948013830159,0.0,4.242640687119285,0.5824053462555615,0.16959799367353023
576,64.29688531897642,0.19634954084936207,2.3852447794681098e-18,0.24850379716875812,0.63701738492275,1.0928757898653885e-16,0.26918700727440437,0.8657384829329932,1.249000902703301e-16,3.1853006137946602,6.976669497842255,-5.551115123125783e-17,0.9155210305430233,3.0014694063854104,1.249000902703301e-16,1.6112864345946092,4.757815698205066,0.05001151338775946,5.0730700001203175,0.41908937868327967,5.542170892191357,6.66224614393796,-0.19874058650552281,0.0,0.28251012087618327,0.08376953437066045,1.0,0.0004013948013830159,0.0,4.242640687119285,0.5824053462555615,0.16959799367353023
578,64.68958440067516,0.19634954084936207,8.673617379884035e-19,0.24100234661152323,0.6867763713467012,1.1015494072452725e-16,0.2717128323999333,0.9998390024714858,6.938893903907228e-17,3.202217849660261,6.966480894713701,-5.551115123125783e-17,0.9083294029640332,2.9744328571735053,1.249000902703301e-16,1.5930527176215634,4.8909512236625705,0.04724888643737097,5.127099578341392,0.41253115214449837,5.5868796169232615,6.68462134857055,-0.18861752665695977,0.0,0.26661465092057446,0.07799712426361469,1.0,0.0004013948013830159,0.0,4.242640687119285,0.5824053462555615,0.16959799367353023
579,64.88593394152453,0.19634954084936207,2.8189256484623115e-18,0.23407076688423967,0.7064984417572953,1.1102230246251565e-16,0.28438748971214467,1.0120994820517784,1.1102230246251565e-16,3.210605823370582,7.091785788990871,-5.551115123125783e-17,0.9060915721429307,3.009950949932563,1.6653345369377348e-16,1.579019578084235,4.968018864461845,0.047430315550724224,5.153994876530547,0.4105009685542239,5.6119261606354955,6.695618892742514,-0.17763491788630675,0.0,0.25314717008752563,0.07551225220121888,1.0,0.0004013948013830159,0.0,4.242640687119285,0.5824053462555615,0.16959799367353023
580,65.0822834823739,0.19634954084936207,3.0357660829594124e-18,0.22763561743112576,0.7006274349232071,1.1275702593849246e-16,0.2989747849989095,0.9958624519518391,8.326672684688674e-17,3.219475137485262,7.207379443773356,-4.163336342344337e-17,0.9040031587664877,3.072137776210321,1.6653345369377348e-16,1.5638603377587599,5.075025017090093,0.048413419775660785,5.182510080442873,0.40861085552989385,5.639534355748427,6.708473183402356,-0.17077347691363917,0.0,0.25419722821615176,0.08342375130251259,1.0,0.00038946654530317776,0.0,4.242640687119285,0.47450968398043986,0.11257972009560846
581,65.27863302322326,0.19634954084936207,2.6020852139652106e-18,0.22567716789479578,0.651536528814418,1.0408340855860843e-16,0.3115482271294306,1.062739998684475,1.3877787807814457e-17,3.2292899032026083,7.269556671437631,-4.163336342344337e-17,0.9017432832371738,3.0910380706468454,1.5265566588595902e-16,1.5492462919631214,5.1792128589485715,0.05003263854406554,5.214156639463155,0.4065704744316788,5.6707597524389,6.7253745266241785,-0.16036840158688628,0.0,0.26243762468003096,0.10206922309314467,1.0,0.00038946654530317776,0.0,4.242640687119285,0.47450968398043986,0.11257972009560846
583,65.671332104922,0.19634954084936207,2.6020852139652106e-18,0.23853549974300906,0.7665602018562196,1.1275702593849246e-16,0.3302143119157417,1.1779220416689484,4.163336342344337e-17,3.251089537506898,7.297178794072398,-6.938893903907228e-17,0.89554792633156,3.0094039849330874,1.3877787807814457e-16,1.5227420586181843,5.328235857694138,0.05495753337198153,5.284791590443406,0.4010030441783785,5.740752167993766,6.767815923985028,-0.15575176658178233,0.0,0.2789360898465967,0.12318432326481435,1.0,0.00038946654530317776,0.0,4.242640687119285,0.47450968398043986,0.11257972009560846
584,65.86768164577137,0.19634954084936207,4.7704895589362195e-18,0.24785556699098338,0.8102940297739267,1.0842021724855044e-16,0.34063294684338896,1.195381287037553,3.469446951953614e-17,3.262928924656548,7.3377267225623015,-8.326672684688674e-17,0.8915464829397743,2.9548370045199572,1.5265566588595902e-16,1.511367559312045,5.3433205149194105,0.0580487693605202,5.323352583680166,0.3974275656211407,5.778828918661827,6.792999097104997,-0.15441448400911478,0.0,0.29816383074258906,0.14374934673347428,1.0,0.00038946654530317776,0.0,4.242640687119285,0.47450968398043986,0.11257972009560846
585,66.06403118662074,0.19634954084936207,4.336808689942018e-19,0.2556109104565604,0.8218307834190599,1.0885389811754465e-16,0.35199010758970456,1.1634839137696749,4.163336342344337e-17,3.274943510361295,7.3553196295237475,-5.551115123125783e-17,0.8877135262405014,2.903993117118923,1.5265566588595902e-16,1.5036264366074543,5.413075662948114,0.06099746222959337,5.362627498028781,0.3940176523351726,5.817642612593547,6.822101229362222,-0.15561719829274923,0.0,0.3195602769278545,0.16394307863510527,1.0,0.00038946654530317776,0.0,4.242640687119285,0.47450968398043986,0.11257972009560846
586,66.2603807274701,0.19634954084936207,8.673617379884035e-19,0.2611957880951705,0.8005719806462824,1.1275702593849246e-16,0.3614227258925143,1.0602463819337078,6.938893903907228e-17,3.286461892359311,7.3411675007985275,-5.551115123125783e-17,0.8853655171126761,2.908156477626029,1.5265566588595902e-16,1.5024459350141293,5.466066955053744,0.06315910207598877,5.400415884964969,0.3919360494460981,5.855511036487056,6.856929908596085,-0.15817126219433533,0.0,0.35110014354284663,0.1929288813485113,1.0,0.00038946654530317776,0.0,4.242640687119285,0.47450968398043986,0.11257972009560846
588,66.65307980916884,0.19634954084936207,2.6020852139652106e-18,0.2656794985483749,0.6996266518136768,1.1319070680748666e-16,0.3664777966583296,1.3586135309905365,6.938893903907228e-17,3.3061277412741665,7.183313437338413,-5.551115123125783e-17,0.888693544840556,3.0363901946530985,1.3877787807814457e-16,1.5250913407338416,5.434272221506923,0.06357285252824499,5.46524032081131,0.39488810832063653,5.9237012816601915,6.946583361327792,-0.16379079407444386,0.0,0.40744595621427615,0.2436551621398323,1.0,0.00038946654530317776,0.0,4.242640687119285,0.47450968398043986,0.11257972009560846
589,66.84942935001821,0.19634954084936207,1.3010426069826053e-18,0.2639672219639997,0.739020567617008,1.1145598333150986e-16,0.36339895257793475,1.4601231659333682,1.1102230246251565e-16,3.3146150975286357,7.152108148511822,-8.326672684688674e-17,0.893386452035945,3.107305222450027,1.5265566588595902e-16,1.5465439993280754,5.3804660560283635,0.06192552011687688,5.493336622382385,0.39906967634068696,5.954331818839949,6.999187047482207,-0.17000371425941457,0.0,0.45408049744620993,0.28407678318679536,1.0,0.00038946654530317776,0.0,4.242640687119285,0.47450968398043986,0.11257972009560846
590,67.04577889086758,0.19634954084936207,2.6020852139652106e-18,0.25949229417607805,0.7874141100964522,1.1362438767648086e-16,0.3592943101371883,1.5391374692676951,5.551115123125783e-17,3.322996805110663,7.246087767284217,-4.163336342344337e-17,0.8982538707231774,3.1759420210345635,1.6653345369377348e-16,1.5714648783042566,5.334042150737265,0.05950701136052869,5.521153883387836,0.4034300081345854,5.98409090288295,7.054286414228365,-0.1738419387654252,0.0,0.47173320655772777,0.29789126779230257,1.0,0.00038096227783486193,0.0,4.242640687119285,0.47941376972714467,0.11491878130199584
592,67.43847797256632,0.19634954084936207,4.445228907190568e-18,0.24501357074951746,0.7677137894936111,1.1188966420050406e-16,0.35233201231478245,1.6207598491593629,5.551115123125783e-17,3.34096559010703,7.436583989809733,-1.3877787807814457e-17,0.9058391263402206,3.174387499596052,1.8041124150158794e-16,1.6236746134843865,5.7638128178090176,0.05411955998081831,5.581025537139608,0.41027226140440703,6.045417358524833,7.167495817557132,-0.1751098059980495,0.0,0.4820814648545918,0.3069716588565423,1.0,0.00038096227783486193,0.0,4.242640687119285,0.47941376972714467,0.11491878130199584
593,67.63482751341569,0.19634954084936207,-8.673617379884035e-19,0.23731180197476553,0.7032935854660345,1.1232334506949826e-16,0.3484391242731016,1.5854327710286842,8.326672684688674e-17,3.3501396498501474,7.4892934048081665,-6.938893903907228e-17,0.9087629686723634,3.1148996905094175,1.6653345369377348e-16,1.6483951769901044,6.019726895371279,0.05179746429025206,5.611717836749035,0.4129250666151035,6.07644036765439,7.223011232341039,-0.1793671399474882,0.0,0.4825787795968119,0.3032116396493237,1.0,0.00038096227783486193,0.0,4.242640687119285,0.47941376972714467,0.11491878130199584
594,67.83117705426505,0.19634954084936207,1.4094628242311558e-18,0.23091031541014945,0.646753977374201,1.1492543028346347e-16,0.34273429702304997,1.481939950346527,1.1102230246251565e-16,3.3592328089089123,7.561749445460303,-6.938893903907228e-17,0.9113456380608931,3.035109562428357,1.3877787807814457e-16,1.67146925339975,6.1965872084417555,0.04985818304066457,5.6422225322250315,0.41527543600630806,6.107356151272004,7.276960142844704,-0.1817000701044199,0.0,0.4780797808031989,0.296379710698779,1.0,0.00038096227783486193,0.0,4.242640687119285,0.47941376972714467,0.11491878130199584
595,68.02752659511442,0.19634954084936207,8.673617379884035e-19,0.22611863045486516,0.59083530504013,1.1449174941446927e-16,0.33489364847435477,1.320003750713289,1.3877787807814457e-16,3.368312087380784,7.634535880351267,-2.7755575615628914e-17,0.9133187134646312,2.983552272386504,1.6653345369377348e-16,1.6926764135246113,6.304118637409883,0.04822781248244134,5.672763158997746,0.41707553618234455,6.138066507662532,7.328733472888562,-0.1837760858371387,0.0,0.4701431490909512,0.28636706325381245,1.0,0.00038096227783486193,0.0,4.242640687119285,0.47941376972714467,0.11491878130199584
597,68.42022567681316,0.19634954084936207,1.0842021724855044e-18,0.2170734096348554,0.5693963658828244,1.1145598333150986e-16,0.3188875959431978,1.0027047668521154,8.326672684688674e-17,3.387078439819789,7.6112705171189585,-5.551115123125783e-17,0.9142342064318681,2.9332700728870087,2.42861286636753e-16,1.7278588815367026,6.451604783625083,0.04577673653936695,5.736150178746026,0.4179120921050538,6.199839007390447,7.423835104411923,-0.18627640232356327,0.0,0.45275017396266237,0.26647377163909913,1.0,0.00038096227783486193,0.0,4.242640687119285,0.47941376972714467,0.11491878130199584
598,68.61657521766253,0.19634954084936207,1.3010426069826053e-18,0.21187958175810673,0.5608018347659687,1.1167282376600696e-16,0.314730271381308,1.0250797155113034,5.551115123125783e-17,3.3967867604513446,7.502228032281052,-6.938893903907228e-17,0.9134857667997339,2.8979540483809023,1.3877787807814457e-16,1.7408441800745769,6.451636016132991,0.045048289189077315,5.769080147988769,0.41722812307284896,6.2313565602506955,7.466830067334417,-0.1878542333449434,0.0,0.43271955308029963,0.24486531973535625,1.0,0.00038096227783486193,0.0,4.242640687119285,0.47941376972714467,0.11491878130199584
599,68.8129247585119,0.19634954084936207,3.903127820947816e-18,0.20903762266048398,0.6253179819701158,1.0972125985553305e-16,0.3132716977382607,1.0602610411212718,5.551115123125783e-17,3.4064130843553095,7.358026879134175,-5.551115123125783e-17,0.9127281329548921,2.8688830744475,1.942890293094024e-16,1.7503660042634066,6.389092798120696,0.04466064502834752,5.801825050633526,0.41653632234366156,6.263022018005535,7.506779250547078,-0.1881672944071994,0.0,0.41823116536305277,0.23006387095585337,1.0,0.00038096227783486193,0.0,4.242640687119285,0.47941376972714467,0.11491878130199584
600,69.00927429936127,0.19634954084936207,2.168404344971009e-18,0.21119419798939112,0.7160305646667813,1.1145598333150986e-16,0.31260122630461956,1.0892051099502797,5.551115123125783e-17,3.415657130116181,7.313432351028966,-5.551115123125783e-17,0.9124874874045709,2.8420739197562694,1.734723475976807e-16,1.7559731621634482,6.356936121908845,0.044578621476851064,5.83335681525675,0.4163167073349534,6.294252144068555,7.54309812288785,-0.18801770759558836,0.0,0.39990057812945423,0.21188287053386587,1.0,0.0003840435577752875,0.0,4.242640687119285,0.5451999223482893,0.14862147766429035
602,69.40197338106,0.19634954084936207,1.734723475976807e-18,0.22474993426678988,0.7767274278623371,1.0842021724855044e-16,0.31013608745339544,0.916561608655436,2.7755575615628914e-17,3.4325081532645014,7.367133749784014,-4.163336342344337e-17,0.9129835917581447,2.7784743444063063,1.5265566588595902e-16,1.7498155611070205,6.278774726424021,0.04567350868901078,5.891056111113638,0.4167695194098012,6.35349913921245,7.596969373053166,-0.18862166941824265,0.0,0.35348926563822947,0.1648675962199868,1.0,0.0003840435577752875,0.0,4.242640687119285,0.5451999223482893,0.14862147766429035
603,69.59832292190937,0.19634954084936207,2.6020852139652106e-18,0.22970278948902362,0.7418306774127957,1.1145598333150986e-16,0.30962496327345,0.9565963046386754,9.71445146547012e-17,3.4405348801199134,7.352137098191854,-5.551115123125783e-17,0.912338126198251,2.7191393722722204,1.6653345369377348e-16,1.734679762827061,6.203468370791605,0.047149841386729154,5.918640130660873,0.4161804282574678,6.38197040030507,7.61061157604421,-0.18735752695502367,0.0,0.28612945554325,0.09877192858822631,1.0,0.0003840435577752875,0.0,4.242640687119285,0.5451999223482893,0.14862147766429035
604,69.79467246275874,0.19634954084936207,2.3852447794681098e-18,0.23301941047917077,0.7204882181446451,1.1145598333150986e-16,0.309599462988533,0.9259384099620476,6.938893903907228e-17,3.448719139122452,7.340764811063268,-5.551115123125783e-17,0.9100103398938746,2.734484497325817,1.3877787807814457e-16,1.711031157798195,6.165060124345102,0.04915369495970852,5.946831850274754,0.41405940935688257,6.410044954591346,7.614563822146408,-0.18634262930217257,0.0,0.23725450720105207,0.05091187789887949,1.0,0.0003840435577752875,0.0,4.242640687119285,0.5451999223482893,0.14862147766429035
606,70.18737154445748,0.19634954084936207,3.144186300207963e-18,0.24252051368059652,0.7351569879544131,1.1102230246251565e-16,0.30672335925590766,0.9558515421654925,6.938893903907228e-18,3.466886244460906,7.435598321905683,-6.938893903907228e-17,0.8982826155674826,2.6364783213858494,2.220446049250313e-16,1.647481524687084,5.9299907191142305,0.05284911802137375,6.0096501160161235,0.4034558287153788,6.465955062752877,7.60224364249828,-0.1844880268107632,0.0,0.18508268442321718,0.0005946576124539749,1.0,0.0003840435577752875,0.0,4.242640687119285,0.5451999223482893,0.14862147766429035
607,70.38372108530685,0.19634954084936207,2.656295322589486e-18,0.24793518291714112,0.7987616600230152,1.1102230246251565e-16,0.3036819345314883,0.9600068573451895,1.1102230246251565e-16,3.4772887858335992,7.443558809849905,-4.163336342344337e-17,0.8887269094495709,2.6149625904781932,1.6653345369377348e-16,1.6141133213514585,5.70740160717618,0.05352216003184293,6.045768650042055,0.39491775978989285,6.49420856986379,7.592574019478028,-0.18222214524835062,0.0,0.16463782347428485,-0.01758432177406577,1.0,0.0003840435577752875,0.0,4.242640687119285,0.5451999223482893,0.14862147766429035
608,70.58007062615621,0.19634954084936207,-2.168404344971009e-19,0.2513615027077792,0.8402629747814763,1.1275702593849246e-16,0.3001640260005313,0.908236971767532,2.0816681711721685e-17,3.488434487983061,7.523373913435697,-5.551115123125783e-17,0.8775803532775812,2.650697729522731,1.249000902703301e-16,1.5830143740923257,5.674501479521982,0.0531424639013149,6.08458758847482,0.3850736382294021,6.522803690605537,7.584479646152326,-0.18029876215546484,0.0,0.16978482639278306,-0.010513935762681781,1.0,0.0003840435577752875,0.0,4.242640687119285,0.5451999223482893,0.14862147766429035
609,70.77642016700558,0.19634954084936207,3.144186300207963e-18,0.2525364016798931,0.8408319775807501,1.0928757898653885e-16,0.2959070530359751,0.8714053802668653,4.163336342344337e-17,3.4998631414367183,7.628417082590387,-5.551115123125783e-17,0.8663064653779101,2.6729321261786976,1.6653345369377348e-16,1.5549730378532465,5.569646347198828,0.05193668489607346,6.124521004393649,0.37524344597778403,6.551701135267506,7.57978869132694,-0.17788961282556848,0.0,0.18330215374005257,0.005412540914484093,1.0,0.0003840435577752875,0.0,4.242640687119285,0.5451999223482893,0.14862147766429035
611,71.16911924870432,0.19634954084936207,1.5178830414797062e-18,0.2502151041686083,0.7325343841908678,1.1145598333150986e-16,0.28717501841821225,0.8642842144194897,-2.0816681711721685e-17,3.521829595044659,7.7005651340275305,-8.326672684688674e-17,0.8488232713847605,2.702251269114944,1.6653345369377348e-16,1.5052641180289408,5.209569986535124,0.04883134401017988,6.201641848266215,0.3602504730221634,6.610723665298559,7.582745555877591,-0.17250393470928865,0.0,0.20667881710313457,0.03417488239384592,1.0,0.00038138832834344475,0.0,4.242640687119285,0.5099132723789628,0.13000577267411112
612,71.36546878955369,0.19634954084936207,3.7947076036992655e-18,0.24580533145744754,0.6586557648092328,1.1188966420050406e-16,0.2871674314400828,0.8153942841551172,1.3877787807814457e-17,3.5321604801565587,7.707433817497128,-8.326672684688674e-17,0.8432674911174804,2.7397755146806446,1.6653345369377348e-16,1.481399656281021,5.00694589844335,0.047639688169971224,6.238078828789908,0.35555003078778497,6.641268547747663,7.589345712775419,-0.16630477276062922,0.0,0.2244123807775413,0.05810760801691209,1.0,0.00038138832834344475,0.0,4.242640687119285,0.5099132723789628,0.13000577267411112
613,71.56181833040306,0.19634954084936207,2.8731357570865868e-18,0.23923794092169526,0.6809101794192424,1.1319070680748666e-16,0.2919465150454317,0.9158156647684613,1.249000902703301e-16,3.5423106903612425,7.7317261818659455,-5.551115123125783e-17,0.8390516695459818,2.766771053592987,1.3877787807814457e-16,1.4580355757850778,4.8126667809164605,0.04678719724336426,6.273982513523773,0.3520038520839497,6.672773562851087,7.598761704803864,-0.16255288635884704,0.0,0.2341706349166938,0.07161774855784675,1.0,0.00038138832834344475,0.0,4.242640687119285,0.5099132723789628,0.13000577267411112
614,71.75816787125243,0.19634954084936207,2.9815559743351372e-18,0.23316792777286047,0.6924730670989983,1.1188966420050406e-16,0.29946773814732025,1.0120676696457767,9.71445146547012e-17,3.5524842134914323,7.766936926177875,-5.551115123125783e-17,0.8356113253475863,2.780081189873462,1.3877787807814457e-16,1.4365524446380191,4.631177079168014,0.046134850158916337,6.310072043552922,0.34912314352457485,6.705330037236413,7.611647570833763,-0.15938909998859463,0.0,0.24785368083144002,0.08846458084284539,1.0,0.00038138832834344475,0.0,4.242640687119285,0.5099132723789628,0.13000577267411112
616,72.15086695295116,0.19634954084936207,1.4094628242311558e-18,0.23243706480478066,0.7082413475002407,1.1188966420050406e-16,0.3120959626174517,1.044464396410788,4.85722573273506e-17,3.5730841626542738,7.891874077045345,-5.551115123125783e-17,0.8306840181966129,2.7847693354323724,1.6653345369377348e-16,1.405418339771183,4.370022289453448,0.04509053294384966,6.383465216705395,0.34501796904363535,6.77357371869288,7.651895879373116,-0.15664721879769505,0.0,0.280246237880033,0.12359901908233795,1.0,0.00038138832834344475,0.0,4.242640687119285,0.5099132723789628,0.13000577267411112
617,72.34721649380053,0.19634954084936207,2.0599841277224584e-18,0.2350586236624383,0.7737838091307341,1.0668549377257364e-16,0.3170466995483202,1.013111101370329,8.326672684688674e-17,3.583517936525871,7.936054782140287,-5.551115123125783e-17,0.829086255078783,2.837996552478285,1.3877787807814457e-16,1.3966223529135833,4.290651710158783,0.04484939539384943,6.420800400701317,0.3436920091802803,6.809341805275447,7.679683393553354,-0.15604414093862698,0.0,0.31707422649260886,0.16103008555398188,1.0,0.00038138832834344475,0.0,4.242640687119285,0.5099132723789628,0.13000577267411112
618,72.5435660346499,0.19634954084936207,2.2768245622195593e-18,0.23556204115402496,0.8010244227366018,1.1015494072452725e-16,0.32338214766981577,0.9457080309208196,6.938893903907228e-17,3.5940940545264133,7.936375873110915,-5.551115123125783e-17,0.8276536521895319,2.912829958323692,1.6653345369377348e-16,1.3915442942427443,4.185014833469629,0.04499948996326855,6.458756036391056,0.3425052839913353,6.84626081034566,7.711592885503669,-0.15685223547900212,0.0,0.33847274373748526,0.18162050825848314,1.0,0.00038138832834344475,0.0,4.242640687119285,0.5099132723789628,0.13000577267411112
620,72.93626511634864,0.19634954084936207,2.3852447794681098e-18,0.2319656985385957,0.7459757805547389,1.1449174941446927e-16,0.3416536869124986,1.0711853819914112,-6.245004513516506e-17,3.615715724673143,7.790337067620726,-5.551115123125783e-17,0.8242626781729052,3.0105857681553134,1.6653345369377348e-16,1.390443175168709,4.18007282716435,0.046901302364129066,6.536700100824316,0.339704481314385,6.92330588450283,7.785010066127988,-0.15950817533622544,0.0,0.3659715647407347,0.20646338940450928,1.0,0.0003698567754389326,0.0,4.242640687119285,0.44965514295488584,0.10109487379288942
621,73.132614657198,0.19634954084936207,3.469446951953614e-18,0.23236471588418742,0.6844898016672949,1.1188966420050406e-16,0.35198649442192315,1.1751181806412287,9.020562075079397e-17,3.6267847018873276,7.70737039573492,-4.163336342344337e-17,0.822795731461896,3.0819532246281387,1.8041124150158794e-16,1.3944788963064971,4.232771882420441,0.04878206809705039,6.576783636921977,0.33849640785595825,6.964062112874986,7.827592796636874,-0.15903412398110803,0.0,0.3956854008024828,0.2366512768213748,1.0,0.0003698567754389326,0.0,4.242640687119285,0.44965514295488584,0.10109487379288942
622,73.32896419804737,0.19634954084936207,2.6020852139652106e-18,0.23530323649467283,0.6181216508816254,1.1362438767648086e-16,0.36159945712590563,1.2460270329238305,1.249000902703301e-16,3.6375903198753443,7.655729377047639,-6.938893903907228e-17,0.8223006848058181,3.1284396945694373,1.5265566588595902e-16,1.4019376693255445,4.395455300097186,0.05122958365135083,6.616031667625403,0.3380892081160587,7.005350459392813,7.874105559250835,-0.16353493849887663,0.0,0.42072894497825614,0.2571940064793795,1.0,0.0003698567754389326,0.0,4.242640687119285,0.44965514295488584,0.10109487379288942
623,73.52531373889674,0.19634954084936207,1.3010426069826053e-18,0.24013279222110406,0.5909809687378891,1.0755285551056204e-16,0.36890987170204936,1.219089603167805,3.469446951953614e-17,3.6478626146520607,7.685824261755567,-5.551115123125783e-17,0.8235633316639461,3.1411969625614145,1.6653345369377348e-16,1.4135460774255368,4.49883508748342,0.05399806937883994,6.653450827688083,0.3391282806307093,7.046577177697632,7.925195836839725,-0.1690725876171865,0.0,0.4498815476647841,0.2808089600475976,1.0,0.0003698567754389326,0.0,4.242640687119285,0.44965514295488584,0.10109487379288942
625,73.91801282059548,0.19634954084936207,4.336808689942018e-18,0.2541815216198944,0.7224392113308612,1.0581813203458523e-16,0.3692277895546215,1.1979740734526199,6.938893903907228e-17,3.6660966135808337,7.746949226176027,-5.551115123125783e-17,0.8322836110453548,3.0762205804810323,1.5265566588595902e-16,1.4511420403240611,4.857646491097521,0.058700193035466794,6.720132190054428,0.34634800460734766,7.125180387697242,8.040097962027476,-0.17928686757477832,0.0,0.49247580182797424,0.31318893425319594,1.0,0.0003698567754389326,0.0,4.242640687119285,0.44965514295488584,0.10109487379288942
626,74.11436236144485,0.19634954084936207,2.6020852139652106e-18,0.26190557057126435,0.7653566674854009,1.1449174941446927e-16,0.36143613864146595,1.1759603034361628,0.0,3.6740949531641305,7.761398789789229,-5.551115123125783e-17,0.8385240211490725,3.0785780665841482,1.1102230246251565e-16,1.4756158059540498,4.999055940829163,0.05975400975016469,6.749486862433067,0.3515612670220051,7.160802139205237,8.100272748058224,-0.19042281766896982,0.0,0.5173282845954852,0.32690546692651534,1.0,0.0003698567754389326,0.0,4.242640687119285,0.44965514295488584,0.10109487379288942
627,74.31071190229422,0.19634954084936207,2.6020852139652106e-18,0.2676217671598165,0.7918904248060386,1.1275702593849246e-16,0.35073882362624004,1.142349081624571,6.938893903907228e-17,3.6816180449655977,7.7303058679057965,-6.938893903907228e-17,0.8443467940260637,3.0811326616564534,1.5265566588595902e-16,1.5007924996699025,5.113158408894678,0.0596451468096702,6.777155714508155,0.35646075429104596,7.193261615608871,8.157864464207583,-0.19747655640031492,0.0,0.5112759913702798,0.3137994349699649,1.0,0.0003698567754389326,0.0,4.242640687119285,0.44965514295488584,0.10109487379288942
628,74.50706144314358,0.19634954084936207,5.204170427930421e-18,0.2695223732331096,0.8183013346244203,1.1449174941446927e-16,0.33978113592472153,1.0416414756061783,8.326672684688674e-17,3.688980224885085,7.638851337974145,-5.551115123125783e-17,0.848250305646628,3.115218337644797,1.942890293094024e-16,1.5235006246603056,5.206799028281195,0.058422505327324445,6.804287549796607,0.35976429051479886,7.22247434563873,8.20892325755542,-0.2035860194456279,0.0,0.4843898718504951,0.28080385240486716,1.0,0.0003698567754389326,0.0,4.242640687119285,0.44965514295488584,0.10109487379288942
630,74.89976052484232,0.19634954084936207,3.903127820947816e-18,0.26044518456385585,0.8076588312429317,1.1275702593849246e-16,0.32253196049121036,1.1179983908123368,8.326672684688674e-17,3.7044756122650635,7.7934015982532365,-8.326672684688674e-17,0.8452567968046217,3.039971791466624,1.3877787807814457e-16,1.5496965366859772,5.344266452790786,0.053711583025453764,6.8615697809333085,0.3572295262722047,7.272510890230967,8.27816144257363,-0.21020368199552492,0.0,0.4083196524052315,0.19811597040970658,1.0,0.00038889377712136256,0.0,4.242640687119285,0.6534342824751679,0.21348818075691878
631,75.09611006569169,0.19634954084936207,4.336808689942018e-18,0.25137858341556657,0.788739064630523,1.0928757898653885e-16,0.31567123472397574,1.1193078272775923,1.249000902703301e-16,3.7124550209005784,7.861374011080971,-5.551115123125783e-17,0.8372838287874252,2.9199481880004163,1.3877787807814457e-16,1.5488692008095553,5.384735498982241,0.051037567396559166,6.891161141104957,0.3505221049744653,7.292720813475982,8.290971784778883,-0.2242412001578149,0.0,0.3137300848175196,0.08948888465970473,1.0,0.00038889377712136256,0.0,4.242640687119285,0.6534342824751679,0.21348818075691878
632,75.29245960654106,0.19634954084936207,1.3010426069826053e-18,0.24162992197629513,0.7518838915413337,1.1102230246251565e-16,0.3091148942299443,1.0511490170300533,8.326672684688674e-17,3.7207655688986954,7.871669785619067,-4.163336342344337e-17,0.8261798523112633,2.7630254254662727,1.6653345369377348e-16,1.5383289925837438,5.404056907016284,0.048729856281789496,6.922048209351018,0.34128657418253044,7.312064639815337,8.292294358142268,-0.2234648676743158,0.0,0.2549005241358769,0.03143565646156107,1.0,0.00038889377712136256,0.0,4.242640687119285,0.6534342824751679,0.21348818075691878
634,75.6851586882398,0.19634954084936207,3.0357660829594124e-18,0.22749909130387372,0.6602055878624744,1.1102230246251565e-16,0.29773784570670087,0.832748368106268,6.938893903907228e-17,3.737093768113879,7.75399162724707,-2.7755575615628914e-17,0.8012801984789242,2.6684766961083017,1.8041124150158794e-16,1.4944382110459387,5.360335098382705,0.04598049965050463,6.982934915837795,0.32102497823721204,7.349940393725511,8.273968674953954,-0.2198232809046983,0.0,0.19714230898563645,-0.02268097191906185,1.0,0.00038889377712136256,0.0,4.242640687119285,0.6534342824751679,0.21348818075691878
635,75.88150822908916,0.19634954084936207,8.673617379884035e-19,0.22443349732571402,0.6619843238097188,1.1275702593849246e-16,0.2959177399768173,0.9541995316762861,4.163336342344337e-17,3.7447832268392727,7.659753891063848,-6.938893903907228e-17,0.7900887105810878,2.6209918473188463,1.5265566588595902e-16,1.4657077979512723,5.283129373368519,0.04551550716152834,7.011700708008378,0.3121200852938429,7.36933630046375,8.261497209980885,-0.21371923783954774,0.0,0.17264992041357607,-0.04106931742597167,1.0,0.00038889377712136256,0.0,4.242640687119285,0.6534342824751679,0.21348818075691878
636,76.07785776993853,0.19634954084936207,3.0357660829594124e-18,0.22264455268305272,0.646035258317909,1.1102230246251565e-16,0.2983031966341168,1.036899958288176,9.71445146547012e-17,3.752227258290107,7.620295908770466,-8.326672684688674e-17,0.7803896819502156,2.5639160774283796,1.3877787807814457e-16,1.4353419117412578,5.177248186128611,0.045505228333689585,7.039604698927646,0.30450402784717934,7.389613955108515,8.250373711927978,-0.20849559861919614,0.0,0.17337071074051008,-0.03512488787868606,1.0,0.00038889377712136256,0.0,4.242640687119285,0.6534342824751679,0.21348818075691878
637,76.2742073107879,0.19634954084936207,1.8431436932253575e-18,0.22082798132212092,0.65390858911348,1.0755285551056204e-16,0.30356196850526995,1.0558867234774525,2.7755575615628914e-17,3.759563237275244,7.644913065919236,-5.551115123125783e-17,0.7721763505069014,2.547600693802604,1.6653345369377348e-16,1.405447253651757,5.109298872112351,0.04578274775343348,7.067157867535755,0.29812815814107846,7.411068773430267,8.242523066926607,-0.2031611909589293,0.0,0.183948923391428,-0.0192122675675013,1.0,0.00038889377712136256,0.0,4.242640687119285,0.6534342824751679,0.21348818075691878
639,76.66690639248664,0.19634954084936207,6.505213034913027e-19,0.218662764755542,0.6841559495077457,1.1102230246251565e-16,0.30958595371475994,1.0135573482195164,4.163336342344337e-17,3.7743863016345593,7.855237597408559,-6.938893903907228e-17,0.7598972409638672,2.4425330699151035,1.942890293094024e-16,1.3568224609645871,4.855291025188012,0.04643327238085258,7.1229959769833044,0.28872190841224876,7.458151157776406,8.243934207644713,-0.19661289960159453,0.0,0.21956786036668605,0.022954960765091514,1.0,0.00038889377712136256,0.0,4.242640687119285,0.6534342824751679,0.21348818075691878
640,76.863255933336,0.19634954084936207,2.0599841277224584e-18,0.22109981965656453,0.7286099740717289,1.1102230246251565e-16,0.30567343879303277,1.0389811254244057,2.7755575615628914e-17,3.7821014026372484,7.8623447128836,-5.551115123125783e-17,0.7555277048109855,2.4309957514356637,1.6653345369377348e-16,1.342144706322352,4.716882374331227,0.046562146703486164,7.152145509915319,0.2854110563684778,7.484118712987283,8.25589492078722,-0.19229396862821152,0.0,0.27073659964122254,0.07844263101301102,1.0,0.00039900830729564695,0.0,4.242640687119285,0.6078087893856128,0.18471576222720207
641,77.05960547418537,0.19634954084936207,8.673617379884035e-19,0.2264730895092526,0.7500016862231429,1.0928757898653885e-16,0.29764221703668786,0.9872953217865279,4.163336342344337e-17,3.78993860341821,7.894938478786202,-5.551115123125783e-17,0.7518640519750263,2.40852909830027,1.5265566588595902e-16,1.3343955873512505,4.591865252657276,0.046569697648302946,7.181817308839786,0.28264977632615246,7.511036782814242,8.274451686696866,-0.19522380579373103,0.0,0.30648070385321236,0.11125689805948133,1.0,0.00039900830729564695,0.0,4.242640687119285,0.6078087893856128,0.18471576222720207
642,77.25595501503474,0.19634954084936207,1.734723475976807e-18,0.23340146744359105,0.7935842248130156,1.1102230246251565e-16,0.28852422021595775,0.9272602516785655,9.71445146547012e-17,3.7981734440397066,7.975944541301886,-5.551115123125783e-17,0.7485608910151851,2.386340076011015,1.8041124150158794e-16,1.3324007600024679,4.4240864490794785,0.0465340088258206,7.213060755504222,0.2801717037787239,7.539766468108766,8.299266953906383,-0.1930757464012805,0.0,0.33528930871868307,0.14221356231740256,1.0,0.00039900830729564695,0.0,4.242640687119285,0.6078087893856128,0.18471576222720207
644,77.64865409673348,0.19634954084936207,1.734723475976807e-18,0.24347039481784383,0.8404310221902085,1.1102230246251565e-16,0.27942666056178267,1.0763389821198175,-6.938893903907228e-17,3.8156529238540298,8.054319586613047,-6.938893903907228e-17,0.7414763348345881,2.358315825064294,1.8041124150158794e-16,1.3380622896076189,4.060355585570496,0.04624557798373399,7.279603617657902,0.27489357755986704,7.600742773201503,8.359047237296267,-0.18904270668279316,0.0,0.3563846047259197,0.16734189804312655,1.0,0.00039900830729564695,0.0,4.242640687119285,0.6078087893856128,0.18471576222720207
645,77.84500363758285,0.19634954084936207,4.336808689942018e-18,0.24371133280272692,0.7942714553538034,1.0928757898653885e-16,0.2818100793294635,1.0680588376805447,6.938893903907228e-17,3.8246344655529088,8.148108744923801,-5.551115123125783e-17,0.7375132229960354,2.3153195618118163,1.5265566588595902e-16,1.3424495063501536,4.005593221311043,0.04579581972571752,7.313914397547591,0.27196287704699984,7.631673094320308,8.390222054184246,-0.18372714851347158,0.0,0.3572970948093014,0.1735699462958298,1.0,0.00039900830729564695,0.0,4.242640687119285,0.6078087893856128,0.18471576222720207
646,78.04135317843222,0.19634954084936207,-4.336808689942018e-19,0.24094610801359265,0.7221454097776846,1.0755285551056204e-16,0.2871887767202442,1.0623877613216717,9.71445146547012e-17,3.8335168504206574,8.211966308027037,-5.551115123125783e-17,0.7337571026875954,2.2479361753216462,1.6653345369377348e-16,1.3463766017638639,3.9973660128253794,0.04506212447942308,7.34792572122956,0.2691997428722472,7.662187588581229,8.420824418973321,-0.17954464128844166,0.0,0.349987266124164,0.1704426248357223,1.0,0.00039900830729564695,0.0,4.242640687119285,0.6078087893856128,0.18471576222720207
648,78.43405226013095,0.19634954084936207,2.8189256484623115e-18,0.23230570334258627,0.7723342656674311,1.1449174941446927e-16,0.30085612226881414,1.138632600410223,1.3877787807814457e-17,3.8503466415854257,8.277564427471003,-5.551115123125783e-17,0.7293875758536772,2.1151796684558235,1.6653345369377348e-16,1.3499123233446237,4.073333937763709,0.043150006729806664,7.412584630184082,0.26600311790485187,7.72173775481874,8.479751958517365,-0.1731141393784682,0.0,0.33705623657660977,0.16394209719814157,1.0,0.00039900830729564695,0.0,4.242640687119285,0.6078087893856128,0.18471576222720207
649,78.63040180098032,0.19634954084936207,2.8189256484623115e-18,0.22809676251248145,0.7884867861122371,1.1449174941446927e-16,0.30983067764500427,1.149368818771076,4.163336342344337e-17,3.858233431836557,8.282574315223776,-6.938893903907228e-17,0.7295760304483866,2.084466310940834,1.942890293094024e-16,1.3482291383523741,4.129498841432808,0.04244331692285039,7.442982607270647,0.26614059210241264,7.7515665162959095,8.508491996963967,-0.1672436525821169,0.0,0.32656004271541184,0.15931639013329493,1.0,0.00039900830729564695,0.0,4.242640687119285,0.6078087893856128,0.18471576222720207
650,78.82675134182969,0.19634954084936207,1.734723475976807e-18,0.2237469235748278,0.7718298038818098,1.1275702593849246e-16,0.3216540592531037,1.2506573727572958,-1.3877787807814457e-17,3.8659139750781937,8.283263548884655,-5.551115123125783e-17,0.7312376419628054,2.051371290489388,1.6653345369377348e-16,1.3437052698070264,4.182905828257232,0.04223671273356416,7.472645431352438,0.2673542445116619,7.782236388597664,8.537087473178262,-0.16431320974056346,0.0,0.3224317045491982,0.1581184948086347,1.0,0.00038073257533576265,0.0,4.242640687119285,0.43386407823936135,0.09411901919324533
651,79.02310088267906,0.19634954084936207,3.0357660829594124e-18,0.2195281784985154,0.7283577717899611,1.1449174941446927e-16,0.335480070018132,1.3271009326050023,5.551115123125783e-17,3.8739000710478786,8.245254668701682,-5.551115123125783e-17,0.7338261518571736,2.021396894822314,1.6653345369377348e-16,1.336843394635094,4.228744356963305,0.04259379171225558,7.503550880232379,0.2692504105747538,7.815395082519389,8.567176063774602,-0.1557245057824616,0.0,0.3208197500336354,0.16509524425117378,1.0,0.00038073257533576265,0.0,4.242640687119285,0.43386407823936135,0.09411901919324533
653,79.4157999643778,0.19634954084936207,1.951563910473908e-18,0.21572931525148964,0.5981243355394367,1.1102230246251565e-16,0.3558990838272971,1.2037170122947451,6.938893903907228e-17,3.890627610014463,7.984334296677359,-9.71445146547012e-17,0.7371661047334734,2.1050950217091815,1.942890293094024e-16,1.3210033242289245,4.350952681326937,0.04390876718071986,7.5684915999034255,0.2717069329839611,7.884107300068107,8.62697767436051,-0.15801369189251005,0.0,0.3227281132490405,0.16471442135653044,1.0,0.00038073257533576265,0.0,4.242640687119285,0.43386407823936135,0.09411901919324533
654,79.61214950522717,0.19634954084936207,2.8189256484623115e-18,0.21606841970343738,0.6113113985059866,1.1275702593849246e-16,0.3585902304153107,1.1130126352853147,6.938893903907228e-17,3.899584838639766,7.973129083227593,-4.163336342344337e-17,0.7362987664474735,2.1455110087842333,1.6653345369377348e-16,1.3151289388878127,4.449235290503167,0.04417949745900513,7.603380956874563,0.2710679367360356,7.918628391069604,8.656678641798688,-0.16341620625349912,0.0,0.32819031840904145,0.16477411215554233,1.0,0.00038073257533576265,0.0,4.242640687119285,0.43386407823936135,0.09411901919324533
655,79.80849904607653,0.19634954084936207,3.903127820947816e-18,0.2156792777213357,0.6150333016297107,1.0928757898653885e-16,0.35750546572473374,1.1028231607426906,3.469446951953614e-17,3.9087950431333627,7.994380905451824,-6.938893903907228e-17,0.733862136523264,2.1767893382171097,1.6653345369377348e-16,1.311780821723041,4.533978374568776,0.04404370172152675,7.639339344611972,0.2692768177112449,7.952659864044744,8.686544291300892,-0.16852979806480914,0.0,0.33497343809482655,0.1664436400300174,1.0,0.00038073257533576265,0.0,4.242640687119285,0.43386407823936135,0.09411901919324533
656,80.0048485869259,0.19634954084936207,1.951563910473908e-18,0.21356053387878807,0.6529381999296834,1.1449174941446927e-16,0.35495033997918835,1.1904976105514666,1.1102230246251565e-16,3.917978495861065,7.969219860229932,-5.551115123125783e-17,0.7308817863918682,2.198819381546108,1.6653345369377348e-16,1.310953429946834,4.605628849696709,0.043710138089309764,7.675277747014868,0.2670940928396842,7.986081977943862,8.717197772565676,-0.17414043699641052,0.0,0.3453187134644963,0.17117827646808575,1.0,0.00038073257533576265,0.0,4.242640687119285,0.43386407823936135,0.09411901919324533
658,80.39754766862464,0.19634954084936207,1.3010426069826053e-18,0.20984799466922158,0.6684337233901887,1.1449174941446927e-16,0.34908532481060744,1.3247966186329978,1.1102230246251565e-16,3.9352145486807366,7.854874543911557,-5.551115123125783e-17,0.7277511473298881,2.2605920284869074,1.6653345369377348e-16,1.315226382548271,4.6975911578197636,0.04361533148147764,7.7429567720742645,0.26481086621998423,8.051382969775727,8.783245354080485,-0.1826443982193611,0.0,0.36659027090203267,0.18394587268267157,1.0,0.00038073257533576265,0.0,4.242640687119285,0.43386407823936135,0.09411901919324533
659,80.59389720947401,0.19634954084936207,2.168404344971009e-18,0.21230757730005498,0.6334394012321427,1.1102230246251565e-16,0.34496149249394764,1.3165493384086822,6.245004513516506e-17,3.9429791426795617,7.90597389366145,-6.938893903907228e-17,0.7286563940713864,2.287383199647574,1.5265566588595902e-16,1.319032005203762,4.719682124499355,0.04420318797184118,7.773542259803026,0.2654700703105577,8.083215518085424,8.818443854698984,-0.19094167347877478,0.0,0.3864662456357398,0.195524572156965,1.0,0.00038073257533576265,0.0,4.242640687119285,0.43386407823936135,0.09411901919324533
660,80.79024675032338,0.19634954084936207,1.734723475976807e-18,0.21816587597812157,0.6054995927055021,1.1102230246251565e-16,0.33969276527292036,1.2627251455080324,9.71445146547012e-17,3.950149458486942,7.938488909775093,-5.551115123125783e-17,0.7309318862982411,2.2815642175096356,2.0816681711721685e-16,1.3226601482745086,4.770946034533083,0.04524275680763947,7.801840372192341,0.26713071120375237,8.114213840203734,8.853690615722542,-0.1963671288259043,0.0,0.39261814041759224,0.19625101159168795,1.0,0.00039102632296585495,0.0,4.242640687119285,0.5980411764275385,0.1788266243514171
662,81.18294583202211,0.19634954084936207,8.673617379884035e-19,0.23672349736759143,0.58590780249363,1.1709383462843448e-16,0.3265571958324147,1.0624181546581797,1.1102230246251565e-16,3.962706313118548,8.027777377410898,-5.551115123125783e-17,0.7365560231688515,2.3746307715026633,1.6653345369377348e-16,1.324901429601818,4.773792517537056,0.048312081846155555,7.8515206620147975,0.2712573876331569,8.17109013149411,8.91629574463072,-0.20899883353961907,0.0,0.38669553655366296,0.1776967030140439,1.0,0.00039102632296585495,0.0,4.242640687119285,0.5980411764275385,0.1788266243514171
663,81.37929537287148,0.19634954084936207,1.951563910473908e-18,0.24800175142718348,0.6404845254585632,1.1015494072452725e-16,0.31896113382341806,1.0434176684750063,6.938893903907228e-17,3.9686478837893713,8.011961299857408,-5.551115123125783e-17,0.7385818031057582,2.4351893455020766,1.6653345369377348e-16,1.322463896900402,4.74651217698826,0.050078439498572366,7.875083012752926,0.27275153993947643,8.197912992190975,8.9428704369538,-0.21529492722807425,0.0,0.369989402301391,0.15469447507331674,1.0,0.00039102632296585495,0.0,4.242640687119285,0.5980411764275385,0.1788266243514171
664,81.57564491372085,0.19634954084936207,3.903127820947816e-18,0.25891306471421605,0.7029973477683116,1.1275702593849246e-16,0.31105094295276386,1.0243283866232913,6.938893903907228e-17,3.9745563763525396,7.953666188506513,-5.551115123125783e-17,0.7394753850922658,2.481177474698616,1.8041124150158794e-16,1.3178422712302602,4.686806646446156,0.051749609380067986,7.898549194402314,0.27341192257867736,8.223710726361059,8.966033876936896,-0.21854140621435586,0.0,0.35626072738409986,0.137719321169744,1.0,0.00039102632296585495,0.0,4.242640687119285,0.5980411764275385,0.1788266243514171
665,81.77199445457022,0.19634954084936207,1.5178830414797062e-18,0.2675364884448022,0.7497390981092441,1.0928757898653885e-16,0.3035945694706659,1.0393374452369168,5.551115123125783e-17,3.9805273156818406,7.855922504330413,-5.551115123125783e-17,0.7390220435150798,2.5157019028240706,1.8041124150158794e-16,1.311798655146922,4.620198994476899,0.053090996275738565,7.922298855444639,0.2730767904006023,8.24846664212098,8.986163674665805,-0.22066979008464208,0.0,0.3430503394948853,0.1223805494102432,1.0,0.00039102632296585495,0.0,4.242640687119285,0.5980411764275385,0.1788266243514171
667,82.16469353626896,0.19634954084936207,1.0842021724855044e-18,0.27414079806837227,0.7723304466680925,1.1102230246251565e-16,0.2909185276234568,1.0346624332349654,1.1102230246251565e-16,3.992951849507502,7.87698610207077,-5.551115123125783e-17,0.7335697857148453,2.6118744565544705,1.6653345369377348e-16,1.298928017769357,4.399270796982601,0.05399830177924625,7.97183223624269,0.26906231525686203,8.2948928532788,9.019502947279143,-0.22126977092041517,0.0,0.32586464905847945,0.10459487813806428,1.0,0.00039102632296585495,0.0,4.242640687119285,0.5980411764275385,0.1788266243514171
668,82.36104307711832,0.19634954084936207,0.0,0.2730698789487661,0.7437467235159234,1.1188966420050406e-16,0.28490720992696605,0.9976051559120019,2.7755575615628914e-17,3.9995038057350762,8.004865509755852,-6.938893903907228e-17,0.7286392271739293,2.6648390827565502,1.8041124150158794e-16,1.2928937896772308,4.261367063839773,0.05350259386907072,7.998015346044678,0.2654575616883105,8.316975501602059,9.033758138164577,-0.21942135495407467,0.0,0.3113578869146141,0.09193653196053941,1.0,0.00039102632296585495,0.0,4.242640687119285,0.5980411764275385,0.1788266243514171
669,82.5573926179677,0.19634954084936207,4.336808689942018e-19,0.27009591458741794,0.6900241913744518,1.1102230246251565e-16,0.2797508574465139,0.9248723532935684,1.249000902703301e-16,4.006252418105331,8.085179676705664,-5.551115123125783e-17,0.7227205041143088,2.6864932946539373,1.6653345369377348e-16,1.2866920152940389,4.138315006159889,0.052602919779470195,8.025029218787404,0.26116246353362027,8.338794602100496,9.046962678033905,-0.21686774959938349,0.0,0.3031291956367402,0.08626144603735669,1.0,0.00039102632296585495,0.0,4.242640687119285,0.5980411764275385,0.1788266243514171
670,82.75374215881706,0.19634954084936207,4.336808689942018e-18,0.2653063844304223,0.6876441988288503,1.1449174941446927e-16,0.2773317339675467,0.897078234051507,3.469446951953614e-17,4.013085659246371,8.11729250230101,-5.551115123125783e-17,0.716482493153776,2.6758127961964653,1.6653345369377348e-16,1.2797623754855831,4.024777286714089,0.05153416178411072,8.052428254224436,0.2566735814979253,8.36063599750647,9.059513348185693,-0.21358391685383807,0.0,0.29621515472252513,0.08263123786868706,1.0,0.0004061734126433018,0.0,4.242640687119285,0.650002079401197,0.21125135161294
672,83.1464412405158,0.19634954084936207,2.168404344971009e-19,0.25109852507668323,0.6671162125736956,1.1102230246251565e-16,0.28286581530005567,0.9087124114717559,1.249000902703301e-16,4.025846577036385,8.356984628407243,-4.163336342344337e-17,0.7055893130494449,2.5752531501867955,1.6653345369377348e-16,1.264314792553407,3.805679061182116,0.04916943340150238,8.10372033091779,0.2489281393447938,8.401817903664087,9.08233885456961,-0.21489323259246562,0.0,0.2919898947100206,0.077096662117555,1.0,0.0004061734126433018,0.0,4.242640687119285,0.650002079401197,0.21125135161294
673,83.34279078136517,0.19634954084936207,2.168404344971009e-18,0.2436811708600522,0.6496246760456027,1.1102230246251565e-16,0.2869293226376375,1.0629298812887396,6.938893903907228e-17,4.031993481881961,8.426484013327832,-6.938893903907228e-17,0.7020474851725399,2.505879275095979,1.8041124150158794e-16,1.2584321222729218,3.740484043456912,0.047700252501364046,8.128485718969305,0.24643533571854379,8.422621307189214,9.096642522627207,-0.20703727785224246,0.0,0.29832857758964004,0.09129129973739758,1.0,0.0004061734126433018,0.0,4.242640687119285,0.650002079401197,0.21125135161294
674,83.53914032221454,0.19634954084936207,2.168404344971009e-19,0.23730195871763599,0.6490892541266913,1.1188966420050406e-16,0.28834775542636193,1.1271016183483216,-2.7755575615628914e-17,4.038082327021535,8.441015389177732,-6.938893903907228e-17,0.6998050229013807,2.4486812969270852,1.6653345369377348e-16,1.2556402817741426,3.708838601945523,0.04589953428660021,8.153054439901831,0.244863535039001,8.443817509227431,9.114371823914173,-0.20165912826708984,0.0,0.30984282455357265,0.1081836962864828,1.0,0.0004061734126433018,0.0,4.242640687119285,0.650002079401197,0.21125135161294
676,83.93183940391327,0.19634954084936207,3.0357660829594124e-18,0.22562524784327168,0.6972847353527677,1.1449174941446927e-16,0.2838714735840676,1.0779272683896597,1.249000902703301e-16,4.0510860984218695,8.400385889586099,-8.326672684688674e-17,0.6965661265754158,2.4223044853384597,1.6653345369377348e-16,1.259928874630105,3.7100417683074514,0.041631837926628966,8.205649288413463,0.24260218434613906,8.489883310686231,9.161089102696575,-0.19349534994276946,0.0,0.3294073294414633,0.13591197949869382,1.0,0.0004061734126433018,0.0,4.242640687119285,0.650002079401197,0.21125135161294
677,84.12818894476264,0.19634954084936207,1.5178830414797062e-18,0.21902079705764793,0.7150619050443711,1.1015494072452725e-16,0.2822179593693382,0.9578125273260415,-1.3877787807814457e-17,4.058480752178583,8.401490246105148,-6.938893903907228e-17,0.6939025608035162,2.413679924510116,1.3877787807814457e-16,1.2645986150087167,3.7381311022817574,0.039664201620960945,8.235633007902015,0.24075038194483872,8.516047591467814,9.18858458082478,-0.18531463922211888,0.0,0.34168796860040085,0.15637332937828197,1.0,0.0004061734126433018,0.0,4.242640687119285,0.650002079401197,0.21125135161294
678,84.32453848561201,0.19634954084936207,3.0357660829594124e-18,0.21289978798741135,0.7166516789769675,1.1275702593849246e-16,0.28334791881970645,0.8821482699728526,5.551115123125783e-17,4.066548426351328,8.436276416081204,-6.938893903907228e-17,0.6900429816653082,2.403727732652414,1.1102230246251565e-16,1.2684619352772994,3.774489949821263,0.03824241725314572,8.26840805193023,0.2380796582727744,8.54473012745615,9.21723861966573,-0.1799611912319325,0.0,0.34218578848078346,0.16222459724885097,1.0,0.0004061734126433018,0.0,4.242640687119285,0.650002079401197,0.21125135161294
679,84.52088802646138,0.19634954084936207,2.6020852139652106e-18,0.20932168455002947,0.7086447638360498,1.1015494072452725e-16,0.2871939102985143,0.9277327204282431,2.7755575615628914e-17,4.075129668957123,8.458999516938096,-6.938893903907228e-17,0.6853745404763548,2.3864254150944215,1.3877787807814457e-16,1.2699926039465421,3.8170032783236136,0.0376443275114091,8.303340909407297,0.2348691303665873,8.575854367285292,9.246201425453187,-0.1748096521963137,0.0,0.33867875874083786,0.16386910654452416,1.0,0.0004061734126433018,0.0,4.242640687119285,0.650002079401197,0.21125135161294
681,84.91358710816012,0.19634954084936207,3.0357660829594124e-18,0.21531050420059028,0.6436137383532329,1.1188966420050406e-16,0.29829737489737124,1.0298714846970431,6.938893903907228e-17,4.092988007685505,8.499107404582375,-5.551115123125783e-17,0.6767280322509083,2.4100127184999236,1.3877787807814457e-16,1.2641729566898738,3.8937607104784178,0.039296892680447656,8.376275415528678,0.2289804148170932,8.644552723026218,9.305029119238336,-0.16675206209706825,0.0,0.3327101365189754,0.16595807442190716,1.0,0.00040121617239719177,0.0,4.242640687119285,0.5250823827792154,0.1378557543525492
682,85.10993664900948,0.19634954084936207,2.8189256484623115e-18,0.22401370173214552,0.6041254221137736,1.1102230246251565e-16,0.3037308833063179,1.0361451348387272,-2.7755575615628914e-17,4.101926786530912,8.455414754795171,-5.551115123125783e-17,0.6739098728557946,2.4476660317666097,1.8041124150158794e-16,1.2576311399434799,3.915593883274359,0.04129340596611791,8.412901681029908,0.22707725836625658,8.68127234536228,9.335391346450534,-0.15970837212831654,0.0,0.3299666599697021,0.17025828784138555,1.0,0.00040121617239719177,0.0,4.242640687119285,0.5250823827792154,0.1378557543525492
683,85.30628618985885,0.19634954084936207,2.6020852139652106e-18,0.23415406106293077,0.6483169870038032,1.1188966420050406e-16,0.3089652333984402,1.0006493870215285,5.551115123125783e-17,4.110795600817201,8.376953237008511,-5.551115123125783e-17,0.6721206029110011,2.4776541018188287,1.5265566588595902e-16,1.249643094396632,3.916762446701997,0.04368490233937198,8.449320235849022,0.2258730524287238,8.718878190617119,9.366385366156603,-0.15630420843338977,0.0,0.3294387901833068,0.17313458174991703,1.0,0.00040121617239719177,0.0,4.242640687119285,0.5250823827792154,0.1378557543525492
684,85.50263573070822,0.19634954084936207,3.469446951953614e-18,0.24383971046428377,0.6771088158579657,1.1102230246251565e-16,0.3142784241752255,1.0195876037868512,1.6653345369377348e-16,4.119669000254736,8.352942986762258,-6.938893903907228e-17,0.6708360555148686,2.4923801205517324,1.8041124150158794e-16,1.2408392834227646,3.8908717271052815,0.04612676691276711,8.485836335829928,0.2250105066893739,8.75697360943207,9.397698290488425,-0.1534554046275427,0.0,0.32795995590754057,0.17450455127999787,1.0,0.00040121617239719177,0.0,4.242640687119285,0.5250823827792154,0.1378557543525492
686,85.89533481240696,0.19634954084936207,0.0,0.25766215737399323,0.6645664664754314,1.1058862159352145e-16,0.32486755067541456,0.9819437262975201,4.163336342344337e-17,4.137739264998113,8.40900132053508,-6.938893903907228e-17,0.6671153936884959,2.464094167586334,1.3877787807814457e-16,1.222132697884854,4.135052352907013,0.0499767402281169,8.560443112553564,0.2225214742480784,8.832941327029758,9.45873705071245,-0.15060311186395542,0.0,0.3208212301450057,0.17021811828105027,1.0,0.00040121617239719177,0.0,4.242640687119285,0.5250823827792154,0.1378557543525492
687,86.09168435325633,0.19634954084936207,1.3010426069826053e-18,0.26129612776215927,0.6748951267691441,1.1275702593849246e-16,0.3294223264343502,1.0040902901000737,1.249000902703301e-16,4.14692448249529,8.412860405327796,-6.245004513516506e-17,0.6637748674131786,2.484049530137225,1.6653345369377348e-16,1.2121047843873871,4.213273631226911,0.051019160428487344,8.598491331759414,0.2202985373046914,8.869809029492592,9.486791029047676,-0.14934323390757567,0.0,0.30687368239049395,0.15753044848291828,1.0,0.00040121617239719177,0.0,4.242640687119285,0.5250823827792154,0.1378557543525492
688,86.2880338941057,0.19634954084936207,2.6020852139652106e-18,0.26261925462967833,0.7135960643250108,1.1015494072452725e-16,0.33310617276530674,1.0197962998842736,5.551115123125783e-17,4.15611011239479,8.383125404276493,-5.551115123125783e-17,0.6591695207848639,2.492276838703098,1.5265566588595902e-16,1.2009774583603334,4.24287340706236,0.05141627047730786,8.636625633175118,0.21725222856587353,8.9052941322183,9.51198001176638,-0.14956508064770482,0.0,0.29263012565775537,0.14306504501005055,1.0,0.00040121617239719177,0.0,4.242640687119285,0.5250823827792154,0.1378557543525492
690,86.68073297580443,0.19634954084936207,1.3010426069826053e-18,0.2561816658491691,0.7087495579199798,1.1449174941446927e-16,0.3383103388746804,0.9741119729817322,-1.3877787807814457e-17,4.174335476756092,8.359146245413406,-6.938893903907228e-17,0.6455729828104981,2.4708105409996985,1.6653345369377348e-16,1.1741026379639217,4.157787374780648,0.05049211123916569,8.712538336252251,0.20838223806742184,8.971412685558839,9.551994514834195,-0.15141654656058076,0.0,0.26874446220930065,0.11732791564871989,1.0,0.0003841870450779339,0.0,4.242640687119285,0.44399811066530376,0.09856716113717967
691,86.8770825166538,0.19634954084936207,3.0357660829594124e-18,0.24736198155322747,0.6669739333879675,1.1405806854547507e-16,0.34049846967030756,0.955960039964048,6.938893903907228e-17,4.183658346312678,8.407235467691386,-9.020562075079397e-17,0.6366895955778011,2.447183047043162,1.8041124150158794e-16,1.1599466460420707,4.061710858814991,0.049264833732276594,8.751498579335864,0.20268682055851195,9.003450233626653,9.56941563403451,-0.14853218989368852,0.0,0.25284182274460354,0.10430963285091502,1.0,0.0003841870450779339,0.0,4.242640687119285,0.44399811066530376,0.09856716113717967
692,87.07343205750317,0.19634954084936207,2.8189256484623115e-18,0.23513324389432633,0.6087464778560997,1.1102230246251565e-16,0.34192853716198673,0.9720917508093716,5.551115123125783e-17,4.192961779861868,8.457703156099118,-6.245004513516506e-17,0.6267871104253314,2.417587190837447,1.8041124150158794e-16,1.1477060950677143,3.9458163199070313,0.04753092903347487,8.790464243691202,0.19643104089766827,9.034426213622345,9.586509160297021,-0.15214084629897254,0.0,0.25502630328399856,0.10288545698502602,1.0,0.0003841870450779339,0.0,4.242640687119285,0.44399811066530376,0.09856716113717967
693,87.26978159835254,0.19634954084936207,3.0357660829594124e-18,0.22102477308553173,0.562812558976004,1.1362438767648086e-16,0.341471933887237,1.0222662466757053,4.163336342344337e-17,4.202199294972807,8.495742495792939,-8.326672684688674e-17,0.6167194937816733,2.3826372325149885,1.6653345369377348e-16,1.1396185096836606,3.8269144843067737,0.045339200501926,8.829239457334982,0.19017146700516163,9.06475012484207,9.605578785702905,-0.15604537031902288,0.0,0.26893185113586054,0.11288648081683766,1.0,0.0003841870450779339,0.0,4.242640687119285,0.44399811066530376,0.09856716113717967
695,87.66248068005127,0.19634954084936207,1.3010426069826053e-18,0.19680031857002292,0.5434691673287677,1.1622647289044608e-16,0.3293930951498177,1.159762017823172,6.938893903907228e-17,4.219973678436375,8.623071094558506,-6.245004513516506e-17,0.6005337028327028,2.2924255935173545,1.6653345369377348e-16,1.1403311734636672,3.7675692283408395,0.04022191246529999,8.90408892334791,0.18032036411897845,9.124631199932189,9.656047464047882,-0.1620357509521044,0.0,0.30590639853727136,0.14387064758516696,1.0,0.0003841870450779339,0.0,4.242640687119285,0.44399811066530376,0.09856716113717967
696,87.85883022090064,0.19634954084936207,2.8189256484623115e-18,0.19059625985997844,0.5434858780268912,1.1449174941446927e-16,0.31698516316590275,1.1589097398992636,2.7755575615628914e-17,4.228207327834692,8.61438276498649,-5.551115123125783e-17,0.5964007380835529,2.2345691293326317,1.942890293094024e-16,1.1479654964180523,3.8023897959772395,0.037828021952117916,8.938868603577495,0.17784692019330328,9.154543545722916,9.688203156777135,-0.1676514841137573,0.0,0.3463002085974248,0.17864872448366748,1.0,0.0003841870450779339,0.0,4.242640687119285,0.44399811066530376,0.09856716113717967
697,88.05517976175001,0.19634954084936207,1.951563910473908e-18,0.18870275184999744,0.5806228540105851,1.1622647289044608e-16,0.30214006157632906,1.096943915158477,1.5265566588595902e-16,4.235913473227099,8.598052659279274,-6.245004513516506e-17,0.5954369529640391,2.1707204082840743,1.942890293094024e-16,1.157952721631354,3.7472224038544857,0.03595245223197829,8.971481476333432,0.17727258247754962,9.18470651104296,9.724009810014545,-0.1708150104479702,0.0,0.36778999894978415,0.19697498850181394,1.0,0.0003841870450779339,0.0,4.242640687119285,0.44399811066530376,0.09856716113717967
698,88.25152930259938,0.19634954084936207,2.8189256484623115e-18,0.1901141428303704,0.6016273381222673,1.1145598333150986e-16,0.28740989414278123,0.974918016672391,9.71445146547012e-17,4.243203300967861,8.615551623635843,-5.551115123125783e-17,0.5971001542204671,2.1273032316316085,1.3877787807814457e-16,1.1681116698976637,3.6565175055723853,0.034835433702730095,9.002387126672275,0.17826429708505281,9.215486857460057,9.76216207034991,-0.17330870863460857,0.0,0.38204869601149244,0.20873998737688387,1.0,0.0003841870450779339,0.0,4.242640687119285,0.44399811066530376,0.09856716113717967
700,88.64422838429812,0.19634954084936207,8.673617379884035e-19,0.20043973273516336,0.5964674862491661,1.1362438767648086e-16,0.2653893964405142,0.865710179080866,4.163336342344337e-17,4.257505265074347,8.551453972502943,-6.938893903907228e-17,0.603611246121835,2.0116903376840285,1.6653345369377348e-16,1.183179296750931,3.831277194284068,0.03509871831150941,9.063175541067892,0.18217326822237725,9.280447527601778,9.840597372854361,-0.17531724497645623,0.0,0.3893552608724766,0.2140380158960204,1.0,0.00038460252572726077,0.0,4.242640687119285,0.530971312832166,0.14096526752535699
701,88.84057792514749,0.19634954084936207,8.673617379884035e-19,0.20892880503543226,0.6173543881552779,1.1362438767648086e-16,0.25839018579097184,0.8363028325124233,5.551115123125783e-17,4.264937225972614,8.481680160128146,-6.938893903907228e-17,0.6063039555484321,1.9580132916328663,1.3877787807814457e-16,1.1871929839720665,3.938883058905863,0.03618364099197412,9.094844770743485,0.1838022432568375,9.314830654992296,9.879178237171109,-0.17554022810582587,0.0,0.38617969892010073,0.21063947081427487,1.0,0.00038460252572726077,0.0,4.242640687119285,0.530971312832166,0.14096526752535699
702,89.03692746599685,0.19634954084936207,4.336808689942018e-18,0.21851227412905805,0.6469376083448389,1.1492543028346347e-16,0.25320022112549684,0.778009513129767,1.3877787807814457e-16,4.272647475889288,8.411802000193079,-7.632783294297951e-17,0.608031140262983,1.9637388750781795,1.5265566588595902e-16,1.189194442039414,4.043315390349983,0.037544075312400796,9.127758226611551,0.18485093376475165,9.350153235688703,9.916833693117363,-0.17424320766598894,0.0,0.3799519985786801,0.20570879091269118,1.0,0.00038460252572726077,0.0,4.242640687119285,0.530971312832166,0.14096526752535699
704,89.42962654769559,0.19634954084936207,1.3010426069826053e-18,0.23485004934741321,0.6710163023071153,1.1340754724198376e-16,0.24703918069566816,0.7309673593607264,2.7755575615628914e-17,4.288531179600932,8.238042784809734,-9.020562075079397e-17,0.6097242950490607,2.0918312147002855,1.3877787807814457e-16,1.1890343496511733,4.199419584713178,0.04007723390910755,9.195749839204678,0.18588185798653695,9.421708931100323,9.989317513942462,-0.170717854095305,0.0,0.368841519394811,0.19812366529950604,1.0,0.00038460252572726077,0.0,4.242640687119285,0.530971312832166,0.14096526752535699
705,89.62597608854496,0.19634954084936207,1.5178830414797062e-18,0.23961863851715823,0.69189441880498,1.1232334506949826e-16,0.24605333801701226,0.7925951563974291,1.1102230246251565e-16,4.296489092728644,8.114363315131788,-7.979727989493313e-17,0.6105706796761099,2.1395699480375385,1.3877787807814457e-16,1.1875486643732864,4.234396153114677,0.0409364450861891,9.229909261968105,0.18639827744007348,9.457243984494367,10.02441565610323,-0.16619196707752637,0.0,0.3581017802733894,0.19190981319586303,1.0,0.00038460252572726077,0.0,4.242640687119285,0.530971312832166,0.14096526752535699
706,89.82232562939433,0.19634954084936207,2.6020852139652106e-18,0.241852055764134,0.7270819279850078,1.1460016963171782e-16,0.24671728824924208,0.9155409724382615,2.7755575615628914e-17,4.30441215805756,8.073679786252862,-6.245004513516506e-17,0.6116719258699213,2.1607094180086692,1.8041124150158794e-16,1.185155080121907,4.244517610099951,0.041467214905759074,9.26398201321687,0.18707127244870925,9.492520500571338,10.058831765283513,-0.1629777263692339,0.0,0.351170367393065,0.1881926410238311,1.0,0.00038460252572726077,0.0,4.242640687119285,0.530971312832166,0.14096526752535699
707,90.0186751702437,0.19634954084936207,1.951563910473908e-18,0.24176156602404011,0.7430326938660968,1.115644035487584e-16,0.24926995293318344,0.982980603865672,1.1102230246251565e-16,4.312356018575148,8.079801774700458,-9.020562075079397e-17,0.6128552414126036,2.146864029267593,1.5265566588595902e-16,1.1814789768485943,4.247416121602771,0.04173369389962353,9.298207215470649,0.18779577346345033,9.527736682833723,10.092423450935676,-0.15995243454009905,0.0,0.34377852385102703,0.18382608931092798,1.0,0.00038460252572726077,0.0,4.242640687119285,0.530971312832166,0.14096526752535699
709,90.41137425194243,0.19634954084936207,3.0357660829594124e-18,0.23703678062623632,0.72241411051987,1.1405806854547507e-16,0.2577491197142516,0.9953591814407691,8.326672684688674e-17,4.32854595881517,8.074438338490365,-6.245004513516506e-17,0.614703670705376,2.003528795694878,1.8041124150158794e-16,1.1686565950278707,4.145969095758598,0.0419311554059923,9.368155058787565,0.1889303013893317,9.599016515582889,10.156701540989799,-0.15618900542582262,0.0,0.33256458052499155,0.17637557509916893,1.0,0.00038460252572726077,0.0,4.242640687119285,0.530971312832166,0.14096526752535699
710,90.6077237927918,0.19634954084936207,2.3852447794681098e-18,0.23469720510955375,0.7140177889328068,1.1254018550399536e-16,0.2606279956183499,0.9875015283765336,-1.3877787807814457e-17,4.3367781064824955,8.113662355148119,-6.245004513516506e-17,0.6155113928716601,1.882147453761347,1.5265566588595902e-16,1.159681726821519,4.04362966770542,0.04201108502680734,9.403822172432948,0.18942713737740552,9.635260394837161,10.187800193245979,-0.15319955437215094,0.0,0.3241827023540568,0.17098314798190584,1.0,0.000369591039808346,0.0,4.242640687119285,0.4332513295034171,0.09385335725823926
711,90.80407333364117,0.19634954084936207,3.0357660829594124e-18,0.2336911645027741,0.713411515839103,1.1514227071796057e-16,0.26104984192437136,0.9756572573137388,1.6653345369377348e-16,4.345256077505414,8.115947610390663,-5.204170427930421e-17,0.616604632278804,1.8103685020418567,1.6653345369377348e-16,1.1501014243490002,3.9135162687006817,0.04204275193683604,9.440625189548866,0.19010063627383958,9.672768577759543,10.220007201331573,-0.1457583378036703,0.0,0.32167257321186793,0.17591423540819762,1.0,0.000369591039808346,0.0,4.242640687119285,0.4332513295034171,0.09385335725823926
712,91.00042287449054,0.19634954084936207,8.673617379884035e-19,0.23368897655694826,0.7128197100704381,1.1579279202145187e-16,0.2593226026308782,0.9317975686708255,2.7755575615628914e-17,4.353715347922006,8.085365062595276,-5.898059818321144e-17,0.6177875064054451,1.9082104869241543,1.6653345369377348e-16,1.1407277315589033,3.878962085331441,0.04189481497521856,9.477418665365818,0.19083070153532888,9.710144181876366,10.252315017949527,-0.14436951926582403,0.0,0.320420589493659,0.17605107022783495,1.0,0.000369591039808346,0.0,4.242640687119285,0.4332513295034171,0.09385335725823926
714,91.39312195618928,0.19634954084936207,4.553649124439119e-18,0.23141333219281582,0.697053533331228,1.1839487723541708e-16,0.25620759276141813,0.8410456762700727,5.551115123125783e-17,4.3708000916769025,8.134772434079933,-6.591949208711867e-17,0.6185351311698708,2.107576304603759,1.6653345369377348e-16,1.1249156398808542,3.7719863702859397,0.04065024336196442,9.551946720701409,0.19129285424566458,9.783889818309039,10.31685017570381,-0.141637564167026,0.0,0.31702371343910113,0.17538614927207513,1.0,0.000369591039808346,0.0,4.242640687119285,0.4332513295034171,0.09385335725823926
715,91.58947149703864,0.19634954084936207,1.734723475976807e-18,0.22764612768243359,0.6956098596575868,1.1535911115245767e-16,0.2573419311771734,0.9086210586147833,8.326672684688674e-17,4.379594357013321,8.214959513589164,-7.632783294297951e-17,0.617065604146517,2.1653606356553254,1.5265566588595902e-16,1.1185371655690641,3.708781086120017,0.03959967894080289,9.59042336599146,0.19038497991035297,9.820408024842617,10.348596860257976,-0.13846417393888982,0.0,0.31102440238590334,0.17256022844701352,1.0,0.000369591039808346,0.0,4.242640687119285,0.4332513295034171,0.09385335725823926
716,91.78582103788801,0.19634954084936207,8.673617379884035e-19,0.22303001409830836,0.685019480747144,1.1319070680748666e-16,0.2600564857565615,0.9251639481577787,1.5265566588595902e-16,4.388618707193589,8.263693147165487,-6.245004513516506e-17,0.6141906152823999,2.1893083016113235,1.5265566588595902e-16,1.112655490356469,3.636373636944852,0.03852525250730251,9.629987078564762,0.18861505595048647,9.857127387022551,10.380003047832545,-0.13647494555063822,0.0,0.30725816499979075,0.17078321944915253,1.0,0.000369591039808346,0.0,4.242640687119285,0.4332513295034171,0.09385335725823926
718,92.17852011958675,0.19634954084936207,2.3852447794681098e-18,0.21776827870060797,0.6668673210193632,1.1470858984896637e-16,0.2667561048248944,0.957894135107171,1.3877787807814457e-16,4.407098341772396,8.288151764593811,-6.591949208711867e-17,0.6066133808464129,2.134810445237198,1.8041124150158794e-16,1.1005025044467975,3.411281846575638,0.03755726877127907,9.711257897026496,0.18398989691095763,9.932805062708733,10.443793515438983,-0.13461099002431914,0.0,0.3076154397512041,0.17300444972688495,1.0,0.000369591039808346,0.0,4.242640687119285,0.4332513295034171,0.09385335725823926
719,92.37486966043612,0.19634954084936207,1.734723475976807e-18,0.21971695686955123,0.6680443513946217,1.1535911115245767e-16,0.26988247222799605,0.9742059656863757,6.938893903907228e-17,4.4162413045318365,8.36344843462688,-7.979727989493313e-17,0.6039026865150052,2.0743233640367973,1.6653345369377348e-16,1.0940853367547552,3.258912752716464,0.038112834977200846,9.751593629926528,0.18234922739002035,9.972055692293749,10.477601055191245,-0.13445009639076475,0.0,0.31669583042152116,0.18224573403075642,1.0,0.000369591039808346,0.0,4.242640687119285,0.4332513295034171,0.09385335725823926
720,92.57121920128549,0.19634954084936207,2.6020852139652106e-18,0.22509230966634727,0.6722485934295712,1.1535911115245767e-16,0.27283063331729723,1.0000545243573535,1.3877787807814457e-17,4.4250947232616875,8.39010961791599,-6.591949208711867e-17,0.6030705938933518,2.026288489729221,1.942890293094024e-16,1.0881762976995075,3.1358991612357014,0.03936441820758042,9.790731654919217,0.18184707060944,10.011943143736236,10.51350468116193,-0.13565533408750405,0.0,0.32816100483813326,0.19250567075062922,1.0,0.0003518322247729405,0.0,4.242640687119285,0.3971674057090492,0.07887097407882825
721,92.76756874213486,0.19634954084936207,2.6020852139652106e-18,0.232825355724052,0.6761900950157858,1.1666015375944028e-16,0.2757860141282851,0.9925951356259919,6.938893903907228e-17,4.433834611995645,8.385331304549348,-6.591949208711867e-17,0.6044386313308301,2.021053231303083,1.942890293094024e-16,1.08388979895291,3.1401645239929734,0.04110037097784709,9.829444683265288,0.18267302952254352,10.05321808376568,10.55309172928225,-0.13145801098132365,0.0,0.3419000370452999,0.21044202606397627,1.0,0.0003518322247729405,0.0,4.242640687119285,0.3971674057090492,0.07887097407882825
723,93.16026782383359,0.19634954084936207,1.3010426069826053e-18,0.24797948555971278,0.6928493183796506,1.1319070680748666e-16,0.2803975237004424,0.9226823987546527,1.3877787807814457e-17,4.450426865666085,8.399357129783604,-6.245004513516506e-17,0.6112643746250034,2.0713049648265636,1.6653345369377348e-16,1.0829233684743458,3.2039901394603114,0.04476780543901899,9.903149643321226,0.18682206784284827,10.134739516603094,10.638196800382653,-0.13668865009002132,0.0,0.361752071414426,0.22506342132440468,1.0,0.0003518322247729405,0.0,4.242640687119285,0.3971674057090492,0.07887097407882825
724,93.35661736468296,0.19634954084936207,0.0,0.2526054577617888,0.7422619557935853,1.1362438767648086e-16,0.28103680672814774,1.001106811911902,-4.163336342344337e-17,4.458497565385651,8.38397587636296,-6.245004513516506e-17,0.6151021651539368,2.0681834748140164,1.3877787807814457e-16,1.086589738440571,3.2055681775962928,0.0461820348777381,9.939100270274889,0.1891753367885304,10.174457641941157,10.682415838844461,-0.14267962295391592,0.0,0.376025168974734,0.23334554602081806,1.0,0.0003518322247729405,0.0,4.242640687119285,0.3971674057090492,0.07887097407882825
725,93.55296690553233,0.19634954084936207,2.168404344971009e-18,0.2550272476974721,0.7962885525147583,1.1232334506949826e-16,0.2798669590077875,1.0252715410023825,2.220446049250313e-16,4.466506264505814,8.345764458271558,-6.245004513516506e-17,0.6184360298181296,2.0442801695876485,1.942890293094024e-16,1.09223565512671,3.207779881732781,0.047143222177205256,9.974839105434835,0.19123156148860523,10.213213889100645,10.726549706698373,-0.14673870263990724,0.0,0.3797510048509784,0.23301230221107117,1.0,0.0003518322247729405,0.0,4.242640687119285,0.3971674057090492,0.07887097407882825
727,93.94566598723107,0.19634954084936207,1.734723475976807e-18,0.25593971223089296,0.8008986848447925,1.1362438767648086e-16,0.27304279524858277,0.9315378132510755,6.938893903907228e-17,4.482288169044279,8.207377565126826,-6.245004513516506e-17,0.6231780157658908,1.9566724271219456,1.6653345369377348e-16,1.1046238621239153,3.4525654964580523,0.04782549549797693,10.045453615177152,0.19417541966695648,10.287454530342085,10.811082296737903,-0.15203266659113684,0.0,0.3759284718110689,0.22389580521993208,1.0,0.0003518322247729405,0.0,4.242640687119285,0.3971674057090492,0.07887097407882825
728,94.14201552808044,0.19634954084936207,1.734723475976807e-18,0.25504675361717144,0.7374101477272924,1.1362438767648086e-16,0.26921239639589045,0.8877268448227437,-1.3877787807814457e-17,4.490018937179096,8.205179480589184,-6.938893903907228e-17,0.6247152552754979,1.8973639500721091,1.942890293094024e-16,1.109199864076651,3.5270311200036772,0.0476817878307403,10.080135028113446,0.19513457508696522,10.322951391031152,10.850273537504389,-0.15588474808919822,0.0,0.3646166419053142,0.20873189381611595,1.0,0.0003518322247729405,0.0,4.242640687119285,0.3971674057090492,0.07887097407882825
729,94.3383650689298,0.19634954084936207,4.336808689942018e-19,0.25294293632018,0.6772525669639434,1.1275702593849246e-16,0.2660365410931456,0.7960902183542875,4.163336342344337e-17,4.4976781771018715,8.170693799739299,-7.632783294297951e-17,0.6256092872624777,1.8298648421098511,1.942890293094024e-16,1.1122352984979913,3.5618084948065216,0.04720643437814367,10.114554492389207,0.1956934901545326,10.357454416921883,10.887156094067139,-0.15724921628181807,0.0,0.3545499755054168,0.19730075922359872,1.0,0.0003518322247729405,0.0,4.242640687119285,0.3971674057090492,0.07887097407882825
730,94.53471460977917,0.19634954084936207,3.686287386450715e-18,0.24937095510271495,0.7028414575666353,1.1622647289044608e-16,0.2631240776519434,0.7949172156207305,1.5265566588595902e-16,4.505344566878914,8.103753046145338,-8.326672684688674e-17,0.6256035211967989,1.8250549984012894,1.3877787807814457e-16,1.1142935584937719,3.556035737054918,0.04628812715557683,10.14906483315267,0.19568988286691677,10.391042843175164,10.921978262357273,-0.15772920169340338,0.0,0.34480090384437595,0.18707170215097257,1.0,0.0003586665093514435,0.0,4.242640687119285,0.5324672917499197,0.14176070839174704
732,94.92741369147791,0.19634954084936207,1.734723475976807e-18,0.23849637522191103,0.7172019572068555,1.1796119636642288e-16,0.25351922751867945,0.72465123605405,6.938893903907228e-17,4.520707450239092,8.14528823767865,-8.326672684688674e-17,0.6223400731152836,1.819663290215423,1.3877787807814457e-16,1.118790370097273,3.487614844263623,0.04273735483885994,10.21839792532362,0.19365358330256827,10.454788863465048,10.986399257667662,-0.15982007731653025,0.0,0.333868607788954,0.17404853047242375,1.0,0.0003586665093514435,0.0,4.242640687119285,0.5324672917499197,0.14176070839174704
733,95.12376323232728,0.19634954084936207,2.3852447794681098e-18,0.23235982726188786,0.6874285223885519,1.1449174941446927e-16,0.24531453124144378,0.7112128572014564,-1.3877787807814457e-17,4.528489576365295,8.225095552061491,-6.245004513516506e-17,0.6196942199580112,1.856793924463982,1.6653345369377348e-16,1.1219802250592859,3.456508776309261,0.04023030469730396,10.253608921624561,0.19201046312468395,10.485849689446548,11.017746851435735,-0.1576058062854502,0.0,0.32700859251922954,0.16940278623377933,1.0,0.0003586665093514435,0.0,4.242640687119285,0.5324672917499197,0.14176070839174704
734,95.32011277317665,0.19634954084936207,2.2768245622195593e-18,0.22692086029462918,0.6758742698499283,1.1275702593849246e-16,0.23517814663790326,0.7583527481907012,1.3877787807814457e-17,4.536250393413561,8.297310401176162,-5.551115123125783e-17,0.6171061146062679,1.9000184618111198,1.6653345369377348e-16,1.1249521857045715,3.6457443154663336,0.0375920041002337,10.28878381587234,0.19040997834222212,10.516785798314796,11.048885480089822,-0.15539202175203,0.0,0.3233754362135157,0.1679834144614857,1.0,0.0003586665093514435,0.0,4.242640687119285,0.5324672917499197,0.14176070839174704
735,95.51646231402601,0.19634954084936207,8.673617379884035e-19,0.22305543724908983,0.6497221884478364,1.1275702593849246e-16,0.22450626824466008,0.7932981746678192,1.1102230246251565e-16,4.543960786475098,8.346672278080021,-6.938893903907228e-17,0.614956257490248,1.9295732551721325,1.942890293094024e-16,1.1261782022742954,3.830424852515399,0.03522508202612811,10.323789814511695,0.18908559931320607,10.54810049585103,11.07962097784923,-0.1525424820042091,0.0,0.3180966308361516,0.16555414883194247,1.0,0.0003586665093514435,0.0,4.242640687119285,0.5324672917499197,0.14176070839174704
737,95.90916139572475,0.19634954084936207,9.75781955236954e-19,0.22122020278779547,0.6549392044478792,1.1362438767648086e-16,0.20960258713059637,0.7795326516170733,4.163336342344337e-17,4.559483416608397,8.391455594678595,-2.0816681711721685e-17,0.6112974232402332,1.9520012238218833,1.8041124150158794e-16,1.1167433662529211,4.069760249058402,0.03268074265753422,10.394444513163489,0.1868422698300744,10.613967525651098,11.137531046920044,-0.14704778943050428,0.0,0.3032180707534406,0.1561702813229363,1.0,0.0003586665093514435,0.0,4.242640687119285,0.5324672917499197,0.14176070839174704
738,96.10551093657412,0.19634954084936207,1.951563910473908e-18,0.22236250697074803,0.692224223159733,1.1535911115245767e-16,0.2085228988166236,0.7443391701365227,-4.163336342344337e-17,4.5675425380462045,8.397385298415985,-6.938893903907228e-17,0.6085774217265606,1.9482518882168653,1.5265566588595902e-16,1.1042713646565563,4.094781094700898,0.03275155364991183,10.431222418430782,0.18518323911767398,10.649157211198366,11.163582566952165,-0.14065365628068865,0.0,0.28206889139771857,0.1414152351170299,1.0,0.0003586665093514435,0.0,4.242640687119285,0.5324672917499197,0.14176070839174704
739,96.30186047742349,0.19634954084936207,2.8189256484623115e-18,0.22385966501757806,0.7039873704699926,1.1188966420050406e-16,0.21184120634843112,0.6776605101698201,6.938893903907228e-17,4.575953537834793,8.405730432221356,-7.632783294297951e-17,0.6044330195376021,1.935899819287513,1.6653345369377348e-16,1.087286496787856,4.044374877115533,0.0335167568931964,10.469675390211377,0.18266963755367166,10.685861784658243,11.187723242258164,-0.13606212847451857,0.0,0.26785871876171785,0.13179659028719928,1.0,0.0003586665093514435,0.0,4.242640687119285,0.5324672917499197,0.14176070839174704
741,96.69455955912223,0.19634954084936207,1.0842021724855044e-18,0.22592806073601474,0.675169029627533,1.1102230246251565e-16,0.22579875051105355,0.7339415353256324,6.938893903907228e-17,4.593964755659872,8.397269943587506,-5.551115123125783e-17,0.5918255882695497,1.8823318487848584,1.942890293094024e-16,1.0480072961561584,3.707822373233739,0.035755010473803014,10.552256088122533,0.17512876346529926,10.763139862061635,11.234814834582,-0.1281759860181834,0.0,0.2567632021492266,0.1285872161310432,1.0,0.00035366112210129757,0.0,4.242640687119285,0.4595730582327282,0.10560369792669129
742,96.8909090999716,0.19634954084936207,1.734723475976807e-18,0.22608551698740476,0.6575355755667781,1.1709383462843448e-16,0.23297748200268728,0.7655963786475601,1.1102230246251565e-16,4.603383296733638,8.521563669284633,-7.632783294297951e-17,0.5846588442011011,1.837454850897895,1.942890293094024e-16,1.0306074547078925,3.50187602121114,0.03658268910472825,10.595568888323125,0.1709129820512837,10.803064559479138,11.260758507469284,-0.120511479782207,0.0,0.2606830621887305,0.1401715824065235,1.0,0.00035366112210129757,0.0,4.242640687119285,0.4595730582327282,0.10560369792669129
743,97.08725864082096,0.19634954084936207,3.0357660829594124e-18,0.22555298495218062,0.6466090731670797,1.1449174941446927e-16,0.23849260345554388,0.7436342703610438,9.71445146547012e-17,4.612862656080182,8.64659728178622,-6.938893903907228e-17,0.5782215579259022,1.778634734922242,1.942890293094024e-16,1.017218999112405,3.3249155448870207,0.036945601057557245,10.639250941929557,0.16717008502512876,10.843366628012243,11.289915025919289,-0.11616828426969955,0.0,0.2720900778705939,0.15592179360089437,1.0,0.00035366112210129757,0.0,4.242640687119285,0.4595730582327282,0.10560369792669129
744,97.28360818167033,0.19634954084936207,2.8189256484623115e-18,0.22428332935253614,0.6300619443308826,1.1102230246251565e-16,0.24172815537217845,0.7401993966732707,9.71445146547012e-17,4.62229147786906,8.757069942491148,-9.71445146547012e-17,0.5732653542166396,1.7063190719066734,1.6653345369377348e-16,1.0085250617130832,3.120240325224414,0.036786222547454214,10.682789253190464,0.16431658317256465,10.883892058910481,11.322831798110961,-0.1120196910294653,0.0,0.2864428042369256,0.1744231132074603,1.0,0.00035366112210129757,0.0,4.242640687119285,0.4595730582327282,0.10560369792669129
746,97.67630726336907,0.19634954084936207,4.336808689942018e-19,0.21936322960968013,0.5739289749836811,1.1449174941446927e-16,0.24288258438548146,0.8910759926856793,5.551115123125783e-17,4.640925346428758,8.880867074719351,-5.551115123125783e-17,0.5682424589624175,1.591543167361585,1.942890293094024e-16,1.0025908996770194,2.964753952248596,0.035174395165658776,10.769094035562443,0.1614497460838274,10.965718176811928,11.398568821166851,-0.10627332074091701,0.0,0.30517344925989354,0.19890012851897654,1.0,0.00035366112210129757,0.0,4.242640687119285,0.4595730582327282,0.10560369792669129
747,97.87265680421844,0.19634954084936207,3.469446951953614e-18,0.215628103022878,0.5831527489435471,1.1188966420050406e-16,0.24325135504186976,0.9287864161863459,-1.3877787807814457e-17,4.650233987427484,8.907206557534776,-9.71445146547012e-17,0.5674396199627626,1.5515978961499968,1.942890293094024e-16,1.0024001199509784,2.944273698879101,0.034029653056814206,10.812338068912858,0.16099386115174222,11.007361583121414,11.439653064402146,-0.10103877270264748,0.0,0.31601913355142053,0.21498036084877303,1.0,0.00035366112210129757,0.0,4.242640687119285,0.4595730582327282,0.10560369792669129
748,98.0690063450678,0.19634954084936207,1.3010426069826053e-18,0.21104729382513632,0.582039560722475,1.1275702593849246e-16,0.24527619777128917,0.9204914407048099,2.7755575615628914e-17,4.659615771179877,8.914693596092848,-6.938893903907228e-17,0.5672271156046609,1.5516944865134397,1.3877787807814457e-16,1.0022302687414895,2.9141912440570543,0.0328900493790326,10.856009567514118,0.16087330033859165,11.049772917231742,11.481851905697376,-0.09797439793148013,0.0,0.3187244451265602,0.22075004719508004,1.0,0.00035366112210129757,0.0,4.242640687119285,0.4595730582327282,0.10560369792669129
749,98.26535588591717,0.19634954084936207,3.0357660829594124e-18,0.20575686382700364,0.5650665512489632,1.1622647289044608e-16,0.2494937298318947,0.8687844587576459,4.163336342344337e-17,4.669087065439517,8.900614149168941,-8.326672684688674e-17,0.5675144234189298,1.628859739570766,1.3877787807814457e-16,1.001682226830817,2.8999886833559154,0.03187849639311183,10.900187012327297,0.16103631039426014,11.09310181911467,11.525047296067092,-0.09539111342319447,0.0,0.32140925299086387,0.22601813956766942,1.0,0.00035366112210129757,0.0,4.242640687119285,0.4595730582327282,0.10560369792669129
751,98.65805496761591,0.19634954084936207,2.168404344971009e-18,0.1946443015607471,0.5007696145054417,1.1275702593849246e-16,0.2619744352643911,0.8672155687713865,9.71445146547012e-17,4.688540592979562,8.779443530894241,-7.632783294297951e-17,0.5706601519482574,1.7761094701974285,1.6653345369377348e-16,1.0029240717566574,2.884890482279399,0.030420712517181286,10.991206446008572,0.16282650451080408,11.184453663036557,11.61886147484878,-0.08864309784223866,0.0,0.33353043056767556,0.2448873327254369,1.0,0.00031947267893269094,0.0,4.242640687119285,0.29241564064948616,0.04275345344822472
752,98.85440450846528,0.19634954084936207,3.2526065174565133e-18,0.19037312320521665,0.5221433505089914,1.1275702593849246e-16,0.26716650923591523,0.9228112471544201,1.249000902703301e-16,4.6984960145538235,8.65781038116948,-8.326672684688674e-17,0.5739377783814671,1.8337371632259265,1.6653345369377348e-16,1.0076143063094096,2.887974167889387,0.02995416750275072,11.037932399389081,0.16470228672672707,11.23258885361856,11.671418519720717,-0.08433155508565497,0.0,0.35775880173623437,0.2734272466505794,1.0,0.00031947267893269094,0.0,4.242640687119285,0.29241564064948616,0.04275345344822472
753,99.05075404931465,0.19634954084936207,1.734723475976807e-18,0.18827200583795617,0.5360701364496996,1.1622647289044608e-16,0.2695558522583603,0.9605346677563894,1.3877787807814457e-17,4.708538372009058,8.554459721060528,-6.938893903907228e-17,0.5782480493141938,1.8697913805280342,1.6653345369377348e-16,1.016411726848684,2.9381705170151076,0.02964737430564504,11.085166800340854,0.1671854032678351,11.281999577914334,11.728120036770562,-0.08572180028494951,0.0,0.3801243526218928,0.2944025523369433,1.0,0.00031947267893269094,0.0,4.242640687119285,0.29241564064948616,0.04275345344822472
755,99.44345313101338,0.19634954084936207,1.734723475976807e-18,0.19172469989385438,0.5324852788663157,1.0928757898653885e-16,0.2657197635953629,0.9289536629166693,2.220446049250313e-16,4.728896575423204,8.582537937187563,-6.938893903907228e-17,0.5893139530495677,1.867388363473543,1.6653345369377348e-16,1.0446758992744365,3.123691961195265,0.0297384706898636,11.181231410524656,0.17364546762945401,11.384615348843974,11.852924704795138,-0.08933171415889199,0.0,0.41263932156291794,0.323307607404026,1.0,0.00031947267893269094,0.0,4.242640687119285,0.29241564064948616,0.04275345344822472
756,99.63980267186275,0.19634954084936207,1.4094628242311558e-18,0.1960275913918172,0.5803157104808183,1.1275702593849246e-16,0.26239586117879476,0.9402299991795979,1.1102230246251565e-16,4.7390323163224775,8.571729406657532,-8.326672684688674e-17,0.5961034317822138,1.8271700119802665,1.6653345369377348e-16,1.0609831750671113,3.2297466554699783,0.030341882465090432,11.229213647574392,0.17766965069126622,11.43722518073075,11.918829861821397,-0.0940163265724451,0.0,0.4354372070147746,0.34142088044232954,1.0,0.00031947267893269094,0.0,4.242640687119285,0.29241564064948616,0.04275345344822472
757,99.83615221271212,0.19634954084936207,1.3010426069826053e-18,0.20113677866009638,0.6249992807423329,1.1449174941446927e-16,0.2603771903398105,0.9512285269411151,1.1102230246251565e-16,4.748929732384327,8.529112434138563,-5.551115123125783e-17,0.6039894768021277,1.8053885711853659,1.5265566588595902e-16,1.076286952952976,3.292678400932345,0.031425739736820925,11.276166801561935,0.18240164404385395,11.48999418534261,11.985162102762603,-0.0975003981663276,0.0,0.44160714671850154,0.34410674855217394,1.0,0.00031947267893269094,0.0,4.242640687119285,0.29241564064948616,0.04275345344822472
758,100.03250175356149,0.19634954084936207,1.734723475976807e-18,0.20709435393379405,0.6431710888434113,1.1188966420050406e-16,0.2598844261202508,0.9103979878952664,5.551115123125783e-17,4.758460699363706,8.461090515957807,-6.938893903907228e-17,0.6130470431063798,1.788018625026143,1.6653345369377348e-16,1.089405750570598,3.310039957936957,0.03296810321758743,11.321474113694462,0.18791333853073774,11.542355555442787,12.050706214105125,-0.10103223272229367,0.0,0.4417313120480297,0.340699079325736,1.0,0.00031947267893269094,0.0,4.242640687119285,0.29241564064948616,0.04275345344822472
760,100.42520083526023,0.19634954084936207,6.505213034913027e-19,0.22228479223350886,0.6216819468917824,1.1275702593849246e-16,0.2589534387596785,0.830975879433929,5.551115123125783e-17,4.776404249132159,8.380705844355534,-7.632783294297951e-17,0.6330760001278907,1.8894346977947123,1.8041124150158794e-16,1.1076950744873015,3.2552306352324623,0.03683043960088514,11.407018775563873,0.2003926109689645,11.644241826133724,12.175921299174412,-0.10618248795280695,0.0,0.4326378261747672,0.32645533822196027,1.0,0.00031830499709978267,0.0,4.242640687119285,0.43118500779516256,0.0929602554736572
761,100.6215503761096,0.19634954084936207,3.2526065174565133e-18,0.2304525156362508,0.6803086361793602,1.1362438767648086e-16,0.256804655754539,0.7802088314777116,1.1102230246251565e-16,4.7850648156373765,8.324267158257085,-1.0408340855860843e-16,0.6423054498019678,2.040998099135803,1.8041124150158794e-16,1.1127902395348308,3.2159743415902895,0.03871828115771229,11.44842264492538,0.20627814542265405,11.693419071505746,12.234038788573477,-0.11070658340597914,0.0,0.41472300648775207,0.3040164230817729,1.0,0.00031830499709978267,0.0,4.242640687119285,0.43118500779516256,0.0929602554736572
762,100.81789991695896,0.19634954084936207,1.3010426069826053e-18,0.2375050025806292,0.7576305960368355,1.1535911115245767e-16,0.2539236754294814,0.7505650128780488,5.551115123125783e-17,4.7937328136835,8.25717923969247,-5.551115123125783e-17,0.649627969640447,2.147143245126659,1.8041124150158794e-16,1.114871901669488,3.1972456442569666,0.04031434350879994,11.489937144492956,0.21100824946958469,11.74125973747134,12.287861613366603,-0.11385431399073156,0.0,0.39628663207996584,0.2824323180892343,1.0,0.00031830499709978267,0.0,4.242640687119285,0.43118500779516256,0.0929602554736572
763,101.01424945780833,0.19634954084936207,1.5178830414797062e-18,0.24256573266362758,0.8093156784377007,1.1275702593849246e-16,0.25125789085359224,0.740495748614216,5.551115123125783e-17,4.802530689966032,8.332096434734034,-5.551115123125783e-17,0.6543205826601938,2.2065855252176547,1.6653345369377348e-16,1.1134496685606885,3.2184040314418025,0.04150470084856902,11.532150514032796,0.21406771244638778,11.787722927327753,12.336528584166977,-0.11692179446505574,0.0,0.3734649369138518,0.25654314244879606,1.0,0.00031830499709978267,0.0,4.242640687119285,0.43118500779516256,0.0929602554736572
765,101.40694853950707,0.19634954084936207,3.0357660829594124e-18,0.246167462871172,0.8143452528127977,1.0755285551056204e-16,0.24819409818377683,0.7702304437198961,1.1102230246251565e-16,4.820526691804507,8.553611010951018,-5.551115123125783e-17,0.6556684854473909,2.2030118412782516,1.6653345369377348e-16,1.0986124549853336,3.281559102603028,0.04258203709931902,11.618738793199853,0.21495058140443762,11.876271411703609,12.417098311195252,-0.12145265831596967,0.0,0.3359041652444092,0.2144515069284395,1.0,0.00031830499709978267,0.0,4.242640687119285,0.43118500779516256,0.0929602554736572
766,101.60329808035644,0.19634954084936207,4.336808689942018e-19,0.24548822189480565,0.7568524151711598,1.1449174941446927e-16,0.2467742685158079,0.7851728056770078,1.6653345369377348e-16,4.829519494154028,8.619947204154833,-8.326672684688674e-17,0.6535204221110086,2.1512271893236625,1.942890293094024e-16,1.0854513809261837,3.344566745881278,0.042525977635257256,11.662129272206892,0.21354447105807534,11.918199720900224,12.44985946105403,-0.12600901137554893,0.0,0.30254442745459303,0.1765354160790441,1.0,0.00031830499709978267,0.0,4.242640687119285,0.43118500779516256,0.0929602554736572
767,101.7996476212058,0.19634954084936207,2.168404344971009e-18,0.24396079796447542,0.669073484592321,1.1622647289044608e-16,0.2440241553099222,0.7948428138076871,5.551115123125783e-17,4.838324670321444,8.644394682681952,-5.551115123125783e-17,0.6506836477344478,2.0978004855517285,1.5265566588595902e-16,1.069531274672589,3.3748982168596644,0.04210770574647335,11.704692807720555,0.21169460471450344,11.958495118181531,12.479041952721783,-0.12910513838851653,0.0,0.2874458154302211,0.15834067704170454,1.0,0.00031830499709978267,0.0,4.242640687119285,0.43118500779516256,0.0929602554736572
769,102.19234670290454,0.19634954084936207,0.0,0.2401137555661517,0.6044142495452618,1.1449174941446927e-16,0.23238024754408476,0.7323718101638641,5.551115123125783e-17,4.855063670690543,8.616198809577952,-4.163336342344337e-17,0.6457753076623505,2.013798593585545,1.3877787807814457e-16,1.034879016401487,3.319992860616434,0.04019354579436369,11.785821623229563,0.20851287399320168,12.034528043017128,12.532204053229117,-0.13360818516201955,0.0,0.27841188156262753,0.14480369640060797,1.0,0.00031830499709978267,0.0,4.242640687119285,0.43118500779516256,0.0929602554736572
770,102.38869624375391,0.19634954084936207,1.734723475976807e-18,0.23760823035495424,0.5916832004038045,1.1362438767648086e-16,0.22497130531766557,0.7458096960369782,4.163336342344337e-17,4.863011536533748,8.656145729302075,-4.85722573273506e-17,0.6443887449434554,1.9801146097357782,1.6653345369377348e-16,1.0187984476804721,3.2381651942867555,0.03873669686456828,11.824440602230162,0.20761842730490082,12.07079572639963,12.558660728493487,-0.13732582271570903,0.0,0.2810147798733672,0.14368895715765817,1.0,0.00033138200114899796,0.0,4.242640687119285,0.5351210278156199,0.14317725720522273
771,102.58504578460328,0.19634954084936207,1.734723475976807e-18,0.23397718812724785,0.6168156406896605,1.1535911115245767e-16,0.21876710027036975,0.7565640079587844,6.938893903907228e-17,4.870565972956163,8.665212588013278,-6.245004513516506e-17,0.6437094862030959,1.9713249040706464,1.8041124150158794e-16,1.0046294279156542,3.1275149033281684,0.03703572948113723,11.861206448459205,0.20718095131392683,12.10542312925427,12.585109758175413,-0.14416765342104773,0.0,0.28781099659799503,0.1436433431769473,1.0,0.00033138200114899796,0.0,4.242640687119285,0.5351210278156199,0.14317725720522273
772,102.78139532545265,0.19634954084936207,2.6020852139652106e-18,0.22890151443969753,0.6520600632842154,1.1362438767648086e-16,0.21530983881076335,0.7374636383997546,9.71445146547012e-17,4.878012810516454,8.64658050572511,-9.71445146547012e-17,0.6437924042510744,1.9493029203678882,1.5265566588595902e-16,0.9928372872208149,3.1101111816163582,0.03522832350949922,11.897504489781314,0.2072343298856894,12.139967143176502,12.61334746036411,-0.14394551808949804,0.0,0.2964164822551499,0.15247096416565184,1.0,0.00033138200114899796,0.0,4.242640687119285,0.5351210278156199,0.14317725720522273
774,103.17409440715139,0.19634954084936207,1.3010426069826053e-18,0.21678493158730694,0.6695298579198761,1.1275702593849246e-16,0.21580885992262072,0.6562883319118662,6.938893903907228e-17,4.8928531348406334,8.556227208602717,-6.938893903907228e-17,0.6460880379526754,1.8672497552439324,1.6653345369377348e-16,0.975915931006313,3.0247068522910974,0.032021736190471814,11.970005899559906,0.20871487639276887,12.210742512143147,12.676608602721736,-0.14123368261445685,0.0,0.31073885025360565,0.1695051676391488,1.0,0.00033138200114899796,0.0,4.242640687119285,0.5351210278156199,0.14317725720522273
775,103.37044394800076,0.19634954084936207,1.734723475976807e-18,0.2121524961808464,0.6655328219879961,1.1102230246251565e-16,0.21787278925675962,0.7073417100487872,8.326672684688674e-17,4.900411621650593,8.581795432197156,-5.551115123125783e-17,0.6481229119810066,1.8108814606910149,1.3877787807814457e-16,0.9699826391145314,2.9297004546224525,0.03105760696865694,12.007017030804098,0.21003165451736977,12.248106292290124,12.712171853257068,-0.13668121647724046,0.0,0.3260812833220165,0.18940006684477606,1.0,0.00033138200114899796,0.0,4.242640687119285,0.5351210278156199,0.14317725720522273
776,103.56679348885012,0.19634954084936207,2.168404344971009e-18,0.20988120017407716,0.6564513609299136,1.1449174941446927e-16,0.22064363003582177,0.7217937475618018,4.163336342344337e-17,4.908207051985558,8.612518494432006,-9.71445146547012e-17,0.6505397709216292,1.7488721021323914,1.942890293094024e-16,0.9652564907445732,2.848146026580641,0.030796869820324896,12.045248232580379,0.21160099677538285,12.287646099176087,12.75081152104109,-0.13295965922098746,0.0,0.3379311275035744,0.20497146828258694,1.0,0.00033138200114899796,0.0,4.242640687119285,0.5351210278156199,0.14317725720522273
777,103.76314302969949,0.19634954084936207,1.3010426069826053e-18,0.21045538058872343,0.6344018249172633,1.1449174941446927e-16,0.22429131339163075,0.698947633256501,6.938893903907228e-17,4.916332232166203,8.647213226535268,-6.938893903907228e-17,0.6532454116207013,1.6935750448888671,1.6653345369377348e-16,0.9618601508617707,2.8200080313632943,0.03135615377070968,12.08516130851816,0.21336478390174968,12.32988224619062,12.793044266542644,-0.12911715913583427,0.0,0.35222114435772434,0.22310398522189007,1.0,0.00033138200114899796,0.0,4.242640687119285,0.5351210278156199,0.14317725720522273
779,104.15584211139823,0.19634954084936207,3.903127820947816e-18,0.2200868762847523,0.6496600067972989,1.1362438767648086e-16,0.23282410791187574,0.7777446856394692,8.326672684688674e-17,4.933547248488368,8.742566289722202,-8.326672684688674e-17,0.6602344169458781,1.7521013607640867,1.5265566588595902e-16,0.9622223956557782,2.8356946880982035,0.034715541168379674,12.169944226533575,0.2179547426599318,12.422614510361887,12.890554676471234,-0.12369486518055336,0.0,0.37956714896020893,0.25587228377965554,1.0,0.00033138200114899796,0.0,4.242640687119285,0.5351210278156199,0.14317725720522273
780,104.3521916522476,0.19634954084936207,1.3010426069826053e-18,0.22812396972268598,0.6634586536078528,1.1275702593849246e-16,0.23589383333418726,0.858673691938288,1.1102230246251565e-16,4.942394856008896,8.76242214563463,-5.551115123125783e-17,0.6653308581204557,1.8057744240478466,1.5265566588595902e-16,0.9680543189538312,2.8619986084178706,0.03708456580426252,12.2136334563516,0.22133257538365095,12.472050597539512,12.946408047323358,-0.11899149487866024,0.0,0.41042032042340604,0.2914288255447458,1.0,0.00032746053666839523,0.0,4.242640687119285,0.42920072218681243,0.09210662996284066
781,104.54854119309697,0.19634954084936207,4.336808689942018e-18,0.23699081626737098,0.6670255265041043,1.1188966420050406e-16,0.2372992095843602,0.8694210717481232,6.938893903907228e-17,4.951222403705777,8.763512732271076,-8.326672684688674e-17,0.6719686649750887,1.8496793861705036,1.6653345369377348e-16,0.9784137054134171,2.924352493038831,0.039524209411097314,12.257301645479007,0.22577094335420148,12.522596798244304,13.006836953912527,-0.11512618217823387,0.0,0.42939664408669725,0.3142704619084634,1.0,0.00032746053666839523,0.0,4.242640687119285,0.42920072218681243,0.09210662996284066
783,104.9412402747957,0.19634954084936207,4.336808689942018e-19,0.2530041836238954,0.6854911032822676,1.1362438767648086e-16,0.2361824474833062,0.8183054387496469,-2.7755575615628914e-17,4.968320854754347,8.795426225615472,-8.326672684688674e-17,0.6889109179326404,1.937014978336181,1.3877787807814457e-16,1.0098087199068542,3.028019557024315,0.0436157683111506,12.34210605789348,0.23729912642339665,12.623020952628027,13.135642764767404,-0.11240170225162742,0.0,0.4465722175841909,0.3341705153325635,1.0,0.00032746053666839523,0.0,4.242640687119285,0.42920072218681243,0.09210662996284066
784,105.13758981564507,0.19634954084936207,2.6020852139652106e-18,0.25873950120344213,0.7259800732168373,1.1362438767648086e-16,0.23529245120073172,0.7863101208674199,4.163336342344337e-17,4.9766753428499255,8.76941123312992,-4.163336342344337e-17,0.6976490644284233,1.9662229585335163,1.6653345369377348e-16,1.0277022997194392,3.0643050032240335,0.04494997443400224,12.383648734065211,0.2433571085489272,12.671955817048142,13.200479370146192,-0.11053671910468817,0.0,0.44690452062822006,0.3363678015235319,1.0,0.00032746053666839523,0.0,4.242640687119285,0.42920072218681243,0.09210662996284066
785,105.33393935649444,0.19634954084936207,1.3010426069826053e-18,0.262355081543086,0.7380543306561528,1.1102230246251565e-16,0.23516452636368518,0.7968612346936303,1.3877787807814457e-16,4.985076960767569,8.700882931036158,-9.71445146547012e-17,0.7051184724216991,1.976253806274093,1.6653345369377348e-16,1.0446696527666606,3.0738638705161057,0.04568973944846104,12.425496152387806,0.24859603007515527,12.719781921911423,13.263038316507718,-0.10990050021623941,0.0,0.4348691571335906,0.32496865691735116,1.0,0.00032746053666839523,0.0,4.242640687119285,0.42920072218681243,0.09210662996284066
786,105.53028889734381,0.19634954084936207,3.2526065174565133e-18,0.26339547905341054,0.7202440256509179,1.1449174941446927e-16,0.2359755258296069,0.7951822143092593,1.249000902703301e-16,4.993661422250209,8.592430847508709,-6.938893903907228e-17,0.7103660695352966,2.0060613054392378,1.6653345369377348e-16,1.059381415273255,3.0866090766512766,0.04577635283239378,12.468327200034992,0.25230997637351293,12.766413529240898,13.32174153103153,-0.10977859398575522,0.0,0.41540164225908516,0.3056230482733299,1.0,0.00032746053666839523,0.0,4.242640687119285,0.42920072218681243,0.09210662996284066
788,105.92298797904255,0.19634954084936207,1.734723475976807e-18,0.2562076101306837,0.6443075289825904,1.1188966420050406e-16,0.2386710243105194,0.803006549835767,1.1102230246251565e-16,5.011568739270624,8.878054147921842,-6.938893903907228e-17,0.7125961945533585,2.059470707754975,1.6653345369377348e-16,1.080032323354842,3.22987812778096,0.043876290245777286,12.557910614217274,0.2538966682459641,12.855683572709015,13.424527092217621,-0.11069727290987251,0.0,0.37952789553559124,0.2688306226257187,1.0,0.00032746053666839523,0.0,4.242640687119285,0.42920072218681243,0.09210662996284066
789,106.11933751989191,0.19634954084936207,8.673617379884035e-19,0.24800149306397645,0.64993564273204,1.1188966420050406e-16,0.23933588291845898,0.8055437601911062,1.6653345369377348e-16,5.020775159299659,8.977908077885592,-6.938893903907228e-17,0.7100684488624626,2.0935218799105924,1.3877787807814457e-16,1.086297397959506,3.2984444320309296,0.041966893318113194,12.604091600120263,0.2520986010349719,12.898157094473348,13.468867045447992,-0.1126275849135602,0.0,0.3458706424490555,0.23324305753549532,1.0,0.00032746053666839523,0.0,4.242640687119285,0.42920072218681243,0.09210662996284066
790,106.31568706074128,0.19634954084936207,2.168404344971009e-18,0.23748501950538578,0.6466184126966097,1.1102230246251565e-16,0.23923069210163964,0.7595917699747372,1.3877787807814457e-16,5.029983256285186,9.026258199132737,-8.326672684688674e-17,0.7060854231070129,2.137776308206524,1.6653345369377348e-16,1.090482601167011,3.3689075722958655,0.039596611723084325,12.65036577925466,0.24927831236210474,12.939240703339848,13.509590137632905,-0.11439538128139855,0.0,0.3293565329984657,0.21496115171706714,1.0,0.00032667804256477723,0.0,4.242640687119285,0.44477985514970697,0.09891455977349717
791,106.51203660159065,0.19634954084936207,1.3010426069826053e-18,0.22565545510512508,0.6348566218408278,1.1622647289044608e-16,0.2387146408884128,0.6960322308654862,8.326672684688674e-17,5.039075339768157,9.061485022988157,-6.938893903907228e-17,0.7015684637961463,2.1676672211211465,1.3877787807814457e-16,1.0930929837683012,3.4531812126349264,0.03698600583558642,12.696140139929785,0.24609915469664234,12.979225300462014,13.547934568372796,-0.11604426727421228,0.0,0.318963347652844,0.2029190803786317,1.0,0.00032667804256477723,0.0,4.242640687119285,0.44477985514970697,0.09891455977349717
793,106.90473568328939,0.19634954084936207,2.6020852139652106e-18,0.20272700220637752,0.5718485727161697,1.1188966420050406e-16,0.23843596953160934,0.6846301401845234,1.1102230246251565e-16,5.056604275637403,9.067648091103743,-9.71445146547012e-17,0.694043649842691,2.166154325858584,1.942890293094024e-16,1.0953210191028901,3.4699599820537355,0.03205800311101466,12.78462340019723,0.2408482939434819,13.057529697251727,13.622304587615126,-0.11885867381523434,0.0,0.31591710922616595,0.1970584354109316,1.0,0.00032667804256477723,0.0,4.242640687119285,0.44477985514970697,0.09891455977349717
794,107.10108522413876,0.19634954084936207,1.734723475976807e-18,0.1941169756143504,0.5426497177311222,1.1449174941446927e-16,0.2388776486686732,0.6622384658055629,0.0,5.065032925951947,9.038023811147903,-5.551115123125783e-17,0.6920479873091168,2.1349163583743795,1.6653345369377348e-16,1.095686728738738,3.3994147615125088,0.030200135974365952,12.827279270488669,0.2394652083692997,13.096944614832335,13.660552763235868,-0.12142338161500443,0.0,0.32385713419858786,0.20243375258358343,1.0,0.00032667804256477723,0.0,4.242640687119285,0.44477985514970697,0.09891455977349717
795,107.29743476498813,0.19634954084936207,3.903127820947816e-18,0.1888994853086229,0.5308462138515483,1.1275702593849246e-16,0.2391559371020553,0.6596819809094348,1.3877787807814457e-16,5.07328674008236,8.989342979280712,-6.938893903907228e-17,0.6915044823346832,2.0888417271616015,1.3877787807814457e-16,1.0959239844677104,3.2935687336892707,0.028944822607390768,12.869119173547746,0.23908922454447906,13.137153220699616,13.700525777771624,-0.12301681555586033,0.0,0.3341587411397804,0.21114192558392006,1.0,0.00032667804256477723,0.0,4.242640687119285,0.44477985514970697,0.09891455977349717
797,107.69013384668686,0.19634954084936207,2.6020852139652106e-18,0.1895586458470103,0.48907482498296856,1.1015494072452725e-16,0.23723480659501647,0.6732801784433455,5.551115123125783e-17,5.0894561767127575,8.845193553190349,-5.551115123125783e-17,0.6942183763968208,1.9776957707689942,1.942890293094024e-16,1.0962885095337027,3.1106841998967654,0.02822218442094849,12.951282087339822,0.240969577063519,13.22047384882429,13.785942519844426,-0.12543067387394935,0.0,0.3503962091197081,0.22496553524575874,1.0,0.00032667804256477723,0.0,4.242640687119285,0.44477985514970697,0.09891455977349717
798,107.88648338753623,0.19634954084936207,2.168404344971009e-18,0.19377890075014703,0.4925459653174108,1.1449174941446927e-16,0.23470879919553211,0.6964560910811928,-5.551115123125783e-17,5.097476271674056,8.79468029491095,-6.938893903907228e-17,0.6966294916246091,1.9310001785185416,1.942890293094024e-16,1.0960849793972107,3.0154358517781903,0.028502151116773632,12.992132170140012,0.24264632430058064,13.263280645557366,13.8303055860142,-0.12787833028045525,0.0,0.36133064980871243,0.23345231952825718,1.0,0.00032667804256477723,0.0,4.242640687119285,0.44477985514970697,0.09891455977349717
799,108.0828329283856,0.19634954084936207,8.673617379884035e-19,0.19884031030302507,0.5345814355459593,1.1275702593849246e-16,0.23133229228104332,0.7124675818145813,1.1102230246251565e-16,5.105544480174632,8.74926805787364,-8.326672684688674e-17,0.6989201774885694,1.9356772291061013,1.3877787807814457e-16,1.0951106969133668,3.0808225320441496,0.028968102307661718,13.033292219520826,0.2442447072503266,13.306505029078814,13.874551944722542,-0.12938109279027726,0.0,0.3624760538264963,0.23309496103621902,1.0,0.00032667804256477723,0.0,4.242640687119285,0.44477985514970697,0.09891455977349717
800,108.27918246923497,0.19634954084936207,2.168404344971009e-18,0.20372860580379282,0.5746696717496662,1.1145598333150986e-16,0.22736745375399212,0.7365688432658384,1.1102230246251565e-16,5.1137297843147,8.702813582935853,-5.551115123125783e-17,0.7005346570189421,1.9410343679531812,1.6653345369377348e-16,1.092876748026996,3.1585329534463122,0.02947146382022504,13.075116153493633,0.24537440284232342,13.349962020156182,13.91781891132058,-0.13058384285714097,0.0,0.3590482819856572,0.22846443912851622,1.0,0.00033209282015402323,0.0,4.242640687119285,0.48752727255715483,0.11884142074350917
802,108.6718815509337,0.19634954084936207,3.903127820947816e-18,0.21092146727092428,0.5972198953871021,1.1579279202145187e-16,0.21893803739310627,0.6966385018294932,-5.551115123125783e-17,5.130377518080058,8.686030610022602,-5.551115123125783e-17,0.7011465695169923,1.9846862916115249,1.942890293094024e-16,1.0832060288068817,3.332901641626351,0.03033255703703657,13.160386739010653,0.24580325597272318,13.436522552020412,13.999126339220895,-0.1333633477895402,0.0,0.3491536505989903,0.21579030280945008,1.0,0.00033209282015402323,0.0,4.242640687119285,0.48752727255715483,0.11884142074350917
803,108.86823109178307,0.19634954084936207,2.6020852139652106e-18,0.21269245607217088,0.5855252857985686,1.1188966420050406e-16,0.21550607502907945,0.658393559647203,5.551115123125783e-17,5.1387900023231925,8.738909394876991,-9.71445146547012e-17,0.700959649212133,1.985666150745744,1.6653345369377348e-16,1.0758862678790986,3.4208370913736883,0.03069475433982509,13.203581343988393,0.2456722149117982,13.479948313240016,14.038153968732734,-0.13261237385111646,0.0,0.34034923818865215,0.2077368643375357,1.0,0.00033209282015402323,0.0,4.242640687119285,0.48752727255715483,0.11884142074350917
804,109.06458063263244,0.19634954084936207,8.673617379884035e-19,0.21318414880435763,0.5849939738442427,1.1188966420050406e-16,0.21329591595049258,0.6108490691060563,1.1102230246251565e-16,5.147116436721736,8.778347139948924,-6.938893903907228e-17,0.7013788701855846,1.9911836797428952,1.942890293094024e-16,1.067560010542584,3.4857633190500037,0.031032975004160294,13.24640380658553,0.24596615977140357,13.523402941361095,14.07708388268211,-0.13123374845638758,0.0,0.33838236976819885,0.20714862131181128,1.0,0.00033209282015402323,0.0,4.242640687119285,0.48752727255715483,0.11884142074350917
805,109.26093017348181,0.19634954084936207,2.168404344971009e-18,0.21276685678416904,0.6385331992778627,1.1188966420050406e-16,0.2125222204654192,0.5916943464469988,8.326672684688674e-17,5.155273116636133,8.810084201610419,-6.938893903907228e-17,0.7030130231038022,2.0214590869716753,1.6653345369377348e-16,1.0590405626020463,3.5209916352466077,0.031338331386058876,13.28842045355561,0.24711365532677354,13.56687244026844,14.11680916216906,-0.12927726130518025,0.0,0.34023410498479423,0.21095684367961398,1.0,0.00033209282015402323,0.0,4.242640687119285,0.48752727255715483,0.11884142074350917
807,109.65362925518055,0.19634954084936207,1.734723475976807e-18,0.21164910675649917,0.6924642060251098,1.1449174941446927e-16,0.2140831885797822,0.6011607197048903,-5.551115123125783e-17,5.171105020699759,8.806044320669185,-5.551115123125783e-17,0.7104006462379056,2.1593196294267716,1.3877787807814457e-16,1.0444948428404084,3.494809563821139,0.031688043395682236,13.370163567553128,0.2523345390876168,13.654186150036427,14.201082447838498,-0.12549664860789028,0.0,0.34821131564744623,0.22271466703955595,1.0,0.00033209282015402323,0.0,4.242640687119285,0.48752727255715483,0.11884142074350917
808,109.84997879602992,0.19634954084936207,1.951563910473908e-18,0.21151072856220016,0.6933455474260946,1.1362438767648086e-16,0.21527859870599253,0.6115442201222192,-1.942890293094024e-16,5.178977949306588,8.802270354325941,-5.551115123125783e-17,0.7153185916651796,2.2105750192740024,1.942890293094024e-16,1.0392655226637766,3.4386253164435434,0.03164255438543546,13.410906299701933,0.255840343790928,13.698389197878296,14.245849204850582,-0.12116798974030196,0.0,0.3567582613791275,0.2355902716388255,1.0,0.00033209282015402323,0.0,4.242640687119285,0.48752727255715483,0.11884142074350917
809,110.04632833687928,0.19634954084936207,8.673617379884035e-19,0.21127401203397936,0.6693270597745026,1.1535911115245767e-16,0.21611815401457074,0.7041525957098281,8.326672684688674e-17,5.187017108637518,8.766355638157604,-2.7755575615628914e-17,0.720093406426182,2.2433327507582224,1.942890293094024e-16,1.035277332176721,3.3614383593129555,0.03143523426730373,13.452573242649159,0.25926725698923125,13.743275733905694,14.291928762615044,-0.11805492230003209,0.0,0.36008367137701275,0.24202874907698066,1.0,0.00033209282015402323,0.0,4.242640687119285,0.48752727255715483,0.11884142074350917
811,110.43902741857802,0.19634954084936207,2.168404344971009e-18,0.20939188161855782,0.6669537237106075,1.1145598333150986e-16,0.21623387338326866,0.8226658798592922,1.3877787807814457e-16,5.204126605613527,8.932832195897909,-9.71445146547012e-17,0.7269575266339179,2.254918401224736,1.6653345369377348e-16,1.0292897537152303,3.3790774013773963,0.03078350279595795,13.541466863627283,0.2642336227648517,13.836483989188093,14.386765709170797,-0.11205493124629064,0.0,0.3606509402616907,0.24859600901540008,1.0,0.0003251145130949978,0.0,4.242640687119285,0.410511286303581,0.08425975809131034
812,110.63537695942739,0.19634954084936207,1.734723475976807e-18,0.20828354137177416,0.6646578870432257,1.1188966420050406e-16,0.21587508333083205,0.8950525454400522,0.0,5.213258013179366,9.022204470269124,-6.938893903907228e-17,0.7287370328526566,2.2499374073666747,1.6653345369377348e-16,1.0263854874319625,3.482825146036441,0.030566929093963524,13.58902955598943,0.26552883152544693,13.88512531660884,14.435090283713242,-0.10617839086961761,0.0,0.3592219142427361,0.2530435233731185,1.0,0.0003251145130949978,0.0,4.242640687119285,0.410511286303581,0.08425975809131034
813,110.83172650027676,0.19634954084936207,1.3010426069826053e-18,0.20788861497193012,0.6530655073804552,1.1362438767648086e-16,0.2159096607300288,0.9478739992371968,1.1102230246251565e-16,5.222676430788832,9.061162229755222,-4.163336342344337e-17,0.7297694532181408,2.258714884543379,1.6653345369377348e-16,1.023064716811708,3.5433788595874285,0.030595167965451274,13.638174550358587,0.2662817274251521,13.93505144574919,14.483931755166298,-0.1030711324915363,0.0,0.3586514298999936,0.25558029740845734,1.0,0.0003251145130949978,0.0,4.242640687119285,0.410511286303581,0.08425975809131034
814,111.02807604112613,0.19634954084936207,1.734723475976807e-18,0.20871184437949378,0.6349114151677218,1.1449174941446927e-16,0.21697074773906458,1.0217133424515963,-2.7755575615628914e-17,5.232271882654461,9.090912229974435,-6.938893903907228e-17,0.7305649131632792,2.2672018490084436,1.6653345369377348e-16,1.0190882889336157,3.544936297933047,0.030960819995100152,13.688334527008228,0.26686254617263483,13.986157893175964,14.533426493321846,-0.10000446804773697,0.0,0.3587980282996486,0.2587935602519116,1.0,0.0003251145130949978,0.0,4.242640687119285,0.410511286303581,0.08425975809131034
816,111.42077512282486,0.19634954084936207,2.6020852139652106e-18,0.2146950727517379,0.616044482499689,1.1319070680748666e-16,0.22292917029483164,1.0480151081034568,5.551115123125783e-17,5.251571183058401,9.128129049339341,-6.938893903907228e-17,0.7331897821905187,2.2807051170344117,1.5265566588595902e-16,1.0087475789693316,3.4624189420979232,0.032736946938573146,13.789499945364703,0.26878362835429004,14.091020520657567,14.634548502092507,-0.09560226087192561,0.0,0.35973183203103665,0.26412957115911107,1.0,0.0003251145130949978,0.0,4.242640687119285,0.410511286303581,0.08425975809131034
817,111.61712466367423,0.19634954084936207,4.336808689942018e-18,0.2195033766156346,0.6358086536954719,1.1492543028346347e-16,0.22711477490001505,1.0024778512855042,0.0,5.261154090445084,9.14375495138625,-6.938893903907228e-17,0.735467119380657,2.2838314507503488,1.942890293094024e-16,1.002594372434146,3.338686105585775,0.03399955312384216,13.839871181703518,0.27045594184504074,14.144326676672401,14.68618539693933,-0.09153757526708955,0.0,0.3611335178729798,0.26959594260589026,1.0,0.0003251145130949978,0.0,4.242640687119285,0.410511286303581,0.08425975809131034
818,111.8134742045236,0.19634954084936207,8.673617379884035e-19,0.2247845412762163,0.6511772261336239,1.1188966420050406e-16,0.23148183859427326,0.9120636221931895,5.551115123125783e-17,5.270680945161156,9.135843247255233,-9.71445146547012e-17,0.7384406981431935,2.284253353991091,1.3877787807814457e-16,0.9962457250456387,3.176229983967582,0.0353532288828877,13.890038812842448,0.2726473323371035,14.19803937406244,14.7386632034609,-0.08915969459304808,0.0,0.36300415520532703,0.27384446061227896,1.0,0.0003251145130949978,0.0,4.242640687119285,0.410511286303581,0.08425975809131034
819,112.00982374537297,0.19634954084936207,1.734723475976807e-18,0.2297695739392602,0.6538098594923935,1.1362438767648086e-16,0.23583616176158734,0.85926450340074,5.551115123125783e-17,5.280176482873565,9.098791678843847,-1.249000902703301e-16,0.7420537103635542,2.282591235574643,1.8041124150158794e-16,0.9902080999153983,3.031655529423797,0.03667593797609439,13.940131845145524,0.2753218545321588,14.252129637653777,14.792189754093213,-0.08709780654127357,0.0,0.36618938608018314,0.27909157953890956,1.0,0.0003251145130949978,0.0,4.242640687119285,0.410511286303581,0.08425975809131034
821,112.4025228270717,0.19634954084936207,2.6020852139652106e-18,0.2367876763015866,0.6811415111413848,1.1362438767648086e-16,0.24430530821476554,0.9076102731539109,5.551115123125783e-17,5.29940462418949,9.018059682151103,-5.551115123125783e-17,0.7507209971330495,2.280866982569894,1.8041124150158794e-16,0.9811305430919507,3.0483305912688055,0.038832511818190585,14.041844685440473,0.28179100776822,14.362468205026884,14.904165841293842,-0.0820542081614194,0.0,0.3733407883043998,0.2912865801429804,1.0,0.00030359538101368884,0.0,4.242640687119285,0.31733036735444387,0.05034928102265314
822,112.59887236792108,0.19634954084936207,2.6020852139652106e-18,0.23864449893525333,0.6788630149489626,1.1362438767648086e-16,0.2477680985945768,0.9299303681579961,1.942890293094024e-16,5.30922840996689,9.039362112674315,-6.938893903907228e-17,0.7552143271751944,2.2752407892011544,1.942890293094024e-16,0.978732835187187,3.110987982917667,0.039507464704633226,14.093953154599772,0.28517433998534075,14.418634959289745,14.962447149196947,-0.07833425797828412,0.0,0.38114052992604475,0.3028062719477606,1.0,0.00030359538101368884,0.0,4.242640687119285,0.31733036735444387,0.05034928102265314
823,112.79522190877044,0.19634954084936207,3.469446951953614e-18,0.23958059069901338,0.6619432267689349,1.1405806854547507e-16,0.24989012073775646,0.940064352515557,1.3877787807814457e-16,5.319197698529116,9.060664970822991,-6.938893903907228e-17,0.7593160817512372,2.3071794875879394,1.6653345369377348e-16,0.9779095994303146,3.2169204885008273,0.039831518061987814,14.146932078018724,0.2882804560030257,14.475044052083737,15.021527447944408,-0.07835958655341782,0.0,0.385403155853031,0.3070435692996132,1.0,0.00030359538101368884,0.0,4.242640687119285,0.31733036735444387,0.05034928102265314
825,113.18792099046918,0.19634954084936207,1.734723475976807e-18,0.23878792712301117,0.6444617872498853,1.1275702593849246e-16,0.24834754908948953,0.8147206020366147,1.1102230246251565e-16,5.339552569675222,9.160476569940078,-6.938893903907228e-17,0.7656621093651327,2.3504580684837224,1.6653345369377348e-16,0.9812210627216721,3.3418796862599747,0.03932432948640154,14.255410822162627,0.29311923285873215,14.58785438450776,15.140928206327231,-0.07937717498276448,0.0,0.38994646249138826,0.3105692875086238,1.0,0.00030359538101368884,0.0,4.242640687119285,0.31733036735444387,0.05034928102265314
826,113.38427053131855,0.19634954084936207,2.6020852139652106e-18,0.23688916774752533,0.6363920425411941,1.1622647289044608e-16,0.24469608062194872,0.7500903338502927,1.1102230246251565e-16,5.349797828473169,9.175687346387477,-9.71445146547012e-17,0.7681899499983138,2.357410525583666,1.6653345369377348e-16,0.9854855204136764,3.3777742362141057,0.03853626979822587,14.310168402768111,0.2950578996392059,14.643762572205542,15.201039533799905,-0.08133518919573904,0.0,0.39436799464129885,0.3130328054455598,1.0,0.00030359538101368884,0.0,4.242640687119285,0.31733036735444387,0.05034928102265314
827,113.58062007216792,0.19634954084936207,8.673617379884035e-19,0.2339917705158575,0.6295797474381721,1.1449174941446927e-16,0.23971416870754975,0.7301319136892059,5.551115123125783e-17,5.359944698331608,9.153775701772195,-9.71445146547012e-17,0.7708329166196524,2.356706317952467,1.942890293094024e-16,0.9915555127942727,3.37686218700424,0.03750087094807554,14.364503584586558,0.2970916926721799,14.699096148206813,15.261647071316228,-0.08309368896332138,0.0,0.3988326422913764,0.315738953328055,1.0,0.00030359538101368884,0.0,4.242640687119285,0.31733036735444387,0.05034928102265314
828,113.77696961301729,0.19634954084936207,8.673617379884035e-19,0.23038026183072075,0.6352950246392792,1.1405806854547507e-16,0.23399264391492677,0.6851448823617489,1.1102230246251565e-16,5.369898613125834,9.132917676583853,-8.326672684688674e-17,0.774061316107572,2.353319348363506,1.6653345369377348e-16,0.9993985017185705,3.347859806459903,0.03634909999815206,14.417905557625373,0.29958546054709323,14.753840118170617,15.32310086733179,-0.0850026240294697,0.0,0.4051339185189623,0.3201312944894926,1.0,0.00030359538101368884,0.0,4.242640687119285,0.31733036735444387,0.05034928102265314
830,114.16966869471602,0.19634954084936207,1.734723475976807e-18,0.22357461181796312,0.6797581358465203,1.1254018550399536e-16,0.221788154079778,0.7009357510990102,0.0,5.389080732577617,9.126571571438125,-5.551115123125783e-17,0.7832448784257948,2.404844119203193,1.6653345369377348e-16,1.0195663666713124,3.2461470304594346,0.034239761014559965,14.521095571119657,0.306736269790119,14.862071601924335,15.449477077247234,-0.08787230413050912,0.0,0.4167598541051818,0.3288875499746727,1.0,0.00030969619436683533,0.0,4.242640687119285,0.46097775324283496,0.10625024449240603
831,114.36601823556539,0.19634954084936207,8.673617379884035e-19,0.22196240720558502,0.6891713895515115,1.1362438767648086e-16,0.2154819782720676,0.7032862772048045,1.1102230246251565e-16,5.3983141998967,9.07912501357534,-6.938893903907228e-17,0.78891610841694,2.439444502226716,1.942890293094024e-16,1.0309046448046144,3.192906446094952,0.03348777441370812,14.570898100403179,0.31119431305986456,14.91558018787675,15.51372088534014,-0.0923584238062186,0.0,0.4265735173720828,0.3342150935658642,1.0,0.00030969619436683533,0.0,4.242640687119285,0.46097775324283496,0.10625024449240603
832,114.56236777641476,0.19634954084936207,1.3010426069826053e-18,0.22215631425627144,0.6846330557403784,1.1319070680748666e-16,0.2093246236164705,0.684626533499968,5.551115123125783e-17,5.4074548203097335,9.02265078452419,-8.326672684688674e-17,0.7947137587123209,2.477277107004191,1.942890293094024e-16,1.0421094009817953,3.1974921951752764,0.03301825191870968,14.620283816845486,0.3157849791433325,14.969087047907529,15.578089868026812,-0.09397452829065409,0.0,0.428716564245917,0.33474203595526286,1.0,0.00030969619436683533,0.0,4.242640687119285,0.46097775324283496,0.10625024449240603
833,114.75871731726413,0.19634954084936207,2.168404344971009e-18,0.2238258529698717,0.6670284107699238,1.1362438767648086e-16,0.20396987342443065,0.6498017079030534,5.551115123125783e-17,5.416603537950428,8.94697972687247,-6.938893903907228e-17,0.8000187033359621,2.519350613809029,1.942890293094024e-16,1.0522619048938227,3.23191215390649,0.032851260946783714,14.66979694366854,0.3200149628436772,15.022663167459001,15.641637011755186,-0.09550364847488932,0.0,0.42599874202878274,0.3304950935538934,1.0,0.00030969619436683533,0.0,4.242640687119285,0.46097775324283496,0.10625024449240603
835,115.15141639896287,0.19634954084936207,2.168404344971009e-18,0.22804187907543477,0.6883729464926441,1.1427490897997217e-16,0.1996833074398768,0.5541649433930492,0.0,5.435231927420756,9.105017894282469,-5.551115123125783e-17,0.8072607272084498,2.6784970660963716,1.3877787807814457e-16,1.0662349292663067,3.2088760488134627,0.03339726521870535,14.770873052426973,0.3258349408465575,15.130105258492236,15.762891568923424,-0.09733828723540665,0.0,0.41294139092277443,0.31560310368736777,1.0,0.00030969619436683533,0.0,4.242640687119285,0.46097775324283496,0.10625024449240603
836,115.34776593981223,0.19634954084936207,1.3010426069826053e-18,0.2292422012846151,0.6941194805447627,1.1123914289701275e-16,0.2018214615527499,0.5688771512388158,-5.551115123125783e-17,5.4447568662129875,9.194341471776706,-9.71445146547012e-17,0.8088820250253573,2.747789665632457,1.942890293094024e-16,1.069143631656498,3.1627826735987354,0.03403967850125178,14.822688666086737,0.3271450652045613,15.18387340979255,15.819646863377256,-0.09833143847875793,0.0,0.39420378126340044,0.29587234278464253,1.0,0.00030969619436683533,0.0,4.242640687119285,0.46097775324283496,0.10625024449240603
837,115.5441154806616,0.19634954084936207,3.469446951953614e-18,0.2299244611713506,0.7004113068292169,1.1275702593849246e-16,0.20592000353080242,0.6358369712599754,5.551115123125783e-17,5.454377466146513,9.25738096518652,-9.71445146547012e-17,0.8093622383840512,2.79113862595359,1.6653345369377348e-16,1.0692491864405926,3.1667424897434593,0.034827661563009774,14.875116771603432,0.32753361646102086,15.237478049627464,15.873700998218524,-0.09825431741082494,0.0,0.3803240787914492,0.28206976138062423,1.0,0.00030969619436683533,0.0,4.242640687119285,0.46097775324283496,0.10625024449240603
839,115.93681456236034,0.19634954084936207,0.0,0.2319459024215471,0.7115300921704928,1.1319070680748666e-16,0.21363018579260348,0.7777938146178236,0.0,5.473664717033328,9.319342089579864,-8.326672684688674e-17,0.8079469140562326,2.7855095042711993,1.3877787807814457e-16,1.0619190464606456,3.2427473796586943,0.03633148982286935,14.980502717247774,0.3263891079664946,15.343223315037138,15.97408387953732,-0.09715588668075972,0.0,0.3593760554975644,0.26222016881680466,1.0,0.00030969619436683533,0.0,4.242640687119285,0.46097775324283496,0.10625024449240603
840,116.13316410320971,0.19634954084936207,8.673617379884035e-19,0.23354673100599255,0.6991433267340476,1.1449174941446927e-16,0.21510257013658857,0.7941903943512638,1.1102230246251565e-16,5.483244513012931,9.337772782973687,-2.7755575615628914e-17,0.8063949617451047,2.7856307272360783,1.3877787807814457e-16,1.05484621194049,3.282658628839025,0.03677762571368585,15.032985194743205,0.3251364171639445,15.394899237620836,16.020464798112982,-0.09549795075591344,0.0,0.33806972554544484,0.2425717747895314,1.0,0.0003141306104753243,0.0,4.242640687119285,0.4570766962952145,0.10445955314807388
841,116.32951364405908,0.19634954084936207,8.673617379884035e-19,0.23478244455485106,0.6948113037319192,1.1449174941446927e-16,0.21512438289613947,0.795895851277463,5.551115123125783e-17,5.492720887553164,9.359068641783471,-8.326672684688674e-17,0.8043567320891781,2.751870013297465,1.3877787807814457e-16,1.0454682097234882,3.3219521176825944,0.03689922448698811,15.084991374281406,0.32349487622859097,15.445385474996984,16.063991371162032,-0.0956041792299342,0.0,0.32358513195348804,0.22798095272355384,1.0,0.0003141306104753243,0.0,4.242640687119285,0.4570766962952145,0.10445955314807388
842,116.52586318490845,0.19634954084936207,1.734723475976807e-18,0.23478463058700383,0.6871934016889096,1.1232334506949826e-16,0.2148584066705171,0.8381468785172785,1.1102230246251565e-16,5.502143484245293,9.36297419345972,-5.551115123125783e-17,0.8019195577772078,2.688903195648539,1.942890293094024e-16,1.0336968140189784,3.359307163801371,0.036687353845070644,15.136791460611471,0.3215374885727963,15.495016303029338,16.105056649496635,-0.09434148964913817,0.0,0.3097143420530458,0.21537285240390763,1.0,0.0003141306104753243,0.0,4.242640687119285,0.4570766962952145,0.10445955314807388
844,116.91856226660718,0.19634954084936207,0.0,0.2291686895061732,0.676265276579344,1.1319070680748666e-16,0.2178614729490276,0.8373842334965562,8.326672684688674e-17,5.520929215067644,9.323465364995839,-8.326672684688674e-17,0.796280700581133,2.4995289892467616,1.6653345369377348e-16,1.0035102412759394,3.422785978047039,0.0354430019994591,15.240329698893715,0.31703147705898993,15.592804177952164,16.181734512184494,-0.09252083486949564,0.0,0.2939893679461174,0.20146853307662177,1.0,0.0003141306104753243,0.0,4.242640687119285,0.4570766962952145,0.10445955314807388
845,117.11491180745655,0.19634954084936207,0.0,0.2238137743904832,0.6631044894010132,1.1449174941446927e-16,0.22165804699753316,0.7874824410720156,2.7755575615628914e-17,5.530382700034533,9.339897839831153,-1.1102230246251565e-16,0.7933130162377557,2.3954922174471593,1.6653345369377348e-16,0.986481395086198,3.447426897855512,0.03451235469626773,15.292566404420626,0.3146727708661229,15.641751529983017,16.219173597418962,-0.09070577519756293,0.0,0.28755144051002335,0.19684566531246042,1.0,0.0003141306104753243,0.0,4.242640687119285,0.4570766962952145,0.10445955314807388
846,117.31126134830592,0.19634954084936207,8.673617379884035e-19,0.21755759387642443,0.6399033302102236,1.1102230246251565e-16,0.22606635695670435,0.7118710532436725,1.3877787807814457e-16,5.539946575212168,9.342233233157193,-5.551115123125783e-17,0.7903707208020315,2.3402307108370692,1.3877787807814457e-16,0.9698932006806915,3.4603217568042988,0.03340639273570156,15.345504028102523,0.3123429381505614,15.691253358988785,16.257583358735538,-0.08952398871580969,0.0,0.291223416657031,0.2016994279412213,1.0,0.0003141306104753243,0.0,4.242640687119285,0.4570766962952145,0.10445955314807388
847,117.50761088915529,0.19634954084936207,3.469446951953614e-18,0.21112314711395377,0.6071370867426088,1.1188966420050406e-16,0.22998015003641015,0.8189245133915668,8.326672684688674e-17,5.549653797856724,9.351067107595965,-5.551115123125783e-17,0.787550248358646,2.275815784269751,1.942890293094024e-16,0.9553383372517283,3.4602870196289164,0.032124912394601135,15.399328638032781,0.31011769684488233,15.741571247272264,16.298110205545328,-0.08844072706387204,0.0,0.3007956794715996,0.21235495240772753,1.0,0.0003141306104753243,0.0,4.242640687119285,0.4570766962952145,0.10445955314807388
849,117.90030997085402,0.19634954084936207,1.734723475976807e-18,0.19943255000647334,0.5235884071102977,1.1492543028346347e-16,0.23330169997709105,1.0307731204773165,-2.7755575615628914e-17,5.569461803521523,9.337302312880684,-8.326672684688674e-17,0.7829479519297018,2.235209018139677,1.6653345369377348e-16,0.9372508743009672,3.4233248088461004,0.0291423859669263,15.509452390442602,0.3065037477154573,15.845098524124985,16.388780856212485,-0.08718846961143967,0.0,0.32385052774320294,0.23666205813176328,1.0,0.0003141306104753243,0.0,4.242640687119285,0.4570766962952145,0.10445955314807388
850,118.0966595117034,0.19634954084936207,4.336808689942018e-19,0.19419065980512754,0.5135421408875847,1.1405806854547507e-16,0.23253423250804614,1.0620518491477702,8.326672684688674e-17,5.579471647490675,9.342922120641186,-5.551115123125783e-17,0.7816835299132368,2.24296912304195,1.942890293094024e-16,0.9345280787152189,3.390458935406662,0.02763517528555535,15.565251932576158,0.30551457046880903,15.898401678330522,16.439718785874263,-0.08639397746098784,0.0,0.3514849705144738,0.26509099305348593,1.0,0.00029871348547516217,0.0,4.242640687119285,0.33574872820798285,0.05636360424663897
851,118.29300905255276,0.19634954084936207,1.3010426069826053e-18,0.1892259657982894,0.49317992273451916,1.1535911115245767e-16,0.23094440097054725,1.073893341433311,0.0,5.589591960825038,9.370758541178926,-8.326672684688674e-17,0.7815978107064763,2.238538386351502,1.6653345369377348e-16,0.9354401150477742,3.352857673998222,0.02635689075309946,15.621769144259947,0.3054475688505784,15.953573603863624,16.495284189101163,-0.08207673509884011,0.0,0.3704903269288252,0.2884135918299851,1.0,0.00029871348547516217,0.0,4.242640687119285,0.33574872820798285,0.05636360424663897
853,118.6857081342515,0.19634954084936207,1.734723475976807e-18,0.1825366641341766,0.4512900255586417,1.1405806854547507e-16,0.22741078315552177,1.0103927743654162,2.498001805406602e-16,5.6095751961484135,9.428106118448257,-1.1102230246251565e-16,0.7857145431145088,2.2041172896752546,1.6653345369377348e-16,0.9433683034367657,3.3361134843797027,0.025279711839525053,15.733666940621756,0.30867367163082066,16.0676203240921,16.616578809823793,-0.08242846197761694,0.0,0.39687267960626543,0.3144442176286485,1.0,0.00029871348547516217,0.0,4.242640687119285,0.33574872820798285,0.05636360424663897
854,118.88205767510087,0.19634954084936207,2.168404344971009e-18,0.18327835168934825,0.44742960213348665,1.1579279202145187e-16,0.22620414924468596,0.9480609750187985,0.0,5.61939991674956,9.419962889584125,-8.326672684688674e-17,0.7900295845616081,2.1797838906840306,1.942890293094024e-16,0.9483148989196385,3.3301831265727757,0.02575618911791444,15.788827712182487,0.31207337224129356,16.126657273541692,16.681541955611486,-0.08292065834263822,0.0,0.41950855942272564,0.3365879010800874,1.0,0.00029871348547516217,0.0,4.242640687119285,0.33574872820798285,0.05636360424663897
855,119.07840721595024,0.19634954084936207,8.673617379884035e-19,0.18789100895944505,0.4816602222753989,1.1449174941446927e-16,0.22556070292718572,0.8553545361790988,1.1102230246251565e-16,5.629141272303107,9.387516611917743,-2.7755575615628914e-17,0.7955360335636252,2.175774565371832,1.6653345369377348e-16,0.9531140434116734,3.328232510667401,0.026915445674739552,15.843615731773117,0.3164387903490727,16.186969967796927,16.74868388067811,-0.0833670971668403,0.0,0.4311059060566591,0.3477388088898188,1.0,0.00029871348547516217,0.0,4.242640687119285,0.33574872820798285,0.05636360424663897
856,119.2747567567996,0.19634954084936207,2.168404344971009e-18,0.1958049506567158,0.5303662278491423,1.1275702593849246e-16,0.22555038799968577,0.7560808345808951,-2.7755575615628914e-17,5.63885259044226,9.376733283825624,-8.326672684688674e-17,0.801721116059164,2.2241389907693043,1.6653345369377348e-16,0.9576827889512811,3.3325739300893464,0.028603080083928374,15.898329268368693,0.32137837396757574,16.248310722420197,16.817321303936218,-0.08396416880046192,0.0,0.43932975882376435,0.3553655900233024,1.0,0.00029871348547516217,0.0,4.242640687119285,0.33574872820798285,0.05636360424663897
858,119.66745583849834,0.19634954084936207,2.6020852139652106e-18,0.21496431078633965,0.6389741314566864,1.1405806854547507e-16,0.2269995777523163,0.787179219153602,1.3877787807814457e-16,5.658387381142335,9.363586838981627,-5.551115123125783e-17,0.8138125479866816,2.292155442240334,1.6653345369377348e-16,0.9672603241808588,3.3684355860350874,0.0324949749323078,16.008673877535408,0.3311454316302873,16.372314284098003,16.956069700106596,-0.0852669100032643,0.0,0.44438668771119266,0.35911977770792836,1.0,0.00029871348547516217,0.0,4.242640687119285,0.33574872820798285,0.05636360424663897
859,119.86380537934771,0.19634954084936207,1.734723475976807e-18,0.22303627701318188,0.6724756707211578,1.1449174941446927e-16,0.2275466676075861,0.8185008039639668,2.498001805406602e-16,5.668243916848618,9.415125312497038,-8.326672684688674e-17,0.8189041793769724,2.3093704989822466,1.3877787807814457e-16,0.973064479097524,3.4023643961086405,0.03412176402177672,16.064494550445676,0.33530202750053617,16.43391834196799,17.024871079198483,-0.08695168507923638,0.0,0.44318222497966375,0.35623053990042736,1.0,0.00029871348547516217,0.0,4.242640687119285,0.33574872820798285,0.05636360424663897
860,120.06015492019708,0.19634954084936207,2.6020852139652106e-18,0.22895223489572994,0.6804421677704484,1.1405806854547507e-16,0.2270529560013957,0.810272365342726,0.0,5.678128373988516,9.446373671479805,-8.326672684688674e-17,0.8232018053782973,2.3156597625571886,1.942890293094024e-16,0.9798615693843584,3.446069568316129,0.03524788389527704,16.12057091574673,0.33883060618904415,16.49464940583105,17.092714759712315,-0.08821384957868132,0.0,0.43959426084397835,0.351380411265297,1.0,0.0002999992064342385,0.0,4.242640687119285,0.4195294714636516,0.08800248871328543
861,120.25650446104645,0.19634954084936207,1.3010426069826053e-18,0.23259718994370188,0.6687503957480272,1.1319070680748666e-16,0.22493410928747123,0.7612951602565048,1.6653345369377348e-16,5.687989872233084,9.454965584608011,-5.551115123125783e-17,0.8268053124463943,2.3172423850168307,1.942890293094024e-16,0.9875297462677686,3.496081339279208,0.03578409834872409,16.17661439331306,0.3418035123447899,16.554202004006573,17.159313566287565,-0.08982160922637744,0.0,0.434915216432766,0.34509360720638854,1.0,0.0002999992064342385,0.0,4.242640687119285,0.4195294714636516,0.08800248871328543
863,120.64920354274518,0.19634954084936207,1.734723475976807e-18,0.23419607831637576,0.6206044447330425,1.1492543028346347e-16,0.2152704636004748,0.6636552216718492,3.885780586188048e-16,5.707598598532122,9.429386514987659,-5.551115123125783e-17,0.8325283462252205,2.351156004478798,1.6653345369377348e-16,1.0037855631965213,3.5918212568688155,0.03519486887300234,16.28834088098291,0.34655172363425035,16.670087473490163,17.28868727048249,-0.0913478044704809,0.0,0.42677598373474396,0.33542817926426305,1.0,0.0002999992064342385,0.0,4.242640687119285,0.4195294714636516,0.08800248871328543
864,120.84555308359455,0.19634954084936207,8.673617379884035e-19,0.23278828703422327,0.6113760403810807,1.1362438767648086e-16,0.20848832024168962,0.684300610617657,2.7755575615628914e-16,5.717357817494535,9.413691506272997,-5.551115123125783e-17,0.8348522036088193,2.3611306806907044,1.6653345369377348e-16,1.0113009841334997,3.6247256559707264,0.034259225870948526,16.34409020663294,0.34848910093525076,16.72683853343914,17.351464648111925,-0.09239601954875748,0.0,0.4181878855368204,0.3257918659880629,1.0,0.0002999992064342385,0.0,4.242640687119285,0.4195294714636516,0.08800248871328543
865,121.04190262444392,0.19634954084936207,1.734723475976807e-18,0.23001180903718219,0.5920202421386929,1.1405806854547507e-16,0.201680447560353,0.6871835688620809,1.3877787807814457e-16,5.727109219398193,9.464828762454456,-2.7755575615628914e-17,0.8369244087905456,2.3739540068419602,1.6653345369377348e-16,1.0178503505752847,3.641745919531976,0.03305603320309891,16.39989000545789,0.3502212330147021,16.783167271675694,17.413113725455275,-0.09270158815571546,0.0,0.41276962705345394,0.3200680388977385,1.0,0.0002999992064342385,0.0,4.242640687119285,0.4195294714636516,0.08800248871328543
867,121.43460170614266,0.19634954084936207,3.469446951953614e-18,0.2197069048211671,0.5894033536005909,1.1449174941446927e-16,0.19340577812751775,0.6622107332197447,-2.7755575615628914e-17,5.746621959241997,9.576880480334713,-5.551115123125783e-17,0.8407366767987955,2.408438183651503,1.942890293094024e-16,1.027477946608116,3.6288289790338872,0.030321118407148066,16.511831971221163,0.35341907985734117,16.895572169485654,17.534033200649823,-0.09255728339638727,0.0,0.4064917947502551,0.31393451135386785,1.0,0.0002999992064342385,0.0,4.242640687119285,0.4195294714636516,0.08800248871328543
868,121.63095124699203,0.19634954084936207,2.6020852139652106e-18,0.2124665534158647,0.5861965510871154,1.1232334506949826e-16,0.19357938909646985,0.6162536629950462,1.942890293094024e-16,5.756382673165505,9.6068699051922,-5.551115123125783e-17,0.8426934233034405,2.405888843087637,1.6653345369377348e-16,1.0305938129457186,3.6060268337536865,0.029008979138883575,16.567970739960025,0.35506610283943574,16.952045821938345,17.59388529874392,-0.0919390220727263,0.0,0.40265045461560695,0.31071143254288064,1.0,0.0002999992064342385,0.0,4.242640687119285,0.4195294714636516,0.08800248871328543
869,121.8273007878414,0.19634954084936207,1.734723475976807e-18,0.205017159468304,0.5934154723289825,1.1362438767648086e-16,0.19602164971985903,0.605055075923322,5.551115123125783e-17,5.766142276324196,9.624589048319955,-5.551115123125783e-17,0.8447726873428153,2.392677850857657,1.6653345369377348e-16,1.0326304415610605,3.5793953875668234,0.027869175385737237,16.62419837540659,0.356820446640201,17.008887997432527,17.653616363859147,-0.09139173208319096,0.0,0.4014297843460332,0.31003805226284226,1.0,0.0002999992064342385,0.0,4.242640687119285,0.4195294714636516,0.08800248871328543
870,122.02365032869076,0.19634954084936207,1.734723475976807e-18,0.19888266083879902,0.6065276302943245,1.1362438767648086e-16,0.19924722650606863,0.6485382163890159,5.551115123125783e-17,5.775900072227775,9.621211248949853,-5.551115123125783e-17,0.84697695670913,2.36901010719939,1.6653345369377348e-16,1.0335338787060255,3.5544994203420592,0.026997284316625327,16.680510822180413,0.35868498259812975,17.06619308909517,17.71328998687024,-0.09092765552455959,0.0,0.4006590401036583,0.30973138457909877,1.0,0.0003027414962195458,0.0,4.242640687119285,0.43157929774392356,0.09313034512056911
872,122.4163494103895,0.19634954084936207,8.673617379884035e-19,0.19526445803476217,0.6219532585358322,1.1449174941446927e-16,0.2030211337743109,0.6522651274653413,0.0,5.795379321148708,9.706331398189583,-8.326672684688674e-17,0.8515828471058834,2.3376944225648724,1.6653345369377348e-16,1.031434385157229,3.5293790150724575,0.026396537444024835,16.793210737999033,0.3625966727424811,17.18220394818554,17.83204198146688,-0.0915072549687678,0.0,0.3998133357800989,0.30830608081133115,1.0,0.0003027414962195458,0.0,4.242640687119285,0.43157929774392356,0.09313034512056911
873,122.61269895123887,0.19634954084936207,2.6020852139652106e-18,0.1978957015964274,0.6334847531250827,1.1449174941446927e-16,0.2029816407631018,0.6157451940976757,1.1102230246251565e-16,5.805132243304707,9.761794814785036,-5.551115123125783e-17,0.8539556434375937,2.3336741868835174,1.942890293094024e-16,1.0284768354810212,3.536646610137277,0.02678612529518805,16.84978018112796,0.3646201204794573,17.24118642690261,17.891402989684753,-0.09193285136438514,0.0,0.4002578917954275,0.30832504043104236,1.0,0.0003027414962195458,0.0,4.242640687119285,0.43157929774392356,0.09313034512056911
874,122.80904849208824,0.19634954084936207,3.0357660829594124e-18,0.20228660726503864,0.6371920722832951,1.1362438767648086e-16,0.20238881266698666,0.5950336116759863,-5.551115123125783e-17,5.814882249330256,9.789567714873538,-5.551115123125783e-17,0.8564754322441274,2.3505922645955595,1.3877787807814457e-16,1.0247931151883312,3.5590098756622273,0.027647800251861233,16.906427786788047,0.3667750830188824,17.300850670058793,17.951180003890773,-0.09269292682130474,0.0,0.40323020877239496,0.3105372819510902,1.0,0.0003027414962195458,0.0,4.242640687119285,0.43157929774392356,0.09313034512056911
875,123.0053980329376,0.19634954084936207,1.734723475976807e-18,0.20746613398933467,0.638002014072801,1.1449174941446927e-16,0.20200503135910636,0.5756618578978814,1.1102230246251565e-16,5.824599589912285,9.819184490471915,-1.1102230246251565e-16,0.8593589925983748,2.3680666619757176,1.942890293094024e-16,1.0213582805451709,3.5947572379082486,0.028924618976436875,16.962980191403176,0.36924893907984674,17.361153749459458,18.01205932759362,-0.09374508099225201,0.0,0.40997777137576985,0.31623269038351787,1.0,0.0003027414962195458,0.0,4.242640687119285,0.43157929774392356,0.09313034512056911
877,123.39809711463634,0.19634954084936207,1.3010426069826053e-18,0.21895617639124268,0.6634463907729081,1.1275702593849246e-16,0.20268669494417016,0.6381736266091873,2.7755575615628914e-16,5.843784749269122,9.875822816099532,-5.551115123125783e-17,0.8673090906154834,2.4496468866469545,1.942890293094024e-16,1.0206869616555283,3.6875228628091326,0.03226187571828692,17.074910097895188,0.37611252933212835,17.483284502945605,18.140683538175004,-0.09571480280944092,0.0,0.42940277766143825,0.3336879748519973,1.0,0.0003027414962195458,0.0,4.242640687119285,0.43157929774392356,0.09313034512056911
878,123.59444665548571,0.19634954084936207,2.168404344971009e-18,0.2257195919937359,0.6662199190136932,1.1709383462843448e-16,0.20284653031070457,0.6331024348963604,2.220446049250313e-16,5.853217569391935,9.907774109391747,-8.326672684688674e-17,0.8726714079282015,2.4871739271143545,1.6653345369377348e-16,1.025884112914038,3.731728910240933,0.03403518452133307,17.130077957319216,0.3807776931076948,17.544890834948244,18.209826845600883,-0.09787959064699506,0.0,0.45593432466575007,0.358054734018755,1.0,0.0003027414962195458,0.0,4.242640687119285,0.43157929774392356,0.09313034512056911
879,123.79079619633508,0.19634954084936207,8.673617379884035e-19,0.23341061889062048,0.660810080957925,1.1275702593849246e-16,0.20204000792084048,0.6201847816049328,1.6653345369377348e-16,5.862573548166218,9.938001136089582,-5.551115123125783e-17,0.8787867874962028,2.525866990980319,1.6653345369377348e-16,1.0353431120403085,3.766179738151365,0.03569923237465454,17.18488430382911,0.3861331089389481,17.606716645142715,18.28227230118698,-0.09932485691204733,0.0,0.4739433715254687,0.3746185146134214,1.0,0.0003027414962195458,0.0,4.242640687119285,0.43157929774392356,0.09313034512056911
881,124.18349527803382,0.19634954084936207,3.0357660829594124e-18,0.24931391239376877,0.6989990298624827,1.1622647289044608e-16,0.1976226347365282,0.5966604501923274,1.1102230246251565e-16,5.881260070405558,9.93390665739767,-8.326672684688674e-17,0.8915631023296978,2.685914387977965,1.3877787807814457e-16,1.0633823751012887,3.790183894106705,0.0383360799230721,17.294610007873395,0.3974423827178776,17.730388470514345,18.433142013664757,-0.1011622924294606,0.0,0.49065898404668645,0.38949669161722583,1.0,0.00030199919703813825,0.0,4.242640687119285,0.41107625567923045,0.08449184399162801
882,124.37984481888319,0.19634954084936207,1.3010426069826053e-18,0.2552475739731561,0.7190970705406847,1.1535911115245767e-16,0.1955941182339762,0.5763955083440035,1.1102230246251565e-16,5.890650486039484,9.932915742678,-5.551115123125783e-17,0.8972675273360545,2.770946404414901,1.3877787807814457e-16,1.0785624417811837,3.851712403819223,0.03919728644829477,17.349881574338607,0.40254450780587864,17.79162336859278,18.50825805042032,-0.10267450311217738,0.0,0.49037651054577697,0.3877020074335996,1.0,0.00030199919703813825,0.0,4.242640687119285,0.41107625567923045,0.08449184399162801
883,124.57619435973255,0.19634954084936207,2.6020852139652106e-18,0.2582985624684226,0.7338932367228214,1.1275702593849246e-16,0.19504991265280588,0.6030916547231939,5.551115123125783e-17,5.9000588594727095,9.948018736544979,-5.551115123125783e-17,0.9020281067626162,2.8452319537652664,1.942890293094024e-16,1.0920556000566968,3.910274260622163,0.039706201161326934,17.405347272621196,0.4068273526948749,17.851880826477398,18.58070624624838,-0.10350146881137501,0.0,0.47768454714000763,0.3741830783286326,1.0,0.00030199919703813825,0.0,4.242640687119285,0.41107625567923045,0.08449184399162801
884,124.77254390058192,0.19634954084936207,0.0,0.2578953388140217,0.740281734930726,1.1188966420050406e-16,0.19636203183983583,0.6133554476326353,1.1102230246251565e-16,5.909454741031379,9.995163148562533,-5.551115123125783e-17,0.905639280320243,2.9034895054284497,1.942890293094024e-16,1.1024455528738555,3.9523993370290293,0.03983649898183714,17.46082766814912,0.4100912530294839,17.91075542016044,18.649000946393787,-0.10413666900155974,0.0,0.4573886351718821,0.3532519661703224,1.0,0.00030199919703813825,0.0,4.242640687119285,0.41107625567923045,0.08449184399162801
886,125.16524298228066,0.19634954084936207,2.168404344971009e-18,0.24788132886128617,0.7184153762561548,1.1535911115245767e-16,0.20201696948085687,0.579250884131052,2.7755575615628914e-16,5.928158876943215,10.03832802293918,-8.326672684688674e-17,0.9090483103541291,2.9659756965496835,1.6653345369377348e-16,1.1112436145107498,3.9757382753717687,0.03891225215201316,17.571533835140315,0.4131844152788484,18.023630502571176,18.77022775796357,-0.1047458008831204,0.0,0.4194381481785466,0.31469234729542617,1.0,0.00030199919703813825,0.0,4.242640687119285,0.41107625567923045,0.08449184399162801
887,125.36159252313003,0.19634954084936207,2.168404344971009e-18,0.24020912752290435,0.6855251954960729,1.1275702593849246e-16,0.2043998355580973,0.6067600930186811,1.1102230246251565e-16,5.937508382988911,10.04307644311834,-1.1102230246251565e-16,0.9088535255961401,2.9756188269280806,1.942890293094024e-16,1.1097415622200757,3.9549100295356605,0.03789885204623256,17.627002899031794,0.41300736549426686,18.077909116572293,18.823428592494594,-0.10499738563856292,0.0,0.38251439368467105,0.2775170080461081,1.0,0.00030199919703813825,0.0,4.242640687119285,0.41107625567923045,0.08449184399162801
888,125.5579420639794,0.19634954084936207,3.0357660829594124e-18,0.2324288374804576,0.6420028009066836,1.1449174941446927e-16,0.20580804557995502,0.6211079512651883,1.6653345369377348e-16,5.94691029221905,10.086868907689025,-5.551115123125783e-17,0.9075545650830185,2.963942308555482,1.6653345369377348e-16,1.1049817189443285,3.9160062589335807,0.03661870147712604,17.68287101185043,0.41182764430151353,18.131317357629072,18.8728108437149,-0.10486689592137981,0.0,0.3631712366460945,0.2583043407247147,1.0,0.00030199919703813825,0.0,4.242640687119285,0.41107625567923045,0.08449184399162801
889,125.75429160482877,0.19634954084936207,3.0357660829594124e-18,0.22562749237707466,0.6103401308904068,1.1622647289044608e-16,0.2065396492897458,0.6327282179511062,0.0,5.956397559236708,10.124441430567218,-5.551115123125783e-17,0.9054076613544948,2.9331414935761315,1.6653345369377348e-16,1.0975607048582625,3.854870952723699,0.03521199335319114,17.73933594184051,0.40988151661970773,18.184429451813408,18.91956363366233,-0.10445508316167468,0.0,0.3494405411587345,0.24498545799705984,1.0,0.00030199919703813825,0.0,4.242640687119285,0.41107625567923045,0.08449184399162801
891,126.1469906865275,0.19634954084936207,1.3010426069826053e-18,0.21712185296610234,0.5935913454759651,1.1449174941446927e-16,0.20905281469683543,0.6634464613894444,0.0,5.975674609709657,10.26092402403496,-8.326672684688674e-17,0.8999507988132726,2.827173011337968,1.942890293094024e-16,1.076139021829225,3.6992103570057093,0.03272056526213339,17.854343520564324,0.4049557201423235,18.292019805968778,19.009655828573074,-0.10260848604560266,0.0,0.3387912801287473,0.23618279408314466,1.0,0.0002979830950510772,0.0,4.242640687119285,0.3882542722875005,0.07537068997474827
892,126.34334022737687,0.19634954084936207,-8.673617379884035e-19,0.2152972677865046,0.5895695411829274,1.1449174941446927e-16,0.21200360677483973,0.7403903253704314,1.1102230246251565e-16,5.985409318184472,10.298212667657914,-2.7755575615628914e-17,0.8972892463197117,2.7586038061098916,1.942890293094024e-16,1.0623333247743612,3.6098085778103526,0.03193274014516528,17.912562353104764,0.4025639957804982,18.347059089030427,19.054332149900983,-0.10048168999815263,0.0,0.334727371402624,0.23424568140447136,1.0,0.0002979830950510772,0.0,4.242640687119285,0.3882542722875005,0.07537068997474827
893,126.53968976822624,0.19634954084936207,3.0357660829594124e-18,0.2145592535636599,0.5803077880429919,1.1796119636642288e-16,0.2158668777053957,0.7932823017406101,1.1102230246251565e-16,5.995148666925169,10.307491288720504,-5.551115123125783e-17,0.8949426143555975,2.6837206008391425,1.942890293094024e-16,1.0466331564272593,3.516601534613572,0.03152579151766619,17.970903769267316,0.4004611414948159,18.402890702279798,19.099120904090487,-0.099506607760458,0.0,0.3344563534289587,0.2349497456685007,1.0,0.0002979830950510772,0.0,4.242640687119285,0.3882542722875005,0.07537068997474827
895,126.93238884992498,0.19634954084936207,1.734723475976807e-18,0.2153013997259598,0.6077508608004201,1.1449174941446927e-16,0.22188521009153997,0.8769991802892487,0.0,6.01460003872265,10.263602295450506,-1.1102230246251565e-16,0.8911819660314858,2.536218375783975,1.3877787807814457e-16,1.012110811987511,3.404689538069695,0.03151348474224515,18.08770681290125,0.3971026482898722,18.516322945933368,19.190005034073586,-0.09853491498881468,0.0,0.33716545346420135,0.23863053847538668,1.0,0.0002979830950510772,0.0,4.242640687119285,0.3882542722875005,0.07537068997474827
896,127.12873839077434,0.19634954084936207,8.673617379884035e-19,0.21669038509974298,0.6084077323986499,1.1796119636642288e-16,0.22160334758581074,0.8466202498241828,1.1102230246251565e-16,6.024350999485412,10.234997958488544,-8.326672684688674e-17,0.8895152167965372,2.4709252236149184,1.942890293094024e-16,0.9954979020437562,3.4806960184095517,0.03159704067478182,18.146402482500438,0.39561866045629523,18.573618183631517,19.236811183790664,-0.09836969225985524,0.0,0.3442563154649686,0.24588662320511334,1.0,0.0002979830950510772,0.0,4.242640687119285,0.3882542722875005,0.07537068997474827
897,127.32508793162371,0.19634954084936207,8.673617379884035e-19,0.2185328052323726,0.608230043042119,1.1449174941446927e-16,0.2185583668558372,0.7683454925946724,2.7755575615628914e-17,6.0341559510902965,10.247078269068163,-1.1102230246251565e-16,0.8878408731854789,2.4358292839174442,1.942890293094024e-16,0.9808874899706724,3.562116090198413,0.03155647613041354,18.20551902103922,0.3941307080493767,18.631206205219012,19.28511478562325,-0.09881736021815334,0.0,0.3523875983974623,0.25357023817930896,1.0,0.0002979830950510772,0.0,4.242640687119285,0.3882542722875005,0.07537068997474827
898,127.52143747247308,0.19634954084936207,2.168404344971009e-18,0.22025874681104674,0.5973218147996268,1.1102230246251565e-16,0.21368097089524193,0.7171067698685953,8.326672684688674e-17,6.044018457418513,10.287335234813341,-2.7755575615628914e-17,0.8861963219429242,2.4424568908012505,1.3877787807814457e-16,0.968985979636342,3.637669396960584,0.03134859033431957,18.265079556807834,0.3926719605125836,18.689100107654735,19.335284201924907,-0.0995482980620663,0.0,0.3625662379879149,0.26301793992584854,1.0,0.0002979830950510772,0.0,4.242640687119285,0.3882542722875005,0.07537068997474827
900,127.91413655417182,0.19634954084936207,3.0357660829594124e-18,0.22068840751538363,0.6142752123663854,1.1449174941446927e-16,0.20590847892415473,0.7834305862333123,8.326672684688674e-17,6.063785988143674,10.369123398118626,-5.551115123125783e-17,0.8838068164142566,2.452065158182674,1.942890293094024e-16,0.9531336245788342,3.7389348674101575,0.030682739727011937,18.384750255003773,0.3905572443701516,18.805990239100936,19.44183268417284,-0.10077776925199283,0.0,0.3795091624126425,0.27873139316064965,1.0,0.0002969222136205843,0.0,4.242640687119285,0.40237241921868727,0.0809517818739495
901,128.11048609502117,0.19634954084936207,3.0357660829594124e-18,0.21887772763633656,0.6490137039564696,1.1362438767648086e-16,0.20622401015539393,0.8015255749156616,1.1102230246251565e-16,6.073614301849726,10.367617474462373,-5.551115123125783e-17,0.8835476762324939,2.444088275825841,1.6653345369377348e-16,0.9481864591551286,3.758453772315478,0.030443528441937144,18.444395343816762,0.3903282480879199,18.865167120346616,19.498240909992326,-0.1014599998625181,0.0,0.3961944936421938,0.2947344937796757,1.0,0.0002969222136205843,0.0,4.242640687119285,0.40237241921868727,0.0809517818739495
902,128.30683563587053,0.19634954084936207,8.673617379884035e-19,0.21615307693836505,0.6719337102789524,1.1275702593849246e-16,0.20965742604966686,0.8022448025606883,1.1102230246251565e-16,6.0833729594496155,10.341376382829514,-1.3877787807814457e-16,0.8840787405433288,2.452595652140478,1.6653345369377348e-16,0.9446482444391326,3.7592653364542197,0.030370380310482545,18.50371328188139,0.3907976097403393,18.92488127193221,19.556616164217466,-0.10197644649967155,0.0,0.4068888998202369,0.3049124533205654,1.0,0.0002969222136205843,0.0,4.242640687119285,0.40237241921868727,0.0809517818739495
903,128.50318517671988,0.19634954084936207,4.336808689942018e-19,0.21314158704145306,0.6773992203787116,1.1275702593849246e-16,0.215075049069611,0.7882851202980556,8.326672684688674e-17,6.09307690389861,10.324185988048034,-1.1102230246251565e-16,0.8853649642554592,2.475129723135862,1.942890293094024e-16,0.942569476700236,3.7460658886442832,0.030461879192711032,18.56279307841133,0.3919355599655352,18.985190517569578,19.617004126504998,-0.1024187304882387,0.0,0.4177558941683481,0.3153371636801094,1.0,0.0002969222136205843,0.0,4.242640687119285,0.40237241921868727,0.0809517818739495
905,128.8958842584186,0.19634954084936207,1.3010426069826053e-18,0.20816238540075663,0.643954220881528,1.1362438767648086e-16,0.22585619946985624,0.7306466429278646,2.7755575615628914e-17,6.112413308607311,10.295163354947267,-2.7755575615628914e-17,0.8897296141520051,2.5079066424094543,1.942890293094024e-16,0.9447976905350731,3.6998392633813113,0.030852323961089605,18.680798227619885,0.39580939314953795,19.10745994473051,19.744282860410962,-0.1032904388825694,0.0,0.4353653560254503,0.3320749171428809,1.0,0.0002969222136205843,0.0,4.242640687119285,0.40237241921868727,0.0809517818739495
906,129.09223379926794,0.19634954084936207,1.734723475976807e-18,0.20670690566673905,0.686026296688988,1.1362438767648086e-16,0.2288862335259474,0.7149133787251576,1.3877787807814457e-16,6.122057826849684,10.317042497774818,-5.551115123125783e-17,0.8925688188098873,2.5117781352557054,1.6653345369377348e-16,0.9502117491499716,3.6762612667783325,0.030966655017290477,18.739796017645745,0.3983395481558387,19.169102220818875,19.811225408394822,-0.10475634565056674,0.0,0.45375523715754185,0.3489988915069751,1.0,0.0002969222136205843,0.0,4.242640687119285,0.40237241921868727,0.0809517818739495
907,129.2885833401173,0.19634954084936207,2.168404344971009e-18,0.20617051945084197,0.7099429052071219,1.1622647289044608e-16,0.2296181831196145,0.6823728646946732,0.0,6.131669351062546,10.368165952692156,-1.1102230246251565e-16,0.8956926760751674,2.505826274725534,1.6653345369377348e-16,0.9586533011984018,3.656288886048853,0.03095052729340263,18.798684515379882,0.40113268498734744,19.230767727660634,19.8800347736606,-0.10632741691847801,0.0,0.4649013633341673,0.3585739464156893,1.0,0.0002969222136205843,0.0,4.242640687119285,0.40237241921868727,0.0809517818739495
909,129.681282421816,0.19634954084936207,1.3010426069826053e-18,0.2082655530812439,0.7102374933290122,1.1796119636642288e-16,0.22539476053210594,0.7133129417660196,1.942890293094024e-16,6.150759513181586,10.391073772687225,-5.551115123125783e-17,0.9020884585338313,2.5126157806046026,1.942890293094024e-16,0.9816028482730753,3.630803266823772,0.030639904656102473,18.915921294496886,0.40688179350997183,19.35344299266296,20.020481707142142,-0.10965850740133422,0.0,0.4756303044668754,0.36597179706554117,1.0,0.0002969222136205843,0.0,4.242640687119285,0.40237241921868727,0.0809517818739495
910,129.87763196266536,0.19634954084936207,-4.336808689942018e-19,0.2106947940678933,0.6930966219101002,1.1449174941446927e-16,0.2223284928502678,0.7318545782145482,8.326672684688674e-17,6.160261515961035,10.36496051085882,-2.7755575615628914e-17,0.9049015931760582,2.5148167841905495,1.6653345369377348e-16,0.9935073923194229,3.6256703376864197,0.030529151853605795,18.974410972515276,0.4094234466662841,19.414363571035167,20.090292391121654,-0.1137851717028468,0.0,0.47797215633376827,0.3641869846309215,1.0,0.0003033568952452393,0.0,4.242640687119285,0.4543388330866199,0.10321188762525572
911,130.07398150351472,0.19634954084936207,1.734723475976807e-18,0.21357332602016735,0.6686835634486704,1.1449174941446927e-16,0.2202522694382299,0.7534564112522174,8.326672684688674e-17,6.169706120454192,10.329036289591707,-8.326672684688674e-17,0.9071493940864159,2.5306240628075245,1.6653345369377348e-16,1.0038274098377356,3.62593614052137,0.03059442527418591,19.03263680638495,0.4114600115956757,19.47469124325481,20.15822201141071,-0.11925250931082595,0.0,0.4742900002512033,0.3550374909403774,1.0,0.0003033568952452393,0.0,4.242640687119285,0.4543388330866199,0.10321188762525572
912,130.27033104436407,0.19634954084936207,8.673617379884035e-19,0.2164117678712706,0.6408556029410949,1.1622647289044608e-16,0.22040927562692672,0.7380087245043668,1.1102230246251565e-16,6.179168565928829,10.335121632779703,-8.326672684688674e-17,0.9088535326749123,2.5355118975818582,1.6653345369377348e-16,1.0117929485920987,3.6328449030628733,0.030913993500872514,19.091062083081475,0.413007371927834,19.53498344851018,20.224396562559598,-0.12225432942724,0.0,0.46856887428335126,0.34631454485611124,1.0,0.0003033568952452393,0.0,4.242640687119285,0.4543388330866199,0.10321188762525572
914,130.66303012606278,0.19634954084936207,2.6020852139652106e-18,0.22039044170555855,0.5941766039265461,1.1622647289044608e-16,0.2277145245960287,0.7681620356832942,2.7755575615628914e-17,6.19804238254802,10.359134048567364,-8.326672684688674e-17,0.911300454775518,2.5018609853880527,2.220446049250313e-16,1.0209683794159923,3.6719443114160235,0.032187953086193155,19.20786468793076,0.415234259437033,19.655286900453984,20.351962796468197,-0.1270392718825872,0.0,0.46135485106134416,0.334315579178757,1.0,0.0003033568952452393,0.0,4.242640687119285,0.4543388330866199,0.10321188762525572
915,130.85937966691213,0.19634954084936207,3.469446951953614e-18,0.22126013912153172,0.6044144698192627,1.1449174941446927e-16,0.23251526156614402,0.8312746297253149,3.3306690738754696e-16,6.207330976755218,10.370345586243078,-8.326672684688674e-17,0.9126317211027325,2.489722094483423,1.6653345369377348e-16,1.023936558714357,3.70569695559793,0.03285539927176448,19.265478927492445,0.4164483291814678,19.714782655945676,20.41431142572053,-0.13221995472725545,0.0,0.45928058069605493,0.3270606259687995,1.0,0.0003033568952452393,0.0,4.242640687119285,0.4543388330866199,0.10321188762525572
916,131.0557292077615,0.19634954084936207,8.673617379884035e-19,0.22157045207711035,0.6308172141316691,1.1449174941446927e-16,0.23567338492021092,0.8499637505753338,0.0,6.2164268439537596,10.400738565630123,-2.7755575615628914e-17,0.9143789945574212,2.469374233940978,1.942890293094024e-16,1.0273644943250195,3.747949786511985,0.03328184450862185,19.321981353114452,0.4180444728439202,19.773307670466995,20.47633115044484,-0.13609245226691596,0.0,0.46150306894653026,0.3254106166796143,1.0,0.0003033568952452393,0.0,4.242640687119285,0.4543388330866199,0.10321188762525572
917,131.25207874861084,0.19634954084936207,3.469446951953614e-18,0.22155824379670674,0.6328835262664982,1.1535911115245767e-16,0.2357795284962737,0.8339778568608144,1.1102230246251565e-16,6.225290095638866,10.439331350686125,-5.551115123125783e-17,0.9166029747505278,2.4414673314026603,1.942890293094024e-16,1.0319852901937696,3.795967931838795,0.0333196853633765,19.377118387429682,0.42008050666075836,19.83051857945382,20.538147368692183,-0.14038625918603592,0.0,0.4648512113373077,0.3244649521512718,1.0,0.0003033568952452393,0.0,4.242640687119285,0.4543388330866199,0.10321188762525572
919,131.64477783030955,0.19634954084936207,2.6020852139652106e-18,0.22073501545858704,0.5897630352774026,1.1449174941446927e-16,0.226388190311784,0.8321645176793229,1.1102230246251565e-16,6.242385747714206,10.478192441130426,-5.551115123125783e-17,0.92178179850215,2.415473729678206,1.6653345369377348e-16,1.044277869411292,3.8925318050083275,0.032192446570107794,19.483689911632716,0.42484084202492917,19.94072320022775,20.660003434759076,-0.14767628937033614,0.0,0.4679425678268959,0.32026627845655975,1.0,0.0003033568952452393,0.0,4.242640687119285,0.4543388330866199,0.10321188762525572
920,131.8411273711589,0.19634954084936207,1.734723475976807e-18,0.21954348530946974,0.5797830877843642,1.1275702593849246e-16,0.21957368940273253,0.838914354492726,5.551115123125783e-17,6.250730037624453,10.475564120177715,-8.326672684688674e-17,0.924191990602337,2.409343249057069,1.942890293094024e-16,1.0504082249964706,3.932546033761592,0.03128037324937662,19.5358130016303,0.427065417746755,19.99415879262643,20.719130718941045,-0.15557942186517587,0.0,0.4671368122270817,0.31155739036190583,1.0,0.00031888744750996193,0.0,4.242640687119285,0.5352453473443672,0.14324379092689615
921,132.03747691200826,0.19634954084936207,3.469446951953614e-18,0.21756321301464102,0.5663852966719891,1.1275702593849246e-16,0.2140321565557264,0.8257101431159144,-2.220446049250313e-16,6.2588047226307175,10.456891519073917,-5.551115123125783e-17,0.9261243491050077,2.407332289571402,1.942890293094024e-16,1.0552349557845495,3.962605546852349,0.03038040658777563,19.58631827801229,0.428853155002587,20.045551839602652,20.77505561382084,-0.1687571719565557,0.0,0.4648230118801166,0.2960658399235609,1.0,0.00031888744750996193,0.0,4.242640687119285,0.5352453473443672,0.14324379092689615
923,132.43017599370697,0.19634954084936207,8.673617379884035e-19,0.21191712356321968,0.5692255253729795,1.1405806854547507e-16,0.2148055251593439,0.7869891979880377,2.220446049250313e-16,6.2748069870534975,10.401316047632209,-2.7755575615628914e-17,0.9293514134212857,2.379261339101512,1.942890293094024e-16,1.0605618520173816,3.9984071361687006,0.029267893826252243,19.686601362387698,0.4318470248140709,20.14771628102802,20.88325699516982,-0.17584494623133848,0.0,0.4630096182512821,0.28716467201994367,1.0,0.00031888744750996193,0.0,4.242640687119285,0.5352453473443672,0.14324379092689615
924,132.62652553455632,0.19634954084936207,3.469446951953614e-18,0.20930956296551168,0.5555379309025208,1.1405806854547507e-16,0.22103774995710615,0.7454056913923685,1.1102230246251565e-16,6.282662308193902,10.375014405540135,-2.7755575615628914e-17,0.9311014433834732,2.363203038077103,1.942890293094024e-16,1.0618518223221172,4.0104850796122875,0.029175832436776683,19.73592283940016,0.4334749489353936,20.198573620772333,20.936481478701293,-0.18294001620626446,0.0,0.46599256619827933,0.2830525499920149,1.0,0.00031888744750996193,0.0,4.242640687119285,0.5352453473443672,0.14324379092689615
925,132.82287507540568,0.19634954084936207,2.6020852139652106e-18,0.20777207243521773,0.567687527656485,1.1232334506949826e-16,0.22894143275115392,0.7191787768901013,1.1102230246251565e-16,6.29035609884505,10.341127075708599,-2.7755575615628914e-17,0.9332428277086164,2.38001672989168,1.942890293094024e-16,1.063277823412359,4.023731578014162,0.029363463896104502,19.784289925138566,0.43547108773478715,20.249124476769456,20.98984669153959,-0.1878353234923892,0.0,0.47185057024960836,0.2840152467572191,1.0,0.00031888744750996193,0.0,4.242640687119285,0.5352453473443672,0.14324379092689615
926,133.01922461625503,0.19634954084936207,1.734723475976807e-18,0.2078891468122687,0.5747629156220797,1.1449174941446927e-16,0.23639320645840534,0.742923094134053,-5.551115123125783e-17,6.2978476563681625,10.333221702399204,-5.551115123125783e-17,0.9359045484963127,2.427083021357177,1.3877787807814457e-16,1.0656687421119933,4.040605807787097,0.029771444634448727,19.831442551410973,0.43795866194804334,20.299172657993466,21.043756784278443,-0.1930863517442527,0.0,0.4801588753519605,0.2870725236077078,1.0,0.00031888744750996193,0.0,4.242640687119285,0.5352453473443672,0.14324379092689615
928,133.41192369795374,0.19634954084936207,8.673617379884035e-19,0.21390969804532323,0.5735920744502561,1.1449174941446927e-16,0.24465520702111884,0.7905997533176423,1.1102230246251565e-16,6.312101157987662,10.451648888807696,-8.326672684688674e-17,0.9429779969473443,2.560556599033022,1.6653345369377348e-16,1.0754180125375612,4.0869370887694565,0.03111167167517023,19.921310514334586,0.44460375136341285,20.39702593737317,21.15389114219294,-0.20208287422597163,0.0,0.4955408978848552,0.2934580236588836,1.0,0.00031888744750996193,0.0,4.242640687119285,0.5352453473443672,0.14324379092689615
929,133.6082732388031,0.19634954084936207,1.734723475976807e-18,0.21926149524484553,0.5952490275077955,1.1492543028346347e-16,0.24529791080033567,0.8429826201346959,5.551115123125783e-17,6.318817013034458,10.537682651232238,-1.1102230246251565e-16,0.9474061957941642,2.653515530733398,1.6653345369377348e-16,1.082904514302779,4.115313624639608,0.03207972244037213,19.96372422210685,0.448789249914585,20.44459319446181,21.210006634892682,-0.21233625186172092,0.0,0.5116532488289827,0.2993169969672618,1.0,0.00031888744750996193,0.0,4.242640687119285,0.5352453473443672,0.14324379092689615
930,133.80462277965245,0.19634954084936207,2.6020852139652106e-18,0.22529199901902658,0.6299177719549937,1.1405806854547507e-16,0.24496884311216402,0.8944727043110119,2.220446049250313e-16,6.325246952884912,10.621984771642186,-5.551115123125783e-17,0.9523729549386527,2.759707079232823,1.942890293094024e-16,1.0916681616817676,4.168692757724823,0.03331551383923011,20.00437450748993,0.4535071226492905,20.491197143978454,21.266473897939747,-0.21989723333814054,0.0,0.5213594006039488,0.30146216726580827,1.0,0.00034796951959585555,0.0,4.242640687119285,0.6781684531101331,0.22995622539689536
931,134.0009723205018,0.19634954084936207,1.734723475976807e-18,0.23125440233506045,0.669322513553275,1.1579279202145187e-16,0.24428196795569773,0.9320258892520858,0.0,6.3308977719868595,10.688548565787945,-8.326672684688674e-17,0.9574259427255768,2.864148925058983,1.3877787807814457e-16,1.1007544786888068,4.232305479956471,0.03481073724628714,20.04013329967409,0.45833221790197964,20.533276254822354,21.318756786759767,-0.2472423415404113,0.0,0.5289728944585157,0.2817305529181044,1.0,0.00034796951959585555,0.0,4.242640687119285,0.6781684531101331,0.22995622539689536
933,134.3936714022005,0.19634954084936207,1.734723475976807e-18,0.24127994266408592,0.716575183731134,1.1405806854547507e-16,0.24648274041247162,0.9809053466672707,1.3877787807814457e-16,6.341672750008764,10.776395351116797,-8.326672684688674e-17,0.967602456158686,3.030928773172086,1.942890293094024e-16,1.1196167283923724,4.423355296528747,0.03834062443089289,20.108406634101858,0.4681272565821609,20.614874515114913,21.421458008691005,-0.2569924149971826,0.0,0.5345378723593842,0.2775454573622016,1.0,0.00034796951959585555,0.0,4.242640687119285,0.6781684531101331,0.22995622539689536
934,134.59002094304986,0.19634954084936207,8.673617379884035e-19,0.24518632348961905,0.7307222046637541,1.1666015375944028e-16,0.24808504769157455,1.004706706862587,2.7755575615628914e-17,6.346885732952283,10.807929358193123,-5.551115123125783e-17,0.971968659384912,3.071705644672371,1.6653345369377348e-16,1.1291923328055493,4.500773768009961,0.0399823154685986,20.141479253576613,0.4723615374132514,20.653823106458464,21.47045498147776,-0.2674471848509303,0.0,0.5336947524482927,0.2662475675973624,1.0,0.00034796951959585555,0.0,4.242640687119285,0.6781684531101331,0.22995622539689536
935,134.78637048389922,0.19634954084936207,-8.673617379884035e-19,0.2483851843647047,0.7841591873504214,1.1709383462843448e-16,0.24847358902987668,1.0172082945338727,5.551115123125783e-17,6.352018166055549,10.829978888965936,-1.1102230246251565e-16,0.975449225552671,3.1116575427016104,1.6653345369377348e-16,1.1388712827340257,4.606403759237285,0.041230356262167034,20.174067390949844,0.4757505958156527,20.691048343027667,21.5169964444751,-0.274703860909135,0.0,0.5289609681213585,0.2542571072122235,1.0,0.00034796951959585555,0.0,4.242640687119285,0.6781684531101331,0.22995622539689536
937,135.17906956559793,0.19634954084936207,0.0,0.2517523934256751,0.8493687392246754,1.1275702593849246e-16,0.2444606175831924,1.0020031994603635,2.7755575615628914e-17,6.361954951474056,10.848429293082695,-8.326672684688674e-17,0.9796257527556155,3.1118557326414087,1.942890293094024e-16,1.1573490349680637,4.799583106969158,0.04208059837103577,20.237235402292622,0.47983330773100313,20.75914930839466,21.600635949085877,-0.28580829129312124,0.0,0.5168425592918033,0.2310342679986821,1.0,0.00034796951959585555,0.0,4.242640687119285,0.6781684531101331,0.22995622539689536
938,135.37541910644728,0.19634954084936207,8.673617379884035e-19,0.2511431449339567,0.8484776246371641,1.1275702593849246e-16,0.24181203084114244,0.9895613098710752,2.7755575615628914e-16,6.366645964490668,10.844806337156598,-2.7755575615628914e-17,0.9807537214246419,3.1407031278793793,1.6653345369377348e-16,1.1648758187878625,4.871112962084408,0.04178369840449422,20.267090418582647,0.4809389310441421,20.789813048031284,21.637124610838534,-0.2969128732694909,0.0,0.5017201212903376,0.2048072480208467,1.0,0.00034796951959585555,0.0,4.242640687119285,0.6781684531101331,0.22995622539689536
939,135.57176864729664,0.19634954084936207,0.0,0.24867732391384914,0.8271412724351621,1.1145598333150986e-16,0.2406450717980846,0.9640993570317409,1.3877787807814457e-16,6.371069354137486,10.831606122128393,-5.551115123125783e-17,0.9817004534813405,3.159073636588984,1.6653345369377348e-16,1.1704165777070124,4.918019418254665,0.04122616525419878,20.29526235761492,0.4818678901827348,20.818356413051852,21.670090543884868,-0.3041752824983817,0.0,0.4917667084267825,0.18759142592840078,1.0,0.00034796951959585555,0.0,4.242640687119285,0.6781684531101331,0.22995622539689536
940,135.768118188146,0.19634954084936207,3.469446951953614e-18,0.2445037150286807,0.7899209438917604,1.1275702593849246e-16,0.2419280788910492,0.9577298064815791,1.3877787807814457e-16,6.375195028805228,10.807929893748462,-8.326672684688674e-17,0.982759170112627,3.1522287629364545,1.942890293094024e-16,1.1738589794589305,4.937674920054484,0.040574924508012714,20.321555827651444,0.4829077932202297,20.845038545379687,21.69999146258714,-0.31129633971737314,0.0,0.4840878253425581,0.17279148562518498,1.0,0.0003826870070402518,0.0,4.242640687119285,0.7695467975066457,0.2961011367763671
942,136.1608172698447,0.19634954084936207,1.734723475976807e-18,0.23307929474918848,0.6994950457764302,1.1232334506949826e-16,0.2490833383441707,0.9197136514090746,2.220446049250313e-16,6.381226181667885,10.742252504280943,0.0,0.9847952472876047,3.077376290656791,1.6653345369377348e-16,1.1762197609129637,4.890995139864632,0.03916778663446219,20.36002379080185,0.48491083954012726,20.88410241697644,21.742556346526342,-0.34931561077397566,0.0,0.4812894637065971,0.13197385293262143,1.0,0.0003826870070402518,0.0,4.242640687119285,0.7695467975066457,0.2961011367763671
943,136.35716681069405,0.19634954084936207,8.673617379884035e-19,0.22713364278425038,0.6632360272540101,1.1535911115245767e-16,0.2543235913726701,0.9108316529650179,1.1102230246251565e-16,6.384085350319035,10.758245459483838,-5.551115123125783e-17,0.9862265809143435,3.03150343140761,1.6653345369377348e-16,1.1785698594439074,4.839325478812673,0.03842173932167275,20.378272880079045,0.48632143445099785,20.903016053851715,21.764374754971918,-0.355043563554549,0.0,0.49071082777683284,0.1356672642222838,1.0,0.0003826870070402518,0.0,4.242640687119285,0.7695467975066457,0.2961011367763671
944,136.5535163515434,0.19634954084936207,1.734723475976807e-18,0.2217065135799442,0.6520948170882608,1.1362438767648086e-16,0.25925148487878086,0.9390618851605355,0.0,6.386915057637515,10.790619515907776,-5.551115123125783e-17,0.9878477280399047,2.98901390489053,1.6653345369377348e-16,1.1837732852640785,4.788032091023321,0.03759724911866623,20.396341976738412,0.48792156689680066,20.92186079275388,21.788138541195007,-0.3597640806252806,0.0,0.5058631266963197,0.14609904607103913,1.0,0.0003826870070402518,0.0,4.242640687119285,0.7695467975066457,0.2961011367763671
946,136.94621543324212,0.19634954084936207,8.673617379884035e-19,0.2133037525767385,0.6212158680535099,1.1535911115245767e-16,0.2660284143074759,0.9826243826657215,1.1102230246251565e-16,6.39256478736494,10.836891308834016,-5.551115123125783e-17,0.9919650517391628,2.989236931537338,1.6653345369377348e-16,1.206465573876942,4.851811462786635,0.03589688104562989,20.432442280329077,0.49199733193594,20.96033649331065,21.84533480410315,-0.36795174948775294,0.0,0.5393128253687752,0.17136107588102228,1.0,0.0003826870070402518,0.0,4.242640687119285,0.7695467975066457,0.2961011367763671
947,137.14256497409147,0.19634954084936207,1.734723475976807e-18,0.2106889221944468,0.6118605644474246,1.1319070680748666e-16,0.26784310304272935,0.9974982220223566,5.551115123125783e-17,6.395345566429945,10.857337145110739,-5.551115123125783e-17,0.9948359548650574,3.0561421519945124,1.3877787807814457e-16,1.224225517307942,4.911723673151301,0.035288142410204136,20.45022245702757,0.49484928854613514,20.980359887983912,21.879865768181574,-0.3771272557656974,0.0,0.5793108626562395,0.20218360689054216,1.0,0.0003826870070402518,0.0,4.242640687119285,0.7695467975066457,0.2961011367763671
948,137.33891451494083,0.19634954084936207,8.673617379884035e-19,0.20956672046231772,0.5872382599022689,1.1449174941446927e-16,0.26899474838267384,1.0075288304448942,2.220446049250313e-16,6.398034882982898,10.888453548046865,-8.326672684688674e-17,0.9985185465576766,3.1239410819936175,1.6653345369377348e-16,1.2456186549519106,4.986927236736126,0.035062885021945635,20.467425181932995,0.49851964390982756,21.00100771086477,21.91845012983693,-0.383950535615519,0.0,0.6072406550542023,0.22329011943868332,1.0,0.0003826870070402518,0.0,4.242640687119285,0.7695467975066457,0.2961011367763671
949,137.53526405579018,0.19634954084936207,2.6020852139652106e-18,0.21032397614537365,0.5925990286852737,1.1622647289044608e-16,0.2698924232807608,1.017771937424836,-5.551115123125783e-17,6.4005711155553575,10.89787318552351,-8.326672684688674e-17,1.0031390246606617,3.1849438396423793,1.3877787807814457e-16,1.2699203627154019,5.073204906474278,0.03533699996441733,20.48365530264078,0.5031439513985718,21.02213625400377,21.96070859186493,-0.3914778807589205,0.0,0.6340205198049153,0.24254263904599477,1.0,0.0003826870070402518,0.0,4.242640687119285,0.7695467975066457,0.2961011367763671
951,137.9279631374889,0.19634954084936207,1.734723475976807e-18,0.21758628198842503,0.6405230483775077,1.1319070680748666e-16,0.27114061295997355,1.0858898138430244,2.220446049250313e-16,6.403931700624888,10.883519833180875,-5.551115123125783e-17,1.0145934170958326,3.3256958819201996,1.6653345369377348e-16,1.3241322112390475,5.252043248191281,0.03725833378272444,20.505170613134176,0.5146999010070992,21.057128847923998,22.045226799398122,-0.42398953626137087,0.0,0.6688049110672545,0.2448153748058836,1.0,0.0004222971494743231,0.0,4.242640687119285,0.8607898612024741,0.37047959257448737
952,138.12431267833824,0.19634954084936207,2.6020852139652106e-18,0.22312911063364022,0.6631387897435032,1.1232334506949826e-16,0.272325940862899,1.0950135732197226,1.1102230246251565e-16,6.404723556300035,10.871225042259553,-5.551115123125783e-17,1.02141673337341,3.392932698476396,1.6653345369377348e-16,1.3533659695908382,5.334587106701571,0.038616791910056264,20.510241916312275,0.5216460716076038,21.070504779829932,22.086682702302117,-0.4530847938619089,0.0,0.6958992989533908,0.24281450509148184,1.0,0.0004222971494743231,0.0,4.242640687119285,0.8607898612024741,0.37047959257448737
953,138.3206622191876,0.19634954084936207,2.6020852139652106e-18,0.2289391936284862,0.6825453499129441,1.1427490897997217e-16,0.2745171105988013,1.0913279329836119,1.1102230246251565e-16,6.405166619345279,10.84923066528423,-1.1102230246251565e-16,1.0289905434028044,3.4424374823170534,1.942890293094024e-16,1.3839249761758696,5.408989824054986,0.03996548268439891,20.513079710787515,0.5294107692061992,21.08245596267811,22.128983783598823,-0.4607797387991434,0.0,0.7083267283914639,0.24754698959232052,1.0,0.0004222971494743231,0.0,4.242640687119285,0.8607898612024741,0.37047959257448737
954,138.51701176003695,0.19634954084936207,8.673617379884035e-19,0.23433982745365392,0.6979990887062854,1.1470858984896637e-16,0.2774131340967029,1.075746553340595,0.0,6.405204346451881,10.818837149840705,-8.326672684688674e-17,1.037031208340784,3.468636622562891,1.6653345369377348e-16,1.4153207492979951,5.471006007975452,0.041092069166921645,20.513321359903024,0.5377168635363732,21.09213029260632,22.170693018458927,-0.4706828128121785,0.0,0.7157070400558063,0.24502422724362782,1.0,0.0004222971494743231,0.0,4.242640687119285,0.8607898612024741,0.37047959257448737
956,138.90971084173566,0.19634954084936207,1.734723475976807e-18,0.24211206866851456,0.7176166569195241,1.1405806854547507e-16,0.2844588734776738,1.1461576951662593,0.0,6.404028873275557,10.931414236197458,-2.7755575615628914e-17,1.0530281706166855,3.561145858350212,1.3877787807814457e-16,1.4767061838501623,5.541878993518896,0.042297964062049304,20.505792904873502,0.5544341640561616,21.10252503299171,22.245737708471623,-0.4892679029577769,0.0,0.7140103306979948,0.2247424277402179,1.0,0.0004222971494743231,0.0,4.242640687119285,0.8607898612024741,0.37047959257448737
957,139.106060382585,0.19634954084936207,1.734723475976807e-18,0.24385136970938243,0.7232534802868694,1.1514227071796057e-16,0.2890534775239327,1.2074998737460274,1.1102230246251565e-16,6.4028623395972435,10.956585623940146,-5.551115123125783e-17,1.0602022654778072,3.6173833603650873,1.942890293094024e-16,1.5039750024731606,5.543934500220038,0.04246284923250097,20.49832306991635,0.5620144218621376,21.102800341010987,22.27553878105045,-0.510909439528209,0.0,0.6978521605777304,0.18694272104952137,1.0,0.0004222971494743231,0.0,4.242640687119285,0.8607898612024741,0.37047959257448737
958,139.30240992343437,0.19634954084936207,1.734723475976807e-18,0.24385126695626438,0.7273644195471278,1.1405806854547507e-16,0.29505353236741,1.254010705309053,0.0,6.401338723265547,11.013855090057646,-9.71445146547012e-17,1.0664417815672862,3.6424459327053675,1.6653345369377348e-16,1.5272439795081045,5.521018413694451,0.042501102250714025,20.48856872498949,0.5686490367362034,21.09971886397641,22.29813592740743,-0.5269772501327015,0.0,0.6786222040503223,0.15164495391762078,1.0,0.0004222971494743231,0.0,4.242640687119285,0.8607898612024741,0.37047959257448737
960,139.69510900513308,0.19634954084936207,1.734723475976807e-18,0.23849267198295757,0.7336543047809023,1.1275702593849246e-16,0.31181852349517036,1.3972360976579505,1.1102230246251565e-16,6.397113177235117,11.165895068337266,-4.163336342344337e-17,1.0760845339804435,3.611654849936057,1.942890293094024e-16,1.5601054367645988,5.488951009812323,0.04254163524589037,20.461528501177586,0.5789789621359541,21.083049098559428,22.319188883627447,-0.5532360247944731,0.0,0.6458989505686111,0.09266292577413804,1.0,0.0004725212439908862,0.0,4.242640687119285,1.018158417947813,0.5183232820189966
961,139.89145854598243,0.19634954084936207,2.6020852139652106e-18,0.23349246919845892,0.7412066582643373,1.1449174941446927e-16,0.3189837457134861,1.4869116099847441,2.220446049250313e-16,6.392713628993331,11.206496425579221,-8.326672684688674e-17,1.0789518156130775,3.5568211979015185,1.942890293094024e-16,1.5698787701982577,5.448631931296346,0.042374096014446014,20.43339377115854,0.5820685102073782,21.05783637738036,22.305325112929925,-0.6436367680933306,0.0,0.6190514152170083,-0.024585352876322242,1.0,0.0004725212439908862,0.0,4.242640687119285,1.018158417947813,0.5183232820189966
962,140.08780808683179,0.19634954084936207,1.734723475976807e-18,0.2275183553209074,0.7428251720365555,1.1405806854547507e-16,0.3261685936861782,1.5671333320702359,2.220446049250313e-16,6.387941936687657,11.219134748322585,-5.551115123125783e-17,1.081899013139537,3.503282333074129,2.220446049250313e-16,1.577733132011329,5.3708931793422705,0.042065974209351466,20.40290109324642,0.5852527373161518,21.030219804771924,22.287567837766574,-0.653289816215646,0.0,0.6101232915295813,-0.04316652468606463,1.0,0.0004725212439908862,0.0,4.242640687119285,1.018158417947813,0.5183232820189966
963,140.28415762768114,0.19634954084936207,2.6020852139652106e-18,0.22116719411626412,0.7367319753793868,1.1319070680748666e-16,0.33258223899268574,1.6343331873868077,0.0,6.382677469402119,11.205894097166556,-6.938893903907228e-17,1.0852410618356534,3.457324860038634,1.942890293094024e-16,1.5851500462368624,5.310424274935414,0.04155334093731096,20.369285839206714,0.5888740811470883,20.999713261291117,22.26701652309108,-0.6660683362432673,0.0,0.6097955262889536,-0.05627280995431372,1.0,0.0004725212439908862,0.0,4.242640687119285,1.018158417947813,0.5183232820189966
965,140.67685670937985,0.19634954084936207,1.734723475976807e-18,0.21025037208822972,0.7288982165744972,1.1492543028346347e-16,0.34105781283435904,1.713801319506501,1.1102230246251565e-16,6.370480750374999,11.121315977416948,-5.551115123125783e-17,1.0936305184510442,3.399109273831832,2.220446049250313e-16,1.6021523614575042,5.44649864873341,0.040064882746976345,20.291512495449204,0.5980138554437495,20.92959123363993,22.220665980201122,-0.68923111242719,0.0,0.621394025480377,-0.06783708694681301,1.0,0.0004725212439908862,0.0,4.242640687119285,1.018158417947813,0.5183232820189966
966,140.8732062502292,0.19634954084936207,2.6020852139652106e-18,0.2070679125396969,0.731974155862049,1.1340754724198376e-16,0.3430101541542885,1.7182802354856639,2.220446049250313e-16,6.36357706220377,11.112431607792976,-2.7755575615628914e-17,1.098510976561113,3.3823249469634464,2.220446049250313e-16,1.6118168386880125,5.575158564965346,0.03937746712050426,20.247556513302982,0.6033631828126249,20.890297163236113,22.195107796847854,-0.7149125022009517,0.0,0.6370839331684989,-0.07782856903245283,1.0,0.0004725212439908862,0.0,4.242640687119285,1.018158417947813,0.5183232820189966
967,141.06955579107856,0.19634954084936207,2.6020852139652106e-18,0.20587360040647368,0.743881461288096,1.0972125985553305e-16,0.34406431999334286,1.695330760918095,0.0,6.356200435485719,11.10883667342561,-9.71445146547012e-17,1.1035919547587185,3.366816478258448,1.6653345369377348e-16,1.6215483174667387,5.685594046710319,0.038990359333822576,20.200641988034423,0.6089576013040846,20.84858994867233,22.167490665363797,-0.7327640449049095,0.0,0.6461359526196926,-0.08662809228521695,1.0,0.0004725212439908862,0.0,4.242640687119285,1.018158417947813,0.5183232820189966
968,141.2659053319279,0.19634954084936207,0.0,0.20646833349737273,0.7450309160729384,1.1297386637298956e-16,0.3451330617330424,1.6440256357780214,1.1102230246251565e-16,6.348399911730348,11.108889328153426,-5.551115123125783e-17,1.1087291411428974,3.348378882466702,1.942890293094024e-16,1.6307905440161403,5.7766687184922905,0.03907552555110698,20.151090719628947,0.6146401542097335,20.804806399389786,22.137505559181683,-0.7505033921981601,0.0,0.6536124493088173,-0.09689094288934275,1.0,0.0004725212439908862,0.0,4.242640687119285,1.018158417947813,0.5183232820189966
970,141.65860441362662,0.19634954084936207,8.673617379884035e-19,0.2109018692042065,0.7320607367078786,1.1470858984896637e-16,0.35105719346446956,1.4682889532301884,1.1102230246251565e-16,6.331632033165565,11.115807770937625,-8.326672684688674e-17,1.119274177144138,3.442709546617698,1.942890293094024e-16,1.647848020302596,5.899873985246785,0.040971622643071595,20.04478210170415,0.6263873418108433,20.712141066158065,22.07168724443301,-0.7761302976216409,0.0,0.6669986999074806,-0.10913159771416026,1.0,0.000531209297593544,0.0,4.242640687119285,1.1663375205964446,0.680171605975531
971,141.85495395447597,0.19634954084936207,2.6020852139652106e-18,0.2138762777962072,0.7511462510271372,1.1384122811097797e-16,0.35320862824688803,1.4159641300847543,2.220446049250313e-16,6.320427732583507,11.113301224092487,-9.71445146547012e-17,1.1236184285818138,3.4875769691573,1.6653345369377348e-16,1.6557579266822207,5.921968920331825,0.04247501460795209,19.973903361405345,0.6312591865243321,20.64763756253763,22.019111013240135,-0.8896442913596228,0.0,0.689286153652933,-0.20035813770668975,1.0,0.000531209297593544,0.0,4.242640687119285,1.1663375205964446,0.680171605975531
972,142.05130349532533,0.19634954084936207,2.6020852139652106e-18,0.21744388191933126,0.7711669075342503,1.1405806854547507e-16,0.35703964757154016,1.4336496378064765,1.1102230246251565e-16,6.309157162308748,11.106619874907246,-5.551115123125783e-17,1.1290003324548685,3.50207458856815,8.326672684688674e-17,1.6661598864967155,5.924575196573805,0.04432372692144469,19.902732049355883,0.6373208753416019,20.58437665161893,21.971241494150632,-0.8893791847565591,0.0,0.7135105544594811,-0.175868630297078,1.0,0.000531209297593544,0.0,4.242640687119285,1.1663375205964446,0.680171605975531
974,142.44400257702404,0.19634954084936207,1.734723475976807e-18,0.2276073672925886,0.8096756287184783,1.1037178115902435e-16,0.3651039078227986,1.6161688152294449,0.0,6.2859066555061025,11.152561166506981,-2.7755575615628914e-17,1.1436590102176103,3.571043054501236,1.942890293094024e-16,1.7000541967556442,5.882530194051373,0.048269578869595126,19.75631124086795,0.6539779658259619,20.458558785563508,21.892886504804224,-0.8972175352124819,0.0,0.7661100535986115,-0.13110748161387042,1.0,0.000531209297593544,0.0,4.242640687119285,1.1663375205964446,0.680171605975531
975,142.6403521178734,0.19634954084936207,0.0,0.23417332569727065,0.8257359059245668,1.1080546202801855e-16,0.36739787562532106,1.6821128601635333,-1.1102230246251565e-16,6.2737199517640185,11.172180365852851,-4.163336342344337e-17,1.1532123712631293,3.667316323482557,1.1102230246251565e-16,1.7251509393835052,5.849261042619279,0.050038495018128536,19.679781016580964,0.6649493866171647,20.394768898216256,21.863277641020485,-0.9102596258626803,0.0,0.8284772853714585,-0.0817823404912218,1.0,0.000531209297593544,0.0,4.242640687119285,1.1663375205964446,0.680171605975531
976,142.83670165872275,0.19634954084936207,1.734723475976807e-18,0.24084294778776857,0.8381236740706501,1.1232334506949826e-16,0.3683922686228817,1.7226979238902531,2.220446049250313e-16,6.261061806067042,11.18577885816527,-4.163336342344337e-17,1.1642572366845148,3.7326267588208752,1.942890293094024e-16,1.755596533251433,5.816257309589901,0.05155301579782558,19.60044746969574,0.677747456586131,20.3297479420797,21.839667579308234,-0.9210178199881782,0.0,0.8703679241000868,-0.050649895888091434,1.0,0.000531209297593544,0.0,4.242640687119285,1.1663375205964446,0.680171605975531
977,143.02590447243472,0.18920281371196465,0.0,0.2462900913968198,0.8457028662725864,1.1188966420050406e-16,0.36892596812247686,1.7354390512509776,1.1102230246251565e-16,6.248405065159319,11.192531379958153,-9.71445146547012e-17,1.1761882698974153,3.7635873504175246,2.220446049250313e-16,1.7893042402629844,5.9003248235063905,0.05275603478807947,19.521282929154317,0.6917094231221375,20.265748387064534,21.821892419526904,-0.9320443812617589,0.0,0.9078661430961199,-0.02417823816563902,1.0,0.000531209297593544,0.0,4.242640687119285,1.1663375205964446,0.680171605975531
979,143.37784846678642,0.1726259733656609,1.734723475976807e-18,0.25069955849382863,0.846405900799265,1.1319070680748666e-16,0.3720090881004249,1.7112725854473316,0.0,6.22374497588166,11.204977789075839,-4.163336342344337e-17,1.2009675468498524,3.904035827624939,1.1102230246251565e-16,1.8606355189136874,6.203107783269338,0.05430952470544763,19.367500762406102,0.7211615242932764,20.142971811404827,21.798863759943764,-0.9468191927437747,0.0,0.9514822322985044,0.0046630395547296866,1.0,0.000531209297593544,0.0,4.242640687119285,1.1663375205964446,0.680171605975531
980,143.54628381034894,0.16843534356251788,1.734723475976807e-18,0.249583482007219,0.8400347320483106,1.1145598333150986e-16,0.3751410777623855,1.7745658140805158,0.0,6.21150265772929,11.198902252524737,-5.551115123125783e-17,1.2136201759199796,3.96106819413691,2.220446049250313e-16,1.8977998923788408,6.306201109701613,0.0547069111201795,19.29138263348902,0.7364369657000212,20.082526510309222,21.79140747251779,-0.9593657818777841,0.0,0.9860652058659679,0.026699423988183812,1.0,0.0005857546621624412,0.0,4.242640687119285,1.1904121789802724,0.70854057793228
982,143.87850478982364,0.165982587305561,1.734723475976807e-18,0.24254685878805116,0.8116346901470072,1.1015494072452725e-16,0.3785932384644017,1.8418487163714818,0.0,6.183054832538309,11.147386354113678,-4.163336342344337e-17,1.2374371849526895,4.060824061652348,2.220446049250313e-16,1.9737315692406152,6.397865609612101,0.05439542901838149,19.115083531087663,0.7656253933518182,19.935104353457863,21.75254614981228,-1.051667776723723,0.0,1.0131447408457717,-0.03852303587795136,1.0,0.0005857546621624412,0.0,4.242640687119285,1.1904121789802724,0.70854057793228
983,144.04535314080874,0.16684835098511835,3.469446951953614e-18,0.2379192784233263,0.7912581559975005,1.1058862159352145e-16,0.3812660122525822,1.8665729440645351,1.1102230246251565e-16,6.168884861705332,11.123962481467162,-5.551115123125783e-17,1.2499108727512451,4.104890683415642,2.220446049250313e-16,2.0140552555537554,6.444691481468306,0.053950998096500655,19.027570218488602,0.7811385949108895,19.86265981149599,21.739031420961275,-1.0405952785536876,0.0,1.0382655329611865,-0.002329745592501098,1.0,0.0005857546621624412,0.0,4.242640687119285,1.1904121789802724,0.70854057793228
985,144.38532000698876,0.17136216239435653,0.0,0.2294989121622043,0.7377846401982363,1.0798653637955624e-16,0.38773566091149053,1.8835331691672277,0.0,6.140031732675785,11.074552055869102,-6.938893903907228e-17,1.2762010419352234,4.140837711689157,1.6653345369377348e-16,2.099417481999273,6.56585663431264,0.052882635466536355,18.849994839132805,0.8143445497182746,19.717222024317614,21.721606090241416,-1.0348458357906394,0.0,1.0627639032286889,0.027918067438049476,1.0,0.0005857546621624412,0.0,4.242640687119285,1.1904121789802724,0.70854057793228
986,144.56025785798434,0.1749378509955837,0.0,0.22651722307438368,0.7051512636710257,1.0495077029659683e-16,0.3917642472466492,1.9278336016675262,1.1102230246251565e-16,6.12508703195377,11.032083999099452,-8.326672684688674e-17,1.2902320164452934,4.128592243307727,2.7755575615628914e-16,2.1441490682318887,6.711144179858806,0.05252947715679722,18.758345574504123,0.8323493281302438,19.643224379791164,21.716865019157318,-1.0324401918575246,0.0,1.085415624154301,0.05297543229677637,1.0,0.0005857546621624412,0.0,4.242640687119285,1.1904121789802724,0.70854057793228
988,144.92305042260827,0.1836687094641741,3.469446951953614e-18,0.223902183813353,0.6328627446142974,1.1319070680748666e-16,0.4015330140304681,2.0263026594038376,0.0,6.093651952055687,10.933805802756213,-8.326672684688674e-17,1.3204236917824301,4.097316979836906,2.220446049250313e-16,2.235968131221282,6.985701002352924,0.05289014506815533,18.566297056396042,0.871759362910171,19.49094656437437,21.712585367920585,-1.0332990866031093,0.0,1.1032803493777217,0.06998126277461236,1.0,0.0005857546621624412,0.0,4.242640687119285,1.1904121789802724,0.70854057793228
989,145.11132476949737,0.18827434688909045,-1.734723475976807e-18,0.2244083262544271,0.6233963559908327,1.1535911115245767e-16,0.40643687287617053,2.0505739330423296,2.220446049250313e-16,6.07709724041913,10.932022744447877,-6.245004513516506e-17,1.336492621101252,4.118744199161327,1.6653345369377348e-16,2.28209728545963,7.237199267315956,0.05375510295835449,18.465555434754908,0.8931062631290472,19.412416800842312,21.711674429452952,-1.0351600254128615,0.0,1.1146225832072667,0.07946255779440525,1.0,0.0005857546621624412,0.0,4.242640687119285,1.1904121789802724,0.70854057793228
990,145.30393908974955,0.19261432025217565,1.734723475976807e-18,0.2262055779859421,0.6444693605245853,1.0711917464156784e-16,0.4102913935555524,2.0275644594232425,2.220446049250313e-16,6.060069722815,10.924567922240316,-4.163336342344337e-17,1.3529572583005343,4.148305314175214,2.220446049250313e-16,2.327658592841454,7.477862539708688,0.055036981006633824,18.362222522689535,0.915246671394049,19.332506175090217,21.710611368188005,-1.035562306860876,0.0,1.1165737761273142,0.08101146926643832,1.0,0.0006249095835770351,0.0,4.242640687119285,1.112766831798521,0.6191250109754591
991,145.5002886305989,0.19634954084936207,3.469446951953614e-18,0.22926354967198984,0.6675300976542027,1.1015494072452725e-16,0.41022364221307783,1.9901958424176396,-2.220446049250313e-16,6.041097761813514,10.950212521432126,-4.163336342344337e-17,1.3686985900261628,4.152567144007531,2.220446049250313e-16,2.371299288636941,7.6694325741041505,0.05642298118307396,18.247431083894128,0.9366679151698027,19.240521980247006,21.69541618081513,-1.095467459538449,0.0,1.112564488340062,0.017097028801613012,1.0,0.0006249095835770351,0.0,4.242640687119285,1.112766831798521,0.6191250109754591
993,145.8929877122976,0.19634954084936207,1.734723475976807e-18,0.2384429134657,0.7146787473029415,1.0885389811754465e-16,0.40352891272056923,1.788549702053789,0.0,6.004850184895382,10.995738825167074,-7.632783294297951e-17,1.3986054649724637,4.254582000536157,1.6653345369377348e-16,2.451329348324292,7.914372783722989,0.05919206314788218,18.029112871519054,0.9780486233254209,19.066353557992358,21.666836386285894,-1.0691625706261907,0.0,1.0928964052651242,0.023733834638933526,1.0,0.0006249095835770351,0.0,4.242640687119285,1.112766831798521,0.6191250109754591
994,146.08933725314697,0.19634954084936207,0.0,0.24369397974416288,0.7374474460725597,1.1275702593849246e-16,0.39731317203522465,1.667058672492629,0.0,5.987759022109586,11.010623194038828,-2.7755575615628914e-17,1.4120866943264665,4.31689862831335,1.1102230246251565e-16,2.486809462293819,8.02294629719444,0.06025046101314041,17.92662905342737,0.9969944161469237,18.983873930587432,21.650608098207954,-1.0422076375003149,0.0,1.058465784022839,0.01625814652252422,1.0,0.0006249095835770351,0.0,4.242640687119285,1.112766831798521,0.6191250109754591
995,146.28568679399632,0.19634954084936207,5.204170427930421e-18,0.24852813945604973,0.7619008883862705,1.1275702593849246e-16,0.3902392890235716,1.643367426680281,0.0,5.971467649711873,11.020090626620076,-5.551115123125783e-17,1.4242392719705552,4.421503645123889,2.220446049250313e-16,2.5184728546793202,8.095416316976728,0.06100361935978291,17.82921294577772,1.0142287519116087,18.904445317049113,21.631204559295004,-1.0228540936619546,0.0,1.0244732940559005,0.0016192003939459187,1.0,0.0006249095835770351,0.0,4.242640687119285,1.112766831798521,0.6191250109754591
997,146.67464646641116,0.1937300693772429,0.0,0.25442760806348563,0.7935744461185092,1.0755285551056204e-16,0.37901535120119845,1.745655573774039,0.0,5.941662794447145,11.26220496004954,-5.551115123125783e-17,1.4438851027672337,4.5401353333089425,1.6653345369377348e-16,2.56718592392433,8.158239044231697,0.06189069037997744,17.65167838145873,1.0424020949965724,18.75597116683528,21.57779302519055,-0.9931138946495487,0.0,0.9578016618869958,-0.03531223276255291,1.0,0.0006249095835770351,0.0,4.242640687119285,1.112766831798521,0.6191250109754591
998,146.86660109911404,0.19195463270287833,0.0,0.2549357263009662,0.8198449816727418,1.0625181290357943e-16,0.37760685133659455,1.8115467215141718,0.0,5.928078443169534,11.395729224014277,-4.85722573273506e-17,1.4514339446370321,4.55565400329947,2.220446049250313e-16,2.583256114670465,8.172724080854216,0.06231616799883116,17.571057014185662,1.0533302478223074,18.6867034300068,21.54180095940434,-0.9645708532094447,0.0,0.8800372221399122,-0.08453363106953249,1.0,0.0006249095835770351,0.0,4.242640687119285,1.112766831798521,0.6191250109754591
999,147.05345899442514,0.18685789531111652,-1.734723475976807e-18,0.2540591390117751,0.8713861462064973,1.1015494072452725e-16,0.3800685708847166,1.9011315388771823,2.220446049250313e-16,5.915449488637967,11.513284754797631,-6.938893903907228e-17,1.4576143545900602,4.5476324007540665,1.6653345369377348e-16,2.5935852602868414,8.203668703697709,0.06289340221559704,17.49627132631359,1.0623198033534986,18.621484531882686,21.500009150878014,-0.9478767153135699,0.0,0.8269687760597888,-0.12090793925378107,1.0,0.0006249095835770351,0.0,4.242640687119285,1.112766831798521,0.6191250109754591
1001,147.41230372657282,0.1770678597216394,0.0,0.2503552833238111,0.9438972295451417,1.0755285551056204e-16,0.39432603337530964,2.1044281638775244,1.1102230246251565e-16,5.892051108373576,11.704374006438695,-5.551115123125783e-17,1.4669306941449944,4.474620560511386,1.1102230246251565e-16,2.5998673248955093,8.213851584536862,0.06451589672303162,17.358133131843147,1.0759428307123575,18.498591859278534,21.399548418896913,-0.935081538349624,0.0,0.7577708677121185,-0.1773106706375055,1.0,0.000635451584300155,0.0,4.242640687119285,0.9339526456693915,0.436133772176428
1002,147.58533769125268,0.17303396467986523,0.0,0.24858595751684667,0.9606602765563944,1.0321604682062002e-16,0.40407900928608115,2.1977571997945375,1.1102230246251565e-16,5.88101555527332,11.776424888158013,-8.326672684688674e-17,1.4706823302044831,4.415847430272036,1.6653345369377348e-16,2.5978501373316387,8.17566677990176,0.06543580643236882,17.293171980683375,1.081453258187844,18.440061045303587,21.343697144220616,-0.9249133626700681,0.0,0.7040235549632139,-0.22088980770685418,1.0,0.000635451584300155,0.0,4.242640687119285,0.9339526456693915,0.436133772176428
1003,147.75503012560537,0.16969243435268827,0.0,0.24732125387039278,0.9817151270258275,1.0668549377257364e-16,0.4141916983331393,2.280802375154636,2.220446049250313e-16,5.8703643721254055,11.830256377874479,-8.326672684688674e-17,1.4741895693888447,4.345792398481181,1.1102230246251565e-16,2.593798971882825,8.117862370664152,0.06631690601342477,17.23058893075965,1.0866174432474334,18.383523280020512,21.28664486203385,-0.9161638100395779,0.0,0.6806126028942987,-0.23555120714527922,1.0,0.000635451584300155,0.0,4.242640687119285,0.9339526456693915,0.436133772176428
1005,148.08747319377338,0.1653339168195151,1.734723475976807e-18,0.2464700025712108,0.9873472531723781,1.0755285551056204e-16,0.4317882720585125,2.393407998935202,2.220446049250313e-16,5.849811477758397,11.876213171249388,-5.551115123125783e-17,1.4809931469894877,4.237209520092045,1.1102230246251565e-16,2.5827936174604766,7.958106902837422,0.067662761933895,17.110147162656943,1.096670350714913,18.274480275305752,21.172272801027198,-0.907337413358814,0.0,0.6623188723641114,-0.24501854099470266,1.0,0.000635451584300155,0.0,4.242640687119285,0.9339526456693915,0.436133772176428
1006,148.25189211139653,0.16441891762315053,1.734723475976807e-18,0.2466302206755603,0.9897061442193773,1.0321604682062002e-16,0.43811189532076483,2.411372901340021,1.1102230246251565e-16,5.839747675919484,11.868799398069653,-8.326672684688674e-17,1.4844649936306131,4.175550756904505,1.1102230246251565e-16,2.577010416017716,7.861422271746504,0.06805602216855076,17.051326459203505,1.1018181586573679,18.221200640029423,21.116084123438018,-0.9018113745988756,0.0,0.6578957619908775,-0.2439156126079981,1.0,0.000635451584300155,0.0,4.242640687119285,0.9339526456693915,0.436133772176428
1008,148.58175045883885,0.16543150953950211,3.469446951953614e-18,0.24727958790050317,0.9594471227919606,1.0842021724855044e-16,0.44468405027082186,2.3498787849764495,1.1102230246251565e-16,5.819667686885477,11.8095168463167,-6.938893903907228e-17,1.4919300865111094,4.173545938936234,1.1102230246251565e-16,2.5668133405331166,7.7463098758315585,0.06832349709808613,16.934265992889475,1.1129276915185233,18.115517181506085,21.00734816881208,-0.8993194885723523,0.0,0.6671550035293887,-0.2321644850429636,1.0,0.000635451584300155,0.0,4.242640687119285,0.9339526456693915,0.436133772176428
1010,148.92001270810837,0.1707488506311832,-1.734723475976807e-18,0.2477927875080741,0.888063443761824,1.0408340855860843e-16,0.44370595896232207,2.1941554914576304,2.220446049250313e-16,5.7990939207728935,11.727849615062736,-5.551115123125783e-17,1.500829147472026,4.211288449967317,2.220446049250313e-16,2.560386710476713,7.615939830625754,0.06817694845601247,16.814745150972563,1.126244064950804,18.00916616437938,20.90541685827034,-0.8985778958987132,0.0,0.6955737811871328,-0.20300411471158042,1.0,0.000638532689247045,0.0,4.242640687119285,0.8948846803474038,0.4004092955602375
1011,149.09520128091955,0.17518857281117894,-3.469446951953614e-18,0.24789452643234075,0.8485378687710997,1.0581813203458523e-16,0.4410802356331038,2.112222913484428,-1.1102230246251565e-16,5.788306709303218,11.692799385569263,-4.163336342344337e-17,1.5061843520995783,4.188467111484835,1.1102230246251565e-16,2.559375571219604,7.5395008471921585,0.06807789965315814,16.752247280482322,1.134295651254813,17.954620831390294,20.857525377575136,-0.9028698914387175,0.0,0.72989358687029,-0.1729763045684275,1.0,0.000638532689247045,0.0,4.242640687119285,0.8948846803474038,0.4004092955602375
1012,149.27604132503873,0.18084004411917642,0.0,0.2477693764416294,0.8008483067873122,1.0581813203458523e-16,0.438017824940215,1.999534906971228,0.0,5.777144603509639,11.667698993657082,-5.551115123125783e-17,1.5125148054910265,4.134683367146339,1.1102230246251565e-16,2.5605187435566843,7.454297038530456,0.06805878542437899,16.68769988493028,1.1438505184147787,17.89960918876944,20.813648890932587,-0.9021390723612543,0.0,0.7613620042838352,-0.1407770680774192,1.0,0.000638532689247045,0.0,4.242640687119285,0.8948846803474038,0.4004092955602375
1014,149.6585823334499,0.1949938327854989,-1.734723475976807e-18,0.24618430730328864,0.7941004148654923,1.0191500421363742e-16,0.4343699626334438,1.7720480407630346,0.0,5.75351930524015,11.657301055747707,-8.326672684688674e-17,1.529269925037216,3.936045306225315,1.1102230246251565e-16,2.5721668489385645,7.266215621927036,0.06847263646178631,16.551492197885548,1.1693332518116661,17.789298086159,20.744962758640874,-0.8998820847146684,0.0,0.8246288872065589,-0.07525319750810944,1.0,0.000638532689247045,0.0,4.242640687119285,0.8948846803474038,0.4004092955602375
1015,149.85493187429927,0.19634954084936207,0.0,0.24472224985056604,0.7914941183020454,9.75781955236954e-17,0.435497118482177,1.805203461366614,-1.1102230246251565e-16,5.741411259870882,11.672427833843662,-5.551115123125783e-17,1.5399760042987012,3.805722952454519,1.1102230246251565e-16,2.5840190596473027,7.267617802573319,0.06894030751162457,16.481901627486078,1.1857630469078966,17.7366049819056,20.725199743981037,-0.8966762656615738,0.0,0.9026538859669392,0.0059776203053654164,1.0,0.000638532689247045,0.0,4.242640687119285,0.8948846803474038,0.4004092955602375
1016,150.05128141514862,0.19634954084936207,-1.734723475976807e-18,0.24324088273713537,0.7674469911432045,1.0364972768961422e-16,0.43893996134320606,1.8582036630291818,0.0,5.729297618594121,11.698078489862182,-4.163336342344337e-17,1.5521977710491779,3.774483373965456,2.220446049250313e-16,2.6003476479222423,7.316208708815452,0.06954429633923828,16.412425601214128,1.204658960225018,17.686628857778384,20.716975948318183,-0.8954349287336343,0.0,0.9624195065466727,0.06698457781303846,1.0,0.000638532689247045,0.0,4.242640687119285,0.8948846803474038,0.4004092955602375
1018,150.44398049684733,0.19634954084936207,1.734723475976807e-18,0.24181799903284976,0.8259205922307207,1.0061396160665481e-16,0.45112743842364134,1.8137201439550241,2.220446049250313e-16,5.704844822399966,11.765859077161885,-2.7755575615628914e-17,1.5809592029948087,3.756404381321955,1.6653345369377348e-16,2.6464145423096643,7.415985444275716,0.07104046607120487,16.272627223831847,1.2497160007669905,17.593383690670045,20.73404737246901,-0.8988108078091336,0.0,1.0557932499880092,0.15698244217887558,1.0,0.000638532689247045,0.0,4.242640687119285,0.8948846803474038,0.4004092955602375
1019,150.64033003769669,0.19634954084936207,-3.469446951953614e-18,0.24199197972302003,0.8499225308628721,1.0451708942760263e-16,0.4591148575672365,1.8173202853977646,2.220446049250313e-16,5.692287330260768,11.798685920696455,-5.551115123125783e-17,1.5972652966703214,3.8859632797491885,1.1102230246251565e-16,2.675440760772017,7.4619550653318365,0.07193207021367308,16.201067525123634,1.2756282139736643,17.54862780931097,20.756911504672725,-0.9111593550060051,0.0,1.1468612080394278,0.23570185303342273,1.0,0.000638532689247045,0.0,4.242640687119285,0.8948846803474038,0.4004092955602375
1020,150.83667957854604,0.19634954084936207,-3.469446951953614e-18,0.2422517646252542,0.8620866192645955,1.0625181290357943e-16,0.46820556155222076,1.8408319662161592,2.220446049250313e-16,5.6792789739790335,11.823717726298344,-4.163336342344337e-17,1.614661207663309,4.029370046899754,2.220446049250313e-16,2.707699227532355,7.501796906456339,0.07295229473649688,16.127104832140173,1.3035654077663672,17.503622534643036,20.786729421239816,-0.9276250569927584,0.0,1.2032928712282538,0.27566781423549536,1.0,0.0006431840470166733,0.0,4.242640687119285,0.9101752892508109,0.4142095285813987
1021,151.0330291193954,0.19634954084936207,0.0,0.24205942869735256,0.8743611297974331,1.0408340855860843e-16,0.47813846897177864,1.8474973509909796,0.0,5.665427781871463,11.86004545456554,-5.551115123125783e-17,1.6329067178776338,4.1619680451932854,1.1102230246251565e-16,2.7425186234039445,7.635698425316651,0.07409350766852739,16.0485359758005,1.333192174644953,17.455821658113983,20.819794100682653,-0.9576708093677186,0.0,1.2558925458784258,0.29822173651070716,1.0,0.0006431840470166733,0.0,4.242640687119285,0.9101752892508109,0.4142095285813987
1023,151.4257282010941,0.19634954084936207,0.0,0.2394929163480468,0.8438020055126503,1.1405806854547507e-16,0.5003945015348412,1.8056513071996627,3.3306690738754696e-16,5.634573747101537,11.952149763154914,-2.7755575615628914e-17,1.671883884955386,4.398632018387895,2.220446049250313e-16,2.81857996430131,7.982462921116593,0.0767606553380713,15.874210655762925,1.3975978623867573,17.348569173487753,20.891153149967916,-1.0078902663891245,0.0,1.3283499468253295,0.320459680436205,1.0,0.0006431840470166733,0.0,4.242640687119285,0.9101752892508109,0.4142095285813987
1024,151.62207774194346,0.19634954084936207,0.0,0.23759725625405245,0.823109569913384,1.0928757898653885e-16,0.5118189342923407,1.8758447864338257,1.1102230246251565e-16,5.616952276424724,11.961643182234067,-6.938893903907228e-17,1.692394414053056,4.5037419768366895,1.6653345369377348e-16,2.8592391420462526,8.145743812110535,0.07820674836950497,15.775076437816447,1.4320994263589932,17.285382612544943,20.924799126184467,-1.0744135844739442,0.0,1.3948395083381209,0.3204259238641767,1.0,0.0006431840470166733,0.0,4.242640687119285,0.9101752892508109,0.4142095285813987
1025,151.8184272827928,0.19634954084936207,-3.469446951953614e-18,0.23596467705961735,0.8166806347492342,1.0104764247564901e-16,0.5229543672277788,1.9818394703468796,2.220446049250313e-16,5.597500623147914,11.935575963348601,-6.938893903907228e-17,1.7133986780925243,4.6041182149319315,2.220446049250313e-16,2.9011616672292364,8.290034872562568,0.0796994279921056,15.666006613070635,1.4678675150446048,17.213573556107345,20.953960606390037,-1.128483187328257,0.0,1.4336464090790009,0.30516322175074384,1.0,0.0006431840470166733,0.0,4.242640687119285,0.9101752892508109,0.4142095285813987
1026,152.01477682364217,0.19634954084936207,3.469446951953614e-18,0.23502438538864853,0.808125321277975,1.0148132334464322e-16,0.5337808121009908,2.054659649653057,1.1102230246251565e-16,5.576022985553635,11.904102984456694,-5.551115123125783e-17,1.7346934943198997,4.704682327232978,1.1102230246251565e-16,2.9437411173166024,8.480258736077579,0.08127422466292715,15.546016167711235,1.5045807596178924,17.131871151992055,20.97616708837066,-1.1883351574298222,0.0,1.4659366904603233,0.27760153303050106,1.0,0.0006431840470166733,0.0,4.242640687119285,0.9101752892508109,0.4142095285813987
1028,152.40747590534087,0.19634954084936207,-3.469446951953614e-18,0.23577234596615093,0.795315018217768,1.1145598333150986e-16,0.555418206463289,2.1350130800931932,-1.1102230246251565e-16,5.526601573885207,11.679292439108401,-5.551115123125783e-17,1.7771056252698927,4.970840509955849,1.1102230246251565e-16,3.027527041325505,8.925593246389806,0.08500906080887699,15.271662478235227,1.5790522016829478,16.935723740727052,20.98957433861843,-1.2859121667528406,0.0,1.496533226198675,0.21062105944583442,1.0,0.0006431840470166733,0.0,4.242640687119285,0.9101752892508109,0.4142095285813987
1029,152.60382544619023,0.19634954084936207,3.469446951953614e-18,0.2373557523453982,0.7919465423480521,9.454242944073599e-17,0.5665773496777801,2.121553756477968,0.0,5.498602807617497,11.465774769941712,-1.1102230246251565e-16,1.7976401963976105,5.141146982753314,1.6653345369377348e-16,3.0669403484736733,9.187973124059074,0.0873298801893587,15.117316417969512,1.6157551378522195,16.82040143601109,20.97580981115918,-1.3881378521040715,0.0,1.5068504538712708,0.11871260176719933,1.0,0.0006431840470166733,0.0,4.242640687119285,0.9101752892508109,0.4142095285813987
1030,152.80017498703958,0.19634954084936207,0.0,0.23967032937163052,0.8086302312826561,1.0321604682062002e-16,0.5778731439793819,2.1685052081979292,0.0,5.4683989625233265,11.303494256097407,-1.1102230246251565e-16,1.817346963646684,5.288523886570154,2.220446049250313e-16,3.1036818466848572,9.410150859187246,0.08997315549115151,14.951693606663094,1.651374993137911,16.693041755292157,20.945283819899167,-1.4582291534276612,0.0,1.5006165094682649,0.04238735604060362,1.0,0.000693453132137317,0.0,4.242640687119285,1.2880294029927037,0.8295098714868704
1032,153.1928740687383,0.19634954084936207,6.938893903907228e-18,0.24615842492698933,0.8404740706149627,1.1275702593849246e-16,0.5951627859216072,2.419319492694301,2.220446049250313e-16,5.396199492986877,11.316744575879348,-8.326672684688674e-17,1.851141281200518,5.435176013394829,2.7755575615628914e-16,3.164424037946865,9.716496227527548,0.09514722691948069,14.559484484055917,1.713362021482347,16.367993732457744,20.78502221676279,-1.6596280555107947,0.0,1.4732240273670878,-0.18640402814370693,1.0,0.000693453132137317,0.0,4.242640687119285,1.2880294029927037,0.8295098714868704
1033,153.38922360958765,0.19634954084936207,6.938893903907228e-18,0.2500690544150879,0.8485115901988878,1.0581813203458523e-16,0.6035865532139253,2.5730338324189974,2.220446049250313e-16,5.357283882713721,11.412385801201339,0.0,1.8662776178467213,5.460749967933808,2.220446049250313e-16,3.1898919983040424,9.816757457080131,0.09772294009095847,14.3502452999921,1.741496073437816,16.189464313520876,20.67832134638661,-1.7399805776903805,0.0,1.4353951018758613,-0.3045854758145192,1.0,0.000693453132137317,0.0,4.242640687119285,1.2880294029927037,0.8295098714868704
1034,153.585573150437,0.19634954084936207,6.938893903907228e-18,0.2538767445267947,0.8479047957802163,1.0755285551056204e-16,0.6112965189741358,2.6580656193798755,2.220446049250313e-16,5.316390570688325,11.493685486766063,-2.7755575615628914e-17,1.8800418068804696,5.474138066741202,1.6653345369377348e-16,3.21227030880141,9.89326132538174,0.10002652934250625,14.132004350051869,1.7672785978091907,15.999309477203564,20.55263181995067,-1.796877787853103,0.0,1.4089338622549894,-0.38794392559811364,1.0,0.000693453132137317,0.0,4.242640687119285,1.2880294029927037,0.8295098714868704
1035,153.78192269128635,0.19634954084936207,0.0,0.2570650139466329,0.8578372672983732,1.0321604682062002e-16,0.6180297902090981,2.673738994716756,0.0,5.273544018767306,11.524299268289193,-5.551115123125783e-17,1.8924970968686732,5.638569147601457,1.1102230246251565e-16,3.231984809419224,9.955934658552675,0.10191026651573357,13.905133258938212,1.7907726308281784,15.797816156282124,20.408934755355787,-1.8515117716290783,0.0,1.3853101981513287,-0.4662015734777496,1.0,0.000693453132137317,0.0,4.242640687119285,1.2880294029927037,0.8295098714868704
1037,154.17462177298506,0.19634954084936207,0.0,0.26010718086622536,0.8819214306021754,1.1015494072452725e-16,0.6263341493803297,2.515649499779132,1.1102230246251565e-16,5.183008237429951,11.501065894033049,-8.326672684688674e-17,1.9138565290040734,5.967032567609084,1.1102230246251565e-16,3.265638187225735,10.067394999397477,0.10422161357201981,13.431787194633362,1.8314234068057598,15.367432215011142,20.078241669680985,-1.9184606275063223,0.0,1.3609778092183642,-0.5574828182879581,1.0,0.000693453132137317,0.0,4.242640687119285,1.2880294029927037,0.8295098714868704
1038,154.37097131383442,0.19634954084936207,3.469446951953614e-18,0.25969646753262826,0.893036948064132,1.205632815803881e-16,0.6272057300589997,2.3624302843639744,0.0,5.1362073401007855,11.413349760432318,-9.71445146547012e-17,1.9231139035490685,6.054256512899086,1.6653345369377348e-16,3.280671253615257,10.125565826225552,0.10475154911576619,13.190312920252595,1.8491835430118682,15.14424801238023,19.89938860145242,-1.9598581939019564,0.0,1.3493941599942794,-0.610464033907677,1.0,0.000693453132137317,0.0,4.242640687119285,1.2880294029927037,0.8295098714868704
1039,154.56732085468377,0.19634954084936207,1.0408340855860843e-17,0.25811790945059343,0.8909332894770721,1.1275702593849246e-16,0.6257437829772475,2.1773372889691047,1.1102230246251565e-16,5.089190255077607,11.26390633548409,-6.938893903907228e-17,1.9316579189210368,6.097868064267519,2.220446049250313e-16,3.2950383624735538,10.18717931844624,0.10501229291486974,12.949928726188437,1.865651157865175,14.920592176968482,19.717708343580206,-1.9651894991857732,0.0,1.3485505190981633,-0.61663898008761,1.0,0.000693453132137317,0.0,4.242640687119285,1.2880294029927037,0.8295098714868704
1040,154.76367039553313,0.19634954084936207,0.0,0.2556313290638893,0.8776882969220574,1.1015494072452725e-16,0.622047344797809,2.0386760867214195,2.220446049250313e-16,5.042641677037642,11.039754689256645,-1.1102230246251565e-16,1.939614893270216,6.105729586392977,2.498001805406602e-16,3.3089209225671685,10.247039100246068,0.10511043744635208,12.714117541498496,1.8810529670978158,14.700280946042664,19.53755248452722,-1.952846279481063,0.0,1.350214256727655,-0.6026320227534081,1.0,0.0007651852204432415,0.0,4.242640687119285,1.5593574215804649,1.215797784119038
1042,155.15636947723183,0.19634954084936207,0.0,0.24908500251564458,0.8272154054172918,1.1796119636642288e-16,0.6021024733124993,1.8916315594330713,2.220446049250313e-16,4.946468633348515,10.775710341305297,-5.551115123125783e-17,1.9495668225361695,6.033158891351702,8.326672684688674e-17,3.32937463383467,10.314421058201923,0.10400701070115716,12.233775970350367,1.9004053977668875,14.23818837881841,19.131472348739166,-2.054628507297712,0.0,1.3475523695315832,-0.7070761377661288,1.0,0.0007651852204432415,0.0,4.242640687119285,1.5593574215804649,1.215797784119038
1043,155.3527190180812,0.19634954084936207,0.0,0.24606907646817974,0.7972225779146251,1.0798653637955624e-16,0.5914673461811105,1.9742300150236956,-1.1102230246251565e-16,4.90358026509982,10.76827672987302,-6.938893903907228e-17,1.9544001226071421,5.9893306720321275,1.6653345369377348e-16,3.339232787412262,10.319479991620547,0.1035041047565691,12.022549708138211,1.909839919623406,14.035893732518186,18.95636206644444,-1.9174309747918585,0.0,1.3383832923661907,-0.5790476824256678,1.0,0.0007651852204432415,0.0,4.242640687119285,1.5593574215804649,1.215797784119038
1044,155.54906855893054,0.19634954084936207,3.469446951953614e-18,0.24387429532625887,0.7703079453348749,1.1362438767648086e-16,0.5783616602396047,2.0709239043758196,0.0,4.863471530115873,10.780726217098778,-1.249000902703301e-16,1.9584259072926757,5.94107316319634,1.942890293094024e-16,3.3480520412865737,10.296427805568573,0.10301214741363603,11.826677662123815,1.9177160171775705,13.847405826715022,18.791674011106654,-1.836741676298314,0.0,1.3274162392260074,-0.5093254370723066,1.0,0.0007651852204432415,0.0,4.242640687119285,1.5593574215804649,1.215797784119038
1046,155.94176764062925,0.19634954084936207,3.469446951953614e-18,0.2434766111156152,0.7755185214188157,1.3010426069826053e-16,0.5517097606013748,2.0886645293825996,2.220446049250313e-16,4.79233786966974,10.819271782007494,-6.938893903907228e-17,1.964540548562615,5.884840909019749,5.551115123125783e-17,3.3611265903598735,10.210042123353913,0.10264653664583027,11.483251128535349,1.92970978347335,13.515607448654528,18.495553660362408,-1.7272000148212971,0.0,1.301152754341132,-0.42604726048016506,1.0,0.0007651852204432415,0.0,4.242640687119285,1.5593574215804649,1.215797784119038
1047,156.1381171814786,0.19634954084936207,-3.469446951953614e-18,0.24593222827218852,0.7957862989373804,1.3205582460873444e-16,0.5384368440031394,2.0061170631983014,1.1102230246251565e-16,4.760047617137034,10.77827562151845,-9.71445146547012e-17,1.9662587045372244,5.875168851009121,1.1102230246251565e-16,3.364149433847041,10.144565573726402,0.10311289911789143,11.329026658705978,1.9330866465842016,13.36522620440807,18.35403823257068,-1.6304995680751557,0.0,1.2635172694334362,-0.3669822986417195,1.0,0.0007651852204432415,0.0,4.242640687119285,1.5593574215804649,1.215797784119038
1048,156.33446672232796,0.19634954084936207,3.469446951953614e-18,0.25042310399148643,0.809698078110077,1.2750217548429532e-16,0.5250055971374964,1.982523755163519,1.1102230246251565e-16,4.730872689781936,10.688907589000584,-6.938893903907228e-17,1.9668994530802582,5.854895371155301,5.551115123125783e-17,3.3639536128198926,10.060527128894243,0.10421816220397091,11.190578203462287,1.9343467292637089,13.229143094929967,18.218859479678756,-1.5756450902469508,0.0,1.2294190421263274,-0.3462260481206234,1.0,0.0007651852204432415,0.0,4.242640687119285,1.5593574215804649,1.215797784119038
1049,156.53081626317731,0.19634954084936207,0.0,0.25674214815661744,0.8125995886583444,1.2706849461530112e-16,0.5140231879414837,1.9172338080635198,1.1102230246251565e-16,4.703523983440925,10.656529448254258,-5.551115123125783e-17,1.9663215641519327,5.835478742169355,1.942890293094024e-16,3.360073962648773,9.95591910886465,0.106008006274529,11.061568931401991,1.933210246824451,13.100787184500971,18.082323630632384,-1.527635700364973,0.0,1.1877553042941371,-0.33988039607083587,1.0,0.0007651852204432415,0.0,4.242640687119285,1.5593574215804649,1.215797784119038
1051,156.90867050902727,0.18658710473374407,3.469446951953614e-18,0.27187522262807856,0.870776671766787,1.5048726154098802e-16,0.5018424080731289,1.7818469388077092,1.1102230246251565e-16,4.655949988044235,10.486797909346771,-6.938893903907228e-17,1.960665881326761,5.7974936062443545,1.1102230246251565e-16,3.339278293039755,9.841719644396267,0.11101887009181895,10.838935145584557,1.922105349099422,12.872059364775797,17.804875183834174,-1.489448545788673,0.0,1.1114488573945178,-0.3779996883941552,1.0,0.0007912527776341041,0.0,4.242640687119285,1.2436300532462525,0.7733078546686384
1052,157.09140665903846,0.18273615001117846,0.0,0.27917979577468904,0.904277129507097,1.5070410197548512e-16,0.5016261558462825,1.7960235016163115,1.1102230246251565e-16,4.634956998832667,10.367555115974803,-2.7755575615628914e-17,1.955699374751427,5.7941194060652235,8.326672684688674e-17,3.3222624035244586,9.78621558107578,0.11393231238411491,10.741413190513963,1.9123800222015612,12.767725525099639,17.66021096632667,-1.4520448935428585,0.0,1.022602843238789,-0.42944205030406946,1.0,0.0007912527776341041,0.0,4.242640687119285,1.2436300532462525,0.7733078546686384
1053,157.2692393056255,0.17783264658702844,3.469446951953614e-18,0.28550913982717335,0.9324039315740962,1.5157146371347352e-16,0.5054005502050274,1.7903903159564787,2.220446049250313e-16,4.615886132217298,10.275475309255771,-6.938893903907228e-17,1.9497397506796044,5.7955810663181735,1.942890293094024e-16,3.3013459440658997,9.711602306633445,0.11690911166172377,10.653202392797981,1.9007425476900828,12.670854052149787,17.514295561287973,-1.4176660769561849,0.0,0.9591425620866524,-0.45852351486953247,1.0,0.0007912527776341041,0.0,4.242640687119285,1.2436300532462525,0.7733078546686384
1055,157.61024591394457,0.16811003017912723,3.469446951953614e-18,0.2946066841402341,0.9731178194971661,1.6002824065886045e-16,0.520221282540638,1.713343394421738,2.220446049250313e-16,4.58244696077494,10.178796474302326,-8.326672684688674e-17,1.9349902296508992,5.8118038902470035,1.942890293094024e-16,3.2486057146348117,9.516924672766956,0.1224025638318988,10.499410074157737,1.8720935944222195,12.493906232411856,17.215428380906722,-1.3800999289080325,0.0,0.8647966672634521,-0.5153032616445804,1.0,0.0007912527776341041,0.0,4.242640687119285,1.2436300532462525,0.7733078546686384
1056,157.77385519742433,0.16360928347976442,0.0,0.2976970411801071,0.9948331035929605,1.5872719805187785e-16,0.5292742783977866,1.6530806526521904,2.220446049250313e-16,4.567593819305997,10.092317730959628,-1.1102230246251565e-16,1.9264058999773144,5.823626058339363,1.3877787807814457e-16,3.217417157018199,9.359276899586263,0.12471033990316484,10.431456649081175,1.8555198457337032,12.411686834718044,17.06218543426601,-1.353709813050092,0.0,0.7758334595344262,-0.5778763535156658,1.0,0.0007912527776341041,0.0,4.242640687119285,1.2436300532462525,0.7733078546686384
1058,158.08925209869267,0.15591458406532036,6.938893903907228e-18,0.30253166512678636,1.0345602284324125,1.491862189340054e-16,0.5468980617143513,1.7919789891569067,1.1102230246251565e-16,4.540513967567047,10.105108206673695,-6.245004513516506e-17,1.9074705676302197,5.8487739290106875,1.942890293094024e-16,3.1475228584558614,8.97982307277507,0.1282454686137649,10.308133544835718,1.8192219831877765,12.25560099663726,16.74968601884062,-1.3387827681182953,0.0,0.70358331153331,-0.6351994565849853,1.0,0.0007912527776341041,0.0,4.242640687119285,1.2436300532462525,0.7733078546686384
1060,158.39344467948894,0.1511135394182406,0.0,0.30703615322388106,1.1045719190588756,1.5092094240998222e-16,0.5607449013858907,1.9663482149142113,5.551115123125783e-17,4.515626480590382,10.32527105198644,-9.020562075079397e-17,1.8870547499138448,5.870565321836035,1.6653345369377348e-16,3.0705196726399087,8.825450416135878,0.13039608608250497,10.195441256104537,1.7804878145862018,12.106325156773245,16.43239755757799,-1.328890377236043,0.0,0.6364419621287624,-0.6924484151072806,1.0,0.0008095211672141377,0.0,4.242640687119285,1.2191617197507612,0.7431776494528168
1061,158.54355708038437,0.15011240089543468,6.938893903907228e-18,0.30925105890941545,1.136882096775844,1.5265566588595902e-16,0.5649968712071863,2.010875265578475,5.551115123125783e-17,4.503091776496444,10.355378144859667,-6.245004513516506e-17,1.8760428606490673,5.878023610292579,1.942890293094024e-16,3.0296202314703593,8.71722506115873,0.1309297664540233,10.13891777377495,1.759768407496168,12.02961594772514,16.26760601689363,-1.3532575090945027,0.0,0.6094037281017826,-0.7438537809927201,1.0,0.0008095211672141377,0.0,4.242640687119285,1.2191617197507612,0.7431776494528168
1063,158.84502394575122,0.15130970936161994,0.0,0.3132874846573371,1.182740116584988,1.491862189340054e-16,0.5690007309841759,2.004243647431487,1.6653345369377348e-16,4.478234617089501,10.231278014860727,-6.938893903907228e-17,1.854098659277132,5.908259269939629,1.8041124150158794e-16,2.9458387932461045,8.429453437722406,0.1313355060473726,10.027292642849373,1.7188409191666287,11.877469068063375,15.939360860094293,-1.3446861582284757,0.0,0.6034729591753061,-0.7412131990531696,1.0,0.0008095211672141377,0.0,4.242640687119285,1.2191617197507612,0.7431776494528168
1065,159.14929086576035,0.1511328694610909,0.0,0.3164850137679022,1.2014226746083965,1.5959455978986625e-16,0.5676721294423921,1.917521611697102,2.220446049250313e-16,4.453035466385237,9.983473705586729,-8.326672684688674e-17,1.8328429389965362,5.94190045049393,2.220446049250313e-16,2.862329744237371,8.239857846226617,0.13117200988852457,9.91476243244239,1.6796566195147302,11.725591061845646,15.61733920384179,-1.3401554086255496,0.0,0.6201321136261954,-0.7200232949993542,1.0,0.0008095211672141377,0.0,4.242640687119285,1.2191617197507612,0.7431776494528168
1066,159.29852982105268,0.14923895529234457,3.469446951953614e-18,0.31788358011009693,1.2009004988868555,1.5439038936193583e-16,0.5658295239742415,1.8207690951015316,5.551115123125783e-17,4.44051964038892,9.989252264063596,-5.551115123125783e-17,1.8229460760248815,5.945665489332436,1.942890293094024e-16,2.822883817709973,8.268617551998354,0.131028715546558,9.859107338339868,1.6615661980472565,11.651702251933681,15.464810173018922,-1.3413092200666554,0.0,0.64838767240914,-0.6929215476575155,1.0,0.0008095211672141377,0.0,4.242640687119285,1.2191617197507612,0.7431776494528168
1068,159.59084399393248,0.14497960041241292,-6.938893903907228e-18,0.320878633499974,1.1839056912760142,1.5612511283791264e-16,0.5617016333845176,1.788715722751435,1.1102230246251565e-16,4.415579015190319,9.80858509025921,-8.326672684688674e-17,1.8047942104372663,5.912164922110094,1.8041124150158794e-16,2.750574133584156,8.301450067869354,0.13088474365208003,9.748669019694553,1.6286410710139378,11.508194834360571,15.17956358274691,-1.3455421686099458,0.0,0.6900498233578417,-0.6554923452521041,1.0,0.0008095211672141377,0.0,4.242640687119285,1.2191617197507612,0.7431776494528168
1070,159.87218806724036,0.13931256986090101,3.469446951953614e-18,0.3244834584907348,1.1519402685765434,1.6132928326584306e-16,0.5587321026945378,1.771347548407157,5.551115123125783e-17,4.391173898341926,9.550877432257106,-7.28583859910259e-17,1.7892205921036841,5.898308078916841,1.6653345369377348e-16,2.6900416842040324,8.300776238008835,0.13113644381412184,9.641204102739716,1.6006551636039283,11.372995710157765,14.92745842470561,-1.3507699235719388,0.0,0.7633992158763778,-0.587370707695561,1.0,0.0008383203526531153,0.0,4.242640687119285,1.3253130568098501,0.8782273492753345
1071,160.00856242242202,0.1363743551816478,0.0,0.32643810858230216,1.132253827116044,1.457167719820518e-16,0.5569895445093624,1.7282404852469795,5.551115123125783e-17,4.3786013931291,9.399032680316576,-9.71445146547012e-17,1.7817740244132276,5.874795968521846,1.6653345369377348e-16,2.6641512763146036,8.284769306496305,0.1312825011377308,9.586075079956046,1.5873593370368544,11.304716918130632,14.808455801401445,-1.3936989564156135,0.0,0.831275396914229,-0.5624235595013845,1.0,0.0008383203526531153,0.0,4.242640687119285,1.3253130568098501,0.8782273492753345
1073,160.2736012896056,0.13138627474010328,0.0,0.3305150406165171,1.090204228221579,1.5959455978986625e-16,0.5547688344292266,1.8990645299228617,2.220446049250313e-16,4.354843963105851,9.207688051983032,-1.1102230246251565e-16,1.7696872545799964,5.817275073351238,1.6653345369377348e-16,2.624604398123053,8.218180088411838,0.13186858517623612,9.482332971499737,1.5658964895114424,11.180098046187414,14.605902562293512,-1.3742862788919525,0.0,0.909387056309717,-0.4648992225822356,1.0,0.0008383203526531153,0.0,4.242640687119285,1.3253130568098501,0.8782273492753345
1075,160.53143656966097,0.12824627898713645,6.938893903907228e-18,0.33463181354768184,1.047437443920531,1.700029006457271e-16,0.5529724810662514,2.0062553954641844,5.551115123125783e-17,4.332887490316423,9.01994875469989,-7.632783294297951e-17,1.7613394983341695,5.877942880122754,1.3183898417423734e-16,2.6022534078412587,8.100771382501115,0.13267773153588197,9.386957001870275,1.5511584141960317,11.070793147602188,14.450316717426011,-1.3430691410946414,0.0,1.0254571022337218,-0.3176120388609196,1.0,0.0008383203526531153,0.0,4.242640687119285,1.3253130568098501,0.8782273492753345
1077,160.7855781569365,0.12681064858190366,0.0,0.33872336060144426,1.0115692236140095,1.5612511283791264e-16,0.5497594670574849,2.0263760685857974,1.6653345369377348e-16,4.3127970850167445,8.939015966209768,-9.8879238130678e-17,1.7567198988458415,5.91523590722944,1.1796119636642288e-16,2.597452049007288,7.929523351523418,0.13357898803252766,9.300109348264463,1.5430324015004717,10.976720737797462,14.341377568958817,-1.302975664183897,0.0,1.147325121182121,-0.15565054300177605,1.0,0.0008383203526531153,0.0,4.242640687119285,1.3253130568098501,0.8782273492753345
1079,161.03905825659143,0.1268272972418681,0.0,0.3427681211920772,0.9785096328274804,1.6653345369377348e-16,0.5435598721945226,1.9731639593593193,1.1102230246251565e-16,4.294721302158233,8.999500232242255,-9.540979117872439e-17,1.7556445426607115,5.984936712347523,1.942890293094024e-16,2.609332665593518,7.713507964467792,0.13456213414860457,9.222315531605853,1.5411438800871688,10.898021545841626,14.2774920050568,-1.2548914571071135,0.0,1.263671785267101,0.008780328159987638,1.0,0.0008383203526531153,0.0,4.242640687119285,1.3253130568098501,0.8782273492753345
1081,161.29443664738577,0.1280707684812906,0.0,0.34664055970249874,0.9497737359540681,1.5959455978986625e-16,0.5335702429859883,1.8864433347551721,2.220446049250313e-16,4.278651011257935,9.088751665259714,-7.632783294297951e-17,1.7575010767704289,5.983018929247808,1.8041124150158794e-16,2.6354598409069077,7.703762519538958,0.13564859858633924,9.153427238069273,1.5444050174246087,10.833480854080221,14.253210986223754,-1.2075061927758257,0.0,1.3632059469772781,0.15569975420145243,1.0,0.0008484772087645074,0.0,4.242640687119285,1.2238892719622834,0.7489524750121841
1083,161.5539913808484,0.13042532297722512,3.469446951953614e-18,0.3501094277228218,0.9258979303364324,1.5439038936193583e-16,0.5208054678540305,1.7590739193789797,5.551115123125783e-17,4.2648880672770595,9.11952307843296,-1.0061396160665481e-16,1.761856457203961,5.904226442314981,1.5959455978986625e-16,2.672751890163585,7.987592508246163,0.13687482623021935,9.094635113201125,1.552069087895646,10.78357902732699,14.264420835143353,-1.1527791038656554,0.0,1.4370011128711977,0.2842220090055423,1.0,0.0008484772087645074,0.0,4.242640687119285,1.2238892719622834,0.7489524750121841
1085,161.81961395671098,0.1336773655246854,0.0,0.3529093006749967,0.9127313081792303,1.5612511283791264e-16,0.5074883845023979,1.5999949589727593,1.1102230246251565e-16,4.253740175076983,9.076461486259687,-7.979727989493313e-17,1.768307940045949,5.786339484228566,1.457167719820518e-16,2.717786085136229,8.159879363110662,0.13814754835220983,9.047152738531981,1.563456485414774,10.748756772298965,14.306530782944966,-1.0914718203010436,0.0,1.4810480239011643,0.3895762036001207,1.0,0.0008484772087645074,0.0,4.242640687119285,1.2238892719622834,0.7489524750121841
1087,162.0929779991501,0.13775053365256154,0.0,0.35482496418813425,0.9591609526646412,1.6306400674181987e-16,0.4955934076584206,1.59533016084786,1.6653345369377348e-16,4.245214307635142,9.008721143522669,-8.326672684688674e-17,1.7761285755250682,5.701163540586277,1.249000902703301e-16,2.766635179630964,8.234184917405766,0.13917982403491003,9.010922258875057,1.577316358398354,10.727418441308322,14.371387758343023,-1.03391226636097,0.0,1.4939663855486622,0.46005411918769235,1.0,0.0008484772087645074,0.0,4.242640687119285,1.2238892719622834,0.7489524750121841
1089,162.37571664879493,0.14264694882802292,-3.469446951953614e-18,0.3557345530494403,0.9944515332139032,1.6653345369377348e-16,0.4864725743072227,1.616198840084484,1.6653345369377348e-16,4.239304301123124,9.00720368263057,-5.551115123125783e-17,1.784436637291923,5.630226745745791,1.6653345369377348e-16,2.8151251875606094,8.283153814299073,0.13970468015699,8.985850478760508,1.5921070562548523,10.71766221517235,14.449500323269504,-0.9827147420739544,0.0,1.4757850389807494,0.49307029690679505,1.0,0.0008484772087645074,0.0,4.242640687119285,1.2238892719622834,0.7489524750121841
1090,162.51928546439984,0.1435688156048985,0.0,0.35579681210292835,0.9986917206571719,1.6306400674181987e-16,0.48325867033531467,1.6635819322924035,2.7755575615628914e-16,4.237360521246899,8.96722185913137,-8.326672684688674e-17,1.7883928888931022,5.625184669817178,1.8041124150158794e-16,2.837564078766908,8.351007039902695,0.13975634424560557,8.977612093510894,1.599174562521708,10.716543000278207,14.48969543609915,-0.9499132639288261,0.0,1.4436199117836135,0.49370664785478735,1.0,0.0008303506179177687,0.0,4.242640687119285,1.0469552146957972,0.5480576107893613
1092,162.81317355647906,0.1484514722311462,0.0,0.35522481525243477,0.9813137243044185,1.6132928326584306e-16,0.48090033803387583,1.7657354473035336,2.7755575615628914e-16,4.235886518987649,8.813009503603219,-8.326672684688674e-17,1.7959474879575006,5.72365864133113,1.6653345369377348e-16,2.8771787185787763,8.414062294353512,0.13972561087183513,8.971367300870655,1.6127136897504282,10.72380660149292,14.571622783476851,-0.9081688418654665,0.0,1.3956996137327398,0.4875307718672732,1.0,0.0008303506179177687,0.0,4.242640687119285,1.0469552146957972,0.5480576107893613
1094,163.11885313553375,0.15291447154566346,0.0,0.35377028997408055,0.9632655558467348,1.5092094240998222e-16,0.4825410766556696,1.861611808149751,1.6653345369377348e-16,4.236702811718946,8.655763954298596,-1.0408340855860843e-16,1.8008636789410752,5.873553047549544,1.3877787807814457e-16,2.905547495977198,8.406506765103007,0.13961220788513976,8.974825357413609,1.6215549950645918,10.735992560363341,14.63694324330036,-0.8909301902402671,0.0,1.3158789393981531,0.42494874915788605,1.0,0.0008303506179177687,0.0,4.242640687119285,1.0469552146957972,0.5480576107893613
1095,163.27092447449516,0.15207133896141747,3.469446951953614e-18,0.3527849152683276,0.9682917044117448,1.5439038936193583e-16,0.4849579544675683,1.8726464814385626,5.551115123125783e-17,4.2378665571186005,8.5771060729533,-6.938893903907228e-17,1.8020191503967573,5.902540362453006,1.3877787807814457e-16,2.9142615313115097,8.358519726021658,0.13964666937260678,8.979756477972133,1.6236365091983251,10.743039656543065,14.659764639419556,-0.8859376086842086,0.0,1.249898013009918,0.3639604043257094,1.0,0.0008303506179177687,0.0,4.242640687119285,1.0469552146957972,0.5480576107893613
1097,163.57802076196106,0.15442500967293896,3.469446951953614e-18,0.3502863982550986,0.9592300859188132,1.682681771697503e-16,0.49275940253806183,1.827029192003834,1.6653345369377348e-16,4.241272353467332,8.369397972538408,-9.71445146547012e-17,1.8016983725214257,5.910660244035993,2.3592239273284576e-16,2.921030376621514,8.182262115160498,0.13997311878760516,8.994195588143159,1.623058512773177,10.75722721970394,14.684038716986434,-0.8894091623507724,0.0,1.1866903323696048,0.29728117001883236,1.0,0.0008303506179177687,0.0,4.242640687119285,1.0469552146957972,0.5480576107893613
1099,163.8953235945491,0.16020353617203872,0.0,0.3469252718888468,0.9365908371538869,1.5005358067199381e-16,0.5037590043983055,1.8664321127906665,1.6653345369377348e-16,4.245484805476904,8.162471177681127,-8.326672684688674e-17,1.7983155815738678,5.792292827028089,1.6653345369377348e-16,2.9147766086993636,8.054402750267766,0.1405349738628599,9.012070616767632,1.6169694654656794,10.769575056096171,14.680443644789507,-0.9021707055408239,0.0,1.1162485620610472,0.21407785652022326,1.0,0.0008303506179177687,0.0,4.242640687119285,1.0469552146957972,0.5480576107893613
1100,164.05366346946892,0.15833987491980533,0.0,0.3449695759870189,0.921775768702032,1.6393136847980827e-16,0.5095639344868487,1.8579574187186196,1.6653345369377348e-16,4.247543110340598,8.223628564167456,-9.71445146547012e-17,1.7960101850184518,5.683708268000942,1.249000902703301e-16,2.9079396389409298,8.00249213198914,0.1408015558099751,9.02081123710094,1.6128262923450065,10.774439085255922,14.670415872406377,-0.9144992548504314,0.0,1.0811927077088326,0.1666934528584012,1.0,0.0008114419420693508,0.0,4.242640687119285,1.017237752116466,0.5173863221654802
1102,164.36633834980245,0.15578573714740038,-3.469446951953614e-18,0.34088198528976643,0.9043903234370021,1.6132928326584306e-16,0.5201455515537035,1.9093521507796356,0.0,4.251530553648217,8.324941187928266,-8.326672684688674e-17,1.792445540020563,5.430453464434265,2.0816681711721685e-16,2.891538047160268,8.095167149184338,0.1412423704796661,9.037756024302158,1.6064305069698037,10.78542890175163,14.649327323828794,-0.9090713749503452,0.0,1.0709678257195685,0.16189645076922332,1.0,0.0008114419420693508,0.0,4.242640687119285,1.017237752116466,0.5173863221654802
1103,164.52133248170057,0.15499413189813005,3.469446951953614e-18,0.3388742153509885,0.8990306252716599,1.5959455978986625e-16,0.5229251877132309,1.9330719480667264,1.1102230246251565e-16,4.253026690218562,8.361472948388561,-6.938893903907228e-17,1.791186071005946,5.345839085470907,2.0816681711721685e-16,2.882900789624016,8.093990978367291,0.14124498105456895,9.044118013855723,1.6041737704828587,10.789536765393152,14.637712115835997,-0.9222553914361452,0.0,1.0807339712023274,0.15847857976618218,1.0,0.0008114419420693508,0.0,4.242640687119285,1.017237752116466,0.5173863221654802
1105,164.83034156288687,0.15447211083311663,0.0,0.3351421229903201,0.8742288613222005,1.5785983631388945e-16,0.5217222785078816,1.8985306476560917,1.1102230246251565e-16,4.255070695063212,8.482411414364012,-6.938893903907228e-17,1.7909554776691952,5.23283494726146,1.8041124150158794e-16,2.86789544901821,8.0881920463846,0.14079104487550564,9.052813309992864,1.6037607614966476,10.797365116365018,14.62182844061649,-0.9276507402882136,0.0,1.1122294951095621,0.18457875482134856,1.0,0.0008114419420693508,0.0,4.242640687119285,1.017237752116466,0.5173863221654802
1107,165.1411551775269,0.15592048829351482,-5.204170427930421e-18,0.33153394177344464,0.9086273483845726,1.5439038936193583e-16,0.5122848466979055,1.7517577574603571,1.1102230246251565e-16,4.256224983643402,8.652618732123523,-8.326672684688674e-17,1.7949544419831491,5.1389724385857605,1.3877787807814457e-16,2.8591764696894733,8.516851904219486,0.13988186459338098,9.057725555695137,1.610930724397519,10.808538144686038,14.626689191986564,-0.9241011625669862,0.0,1.1771784700003078,0.2530773074333217,1.0,0.0008114419420693508,0.0,4.242640687119285,1.017237752116466,0.5173863221654802
1108,165.29884657263574,0.15769139510882396,0.0,0.32957102803347876,0.9391535766585735,1.5916087892087205e-16,0.5058171796318548,1.6347080447205218,1.6653345369377348e-16,4.256708138385473,8.73180102544266,-9.71445146547012e-17,1.798823929606843,5.08313008271136,2.3592239273284576e-16,2.858218302342635,8.687945802461682,0.13934992493470194,9.059782087698556,1.6178837648631017,10.81701577749636,14.640640745597992,-0.914135087746656,0.0,1.239756827532993,0.3256217397863371,1.0,0.0008114419420693508,0.0,4.242640687119285,1.017237752116466,0.5173863221654802
1110,165.61957468117146,0.16037632836996304,1.734723475976807e-18,0.32509487845368157,0.9768574375340846,1.5265566588595902e-16,0.4939793008418607,1.5748383642015247,-5.551115123125783e-17,4.258114788285457,8.982753564628506,-1.1102230246251565e-16,1.8104544970139231,4.964960336730135,1.6653345369377348e-16,2.8651427233504827,8.947893747111744,0.1383292526231631,9.065770775107653,1.6388727428789684,10.842972770609785,14.69828707628417,-0.8993905558927259,0.0,1.3145647731315493,0.4151742172388234,1.0,0.0007890575672524593,0.0,4.242640687119285,0.9698284075921771,0.470283570086389
1111,165.778938962994,0.1593642818225364,0.0,0.32272988235046707,0.9800671066616398,1.6479873021779667e-16,0.4913295844167967,1.576297125952307,5.551115123125783e-17,4.259599823716117,9.106061910566364,-1.1102230246251565e-16,1.8184783285469268,4.921000508693395,1.249000902703301e-16,2.874164856570776,9.042917757084094,0.13802337570799297,9.072095329101186,1.6534317156974123,10.863550420506591,14.747404514345561,-0.86251152496117,0.0,1.397764508085702,0.535252983124532,1.0,0.0007890575672524593,0.0,4.242640687119285,0.9698284075921771,0.470283570086389
1113,166.09909017300737,0.16038027357498652,0.0,0.3180087312244098,0.9539474870034363,1.5785983631388945e-16,0.49347169461984436,1.7628620869611127,-5.551115123125783e-17,4.263366429845109,9.254566371354361,-8.326672684688674e-17,1.837326299247057,4.9418535632667,1.8041124150158794e-16,2.903103747768256,9.171880609914323,0.13763804477038497,9.088146657565115,1.687883964952443,10.913668667287943,14.877115702223032,-0.8585164442595519,0.0,1.4907094692684273,0.6321930250088754,1.0,0.0007890575672524593,0.0,4.242640687119285,0.9698284075921771,0.470283570086389
1114,166.25796894474567,0.15887877173829845,1.734723475976807e-18,0.3158498466017284,0.9274324898720524,1.6479873021779667e-16,0.4983088594029867,1.8681663591675823,1.1102230246251565e-16,4.265632127279798,9.26898981290855,-4.163336342344337e-17,1.8479508060577103,4.958806789489135,1.942890293094024e-16,2.923083371990354,9.336547305094093,0.13761534961622457,9.09780872264079,1.7074610908046706,10.942885163061685,14.957338681760108,-0.858620549037018,0.0,1.5904881545494824,0.7318676055124644,1.0,0.0007890575672524593,0.0,4.242640687119285,0.9698284075921771,0.470283570086389
1116,166.5714791989235,0.1565882305850512,0.0,0.31228441484563413,0.9648918367174517,1.717376241217039e-16,0.5129672625458768,2.0541187522095954,1.1102230246251565e-16,4.27060027063136,9.196805870105932,-1.249000902703301e-16,1.8711952164931547,4.9505278760676195,1.5265566588595902e-16,2.9734888833542725,9.607567068372191,0.13804895889833424,9.119013335758321,1.750685769113432,11.007748063770087,15.145675590530008,-0.8669708995347527,0.0,1.6960146840736972,0.8290437845389445,1.0,0.0007890575672524593,0.0,4.242640687119285,0.9698284075921771,0.470283570086389
1118,166.89080098904608,0.16127284372848183,8.673617379884035e-19,0.30994106046504505,0.9907374646665185,1.5785983631388945e-16,0.5298183990720716,2.166691617077565,5.551115123125783e-17,4.275809888536993,9.116294077815308,-8.326672684688674e-17,1.8975276475385352,5.001192399982404,1.1102230246251565e-16,3.0387995693938854,9.77338041594891,0.13929734814579472,9.141275101455365,1.8003055865865631,11.080878036187723,15.374445384970372,-0.8903627439607277,0.0,1.841536834054746,0.9511740900940183,1.0,0.0007890575672524593,0.0,4.242640687119285,0.9698284075921771,0.470283570086389
1119,167.05215363051093,0.16135264146484873,-2.6020852139652106e-18,0.3093567394007012,0.990204419076872,1.6479873021779667e-16,0.5372963329722955,2.1767827677914746,1.6653345369377348e-16,4.278398725616642,9.061805234501303,-8.326672684688674e-17,1.9115693462159624,5.09100923648355,1.942890293094024e-16,3.076398016106878,9.818356904865698,0.14027798472915917,9.152347827679051,1.8270486826962606,11.119674495104471,15.502063861247436,-0.9156964187905198,0.0,1.949241421008314,1.033545002217794,1.0,0.0007890575672524593,0.0,4.242640687119285,0.9698284075921771,0.470283570086389
1121,167.38055639176054,0.16482571682869904,2.6020852139652106e-18,0.3097088246188661,0.9570702018217886,1.6653345369377348e-16,0.5481464460612829,2.1642702012397397,-5.551115123125783e-17,4.283891765407372,8.997603105618593,-6.938893903907228e-17,1.9408298529850996,5.244168652561261,1.1102230246251565e-16,3.1602954221868464,9.841489143035414,0.1430112937247255,9.175864328862545,1.8834102591190818,11.202285881706352,15.782312272809122,-0.940632659231802,0.0,2.0471963471336414,1.1065636879018395,1.0,0.0007780709428812462,0.0,4.242640687119285,1.011212641756938,0.5112755034245227
1122,167.54129583608963,0.16073944432910686,8.673617379884035e-19,0.31083526370394504,0.9263548234257869,1.5959455978986625e-16,0.5506417886389725,2.2096359811368007,1.1102230246251565e-16,4.286789353047629,8.922444871985766,-8.326672684688674e-17,1.95492579907165,5.330467441658075,1.3877787807814457e-16,3.2037753056802125,9.82337215520771,0.14465470512219952,9.188281478701253,1.9108674399379642,11.243803623761417,15.925998640206693,-0.9700342424871614,0.0,2.130032196047689,1.1599979535605276,1.0,0.0007780709428812462,0.0,4.242640687119285,1.011212641756938,0.5112755034245227
1124,167.85575167285037,0.15641187292831135,0.0,0.3155134613591819,0.867203136454203,1.7867651802561113e-16,0.5492460856819029,2.2561233806454744,0.0,4.292978997638926,8.915717394948656,-5.551115123125783e-17,1.9804684074194894,5.6039462291041,1.6653345369377348e-16,3.2902037547810545,9.744508289506214,0.1481174171405209,9.214834337084458,1.9611275563933437,11.324079310618322,16.20807586896501,-1.005992920030599,0.0,2.186591314275458,1.180598394244859,1.0,0.0007780709428812462,0.0,4.242640687119285,1.011212641756938,0.5112755034245227
1125,168.0113289961169,0.15557732326651638,8.673617379884035e-19,0.319254797654494,0.9233487564463144,1.5699247457590104e-16,0.5457126891043341,2.251571500132493,1.6653345369377348e-16,4.296414493086372,9.049017738598994,-6.938893903907228e-17,1.9916977948348824,5.699900413371461,1.3877787807814457e-16,3.332527969499098,9.827141372659781,0.14983473457540025,9.229588748201316,1.9834300529750668,11.362853535751782,16.344834108950167,-1.0402164384600048,0.0,2.2210266855843117,1.180810247124307,1.0,0.0007780709428812462,0.0,4.242640687119285,1.011212641756938,0.5112755034245227
1127,168.3218797302408,0.1552764911335949,0.0,0.32950641387974966,1.044252998960518,1.5352302762394743e-16,0.5355193976253828,2.2357698427482635,1.1102230246251565e-16,4.304197221074417,9.275042553290014,-1.1102230246251565e-16,2.010755873213709,5.924072793234373,1.6653345369377348e-16,3.4136011736585514,9.96305369175412,0.1530332481214371,9.263056858952366,2.0215695908317124,11.437659697905515,16.605450991394047,-1.0693005834957938,0.0,2.227491695157984,1.1581911116621904,1.0,0.0007780709428812462,0.0,4.242640687119285,1.011212641756938,0.5112755034245227
1129,168.63182683675694,0.15453869407410828,1.734723475976807e-18,0.3421857498270531,1.1312226315447116,1.717376241217039e-16,0.5261359104468176,2.1307038112681878,1.1102230246251565e-16,4.313279123167998,9.440216582388008,-1.0408340855860843e-16,2.02527731922291,6.1288204226514456,1.1102230246251565e-16,3.48705727134155,10.083262670206985,0.1557821826081885,9.302188397178448,2.050874109879368,11.508844689666004,16.842802271221686,-1.0973256706391317,0.0,2.201294791928652,1.1039691212895202,1.0,0.0007780709428812462,0.0,4.242640687119285,1.011212641756938,0.5112755034245227
1130,168.78501781434048,0.15319097758352435,3.469446951953614e-18,0.3485995964584861,1.159908429264954,1.6306400674181987e-16,0.5233348275239621,2.0394269913307506,1.6653345369377348e-16,4.318249451671841,9.495681531775809,-4.163336342344337e-17,2.0309643559927015,6.179358621954333,1.1102230246251565e-16,3.5197710616352538,10.146903087289145,0.1569801737756013,9.32363916343208,2.062408107656424,11.543027444864105,16.950408400628266,-1.1087007142194956,0.0,2.1599288681040605,1.051228153884565,1.0,0.0007926082920089766,0.0,4.242640687119285,1.1732688290888,0.688279872655702
1132,169.0888664519485,0.15163054247302274,3.469446951953614e-18,0.3599566011064814,1.1880955690870676,1.5959455978986625e-16,0.5211992943121083,1.8307665519636458,2.220446049250313e-16,4.328515865831005,9.621038767254134,-7.632783294297951e-17,2.039141823612368,6.256089011225651,1.1102230246251565e-16,3.5759275133359845,10.291656856123929,0.15892309443504302,9.368024800375364,2.079049688402587,11.605997583212993,17.137606818386566,-1.1272440581407095,0.0,2.1051825435787817,0.9779384854380722,1.0,0.0007926082920089766,0.0,4.242640687119285,1.1732688290888,0.688279872655702
1134,169.39051813957144,0.15054742590947204,0.0,0.36808065067463075,1.181934213379065,1.6219664500383146e-16,0.522415118700684,1.7476884206017476,1.6653345369377348e-16,4.34012304381566,9.698773162032104,-1.249000902703301e-16,2.04502582772973,6.311473274892262,1.6653345369377348e-16,3.6219262285992317,10.466828773060593,0.16041109883521704,9.418334017729856,2.0910653180408323,11.669810434605907,17.3028301461088,-1.113436647999898,0.0,2.027880209132403,0.914443561132505,1.0,0.0007926082920089766,0.0,4.242640687119285,1.1732688290888,0.688279872655702
1135,169.5404062910934,0.1498881515219665,0.0,0.37079890735032983,1.1684961408828063,1.717376241217039e-16,0.52310833486697,1.8249408426851794,5.551115123125783e-17,4.3464485987141,9.70890780562421,-6.938893903907228e-17,2.0472797811134993,6.431920190257724,5.551115123125783e-17,3.6416821667273656,10.556905441350414,0.16091576766671095,9.445807710631877,2.0956772510780683,11.702400729376658,17.378777211388957,-1.0995396010564273,0.0,1.9747662358148121,0.8752266347583848,1.0,0.0007926082920089766,0.0,4.242640687119285,1.1732688290888,0.688279872655702
1137,169.83767585550868,0.14817511389016952,0.0,0.37414165960362533,1.1275499653507604,1.700029006457271e-16,0.523450145978149,1.9179242041068532,5.551115123125783e-17,4.360256970780901,9.687290032187232,-6.938893903907228e-17,2.050481066200146,6.552804234337156,1.6653345369377348e-16,3.676305259412969,10.706804790194326,0.16136001788276455,9.505920425621715,2.1022363014226433,11.769516744927122,17.52086254365438,-1.085647642247052,0.0,1.9327456626889818,0.8470980204419298,1.0,0.0007926082920089766,0.0,4.242640687119285,1.1732688290888,0.688279872655702
1139,170.13096777661482,0.1461235377471432,1.734723475976807e-18,0.37601433169045756,1.0773338730609172,1.6653345369377348e-16,0.5226232619606518,1.9459378598544586,1.6653345369377348e-16,4.375747127369447,9.640011496755092,-4.85722573273506e-17,2.0516967179262444,6.565732431703015,1.1102230246251565e-16,3.706379953984898,10.770125566832538,0.16115200537967428,9.573581461340982,2.1047297111746603,11.839463177895318,17.65325102716127,-1.0723431265856922,0.0,1.8928991559512849,0.8205560293655927,1.0,0.0007926082920089766,0.0,4.242640687119285,1.1732688290888,0.688279872655702
1140,170.27605064022669,0.14508286361185763,-3.469446951953614e-18,0.37684257677142924,1.1152520579689291,1.717376241217039e-16,0.5220829612899998,1.9196426394910104,5.551115123125783e-17,4.384138553017451,9.617102372103274,-6.245004513516506e-17,2.051406003727767,6.553237354165849,1.1102230246251565e-16,3.720214349524068,10.758914838683438,0.1609127617348507,9.61033542602697,2.104133296065164,11.875381483826985,17.71631337762144,-1.069022265857392,0.0,1.872720691299093,0.803698425441701,1.0,0.0007919008899496826,0.0,4.242640687119285,1.084678350615193,0.5882635621466478
1142,170.5632021940986,0.1430816998577801,3.469446951953614e-18,0.3787365907307106,1.2180222627341664,1.717376241217039e-16,0.5211972794353731,1.8010779075706882,0.0,4.402148043246876,9.74403884980254,-7.632783294297951e-17,2.048742745369067,6.534670064286936,1.1102230246251565e-16,3.7458518464440087,10.88346967003412,0.16048160161887381,9.68945369733115,2.098673418351191,11.948608717301216,17.835761770639557,-1.0729268040337128,0.0,1.85753879161513,0.7846119875814173,1.0,0.0007919008899496826,0.0,4.242640687119285,1.084678350615193,0.5882635621466478
1144,170.8438126791248,0.13916434348389667,3.469446951953614e-18,0.3809248101326459,1.2934808096863906,1.7520707107365752e-16,0.5208378049368031,1.6301444434484818,1.1102230246251565e-16,4.421316453954607,9.861138091675866,-7.632783294297951e-17,2.0431047449916857,6.585387731720202,5.551115123125783e-17,3.768317181748603,10.9913654403676,0.16051462473994493,9.774019593004873,2.0871384995037707,12.021672717248588,17.942869099963026,-1.0882891635824976,0.0,1.8381102934201128,0.7498211298376152,1.0,0.0007919008899496826,0.0,4.242640687119285,1.084678350615193,0.5882635621466478
1146,171.11725830012904,0.13604465642487235,1.734723475976807e-18,0.3830766875479767,1.337644955886704,1.8041124150158794e-16,0.521836321985241,1.6575491686280963,0.0,4.4411696721818785,10.05746727295383,-9.71445146547012e-17,2.0347470490495967,6.613125250753921,1.1102230246251565e-16,3.787161918907723,11.009088997044728,0.161376696727875,9.861994028554047,2.07009777680802,12.09346850208994,18.03606703690466,-1.1084592959768969,0.0,1.8159503883845813,0.7074910924076845,1.0,0.0007919008899496826,0.0,4.242640687119285,1.084678350615193,0.5882635621466478
1147,171.25225709826492,0.13499879813588594,1.734723475976807e-18,0.3840836052657773,1.3478841434662872,1.734723475976807e-16,0.5233510677474965,1.740745503220405,5.551115123125783e-17,4.451290669065033,10.135504957917352,-7.632783294297951e-17,2.0297210644488435,6.620203451630953,1.1102230246251565e-16,3.7952001959715256,10.984123766963437,0.16219552718089575,9.90699431025271,2.0598837997336727,12.129073637167277,18.07791445932657,-1.1222953889503156,0.0,1.7968757330422682,0.6745803440919527,1.0,0.0007919008899496826,0.0,4.242640687119285,1.084678350615193,0.5882635621466478
1149,171.51998538760773,0.1335431150730345,0.0,0.3860966632708352,1.3599426832102837,1.7694179454963432e-16,0.5297857038881463,1.9064683454188918,1.1102230246251565e-16,4.471785903517327,10.22926229670624,-9.71445146547012e-17,2.018506468671462,6.623414050103239,3.3306690738754696e-16,3.8084897910844355,10.857406960654824,0.16472228271783984,9.99843458344814,2.0371841820342675,12.200341048200247,18.15376574220899,-1.131305784648666,0.0,1.7755139147605836,0.6442081301119176,1.0,0.0007919008899496826,0.0,4.242640687119285,1.084678350615193,0.5882635621466478
1151,171.78241728220024,0.13042901380131008,3.469446951953614e-18,0.38851994381571103,1.3550352217244863,1.700029006457271e-16,0.5423643056018569,2.0863639734300663,1.1102230246251565e-16,4.492166478836323,10.275589364053719,-2.7755575615628914e-17,2.0067006212437377,6.631567428847886,1.6653345369377348e-16,3.817903928825144,10.65193733247936,0.16850968872851263,10.089779836790362,2.0134236916500017,12.271713217168877,18.220762319448262,-1.1353640407779102,0.0,1.7438054778523653,0.6084414370744551,1.0,0.000792640585151231,0.0,4.242640687119285,1.0936527924958486,0.5980382152669839
1153,172.03920788073873,0.12777732758333574,0.0,0.39179698991797973,1.3365575199378545,1.734723475976807e-16,0.5622453869658461,2.225306727580671,5.551115123125783e-17,4.512097053382454,10.488147601422899,-2.7755575615628914e-17,1.995224498157809,6.580289701566247,5.551115123125783e-17,3.8232419920283935,10.526321076320347,0.17363501435032605,10.17950990957131,1.99046039902454,12.343605322946177,18.28070414096521,-1.1306256895402644,0.0,1.70654622064434,0.5759205311040756,1.0,0.000792640585151231,0.0,4.242640687119285,1.0936527924958486,0.5980382152669839
1155,172.29185955284746,0.12591383045199495,6.938893903907228e-18,0.39598005631908206,1.3083609756792671,1.6653345369377348e-16,0.5894589827573353,2.3808868994602825,0.0,4.531373621934843,10.635724036271991,-6.938893903907228e-17,1.984505331151146,6.486399551203036,1.6653345369377348e-16,3.82387489111235,10.341587132581138,0.18018356479062614,10.266673450783447,1.9691307046836595,12.415987720257732,18.33306360431885,-1.1224304259896916,0.0,1.6603118538659958,0.5378814278763042,1.0,0.000792640585151231,0.0,4.242640687119285,1.0936527924958486,0.5980382152669839
1157,172.53244830459266,0.11832056292715643,0.0,0.4004821554133708,1.2733429243527485,1.8041124150158794e-16,0.6211467853910004,2.6097352482660314,5.551115123125783e-17,4.549068033756323,10.712345571319005,-5.551115123125783e-17,1.9748621091582483,6.517411053617122,1.1102230246251565e-16,3.818995334828108,10.267101733194872,0.1878401722775009,10.34700998787181,1.9500401750944827,12.484890335243792,18.372806359546765,-1.1188723559873683,0.0,1.6036977697350234,0.4848254137476551,1.0,0.000792640585151231,0.0,4.242640687119285,1.0936527924958486,0.5980382152669839
1159,172.75902316134022,0.11182295897854665,-3.469446951953614e-18,0.40463673521303434,1.286360600194691,1.734723475976807e-16,0.6532901194655037,2.84277246362071,1.6653345369377348e-16,4.5647830432575285,10.733327756261145,-6.938893903907228e-17,1.9659968418335068,6.531247217043175,1.6653345369377348e-16,3.8084214873646682,10.315092455884592,0.1961530632609256,10.41862211600573,1.932571791049661,12.547346970316317,18.396018802229623,-1.1255399123605658,0.0,1.540038198713776,0.41449828635321007,1.0,0.000792640585151231,0.0,4.242640687119285,1.0936527924958486,0.5980382152669839
1162,173.08216404164648,0.10611556771201507,1.734723475976807e-18,0.40948204380555364,1.3291979699511138,1.8041124150158794e-16,0.6951311401681876,3.04126932207566,1.1102230246251565e-16,4.584917437668773,10.708729071318725,-8.326672684688674e-17,1.9528578316032783,6.525488156973164,-5.551115123125783e-17,3.7822452871268646,10.279441304026346,0.20896720048817882,10.510733955119596,1.906826855227129,12.626528010834903,18.395807307300238,-1.151065542696986,0.0,1.4594450968038561,0.3083795541068701,1.0,0.0007934761550548571,0.0,4.242640687119285,1.0953311575387767,0.5998751723376182
1164,173.29147859880865,0.1042810856364028,1.734723475976807e-18,0.41164975566401313,1.3321108169255225,1.8041124150158794e-16,0.7150343647471368,3.1592277851025123,1.6653345369377348e-16,4.596221291340116,10.682119536593484,-1.1102230246251565e-16,1.9435677112071275,6.50655674225472,3.3306690738754696e-16,3.7586864143216534,10.191880173913782,0.2170202721995911,10.562625079484102,1.8887277240234561,12.668373075707148,18.37158616125627,-1.190551755266076,0.0,1.3858853315810886,0.19533357631501258,1.0,0.0007934761550548571,0.0,4.242640687119285,1.0953311575387767,0.5998751723376182
1167,173.6025896714098,0.10366471763474774,1.734723475976807e-18,0.41339119249341866,1.3101820480114317,1.8041124150158794e-16,0.7297523759366703,3.164240875459308,1.6653345369377348e-16,4.610175353569714,10.6557664981066,-6.245004513516506e-17,1.9281075589595795,6.450861591989849,2.220446049250313e-16,3.7160737015103296,10.38449740857219,0.22706720887953952,10.626858395330819,1.858799379458534,12.712724983668892,18.30000937699273,-1.2415539457955946,0.0,1.328288796794774,0.08673485099917944,1.0,0.0007934761550548571,0.0,4.242640687119285,1.0953311575387767,0.5998751723376182
1169,173.81088362808535,0.10437355878722378,-5.204170427930421e-18,0.41353999358552607,1.295298858561116,1.8041124150158794e-16,0.7300971464527751,3.0521472801396112,1.1102230246251565e-16,4.617534446913616,10.651728290025467,-9.71445146547012e-17,1.916534592066129,6.383250195759185,1.6653345369377348e-16,3.6838578873396797,10.42947061220553,0.23180419672872016,10.660812184216917,1.8365524212930413,12.729168802238679,18.22983963574271,-1.298684162784728,0.0,1.2859411031656935,-0.012743059619034547,1.0,0.0007934761550548571,0.0,4.242640687119285,1.0953311575387767,0.5998751723376182
1171,174.02170183738093,0.10580991965323827,0.0,0.41274456432453094,1.2760017615706334,1.5959455978986625e-16,0.724650099234557,2.940427085667531,1.6653345369377348e-16,4.6230517719304824,10.653202831918216,-6.245004513516506e-17,1.9035362525695725,6.325360021764569,5.551115123125783e-17,3.6488131218841615,10.369399799220181,0.23461772403207362,10.686303842974787,1.8117251324233055,12.732646699430166,18.13910787543066,-1.3598690438592376,0.0,1.26309297396515,-0.0967760698940876,1.0,0.0008110724840772668,0.0,4.242640687119285,1.2171499406563902,0.7407269890199271
1174,174.3446148979135,0.10846727154257249,-1.734723475976807e-18,0.40968426317842777,1.285259972092683,1.6653345369377348e-16,0.7129610424353134,2.7206771318018363,1.6653345369377348e-16,4.6283575738724965,10.643768845369834,-6.938893903907228e-17,1.8819419901981027,6.2043370729578085,2.220446049250313e-16,3.5920910394418444,10.281981967468113,0.23553468963583601,10.710846915811452,1.7708528272353974,12.717234432682686,17.97192912954045,-1.4236471689325148,0.0,1.2479694960962402,-0.17567767283627456,1.0,0.0008110724840772668,0.0,4.242640687119285,1.2171499406563902,0.7407269890199271
1176,174.56419737185217,0.11025304298931106,3.469446951953614e-18,0.40673560283298876,1.289487709806016,1.734723475976807e-16,0.7077826137537158,2.689975427706531,5.551115123125783e-17,4.630295894769112,10.61356485689781,-1.1102230246251565e-16,1.8669032451040906,6.07312074896849,5.551115123125783e-17,3.552819549023489,10.265634927677704,0.23458307116295293,10.71982003655785,1.7426638632900924,12.697066971010896,17.847813056240323,-1.47228340013733,0.0,1.2525852172675496,-0.21969818286978038,1.0,0.0008110724840772668,0.0,4.242640687119285,1.2171499406563902,0.7407269890199271
1178,174.7875630411315,0.11215806663148357,6.938893903907228e-18,0.4037300122188063,1.2724383122583958,1.734723475976807e-16,0.7064345404557718,2.7085984775768783,2.220446049250313e-16,4.631033051170605,10.553932222877046,-1.0408340855860843e-16,1.8518829177062315,6.089661063864201,1.1102230246251565e-16,3.513709257842495,10.195754974060707,0.23298970242714856,10.723233560517262,1.714735170446072,12.670958433390483,17.71915484597153,-1.5087466649545629,0.0,1.279763259863096,-0.22898340509146697,1.0,0.0008110724840772668,0.0,4.242640687119285,1.2171499406563902,0.7407269890199271
1180,175.01452982596982,0.11389953378977802,-3.469446951953614e-18,0.40154717159483333,1.213022953130841,1.8735013540549517e-16,0.7082473034000798,2.8734527660768725,1.1102230246251565e-16,4.630652469694785,10.728066403954273,-5.551115123125783e-17,1.8376236119866838,6.126929536368044,1.6653345369377348e-16,3.476832456074439,10.074991831166342,0.2312765503999583,10.721471147545206,1.688430269665493,12.641177967610655,17.593466497731555,-1.5403681684595596,0.0,1.3335521973637279,-0.20681597109583172,1.0,0.0008308723440047954,0.0,4.242640687119285,1.257807291648063,0.7910395914615176
1183,175.3601541988355,0.11574471816650274,3.469446951953614e-18,0.40175667350426697,1.2006604914718464,1.5959455978986625e-16,0.7101683324311194,3.0161977003463285,2.220446049250313e-16,4.6270005724691154,11.114406309692155,-1.249000902703301e-16,1.8187153319406433,6.120024569769704,0.0,3.4306280471688866,9.928310840739178,0.2289785904676963,10.704567148814759,1.653862729317982,12.587408468600437,17.418957573384308,-1.5954047388900212,0.0,1.4410259917835533,-0.15437874710646793,1.0,0.0008308723440047954,0.0,4.242640687119285,1.257807291648063,0.7910395914615176
1185,175.5925572360357,0.11630988502644395,0.0,0.4052465850397934,1.1976517452219693,1.6653345369377348e-16,0.7090499943506139,3.099188013150516,1.6653345369377348e-16,4.623521392587542,11.11910036281405,-8.326672684688674e-17,1.8103950880029767,6.0608903495229445,1.1102230246251565e-16,3.4108004713536717,9.836734065042794,0.22837080119129163,10.688475033857323,1.6387651873326528,12.555611022381267,17.335437370668252,-1.597637744184334,0.0,1.5806072155359636,-0.01703052864837029,1.0,0.0008308723440047954,0.0,4.242640687119285,1.257807291648063,0.7910395914615176
1187,175.825374606226,0.11640726205354673,6.938893903907228e-18,0.411619553877481,1.1947767893008672,1.734723475976807e-16,0.7045737667552483,3.154360046855838,0.0,4.6190233583628855,11.310631457530022,-8.326672684688674e-17,1.80641464019912,5.951011724284065,2.7755575615628914e-16,3.4014621533014493,9.750216738964138,0.22884708244876284,10.667688392550975,1.6315669261628574,12.528102401162595,17.283554418017825,-1.593387827318771,0.0,1.70510522346199,0.11171739614321896,1.0,0.0008308723440047954,0.0,4.242640687119285,1.257807291648063,0.7910395914615176
1189,176.05754895988952,0.11586690462051914,0.0,0.42062248624926546,1.1971574219654348,1.8041124150158794e-16,0.6972732317455614,3.122539963698305,2.7755575615628914e-17,4.613362768239662,11.44013402376874,-1.1102230246251565e-16,1.807150680539065,5.782783711206493,1.6653345369377348e-16,3.4024359086600127,9.656021141020716,0.23081816318546386,10.641558015689956,1.6328967910864023,12.505272969961823,17.263843691433777,-1.5853914684881463,0.0,1.8266637900668117,0.2412723215786654,1.0,0.0008308723440047954,0.0,4.242640687119285,1.257807291648063,0.7910395914615176
1191,176.28464757977082,0.11277444512450763,-6.938893903907228e-18,0.43161985794520086,1.2225168780579811,1.8041124150158794e-16,0.6888970563768091,3.0013005191044133,1.1102230246251565e-16,4.606381838824026,11.424037308434896,-8.326672684688674e-17,1.8122358664707297,5.63838178477825,2.220446049250313e-16,3.411902080059192,9.660194824933757,0.23460276507610453,10.609376822523908,1.642099417861458,12.48607900546147,17.271268890379233,-1.5827528925131318,0.0,1.9338776951297185,0.35112480261658674,1.0,0.0008376854315716587,0.0,4.242640687119285,1.1897312293958382,0.7077301990998663
1193,176.50555979467148,0.10968245899808163,0.0,0.4440401586871498,1.2614696726726886,1.942890293094024e-16,0.6815058808031804,2.7983820326572335,5.551115123125783e-17,4.598126040645914,11.44159047126745,-8.326672684688674e-17,1.8209540701534492,5.593721663254643,1.1102230246251565e-16,3.427457942937399,9.742166649747423,0.2403644456160374,10.571381542833034,1.6579368628042064,12.469682851253278,17.299436060720744,-1.580426122604059,0.0,2.019133276402533,0.4387071537984739,1.0,0.0008376854315716587,0.0,4.242640687119285,1.1897312293958382,0.7077301990998663
1196,176.82535123812013,0.10506363723848706,0.0,0.4643810446082804,1.3511008254770056,1.8735013540549517e-16,0.6739057384370845,2.371466499357193,1.942890293094024e-16,4.583446365009546,11.69579536646103,-4.163336342344337e-17,1.838740289280844,5.647549297371108,1.1102230246251565e-16,3.457632275973428,9.817435011857977,0.25228670542787485,10.503990290459607,1.6904829257123006,12.446759921599782,17.365152505392444,-1.5817180288575325,0.0,2.090697732725325,0.5089797038677923,1.0,0.0008376854315716587,0.0,4.242640687119285,1.1897312293958382,0.7077301990998663
1198,177.03099981282253,0.10209018423448733,3.469446951953614e-18,0.4785497537581897,1.4251799269216914,1.942890293094024e-16,0.6695563933547226,2.270364299717229,5.551115123125783e-17,4.572033334526379,11.802874422938894,-9.71445146547012e-17,1.8520403976021083,5.814820137173594,1.1102230246251565e-16,3.479897019533023,9.810004741727411,0.26154554727213924,10.4517444060102,1.7150268171750873,12.428316770457425,17.41295806960231,-1.597215906276809,0.0,2.128877772493002,0.5316618662161932,1.0,0.0008376854315716587,0.0,4.242640687119285,1.1897312293958382,0.7077301990998663
1201,177.32713209508705,0.09697795365321189,6.938893903907228e-18,0.4997185542565564,1.5703595874222889,1.8041124150158794e-16,0.6597961880364337,2.290847361307512,5.551115123125783e-17,4.552656875708504,11.997263316803771,-8.326672684688674e-17,1.8713368198206994,6.116917437540861,1.6653345369377348e-16,3.513515123347592,10.14733017435519,0.275327932484388,10.36334231396796,1.750950746608324,12.38962099306067,17.473664640606902,-1.628199018141743,0.0,2.132377074099715,0.5041780559579723,1.0,0.0008448641658552207,0.0,4.242640687119285,1.2016883863334782,0.7220274889243793
1203,177.5167982246825,0.09419010381813844,3.469446951953614e-18,0.513174966477999,1.6672145512789274,1.8041124150158794e-16,0.6498534672650673,2.2328257362037487,0.0,4.538609133770416,12.037687281775497,-8.326672684688674e-17,1.882647974651053,6.260026977716777,2.220446049250313e-16,3.5349556774717192,10.245045821118554,0.2834255395160764,10.29948643457212,1.7721816982288554,12.355093672317052,17.501171513802085,-1.6622661422306686,0.0,2.1087161301286415,0.44644998789797286,1.0,0.0008448641658552207,0.0,4.242640687119285,1.2016883863334782,0.7220274889243793
1206,177.79299154674908,0.09097908209982025,3.469446951953614e-18,0.5313551884985401,1.7943819243125725,1.8735013540549517e-16,0.6311130879247533,2.1470222373327874,5.551115123125783e-17,4.516821542845701,12.149534749416324,-5.551115123125783e-17,1.8966260235474877,6.358953006069227,1.1102230246251565e-16,3.564633443997287,10.23010005256337,0.29301487554892347,10.200838424957508,1.7985951365987778,12.29244843710521,17.521828703021253,-1.6800455352841936,0.0,2.0569533920620753,0.37690785677788163,1.0,0.0008448641658552207,0.0,4.242640687119285,1.2016883863334782,0.7220274889243793
1209,178.0627948443786,0.08965603617950332,6.938893903907228e-18,0.5457633925740548,1.8808764440969887,1.8735013540549517e-16,0.6116480305945502,2.207077668596578,2.7755575615628914e-17,4.494718130608797,12.367903236797668,-5.551115123125783e-17,1.906624658222765,6.377490561466672,0.0,3.589603469598115,10.218573611746137,0.29906465806175775,10.101245536811719,1.8176087936715375,12.217918988545014,17.514546110833273,-1.687646168325553,0.0,1.9617603406060458,0.27411417228049273,1.0,0.0008448641658552207,0.0,4.242640687119285,1.2016883863334782,0.7220274889243793
1212,178.3180171172265,0.08342765368329576,-3.469446951953614e-18,0.5548125092052696,1.917287462316166,1.942890293094024e-16,0.5965957826982069,2.202534422860337,1.1102230246251565e-16,4.4731271257700245,12.38542472066631,-5.551115123125783e-17,1.9121879476776307,6.289709540618944,1.1102230246251565e-16,3.6067464420161683,10.194646380586367,0.30145913665287855,10.004433141649802,1.8282313736217946,12.134123651924476,17.474682397735265,-1.6917688806775355,0.0,1.8345899288010423,0.14282104812350682,1.0,0.0008555973701942459,0.0,4.242640687119285,1.2370319215854753,0.7651239875107267
1215,178.5643009714356,0.0818314906452808,1.0408340855860843e-17,0.5587210225476735,1.9607471720583172,1.8041124150158794e-16,0.5882363529850908,2.1592175108206444,1.6653345369377348e-16,4.452051357932322,12.267299317571199,-5.551115123125783e-17,1.9143911256125326,6.197831086744484,1.6653345369377348e-16,3.615458421909929,10.228851407910444,0.30097366098287814,9.910380646833515,1.8324466909120098,12.043800998728402,17.405563381791456,-1.6743540644398331,0.0,1.6870869559114967,0.012732891471663565,1.0,0.0008555973701942459,0.0,4.242640687119285,1.2370319215854753,0.7651239875107267
1218,178.8120631326676,0.08323886285080542,6.938893903907228e-18,0.5582148821075037,1.9814963541980464,1.8735013540549517e-16,0.586191609194452,2.1204773123983176,0.0,4.430615417505403,12.098049150732763,-5.551115123125783e-17,1.9140322837828718,6.352180140689077,2.220446049250313e-16,3.6152713412093567,10.568283949870864,0.29818583737129867,9.815176488918288,1.8317597916815378,11.945122117971124,17.305832364706482,-1.6469795719121947,0.0,1.53106690125982,-0.11591267065237476,1.0,0.0008555973701942459,0.0,4.242640687119285,1.2370319215854753,0.7651239875107267
1221,179.0683532088687,0.08671420150229192,0.0,0.5540262082120625,1.9660216447680303,1.8735013540549517e-16,0.589854971433772,2.0632168033960685,1.3877787807814457e-16,4.407949818846053,12.004796382964965,-5.551115123125783e-17,1.9114452204169587,6.477850566343709,1.1102230246251565e-16,3.604958134995498,10.818719967306599,0.293529458106895,9.715010802732474,1.8268114153274175,11.835351676166786,17.17100834336316,-1.62110633565793,0.0,1.3765647670249348,-0.24454156863299525,1.0,0.0008586598411166432,0.0,4.242640687119285,1.1973172991350607,0.7167843574040382
1224,179.3379077970685,0.09152440288119244,3.469446951953614e-18,0.5468269600081207,1.9234698958109286,1.8041124150158794e-16,0.6008680141377204,2.085097314960863,0.0,4.383556915156586,11.977007789004027,-8.326672684688674e-17,1.9067511790514193,6.557574082712399,1.6653345369377348e-16,3.5828873074073764,10.945425313935761,0.28773767971848646,9.607785614208558,1.8178500294069888,11.713373323334032,16.99723534628786,-1.5987447376895343,0.0,1.2327505363671296,-0.3659942013224047,1.0,0.0008586598411166432,0.0,4.242640687119285,1.1973172991350607,0.7167843574040382
1226,179.526244670567,0.09505585594103462,0.0,0.5405803684734979,1.8846342244206276,1.8735013540549517e-16,0.6145828544805987,2.127299352983117,2.7755575615628914e-17,4.366341116007083,11.862350770768352,-1.1102230246251565e-16,1.9023801022185707,6.56327704162596,1.1102230246251565e-16,3.5608220500619434,10.971001952330136,0.283876314021399,9.53246737066699,1.8095250266585696,11.625868711346957,16.85884622950151,-1.58337122825733,0.0,1.1257033053827943,-0.4576679228745357,1.0,0.0008586598411166432,0.0,4.242640687119285,1.1973172991350607,0.7167843574040382
1229,179.82095788450468,0.09959749766036444,0.0,0.5292414419345787,1.8177862107228555,1.942890293094024e-16,0.6482137532496515,2.1326720442614033,1.3877787807814457e-16,4.339323910027962,11.490726419497006,-6.938893903907228e-17,1.8933989528286255,6.5162133193553,1.6653345369377348e-16,3.51597196032669,11.150725765166023,0.27929381283443805,9.414865998070178,1.7924797972862672,11.486639608190885,16.616875288444096,-1.5787472450407916,0.0,1.0336524109079754,-0.5450948341328161,1.0,0.0008586598411166432,0.0,4.242640687119285,1.1973172991350607,0.7167843574040382
1231,180.0209952956295,0.10010440291813225,3.469446951953614e-18,0.520655731761909,1.7721285211177524,1.8735013540549517e-16,0.6791324034259626,2.5355728282410936,1.1102230246251565e-16,4.321096040767067,11.069307943256561,-6.938893903907228e-17,1.8854941768778244,6.38556335100302,2.7755575615628914e-16,3.479264552811827,11.183847064372571,0.2776664184872084,9.335935496766409,1.7775441455200918,11.39114606077371,16.43711629997608,-1.5845722755095546,0.0,0.959625658458527,-0.6249466170510276,1.0,0.0008577486107083397,0.0,4.242640687119285,1.1740775188838999,0.6892290101742871
1234,180.31770459002556,0.09838218350862153,0.0,0.5070197121009784,1.7074966508485128,1.8735013540549517e-16,0.7326109791868793,3.031573602160165,1.6653345369377348e-16,4.294450513418708,10.610808067825811,-6.938893903907228e-17,1.8705480656897775,6.297767747758613,2.7755575615628914e-16,3.4182739240128797,11.038445318351144,0.2775052385397261,9.2211526061011,1.7494750330278839,11.24813287766871,16.152448997984923,-1.6021774734922576,0.0,0.9128887096926327,-0.6892887637996249,1.0,0.0008577486107083397,0.0,4.242640687119285,1.1740775188838999,0.6892290101742871
1236,180.51372032544606,0.09794539500844439,0.0,0.4977848552240387,1.6668535750250337,1.942890293094024e-16,0.7689561644163799,3.254407262301452,5.551115123125783e-17,4.277238766274393,10.291014989539175,-8.326672684688674e-17,1.858392411292836,6.170937665762232,1.6653345369377348e-16,3.3759602030220375,10.780186440838193,0.27844483273730125,9.147385731860243,1.7268111771754007,11.152641741772946,15.956671887893267,-1.6266497575590375,0.0,0.894662301418889,-0.7319874561401485,1.0,0.0008577486107083397,0.0,4.242640687119285,1.1740775188838999,0.6892290101742871
1239,180.80851093029574,0.09840659604809517,-3.469446951953614e-18,0.48443475304794226,1.607000775891021,1.942890293094024e-16,0.8182859314819074,3.3845111966852857,5.551115123125783e-17,4.252305605163405,10.310465871278733,-5.551115123125783e-17,1.8367390235271759,5.969715775860708,1.942890293094024e-16,3.3135691686764708,10.107090421112254,0.2801772862585448,9.041051479852058,1.686805120273782,11.008033886384384,15.659368978271047,-1.6522494944701038,0.0,0.9087840220382859,-0.7434654724318179,1.0,0.0008577486107083397,0.0,4.242640687119285,1.1740775188838999,0.6892290101742871
1241,181.00609472626363,0.09903622476407115,6.938893903907228e-18,0.47641430182221256,1.5671248666711006,2.0122792321330962e-16,0.8447178328967818,3.3634721095673004,5.551115123125783e-17,4.236262365351283,10.23181292634117,-8.326672684688674e-17,1.819991494436331,5.838355662766687,2.7755575615628914e-16,3.2744905793388868,9.814523905475998,0.2806935955167391,8.972959414045825,1.6561845199102945,10.909837529472858,15.461039959011515,-1.6821414342062218,0.0,0.9453958896741566,-0.7367455445320652,1.0,0.0008674047134359347,0.0,4.242640687119285,1.2469529250716098,0.777445798672322
1244,181.3102863309925,0.1030162290481899,0.0,0.46627380586174094,1.5080515355452784,1.942890293094024e-16,0.8733854790519897,3.3965088279853752,0.0,4.213116653596213,10.155307887712713,-5.551115123125783e-17,1.7915711363824807,5.470815167449157,1.1102230246251565e-16,3.2204545832690528,9.217217052522358,0.2794889314922047,8.875175968404875,1.6048635683594061,10.759528468256486,15.164650521798526,-1.6982976074448772,0.0,0.9965326510199816,-0.7017649564248957,1.0,0.0008674047134359347,0.0,4.242640687119285,1.2469529250716098,0.777445798672322
1246,181.52379898151645,0.10820126522593075,0.0,0.4608424672676814,1.4709155600377097,1.9081958235744878e-16,0.8853964177166739,3.718252778749582,1.3877787807814457e-16,4.198164593797472,9.952098256650883,-8.326672684688674e-17,1.7704293760520546,5.279109850548741,1.942890293094024e-16,3.186898855944476,9.381826165790233,0.2770570457324365,8.812292978307346,1.5672100877940336,10.656560111833816,14.965977765493303,-1.701152525680498,0.0,1.0519649117167895,-0.6491876139637085,1.0,0.0008674047134359347,0.0,4.242640687119285,1.2469529250716098,0.777445798672322
1248,181.75172460806664,0.11614907622613395,3.469446951953614e-18,0.45628711266320965,1.4387685268822175,1.97758476261356e-16,0.8909377985554252,3.959319517211904,1.3877787807814457e-16,4.183032109088356,9.902644376124568,-5.551115123125783e-17,1.7472132927645925,5.39064043573844,1.6653345369377348e-16,3.1542108963536486,9.506731983462725,0.2731515230043915,8.74887881283209,1.5263771452066441,10.548407481043125,14.761027148492314,-1.7036601009272252,0.0,1.0969290257856819,-0.6067310751415433,1.0,0.0008674047134359347,0.0,4.242640687119285,1.2469529250716098,0.777445798672322
1251,182.115305918777,0.12226547979164495,0.0,0.45051734101417057,1.4659377087612087,2.0469737016526324e-16,0.8816356934960028,4.166873970553629,6.938893903907228e-17,4.159011540015453,9.9568237661132,-8.326672684688674e-17,1.7093427312881453,5.368354569482241,1.6653345369377348e-16,3.1069477225604714,9.56721810035016,0.2644310762059654,8.648688494990854,1.460926286503808,10.374045857700628,14.441315664899834,-1.7210191103285424,0.0,1.1513790522152396,-0.5696400581133028,1.0,0.0008833612561316565,0.0,4.242640687119285,1.3061284476108255,0.8529857608291325
1253,182.36023270606265,0.12241236245802999,0.0,0.44703852804840316,1.4803012874966393,1.97758476261356e-16,0.8617071740950655,4.043934274846233,8.326672684688674e-17,4.141920264789423,10.05341723665637,-5.551115123125783e-17,1.683965064303155,5.490787632524052,1.1102230246251565e-16,3.0783035462583572,9.49018505132783,0.25691530375953486,8.57775173993664,1.4178691688967642,10.252536212592938,14.228912616674535,-1.7429791963447152,0.0,1.1995516461432836,-0.5434275502014316,1.0,0.0008833612561316565,0.0,4.242640687119285,1.3061284476108255,0.8529857608291325
1255,182.60514609139594,0.12250745015695547,0.0,0.44384265634982084,1.4858912461288973,1.942890293094024e-16,0.8321648701034144,3.811171143117795,-1.3877787807814457e-17,4.123882390784564,10.252970739893794,-5.551115123125783e-17,1.6600084804620794,5.559908186782827,1.6653345369377348e-16,3.0531525373125863,9.457442465438575,0.2484238686405682,8.503202986511505,1.3778140776030108,10.129440932755085,14.024124922704631,-1.7403417617513552,0.0,1.2321189157961578,-0.5082228459551974,1.0,0.0008833612561316565,0.0,4.242640687119285,1.3061284476108255,0.8529857608291325
1257,182.85093987493755,0.12306822077376323,0.0,0.44117405362190704,1.4780450090825672,1.942890293094024e-16,0.7947237653937569,3.34422863983174,6.938893903907228e-17,4.104345886546446,10.535277160126382,-1.1102230246251565e-16,1.6383205612677947,5.5368821656905345,1.6653345369377348e-16,3.0318212609678796,9.40103407987115,0.23962158729179575,8.422827578205366,1.342047130736411,10.004496296233572,13.828367269753336,-1.728950139237606,0.0,1.2598433528140822,-0.4691067864235239,1.0,0.0008833612561316565,0.0,4.242640687119285,1.3061284476108255,0.8529857608291325
1259,183.0986351059979,0.1241524361794834,0.0,0.43933256295731865,1.4854789598197276,2.0122792321330962e-16,0.7524664662095267,2.7197396076062015,1.1796119636642288e-16,4.08311047063246,10.782768869295493,-8.326672684688674e-17,1.6196231553131728,5.459046833725065,2.220446049250313e-16,3.0142551569867844,9.182142242056994,0.23169263685372532,8.335895557694212,1.3115895826132986,9.879177777161235,13.64391558065832,-1.7060030988227484,0.0,1.2826412360010604,-0.423361862821688,1.0,0.0008833612561316565,0.0,4.242640687119285,1.3061284476108255,0.8529857608291325
1261,183.3492554826841,0.12573062437017726,-3.469446951953614e-18,0.43852668671494277,1.5005959396331834,2.1510571102112408e-16,0.7112793340702985,2.52827323018525,3.469446951953614e-17,4.060157023213724,10.974961533675385,-8.326672684688674e-17,1.6038940156623367,5.327160163288793,2.220446049250313e-16,2.9997569534458486,8.797885065882957,0.22591389077338841,8.242437526575861,1.2862380067387278,9.754589424087976,13.47043371135832,-1.6798200475290639,0.0,1.2998698364274688,-0.3799502111015951,1.0,0.0008911360766775967,0.0,4.242640687119285,1.2686680510719377,0.8047593119053342
1263,183.6036186034581,0.12766004407822376,3.469446951953614e-18,0.4388508157531952,1.440723258442282,1.942890293094024e-16,0.6807987962468282,2.4239442637552684,1.249000902703301e-16,4.036156975697342,11.083992022080821,-5.551115123125783e-17,1.5908287105224934,5.173052741165485,5.551115123125783e-17,2.9877977286990656,8.409904945449304,0.22329215602182706,8.145281566235157,1.2653679931113293,9.633941715368314,13.309582230736854,-1.6441424183918925,0.0,1.311876147130671,-0.33226627126122144,1.0,0.0008911360766775967,0.0,4.242640687119285,1.2686680510719377,0.8047593119053342
1265,183.86158162580767,0.12940028730696201,0.0,0.4402817130662541,1.3776536965158792,2.0122792321330962e-16,0.6698527622251736,2.5392804576663837,7.632783294297951e-17,4.011992964218907,11.118232289637165,-8.326672684688674e-17,1.5800449854790977,4.930094721184451,1.1102230246251565e-16,2.9786398277124304,8.380872703270352,0.22407202484167688,8.048043772471003,1.248271078068821,9.5203868753815,13.164177663723699,-1.6013851035589293,0.0,1.3236817126926606,-0.2777033908662687,1.0,0.0008911360766775967,0.0,4.242640687119285,1.2686680510719377,0.8047593119053342
1267,184.12291235111843,0.13111501812811757,0.0,0.4427063471465097,1.2631224446505496,2.0122792321330962e-16,0.6787998606126291,2.5844340160826333,8.326672684688674e-17,3.987976836849157,10.90923155706337,-9.71445146547012e-17,1.5713154129023619,4.946863643151434,1.6653345369377348e-16,2.9735432982946777,8.402971835436794,0.2274519081229882,7.951979625622704,1.2345160634122596,9.413947597157952,13.035792792215172,-1.5610919798442162,0.0,1.34287743475931,-0.21821454508490623,1.0,0.0008911360766775967,0.0,4.242640687119285,1.2686680510719377,0.8047593119053342
1268,184.2551659465945,0.1322535954760742,0.0,0.44423073094820037,1.2015680929739454,2.1510571102112408e-16,0.6881860709596828,2.598672539070952,1.1102230246251565e-16,3.9759960948354123,10.879467862482365,-4.85722573273506e-17,1.5677998426977802,4.983591136196406,1.1102230246251565e-16,2.973211933934842,8.532702324928415,0.22963448723632715,7.904272473073224,1.228998173381592,9.362905133691143,12.978700392177727,-1.531843053575199,0.0,1.3652026395455379,-0.16664041402966112,1.0,0.0008911360766775967,0.0,4.242640687119285,1.2686680510719377,0.8047593119053342
1270,184.51769815373032,0.1307574967316497,-1.734723475976807e-18,0.44758188196599274,1.1524972871505992,2.0816681711721685e-16,0.7091227807901959,2.548742384327351,1.1102230246251565e-16,3.9526036006716367,10.745472123353222,-6.938893903907228e-17,1.5628725219054216,5.049402136128344,5.551115123125783e-17,2.978374077753451,8.73929893653189,0.23369968197020596,7.811537612021193,1.221285259863506,9.266522553854905,12.882900093417513,-1.502373346955248,0.0,1.3950126621702208,-0.10736068478502725,1.0,0.0008794057597121081,0.0,4.242640687119285,1.1464409425971733,0.6571634174315477
1272,184.7748413620007,0.12656122328547365,1.734723475976807e-18,0.45075385497849374,1.097541538309909,2.0816681711721685e-16,0.7263455806596472,2.442156440856806,5.551115123125783e-17,3.9310611573238754,10.344910890138124,-4.163336342344337e-17,1.5611266325735365,5.098143949326056,5.551115123125783e-17,2.9923736294471266,8.712566998149184,0.23612687986031328,7.726620911310264,1.2185581814651947,9.181305972635773,12.81752513741782,-1.4465927528239197,0.0,1.4391268702552282,-0.0074658825686915176,1.0,0.0008794057597121081,0.0,4.242640687119285,1.1464409425971733,0.6571634174315477
1274,185.0191636378834,0.12116915707972734,0.0,0.45276238771221466,1.1357974412559264,2.1510571102112408e-16,0.7365847060870782,2.6609910395312095,1.249000902703301e-16,3.9115042950280827,10.018590089824954,-4.163336342344337e-17,1.5612842822974384,5.101729752062793,5.551115123125783e-17,3.013461024250336,8.655130114737975,0.2359783844481075,7.6499329250115675,1.2188043050745136,9.10471561453419,12.775375702671193,-1.4119167581832606,0.0,1.480610663145511,0.06869390496225036,1.0,0.0008794057597121081,0.0,4.242640687119285,1.1464409425971733,0.6571634174315477
1276,185.26028871540106,0.12072309965676885,0.0,0.4528633667594128,1.1532865370079564,2.1163626406917047e-16,0.7422698182266722,2.893633862276735,6.245004513516506e-17,3.893281849810375,9.730774792059433,-5.551115123125783e-17,1.5628677552270995,5.024746182511398,0.0,3.041192908306617,8.255431198635929,0.23342242341763048,7.578821781031447,1.2212778101642963,9.033522014613375,12.751990487271971,-1.376189346905819,0.0,1.5177231271577614,0.1415337802519423,1.0,0.0008794057597121081,0.0,4.242640687119285,1.1464409425971733,0.6571634174315477
1279,185.61916864180324,0.11963891730912948,8.673617379884035e-19,0.4486684350542263,1.1921485785508574,2.1510571102112408e-16,0.7441589757094015,2.997876166223948,5.551115123125783e-17,3.867736440309371,9.276223309414698,-6.938893903907228e-17,1.568187654475619,4.882558531651097,1.1102230246251565e-16,3.09448802224926,8.381303742517716,0.22623995367574642,7.4796925858485,1.2296062598248716,8.935538799349118,12.750626211531905,-1.3349827676950445,0.0,1.5660043446611494,0.2310215769661048,1.0,0.0008794057597121081,0.0,4.242640687119285,1.1464409425971733,0.6571634174315477
1281,185.8637571751527,0.12362408825189616,1.734723475976807e-18,0.4433760334760609,1.215480855250284,2.185751579730777e-16,0.7373566501986871,3.0690686531417994,6.938893903907228e-17,3.8513246906581458,9.015888313266252,-6.938893903907228e-17,1.574260544819533,4.773161435528827,2.220446049250313e-16,3.138712754656154,8.383522654624995,0.21994906739755005,7.416350936436531,1.2391481314877464,8.875448135321829,12.7745060609947,-1.290157733801866,0.0,1.6170267521625252,0.3268690183606593,1.0,0.0008620870939004556,0.0,4.242640687119285,1.0944092547815907,0.5988658084757983
1283,186.1137522588025,0.1233539411851161,-1.3010426069826053e-18,0.4367773041861283,1.2055508948410543,2.1510571102112408e-16,0.7198768816351588,2.9783990139185184,1.3877787807814457e-16,3.8351945490328894,8.839689152538488,-6.938893903907228e-17,1.5816048042068374,4.733074445030414,1.1102230246251565e-16,3.188268674655369,8.348999343995331,0.21286136847800022,7.354358614465793,1.250736878345074,8.817956861288868,12.813259167916893,-1.2651013330756735,0.0,1.646225496750912,0.3811241636752385,1.0,0.0008620870939004556,0.0,4.242640687119285,1.0944092547815907,0.5988658084757983
1285,186.35701431007507,0.12152218511081549,4.336808689942018e-19,0.4297014288935506,1.2285283921476622,2.1163626406917047e-16,0.694376333018472,2.6865515100928246,4.163336342344337e-17,3.820101235411125,8.594339457862114,-5.551115123125783e-17,1.5882991873333607,4.705694449034569,5.551115123125783e-17,3.2364854813804103,8.272087335425176,0.20582286868475047,7.2965867243948015,1.2613471542419068,8.763756747321459,12.853310234783635,-1.25430279271263,0.0,1.6445087833080305,0.3902059905954005,1.0,0.0008620870939004556,0.0,4.242640687119285,1.0944092547815907,0.5988658084757983
1287,186.6042383499772,0.12468152699799395,-1.734723475976807e-18,0.42234547331906086,1.2716834991866894,2.237793284010081e-16,0.6672615441110031,2.629553994157616,5.551115123125783e-17,3.8056466321525977,8.317527716160926,-4.163336342344337e-17,1.5935529749434654,4.702945627077868,5.551115123125783e-17,3.2804134623728998,8.265834455859945,0.1994899825076046,7.2414731444072045,1.2697055419755845,8.710668668890394,12.88587458157766,-1.242646353000259,0.0,1.602978110390061,0.36033175738980217,1.0,0.0008620870939004556,0.0,4.242640687119285,1.0944092547815907,0.5988658084757983
1289,186.8581674738528,0.12609553461686387,-1.734723475976807e-18,0.41584281008128315,1.311486039535042,2.0990154059319366e-16,0.6473361675710859,2.7809895782693994,5.551115123125783e-17,3.7914802110023076,8.24750961006376,-4.163336342344337e-17,1.5969399058392861,4.638197791949278,1.6653345369377348e-16,3.315560022477426,8.29620005500544,0.19515712034115792,7.187661095211053,1.2751085314309938,8.657926746983204,12.901128609329835,-1.232040387785358,0.0,1.525366205387766,0.29332581760240783,1.0,0.0008620870939004556,0.0,4.242640687119285,1.0944092547815907,0.5988658084757983
1291,187.1082384986155,0.12494632054372272,-1.734723475976807e-18,0.41284149154825694,1.353390575657003,2.1684043449710089e-16,0.640361304692802,2.7361920976990888,5.551115123125783e-17,3.777743531481634,8.20168528077133,-4.163336342344337e-17,1.5988961170098281,4.491750356019376,5.551115123125783e-17,3.338042013322344,8.362641698041832,0.19421680937698005,7.135673094825663,1.278234396494553,8.608124300697195,12.89484030752212,-1.2186061926622718,0.0,1.4279430888709201,0.20933689620864837,1.0,0.0008460998512491079,0.0,4.242640687119285,1.0791573737469211,0.5822903186561761
1293,187.35929347041466,0.12576618998044897,1.734723475976807e-18,0.4157642885534351,1.3719375894277444,2.1337098754514727e-16,0.6429707453232038,2.506000388812055,0.0,3.7628466789339354,8.170999765037253,-6.938893903907228e-17,1.5997971648993552,4.399258813013569,1.1102230246251565e-16,3.348276106487293,8.460967958472498,0.19687943039720052,7.079507564582073,1.2796754844100073,8.556062479389281,12.862695242823188,-1.222024634485346,0.0,1.329631085417022,0.10760645093167587,1.0,0.0008460998512491079,0.0,4.242640687119285,1.0791573737469211,0.5822903186561761
1295,187.6117936228387,0.12640624595685276,0.0,0.4255377063543726,1.3852433242737936,2.0990154059319366e-16,0.6492993779780268,2.2518775971697527,8.326672684688674e-17,3.7454348393406156,8.171209657491978,-9.71445146547012e-17,1.5998142662323327,4.43879608514437,1.6653345369377348e-16,3.3474936016790378,8.665445432948228,0.20263915821267514,7.014141067873231,1.2797028432202484,8.496483069306155,12.801728534112566,-1.2448517934954728,0.0,1.2406933281366415,-0.004158465358831354,1.0,0.0008460998512491079,0.0,4.242640687119285,1.0791573737469211,0.5822903186561761
1297,187.8645931988335,0.12628218142992226,3.469446951953614e-18,0.44053237041379445,1.40518090933308,2.0990154059319366e-16,0.6559898422021846,2.2690260745170105,5.551115123125783e-17,3.725073451302007,8.051557210962725,-6.938893903907228e-17,1.599517190045732,4.434939707966747,5.551115123125783e-17,3.338234673486056,8.97972786159987,0.21051528585916937,6.938086108797522,1.279227620625897,8.427829015282589,12.715885534429916,-1.2697713645878497,0.0,1.1680693187999371,-0.10170204578791253,1.0,0.0008460998512491079,0.0,4.242640687119285,1.0791573737469211,0.5822903186561761
1299,188.1144475805689,0.12423969487861411,0.0,0.45774085130344566,1.4319948770364295,2.0296264668928643e-16,0.6622337647441243,2.314685708196226,1.6653345369377348e-16,3.702017363802723,7.852061447406681,-6.938893903907228e-17,1.5995828414234348,4.532516314018147,0.0,3.3237979209634934,9.36495943459362,0.2192187522490894,6.85246628094843,1.2793326332881345,8.351017666485653,12.613211107012122,-1.2895135698819773,0.0,1.1167019971607544,-0.17281157272122294,1.0,0.0008460998512491079,0.0,4.242640687119285,1.0791573737469211,0.5822903186561761
1301,188.35615674141957,0.1196149043505114,3.469446951953614e-18,0.4747502940916084,1.4582641335338489,2.203098814490545e-16,0.6673622453222064,2.2353549124170407,1.1102230246251565e-16,3.6773897339380124,7.753128526419689,-5.551115123125783e-17,1.6007606055123782,4.665918078112465,2.7755575615628914e-16,3.307999839551051,9.777033624526503,0.22745353582845843,6.761597627636341,1.281217258080178,8.270268421544978,12.506058673011994,-1.2956031343715586,0.0,1.0900312381721833,-0.20557189619937533,1.0,0.0008417070389833489,0.0,4.242640687119285,1.1331817809086253,0.6420504742916218
1303,188.58719403565087,0.11407782606438721,0.0,0.49045392292754647,1.4764049534838675,2.220446049250313e-16,0.6694337008260028,2.1904763986769007,5.551115123125783e-17,3.652244253028512,7.745689199962696,-5.551115123125783e-17,1.6034321989603477,4.728752023791776,1.1102230246251565e-16,3.293871099135765,10.128839784712028,0.23427755023030672,6.669444041889896,1.2854974083314077,8.18921900045161,12.404104849567917,-1.2905490793111394,0.0,1.0870925545833432,-0.20345652472779618,1.0,0.0008417070389833489,0.0,4.242640687119285,1.1331817809086253,0.6420504742916218
1305,188.80512218113907,0.107428511203389,0.0,0.50393280122655,1.4819529771336573,2.1163626406917047e-16,0.666869774767706,2.1449836808469707,1.1102230246251565e-16,3.6276727435963747,7.689451672536732,-8.326672684688674e-17,1.6075681051953885,4.741522005631584,0.0,3.2830767863084556,10.413318882432902,0.23918263882571444,6.580004767316023,1.2921376064207457,8.111325012562483,12.313682778878542,-1.2765894440874046,0.0,1.1002503568744675,-0.17633908721293712,1.0,0.0008417070389833489,0.0,4.242640687119285,1.1331817809086253,0.6420504742916218
1307,189.01272313273265,0.10265454425614431,0.0,0.5142657889316248,1.4731186662955202,2.1510571102112408e-16,0.66008730551466,2.0940919393386808,5.551115123125783e-17,3.604145423725658,7.9439961442493505,-8.326672684688674e-17,1.6130032470642057,4.727521509572554,5.551115123125783e-17,3.275758886589683,10.634082540127626,0.24217120562127398,6.4949321176813015,1.3008897375198354,8.03799306082241,12.23614379477149,-1.2530997229950445,0.0,1.1190537994979515,-0.134045923497093,1.0,0.0008417070389833489,0.0,4.242640687119285,1.1331817809086253,0.6420504742916218
1310,189.30904056579604,0.09747685765099733,3.469446951953614e-18,0.5217181602690286,1.439882024457201,2.0296264668928643e-16,0.6467998383345535,2.2473256126716716,1.1102230246251565e-16,3.5713125740150624,8.164751059709932,-8.326672684688674e-17,1.6229568105308572,4.686290782996637,5.551115123125783e-17,3.2701113830466357,10.858512755977737,0.24340055660517057,6.377136750659044,1.3169944044242465,7.937531711688461,12.141805799646127,-1.2164762996139795,0.0,1.1379057252965425,-0.07857057431743697,1.0,0.0008298466869050806,0.0,4.242640687119285,1.0777716327229792,0.5807958461511782
1312,189.50335773307017,0.09727375551506852,3.469446951953614e-18,0.5206781362417011,1.4332689140993322,2.0816681711721685e-16,0.6396563280046269,2.2749219951092865,5.551115123125783e-17,3.551014005491706,8.240964820912263,-6.938893903907228e-17,1.6308128805029285,4.655858563446447,5.551115123125783e-17,3.2692856435388618,10.952631393514075,0.24238062731695964,6.304850233599127,1.3297753256071294,7.877006186523216,12.092603239273657,-1.1644625220079612,0.0,1.1472604158650235,-0.017202106142937712,1.0,0.0008298466869050806,0.0,4.242640687119285,1.0777716327229792,0.5807958461511782
1315,189.80389098024256,0.10237342198751408,0.0,0.5103321064303175,1.36618576976621,2.1510571102112408e-16,0.6327269096449826,2.2982817799488746,1.1102230246251565e-16,3.520312390014314,8.299484523690364,-6.938893903907228e-17,1.6436088482578153,4.817620035507736,1.6653345369377348e-16,3.2711864671493047,11.045219578813175,0.23799545022465024,6.1962996616441455,1.3507250230356906,7.785020134904486,12.024923601712578,-1.136650937327781,0.0,1.145810534785957,0.009159597458175961,1.0,0.0008298466869050806,0.0,4.242640687119285,1.0777716327229792,0.5807958461511782
1317,190.01916389939944,0.1097655321141121,0.0,0.498726790732533,1.300860944214874,2.1597307275911248e-16,0.6280428249587849,2.2289531846125845,1.1102230246251565e-16,3.4984872113257475,8.312768717735285,-8.326672684688674e-17,1.6525646884348113,4.944249559498216,1.6653345369377348e-16,3.2747178706049738,11.080359290526875,0.2330367135755605,6.119706383904903,1.3654850247308223,7.718228122211286,11.979132972598194,-1.116745836388611,0.0,1.1355854047432656,0.018839568354654723,1.0,0.0008298466869050806,0.0,4.242640687119285,1.0777716327229792,0.5807958461511782
1319,190.25661316311925,0.12210859532130837,-3.469446951953614e-18,0.4852615523124146,1.2103831064371595,2.1250362580715887e-16,0.6181646005096493,2.1113636301570327,1.1102230246251565e-16,3.4742375232703213,8.28865956117566,-5.551115123125783e-17,1.6613285909390307,4.975477865955027,1.1102230246251565e-16,3.280279988002355,11.05316750017363,0.22638122875771305,6.035163184049749,1.3800063435357324,7.641550756343194,11.92682103579488,-1.1099474569968064,0.0,1.118747814930584,0.008800357933777647,1.0,0.0008298466869050806,0.0,4.242640687119285,1.0777716327229792,0.5807958461511782
1321,190.52080407209493,0.1345579502181249,3.469446951953614e-18,0.4731061692096422,1.144176344550574,2.0903417885520525e-16,0.5994445353261391,2.1865730107924284,1.1102230246251565e-16,3.4477060587702915,8.18275925470464,-5.551115123125783e-17,1.6689756427116729,4.8912107065541175,5.551115123125783e-17,3.287597979705565,10.937317695473808,0.21883444966111898,5.943338533840688,1.392739847982421,7.554912831484228,11.865893808030958,-1.0969590789914319,0.0,1.0900673632760316,-0.0068917157154002595,1.0,0.0008064850032366256,0.0,4.242640687119285,0.9889430551347052,0.48900418314958227
1323,190.79070038753105,0.13478868252747678,-3.469446951953614e-18,0.4661878569203021,1.1420560821736547,2.0990154059319366e-16,0.5771715810003855,2.284007465166015,5.551115123125783e-17,3.4211276633124856,8.118689048646942,-4.163336342344337e-17,1.6733502460428336,4.72027723484708,1.6653345369377348e-16,3.2935155241637926,10.730352777665152,0.2127724821037732,5.852057244340973,1.4000505229658056,7.464880249410552,11.79368678951149,-1.0961714519504695,0.0,1.0462481479199892,-0.04992330403048029,1.0,0.0008064850032366256,0.0,4.242640687119285,0.9889430551347052,0.48900418314958227
1325,191.06154322060976,0.13574216196267702,-6.938893903907228e-18,0.46539201882813425,1.138493358332251,2.0816681711721685e-16,0.5628314658349288,2.295353445082989,0.0,3.394712796388822,7.994608233082905,-5.551115123125783e-17,1.6735766377608334,4.68883996007373,1.1102230246251565e-16,3.2944233305038018,10.516191162625582,0.21011006088116146,5.762037484983007,1.4004293812294275,7.372576927093596,11.703377080076317,-1.1070939417481327,0.0,0.9877033198096241,-0.11939062193850858,1.0,0.0008064850032366256,0.0,4.242640687119285,0.9889430551347052,0.48900418314958227
1327,191.33140269201942,0.1341504997156691,1.734723475976807e-18,0.4701665823058232,1.1512523013627907,2.0643209364124004e-16,0.5652580151316621,2.2240266216780427,1.6653345369377348e-16,3.368775628043618,7.751051313519137,-9.020562075079397e-17,1.6702055777502796,4.653151229040056,5.551115123125783e-17,3.288175730114385,10.284148522732734,0.21196641495956037,5.6743246160503364,1.3947933359740725,7.281084366983969,11.595144603628624,-1.1107258954689787,0.0,0.9203287757108031,-0.19039711975817564,1.0,0.0008064850032366256,0.0,4.242640687119285,0.9889430551347052,0.48900418314958227
1329,191.59522844365785,0.13120554251176303,-1.734723475976807e-18,0.4789761396058707,1.1797450147919655,2.1163626406917047e-16,0.5839358152494571,2.082085181105934,1.1102230246251565e-16,3.3433393942360423,7.757395147005845,-5.551115123125783e-17,1.664475479537531,4.649602322909515,5.551115123125783e-17,3.2745381737590766,10.146174827946796,0.2181173452077967,5.588959152525312,1.3852393109908465,7.192315808723956,11.472657187594265,-1.110004100601871,0.0,0.8542818570116645,-0.25572224359020657,1.0,0.0008064850032366256,0.0,4.242640687119285,0.9889430551347052,0.48900418314958227
1331,191.85444170001617,0.12919191469524693,1.734723475976807e-18,0.48985835858899873,1.2189468637371215,2.0469737016526324e-16,0.612930673176189,1.8947832589681362,0.0,3.3181008672001004,7.780826192426904,-6.938893903907228e-17,1.657834639063204,4.653869766190011,1.1102230246251565e-16,3.255179988061191,10.045559219241696,0.2274697150294016,5.504896682457029,1.3742078452389122,7.106574242725342,11.341755211726248,-1.0985170265929003,0.0,0.8002717843566091,-0.29824524223629123,1.0,0.0007852607173133864,0.0,4.242640687119285,0.9702093167773154,0.47065305918075256
1333,192.10809233736194,0.12488964879121293,-3.469446951953614e-18,0.5007531392456802,1.3147395787445566,2.0469737016526324e-16,0.6438685571329225,2.0458674869362268,1.6653345369377348e-16,3.291945613238218,8.047271741578406,-6.938893903907228e-17,1.650846905584831,4.781744948907087,1.1102230246251565e-16,3.2326546707333743,9.905109057690899,0.23815274369721728,5.418452960259173,1.3626477528395056,7.019253456795895,11.203416389093261,-1.1031063927588536,0.0,0.7661359891124105,-0.33697040364644304,1.0,0.0007852607173133864,0.0,4.242640687119285,0.9702093167773154,0.47065305918075256
1335,192.34836894845793,0.11895860251957187,-3.469446951953614e-18,0.5096592482318268,1.385105959152534,2.1510571102112408e-16,0.6687823226381469,2.32359362036561,1.1102230246251565e-16,3.264407584788282,8.209430309602782,-8.326672684688674e-17,1.6437146076488334,4.849124205919528,2.7755575615628914e-16,3.2104921513368843,9.750684856544574,0.2478216480537156,5.328178439811631,1.350898855699079,6.926898943564426,11.060757959788353,-1.133114844579799,0.0,0.7526625615517064,-0.38045228302809253,1.0,0.0007852607173133864,0.0,4.242640687119285,0.9702093167773154,0.47065305918075256
1337,192.58180903498885,0.11591449688663294,3.469446951953614e-18,0.5154527046793346,1.4198555762639886,2.1510571102112408e-16,0.685340068154341,2.5493774641831433,1.1102230246251565e-16,3.2345061846618717,8.265459881364398,-4.163336342344337e-17,1.6362848679841608,4.850296825379587,5.551115123125783e-17,3.1906573202242754,9.615409201861336,0.2552751197806685,5.231015129307948,1.3387140845969712,6.8250043336855875,10.912397834759762,-1.1706444789511405,0.0,0.7534984301213886,-0.4171460488297519,1.0,0.0007852607173133864,0.0,4.242640687119285,0.9702093167773154,0.47065305918075256
1339,192.81182870835906,0.11493979017480262,0.0,0.5169048158741543,1.4213733609805186,2.3592239273284576e-16,0.6937664666956395,2.641964712518229,5.551115123125783e-17,3.2018449441718313,8.21951986126807,-6.938893903907228e-17,1.6284319168062515,4.7812428117238355,0.0,3.174418845846653,9.520241118197648,0.25973450980029666,5.125905523259357,1.325895253836641,6.711535286896295,10.758202993126861,-1.209005613761352,0.0,0.7612863167483107,-0.44771929701304136,1.0,0.0007852607173133864,0.0,4.242640687119285,0.9702093167773154,0.47065305918075256
1341,193.04386716305987,0.11658979018411549,0.0,0.5129507080365567,1.3942118335146074,2.1510571102112408e-16,0.6959680161813923,2.589624908029858,0.0,3.165760759214148,8.075530343829715,-9.71445146547012e-17,1.620099827163124,4.834237748782658,1.1102230246251565e-16,3.1622774414655606,9.420961606027477,0.26087317579423003,5.01102059229007,1.3123617249869919,6.584255493071291,10.596616844594816,-1.2436100115865922,0.0,0.7739428712424252,-0.469667140344167,1.0,0.0007902881097381655,0.0,4.242640687119285,1.1144305584888212,0.6209777348468529
1343,193.28302593665032,0.12078796793023946,3.469446951953614e-18,0.5028729740236222,1.4364473957396178,2.1510571102112408e-16,0.6947561734815194,2.4092535342745838,0.0,3.1259099132073955,7.928987906540347,-6.938893903907228e-17,1.6118205099900937,4.892944350300079,2.220446049250313e-16,3.1551612629538273,9.3286227683951,0.25861608850675555,4.885656392744132,1.2989826782123628,6.44325515946325,10.4300993383916,-1.2629027825020014,0.0,0.7966166271758665,-0.46628615532613493,1.0,0.0007902881097381655,0.0,4.242640687119285,1.1144305584888212,0.6209777348468529
1345,193.5210555340476,0.11836874327694133,0.0,0.487507849554206,1.4451183438545392,2.2898349882893854e-16,0.6931795628345978,2.4144972143412424,1.1102230246251565e-16,3.084310841512347,7.732490735438381,-6.938893903907228e-17,1.6051308986087123,4.835202079237289,0.0,3.154948649339215,9.327421820248533,0.2533338629834893,4.756486683535299,1.288222600834206,6.2980431473529945,10.27376501277838,-1.2641569424762544,0.0,0.8383306855440961,-0.42582625693215836,1.0,0.0007902881097381655,0.0,4.242640687119285,1.1144305584888212,0.6209777348468529
1347,193.75567061224177,0.11711587093972615,0.0,0.4685901409069265,1.4365773613205364,2.220446049250313e-16,0.6925926776379999,2.3071672761094746,5.551115123125783e-17,3.041622759622138,7.566705068998706,-5.551115123125783e-17,1.6012621314910709,4.951361495273108,1.6653345369377348e-16,3.163127189268362,9.371623964838188,0.2455934385864442,4.625734505925694,1.2820202068736637,6.153348151385801,10.136819234441433,-1.2559491433672414,0.0,0.9038925917749453,-0.3520565515922961,1.0,0.0007902881097381655,0.0,4.242640687119285,1.1144305584888212,0.6209777348468529
1350,194.10317025451914,0.11374336276366039,1.734723475976807e-18,0.43775979890132916,1.3530050724285037,2.220446049250313e-16,0.691464066438638,2.33477407870192,1.1102230246251565e-16,2.9752746345097596,7.505375017240579,-9.71445146547012e-17,1.6022251665366145,4.903298969511512,5.551115123125783e-17,3.1931871093560367,9.47485348308839,0.23045932926911586,4.426129575378592,1.2835627421416411,5.940151646789349,9.97675424607753,-1.241000570347661,0.0,1.0136126333332927,-0.22738793701436832,1.0,0.000798174684425324,0.0,4.242640687119285,1.1416401069642739,0.6516710669146994
1352,194.32534421604615,0.1104221108188371,-1.734723475976807e-18,0.41893980198819025,1.3598612279292244,2.0816681711721685e-16,0.6877205971676946,2.360359594731036,1.1102230246251565e-16,2.930452745672425,7.588453519060516,-8.326672684688674e-17,1.6069532777283781,4.939145356557692,1.1102230246251565e-16,3.2232109586464452,9.532337781050993,0.21920212800441374,4.293776647309526,1.2911494184009888,5.804128193714929,9.900331610779322,-1.2375828410414282,0.0,1.1307588497307164,-0.10682399131071185,1.0,0.000798174684425324,0.0,4.242640687119285,1.1416401069642739,0.6516710669146994
1354,194.54451712513935,0.10948090217964951,0.0,0.402600226432618,1.3853637458705528,2.220446049250313e-16,0.6806957439990364,2.235835846756781,0.0,2.8852128833681783,7.631071345204194,-6.938893903907228e-17,1.6143862612666737,4.959617516155864,1.1102230246251565e-16,3.2595582920332182,9.562392429731194,0.20775386907184146,4.1622266911768575,1.303121500283294,5.673102060531993,9.844898030789164,-1.225391635415412,0.0,1.2118147737647105,-0.013576861650701488,1.0,0.000798174684425324,0.0,4.242640687119285,1.1416401069642739,0.6516710669146994
1356,194.76374220332912,0.10950256713583241,1.734723475976807e-18,0.3890278565224342,1.402747444851529,2.0816681711721685e-16,0.669888288179557,2.1837560805885348,5.551115123125783e-17,2.8393531109989896,7.613246701161682,-5.551115123125783e-17,1.6236865002809282,4.9834000509762255,2.220446049250313e-16,3.300094090967285,9.553390712528449,0.19669343115082094,4.030963044469818,1.3181789255972642,5.545835401217903,9.804481999309207,-1.2142792597032355,0.0,1.2724811828676807,0.05820192316444528,1.0,0.000798174684425324,0.0,4.242640687119285,1.1416401069642739,0.6516710669146994
1359,195.09521737667663,0.11158655751554893,-2.168404344971009e-18,0.37399986031029614,1.4055937581355051,2.0816681711721685e-16,0.6457935968955881,2.0915542448235245,5.551115123125783e-17,2.7698593994244596,7.66707124291739,-1.1102230246251565e-16,1.639217333688185,5.002715246720474,1.6653345369377348e-16,3.363103961038206,9.657888392784635,0.1820884309056668,3.836060546290013,1.3435167335319012,5.361665710727581,9.759008872502218,-1.1992813534817754,0.0,1.3102136118073369,0.11093225832556142,1.0,0.000798174684425324,0.0,4.242640687119285,1.1416401069642739,0.6516710669146994
1361,195.32550693752833,0.11662799230137033,1.734723475976807e-18,0.3675152395944993,1.3883842927284962,2.0816681711721685e-16,0.623349126267511,2.0037326052400584,5.551115123125783e-17,2.7216504474760033,7.898867781698277,-1.1102230246251565e-16,1.649716071663223,4.878171899778726,1.1102230246251565e-16,3.4038491066771064,9.751333787572436,0.17406190636076505,3.703690579123164,1.360781558551968,5.238534044035897,9.727586562665028,-1.1870269907715,0.0,1.3073021042213242,0.12027511344982411,1.0,0.0008059860429322743,0.0,4.242640687119285,1.151932608645383,0.6634743674302784
1363,195.56902562452584,0.12290577486125653,0.0,0.36428843710640846,1.364272100459159,2.1510571102112408e-16,0.5956171557475386,1.9266205749123078,1.1102230246251565e-16,2.6709128327465494,8.052469297753934,-5.551115123125783e-17,1.6599705721705829,4.805101501825748,1.6653345369377348e-16,3.441381960412807,9.786959562817954,0.16778766656044408,3.5668876800650975,1.377751150236166,5.1124264968617075,9.687817292410639,-1.172723394091258,0.0,1.2736929697814896,0.10096957569023157,1.0,0.0008059860429322743,0.0,4.242640687119285,1.151932608645383,0.6634743674302784
1365,195.81593118177616,0.12378188111455211,-8.673617379884035e-19,0.3647915935689161,1.378100110021606,2.1510571102112408e-16,0.5659284027983041,1.9952541884533894,5.551115123125783e-17,2.6199124120378587,8.118372448435535,-5.551115123125783e-17,1.6694816394415048,4.76655514121747,2.220446049250313e-16,3.472177629533893,9.764098234064473,0.16389415099059806,3.431970523375015,1.393584472216147,4.9894491465817605,9.638158341377519,-1.1513871223689276,0.0,1.2191430836632686,0.06775596129434103,1.0,0.0008059860429322743,0.0,4.242640687119285,1.151932608645383,0.6634743674302784
1367,196.0676786393317,0.1267657238624287,-8.673617379884035e-19,0.3689534585664795,1.367818475097262,2.1510571102112408e-16,0.5376194204889807,2.046638492386867,1.6653345369377348e-16,2.5682238438556158,8.155638867558798,-5.551115123125783e-17,1.6782900991756793,4.660166051185118,5.551115123125783e-17,3.4953762832867348,9.79485692756577,0.16246533800326915,3.297886856074257,1.408328828495556,4.868681022573082,9.57577679874475,-1.1290674677340071,0.0,1.152148163105109,0.0230806953711018,1.0,0.0008059860429322743,0.0,4.242640687119285,1.151932608645383,0.6634743674302784
1369,196.3287097986489,0.13192002222776067,0.0,0.3766427202620613,1.3444608348487335,2.1510571102112408e-16,0.5146913769921702,2.0190660048080638,1.1102230246251565e-16,2.515233682330993,8.14789693951959,-5.551115123125783e-17,1.686460119108521,4.748708342923618,-5.551115123125783e-17,3.510899140567474,9.941588724628911,0.1635466493243568,3.163200238366163,1.4220738666717632,4.748820754362283,9.49902607034815,-1.1039032100227117,0.0,1.0791006866407349,-0.02480252338197686,1.0,0.0008059860429322743,0.0,4.242640687119285,1.151932608645383,0.6634743674302784
1371,196.58916429041128,0.1290488410221654,2.6020852139652106e-18,0.3870454952576642,1.330195596034328,1.97758476261356e-16,0.5015305096675384,1.9367190459753565,0.0,2.4639885853981967,8.041080303852688,-2.7755575615628914e-17,1.6934046877192943,4.724343074398165,5.551115123125783e-17,3.518725861867848,10.058856466440615,0.16685236214830979,3.035619874486303,1.43380971819484,4.636281954829452,9.413078229588251,-1.0732023378325044,0.0,1.0057821074693682,-0.06742023036313616,1.0,0.0008041475676142189,0.0,4.242640687119285,1.0953425045725051,0.5998876011615843
1373,196.84275265627144,0.12613344917990013,-2.6020852139652106e-18,0.3990644979426561,1.3508967356913173,2.1163626406917047e-16,0.4980934524185858,1.8545770355905147,1.1102230246251565e-16,2.4169160762609483,7.859619760007257,-8.326672684688674e-17,1.6983753456272423,4.689310322112664,5.551115123125783e-17,3.5202888707479394,10.224948006060398,0.17146504229543513,2.9207416598443094,1.4422394073172273,4.534446109456972,9.322642624822384,-1.0393581278952402,0.0,0.935766682703115,-0.10359144519212515,1.0,0.0008041475676142189,0.0,4.242640687119285,1.0953425045725051,0.5998876011615843
1375,197.09032541495304,0.12317568372071439,-1.734723475976807e-18,0.4117807632962079,1.3716837293594442,2.0469737016526324e-16,0.5011268721886056,1.87703714940966,0.0,2.374674248455343,7.630451557428751,-5.551115123125783e-17,1.7006676988469367,4.574062781460187,1.1102230246251565e-16,3.51710177042302,10.38769908042578,0.1762764933392565,2.8195388931384744,1.4461353109506674,4.441950697428398,9.227987321527504,-1.0049487799351449,0.0,0.8658794392141036,-0.13906934072104127,1.0,0.0008041475676142189,0.0,4.242640687119285,1.0953425045725051,0.5998876011615843
1377,197.3350615292636,0.12227149489897474,2.6020852139652106e-18,0.4241392556448764,1.3888612226590298,2.220446049250313e-16,0.5071296295478404,1.8366686930282983,5.551115123125783e-17,2.337014879289137,7.645287285622161,-8.326672684688674e-17,1.6996899246415533,4.40745155982823,0.0,3.509728530154558,10.66069616764222,0.18035478704218957,2.73081927300941,1.4444729199640047,4.355646980015605,9.126032375932443,-0.9708173502139915,0.0,0.7886383924363629,-0.1821789577776286,1.0,0.0008041475676142189,0.0,4.242640687119285,1.0953425045725051,0.5998876011615843
1379,197.57822946388546,0.12067756433797892,-3.469446951953614e-18,0.43460745740500467,1.4012027091570392,2.185751579730777e-16,0.513832266611195,1.7300521569717793,-5.551115123125783e-17,2.303422813947432,7.537051818692325,-8.326672684688674e-17,1.6950837321896755,4.370087330052491,1.6653345369377348e-16,3.4977303548524046,10.89427770651775,0.18314697799348356,2.6528783299067524,1.4366544295670394,4.272679737467276,9.012545928553413,-0.9384755307392416,0.0,0.6985721021416886,-0.23990342859755298,1.0,0.0008041475676142189,0.0,4.242640687119285,1.0953425045725051,0.5998876011615843
1381,197.8160556040079,0.11848054657360357,1.734723475976807e-18,0.4415739879702759,1.4056843708136904,2.220446049250313e-16,0.5211290247991869,1.6297821029410597,1.1102230246251565e-16,2.274249118045787,7.327335120856827,-2.7755575615628914e-17,1.687401713900846,4.321092004000407,1.6653345369377348e-16,3.4809128236994167,11.06841602422094,0.18469050190402467,2.5861045254660198,1.423662272037756,4.194457299407801,8.889643174718218,-0.8982222832347805,0.0,0.5988008807232317,-0.2994214025115488,1.0,0.00078247482603004,0.0,4.242640687119285,0.9642510563673432,0.4648900498527686
1383,198.05207507441497,0.1179850790108216,-1.734723475976807e-18,0.4444897664258702,1.3941970321506392,2.229119666630197e-16,0.5299951147803276,1.7543953421332414,0.0,2.247897612726486,7.098964597319587,-2.7755575615628914e-17,1.676887159870179,4.230470138837257,5.551115123125783e-17,3.4585247395712275,11.172306480475232,0.18542196060136432,2.526521838650717,1.405975273468737,4.117919072720818,8.753470557230637,-0.8674825859786708,0.0,0.5003748888676602,-0.36710769711101054,1.0,0.00078247482603004,0.0,4.242640687119285,0.9642510563673432,0.4648900498527686
1385,198.2892677136012,0.11890097813993532,-8.673617379884035e-18,0.44373767275924036,1.3698718264891254,2.220446049250313e-16,0.5411863394315001,1.8763512430201792,0.0,2.222813501641692,7.088106402877115,-8.326672684688674e-17,1.663723591349926,4.083978940126844,1.1102230246251565e-16,3.430160260034845,11.19083193126453,0.1858506947649009,2.470449931540299,1.3839880942071479,4.040288720512348,8.601096655290519,-0.8520635547180166,0.0,0.41560589067668074,-0.4364576640413359,1.0,0.00078247482603004,0.0,4.242640687119285,0.9642510563673432,0.4648900498527686
1387,198.52980315301053,0.12078266974426342,-5.204170427930421e-18,0.4406128601926157,1.3168305145791797,2.1684043449710089e-16,0.5548744909433001,1.9855887357521507,5.551115123125783e-17,2.198433724278304,7.306599759102973,-8.326672684688674e-17,1.6485829324996968,4.017813984777174,1.1102230246251565e-16,3.396638255955838,11.098828378113607,0.18652644500058146,2.4165554200220867,1.35891284266465,3.9619947076873183,8.4359384396441,-0.8403522013294417,0.0,0.3563969746798859,-0.48395522664955576,1.0,0.00078247482603004,0.0,4.242640687119285,0.9642510563673432,0.4648900498527686
1389,198.77485263471814,0.12312334846527427,-8.673617379884035e-19,0.43701381217752194,1.2517058194174833,2.194425197110661e-16,0.5699537544088229,2.1039234448483057,0.0,2.1743120216842886,7.475286391627062,-5.551115123125783e-17,1.6322417631081492,3.998043748553453,1.1102230246251565e-16,3.359672587997842,10.853260196505659,0.1878559895720419,2.363816383820409,1.3321065866171997,3.883778960009651,8.263483519233763,-0.8336311450890709,0.0,0.33017603905574455,-0.5034551060333263,1.0,0.00078247482603004,0.0,4.242640687119285,0.9642510563673432,0.4648900498527686
1391,199.02294961750474,0.12377218550044823,2.168404344971009e-18,0.43497076880804747,1.2074379005343605,2.2724877535296173e-16,0.5852547174164039,2.2328102398356444,8.326672684688674e-17,2.150915674620053,7.553279105330524,-8.326672684688674e-17,1.6160539896322572,3.986045892879585,1.6653345369377348e-16,3.3223664257161474,10.482639884573322,0.19009366257005023,2.313219119663119,1.3058152487031678,3.809128030936337,8.095235319655494,-0.8199889050158321,0.0,0.33782768169471217,-0.48216122332111994,1.0,0.0007574331410058246,0.0,4.242640687119285,0.914158040144421,0.4178424611803444
1393,199.26656560286122,0.12117594789163146,4.119968255444917e-18,0.4358631151516551,1.2325275764469588,2.1510571102112408e-16,0.598706623167737,2.3091089609076465,2.7755575615628914e-17,2.1282626109897818,7.5139868352056585,-5.551115123125783e-17,1.6009785224914805,3.9981327837719745,2.220446049250313e-16,3.288292193267388,10.145420645110901,0.19297079613412474,2.2647508706685215,1.281566114739502,3.7392877815421484,7.940327594323527,-0.815881548469637,0.0,0.3732620773687129,-0.4426194711009241,1.0,0.0007574331410058246,0.0,4.242640687119285,0.914158040144421,0.4178424611803444
1395,199.50572258705523,0.11910815374320396,1.3010426069826053e-18,0.439980569150655,1.2518406012554713,2.220446049250313e-16,0.6085361346119361,2.316015363745765,1.3877787807814457e-16,2.105382607117528,7.363982721301463,-5.551115123125783e-17,1.5869549827209997,3.9557684314855863,2.220446049250313e-16,3.2589581028235477,9.867998835924883,0.19596867177001281,2.216317961176499,1.2592130585915042,3.671499691538016,7.798330887438517,-0.823671905368059,0.0,0.42359922991856636,-0.40007267544949265,1.0,0.0007574331410058246,0.0,4.242640687119285,0.914158040144421,0.4178424611803444
1398,199.8596556236265,0.11765088851595788,-2.168404344971009e-18,0.45095414307636056,1.243516548728115,2.3245294578089215e-16,0.6150599686481443,2.637641392589805,8.326672684688674e-17,2.070391096659696,6.986294241915424,-1.1102230246251565e-16,1.5679599104698068,3.9632114043099236,1.6653345369377348e-16,3.22522497163113,9.502980081354178,0.1998846891779171,2.1432596465638696,1.2292491404202424,3.572393476162029,7.610203168343187,-0.8256758268148852,0.0,0.48694942217941595,-0.3387264046354692,1.0,0.0007574331410058246,0.0,4.242640687119285,0.914158040144421,0.4178424611803444
1400,200.0,0.02269385262499668,0.0,0.456123998957719,1.2579956657899563,2.0990154059319366e-16,0.61519398522942,2.7593482094670767,2.7755575615628914e-17,2.0563292186061766,6.8058249922384055,-1.1102230246251565e-16,1.560962990021534,3.960769471494728,5.551115123125783e-17,3.214886039781659,9.378565564725092,0.20113312734961825,2.114244927646744,1.2183027281084837,3.5336807831048462,7.542566418384737,-0.8194067878797834,0.0,0.527554840450197,-0.2918519474295864,1.0,0.0007440960829537227,0.0,4.242640687119285,0.9526845903317737,0.4538039643278097
