2026-06-08T12:36:57+12:00 run start {'title': 'Inhomogeneous rmhd simulation test', 'input_file': 'C:\\Users\\naoki\\Downloads\\rmhd-gpu-new\\examples\\nokias_inhomogeneous.input', 'output_dir': 'C:\\Users\\naoki\\Downloads\\rmhd-gpu-new\\examples\\outputs_nokia_rmhd_s_13', 'backend': 'numpy', 'equation_set': 'inhomogeneous_rmhd_s', 'equation_mode': 'nonlinear', 'grid': [16, 16, 16], 'output_cadences': {'scalar': 0.25, 'spectra': 0.0, 'full_field': 0.0}, 'hostname': 'Naoki', 'python_executable': 'C:\\Users\\naoki\\AppData\\Local\\Programs\\Python\\Python313\\python.exe', 'git_commit': 'cde2789c3d6596cb8e14f232da25acf4598750f1', 'command': "'C:\\Users\\naoki\\Downloads\\rmhd-gpu-new\\rmhdgpu\\run.py' '.\\examples\\nokias_inhomogeneous.input'"}
2026-06-08T12:36:57+12:00 run setup {'resolved_output_dir': 'C:\\Users\\naoki\\Downloads\\rmhd-gpu-new\\examples\\outputs_nokia_rmhd_s_13', 'input_file': 'C:\\Users\\naoki\\Downloads\\rmhd-gpu-new\\examples\\nokias_inhomogeneous.input', 'backend': 'numpy', 'equation_set': 'inhomogeneous_rmhd_s', 'equation_mode': 'nonlinear', 'grid': [16, 16, 16], 'output_cadences': {'scalar': 0.25, 'spectra': 0.0, 'full_field': 0.0}, 'dissipation_mode': 'auto', 'initial_condition': {'type': 'random_spectrum', 'parameters': {'n_min': 1.0, 'n_max': 3.0, 'alpha': 0.0, 'init_energy': 0.75, 'seed': 1}}}
2026-06-08T12:36:57+12:00 scalar diagnostics {'step': 0, 'time': 0.0, 'dt': 0.0, 'total_energy': 0.7500000000000001}
2026-06-08T12:36:57+12:00 scalar diagnostics {'step': 3, 'time': 0.2770609141375063, 'dt': 0.09340497847746888, 'total_energy': 0.7704547395018042}
2026-06-08T12:36:57+12:00 scalar diagnostics {'step': 6, 'time': 0.5996663721407569, 'dt': 0.11559751515165138, 'total_energy': 0.8459238360825891}
2026-06-08T12:36:57+12:00 scalar diagnostics {'step': 8, 'time': 0.8207143253808555, 'dt': 0.10662891496079581, 'total_energy': 0.9284165752974523}
2026-06-08T12:36:57+12:00 scalar diagnostics {'step': 10, 'time': 1.028618137437185, 'dt': 0.1034527331046529, 'total_energy': 1.0185827654411819}
2026-06-08T12:36:57+12:00 scalar diagnostics {'step': 13, 'time': 1.3404043896512319, 'dt': 0.10642933842836409, 'total_energy': 1.1512763504734975}
2026-06-08T12:36:57+12:00 scalar diagnostics {'step': 15, 'time': 1.5664461619590158, 'dt': 0.11380708665962164, 'total_energy': 1.2340395026522883}
2026-06-08T12:36:57+12:00 scalar diagnostics {'step': 17, 'time': 1.7847118126528696, 'dt': 0.1084937131334215, 'total_energy': 1.302405048273707}
2026-06-08T12:36:57+12:00 scalar diagnostics {'step': 19, 'time': 2.006962035729337, 'dt': 0.11279162388942826, 'total_energy': 1.363107506530713}
2026-06-08T12:36:57+12:00 scalar diagnostics {'step': 22, 'time': 2.3128777711459474, 'dt': 0.09972584051027561, 'total_energy': 1.4359951411761829}
2026-06-08T12:36:57+12:00 scalar diagnostics {'step': 24, 'time': 2.5290830722474684, 'dt': 0.11303003048040317, 'total_energy': 1.4819644498103737}
2026-06-08T12:36:57+12:00 scalar diagnostics {'step': 27, 'time': 2.8427541145821498, 'dt': 0.0935723709435347, 'total_energy': 1.5474868566088742}
2026-06-08T12:36:57+12:00 scalar diagnostics {'step': 29, 'time': 3.023741870660441, 'dt': 0.0911757455552682, 'total_energy': 1.5891228099789698}
2026-06-08T12:36:57+12:00 scalar diagnostics {'step': 32, 'time': 3.312204325728832, 'dt': 0.09762841055960018, 'total_energy': 1.6659453248094689}
2026-06-08T12:36:57+12:00 scalar diagnostics {'step': 35, 'time': 3.582857029565525, 'dt': 0.08636950584034173, 'total_energy': 1.75090613556145}
2026-06-08T12:36:57+12:00 scalar diagnostics {'step': 38, 'time': 3.825948408553543, 'dt': 0.07914132877582186, 'total_energy': 1.8356334865604587}
2026-06-08T12:36:57+12:00 scalar diagnostics {'step': 41, 'time': 4.063834871728515, 'dt': 0.08047588058309121, 'total_energy': 1.9258756739326421}
2026-06-08T12:36:57+12:00 scalar diagnostics {'step': 44, 'time': 4.3283242067321455, 'dt': 0.0935546146926402, 'total_energy': 2.0348448050548864}
2026-06-08T12:36:57+12:00 scalar diagnostics {'step': 46, 'time': 4.521050494608059, 'dt': 0.09719209188566412, 'total_energy': 2.120259118707194}
2026-06-08T12:36:57+12:00 scalar diagnostics {'step': 49, 'time': 4.805334998033867, 'dt': 0.09129405233172458, 'total_energy': 2.2543753341874684}
2026-06-08T12:36:57+12:00 scalar diagnostics {'step': 52, 'time': 5.0534436821271544, 'dt': 0.07906690738788107, 'total_energy': 2.3704031247263035}
2026-06-08T12:36:57+12:00 scalar diagnostics {'step': 55, 'time': 5.285163502788387, 'dt': 0.07736866480149183, 'total_energy': 2.4738159897294745}
2026-06-08T12:36:57+12:00 scalar diagnostics {'step': 58, 'time': 5.5277061520373945, 'dt': 0.08279775789742537, 'total_energy': 2.57651123668528}
2026-06-08T12:36:58+12:00 scalar diagnostics {'step': 61, 'time': 5.801928542639312, 'dt': 0.09774536529359559, 'total_energy': 2.682884920728272}
2026-06-08T12:36:58+12:00 scalar diagnostics {'step': 63, 'time': 6.000139321076584, 'dt': 0.0996393037186862, 'total_energy': 2.754043605514446}
2026-06-08T12:36:58+12:00 scalar diagnostics {'step': 66, 'time': 6.275707074580728, 'dt': 0.08585653549007319, 'total_energy': 2.8500614945210954}
2026-06-08T12:36:58+12:00 scalar diagnostics {'step': 69, 'time': 6.535353370081928, 'dt': 0.09103505597956452, 'total_energy': 2.9471808915030175}
2026-06-08T12:36:58+12:00 scalar diagnostics {'step': 72, 'time': 6.815142001852239, 'dt': 0.0918428558283623, 'total_energy': 3.059668687064608}
2026-06-08T12:36:58+12:00 scalar diagnostics {'step': 74, 'time': 7.011259934279504, 'dt': 0.10152694280928705, 'total_energy': 3.1414028852087306}
2026-06-08T12:36:58+12:00 scalar diagnostics {'step': 77, 'time': 7.289550058692649, 'dt': 0.08995069632656714, 'total_energy': 3.2677325913117636}
2026-06-08T12:36:58+12:00 scalar diagnostics {'step': 80, 'time': 7.577685387682229, 'dt': 0.09953919388072408, 'total_energy': 3.410178465965771}
2026-06-08T12:36:58+12:00 scalar diagnostics {'step': 82, 'time': 7.761694984640749, 'dt': 0.0912879187169582, 'total_energy': 3.49491844772366}
2026-06-08T12:36:58+12:00 scalar diagnostics {'step': 85, 'time': 8.042778666313994, 'dt': 0.09279845729534408, 'total_energy': 3.6111200313511165}
2026-06-08T12:36:58+12:00 scalar diagnostics {'step': 88, 'time': 8.330773233053886, 'dt': 0.09304228428689937, 'total_energy': 3.73230751412059}
2026-06-08T12:36:58+12:00 scalar diagnostics {'step': 90, 'time': 8.506645501609812, 'dt': 0.08713967846918697, 'total_energy': 3.81225601363943}
2026-06-08T12:36:58+12:00 scalar diagnostics {'step': 93, 'time': 8.770023541359484, 'dt': 0.09007300918031849, 'total_energy': 3.942362814053831}
2026-06-08T12:36:58+12:00 scalar diagnostics {'step': 96, 'time': 9.04079902909572, 'dt': 0.09323251952576483, 'total_energy': 4.097428201496162}
2026-06-08T12:36:58+12:00 scalar diagnostics {'step': 99, 'time': 9.315190407888858, 'dt': 0.08805164824838609, 'total_energy': 4.284436789516008}
2026-06-08T12:36:58+12:00 progress {'step': 100, 'time': 9.39496675133543, 'dt': 0.07977634344657156}
2026-06-08T12:36:58+12:00 scalar diagnostics {'step': 102, 'time': 9.5391984213837, 'dt': 0.0701478317310907, 'total_energy': 4.4533505776457964}
2026-06-08T12:36:58+12:00 scalar diagnostics {'step': 106, 'time': 9.806778913815705, 'dt': 0.06735086673114103, 'total_energy': 4.655650235543785}
2026-06-08T12:36:58+12:00 scalar diagnostics {'step': 109, 'time': 10.020381773757796, 'dt': 0.07082664741961346, 'total_energy': 4.8176278342495396}
2026-06-08T12:36:58+12:00 scalar diagnostics {'step': 113, 'time': 10.290830089128963, 'dt': 0.06763399909640096, 'total_energy': 5.0377987990163025}
2026-06-08T12:36:58+12:00 scalar diagnostics {'step': 116, 'time': 10.508257937783538, 'dt': 0.07739425786418681, 'total_energy': 5.220751948875021}
2026-06-08T12:36:58+12:00 scalar diagnostics {'step': 120, 'time': 10.770445923718809, 'dt': 0.0642154411628156, 'total_energy': 5.445096644822797}
2026-06-08T12:36:58+12:00 scalar diagnostics {'step': 124, 'time': 11.064159771679712, 'dt': 0.07684305690053059, 'total_energy': 5.673614284912707}
2026-06-08T12:36:58+12:00 scalar diagnostics {'step': 127, 'time': 11.284374828111813, 'dt': 0.07141498758995367, 'total_energy': 5.825564059567246}
2026-06-08T12:36:58+12:00 scalar diagnostics {'step': 131, 'time': 11.569330869240632, 'dt': 0.07056262324016191, 'total_energy': 6.0250657620323125}
2026-06-08T12:36:58+12:00 scalar diagnostics {'step': 134, 'time': 11.780940332591642, 'dt': 0.07123570706088349, 'total_energy': 6.164187889495574}
2026-06-08T12:36:58+12:00 scalar diagnostics {'step': 138, 'time': 12.04639813014317, 'dt': 0.06788449534045579, 'total_energy': 6.356314412942486}
2026-06-08T12:36:58+12:00 scalar diagnostics {'step': 142, 'time': 12.308253774699285, 'dt': 0.0685242570629964, 'total_energy': 6.562931178149402}
2026-06-08T12:36:58+12:00 scalar diagnostics {'step': 146, 'time': 12.55940438351098, 'dt': 0.06035553311032151, 'total_energy': 6.754720038975702}
2026-06-08T12:36:59+12:00 scalar diagnostics {'step': 150, 'time': 12.805727496228544, 'dt': 0.06252279250282436, 'total_energy': 6.936156017088261}
2026-06-08T12:36:59+12:00 scalar diagnostics {'step': 154, 'time': 13.06146403834444, 'dt': 0.0627189426739646, 'total_energy': 7.130861158216131}
2026-06-08T12:36:59+12:00 scalar diagnostics {'step': 157, 'time': 13.251631731312905, 'dt': 0.06260973607452922, 'total_energy': 7.296088363220589}
2026-06-08T12:36:59+12:00 scalar diagnostics {'step': 161, 'time': 13.500043762857906, 'dt': 0.06257614499211153, 'total_energy': 7.50811477101968}
2026-06-08T12:36:59+12:00 scalar diagnostics {'step': 166, 'time': 13.800199042551798, 'dt': 0.06293409908273284, 'total_energy': 7.740284654183277}
2026-06-08T12:36:59+12:00 scalar diagnostics {'step': 170, 'time': 14.037994242444473, 'dt': 0.061029066505829795, 'total_energy': 7.914937078717586}
2026-06-08T12:36:59+12:00 scalar diagnostics {'step': 174, 'time': 14.268804761359327, 'dt': 0.05348907846115706, 'total_energy': 8.05105166593234}
2026-06-08T12:36:59+12:00 scalar diagnostics {'step': 179, 'time': 14.552103798008508, 'dt': 0.061707317659976856, 'total_energy': 8.194579732755592}
2026-06-08T12:36:59+12:00 scalar diagnostics {'step': 183, 'time': 14.786225240521555, 'dt': 0.055369302522768525, 'total_energy': 8.311098054509689}
2026-06-08T12:36:59+12:00 scalar diagnostics {'step': 187, 'time': 15.007844214769506, 'dt': 0.05651886714147054, 'total_energy': 8.460055833231122}
2026-06-08T12:36:59+12:00 scalar diagnostics {'step': 192, 'time': 15.280827103748697, 'dt': 0.05416923895500099, 'total_energy': 8.64339032019736}
2026-06-08T12:36:59+12:00 scalar diagnostics {'step': 197, 'time': 15.545230846208836, 'dt': 0.05449288620223625, 'total_energy': 8.786478036778169}
2026-06-08T12:36:59+12:00 progress {'step': 200, 'time': 15.704457389728958, 'dt': 0.05334593861096455}
2026-06-08T12:36:59+12:00 scalar diagnostics {'step': 201, 'time': 15.757243021499194, 'dt': 0.05278563177023677, 'total_energy': 8.883557044186261}
2026-06-08T12:36:59+12:00 scalar diagnostics {'step': 206, 'time': 16.007467657245066, 'dt': 0.046396952195936106, 'total_energy': 8.953118782292538}
2026-06-08T12:36:59+12:00 scalar diagnostics {'step': 212, 'time': 16.28293203371689, 'dt': 0.05189423743639078, 'total_energy': 8.923816058304038}
2026-06-08T12:36:59+12:00 scalar diagnostics {'step': 217, 'time': 16.537793430847618, 'dt': 0.048369773929495805, 'total_energy': 8.81327458212143}
2026-06-08T12:36:59+12:00 scalar diagnostics {'step': 222, 'time': 16.795404129504902, 'dt': 0.05125807765919513, 'total_energy': 8.581285326998577}
2026-06-08T12:36:59+12:00 scalar diagnostics {'step': 227, 'time': 17.052763794870742, 'dt': 0.05355780906274792, 'total_energy': 8.175075266038856}
2026-06-08T12:36:59+12:00 scalar diagnostics {'step': 231, 'time': 17.281954185388898, 'dt': 0.058640629659137605, 'total_energy': 7.796297190028296}
2026-06-08T12:36:59+12:00 scalar diagnostics {'step': 235, 'time': 17.52537288979642, 'dt': 0.05828257169241257, 'total_energy': 7.1981610614499765}
2026-06-08T12:37:00+12:00 scalar diagnostics {'step': 240, 'time': 17.78891818542093, 'dt': 0.05261900876053855, 'total_energy': 6.638853407017143}
2026-06-08T12:37:00+12:00 scalar diagnostics {'step': 244, 'time': 18.033963771557108, 'dt': 0.06705941943906296, 'total_energy': 5.756720746816368}
2026-06-08T12:37:00+12:00 scalar diagnostics {'step': 248, 'time': 18.267458470852578, 'dt': 0.05654525125819762, 'total_energy': 5.177246531762188}
2026-06-08T12:37:00+12:00 scalar diagnostics {'step': 252, 'time': 18.509653908392178, 'dt': 0.06322272314996097, 'total_energy': 4.487240040718273}
2026-06-08T12:37:00+12:00 scalar diagnostics {'step': 256, 'time': 18.812278031558932, 'dt': 0.07519876893322294, 'total_energy': 3.7738107071472324}
2026-06-08T12:37:00+12:00 scalar diagnostics {'step': 259, 'time': 19.05503664887038, 'dt': 0.08426937744705569, 'total_energy': 3.366759669442461}
2026-06-08T12:37:00+12:00 scalar diagnostics {'step': 262, 'time': 19.28824801347074, 'dt': 0.07922283239508705, 'total_energy': 2.941762302823533}
2026-06-08T12:37:00+12:00 scalar diagnostics {'step': 265, 'time': 19.530990199567444, 'dt': 0.07904785949861855, 'total_energy': 2.633792772443245}
2026-06-08T12:37:00+12:00 scalar diagnostics {'step': 268, 'time': 19.770002355823035, 'dt': 0.08061445021652192, 'total_energy': 2.4182578222153843}
2026-06-08T12:37:00+12:00 scalar diagnostics {'step': 271, 'time': 20.026697411027, 'dt': 0.08723012612035581, 'total_energy': 2.2118993558439}
2026-06-08T12:37:00+12:00 scalar diagnostics {'step': 274, 'time': 20.314199168938664, 'dt': 0.10104951080328506, 'total_energy': 2.004367436183459}
2026-06-08T12:37:00+12:00 scalar diagnostics {'step': 276, 'time': 20.52280740524983, 'dt': 0.10229116280050239, 'total_energy': 1.890588742596405}
2026-06-08T12:37:00+12:00 scalar diagnostics {'step': 279, 'time': 20.866506324410906, 'dt': 0.12522955839542077, 'total_energy': 1.7550906945953348}
2026-06-08T12:37:00+12:00 scalar diagnostics {'step': 281, 'time': 21.08750451943101, 'dt': 0.105356229519107, 'total_energy': 1.6680654378533042}
2026-06-08T12:37:00+12:00 scalar diagnostics {'step': 283, 'time': 21.310767168282567, 'dt': 0.11663612142809768, 'total_energy': 1.5780197800964837}
2026-06-08T12:37:00+12:00 scalar diagnostics {'step': 285, 'time': 21.53608968498035, 'dt': 0.1054712176445283, 'total_energy': 1.5012188706376288}
2026-06-08T12:37:00+12:00 scalar diagnostics {'step': 288, 'time': 21.846212899940774, 'dt': 0.11034470979475307, 'total_energy': 1.42756558413986}
2026-06-08T12:37:00+12:00 scalar diagnostics {'step': 290, 'time': 22.109270559828527, 'dt': 0.13502384796090702, 'total_energy': 1.392072384141077}
2026-06-08T12:37:00+12:00 scalar diagnostics {'step': 292, 'time': 22.36131882411564, 'dt': 0.12483294217989369, 'total_energy': 1.3577126382718658}
2026-06-08T12:37:00+12:00 scalar diagnostics {'step': 294, 'time': 22.593796532083733, 'dt': 0.1159198301287861, 'total_energy': 1.3230952373403109}
2026-06-08T12:37:00+12:00 scalar diagnostics {'step': 296, 'time': 22.84942408274085, 'dt': 0.13392102571114772, 'total_energy': 1.2878254438524472}
2026-06-08T12:37:00+12:00 scalar diagnostics {'step': 298, 'time': 23.108390344296243, 'dt': 0.12579885979728944, 'total_energy': 1.263216138046373}
2026-06-08T12:37:00+12:00 progress {'step': 300, 'time': 23.383826389137187, 'dt': 0.1446952351769961}
2026-06-08T12:37:00+12:00 scalar diagnostics {'step': 300, 'time': 23.383826389137187, 'dt': 0.1446952351769961, 'total_energy': 1.236606499397809}
2026-06-08T12:37:00+12:00 scalar diagnostics {'step': 301, 'time': 23.539484399890277, 'dt': 0.15565801075309033, 'total_energy': 1.2197083127514528}
2026-06-08T12:37:00+12:00 scalar diagnostics {'step': 303, 'time': 23.807792799411185, 'dt': 0.1292512198568136, 'total_energy': 1.1998760033681077}
2026-06-08T12:37:00+12:00 scalar diagnostics {'step': 305, 'time': 24.077321585043695, 'dt': 0.13948275596469575, 'total_energy': 1.1882907243892245}
2026-06-08T12:37:00+12:00 scalar diagnostics {'step': 307, 'time': 24.383456636538778, 'dt': 0.14851136220181596, 'total_energy': 1.1817908467897373}
2026-06-08T12:37:00+12:00 scalar diagnostics {'step': 308, 'time': 24.528216604527103, 'dt': 0.14475996798832633, 'total_energy': 1.1797828846346863}
2026-06-08T12:37:00+12:00 scalar diagnostics {'step': 310, 'time': 24.831336985827075, 'dt': 0.15564139941348595, 'total_energy': 1.1717182882756398}
2026-06-08T12:37:00+12:00 scalar diagnostics {'step': 312, 'time': 25.15032956331967, 'dt': 0.1602746627488811, 'total_energy': 1.157990352758448}
2026-06-08T12:37:00+12:00 scalar diagnostics {'step': 313, 'time': 25.316790336140674, 'dt': 0.1664607728210053, 'total_energy': 1.1527579661082785}
2026-06-08T12:37:00+12:00 scalar diagnostics {'step': 315, 'time': 25.693686566152195, 'dt': 0.19634954084936207, 'total_energy': 1.1525452297339458}
2026-06-08T12:37:00+12:00 scalar diagnostics {'step': 316, 'time': 25.877200962369034, 'dt': 0.18351439621684107, 'total_energy': 1.1543619509053336}
2026-06-08T12:37:00+12:00 scalar diagnostics {'step': 317, 'time': 26.061370444296543, 'dt': 0.18416948192750993, 'total_energy': 1.153946826992648}
2026-06-08T12:37:00+12:00 scalar diagnostics {'step': 319, 'time': 26.385285794817563, 'dt': 0.15443085228763714, 'total_energy': 1.1490509261138433}
2026-06-08T12:37:00+12:00 scalar diagnostics {'step': 320, 'time': 26.530317530150864, 'dt': 0.14503173533330085, 'total_energy': 1.143759202119131}
2026-06-08T12:37:00+12:00 scalar diagnostics {'step': 322, 'time': 26.8308899883797, 'dt': 0.15684537538473697, 'total_energy': 1.1260411518151607}
2026-06-08T12:37:00+12:00 scalar diagnostics {'step': 324, 'time': 27.10856021826123, 'dt': 0.1353706985977622, 'total_energy': 1.1153537992328488}
2026-06-08T12:37:01+12:00 scalar diagnostics {'step': 326, 'time': 27.391561773481925, 'dt': 0.14455669548379235, 'total_energy': 1.1170215922159092}
2026-06-08T12:37:01+12:00 scalar diagnostics {'step': 327, 'time': 27.5287684572952, 'dt': 0.1372066838132746, 'total_energy': 1.1193934766571287}
2026-06-08T12:37:01+12:00 scalar diagnostics {'step': 329, 'time': 27.80903892970994, 'dt': 0.14250154767796347, 'total_energy': 1.1215961857134296}
2026-06-08T12:37:01+12:00 scalar diagnostics {'step': 331, 'time': 28.10731243221235, 'dt': 0.15535696354241046, 'total_energy': 1.1204220384733323}
2026-06-08T12:37:01+12:00 scalar diagnostics {'step': 332, 'time': 28.29484591043867, 'dt': 0.18753347822632002, 'total_energy': 1.120943496203012}
2026-06-08T12:37:01+12:00 scalar diagnostics {'step': 334, 'time': 28.665645282853315, 'dt': 0.18550449484458303, 'total_energy': 1.1345576457074944}
2026-06-08T12:37:01+12:00 scalar diagnostics {'step': 335, 'time': 28.861994823702677, 'dt': 0.19634954084936207, 'total_energy': 1.1473901045655444}
2026-06-08T12:37:01+12:00 scalar diagnostics {'step': 336, 'time': 29.05628654743731, 'dt': 0.19429172373463235, 'total_energy': 1.161981167828205}
2026-06-08T12:37:01+12:00 scalar diagnostics {'step': 338, 'time': 29.425384109769553, 'dt': 0.1754553243207796, 'total_energy': 1.187366523406959}
2026-06-08T12:37:01+12:00 scalar diagnostics {'step': 339, 'time': 29.59713436113353, 'dt': 0.17175025136397723, 'total_energy': 1.1965148904175555}
2026-06-08T12:37:01+12:00 scalar diagnostics {'step': 340, 'time': 29.777268921942223, 'dt': 0.18013456080869203, 'total_energy': 1.2051052168458962}
2026-06-08T12:37:01+12:00 scalar diagnostics {'step': 342, 'time': 30.142098718167453, 'dt': 0.18079114944498456, 'total_energy': 1.223844952177265}
2026-06-08T12:37:01+12:00 scalar diagnostics {'step': 343, 'time': 30.32430232565523, 'dt': 0.1822036074877751, 'total_energy': 1.2352618600469443}
2026-06-08T12:37:01+12:00 scalar diagnostics {'step': 344, 'time': 30.518551700782414, 'dt': 0.19424937512718443, 'total_energy': 1.2518322619837625}
2026-06-08T12:37:01+12:00 scalar diagnostics {'step': 346, 'time': 30.911250782481137, 'dt': 0.19634954084936207, 'total_energy': 1.299902873484258}
2026-06-08T12:37:01+12:00 scalar diagnostics {'step': 347, 'time': 31.09958201958234, 'dt': 0.18833123710120298, 'total_energy': 1.323551858286899}
2026-06-08T12:37:01+12:00 scalar diagnostics {'step': 348, 'time': 31.279627138339777, 'dt': 0.18004511875743773, 'total_energy': 1.3440015483600303}
2026-06-08T12:37:01+12:00 scalar diagnostics {'step': 350, 'time': 31.665389316789962, 'dt': 0.19634954084936207, 'total_energy': 1.384390321261248}
2026-06-08T12:37:01+12:00 scalar diagnostics {'step': 351, 'time': 31.861738857639324, 'dt': 0.19634954084936207, 'total_energy': 1.4064064989057903}
2026-06-08T12:37:01+12:00 scalar diagnostics {'step': 352, 'time': 32.058088398488685, 'dt': 0.19634954084936207, 'total_energy': 1.4297632705549526}
2026-06-08T12:37:01+12:00 scalar diagnostics {'step': 353, 'time': 32.25443793933805, 'dt': 0.19634954084936207, 'total_energy': 1.453875676646616}
2026-06-08T12:37:01+12:00 scalar diagnostics {'step': 355, 'time': 32.64713702103677, 'dt': 0.19634954084936207, 'total_energy': 1.496776822778504}
2026-06-08T12:37:01+12:00 scalar diagnostics {'step': 356, 'time': 32.84348656188613, 'dt': 0.19634954084936207, 'total_energy': 1.5106133519208418}
2026-06-08T12:37:01+12:00 scalar diagnostics {'step': 357, 'time': 33.03983610273549, 'dt': 0.19634954084936207, 'total_energy': 1.5192596590874283}
2026-06-08T12:37:01+12:00 scalar diagnostics {'step': 359, 'time': 33.42630369641883, 'dt': 0.1901180528339738, 'total_energy': 1.5327923566245123}
2026-06-08T12:37:01+12:00 scalar diagnostics {'step': 360, 'time': 33.60953445623739, 'dt': 0.18323075981856393, 'total_energy': 1.5401208720617592}
2026-06-08T12:37:01+12:00 scalar diagnostics {'step': 361, 'time': 33.799635703595115, 'dt': 0.19010124735772418, 'total_energy': 1.5474641049850792}
2026-06-08T12:37:01+12:00 scalar diagnostics {'step': 363, 'time': 34.19233478529384, 'dt': 0.19634954084936207, 'total_energy': 1.5595546977570423}
2026-06-08T12:37:01+12:00 scalar diagnostics {'step': 364, 'time': 34.3886843261432, 'dt': 0.19634954084936207, 'total_energy': 1.5629955184988904}
2026-06-08T12:37:01+12:00 scalar diagnostics {'step': 365, 'time': 34.58503386699256, 'dt': 0.19634954084936207, 'total_energy': 1.5633946747004528}
2026-06-08T12:37:01+12:00 scalar diagnostics {'step': 366, 'time': 34.78138340784192, 'dt': 0.19634954084936207, 'total_energy': 1.5620370463457935}
2026-06-08T12:37:01+12:00 scalar diagnostics {'step': 368, 'time': 35.15386337219884, 'dt': 0.17613042350755684, 'total_energy': 1.56567093368035}
2026-06-08T12:37:01+12:00 scalar diagnostics {'step': 369, 'time': 35.32154199278609, 'dt': 0.1676786205872487, 'total_energy': 1.5716191616334219}
2026-06-08T12:37:01+12:00 scalar diagnostics {'step': 371, 'time': 35.68343660562276, 'dt': 0.18964188911397775, 'total_energy': 1.5865809530672332}
2026-06-08T12:37:01+12:00 scalar diagnostics {'step': 372, 'time': 35.87978614647212, 'dt': 0.19634954084936207, 'total_energy': 1.5945111973772899}
2026-06-08T12:37:01+12:00 scalar diagnostics {'step': 373, 'time': 36.07613568732148, 'dt': 0.19634954084936207, 'total_energy': 1.6037209572188842}
2026-06-08T12:37:01+12:00 scalar diagnostics {'step': 374, 'time': 36.272485228170844, 'dt': 0.19634954084936207, 'total_energy': 1.6150644917644523}
2026-06-08T12:37:01+12:00 scalar diagnostics {'step': 376, 'time': 36.66518430986957, 'dt': 0.19634954084936207, 'total_energy': 1.6443975750107702}
2026-06-08T12:37:01+12:00 scalar diagnostics {'step': 377, 'time': 36.86153385071893, 'dt': 0.19634954084936207, 'total_energy': 1.663018223134224}
2026-06-08T12:37:01+12:00 scalar diagnostics {'step': 378, 'time': 37.05788339156829, 'dt': 0.19634954084936207, 'total_energy': 1.6842716742048234}
2026-06-08T12:37:01+12:00 scalar diagnostics {'step': 379, 'time': 37.25423293241765, 'dt': 0.19634954084936207, 'total_energy': 1.707488078054833}
2026-06-08T12:37:01+12:00 scalar diagnostics {'step': 381, 'time': 37.64693201411637, 'dt': 0.19634954084936207, 'total_energy': 1.7611657686397446}
2026-06-08T12:37:01+12:00 scalar diagnostics {'step': 382, 'time': 37.843281554965735, 'dt': 0.19634954084936207, 'total_energy': 1.7921060156424735}
2026-06-08T12:37:01+12:00 scalar diagnostics {'step': 383, 'time': 38.039631095815096, 'dt': 0.19634954084936207, 'total_energy': 1.8232658411542388}
2026-06-08T12:37:01+12:00 scalar diagnostics {'step': 385, 'time': 38.43233017751382, 'dt': 0.19634954084936207, 'total_energy': 1.879601404388584}
2026-06-08T12:37:01+12:00 scalar diagnostics {'step': 386, 'time': 38.62867971836318, 'dt': 0.19634954084936207, 'total_energy': 1.9067780805230838}
2026-06-08T12:37:01+12:00 scalar diagnostics {'step': 387, 'time': 38.82502925921254, 'dt': 0.19634954084936207, 'total_energy': 1.9347080355154251}
2026-06-08T12:37:01+12:00 scalar diagnostics {'step': 388, 'time': 39.0213788000619, 'dt': 0.19634954084936207, 'total_energy': 1.9615493701125368}
2026-06-08T12:37:01+12:00 scalar diagnostics {'step': 390, 'time': 39.414077881760626, 'dt': 0.19634954084936207, 'total_energy': 2.0006860010723018}
2026-06-08T12:37:01+12:00 scalar diagnostics {'step': 391, 'time': 39.61042742260999, 'dt': 0.19634954084936207, 'total_energy': 2.0114709430977515}
2026-06-08T12:37:01+12:00 scalar diagnostics {'step': 392, 'time': 39.80677696345935, 'dt': 0.19634954084936207, 'total_energy': 2.0181570307893293}
2026-06-08T12:37:01+12:00 scalar diagnostics {'step': 393, 'time': 40.00312650430871, 'dt': 0.19634954084936207, 'total_energy': 2.0227001762590047}
2026-06-08T12:37:01+12:00 scalar diagnostics {'step': 395, 'time': 40.39582558600743, 'dt': 0.19634954084936207, 'total_energy': 2.031560767989003}
2026-06-08T12:37:01+12:00 scalar diagnostics {'step': 396, 'time': 40.592175126856795, 'dt': 0.19634954084936207, 'total_energy': 2.03668492631894}
2026-06-08T12:37:01+12:00 scalar diagnostics {'step': 397, 'time': 40.788524667706156, 'dt': 0.19634954084936207, 'total_energy': 2.0405709228800077}
2026-06-08T12:37:01+12:00 scalar diagnostics {'step': 399, 'time': 41.18122374940488, 'dt': 0.19634954084936207, 'total_energy': 2.040844420809952}
2026-06-08T12:37:01+12:00 progress {'step': 400, 'time': 41.37757329025424, 'dt': 0.19634954084936207}
2026-06-08T12:37:01+12:00 scalar diagnostics {'step': 400, 'time': 41.37757329025424, 'dt': 0.19634954084936207, 'total_energy': 2.0391096725252646}
2026-06-08T12:37:01+12:00 scalar diagnostics {'step': 401, 'time': 41.5739228311036, 'dt': 0.19634954084936207, 'total_energy': 2.0381968124757375}
2026-06-08T12:37:01+12:00 scalar diagnostics {'step': 402, 'time': 41.77027237195296, 'dt': 0.19634954084936207, 'total_energy': 2.038136045287595}
2026-06-08T12:37:01+12:00 scalar diagnostics {'step': 404, 'time': 42.162971453651686, 'dt': 0.19634954084936207, 'total_energy': 2.043702690650852}
2026-06-08T12:37:01+12:00 scalar diagnostics {'step': 405, 'time': 42.35932099450105, 'dt': 0.19634954084936207, 'total_energy': 2.050755341384568}
2026-06-08T12:37:01+12:00 scalar diagnostics {'step': 406, 'time': 42.55567053535041, 'dt': 0.19634954084936207, 'total_energy': 2.0596897484906442}
2026-06-08T12:37:01+12:00 scalar diagnostics {'step': 407, 'time': 42.75202007619977, 'dt': 0.19634954084936207, 'total_energy': 2.0688618511254244}
2026-06-08T12:37:02+12:00 scalar diagnostics {'step': 409, 'time': 43.14471915789849, 'dt': 0.19634954084936207, 'total_energy': 2.087216803160441}
2026-06-08T12:37:02+12:00 scalar diagnostics {'step': 410, 'time': 43.341068698747854, 'dt': 0.19634954084936207, 'total_energy': 2.0997688937096366}
2026-06-08T12:37:02+12:00 scalar diagnostics {'step': 411, 'time': 43.537418239597216, 'dt': 0.19634954084936207, 'total_energy': 2.1173605084853273}
2026-06-08T12:37:02+12:00 scalar diagnostics {'step': 413, 'time': 43.93011732129594, 'dt': 0.19634954084936207, 'total_energy': 2.17100497338476}
2026-06-08T12:37:02+12:00 scalar diagnostics {'step': 414, 'time': 44.1264668621453, 'dt': 0.19634954084936207, 'total_energy': 2.205788854179397}
2026-06-08T12:37:02+12:00 scalar diagnostics {'step': 415, 'time': 44.32281640299466, 'dt': 0.19634954084936207, 'total_energy': 2.2434161605005163}
2026-06-08T12:37:02+12:00 scalar diagnostics {'step': 416, 'time': 44.51916594384402, 'dt': 0.19634954084936207, 'total_energy': 2.28188422213723}
2026-06-08T12:37:02+12:00 scalar diagnostics {'step': 418, 'time': 44.911865025542745, 'dt': 0.19634954084936207, 'total_energy': 2.3585789211102877}
2026-06-08T12:37:02+12:00 scalar diagnostics {'step': 419, 'time': 45.10821456639211, 'dt': 0.19634954084936207, 'total_energy': 2.397097915526665}
2026-06-08T12:37:02+12:00 scalar diagnostics {'step': 420, 'time': 45.30456410724147, 'dt': 0.19634954084936207, 'total_energy': 2.4351977483593243}
2026-06-08T12:37:02+12:00 scalar diagnostics {'step': 421, 'time': 45.50091364809083, 'dt': 0.19634954084936207, 'total_energy': 2.471339384180438}
2026-06-08T12:37:02+12:00 scalar diagnostics {'step': 423, 'time': 45.89361272978955, 'dt': 0.19634954084936207, 'total_energy': 2.532151362159184}
2026-06-08T12:37:02+12:00 scalar diagnostics {'step': 424, 'time': 46.089962270638914, 'dt': 0.19634954084936207, 'total_energy': 2.5545404659723516}
2026-06-08T12:37:02+12:00 scalar diagnostics {'step': 425, 'time': 46.286311811488275, 'dt': 0.19634954084936207, 'total_energy': 2.5712230869342996}
2026-06-08T12:37:02+12:00 scalar diagnostics {'step': 427, 'time': 46.679010893187, 'dt': 0.19634954084936207, 'total_energy': 2.590604184364053}
2026-06-08T12:37:02+12:00 scalar diagnostics {'step': 428, 'time': 46.87536043403636, 'dt': 0.19634954084936207, 'total_energy': 2.595222149777492}
2026-06-08T12:37:02+12:00 scalar diagnostics {'step': 429, 'time': 47.07170997488572, 'dt': 0.19634954084936207, 'total_energy': 2.5974734161132496}
2026-06-08T12:37:02+12:00 scalar diagnostics {'step': 430, 'time': 47.26805951573508, 'dt': 0.19634954084936207, 'total_energy': 2.5981548186401593}
2026-06-08T12:37:02+12:00 scalar diagnostics {'step': 432, 'time': 47.660758597433805, 'dt': 0.19634954084936207, 'total_energy': 2.597856645042499}
2026-06-08T12:37:02+12:00 scalar diagnostics {'step': 433, 'time': 47.85710813828317, 'dt': 0.19634954084936207, 'total_energy': 2.5981322650878376}
2026-06-08T12:37:02+12:00 scalar diagnostics {'step': 434, 'time': 48.05345767913253, 'dt': 0.19634954084936207, 'total_energy': 2.5982512209090043}
2026-06-08T12:37:02+12:00 scalar diagnostics {'step': 436, 'time': 48.44615676083125, 'dt': 0.19634954084936207, 'total_energy': 2.596305042770066}
2026-06-08T12:37:02+12:00 scalar diagnostics {'step': 437, 'time': 48.64250630168061, 'dt': 0.19634954084936207, 'total_energy': 2.5948299979568157}
2026-06-08T12:37:02+12:00 scalar diagnostics {'step': 438, 'time': 48.83885584252997, 'dt': 0.19634954084936207, 'total_energy': 2.5941421799644484}
2026-06-08T12:37:02+12:00 scalar diagnostics {'step': 439, 'time': 49.035205383379335, 'dt': 0.19634954084936207, 'total_energy': 2.5948334155155424}
2026-06-08T12:37:02+12:00 scalar diagnostics {'step': 441, 'time': 49.42790446507806, 'dt': 0.19634954084936207, 'total_energy': 2.598008969820325}
2026-06-08T12:37:02+12:00 scalar diagnostics {'step': 442, 'time': 49.62425400592742, 'dt': 0.19634954084936207, 'total_energy': 2.597812068131227}
2026-06-08T12:37:02+12:00 scalar diagnostics {'step': 443, 'time': 49.82060354677678, 'dt': 0.19634954084936207, 'total_energy': 2.5954694952750565}
2026-06-08T12:37:02+12:00 scalar diagnostics {'step': 444, 'time': 50.01695308762614, 'dt': 0.19634954084936207, 'total_energy': 2.5920221046587772}
2026-06-08T12:37:02+12:00 scalar diagnostics {'step': 446, 'time': 50.409652169324865, 'dt': 0.19634954084936207, 'total_energy': 2.5897362540521005}
2026-06-08T12:37:02+12:00 scalar diagnostics {'step': 447, 'time': 50.606001710174226, 'dt': 0.19634954084936207, 'total_energy': 2.5928212894933655}
2026-06-08T12:37:02+12:00 scalar diagnostics {'step': 448, 'time': 50.80235125102359, 'dt': 0.19634954084936207, 'total_energy': 2.5976965646439405}
2026-06-08T12:37:02+12:00 scalar diagnostics {'step': 450, 'time': 51.19505033272231, 'dt': 0.19634954084936207, 'total_energy': 2.6073633851776012}
2026-06-08T12:37:02+12:00 scalar diagnostics {'step': 451, 'time': 51.39139987357167, 'dt': 0.19634954084936207, 'total_energy': 2.6116951577545917}
2026-06-08T12:37:02+12:00 scalar diagnostics {'step': 452, 'time': 51.58774941442103, 'dt': 0.19634954084936207, 'total_energy': 2.6169960124496185}
2026-06-08T12:37:02+12:00 scalar diagnostics {'step': 453, 'time': 51.784098955270395, 'dt': 0.19634954084936207, 'total_energy': 2.624831230210275}
2026-06-08T12:37:02+12:00 scalar diagnostics {'step': 455, 'time': 52.17679803696912, 'dt': 0.19634954084936207, 'total_energy': 2.6495879716611084}
2026-06-08T12:37:02+12:00 scalar diagnostics {'step': 456, 'time': 52.37314757781848, 'dt': 0.19634954084936207, 'total_energy': 2.66390411555945}
2026-06-08T12:37:02+12:00 scalar diagnostics {'step': 457, 'time': 52.56949711866784, 'dt': 0.19634954084936207, 'total_energy': 2.676714829276947}
2026-06-08T12:37:02+12:00 scalar diagnostics {'step': 458, 'time': 52.7658466595172, 'dt': 0.19634954084936207, 'total_energy': 2.6864592681781203}
2026-06-08T12:37:02+12:00 scalar diagnostics {'step': 460, 'time': 53.158545741215924, 'dt': 0.19634954084936207, 'total_energy': 2.6952783791691832}
2026-06-08T12:37:02+12:00 scalar diagnostics {'step': 461, 'time': 53.354895282065286, 'dt': 0.19634954084936207, 'total_energy': 2.6954739528932934}
2026-06-08T12:37:02+12:00 scalar diagnostics {'step': 462, 'time': 53.55124482291465, 'dt': 0.19634954084936207, 'total_energy': 2.694968020148906}
2026-06-08T12:37:02+12:00 scalar diagnostics {'step': 464, 'time': 53.94394390461337, 'dt': 0.19634954084936207, 'total_energy': 2.697061007071995}
2026-06-08T12:37:02+12:00 scalar diagnostics {'step': 465, 'time': 54.14029344546273, 'dt': 0.19634954084936207, 'total_energy': 2.699947120183916}
2026-06-08T12:37:02+12:00 scalar diagnostics {'step': 466, 'time': 54.33664298631209, 'dt': 0.19634954084936207, 'total_energy': 2.7028927642135776}
2026-06-08T12:37:02+12:00 scalar diagnostics {'step': 467, 'time': 54.532992527161454, 'dt': 0.19634954084936207, 'total_energy': 2.7050687473848103}
2026-06-08T12:37:02+12:00 scalar diagnostics {'step': 469, 'time': 54.92569160886018, 'dt': 0.19634954084936207, 'total_energy': 2.707255647672398}
2026-06-08T12:37:02+12:00 scalar diagnostics {'step': 470, 'time': 55.12204114970954, 'dt': 0.19634954084936207, 'total_energy': 2.708626979431285}
2026-06-08T12:37:02+12:00 scalar diagnostics {'step': 471, 'time': 55.3183906905589, 'dt': 0.19634954084936207, 'total_energy': 2.7105291437821872}
2026-06-08T12:37:02+12:00 scalar diagnostics {'step': 472, 'time': 55.51474023140826, 'dt': 0.19634954084936207, 'total_energy': 2.713859366888303}
2026-06-08T12:37:02+12:00 scalar diagnostics {'step': 474, 'time': 55.907439313106984, 'dt': 0.19634954084936207, 'total_energy': 2.7218788603794897}
2026-06-08T12:37:02+12:00 scalar diagnostics {'step': 475, 'time': 56.103788853956345, 'dt': 0.19634954084936207, 'total_energy': 2.7244021789121327}
2026-06-08T12:37:02+12:00 scalar diagnostics {'step': 476, 'time': 56.30013839480571, 'dt': 0.19634954084936207, 'total_energy': 2.725535318497656}
2026-06-08T12:37:02+12:00 scalar diagnostics {'step': 478, 'time': 56.69283747650443, 'dt': 0.19634954084936207, 'total_energy': 2.7281107845608212}
2026-06-08T12:37:02+12:00 scalar diagnostics {'step': 479, 'time': 56.88918701735379, 'dt': 0.19634954084936207, 'total_energy': 2.7322846254106397}
2026-06-08T12:37:02+12:00 scalar diagnostics {'step': 480, 'time': 57.08553655820315, 'dt': 0.19634954084936207, 'total_energy': 2.739578397171214}
2026-06-08T12:37:02+12:00 scalar diagnostics {'step': 481, 'time': 57.281886099052514, 'dt': 0.19634954084936207, 'total_energy': 2.750387581296875}
2026-06-08T12:37:02+12:00 scalar diagnostics {'step': 483, 'time': 57.67458518075124, 'dt': 0.19634954084936207, 'total_energy': 2.781243840748904}
2026-06-08T12:37:02+12:00 scalar diagnostics {'step': 484, 'time': 57.8709347216006, 'dt': 0.19634954084936207, 'total_energy': 2.799501860105314}
2026-06-08T12:37:02+12:00 scalar diagnostics {'step': 485, 'time': 58.06728426244996, 'dt': 0.19634954084936207, 'total_energy': 2.8182438197559976}
2026-06-08T12:37:02+12:00 scalar diagnostics {'step': 486, 'time': 58.26363380329932, 'dt': 0.19634954084936207, 'total_energy': 2.8368384805889377}
2026-06-08T12:37:02+12:00 scalar diagnostics {'step': 488, 'time': 58.656332884998044, 'dt': 0.19634954084936207, 'total_energy': 2.8729178688724293}
2026-06-08T12:37:02+12:00 scalar diagnostics {'step': 489, 'time': 58.852682425847405, 'dt': 0.19634954084936207, 'total_energy': 2.8903417935722695}
2026-06-08T12:37:02+12:00 scalar diagnostics {'step': 490, 'time': 59.04903196669677, 'dt': 0.19634954084936207, 'total_energy': 2.9072175483663663}
2026-06-08T12:37:03+12:00 scalar diagnostics {'step': 492, 'time': 59.44173104839549, 'dt': 0.19634954084936207, 'total_energy': 2.9386164826748353}
2026-06-08T12:37:03+12:00 scalar diagnostics {'step': 493, 'time': 59.63808058924485, 'dt': 0.19634954084936207, 'total_energy': 2.951860278414337}
2026-06-08T12:37:03+12:00 scalar diagnostics {'step': 494, 'time': 59.83443013009421, 'dt': 0.19634954084936207, 'total_energy': 2.9630267977507465}
2026-06-08T12:37:03+12:00 scalar diagnostics {'step': 495, 'time': 60.03077967094357, 'dt': 0.19634954084936207, 'total_energy': 2.972362320105921}
2026-06-08T12:37:03+12:00 scalar diagnostics {'step': 497, 'time': 60.423478752642296, 'dt': 0.19634954084936207, 'total_energy': 2.98844170062019}
2026-06-08T12:37:03+12:00 scalar diagnostics {'step': 498, 'time': 60.61982829349166, 'dt': 0.19634954084936207, 'total_energy': 2.9963912069155803}
2026-06-08T12:37:03+12:00 scalar diagnostics {'step': 499, 'time': 60.81617783434102, 'dt': 0.19634954084936207, 'total_energy': 3.0042441118463676}
2026-06-08T12:37:03+12:00 progress {'step': 500, 'time': 61.01252737519038, 'dt': 0.19634954084936207}
2026-06-08T12:37:03+12:00 scalar diagnostics {'step': 500, 'time': 61.01252737519038, 'dt': 0.19634954084936207, 'total_energy': 3.011311175695068}
2026-06-08T12:37:03+12:00 scalar diagnostics {'step': 502, 'time': 61.4052264568891, 'dt': 0.19634954084936207, 'total_energy': 3.020247736910147}
2026-06-08T12:37:03+12:00 scalar diagnostics {'step': 503, 'time': 61.601575997738465, 'dt': 0.19634954084936207, 'total_energy': 3.022072660537857}
2026-06-08T12:37:03+12:00 scalar diagnostics {'step': 504, 'time': 61.797925538587826, 'dt': 0.19634954084936207, 'total_energy': 3.0232775266985055}
2026-06-08T12:37:03+12:00 scalar diagnostics {'step': 506, 'time': 62.19062462028655, 'dt': 0.19634954084936207, 'total_energy': 3.0279394454394515}
2026-06-08T12:37:03+12:00 scalar diagnostics {'step': 507, 'time': 62.38697416113591, 'dt': 0.19634954084936207, 'total_energy': 3.031949564823228}
2026-06-08T12:37:03+12:00 scalar diagnostics {'step': 508, 'time': 62.58332370198527, 'dt': 0.19634954084936207, 'total_energy': 3.036452177450049}
2026-06-08T12:37:03+12:00 scalar diagnostics {'step': 509, 'time': 62.77967324283463, 'dt': 0.19634954084936207, 'total_energy': 3.040925879343341}
2026-06-08T12:37:03+12:00 scalar diagnostics {'step': 511, 'time': 63.172372324533356, 'dt': 0.19634954084936207, 'total_energy': 3.0499404460225628}
2026-06-08T12:37:03+12:00 scalar diagnostics {'step': 512, 'time': 63.36872186538272, 'dt': 0.19634954084936207, 'total_energy': 3.0551424894517134}
2026-06-08T12:37:03+12:00 scalar diagnostics {'step': 513, 'time': 63.56507140623208, 'dt': 0.19634954084936207, 'total_energy': 3.06083341148044}
2026-06-08T12:37:03+12:00 scalar diagnostics {'step': 514, 'time': 63.76142094708144, 'dt': 0.19634954084936207, 'total_energy': 3.066482924136653}
2026-06-08T12:37:03+12:00 scalar diagnostics {'step': 516, 'time': 64.15412002878017, 'dt': 0.19634954084936207, 'total_energy': 3.075326928739373}
2026-06-08T12:37:03+12:00 scalar diagnostics {'step': 517, 'time': 64.35046956962954, 'dt': 0.19634954084936207, 'total_energy': 3.0780792721946257}
2026-06-08T12:37:03+12:00 scalar diagnostics {'step': 518, 'time': 64.5468191104789, 'dt': 0.19634954084936207, 'total_energy': 3.0796888018835364}
2026-06-08T12:37:03+12:00 scalar diagnostics {'step': 520, 'time': 64.93951819217764, 'dt': 0.19634954084936207, 'total_energy': 3.078196435127923}
2026-06-08T12:37:03+12:00 scalar diagnostics {'step': 521, 'time': 65.13586773302701, 'dt': 0.19634954084936207, 'total_energy': 3.074365439584288}
2026-06-08T12:37:03+12:00 scalar diagnostics {'step': 522, 'time': 65.33221727387638, 'dt': 0.19634954084936207, 'total_energy': 3.0682324948277446}
2026-06-08T12:37:03+12:00 scalar diagnostics {'step': 523, 'time': 65.52856681472575, 'dt': 0.19634954084936207, 'total_energy': 3.0600822321676406}
2026-06-08T12:37:03+12:00 scalar diagnostics {'step': 525, 'time': 65.92126589642449, 'dt': 0.19634954084936207, 'total_energy': 3.037943999428429}
2026-06-08T12:37:03+12:00 scalar diagnostics {'step': 526, 'time': 66.11761543727386, 'dt': 0.19634954084936207, 'total_energy': 3.0228867290431483}
2026-06-08T12:37:03+12:00 scalar diagnostics {'step': 527, 'time': 66.31396497812322, 'dt': 0.19634954084936207, 'total_energy': 3.004151021397033}
2026-06-08T12:37:03+12:00 scalar diagnostics {'step': 528, 'time': 66.51031451897259, 'dt': 0.19634954084936207, 'total_energy': 2.981568315265334}
2026-06-08T12:37:03+12:00 scalar diagnostics {'step': 530, 'time': 66.90301360067133, 'dt': 0.19634954084936207, 'total_energy': 2.92854557120118}
2026-06-08T12:37:03+12:00 scalar diagnostics {'step': 531, 'time': 67.0993631415207, 'dt': 0.19634954084936207, 'total_energy': 2.8998379598214936}
2026-06-08T12:37:03+12:00 scalar diagnostics {'step': 532, 'time': 67.29571268237007, 'dt': 0.19634954084936207, 'total_energy': 2.8720857884910855}
2026-06-08T12:37:03+12:00 scalar diagnostics {'step': 534, 'time': 67.6884117640688, 'dt': 0.19634954084936207, 'total_energy': 2.819779038436403}
2026-06-08T12:37:03+12:00 scalar diagnostics {'step': 535, 'time': 67.88476130491817, 'dt': 0.19634954084936207, 'total_energy': 2.7947611038561595}
2026-06-08T12:37:03+12:00 scalar diagnostics {'step': 536, 'time': 68.08111084576754, 'dt': 0.19634954084936207, 'total_energy': 2.7706721254715365}
2026-06-08T12:37:03+12:00 scalar diagnostics {'step': 537, 'time': 68.27746038661691, 'dt': 0.19634954084936207, 'total_energy': 2.748253502233755}
2026-06-08T12:37:03+12:00 scalar diagnostics {'step': 539, 'time': 68.67015946831565, 'dt': 0.19634954084936207, 'total_energy': 2.7126221611953767}
2026-06-08T12:37:03+12:00 scalar diagnostics {'step': 540, 'time': 68.86650900916501, 'dt': 0.19634954084936207, 'total_energy': 2.7011619356114416}
2026-06-08T12:37:03+12:00 scalar diagnostics {'step': 541, 'time': 69.06285855001438, 'dt': 0.19634954084936207, 'total_energy': 2.6931377335615374}
2026-06-08T12:37:03+12:00 scalar diagnostics {'step': 542, 'time': 69.25920809086375, 'dt': 0.19634954084936207, 'total_energy': 2.6895056574997387}
2026-06-08T12:37:03+12:00 scalar diagnostics {'step': 544, 'time': 69.65190717256249, 'dt': 0.19634954084936207, 'total_energy': 2.6924979762159342}
2026-06-08T12:37:03+12:00 scalar diagnostics {'step': 545, 'time': 69.84825671341186, 'dt': 0.19634954084936207, 'total_energy': 2.6980013912024137}
2026-06-08T12:37:03+12:00 scalar diagnostics {'step': 546, 'time': 70.04460625426123, 'dt': 0.19634954084936207, 'total_energy': 2.706032478256275}
2026-06-08T12:37:03+12:00 scalar diagnostics {'step': 548, 'time': 70.43730533595996, 'dt': 0.19634954084936207, 'total_energy': 2.7309342639131455}
2026-06-08T12:37:03+12:00 scalar diagnostics {'step': 549, 'time': 70.63365487680933, 'dt': 0.19634954084936207, 'total_energy': 2.7482890858601032}
2026-06-08T12:37:03+12:00 scalar diagnostics {'step': 550, 'time': 70.8300044176587, 'dt': 0.19634954084936207, 'total_energy': 2.7686098096928013}
2026-06-08T12:37:03+12:00 scalar diagnostics {'step': 551, 'time': 71.02635395850807, 'dt': 0.19634954084936207, 'total_energy': 2.7916197896663295}
2026-06-08T12:37:03+12:00 scalar diagnostics {'step': 553, 'time': 71.4190530402068, 'dt': 0.19634954084936207, 'total_energy': 2.839627722112316}
2026-06-08T12:37:03+12:00 scalar diagnostics {'step': 554, 'time': 71.61540258105617, 'dt': 0.19634954084936207, 'total_energy': 2.862993910599334}
2026-06-08T12:37:03+12:00 scalar diagnostics {'step': 555, 'time': 71.81175212190554, 'dt': 0.19634954084936207, 'total_energy': 2.8855097721260616}
2026-06-08T12:37:03+12:00 scalar diagnostics {'step': 556, 'time': 72.00810166275491, 'dt': 0.19634954084936207, 'total_energy': 2.9072270216252347}
2026-06-08T12:37:03+12:00 scalar diagnostics {'step': 558, 'time': 72.40080074445365, 'dt': 0.19634954084936207, 'total_energy': 2.947846283374549}
2026-06-08T12:37:03+12:00 scalar diagnostics {'step': 559, 'time': 72.59715028530302, 'dt': 0.19634954084936207, 'total_energy': 2.965422284411167}
2026-06-08T12:37:03+12:00 scalar diagnostics {'step': 560, 'time': 72.79349982615238, 'dt': 0.19634954084936207, 'total_energy': 2.979673445413631}
2026-06-08T12:37:03+12:00 scalar diagnostics {'step': 562, 'time': 73.18619890785112, 'dt': 0.19634954084936207, 'total_energy': 2.9963070092688624}
2026-06-08T12:37:03+12:00 scalar diagnostics {'step': 563, 'time': 73.38254844870049, 'dt': 0.19634954084936207, 'total_energy': 2.998965651607249}
2026-06-08T12:37:03+12:00 scalar diagnostics {'step': 564, 'time': 73.57889798954986, 'dt': 0.19634954084936207, 'total_energy': 2.9993728286860897}
2026-06-08T12:37:03+12:00 scalar diagnostics {'step': 565, 'time': 73.77524753039923, 'dt': 0.19634954084936207, 'total_energy': 2.99858388352685}
2026-06-08T12:37:03+12:00 scalar diagnostics {'step': 567, 'time': 74.16794661209796, 'dt': 0.19634954084936207, 'total_energy': 2.995015390401437}
2026-06-08T12:37:03+12:00 scalar diagnostics {'step': 568, 'time': 74.36429615294733, 'dt': 0.19634954084936207, 'total_energy': 2.9921757216229268}
2026-06-08T12:37:03+12:00 scalar diagnostics {'step': 569, 'time': 74.5606456937967, 'dt': 0.19634954084936207, 'total_energy': 2.988532794671809}
2026-06-08T12:37:03+12:00 scalar diagnostics {'step': 570, 'time': 74.75699523464607, 'dt': 0.19634954084936207, 'total_energy': 2.984098716266208}
2026-06-08T12:37:03+12:00 scalar diagnostics {'step': 572, 'time': 75.1496943163448, 'dt': 0.19634954084936207, 'total_energy': 2.9707243502218947}
2026-06-08T12:37:03+12:00 scalar diagnostics {'step': 573, 'time': 75.34604385719418, 'dt': 0.19634954084936207, 'total_energy': 2.9628936611482124}
2026-06-08T12:37:03+12:00 scalar diagnostics {'step': 574, 'time': 75.54239339804354, 'dt': 0.19634954084936207, 'total_energy': 2.9542115025701357}
2026-06-08T12:37:03+12:00 scalar diagnostics {'step': 576, 'time': 75.93509247974228, 'dt': 0.19634954084936207, 'total_energy': 2.9345664544501004}
2026-06-08T12:37:04+12:00 scalar diagnostics {'step': 577, 'time': 76.13144202059165, 'dt': 0.19634954084936207, 'total_energy': 2.923903130314795}
2026-06-08T12:37:04+12:00 scalar diagnostics {'step': 578, 'time': 76.32779156144102, 'dt': 0.19634954084936207, 'total_energy': 2.9129456234501117}
2026-06-08T12:37:04+12:00 scalar diagnostics {'step': 579, 'time': 76.52414110229039, 'dt': 0.19634954084936207, 'total_energy': 2.9020533396082673}
2026-06-08T12:37:04+12:00 scalar diagnostics {'step': 581, 'time': 76.91684018398912, 'dt': 0.19634954084936207, 'total_energy': 2.8832569824494887}
2026-06-08T12:37:04+12:00 scalar diagnostics {'step': 582, 'time': 77.11318972483849, 'dt': 0.19634954084936207, 'total_energy': 2.8770147733356}
2026-06-08T12:37:04+12:00 scalar diagnostics {'step': 583, 'time': 77.30953926568786, 'dt': 0.19634954084936207, 'total_energy': 2.8734359180437115}
2026-06-08T12:37:04+12:00 scalar diagnostics {'step': 584, 'time': 77.50588880653723, 'dt': 0.19634954084936207, 'total_energy': 2.8720823496578705}
2026-06-08T12:37:04+12:00 scalar diagnostics {'step': 586, 'time': 77.89858788823597, 'dt': 0.19634954084936207, 'total_energy': 2.8717952584973503}
2026-06-08T12:37:04+12:00 scalar diagnostics {'step': 587, 'time': 78.09493742908533, 'dt': 0.19634954084936207, 'total_energy': 2.8708919026045354}
2026-06-08T12:37:04+12:00 scalar diagnostics {'step': 588, 'time': 78.2912869699347, 'dt': 0.19634954084936207, 'total_energy': 2.868982536852256}
2026-06-08T12:37:04+12:00 scalar diagnostics {'step': 590, 'time': 78.68398605163344, 'dt': 0.19634954084936207, 'total_energy': 2.863307614462184}
2026-06-08T12:37:04+12:00 scalar diagnostics {'step': 591, 'time': 78.88033559248281, 'dt': 0.19634954084936207, 'total_energy': 2.8608034273704335}
2026-06-08T12:37:04+12:00 scalar diagnostics {'step': 592, 'time': 79.07668513333218, 'dt': 0.19634954084936207, 'total_energy': 2.8579281786555044}
2026-06-08T12:37:04+12:00 scalar diagnostics {'step': 593, 'time': 79.27303467418155, 'dt': 0.19634954084936207, 'total_energy': 2.8540505720026026}
2026-06-08T12:37:04+12:00 scalar diagnostics {'step': 595, 'time': 79.66573375588028, 'dt': 0.19634954084936207, 'total_energy': 2.8400074333235126}
2026-06-08T12:37:04+12:00 scalar diagnostics {'step': 596, 'time': 79.86208329672965, 'dt': 0.19634954084936207, 'total_energy': 2.8287742364310473}
2026-06-08T12:37:04+12:00 scalar diagnostics {'step': 597, 'time': 80.05843283757902, 'dt': 0.19634954084936207, 'total_energy': 2.814731776806001}
2026-06-08T12:37:04+12:00 scalar diagnostics {'step': 598, 'time': 80.25478237842839, 'dt': 0.19634954084936207, 'total_energy': 2.798256676980614}
2026-06-08T12:37:04+12:00 progress {'step': 600, 'time': 80.64748146012712, 'dt': 0.19634954084936207}
2026-06-08T12:37:04+12:00 scalar diagnostics {'step': 600, 'time': 80.64748146012712, 'dt': 0.19634954084936207, 'total_energy': 2.759231974341854}
2026-06-08T12:37:04+12:00 scalar diagnostics {'step': 601, 'time': 80.8438310009765, 'dt': 0.19634954084936207, 'total_energy': 2.7359786335996708}
2026-06-08T12:37:04+12:00 scalar diagnostics {'step': 602, 'time': 81.04018054182586, 'dt': 0.19634954084936207, 'total_energy': 2.7108589545761057}
2026-06-08T12:37:04+12:00 scalar diagnostics {'step': 604, 'time': 81.4328796235246, 'dt': 0.19634954084936207, 'total_energy': 2.6562693093659764}
2026-06-08T12:37:04+12:00 scalar diagnostics {'step': 605, 'time': 81.62922916437397, 'dt': 0.19634954084936207, 'total_energy': 2.6281650147874274}
2026-06-08T12:37:04+12:00 scalar diagnostics {'step': 606, 'time': 81.82557870522334, 'dt': 0.19634954084936207, 'total_energy': 2.6006260194994697}
2026-06-08T12:37:04+12:00 scalar diagnostics {'step': 607, 'time': 82.0219282460727, 'dt': 0.19634954084936207, 'total_energy': 2.5743909742935225}
2026-06-08T12:37:04+12:00 scalar diagnostics {'step': 609, 'time': 82.41462732777144, 'dt': 0.19634954084936207, 'total_energy': 2.528091659262791}
2026-06-08T12:37:04+12:00 scalar diagnostics {'step': 610, 'time': 82.61097686862081, 'dt': 0.19634954084936207, 'total_energy': 2.5087702976471977}
2026-06-08T12:37:04+12:00 scalar diagnostics {'step': 611, 'time': 82.80732640947018, 'dt': 0.19634954084936207, 'total_energy': 2.4915385650499595}
2026-06-08T12:37:04+12:00 scalar diagnostics {'step': 612, 'time': 83.00367595031955, 'dt': 0.19634954084936207, 'total_energy': 2.476844545929528}
2026-06-08T12:37:04+12:00 scalar diagnostics {'step': 614, 'time': 83.39637503201828, 'dt': 0.19634954084936207, 'total_energy': 2.4538276763709597}
2026-06-08T12:37:04+12:00 scalar diagnostics {'step': 615, 'time': 83.59272457286765, 'dt': 0.19634954084936207, 'total_energy': 2.445522659160697}
2026-06-08T12:37:04+12:00 scalar diagnostics {'step': 616, 'time': 83.78907411371702, 'dt': 0.19634954084936207, 'total_energy': 2.4399402691203864}
2026-06-08T12:37:04+12:00 scalar diagnostics {'step': 618, 'time': 84.18177319541576, 'dt': 0.19634954084936207, 'total_energy': 2.438709757978416}
2026-06-08T12:37:04+12:00 scalar diagnostics {'step': 619, 'time': 84.37812273626513, 'dt': 0.19634954084936207, 'total_energy': 2.4428602171488567}
2026-06-08T12:37:04+12:00 scalar diagnostics {'step': 620, 'time': 84.5744722771145, 'dt': 0.19634954084936207, 'total_energy': 2.449276811306162}
2026-06-08T12:37:04+12:00 scalar diagnostics {'step': 621, 'time': 84.77082181796386, 'dt': 0.19634954084936207, 'total_energy': 2.457869705246194}
2026-06-08T12:37:04+12:00 scalar diagnostics {'step': 623, 'time': 85.1635208996626, 'dt': 0.19634954084936207, 'total_energy': 2.476552661850555}
2026-06-08T12:37:04+12:00 scalar diagnostics {'step': 624, 'time': 85.35987044051197, 'dt': 0.19634954084936207, 'total_energy': 2.4861922944543724}
2026-06-08T12:37:04+12:00 scalar diagnostics {'step': 625, 'time': 85.55621998136134, 'dt': 0.19634954084936207, 'total_energy': 2.496014964720838}
2026-06-08T12:37:04+12:00 scalar diagnostics {'step': 626, 'time': 85.7525695222107, 'dt': 0.19634954084936207, 'total_energy': 2.5060549743469447}
2026-06-08T12:37:04+12:00 scalar diagnostics {'step': 628, 'time': 86.14526860390944, 'dt': 0.19634954084936207, 'total_energy': 2.526794198584158}
2026-06-08T12:37:04+12:00 scalar diagnostics {'step': 629, 'time': 86.34161814475881, 'dt': 0.19634954084936207, 'total_energy': 2.537392604420387}
2026-06-08T12:37:04+12:00 scalar diagnostics {'step': 630, 'time': 86.53796768560818, 'dt': 0.19634954084936207, 'total_energy': 2.5479931697313174}
2026-06-08T12:37:04+12:00 scalar diagnostics {'step': 632, 'time': 86.93066676730692, 'dt': 0.19634954084936207, 'total_energy': 2.5703249662645935}
2026-06-08T12:37:04+12:00 scalar diagnostics {'step': 633, 'time': 87.12701630815629, 'dt': 0.19634954084936207, 'total_energy': 2.5814289363381917}
2026-06-08T12:37:04+12:00 scalar diagnostics {'step': 634, 'time': 87.32336584900565, 'dt': 0.19634954084936207, 'total_energy': 2.5928988763344045}
2026-06-08T12:37:04+12:00 scalar diagnostics {'step': 635, 'time': 87.51971538985502, 'dt': 0.19634954084936207, 'total_energy': 2.605038111184171}
2026-06-08T12:37:04+12:00 scalar diagnostics {'step': 637, 'time': 87.91241447155376, 'dt': 0.19634954084936207, 'total_energy': 2.631193515651872}
2026-06-08T12:37:04+12:00 scalar diagnostics {'step': 638, 'time': 88.10876401240313, 'dt': 0.19634954084936207, 'total_energy': 2.64445019909027}
2026-06-08T12:37:04+12:00 scalar diagnostics {'step': 639, 'time': 88.3051135532525, 'dt': 0.19634954084936207, 'total_energy': 2.6572604326467855}
2026-06-08T12:37:04+12:00 scalar diagnostics {'step': 640, 'time': 88.50146309410187, 'dt': 0.19634954084936207, 'total_energy': 2.6694899585505003}
2026-06-08T12:37:04+12:00 scalar diagnostics {'step': 642, 'time': 88.8941621758006, 'dt': 0.19634954084936207, 'total_energy': 2.6926424194053706}
2026-06-08T12:37:04+12:00 scalar diagnostics {'step': 643, 'time': 89.09051171664997, 'dt': 0.19634954084936207, 'total_energy': 2.703672924034404}
2026-06-08T12:37:04+12:00 scalar diagnostics {'step': 644, 'time': 89.28686125749934, 'dt': 0.19634954084936207, 'total_energy': 2.713839459471745}
2026-06-08T12:37:04+12:00 scalar diagnostics {'step': 646, 'time': 89.67956033919808, 'dt': 0.19634954084936207, 'total_energy': 2.7286109182255576}
2026-06-08T12:37:04+12:00 scalar diagnostics {'step': 647, 'time': 89.87590988004744, 'dt': 0.19634954084936207, 'total_energy': 2.7320814612919153}
2026-06-08T12:37:04+12:00 scalar diagnostics {'step': 648, 'time': 90.07225942089681, 'dt': 0.19634954084936207, 'total_energy': 2.7329242994867102}
2026-06-08T12:37:04+12:00 scalar diagnostics {'step': 649, 'time': 90.26860896174618, 'dt': 0.19634954084936207, 'total_energy': 2.731712699350388}
2026-06-08T12:37:04+12:00 scalar diagnostics {'step': 651, 'time': 90.66130804344492, 'dt': 0.19634954084936207, 'total_energy': 2.726449471655335}
2026-06-08T12:37:04+12:00 scalar diagnostics {'step': 652, 'time': 90.85765758429429, 'dt': 0.19634954084936207, 'total_energy': 2.72310784576441}
2026-06-08T12:37:04+12:00 scalar diagnostics {'step': 653, 'time': 91.05400712514366, 'dt': 0.19634954084936207, 'total_energy': 2.718975328877366}
2026-06-08T12:37:04+12:00 scalar diagnostics {'step': 654, 'time': 91.25035666599302, 'dt': 0.19634954084936207, 'total_energy': 2.7136773796213363}
2026-06-08T12:37:04+12:00 scalar diagnostics {'step': 656, 'time': 91.64305574769176, 'dt': 0.19634954084936207, 'total_energy': 2.6989159560369123}
2026-06-08T12:37:04+12:00 scalar diagnostics {'step': 657, 'time': 91.83940528854113, 'dt': 0.19634954084936207, 'total_energy': 2.690011646877789}
2026-06-08T12:37:04+12:00 scalar diagnostics {'step': 658, 'time': 92.0357548293905, 'dt': 0.19634954084936207, 'total_energy': 2.680960922350764}
2026-06-08T12:37:05+12:00 scalar diagnostics {'step': 660, 'time': 92.42845391108924, 'dt': 0.19634954084936207, 'total_energy': 2.665053187918478}
2026-06-08T12:37:05+12:00 scalar diagnostics {'step': 661, 'time': 92.6248034519386, 'dt': 0.19634954084936207, 'total_energy': 2.6597859394758747}
2026-06-08T12:37:05+12:00 scalar diagnostics {'step': 662, 'time': 92.82115299278797, 'dt': 0.19634954084936207, 'total_energy': 2.6557221595926634}
2026-06-08T12:37:05+12:00 scalar diagnostics {'step': 663, 'time': 93.01750253363734, 'dt': 0.19634954084936207, 'total_energy': 2.652809848572266}
2026-06-08T12:37:05+12:00 scalar diagnostics {'step': 665, 'time': 93.41020161533608, 'dt': 0.19634954084936207, 'total_energy': 2.6507537040508797}
2026-06-08T12:37:05+12:00 scalar diagnostics {'step': 666, 'time': 93.60655115618545, 'dt': 0.19634954084936207, 'total_energy': 2.6520548552713104}
2026-06-08T12:37:05+12:00 scalar diagnostics {'step': 667, 'time': 93.80290069703481, 'dt': 0.19634954084936207, 'total_energy': 2.655167861353863}
2026-06-08T12:37:05+12:00 scalar diagnostics {'step': 669, 'time': 94.19559977873355, 'dt': 0.19634954084936207, 'total_energy': 2.6660084581458587}
2026-06-08T12:37:05+12:00 scalar diagnostics {'step': 670, 'time': 94.39194931958292, 'dt': 0.19634954084936207, 'total_energy': 2.6723413969582874}
2026-06-08T12:37:05+12:00 scalar diagnostics {'step': 671, 'time': 94.58829886043229, 'dt': 0.19634954084936207, 'total_energy': 2.6781401639660345}
2026-06-08T12:37:05+12:00 scalar diagnostics {'step': 672, 'time': 94.78464840128166, 'dt': 0.19634954084936207, 'total_energy': 2.682343952989036}
2026-06-08T12:37:05+12:00 scalar diagnostics {'step': 674, 'time': 95.1773474829804, 'dt': 0.19634954084936207, 'total_energy': 2.6850243603221178}
2026-06-08T12:37:05+12:00 scalar diagnostics {'step': 675, 'time': 95.37369702382976, 'dt': 0.19634954084936207, 'total_energy': 2.684278953972817}
2026-06-08T12:37:05+12:00 scalar diagnostics {'step': 676, 'time': 95.57004656467913, 'dt': 0.19634954084936207, 'total_energy': 2.6830177210248833}
2026-06-08T12:37:05+12:00 scalar diagnostics {'step': 677, 'time': 95.7663961055285, 'dt': 0.19634954084936207, 'total_energy': 2.681702639545951}
2026-06-08T12:37:05+12:00 scalar diagnostics {'step': 679, 'time': 96.15909518722724, 'dt': 0.19634954084936207, 'total_energy': 2.679080057877524}
2026-06-08T12:37:05+12:00 scalar diagnostics {'step': 680, 'time': 96.3554447280766, 'dt': 0.19634954084936207, 'total_energy': 2.677439254043744}
2026-06-08T12:37:05+12:00 scalar diagnostics {'step': 681, 'time': 96.55179426892597, 'dt': 0.19634954084936207, 'total_energy': 2.6752432123075534}
2026-06-08T12:37:05+12:00 scalar diagnostics {'step': 683, 'time': 96.94449335062471, 'dt': 0.19634954084936207, 'total_energy': 2.6722204610864178}
2026-06-08T12:37:05+12:00 scalar diagnostics {'step': 684, 'time': 97.14084289147408, 'dt': 0.19634954084936207, 'total_energy': 2.6726591543367135}
2026-06-08T12:37:05+12:00 scalar diagnostics {'step': 685, 'time': 97.33719243232345, 'dt': 0.19634954084936207, 'total_energy': 2.6749376892821672}
2026-06-08T12:37:05+12:00 scalar diagnostics {'step': 686, 'time': 97.53354197317282, 'dt': 0.19634954084936207, 'total_energy': 2.6790002909556296}
2026-06-08T12:37:05+12:00 scalar diagnostics {'step': 688, 'time': 97.92624105487155, 'dt': 0.19634954084936207, 'total_energy': 2.690914666888336}
2026-06-08T12:37:05+12:00 scalar diagnostics {'step': 689, 'time': 98.12259059572092, 'dt': 0.19634954084936207, 'total_energy': 2.6978632882442124}
2026-06-08T12:37:05+12:00 scalar diagnostics {'step': 690, 'time': 98.31894013657029, 'dt': 0.19634954084936207, 'total_energy': 2.705042653156664}
2026-06-08T12:37:05+12:00 scalar diagnostics {'step': 691, 'time': 98.51528967741966, 'dt': 0.19634954084936207, 'total_energy': 2.712478934676289}
2026-06-08T12:37:05+12:00 scalar diagnostics {'step': 693, 'time': 98.9079887591184, 'dt': 0.19634954084936207, 'total_energy': 2.727328064005223}
2026-06-08T12:37:05+12:00 scalar diagnostics {'step': 694, 'time': 99.10433829996776, 'dt': 0.19634954084936207, 'total_energy': 2.734766367887467}
2026-06-08T12:37:05+12:00 scalar diagnostics {'step': 695, 'time': 99.30068784081713, 'dt': 0.19634954084936207, 'total_energy': 2.742240818845659}
2026-06-08T12:37:05+12:00 scalar diagnostics {'step': 697, 'time': 99.69338692251587, 'dt': 0.19634954084936207, 'total_energy': 2.7570766232219666}
2026-06-08T12:37:05+12:00 scalar diagnostics {'step': 698, 'time': 99.88973646336524, 'dt': 0.19634954084936207, 'total_energy': 2.764186868049218}
2026-06-08T12:37:05+12:00 scalar diagnostics {'step': 699, 'time': 100.08608600421461, 'dt': 0.19634954084936207, 'total_energy': 2.7709990595969622}
2026-06-08T12:37:05+12:00 progress {'step': 700, 'time': 100.28243554506398, 'dt': 0.19634954084936207}
2026-06-08T12:37:05+12:00 scalar diagnostics {'step': 700, 'time': 100.28243554506398, 'dt': 0.19634954084936207, 'total_energy': 2.777678044395001}
2026-06-08T12:37:05+12:00 scalar diagnostics {'step': 702, 'time': 100.67513462676271, 'dt': 0.19634954084936207, 'total_energy': 2.7935116605462182}
2026-06-08T12:37:05+12:00 scalar diagnostics {'step': 703, 'time': 100.87148416761208, 'dt': 0.19634954084936207, 'total_energy': 2.8027248677099856}
2026-06-08T12:37:05+12:00 scalar diagnostics {'step': 704, 'time': 101.06783370846145, 'dt': 0.19634954084936207, 'total_energy': 2.812872783490623}
2026-06-08T12:37:05+12:00 scalar diagnostics {'step': 705, 'time': 101.26418324931082, 'dt': 0.19634954084936207, 'total_energy': 2.8236416246733667}
2026-06-08T12:37:05+12:00 scalar diagnostics {'step': 707, 'time': 101.65688233100956, 'dt': 0.19634954084936207, 'total_energy': 2.8456394070700473}
2026-06-08T12:37:05+12:00 scalar diagnostics {'step': 708, 'time': 101.85323187185892, 'dt': 0.19634954084936207, 'total_energy': 2.8566940990697356}
2026-06-08T12:37:05+12:00 scalar diagnostics {'step': 709, 'time': 102.04958141270829, 'dt': 0.19634954084936207, 'total_energy': 2.8680917664631127}
2026-06-08T12:37:05+12:00 scalar diagnostics {'step': 711, 'time': 102.44228049440703, 'dt': 0.19634954084936207, 'total_energy': 2.8934654826513393}
2026-06-08T12:37:05+12:00 scalar diagnostics {'step': 712, 'time': 102.6386300352564, 'dt': 0.19634954084936207, 'total_energy': 2.9078018430082917}
2026-06-08T12:37:05+12:00 scalar diagnostics {'step': 713, 'time': 102.83497957610577, 'dt': 0.19634954084936207, 'total_energy': 2.923151753002658}
2026-06-08T12:37:05+12:00 scalar diagnostics {'step': 714, 'time': 103.03132911695513, 'dt': 0.19634954084936207, 'total_energy': 2.939350825332972}
2026-06-08T12:37:05+12:00 scalar diagnostics {'step': 716, 'time': 103.42402819865387, 'dt': 0.19634954084936207, 'total_energy': 2.9732194038621675}
2026-06-08T12:37:05+12:00 scalar diagnostics {'step': 717, 'time': 103.62037773950324, 'dt': 0.19634954084936207, 'total_energy': 2.9902251619649736}
2026-06-08T12:37:05+12:00 scalar diagnostics {'step': 718, 'time': 103.81672728035261, 'dt': 0.19634954084936207, 'total_energy': 3.0068552794599896}
2026-06-08T12:37:05+12:00 scalar diagnostics {'step': 719, 'time': 104.01307682120198, 'dt': 0.19634954084936207, 'total_energy': 3.0228710862767247}
2026-06-08T12:37:05+12:00 scalar diagnostics {'step': 721, 'time': 104.40577590290071, 'dt': 0.19634954084936207, 'total_energy': 3.0524476033111347}
2026-06-08T12:37:05+12:00 scalar diagnostics {'step': 722, 'time': 104.60212544375008, 'dt': 0.19634954084936207, 'total_energy': 3.0653983015980777}
2026-06-08T12:37:05+12:00 scalar diagnostics {'step': 723, 'time': 104.79847498459945, 'dt': 0.19634954084936207, 'total_energy': 3.076535580375578}
2026-06-08T12:37:05+12:00 scalar diagnostics {'step': 725, 'time': 105.19117406629819, 'dt': 0.19634954084936207, 'total_energy': 3.0925060539009044}
2026-06-08T12:37:05+12:00 scalar diagnostics {'step': 726, 'time': 105.38752360714756, 'dt': 0.19634954084936207, 'total_energy': 3.0976513361742604}
2026-06-08T12:37:05+12:00 scalar diagnostics {'step': 727, 'time': 105.58387314799693, 'dt': 0.19634954084936207, 'total_energy': 3.101593388373659}
2026-06-08T12:37:05+12:00 scalar diagnostics {'step': 728, 'time': 105.7802226888463, 'dt': 0.19634954084936207, 'total_energy': 3.1049543956226855}
2026-06-08T12:37:05+12:00 scalar diagnostics {'step': 730, 'time': 106.17292177054503, 'dt': 0.19634954084936207, 'total_energy': 3.1113329857914227}
2026-06-08T12:37:05+12:00 scalar diagnostics {'step': 731, 'time': 106.3692713113944, 'dt': 0.19634954084936207, 'total_energy': 3.1146781336100404}
2026-06-08T12:37:05+12:00 scalar diagnostics {'step': 732, 'time': 106.56562085224377, 'dt': 0.19634954084936207, 'total_energy': 3.1175976841031905}
2026-06-08T12:37:05+12:00 scalar diagnostics {'step': 733, 'time': 106.76197039309314, 'dt': 0.19634954084936207, 'total_energy': 3.1200568999639002}
2026-06-08T12:37:05+12:00 scalar diagnostics {'step': 735, 'time': 107.15466947479187, 'dt': 0.19634954084936207, 'total_energy': 3.1248919622489986}
2026-06-08T12:37:05+12:00 scalar diagnostics {'step': 736, 'time': 107.35101901564124, 'dt': 0.19634954084936207, 'total_energy': 3.1283291348035576}
2026-06-08T12:37:05+12:00 scalar diagnostics {'step': 737, 'time': 107.54736855649061, 'dt': 0.19634954084936207, 'total_energy': 3.1329871604917896}
2026-06-08T12:37:05+12:00 scalar diagnostics {'step': 739, 'time': 107.94006763818935, 'dt': 0.19634954084936207, 'total_energy': 3.1456995785459116}
2026-06-08T12:37:05+12:00 scalar diagnostics {'step': 740, 'time': 108.13641717903872, 'dt': 0.19634954084936207, 'total_energy': 3.152983619540863}
2026-06-08T12:37:05+12:00 scalar diagnostics {'step': 741, 'time': 108.33276671988808, 'dt': 0.19634954084936207, 'total_energy': 3.1606128498558648}
2026-06-08T12:37:06+12:00 scalar diagnostics {'step': 742, 'time': 108.52911626073745, 'dt': 0.19634954084936207, 'total_energy': 3.168054077766514}
2026-06-08T12:37:06+12:00 scalar diagnostics {'step': 744, 'time': 108.92181534243619, 'dt': 0.19634954084936207, 'total_energy': 3.182150574673422}
2026-06-08T12:37:06+12:00 scalar diagnostics {'step': 745, 'time': 109.11816488328556, 'dt': 0.19634954084936207, 'total_energy': 3.1887131743819683}
2026-06-08T12:37:06+12:00 scalar diagnostics {'step': 746, 'time': 109.31451442413493, 'dt': 0.19634954084936207, 'total_energy': 3.1947453742587055}
2026-06-08T12:37:06+12:00 scalar diagnostics {'step': 747, 'time': 109.5108639649843, 'dt': 0.19634954084936207, 'total_energy': 3.2000179779321645}
2026-06-08T12:37:06+12:00 scalar diagnostics {'step': 749, 'time': 109.90356304668303, 'dt': 0.19634954084936207, 'total_energy': 3.207817887224782}
2026-06-08T12:37:06+12:00 scalar diagnostics {'step': 750, 'time': 110.0999125875324, 'dt': 0.19634954084936207, 'total_energy': 3.2106297238560386}
2026-06-08T12:37:06+12:00 scalar diagnostics {'step': 751, 'time': 110.29626212838177, 'dt': 0.19634954084936207, 'total_energy': 3.2132692650616312}
2026-06-08T12:37:06+12:00 scalar diagnostics {'step': 753, 'time': 110.6889612100805, 'dt': 0.19634954084936207, 'total_energy': 3.220503450624732}
2026-06-08T12:37:06+12:00 scalar diagnostics {'step': 754, 'time': 110.88531075092988, 'dt': 0.19634954084936207, 'total_energy': 3.2260282390457014}
2026-06-08T12:37:06+12:00 scalar diagnostics {'step': 755, 'time': 111.08166029177924, 'dt': 0.19634954084936207, 'total_energy': 3.232998524119576}
2026-06-08T12:37:06+12:00 scalar diagnostics {'step': 756, 'time': 111.27800983262861, 'dt': 0.19634954084936207, 'total_energy': 3.2411835958695367}
2026-06-08T12:37:06+12:00 scalar diagnostics {'step': 758, 'time': 111.67070891432735, 'dt': 0.19634954084936207, 'total_energy': 3.259888535604415}
2026-06-08T12:37:06+12:00 scalar diagnostics {'step': 759, 'time': 111.86705845517672, 'dt': 0.19634954084936207, 'total_energy': 3.2701875950224384}
2026-06-08T12:37:06+12:00 scalar diagnostics {'step': 760, 'time': 112.06340799602609, 'dt': 0.19634954084936207, 'total_energy': 3.281437102441339}
2026-06-08T12:37:06+12:00 scalar diagnostics {'step': 761, 'time': 112.25975753687545, 'dt': 0.19634954084936207, 'total_energy': 3.2940670161729804}
2026-06-08T12:37:06+12:00 scalar diagnostics {'step': 763, 'time': 112.65245661857419, 'dt': 0.19634954084936207, 'total_energy': 3.3243594513502153}
2026-06-08T12:37:06+12:00 scalar diagnostics {'step': 764, 'time': 112.84880615942356, 'dt': 0.19634954084936207, 'total_energy': 3.341713257654395}
2026-06-08T12:37:06+12:00 scalar diagnostics {'step': 765, 'time': 113.04515570027293, 'dt': 0.19634954084936207, 'total_energy': 3.3599374844007537}
2026-06-08T12:37:06+12:00 scalar diagnostics {'step': 767, 'time': 113.43785478197167, 'dt': 0.19634954084936207, 'total_energy': 3.3971237075833938}
2026-06-08T12:37:06+12:00 scalar diagnostics {'step': 768, 'time': 113.63420432282103, 'dt': 0.19634954084936207, 'total_energy': 3.415520166633517}
2026-06-08T12:37:06+12:00 scalar diagnostics {'step': 769, 'time': 113.8305538636704, 'dt': 0.19634954084936207, 'total_energy': 3.4336443255803486}
2026-06-08T12:37:06+12:00 scalar diagnostics {'step': 770, 'time': 114.02690340451977, 'dt': 0.19634954084936207, 'total_energy': 3.451453661668218}
2026-06-08T12:37:06+12:00 scalar diagnostics {'step': 772, 'time': 114.41960248621851, 'dt': 0.19634954084936207, 'total_energy': 3.4863884121348665}
2026-06-08T12:37:06+12:00 scalar diagnostics {'step': 773, 'time': 114.61595202706788, 'dt': 0.19634954084936207, 'total_energy': 3.5029111295070057}
2026-06-08T12:37:06+12:00 scalar diagnostics {'step': 774, 'time': 114.81230156791725, 'dt': 0.19634954084936207, 'total_energy': 3.5186479005240465}
2026-06-08T12:37:06+12:00 scalar diagnostics {'step': 775, 'time': 115.00865110876661, 'dt': 0.19634954084936207, 'total_energy': 3.5335662675141455}
2026-06-08T12:37:06+12:00 scalar diagnostics {'step': 777, 'time': 115.40135019046535, 'dt': 0.19634954084936207, 'total_energy': 3.5612080328952422}
2026-06-08T12:37:06+12:00 scalar diagnostics {'step': 778, 'time': 115.59769973131472, 'dt': 0.19634954084936207, 'total_energy': 3.574133308524058}
2026-06-08T12:37:06+12:00 scalar diagnostics {'step': 779, 'time': 115.79404927216409, 'dt': 0.19634954084936207, 'total_energy': 3.586519287867133}
2026-06-08T12:37:06+12:00 scalar diagnostics {'step': 781, 'time': 116.18674835386282, 'dt': 0.19634954084936207, 'total_energy': 3.6095610080055476}
2026-06-08T12:37:06+12:00 scalar diagnostics {'step': 782, 'time': 116.3830978947122, 'dt': 0.19634954084936207, 'total_energy': 3.61993566950793}
2026-06-08T12:37:06+12:00 scalar diagnostics {'step': 783, 'time': 116.57944743556156, 'dt': 0.19634954084936207, 'total_energy': 3.6293875415707273}
2026-06-08T12:37:06+12:00 scalar diagnostics {'step': 784, 'time': 116.77579697641093, 'dt': 0.19634954084936207, 'total_energy': 3.6380360817084343}
2026-06-08T12:37:06+12:00 scalar diagnostics {'step': 786, 'time': 117.16849605810967, 'dt': 0.19634954084936207, 'total_energy': 3.6539471574904305}
2026-06-08T12:37:06+12:00 scalar diagnostics {'step': 787, 'time': 117.36484559895904, 'dt': 0.19634954084936207, 'total_energy': 3.661762989536682}
2026-06-08T12:37:06+12:00 scalar diagnostics {'step': 788, 'time': 117.5611951398084, 'dt': 0.19634954084936207, 'total_energy': 3.6697381008925083}
2026-06-08T12:37:06+12:00 scalar diagnostics {'step': 789, 'time': 117.75754468065777, 'dt': 0.19634954084936207, 'total_energy': 3.6779293532771993}
2026-06-08T12:37:06+12:00 scalar diagnostics {'step': 791, 'time': 118.15024376235651, 'dt': 0.19634954084936207, 'total_energy': 3.6949363912210162}
2026-06-08T12:37:06+12:00 scalar diagnostics {'step': 792, 'time': 118.34659330320588, 'dt': 0.19634954084936207, 'total_energy': 3.7037135101542833}
2026-06-08T12:37:06+12:00 scalar diagnostics {'step': 793, 'time': 118.54294284405525, 'dt': 0.19634954084936207, 'total_energy': 3.712728518143694}
2026-06-08T12:37:06+12:00 scalar diagnostics {'step': 795, 'time': 118.93564192575398, 'dt': 0.19634954084936207, 'total_energy': 3.7320451534003842}
2026-06-08T12:37:06+12:00 scalar diagnostics {'step': 796, 'time': 119.13199146660335, 'dt': 0.19634954084936207, 'total_energy': 3.742582898564814}
2026-06-08T12:37:06+12:00 scalar diagnostics {'step': 797, 'time': 119.32834100745272, 'dt': 0.19634954084936207, 'total_energy': 3.753751051856558}
2026-06-08T12:37:06+12:00 scalar diagnostics {'step': 798, 'time': 119.52469054830209, 'dt': 0.19634954084936207, 'total_energy': 3.765516163619164}
2026-06-08T12:37:06+12:00 progress {'step': 800, 'time': 119.91738963000083, 'dt': 0.19634954084936207}
2026-06-08T12:37:06+12:00 scalar diagnostics {'step': 800, 'time': 119.91738963000083, 'dt': 0.19634954084936207, 'total_energy': 3.790788759153188}
2026-06-08T12:37:06+12:00 scalar diagnostics {'step': 801, 'time': 120.1137391708502, 'dt': 0.19634954084936207, 'total_energy': 3.8044621439819335}
2026-06-08T12:37:06+12:00 scalar diagnostics {'step': 802, 'time': 120.31008871169956, 'dt': 0.19634954084936207, 'total_energy': 3.81885748350188}
2026-06-08T12:37:06+12:00 scalar diagnostics {'step': 803, 'time': 120.50643825254893, 'dt': 0.19634954084936207, 'total_energy': 3.8339815970729108}
2026-06-08T12:37:06+12:00 scalar diagnostics {'step': 805, 'time': 120.89913733424767, 'dt': 0.19634954084936207, 'total_energy': 3.866144252306104}
2026-06-08T12:37:06+12:00 scalar diagnostics {'step': 806, 'time': 121.09548687509704, 'dt': 0.19634954084936207, 'total_energy': 3.8829944727890653}
2026-06-08T12:37:06+12:00 scalar diagnostics {'step': 807, 'time': 121.2918364159464, 'dt': 0.19634954084936207, 'total_energy': 3.900241131347631}
2026-06-08T12:37:06+12:00 scalar diagnostics {'step': 809, 'time': 121.68453549764514, 'dt': 0.19634954084936207, 'total_energy': 3.935487579460964}
2026-06-08T12:37:06+12:00 scalar diagnostics {'step': 810, 'time': 121.88088503849451, 'dt': 0.19634954084936207, 'total_energy': 3.9531839933672925}
2026-06-08T12:37:06+12:00 scalar diagnostics {'step': 811, 'time': 122.07723457934388, 'dt': 0.19634954084936207, 'total_energy': 3.970820814922755}
2026-06-08T12:37:06+12:00 scalar diagnostics {'step': 812, 'time': 122.27358412019325, 'dt': 0.19634954084936207, 'total_energy': 3.988103646791936}
2026-06-08T12:37:06+12:00 scalar diagnostics {'step': 814, 'time': 122.66628320189199, 'dt': 0.19634954084936207, 'total_energy': 4.020664298057209}
2026-06-08T12:37:06+12:00 scalar diagnostics {'step': 815, 'time': 122.86263274274135, 'dt': 0.19634954084936207, 'total_energy': 4.03521662163347}
2026-06-08T12:37:06+12:00 scalar diagnostics {'step': 816, 'time': 123.05898228359072, 'dt': 0.19634954084936207, 'total_energy': 4.048023600299601}
2026-06-08T12:37:06+12:00 scalar diagnostics {'step': 817, 'time': 123.25533182444009, 'dt': 0.19634954084936207, 'total_energy': 4.05873837914597}
2026-06-08T12:37:06+12:00 scalar diagnostics {'step': 819, 'time': 123.64803090613883, 'dt': 0.19634954084936207, 'total_energy': 4.073812798669174}
2026-06-08T12:37:06+12:00 scalar diagnostics {'step': 820, 'time': 123.8443804469882, 'dt': 0.19634954084936207, 'total_energy': 4.078839380628304}
2026-06-08T12:37:06+12:00 scalar diagnostics {'step': 821, 'time': 124.04072998783757, 'dt': 0.19634954084936207, 'total_energy': 4.082947315269461}
2026-06-08T12:37:06+12:00 scalar diagnostics {'step': 823, 'time': 124.4334290695363, 'dt': 0.19634954084936207, 'total_energy': 4.089928576533936}
2026-06-08T12:37:07+12:00 scalar diagnostics {'step': 824, 'time': 124.62977861038567, 'dt': 0.19634954084936207, 'total_energy': 4.093247861914491}
2026-06-08T12:37:07+12:00 scalar diagnostics {'step': 825, 'time': 124.82612815123504, 'dt': 0.19634954084936207, 'total_energy': 4.0965682465627955}
2026-06-08T12:37:07+12:00 scalar diagnostics {'step': 826, 'time': 125.02247769208441, 'dt': 0.19634954084936207, 'total_energy': 4.099980367739231}
2026-06-08T12:37:07+12:00 scalar diagnostics {'step': 828, 'time': 125.41517677378314, 'dt': 0.19634954084936207, 'total_energy': 4.107928593824379}
2026-06-08T12:37:07+12:00 scalar diagnostics {'step': 829, 'time': 125.61152631463251, 'dt': 0.19634954084936207, 'total_energy': 4.113126901243804}
2026-06-08T12:37:07+12:00 scalar diagnostics {'step': 830, 'time': 125.80787585548188, 'dt': 0.19634954084936207, 'total_energy': 4.119619828086922}
2026-06-08T12:37:07+12:00 scalar diagnostics {'step': 831, 'time': 126.00422539633125, 'dt': 0.19634954084936207, 'total_energy': 4.1276624714915835}
2026-06-08T12:37:07+12:00 scalar diagnostics {'step': 833, 'time': 126.39692447802999, 'dt': 0.19634954084936207, 'total_energy': 4.148618678443396}
2026-06-08T12:37:07+12:00 scalar diagnostics {'step': 834, 'time': 126.59327401887936, 'dt': 0.19634954084936207, 'total_energy': 4.161347091984706}
2026-06-08T12:37:07+12:00 scalar diagnostics {'step': 835, 'time': 126.78962355972872, 'dt': 0.19634954084936207, 'total_energy': 4.175439425424637}
2026-06-08T12:37:07+12:00 scalar diagnostics {'step': 837, 'time': 127.18232264142746, 'dt': 0.19634954084936207, 'total_energy': 4.207905924256216}
2026-06-08T12:37:07+12:00 scalar diagnostics {'step': 838, 'time': 127.37867218227683, 'dt': 0.19634954084936207, 'total_energy': 4.226566848344959}
2026-06-08T12:37:07+12:00 scalar diagnostics {'step': 839, 'time': 127.5750217231262, 'dt': 0.19634954084936207, 'total_energy': 4.2469453362668785}
2026-06-08T12:37:07+12:00 scalar diagnostics {'step': 840, 'time': 127.77137126397557, 'dt': 0.19634954084936207, 'total_energy': 4.268877747660476}
2026-06-08T12:37:07+12:00 scalar diagnostics {'step': 842, 'time': 128.1640703456743, 'dt': 0.19634954084936207, 'total_energy': 4.315940967042954}
2026-06-08T12:37:07+12:00 scalar diagnostics {'step': 843, 'time': 128.36041988652366, 'dt': 0.19634954084936207, 'total_energy': 4.339971794740512}
2026-06-08T12:37:07+12:00 scalar diagnostics {'step': 844, 'time': 128.556769427373, 'dt': 0.19634954084936207, 'total_energy': 4.363855215339998}
2026-06-08T12:37:07+12:00 scalar diagnostics {'step': 845, 'time': 128.75311896822237, 'dt': 0.19634954084936207, 'total_energy': 4.387475852756848}
2026-06-08T12:37:07+12:00 scalar diagnostics {'step': 847, 'time': 129.14581804992108, 'dt': 0.19634954084936207, 'total_energy': 4.433975644698308}
2026-06-08T12:37:07+12:00 scalar diagnostics {'step': 848, 'time': 129.34216759077043, 'dt': 0.19634954084936207, 'total_energy': 4.456687717736172}
2026-06-08T12:37:07+12:00 scalar diagnostics {'step': 849, 'time': 129.53851713161978, 'dt': 0.19634954084936207, 'total_energy': 4.478601428725364}
2026-06-08T12:37:07+12:00 scalar diagnostics {'step': 851, 'time': 129.9312162133185, 'dt': 0.19634954084936207, 'total_energy': 4.517961303594264}
2026-06-08T12:37:07+12:00 scalar diagnostics {'step': 852, 'time': 130.12756575416785, 'dt': 0.19634954084936207, 'total_energy': 4.534557892047052}
2026-06-08T12:37:07+12:00 scalar diagnostics {'step': 853, 'time': 130.3239152950172, 'dt': 0.19634954084936207, 'total_energy': 4.548924368188237}
2026-06-08T12:37:07+12:00 scalar diagnostics {'step': 854, 'time': 130.52026483586656, 'dt': 0.19634954084936207, 'total_energy': 4.561274485400325}
2026-06-08T12:37:07+12:00 scalar diagnostics {'step': 856, 'time': 130.91296391756526, 'dt': 0.19634954084936207, 'total_energy': 4.581443912393541}
2026-06-08T12:37:07+12:00 scalar diagnostics {'step': 857, 'time': 131.10931345841462, 'dt': 0.19634954084936207, 'total_energy': 4.590010476006885}
2026-06-08T12:37:07+12:00 scalar diagnostics {'step': 858, 'time': 131.30566299926397, 'dt': 0.19634954084936207, 'total_energy': 4.597932303379908}
2026-06-08T12:37:07+12:00 scalar diagnostics {'step': 859, 'time': 131.50201254011333, 'dt': 0.19634954084936207, 'total_energy': 4.605387927054879}
2026-06-08T12:37:07+12:00 scalar diagnostics {'step': 861, 'time': 131.89471162181204, 'dt': 0.19634954084936207, 'total_energy': 4.619599587293034}
2026-06-08T12:37:07+12:00 scalar diagnostics {'step': 862, 'time': 132.0910611626614, 'dt': 0.19634954084936207, 'total_energy': 4.626656406725324}
2026-06-08T12:37:07+12:00 scalar diagnostics {'step': 863, 'time': 132.28741070351074, 'dt': 0.19634954084936207, 'total_energy': 4.633867613302758}
2026-06-08T12:37:07+12:00 scalar diagnostics {'step': 865, 'time': 132.68010978520945, 'dt': 0.19634954084936207, 'total_energy': 4.64942997743575}
2026-06-08T12:37:07+12:00 scalar diagnostics {'step': 866, 'time': 132.8764593260588, 'dt': 0.19634954084936207, 'total_energy': 4.6580435687304815}
2026-06-08T12:37:07+12:00 scalar diagnostics {'step': 867, 'time': 133.07280886690816, 'dt': 0.19634954084936207, 'total_energy': 4.66732927896099}
2026-06-08T12:37:07+12:00 scalar diagnostics {'step': 868, 'time': 133.26915840775752, 'dt': 0.19634954084936207, 'total_energy': 4.6773691470429855}
2026-06-08T12:37:07+12:00 scalar diagnostics {'step': 870, 'time': 133.66185748945622, 'dt': 0.19634954084936207, 'total_energy': 4.700266016702376}
2026-06-08T12:37:07+12:00 scalar diagnostics {'step': 871, 'time': 133.85820703030558, 'dt': 0.19634954084936207, 'total_energy': 4.713527069149013}
2026-06-08T12:37:07+12:00 scalar diagnostics {'step': 872, 'time': 134.05455657115493, 'dt': 0.19634954084936207, 'total_energy': 4.7282023826560975}
2026-06-08T12:37:07+12:00 scalar diagnostics {'step': 873, 'time': 134.2509061120043, 'dt': 0.19634954084936207, 'total_energy': 4.744316807323249}
2026-06-08T12:37:07+12:00 scalar diagnostics {'step': 875, 'time': 134.643605193703, 'dt': 0.19634954084936207, 'total_energy': 4.780221342394219}
2026-06-08T12:37:07+12:00 scalar diagnostics {'step': 876, 'time': 134.83995473455235, 'dt': 0.19634954084936207, 'total_energy': 4.799481618090487}
2026-06-08T12:37:07+12:00 scalar diagnostics {'step': 877, 'time': 135.0363042754017, 'dt': 0.19634954084936207, 'total_energy': 4.8192947314902215}
2026-06-08T12:37:07+12:00 scalar diagnostics {'step': 879, 'time': 135.4290033571004, 'dt': 0.19634954084936207, 'total_energy': 4.860128987153044}
2026-06-08T12:37:07+12:00 scalar diagnostics {'step': 880, 'time': 135.62535289794977, 'dt': 0.19634954084936207, 'total_energy': 4.88103023652789}
2026-06-08T12:37:07+12:00 scalar diagnostics {'step': 881, 'time': 135.82170243879912, 'dt': 0.19634954084936207, 'total_energy': 4.902158339633297}
2026-06-08T12:37:07+12:00 scalar diagnostics {'step': 882, 'time': 136.01805197964848, 'dt': 0.19634954084936207, 'total_energy': 4.923257983502106}
2026-06-08T12:37:07+12:00 scalar diagnostics {'step': 884, 'time': 136.41075106134718, 'dt': 0.19634954084936207, 'total_energy': 4.964376667017546}
2026-06-08T12:37:07+12:00 scalar diagnostics {'step': 885, 'time': 136.60710060219654, 'dt': 0.19634954084936207, 'total_energy': 4.983983214229025}
2026-06-08T12:37:07+12:00 scalar diagnostics {'step': 886, 'time': 136.8034501430459, 'dt': 0.19634954084936207, 'total_energy': 5.002785716852118}
2026-06-08T12:37:07+12:00 scalar diagnostics {'step': 888, 'time': 137.1961492247446, 'dt': 0.19634954084936207, 'total_energy': 5.037659564713056}
2026-06-08T12:37:07+12:00 scalar diagnostics {'step': 889, 'time': 137.39249876559396, 'dt': 0.19634954084936207, 'total_energy': 5.053547235333003}
2026-06-08T12:37:07+12:00 scalar diagnostics {'step': 890, 'time': 137.5888483064433, 'dt': 0.19634954084936207, 'total_energy': 5.06828403825429}
2026-06-08T12:37:07+12:00 scalar diagnostics {'step': 891, 'time': 137.78519784729266, 'dt': 0.19634954084936207, 'total_energy': 5.081863058005229}
2026-06-08T12:37:07+12:00 scalar diagnostics {'step': 893, 'time': 138.17789692899137, 'dt': 0.19634954084936207, 'total_energy': 5.1060460057002075}
2026-06-08T12:37:07+12:00 scalar diagnostics {'step': 894, 'time': 138.37424646984073, 'dt': 0.19634954084936207, 'total_energy': 5.117196143013297}
2026-06-08T12:37:07+12:00 scalar diagnostics {'step': 895, 'time': 138.57059601069008, 'dt': 0.19634954084936207, 'total_energy': 5.12817439617501}
2026-06-08T12:37:07+12:00 scalar diagnostics {'step': 896, 'time': 138.76694555153944, 'dt': 0.19634954084936207, 'total_energy': 5.139285651307524}
2026-06-08T12:37:07+12:00 scalar diagnostics {'step': 898, 'time': 139.15964463323814, 'dt': 0.19634954084936207, 'total_energy': 5.162565794289928}
2026-06-08T12:37:07+12:00 scalar diagnostics {'step': 899, 'time': 139.3559941740875, 'dt': 0.19634954084936207, 'total_energy': 5.174718659823498}
2026-06-08T12:37:07+12:00 progress {'step': 900, 'time': 139.55234371493685, 'dt': 0.19634954084936207}
2026-06-08T12:37:07+12:00 scalar diagnostics {'step': 900, 'time': 139.55234371493685, 'dt': 0.19634954084936207, 'total_energy': 5.1870229657022655}
2026-06-08T12:37:07+12:00 scalar diagnostics {'step': 902, 'time': 139.94504279663556, 'dt': 0.19634954084936207, 'total_energy': 5.211543738795176}
2026-06-08T12:37:07+12:00 scalar diagnostics {'step': 903, 'time': 140.14139233748492, 'dt': 0.19634954084936207, 'total_energy': 5.223731715813173}
2026-06-08T12:37:07+12:00 scalar diagnostics {'step': 904, 'time': 140.33774187833427, 'dt': 0.19634954084936207, 'total_energy': 5.236129244446781}
2026-06-08T12:37:07+12:00 scalar diagnostics {'step': 905, 'time': 140.53409141918362, 'dt': 0.19634954084936207, 'total_energy': 5.249057703913918}
2026-06-08T12:37:08+12:00 scalar diagnostics {'step': 907, 'time': 140.92679050088233, 'dt': 0.19634954084936207, 'total_energy': 5.277624793635013}
2026-06-08T12:37:08+12:00 scalar diagnostics {'step': 908, 'time': 141.1231400417317, 'dt': 0.19634954084936207, 'total_energy': 5.293519228461335}
2026-06-08T12:37:08+12:00 scalar diagnostics {'step': 909, 'time': 141.31948958258104, 'dt': 0.19634954084936207, 'total_energy': 5.3104413303295335}
2026-06-08T12:37:08+12:00 scalar diagnostics {'step': 910, 'time': 141.5158391234304, 'dt': 0.19634954084936207, 'total_energy': 5.328263589264254}
2026-06-08T12:37:08+12:00 scalar diagnostics {'step': 912, 'time': 141.9085382051291, 'dt': 0.19634954084936207, 'total_energy': 5.3663626372202815}
2026-06-08T12:37:08+12:00 scalar diagnostics {'step': 913, 'time': 142.10488774597846, 'dt': 0.19634954084936207, 'total_energy': 5.386306496210141}
2026-06-08T12:37:08+12:00 scalar diagnostics {'step': 914, 'time': 142.3012372868278, 'dt': 0.19634954084936207, 'total_energy': 5.406722725665794}
2026-06-08T12:37:08+12:00 scalar diagnostics {'step': 916, 'time': 142.69393636852652, 'dt': 0.19634954084936207, 'total_energy': 5.448419915187333}
2026-06-08T12:37:08+12:00 scalar diagnostics {'step': 917, 'time': 142.89028590937588, 'dt': 0.19634954084936207, 'total_energy': 5.469294024228014}
2026-06-08T12:37:08+12:00 scalar diagnostics {'step': 918, 'time': 143.08663545022523, 'dt': 0.19634954084936207, 'total_energy': 5.489839183272546}
2026-06-08T12:37:08+12:00 scalar diagnostics {'step': 919, 'time': 143.28298499107458, 'dt': 0.19634954084936207, 'total_energy': 5.50979110996675}
2026-06-08T12:37:08+12:00 scalar diagnostics {'step': 921, 'time': 143.6756840727733, 'dt': 0.19634954084936207, 'total_energy': 5.547222249697592}
2026-06-08T12:37:08+12:00 scalar diagnostics {'step': 922, 'time': 143.87203361362265, 'dt': 0.19634954084936207, 'total_energy': 5.564684619861259}
2026-06-08T12:37:08+12:00 scalar diagnostics {'step': 923, 'time': 144.068383154472, 'dt': 0.19634954084936207, 'total_energy': 5.581495956313051}
2026-06-08T12:37:08+12:00 scalar diagnostics {'step': 924, 'time': 144.26473269532136, 'dt': 0.19634954084936207, 'total_energy': 5.597827853223842}
2026-06-08T12:37:08+12:00 scalar diagnostics {'step': 926, 'time': 144.65743177702007, 'dt': 0.19634954084936207, 'total_energy': 5.629342188356176}
2026-06-08T12:37:08+12:00 scalar diagnostics {'step': 927, 'time': 144.85378131786942, 'dt': 0.19634954084936207, 'total_energy': 5.6444252150845395}
2026-06-08T12:37:08+12:00 scalar diagnostics {'step': 928, 'time': 145.05013085871877, 'dt': 0.19634954084936207, 'total_energy': 5.658959635542229}
2026-06-08T12:37:08+12:00 scalar diagnostics {'step': 930, 'time': 145.44282994041748, 'dt': 0.19634954084936207, 'total_energy': 5.686785625738159}
2026-06-08T12:37:08+12:00 scalar diagnostics {'step': 931, 'time': 145.63917948126684, 'dt': 0.19634954084936207, 'total_energy': 5.7008934181573885}
2026-06-08T12:37:08+12:00 scalar diagnostics {'step': 932, 'time': 145.8355290221162, 'dt': 0.19634954084936207, 'total_energy': 5.715549699364015}
2026-06-08T12:37:08+12:00 scalar diagnostics {'step': 933, 'time': 146.03187856296555, 'dt': 0.19634954084936207, 'total_energy': 5.73107361212537}
2026-06-08T12:37:08+12:00 scalar diagnostics {'step': 935, 'time': 146.42457764466425, 'dt': 0.19634954084936207, 'total_energy': 5.764966949023909}
2026-06-08T12:37:08+12:00 scalar diagnostics {'step': 936, 'time': 146.6209271855136, 'dt': 0.19634954084936207, 'total_energy': 5.7829847579090785}
2026-06-08T12:37:08+12:00 scalar diagnostics {'step': 937, 'time': 146.81727672636296, 'dt': 0.19634954084936207, 'total_energy': 5.801356663971334}
2026-06-08T12:37:08+12:00 scalar diagnostics {'step': 938, 'time': 147.01362626721232, 'dt': 0.19634954084936207, 'total_energy': 5.819879846421075}
2026-06-08T12:37:08+12:00 scalar diagnostics {'step': 940, 'time': 147.40632534891103, 'dt': 0.19634954084936207, 'total_energy': 5.857142972284015}
2026-06-08T12:37:08+12:00 scalar diagnostics {'step': 941, 'time': 147.60267488976038, 'dt': 0.19634954084936207, 'total_energy': 5.875966503294366}
2026-06-08T12:37:08+12:00 scalar diagnostics {'step': 942, 'time': 147.79902443060973, 'dt': 0.19634954084936207, 'total_energy': 5.89497445309495}
2026-06-08T12:37:08+12:00 scalar diagnostics {'step': 944, 'time': 148.19172351230844, 'dt': 0.19634954084936207, 'total_energy': 5.933540251030214}
2026-06-08T12:37:08+12:00 scalar diagnostics {'step': 945, 'time': 148.3880730531578, 'dt': 0.19634954084936207, 'total_energy': 5.953032235660901}
2026-06-08T12:37:08+12:00 scalar diagnostics {'step': 946, 'time': 148.58442259400715, 'dt': 0.19634954084936207, 'total_energy': 5.972617081691054}
2026-06-08T12:37:08+12:00 scalar diagnostics {'step': 947, 'time': 148.7807721348565, 'dt': 0.19634954084936207, 'total_energy': 5.99227501982063}
2026-06-08T12:37:08+12:00 scalar diagnostics {'step': 949, 'time': 149.1734712165552, 'dt': 0.19634954084936207, 'total_energy': 6.031713911605078}
2026-06-08T12:37:08+12:00 scalar diagnostics {'step': 950, 'time': 149.36982075740457, 'dt': 0.19634954084936207, 'total_energy': 6.0513483707703974}
2026-06-08T12:37:08+12:00 scalar diagnostics {'step': 951, 'time': 149.56617029825392, 'dt': 0.19634954084936207, 'total_energy': 6.070816179508651}
2026-06-08T12:37:08+12:00 scalar diagnostics {'step': 952, 'time': 149.76251983910328, 'dt': 0.19634954084936207, 'total_energy': 6.089760724554277}
2026-06-08T12:37:08+12:00 scalar diagnostics {'step': 954, 'time': 150.15521892080199, 'dt': 0.19634954084936207, 'total_energy': 6.125099084387257}
2026-06-08T12:37:08+12:00 scalar diagnostics {'step': 955, 'time': 150.35156846165134, 'dt': 0.19634954084936207, 'total_energy': 6.141216010144648}
2026-06-08T12:37:08+12:00 scalar diagnostics {'step': 956, 'time': 150.5479180025007, 'dt': 0.19634954084936207, 'total_energy': 6.156333767874447}
2026-06-08T12:37:08+12:00 scalar diagnostics {'step': 958, 'time': 150.9406170841994, 'dt': 0.19634954084936207, 'total_energy': 6.184237072469972}
2026-06-08T12:37:08+12:00 scalar diagnostics {'step': 959, 'time': 151.13696662504876, 'dt': 0.19634954084936207, 'total_energy': 6.197367492280988}
2026-06-08T12:37:08+12:00 scalar diagnostics {'step': 960, 'time': 151.3333161658981, 'dt': 0.19634954084936207, 'total_energy': 6.210130127217104}
2026-06-08T12:37:08+12:00 scalar diagnostics {'step': 961, 'time': 151.52966570674747, 'dt': 0.19634954084936207, 'total_energy': 6.2226750790189245}
2026-06-08T12:37:08+12:00 scalar diagnostics {'step': 963, 'time': 151.92236478844617, 'dt': 0.19634954084936207, 'total_energy': 6.248056680283917}
2026-06-08T12:37:08+12:00 scalar diagnostics {'step': 964, 'time': 152.11871432929553, 'dt': 0.19634954084936207, 'total_energy': 6.261579837365275}
2026-06-08T12:37:08+12:00 scalar diagnostics {'step': 965, 'time': 152.31506387014488, 'dt': 0.19634954084936207, 'total_energy': 6.276128094270285}
2026-06-08T12:37:08+12:00 scalar diagnostics {'step': 966, 'time': 152.51141341099424, 'dt': 0.19634954084936207, 'total_energy': 6.291934337338165}
2026-06-08T12:37:08+12:00 scalar diagnostics {'step': 968, 'time': 152.90411249269295, 'dt': 0.19634954084936207, 'total_energy': 6.327462163985543}
2026-06-08T12:37:08+12:00 scalar diagnostics {'step': 969, 'time': 153.1004620335423, 'dt': 0.19634954084936207, 'total_energy': 6.346941827652859}
2026-06-08T12:37:08+12:00 scalar diagnostics {'step': 970, 'time': 153.29681157439165, 'dt': 0.19634954084936207, 'total_energy': 6.367324875520014}
2026-06-08T12:37:08+12:00 scalar diagnostics {'step': 972, 'time': 153.68951065609036, 'dt': 0.19634954084936207, 'total_energy': 6.410240846069982}
2026-06-08T12:37:08+12:00 scalar diagnostics {'step': 973, 'time': 153.88586019693972, 'dt': 0.19634954084936207, 'total_energy': 6.432517031527973}
2026-06-08T12:37:08+12:00 scalar diagnostics {'step': 974, 'time': 154.08220973778907, 'dt': 0.19634954084936207, 'total_energy': 6.455156469028601}
2026-06-08T12:37:08+12:00 scalar diagnostics {'step': 975, 'time': 154.27855927863843, 'dt': 0.19634954084936207, 'total_energy': 6.477973682761381}
2026-06-08T12:37:08+12:00 scalar diagnostics {'step': 977, 'time': 154.67125836033713, 'dt': 0.19634954084936207, 'total_energy': 6.523346047384242}
2026-06-08T12:37:08+12:00 scalar diagnostics {'step': 978, 'time': 154.8676079011865, 'dt': 0.19634954084936207, 'total_energy': 6.545637871403964}
2026-06-08T12:37:08+12:00 scalar diagnostics {'step': 979, 'time': 155.06395744203584, 'dt': 0.19634954084936207, 'total_energy': 6.56767318876663}
2026-06-08T12:37:08+12:00 scalar diagnostics {'step': 980, 'time': 155.2603069828852, 'dt': 0.19634954084936207, 'total_energy': 6.589595769452033}
2026-06-08T12:37:08+12:00 scalar diagnostics {'step': 982, 'time': 155.6530060645839, 'dt': 0.19634954084936207, 'total_energy': 6.6339525894432905}
2026-06-08T12:37:08+12:00 scalar diagnostics {'step': 983, 'time': 155.84935560543326, 'dt': 0.19634954084936207, 'total_energy': 6.656444928634992}
2026-06-08T12:37:08+12:00 scalar diagnostics {'step': 984, 'time': 156.04570514628261, 'dt': 0.19634954084936207, 'total_energy': 6.678983796359467}
2026-06-08T12:37:09+12:00 scalar diagnostics {'step': 986, 'time': 156.43840422798132, 'dt': 0.19634954084936207, 'total_energy': 6.722967867504881}
2026-06-08T12:37:09+12:00 scalar diagnostics {'step': 987, 'time': 156.63475376883068, 'dt': 0.19634954084936207, 'total_energy': 6.743792961715976}
2026-06-08T12:37:09+12:00 scalar diagnostics {'step': 988, 'time': 156.83110330968003, 'dt': 0.19634954084936207, 'total_energy': 6.763614976651984}
2026-06-08T12:37:09+12:00 scalar diagnostics {'step': 989, 'time': 157.0274528505294, 'dt': 0.19634954084936207, 'total_energy': 6.782470193750028}
2026-06-08T12:37:09+12:00 scalar diagnostics {'step': 991, 'time': 157.4201519322281, 'dt': 0.19634954084936207, 'total_energy': 6.817975896512366}
2026-06-08T12:37:09+12:00 scalar diagnostics {'step': 992, 'time': 157.61650147307745, 'dt': 0.19634954084936207, 'total_energy': 6.834977004138988}
2026-06-08T12:37:09+12:00 scalar diagnostics {'step': 993, 'time': 157.8128510139268, 'dt': 0.19634954084936207, 'total_energy': 6.851575755933089}
2026-06-08T12:37:09+12:00 scalar diagnostics {'step': 994, 'time': 158.00920055477616, 'dt': 0.19634954084936207, 'total_energy': 6.867733740497816}
2026-06-08T12:37:09+12:00 scalar diagnostics {'step': 996, 'time': 158.40189963647487, 'dt': 0.19634954084936207, 'total_energy': 6.898460807081115}
2026-06-08T12:37:09+12:00 scalar diagnostics {'step': 997, 'time': 158.59824917732422, 'dt': 0.19634954084936207, 'total_energy': 6.9130315090690955}
2026-06-08T12:37:09+12:00 scalar diagnostics {'step': 998, 'time': 158.79459871817357, 'dt': 0.19634954084936207, 'total_energy': 6.927230152442113}
2026-06-08T12:37:09+12:00 progress {'step': 1000, 'time': 159.18729779987228, 'dt': 0.19634954084936207}
2026-06-08T12:37:09+12:00 scalar diagnostics {'step': 1000, 'time': 159.18729779987228, 'dt': 0.19634954084936207, 'total_energy': 6.9554253947819955}
2026-06-08T12:37:09+12:00 scalar diagnostics {'step': 1001, 'time': 159.38364734072164, 'dt': 0.19634954084936207, 'total_energy': 6.969845688415334}
2026-06-08T12:37:09+12:00 scalar diagnostics {'step': 1002, 'time': 159.579996881571, 'dt': 0.19634954084936207, 'total_energy': 6.984824721754159}
2026-06-08T12:37:09+12:00 scalar diagnostics {'step': 1003, 'time': 159.77634642242035, 'dt': 0.19634954084936207, 'total_energy': 7.000502159535516}
2026-06-08T12:37:09+12:00 scalar diagnostics {'step': 1005, 'time': 160.16904550411905, 'dt': 0.19634954084936207, 'total_energy': 7.034176200472529}
2026-06-08T12:37:09+12:00 scalar diagnostics {'step': 1006, 'time': 160.3653950449684, 'dt': 0.19634954084936207, 'total_energy': 7.052180969572072}
2026-06-08T12:37:09+12:00 scalar diagnostics {'step': 1007, 'time': 160.56174458581776, 'dt': 0.19634954084936207, 'total_energy': 7.0709647656744306}
2026-06-08T12:37:09+12:00 scalar diagnostics {'step': 1008, 'time': 160.75809412666712, 'dt': 0.19634954084936207, 'total_energy': 7.090553367206436}
2026-06-08T12:37:09+12:00 scalar diagnostics {'step': 1010, 'time': 161.15079320836583, 'dt': 0.19634954084936207, 'total_energy': 7.132223469588112}
2026-06-08T12:37:09+12:00 scalar diagnostics {'step': 1011, 'time': 161.34714274921518, 'dt': 0.19634954084936207, 'total_energy': 7.15404321665185}
2026-06-08T12:37:09+12:00 scalar diagnostics {'step': 1012, 'time': 161.54349229006453, 'dt': 0.19634954084936207, 'total_energy': 7.176434620152633}
2026-06-08T12:37:09+12:00 scalar diagnostics {'step': 1014, 'time': 161.93619137176324, 'dt': 0.19634954084936207, 'total_energy': 7.222172644268531}
2026-06-08T12:37:09+12:00 scalar diagnostics {'step': 1015, 'time': 162.1325409126126, 'dt': 0.19634954084936207, 'total_energy': 7.24531046792435}
2026-06-08T12:37:09+12:00 scalar diagnostics {'step': 1016, 'time': 162.32889045346195, 'dt': 0.19634954084936207, 'total_energy': 7.268669920930343}
2026-06-08T12:37:09+12:00 scalar diagnostics {'step': 1017, 'time': 162.5252399943113, 'dt': 0.19634954084936207, 'total_energy': 7.292363498460529}
2026-06-08T12:37:09+12:00 scalar diagnostics {'step': 1019, 'time': 162.91793907601001, 'dt': 0.19634954084936207, 'total_energy': 7.340901580307237}
2026-06-08T12:37:09+12:00 scalar diagnostics {'step': 1020, 'time': 163.11428861685937, 'dt': 0.19634954084936207, 'total_energy': 7.365464245793412}
2026-06-08T12:37:09+12:00 scalar diagnostics {'step': 1021, 'time': 163.31063815770872, 'dt': 0.19634954084936207, 'total_energy': 7.389874407915974}
2026-06-08T12:37:09+12:00 scalar diagnostics {'step': 1022, 'time': 163.50698769855808, 'dt': 0.19634954084936207, 'total_energy': 7.41364257378737}
2026-06-08T12:37:09+12:00 scalar diagnostics {'step': 1024, 'time': 163.8996867802568, 'dt': 0.19634954084936207, 'total_energy': 7.457901281753138}
2026-06-08T12:37:09+12:00 scalar diagnostics {'step': 1025, 'time': 164.09603632110614, 'dt': 0.19634954084936207, 'total_energy': 7.478032057455462}
2026-06-08T12:37:09+12:00 scalar diagnostics {'step': 1026, 'time': 164.2923858619555, 'dt': 0.19634954084936207, 'total_energy': 7.4968262495588665}
2026-06-08T12:37:09+12:00 scalar diagnostics {'step': 1028, 'time': 164.6850849436542, 'dt': 0.19634954084936207, 'total_energy': 7.530984403003865}
2026-06-08T12:37:09+12:00 scalar diagnostics {'step': 1029, 'time': 164.88143448450356, 'dt': 0.19634954084936207, 'total_energy': 7.546722179844078}
2026-06-08T12:37:09+12:00 scalar diagnostics {'step': 1030, 'time': 165.0777840253529, 'dt': 0.19634954084936207, 'total_energy': 7.561800424720042}
2026-06-08T12:37:09+12:00 scalar diagnostics {'step': 1031, 'time': 165.27413356620227, 'dt': 0.19634954084936207, 'total_energy': 7.576292273224431}
2026-06-08T12:37:09+12:00 scalar diagnostics {'step': 1033, 'time': 165.66683264790097, 'dt': 0.19634954084936207, 'total_energy': 7.604276658700785}
2026-06-08T12:37:09+12:00 scalar diagnostics {'step': 1034, 'time': 165.86318218875033, 'dt': 0.19634954084936207, 'total_energy': 7.618051409127587}
2026-06-08T12:37:09+12:00 scalar diagnostics {'step': 1035, 'time': 166.05953172959968, 'dt': 0.19634954084936207, 'total_energy': 7.631890848986158}
2026-06-08T12:37:09+12:00 scalar diagnostics {'step': 1036, 'time': 166.25588127044904, 'dt': 0.19634954084936207, 'total_energy': 7.645966925043756}
2026-06-08T12:37:09+12:00 scalar diagnostics {'step': 1038, 'time': 166.64858035214775, 'dt': 0.19634954084936207, 'total_energy': 7.675563490565224}
2026-06-08T12:37:09+12:00 scalar diagnostics {'step': 1039, 'time': 166.8449298929971, 'dt': 0.19634954084936207, 'total_energy': 7.691470261433301}
2026-06-08T12:37:09+12:00 scalar diagnostics {'step': 1040, 'time': 167.04127943384646, 'dt': 0.19634954084936207, 'total_energy': 7.708370161359039}
2026-06-08T12:37:09+12:00 scalar diagnostics {'step': 1042, 'time': 167.43397851554516, 'dt': 0.19634954084936207, 'total_energy': 7.745580125134332}
2026-06-08T12:37:09+12:00 scalar diagnostics {'step': 1043, 'time': 167.63032805639452, 'dt': 0.19634954084936207, 'total_energy': 7.766030730950003}
2026-06-08T12:37:09+12:00 scalar diagnostics {'step': 1044, 'time': 167.82667759724387, 'dt': 0.19634954084936207, 'total_energy': 7.787584877811774}
2026-06-08T12:37:09+12:00 scalar diagnostics {'step': 1045, 'time': 168.02302713809323, 'dt': 0.19634954084936207, 'total_energy': 7.810028963477528}
2026-06-08T12:37:09+12:00 scalar diagnostics {'step': 1047, 'time': 168.41572621979194, 'dt': 0.19634954084936207, 'total_energy': 7.8566135135054616}
2026-06-08T12:37:09+12:00 scalar diagnostics {'step': 1048, 'time': 168.6120757606413, 'dt': 0.19634954084936207, 'total_energy': 7.880395506206591}
2026-06-08T12:37:09+12:00 scalar diagnostics {'step': 1049, 'time': 168.80842530149064, 'dt': 0.19634954084936207, 'total_energy': 7.90441476322396}
2026-06-08T12:37:09+12:00 scalar diagnostics {'step': 1050, 'time': 169.00477484234, 'dt': 0.19634954084936207, 'total_energy': 7.928685778265779}
2026-06-08T12:37:09+12:00 scalar diagnostics {'step': 1052, 'time': 169.3974739240387, 'dt': 0.19634954084936207, 'total_energy': 7.977911336234142}
2026-06-08T12:37:09+12:00 scalar diagnostics {'step': 1053, 'time': 169.59382346488806, 'dt': 0.19634954084936207, 'total_energy': 8.002653538398748}
2026-06-08T12:37:09+12:00 scalar diagnostics {'step': 1054, 'time': 169.79017300573742, 'dt': 0.19634954084936207, 'total_energy': 8.027203387314641}
2026-06-08T12:37:09+12:00 scalar diagnostics {'step': 1056, 'time': 170.18287208743612, 'dt': 0.19634954084936207, 'total_energy': 8.074850991161297}
2026-06-08T12:37:09+12:00 scalar diagnostics {'step': 1057, 'time': 170.37922162828548, 'dt': 0.19634954084936207, 'total_energy': 8.097680770189145}
2026-06-08T12:37:09+12:00 scalar diagnostics {'step': 1058, 'time': 170.57557116913483, 'dt': 0.19634954084936207, 'total_energy': 8.119810274597349}
2026-06-08T12:37:09+12:00 scalar diagnostics {'step': 1059, 'time': 170.7719207099842, 'dt': 0.19634954084936207, 'total_energy': 8.14128002832428}
2026-06-08T12:37:09+12:00 scalar diagnostics {'step': 1061, 'time': 171.1646197916829, 'dt': 0.19634954084936207, 'total_energy': 8.18231228540185}
2026-06-08T12:37:09+12:00 scalar diagnostics {'step': 1062, 'time': 171.36096933253225, 'dt': 0.19634954084936207, 'total_energy': 8.20190830928119}
2026-06-08T12:37:09+12:00 scalar diagnostics {'step': 1063, 'time': 171.5573188733816, 'dt': 0.19634954084936207, 'total_energy': 8.220935081163988}
2026-06-08T12:37:09+12:00 scalar diagnostics {'step': 1064, 'time': 171.75366841423096, 'dt': 0.19634954084936207, 'total_energy': 8.23944420094307}
2026-06-08T12:37:09+12:00 scalar diagnostics {'step': 1066, 'time': 172.14636749592967, 'dt': 0.19634954084936207, 'total_energy': 8.275433953031008}
2026-06-08T12:37:10+12:00 scalar diagnostics {'step': 1067, 'time': 172.34271703677902, 'dt': 0.19634954084936207, 'total_energy': 8.293273174265492}
2026-06-08T12:37:10+12:00 scalar diagnostics {'step': 1068, 'time': 172.53906657762838, 'dt': 0.19634954084936207, 'total_energy': 8.311197453583587}
2026-06-08T12:37:10+12:00 scalar diagnostics {'step': 1070, 'time': 172.93176565932708, 'dt': 0.19634954084936207, 'total_energy': 8.34721785966869}
2026-06-08T12:37:10+12:00 scalar diagnostics {'step': 1071, 'time': 173.12811520017644, 'dt': 0.19634954084936207, 'total_energy': 8.364993655934445}
2026-06-08T12:37:10+12:00 scalar diagnostics {'step': 1072, 'time': 173.3244647410258, 'dt': 0.19634954084936207, 'total_energy': 8.382360341182586}
2026-06-08T12:37:10+12:00 scalar diagnostics {'step': 1073, 'time': 173.52081428187515, 'dt': 0.19634954084936207, 'total_energy': 8.399241184446703}
2026-06-08T12:37:10+12:00 scalar diagnostics {'step': 1075, 'time': 173.91351336357386, 'dt': 0.19634954084936207, 'total_energy': 8.432078030068196}
2026-06-08T12:37:10+12:00 scalar diagnostics {'step': 1076, 'time': 174.1098629044232, 'dt': 0.19634954084936207, 'total_energy': 8.448626955717113}
2026-06-08T12:37:10+12:00 scalar diagnostics {'step': 1077, 'time': 174.30621244527256, 'dt': 0.19634954084936207, 'total_energy': 8.465701159080519}
2026-06-08T12:37:10+12:00 scalar diagnostics {'step': 1078, 'time': 174.50256198612192, 'dt': 0.19634954084936207, 'total_energy': 8.48352544003992}
2026-06-08T12:37:10+12:00 scalar diagnostics {'step': 1080, 'time': 174.89526106782063, 'dt': 0.19634954084936207, 'total_energy': 8.521650690104991}
2026-06-08T12:37:10+12:00 scalar diagnostics {'step': 1081, 'time': 175.09161060866998, 'dt': 0.19634954084936207, 'total_energy': 8.541583740365557}
2026-06-08T12:37:10+12:00 scalar diagnostics {'step': 1082, 'time': 175.28796014951934, 'dt': 0.19634954084936207, 'total_energy': 8.562101996524447}
2026-06-08T12:37:10+12:00 scalar diagnostics {'step': 1084, 'time': 175.68065923121804, 'dt': 0.19634954084936207, 'total_energy': 8.604603806128418}
2026-06-08T12:37:10+12:00 scalar diagnostics {'step': 1085, 'time': 175.8770087720674, 'dt': 0.19634954084936207, 'total_energy': 8.626554432552025}
2026-06-08T12:37:10+12:00 scalar diagnostics {'step': 1086, 'time': 176.07335831291675, 'dt': 0.19634954084936207, 'total_energy': 8.648992619048972}
2026-06-08T12:37:10+12:00 scalar diagnostics {'step': 1087, 'time': 176.2697078537661, 'dt': 0.19634954084936207, 'total_energy': 8.671927169054364}
2026-06-08T12:37:10+12:00 scalar diagnostics {'step': 1089, 'time': 176.66240693546482, 'dt': 0.19634954084936207, 'total_energy': 8.71914052829962}
2026-06-08T12:37:10+12:00 scalar diagnostics {'step': 1090, 'time': 176.85875647631417, 'dt': 0.19634954084936207, 'total_energy': 8.74323341952234}
2026-06-08T12:37:10+12:00 scalar diagnostics {'step': 1091, 'time': 177.05510601716352, 'dt': 0.19634954084936207, 'total_energy': 8.767217897897758}
2026-06-08T12:37:10+12:00 scalar diagnostics {'step': 1092, 'time': 177.25145555801288, 'dt': 0.19634954084936207, 'total_energy': 8.791181439948854}
2026-06-08T12:37:10+12:00 scalar diagnostics {'step': 1094, 'time': 177.6441546397116, 'dt': 0.19634954084936207, 'total_energy': 8.838409017466837}
2026-06-08T12:37:10+12:00 scalar diagnostics {'step': 1095, 'time': 177.84050418056094, 'dt': 0.19634954084936207, 'total_energy': 8.861389551086486}
2026-06-08T12:37:10+12:00 scalar diagnostics {'step': 1096, 'time': 178.0368537214103, 'dt': 0.19634954084936207, 'total_energy': 8.883783116428358}
2026-06-08T12:37:10+12:00 scalar diagnostics {'step': 1098, 'time': 178.429552803109, 'dt': 0.19634954084936207, 'total_energy': 8.926425894650327}
2026-06-08T12:37:10+12:00 scalar diagnostics {'step': 1099, 'time': 178.62590234395836, 'dt': 0.19634954084936207, 'total_energy': 8.94657710571473}
2026-06-08T12:37:10+12:00 progress {'step': 1100, 'time': 178.8222518848077, 'dt': 0.19634954084936207}
2026-06-08T12:37:10+12:00 scalar diagnostics {'step': 1100, 'time': 178.8222518848077, 'dt': 0.19634954084936207, 'total_energy': 8.96598313611635}
2026-06-08T12:37:10+12:00 scalar diagnostics {'step': 1101, 'time': 179.01860142565707, 'dt': 0.19634954084936207, 'total_energy': 8.98472001841048}
2026-06-08T12:37:10+12:00 scalar diagnostics {'step': 1103, 'time': 179.41130050735578, 'dt': 0.19634954084936207, 'total_energy': 9.020972949298223}
2026-06-08T12:37:10+12:00 scalar diagnostics {'step': 1104, 'time': 179.60765004820513, 'dt': 0.19634954084936207, 'total_energy': 9.038820300642397}
2026-06-08T12:37:10+12:00 scalar diagnostics {'step': 1105, 'time': 179.80399958905448, 'dt': 0.19634954084936207, 'total_energy': 9.056631946285293}
2026-06-08T12:37:10+12:00 scalar diagnostics {'step': 1106, 'time': 180.00034912990384, 'dt': 0.19634954084936207, 'total_energy': 9.074453953136215}
2026-06-08T12:37:10+12:00 scalar diagnostics {'step': 1108, 'time': 180.39304821160255, 'dt': 0.19634954084936207, 'total_energy': 9.110201004855519}
2026-06-08T12:37:10+12:00 scalar diagnostics {'step': 1109, 'time': 180.5893977524519, 'dt': 0.19634954084936207, 'total_energy': 9.12820339217719}
2026-06-08T12:37:10+12:00 scalar diagnostics {'step': 1110, 'time': 180.78574729330126, 'dt': 0.19634954084936207, 'total_energy': 9.146406676419986}
2026-06-08T12:37:10+12:00 scalar diagnostics {'step': 1112, 'time': 181.17844637499996, 'dt': 0.19634954084936207, 'total_energy': 9.183862131508207}
2026-06-08T12:37:10+12:00 scalar diagnostics {'step': 1113, 'time': 181.37479591584932, 'dt': 0.19634954084936207, 'total_energy': 9.203373394134873}
2026-06-08T12:37:10+12:00 scalar diagnostics {'step': 1114, 'time': 181.57114545669867, 'dt': 0.19634954084936207, 'total_energy': 9.22350276587327}
2026-06-08T12:37:10+12:00 scalar diagnostics {'step': 1115, 'time': 181.76749499754803, 'dt': 0.19634954084936207, 'total_energy': 9.244264327672687}
2026-06-08T12:37:10+12:00 scalar diagnostics {'step': 1117, 'time': 182.16019407924674, 'dt': 0.19634954084936207, 'total_energy': 9.287535137376866}
2026-06-08T12:37:10+12:00 scalar diagnostics {'step': 1118, 'time': 182.3565436200961, 'dt': 0.19634954084936207, 'total_energy': 9.309891755438247}
2026-06-08T12:37:10+12:00 scalar diagnostics {'step': 1119, 'time': 182.55289316094544, 'dt': 0.19634954084936207, 'total_energy': 9.332586404800166}
2026-06-08T12:37:10+12:00 scalar diagnostics {'step': 1121, 'time': 182.94559224264415, 'dt': 0.19634954084936207, 'total_energy': 9.378384860247365}
2026-06-08T12:37:10+12:00 scalar diagnostics {'step': 1122, 'time': 183.1419417834935, 'dt': 0.19634954084936207, 'total_energy': 9.40118315554981}
2026-06-08T12:37:10+12:00 scalar diagnostics {'step': 1123, 'time': 183.33829132434286, 'dt': 0.19634954084936207, 'total_energy': 9.42373508414856}
2026-06-08T12:37:10+12:00 scalar diagnostics {'step': 1124, 'time': 183.53464086519222, 'dt': 0.19634954084936207, 'total_energy': 9.44592538169342}
2026-06-08T12:37:10+12:00 scalar diagnostics {'step': 1126, 'time': 183.92733994689092, 'dt': 0.19634954084936207, 'total_energy': 9.488961034288502}
2026-06-08T12:37:10+12:00 scalar diagnostics {'step': 1127, 'time': 184.12368948774028, 'dt': 0.19634954084936207, 'total_energy': 9.50975062427643}
2026-06-08T12:37:10+12:00 scalar diagnostics {'step': 1128, 'time': 184.32003902858963, 'dt': 0.19634954084936207, 'total_energy': 9.53002375016593}
2026-06-08T12:37:10+12:00 scalar diagnostics {'step': 1129, 'time': 184.516388569439, 'dt': 0.19634954084936207, 'total_energy': 9.549735572289222}
2026-06-08T12:37:10+12:00 scalar diagnostics {'step': 1131, 'time': 184.9090876511377, 'dt': 0.19634954084936207, 'total_energy': 9.587012835630981}
2026-06-08T12:37:10+12:00 scalar diagnostics {'step': 1132, 'time': 185.10543719198705, 'dt': 0.19634954084936207, 'total_energy': 9.604599526222078}
2026-06-08T12:37:10+12:00 scalar diagnostics {'step': 1133, 'time': 185.3017867328364, 'dt': 0.19634954084936207, 'total_energy': 9.621739705995596}
2026-06-08T12:37:10+12:00 scalar diagnostics {'step': 1135, 'time': 185.6944858145351, 'dt': 0.19634954084936207, 'total_energy': 9.655781872040798}
2026-06-08T12:37:10+12:00 scalar diagnostics {'step': 1136, 'time': 185.89083535538447, 'dt': 0.19634954084936207, 'total_energy': 9.673345368730159}
2026-06-08T12:37:10+12:00 scalar diagnostics {'step': 1137, 'time': 186.08718489623382, 'dt': 0.19634954084936207, 'total_energy': 9.691650404410197}
2026-06-08T12:37:10+12:00 scalar diagnostics {'step': 1138, 'time': 186.28353443708318, 'dt': 0.19634954084936207, 'total_energy': 9.710855279867527}
2026-06-08T12:37:10+12:00 scalar diagnostics {'step': 1140, 'time': 186.67623351878188, 'dt': 0.19634954084936207, 'total_energy': 9.752022524354526}
2026-06-08T12:37:10+12:00 scalar diagnostics {'step': 1141, 'time': 186.87258305963124, 'dt': 0.19634954084936207, 'total_energy': 9.773863915359945}
2026-06-08T12:37:10+12:00 scalar diagnostics {'step': 1142, 'time': 187.0689326004806, 'dt': 0.19634954084936207, 'total_energy': 9.796373555540995}
2026-06-08T12:37:10+12:00 scalar diagnostics {'step': 1143, 'time': 187.26528214132995, 'dt': 0.19634954084936207, 'total_energy': 9.819468656175976}
2026-06-08T12:37:10+12:00 scalar diagnostics {'step': 1145, 'time': 187.65798122302866, 'dt': 0.19634954084936207, 'total_energy': 9.86719234299076}
2026-06-08T12:37:10+12:00 scalar diagnostics {'step': 1146, 'time': 187.854330763878, 'dt': 0.19634954084936207, 'total_energy': 9.89169027394888}
2026-06-08T12:37:10+12:00 scalar diagnostics {'step': 1147, 'time': 188.05068030472736, 'dt': 0.19634954084936207, 'total_energy': 9.916461746882874}
2026-06-08T12:37:10+12:00 scalar diagnostics {'step': 1149, 'time': 188.44337938642607, 'dt': 0.19634954084936207, 'total_energy': 9.966148253440487}
2026-06-08T12:37:11+12:00 scalar diagnostics {'step': 1150, 'time': 188.63972892727543, 'dt': 0.19634954084936207, 'total_energy': 9.990741823615675}
2026-06-08T12:37:11+12:00 scalar diagnostics {'step': 1151, 'time': 188.83607846812478, 'dt': 0.19634954084936207, 'total_energy': 10.015156865841632}
2026-06-08T12:37:11+12:00 scalar diagnostics {'step': 1152, 'time': 189.03242800897414, 'dt': 0.19634954084936207, 'total_energy': 10.03927001225683}
2026-06-08T12:37:11+12:00 scalar diagnostics {'step': 1154, 'time': 189.42512709067285, 'dt': 0.19634954084936207, 'total_energy': 10.086644497640442}
2026-06-08T12:37:11+12:00 scalar diagnostics {'step': 1155, 'time': 189.6214766315222, 'dt': 0.19634954084936207, 'total_energy': 10.109813269508013}
2026-06-08T12:37:11+12:00 scalar diagnostics {'step': 1156, 'time': 189.81782617237155, 'dt': 0.19634954084936207, 'total_energy': 10.132442559255455}
2026-06-08T12:37:11+12:00 scalar diagnostics {'step': 1157, 'time': 190.0141757132209, 'dt': 0.19634954084936207, 'total_energy': 10.154330186638353}
2026-06-08T12:37:11+12:00 scalar diagnostics {'step': 1159, 'time': 190.40687479491962, 'dt': 0.19634954084936207, 'total_energy': 10.195349856537051}
2026-06-08T12:37:11+12:00 scalar diagnostics {'step': 1160, 'time': 190.60322433576897, 'dt': 0.19634954084936207, 'total_energy': 10.214533174915271}
2026-06-08T12:37:11+12:00 scalar diagnostics {'step': 1161, 'time': 190.79957387661833, 'dt': 0.19634954084936207, 'total_energy': 10.233084170627567}
2026-06-08T12:37:11+12:00 scalar diagnostics {'step': 1163, 'time': 191.19227295831703, 'dt': 0.19634954084936207, 'total_energy': 10.269296713885183}
2026-06-08T12:37:11+12:00 scalar diagnostics {'step': 1164, 'time': 191.3886224991664, 'dt': 0.19634954084936207, 'total_energy': 10.287306597583632}
2026-06-08T12:37:11+12:00 scalar diagnostics {'step': 1165, 'time': 191.58497204001574, 'dt': 0.19634954084936207, 'total_energy': 10.305310087024898}
2026-06-08T12:37:11+12:00 scalar diagnostics {'step': 1166, 'time': 191.7813215808651, 'dt': 0.19634954084936207, 'total_energy': 10.323252544138064}
2026-06-08T12:37:11+12:00 scalar diagnostics {'step': 1168, 'time': 192.1740206625638, 'dt': 0.19634954084936207, 'total_energy': 10.358746723088986}
2026-06-08T12:37:11+12:00 scalar diagnostics {'step': 1169, 'time': 192.37037020341316, 'dt': 0.19634954084936207, 'total_energy': 10.376341704755136}
2026-06-08T12:37:11+12:00 scalar diagnostics {'step': 1170, 'time': 192.5667197442625, 'dt': 0.19634954084936207, 'total_energy': 10.393988295180911}
2026-06-08T12:37:11+12:00 scalar diagnostics {'step': 1171, 'time': 192.76306928511187, 'dt': 0.19634954084936207, 'total_energy': 10.411697814665363}
2026-06-08T12:37:11+12:00 scalar diagnostics {'step': 1173, 'time': 193.15576836681058, 'dt': 0.19634954084936207, 'total_energy': 10.448599161610824}
2026-06-08T12:37:11+12:00 scalar diagnostics {'step': 1174, 'time': 193.35211790765993, 'dt': 0.19634954084936207, 'total_energy': 10.468131765067861}
2026-06-08T12:37:11+12:00 scalar diagnostics {'step': 1175, 'time': 193.54846744850929, 'dt': 0.19634954084936207, 'total_energy': 10.48855831772697}
2026-06-08T12:37:11+12:00 scalar diagnostics {'step': 1177, 'time': 193.941166530208, 'dt': 0.19634954084936207, 'total_energy': 10.532362232016833}
2026-06-08T12:37:11+12:00 scalar diagnostics {'step': 1178, 'time': 194.13751607105735, 'dt': 0.19634954084936207, 'total_energy': 10.555755400868817}
2026-06-08T12:37:11+12:00 scalar diagnostics {'step': 1179, 'time': 194.3338656119067, 'dt': 0.19634954084936207, 'total_energy': 10.580073146965615}
2026-06-08T12:37:11+12:00 scalar diagnostics {'step': 1180, 'time': 194.53021515275606, 'dt': 0.19634954084936207, 'total_energy': 10.605211862494006}
2026-06-08T12:37:11+12:00 scalar diagnostics {'step': 1182, 'time': 194.92291423445477, 'dt': 0.19634954084936207, 'total_energy': 10.65771860515166}
2026-06-08T12:37:11+12:00 scalar diagnostics {'step': 1183, 'time': 195.11926377530412, 'dt': 0.19634954084936207, 'total_energy': 10.684653793462612}
2026-06-08T12:37:11+12:00 scalar diagnostics {'step': 1184, 'time': 195.31561331615347, 'dt': 0.19634954084936207, 'total_energy': 10.711870290044262}
2026-06-08T12:37:11+12:00 scalar diagnostics {'step': 1185, 'time': 195.51196285700283, 'dt': 0.19634954084936207, 'total_energy': 10.739255505591977}
2026-06-08T12:37:11+12:00 scalar diagnostics {'step': 1187, 'time': 195.90466193870154, 'dt': 0.19634954084936207, 'total_energy': 10.794115637637276}
2026-06-08T12:37:11+12:00 scalar diagnostics {'step': 1188, 'time': 196.1010114795509, 'dt': 0.19634954084936207, 'total_energy': 10.821363019538348}
2026-06-08T12:37:11+12:00 scalar diagnostics {'step': 1189, 'time': 196.29736102040025, 'dt': 0.19634954084936207, 'total_energy': 10.848302189044059}
2026-06-08T12:37:11+12:00 scalar diagnostics {'step': 1191, 'time': 196.69006010209895, 'dt': 0.19634954084936207, 'total_energy': 10.900564589762277}
2026-06-08T12:37:11+12:00 scalar diagnostics {'step': 1192, 'time': 196.8864096429483, 'dt': 0.19634954084936207, 'total_energy': 10.925548915142883}
2026-06-08T12:37:11+12:00 scalar diagnostics {'step': 1193, 'time': 197.08275918379766, 'dt': 0.19634954084936207, 'total_energy': 10.949588905843925}
2026-06-08T12:37:11+12:00 scalar diagnostics {'step': 1194, 'time': 197.27910872464702, 'dt': 0.19634954084936207, 'total_energy': 10.972601323839127}
2026-06-08T12:37:11+12:00 scalar diagnostics {'step': 1196, 'time': 197.67180780634573, 'dt': 0.19634954084936207, 'total_energy': 11.015442979762488}
2026-06-08T12:37:11+12:00 scalar diagnostics {'step': 1197, 'time': 197.86815734719508, 'dt': 0.19634954084936207, 'total_energy': 11.035320820778981}
2026-06-08T12:37:11+12:00 scalar diagnostics {'step': 1198, 'time': 198.06450688804443, 'dt': 0.19634954084936207, 'total_energy': 11.054254805272702}
2026-06-08T12:37:11+12:00 scalar diagnostics {'step': 1199, 'time': 198.2608564288938, 'dt': 0.19634954084936207, 'total_energy': 11.072338785706227}
2026-06-08T12:37:11+12:00 progress {'step': 1200, 'time': 198.45720596974314, 'dt': 0.19634954084936207}
2026-06-08T12:37:11+12:00 scalar diagnostics {'step': 1201, 'time': 198.6535555105925, 'dt': 0.19634954084936207, 'total_energy': 11.106354876841587}
2026-06-08T12:37:11+12:00 scalar diagnostics {'step': 1202, 'time': 198.84990505144185, 'dt': 0.19634954084936207, 'total_energy': 11.122538598254494}
2026-06-08T12:37:11+12:00 scalar diagnostics {'step': 1203, 'time': 199.0462545922912, 'dt': 0.19634954084936207, 'total_energy': 11.13837033562045}
2026-06-08T12:37:11+12:00 scalar diagnostics {'step': 1205, 'time': 199.43895367398991, 'dt': 0.19634954084936207, 'total_energy': 11.16957058139699}
2026-06-08T12:37:11+12:00 scalar diagnostics {'step': 1206, 'time': 199.63530321483927, 'dt': 0.19634954084936207, 'total_energy': 11.185268281474384}
2026-06-08T12:37:11+12:00 scalar diagnostics {'step': 1207, 'time': 199.83165275568862, 'dt': 0.19634954084936207, 'total_energy': 11.20127732499653}
2026-06-08T12:37:11+12:00 progress {'step': 1208, 'time': 200.0, 'dt': 0.16834724431137715}
2026-06-08T12:37:11+12:00 scalar diagnostics {'step': 1208, 'time': 200.0, 'dt': 0.16834724431137715, 'total_energy': 11.2154126067792}
2026-06-08T12:37:11+12:00 run complete {'backend': 'numpy', 'equation_set': 'inhomogeneous_rmhd_s', 'equation_mode': 'nonlinear', 'grid': [16, 16, 16], 'steps': 1208, 't_final': 200.0, 'dt_last': 0.16834724431137715, 'total_energy_initial': 0.7500000000000001, 'total_energy_final': 11.2154126067792, 'psi_hat_max_abs': 243.37030900407038, 'output_dir': 'C:\\Users\\naoki\\Downloads\\rmhd-gpu-new\\examples\\outputs_nokia_rmhd_s_13', 'scalar_diagnostics_csv': 'C:\\Users\\naoki\\Downloads\\rmhd-gpu-new\\examples\\outputs_nokia_rmhd_s_13\\scalar_diagnostics.csv'}
