step,time,dt,psi_mean,psi_rms,psi_max_abs,omega_mean,omega_rms,omega_max_abs,du_par_mean,du_par_rms,du_par_max_abs,db_par_mean,db_par_rms,db_par_max_abs,s_mean,s_rms,s_max_abs,alfvenic_energy,du_par_energy,db_par_energy,total_energy_proxy,total_energy,total_energy_rhs_dissipation,total_energy_rhs_forcing,total_energy_rhs_stratification,total_energy_rhs_total,auto_dissipation_enabled,auto_dissipation_nu_perp,auto_dissipation_nu_par,auto_dissipation_kd,auto_dissipation_ud,auto_dissipation_Ed
0,0.0,0.0,1.734723475976807e-18,0.4342173625223503,1.4616505902339754,-6.938893903907228e-18,0.4342173625223504,1.578884777563656,-3.469446951953614e-18,0.4342173625223503,1.5171696917044408,3.469446951953614e-18,0.4342173625223503,1.34588600943537,-3.469446951953614e-18,0.4342173625223503,1.6791033171458931,0.416275849288917,0.0942723589579331,0.09427235895793307,0.6048205672047832,0.7500000000000001,0.0,0.0,0.0,0.0,1.0,2e-12,0.0,4.242640687119285,0.5766225342029709,0.16624677347532818
3,0.2770609141375063,0.09340497847746888,1.734723475976807e-18,0.42249165440805575,1.322848935446653,1.734723475976807e-18,0.7573875835459785,2.6929036492248244,5.204170427930421e-18,0.4637956964775257,1.6868042454329988,-3.469446951953614e-18,0.43769634238853644,1.3652531301422548,5.204170427930421e-18,0.4392961056965277,1.5629552847275368,0.4192185388363284,0.10755322403553655,0.09578904407015143,0.6225608069420164,0.7704547395018042,-6.270702937757809e-10,0.0,0.07458235612448048,0.07458235549741019,1.0,2e-12,0.0,4.242640687119285,0.5766225342029709,0.16624677347532818
6,0.5996663721407569,0.11559751515165138,0.0,0.38698699658391356,1.2895236578699887,6.938893903907228e-18,1.2057594615950744,4.5751292866755335,-8.673617379884035e-19,0.5552877286461003,2.1342374710576792,-3.469446951953614e-18,0.43168811208878255,1.4164586692221293,1.734723475976807e-18,0.5824928470778957,2.1700115099614674,0.4137865416091729,0.15417223079247253,0.09317731305938862,0.661136085461034,0.8459238360825891,-1.5828189102207842e-09,0.0,0.2348774688225754,0.2348774672397565,1.0,2e-12,0.0,4.242640687119285,0.5766225342029709,0.16624677347532818
8,0.8207143253808555,0.10662891496079581,0.0,0.3725865482618855,1.2293729917747571,-3.469446951953614e-18,1.3641727101732233,5.242542282744964,-1.734723475976807e-18,0.612094001936072,2.5037393532417376,0.0,0.43232788094435587,1.4589745581874345,1.734723475976807e-18,0.7597704817886256,2.9799862428514006,0.3983218251032806,0.18732953360305804,0.09345369832091854,0.6791050570272572,0.9284165752974523,-4.094396700339415e-09,0.0,0.3732704581994967,0.3732704541051,1.0,2e-12,0.0,4.242640687119285,0.5766225342029709,0.16624677347532818
10,1.028618137437185,0.1034527331046529,1.734723475976807e-18,0.3667351812757739,1.2427585035939859,6.938893903907228e-18,1.4413653177301111,5.729001346268209,-3.469446951953614e-18,0.65441297808722,2.8023383492424925,0.0,0.4397930085796685,1.5052849672021396,-5.204170427930421e-18,0.9276611025211401,3.7011361109620116,0.37868681939583443,0.2141281729444921,0.09670894519777817,0.6895239375381047,1.0185827654411819,-7.560327199395853e-09,0.0,0.43344920917630725,0.43344920161598005,1.0,4e-12,0.0,4.242640687119285,0.8234413163550078,0.3390278007402341
13,1.3404043896512319,0.10642933842836409,-1.734723475976807e-18,0.35559422029262744,1.3235996760276885,-2.42861286636753e-17,1.5225417584638932,5.750299176525602,0.0,0.7048752043048284,2.622197008181487,6.938893903907228e-18,0.4606117771489047,1.6853897305387502,-3.469446951953614e-18,1.1168889534343895,4.200653495420751,0.353879562141322,0.2484245268218868,0.1060816046241361,0.7083856935873448,1.1512763504734975,-2.5348290146647198e-08,0.0,0.4259972799278554,0.4259972545795653,1.0,4e-12,0.0,4.242640687119285,0.8234413163550078,0.3390278007402341
15,1.5664461619590158,0.11380708665962164,4.336808689942018e-18,0.34364817979756723,1.3390817118000957,-1.0408340855860843e-17,1.586365562140488,7.872266408096632,4.336808689942018e-18,0.7368893135056394,2.608963185763082,6.938893903907228e-18,0.47911849045570837,1.7726679626814492,3.469446951953614e-18,1.1977664336079918,4.384020643556096,0.3456280486172636,0.2715029301794062,0.11477726394827834,0.7319082427449481,1.2340395026522883,-3.579478107693579e-08,0.0,0.3679025967452112,0.3679025609504301,1.0,4e-12,0.0,4.242640687119285,0.8234413163550078,0.3390278007402341
17,1.7847118126528696,0.1084937131334215,4.336808689942018e-18,0.3359617558345281,1.3052915639181388,-3.469446951953614e-18,1.6438959468111491,9.750128465855886,1.5612511283791264e-17,0.7643372005203789,2.613312549319632,-3.469446951953614e-18,0.4984248721544422,1.8144474895990519,-5.204170427930421e-18,1.2424906561250693,4.671328117368924,0.3450505987911818,0.2921056780496649,0.12421367659108601,0.7613699534319327,1.302405048273707,-4.394517604082553e-08,0.0,0.31537753493122545,0.3153774909860494,1.0,4e-12,0.0,4.242640687119285,0.8234413163550078,0.3390278007402341
19,2.006962035729337,0.11279162388942826,-3.469446951953614e-18,0.3367351058162734,1.276541405046088,-1.3877787807814457e-17,1.6817157515234398,9.972792404717982,-2.6020852139652106e-18,0.7888401981919688,3.073387525411612,3.469446951953614e-18,0.5188076330496767,1.79634664824099,3.469446951953614e-18,1.2669570740135352,4.932507755916225,0.3494130558822395,0.3111344291417723,0.134580680055304,0.7951281650793158,1.363107506530713,-5.236679110974355e-08,0.0,0.27552951247214896,0.27552946010535784,1.0,4e-12,0.0,4.242640687119285,0.8234413163550078,0.3390278007402341
22,2.3128777711459474,0.09972584051027561,8.673617379884035e-19,0.34603260261910607,1.2743099070669106,6.938893903907228e-18,1.7439976510478992,7.572291149814616,-4.336808689942018e-18,0.8206740564829823,3.6083213738970694,-3.469446951953614e-18,0.546438911651993,2.156087104001225,6.938893903907228e-18,1.2747742171940013,4.960969255108798,0.3618833912145557,0.3367529534921166,0.14929774208370725,0.8479340867903796,1.4359951411761829,-1.0712888453060356e-07,0.0,0.2401806627860047,0.24018055565712015,1.0,8e-12,0.0,4.242640687119285,1.1569879166764172,0.6693105196676181
24,2.5290830722474684,0.11303003048040317,-2.6020852139652106e-18,0.34995291364300013,1.2989679390286908,0.0,1.8226214255534925,7.378406151969804,-1.734723475976807e-18,0.8428829351818367,3.5437265510001357,3.469446951953614e-18,0.5665684423250259,2.2802830656056634,-3.469446951953614e-18,1.2620566108921774,4.809079318155034,0.3756863687052984,0.3552258212103741,0.16049989991930308,0.8914120898349756,1.4819644498103737,-1.5079930990308422e-07,0.0,0.21537628076992818,0.21537612997061828,1.0,8e-12,0.0,4.242640687119285,1.1569879166764172,0.6693105196676181
27,2.8427541145821498,0.0935723709435347,6.938893903907228e-18,0.347824664783811,1.1537091085455198,0.0,1.9636782582584984,8.987649365870404,-6.071532165918825e-18,0.8744637070845847,3.750697392667653,2.6020852139652106e-18,0.5981327782105903,2.6282627675494,-1.0408340855860843e-17,1.2271474269791243,4.678233734610798,0.4007901306986972,0.3823433875040571,0.1788814101849596,0.962014928387714,1.5474868566088742,-1.7109695904439477e-07,0.0,0.21206621551226795,0.2120660444153089,1.0,8e-12,0.0,4.242640687119285,1.1569879166764172,0.6693105196676181
29,3.023741870660441,0.0911757455552682,6.938893903907228e-18,0.3449355278784286,1.105496604891051,6.938893903907228e-18,2.0453801445491657,7.995425262153458,6.938893903907228e-18,0.8938132161915537,3.9742781026680536,-3.903127820947816e-18,0.6161831512206466,2.8472118576081304,-5.204170427930421e-18,1.2091376783327745,4.585386999025167,0.4152463416171468,0.39945103271934457,0.1898408379241031,1.0045382122605946,1.5891228099789698,-1.880876817454662e-07,0.0,0.23246049912060782,0.23246031103292608,1.0,8e-12,0.0,4.242640687119285,1.1569879166764172,0.6693105196676181
32,3.312204325728832,0.09762841055960018,1.734723475976807e-18,0.34221194764552376,1.049052867820023,3.469446951953614e-18,2.160211099934528,7.601461133945736,-3.469446951953614e-18,0.92598900258206,3.8374058581201766,7.806255641895632e-18,0.6436844266508891,2.6933571965128817,1.734723475976807e-18,1.1993821149548745,4.447485207127887,0.4344881536732469,0.428727816451459,0.20716482055644192,1.0703807906811478,1.6659453248094689,-3.4863299190507023e-07,0.0,0.2693990517572924,0.2693987031243005,1.0,1.6e-11,0.0,4.242640687119285,1.3531844443635368,0.9155540702337268
35,3.582857029565525,0.08636950584034173,1.734723475976807e-18,0.3432406654181315,1.0964058865341393,-1.3877787807814457e-17,2.2708021607134694,8.724785727197771,-6.938893903907228e-18,0.9546866224425437,3.8853658081385447,-6.938893903907228e-18,0.6696409535082055,2.4091472242320897,6.938893903907228e-18,1.2167697299320637,4.3946957629852434,0.44703113997737975,0.45571327353537594,0.2242095033076893,1.126953916820445,1.75090613556145,-4.667954109290848e-07,0.0,0.31646119043457216,0.3164607236391612,1.0,1.6e-11,0.0,4.242640687119285,1.3531844443635368,0.9155540702337268
38,3.825948408553543,0.07914132877582186,8.673617379884035e-18,0.3452985378378527,1.072449627908171,5.204170427930421e-18,2.3508018305949276,9.72604114978513,-3.469446951953614e-18,0.9810980047542225,3.762985356748813,0.0,0.6916659144204342,2.655208762156685,6.938893903907228e-18,1.2497907105600397,4.346864601261045,0.45422136046845984,0.4812766474663582,0.23920086858552764,1.1746988765203457,1.8356334865604587,-5.086356469799072e-07,0.0,0.35061844197208425,0.35061793333643726,1.0,1.6e-11,0.0,4.242640687119285,1.3531844443635368,0.9155540702337268
41,4.063834871728515,0.08047588058309121,3.469446951953614e-18,0.34680960596263893,1.1599870402554466,-8.673617379884035e-18,2.3893393019208964,9.375976429363327,-3.469446951953614e-18,1.008767250203926,4.037486561129871,3.469446951953614e-18,0.7118797179612087,3.261849143088698,-2.2551405187698492e-17,1.2933144012096705,4.97512300493473,0.45867848064450845,0.5088056825419952,0.25338636642226503,1.2208705296087687,1.9258756739326421,-7.226571416922682e-07,0.0,0.38139222741533235,0.38139150475819067,1.0,3.2e-11,0.0,4.242640687119285,1.5399659387406228,1.1857475462406437
44,4.3283242067321455,0.0935546146926402,3.469446951953614e-18,0.34903016527908953,1.2267344751545468,-3.469446951953614e-18,2.4168706872440517,9.572128224353442,0.0,1.0359831419449994,3.7008378569025244,-3.469446951953614e-18,0.7374500179600253,3.1594360176667684,5.204170427930421e-18,1.3506997230116542,5.383753318242544,0.46179651059771354,0.5366305351971163,0.2719162644946208,1.2703433102894506,2.0348448050548864,-1.1307527513666239e-06,0.0,0.41496334299441684,0.41496221224166546,1.0,3.2e-11,0.0,4.242640687119285,1.5399659387406228,1.1857475462406437
46,4.521050494608059,0.09719209188566412,0.0,0.35147492087945054,1.1943144916855097,-6.938893903907228e-18,2.4358940432326963,9.129561562183802,6.938893903907228e-18,1.0548917916225768,3.5454289052813497,0.0,0.7575253716259811,3.027708146857425,1.734723475976807e-18,1.3960008739247107,5.289576563350952,0.4638351052341587,0.556398346016345,0.28692234432854025,1.307155795579044,2.120259118707194,-1.1895387792558012e-06,0.0,0.447222707058499,0.4472215175197197,1.0,3.2e-11,0.0,4.242640687119285,1.5399659387406228,1.1857475462406437
49,4.805334998033867,0.09129405233172458,1.734723475976807e-18,0.3555927200580084,1.3195071627609287,-1.3877787807814457e-17,2.4725534236117066,9.49204993252796,-6.938893903907228e-18,1.083033425904708,3.707159637556379,-1.734723475976807e-17,0.7881089714000056,3.136259533165652,-5.204170427930421e-18,1.464609999615264,5.04560770718969,0.4676066208101327,0.5864807008134444,0.3105578754005874,1.3646451970241644,2.2543753341874684,-1.2770167159171973e-06,0.0,0.4753319649496355,0.47533068793291955,1.0,3.2e-11,0.0,4.242640687119285,1.5399659387406228,1.1857475462406437
52,5.0534436821271544,0.07906690738788107,-3.469446951953614e-18,0.3584228932465682,1.3268820476252015,-6.938893903907228e-18,2.541627077553056,9.36128905388028,1.734723475976807e-17,1.1042991657658567,3.736284010526186,-6.938893903907228e-18,0.8160294288819903,3.352544378249713,-1.734723475976807e-17,1.5183251322548452,5.466276519116808,0.47232674621534587,0.6097383237555833,0.3329520144007335,1.4150170843716627,2.3704031247263035,-2.347553235157001e-06,0.0,0.47036047631566585,0.4703581287624307,1.0,6.4e-11,0.0,4.242640687119285,1.7310770130459625,1.4983138125480657
55,5.285163502788387,0.07736866480149183,0.0,0.36077677929836915,1.2896451678472731,-3.469446951953614e-17,2.5879774983823323,9.158419004138807,3.469446951953614e-18,1.123031502255646,3.6880739816450383,0.0,0.8410561108085244,3.1584722759020023,0.0,1.5605413429773076,5.557293191014465,0.4783126242236442,0.6305998775292866,0.3536876907641804,1.4626001925171113,2.4738159897294745,-3.102149258999136e-06,0.0,0.4488977229433475,0.4488946207940885,1.0,6.4e-11,0.0,4.242640687119285,1.7310770130459625,1.4983138125480657
58,5.5277061520373945,0.08279775789742537,5.204170427930421e-18,0.3622013814491492,1.1883965313705027,-2.7755575615628914e-17,2.63101577716331,9.803557380274334,-3.469446951953614e-18,1.150311978428491,3.500228417755233,0.0,0.8591970779937644,2.8552153569283854,-1.214306433183765e-17,1.6013094774871153,6.067867860157075,0.48435094246790733,0.6616088238580344,0.3691098094165115,1.5150695757424533,2.57651123668528,-3.351247400233661e-06,0.0,0.4266969986634208,0.42669364741602056,1.0,6.4e-11,0.0,4.242640687119285,1.7310770130459625,1.4983138125480657
61,5.801928542639312,0.09774536529359559,1.734723475976807e-18,0.357732552358479,1.074867900501194,-6.938893903907228e-18,2.6908939201478046,9.755230042727403,6.938893903907228e-18,1.1892279190609714,4.1215832128821654,6.938893903907228e-18,0.8695397096145336,2.695739560828054,-1.214306433183765e-17,1.645415756957245,6.824792500080136,0.48865797881904105,0.7071315217370442,0.3780496532982637,1.5738391538543488,2.682884920728272,-4.790540851886223e-06,0.0,0.39326064006787986,0.39325584952702797,1.0,1.28e-10,0.0,4.242640687119285,1.9039946143428523,1.8125977457232936
63,6.000139321076584,0.0996393037186862,6.938893903907228e-18,0.34816644318458345,0.9973329298152109,6.938893903907228e-18,2.765961883763082,9.686027818724222,1.3877787807814457e-17,1.2098531705133597,4.074423577643829,1.3877787807814457e-17,0.8804662421450813,3.005185021605086,-1.734723475976807e-17,1.6721694166098067,6.581158827450626,0.49198980423855254,0.7318723471006143,0.38761040177854034,1.6114725531177072,2.754043605514446,-7.237268296027372e-06,0.0,0.36578716077692347,0.3657799235086274,1.0,1.28e-10,0.0,4.242640687119285,1.9039946143428523,1.8125977457232936
66,6.275707074580728,0.08585653549007319,0.0,0.32921097292317186,1.0271858623907337,1.3877787807814457e-17,2.8971881879280015,10.797250686905626,-3.469446951953614e-18,1.2299533857972504,3.9161208985241083,2.0816681711721685e-17,0.9016512785937418,3.08867780904566,6.938893903907228e-18,1.6998782083217936,6.27495054819193,0.5005056014699326,0.7563926656170599,0.40648751409486467,1.6633857811818573,2.8500614945210954,-7.504587215506424e-06,0.0,0.3546626347201789,0.3546551301329634,1.0,1.28e-10,0.0,4.242640687119285,1.9039946143428523,1.8125977457232936
69,6.535353370081928,0.09103505597956452,3.469446951953614e-18,0.3180484572515121,1.0824196662494203,-1.3877787807814457e-17,2.963712781307228,10.740909615897877,-1.214306433183765e-17,1.2580636095524929,4.576685613088761,-1.3877787807814457e-17,0.9171839613824143,3.761032282096311,-2.7755575615628914e-17,1.723108368623439,6.739166983476491,0.5129347881403217,0.7913620228401234,0.42061320950856895,1.724910020489014,2.9471808915030175,-7.920207709527716e-06,0.0,0.37937005873057295,0.37936213852286343,1.0,1.28e-10,0.0,4.242640687119285,1.9039946143428523,1.8125977457232936
72,6.815142001852239,0.0918428558283623,8.673617379884035e-18,0.3203742226210215,1.2052103533720073,3.469446951953614e-18,2.953729299820267,10.462535944746417,1.5612511283791264e-17,1.2911918279017682,5.0004797729267185,1.3877787807814457e-17,0.9335080213094887,3.775927249690713,-2.0816681711721685e-17,1.749129308085372,6.793747681202287,0.5285908921664295,0.8335881682201547,0.43571861292457836,1.7978976733111627,3.059668687064608,-1.4005182164134889e-05,0.0,0.40892535764005894,0.4089113524578948,1.0,2.56e-10,0.0,4.242640687119285,2.089567355270582,2.1831458661062477
74,7.011259934279504,0.10152694280928705,3.469446951953614e-18,0.32614106958514805,1.2663270150824801,-2.0816681711721685e-17,2.985543094996615,10.484025898584237,-8.673617379884035e-18,1.3212879272917137,5.480555966918422,0.0,0.9401871678233473,3.7203855108205537,-4.163336342344337e-17,1.7692223115933092,7.01664296775239,0.539410232548942,0.8729008934034166,0.44197595526984357,1.854287081222202,3.1414028852087306,-1.741558083654569e-05,0.0,0.42535178370627946,0.4253343681254429,1.0,2.56e-10,0.0,4.242640687119285,2.089567355270582,2.1831458661062477
77,7.289550058692649,0.08995069632656714,-6.071532165918825e-18,0.3316437243885411,1.235967575573937,-2.0816681711721685e-17,3.065235154703955,10.814577557009878,0.0,1.3563544428945342,5.490828272601696,0.0,0.9546044925520667,3.8559695858950263,-1.3877787807814457e-17,1.8106431012970863,6.935089240606354,0.551438487857127,0.919848687379871,0.45563486860029434,1.9269220438372923,3.2677325913117636,-1.7571796316121657e-05,0.0,0.4621305413212207,0.4621129695249046,1.0,2.56e-10,0.0,4.242640687119285,2.089567355270582,2.1831458661062477
80,7.577685387682229,0.09953919388072408,0.0,0.33334581666826446,1.1647861707748515,-2.7755575615628914e-17,3.1141818226720415,12.121160173148816,0.0,1.3847602067277858,5.056476401383939,1.3877787807814457e-17,0.9739657079491089,3.736308114834217,-3.122502256758253e-17,1.86919049162054,6.829366203093503,0.5594431152661208,0.9587804150683898,0.4743046001304044,1.992528130464915,3.410178465965771,-1.7958956508134037e-05,0.0,0.5031943686291653,0.5031764096726572,1.0,5.12e-10,0.0,4.242640687119285,2.2622774381015445,2.558949603471644
82,7.761694984640749,0.0912879187169582,-3.469446951953614e-18,0.33274074751233906,1.230929632951177,-6.938893903907228e-17,3.1547487650388883,11.857145651706801,-1.3877787807814457e-17,1.4085568203350074,5.824318595163154,0.0,0.9798259140282612,3.7421927077922597,-2.42861286636753e-17,1.9042768291824457,6.52342676008519,0.5637505024826996,0.9920161580561329,0.4800294109006587,2.035796071439491,3.49491844772366,-3.745436679960695e-05,0.0,0.4697838074355023,0.4697463530687027,1.0,5.12e-10,0.0,4.242640687119285,2.2622774381015445,2.558949603471644
85,8.042778666313994,0.09279845729534408,0.0,0.33303479150405213,1.1948931643611425,-4.85722573273506e-17,3.1949161395903602,11.357793367096491,1.3877787807814457e-17,1.4459930609316318,5.421041758067408,0.0,0.9860832301402166,3.6536212296646484,-2.0816681711721685e-17,1.9416026099971573,6.563288962928029,0.5754603407662403,1.0454479661312146,0.4861800683818816,2.1070883752793366,3.6111200313511165,-3.983589166341135e-05,0.0,0.4245950893381668,0.4245552534465034,1.0,5.12e-10,0.0,4.242640687119285,2.2622774381015445,2.558949603471644
88,8.330773233053886,0.09304228428689937,0.0,0.3356230290945136,1.263687672697379,-1.3877787807814457e-17,3.2885983376815435,11.776872006671177,6.938893903907228e-18,1.4635231409788185,5.139205752653674,-1.3877787807814457e-17,1.0118500904535934,3.456435115710153,0.0,1.9611992117700785,6.6321703381409405,0.5990152824525472,1.070949992090253,0.5119203027754725,2.1818855773182726,3.73230751412059,-4.307846212034739e-05,0.0,0.43300854502004915,0.4329654665579288,1.0,5.12e-10,0.0,4.242640687119285,2.2622774381015445,2.558949603471644
90,8.506645501609812,0.08713967846918697,3.469446951953614e-18,0.336610132020477,1.2566110522340541,-5.551115123125783e-17,3.3608681739706237,11.723487212890701,1.3877787807814457e-17,1.477695897398796,5.418694601508781,2.7755575615628914e-17,1.0273048917061522,4.109377350389229,-1.3877787807814457e-17,1.9699820383573032,7.01251892961432,0.6172841980298185,1.0917925825946164,0.5276776702616945,2.2367544508861297,3.81225601363943,-4.574871481665712e-05,0.0,0.46520461194820445,0.4651588632333878,1.0,1.024e-09,0.0,4.242640687119285,2.3942575017405336,2.866234492320411
93,8.770023541359484,0.09007300918031849,1.734723475976807e-18,0.33714043425661744,1.2098762102279146,-5.551115123125783e-17,3.4883873124383973,15.277685148344013,1.3877787807814457e-17,1.517358862210753,5.296430963279615,0.0,1.037831744502236,4.349500984662521,-3.469446951953614e-18,1.9903728379516719,7.278490380668299,0.6444514365974581,1.1511889583647552,0.5385473649482772,2.3341877599104905,3.942362814053831,-9.597055491570599e-05,0.0,0.5066753232506044,0.5065793526956887,1.0,1.024e-09,0.0,4.242640687119285,2.3942575017405336,2.866234492320411
96,9.04079902909572,0.09323251952576483,-8.673617379884035e-18,0.3332739087036428,1.1353204904274958,-6.245004513516506e-17,3.6420245043490262,12.702153135332479,2.7755575615628914e-17,1.5610806865235058,5.423897864482503,2.0816681711721685e-17,1.0476440148858812,4.2314230321515875,6.938893903907228e-18,2.0278509285288067,8.476153265493236,0.6710953298011151,1.21848645491835,0.5487789909631042,2.438360775682569,4.097428201496162,-9.962215143080954e-05,0.0,0.5880669703844232,0.5879673482329925,1.0,1.024e-09,0.0,4.242640687119285,2.3942575017405336,2.866234492320411
99,9.315190407888858,0.08805164824838609,6.938893903907228e-18,0.33050719241959087,1.1569729654552674,-8.326672684688674e-17,3.8282596021070874,14.125514395838909,6.938893903907228e-18,1.5789227202581064,5.240837753659882,0.0,1.0799052142447854,4.15699667930212,-1.3877787807814457e-17,2.0840286364774547,8.441277728539578,0.6990856929216215,1.246498478273629,0.5830976358765377,2.5286818070717882,4.284436789516008,-0.000102136090382924,0.0,0.6964891349396152,0.6963869988492323,1.0,1.024e-09,0.0,4.242640687119285,2.3942575017405336,2.866234492320411
102,9.5391984213837,0.0701478317310907,1.734723475976807e-18,0.333037112628418,1.1573523762093747,-5.551115123125783e-17,3.963844158206444,17.388567191374463,-6.938893903907228e-18,1.5887546750260868,5.271566755890188,0.0,1.1107016120532356,4.689656550066503,-3.469446951953614e-18,2.137382925103143,7.3383705022966375,0.724152240418452,1.2620707087086231,0.6168290355088281,2.6030519846359033,4.4533505776457964,-0.0001721277518920528,0.0,0.7632398556596104,0.7630677279077184,1.0,2.048e-09,0.0,4.242640687119285,2.593871554906278,3.364084821675956
106,9.806778913815705,0.06735086673114103,1.734723475976807e-18,0.33991776229347687,1.1154826005370035,-3.469446951953614e-17,4.100470658302328,16.692505278886323,2.0816681711721685e-17,1.608081406387061,5.5306698927272695,1.3877787807814457e-17,1.1397602465656977,4.4164995646148295,-1.0408340855860843e-17,2.201048248914866,7.6017952561228075,0.7555882947145676,1.2929629047838938,0.6495267098257498,2.698077909324211,4.655650235543785,-0.00021897189272934394,0.0,0.7640507838503834,0.763831811957654,1.0,2.048e-09,0.0,4.242640687119285,2.593871554906278,3.364084821675956
109,10.020381773757796,0.07082664741961346,0.0,0.34835697832590484,1.0748045004314628,-5.898059818321144e-17,4.150686377985505,18.54084211843314,-1.3877787807814457e-17,1.6184466874937404,6.044457751939589,0.0,1.1649791946323163,4.863237235071174,-5.204170427930421e-18,2.25400685562929,7.9891814146013305,0.779018805783213,1.3096848401297303,0.6785882619630801,2.7672919078760234,4.8176278342495396,-0.00023382700991300852,0.0,0.7690998974754288,0.7688660704655158,1.0,2.048e-09,0.0,4.242640687119285,2.593871554906278,3.364084821675956
113,10.290830089128963,0.06763399909640096,0.0,0.364716892711407,1.1604569202613708,-4.85722573273506e-17,4.177662800405417,20.574971469223243,6.938893903907228e-18,1.6353719901230754,7.559662421437334,0.0,1.1944809081218584,4.355579271972456,-3.469446951953614e-18,2.3335010518066603,7.784253273248815,0.8035820532377769,1.337220773039554,0.7133923199338097,2.854195146211141,5.0377987990163025,-0.0004385803646495478,0.0,0.8240674994222015,0.823628919057552,1.0,4.096e-09,0.0,4.242640687119285,2.75061245379872,3.7829344354963084
116,10.508257937783538,0.07739425786418681,6.938893903907228e-18,0.3797624968259621,1.241473375941585,-6.245004513516506e-17,4.150660605824139,16.804086452168868,3.469446951953614e-17,1.6534320362900834,7.841933536447022,1.3877787807814457e-17,1.2150407121338958,4.788988226281424,1.734723475976807e-17,2.399109092927349,8.135303150365981,0.8234636686799857,1.3669187493151858,0.7381619660714223,2.9285443840665937,5.220751948875021,-0.0005256004819588207,0.0,0.8548143259165936,0.8542887254346347,1.0,4.096e-09,0.0,4.242640687119285,2.75061245379872,3.7829344354963084
120,10.770445923718809,0.0642154411628156,5.204170427930421e-18,0.3895513717584595,1.3619657149000877,-5.898059818321144e-17,4.253281149946274,15.131858061868655,1.3877787807814457e-17,1.6659444744675496,7.200991465418841,2.7755575615628914e-17,1.247774363999752,4.699445101310637,-6.071532165918825e-17,2.4653771726670435,8.962139117531933,0.8593874424162414,1.38768549600448,0.7784704317274928,3.025543370148214,5.445096644822797,-0.0005479271399709164,0.0,0.865685236006499,0.8651373088665282,1.0,8.192e-09,0.0,4.242640687119285,2.9222136214844316,4.2696662247945785
124,11.064159771679712,0.07684305690053059,8.673617379884035e-18,0.38978958752624326,1.2507012320525757,-6.938893903907228e-17,4.247933040892094,16.258541709300793,6.938893903907228e-18,1.700725661600475,6.264298669740041,2.7755575615628914e-17,1.2617968875953935,4.811141291040396,3.469446951953614e-18,2.538505841391099,9.023638517828287,0.8953657965243824,1.4462338880131864,0.7960656927727112,3.13766537731028,5.673614284912707,-0.001150505548465698,0.0,0.7959582952649361,0.7948077897164704,1.0,8.192e-09,0.0,4.242640687119285,2.9222136214844316,4.2696662247945785
127,11.284374828111813,0.07141498758995367,0.0,0.3844502594507098,1.2916778575957908,-4.163336342344337e-17,4.313455573401764,17.127968630345187,2.7755575615628914e-17,1.74625857332991,5.991353276862015,1.3877787807814457e-17,1.2520838682007533,4.734825105851872,-2.0816681711721685e-17,2.5938492970479317,9.101978070757337,0.9165659166296461,1.5247095024641064,0.7838570065042809,3.2251324255980336,5.825564059567246,-0.0011657113002076327,0.0,0.7107771357027841,0.7096114244025765,1.0,8.192e-09,0.0,4.242640687119285,2.9222136214844316,4.2696662247945785
131,11.569330869240632,0.07056262324016191,5.204170427930421e-18,0.3744821816088729,1.3664295257200256,-9.71445146547012e-17,4.492453466868827,18.91658062058167,-5.204170427930421e-18,1.76851736020216,6.648216720926955,1.3877787807814457e-17,1.265695463558994,5.199449275100391,-1.3877787807814457e-17,2.6592456928977497,9.752134813548565,0.949925261987576,1.5638268266682078,0.8009925032369083,3.3147445918926923,6.0250657620323125,-0.0015062585417307333,0.0,0.7197236789071991,0.7182174203654684,1.0,1.6384e-08,0.0,4.242640687119285,3.0597781164603446,4.681121060984807
134,11.780940332591642,0.07123570706088349,-3.469446951953614e-18,0.3775532713171261,1.3170916576841394,-5.551115123125783e-17,4.681754576959368,17.806914498706583,-1.0408340855860843e-17,1.7658540514376275,6.572430782959893,4.163336342344337e-17,1.2892616058176547,4.805687452186459,-6.938893903907228e-18,2.6977695474679604,10.958885543237765,0.9778227923344363,1.5591202654893415,0.8310977441177587,3.3680408019415364,6.164187889495574,-0.002550307591585417,0.0,0.6818715382821628,0.6793212306905775,1.0,1.6384e-08,0.0,4.242640687119285,3.0597781164603446,4.681121060984807
138,12.04639813014317,0.06788449534045579,5.204170427930421e-18,0.390640297375892,1.3835929932432576,-1.1102230246251565e-16,4.682201521531944,16.385576241864065,6.938893903907228e-18,1.7819577198864143,6.920401162362484,2.0816681711721685e-17,1.3087126440340484,4.488738922563789,2.0816681711721685e-17,2.748879791856643,11.366430725738125,1.015687140835491,1.5876866577313942,0.8563643923272948,3.4597381908941798,6.356314412942486,-0.0026689779490767737,0.0,0.7465714954271419,0.7439025174780651,1.0,1.6384e-08,0.0,4.242640687119285,3.0597781164603446,4.681121060984807
142,12.308253774699285,0.0685242570629964,3.469446951953614e-18,0.39878338340541275,1.3324250052213187,-7.28583859910259e-17,4.6751240139328685,17.701963491044175,3.469446951953614e-18,1.810854095736504,6.448300134899844,4.163336342344337e-17,1.3209602721143294,4.98153332506479,-2.7755575615628914e-17,2.8047332514558576,11.819847365902088,1.0544361344302247,1.6395962780228357,0.8724680202521814,3.5665004327052414,6.562931178149402,-0.004116449373145643,0.0,0.8138326501071541,0.8097162007340085,1.0,3.2768e-08,0.0,4.242640687119285,3.1802839633215405,5.057103043680083
146,12.55940438351098,0.06035553311032151,-5.204170427930421e-18,0.4055539764608378,1.4842449209868998,-6.591949208711867e-17,4.800989885692852,18.210277785114254,2.0816681711721685e-17,1.8305971411309712,7.164310469146508,4.163336342344337e-17,1.3402800777069488,4.621262087012118,-2.7755575615628914e-17,2.844504920972431,12.453534345062089,1.0982001794512941,1.675542946558442,0.8981753433490725,3.6719184693588085,6.754720038975702,-0.005408925214313523,0.0,0.7888330006064888,0.7834240753921752,1.0,3.2768e-08,0.0,4.242640687119285,3.1802839633215405,5.057103043680083
150,12.805727496228544,0.06252279250282436,-5.204170427930421e-18,0.39846794524165635,1.5034657222841175,-1.3877787807814457e-16,4.9083298594174325,18.68924905887353,2.6020852139652106e-17,1.8289413827989194,6.764528307845783,3.469446951953614e-17,1.3735342443131877,4.90340161997418,-1.3877787807814457e-17,2.878855345220204,11.29061303750459,1.139338219280258,1.6725132908572111,0.9432981601504996,3.7551496702879685,6.936156017088261,-0.005417465726831667,0.0,0.7641920853615684,0.7587746196347367,1.0,6.5536e-08,0.0,4.242640687119285,3.3008565966271513,5.44782713574849
154,13.06146403834444,0.0627189426739646,-1.734723475976807e-18,0.384464765028341,1.5014642500117663,-1.249000902703301e-16,4.993529513700362,17.304134736409203,3.3393426912553537e-17,1.8611752979740368,6.541960777947589,2.7755575615628914e-17,1.3847275432053456,5.488284458533146,1.3877787807814457e-17,2.921675012629991,9.877230576735762,1.1766341269651035,1.731986744894372,0.9587351844557561,3.8673560563152316,7.130861158216131,-0.011311594001654388,0.0,0.8024878126468242,0.7911762186451698,1.0,6.5536e-08,0.0,4.242640687119285,3.3008565966271513,5.44782713574849
157,13.251631731312905,0.06260973607452922,8.673617379884035e-19,0.38367215078486344,1.6044400306766489,-1.249000902703301e-16,4.979415469075122,17.646584779336614,3.8163916471489756e-17,1.876606506463844,6.358252440049177,2.2551405187698492e-17,1.402255467083719,5.999202119371205,-1.3877787807814457e-17,2.9545619582101668,10.801213521894082,1.2119941596794668,1.7608259900512162,0.9831601974830895,3.9559803472137727,7.296088363220589,-0.011686497292659807,0.0,0.9092849605808554,0.8975984632881956,1.0,6.5536e-08,0.0,4.242640687119285,3.3008565966271513,5.44782713574849
161,13.500043762857906,0.06257614499211153,-8.673617379884035e-19,0.39158794787931517,1.3803671967515336,-1.1102230246251565e-16,5.160206985316802,18.39270468074529,6.938893903907228e-17,1.8862325535282356,6.044336781335917,2.7755575615628914e-17,1.4313882557151825,5.287750655444363,0.0,2.9909029169011907,10.438464388628446,1.2650207396769302,1.7789366229948238,1.0244361692996764,4.06839353197143,7.50811477101968,-0.015332864768714689,0.0,0.9010518595131297,0.8857189947444151,1.0,1.31072e-07,0.0,4.242640687119285,3.4200371566699808,5.8483270765016435
166,13.800199042551798,0.06293409908273284,-1.734723475976807e-18,0.4131253797008339,1.64131978767736,-1.249000902703301e-16,5.364709925082616,19.045045522297638,5.551115123125783e-17,1.9493779728699314,6.9717233651924495,4.5102810375396984e-17,1.4246672629002182,5.34475581506452,2.7755575615628914e-17,3.0345705200481823,11.14614006411693,1.3242436785391543,1.9000372405552413,1.0148384049897994,4.239119324084195,7.740284654183277,-0.025985243165021262,0.0,0.8374536463205331,0.8114684031555118,1.0,1.31072e-07,0.0,4.242640687119285,3.4200371566699808,5.8483270765016435
170,14.037994242444473,0.061029066505829795,6.938893903907228e-18,0.4184476328894052,1.5290356918146983,-5.551115123125783e-17,5.575842864370387,21.74592417471638,6.245004513516506e-17,1.9756980021055794,7.237198180154289,3.642919299551295e-17,1.4321208786873432,5.5303827514044634,-2.7755575615628914e-17,3.0681617804102537,11.525638122157366,1.3705990578754328,1.9516912977619887,1.025485105586104,4.3477754612235255,7.914937078717586,-0.02632376382619217,0.0,0.8001995506098667,0.7738757867836745,1.0,2.62144e-07,0.0,4.242640687119285,3.532067373966737,6.237749967120142
174,14.268804761359327,0.05348907846115706,-3.469446951953614e-18,0.4173085048654946,1.5998320296216746,-9.020562075079397e-17,5.730147430369725,21.9263256105075,3.469446951953614e-17,1.9627996312612899,7.608371480005216,5.204170427930421e-17,1.46269331627368,4.993049405292457,-1.3877787807814457e-17,3.0786551929927852,12.070316957535733,1.426196926938729,1.926291196239727,1.0697358687358478,4.422223991914304,8.05105166593234,-0.05263618015171031,0.0,0.6937321322505013,0.641095952098791,1.0,2.62144e-07,0.0,4.242640687119285,3.532067373966737,6.237749967120142
179,14.552103798008508,0.061707317659976856,8.673617379884035e-18,0.42375496189634093,1.568819106844716,-5.0306980803327406e-17,5.798467587437979,21.381207317838697,1.3877787807814457e-17,2.015873029457899,8.009808368428871,3.2959746043559335e-17,1.4494223952858938,4.938613930649978,-4.163336342344337e-17,3.0814871316969987,11.838004238509239,1.4980804227915794,2.031872035447883,1.0504126399781488,4.580365098217611,8.194579732755592,-0.053855934472696494,0.0,0.6149223106178144,0.5610663761451179,1.0,2.62144e-07,0.0,4.242640687119285,3.532067373966737,6.237749967120142
183,14.786225240521555,0.055369302522768525,-5.204170427930421e-18,0.43796791043375893,1.5363758856149703,-2.168404344971009e-17,5.9187502922477835,24.378436272629095,5.551115123125783e-17,2.026941669216511,6.92285314102948,5.724587470723463e-17,1.4577074263193106,5.372357405777431,-2.0816681711721685e-17,3.0909843836682565,11.552862016035382,1.5523110443382366,2.0542462652031066,1.062455470373234,4.669012779914578,8.311098054509689,-0.09774172306014801,0.0,0.6761971024413651,0.578455379381217,1.0,5.24288e-07,0.0,4.242640687119285,3.6312755589749854,6.593081092604546
187,15.007844214769506,0.05651886714147054,2.6020852139652106e-18,0.4564649738740652,1.8992760734536531,2.949029909160572e-17,5.952658918036529,24.937345045102667,2.0816681711721685e-17,1.9926088804442896,7.616050136142825,5.2909066017292616e-17,1.5013705216914754,6.744234917855814,-3.469446951953614e-17,3.110876516442305,11.620389055336219,1.6077580854651703,1.9852450752127222,1.1270567217020664,4.720059882379959,8.460055833231122,-0.11402886733589589,0.0,0.8683231379980115,0.7542942706621156,1.0,5.24288e-07,0.0,4.242640687119285,3.6312755589749854,6.593081092604546
192,15.280827103748697,0.05416923895500099,-5.204170427930421e-18,0.47140245321737156,1.8563131369183161,-1.3877787807814457e-17,6.042209804378313,22.751145902958655,1.3877787807814457e-17,2.0050233764392775,8.240732828967696,4.597017211338539e-17,1.51386796723194,6.029246089740453,-2.7755575615628914e-17,3.14596656605945,11.383475786968624,1.6693162065661658,2.0100593700339795,1.1458981111054827,4.825273687705628,8.64339032019736,-0.16192931422061158,0.0,0.9391897625354751,0.7772604483148635,1.0,1.048576e-06,0.0,4.242640687119285,3.6985001764203926,6.839451777490838
197,15.545230846208836,0.05449288620223625,1.734723475976807e-18,0.4828767594826717,1.6532762749463417,6.938893903907228e-18,6.211065593654746,25.433177152531528,1.3877787807814457e-17,2.064092319476158,7.2863947378633735,6.245004513516506e-17,1.4875496300375581,5.126873382118616,-3.469446951953614e-17,3.1732550065152743,12.040483470206137,1.7246578024720134,2.1302385516602325,1.106401950912438,4.961298305044684,8.786478036778169,-0.22758158984744117,0.0,0.9046343647925684,0.6770527749451273,1.0,1.048576e-06,0.0,4.242640687119285,3.6985001764203926,6.839451777490838
201,15.757243021499194,0.05278563177023677,-8.673617379884035e-19,0.47710456563299586,1.6521981695163708,-3.122502256758253e-17,6.27429940851341,25.229944692084366,-6.938893903907228e-18,2.0716452073619163,7.649638904745239,5.0306980803327406e-17,1.4918552422665765,5.256256957535351,-4.163336342344337e-17,3.1909997429145753,11.26537495699301,1.7627986207093616,2.145856932592798,1.1128160319391325,5.021471585241292,8.883557044186261,-0.2833501138812818,0.0,0.9032392606161427,0.6198891467348608,1.0,2.097152e-06,0.0,4.242640687119285,3.736672454249655,6.981360515174071
206,16.007467657245066,0.046396952195936106,-3.469446951953614e-18,0.47750327749072907,1.8545569474671908,-1.734723475976807e-17,6.187489868934773,25.822179054282074,2.0816681711721685e-17,2.0137104451612324,7.335040477080321,5.551115123125783e-17,1.5341916596837866,5.732820465021851,-2.7755575615628914e-17,3.21345393462376,13.61567410156361,1.7837625838873148,2.027514878475724,1.176872024321646,4.988149486684685,8.953118782292538,-0.4581263842321413,0.0,0.9743100816785832,0.516183697446442,1.0,2.097152e-06,0.0,4.242640687119285,3.736672454249655,6.981360515174071
212,16.28293203371689,0.05189423743639078,0.0,0.4735014807496005,1.5425040995699786,-9.71445146547012e-17,6.107409997547649,26.08427440024657,2.42861286636753e-17,2.0623429225946888,8.023386286151563,6.245004513516506e-17,1.4894967675567965,6.3775805790610995,-5.551115123125783e-17,3.214857584271982,11.45266795991639,1.788052765022901,2.126629165188201,1.1093003102810726,5.023982240492175,8.923816058304038,-0.6181366799444545,0.0,0.834097446042764,0.2159607660983095,1.0,4.194304e-06,0.0,4.242640687119285,3.793747583774243,7.196260364696453
217,16.537793430847618,0.048369773929495805,3.469446951953614e-18,0.46861761559509074,1.794055236244176,-2.7755575615628914e-17,5.931966325771482,23.52245210615106,4.85722573273506e-17,2.0648913071321657,7.608417647722366,5.898059818321144e-17,1.4587056027864953,5.631167700401573,-2.0816681711721685e-17,3.221832404225062,11.594986760662838,1.750909400338775,2.1318880551349917,1.0639110178003564,4.946708473274123,8.81327458212143,-0.8432702706327093,0.0,0.8718848109925699,0.028614540359860552,1.0,4.194304e-06,0.0,4.242640687119285,3.793747583774243,7.196260364696453
222,16.795404129504902,0.05125807765919513,5.204170427930421e-18,0.4915315694075276,1.6996157668568346,-5.551115123125783e-17,5.744056067528783,21.918018955001777,4.163336342344337e-17,2.042874952815352,7.400061556914855,5.724587470723463e-17,1.4279518806644669,5.302821965803427,-1.3877787807814457e-17,3.202508383268548,12.483300987500598,1.6864335319607893,2.0866690364201625,1.019523286746594,4.792625855127546,8.581285326998577,-1.0787832865658598,0.0,0.7750829263903621,-0.3037003601754976,1.0,8.388608e-06,0.0,4.242640687119285,3.735282116423896,6.97616624463809
227,17.052763794870742,0.05355780906274792,3.469446951953614e-18,0.48169945826552213,1.6610997660621554,-7.632783294297951e-17,5.534094367115816,18.901833154584924,2.7755575615628914e-17,1.9634985917870544,7.079584803738722,5.551115123125783e-17,1.4113732755721433,5.34210719063768,-2.0816681711721685e-17,3.1320877167438668,11.861489238535846,1.6067445474127355,1.927663359974873,0.9959872614996204,4.530395168887229,8.175075266038856,-1.4056033828551981,0.0,0.5730564569626031,-0.832546925892595,1.0,8.388608e-06,0.0,4.242640687119285,3.735282116423896,6.97616624463809
231,17.281954185388898,0.058640629659137605,5.204170427930421e-18,0.4721700373615299,1.7861671819696427,-8.326672684688674e-17,5.221917658228822,18.580533627399106,2.7755575615628914e-17,1.8859504572382124,6.228789572905647,4.163336342344337e-17,1.3951399004116902,5.3738445212395565,-6.245004513516506e-17,3.0636632603438767,11.289195546789802,1.5372484900782104,1.778404563578511,0.9732076708603703,4.288860724517091,7.796297190028296,-1.5979966656740985,0.0,0.7786160339989461,-0.8193806316751524,1.0,1.6777216e-05,0.0,4.242640687119285,3.5325573396075347,6.239480678807531
235,17.52537288979642,0.05828257169241257,3.469446951953614e-18,0.4774548272372093,1.6002591967381035,-1.249000902703301e-16,4.781705292590314,17.734310152614075,3.469446951953614e-17,1.8291483943513773,6.85827673123303,4.683753385137379e-17,1.326038387452352,4.7150180622112075,-2.7755575615628914e-17,2.9429096367764895,12.700823356032059,1.4284977070110116,1.6728919242791107,0.879188902498617,3.98057853378874,7.1981610614499765,-2.1097520897165496,0.0,0.7490776974639279,-1.3606743922526217,1.0,1.6777216e-05,0.0,4.242640687119285,3.5325573396075347,6.239480678807531
240,17.78891818542093,0.05261900876053855,6.938893903907228e-18,0.4819205014470806,1.9538538491360304,-6.245004513516506e-17,4.474193638824104,15.874095656907166,2.0816681711721685e-17,1.7458462806620139,7.615236166918532,3.903127820947816e-17,1.2716188743035683,4.871722126455003,-2.7755575615628914e-17,2.8343486542027807,11.269690717135148,1.328795508414475,1.523989617850693,0.8085072807425372,3.6612924070077053,6.638853407017143,-1.795106462941864,0.0,0.5943367150884225,-1.2007697478534416,1.0,3.3554432e-05,0.0,4.242640687119285,3.157062088786018,4.983520516224967
244,18.033963771557108,0.06705941943906296,-1.734723475976807e-18,0.4751555850783946,1.9586821180589862,-9.71445146547012e-17,4.030897190308894,14.620852851147614,2.0816681711721685e-17,1.6132592953366507,6.480792786151316,4.85722573273506e-17,1.1826316886249602,4.519459835928895,-2.7755575615628914e-17,2.6439680580369553,9.182316991390977,1.1693471440630698,1.3013027769950534,0.6993088554699624,3.169958776528085,5.756720746816368,-2.7434806328954844,0.0,0.5841653266959094,-2.159315306199575,1.0,3.3554432e-05,0.0,4.242640687119285,3.157062088786018,4.983520516224967
248,18.267458470852578,0.05654525125819762,3.469446951953614e-18,0.473536337158228,1.8864426543939328,-1.0408340855860843e-16,3.656279083015783,14.1964464709948,1.734723475976807e-17,1.5040230760035391,4.980585649855601,4.5102810375396984e-17,1.1311872153604594,4.333233085123183,-5.551115123125783e-17,2.5114981432322327,8.153254568891208,1.0635611196577472,1.1310427065755737,0.6397922580974753,2.834396084330796,5.177246531762188,-2.0191398013492923,0.0,0.6429730271539702,-1.376166774195322,1.0,3.3554432e-05,0.0,4.242640687119285,3.157062088786018,4.983520516224967
252,18.509653908392178,0.06322272314996097,1.734723475976807e-18,0.46311742577196896,1.9282901816327838,-1.1102230246251565e-16,3.2702961857623647,12.822912164045608,2.0816681711721685e-17,1.3801976759916619,4.66708841836131,5.551115123125783e-17,1.0551431621046408,3.9965541314613975,-4.163336342344337e-17,2.3547849475007356,7.643485538631624,0.9242868555521697,0.952472812406392,0.5566635462680899,2.4334232142266514,4.487240040718273,-2.2459672146418663,0.0,0.6199329013410031,-1.6260343133008632,1.0,6.7108864e-05,0.0,4.242640687119285,2.5928382312421867,3.3614050466955554
256,18.812278031558932,0.07519876893322294,3.469446951953614e-18,0.4634036771476037,1.7460822312860687,-1.1796119636642288e-16,2.8176567219332243,10.219027364470518,2.0816681711721685e-17,1.284501473677711,4.938218054328204,5.204170427930421e-17,0.9371107412288228,3.2301267800583635,-4.163336342344337e-17,2.1912546775394675,8.114800127214762,0.7742309411842735,0.8249720179401056,0.43908827066321676,2.0382912297875957,3.7738107071472324,-1.876656438820283,0.0,0.5062035721040264,-1.3704528667162568,1.0,6.7108864e-05,0.0,4.242640687119285,2.5928382312421867,3.3614050466955554
259,19.05503664887038,0.08426937744705569,-3.469446951953614e-18,0.43851890333194493,1.5397358330120205,-9.020562075079397e-17,2.5064171421869097,9.845252351760788,3.8163916471489756e-17,1.2254768363876252,4.389652438238909,5.0306980803327406e-17,0.8648987403185057,3.149654381070113,-4.163336342344337e-17,2.0870231548721287,8.102969390844319,0.6917833749540614,0.750896738261311,0.3740249155022689,1.8167050287176414,3.366759669442461,-1.23667305536798,0.0,0.2179485738115064,-1.0187244815564735,1.0,6.7108864e-05,0.0,4.242640687119285,2.5928382312421867,3.3614050466955554
262,19.28824801347074,0.07922283239508705,7.806255641895632e-18,0.4203136656382455,1.4988646307282876,-1.3183898417423734e-16,2.2627598508118067,9.025265153980161,3.122502256758253e-17,1.1469257553516408,4.366709061794469,4.85722573273506e-17,0.8035790515542628,3.006460294526063,-6.938893903907228e-17,1.9510698084978326,7.285291858344361,0.6105018492216413,0.657719344144466,0.3228696460484242,1.5910908394145313,2.941762302823533,-1.2909677576101717,0.0,0.135537112229001,-1.1554306453811707,1.0,0.00012280637417520353,0.0,4.242640687119285,1.8930681962170608,1.7918535977642582
265,19.530990199567444,0.07904785949861855,3.469446951953614e-18,0.441524780526761,1.5585169672389252,-8.326672684688674e-17,1.9797627008509655,6.412094136455751,2.7755575615628914e-17,1.0698668475249875,3.749719879673278,5.2475385148298415e-17,0.7746665620941293,2.9314920472376365,-4.85722573273506e-17,1.8333937571122474,6.580246543970332,0.5538171337730768,0.5723075357165274,0.3000541412133687,1.426178810702973,2.633792772443245,-0.9608329577432543,0.0,0.18115816084201486,-0.7796747969012394,1.0,0.00012280637417520353,0.0,4.242640687119285,1.8930681962170608,1.7918535977642582
268,19.770002355823035,0.08061445021652192,3.469446951953614e-18,0.43718886749858965,1.654086057907712,-9.71445146547012e-17,1.8364851373638342,6.522370709176269,4.163336342344337e-17,1.031730596222941,3.3662301480882686,5.074066167232161e-17,0.7437701745347228,3.059952495102526,-2.7755575615628914e-17,1.7397588233161625,6.119189381637808,0.5156043320039618,0.5322340115912725,0.276597036263706,1.3244353798589403,2.4182578222153843,-0.6972057526757538,0.0,0.14200287873057982,-0.555202873945174,1.0,0.00012280637417520353,0.0,4.242640687119285,1.8930681962170608,1.7918535977642582
271,20.026697411027,0.08723012612035581,1.734723475976807e-18,0.41209481270546594,1.712641223131068,-1.0061396160665481e-16,1.718867473055549,6.165214170271205,3.9898639947466563e-17,1.0116241194490905,3.401196223040964,6.158268339717665e-17,0.7017706182264546,3.0592058897142325,-3.469446951953614e-17,1.6480165862885228,5.314142881472464,0.4744168351682253,0.5116916795255738,0.2462410003029701,1.2323495149967691,2.2118993558439,-0.6233937753061891,0.0,0.1325828250801268,-0.4908109502260623,1.0,0.0001875605761285607,0.0,4.242640687119285,1.4028312011000728,0.9839676893899365
274,20.314199168938664,0.10104951080328506,3.469446951953614e-18,0.37628809533892155,1.4451013080382666,-1.1102230246251565e-16,1.5726252021310385,5.442286384277743,2.2551405187698492e-17,0.9598428458662924,3.181625351336854,5.984795992119984e-17,0.6786514979774879,2.376510247764092,-4.163336342344337e-17,1.5612075102029905,5.519842718824398,0.4250608358191801,0.46064914438035154,0.23028392785354412,1.1159939080530759,2.004367436183459,-0.5596713356440833,0.0,0.13133840840281125,-0.4283329272412721,1.0,0.0001875605761285607,0.0,4.242640687119285,1.4028312011000728,0.9839676893899365
276,20.52280740524983,0.10229116280050239,3.469446951953614e-18,0.36362523996082513,1.4002135354073404,-1.1449174941446927e-16,1.4997114061632373,5.742855814933842,3.122502256758253e-17,0.9375560223549058,3.281455006081777,5.204170427930421e-17,0.6603037821186617,2.634855264240715,-4.163336342344337e-17,1.5136045960287683,5.5860547746538725,0.39651231464697906,0.4395056475269762,0.21800054234010446,1.0540185045140595,1.890588742596405,-0.4306894050260276,0.0,0.11847345983390921,-0.31221594519211837,1.0,0.0001875605761285607,0.0,4.242640687119285,1.4028312011000728,0.9839676893899365
279,20.866506324410906,0.12522955839542077,5.204170427930421e-18,0.3814297042465616,1.5108751779746867,-1.1102230246251565e-16,1.3561989465020645,4.956373090788935,2.0816681711721685e-17,0.9315465727399608,3.3691629995381804,5.2909066017292616e-17,0.6252052076144412,2.136970992122342,-5.551115123125783e-17,1.4488828631479926,5.5850807304639325,0.3635190155718756,0.4338895085917835,0.19544077581410818,0.9928492999777672,1.7550906945953348,-0.35139501106669524,0.0,0.1392021694907847,-0.21219284157591053,1.0,0.0001875605761285607,0.0,4.242640687119285,1.4028312011000728,0.9839676893899365
281,21.08750451943101,0.105356229519107,-8.673617379884035e-19,0.38958193832511107,1.5274526365782957,-1.1102230246251565e-16,1.3067276141182105,4.978268660998653,3.469446951953614e-17,0.9009987327644619,3.5403711438858316,5.377642775528102e-17,0.62109986715761,2.1400773124051913,-4.85722573273506e-17,1.4060750952015755,5.743600279062257,0.3425982978450687,0.405899358221583,0.19288252249160037,0.9413801785582521,1.6680654378533042,-0.33625299406556386,0.0,0.1036411130099043,-0.23261188105565955,1.0,0.0002463298299233416,0.0,4.242640687119285,1.0073956364567627,0.507422984176063
283,21.310767168282567,0.11663612142809768,0.0,0.3838235544434242,1.3238044405623355,-1.1796119636642288e-16,1.2119572168138144,4.032226165806,2.42861286636753e-17,0.8789093593462308,3.3319177449404087,5.811323644522304e-17,0.608592587360391,1.967935427551215,-4.85722573273506e-17,1.3612591950537447,5.666528273982247,0.3210768307813081,0.38624083097320083,0.18519246869500758,0.8925101304495165,1.5780197800964837,-0.3099569116467813,0.0,0.05830180501010324,-0.25165510663667806,1.0,0.0002463298299233416,0.0,4.242640687119285,1.0073956364567627,0.507422984176063
285,21.53608968498035,0.1054712176445283,5.204170427930421e-18,0.3557781842057769,1.1992043612661738,-1.1102230246251565e-16,1.1722601369999537,4.457885017681431,2.0816681711721685e-17,0.8928767970157206,3.4488320412049616,5.204170427930421e-17,0.5751166216853678,1.9468466704678353,-6.245004513516506e-17,1.3156157027407158,5.587431877509774,0.3045171919038667,0.39861448732452615,0.16537956426939524,0.8685112434977881,1.5012188706376288,-0.25917471502312744,0.0,0.04862094575406605,-0.21055376926906139,1.0,0.0002463298299233416,0.0,4.242640687119285,1.0073956364567627,0.507422984176063
288,21.846212899940774,0.11034470979475307,0.0,0.3622136033616733,1.3168198319972277,-1.1102230246251565e-16,1.108703405504281,3.96283740144809,2.7755575615628914e-17,0.9027774856032916,3.6613082429301063,6.201636426617085e-17,0.5481382195120129,1.7861542152135592,-5.898059818321144e-17,1.2622044396186525,4.856199451803772,0.28945326939784033,0.4075035942561007,0.15022775384489984,0.8471846174988409,1.42756558413986,-0.22204242615025657,0.0,0.0916291310114098,-0.13041329513884675,1.0,0.0002463298299233416,0.0,4.242640687119285,1.0073956364567627,0.507422984176063
290,22.109270559828527,0.13502384796090702,4.336808689942018e-18,0.3821973840310885,1.3433491544458298,-1.1102230246251565e-16,1.032937811625325,4.455612253683423,1.734723475976807e-17,0.8834910128925255,3.1379140836727486,5.334274688628682e-17,0.5593383633971526,2.0927321241212713,-4.85722573273506e-17,1.2287760387190045,4.54646681989893,0.2812643450432501,0.3902781849309303,0.15642970238390255,0.8279722323580829,1.392072384141077,-0.18913855437668198,0.0,0.1456824377562635,-0.04345611662041848,1.0,0.00029012066150056547,0.0,4.242640687119285,0.7673730271991531,0.29443068143639606
292,22.36131882411564,0.12483294217989369,2.6020852139652106e-18,0.39122510238973485,1.2072535738532635,-1.1796119636642288e-16,0.9825448356136611,3.555665381136573,3.8163916471489756e-17,0.8851604290666825,3.2887614224607282,5.637851296924623e-17,0.5533570397466437,2.0416859378812466,-2.0816681711721685e-17,1.1943446961371487,4.253149194238317,0.27461013388038724,0.39175449259275674,0.15310200671858432,0.8194666331917283,1.3577126382718658,-0.1901404979838418,0.0,0.14086502500714668,-0.04927547297669513,1.0,0.00029012066150056547,0.0,4.242640687119285,0.7673730271991531,0.29443068143639606
294,22.593796532083733,0.1159198301287861,0.0,0.39611040851863966,1.207126641394934,-1.1102230246251565e-16,0.9249803695217909,3.0378917546771107,3.122502256758253e-17,0.8971911421705916,3.3829378239794354,5.204170427930421e-17,0.5363790971932334,1.6800200497601563,-6.938893903907228e-17,1.1639040633915247,4.303638180351381,0.2671551080693859,0.4024759727946853,0.14385126795291409,0.8134823488169853,1.3230952373403109,-0.16732427938066624,0.0,0.0933391603079332,-0.07398511907273304,1.0,0.00029012066150056547,0.0,4.242640687119285,0.7673730271991531,0.29443068143639606
296,22.84942408274085,0.13392102571114772,0.0,0.3750381428042995,1.0519121377600098,-1.1796119636642288e-16,0.9263510221093761,3.6311427595355483,3.469446951953614e-17,0.8893032001669261,3.0429595129330376,5.377642775528102e-17,0.5364064720052212,1.6750573451287996,-4.85722573273506e-17,1.133000580856305,4.3761981854103045,0.2580670643501959,0.39543009091356796,0.14386595160454407,0.7973631068683079,1.2878254438524472,-0.1499695018939294,0.0,0.07850076265919025,-0.07146873923473916,1.0,0.00029012066150056547,0.0,4.242640687119285,0.7673730271991531,0.29443068143639606
298,23.108390344296243,0.12579885979728944,1.734723475976807e-18,0.36185049698105953,1.109974618948765,-1.1102230246251565e-16,0.8987662339595365,3.125099527819211,3.469446951953614e-17,0.8739884265912582,2.771477031283058,5.551115123125783e-17,0.546443966026562,1.692545549962612,-4.85722573273506e-17,1.1126784733369135,4.335407197601706,0.24841283117441476,0.3819278849077315,0.1493005040034192,0.7796412200855655,1.263216138046373,-0.13693490425530755,0.0,0.09722914180070631,-0.03970576245460124,1.0,0.00029012066150056547,0.0,4.242640687119285,0.7673730271991531,0.29443068143639606
300,23.383826389137187,0.1446952351769961,0.0,0.3451049846850867,1.145445239398248,-1.1796119636642288e-16,0.8764579136436492,3.296453924265605,4.163336342344337e-17,0.8743052010163174,3.308419694515188,5.724587470723463e-17,0.541449893826324,1.5688904689371124,-6.245004513516506e-17,1.0975221303270297,4.234659479745632,0.2360039164406329,0.3822047922620915,0.1465839937622688,0.7647927024649932,1.236606499397809,-0.12985226053510462,0.0,0.08511176256752198,-0.04474049796758264,1.0,0.0003138359821391737,0.0,4.242640687119285,0.5907181329411547,0.17447395629274187
301,23.539484399890277,0.15565801075309033,1.734723475976807e-18,0.3333238727268771,1.283098739092394,-1.214306433183765e-16,0.8857443766912333,3.283685205014307,1.3877787807814457e-17,0.8766366608344636,3.359516377927841,5.377642775528102e-17,0.5361388208598727,1.5963339001742165,-4.85722573273506e-17,1.0871402648954986,4.166050164424064,0.2289115919585344,0.38424591755949905,0.14372241761650734,0.7568799271345408,1.2197083127514528,-0.13357768479348975,0.0,0.0802756943877001,-0.053301990405789645,1.0,0.0003138359821391737,0.0,4.242640687119285,0.5907181329411547,0.17447395629274187
303,23.807792799411185,0.1292512198568136,3.469446951953614e-18,0.33576627349320926,1.287321635276621,-1.214306433183765e-16,0.8720685002029898,2.9053414573512844,2.7755575615628914e-17,0.8794030693254834,2.9370036606192915,5.898059818321144e-17,0.532742252728427,1.6326141212272511,-4.163336342344337e-17,1.071333333621223,4.1200759587581075,0.21949293618985843,0.38667487916954046,0.14190715392107955,0.7480749692804785,1.1998760033681077,-0.12502364245936898,0.0,0.09804760921510274,-0.026976033244266243,1.0,0.0003138359821391737,0.0,4.242640687119285,0.5907181329411547,0.17447395629274187
305,24.077321585043695,0.13948275596469575,3.469446951953614e-18,0.34753590124759365,1.2768366051614932,-1.1796119636642288e-16,0.826156140411749,2.662376732262219,3.469446951953614e-17,0.8907551353603467,3.1845091338065847,5.724587470723463e-17,0.5243961529281578,1.6501467583317,-3.469446951953614e-17,1.064776433606055,4.162775963658438,0.2104648531359941,0.3967223555854148,0.1374956626029259,0.7446828713243349,1.1882907243892245,-0.11808357390311879,0.0,0.11810996059808057,2.6386694961785806e-05,1.0,0.0003138359821391737,0.0,4.242640687119285,0.5907181329411547,0.17447395629274187
307,24.383456636538778,0.14851136220181596,-3.469446951953614e-18,0.3482589553356255,1.2890446391073922,-1.1796119636642288e-16,0.780847711634202,3.3549282599472425,1.3877787807814457e-17,0.9066589750159371,3.07508163335602,5.898059818321144e-17,0.5123225398518905,1.6807165218474598,-5.551115123125783e-17,1.0701088978653883,4.140088260639111,0.19911528907248838,0.4110152484884747,0.13123719242014592,0.741367729981109,1.1817908467897373,-0.11213898090915356,0.0,0.13157298754356261,0.019434006634409057,1.0,0.0003138359821391737,0.0,4.242640687119285,0.5907181329411547,0.17447395629274187
308,24.528216604527103,0.14475996798832633,2.6020852139652106e-18,0.34373342891317493,1.217272669978593,-1.249000902703301e-16,0.7705693374450928,3.0283435694071676,4.85722573273506e-17,0.9066436031390853,3.046877823248371,5.898059818321144e-17,0.5129360376755018,1.7026332332328966,-5.551115123125783e-17,1.075446528517689,4.178072452143386,0.19340018069272893,0.41100131155651165,0.1315516893731219,0.7359531816223625,1.1797828846346863,-0.10713191693505278,0.0,0.12990877099729914,0.02277685406224636,1.0,0.0003138359821391737,0.0,4.242640687119285,0.5907181329411547,0.17447395629274187
310,24.831336985827075,0.15564139941348595,-1.734723475976807e-18,0.3404644266477481,1.223616263081307,-1.1796119636642288e-16,0.7196298520919194,2.680630950259812,3.469446951953614e-17,0.8993886616756055,2.7219207704118946,5.204170427930421e-17,0.5180521097302087,1.854397646974496,-4.163336342344337e-17,1.0864817506432722,4.310484919959936,0.18017081699456675,0.4044499823753183,0.13418899419796004,0.7188097935678451,1.1717182882756398,-0.10426545332748277,0.0,0.11469391457651364,0.010428461249030865,1.0,0.00032451862757559467,0.0,4.242640687119285,0.509998002810526,0.13004898143536264
312,25.15032956331967,0.1602746627488811,1.734723475976807e-18,0.3261256668542881,1.2116781936844978,-1.249000902703301e-16,0.694312460952089,2.3620245869071783,3.469446951953614e-17,0.9019929344805394,2.602133568024896,5.551115123125783e-17,0.5153355664516107,2.0498785449972052,-2.7755575615628914e-17,1.0799394346853517,4.159085696027862,0.17073130048313864,0.40679562692640736,0.13278537302500126,0.7103123004345473,1.157990352758448,-0.10424844493150726,0.0,0.09907450692908334,-0.005173938002423911,1.0,0.00032451862757559467,0.0,4.242640687119285,0.509998002810526,0.13004898143536264
313,25.316790336140674,0.1664607728210053,-8.673617379884035e-19,0.3153611051524936,1.1671845809683299,-1.214306433183765e-16,0.710013762344543,2.419661583641161,3.469446951953614e-17,0.9032385533357322,2.692645398682821,5.204170427930421e-17,0.5164379939311943,1.9351126327085142,-5.551115123125783e-17,1.0711674580778814,4.195443577642595,0.16833189714043123,0.40791994211601323,0.1333541007878381,0.7096059400442825,1.1527579661082785,-0.10016378440938738,0.0,0.1055808066636833,0.005417022254295925,1.0,0.00032451862757559467,0.0,4.242640687119285,0.509998002810526,0.13004898143536264
315,25.693686566152195,0.19634954084936207,2.6020852139652106e-18,0.33135801545257154,1.1500706964914924,-1.2836953722228372e-16,0.6681791320469694,2.318829255506167,2.7755575615628914e-17,0.9111655341545091,2.6028252714866382,4.85722573273506e-17,0.5186911932264111,2.070974631474166,-3.469446951953614e-17,1.0644109234359316,4.478159123068146,0.1624912947267442,0.4151113153155359,0.1345202769653191,0.7121228870075992,1.1525452297339458,-0.09523144336656826,0.0,0.1294254549885773,0.03419401162200904,1.0,0.00032451862757559467,0.0,4.242640687119285,0.509998002810526,0.13004898143536264
316,25.877200962369034,0.18351439621684107,3.469446951953614e-18,0.3340829958606682,1.068877305619715,-1.214306433183765e-16,0.6620345348122055,2.6857566778329263,4.163336342344337e-17,0.9228262343624813,2.512859271710588,6.245004513516506e-17,0.5124865912488784,1.8101793420768524,-4.163336342344337e-17,1.0676830728066786,4.684195177672983,0.15812958641298416,0.42580412941381857,0.13132125310494744,0.7152549689317502,1.1543619509053336,-0.09001045212398388,0.0,0.13154281921731942,0.041532367093335534,1.0,0.00032451862757559467,0.0,4.242640687119285,0.509998002810526,0.13004898143536264
317,26.061370444296543,0.18416948192750993,0.0,0.3281403525437985,1.2000147966994483,-1.3357370765021415e-16,0.6480991043879784,2.646882835242452,2.0816681711721685e-17,0.9317671354832232,2.719893609107766,6.245004513516506e-17,0.5071445503429095,1.583278270947186,-2.0816681711721685e-17,1.0715352009236876,4.870458857723514,0.1526455592258175,0.43409499738330554,0.12859779747125588,0.7153383540803789,1.153946826992648,-0.08640394368666383,0.0,0.11661162216544865,0.03020767847878482,1.0,0.00032451862757559467,0.0,4.242640687119285,0.509998002810526,0.13004898143536264
319,26.385285794817563,0.15443085228763714,3.469446951953614e-18,0.3150527598199462,1.1979732330325845,-1.249000902703301e-16,0.5995041455754005,1.943956695266773,2.7755575615628914e-17,0.9311166519483814,2.6670047203468497,5.551115123125783e-17,0.5128203745562037,1.711076638915312,-5.551115123125783e-17,1.067443331588762,5.041463901343263,0.14492955792470158,0.43348910976778166,0.13149236827998245,0.7099110359724656,1.1490509261138433,-0.08253938934021934,0.0,0.09518220944390947,0.012642820103690125,1.0,0.00032451862757559467,0.0,4.242640687119285,0.509998002810526,0.13004898143536264
320,26.530317530150864,0.14503173533330085,2.6020852139652106e-18,0.3071523823635583,1.0612000242256112,-1.1622647289044608e-16,0.6057196961712158,2.3520831405003717,4.163336342344337e-17,0.9297399182570133,2.830089136905956,5.204170427930421e-17,0.516307385019195,1.6569367129300474,-4.163336342344337e-17,1.0574424326208802,5.027073622395373,0.14306791395055837,0.43220815780027877,0.13328665791267957,0.7085627296635167,1.143759202119131,-0.07981966314393224,0.0,0.0689882951826788,-0.010831367961253446,1.0,0.0003226369783031606,0.0,4.242640687119285,0.4333047482243678,0.09387650241689138
322,26.8308899883797,0.15684537538473697,2.6020852139652106e-18,0.2957544750060943,0.9463521509154278,-1.3183898417423734e-16,0.6111446258677153,2.4629980364547768,2.0816681711721685e-17,0.9375689001507354,2.746485069713186,5.551115123125783e-17,0.5120372099814865,1.6250708183800229,-3.469446951953614e-17,1.0253381804237793,4.7804814481869515,0.14048536240122472,0.43951772126492983,0.13109105220281247,0.711094135868967,1.1260411518151607,-0.07683530799347338,0.0,0.045771808236105,-0.031063499757368378,1.0,0.0003226369783031606,0.0,4.242640687119285,0.4333047482243678,0.09387650241689138
324,27.10856021826123,0.1353706985977622,-2.6020852139652106e-18,0.3074598174245457,0.9453978393564615,-1.214306433183765e-16,0.5815063435913976,2.120433939744541,2.0816681711721685e-17,0.9499986929855148,2.7191734591243337,4.5102810375396984e-17,0.5053719748209846,1.7650231938568468,-4.163336342344337e-17,1.0002150000483918,4.483376606446762,0.1385880954544069,0.4512487583370932,0.12770041646723093,0.717537270258731,1.1153537992328488,-0.07409314165355335,0.0,0.0612134879022773,-0.012879653751276053,1.0,0.0003226369783031606,0.0,4.242640687119285,0.4333047482243678,0.09387650241689138
326,27.391561773481925,0.14455669548379235,-3.469446951953614e-18,0.3317068200918845,1.0046997033347211,-1.231653667943533e-16,0.5665735571287129,1.9844009756468317,2.7755575615628914e-17,0.9549467548687691,2.7579081372499656,4.85722573273506e-17,0.5097092842241265,1.8609776270936944,-6.245004513516506e-17,0.9920729594063775,4.235148688060724,0.13552002114240297,0.45596165231719654,0.12990177721213567,0.7213834506717353,1.1170215922159092,-0.07176301312096077,0.0,0.10115917778399229,0.02939616466303152,1.0,0.0003226369783031606,0.0,4.242640687119285,0.4333047482243678,0.09387650241689138
327,27.5287684572952,0.1372066838132746,0.0,0.3392856362401097,1.0250374782111242,-1.2663481374630692e-16,0.5581942586942549,1.954783270529941,4.163336342344337e-17,0.9552515361324744,2.968573530705636,5.898059818321144e-17,0.5137611429721795,1.8545504175962924,-4.163336342344337e-17,0.9926527428297498,4.1143118030140995,0.1331431596685178,0.45625274864172594,0.1319752560140401,0.7213711643242839,1.1193934766571287,-0.0698474582242948,0.0,0.10989161658133739,0.040044158357042586,1.0,0.0003226369783031606,0.0,4.242640687119285,0.4333047482243678,0.09387650241689138
329,27.80903892970994,0.14250154767796347,3.469446951953614e-18,0.3318351602535499,1.0281641367180387,-1.249000902703301e-16,0.5360007364154871,1.8360540182302407,2.7755575615628914e-17,0.9564134090694384,3.0877630072211346,4.163336342344337e-17,0.5203765596609297,1.7230736538522187,-4.163336342344337e-17,0.9920694894337482,3.9366796023375787,0.12770661194133123,0.4573633045239124,0.13539588192227248,0.7204657983875161,1.1215961857134296,-0.06803399655896357,0.0,0.09838275761848056,0.03034876105951699,1.0,0.0003226369783031606,0.0,4.242640687119285,0.4333047482243678,0.09387650241689138
331,28.10731243221235,0.15535696354241046,0.0,0.2990975911575041,0.9806936604384244,-1.249000902703301e-16,0.5525312380926356,1.8216046059097661,4.163336342344337e-17,0.9594847875570274,2.795229756102704,5.551115123125783e-17,0.5257959186853554,1.9826306392694963,-3.469446951953614e-17,0.9818780935276976,4.0049935683904785,0.12335232214209035,0.46030552877667696,0.13823067405308842,0.7218885249718557,1.1204220384733323,-0.06473113039072254,0.0,0.08288754518004147,0.01815641478931894,1.0,0.00031618195820074966,0.0,4.242640687119285,0.40087605935444764,0.08035080748177531
332,28.29484591043867,0.18753347822632002,-1.734723475976807e-18,0.28550531984769817,0.9079376895632433,-1.2836953722228372e-16,0.5627565339792617,1.9252965948022567,3.469446951953614e-17,0.9632340007094167,2.7835122684728004,5.204170427930421e-17,0.5276736714454136,1.9996012879427463,-4.163336342344337e-17,0.9777976206639485,4.076154752828718,0.12045031212145467,0.46390987006133416,0.13921975176834114,0.72357993395113,1.120943496203012,-0.06218469314764164,0.0,0.08960513116796583,0.027420438020324185,1.0,0.00031618195820074966,0.0,4.242640687119285,0.40087605935444764,0.08035080748177531
334,28.665645282853315,0.18550449484458303,4.336808689942018e-18,0.296953729427843,1.0876676598908464,-1.249000902703301e-16,0.5216560110130564,1.746177617822358,4.163336342344337e-17,0.9776352452289878,2.916269887634664,6.245004513516506e-17,0.5274014307627041,1.986698761701827,-4.163336342344337e-17,0.9890679033621012,4.224529869501188,0.11439110446547796,0.4778853363569715,0.13907613458527365,0.7313525754077231,1.1345576457074944,-0.06127002930547483,0.0,0.12012339334561095,0.05885336404013612,1.0,0.00031618195820074966,0.0,4.242640687119285,0.40087605935444764,0.08035080748177531
335,28.861994823702677,0.19634954084936207,-1.734723475976807e-18,0.29894077631770466,1.1232812145979922,-1.2923689896027213e-16,0.5140985444320277,1.8763723368403364,4.163336342344337e-17,0.98464030678531,2.8412027994615223,5.551115123125783e-17,0.5302718945045305,1.9413195989498644,-4.163336342344337e-17,0.9975905892814261,4.122023941316279,0.11274306995881292,0.4847582668731347,0.14059414105071194,0.7380954778826596,1.1473901045655444,-0.06082068836470576,0.0,0.14800636787376537,0.0871856795090596,1.0,0.00031618195820074966,0.0,4.242640687119285,0.40087605935444764,0.08035080748177531
336,29.05628654743731,0.19429172373463235,1.734723475976807e-18,0.294687800163657,1.1764765162166737,-1.214306433183765e-16,0.5116417707652273,2.082593980181741,3.469446951953614e-17,0.9883460543360308,2.856358727539267,6.938893903907228e-17,0.5375164646851602,1.9243225216358364,-4.163336342344337e-17,1.003778291628871,3.9675489431366646,0.1125991245985208,0.4884139615608002,0.14446197490381657,0.7454750610631375,1.161981167828205,-0.06020769584587646,0.0,0.15608116016671936,0.0958734643208429,1.0,0.00031618195820074966,0.0,4.242640687119285,0.40087605935444764,0.08035080748177531
338,29.425384109769553,0.1754553243207796,-1.734723475976807e-18,0.295857813447881,1.0298571750046803,-1.231653667943533e-16,0.505480242912664,2.160131895258561,2.0816681711721685e-17,0.9894415529693359,2.84737932773893,6.245004513516506e-17,0.5552964555886913,1.79154370227448,-3.469446951953614e-17,1.0109430661128724,4.039823517401365,0.11357348805755252,0.4894972933711854,0.15417707679468168,0.7572478582234197,1.187366523406959,-0.059756827027577716,0.0,0.1484901330860925,0.08873330605851477,1.0,0.00031618195820074966,0.0,4.242640687119285,0.40087605935444764,0.08035080748177531
339,29.59713436113353,0.17175025136397723,1.734723475976807e-18,0.29429005613037934,0.9645544130804318,-1.2576745200831851e-16,0.5175663551368966,2.1826954496456326,5.551115123125783e-17,0.9897903480394216,2.8777999592787373,5.898059818321144e-17,0.5621388179798367,1.7075751938740231,-4.163336342344337e-17,1.0122789556325873,4.032945667040707,0.11400102851730573,0.4898424665359996,0.15800002533988397,0.7618435203931894,1.1965148904175555,-0.0598718654562345,0.0,0.13292555976639886,0.07305369431016437,1.0,0.00031618195820074966,0.0,4.242640687119285,0.40087605935444764,0.08035080748177531
340,29.777268921942223,0.18013456080869203,1.734723475976807e-18,0.2934744293346758,0.9088312925670923,-1.231653667943533e-16,0.5216112463994359,1.9451114430750183,2.7755575615628914e-17,0.9916576401739184,2.8297316501583842,5.551115123125783e-17,0.5675399586062682,1.7089411050877255,-4.85722573273506e-17,1.0125065917961376,3.9581987781559818,0.11451538299716921,0.49169243765765236,0.16105080230740226,0.7672586229622238,1.2051052168458962,-0.0600858531117743,0.0,0.12824250481496283,0.06815665170318852,1.0,0.0003081274236708165,0.0,4.242640687119285,0.38201875684777375,0.07296916529175924
342,30.142098718167453,0.18079114944498456,5.204170427930421e-18,0.309464176171702,1.0784373612758134,-1.2576745200831851e-16,0.5102420467817026,2.04476723967057,2.7755575615628914e-17,1.0022523296326262,2.852384163142597,5.898059818321144e-17,0.5730505939928678,1.8138775211287177,-5.551115123125783e-17,1.0137665990965739,3.7333136401022156,0.11571796906483808,0.5022548661270133,0.16419349163778932,0.7821663268296407,1.223844952177265,-0.05916002289489144,0.0,0.13055648917943033,0.07139646628453888,1.0,0.0003081274236708165,0.0,4.242640687119285,0.38201875684777375,0.07296916529175924
343,30.32430232565523,0.1822036074877751,2.6020852139652106e-18,0.31681213345094306,1.0287501624924396,-1.205632815803881e-16,0.5175064943996253,1.7723605669021127,2.0816681711721685e-17,1.0083365319183943,2.7438082104386714,5.551115123125783e-17,0.5753985820225019,1.860854174251532,-4.85722573273506e-17,1.0183578240116897,3.8413308323411646,0.11580283346685896,0.5083712808006073,0.16554176409675292,0.7897158783642192,1.2352618600469443,-0.05992072017336109,0.0,0.1433983444762444,0.0834776243028833,1.0,0.0003081274236708165,0.0,4.242640687119285,0.38201875684777375,0.07296916529175924
344,30.518551700782414,0.19424937512718443,2.6020852139652106e-18,0.31999996139343984,1.0192422767277378,-1.1752751549742868e-16,0.5172047027567089,1.7418761246668484,4.163336342344337e-17,1.0128097976905817,2.805861647714093,5.898059818321144e-17,0.5808966266501084,1.8429174925299905,-4.163336342344337e-17,1.029252080161936,3.9533120355092333,0.11547236996149732,0.5128918431490185,0.16872044542673775,0.7970846585372535,1.2518322619837625,-0.06061462212016601,0.0,0.1669142586004878,0.1062996364803218,1.0,0.0003081274236708165,0.0,4.242640687119285,0.38201875684777375,0.07296916529175924
346,30.911250782481137,0.19634954084936207,8.673617379884035e-19,0.3108747538852857,1.0443823053326173,-1.249000902703301e-16,0.5064487648147766,1.9018261083588972,3.469446951953614e-17,1.016617986529262,3.0293744599991292,5.551115123125783e-17,0.6011022910880223,1.8121351868952487,-4.163336342344337e-17,1.066690650496985,4.064290038321111,0.11460902902400943,0.5167560652674053,0.18066198217563473,0.8120270764670494,1.299902873484258,-0.061619322079846585,0.0,0.20261126595558973,0.14099194387574315,1.0,0.0003081274236708165,0.0,4.242640687119285,0.38201875684777375,0.07296916529175924
347,31.09958201958234,0.18833123710120298,1.734723475976807e-18,0.3058464528413175,1.0641605750970897,-1.196959198423997e-16,0.5067938268960115,1.841160818266295,2.7755575615628914e-17,1.0185768259315868,3.0409778014994284,7.28583859910259e-17,0.6098411968731847,1.7856163165045693,-2.7755575615628914e-17,1.088566354781046,4.128288509399147,0.11295248635519832,0.5187493751624329,0.18595314270185914,0.8176550042194903,1.323551858286899,-0.06230746593274977,0.0,0.20699374900602666,0.14468628307327688,1.0,0.0003081274236708165,0.0,4.242640687119285,0.38201875684777375,0.07296916529175924
348,31.279627138339777,0.18004511875743773,0.0,0.3046891959656049,1.0731493333796571,-1.205632815803881e-16,0.49807503147991006,1.8816938091832427,3.469446951953614e-17,1.0212151988012153,2.8375442221805027,5.204170427930421e-17,0.6158975811943108,1.77087125889643,-4.163336342344337e-17,1.1108468106939535,4.2148791032674495,0.11005670476391471,0.5214402411313027,0.18966491526050128,0.8211618611557188,1.3440015483600303,-0.06299378320184468,0.0,0.19607143510521918,0.1330776519033745,1.0,0.0003081274236708165,0.0,4.242640687119285,0.38201875684777375,0.07296916529175924
350,31.665389316789962,0.19634954084936207,0.0,0.2942007468805965,1.0180287087567987,-1.214306433183765e-16,0.4820441699109897,1.55359869948396,1.3877787807814457e-17,1.0268465713903265,2.706469970838006,4.85722573273506e-17,0.6272577889799104,1.9771700391315894,-4.85722573273506e-17,1.1552849870761162,4.391563127224904,0.10336652846911376,0.5272069405880344,0.19672616691798284,0.827299635975131,1.384390321261248,-0.0645492783299791,0.0,0.18927418159117176,0.12472490326119266,1.0,0.0003035046690520512,0.0,4.242640687119285,0.39272335993349183,0.0771158187187255
351,31.861738857639324,0.19634954084936207,3.469446951953614e-18,0.2797335679455787,1.0422137412401171,-1.2663481374630692e-16,0.48893378193447584,1.6726885049677391,2.7755575615628914e-17,1.0280673262582,2.870750693606338,7.632783294297951e-17,0.6354016143341368,2.173639696655906,-6.245004513516506e-17,1.1756341209232177,4.385675026520796,0.10103886545221637,0.528461213659842,0.2018676057492135,0.8313676848612719,1.4064064989057903,-0.06506676023305508,0.0,0.1966668676884196,0.13160010745536452,1.0,0.0003035046690520512,0.0,4.242640687119285,0.39272335993349183,0.0771158187187255
352,32.058088398488685,0.19634954084936207,1.734723475976807e-18,0.2681376122040394,1.0329879681549698,-1.2663481374630692e-16,0.48768608355932963,1.7577011085205008,2.7755575615628914e-17,1.027632855132848,2.883949754772306,4.163336342344337e-17,0.644965849824616,2.216544008680168,-4.163336342344337e-17,1.1974237657303428,4.484308395447859,0.09863528846204352,0.5280146424742445,0.20799047371999455,0.8346404046562825,1.4297632705549526,-0.06584973292624091,0.0,0.20473173385248936,0.13888200092624844,1.0,0.0003035046690520512,0.0,4.242640687119285,0.39272335993349183,0.0771158187187255
353,32.25443793933805,0.19634954084936207,1.734723475976807e-18,0.2680939578763172,1.0182356349885224,-1.222980050563649e-16,0.4731680409570914,1.6722291143878265,3.469446951953614e-17,1.0266475665839452,2.803263150644244,4.85722573273506e-17,0.6547193450262858,2.1129856715293673,-6.938893903907228e-17,1.2206017336060704,4.594284464523471,0.09595112304642103,0.5270026129863681,0.2143287103758243,0.8372824464086135,1.453875676646616,-0.06630610171845133,0.0,0.20910669701260917,0.14280059529415784,1.0,0.0003035046690520512,0.0,4.242640687119285,0.39272335993349183,0.0771158187187255
355,32.64713702103677,0.19634954084936207,-1.734723475976807e-18,0.27775044627518,0.7914485799369746,-1.205632815803881e-16,0.4550103815106258,1.4666202583560417,3.469446951953614e-17,1.0284861803599428,2.5702063640754615,5.551115123125783e-17,0.670821993966246,1.8102343080322925,-4.85722573273506e-17,1.2546584299375543,4.72319130425226,0.09285746412435203,0.5288919115956924,0.22500107379442508,0.8467504495144695,1.496776822778504,-0.06635636818130827,0.0,0.19528970861099523,0.12893334042968696,1.0,0.0003035046690520512,0.0,4.242640687119285,0.39272335993349183,0.0771158187187255
356,32.84348656188613,0.19634954084936207,5.204170427930421e-18,0.2753995211080283,0.760494739725063,-1.214306433183765e-16,0.4556302733095618,1.4388588461751328,2.0816681711721685e-17,1.031006324186396,2.568323759339818,4.85722573273506e-17,0.676657112461345,1.9233791516482286,-4.85722573273506e-17,1.25939046652487,4.727007887234741,0.09302411008323784,0.5314870202561719,0.2289324239222626,0.8534435542616723,1.5106133519208418,-0.0657284749590037,0.0,0.157604575182337,0.0918761002233333,1.0,0.0003035046690520512,0.0,4.242640687119285,0.39272335993349183,0.0771158187187255
357,33.03983610273549,0.19634954084936207,8.673617379884035e-19,0.27475758427075153,0.8226636036447887,-1.2576745200831851e-16,0.455680331473717,1.4612208861262164,0.0,1.033650368419533,2.6850639924234203,4.85722573273506e-17,0.6813919809374345,1.9654212397048538,-2.7755575615628914e-17,1.2577221292323757,4.670640801370245,0.09364454765724751,0.5342165420669184,0.23214751584292048,0.8600086055670864,1.5192596590874283,-0.0649008875787081,0.0,0.1317015685799286,0.0668006810012205,1.0,0.0003035046690520512,0.0,4.242640687119285,0.39272335993349183,0.0771158187187255
359,33.42630369641883,0.1901180528339738,5.204170427930421e-18,0.288005234690221,1.0849241289434273,-1.240327285323417e-16,0.4386114904017516,1.333544155785148,2.7755575615628914e-17,1.0392017759670724,2.7004607485413636,5.551115123125783e-17,0.6897617368302142,1.888190306430603,-3.469446951953614e-17,1.2513767725193758,4.518854871729873,0.09424610420664725,0.5399701655865589,0.2378856267975169,0.872101896590723,1.5327923566245123,-0.0637453191446888,0.0,0.12051150628906711,0.05676618714437831,1.0,0.0003035046690520512,0.0,4.242640687119285,0.39272335993349183,0.0771158187187255
360,33.60953445623739,0.18323075981856393,3.469446951953614e-18,0.2928919326058857,1.0546235143631546,-1.218643241873707e-16,0.42784376147556885,1.424086256731879,2.7755575615628914e-17,1.040366177832244,2.644421501203332,5.551115123125783e-17,0.6949944150632184,1.9136302139258572,-3.469446951953614e-17,1.2504898506375204,4.502243337523263,0.09371702913624749,0.5411808919886361,0.24150861848453248,0.8764065396094161,1.5401208720617592,-0.06295540777815027,0.0,0.12302511471431733,0.06006970693616706,1.0,0.000298057830260877,0.0,4.242640687119285,0.3810855089585991,0.07261308256911726
361,33.799635703595115,0.19010124735772418,5.204170427930421e-18,0.29178830538588757,0.9148247898470232,-1.1709383462843448e-16,0.42779480686593446,1.457607470468004,1.3877787807814457e-17,1.039474375486783,2.664504080322027,5.551115123125783e-17,0.7018937301251452,2.04491773616735,-4.85722573273506e-17,1.2502815425619163,4.535401141928068,0.09249074531809884,0.5402534886468189,0.24632740419449511,0.8790716381594128,1.5474641049850792,-0.061454438006828295,0.0,0.12052165401272,0.0590672160058917,1.0,0.000298057830260877,0.0,4.242640687119285,0.3810855089585991,0.07261308256911726
363,34.19233478529384,0.19634954084936207,5.204170427930421e-18,0.28826211495373044,0.8578841417596565,-1.2793585635328952e-16,0.42741890800040894,1.3877666576333239,1.3877787807814457e-17,1.0377199237752983,2.596662769749958,7.632783294297951e-17,0.7158972944812031,2.1439964789417414,-6.245004513516506e-17,1.2460048877590721,4.728213118233521,0.08943183272516585,0.5384313201001054,0.25625446812275315,0.8841176209480244,1.5595546977570423,-0.06118729692734646,0.0,0.11252353749961991,0.05133624057227345,1.0,0.000298057830260877,0.0,4.242640687119285,0.3810855089585991,0.07261308256911726
364,34.3886843261432,0.19634954084936207,-8.673617379884035e-19,0.28655825091647164,0.9754111031865765,-1.214306433183765e-16,0.41742284914643135,1.3512563539202949,2.7755575615628914e-17,1.0411217315237786,2.5997112486198315,6.245004513516506e-17,0.7197905874038208,2.139038059154452,-5.551115123125783e-17,1.239120537030851,4.8364050023443905,0.08836647842947892,0.5419672299255356,0.2590492448575687,0.8893829532125832,1.5629955184988904,-0.061738412494377955,0.0,0.09928035677763103,0.037541944283253074,1.0,0.000298057830260877,0.0,4.242640687119285,0.3810855089585991,0.07261308256911726
365,34.58503386699256,0.19634954084936207,2.6020852139652106e-18,0.27789726853524765,1.0127804884263039,-1.1882855810441129e-16,0.41266765168442293,1.4083755672194411,2.7755575615628914e-17,1.0462881859229165,2.6221470324794742,5.551115123125783e-17,0.7215691796681404,2.0234369256302283,-3.469446951953614e-17,1.2298920186881792,4.829461289519218,0.08696182769168745,0.5473594840009337,0.26033104052347655,0.8946523522160977,1.5633946747004528,-0.06262142061269392,0.0,0.08592186081677038,0.023300440204076456,1.0,0.000298057830260877,0.0,4.242640687119285,0.3810855089585991,0.07261308256911726
366,34.78138340784192,0.19634954084936207,-8.673617379884035e-19,0.265475012666068,0.9426319163449527,-1.205632815803881e-16,0.4099650401789156,1.4939349479484347,1.3877787807814457e-17,1.0504693559275795,2.551678080558259,4.163336342344337e-17,0.7228779193794456,2.2579553840756574,-4.163336342344337e-17,1.2223952768917439,4.759799275208119,0.08429406864683026,0.5517429338714519,0.2612762431631781,0.8973132456814603,1.5620370463457935,-0.0634526420928163,0.0,0.0790346674428577,0.015582025350041398,1.0,0.000298057830260877,0.0,4.242640687119285,0.3810855089585991,0.07261308256911726
368,35.15386337219884,0.17613042350755684,-1.734723475976807e-18,0.2561051158846871,0.9335389352800643,-1.251169307048272e-16,0.38220903858254796,1.3326793119934834,2.0816681711721685e-17,1.0529775569943067,2.631702034676466,6.938893903907228e-17,0.7287540766526005,2.5002207138825665,-5.551115123125783e-17,1.2228150453970406,4.865307532349561,0.07648287015838795,0.5543808677668491,0.2655412521188921,0.8964049900441292,1.56567093368035,-0.06417258616962268,0.0,0.09480574824044674,0.03063316207082406,1.0,0.000298057830260877,0.0,4.242640687119285,0.3810855089585991,0.07261308256911726
369,35.32154199278609,0.1676786205872487,3.469446951953614e-18,0.25647255948399594,0.9818366653608808,-1.205632815803881e-16,0.3677242357671556,1.2066404401851747,2.0816681711721685e-17,1.053792167522255,2.761346829569534,6.938893903907228e-17,0.7326011476139221,2.4691917043982734,-4.163336342344337e-17,1.226386300721391,4.896673529032972,0.07358944716134352,0.5552389661656261,0.26835222074261783,0.8971806340695874,1.5716191616334219,-0.06462040345075185,0.0,0.11882811125762081,0.05420770780686897,1.0,0.000298057830260877,0.0,4.242640687119285,0.3810855089585991,0.07261308256911726
371,35.68343660562276,0.18964188911397775,1.734723475976807e-18,0.24379156853967948,0.8843719113294822,-1.218643241873707e-16,0.36951567003533314,1.1936038888376288,2.7755575615628914e-17,1.058970393496547,2.7131503739215854,6.938893903907228e-17,0.7398361244908718,2.234492643320899,-4.163336342344337e-17,1.2281901635899304,4.922147041294322,0.07123252377089861,0.560709147151116,0.2736787455508363,0.905620416472851,1.5865809530672332,-0.06465354804513912,0.0,0.12578961087730303,0.06113606283216391,1.0,0.0002965946363561117,0.0,4.242640687119285,0.3997565468034217,0.07990264835609814
372,35.87978614647212,0.19634954084936207,2.6020852139652106e-18,0.23449839471006612,0.752211833056222,-1.231653667943533e-16,0.38281124585845044,1.2788953234715774,1.3877787807814457e-17,1.0627874670702984,2.583014462680225,6.938893903907228e-17,0.7430264246630872,2.3450332387924515,-8.326672684688674e-17,1.2266545187520475,4.891648495256446,0.07140037628762938,0.5647586000808501,0.2760441338738051,0.9122031102422846,1.5945111973772899,-0.0642722799926079,0.0,0.12590891956629824,0.06163663957369034,1.0,0.0002965946363561117,0.0,4.242640687119285,0.3997565468034217,0.07990264835609814
373,36.07613568732148,0.19634954084936207,3.469446951953614e-18,0.2332686151951236,0.7845809921253565,-1.212138028838794e-16,0.3930793759956465,1.3804694729119107,0.0,1.065695595008263,2.5381286432434362,6.245004513516506e-17,0.7467844985510952,2.4408427330132194,-4.163336342344337e-17,1.2268567969137067,4.80154508106391,0.07178236729665873,0.5678535506100075,0.27884354363810526,0.9184794615447716,1.6037209572188842,-0.06388438506024843,0.0,0.1314499362607277,0.06756555120047927,1.0,0.0002965946363561117,0.0,4.242640687119285,0.3997565468034217,0.07990264835609814
374,36.272485228170844,0.19634954084936207,8.673617379884035e-19,0.239060300936399,0.8925272342761791,-1.214306433183765e-16,0.39734919982018246,1.6052201365676877,1.3877787807814457e-17,1.0666309325257035,2.5468595783175183,5.551115123125783e-17,0.7519758108113609,2.431425003206594,-3.469446951953614e-17,1.2302113243398876,4.860570760596263,0.07212272492451595,0.568850773110326,0.2827338100227017,0.9237073080575436,1.6150644917644523,-0.06344438501673291,0.0,0.14107765556145707,0.07763327054472416,1.0,0.0002965946363561117,0.0,4.242640687119285,0.3997565468034217,0.07990264835609814
376,36.66518430986957,0.19634954084936207,0.0,0.24917608372100564,0.9267620419597509,-1.240327285323417e-16,0.39961113634335005,1.6470583241359336,2.0816681711721685e-17,1.0643021625500921,2.751473762388025,5.551115123125783e-17,0.7659895862989606,2.313891591254068,-2.7755575615628914e-17,1.2437761189120182,4.778993974010564,0.0736036429144385,0.5663695466044014,0.29337002315922633,0.9333432126780662,1.6443975750107702,-0.06259764337844569,0.0,0.1573138280107008,0.0947161846322551,1.0,0.0002965946363561117,0.0,4.242640687119285,0.3997565468034217,0.07990264835609814
377,36.86153385071893,0.19634954084936207,1.734723475976807e-18,0.252724969333837,0.813554726713269,-1.207801220148852e-16,0.40052699116849694,1.5691600010571802,2.0816681711721685e-17,1.064125267045918,2.8404272034567812,8.326672684688674e-17,0.7731535690310763,2.232034869703788,-6.938893903907228e-17,1.2525702785895378,4.631551176051593,0.07545876808837423,0.566181291982773,0.29888322065274564,0.9405232807238929,1.663018223134224,-0.061836163994933135,0.0,0.177015924784317,0.11517976078938386,1.0,0.0002965946363561117,0.0,4.242640687119285,0.3997565468034217,0.07990264835609814
378,37.05788339156829,0.19634954084936207,2.6020852139652106e-18,0.2582505621478266,0.7933717433642227,-1.196959198423997e-16,0.40029289308946,1.3999254335397366,3.469446951953614e-17,1.065369110078459,2.7874273617284593,5.551115123125783e-17,0.7799307363389721,2.296091381770115,-2.7755575615628914e-17,1.2627128514650132,4.42547623110772,0.077974239145064,0.5675056703546839,0.3041459767431256,0.9496258862428735,1.6842716742048234,-0.06177335334521255,0.0,0.1904141578271315,0.12864080448191895,1.0,0.0002965946363561117,0.0,4.242640687119285,0.3997565468034217,0.07990264835609814
379,37.25423293241765,0.19634954084936207,4.336808689942018e-18,0.26416598915706413,0.8723574656621527,-1.1796119636642288e-16,0.4012567313500483,1.2409094964966634,2.0816681711721685e-17,1.06705381785265,2.868790913083929,7.632783294297951e-17,0.786605538646054,2.38974223172697,-6.938893903907228e-17,1.274987557187027,4.648285443551996,0.08052769636415578,0.5693019250969582,0.30937413671432423,0.9592037581754382,1.707488078054833,-0.06220107318641385,0.0,0.20142660732651882,0.13922553414010497,1.0,0.0002965946363561117,0.0,4.242640687119285,0.3997565468034217,0.07990264835609814
381,37.64693201411637,0.19634954084936207,3.469446951953614e-18,0.27900678242507476,0.859439404867248,-1.201296007113939e-16,0.4010289515255537,1.202601874035365,2.0816681711721685e-17,1.0712300008465772,2.9789204636491915,6.245004513516506e-17,0.7992797073331542,2.4608895671707396,-4.85722573273506e-17,1.3131777465496706,5.236994064404133,0.08295319633931052,0.5737668573568789,0.31942402527728625,0.9761440789734757,1.7611657686397446,-0.0632004475386252,0.0,0.221108641465508,0.15790819392688277,1.0,0.0002928759007063994,0.0,4.242640687119285,0.3827773902641628,0.0732592652487216
382,37.843281554965735,0.19634954084936207,3.469446951953614e-18,0.2889605197347788,0.9297010240347889,-1.235990476633475e-16,0.390670082315986,1.3344851743977384,1.3877787807814457e-17,1.0748449900694568,2.982739464080435,6.938893903907228e-17,0.8046373294998213,2.427644906360317,-5.551115123125783e-17,1.3399021331940817,5.429100831563552,0.08227772111389094,0.5776458763387051,0.32372061601230195,0.983644213464898,1.7921060156424735,-0.06445721921208705,0.0,0.24204543335213247,0.17758821414004541,1.0,0.0002928759007063994,0.0,4.242640687119285,0.3827773902641628,0.0732592652487216
383,38.039631095815096,0.19634954084936207,3.469446951953614e-18,0.29110091877214217,0.901473908410372,-1.1839487723541708e-16,0.3802702734264056,1.334917458989504,1.3877787807814457e-17,1.0782267588597225,2.914639232201301,6.938893903907228e-17,0.8099724637043721,2.3734667364795388,-4.163336342344337e-17,1.3678828689533769,5.5822808258443875,0.08072602077678505,0.5812864717605711,0.3280276959796652,0.9900401885170214,1.8232658411542388,-0.06535467294391323,0.0,0.24427692547530716,0.17892225253139393,1.0,0.0002928759007063994,0.0,4.242640687119285,0.3827773902641628,0.0732592652487216
385,38.43233017751382,0.19634954084936207,-8.673617379884035e-19,0.26295627350899203,0.8418147893355621,-1.196959198423997e-16,0.3852999727182399,1.3392169665818205,4.163336342344337e-17,1.078645103142467,2.829121562871135,5.551115123125783e-17,0.8237403135665924,2.240633055135194,-3.122502256758253e-17,1.4178777638721127,5.710242470164261,0.07651378554077953,0.5817376292666115,0.33927405209739386,0.9975254669047848,1.879601404388584,-0.06618482939829226,0.0,0.23195962627465622,0.16577479687636396,1.0,0.0002928759007063994,0.0,4.242640687119285,0.3827773902641628,0.0732592652487216
386,38.62867971836318,0.19634954084936207,0.0,0.25049221968813085,0.8239490309360811,-1.205632815803881e-16,0.3864222887027506,1.53401577200066,4.163336342344337e-17,1.0777903873810029,2.956214282761291,5.551115123125783e-17,0.8313416338204596,2.1360344230027684,-6.245004513516506e-17,1.4410991515246196,5.70224345581547,0.07410608241262291,0.580816059565446,0.34556445606163544,1.0004865980397044,1.9067780805230838,-0.06651888183292423,0.0,0.22757266208138283,0.1610537802484586,1.0,0.0002928759007063994,0.0,4.242640687119285,0.3827773902641628,0.0732592652487216
387,38.82502925921254,0.19634954084936207,1.734723475976807e-18,0.24914971692891658,0.8543017459835593,-1.214306433183765e-16,0.3764180136187084,1.5281736284208018,1.3877787807814457e-17,1.0789628879263877,3.041970001251822,6.938893903907228e-17,0.8379991059464408,2.0636246232802136,-3.122502256758253e-17,1.4640482839786728,5.656899832145958,0.07165698517552378,0.5820804567612254,0.351121250783517,1.0048586927202663,1.9347080355154251,-0.06645272885878599,0.0,0.23028262952213532,0.16382990066334935,1.0,0.0002928759007063994,0.0,4.242640687119285,0.3827773902641628,0.0732592652487216
388,39.0213788000619,0.19634954084936207,1.734723475976807e-18,0.25437903557494085,0.943420871722911,-1.222980050563649e-16,0.359538958123697,1.359133018232745,2.7755575615628914e-17,1.0822666924777475,3.060035996054383,6.938893903907228e-17,0.8433696309482279,2.1127691941678024,1.734723475976807e-17,1.4846234422965485,5.584353036845049,0.06951761222098249,0.5856505968233616,0.35563616720287516,1.0108043762472194,1.9615493701125368,-0.06621548710170932,0.0,0.22409248613401545,0.15787699903230612,1.0,0.0002928759007063994,0.0,4.242640687119285,0.3827773902641628,0.0732592652487216
390,39.414077881760626,0.19634954084936207,2.6020852139652106e-18,0.2582798376550365,1.1029288628731453,-1.1796119636642288e-16,0.3391735843363238,1.121750755289801,2.7755575615628914e-17,1.090403996811369,2.8118183284943257,6.938893903907228e-17,0.8517000451478696,2.151714078876367,-6.591949208711867e-17,1.5068824591404568,5.441805021626761,0.06771501470671351,0.594490438131104,0.36269648345244154,1.024901936290259,2.0006860010723018,-0.06546478563206139,0.0,0.18762872719116072,0.12216394155909933,1.0,0.00029109876427410933,0.0,4.242640687119285,0.3905247140460393,0.07625477614037038
391,39.61042742260999,0.19634954084936207,8.673617379884035e-19,0.25579023795038014,1.068289544720736,-1.1622647289044608e-16,0.34167179410389076,1.0720252849309213,1.3877787807814457e-17,1.094015777985192,2.845780351009055,8.326672684688674e-17,0.8553627917515445,2.13781283801885,-6.245004513516506e-17,1.5071219057269452,5.409879536816715,0.06810773788953872,0.5984352612402722,0.365822752756498,1.032365751886309,2.0114709430977515,-0.06366566411918911,0.0,0.14208916191043205,0.07842349779124294,1.0,0.00029109876427410933,0.0,4.242640687119285,0.3905247140460393,0.07625477614037038
392,39.80677696345935,0.19634954084936207,2.6020852139652106e-18,0.25347068007093515,0.9545178961855044,-1.1796119636642288e-16,0.3487220838191331,1.200581713404284,1.3877787807814457e-17,1.0974552214753264,2.798950604243627,5.551115123125783e-17,0.8587923338947194,2.1208002563224575,-6.245004513516506e-17,1.5027478300888377,5.404359975480418,0.06870099543535019,0.6022039815717288,0.3687621363781696,1.0396671133852486,2.0181570307893293,-0.062232009972772964,0.0,0.119632684652448,0.05740067467967504,1.0,0.00029109876427410933,0.0,4.242640687119285,0.3905247140460393,0.07625477614037038
393,40.00312650430871,0.19634954084936207,3.469446951953614e-18,0.2510341993628557,0.7949015703987838,-1.214306433183765e-16,0.35643763036448894,1.3098320786250146,2.7755575615628914e-17,1.101211250536009,2.8724264117061087,6.938893903907228e-17,0.8618071995931473,2.157429576402682,-5.551115123125783e-17,1.4966192574727277,5.407875332239956,0.06889073333856223,0.6063331091535403,0.37135582463529143,1.046579667127394,2.0227001762590047,-0.060641544571782724,0.0,0.10683962917205495,0.04619808460027222,1.0,0.00029109876427410933,0.0,4.242640687119285,0.3905247140460393,0.07625477614037038
395,40.39582558600743,0.19634954084936207,8.673617379884035e-19,0.24548955543358225,0.7344774666225435,-1.214306433183765e-16,0.36829810928776807,1.239701154044574,1.3877787807814457e-17,1.1116453793770762,3.0124271909773883,5.551115123125783e-17,0.866004158026192,2.155985883200439,-4.85722573273506e-17,1.4858967563704473,5.378462575875188,0.06758976546524917,0.6178777247452016,0.37498160085932675,1.0604490910697777,2.031560767989003,-0.05872754351975852,0.0,0.1037489474632523,0.045021403943493785,1.0,0.00029109876427410933,0.0,4.242640687119285,0.3905247140460393,0.07625477614037038
396,40.592175126856795,0.19634954084936207,0.0,0.24745809086142317,0.7853597681492384,-1.214306433183765e-16,0.36963217083653754,1.2584247690638395,1.3877787807814457e-17,1.11739573865988,2.954448852896391,6.938893903907228e-17,0.8679311913693054,2.1332601326024077,-5.551115123125783e-17,1.4813577677300265,5.373833075627207,0.06660012925576547,0.6242866183876297,0.37665227647587096,1.0675390241192662,2.03668492631894,-0.05779103181211845,0.0,0.10534126337117261,0.04755023155905416,1.0,0.00029109876427410933,0.0,4.242640687119285,0.3905247140460393,0.07625477614037038
397,40.788524667706156,0.19634954084936207,1.734723475976807e-18,0.2509524347246734,0.9139009413219874,-1.196959198423997e-16,0.36745689582821967,1.3068320109746927,1.3877787807814457e-17,1.121936217681862,2.916155017601775,6.938893903907228e-17,0.8704776313346286,2.1357677224601255,-5.551115123125783e-17,1.4753519345800192,5.383699965505104,0.06577007861828975,0.6293704382731411,0.3788656533269728,1.0740061702184036,2.0405709228800077,-0.05789414077849138,0.0,0.09918225906142805,0.04128811828293667,1.0,0.00029109876427410933,0.0,4.242640687119285,0.3905247140460393,0.07625477614037038
399,41.18122374940488,0.19634954084936207,2.6020852139652106e-18,0.2483355939434935,0.8778412336758943,-1.214306433183765e-16,0.36662694602197377,1.1792647287609763,2.7755575615628914e-17,1.1284112544759706,3.1893964801946364,6.245004513516506e-17,0.8760612917458103,2.30674461824158,-3.469446951953614e-17,1.4553307823154056,5.345572833743736,0.06484837909281008,0.6366559796140169,0.3837416934476688,1.0852460521544958,2.040844420809952,-0.05878898420432821,0.0,0.08227747743605478,0.023488493231726568,1.0,0.00029109876427410933,0.0,4.242640687119285,0.3905247140460393,0.07625477614037038
400,41.37757329025424,0.19634954084936207,3.469446951953614e-18,0.24825344674234961,0.8703492398397057,-1.249000902703301e-16,0.3640276121425341,1.1525550133106863,4.163336342344337e-17,1.1321032806123799,3.293507032205194,6.245004513516506e-17,0.8781209237619868,2.340209359030126,-5.551115123125783e-17,1.44384055121173,5.2950786302302335,0.06432200171268795,0.6408289189866563,0.3855481783743024,1.0906990990736467,2.0391096725252646,-0.060109253743721044,0.0,0.07443616416996715,0.014326910426246106,1.0,0.00028352552560269377,0.0,4.242640687119285,0.3507362355994891,0.06150795348125015
401,41.5739228311036,0.19634954084936207,5.204170427930421e-18,0.25219184603856015,0.848414247985865,-1.231653667943533e-16,0.35494593763364185,1.1775233725916587,4.163336342344337e-17,1.1358066884635334,3.2541020998265013,5.551115123125783e-17,0.8801733389769737,2.297807289059539,-4.85722573273506e-17,1.4336959847102282,5.235485925708169,0.06348256137557187,0.6450284167792488,0.3873525533229373,1.0958635314777578,2.0381968124757375,-0.059780657564216994,0.0,0.07744169782382451,0.01766104025960752,1.0,0.00028352552560269377,0.0,4.242640687119285,0.3507362355994891,0.06150795348125015
402,41.77027237195296,0.19634954084936207,1.734723475976807e-18,0.25537692381990096,0.7966829653511904,-1.249000902703301e-16,0.3443440035990706,1.2453412063914584,0.0,1.1386706681533612,3.0971440930343177,6.245004513516506e-17,0.8826361953740283,2.1594730789216294,-5.551115123125783e-17,1.425072868167731,5.208940277513014,0.0624791231581384,0.648285445256411,0.3895233266921698,1.1002878951067192,2.038136045287595,-0.06130897956853393,0.0,0.0833514970919795,0.022042517523445576,1.0,0.00028352552560269377,0.0,4.242640687119285,0.3507362355994891,0.06150795348125015
404,42.162971453651686,0.19634954084936207,1.734723475976807e-18,0.25064952203983126,0.77608823130431,-1.196959198423997e-16,0.33739711429116115,1.1497738545792193,4.163336342344337e-17,1.1451613382991592,3.178803110849268,6.938893903907228e-17,0.8872342524186145,2.2913054415490044,6.938893903907228e-18,1.4141986020438313,5.294733834811563,0.06083225139233818,0.6556972453675606,0.39359230933240885,1.1101218060923075,2.043702690650852,-0.0636319491189296,0.0,0.10006060477466955,0.03642865565573995,1.0,0.00028352552560269377,0.0,4.242640687119285,0.3507362355994891,0.06150795348125015
405,42.35932099450105,0.19634954084936207,0.0,0.249451367984478,0.7804556178498985,-1.231653667943533e-16,0.33117028678986404,1.1327453668495044,6.938893903907228e-18,1.1504236745086542,3.245823671161947,4.85722573273506e-17,0.8883569465266543,2.280457994179338,-4.163336342344337e-17,1.4141332267917226,5.408270020921127,0.05990131006599009,0.6617373154349969,0.39458903222108044,1.1162276577220673,2.050755341384568,-0.06572779428162048,0.0,0.12301556262027179,0.057287768338651304,1.0,0.00028352552560269377,0.0,4.242640687119285,0.3507362355994891,0.06150795348125015
406,42.55567053535041,0.19634954084936207,2.6020852139652106e-18,0.2525338638722394,0.7318532522606249,-1.214306433183765e-16,0.31572398271828733,1.1244500571181504,6.938893903907228e-18,1.1557644317008284,3.2748268646989773,4.163336342344337e-17,0.8891556785682735,2.2135887817056408,-6.938893903907228e-17,1.4176505835876132,5.536833271567213,0.05856825913856687,0.6678957107923694,0.39529891036510345,1.1217628802960398,2.0596897484906442,-0.06684954874458925,0.0,0.13352764282157062,0.06667809407698137,1.0,0.00028352552560269377,0.0,4.242640687119285,0.3507362355994891,0.06150795348125015
407,42.75202007619977,0.19634954084936207,4.336808689942018e-18,0.2570425968785053,0.7362702727607797,-1.222980050563649e-16,0.29582507137306696,1.0285140948705769,2.0816681711721685e-17,1.159657669537332,3.170435461084679,5.551115123125783e-17,0.8904209174744733,2.1423732512019216,-5.551115123125783e-17,1.4227394640904716,5.652410742747723,0.05707883826724501,0.6724029552583777,0.3964247051380414,1.1259064986636642,2.0688618511254244,-0.0675530143278024,0.0,0.13601698495752934,0.06846397062972694,1.0,0.00028352552560269377,0.0,4.242640687119285,0.3507362355994891,0.06150795348125015
409,43.14471915789849,0.19634954084936207,-2.6020852139652106e-18,0.25232017771825604,0.7531654924442441,-1.205632815803881e-16,0.2897359513678136,0.8437724190977186,3.469446951953614e-17,1.1632560787737165,3.403292008101205,7.632783294297951e-17,0.8955042034276278,2.463633995579143,-1.3877787807814457e-17,1.4304042007875697,5.756185929474971,0.0562715044415937,0.6765823524020016,0.4009638891782751,1.1338177460218704,2.087216803160441,-0.0673908793537944,0.0,0.13683848265887266,0.06944760330507826,1.0,0.00028352552560269377,0.0,4.242640687119285,0.3507362355994891,0.06150795348125015
410,43.341068698747854,0.19634954084936207,6.071532165918825e-18,0.24197168549548811,0.778406901088359,-1.231653667943533e-16,0.3105329136268642,0.9719978264136429,2.0816681711721685e-17,1.1647939634767772,3.512939129015346,5.551115123125783e-17,0.8991757236846053,2.583668519366527,-2.7755575615628914e-17,1.4341936961305306,5.710757632456424,0.05751330230438433,0.67837248867597,0.40425849103186673,1.140144282012221,2.0997688937096366,-0.06615716239560085,0.0,0.15257459423113318,0.08641743183553233,1.0,0.00028394677631446625,0.0,4.242640687119285,0.3926425107264633,0.07708407061479042
411,43.537418239597216,0.19634954084936207,1.734723475976807e-18,0.23198979156782287,0.7499173303539461,-1.205632815803881e-16,0.3336404795827743,1.0082739763281305,1.3877787807814457e-17,1.1669840786658194,3.494607606678125,5.551115123125783e-17,0.9033826585829658,2.583086454897779,-4.163336342344337e-17,1.4415780433341192,5.5929921766349695,0.059234601870926995,0.6809259199297557,0.40805011391421375,1.1482106357148965,2.1173605084853273,-0.06516868156355268,0.0,0.1766318100178146,0.11146312845426193,1.0,0.00028394677631446625,0.0,4.242640687119285,0.3926425107264633,0.07708407061479042
413,43.93011732129594,0.19634954084936207,5.204170427930421e-18,0.22688927485459037,0.7600283788343585,-1.231653667943533e-16,0.356624052682308,1.1905688890144703,2.7755575615628914e-17,1.1746744187599536,3.2852632823122683,4.163336342344337e-17,0.9122062190543587,2.5100376993431937,-4.85722573273506e-17,1.4746584863567966,5.3375834646697164,0.06180802638508212,0.6899299950445175,0.4160600930407242,1.1677981144703238,2.17100497338476,-0.06407010983820785,0.0,0.2218846800553269,0.15781457021711906,1.0,0.00028394677631446625,0.0,4.242640687119285,0.3926425107264633,0.07708407061479042
414,44.1264668621453,0.19634954084936207,1.734723475976807e-18,0.23183729494921623,0.7482541774226716,-1.205632815803881e-16,0.358543466484641,1.233326049883346,4.163336342344337e-17,1.180129603312252,3.2832941072077793,4.85722573273506e-17,0.9165036378840932,2.48910289435859,-1.249000902703301e-16,1.499441863289273,5.409047578908122,0.06240900224386396,0.6963529403069666,0.4199894591273884,1.1787514016782188,2.205788854179397,-0.06387409202604005,0.0,0.2620699394671791,0.19819584744113905,1.0,0.00028394677631446625,0.0,4.242640687119285,0.3926425107264633,0.07708407061479042
415,44.32281640299466,0.19634954084936207,1.3010426069826053e-18,0.2388528887989791,0.7931146930490292,-1.214306433183765e-16,0.3599272075832769,1.2903830870138577,4.163336342344337e-17,1.1858651638042657,3.38285492836105,9.71445146547012e-17,0.9208739997569736,2.494165683968239,-9.71445146547012e-17,1.5268224985082688,5.439063251251064,0.06284866938307278,0.7031380933622586,0.4240044617142033,1.1899912244595348,2.2434161605005163,-0.06435327967203541,0.0,0.2775126940267023,0.2131594143546669,1.0,0.00028394677631446625,0.0,4.242640687119285,0.3926425107264633,0.07708407061479042
416,44.51916594384402,0.19634954084936207,8.673617379884035e-19,0.24426736094765458,0.8589079026010602,-1.231653667943533e-16,0.3633762133818882,1.2306099744340222,-1.3877787807814457e-17,1.1913900148034298,3.449877253470596,4.163336342344337e-17,0.925374394030413,2.5570032110416174,-6.245004513516506e-17,1.5544512206461059,5.435794814409235,0.06345534803401252,0.7097050836866584,0.4281588845635769,1.201319316284248,2.28188422213723,-0.06520846334927329,0.0,0.28367487281894566,0.21846640946967238,1.0,0.00028394677631446625,0.0,4.242640687119285,0.3926425107264633,0.07708407061479042
418,44.911865025542745,0.19634954084936207,-4.336808689942018e-19,0.24591631078629775,0.9002311505668041,-1.205632815803881e-16,0.36702392078750323,1.5665461391361712,2.7755575615628914e-17,1.2018422828604534,3.4698653620119475,6.938893903907228e-17,0.9343981565332992,2.543113313577914,-4.163336342344337e-17,1.6078851855907272,5.381797534178202,0.06523698183047319,0.7222124364356128,0.43654995746641395,1.2239993757325,2.3585789211102877,-0.06708703405433787,0.0,0.2863519983893505,0.21926496433501264,1.0,0.00028394677631446625,0.0,4.242640687119285,0.3926425107264633,0.07708407061479042
419,45.10821456639211,0.19634954084936207,3.903127820947816e-18,0.2469752384181724,0.9380869170843584,-1.2663481374630692e-16,0.35706123876766516,1.4830384422348724,2.7755575615628914e-17,1.2067035366504957,3.330477886094924,4.85722573273506e-17,0.9388364916063774,2.616273513349196,-9.71445146547012e-17,1.6354918432979186,5.366150050715642,0.06541218110910067,0.728066712682407,0.4407069789858856,1.2341858727773931,2.397097915526665,-0.06945983573099186,0.0,0.290175925914919,0.22071609018392713,1.0,0.00028394677631446625,0.0,4.242640687119285,0.3926425107264633,0.07708407061479042
420,45.30456410724147,0.19634954084936207,4.336808689942018e-19,0.2502361891069758,0.9539925655324195,-1.2836953722228372e-16,0.33763957755079355,1.2338138173205304,4.163336342344337e-17,1.2113485748073902,3.2637800119044713,4.163336342344337e-17,0.9430261386537482,2.6104877055943447,-2.0816681711721685e-17,1.664259345444938,5.377032749669192,0.06438178972795877,0.7336826848439477,0.4446491490920992,1.2427136236640057,2.4351977483593243,-0.07118931707004425,0.0,0.2900776580854959,0.21888834101545165,1.0,0.00028681245643972765,0.0,4.242640687119285,0.41041529600456084,0.08422035759725564
421,45.50091364809083,0.19634954084936207,8.673617379884035e-19,0.25407513558079653,0.9108056638855986,-1.214306433183765e-16,0.31516356007965673,1.2120667633481794,1.3877787807814457e-17,1.2162854371774114,3.39349497789191,2.7755575615628914e-17,0.9465172919590779,2.59033245568745,-8.326672684688674e-17,1.6925937178691661,5.49631484636574,0.06225342454002385,0.7396751323449235,0.44794749198877315,1.2498760488737206,2.471339384180438,-0.07340676419143148,0.0,0.28316423049329753,0.20975746630186604,1.0,0.00028681245643972765,0.0,4.242640687119285,0.41041529600456084,0.08422035759725564
423,45.89361272978955,0.19634954084936207,3.0357660829594124e-18,0.2549692796533322,0.7063939731374249,-1.249000902703301e-16,0.29519935255610313,1.1309358633244462,1.3877787807814457e-17,1.228181179604134,3.613325391324775,4.163336342344337e-17,0.9510851874646011,2.7428409664680635,-7.632783294297951e-17,1.7388032282851515,6.102954209526812,0.057045923370094447,0.7542145049669008,0.4522815169072877,1.2635419452442829,2.532151362159184,-0.074612514727162,0.0,0.25635298142480484,0.18174046669764282,1.0,0.00028681245643972765,0.0,4.242640687119285,0.41041529600456084,0.08422035759725564
424,46.089962270638914,0.19634954084936207,1.734723475976807e-18,0.2486800589737636,0.7441051451115743,-1.249000902703301e-16,0.3011691625778061,0.9625900011750619,4.163336342344337e-17,1.233665552893113,3.5812071328314534,5.551115123125783e-17,0.9529987029591209,2.7165963593394475,-3.469446951953614e-17,1.7540708128140459,6.330200955245245,0.05464219751419601,0.7609653481975353,0.45410326392088335,1.2697108096326146,2.5545404659723516,-0.07485627491721258,0.0,0.21694266696488343,0.14208639204767085,1.0,0.00028681245643972765,0.0,4.242640687119285,0.41041529600456084,0.08422035759725564
425,46.286311811488275,0.19634954084936207,0.0,0.2377745511061698,0.7537279387542597,-1.249000902703301e-16,0.31031967608007854,0.8404245614270549,1.3877787807814457e-17,1.2379629836908856,3.7107181281362465,7.632783294297951e-17,0.9550544255366515,2.5953475714708434,6.938893903907228e-18,1.7643465403029468,6.489926617663278,0.052329903847412346,0.76627617449442,0.45606447786857174,1.274670556210404,2.5712230869342996,-0.07466763976994897,0.0,0.1882443362535653,0.11357669648361632,1.0,0.00028681245643972765,0.0,4.242640687119285,0.41041529600456084,0.08422035759725564
427,46.679010893187,0.19634954084936207,8.673617379884035e-19,0.21412406397213526,0.6303839761690677,-1.244664094013359e-16,0.32337646795688285,0.9067904840704486,1.3877787807814457e-17,1.2461061830258437,3.8619117557491602,6.245004513516506e-17,0.9579342522771211,2.4554036410401556,-5.551115123125783e-17,1.7721238356334816,6.654496483040572,0.04866166300922025,0.7763903096876188,0.4588190158428635,1.2838709885397026,2.590604184364053,-0.0743215091823532,0.0,0.1524054190887216,0.0780839099063684,1.0,0.00028681245643972765,0.0,4.242640687119285,0.41041529600456084,0.08422035759725564
428,46.87536043403636,0.19634954084936207,4.336808689942018e-19,0.2075314047297556,0.6741973534831843,-1.214306433183765e-16,0.3277282297534675,1.0730362952035377,4.163336342344337e-17,1.2518055430913357,3.8586206554546276,8.326672684688674e-17,0.9580185659778044,2.4986545213150166,-4.163336342344337e-17,1.7699385707623658,6.676998838070638,0.048089731208698944,0.7835085588570968,0.45889978637908446,1.2904980764448801,2.595222149777492,-0.07416931903537624,0.0,0.12614998245599857,0.051980663420622325,1.0,0.00028681245643972765,0.0,4.242640687119285,0.41041529600456084,0.08422035759725564
429,47.07170997488572,0.19634954084936207,0.0,0.20528297122683448,0.7926261372634497,-1.2793585635328952e-16,0.3322174884922347,1.1139297184685013,5.551115123125783e-17,1.2586694558745573,3.8488228453323745,4.85722573273506e-17,0.9573283652591936,2.468294721530317,-7.632783294297951e-17,1.7641412526089668,6.653826074101735,0.048578940635314594,0.792124399575777,0.45823879946491997,1.2989421396760115,2.5974734161132496,-0.074310608457686,0.0,0.11416760187312693,0.039856993415440925,1.0,0.00028681245643972765,0.0,4.242640687119285,0.41041529600456084,0.08422035759725564
430,47.26805951573508,0.19634954084936207,8.673617379884035e-19,0.2054757139866245,0.8537159957341551,-1.2793585635328952e-16,0.3377673714728478,1.2575302744742716,4.163336342344337e-17,1.2661438001644143,3.789109035391454,3.469446951953614e-17,0.956224131739936,2.487763140874922,-4.163336342344337e-17,1.7557812176780507,6.5703547371075945,0.0498828923961987,0.8015600613473917,0.45718229506089725,1.3086252488044876,2.5981548186401593,-0.07463020304278747,0.0,0.10651126493139751,0.031881061888610035,1.0,0.00029153744785153545,0.0,4.242640687119285,0.427819882856752,0.09151492608378249
432,47.660758597433805,0.19634954084936207,1.734723475976807e-18,0.20864984587395088,0.7818692600272996,-1.244664094013359e-16,0.3478213100461996,1.417728360320027,2.7755575615628914e-17,1.2800396128343852,3.9764797789872777,2.7755575615628914e-17,0.954208203106983,2.6346381764583615,-9.020562075079397e-17,1.7375316661374183,6.387022687787996,0.052958246429067116,0.8192507052126013,0.45525664743832855,1.327465599079997,2.597856645042499,-0.07656401188512066,0.0,0.10445956287655865,0.027895550991437992,1.0,0.00029153744785153545,0.0,4.242640687119285,0.427819882856752,0.09151492608378249
433,47.85710813828317,0.19634954084936207,2.8189256484623115e-18,0.21431346634246853,0.6795278261853668,-1.222980050563649e-16,0.34481016755336313,1.42738176319124,1.3877787807814457e-17,1.2853066171263778,3.9656957133659003,6.591949208711867e-17,0.9538927811130342,2.6244354366426235,-1.1102230246251565e-16,1.7305152601010596,6.339047252355312,0.053649849544340274,0.8260065500144267,0.4549557189297796,1.3346121184885464,2.5981322650878376,-0.07773736121274794,0.0,0.10753103014536511,0.029793668932617173,1.0,0.00029153744785153545,0.0,4.242640687119285,0.427819882856752,0.09151492608378249
434,48.05345767913253,0.19634954084936207,-1.6263032587282567e-18,0.22276430909385542,0.6168365896011638,-1.235990476633475e-16,0.33380910660058644,1.3192777370106112,-1.3877787807814457e-17,1.289530660731888,3.8937693358849415,5.204170427930421e-17,0.9538012556584893,2.534962761294303,1.3877787807814457e-17,1.7251542346164805,6.29722105735507,0.05350729716138755,0.8314446624838095,0.45486841764785535,1.3398203772930524,2.5982512209090043,-0.07892665442409125,0.0,0.10797391694172194,0.029047262517630693,1.0,0.00029153744785153545,0.0,4.242640687119285,0.427819882856752,0.09151492608378249
436,48.44615676083125,0.19634954084936207,3.577867169202165e-18,0.23283105582586563,0.6861422546917589,-1.244664094013359e-16,0.31025392054993894,1.0090087822795804,1.3877787807814457e-17,1.2991077197071308,3.7729579937463744,8.673617379884035e-17,0.9520642913800624,2.5040591709901783,-8.326672684688674e-17,1.7140721055925072,6.270112792950201,0.05276653469172567,0.8438404337013307,0.4532132074605102,1.3498201758535666,2.596305042770066,-0.08074799444201496,0.0,0.10450707666293947,0.023759082220924516,1.0,0.00029153744785153545,0.0,4.242640687119285,0.427819882856752,0.09151492608378249
437,48.64250630168061,0.19634954084936207,2.168404344971009e-18,0.23324834893823443,0.714207328824414,-1.249000902703301e-16,0.3070852152574453,1.0622413290976618,-1.3877787807814457e-17,1.3056504032860332,3.9148557816281433,5.204170427930421e-17,0.9501970776379493,2.4226599980910337,-3.469446951953614e-17,1.7067263092562974,6.27419940097133,0.053107056233568595,0.8523614878004905,0.4514372431758494,1.3569057872099084,2.5948299979568157,-0.08189341793472416,0.0,0.10315815972172415,0.021264741786999997,1.0,0.00029153744785153545,0.0,4.242640687119285,0.427819882856752,0.09151492608378249
438,48.83885584252997,0.19634954084936207,3.903127820947816e-18,0.23616121753593,0.7489357767370708,-1.2706849461530112e-16,0.3049366532994824,1.0076161325822126,2.7755575615628914e-17,1.3126997208095659,4.137107353790253,4.85722573273506e-17,0.948290356150726,2.536777159038359,-1.249000902703301e-16,1.699253038907348,6.271377847965506,0.053682861525540373,0.861590278506756,0.4496272997842353,1.3649004398165316,2.5941421799644484,-0.08203637314538162,0.0,0.10699860821408325,0.024962235068701627,1.0,0.00029153744785153545,0.0,4.242640687119285,0.427819882856752,0.09151492608378249
439,49.035205383379335,0.19634954084936207,2.6020852139652106e-18,0.24384614194963317,0.755508095324571,-1.2923689896027213e-16,0.29751741257613784,1.0417681493141244,2.7755575615628914e-17,1.319488249142644,4.271891545255971,6.938893903907228e-17,0.9468013093419868,2.649875924156188,-4.163336342344337e-17,1.6930510411001587,6.250043154619731,0.05394218283309262,0.8705246198127601,0.4482163596858502,1.3726831623317028,2.5948334155155424,-0.08184222497425134,0.0,0.11316018990208218,0.031317964927830844,1.0,0.00029153744785153545,0.0,4.242640687119285,0.427819882856752,0.09151492608378249
441,49.42790446507806,0.19634954084936207,-4.336808689942018e-19,0.2573837217642807,0.7562620657105827,-1.249000902703301e-16,0.2720205790273785,0.9873253546255302,2.7755575615628914e-17,1.3315267646192295,4.256359039040967,6.938893903907228e-17,0.9449808150968572,2.712397719450251,-1.3877787807814457e-17,1.6839246863766224,6.147960179744736,0.05292583213560493,0.8864817624486764,0.4464943704505603,1.3859019650348416,2.598008969820325,-0.08173933254395255,0.0,0.11659057028279328,0.03485123773884073,1.0,0.0002961716186636061,0.0,4.242640687119285,0.4336317436134549,0.09401824453462254
442,49.62425400592742,0.19634954084936207,-6.505213034913027e-19,0.2537275753288443,0.7226503323936789,-1.231653667943533e-16,0.26793436376751717,0.9466466268911851,1.3877787807814457e-17,1.3372753560157766,4.149428918470747,4.85722573273506e-17,0.9440310301334196,2.667709757385449,-6.938893903907228e-17,1.678059670092137,6.081299048510955,0.05217604414767348,0.8941526889035609,0.4455972929273825,1.3919260259786168,2.597812068131227,-0.08116993360377017,0.0,0.10656685276685957,0.025396919163089393,1.0,0.0002961716186636061,0.0,4.242640687119285,0.4336317436134549,0.09401824453462254
443,49.82060354677678,0.19634954084936207,8.673617379884035e-19,0.243157383915388,0.6644416144752469,-1.240327285323417e-16,0.27347064534403753,0.8938610269810705,1.3877787807814457e-17,1.3433823673883272,4.128954935230605,6.938893903907228e-17,0.9426230380797811,2.5890977300094242,-1.3877787807814457e-17,1.6699805857806893,6.060813558276346,0.051607718492575345,0.902338092504933,0.44426909595937825,1.3982149069568868,2.5954694952750565,-0.08023537459170815,0.0,0.09483582843901422,0.014600453847306072,1.0,0.0002961716186636061,0.0,4.242640687119285,0.4336317436134549,0.09401824453462254
444,50.01695308762614,0.19634954084936207,-2.168404344971009e-19,0.23110822126059002,0.6840034089189237,-1.249000902703301e-16,0.2837244590153991,0.9842622355986188,0.0,1.3501824516491179,4.173811409570767,6.245004513516506e-17,0.9406889378757974,2.615484438332323,-7.632783294297951e-17,1.6603569253830643,6.037739441491465,0.051298118136045213,0.9114963263706112,0.44244783892094786,1.4052422834276044,2.5920221046587772,-0.07935815551418368,0.0,0.08818834462106404,0.008830189106880354,1.0,0.0002961716186636061,0.0,4.242640687119285,0.4336317436134549,0.09401824453462254
446,50.409652169324865,0.19634954084936207,3.0357660829594124e-18,0.2236089474255557,0.7570883789423224,-1.2576745200831851e-16,0.3013394748123251,1.150896127286123,1.3877787807814457e-17,1.3655167410531408,4.2575475577211295,6.245004513516506e-17,0.9368246898056789,2.5668102876288055,-5.551115123125783e-17,1.642213531236835,5.916851274145694,0.051624143386513194,0.9323179850481952,0.4388202497147533,1.4227623781494616,2.5897362540521005,-0.07835967018149965,0.0,0.09751693391367154,0.019157263732171886,1.0,0.0002961716186636061,0.0,4.242640687119285,0.4336317436134549,0.09401824453462254
447,50.606001710174226,0.19634954084936207,1.951563910473908e-18,0.22921745551871547,0.7399997422043016,-1.235990476633475e-16,0.30493585909676296,1.241948924924501,1.3877787807814457e-17,1.3730333476223857,4.289211858845266,6.245004513516506e-17,0.9359326875665505,2.4930284372583964,-4.163336342344337e-17,1.6352652440006328,5.843487303702524,0.052236054072410915,0.9426102868415674,0.4379849978277731,1.4328313387417515,2.5928212894933655,-0.07780240463119636,0.0,0.11692766925575616,0.0391252646245598,1.0,0.0002961716186636061,0.0,4.242640687119285,0.4336317436134549,0.09401824453462254
448,50.80235125102359,0.19634954084936207,1.5178830414797062e-18,0.23683859496564405,0.6847793256304497,-1.249000902703301e-16,0.3042479732448272,1.2333200300090148,5.551115123125783e-17,1.3798539173194857,4.421561990823057,5.551115123125783e-17,0.9358975698958325,2.3945825025587233,-6.938893903907228e-17,1.629418180219396,5.7827785129492515,0.05294291310808935,0.9519984165709652,0.4379521306684624,1.442893460347517,2.5976965646439405,-0.07778306500262683,0.0,0.12561836652290342,0.047835301520276596,1.0,0.0002961716186636061,0.0,4.242640687119285,0.4336317436134549,0.09401824453462254
450,51.19505033272231,0.19634954084936207,8.673617379884035e-19,0.2412195373565235,0.7438763901157657,-1.205632815803881e-16,0.3051055861628855,0.9174292049576765,1.3877787807814457e-17,1.3914994419430822,4.511581933594873,6.245004513516506e-17,0.9368631310406812,2.3445849836058263,-4.163336342344337e-17,1.6192204848558664,5.77355044370326,0.05360926619454415,0.9681353484639548,0.4388562631516743,1.4606008778101733,2.6073633851776012,-0.07819353296681016,0.0,0.12608371991193815,0.04789018694512799,1.0,0.0002936211709070636,0.0,4.242640687119285,0.3898920126205187,0.07600789075263936
451,51.39139987357167,0.19634954084936207,8.673617379884035e-19,0.23308691880748214,0.7612565461258467,-1.227316859253591e-16,0.3144431023797905,1.126797000007296,0.0,1.397031270850337,4.480893346246487,6.938893903907228e-17,0.9369420602270788,2.395940058414488,-4.163336342344337e-17,1.61591571945818,5.848323016219531,0.05296697231932254,0.9758481858668537,0.4389302121112815,1.4677453702974577,2.6116951577545917,-0.07825721088926832,0.0,0.12412036701535158,0.04586315612608326,1.0,0.0002936211709070636,0.0,4.242640687119285,0.3898920126205187,0.07600789075263936
452,51.58774941442103,0.19634954084936207,1.3010426069826053e-18,0.22184259216652705,0.7486586305885863,-1.2620113287731272e-16,0.3242978196225119,1.203532425411416,-2.7755575615628914e-17,1.4030800814222173,4.415874237083969,3.469446951953614e-17,0.9361740234434184,2.4130239021360733,-2.7755575615628914e-17,1.6158160141018347,5.9668588417045045,0.051324777151949025,0.9843168574418877,0.43821090108511895,1.4738525356789556,2.6169960124496185,-0.07903399628594227,0.0,0.1302908459331134,0.05125684964717114,1.0,0.0002936211709070636,0.0,4.242640687119285,0.3898920126205187,0.07600789075263936
453,51.784098955270395,0.19634954084936207,2.168404344971009e-18,0.21490946711139236,0.7198781401022122,-1.2598429244281562e-16,0.3258632234814143,1.1571377394931228,0.0,1.4100628555172825,4.355043211789441,6.938893903907228e-17,0.9344989027383361,2.3732310987912504,-4.85722573273506e-17,1.6200243571902861,6.1037077955173595,0.04879509490609939,0.9941386282547761,0.436644099609577,1.4795778227704526,2.624831230210275,-0.08007645356856796,0.0,0.14442675566672009,0.06435030209815212,1.0,0.0002936211709070636,0.0,4.242640687119285,0.3898920126205187,0.07600789075263936
455,52.17679803696912,0.19634954084936207,2.6020852139652106e-18,0.22388385350467957,0.6821904356720432,-1.242495689668388e-16,0.2983641318811127,0.9615085169587967,2.7755575615628914e-17,1.4252401865833073,4.565527303429636,5.551115123125783e-17,0.9309359923010647,2.35517249946736,-6.245004513516506e-17,1.6369966295191034,6.328023788560166,0.04375670460816612,1.0156547947260104,0.43332091088078395,1.4927324102149604,2.6495879716611084,-0.08201045998238403,0.0,0.16943767990608272,0.08742721992369869,1.0,0.0002936211709070636,0.0,4.242640687119285,0.3898920126205187,0.07600789075263936
456,52.37314757781848,0.19634954084936207,1.734723475976807e-18,0.23102214686321315,0.6761676748118463,-1.2598429244281562e-16,0.2828976740847855,0.9269570654239552,1.3877787807814457e-17,1.4319009860158398,4.596278696492397,6.245004513516506e-17,0.930436480685865,2.3917831262491833,-6.245004513516506e-17,1.6446454443330893,6.38757569167575,0.042710021949077054,1.0251702168765668,0.4328560222955491,1.500736261121193,2.66390411555945,-0.0838769575157624,0.0,0.18150695376879628,0.09762999625303388,1.0,0.0002936211709070636,0.0,4.242640687119285,0.3898920126205187,0.07600789075263936
457,52.56949711866784,0.19634954084936207,3.469446951953614e-18,0.23540174059486726,0.6840139978809902,-1.2836953722228372e-16,0.2752923115309509,0.9709753991069832,2.7755575615628914e-17,1.4378770076741836,4.5623244238436,9.020562075079397e-17,0.9305232876186282,2.559652289986356,-6.245004513516506e-17,1.6490364343840305,6.409349626166085,0.04287938215731647,1.0337451445990322,0.43293679440029,1.5095613211566388,2.676714829276947,-0.08485153182771982,0.0,0.17554973871158686,0.09069820688386704,1.0,0.0002936211709070636,0.0,4.242640687119285,0.3898920126205187,0.07600789075263936
458,52.7658466595172,0.19634954084936207,3.469446951953614e-18,0.23823405730310168,0.7042864360461951,-1.2555061157382141e-16,0.27496070349317575,0.9615977718420743,1.3877787807814457e-17,1.4439620198120215,4.469847977507127,6.245004513516506e-17,0.9301945815416892,2.6712556974125183,-9.71445146547012e-17,1.6497286097514035,6.39701358968736,0.043850940144075194,1.0425131573298068,0.43263097976475906,1.5189950772386411,2.6864592681781203,-0.0856223814635215,0.0,0.16158014056956477,0.07595775910604327,1.0,0.0002936211709070636,0.0,4.242640687119285,0.3898920126205187,0.07600789075263936
460,53.158545741215924,0.19634954084936207,8.673617379884035e-19,0.2423329078879983,0.6778429681064133,-1.2598429244281562e-16,0.2866388751540332,0.9008267310009629,-2.7755575615628914e-17,1.4578154256630016,4.416415402317294,3.469446951953614e-17,0.9264986014430108,2.6787791899362237,-1.1796119636642288e-16,1.6417082431069978,6.291214560954267,0.046560205061753415,1.062612907650499,0.4291998292379275,1.5383729419501802,2.6952783791691832,-0.08658014356720664,0.0,0.13635204784211274,0.049771904274906104,1.0,0.00029702783560655845,0.0,4.242640687119285,0.4275801653909434,0.09141239891787326
461,53.354895282065286,0.19634954084936207,0.0,0.24055543932544934,0.6603714155403502,-1.2858637765678083e-16,0.2981233955425076,1.0297501622733645,0.0,1.464495859029306,4.4929339111302244,4.163336342344337e-17,0.9240738428950181,2.595311350768042,-6.938893903907228e-18,1.6343398471124777,6.211718261673944,0.047999406531432795,1.0723740605569925,0.42695623356138335,1.5473297006498088,2.6954739528932934,-0.08847121393465435,0.0,0.11761766163207063,0.029146447697416283,1.0,0.00029702783560655845,0.0,4.242640687119285,0.4275801653909434,0.09141239891787326
462,53.55124482291465,0.19634954084936207,8.673617379884035e-19,0.2360287214831747,0.5976279178443953,-1.235990476633475e-16,0.3105517687977949,1.126261373648733,2.7755575615628914e-17,1.4703208714706815,4.513130638619054,5.551115123125783e-17,0.9222220930925948,2.5246353615534303,-1.3877787807814457e-17,1.6263399929541256,6.1267159323483344,0.049407619995519916,1.0809217325411524,0.42524679449404323,1.5555761470307157,2.694968020148906,-0.08907266857829399,0.0,0.11462886727693619,0.025556198698642202,1.0,0.00029702783560655845,0.0,4.242640687119285,0.4275801653909434,0.09141239891787326
464,53.94394390461337,0.19634954084936207,4.336808689942018e-19,0.23053483078606818,0.7291870110536296,-1.2836953722228372e-16,0.3208893159837311,1.1196839369304845,4.163336342344337e-17,1.4803963360670103,4.349687636151167,5.551115123125783e-17,0.919985894520956,2.6489199975383917,-5.551115123125783e-17,1.6144301737033602,5.961926171987018,0.0511764128779154,1.0957866559203142,0.42318702305876166,1.5701500918569913,2.697061007071995,-0.09033091357303809,0.0,0.12324831602083158,0.032917402447793495,1.0,0.00029702783560655845,0.0,4.242640687119285,0.4275801653909434,0.09141239891787326
465,54.14029344546273,0.19634954084936207,4.336808689942018e-19,0.23067274949244443,0.7805476214569045,-1.2620113287731272e-16,0.3174931101361403,1.0437642285462998,2.7755575615628914e-17,1.485727461789453,4.2113065967714975,4.85722573273506e-17,0.918487872088399,2.714686762550031,-9.020562075079397e-17,1.6120555135260772,5.877606141176304,0.05097889940652381,1.1036930453576645,0.4218099855867376,1.576481930350926,2.699947120183916,-0.0920746422915724,0.0,0.13400453430667253,0.041929892015100126,1.0,0.00029702783560655845,0.0,4.242640687119285,0.4275801653909434,0.09141239891787326
466,54.33664298631209,0.19634954084936207,1.3010426069826053e-18,0.22904558188781177,0.7756450656752931,-1.244664094013359e-16,0.31211823185916154,0.9339380010797975,8.326672684688674e-17,1.491566434238395,4.202996140444029,4.163336342344337e-17,0.9161175239537426,2.692380594728151,0.0,1.6117131402699152,5.78277681877437,0.049879036085069856,1.11238521387332,0.41963565884756804,1.5818999088059578,2.7028927642135776,-0.09351705119645366,0.0,0.13603459446135285,0.04251754326489919,1.0,0.00029702783560655845,0.0,4.242640687119285,0.4275801653909434,0.09141239891787326
467,54.532992527161454,0.19634954084936207,4.336808689942018e-19,0.22388626068449968,0.7141755316306717,-1.2533377113932431e-16,0.30667239608363334,0.9302476692278389,2.7755575615628914e-17,1.4976987730836482,4.253592684013403,6.938893903907228e-17,0.9128961776389941,2.587551726476375,-6.938893903907228e-18,1.6126009656023592,5.67631949602812,0.048008402738143725,1.1215508074481324,0.4166897155739429,1.586248925760219,2.7050687473848103,-0.09506106300662738,0.0,0.13420835190535024,0.03914728889872286,1.0,0.00029702783560655845,0.0,4.242640687119285,0.4275801653909434,0.09141239891787326
469,54.92569160886018,0.19634954084936207,1.5178830414797062e-18,0.20844315530681967,0.7097712980216342,-1.231653667943533e-16,0.2943788484819587,0.9428191660900709,2.7755575615628914e-17,1.5097470275071692,4.2282727735905725,1.0408340855860843e-16,0.9054544658245293,2.2604146712534816,-5.551115123125783e-17,1.614976616103693,5.70690211282048,0.04353945740577958,1.1396680435333666,0.4099238948407917,1.5931313957799378,2.707255647672398,-0.0973645290517365,0.0,0.1317351856419806,0.03437065659024412,1.0,0.00029702783560655845,0.0,4.242640687119285,0.4275801653909434,0.09141239891787326
470,55.12204114970954,0.19634954084936207,0.0,0.20375780728610884,0.6729002349241343,-1.2836953722228372e-16,0.2874687742823567,0.888675310275866,4.163336342344337e-17,1.5154560841417501,4.23884852564022,3.469446951953614e-17,0.9021139752182309,2.2729460526919034,-8.326672684688674e-17,1.6155437741287029,5.6978384268734565,0.04181872841209971,1.1483035714811238,0.40690481214201935,1.5970271120352428,2.708626979431285,-0.09940336697014493,0.0,0.13551737670450845,0.03611400973436352,1.0,0.0003050457439001997,0.0,4.242640687119285,0.4664633318885498,0.1087940199982837
471,55.3183906905589,0.19634954084936207,8.673617379884035e-19,0.20452666292125316,0.6221305273457592,-1.2663481374630692e-16,0.2806670227827088,0.8974263324396478,1.3877787807814457e-17,1.5206021806577361,4.3558088177116545,6.245004513516506e-17,0.8994453303166882,2.305811825055194,-6.938893903907228e-17,1.615516405247343,5.645513705820256,0.04074056662487039,1.156115495910531,0.4045009511142481,1.6013570136496496,2.7105291437821872,-0.10292283934003824,0.0,0.1423100475918809,0.039387208251842665,1.0,0.0003050457439001997,0.0,4.242640687119285,0.4664633318885498,0.1087940199982837
472,55.51474023140826,0.19634954084936207,1.0842021724855044e-18,0.21126955614695667,0.5563511128930196,-1.240327285323417e-16,0.27396338101996376,0.9140144956469358,0.0,1.5251268389923986,4.4287824670485865,5.551115123125783e-17,0.8978772538172947,2.306415522774304,-5.551115123125783e-17,1.615131839210514,5.560113748740984,0.04033413478982831,1.163005937507473,0.4030917814612433,1.6064318537585447,2.713859366888303,-0.10314242673772182,0.0,0.1493244829756193,0.046182056237897465,1.0,0.0003050457439001997,0.0,4.242640687119285,0.4664633318885498,0.1087940199982837
474,55.907439313106984,0.19634954084936207,1.0842021724855044e-18,0.2304976402379454,0.6784045070785721,-1.2576745200831851e-16,0.26483209200721897,0.9688900338338557,1.3877787807814457e-17,1.5322899888897228,4.497846420394697,6.245004513516506e-17,0.8974748672951485,2.3268466621986574,-2.7755575615628914e-17,1.611186113606608,5.481611661397019,0.041562830903946336,1.1739563050258333,0.40273056871322216,1.6182497046430018,2.7218788603794897,-0.10235422925289125,0.0,0.1511888414860035,0.04883461223311225,1.0,0.0003050457439001997,0.0,4.242640687119285,0.4664633318885498,0.1087940199982837
475,56.103788853956345,0.19634954084936207,6.505213034913027e-19,0.23490199211226462,0.6827167796108533,-1.2576745200831851e-16,0.2681882655574684,0.9859508285671176,2.7755575615628914e-17,1.536064763597977,4.448862343490702,8.326672684688674e-17,0.8971877932300178,2.3608750968026415,-8.326672684688674e-17,1.606193977677894,5.500929632462058,0.043146808246770654,1.1797474789836546,0.40247296816047473,1.6253672553909002,2.7244021789121327,-0.10053252388807729,0.0,0.14120817601396982,0.040675652125892525,1.0,0.0003050457439001997,0.0,4.242640687119285,0.4664633318885498,0.1087940199982837
476,56.30013839480571,0.19634954084936207,-4.336808689942018e-19,0.23431025903832714,0.6500155976774593,-1.2706849461530112e-16,0.2771138246252677,0.959999088749505,1.3877787807814457e-17,1.5406745397691544,4.390131968033415,6.938893903907228e-17,0.8960281730260677,2.3513801291783087,0.0,1.5995136993419672,5.534606409182063,0.04504991281146705,1.1868390187464477,0.40143324342821635,1.633322174986131,2.725535318497656,-0.09889572351935932,0.0,0.1319680916585244,0.03307236813916509,1.0,0.0003050457439001997,0.0,4.242640687119285,0.4664633318885498,0.1087940199982837
478,56.69283747650443,0.19634954084936207,1.0842021724855044e-18,0.22903834018569905,0.5750477613470676,-1.227316859253591e-16,0.2921372095791375,1.0725676053602113,1.3877787807814457e-17,1.5504086519806548,4.477440322760532,7.632783294297951e-17,0.8930457930071956,2.2398552450683824,-2.7755575615628914e-17,1.5879874409848485,5.602731036560062,0.0478363916488216,1.2018834940682357,0.39876539420392526,1.6484852799209826,2.7281107845608212,-0.09642790126309903,0.0,0.1286956552861087,0.03226775402300969,1.0,0.0003050457439001997,0.0,4.242640687119285,0.4664633318885498,0.1087940199982837
479,56.88918701735379,0.19634954084936207,2.168404344971009e-19,0.22774697205996774,0.5827430820827291,-1.2555061157382141e-16,0.2948016797103442,0.9998320746355425,2.7755575615628914e-17,1.5542525688664965,4.52054523049582,4.163336342344337e-17,0.8927111479341927,2.242507109227978,-4.85722573273506e-17,1.5863612189986316,5.645068783342245,0.04803459022204152,1.2078505239140516,0.398466596822992,1.654351710959085,2.7322846254106397,-0.09422677231755298,0.0,0.13922020731829,0.044993435000737006,1.0,0.0003050457439001997,0.0,4.242640687119285,0.4664633318885498,0.1087940199982837
480,57.08553655820315,0.19634954084936207,1.3010426069826053e-18,0.22577211185133725,0.6346592708525481,-1.2945373939476923e-16,0.29853502582817937,0.9832758357178731,1.3877787807814457e-17,1.5578352507120319,4.47348935266727,5.551115123125783e-17,0.8930701154579186,2.351818766114179,-6.245004513516506e-17,1.5883024637062284,5.721661596410458,0.04744855848856102,1.2134253341805097,0.39878711556200985,1.6596610082310805,2.739578397171214,-0.09293032711368192,0.0,0.15268903782853133,0.05975871071484941,1.0,0.0003042023981920114,0.0,4.242640687119285,0.4135562137002912,0.08551437094506048
481,57.281886099052514,0.19634954084936207,-6.505213034913027e-19,0.22164254436673533,0.6618627311875358,-1.2880321809127793e-16,0.305259423494285,1.0260248768410922,0.0,1.5622070967002364,4.377555381559045,4.5102810375396984e-17,0.8933551754401473,2.4244730671988006,-3.469446951953614e-17,1.5937095130046717,5.856750385929576,0.04628290212365963,1.2202455064902908,0.3990417347428481,1.6655701433567986,2.750387581296875,-0.09151839973339587,0.0,0.16823508621144395,0.07671668647804808,1.0,0.0003042023981920114,0.0,4.242640687119285,0.4135562137002912,0.08551437094506048
483,57.67458518075124,0.19634954084936207,1.734723475976807e-18,0.20824125531630397,0.6511773585025776,-1.249000902703301e-16,0.31515589398103994,0.942128499165917,1.3877787807814457e-17,1.5741998773336086,4.542886858404897,4.163336342344337e-17,0.8925343491886868,2.357203557667547,-2.7755575615628914e-17,1.6134014990366479,6.09139136512916,0.04274626215335804,1.2390526268985735,0.3983087822408362,1.6801076712927678,2.781243840748904,-0.09035679399581631,0.0,0.18984959011987068,0.09949279612405437,1.0,0.0003042023981920114,0.0,4.242640687119285,0.4135562137002912,0.08551437094506048
484,57.8709347216006,0.19634954084936207,-1.5178830414797062e-18,0.2014717750336683,0.6434814244418838,-1.2706849461530112e-16,0.31144945308626176,0.835406132350402,0.0,1.5801906429917805,4.718304349563441,5.898059818321144e-17,0.8924302629586764,2.349786790890996,-1.1102230246251565e-16,1.6261733814997001,6.176560825940712,0.040570087752928384,1.248501234099388,0.39821588712224615,1.6872872089745625,2.799501860105314,-0.09005525440622908,0.0,0.2040503161699881,0.11399506176375901,1.0,0.0003042023981920114,0.0,4.242640687119285,0.4135562137002912,0.08551437094506048
485,58.06728426244996,0.19634954084936207,4.336808689942018e-19,0.1969791438084783,0.6508482474666386,-1.2576745200831851e-16,0.30179589886191455,0.8980081963533046,2.7755575615628914e-17,1.5849982383767505,4.7783114584323325,6.938893903907228e-17,0.8933398643970291,2.326452950485205,-5.551115123125783e-17,1.6394462864686916,6.233992120431342,0.03837628452807963,1.2561097078287011,0.39902805666045105,1.693514049017232,2.8182438197559976,-0.0904205206109452,0.0,0.20738494995178025,0.11696442934083505,1.0,0.0003042023981920114,0.0,4.242640687119285,0.4135562137002912,0.08551437094506048
486,58.26363380329932,0.19634954084936207,1.3010426069826053e-18,0.1962837772949437,0.6674155480700077,-1.2771901591879242e-16,0.2890681545069027,0.9501148580521126,1.3877787807814457e-17,1.5886055499388618,4.7732521605972265,5.204170427930421e-17,0.8952602259399257,2.3495877769468567,-6.245004513516506e-17,1.6521996693811773,6.261488301797915,0.036477599964771165,1.2618337966482767,0.40074543607500335,1.699056832688051,2.8368384805889377,-0.09104731495817481,0.0,0.2077721108143057,0.11672479585613088,1.0,0.0003042023981920114,0.0,4.242640687119285,0.4135562137002912,0.08551437094506048
488,58.656332884998044,0.19634954084936207,6.505213034913027e-19,0.20166425951040667,0.6902439621139379,-1.238158880978446e-16,0.26924037117310007,1.0319819283628362,1.3877787807814457e-17,1.5949998992582615,4.576760134632694,4.85722573273506e-17,0.8999674949365571,2.3678973927005904,-6.245004513516506e-17,1.6735168114154362,6.283177487881597,0.03478623772879222,1.272012339316932,0.40497074597119087,1.711769323016915,2.8729178688724293,-0.09210675235698539,0.0,0.20644649216515287,0.11433973980816749,1.0,0.0003042023981920114,0.0,4.242640687119285,0.4135562137002912,0.08551437094506048
489,58.852682425847405,0.19634954084936207,1.3010426069826053e-18,0.20206508337051124,0.6897149887106572,-1.2576745200831851e-16,0.2669206792092068,1.0862354717971268,4.163336342344337e-17,1.599124969269183,4.648209667338676,6.245004513516506e-17,0.9016470335281637,2.374437427659128,-2.7755575615628914e-17,1.6816471963535227,6.261821136096442,0.03523101772106061,1.2786003336700822,0.4064836865350687,1.7203150379262115,2.8903417935722695,-0.09300781042809282,0.0,0.2044932128473288,0.11148540241923598,1.0,0.0003042023981920114,0.0,4.242640687119285,0.4135562137002912,0.08551437094506048
490,59.04903196669677,0.19634954084936207,8.673617379884035e-19,0.20012570737040394,0.6812496182279535,-1.2836953722228372e-16,0.2683878904577002,1.0584363261251606,2.7755575615628914e-17,1.604123358395371,4.755548514495264,6.245004513516506e-17,0.9025458999562721,2.394965389365616,-6.938893903907228e-17,1.6884515331048753,6.21656641635276,0.03628805585973217,1.2866058744748219,0.4072945507639386,1.7301884810984927,2.9072175483663663,-0.0934193458793402,0.0,0.20233157887435282,0.10891223299501263,1.0,0.0003001774296772397,0.0,4.242640687119285,0.39121986737822684,0.0765264923157187
492,59.44173104839549,0.19634954084936207,8.673617379884035e-19,0.20199793238267036,0.677878971151881,-1.235990476633475e-16,0.26869382174700907,0.918079445239091,1.3877787807814457e-17,1.616124395061969,4.7838669445996045,4.163336342344337e-17,0.902138972767627,2.4554032371251178,-2.0816681711721685e-17,1.6996932763038939,6.109774456904298,0.03881427328297926,1.3059290301572073,0.4069273630931145,1.751670666533301,2.9386164826748353,-0.09261545007447934,0.0,0.1956782332209411,0.10306278314646176,1.0,0.0003001774296772397,0.0,4.242640687119285,0.39121986737822684,0.0765264923157187
493,59.63808058924485,0.19634954084936207,2.168404344971009e-19,0.20885777060079352,0.6837097735158961,-1.2663481374630692e-16,0.2659844007610206,0.9243553909854998,1.3877787807814457e-17,1.6224718130142655,4.878738306062662,7.632783294297951e-17,0.9011290192840924,2.4416652799472183,-6.938893903907228e-17,1.7035788427438148,6.071662113280152,0.04003054117555269,1.3162073920128992,0.4060167546979552,1.762254687886407,2.951860278414337,-0.09285494709034278,0.0,0.18403370925454932,0.09117876216420653,1.0,0.0003001774296772397,0.0,4.242640687119285,0.39121986737822684,0.0765264923157187
494,59.83443013009421,0.19634954084936207,8.673617379884035e-19,0.216426677860397,0.6853091037760772,-1.2663481374630692e-16,0.2661214401186255,0.8773232731593398,1.3877787807814457e-17,1.6284559138277532,4.9512824196656195,6.938893903907228e-17,0.9002360756511125,2.4783077004776413,-7.632783294297951e-17,1.7053216148919375,6.054843567253043,0.04147458544797536,1.3259343316402916,0.40521249595185777,1.7726214130401248,2.9630267977507465,-0.09293427751231859,0.0,0.17408423271366388,0.0811499552013453,1.0,0.0003001774296772397,0.0,4.242640687119285,0.39121986737822684,0.0765264923157187
495,60.03077967094357,0.19634954084936207,8.673617379884035e-19,0.2221179250754296,0.6846053925424329,-1.249000902703301e-16,0.27213479951816383,0.8569026811088413,0.0,1.6335154178636306,5.015079379313456,5.551115123125783e-17,0.9001324541589066,2.5336592823305297,-4.85722573273506e-17,1.7046936245748667,6.094654862678574,0.04332287938681582,1.334186310199096,0.40511921751506796,1.78262840710098,2.972362320105921,-0.09303727581355647,0.0,0.1654048292006437,0.07236755338708722,1.0,0.0003001774296772397,0.0,4.242640687119285,0.39121986737822684,0.0765264923157187
497,60.423478752642296,0.19634954084936207,8.673617379884035e-19,0.2298243593537691,0.6808714901813849,-1.249000902703301e-16,0.2904141203824588,0.8868420739564111,1.3877787807814457e-17,1.6407589241526435,4.983625204569963,6.245004513516506e-17,0.9025487447069845,2.5790065324753053,-1.1796119636642288e-16,1.7001706017820506,6.284591244551022,0.04734592016050323,1.3460449235932699,0.4072971182860767,1.80068796203985,2.98844170062019,-0.09342139740772537,0.0,0.15970946986847348,0.06628807246074811,1.0,0.0003001774296772397,0.0,4.242640687119285,0.39121986737822684,0.0765264923157187
498,60.61982829349166,0.19634954084936207,1.734723475976807e-18,0.2344203939579571,0.7071878553811164,-1.214306433183765e-16,0.2936150236051873,0.8762182019519278,0.0,1.6444053249657609,4.996696038321255,6.245004513516506e-17,0.903551844052807,2.6264304190924124,-2.7755575615628914e-17,1.6989201539036443,6.398026761523212,0.04864181951468266,1.3520344363878745,0.4082029674456139,1.8088792233481712,2.9963912069155803,-0.0942031594038078,0.0,0.16021179268942481,0.06600863328561701,1.0,0.0003001774296772397,0.0,4.242640687119285,0.39121986737822684,0.0765264923157187
499,60.81617783434102,0.19634954084936207,2.6020852139652106e-18,0.23918244125770657,0.7429643329431659,-1.2836953722228372e-16,0.2915499461515119,0.844204677390512,1.3877787807814457e-17,1.6490275213676653,4.979062579478916,3.469446951953614e-17,0.9033873563031799,2.6611299933485038,-8.326672684688674e-17,1.6989987103574846,6.502893916354415,0.04910842639889923,1.3596458831139926,0.4080543577642242,1.816808667277116,3.0042441118463676,-0.09500497940550828,0.0,0.16055511898508695,0.06555013957957867,1.0,0.0003001774296772397,0.0,4.242640687119285,0.39121986737822684,0.0765264923157187
500,61.01252737519038,0.19634954084936207,4.336808689942018e-19,0.24276410521325856,0.8166777854326335,-1.2663481374630692e-16,0.2869224632218801,0.8353527198809507,1.3877787807814457e-17,1.654390565259185,4.970727699122706,6.245004513516506e-17,0.9021830418389535,2.630331116441593,-5.551115123125783e-17,1.6997451431034416,6.583124261135898,0.0488068045979686,1.3685040712093028,0.40696712049089345,1.8242779962981648,3.011311175695068,-0.09589527148920904,0.0,0.15758100906438316,0.06168573757517412,1.0,0.00030020258236731264,0.0,4.242640687119285,0.41280147775974735,0.08520253002031558
502,61.4052264568891,0.19634954084936207,1.0842021724855044e-18,0.24170129966856665,0.816601975198338,-1.2533377113932431e-16,0.27967344332206356,0.8508067035342137,2.7755575615628914e-17,1.6642873201455102,5.1574661521888805,6.245004513516506e-17,0.899249383979521,2.5535156673109793,-1.457167719820518e-16,1.6997019274604905,6.619004551516774,0.04664574692655257,1.384926141998562,0.40432472729377406,1.8358966162188886,3.020247736910147,-0.09701386162930409,0.0,0.14594938321589965,0.04893552158659556,1.0,0.00030020258236731264,0.0,4.242640687119285,0.41280147775974735,0.08520253002031558
503,61.601575997738465,0.19634954084936207,8.673617379884035e-19,0.23580411694522913,0.7450523575141408,-1.2706849461530112e-16,0.2772776076269417,0.8420385516080735,1.3877787807814457e-17,1.6684823516410097,5.155446834233403,6.938893903907228e-17,0.897880486654077,2.620941440875326,-6.245004513516506e-17,1.6984839818933266,6.556002307200216,0.045057697432921213,1.3919166788687571,0.40309468415708116,1.8400690604587595,3.022072660537857,-0.09766510526060802,0.0,0.13349200974262027,0.03582690448201224,1.0,0.00030020258236731264,0.0,4.242640687119285,0.41280147775974735,0.08520253002031558
504,61.797925538587826,0.19634954084936207,-6.505213034913027e-19,0.2272057242363618,0.6664842142641283,-1.2880321809127793e-16,0.2740338025515803,0.8480679139841418,1.3877787807814457e-17,1.6729912180726676,5.086610385073697,4.85722573273506e-17,0.8959899389251295,2.6506891829798964,-1.3877787807814457e-17,1.6972970430815568,6.4327791952795765,0.043209090006897835,1.3994498078741338,0.4013989853275286,1.8440578832085601,3.0232775266985055,-0.0977881522901523,0.0,0.13024288136127848,0.03245472907112619,1.0,0.00030020258236731264,0.0,4.242640687119285,0.41280147775974735,0.08520253002031558
506,62.19062462028655,0.19634954084936207,1.5178830414797062e-18,0.211582723648375,0.5995921351957259,-1.2620113287731272e-16,0.26366917205376544,0.8583340972206228,2.7755575615628914e-17,1.6842633732094803,5.1267187580423155,6.245004513516506e-17,0.8901605771600452,2.6930592596168603,-5.551115123125783e-17,1.69749457586813,6.0458070183826145,0.0391803216645943,1.4183715551674885,0.39619292656495236,1.8537448033970352,3.0279394454394515,-0.0975806926999449,0.0,0.1347993725372259,0.037218679837281,1.0,0.00030020258236731264,0.0,4.242640687119285,0.41280147775974735,0.08520253002031558
507,62.38697416113591,0.19634954084936207,-2.168404344971009e-19,0.20813717352372735,0.588532211088563,-1.2880321809127793e-16,0.2586760451670445,0.8538184899021946,2.0816681711721685e-17,1.6901908666351158,5.19062159722598,4.85722573273506e-17,0.8872793226789587,2.6244847055657896,-9.020562075079397e-17,1.6983673265213204,5.834117089675547,0.037510460076517455,1.4283725828283815,0.39363229822681584,1.859515341131715,3.031949564823228,-0.09701287587413558,0.0,0.14181582971913104,0.044802953844995455,1.0,0.00030020258236731264,0.0,4.242640687119285,0.41280147775974735,0.08520253002031558
508,62.58332370198527,0.19634954084936207,-2.168404344971009e-18,0.2068223234753074,0.5842678484901198,-1.2836953722228372e-16,0.2564311770179027,0.9203810431104514,1.3877787807814457e-17,1.6955325959605652,5.2210710041210655,6.938893903907228e-17,0.8852139617445428,2.593991473974443,-5.551115123125783e-17,1.6985590401297224,5.767827372109314,0.036455267942465036,1.4374153919823864,0.3918018790337343,1.8656725389585858,3.036452177450049,-0.09642036401522813,0.0,0.14346720493901477,0.04704684092378664,1.0,0.00030020258236731264,0.0,4.242640687119285,0.41280147775974735,0.08520253002031558
509,62.77967324283463,0.19634954084936207,-1.0842021724855044e-18,0.20601685826752975,0.6139758902504442,-1.2663481374630692e-16,0.2582003903782276,0.933634681643084,2.7755575615628914e-17,1.7001659218499865,5.183116773100008,6.938893903907228e-17,0.8840287973055778,2.608618048353732,-6.938893903907228e-17,1.6975371769993435,5.792164612801267,0.0360961177981649,1.445282080910007,0.3907534572327732,1.872131655940945,3.040925879343341,-0.0956846788901946,0.0,0.14259721386371277,0.046912534973518175,1.0,0.00030020258236731264,0.0,4.242640687119285,0.41280147775974735,0.08520253002031558
511,63.172372324533356,0.19634954084936207,1.734723475976807e-18,0.20658405864367857,0.630449254459621,-1.2836953722228372e-16,0.2667269286046055,0.9205091590943386,0.0,1.7084928887995285,5.077601416326184,4.85722573273506e-17,0.8828089742800913,2.631867399619513,-6.938893903907228e-17,1.693634813994672,5.815370727327403,0.03664708695663032,1.4594739755392787,0.3896758425347334,1.8857969050306425,3.0499404460225628,-0.09431109568562364,0.0,0.14148580162162475,0.04717470593600111,1.0,0.0003002182769408328,0.0,4.242640687119285,0.412771028972954,0.0851899611796956
512,63.36872186538272,0.19634954084936207,-4.336808689942018e-19,0.21009741383332986,0.6317206127956436,-1.2663481374630692e-16,0.26726674169408554,0.9108257379749721,2.7755575615628914e-17,1.712933220853334,5.106281247598379,5.551115123125783e-17,0.8819512245304404,2.6345609968936454,-4.85722573273506e-17,1.6921936805537718,5.809650150697796,0.03708416527282926,1.4670701095514889,0.38891898122537166,1.89307325604969,3.0551424894517134,-0.0927484396339911,0.0,0.14331940756713946,0.05057096793314836,1.0,0.0003002182769408328,0.0,4.242640687119285,0.412771028972954,0.0851899611796956
513,63.56507140623208,0.19634954084936207,1.5178830414797062e-18,0.2150981236450262,0.6350430098658141,-1.249000902703301e-16,0.2648997757877928,0.8873812477986446,4.163336342344337e-17,1.717991290046508,5.14123320742759,6.938893903907228e-17,0.8805085899754177,2.589312781065144,6.938893903907228e-18,1.691138804354568,5.842621177304951,0.03760437511178482,1.475747036337832,0.38764768851024917,1.9009990999598658,3.06083341148044,-0.0917063993558227,0.0,0.14459495157929703,0.05288855222347433,1.0,0.0003002182769408328,0.0,4.242640687119285,0.412771028972954,0.0851899611796956
514,63.76142094708144,0.19634954084936207,4.336808689942018e-19,0.2196038968354482,0.6558281190130634,-1.249000902703301e-16,0.26344427257771164,0.9853286882861666,5.551115123125783e-17,1.7239691784421118,5.1616431446937625,4.85722573273506e-17,0.8781781985957298,2.54771904502145,-2.0816681711721685e-17,1.6897254711761973,5.954994490038305,0.038354626194389736,1.4860348641091852,0.3855984742444205,1.9099879645479954,3.066482924136653,-0.09077759664809576,0.0,0.14338910399192376,0.052611507343827996,1.0,0.0003002182769408328,0.0,4.242640687119285,0.412771028972954,0.0851899611796956
516,64.15412002878017,0.19634954084936207,4.336808689942018e-18,0.22442252412918176,0.6704536933584921,-1.2576745200831851e-16,0.2753930015856953,1.0101867765522754,0.0,1.7388568704286635,5.100988258396105,6.245004513516506e-17,0.8704302780350277,2.511819354816625,-5.551115123125783e-17,1.683522990412267,6.147872416189167,0.040619043904155744,1.511811607918483,0.3788244344600678,1.9312550862827065,3.075326928739373,-0.08985857899471424,0.0,0.136345147063105,0.04648656806839076,1.0,0.0003002182769408328,0.0,4.242640687119285,0.412771028972954,0.0851899611796956
517,64.35046956962954,0.19634954084936207,3.0357660829594124e-18,0.22650180269740175,0.6898427547840467,-1.2576745200831851e-16,0.28565128407558366,0.976863615627097,2.7755575615628914e-17,1.7467004012894791,5.0495488891197,5.551115123125783e-17,0.865898299298888,2.4935716743130367,-3.469446951953614e-17,1.6789115333018023,6.293598855753391,0.041757398636977305,1.5254811459324138,0.3748899323643532,1.9421284769337444,3.0780792721946257,-0.08978353936504539,0.0,0.12784200221317926,0.03805846284813387,1.0,0.0003002182769408328,0.0,4.242640687119285,0.412771028972954,0.0851899611796956
518,64.5468191104789,0.19634954084936207,2.0599841277224584e-18,0.2290142310892722,0.7226436608508336,-1.249000902703301e-16,0.29349415662453626,1.010586810670714,1.3877787807814457e-17,1.753573103877026,5.019004543338039,6.245004513516506e-17,0.8620509823318806,2.4906467467149125,-6.245004513516506e-17,1.6738738258840566,6.374793045326373,0.04254712247919653,1.5375093153204533,0.37156594806968013,1.9516223858693298,3.0796888018835364,-0.09059742467289923,0.0,0.1227924225311666,0.03219499785826736,1.0,0.0003002182769408328,0.0,4.242640687119285,0.412771028972954,0.0851899611796956
520,64.93951819217764,0.19634954084936207,0.0,0.22898465692726724,0.7502143000708107,-1.3010426069826053e-16,0.2984941327516249,1.006547820874421,0.0,1.7631216784799524,5.102853007122622,6.245004513516506e-17,0.8572464855922823,2.4290204531385906,-3.469446951953614e-17,1.6626839414771375,6.32777003589484,0.04260604140821564,1.554299026562982,0.36743576853015947,1.964340836501357,3.078196435127923,-0.09337125052042444,0.0,0.1137839336226285,0.02041268310220405,1.0,0.00029826482853225183,0.0,4.242640687119285,0.399432107553872,0.07977300427246398
521,65.13586773302701,0.19634954084936207,1.4094628242311558e-18,0.2229895500828007,0.7137235018465647,-1.3010426069826053e-16,0.30002506557909514,1.0204671760780695,2.7755575615628914e-17,1.7669857612988633,5.073995987495071,6.938893903907228e-17,0.8549452097288001,2.4075160184276,-1.3877787807814457e-17,1.655837378809507,6.269082791740617,0.04202948286266567,1.5611193403164616,0.3654656558191109,1.9686144789982383,3.074365439584288,-0.09681242682660908,0.0,0.1020720065829803,0.005259579756371216,1.0,0.00029826482853225183,0.0,4.242640687119285,0.399432107553872,0.07977300427246398
522,65.33221727387638,0.19634954084936207,1.3010426069826053e-18,0.21359690143526341,0.6422777442504357,-1.2576745200831851e-16,0.3032296109711016,1.1371757738840265,0.0,1.7711772564007657,5.114779104586783,5.551115123125783e-17,0.8516917076078985,2.371054808625723,-2.7755575615628914e-17,1.647706540893756,6.2937973053986545,0.04128634509991791,1.5685344367956708,0.36268938240402904,1.9725101642996177,3.0682324948277446,-0.10002371929434752,0.0,0.09418461035043982,-0.005839108943907698,1.0,0.00029826482853225183,0.0,4.242640687119285,0.399432107553872,0.07977300427246398
523,65.52856681472575,0.19634954084936207,1.734723475976807e-18,0.2042159704087444,0.5656139257635917,-1.2836953722228372e-16,0.3067695186022186,1.2554088707124236,-1.3877787807814457e-17,1.7757268307250678,5.10916144242383,8.326672684688674e-17,0.8475131274442084,2.357015852863754,-6.938893903907228e-17,1.6383051784157143,6.297754013978216,0.040509000740520065,1.5766028886784467,0.3591392505951314,1.976251140014098,3.0600822321676406,-0.10335253346125395,0.0,0.08773777053147934,-0.015614762929774609,1.0,0.00029826482853225183,0.0,4.242640687119285,0.399432107553872,0.07977300427246398
525,65.92126589642449,0.19634954084936207,1.3010426069826053e-18,0.19924840106297423,0.5357745339722597,-1.3097162243624894e-16,0.30540942304263613,1.3426635201392239,1.3877787807814457e-17,1.7841681058446606,5.000702346617319,5.551115123125783e-17,0.8381879291274139,2.3736090194546073,-4.85722573273506e-17,1.6155718428439636,6.2432428284410975,0.03903753750150017,1.591627914956662,0.3512795022674512,1.9819449547256132,3.037943999428429,-0.10841644173682632,0.0,0.07839520189688703,-0.03002123983993929,1.0,0.00029826482853225183,0.0,4.242640687119285,0.399432107553872,0.07977300427246398
526,66.11761543727386,0.19634954084936207,-2.6020852139652106e-18,0.20322679466119573,0.592106919979061,-1.2663481374630692e-16,0.2999431350524324,1.3004246255547391,2.7755575615628914e-17,1.7877552674174781,4.87612619286476,5.551115123125783e-17,0.8331761803759452,2.323165517916211,-1.0408340855860843e-16,1.6011591473520494,6.170513174945297,0.03846786731756125,1.5980344480894693,0.3470912737729248,1.9835935891799554,3.0228867290431483,-0.1134763856900462,0.0,0.06365326806713738,-0.04982311762290882,1.0,0.00029826482853225183,0.0,4.242640687119285,0.399432107553872,0.07977300427246398
527,66.31396497812322,0.19634954084936207,-1.734723475976807e-18,0.20692422189345455,0.6443667500416133,-1.2576745200831851e-16,0.29452082129849294,1.20481717627076,-1.3877787807814457e-17,1.7912846209090096,4.751915314173548,5.551115123125783e-17,0.827405920040001,2.350516803354835,-6.938893903907228e-17,1.5835081415646182,6.145724559371963,0.038175699038839134,1.6043502965525676,0.3423002782586202,1.9848262738500269,3.004151021397033,-0.11675105417510902,0.0,0.048720476569625644,-0.06803057760548337,1.0,0.00029826482853225183,0.0,4.242640687119285,0.399432107553872,0.07977300427246398
528,66.51031451897259,0.19634954084936207,4.336808689942018e-19,0.20774013002711628,0.6636497537141319,-1.240327285323417e-16,0.29197806900295487,1.0909007234294594,4.163336342344337e-17,1.794958682738222,4.767023325094318,6.245004513516506e-17,0.8206595606141368,2.341207913107728,-6.245004513516506e-17,1.5621786120142143,6.11342285776938,0.03823932019392219,1.6109383363686665,0.3367410572136941,1.9859187137762828,2.981568315265334,-0.11986624912462077,0.0,0.03278514990306798,-0.08708109922155279,1.0,0.00029826482853225183,0.0,4.242640687119285,0.399432107553872,0.07977300427246398
530,66.90301360067133,0.19634954084936207,8.673617379884035e-19,0.20370712473667507,0.7156807283352593,-1.2750217548429532e-16,0.2951616455194534,1.1218006058648364,2.7755575615628914e-17,1.80189534584259,4.876503418690456,4.163336342344337e-17,0.8057371406949178,2.2433772094400104,-2.0816681711721685e-17,1.5115519674586948,5.995255663468801,0.03902668803273754,1.6234134186845934,0.3246061699476108,1.9870462766649417,2.92854557120118,-0.1242107613068112,0.0,0.01741085766874041,-0.10679990363807079,1.0,0.00031111969121851765,0.0,4.242640687119285,0.5063030938924853,0.1281714114425514
531,67.0993631415207,0.19634954084936207,1.3010426069826053e-18,0.20395837676856937,0.6877961966579162,-1.2750217548429532e-16,0.29595328193077586,1.130554358048284,1.3877787807814457e-17,1.8040434827525071,4.8370133842021215,7.632783294297951e-17,0.7986103625141445,2.1934781622066613,-6.938893903907228e-17,1.4850100284657204,5.8916390465718305,0.03935421302180689,1.627286443830898,0.31888925555748665,1.9855299124101917,2.8998379598214936,-0.13352789989515676,0.0,0.016175979311130087,-0.11735192058402667,1.0,0.00031111969121851765,0.0,4.242640687119285,0.5063030938924853,0.1281714114425514
532,67.29571268237007,0.19634954084936207,4.336808689942018e-19,0.2076211934045223,0.6170167118767603,-1.2663481374630692e-16,0.29388203072715274,1.102391777759426,-1.3877787807814457e-17,1.8053929486371572,4.811531939345214,4.85722573273506e-17,0.7923348813664852,2.148225105994454,-6.245004513516506e-17,1.4594093548299294,5.754040333998339,0.03950294522607967,1.629721849494384,0.3138972821150211,1.983122076835485,2.8720857884910855,-0.13560576248796946,0.0,0.022426755601230166,-0.11317900688673929,1.0,0.00031111969121851765,0.0,4.242640687119285,0.5063030938924853,0.1281714114425514
534,67.6884117640688,0.19634954084936207,4.336808689942018e-19,0.21917743147966912,0.6279431251091564,-1.2836953722228372e-16,0.28357328256328984,0.9927666266584396,1.3877787807814457e-17,1.805835429787189,4.76481112985372,2.7755575615628914e-17,0.782356298503621,2.187744399799499,-1.3877787807814457e-17,1.4112664962824875,5.404008196338456,0.039425117537824,1.630520799737341,0.3060406889041435,1.9759866061793083,2.819779038436403,-0.13820314562831318,0.0,0.032274564516941676,-0.1059285811113715,1.0,0.00031111969121851765,0.0,4.242640687119285,0.5063030938924853,0.1281714114425514
535,67.88476130491817,0.19634954084936207,1.5178830414797062e-18,0.22224735736153448,0.6321610884508133,-1.249000902703301e-16,0.2790524560228475,1.004368685079664,5.551115123125783e-17,1.8051564212952154,4.8266700348528495,5.551115123125783e-17,0.7783752533732559,2.163778323081243,-4.85722573273506e-17,1.388214546505508,5.225425611297256,0.03927051679564142,1.6292948526716748,0.30293401753194016,1.9714993869992565,2.7947611038561595,-0.13974739402859138,0.0,0.03884649549326685,-0.10090089853532452,1.0,0.00031111969121851765,0.0,4.242640687119285,0.5063030938924853,0.1281714114425514
536,68.08111084576754,0.19634954084936207,-1.3010426069826053e-18,0.22119309991023406,0.6464621182069201,-1.2836953722228372e-16,0.27725365917725564,1.0504547674720857,6.938893903907228e-18,1.8042504268915152,4.857380577061398,6.938893903907228e-17,0.7746745648684064,2.166587474211618,-3.469446951953614e-17,1.3661621074909598,5.072261362675156,0.038963938483457264,1.6276598014691077,0.30006034072702725,1.9666840806795922,2.7706721254715365,-0.13982816551904775,0.0,0.04309993928678374,-0.09672822623226401,1.0,0.00031111969121851765,0.0,4.242640687119285,0.5063030938924853,0.1281714114425514
537,68.27746038661691,0.19634954084936207,7.589415207398531e-19,0.2160003651352611,0.6440929382091474,-1.2836953722228372e-16,0.2781371299986382,1.0689547947426217,3.469446951953614e-17,1.8036307919535237,4.8380580279201455,5.551115123125783e-17,0.7707770410072999,2.1726498288575944,1.3877787807814457e-17,1.3460950248167423,4.958465702692244,0.038381848172514825,1.626542016841447,0.2970486234719844,1.9619724884859464,2.748253502233755,-0.13913697939521025,0.0,0.0502770130021029,-0.08885996639310735,1.0,0.00031111969121851765,0.0,4.242640687119285,0.5063030938924853,0.1281714114425514
539,68.67015946831565,0.19634954084936207,1.4094628242311558e-18,0.20090544185635983,0.5810776780610323,-1.2836953722228372e-16,0.2797492096034603,1.0324350507287385,-6.938893903907228e-18,1.8048463011478213,4.636919886529607,4.163336342344337e-17,0.7613934011023543,2.066445748201806,-2.0816681711721685e-17,1.3165087841524443,4.842866306315212,0.036204412307032696,1.6287350853834857,0.28985995562110534,1.9547994533116237,2.7126221611953767,-0.1367010155734704,0.0,0.07017588109090614,-0.06652513448256425,1.0,0.00031111969121851765,0.0,4.242640687119285,0.5063030938924853,0.1281714114425514
540,68.86650900916501,0.19634954084936207,5.421010862427522e-19,0.1958453672413376,0.5315116059128195,-1.2663481374630692e-16,0.27661236910974446,0.9917259041345552,6.938893903907228e-18,1.8063676249806848,4.65389644289667,2.7755575615628914e-17,0.7568064955308303,2.07007879717246,-8.326672684688674e-17,1.3082154968656636,4.812722534829096,0.03483836335994692,1.6314819982891797,0.28637803583882837,1.952698397487955,2.7011619356114416,-0.1331706412443689,0.0,0.09772715804954527,-0.03544348319482363,1.0,0.0003243246150154656,0.0,4.242640687119285,0.5264665982392156,0.1385835395307858
541,69.06285855001438,0.19634954084936207,8.673617379884035e-19,0.19362023288047364,0.5190712224741587,-1.2836953722228372e-16,0.270699360095385,0.9088246042729359,-6.938893903907228e-18,1.80716669498798,4.69211511950197,4.163336342344337e-17,0.7534563960620627,2.077729182963392,-6.938893903907228e-17,1.303790256615107,4.778455663320797,0.033550822081805876,1.632925731736889,0.28384827038341587,1.9503248242021107,2.6931377335615374,-0.13553578845431818,0.0,0.11752078281610412,-0.018015005638214066,1.0,0.0003243246150154656,0.0,4.242640687119285,0.5264665982392156,0.1385835395307858
542,69.25920809086375,0.19634954084936207,1.734723475976807e-18,0.19334072930208107,0.5277038591221634,-1.2663481374630692e-16,0.26366536545534336,0.9415170272696061,2.0816681711721685e-17,1.8071851515257247,4.727702126725389,5.551115123125783e-17,0.752149681451443,2.117316777390021,-6.938893903907228e-17,1.302898653497403,4.734054008052551,0.03248030489766068,1.6329590859475283,0.28286457165375356,1.9483039624989424,2.6895056574997387,-0.13176964809517755,0.0,0.1351245007465638,0.003354852651386242,1.0,0.0003243246150154656,0.0,4.242640687119285,0.5264665982392156,0.1385835395307858
544,69.65190717256249,0.19634954084936207,5.421010862427522e-19,0.19537479358965387,0.6092932598469174,-1.3010426069826053e-16,0.25074266234782494,0.9637748739586113,1.3877787807814457e-17,1.805473012439019,4.723826665087879,5.551115123125783e-17,0.7541059182774396,2.1098116314981756,-9.71445146547012e-17,1.3094857109805644,4.672515125546909,0.030972577551246504,1.6298663993228133,0.2843378679905301,1.94517684486459,2.6924979762159342,-0.12604069191668005,0.0,0.15422437079397538,0.028183678877295337,1.0,0.0003243246150154656,0.0,4.242640687119285,0.5264665982392156,0.1385835395307858
545,69.84825671341186,0.19634954084936207,-1.0842021724855044e-19,0.19699228626832765,0.6958034566645506,-1.2836953722228372e-16,0.24678288102379936,0.9578825216169362,0.0,1.80481234478989,4.646359753641372,5.551115123125783e-17,0.7557518954250594,2.1247425402498172,-4.85722573273506e-17,1.3159649158854227,4.652518679123291,0.03059047565369546,1.62867379995299,0.2855804637192849,1.9448447393259705,2.6980013912024137,-0.12018242305314683,0.0,0.16763153811949832,0.047449115066351494,1.0,0.0003243246150154656,0.0,4.242640687119285,0.5264665982392156,0.1385835395307858
546,70.04460625426123,0.19634954084936207,5.421010862427522e-19,0.19842101768508794,0.7564041952529652,-1.2663481374630692e-16,0.24668240394121385,0.9017958832289231,2.0816681711721685e-17,1.804703167585491,4.541085176983788,4.163336342344337e-17,0.75739492046037,2.1125319194930094,-8.326672684688674e-17,1.3238780833880985,4.63733929712236,0.030692292658209983,1.6284767615465525,0.28682353276958505,1.9459925869743477,2.706032478256275,-0.11615688885659993,0.0,0.17575040011518378,0.05959351125858385,1.0,0.0003243246150154656,0.0,4.242640687119285,0.5264665982392156,0.1385835395307858
548,70.43730533595996,0.19634954084936207,-1.0842021724855044e-19,0.20144382369629277,0.7723393560111464,-1.249000902703301e-16,0.25892091366070646,0.8902862139061373,2.0816681711721685e-17,1.805787002209038,4.538587901831236,4.163336342344337e-17,0.7617776547993931,2.070353572952591,-2.7755575615628914e-17,1.3432955868124399,4.6325162425182596,0.03299610082949031,1.6304333486735525,0.2901525976758317,1.9535820471788745,2.7309342639131455,-0.1100991936278636,0.0,0.19111562118964845,0.08101642756178484,1.0,0.0003243246150154656,0.0,4.242640687119285,0.5264665982392156,0.1385835395307858
549,70.63365487680933,0.19634954084936207,8.673617379884035e-19,0.205547496328133,0.7289582587982073,-1.214306433183765e-16,0.2663009437208236,0.9925993067734181,1.3877787807814457e-17,1.806885059974627,4.5886872444470805,5.551115123125783e-17,0.7647100596919554,2.2002255144393477,-5.551115123125783e-17,1.3554970804033364,4.644942179082893,0.03500027004114264,1.6324168099797554,0.29239073769703694,1.959807817717935,2.7482890858601032,-0.10442796151866185,0.0,0.20935794815424968,0.10492998663558784,1.0,0.0003243246150154656,0.0,4.242640687119285,0.5264665982392156,0.1385835395307858
550,70.8300044176587,0.19634954084936207,1.1926223897340549e-18,0.21223250535605986,0.6751492846064278,-1.240327285323417e-16,0.27146354525977323,1.054555599494698,-6.938893903907228e-18,1.8084888816308347,4.629159428269996,5.551115123125783e-17,0.7677391724465312,2.3097641743921216,-6.938893903907228e-18,1.3699851990652063,4.6683589977769975,0.03711830496515655,1.6353160174911734,0.29471171845444216,1.967146040910772,2.7686098096928013,-0.10120666052836466,0.0,0.22063352158981797,0.11942686106145331,1.0,0.00031597590669511083,0.0,4.242640687119285,0.3913194743395507,0.07656546549869116
551,71.02635395850807,0.19634954084936207,4.336808689942018e-19,0.21977966901775328,0.6201194353719337,-1.2576745200831851e-16,0.2753067916519244,1.0928116214997339,1.3877787807814457e-17,1.8108425193385016,4.633176375264781,6.938893903907228e-17,0.7705773161140693,2.3865948782728523,-6.245004513516506e-17,1.3867817588753022,4.7035220530726445,0.03900089001235672,1.639575314922106,0.29689470005478114,1.9754709049892436,2.7916197896663295,-0.09610556422961454,0.0,0.2284240987825693,0.13231853455295478,1.0,0.00031597590669511083,0.0,4.242640687119285,0.3913194743395507,0.07656546549869116
553,71.4190530402068,0.19634954084936207,6.505213034913027e-19,0.2271926632046791,0.6335861319082848,-1.2663481374630692e-16,0.2880311165714453,1.1254457631212635,2.7755575615628914e-17,1.8165123766581017,4.575107796045522,6.938893903907228e-17,0.7751977482140918,2.427682893738606,-4.85722573273506e-17,1.4238790740029925,4.851499585434693,0.04143102930650689,1.6498586072760326,0.30046577441809924,1.9917554110006388,2.839627722112316,-0.09351583630984582,0.0,0.2307558479471279,0.13724001163728206,1.0,0.00031597590669511083,0.0,4.242640687119285,0.3913194743395507,0.07656546549869116
554,71.61540258105617,0.19634954084936207,-5.421010862427522e-19,0.22494090223872681,0.648358732847617,-1.2576745200831851e-16,0.29844146729755033,1.1729489874579868,1.3877787807814457e-17,1.8193578306889768,4.523444189753275,6.938893903907228e-17,0.7773264163261105,2.401764334784097,-7.632783294297951e-17,1.4423166869969875,5.001620171955931,0.04205119012699984,1.6550314580446495,0.3021181787591969,1.999200826930846,2.862993910599334,-0.09191309846884485,0.0,0.22607677258239153,0.13416367411354668,1.0,0.00031597590669511083,0.0,4.242640687119285,0.3913194743395507,0.07656546549869116
555,71.81175212190554,0.19634954084936207,0.0,0.22034089554371927,0.6443237514589994,-1.2663481374630692e-16,0.30961795487886257,1.2886155693105317,2.7755575615628914e-17,1.8219931882723834,4.469189122514963,6.938893903907228e-17,0.7795982137821856,2.376433144827994,-6.245004513516506e-17,1.4599645274403799,5.140550057481504,0.042402774364468716,1.6598295890554824,0.3038866874661871,2.0061190508861384,2.8855097721260616,-0.09164459890805626,0.0,0.22165673626245125,0.13001213735439499,1.0,0.00031597590669511083,0.0,4.242640687119285,0.3913194743395507,0.07656546549869116
556,72.00810166275491,0.19634954084936207,4.336808689942018e-19,0.2160587610692672,0.6330392864629538,-1.3010426069826053e-16,0.31948802993559505,1.4018568596922216,1.3877787807814457e-17,1.8243486007579657,4.430094159400659,5.551115123125783e-17,0.7821196460821047,2.3679693334973866,-1.1102230246251565e-16,1.4768158885405929,5.268550036399751,0.042525976759460724,1.6641239085437736,0.3058555703937983,2.0125054556970325,2.9072270216252347,-0.09212072517556738,0.0,0.2182117895769538,0.12609106440138643,1.0,0.00031597590669511083,0.0,4.242640687119285,0.3913194743395507,0.07656546549869116
558,72.40080074445365,0.19634954084936207,3.469446951953614e-18,0.2160939424793928,0.6130684070574165,-1.249000902703301e-16,0.33122321703697166,1.5143342869169545,4.163336342344337e-17,1.828044053492186,4.3437228197838635,5.551115123125783e-17,0.787828955680866,2.320978957904968,-9.71445146547012e-17,1.5083669744035577,5.5532065271884,0.04200313825401141,1.6708725307540713,0.3103372317046019,2.0232129007126844,2.947846283374549,-0.09446812377318034,0.0,0.21359362991605219,0.11912550614287185,1.0,0.00031597590669511083,0.0,4.242640687119285,0.3913194743395507,0.07656546549869116
559,72.59715028530302,0.19634954084936207,1.3010426069826053e-18,0.21930921331493167,0.6789042762127556,-1.2663481374630692e-16,0.33411329829222397,1.4976655941554426,0.0,1.8294283205204722,4.329088786731541,4.163336342344337e-17,0.7905384190652847,2.30514093847271,-5.551115123125783e-17,1.5223227490845364,5.664058397486319,0.041351333289068856,1.6734039899611777,0.3124754960091197,2.0272308192593664,2.965422284411167,-0.09837542041186109,0.0,0.20409857047280508,0.10572315006094399,1.0,0.00031597590669511083,0.0,4.242640687119285,0.3913194743395507,0.07656546549869116
560,72.79349982615238,0.19634954084936207,1.3010426069826053e-18,0.2210744958636377,0.7198858932979713,-1.2576745200831851e-16,0.3372150649594517,1.4346421279711197,-1.3877787807814457e-17,1.8307490294066477,4.387083644350552,6.938893903907228e-17,0.7924634264690293,2.391255841073791,-5.551115123125783e-17,1.533963622329323,5.745320279243574,0.04053217223588731,1.6758210043366908,0.3139991411455173,2.0303523177180955,2.979673445413631,-0.10186759928830033,0.0,0.1914937817988158,0.08962618251051546,1.0,0.000309907193235893,0.0,4.242640687119285,0.3942064006202897,0.07769934314500217
562,73.18619890785112,0.19634954084936207,1.3010426069826053e-18,0.21329421013026545,0.6866104378630299,-1.2663481374630692e-16,0.34741572916023983,1.2481362881393254,0.0,1.834413929740384,4.402385952449071,6.938893903907228e-17,0.7922362228810336,2.4360772944651905,-1.0408340855860843e-16,1.548346723816193,5.808329474037377,0.03883959778014581,1.6825372328127788,0.3138191164224033,2.035195947015328,2.9963070092688624,-0.10624286043238118,0.0,0.16724191750143685,0.06099905706905567,1.0,0.000309907193235893,0.0,4.242640687119285,0.3942064006202897,0.07769934314500217
563,73.38254844870049,0.19634954084936207,1.734723475976807e-18,0.20635842383085637,0.643569570107577,-1.2576745200831851e-16,0.3518402889421936,1.3093243271290742,0.0,1.8364444866329503,4.441539685395936,6.938893903907228e-17,0.7902886930692913,2.42196642686557,-9.71445146547012e-17,1.5516266118560063,5.787052036252682,0.03810806846446826,1.6862641762422805,0.3122781091965842,2.036650353903333,2.998965651607249,-0.11323863068322183,0.0,0.14740905543437585,0.03417042475115402,1.0,0.000309907193235893,0.0,4.242640687119285,0.3942064006202897,0.07769934314500217
564,73.57889798954986,0.19634954084936207,8.673617379884035e-19,0.20189346581577722,0.6029798875214865,-1.249000902703301e-16,0.35305057947140017,1.3350254809378594,2.7755575615628914e-17,1.8380404254357645,4.4706037264602125,5.551115123125783e-17,0.7881086658259709,2.416776063802527,-9.020562075079397e-17,1.5534227889437089,5.7289933884385285,0.03751821924144966,1.6891963027680423,0.31055763457499597,2.037272156584488,2.9993728286860897,-0.11792970251737543,0.0,0.14168125688167924,0.023751554364303804,1.0,0.000309907193235893,0.0,4.242640687119285,0.3942064006202897,0.07769934314500217
565,73.77524753039923,0.19634954084936207,1.0842021724855044e-18,0.20182836514148678,0.6014576138046348,-1.2576745200831851e-16,0.35056056714470935,1.311232790383666,1.3877787807814457e-17,1.838826885053639,4.518293581836035,2.7755575615628914e-17,0.7864190135546689,2.442001213054982,-9.71445146547012e-17,1.5543933949109796,5.6331866553660435,0.03712937898994043,1.6906421565980336,0.3092274324401493,2.0369989680281235,2.99858388352685,-0.12233805333414804,0.0,0.14087838727343294,0.018540333939284892,1.0,0.000309907193235893,0.0,4.242640687119285,0.3942064006202897,0.07769934314500217
567,74.16794661209796,0.19634954084936207,1.734723475976807e-18,0.2078400649260147,0.6287328434149735,-1.240327285323417e-16,0.3402134886744724,1.1146787033044077,2.7755575615628914e-17,1.838388545405059,4.684468926021226,6.938893903907228e-17,0.7845839300145738,2.4399428140131882,-1.0408340855860843e-16,1.554636161189008,5.330010153881541,0.037045954933404915,1.6898362219382645,0.3077859716185568,2.0346681484902263,2.995015390401437,-0.12777151285241578,0.0,0.1425883235509599,0.014816810698544125,1.0,0.000309907193235893,0.0,4.242640687119285,0.3942064006202897,0.07769934314500217
568,74.36429615294733,0.19634954084936207,2.0599841277224584e-18,0.2081280231413818,0.6283528608387741,-1.2793585635328952e-16,0.33505820471596115,1.113259601713604,-6.938893903907228e-18,1.837934321488604,4.778884124703062,6.938893903907228e-17,0.7834962663009253,2.4185552250516564,-2.7755575615628914e-17,1.554144723912813,5.22728509654025,0.037159265088720625,1.6890012850528873,0.3069331996537451,2.033093749795353,2.9921757216229268,-0.1316086583926406,0.0,0.14250403666265332,0.010895378270012718,1.0,0.000309907193235893,0.0,4.242640687119285,0.3942064006202897,0.07769934314500217
569,74.5606456937967,0.19634954084936207,1.5178830414797062e-18,0.20516029382474668,0.6196020961744122,-1.222980050563649e-16,0.3296534497274327,1.0734901961271242,6.938893903907228e-18,1.837613618755214,4.870073248233623,5.551115123125783e-17,0.7818380944942889,2.375304021570739,-6.938893903907228e-17,1.5536602026750217,5.184436455887412,0.03710787590046123,1.688411905917316,0.30563540300123027,2.0311551848190073,2.988532794671809,-0.13300738651713795,0.0,0.1407097458715852,0.007702359354447241,1.0,0.000309907193235893,0.0,4.242640687119285,0.3942064006202897,0.07769934314500217
570,74.75699523464607,0.19634954084936207,-6.505213034913027e-19,0.20040057211162668,0.5814008092737823,-1.2620113287731272e-16,0.3227434151992766,1.03911335041513,3.469446951953614e-17,1.8373233454147462,4.930441730699043,2.7755575615628914e-17,0.7796866491632628,2.350512511014004,-6.938893903907228e-17,1.5534714384053951,5.170304886710433,0.0367250598955959,1.6878785378030174,0.30395563544171844,2.028559233140332,2.984098716266208,-0.133544878104989,0.0,0.13793133051941187,0.00438645241442287,1.0,0.00032177151869833986,0.0,4.242640687119285,0.5140349369523,0.13211595820377747
572,75.1496943163448,0.19634954084936207,8.673617379884035e-19,0.1953472700935915,0.5161353124906992,-1.3010426069826053e-16,0.30062151907691986,0.9267953058359166,6.938893903907228e-18,1.83573368425194,4.920257375443283,6.938893903907228e-17,0.7743708734945617,2.302427861789436,-2.7755575615628914e-17,1.5528785177102027,5.134108657597264,0.03502846424978817,1.6849590797486007,0.29982512485836516,2.019812668856754,2.9707243502218947,-0.13693672124360975,0.0,0.13134186749742668,-0.0055948537461830705,1.0,0.00032177151869833986,0.0,4.242640687119285,0.5140349369523,0.13211595820377747
573,75.34604385719418,0.19634954084936207,8.673617379884035e-19,0.19769094020923153,0.5118234149121599,-1.235990476633475e-16,0.28567829452063337,0.8942708934650723,6.938893903907228e-18,1.8350776540563205,4.889422082239312,5.551115123125783e-17,0.7714042947165376,2.239771249850465,-1.1796119636642288e-16,1.5515318735862629,5.1106287260146575,0.03411626524906263,1.6837549982084246,0.2975322929535594,2.0154035564110466,2.9628936611482124,-0.13324265637836225,0.0,0.12173415346138337,-0.011508502916978872,1.0,0.00032177151869833986,0.0,4.242640687119285,0.5140349369523,0.13211595820377747
574,75.54239339804354,0.19634954084936207,1.3010426069826053e-18,0.20215444377587818,0.5007544572468133,-1.2533377113932431e-16,0.2695752244698523,0.8567085791416611,-2.0816681711721685e-17,1.8348320401233498,4.936313112714991,5.551115123125783e-17,0.7680562909788421,2.247556701483859,-6.245004513516506e-17,1.54864661387243,5.080550205303136,0.03345401836854667,1.6833043077316072,0.29495523305608784,2.0117135591562416,2.9542115025701357,-0.12981774608691066,0.0,0.11358289691134382,-0.016234849175566834,1.0,0.00032177151869833986,0.0,4.242640687119285,0.5140349369523,0.13211595820377747
576,75.93509247974228,0.19634954084936207,-4.336808689942018e-19,0.21052349624204625,0.5809256743013392,-1.2620113287731272e-16,0.24138598871864844,0.8528591709817374,6.938893903907228e-18,1.836015145749961,5.1552594999694,5.551115123125783e-17,0.7599474516609991,2.302696830862819,-6.245004513516506e-17,1.537857583816591,5.00200659235468,0.033018911464834634,1.685475807711625,0.2887600646430233,2.0072547838194827,2.9345664544501004,-0.12361856563485452,0.0,0.10059400821168198,-0.02302455742317254,1.0,0.00032177151869833986,0.0,4.242640687119285,0.5140349369523,0.13211595820377747
577,76.13144202059165,0.19634954084936207,1.5178830414797062e-18,0.2125358290029572,0.6354591393742298,-1.2598429244281562e-16,0.23262400443577114,0.8308697037803283,1.3877787807814457e-17,1.8372795368764494,5.211785232006389,5.551115123125783e-17,0.7553234865675669,2.303786438509412,-2.7755575615628914e-17,1.5307354001465494,4.960387528133983,0.03294077902104926,1.6877980483124702,0.2852567846802927,2.005995612013812,2.923903130314795,-0.11687151227285127,0.0,0.08834283017230951,-0.028528682100541755,1.0,0.00032177151869833986,0.0,4.242640687119285,0.5140349369523,0.13211595820377747
578,76.32779156144102,0.19634954084936207,8.673617379884035e-19,0.21263804037269732,0.668431218446365,-1.2620113287731272e-16,0.22866451261852652,0.8540088553447966,2.0816681711721685e-17,1.8387486917820148,5.211669518333723,5.551115123125783e-17,0.7505515841943117,2.293970583429658,-1.6653345369377348e-16,1.523187791106023,5.015789647959538,0.0326922844653852,1.6904983757650354,0.2816638402682955,2.004854500498716,2.9129456234501117,-0.11234554661697849,0.0,0.08148366551662396,-0.030861881100354524,1.0,0.00032177151869833986,0.0,4.242640687119285,0.5140349369523,0.13211595820377747
579,76.52414110229039,0.19634954084936207,1.734723475976807e-18,0.21061350385605188,0.6808540788738962,-1.2598429244281562e-16,0.22978199772707505,0.857926405868275,2.7755575615628914e-17,1.8402545739249059,5.160674004495067,6.938893903907228e-17,0.7459009294030579,2.2784996950167957,-4.85722573273506e-17,1.5156039403699675,5.095180880894985,0.03221176260061211,1.6932684484257678,0.2781840982421726,2.0036643092685527,2.9020533396082673,-0.107980621498044,0.0,0.07667188124368113,-0.031308740254362866,1.0,0.00032177151869833986,0.0,4.242640687119285,0.5140349369523,0.13211595820377747
581,76.91684018398912,0.19634954084936207,0.0,0.20170218074243046,0.6456407413679263,-1.2793585635328952e-16,0.2447672694072446,0.7970012864603309,0.0,1.8430688519860794,5.041787221767158,5.551115123125783e-17,0.738255876209067,2.239285415005366,2.7755575615628914e-17,1.501638910740269,5.187607295070947,0.0309556041843393,1.6984513965806423,0.27251086937860863,2.0019178701435902,2.8832569824494887,-0.10184599492626241,0.0,0.07696381126558684,-0.024882183660675572,1.0,0.00032136355674527864,0.0,4.242640687119285,0.4395152904057765,0.09658684525023703
582,77.11318972483849,0.19634954084936207,-1.0842021724855044e-18,0.19730353575099302,0.6212093786665029,-1.2836953722228372e-16,0.25536204928125467,0.8967315734922829,4.163336342344337e-17,1.8445018945928857,5.104023546094027,5.551115123125783e-17,0.7356008712235269,2.23233882997439,-9.71445146547012e-17,1.4961589051648276,5.191728750944521,0.030419815246331215,1.7010936195783724,0.27055432087240594,2.0020677556971096,2.8770147733356,-0.09626151380270137,0.0,0.0860878334972671,-0.010173680305434266,1.0,0.00032136355674527864,0.0,4.242640687119285,0.4395152904057765,0.09658684525023703
583,77.30953926568786,0.19634954084936207,-4.336808689942018e-19,0.19433824046192566,0.6461968974378314,-1.2836953722228372e-16,0.2660453553118629,0.94859444419053,1.3877787807814457e-17,1.8462640562254913,5.1676573340021745,4.163336342344337e-17,0.7334282372653945,2.225002096295847,-4.163336342344337e-17,1.4921716637795717,5.173242239209127,0.02999786213997795,1.7043454826551026,0.2689584896091119,2.0033018344041924,2.8734359180437115,-0.09301082428990387,0.0,0.0954322996339626,0.002421475344058732,1.0,0.00032136355674527864,0.0,4.242640687119285,0.4395152904057765,0.09658684525023703
584,77.50588880653723,0.19634954084936207,0.0,0.19230399051395008,0.6654230715744722,-1.2620113287731272e-16,0.2768995125944155,0.9550975288030057,2.7755575615628914e-17,1.848649054334231,5.192664490397213,4.163336342344337e-17,0.7311935362193247,2.2066234192254823,-6.245004513516506e-17,1.4894560322048087,5.144759860729968,0.029697295798277724,1.7087516630454236,0.2673219937044604,2.0057709525481617,2.8720823496578705,-0.09020393530721185,0.0,0.10314835427295212,0.012944418965740265,1.0,0.00032136355674527864,0.0,4.242640687119285,0.4395152904057765,0.09658684525023703
586,77.89858788823597,0.19634954084936207,1.0842021724855044e-18,0.18624824954165936,0.6596900919455746,-1.2706849461530112e-16,0.3025360531010093,0.9728705196998506,-1.3877787807814457e-17,1.8553836007602893,5.118201563952834,5.551115123125783e-17,0.7252966318770977,2.145571274556577,-5.551115123125783e-17,1.4841484662981586,5.106086589812174,0.0297878003958825,1.7212241529851082,0.263027602106131,2.0140395554871215,2.8717952584973503,-0.0872464461119502,0.0,0.10578394050259723,0.01853749439064703,1.0,0.00032136355674527864,0.0,4.242640687119285,0.4395152904057765,0.09658684525023703
587,78.09493742908533,0.19634954084936207,-4.336808689942018e-19,0.18215185092157846,0.6592431015463053,-1.249000902703301e-16,0.3168215871811508,1.020772480659045,0.0,1.8590348378838446,5.029940051402804,5.551115123125783e-17,0.7220890167510734,2.1685090379148315,-1.1796119636642288e-16,1.4795667738056124,5.196880701928997,0.030412273958719316,1.7280052642329065,0.2607062740562659,2.0191238122478916,2.8708919026045354,-0.08587906875268575,0.0,0.10052162563994826,0.014642556887262514,1.0,0.00032136355674527864,0.0,4.242640687119285,0.4395152904057765,0.09658684525023703
588,78.2912869699347,0.19634954084936207,-8.673617379884035e-19,0.17937544900074104,0.6551089949715918,-1.2880321809127793e-16,0.32997340102289824,1.0422142454004784,1.3877787807814457e-17,1.862269102091367,4.968840526637439,5.551115123125783e-17,0.7193597406239789,2.2166463742299554,-5.551115123125783e-17,1.4732370611704604,5.286221789383441,0.03146558774989761,1.7340231043020933,0.2587392182152991,2.02422791026729,2.868982536852256,-0.08617317283996326,0.0,0.09578213705592636,0.009608964215963106,1.0,0.00032136355674527864,0.0,4.242640687119285,0.4395152904057765,0.09658684525023703
590,78.68398605163344,0.19634954084936207,0.0,0.18391860374765054,0.6208563300531494,-1.2706849461530112e-16,0.3480775851514217,1.119347597022942,4.163336342344337e-17,1.8671386008214244,4.879419447185995,4.163336342344337e-17,0.7156697244439472,2.233790355399902,-1.1102230246251565e-16,1.4576416436702246,5.411107332873456,0.03434700907017521,1.7431032773386925,0.2560915772428377,2.0335418636517053,2.863307614462184,-0.08845683360810547,0.0,0.09328835964765222,0.004831526039546757,1.0,0.00031160230769855773,0.0,4.242640687119285,0.37861523726391727,0.07167474894420618
591,78.88033559248281,0.19634954084936207,1.1926223897340549e-18,0.19142243506091414,0.5908743327551955,-1.235990476633475e-16,0.35315679461272836,1.2313805677816225,0.0,1.8694007798592969,4.877267082224928,6.938893903907228e-17,0.7141369461142701,2.248795003283142,-6.245004513516506e-17,1.4499512407923232,5.435067135373696,0.035845389513441094,1.747329637869273,0.254995788902708,2.0381708162854224,2.8608034273704335,-0.08976200615411417,0.0,0.09550491163662714,0.005742905482512967,1.0,0.00031160230769855773,0.0,4.242640687119285,0.37861523726391727,0.07167474894420618
592,79.07668513333218,0.19634954084936207,1.5178830414797062e-18,0.2005526161595851,0.5707183201847236,-1.218643241873707e-16,0.35645468213773174,1.30382383905801,0.0,1.871645600105948,4.874674976565879,5.551115123125783e-17,0.7122759000946453,2.2416151951808074,-4.163336342344337e-17,1.4425341223576513,5.423196911974936,0.03721832717702852,1.751528626197977,0.2536684789278186,2.0424154323028243,2.8579281786555044,-0.09348607593667907,0.0,0.09720736992487634,0.0037212939881972745,1.0,0.00031160230769855773,0.0,4.242640687119285,0.37861523726391727,0.07167474894420618
593,79.27303467418155,0.19634954084936207,6.505213034913027e-19,0.20910158845399596,0.6033468609687661,-1.3118846287074604e-16,0.3587346310621092,1.2989616215975495,1.3877787807814457e-17,1.8738166991792036,4.845234419412778,6.938893903907228e-17,0.7100039453235387,2.209903127713154,-4.85722573273506e-17,1.434931775350861,5.368750057455482,0.03841257459006441,1.7555945110614226,0.25205280118749523,2.0460598868389823,2.8540505720026026,-0.09761306283245823,0.0,0.09620289143564564,-0.0014101713968125845,1.0,0.00031160230769855773,0.0,4.242640687119285,0.37861523726391727,0.07167474894420618
595,79.66573375588028,0.19634954084936207,1.3010426069826053e-18,0.2174690390417327,0.7141293762164355,-1.2880321809127793e-16,0.3612876124720616,1.185687748643257,0.0,1.877087333010639,4.818188076557568,5.551115123125783e-17,0.7046015960189428,2.181599245091439,-5.551115123125783e-17,1.416611898628055,5.111094032490094,0.0399824930762369,1.761728427874497,0.24823170455622068,2.0499426255069544,2.8400074333235126,-0.10416371133885402,0.0,0.08704807026892976,-0.01711564106992426,1.0,0.00031160230769855773,0.0,4.242640687119285,0.37861523726391727,0.07167474894420618
596,79.86208329672965,0.19634954084936207,2.168404344971009e-19,0.21662153746002125,0.7245959730986828,-1.240327285323417e-16,0.36080703525986224,1.1904224747010055,0.0,1.877844643925144,4.8086723045282485,6.938893903907228e-17,0.70160441447112,2.266813824903656,-9.020562075079397e-17,1.405369649973418,5.111839659110242,0.040107988338579176,1.7631502533591754,0.24612437720268154,2.0493826189004363,2.8287742364310473,-0.11062772821618602,0.0,0.07261122486165347,-0.03801650335453255,1.0,0.00031160230769855773,0.0,4.242640687119285,0.37861523726391727,0.07167474894420618
597,80.05843283757902,0.19634954084936207,4.336808689942018e-19,0.21373660149479495,0.7330299511678594,-1.2880321809127793e-16,0.35841956036286515,1.2383592971359576,0.0,1.8780045936161671,4.767599264106162,6.938893903907228e-17,0.6983495918370997,2.332026291851921,-1.1102230246251565e-16,1.393016444784491,5.110588037039543,0.039655397396438856,1.7634506268217123,0.2438460762095218,2.046952100427673,2.814731776806001,-0.11459806643324302,0.0,0.06262085565911171,-0.05197721077413131,1.0,0.00031160230769855773,0.0,4.242640687119285,0.37861523726391727,0.07167474894420618
598,80.25478237842839,0.19634954084936207,-2.168404344971009e-19,0.20984215438094886,0.7134275146103468,-1.209969624493823e-16,0.35429892934292545,1.2617329324322553,6.938893903907228e-18,1.8777229914879934,4.7061433476588626,5.551115123125783e-17,0.6947108068872974,2.3906382579219123,-9.020562075079397e-17,1.3798015021294123,5.064743934295415,0.03867166536808807,1.7629218163813092,0.2413115526029999,2.042905034352397,2.798256676980614,-0.11814472138215971,0.0,0.05401096820939476,-0.06413375317276496,1.0,0.00031160230769855773,0.0,4.242640687119285,0.37861523726391727,0.07167474894420618
600,80.64748146012712,0.19634954084936207,6.505213034913027e-19,0.19892465257501488,0.6275060868583371,-1.2793585635328952e-16,0.3451446354480397,1.2397209751732485,-2.0816681711721685e-17,1.8766735205598675,4.605979128459105,4.163336342344337e-17,0.6857084612463947,2.4120043040520223,-1.1102230246251565e-16,1.350110514504456,4.8902331381220705,0.03592856076029214,1.760951751385283,0.23509804691244918,2.0319783590580243,2.759231974341854,-0.12246217502089947,0.0,0.04307950368976541,-0.07938267133113405,1.0,0.0003212093917024613,0.0,4.242640687119285,0.4985626912932364,0.12428237857477745
601,80.8438310009765,0.19634954084936207,2.0599841277224584e-18,0.1914862616497085,0.5629184002955607,-1.2533377113932431e-16,0.34148060671198044,1.2949412676075078,2.0816681711721685e-17,1.875874909176043,4.565171088915136,2.7755575615628914e-17,0.680049488162978,2.4056883759353336,-7.632783294297951e-17,1.332610182620233,4.808901326826885,0.03457851712858316,1.759453337438114,0.23123365317536415,2.0252655077420614,2.7359786335996708,-0.12935016714631842,0.0,0.031814309352525674,-0.09753585779379274,1.0,0.0003212093917024613,0.0,4.242640687119285,0.4985626912932364,0.12428237857477745
602,81.04018054182586,0.19634954084936207,0.0,0.18397747214071633,0.4971177537177241,-1.2533377113932431e-16,0.3376232895922067,1.325535237886695,-6.938893903907228e-18,1.875078311565343,4.5398529036247774,5.551115123125783e-17,0.6737850941741715,2.3810076346167475,-4.163336342344337e-17,1.3130968026788052,4.822926371630505,0.03337299662800806,1.757959337251369,0.22699317656564863,2.0183255104450257,2.7108589545761057,-0.1304346669589153,0.0,0.023672331503950005,-0.1067623354549653,1.0,0.0003212093917024613,0.0,4.242640687119285,0.4985626912932364,0.12428237857477745
604,81.4328796235246,0.19634954084936207,2.3852447794681098e-18,0.17614990849431877,0.4522345740836844,-1.2923689896027213e-16,0.3235621499848302,1.263250215825361,1.3877787807814457e-17,1.87264309541555,4.486229506480472,4.163336342344337e-17,0.6608867164029006,2.2690375253006434,-5.551115123125783e-17,1.2688848236203727,4.752212313610164,0.0313834282285949,1.753396081403766,0.21838562595890398,2.003165135591265,2.6562693093659764,-0.13124887134451932,0.0,0.013702112348939258,-0.11754675899558006,1.0,0.0003212093917024613,0.0,4.242640687119285,0.4985626912932364,0.12428237857477745
605,81.62922916437397,0.19634954084936207,1.4094628242311558e-18,0.17723077100916226,0.469022341059947,-1.2923689896027213e-16,0.3126791014143043,1.1826522521049556,1.0408340855860843e-17,1.8707097176183693,4.414238345856948,5.551115123125783e-17,0.6550872091167085,2.22235905866453,-7.632783294297951e-17,1.245157943744464,4.671618833298482,0.030635397128326497,1.7497774237958996,0.21456962577415895,1.994982446698385,2.6281650147874274,-0.13093636241423798,0.0,0.009145168988866099,-0.12179119342537188,1.0,0.0003212093917024613,0.0,4.242640687119285,0.4985626912932364,0.12428237857477745
606,81.82557870522334,0.19634954084936207,1.951563910473908e-18,0.18041187377930318,0.4961230443517815,-1.2576745200831851e-16,0.30053710167174363,1.1100245650339156,-1.3877787807814457e-17,1.8684496573694829,4.40080231382523,5.551115123125783e-17,0.6498773348423009,2.1689058018826275,-3.469446951953614e-17,1.2211669089940762,4.605426418337521,0.03009628079768906,1.745552061062069,0.211170275170866,1.986818617030624,2.6006260194994697,-0.1297441596055363,0.0,0.010451452518881986,-0.11929270708665432,1.0,0.0003212093917024613,0.0,4.242640687119285,0.4985626912932364,0.12428237857477745
607,82.0219282460727,0.19634954084936207,8.673617379884035e-19,0.18441383484016993,0.52132933319142,-1.2663481374630692e-16,0.2882954138654593,1.0327820430151735,0.0,1.866238520475838,4.339810239880325,5.551115123125783e-17,0.6449466264387308,2.1074313624312286,-2.7755575615628914e-17,1.19762256802737,4.565485406749781,0.02975076551381243,1.741423107653923,0.20797807547734987,1.9791519486450855,2.5743909742935225,-0.1277145856386172,0.0,0.014537258598833487,-0.11317732703978373,1.0,0.0003212093917024613,0.0,4.242640687119285,0.4985626912932364,0.12428237857477745
609,82.41462732777144,0.19634954084936207,1.3010426069826053e-18,0.19317627285619163,0.5446408122932457,-1.2663481374630692e-16,0.26427787182917173,0.9524700554853582,-2.0816681711721685e-17,1.8632374942985126,4.152170975061718,2.7755575615628914e-17,0.6346636966664511,1.9991555469587712,-4.85722573273506e-17,1.154930676927442,4.418696655610594,0.0293231568193847,1.7358269800798998,0.20139900393316248,1.9665491408324471,2.528091659262791,-0.1230869047614034,0.0,0.02461485155816564,-0.09847205320323776,1.0,0.0003212093917024613,0.0,4.242640687119285,0.4985626912932364,0.12428237857477745
610,82.61097686862081,0.19634954084936207,1.951563910473908e-18,0.19826672368020357,0.5794341426963133,-1.231653667943533e-16,0.2519378432544538,0.9296761050159772,6.938893903907228e-18,1.8624804009365756,4.206950299818313,5.551115123125783e-17,0.6294808379053999,1.9396309955539492,-8.326672684688674e-17,1.136951904287803,4.31941365148231,0.029089449601491655,1.7344166219364334,0.19812306264504212,1.9616291341829672,2.5087702976471977,-0.11713933482001554,0.0,0.036879384819188246,-0.0802599500008273,1.0,0.0003291173728092323,0.0,4.242640687119285,0.4986345429126768,0.12431820369286704
611,82.80732640947018,0.19634954084936207,2.0599841277224584e-18,0.20374689382250663,0.6390419304917283,-1.249000902703301e-16,0.23997292996990932,0.8710539859434736,-1.3877787807814457e-17,1.8617076564779802,4.269841149803535,5.551115123125783e-17,0.6247505277574218,1.9211575834939685,-5.551115123125783e-17,1.1211905611800403,4.2146128741133095,0.028839209913028293,1.7329776990943664,0.1951566109665885,1.9569735199739833,2.4915385650499595,-0.11509090340253648,0.0,0.04482944669535823,-0.07026145670717826,1.0,0.0003291173728092323,0.0,4.242640687119285,0.4986345429126768,0.12431820369286704
612,83.00367595031955,0.19634954084936207,-8.673617379884035e-19,0.2087466488056418,0.6853905196250409,-1.240327285323417e-16,0.2305640336913246,0.7746399601852185,0.0,1.8610186493565426,4.292488658529107,5.551115123125783e-17,0.6208461740590249,1.9281815633603965,-5.551115123125783e-17,1.1072668826132317,4.115878513615321,0.028668581139727596,1.731695206626425,0.19272498592186454,1.9530887736880171,2.476844545929528,-0.10970005231081184,0.0,0.05124457801639659,-0.05845547429441525,1.0,0.0003291173728092323,0.0,4.242640687119285,0.4986345429126768,0.12431820369286704
614,83.39637503201828,0.19634954084936207,-4.336808689942018e-19,0.2121265975356225,0.6952544460164864,-1.240327285323417e-16,0.22831971587335442,0.693985900454607,3.469446951953614e-18,1.8602766003797584,4.341318655047421,4.163336342344337e-17,0.6149136265060253,1.9082098369176468,-7.632783294297951e-17,1.0827325403582726,3.968303136815724,0.028870759781249065,1.7303145149602357,0.18905938403139572,1.9482446587728803,2.4538276763709597,-0.10159319517444444,0.0,0.05783379095139115,-0.04375940422305329,1.0,0.0003291173728092323,0.0,4.242640687119285,0.4986345429126768,0.12431820369286704
615,83.59272457286765,0.19634954084936207,0.0,0.2091677626366905,0.6542466573939583,-1.249000902703301e-16,0.23537256508897603,0.7763440131067267,-2.0816681711721685e-17,1.8606414507447344,4.346361777683109,4.163336342344337e-17,0.6122441908729498,1.8810357362721166,-4.85722573273506e-17,1.0723745010608685,3.9246658424133303,0.029189896746391747,1.730993304114735,0.18742147462883652,1.9476046754899632,2.445522659160697,-0.09388623717822331,0.0,0.06501689145926358,-0.02886934571895973,1.0,0.0003291173728092323,0.0,4.242640687119285,0.4986345429126768,0.12431820369286704
616,83.78907411371702,0.19634954084936207,-1.0842021724855044e-19,0.20405596710436766,0.6076469039559788,-1.2836953722228372e-16,0.24419306455991102,0.8616888102350329,1.0408340855860843e-17,1.8616163358381028,4.3215907092434085,6.938893903907228e-17,0.6096445006187905,1.8409976679047002,-3.469446951953614e-17,1.0645384140320628,3.8963256995736395,0.02949081161953731,1.7328076909296417,0.1858332085673672,1.9481317111165464,2.4399402691203864,-0.08925844130018261,0.0,0.07325416960288364,-0.01600427169729897,1.0,0.0003291173728092323,0.0,4.242640687119285,0.4986345429126768,0.12431820369286704
618,84.18177319541576,0.19634954084936207,1.0842021724855044e-18,0.19429865244005556,0.5363040841513262,-1.2793585635328952e-16,0.2568448412992851,0.9447352871777586,-6.938893903907228e-18,1.864782525914557,4.3137349949885175,6.938893903907228e-17,0.6057828961472351,1.7936549190601287,-4.163336342344337e-17,1.0599968145607983,3.850849804339493,0.029659729578405875,1.7387069344781374,0.18348645863226593,1.9518531226888092,2.438709757978416,-0.08328566986290774,0.0,0.09100929303246842,0.007723623169560684,1.0,0.0003291173728092323,0.0,4.242640687119285,0.4986345429126768,0.12431820369286704
619,84.37812273626513,0.19634954084936207,1.3010426069826053e-18,0.19170217562153533,0.5185665658476397,-1.240327285323417e-16,0.26019012858859375,0.932681214109982,-2.7755575615628914e-17,1.86650292309725,4.37591681979821,2.7755575615628914e-17,0.6051423045332127,1.8022497885953368,-2.7755575615628914e-17,1.0631974779056845,3.8168961163458923,0.029541430651047626,1.7419165809652892,0.18309860436788378,1.9545566159842205,2.4428602171488567,-0.07827601244968864,0.0,0.10889227955376123,0.030616267104072586,1.0,0.0003291173728092323,0.0,4.242640687119285,0.4986345429126768,0.12431820369286704
620,84.5744722771145,0.19634954084936207,9.75781955236954e-19,0.19019260016883713,0.5137062520081009,-1.2880321809127793e-16,0.26344149683130796,0.8728623920719373,-1.3877787807814457e-17,1.8680768387942062,4.478523115930006,6.938893903907228e-17,0.605472000724845,1.8407698683901068,-6.938893903907228e-17,1.0688337082911783,3.770065013728945,0.029375445910281326,1.7448555378196768,0.18329817183087332,1.9575291555608314,2.449276811306162,-0.0755495553119282,0.0,0.11706414645244043,0.04151459114051223,1.0,0.0003121054285156119,0.0,4.242640687119285,0.34696418291202713,0.06019207211190531
621,84.77082181796386,0.19634954084936207,2.8189256484623115e-18,0.1888954314817155,0.48944844881482363,-1.235990476633475e-16,0.26786607537086343,0.8741104683592001,1.3877787807814457e-17,1.8697858548539843,4.545328612922016,6.938893903907228e-17,0.6066445752684487,1.8810283941097985,-4.163336342344337e-17,1.0759674576630018,3.713140259695112,0.029221881151093785,1.7480495715060222,0.18400882035131824,1.9612802730084342,2.457869705246194,-0.06966219367713915,0.0,0.121414696365197,0.05175250268805785,1.0,0.0003121054285156119,0.0,4.242640687119285,0.34696418291202713,0.06019207211190531
623,85.1635208996626,0.19634954084936207,1.3010426069826053e-18,0.18604970387275307,0.5421396276987286,-1.249000902703301e-16,0.27817575758149277,0.8996489999969575,-2.0816681711721685e-17,1.8730631788006642,4.526546759969927,5.551115123125783e-17,0.6095985521102829,1.9156090357882867,-3.469446951953614e-17,1.09168442846392,3.5973141706528686,0.02898021056151668,1.7541828358894245,0.18580519736747664,1.9689682438184177,2.476552661850555,-0.06775329232666372,0.0,0.12295204467030328,0.055198752343639565,1.0,0.0003121054285156119,0.0,4.242640687119285,0.34696418291202713,0.06019207211190531
624,85.35987044051197,0.19634954084936207,2.0599841277224584e-18,0.18521849835611562,0.5521646660668988,-1.2533377113932431e-16,0.2827716880072372,0.9585223701834319,-1.3877787807814457e-17,1.8750600992874826,4.445261283664781,5.551115123125783e-17,0.6105473084981036,1.914367060334373,-8.326672684688674e-17,1.0997580643309142,3.558279904712209,0.028942784553665113,1.757925187969992,0.18638400795713916,1.9732519804807964,2.4861922944543724,-0.06665105975230548,0.0,0.12305852878601395,0.05640746903370847,1.0,0.0003121054285156119,0.0,4.242640687119285,0.34696418291202713,0.06019207211190531
625,85.55621998136134,0.19634954084936207,1.5178830414797062e-18,0.18509136347574354,0.5399597368295871,-1.2620113287731272e-16,0.2873980725206,1.0134503559181847,-2.7755575615628914e-17,1.877485223182481,4.401087932491961,6.938893903907228e-17,0.6108606673506131,1.9317173931991938,-4.85722573273506e-17,1.1077933561907585,3.5945174658778813,0.029043175765012426,1.762475381634285,0.18657537745801817,1.9780939348573157,2.496014964720838,-0.0664811924319512,0.0,0.1236603637325352,0.05717917130058399,1.0,0.0003121054285156119,0.0,4.242640687119285,0.34696418291202713,0.06019207211190531
626,85.7525695222107,0.19634954084936207,3.2526065174565133e-19,0.18549939542337435,0.5532167204278104,-1.2663481374630692e-16,0.29295455803164405,1.027211238833271,-3.469446951953614e-17,1.8802425757494963,4.488542051666702,5.551115123125783e-17,0.6107223448567207,1.938322513247202,-9.020562075079397e-17,1.1156562280516897,3.6210972383462856,0.029351138827661452,1.7676560718305503,0.18649089125364565,1.9834981019118574,2.5060549743469447,-0.06674614560364345,0.0,0.12495619225427183,0.058210046650628386,1.0,0.0003121054285156119,0.0,4.242640687119285,0.34696418291202713,0.06019207211190531
628,86.14526860390944,0.19634954084936207,1.0842021724855044e-19,0.1879815056025614,0.5492197155112181,-1.251169307048272e-16,0.3063142673548092,1.1591103424972098,0.0,1.8854943968226197,4.584458096208536,4.163336342344337e-17,0.6110152102417561,1.9177804170672976,-9.71445146547012e-17,1.1309431121311946,3.6887808826942265,0.03057132403584605,1.7775445602247473,0.18666979357338864,1.994785677833982,2.526794198584158,-0.06799874504474492,0.0,0.1279851019629309,0.059986356918185976,1.0,0.0003121054285156119,0.0,4.242640687119285,0.34696418291202713,0.06019207211190531
629,86.34161814475881,0.19634954084936207,2.168404344971009e-19,0.19074831434039977,0.5404824008706275,-1.2620113287731272e-16,0.31144997539308733,1.20108906909981,-3.469446951953614e-17,1.887405916462119,4.546205774380307,6.938893903907228e-17,0.6121855858168959,1.882433455403803,-1.3877787807814457e-17,1.1389092761475499,3.7867686814331534,0.03124999458067243,1.781150546748106,0.18738559574098795,1.9997861370697663,2.537392604420387,-0.0700240558160411,0.0,0.1314507158324995,0.06142666001645841,1.0,0.0003121054285156119,0.0,4.242640687119285,0.34696418291202713,0.06019207211190531
630,86.53796768560818,0.19634954084936207,1.3010426069826053e-18,0.1943968939031528,0.5797060152800979,-1.2728533504979822e-16,0.3140509714356119,1.209860325531881,6.938893903907228e-18,1.8887840513004703,4.449204033221635,5.551115123125783e-17,0.6139417613293776,1.8239382927962398,-4.163336342344337e-17,1.147583627858741,3.893253392762447,0.03174007781264431,1.7837525962235088,0.18846224315210924,2.0039549171882625,2.5479931697313174,-0.0717695810588415,0.0,0.13349065983978856,0.061721078780947056,1.0,0.00029635798479768456,0.0,4.242640687119285,0.3311762144305217,0.054838842502265436
632,86.93066676730692,0.19634954084936207,1.6263032587282567e-18,0.19879237840627662,0.5921713173271651,-1.2706849461530112e-16,0.3151057183288624,1.1943315734773672,-3.469446951953614e-17,1.8913063389702174,4.198745197613708,5.551115123125783e-17,0.6178639214492585,1.664390158613425,-7.632783294297951e-17,1.1677612580280685,4.085219496427983,0.03185939086862488,1.7885198339144632,0.19087791271432772,2.0112571374974157,2.5703249662645935,-0.07129624427399485,0.0,0.13612022435347812,0.06482398007948327,1.0,0.00029635798479768456,0.0,4.242640687119285,0.3311762144305217,0.054838842502265436
633,87.12701630815629,0.19634954084936207,-1.0842021724855044e-18,0.19672354747986337,0.5641114965363008,-1.235990476633475e-16,0.3166021816280218,1.1949809215873568,-3.469446951953614e-18,1.8924223886630518,4.258106791930559,5.551115123125783e-17,0.619610998763491,1.6461471617909866,-6.938893903907228e-17,1.1789604953191006,4.151539525336184,0.03159397862168965,1.7906312485565854,0.19195889489434542,2.0141841220726207,2.5814289363381917,-0.07457930675846146,0.0,0.13981736200806852,0.06523805524960706,1.0,0.00029635798479768456,0.0,4.242640687119285,0.3311762144305217,0.054838842502265436
634,87.32336584900565,0.19634954084936207,1.6263032587282567e-18,0.1917894589473593,0.51383811576851,-1.249000902703301e-16,0.3193983940943509,1.1767707060390484,-2.0816681711721685e-17,1.893455051589703,4.30913300844583,4.163336342344337e-17,0.6214013843210343,1.6859857288891416,-3.469446951953614e-17,1.1908937143466225,4.1888474056602565,0.03125166320804478,1.7925860161952822,0.1930698402180489,2.016907519621376,2.5928988763344045,-0.07659789651247917,0.0,0.14418084642526768,0.06758294991278851,1.0,0.00029635798479768456,0.0,4.242640687119285,0.3311762144305217,0.054838842502265436
635,87.51971538985502,0.19634954084936207,-4.336808689942018e-19,0.1856469648509816,0.4778670728549289,-1.2836953722228372e-16,0.32197532118190997,1.2058806550188887,-2.0816681711721685e-17,1.894378881958413,4.311278056653159,5.551115123125783e-17,0.6233660759943758,1.7125554368495837,-9.71445146547012e-17,1.2037971344817717,4.192960181776595,0.03085273621218026,1.7943356742050034,0.19429263235031288,2.0194810427674965,2.605038111184171,-0.07846286483078647,0.0,0.14989909070317992,0.07143622587239344,1.0,0.00029635798479768456,0.0,4.242640687119285,0.3311762144305217,0.054838842502265436
637,87.91241447155376,0.19634954084936207,3.2526065174565133e-19,0.17681230898769323,0.4942402524082351,-1.240327285323417e-16,0.31861246153126493,1.1952636918829012,-2.0816681711721685e-17,1.8961687606015576,4.10927034853653,5.551115123125783e-17,0.6271332605033503,1.7386977485021697,-4.85722573273506e-17,1.2331745746881622,4.097159273187799,0.029575131334207163,1.797727984340623,0.1966480632147815,2.023951178889612,2.631193515651872,-0.08092138650543176,0.0,0.15785021114202594,0.07692882463659417,1.0,0.00029635798479768456,0.0,4.242640687119285,0.3311762144305217,0.054838842502265436
638,88.10876401240313,0.19634954084936207,9.75781955236954e-19,0.17500615385883492,0.5499570035673335,-1.222980050563649e-16,0.31122528718102094,1.1620836114342667,-1.8214596497756474e-17,1.8972596734149638,4.14431392022593,5.551115123125783e-17,0.6283065040687806,1.7277448052999111,-4.163336342344337e-17,1.2491521658819709,4.002725696035932,0.028581095799353914,1.799797134183327,0.19738453152756627,2.025762761510247,2.64445019909027,-0.08292371351840183,0.0,0.16165083973146,0.07872712621305816,1.0,0.00029635798479768456,0.0,4.242640687119285,0.3311762144305217,0.054838842502265436
639,88.3051135532525,0.19634954084936207,-2.168404344971009e-19,0.17393142585787635,0.6074893716015974,-1.249000902703301e-16,0.30126468478001656,1.114998604752358,-2.168404344971009e-17,1.898544742599441,4.167927602448982,2.7755575615628914e-17,0.6288380064644454,1.7580202115103958,-5.551115123125783e-17,1.2651249970888043,3.954210797989639,0.02744098471670408,1.8022360698259885,0.19771861918708894,2.0273956737297816,2.6572604326467855,-0.08380585029416204,0.0,0.16091856910882968,0.07711271881466764,1.0,0.00029635798479768456,0.0,4.242640687119285,0.3311762144305217,0.054838842502265436
640,88.50146309410187,0.19634954084936207,0.0,0.17293880481971544,0.6460456793376128,-1.231653667943533e-16,0.29045200884052597,1.062130910217817,-1.5612511283791264e-17,1.899964198197674,4.192274645486409,4.163336342344337e-17,0.6289504323013613,1.768834792819356,0.0,1.280385665695631,3.9796335996857506,0.026344722753878624,1.804931977216465,0.1977893231460346,2.0290660231163784,2.6694899585505003,-0.0842166455754534,0.0,0.15893970292418835,0.07472305734873495,1.0,0.00029707247175440285,0.0,4.242640687119285,0.41231276406354234,0.08500090770485917
642,88.8941621758006,0.19634954084936207,2.168404344971009e-18,0.172638282700371,0.6428990598226256,-1.231653667943533e-16,0.2703432188062969,0.953456487654138,-2.42861286636753e-17,1.902748192494978,4.1828651087749655,4.163336342344337e-17,0.6294583360606634,1.7251915317942381,-5.551115123125783e-17,1.3069421251454534,4.15145846936168,0.025012896558135978,1.810225342021453,0.1981088984181295,2.0333471369977185,2.6926424194053706,-0.08389087670399513,0.0,0.1557491204851723,0.07185824378117718,1.0,0.00029707247175440285,0.0,4.242640687119285,0.41231276406354234,0.08500090770485917
643,89.09051171664997,0.19634954084936207,-4.336808689942018e-19,0.17521277659798193,0.615400599374499,-1.231653667943533e-16,0.2607574701474599,0.8971658035748242,3.469446951953614e-18,1.903937431021976,4.135987592246374,4.163336342344337e-17,0.6304361399324273,1.8185871115348335,-4.163336342344337e-17,1.317692632583438,4.218383597763353,0.024929580907762688,1.8124888706232811,0.19872486326644956,2.0361433147974934,2.703672924034404,-0.08220427756530618,0.0,0.1513244569293763,0.06912017936407011,1.0,0.00029707247175440285,0.0,4.242640687119285,0.41231276406354234,0.08500090770485917
644,89.28686125749934,0.19634954084936207,8.673617379884035e-19,0.18017558283744686,0.5801188707458504,-1.240327285323417e-16,0.25082032486776235,0.8605613646029151,-3.469446951953614e-18,1.9049305771348073,4.110377911330294,4.163336342344337e-17,0.6319238718222562,1.9087441354559531,2.7755575615628914e-17,1.3263046242907484,4.262147809832623,0.025178759609283508,1.8143802518515746,0.1996638898894156,2.0392229013502736,2.713839459471745,-0.08038355564341257,0.0,0.14501620927647618,0.06463265363306361,1.0,0.00029707247175440285,0.0,4.242640687119285,0.41231276406354234,0.08500090770485917
646,89.67956033919808,0.19634954084936207,0.0,0.19231718087468855,0.5536559189905668,-1.249000902703301e-16,0.233341771681045,0.69849873757182,-3.122502256758253e-17,1.9067115882059893,4.132237704367972,4.163336342344337e-17,0.6350270880700035,2.035154579591692,-5.551115123125783e-17,1.335175869999712,4.264947847680622,0.026249432309425336,1.8177745402995031,0.20162970129133395,2.0456536739002624,2.7286109182255576,-0.07684600996821075,0.0,0.12721843280037332,0.05037242283216256,1.0,0.00029707247175440285,0.0,4.242640687119285,0.41231276406354234,0.08500090770485917
647,89.87590988004744,0.19634954084936207,1.734723475976807e-18,0.19571503660014428,0.5662132195632013,-1.249000902703301e-16,0.22942480159909068,0.6445664475373407,-1.0408340855860843e-17,1.9079950671450019,4.138723454026046,6.938893903907228e-17,0.6355390051246271,2.063712970329112,-5.551115123125783e-17,1.3348867198057395,4.219721079857289,0.026829956359578997,1.8202225881248302,0.20195491351740041,2.04900745800181,2.7320814612919153,-0.07276901616956116,0.0,0.1031057676813663,0.030336751511805135,1.0,0.00029707247175440285,0.0,4.242640687119285,0.41231276406354234,0.08500090770485917
648,90.07225942089681,0.19634954084936207,2.168404344971009e-19,0.19597390952143096,0.5570451246122835,-1.249000902703301e-16,0.22961203112745115,0.6532305010009425,-1.3877787807814457e-17,1.9099214430544904,4.139389038660427,8.326672684688674e-17,0.6347178524384446,2.0735477529071074,-1.1102230246251565e-16,1.3318061174296856,4.1415881926613505,0.027256553668719322,1.8238999593196739,0.20143337610203554,2.0525898890904286,2.7329242994867102,-0.06989443924051089,0.0,0.08667838389437524,0.016783944653864347,1.0,0.00029707247175440285,0.0,4.242640687119285,0.41231276406354234,0.08500090770485917
649,90.26860896174618,0.19634954084936207,0.0,0.19384736727148638,0.5139666965694366,-1.231653667943533e-16,0.23193644789411905,0.7181277832617858,-3.122502256758253e-17,1.9125921109577826,4.1417262413622975,6.938893903907228e-17,0.6325080963527231,2.072946266626519,-8.326672684688674e-17,1.3267086294557204,4.030203260481409,0.027399853332154618,1.8290042914489733,0.2000332459758728,2.056437390757001,2.731712699350388,-0.06705165866270846,0.0,0.0730441841343378,0.005992525471629345,1.0,0.00029707247175440285,0.0,4.242640687119285,0.41231276406354234,0.08500090770485917
651,90.66130804344492,0.19634954084936207,-3.2526065174565133e-19,0.1892402660750302,0.4368686988925648,-1.2750217548429532e-16,0.2320224245501215,0.786519298530576,-2.7755575615628914e-17,1.9195611249078226,4.227601494860724,5.551115123125783e-17,0.6258664807977371,2.008027700060529,-2.0816681711721685e-17,1.313277265877504,3.7741461017819273,0.026714925931410935,1.8423574561286928,0.19585442589307206,2.0649268079531757,2.726449471655335,-0.0620095774140893,0.0,0.059799877062913766,-0.002209700351175535,1.0,0.0002865112735859756,0.0,4.242640687119285,0.3407534014092889,0.05805644028599999
652,90.85765758429429,0.19634954084936207,-4.336808689942018e-19,0.18883179336484288,0.4544734045235038,-1.240327285323417e-16,0.22752319641401006,0.8102881938146586,6.938893903907228e-18,1.9232214613735579,4.2822982445271665,6.938893903907228e-17,0.6226742277999012,1.9758680195261378,-5.551115123125783e-17,1.3051346240804396,3.721269464299739,0.026082632571416492,1.8493903947439212,0.19386159698310163,2.069334624298439,2.72310784576441,-0.05758878257102913,0.0,0.05072638949356574,-0.006862393077463391,1.0,0.0002865112735859756,0.0,4.242640687119285,0.3407534014092889,0.05805644028599999
653,91.05400712514366,0.19634954084936207,1.0842021724855044e-19,0.18923752978160904,0.48856981243856545,-1.2663481374630692e-16,0.22169372098509718,0.7877792947162146,6.938893903907228e-18,1.9267084434008377,4.306735875358421,5.551115123125783e-17,0.6199443248307109,1.9397162506129624,-1.0408340855860843e-16,1.2953978292501072,3.740940801803699,0.025466655324531746,1.8561027129360388,0.192165482944903,2.0737348512054736,2.718975328877366,-0.055624553505215175,0.0,0.044260667232431855,-0.01136388627278332,1.0,0.0002865112735859756,0.0,4.242640687119285,0.3407534014092889,0.05805644028599999
654,91.25035666599302,0.19634954084936207,6.505213034913027e-19,0.18951777297539177,0.5159471795720176,-1.2836953722228372e-16,0.21720989882390204,0.7376643967237531,0.0,1.930056709042774,4.304941757649921,5.551115123125783e-17,0.6175237280242812,1.9158151901334735,-4.85722573273506e-17,1.2835345307189183,3.8261406757978778,0.02496793416990355,1.8625594500605116,0.19066777733650325,2.0781951615669185,2.7136773796213363,-0.05381340800757625,0.0,0.036158213750991486,-0.017655194256584766,1.0,0.0002865112735859756,0.0,4.242640687119285,0.3407534014092889,0.05805644028599999
656,91.64305574769176,0.19634954084936207,-7.589415207398531e-19,0.18787511069522142,0.5196045854038769,-1.231653667943533e-16,0.21940770490665185,0.6951817130100223,-2.0816681711721685e-17,1.9366189935421498,4.288828151541187,6.938893903907228e-17,0.6126802353071901,1.833359569174896,-4.85722573273506e-17,1.253136883282283,3.9758498318102027,0.024297269201276922,1.8752465630741044,0.1876885353680368,2.087232367643418,2.6989159560369123,-0.05146790731787597,0.0,0.022807163091077075,-0.028660744226798894,1.0,0.0002865112735859756,0.0,4.242640687119285,0.3407534014092889,0.05805644028599999
657,91.83940528854113,0.19634954084936207,-2.168404344971009e-19,0.18610607642137206,0.5012883849918028,-1.231653667943533e-16,0.2258597796419965,0.7102791837340305,-4.163336342344337e-17,1.9398556187753757,4.2975398888311265,4.163336342344337e-17,0.6101818908155888,1.7648350368852586,-5.551115123125783e-17,1.2354880354310989,4.018499173861569,0.02403351101408764,1.8815199108471972,0.1861609699396436,2.091714391800928,2.690011646877789,-0.049565873948218625,0.0,0.012706241830790714,-0.03685963211742791,1.0,0.0002865112735859756,0.0,4.242640687119285,0.3407534014092889,0.05805644028599999
658,92.0357548293905,0.19634954084936207,6.505213034913027e-19,0.18415639593807864,0.49820700006539154,-1.249000902703301e-16,0.23404641158053616,0.7047752147096566,-1.3877787807814457e-17,1.9430814631663242,4.326344535014251,4.163336342344337e-17,0.6077573813728141,1.7239691125369496,-9.71445146547012e-17,1.2171516212849975,4.027986114695064,0.02381542280422352,1.8877827862502914,0.18468451730657004,2.096282726361085,2.680960922350764,-0.048637472602054935,0.0,0.010634360959469215,-0.03800311164258572,1.0,0.0002865112735859756,0.0,4.242640687119285,0.3407534014092889,0.05805644028599999
660,92.42845391108924,0.19634954084936207,4.336808689942018e-19,0.18135046732399654,0.516280384489876,-1.2663481374630692e-16,0.2508122295658513,0.7334530543817515,-2.7755575615628914e-17,1.9499516742316398,4.304952391830521,5.551115123125783e-17,0.602985723865056,1.7731927398264515,-6.938893903907228e-18,1.180940096437522,4.072448267981699,0.023758370743081222,1.9011557659193878,0.18179589159253273,2.106710028255002,2.665053187918478,-0.0478360920539243,0.0,0.014737324482708525,-0.03309876757121577,1.0,0.00026185527545442155,0.0,4.242640687119285,0.2511429788419906,0.03153639791081427
661,92.6248034519386,0.19634954084936207,4.336808689942018e-19,0.1808836956663477,0.5114206683979684,-1.2576745200831851e-16,0.25863027134124583,0.8169203561760807,-2.0816681711721685e-17,1.9541453963765287,4.2578540989194265,5.551115123125783e-17,0.600441626143272,1.7714450523827125,-4.163336342344337e-17,1.164133884060322,4.075958747651993,0.024007598975817966,1.9093421150897902,0.1802650732027884,2.1136147872683964,2.6597859394758747,-0.043734552048327206,0.0,0.023185128999033112,-0.020549423049294094,1.0,0.00026185527545442155,0.0,4.242640687119285,0.2511429788419906,0.03153639791081427
662,92.82115299278797,0.19634954084936207,-1.0842021724855044e-18,0.1806755895405937,0.49412910628437096,-1.231653667943533e-16,0.26596703327097854,0.8633847596378309,0.0,1.9585863386290745,4.244067300468238,5.551115123125783e-17,0.5976107233920257,1.7497461988739513,-6.938893903907228e-17,1.148506830937876,4.045290420890759,0.02440501595534154,1.918030222932222,0.1785692883565701,2.1210045272441334,2.6557221595926634,-0.044358853130245485,0.0,0.02975868265602611,-0.014600170474219375,1.0,0.00026185527545442155,0.0,4.242640687119285,0.2511429788419906,0.03153639791081427
663,93.01750253363734,0.19634954084936207,1.734723475976807e-18,0.18013937059228544,0.4798035118739948,-1.240327285323417e-16,0.2729588183171183,0.881071416984478,-6.938893903907228e-18,1.9631050791253226,4.298869400568979,5.551115123125783e-17,0.5946497796365325,1.7232636450779246,-2.7755575615628914e-17,1.134327587771502,3.9840711329522245,0.024901961684201182,1.9268907758438196,0.17680418021088834,2.1285969177389092,2.652809848572266,-0.045301194965225805,0.0,0.036505465640525384,-0.008795729324700421,1.0,0.00026185527545442155,0.0,4.242640687119285,0.2511429788419906,0.03153639791081427
665,93.41020161533608,0.19634954084936207,9.75781955236954e-19,0.17725092410290477,0.5067953990665377,-1.2750217548429532e-16,0.2859105387496142,0.9278589805259492,0.0,1.971498028575885,4.315199590587657,5.551115123125783e-17,0.5897543558565961,1.6983940326699796,-5.551115123125783e-17,1.1111550631637368,3.8023158922358995,0.026181560373261296,1.9434022383393006,0.17390510012591429,2.143488898838476,2.6507537040508797,-0.04731748112522309,0.0,0.04815375361122891,0.0008362724860058179,1.0,0.00026185527545442155,0.0,4.242640687119285,0.2511429788419906,0.03153639791081427
666,93.60655115618545,0.19634954084936207,4.336808689942018e-19,0.17613438896332517,0.5096894722641961,-1.240327285323417e-16,0.29135120879424864,0.9107499980337859,6.938893903907228e-18,1.9750049863652257,4.279416850715718,5.551115123125783e-17,0.5886297893328633,1.7414045308233383,-8.326672684688674e-17,1.1025618655087028,3.7058083872052547,0.027023958133518176,1.9503223480837524,0.17324251444502548,2.150588820662296,2.6520548552713104,-0.04985327606654549,0.0,0.06257462987837414,0.01272135381182865,1.0,0.00026185527545442155,0.0,4.242640687119285,0.2511429788419906,0.03153639791081427
667,93.80290069703481,0.19634954084936207,6.505213034913027e-19,0.17690582106675604,0.49699443963933637,-1.2620113287731272e-16,0.29535127959096397,0.8882161547428066,-3.469446951953614e-18,1.9779145809020344,4.268503247414825,6.938893903907228e-17,0.5887353078730094,1.8248368180539454,-5.551115123125783e-17,1.096297155115262,3.624692917279559,0.02798134182037034,1.956073044672435,0.1733046313681636,2.1573590178609687,2.655167861353863,-0.051806472530325734,0.0,0.07369907510896023,0.0218926025786345,1.0,0.00026185527545442155,0.0,4.242640687119285,0.2511429788419906,0.03153639791081427
669,94.19559977873355,0.19634954084936207,-3.2526065174565133e-19,0.18665662127726831,0.48980254245545185,-1.244664094013359e-16,0.29692643263174523,0.8155191447143668,-3.2959746043559335e-17,1.982199427478916,4.208958792111723,6.938893903907228e-17,0.5918120909103803,1.9401074418319122,-8.326672684688674e-17,1.0911910421586706,3.5557100028290596,0.029721191617693384,1.9645572851488715,0.17512077547385813,2.169399252240423,2.6660084581458587,-0.05491753041899666,0.0,0.08842021999404037,0.03350268957504371,1.0,0.00026185527545442155,0.0,4.242640687119285,0.2511429788419906,0.03153639791081427
670,94.39194931958292,0.19634954084936207,2.710505431213761e-18,0.19383879835517828,0.5075440829536104,-1.2793585635328952e-16,0.29457589080109464,0.7815569636922384,-8.673617379884035e-18,1.984058870699127,4.205928845170334,4.163336342344337e-17,0.5934564646117796,1.9650784459718134,-3.469446951953614e-17,1.091593474418019,3.5757709649931444,0.030180415752987935,1.968244801199947,0.17609528769475616,2.174520504647691,2.6723413969582874,-0.058000593943201686,0.0,0.09613594671491954,0.038135352771717854,1.0,0.00025776349763851215,0.0,4.242640687119285,0.33269251656502785,0.055342155289185666
671,94.58829886043229,0.19634954084936207,1.5178830414797062e-18,0.19985005321238938,0.5586303105126083,-1.240327285323417e-16,0.29105970818537374,0.814370907727102,1.734723475976807e-18,1.9862275715084878,4.216039365340828,4.85722573273506e-17,0.5940960512445193,1.9720585918704407,-3.122502256758253e-17,1.0927433319620357,3.6241000864893462,0.03023630577362898,1.9725499829102522,0.17647505905216515,2.1792613477360465,2.6781401639660345,-0.05902755337297904,0.0,0.09453055102658889,0.03550299765360985,1.0,0.00025776349763851215,0.0,4.242640687119285,0.33269251656502785,0.055342155289185666
672,94.78464840128166,0.19634954084936207,1.5178830414797062e-18,0.20280592140574066,0.6077485392860802,-1.2533377113932431e-16,0.28711739487359705,0.8809401706234989,-1.3877787807814457e-17,1.9887907047507387,4.211388306506029,6.245004513516506e-17,0.5932598309338324,1.973747339623214,0.0,1.0935102076995569,3.6855828360506164,0.02988605726528307,1.9776442336514695,0.1759786134998197,2.183508904416572,2.682343952989036,-0.060829851867905405,0.0,0.0885288537583008,0.027699001890395397,1.0,0.00025776349763851215,0.0,4.242640687119285,0.33269251656502785,0.055342155289185666
674,95.1773474829804,0.19634954084936207,8.673617379884035e-19,0.1975729737147524,0.6227543581701162,-1.2750217548429532e-16,0.27847632227543406,0.9536465518434336,-3.8163916471489756e-17,1.99455158730885,4.211178389950669,7.632783294297951e-17,0.5881951431816793,1.958072493395273,-4.163336342344337e-17,1.091655162404861,3.778483932253466,0.028170848368076158,1.9891180172181262,0.17298676323125808,2.1902756288174605,2.6850243603221178,-0.06305533649500102,0.0,0.07667943556971085,0.013624099074709836,1.0,0.00025776349763851215,0.0,4.242640687119285,0.33269251656502785,0.055342155289185666
675,95.37369702382976,0.19634954084936207,2.6020852139652106e-18,0.1915978387256804,0.5865133125140319,-1.244664094013359e-16,0.2725581795384134,0.9588849960279393,-1.9081958235744878e-17,1.9971616048296459,4.206876984697904,6.938893903907228e-17,0.5853491360268299,1.9142991839247037,-4.163336342344337e-17,1.0893421337563736,3.822095284042776,0.026918208240837294,1.9943272379028636,0.17131680552367815,2.192562251667379,2.684278953972817,-0.06471762807561635,0.0,0.06802803134071961,0.003310403265103262,1.0,0.00025776349763851215,0.0,4.242640687119285,0.33269251656502785,0.055342155289185666
676,95.57004656467913,0.19634954084936207,4.336808689942018e-19,0.18605314201647666,0.5626538621620396,-1.2663481374630692e-16,0.26460672250883366,0.9567541392524894,-3.8163916471489756e-17,1.9993485870020675,4.180629983520249,4.163336342344337e-17,0.5830539072275124,1.848052864141065,-2.42861286636753e-17,1.0867529704013996,3.8872102906237154,0.0254898310754413,1.9986973861735817,0.1699759293666343,2.1941631466156575,2.6830177210248833,-0.065387185070142,0.0,0.06609537939274651,0.0007081943226045079,1.0,0.00025776349763851215,0.0,4.242640687119285,0.33269251656502785,0.055342155289185666
677,95.7663961055285,0.19634954084936207,-2.168404344971009e-19,0.18233675462670754,0.5611943268064323,-1.244664094013359e-16,0.2547548625564531,0.9180136957564151,-3.122502256758253e-17,2.0011742155764303,4.146198583846863,6.938893903907228e-17,0.5814152154581524,1.7624418208552248,-5.204170427930421e-17,1.08408065631913,3.9151004559375187,0.02399753149629527,2.00234912054397,0.16902182638312493,2.1953684784233904,2.681702639545951,-0.06567899160517442,0.0,0.06606086221873536,0.00038187061356094454,1.0,0.00025776349763851215,0.0,4.242640687119285,0.33269251656502785,0.055342155289185666
679,96.15909518722724,0.19634954084936207,-1.0842021724855044e-18,0.17855400000672209,0.58059168721281,-1.2620113287731272e-16,0.23568047272272605,0.7470852624311973,-3.8163916471489756e-17,2.0043933842368773,4.1178536841281375,5.551115123125783e-17,0.579389796766661,1.661281785631315,-5.551115123125783e-17,1.0769172489799277,3.846027523774581,0.02145839638329705,2.0087964193862806,0.16784626829865634,2.1981010840682336,2.679080057877524,-0.065304742055179,0.0,0.06567132143416105,0.00036657937898204596,1.0,0.00025776349763851215,0.0,4.242640687119285,0.33269251656502785,0.055342155289185666
680,96.3554447280766,0.19634954084936207,-1.0842021724855044e-19,0.17559099779206666,0.5713223064620482,-1.2706849461530112e-16,0.2307579815592969,0.7086259812759124,-4.5102810375396984e-17,2.005989495220677,4.161422007373554,4.163336342344337e-17,0.5786934031771199,1.671463522108997,-5.551115123125783e-17,1.0712758547074888,3.755087827442622,0.02069564333777389,2.011996927467853,0.16744302744035836,2.2001355982459856,2.677439254043744,-0.06414531992517532,0.0,0.06294481814462677,-0.001200501780548549,1.0,0.00026453699781701814,0.0,4.242640687119285,0.4033923897915959,0.08136271007088744
681,96.55179426892597,0.19634954084936207,1.6263032587282567e-18,0.17112313623408995,0.5558659584732845,-1.249000902703301e-16,0.2298313457397983,0.6815400240427516,-2.0816681711721685e-17,2.0074851836562986,4.1893992828648505,4.85722573273506e-17,0.5781158845988813,1.714821308730521,0.0,1.064046900672031,3.636146756528614,0.020333987138191872,2.014998381299781,0.16710898801277346,2.2024413564507466,2.6752432123075534,-0.06449633745546826,0.0,0.060759043459523904,-0.0037372939959443574,1.0,0.00026453699781701814,0.0,4.242640687119285,0.4033923897915959,0.08136271007088744
683,96.94449335062471,0.19634954084936207,6.505213034913027e-19,0.163617259219179,0.5236952806487633,-1.238158880978446e-16,0.23236845267917738,0.6998354145545874,-2.7755575615628914e-17,2.0109591760854113,4.200838977413895,5.551115123125783e-17,0.577135302961871,1.7631420319486966,-2.7755575615628914e-17,1.048133901730404,3.3717811315314425,0.020539036712187285,2.0219784039410578,0.16654257896244523,2.2090600196156904,2.6722204610864178,-0.06197542341693092,0.0,0.06170357709917173,-0.00027184631775919316,1.0,0.00026453699781701814,0.0,4.242640687119285,0.4033923897915959,0.08136271007088744
684,97.14084289147408,0.19634954084936207,-8.673617379884035e-19,0.16419122237472064,0.5152609015677021,-1.251169307048272e-16,0.23142802299567913,0.681550004206113,-3.8163916471489756e-17,2.0132505492548805,4.19937866451118,4.163336342344337e-17,0.5764130905071647,1.7546773027859137,-2.0816681711721685e-17,1.041587856903504,3.3359225126575636,0.020893795205968565,2.0265888870375384,0.1661260254540104,2.2136087076975173,2.6726591543367135,-0.059285862423565136,0.0,0.06864212014753757,0.00935625772397243,1.0,0.00026453699781701814,0.0,4.242640687119285,0.4033923897915959,0.08136271007088744
685,97.33719243232345,0.19634954084936207,-3.2526065174565133e-19,0.16796506736577782,0.5116498367810012,-1.2663481374630692e-16,0.2280712482541865,0.731240888933826,-1.214306433183765e-17,2.016080210723388,4.172836185402928,4.163336342344337e-17,0.5753472754086433,1.7260164934739255,-5.551115123125783e-17,1.036954154576254,3.2950159522751976,0.02129953587968978,2.032289708035231,0.16551224366007458,2.2191014875749953,2.6749376892821672,-0.05746661124078652,0.0,0.07586946757559326,0.01840285633480674,1.0,0.00026453699781701814,0.0,4.242640687119285,0.4033923897915959,0.08136271007088744
686,97.53354197317282,0.19634954084936207,4.336808689942018e-19,0.17339910677020962,0.5185840516667773,-1.24683249835833e-16,0.22310009122036636,0.7392728392434669,1.734723475976807e-18,2.0194331212303935,4.198483469571446,5.551115123125783e-17,0.5739398516358694,1.6896473469414226,-3.469446951953614e-17,1.034316089889664,3.2534699190709615,0.021689633171407506,2.0390550655611643,0.16470347664790186,2.225448175380474,2.6790002909556296,-0.05566255817957762,0.0,0.0828384484572014,0.02717589027762378,1.0,0.00026453699781701814,0.0,4.242640687119285,0.4033923897915959,0.08136271007088744
688,97.92624105487155,0.19634954084936207,1.0842021724855044e-19,0.18293235586946113,0.5367158568823254,-1.2533377113932431e-16,0.21295302698531937,0.7178146279369545,-3.469446951953614e-17,2.0270023150334064,4.303816992643633,2.7755575615628914e-17,0.5709152065968389,1.6959225827795859,-6.245004513516506e-17,1.0335462222590717,3.2763202972503462,0.022182496932011075,2.0543691925753937,0.16297208656175563,2.23952377606916,2.690914666888336,-0.052985179426576684,0.0,0.08945579082134812,0.03647061139477144,1.0,0.00026453699781701814,0.0,4.242640687119285,0.4033923897915959,0.08136271007088744
689,98.12259059572092,0.19634954084936207,3.2526065174565133e-19,0.18549227490839773,0.5380458100526642,-1.2598429244281562e-16,0.20990624023156026,0.7369747679677543,-3.469446951953614e-17,2.0306870147413423,4.349883240614268,5.551115123125783e-17,0.5700388754212792,1.7008416325747828,-2.7755575615628914e-17,1.0343182555218802,3.349037872757576,0.022224244332530788,2.0618448759195527,0.16247215974577828,2.2465412799978615,2.6978632882442124,-0.050282580130083784,0.0,0.09152052716276944,0.04123794703268566,1.0,0.00026453699781701814,0.0,4.242640687119285,0.4033923897915959,0.08136271007088744
690,98.31894013657029,0.19634954084936207,1.6263032587282567e-18,0.1864447371767232,0.5277284094430046,-1.244664094013359e-16,0.20960410484277092,0.7461803910372162,-2.0816681711721685e-17,2.0339887333425013,4.343261712541369,8.326672684688674e-17,0.5701154735772739,1.7188527032912742,-6.245004513516506e-17,1.0350875630292744,3.401119244704377,0.0221762252150804,2.0685550836821167,0.16251582660611968,2.2532471355033166,2.705042653156664,-0.048422330188816406,0.0,0.09064616076440296,0.042223830575586555,1.0,0.000259620199217953,0.0,4.242640687119285,0.3310762099568518,0.0548057283996967
691,98.51528967741966,0.19634954084936207,-2.168404344971009e-19,0.18600037086711096,0.5193894633320238,-1.24683249835833e-16,0.21280566487883762,0.7330367140085396,-2.42861286636753e-17,2.0369110207510968,4.281983014373141,5.551115123125783e-17,0.571314673178785,1.7656770458808406,-5.551115123125783e-17,1.035374932167264,3.4256717402764165,0.022134888114971173,2.0745032532286367,0.16320022789469102,2.259838369238299,2.712478934676289,-0.0456908399091418,0.0,0.0889294700365171,0.043238630127375305,1.0,0.000259620199217953,0.0,4.242640687119285,0.3310762099568518,0.0548057283996967
693,98.9079887591184,0.19634954084936207,2.4936649967166602e-18,0.18244047409035427,0.5245284653616265,-1.244664094013359e-16,0.22776550858118544,0.7309946943027292,-2.42861286636753e-17,2.0422323842941035,4.358643277134469,4.163336342344337e-17,0.5755437785975037,1.8593526513418688,-2.0816681711721685e-17,1.0334603605767254,3.378682181192014,0.022349981634629947,2.0853565557297893,0.16562532054114623,2.2733318579055655,2.727328064005223,-0.04304493386740123,0.0,0.0859433828317575,0.04289844896435627,1.0,0.000259620199217953,0.0,4.242640687119285,0.3310762099568518,0.0548057283996967
694,99.10433829996776,0.19634954084936207,1.5178830414797062e-18,0.18026867470623215,0.5301101818166893,-1.244664094013359e-16,0.23664535356437927,0.7201104385154886,-1.734723475976807e-17,2.0453966207309033,4.383084456598688,8.326672684688674e-17,0.5770846290817555,1.907142312521995,-2.7755575615628914e-17,1.0316204323830647,3.309930355922943,0.022571037258580035,2.0918236680487,0.16651333456121364,2.2809080398684936,2.734766367887467,-0.040684222395290806,0.0,0.08337332029412581,0.042689097898835,1.0,0.000259620199217953,0.0,4.242640687119285,0.3310762099568518,0.0548057283996967
695,99.30068784081713,0.19634954084936207,-8.673617379884035e-19,0.178302302079348,0.5311279686843886,-1.2663481374630692e-16,0.24448134142782002,0.7122710394346351,-1.0408340855860843e-17,2.0492720202570394,4.386944488980303,5.551115123125783e-17,0.5774093196891082,1.9289670056312849,-9.020562075079397e-17,1.0298271500600196,3.2313696028529533,0.022734520947436537,2.0997579065041836,0.16670076123191943,2.2891931886835395,2.742240818845659,-0.039472852345846215,0.0,0.08215134961625667,0.042678497270410454,1.0,0.000259620199217953,0.0,4.242640687119285,0.3310762099568518,0.0548057283996967
697,99.69338692251587,0.19634954084936207,0.0,0.1746313521773981,0.49953790983435775,-1.2533377113932431e-16,0.25482181705754314,0.719691096292036,-1.3877787807814457e-17,2.058619894111755,4.375015886671863,6.938893903907228e-17,0.574834514151557,1.8918452968554935,-1.3877787807814457e-17,1.0276508376993156,3.0672931639124803,0.02254608440525567,2.1189579342163465,0.16521735932992826,2.3067213779515305,2.7570766232219666,-0.03840402014879441,0.0,0.080534490397576,0.04213047024878159,1.0,0.000259620199217953,0.0,4.242640687119285,0.3310762099568518,0.0548057283996967
698,99.88973646336524,0.19634954084936207,1.734723475976807e-18,0.17210781205684367,0.4610060641837274,-1.2706849461530112e-16,0.257910689850928,0.7472260557985533,-2.7755575615628914e-17,2.0633290070501773,4.353428439476259,5.551115123125783e-17,0.5731512488449106,1.8571598285760993,-8.326672684688674e-17,1.027050036873015,3.111486624626072,0.022216638204369935,2.128663295667335,0.1642511770262403,2.3151311108979455,2.764186868049218,-0.038123323948920027,0.0,0.07854969838692302,0.040426374438002996,1.0,0.000259620199217953,0.0,4.242640687119285,0.3310762099568518,0.0548057283996967
699,100.08608600421461,0.19634954084936207,0.0,0.16872683311276043,0.41628788117088084,-1.231653667943533e-16,0.2604658910996436,0.7559877389699123,-2.7755575615628914e-17,2.067626146908394,4.3524553964569055,6.938893903907228e-17,0.5720142402097415,1.8328254579198981,-7.632783294297951e-17,1.0263115587991434,3.161505774484627,0.02186466465893201,2.137538941689626,0.16360014550136387,2.3230037518499222,2.7709990595969622,-0.03841502250161251,0.0,0.07733761982027787,0.03892259731866536,1.0,0.000259620199217953,0.0,4.242640687119285,0.3310762099568518,0.0548057283996967
700,100.28243554506398,0.19634954084936207,4.336808689942018e-19,0.16495057731521806,0.3761715209932291,-1.2836953722228372e-16,0.2626736569121222,0.7588991417507034,-2.7755575615628914e-17,2.071452691001938,4.344121796373833,5.551115123125783e-17,0.5716387337180082,1.7951044649073937,-1.3877787807814457e-17,1.025313605126819,3.2163150785350316,0.021606719986985826,2.1454581255295855,0.16338542094336395,2.3304502664599354,2.777678044395001,-0.038988122863429675,0.0,0.07727402782337311,0.03828590495994344,1.0,0.000239006954946968,0.0,4.242640687119285,0.23598263245979872,0.027843901411328222
702,100.67513462676271,0.19634954084936207,8.673617379884035e-19,0.16182072221324298,0.3988815802174907,-1.2923689896027213e-16,0.2633718653136011,0.7661746978794604,-3.0357660829594124e-17,2.078740916414625,4.269938506744249,4.163336342344337e-17,0.5728042681642209,1.6834726740307793,-6.938893903907228e-18,1.0242203435413442,3.325945933027912,0.021587657857447474,2.1605818987881564,0.16405236481357438,2.346221921459178,2.7935116605462182,-0.037289139800816565,0.0,0.08155213042720191,0.04426299062638535,1.0,0.000239006954946968,0.0,4.242640687119285,0.23598263245979872,0.027843901411328222
703,100.87148416761208,0.19634954084936207,6.505213034913027e-19,0.16490713215700756,0.47283556510843444,-1.2620113287731272e-16,0.2598096973200946,0.7539464535402247,-3.209238430557093e-17,2.0822491690087706,4.251291676857682,5.551115123125783e-17,0.5738897723199299,1.6140732007473475,-9.71445146547012e-17,1.0250928325655428,3.3689105827982138,0.021774460865851032,2.167880800918857,0.16467473538671049,2.354329997171418,2.8027248677099856,-0.038936186643360376,0.0,0.08965581422172744,0.050719627578367066,1.0,0.000239006954946968,0.0,4.242640687119285,0.23598263245979872,0.027843901411328222
704,101.06783370846145,0.19634954084936207,6.505213034913027e-19,0.17054466256063283,0.5410429834925619,-1.2663481374630692e-16,0.253654920176952,0.7937412769325164,-3.469446951953614e-17,2.0857455450471276,4.3014044342282745,5.551115123125783e-17,0.5751499299525842,1.5680494921906556,-2.0816681711721685e-17,1.027173711237125,3.394729953580458,0.022034927298895543,2.1751672393419694,0.16539872096223124,2.3626008876030964,2.812872783490623,-0.03999794571633212,0.0,0.09540506457990894,0.05540711886357682,1.0,0.000239006954946968,0.0,4.242640687119285,0.23598263245979872,0.027843901411328222
705,101.26418324931082,0.19634954084936207,-2.168404344971009e-19,0.1767749077558489,0.5947204865236202,-1.249000902703301e-16,0.24629578851926306,0.8326749966237265,0.0,2.08922305202271,4.351462509750625,2.7755575615628914e-17,0.576496532323493,1.5646127164100974,-1.0408340855860843e-16,1.0301423751181014,3.4244448608172795,0.022344697827040867,2.1824264805515434,0.16617412589050606,2.3709453042690907,2.8236416246733667,-0.04097762061219031,0.0,0.0995946787519341,0.05861705813974379,1.0,0.000239006954946968,0.0,4.242640687119285,0.23598263245979872,0.027843901411328222
707,101.65688233100956,0.19634954084936207,2.168404344971009e-18,0.18488960695235168,0.6401363173488073,-1.2663481374630692e-16,0.2337865992225226,0.8268629263557528,-2.0816681711721685e-17,2.0961930237615496,4.440686306056657,5.551115123125783e-17,0.5789048487507237,1.5500198519478074,-8.326672684688674e-17,1.037216805831703,3.400472595969974,0.023024937108731103,2.197012596433293,0.1675654119535491,2.387602945495573,2.8456394070700473,-0.042214076122611716,0.0,0.10230100238726983,0.060086926264658114,1.0,0.000239006954946968,0.0,4.242640687119285,0.23598263245979872,0.027843901411328222
708,101.85323187185892,0.19634954084936207,1.734723475976807e-18,0.1865059117415648,0.6319882119925085,-1.2836953722228372e-16,0.22893304068042195,0.7856223400432538,-3.8163916471489756e-17,2.099818431996213,4.440425840178162,2.7755575615628914e-17,0.5796532265415223,1.557137511280719,-6.938893903907228e-17,1.0413333710842811,3.3366408665757503,0.02329621112610693,2.2046187236755177,0.16799893151999865,2.3959138663216235,2.8566940990697356,-0.043165617833856376,0.0,0.10386717254680354,0.060701554712947164,1.0,0.000239006954946968,0.0,4.242640687119285,0.23598263245979872,0.027843901411328222
709,102.04958141270829,0.19634954084936207,1.5178830414797062e-18,0.18750547056797906,0.6205245347691091,-1.2663481374630692e-16,0.22377287202232138,0.7528037258991327,-7.632783294297951e-17,2.103645339761629,4.441284326759921,5.551115123125783e-17,0.5799781210149764,1.555932745737859,-9.020562075079397e-17,1.0463734451123667,3.242303090800424,0.023432993464833966,2.212661857750409,0.16818731042803126,2.4042821616432746,2.8680917664631127,-0.04357776232967008,0.0,0.10613998607056528,0.0625622237408952,1.0,0.000239006954946968,0.0,4.242640687119285,0.23598263245979872,0.027843901411328222
711,102.44228049440703,0.19634954084936207,1.4094628242311558e-18,0.1884502794231932,0.5785665480987389,-1.2923689896027213e-16,0.2124227365130601,0.6427265206307241,-2.7755575615628914e-17,2.1120129441911093,4.466425180305786,5.551115123125783e-17,0.5798439326337911,1.5213553574145924,-1.3877787807814457e-17,1.0606255262078466,3.166798002036218,0.023217001375928432,2.2302993382153997,0.16810949310611017,2.4216258326974383,2.8934654826513393,-0.043329094543939,0.0,0.11241080283505774,0.06908170829111873,1.0,0.00023361127455740591,0.0,4.242640687119285,0.2930947922548814,0.04295227862346604
712,102.6386300352564,0.19634954084936207,1.8431436932253575e-18,0.18710395830293625,0.5626389924249013,-1.2923689896027213e-16,0.20894414730386016,0.6190640111741261,-2.0816681711721685e-17,2.1163197944044856,4.50652047711132,5.551115123125783e-17,0.5800530737802282,1.5162194418017647,-6.245004513516506e-17,1.069805440067694,3.163388393086324,0.02292494502070299,2.239404736094121,0.16823078420094534,2.4305604653157697,2.9078018430082917,-0.04273963135121694,0.0,0.12013649696379515,0.07739686561257822,1.0,0.00023361127455740591,0.0,4.242640687119285,0.2930947922548814,0.04295227862346604
713,102.83497957610577,0.19634954084936207,1.1926223897340549e-18,0.18370468058870906,0.5237043283722894,-1.249000902703301e-16,0.20868148742763773,0.620725981749436,-2.7755575615628914e-17,2.120397045935937,4.524582940167046,4.163336342344337e-17,0.5810425602432995,1.5713684720539147,-3.469446951953614e-17,1.0800282532131897,3.1707301727862514,0.02255500249218735,2.2480418162069244,0.16880522840704412,2.439402047106156,2.923151753002658,-0.04241370343499505,0.0,0.12498134278363045,0.0825676393486354,1.0,0.00023361127455740591,0.0,4.242640687119285,0.2930947922548814,0.04295227862346604
714,103.03132911695513,0.19634954084936207,1.0842021724855044e-18,0.1785363734875197,0.47551458012978476,-1.249000902703301e-16,0.21122357485307233,0.631189990890902,-2.7755575615628914e-17,2.1240599362890356,4.516365668860917,5.551115123125783e-17,0.5831035468662348,1.6226141670810228,-8.326672684688674e-17,1.0911003558600005,3.192682621347103,0.022090776120286603,2.25581530647409,0.17000487318399155,2.447910955778368,2.939350825332972,-0.041932882154886955,0.0,0.12885986786714607,0.08692698571225911,1.0,0.00023361127455740591,0.0,4.242640687119285,0.2930947922548814,0.04295227862346604
716,103.42402819865387,0.19634954084936207,1.951563910473908e-18,0.16754090019818058,0.4438180936756705,-1.2836953722228372e-16,0.21744237501524188,0.617498338147885,-3.469446951953614e-17,2.130283809574447,4.418276595607685,5.551115123125783e-17,0.5896065172837114,1.706339910746504,-3.469446951953614e-17,1.1152940625496033,3.274908541857462,0.02068117556246413,2.2690545546675085,0.17381792261171367,2.4635536528416866,2.9732194038621675,-0.04106779262396835,0.0,0.13180299509459167,0.09073520247062333,1.0,0.00023361127455740591,0.0,4.242640687119285,0.2930947922548814,0.04295227862346604
717,103.62037773950324,0.19634954084936207,4.336808689942018e-19,0.1640803085707454,0.45592702349974984,-1.2750217548429532e-16,0.21798650597865363,0.6027723620650502,-2.7755575615628914e-17,2.1333914415125466,4.452620000998998,4.163336342344337e-17,0.5927420379128657,1.7395906116293562,-1.3877787807814457e-17,1.1278798518022772,3.32437739073369,0.019732017868973814,2.2756795213594905,0.17567156175454854,2.4710831009830128,2.9902251619649736,-0.04020104573131997,0.0,0.13135454039095126,0.0911534946596313,1.0,0.00023361127455740591,0.0,4.242640687119285,0.2930947922548814,0.04295227862346604
718,103.81672728035261,0.19634954084936207,-4.336808689942018e-19,0.16255200888387505,0.4737695813300463,-1.2576745200831851e-16,0.2163430450124983,0.632790647359535,-2.42861286636753e-17,2.1369341947219107,4.4929136154699805,5.551115123125783e-17,0.5949054418521548,1.7615585105765459,-5.551115123125783e-17,1.1400792704827702,3.3704545208026744,0.018758117822969975,2.2832438762858907,0.1769562423726537,2.4789582364815144,3.0068552794599896,-0.039671176598163715,0.0,0.12892466466495356,0.08925348806678984,1.0,0.00023361127455740591,0.0,4.242640687119285,0.2930947922548814,0.04295227862346604
719,104.01307682120198,0.19634954084936207,-9.75781955236954e-19,0.16263645376173236,0.4806925312226066,-1.2576745200831851e-16,0.21312465132892308,0.6594101081215309,-3.122502256758253e-17,2.141038897576818,4.508037136081111,5.551115123125783e-17,0.5958859345274751,1.7726856912966,-2.7755575615628914e-17,1.1512177765137204,3.40755053468582,0.01793561922104194,2.2920237804684787,0.17754002348384118,2.487499423173362,3.0228710862767247,-0.03918021360507622,0.0,0.12527972977028862,0.0860995161652124,1.0,0.00023361127455740591,0.0,4.242640687119285,0.2930947922548814,0.04295227862346604
721,104.40577590290071,0.19634954084936207,1.0842021724855044e-18,0.16621980458521574,0.4392134859051736,-1.2750217548429532e-16,0.2045256756426132,0.6357066694195654,-1.734723475976807e-17,2.15034269893422,4.487365292499827,2.7755575615628914e-17,0.5956316352236999,1.7632469332306206,-6.938893903907228e-18,1.1681487422157315,3.4761485266341667,0.017249396338171585,2.3119868614298515,0.17738852243962933,2.5066247802076527,3.0524476033111347,-0.037939880218251516,0.0,0.11761673429485867,0.07967685407660716,1.0,0.00022658283971008306,0.0,4.242640687119285,0.27563930375616313,0.03798851288759118
722,104.60212544375008,0.19634954084936207,3.2526065174565133e-19,0.16953115169149868,0.4283746152617894,-1.2576745200831851e-16,0.19958104830482548,0.6380638718414899,-3.122502256758253e-17,2.154943660871904,4.47099881612071,6.938893903907228e-17,0.5953769357447267,1.7429303656293929,-5.551115123125783e-17,1.1731875686981954,3.501637544841709,0.01741386595133914,2.3218910907660035,0.17723684780839025,2.516541804525733,3.0653983015980777,-0.03681644476733351,0.0,0.10698796852195964,0.07017152375462613,1.0,0.00022658283971008306,0.0,4.242640687119285,0.27563930375616313,0.03798851288759118
723,104.79847498459945,0.19634954084936207,1.3010426069826053e-18,0.17380045958395116,0.4621154870102021,-1.240327285323417e-16,0.1943140832560156,0.6407900295797877,-2.949029909160572e-17,2.159223546741229,4.435568969440439,5.551115123125783e-17,0.595372601320662,1.726948490302426,-5.551115123125783e-17,1.17554236228186,3.514632502891758,0.017830925281171996,2.3311231624008864,0.17723426720166602,2.5261883548837245,3.076535580375578,-0.03645197542080146,0.0,0.09740452919683912,0.06095255377603766,1.0,0.00022658283971008306,0.0,4.242640687119285,0.27563930375616313,0.03798851288759118
725,105.19117406629819,0.19634954084936207,1.8431436932253575e-18,0.18355625080023827,0.4941460960043781,-1.2576745200831851e-16,0.18537015625740677,0.5922646433718646,1.3877787807814457e-17,2.1670004490884787,4.389445087151837,6.938893903907228e-17,0.5956728656471714,1.6954366852632718,-9.020562075079397e-17,1.1715151166076487,3.511991405859354,0.019173547378895303,2.347945473174834,0.17741308143415652,2.544532101987886,3.0925060539009044,-0.035843644786154004,0.0,0.0808323476288803,0.04498870284272629,1.0,0.00022658283971008306,0.0,4.242640687119285,0.27563930375616313,0.03798851288759118
726,105.38752360714756,0.19634954084936207,5.421010862427522e-19,0.1876109065840305,0.49564593952124736,-1.2663481374630692e-16,0.18365809601292982,0.5887047077190408,-2.6020852139652106e-17,2.170782529062659,4.416101266304973,8.326672684688674e-17,0.5956294898228328,1.6510027049613343,-2.7755575615628914e-17,1.1654313985015448,3.5024006257614126,0.020006259740233893,2.3561483942418358,0.17738724457330407,2.5535418985553737,3.0976513361742604,-0.03513849761415215,0.0,0.06566531969930135,0.030526822085149202,1.0,0.00022658283971008306,0.0,4.242640687119285,0.27563930375616313,0.03798851288759118
727,105.58387314799693,0.19634954084936207,0.0,0.19022371923259068,0.4863579411847783,-1.2663481374630692e-16,0.18457399892179144,0.5989098046094774,-6.071532165918825e-17,2.174654866808325,4.463879079972729,5.551115123125783e-17,0.5953744107695956,1.5872237301752616,-4.163336342344337e-17,1.1574297854967512,3.4910081714494208,0.020857003251984446,2.3645618948665668,0.1772353444996216,2.562654242618173,3.101593388373659,-0.03458847687496647,0.0,0.05884362284126328,0.024255145966296812,1.0,0.00022658283971008306,0.0,4.242640687119285,0.27563930375616313,0.03798851288759118
728,105.7802226888463,0.19634954084936207,9.75781955236954e-19,0.19113781004709396,0.5016553189542092,-1.2663481374630692e-16,0.1877868475755849,0.6304016748045109,1.0408340855860843e-17,2.1786665596751766,4.496047917624945,4.163336342344337e-17,0.5949538384976754,1.5372712539865134,-4.163336342344337e-17,1.1483727081695552,3.4795550958137786,0.021625169801590988,2.373293989123434,0.17698503497155899,2.571904193896584,3.1049543956226855,-0.03398493910526702,0.0,0.05503071433172169,0.02104577522645467,1.0,0.00022658283971008306,0.0,4.242640687119285,0.27563930375616313,0.03798851288759118
730,106.17292177054503,0.19634954084936207,2.168404344971009e-19,0.1886670161482784,0.5418742264070715,-1.2663481374630692e-16,0.19778597419825034,0.650237036293272,-6.938893903907228e-18,2.187126504540298,4.525034593245566,6.938893903907228e-17,0.5937086124373926,1.5816674778736757,-5.551115123125783e-17,1.1295881265678842,3.4580188444204225,0.022570175243310474,2.391761173431331,0.17624495824116704,2.5905763069158083,3.1113329857914227,-0.03303502029409703,0.0,0.052785453604320375,0.019750433310223345,1.0,0.00021426345017911357,0.0,4.242640687119285,0.23551234158324139,0.027733031519010687
731,106.3692713113944,0.19634954084936207,2.168404344971009e-19,0.18598102736758007,0.5597534972948358,-1.249000902703301e-16,0.20327807604376513,0.6257072609115724,-3.642919299551295e-17,2.191709751194634,4.539533066575242,6.938893903907228e-17,0.592779026849537,1.6022161678242572,-5.551115123125783e-17,1.1201925669712691,3.446433404958307,0.022690867680161167,2.4017958167408215,0.175693487336342,2.6001801717573247,3.1146781336100404,-0.03042873885696892,0.0,0.050525059092747265,0.020096320235778346,1.0,0.00021426345017911357,0.0,4.242640687119285,0.23551234158324139,0.027733031519010687
732,106.56562085224377,0.19634954084936207,0.0,0.1826554897306462,0.559814091554183,-1.2576745200831851e-16,0.20846147097390652,0.6623147917142969,-3.8163916471489756e-17,2.1964542050966287,4.53971170393636,5.551115123125783e-17,0.5914403169817395,1.6088230779685853,-8.326672684688674e-17,1.1105382628447638,3.431871320273453,0.022600785032986914,2.4122055375433313,0.17490082427573023,2.6097071468520485,3.1175976841031905,-0.030028107945215855,0.0,0.047922448288444185,0.01789434034322833,1.0,0.00021426345017911357,0.0,4.242640687119285,0.23551234158324139,0.027733031519010687
733,106.76197039309314,0.19634954084936207,1.3010426069826053e-18,0.17892446716302704,0.5391270168444487,-1.2750217548429532e-16,0.21288472150170154,0.6920563600869672,-1.474514954580286e-17,2.201372483465302,4.521041893411529,4.163336342344337e-17,0.5896151982870462,1.6001495426999974,-7.632783294297951e-17,1.1006041728891438,3.4118805032080033,0.02233143518086337,2.4230204054790954,0.17382304102553636,2.619174881685495,3.1200568999639002,-0.02971408218252848,0.0,0.045291856647812004,0.015577774465283523,1.0,0.00021426345017911357,0.0,4.242640687119285,0.23551234158324139,0.027733031519010687
735,107.15466947479187,0.19634954084936207,4.336808689942018e-19,0.17214160308140392,0.5414075068969257,-1.2923689896027213e-16,0.21751513210572088,0.7228996116688496,-2.949029909160572e-17,2.2115288704507132,4.51366193836215,5.551115123125783e-17,0.585101978464291,1.5860712578742069,-5.551115123125783e-17,1.0813853956130615,3.3450213916281983,0.021381183689458544,2.4454299724185042,0.17117216260141382,2.637983318709377,3.1248919622489986,-0.029484877959437997,0.0,0.04485154512547261,0.015366667166034614,1.0,0.00021426345017911357,0.0,4.242640687119285,0.23551234158324139,0.027733031519010687
736,107.35101901564124,0.19634954084936207,1.3010426069826053e-18,0.17016112268081798,0.5666097412738347,-1.3097162243624894e-16,0.21755019646035387,0.6891614239508913,-4.336808689942018e-17,2.216503141682248,4.534648088853793,6.938893903907228e-17,0.5832120819391031,1.5692425182360183,-2.7755575615628914e-17,1.0731115407290195,3.293825977550293,0.02082625145180819,2.4564430885436384,0.1700681662598716,2.6473375062553184,3.1283291348035576,-0.029548073562185605,0.0,0.04996705826230767,0.020418984700122066,1.0,0.00021426345017911357,0.0,4.242640687119285,0.23551234158324139,0.027733031519010687
737,107.54736855649061,0.19634954084936207,1.3010426069826053e-18,0.1693376355196543,0.5880352527027627,-1.2576745200831851e-16,0.21677323049918093,0.6308883040017917,-6.938893903907228e-18,2.2212051163688264,4.544860460374772,6.938893903907228e-17,0.5821673350093552,1.587651426704952,-2.0816681711721685e-17,1.0660276554420631,3.2433931440524115,0.02036023026319699,2.4668760844915267,0.1694594029759474,2.6566957177306714,3.1329871604917896,-0.02980198931120239,0.0,0.056275184044748607,0.026473194733546215,1.0,0.00021426345017911357,0.0,4.242640687119285,0.23551234158324139,0.027733031519010687
739,107.94006763818935,0.19634954084936207,1.734723475976807e-18,0.16984415881105774,0.6075231663384473,-1.2576745200831851e-16,0.21508227172704217,0.6742841396476643,-2.42861286636753e-17,2.229722222103843,4.651896333036377,6.938893903907228e-17,0.5828070757783474,1.7102088034550404,-6.245004513516506e-17,1.0544023325127505,3.1580528752202475,0.020028541818504303,2.48583059387185,0.16983204378865424,2.675691179479008,3.1456995785459116,-0.0304856508301646,0.0,0.06544078777631884,0.03495513694615424,1.0,0.00021426345017911357,0.0,4.242640687119285,0.23551234158324139,0.027733031519010687
740,108.13641717903872,0.19634954084936207,-1.0842021724855044e-18,0.17069826422951634,0.6015584985410956,-1.2576745200831851e-16,0.21387020933151732,0.6873842723026011,-4.85722573273506e-17,2.2338240747331612,4.659878226543363,5.551115123125783e-17,0.5836482664476401,1.7608024445820765,-6.938893903907228e-18,1.0491949244941456,3.137817045631785,0.020134624997041682,2.494984998428732,0.17032264946366774,2.6854422728894414,3.152983619540863,-0.03142089309009152,0.0,0.07111849400539033,0.03969760091529881,1.0,0.000204884500499524,0.0,4.242640687119285,0.23546936561711673,0.027722911072063698
741,108.33276671988808,0.19634954084936207,0.0,0.17200168087463383,0.5852466971938644,-1.3097162243624894e-16,0.21155106508221772,0.6961316120504222,-1.3877787807814457e-17,2.2381894751439866,4.639561312542405,5.551115123125783e-17,0.5840765709270891,1.7875885780427154,-8.326672684688674e-17,1.044264800741039,3.15098111354735,0.020289322829246073,2.5047460633226564,0.17057272035297338,2.6956081065048756,3.1606128498558648,-0.030790181571681206,0.0,0.07223702148220185,0.041446839910520644,1.0,0.000204884500499524,0.0,4.242640687119285,0.23546936561711673,0.027722911072063698
742,108.52911626073745,0.19634954084936207,6.505213034913027e-19,0.17375648170067798,0.5585009358000106,-1.2793585635328952e-16,0.20774868289880782,0.6910696473498907,-3.469446951953614e-17,2.2427932417270435,4.59807741764044,4.163336342344337e-17,0.5837616163147225,1.789891399542109,-8.326672684688674e-17,1.0396403198839368,3.172263735836018,0.02038565193922452,2.5150607625682504,0.17038881234118866,2.7058352268486634,3.168054077766514,-0.031604331981458525,0.0,0.07219338029528444,0.04058904831382591,1.0,0.000204884500499524,0.0,4.242640687119285,0.23546936561711673,0.027722911072063698
744,108.92181534243619,0.19634954084936207,-4.336808689942018e-19,0.1773761094407716,0.48760823478838455,-1.2706849461530112e-16,0.19828896405710061,0.7312274820528293,-2.7755575615628914e-17,2.252340266292208,4.635355227951179,7.632783294297951e-17,0.5815644441946858,1.7342392560638242,-6.245004513516506e-17,1.0311638432579022,3.2169821927673072,0.02032433899787201,2.5365183375806257,0.16910860137573686,2.7259512779542345,3.182150574673422,-0.03277544029927602,0.0,0.07139898545481264,0.03862354515553663,1.0,0.000204884500499524,0.0,4.242640687119285,0.23546936561711673,0.027722911072063698
745,109.11816488328556,0.19634954084936207,2.168404344971009e-19,0.1785222096854943,0.4590876854636307,-1.2663481374630692e-16,0.19484237136152963,0.7331174562350773,-3.469446951953614e-17,2.2569553421972137,4.660868465432468,4.163336342344337e-17,0.5804251254811019,1.7258928646962333,-8.326672684688674e-17,1.0267286930678299,3.2278694089309314,0.02026975128037574,2.54692370833627,0.16844666314487647,2.7356401227615224,3.1887131743819683,-0.033801854840933614,0.0,0.0699054317100469,0.03610357686911329,1.0,0.000204884500499524,0.0,4.242640687119285,0.23546936561711673,0.027722911072063698
746,109.31451442413493,0.19634954084936207,-6.505213034913027e-19,0.17918778556726925,0.4557966363187161,-1.2620113287731272e-16,0.19305711236487008,0.7239169688321173,-1.3877787807814457e-17,2.2613436157139675,4.656576594139057,6.938893903907228e-17,0.5795429909709049,1.7095907314364271,-9.020562075079397e-17,1.0215567737021878,3.2240072279635617,0.020271696397900885,2.55683747416516,0.16793503919175118,2.745044209754812,3.1947453742587055,-0.03433942112805871,0.0,0.06772233837036679,0.033382917242308074,1.0,0.000204884500499524,0.0,4.242640687119285,0.23546936561711673,0.027722911072063698
747,109.5108639649843,0.19634954084936207,-8.673617379884035e-19,0.1796981310294304,0.444778248541703,-1.2663481374630692e-16,0.19261841804890484,0.7042271841303513,-2.0816681711721685e-17,2.2655447734851535,4.623775474061776,5.551115123125783e-17,0.5788208986668995,1.684341784010255,-6.245004513516506e-17,1.0152653947465813,3.2023472342102264,0.02033155298777938,2.566346560332947,0.16751681636677856,2.754194929687505,3.2000179779321645,-0.03474194944699259,0.0,0.06428127044745408,0.029539321000461485,1.0,0.000204884500499524,0.0,4.242640687119285,0.23546936561711673,0.027722911072063698
749,109.90356304668303,0.19634954084936207,4.336808689942018e-19,0.18110642090367504,0.4231775931542926,-1.2793585635328952e-16,0.1935626048632889,0.6494508034081234,-2.0816681711721685e-17,2.2737776778555636,4.5643947269015355,6.938893903907228e-17,0.5769811444674732,1.6046483198720933,-6.245004513516506e-17,0.998950957586255,3.1064403510115945,0.020444367767793865,2.5850324641571203,0.16645362053549756,2.7719304524604116,3.207817887224782,-0.03506609148777578,0.0,0.05772380124537046,0.02265770975759468,1.0,0.000204884500499524,0.0,4.242640687119285,0.23546936561711673,0.027722911072063698
750,110.0999125875324,0.19634954084936207,6.505213034913027e-19,0.18154499460525228,0.4441071458402837,-1.2836953722228372e-16,0.1946096303634614,0.6216875491135962,0.0,2.2779504497728205,4.505253586797249,6.938893903907228e-17,0.5756496167519051,1.5592450906322086,-5.551115123125783e-17,0.9894507629058877,3.039289375988459,0.02039465748126451,2.594529125810097,0.1656862406333076,2.780610023924669,3.2106297238560386,-0.03514462877038168,0.0,0.052372980323040504,0.017228351552658824,1.0,0.0002055642054252309,0.0,4.242640687119285,0.2863401914632309,0.040995352623599865
751,110.29626212838177,0.19634954084936207,1.734723475976807e-18,0.18105811291345061,0.4656385768183113,-1.2750217548429532e-16,0.19616264721019963,0.5959634337936666,-3.469446951953614e-17,2.2821674169037722,4.512392718162378,4.163336342344337e-17,0.5741629284839105,1.514913776662847,-6.938893903907228e-17,0.9798564149988671,2.9675007848962154,0.020230116843896768,2.6041440593886183,0.16483153422261004,2.7892057104551253,3.2132692650616312,-0.035192593430230075,0.0,0.05157575041962747,0.016383156989397393,1.0,0.0002055642054252309,0.0,4.242640687119285,0.2863401914632309,0.040995352623599865
753,110.6889612100805,0.19634954084936207,-2.168404344971009e-19,0.1762556600918935,0.4850005719411698,-1.2576745200831851e-16,0.19907837033031697,0.5874286431523071,6.938893903907228e-18,2.290666209230597,4.588719474455058,4.163336342344337e-17,0.5715258375958204,1.5198533546637445,-4.85722573273506e-17,0.9637718640160238,2.866212703477407,0.019494650945082938,2.623575841055437,0.16332089151980206,2.8063913835203222,3.220503450624732,-0.0350011138812549,0.0,0.056274613104949245,0.021273499223694342,1.0,0.0002055642054252309,0.0,4.242640687119285,0.2863401914632309,0.040995352623599865
754,110.88531075092988,0.19634954084936207,2.2768245622195593e-18,0.17278413243159596,0.4805328489278259,-1.2663481374630692e-16,0.19846261076274888,0.5831243509145192,-4.163336342344337e-17,2.294929760942708,4.583932736108431,6.938893903907228e-17,0.5706113597195013,1.5443729005435067,-5.551115123125783e-17,0.9587048378896399,2.8467999800854438,0.01891857050237603,2.6333513038302785,0.162798661920469,2.815068536253124,3.2260282390457014,-0.0347717462261765,0.0,0.065589138700348,0.030817392474171493,1.0,0.0002055642054252309,0.0,4.242640687119285,0.2863401914632309,0.040995352623599865
755,111.08166029177924,0.19634954084936207,-2.168404344971009e-19,0.16976424977531657,0.4829656143631889,-1.2836953722228372e-16,0.19543597267679538,0.6053469627739279,-1.3877787807814457e-17,2.299232497780031,4.5568812929293365,2.7755575615628914e-17,0.5699155323914658,1.5598734442412023,-6.938893903907228e-17,0.955904041843726,2.862537388180877,0.018246585587072157,2.6432350394239013,0.16240185703052396,2.8238834820414973,3.232998524119576,-0.03459536489771478,0.0,0.07267913772855006,0.03808377283083528,1.0,0.0002055642054252309,0.0,4.242640687119285,0.2863401914632309,0.040995352623599865
756,111.27800983262861,0.19634954084936207,9.75781955236954e-19,0.1677712726258169,0.4952457072979673,-1.2793585635328952e-16,0.190377876674776,0.6060618070839987,-2.7755575615628914e-17,2.3036152818256577,4.532410512444858,8.326672684688674e-17,0.569289234683649,1.5607885986825887,-4.85722573273506e-17,0.9549199079918902,2.876685412339977,0.017566231529094676,2.653321683330353,0.16204511636334734,2.8329330312227947,3.2411835958695367,-0.03438628370283451,0.0,0.07864032784896433,0.044254044146129816,1.0,0.0002055642054252309,0.0,4.242640687119285,0.2863401914632309,0.040995352623599865
758,111.67070891432735,0.19634954084936207,0.0,0.1658352439159954,0.5200406576684455,-1.2750217548429532e-16,0.18054878596203172,0.5675684982869004,-5.551115123125783e-17,2.312667256578108,4.648194386694833,4.163336342344337e-17,0.5679374960000816,1.522795593635653,-8.326672684688674e-17,0.9554192719150524,2.888282230110745,0.01665760042771099,2.674214919824256,0.16127649968142133,2.852149019933388,3.259888535604415,-0.03396424012775658,0.0,0.08431665061730054,0.050352410489543954,1.0,0.0002055642054252309,0.0,4.242640687119285,0.2863401914632309,0.040995352623599865
759,111.86705845517672,0.19634954084936207,1.4094628242311558e-18,0.16481634263262,0.5109901122212798,-1.2685165418080402e-16,0.17888177733787955,0.5614596274566455,-1.3877787807814457e-17,2.3172397342069733,4.689586739468682,6.938893903907228e-17,0.5674661899646056,1.5396520344070557,-6.245004513516506e-17,0.9559840483357467,2.8814291479780065,0.0166152401941421,2.684799992893802,0.16100893837647295,2.8624241714644167,3.2701875950224384,-0.03339892143411831,0.0,0.08878030939125994,0.055381387957141634,1.0,0.0002055642054252309,0.0,4.242640687119285,0.2863401914632309,0.040995352623599865
760,112.06340799602609,0.19634954084936207,2.168404344971009e-19,0.16384358110051392,0.50840327017149,-1.2836953722228372e-16,0.17943573409878352,0.5687409599251709,-1.3877787807814457e-17,2.32173230746966,4.700686919274312,4.163336342344337e-17,0.567511859965438,1.5803405458730972,-9.71445146547012e-17,0.9569972730154194,2.865882051273372,0.016869116714796305,2.695220453774196,0.16103485560071545,2.8731244260897078,3.281437102441339,-0.03291270412760654,0.0,0.09319206388081402,0.06027935975320749,1.0,0.0002054378225580412,0.0,4.242640687119285,0.2817041881539575,0.03967862481174014
761,112.25975753687545,0.19634954084936207,3.2526065174565133e-19,0.16377889828163703,0.49145066628091066,-1.2555061157382141e-16,0.18072845535310314,0.5767545130789207,-3.122502256758253e-17,2.3261085686035843,4.681621333368608,2.7755575615628914e-17,0.5682815751221103,1.6161212251710886,-5.551115123125783e-17,0.9591326393524414,2.9052287581308107,0.017349967718987606,2.7053905364655066,0.16147197431163335,2.8842124784961274,3.2940670161729804,-0.03232119298898094,0.0,0.09958442395562879,0.06726323096664785,1.0,0.0002054378225580412,0.0,4.242640687119285,0.2817041881539575,0.03967862481174014
763,112.65245661857419,0.19634954084936207,1.8431436932253575e-18,0.16914811111489228,0.4226323584677743,-1.2533377113932431e-16,0.18071463061718274,0.5960878216112973,-4.5102810375396984e-17,2.334798786047552,4.653525746899021,4.163336342344337e-17,0.571520253779307,1.709157932016694,-2.0816681711721685e-17,0.9690171977571719,3.001151429684434,0.018552896227416175,2.7256426856645617,0.16331770023998177,2.9075132821319594,3.3243594513502153,-0.03129984256510654,0.0,0.11121009769593286,0.07991025513082632,1.0,0.0002054378225580412,0.0,4.242640687119285,0.2817041881539575,0.03967862481174014
764,112.84880615942356,0.19634954084936207,2.710505431213761e-18,0.1739975638510236,0.45206191080626296,-1.2728533504979822e-16,0.17960212874619075,0.5487565167784,-3.0357660829594124e-17,2.33937421539534,4.657449431779569,5.551115123125783e-17,0.5732710871708853,1.7309395289318967,-2.7755575615628914e-17,0.9768870469093601,3.048533459130636,0.01907441678681699,2.736335859828282,0.16431986969304435,2.919730146308143,3.341713257654395,-0.03013954977197081,0.0,0.12117965626565756,0.09104010649368675,1.0,0.0002054378225580412,0.0,4.242640687119285,0.2817041881539575,0.03967862481174014
765,113.04515570027293,0.19634954084936207,1.1926223897340549e-18,0.17879341944892377,0.5016429366312847,-1.2750217548429532e-16,0.17918155419892748,0.5097297364193054,-4.336808689942018e-17,2.3441960890955067,4.659008248909497,6.938893903907228e-17,0.5747074277731264,1.7337124060756977,-4.85722573273506e-17,0.9861279987435979,3.0941486088955825,0.019460128723182184,2.747627652065334,0.16514431376880165,2.9322320945573184,3.3599374844007537,-0.029308932701874603,0.0,0.12479407808463,0.0954851453827554,1.0,0.0002054378225580412,0.0,4.242640687119285,0.2817041881539575,0.03967862481174014
767,113.43785478197167,0.19634954084936207,2.2768245622195593e-18,0.18413597788781763,0.5396480566398246,-1.2771901591879242e-16,0.18319315145714543,0.563366971995678,-6.938893903907228e-18,2.3542357323773997,4.730599740894152,5.551115123125783e-17,0.5768241930657971,1.698555131735272,-6.245004513516506e-17,1.0063368352257023,3.192236081561213,0.01975188307444797,2.7712129418012754,0.166363074853004,2.9573278997287273,3.3971237075833938,-0.028076770209018394,0.0,0.125519390928244,0.0974426207192256,1.0,0.0002054378225580412,0.0,4.242640687119285,0.2817041881539575,0.03967862481174014
768,113.63420432282103,0.19634954084936207,8.673617379884035e-19,0.18387931983773334,0.5187210075444048,-1.2641797331180982e-16,0.18705999723358774,0.5945771420657826,-1.5612511283791264e-17,2.3591873100334606,4.761293753606109,5.551115123125783e-17,0.5779378542635475,1.7031426100375204,-4.163336342344337e-17,1.0164558065246876,3.283671233864516,0.019666371544512916,2.782882381911458,0.1670060816953767,2.9695548351513477,3.415520166633517,-0.02695486006357443,0.0,0.12343516561874113,0.09648030555516669,1.0,0.0002054378225580412,0.0,4.242640687119285,0.2817041881539575,0.03967862481174014
769,113.8305538636704,0.19634954084936207,-4.336808689942018e-19,0.1819026261855933,0.5299924645020937,-1.2858637765678083e-16,0.19118249204040139,0.5917255547790745,-2.42861286636753e-17,2.3640152648571773,4.772158493178431,6.938893903907228e-17,0.5792503762757115,1.7012148327884105,-6.938893903907228e-17,1.0262696515832455,3.371619234765643,0.019457303530505995,2.794284086238874,0.16776549920777667,2.9815068889771568,3.4336443255803486,-0.026339177830335476,0.0,0.12140657357215001,0.09506739574181454,1.0,0.0002054378225580412,0.0,4.242640687119285,0.2817041881539575,0.03967862481174014
770,114.02690340451977,0.19634954084936207,0.0,0.17877006406304533,0.5493510328736008,-1.2815269678778662e-16,0.19506426322716128,0.6439519128217751,-2.0816681711721685e-17,2.3687825650538135,4.7773241335461085,4.163336342344337e-17,0.5806489742476112,1.6906943375300778,-4.163336342344337e-17,1.0356031295956034,3.452031033317115,0.019167072774337518,2.8055654202514613,0.16857661564740156,2.9933091086732,3.451453661668218,-0.025855320430817952,0.0,0.11927637031424758,0.09342104988342963,1.0,0.00019339039789697024,0.0,4.242640687119285,0.20875370121340292,0.02178905388514735
772,114.41960248621851,0.19634954084936207,6.505213034913027e-19,0.17207484299049494,0.548793863280038,-1.2663481374630692e-16,0.20127939804623374,0.6879564856188488,-2.42861286636753e-17,2.3787598208727947,4.743715947777285,6.938893903907228e-17,0.5828689592772408,1.7004948418421533,-6.938893903907228e-17,1.0520949799468013,3.5761190196303017,0.018539007102646957,2.829249142699385,0.16986811184446687,3.017656261646499,3.4863884121348665,-0.02399891186185404,0.0,0.11551159910289538,0.09151268724104134,1.0,0.00019339039789697024,0.0,4.242640687119285,0.20875370121340292,0.02178905388514735
773,114.61595202706788,0.19634954084936207,2.168404344971009e-18,0.16988644772153677,0.5368732030553942,-1.2793585635328952e-16,0.20283574357525463,0.6957908033703986,-6.938893903907228e-18,2.383963544756966,4.735945361241175,6.938893903907228e-17,0.5833727946559983,1.680658259048545,-5.551115123125783e-17,1.0587970404861962,3.6127035885434897,0.018262403902729495,2.841641091365099,0.1701619087723748,3.0300654040402035,3.5029111295070057,-0.023967283320793027,0.0,0.11072898547651808,0.08676170215572505,1.0,0.00019339039789697024,0.0,4.242640687119285,0.20875370121340292,0.02178905388514735
774,114.81230156791725,0.19634954084936207,0.0,0.16880210661825107,0.5186829046434458,-1.2663481374630692e-16,0.2027251856151527,0.6953898387063111,-4.163336342344337e-17,2.389255943317693,4.7517262937775016,4.163336342344337e-17,0.5835319473343786,1.6445277790279835,-9.71445146547012e-17,1.0642993766083704,3.629033602095903,0.01802843160151398,2.8542719813394593,0.17025476677992601,3.042555179720899,3.5186479005240465,-0.024123124833864994,0.0,0.10694900985440978,0.08282588502054478,1.0,0.00019339039789697024,0.0,4.242640687119285,0.20875370121340292,0.02178905388514735
775,115.00865110876661,0.19634954084936207,6.505213034913027e-19,0.16847795375117378,0.4949682942420386,-1.2620113287731272e-16,0.20081609223918503,0.6663869224357599,-6.938893903907228e-18,2.3945368723660634,4.737263417465049,5.551115123125783e-17,0.5835445447497418,1.595804219981752,-4.85722573273506e-17,1.068549787994788,3.6238516139937307,0.01785297990223714,2.866903416560324,0.1702621178535917,3.055018514316153,3.5335662675141455,-0.02439688956213504,0.0,0.10311432998007553,0.07871744041794049,1.0,0.00019339039789697024,0.0,4.242640687119285,0.20875370121340292,0.02178905388514735
777,115.40135019046535,0.19634954084936207,2.168404344971009e-18,0.16824939809882333,0.4489450836036761,-1.2793585635328952e-16,0.19393356764564182,0.5563077157575061,-2.0816681711721685e-17,2.404740499362893,4.719364982421551,2.7755575615628914e-17,0.5839495393623119,1.5379554695968922,-5.551115123125783e-17,1.0732319053154884,3.5492282395293153,0.017829318637217394,2.8913884346380483,0.17049853226072803,3.079716285535994,3.5612080328952422,-0.024978060391720878,0.0,0.09814599341326923,0.07316793302154835,1.0,0.00019339039789697024,0.0,4.242640687119285,0.20875370121340292,0.02178905388514735
778,115.59769973131472,0.19634954084936207,6.505213034913027e-19,0.16829157042439824,0.439588223638955,-1.2923689896027213e-16,0.19080397741739813,0.5765432577979975,-1.3877787807814457e-17,2.4096326489646978,4.71540603033578,4.163336342344337e-17,0.5844978699387655,1.5696970612951298,-3.469446951953614e-17,1.0737251089327406,3.49949376931931,0.018051682503582814,2.903164751478312,0.17081887998147705,3.092035313963372,3.574133308524058,-0.025644077311696024,0.0,0.09423987184698666,0.06859579453529063,1.0,0.00019339039789697024,0.0,4.242640687119285,0.20875370121340292,0.02178905388514735
779,115.79404927216409,0.19634954084936207,1.951563910473908e-18,0.16910574524336056,0.4516846246652909,-1.2880321809127793e-16,0.1885994947176826,0.5934528273171398,-4.163336342344337e-17,2.414455793944017,4.717434026334263,4.163336342344337e-17,0.5851279310669982,1.5953991474797737,-2.0816681711721685e-17,1.0731279548651014,3.4620572752279952,0.01841322766897214,2.9147983904549166,0.17118734785737288,3.104398965981262,3.586519287867133,-0.026089370313088642,0.0,0.09192004436399309,0.06583067405090445,1.0,0.00019339039789697024,0.0,4.242640687119285,0.20875370121340292,0.02178905388514735
781,116.18674835386282,0.19634954084936207,6.505213034913027e-19,0.1746507087786482,0.5195539391589088,-1.2836953722228372e-16,0.185928648420813,0.5454691076161706,-1.3877787807814457e-17,2.424267308978628,4.730470823791908,4.163336342344337e-17,0.5857452810724072,1.5878722399317937,-6.245004513516506e-17,1.0692564316057451,3.5412287740237094,0.019233965552547215,2.9385359926912393,0.17154876714929668,3.129318725393083,3.6095610080055476,-0.026104888489640578,0.0,0.08748849617035136,0.06138360768071078,1.0,0.00018467429102681055,0.0,4.242640687119285,0.21109300243705068,0.02228012783894434
782,116.3830978947122,0.19634954084936207,3.2526065174565133e-19,0.17879731008982314,0.5533103503491859,-1.2706849461530112e-16,0.18473563579136926,0.5197827517429813,-2.7755575615628914e-17,2.429298847223573,4.753300353927332,5.551115123125783e-17,0.5854818040454136,1.5623009555300094,-4.163336342344337e-17,1.0660746136122794,3.576532302661533,0.019541209995852796,2.95074644456089,0.171394471434136,3.141682125990879,3.61993566950793,-0.02608092685566553,0.0,0.08165353424871835,0.05557260739305282,1.0,0.00018467429102681055,0.0,4.242640687119285,0.21109300243705068,0.02228012783894434
783,116.57944743556156,0.19634954084936207,1.734723475976807e-18,0.18268244623429344,0.5752636448436557,-1.2620113287731272e-16,0.18378741496390996,0.5447942264461838,-4.163336342344337e-17,2.434336193896331,4.74636991953309,6.938893903907228e-17,0.5849280345739298,1.5428187810885192,-5.551115123125783e-17,1.0619498533778187,3.5919832768698066,0.01976126088929407,2.962996352456837,0.1710704028152602,3.153828016161391,3.6293875415707273,-0.026415411634854204,0.0,0.07736011419843741,0.05094470256358321,1.0,0.00018467429102681055,0.0,4.242640687119285,0.21109300243705068,0.02228012783894434
784,116.77579697641093,0.19634954084936207,5.421010862427522e-19,0.18539772643522573,0.5966590166209396,-1.2836953722228372e-16,0.1836880623708537,0.5450825663569125,-4.163336342344337e-17,2.439330588881237,4.752618633586666,5.551115123125783e-17,0.5842771265033893,1.5702974466620323,-5.551115123125783e-17,1.0568061184209998,3.585406542334895,0.01994288380587854,2.9751668609258424,0.1706898802775287,3.1657996250092495,3.6380360817084343,-0.026706465431475285,0.0,0.07360856084219757,0.04690209541072228,1.0,0.00018467429102681055,0.0,4.242640687119285,0.21109300243705068,0.02228012783894434
786,117.16849605810967,0.19634954084936207,-1.0842021724855044e-19,0.1860902381568122,0.5509272028423311,-1.2533377113932431e-16,0.18716295484229514,0.51667193731264,-5.551115123125783e-17,2.449207886122762,4.814971854475791,2.7755575615628914e-17,0.5831006268711093,1.682584443688392,-2.7755575615628914e-17,1.0440225340548785,3.5105952049551346,0.020335757774105304,2.999309634722964,0.1700031705287403,3.18964856302581,3.6539471574904305,-0.027062057320683737,0.0,0.0704395170099172,0.04337745968923346,1.0,0.00018467429102681055,0.0,4.242640687119285,0.21109300243705068,0.02228012783894434
787,117.36484559895904,0.19634954084936207,9.75781955236954e-19,0.1848812593615046,0.5153644388446206,-1.2620113287731272e-16,0.18948602937575923,0.5183905149092326,-1.3877787807814457e-17,2.454183828208631,4.834335770214743,6.938893903907228e-17,0.582497791748888,1.7180928155919317,-4.163336342344337e-17,1.037200490673223,3.4500591202743607,0.020488269203717123,3.0115091313203854,0.16965183869616546,3.201649239220268,3.661762989536682,-0.027357743812587324,0.0,0.0699853884659486,0.042627644653361274,1.0,0.00018467429102681055,0.0,4.242640687119285,0.21109300243705068,0.02228012783894434
788,117.5611951398084,0.19634954084936207,1.5178830414797062e-18,0.18359815583772685,0.5457330098209604,-1.2923689896027213e-16,0.1905745102303696,0.5383289031448687,-2.7755575615628914e-17,2.4592138699217734,4.8389169528392335,6.938893903907228e-17,0.5817984261081451,1.7332514643577202,-6.938893903907228e-17,1.0307898476019406,3.381736929707885,0.02049978158458801,3.023866429007813,0.1692447043109574,3.213610914903359,3.6697381008925083,-0.02753662424552446,0.0,0.0709454481132028,0.043408823867678345,1.0,0.00018467429102681055,0.0,4.242640687119285,0.21109300243705068,0.02228012783894434
789,117.75754468065777,0.19634954084936207,2.4936649967166602e-18,0.18255957941719045,0.5591868715776822,-1.2620113287731272e-16,0.189642396593282,0.5785398884010604,0.0,2.464243042836828,4.841800313018989,4.163336342344337e-17,0.5810545523269869,1.7266164550727139,-5.551115123125783e-17,1.0251729152351383,3.3120103884105103,0.020293606756867907,3.036246887084854,0.16881219638995754,3.2253526902316794,3.6779293532771993,-0.027714690342351016,0.0,0.07220214585455707,0.04448745551220606,1.0,0.00018467429102681055,0.0,4.242640687119285,0.21109300243705068,0.02228012783894434
791,118.15024376235651,0.19634954084936207,9.75781955236954e-19,0.17941857443028267,0.5203576767623637,-1.2706849461530112e-16,0.1833587630233306,0.6503151055294967,-3.469446951953614e-17,2.4739577653587017,4.940130929206557,5.551115123125783e-17,0.5800132557608686,1.6609101036199103,-8.326672684688674e-17,1.0167168528288912,3.288963954349732,0.019184949090286323,3.0602335123893107,0.16820768842916134,3.2476261499087586,3.6949363912210162,-0.027784693860186505,0.0,0.07383575791351298,0.04605106405332647,1.0,0.00018206227148891678,0.0,4.242640687119285,0.23640425303879953,0.02794348542741638
792,118.34659330320588,0.19634954084936207,-4.336808689942018e-19,0.17602096197918415,0.4720757223608465,-1.2706849461530112e-16,0.1802474942392012,0.6679819929650113,-1.3877787807814457e-17,2.4785620870670457,4.973026729787487,6.938893903907228e-17,0.5798591723114813,1.637806672288934,-6.245004513516506e-17,1.0137058303453947,3.2868259928788945,0.01838997288886591,3.0716350097230745,0.16811832985687808,3.2581433124688184,3.7037135101542833,-0.0278460184638158,0.0,0.07528338533422357,0.047437366870407775,1.0,0.00018206227148891678,0.0,4.242640687119285,0.23640425303879953,0.02794348542741638
793,118.54294284405525,0.19634954084936207,5.421010862427522e-19,0.17140161719996355,0.4324887860672938,-1.2663481374630692e-16,0.1781157694308574,0.6576875405924387,-6.938893903907228e-18,2.4830730504906904,4.986969129429226,1.3877787807814457e-17,0.5798062279938022,1.6249946919647162,-5.551115123125783e-17,1.011365342913469,3.2876641209979454,0.017555207738172762,3.08282588703657,0.16808763101020047,3.268468725784943,3.712728518143694,-0.027985460814970393,0.0,0.07663332033989614,0.04864785952492575,1.0,0.00018206227148891678,0.0,4.242640687119285,0.23640425303879953,0.02794348542741638
795,118.93564192575398,0.19634954084936207,1.951563910473908e-18,0.16292561753832852,0.39621849739813936,-1.2706849461530112e-16,0.17506453936963523,0.5951467172946944,-3.469446951953614e-17,2.492355483488198,4.959579746652297,5.551115123125783e-17,0.5791213483805231,1.5726342372087725,-4.163336342344337e-17,1.0084189540061057,3.2909862431222856,0.01618031677779809,3.105917928036844,0.16769076807503755,3.28978901288968,3.7320451534003842,-0.02811844721073863,0.0,0.0799866824544822,0.05186823524374358,1.0,0.00018206227148891678,0.0,4.242640687119285,0.23640425303879953,0.02794348542741638
796,119.13199146660335,0.19634954084936207,-2.168404344971009e-19,0.16166420195235537,0.41346347945627054,-1.2663481374630692e-16,0.1729768377188227,0.5737246344558743,-2.7755575615628914e-17,2.4973188496608016,4.959487649746439,2.7755575615628914e-17,0.5782277486479976,1.527187935030542,-2.7755575615628914e-17,1.0075653538803089,3.290572404851356,0.01583410639092028,3.1183007184355747,0.167173664653266,3.3013084894797613,3.742582898564814,-0.028162482004470354,0.0,0.08440662716842766,0.0562441451639573,1.0,0.00018206227148891678,0.0,4.242640687119285,0.23640425303879953,0.02794348542741638
797,119.32834100745272,0.19634954084936207,1.734723475976807e-18,0.16311092653258863,0.4251711525876141,-1.2750217548429532e-16,0.17069730874443628,0.6106692038342225,0.0,2.5024941085584054,4.9343304599858095,4.163336342344337e-17,0.5770451776783636,1.5328472755858438,-5.551115123125783e-17,1.00688169843082,3.28834945359685,0.015802629338508463,3.131238381684763,0.1664905685409271,3.3135315795641986,3.753751051856558,-0.028122789052090542,0.0,0.08750863552463785,0.059385846472547306,1.0,0.00018206227148891678,0.0,4.242640687119285,0.23640425303879953,0.02794348542741638
798,119.52469054830209,0.19634954084936207,8.673617379884035e-19,0.1666988245091215,0.4788454127934402,-1.2706849461530112e-16,0.16913745394939114,0.6127611171761,-1.0408340855860843e-17,2.5077785171016105,4.883197876834251,6.938893903907228e-17,0.5758155293932621,1.5364245756215495,-2.7755575615628914e-17,1.0062536443843961,3.2853840598317325,0.016088567164587942,3.1444765454181773,0.16578176194522132,3.326346874527987,3.765516163619164,-0.028023705268722818,0.0,0.0904016983176541,0.06237799304893128,1.0,0.00018206227148891678,0.0,4.242640687119285,0.23640425303879953,0.02794348542741638
800,119.91738963000083,0.19634954084936207,1.3010426069826053e-18,0.17601509184445982,0.575358498275991,-1.2706849461530112e-16,0.17132145474760893,0.5400970574304943,-4.163336342344337e-17,2.518111614910741,4.942824635449741,5.551115123125783e-17,0.5744365643205132,1.5620137848812072,-7.632783294297951e-17,1.005593710841971,3.2851363692215756,0.01733928810371182,3.170443052574191,0.16498868321417748,3.35277102389208,3.790788759153188,-0.02775428792632697,0.0,0.09452374158414611,0.06676945365781914,1.0,0.0001796939660383217,0.0,4.242640687119285,0.23440609821642122,0.02747310944052326
801,120.1137391708502,0.19634954084936207,1.734723475976807e-18,0.1798939422111299,0.6069221047523226,-1.2706849461530112e-16,0.17504567622022066,0.5666819155288374,-6.938893903907228e-18,2.522986343650463,4.964057658990464,2.7755575615628914e-17,0.5747214158299218,1.570390662909896,-1.3877787807814457e-17,1.0061616242077323,3.2919979108754083,0.018089865257365174,3.1827300451233658,0.16515235290677494,3.3659722632875058,3.8044621439819335,-0.027038248664710718,0.0,0.09900072329840813,0.07196247463369741,1.0,0.0001796939660383217,0.0,4.242640687119285,0.23440609821642122,0.02747310944052326
802,120.31008871169956,0.19634954084936207,-2.168404344971009e-19,0.1826043636289545,0.6226060456584579,-1.2750217548429532e-16,0.17950521710101075,0.5945241627198801,-1.3877787807814457e-17,2.527656231802879,4.971785163917917,2.7755575615628914e-17,0.575633553808931,1.564189507408365,-6.245004513516506e-17,1.0077360770031958,3.3049462011114974,0.018786841903892314,3.1945230130859645,0.1656769941353497,3.3789868491252064,3.81885748350188,-0.02677724846383072,0.0,0.10236019908872705,0.07558295062489634,1.0,0.0001796939660383217,0.0,4.242640687119285,0.23440609821642122,0.02747310944052326
803,120.50643825254893,0.19634954084936207,1.8431436932253575e-18,0.18406835394765736,0.6291662916469394,-1.2663481374630692e-16,0.18381648914521917,0.6073000272924384,-2.7755575615628914e-17,2.532234090530428,4.967506824960049,4.163336342344337e-17,0.5769114872952772,1.5531173745802873,-4.163336342344337e-17,1.0104866503610481,3.323495358963512,0.01935750522680004,3.2061047446222317,0.1664134320866244,3.391875681935656,3.8339815970729108,-0.02651697968858583,0.0,0.10576250865312166,0.07924552896453582,1.0,0.0001796939660383217,0.0,4.242640687119285,0.23440609821642122,0.02747310944052326
805,120.89913733424767,0.19634954084936207,1.4094628242311558e-18,0.18358568526832952,0.6014217579049465,-1.2836953722228372e-16,0.19009563831751097,0.5559503755295132,-4.163336342344337e-17,2.5416618598016,4.939202077516153,2.7755575615628914e-17,0.5792308998401753,1.5450012316691821,-5.551115123125783e-17,1.019613193309609,3.426859496525328,0.0199183249192058,3.2300225047850644,0.16775421766482954,3.4176950473691,3.866144252306104,-0.026173817753246974,0.0,0.11027110762255805,0.08409728986931109,1.0,0.0001796939660383217,0.0,4.242640687119285,0.23440609821642122,0.02747310944052326
806,121.09548687509704,0.19634954084936207,2.6020852139652106e-18,0.18169583065587308,0.5700523420686059,-1.2750217548429532e-16,0.19189674646311988,0.5796359901616056,-4.163336342344337e-17,2.5466615810806448,4.927115386108218,5.551115123125783e-17,0.5798644799292737,1.5502385987153016,-2.7755575615628914e-17,1.025925263144479,3.47939805144784,0.019827939128654114,3.242742604276086,0.1681214075418235,3.4306919509465637,3.8829944727890653,-0.02590423726699425,0.0,0.11392268315864494,0.0880184458916507,1.0,0.0001796939660383217,0.0,4.242640687119285,0.23440609821642122,0.02747310944052326
807,121.2918364159464,0.19634954084936207,-5.421010862427522e-19,0.1785836835290133,0.5313002582680997,-1.240327285323417e-16,0.19286970081086885,0.5924274495309824,-2.0816681711721685e-17,2.5518290928463587,4.8989086335493806,5.551115123125783e-17,0.5801534701378793,1.561473479569771,-7.632783294297951e-17,1.0333123001603917,3.5132878120418654,0.019458959277128252,3.255915859548534,0.16828902445651162,3.443663843282174,3.900241131347631,-0.025784440419404572,0.0,0.11581615945608706,0.09003171903668249,1.0,0.0001796939660383217,0.0,4.242640687119285,0.23440609821642122,0.02747310944052326
809,121.68453549764514,0.19634954084936207,1.4094628242311558e-18,0.168662992600332,0.4658446627522995,-1.2750217548429532e-16,0.19190481796528638,0.5830711598231444,-4.163336342344337e-17,2.562387815855127,4.871539695813224,8.326672684688674e-17,0.5802289850906525,1.5979290999835385,-4.163336342344337e-17,1.0504072395156712,3.509773897027078,0.01800029531695856,3.2829156594214037,0.16833283756966436,3.4692487923080266,3.935487579460964,-0.025719794941802494,0.0,0.11766068394059234,0.09194088899878985,1.0,0.0001796939660383217,0.0,4.242640687119285,0.23440609821642122,0.02747310944052326
810,121.88088503849451,0.19634954084936207,1.3010426069826053e-18,0.16271276099928045,0.42565029851875835,-1.2533377113932431e-16,0.18933745828089094,0.5650942069172846,-6.938893903907228e-17,2.5676648602781786,4.851470099448349,6.938893903907228e-17,0.5802402250105394,1.6324635026672123,-4.163336342344337e-17,1.059300752849527,3.4703114983424523,0.017081974346686436,3.29645141735368,0.16833935936014072,3.481872751060507,3.9531839933672925,-0.02579167830462529,0.0,0.11813839536107534,0.09234671705645006,1.0,0.00017575212867691688,0.0,4.242640687119285,0.22108040693486553,0.024438273165242868
811,122.07723457934388,0.19634954084936207,1.734723475976807e-18,0.15755581480584022,0.41928961868602876,-1.2750217548429532e-16,0.18481446054878212,0.5455408619406602,-2.7755575615628914e-17,2.572924519295377,4.893299397156351,2.7755575615628914e-17,0.5803550055682268,1.65689650301691,-8.326672684688674e-17,1.0677711027306898,3.4086793464742473,0.01620210692577213,3.309970290995673,0.16840596624404824,3.4945783641654935,3.970820814922755,-0.025373339579767663,0.0,0.11741257102318936,0.0920392314434217,1.0,0.00017575212867691688,0.0,4.242640687119285,0.22108040693486553,0.024438273165242868
812,122.27358412019325,0.19634954084936207,8.673617379884035e-19,0.15471289053441925,0.4212394326695419,-1.2902005852577503e-16,0.17803964920426593,0.5154992331866693,-1.3877787807814457e-17,2.5780873721241515,4.9402567403833135,5.551115123125783e-17,0.5806504405074399,1.6631722292366302,-7.632783294297951e-17,1.0753126659655234,3.3301456479355878,0.015481184589258613,3.323267249153006,0.16857746703074195,3.5073259007730067,3.988103646791936,-0.025577166857495358,0.0,0.11583809960698381,0.09026093274948846,1.0,0.00017575212867691688,0.0,4.242640687119285,0.22108040693486553,0.024438273165242868
814,122.66628320189199,0.19634954084936207,4.336808689942018e-19,0.15920534090451857,0.437592567479669,-1.2576745200831851e-16,0.15976303443640244,0.5453846033543591,-4.163336342344337e-17,2.587973779516965,4.996537375282568,2.7755575615628914e-17,0.5820197566112191,1.6343045282812279,-5.551115123125783e-17,1.085698415649959,3.1574112052330494,0.014853075806659833,3.348804141733663,0.1693734985428913,3.5330307160832137,4.020664298057209,-0.025886342391636202,0.0,0.11100725871166621,0.08512091632003001,1.0,0.00017575212867691688,0.0,4.242640687119285,0.22108040693486553,0.024438273165242868
815,122.86263274274135,0.19634954084936207,1.0842021724855044e-18,0.16504493711073692,0.45960007711131967,-1.2891163830852648e-16,0.15176116560020336,0.5422338705059131,-4.163336342344337e-17,2.5926969021576487,5.002013906521866,5.551115123125783e-17,0.5829629489099276,1.6165273698444178,-2.7755575615628914e-17,1.0874929815715288,3.0844200042531456,0.015019142661596816,3.3610386132289336,0.16992289990087944,3.5459806557914098,4.03521662163347,-0.026111830879662228,0.0,0.10238420870193035,0.07627237782226812,1.0,0.00017575212867691688,0.0,4.242640687119285,0.22108040693486553,0.024438273165242868
816,123.05898228359072,0.19634954084936207,-4.336808689942018e-19,0.17080507247003435,0.4769150239888651,-1.2771901591879242e-16,0.14799257847684652,0.5671851325704468,-1.3877787807814457e-17,2.597352004908864,4.990791606356587,5.551115123125783e-17,0.5837691545647561,1.628973667849666,-5.551115123125783e-17,1.086328779002998,3.0637768687571083,0.015488697431965784,3.373118718702046,0.170393212910625,3.559000629044637,4.048023600299601,-0.026166540233137206,0.0,0.09357220622613598,0.06740566599299877,1.0,0.00017575212867691688,0.0,4.242640687119285,0.22108040693486553,0.024438273165242868
817,123.25533182444009,0.19634954084936207,4.336808689942018e-19,0.17489151877135603,0.4830580562001326,-1.2620113287731272e-16,0.15005486328351977,0.6108208293957336,-5.551115123125783e-17,2.602043820736796,4.963231500580264,2.7755575615628914e-17,0.5841106769527912,1.6459346562601642,-4.163336342344337e-17,1.0819019459462997,3.0559227719894793,0.016198882125005178,3.385316022517272,0.170592641465124,3.5721075461074014,4.05873837914597,-0.026143899212339713,0.0,0.08297481447785814,0.05683091526551842,1.0,0.00017575212867691688,0.0,4.242640687119285,0.22108040693486553,0.024438273165242868
819,123.64803090613883,0.19634954084936207,3.2526065174565133e-18,0.1770626621643747,0.4814515113106691,-1.2934531917752068e-16,0.16642576405177492,0.7070808083849343,-4.163336342344337e-17,2.6119377366717793,4.978041962297861,6.938893903907228e-17,0.5823830328036311,1.671434932086307,-1.3877787807814457e-17,1.0639072097110855,3.0439862557148096,0.017920822910258104,3.411109370125048,0.1695849984487777,3.5986151914840843,4.073812798669174,-0.025998106857116655,0.0,0.06679918635902371,0.040801079501907055,1.0,0.00017575212867691688,0.0,4.242640687119285,0.22108040693486553,0.024438273165242868
820,123.8443804469882,0.19634954084936207,1.734723475976807e-18,0.17698446899639844,0.4826290176424754,-1.2739375526704677e-16,0.17501706969253905,0.7139121193812572,-1.3877787807814457e-17,2.617240706468011,4.9821661808252315,5.551115123125783e-17,0.5801888348039537,1.662902358221867,-8.326672684688674e-17,1.0515409134462421,3.089060842031463,0.018696499784682952,3.4249744577965853,0.1683095420155847,3.6119804995968527,4.078839380628304,-0.025808252216872073,0.0,0.053887857581676774,0.0280796053648047,1.0,0.00017378544639356936,0.0,4.242640687119285,0.22837360441487134,0.026077251596720072
821,124.04072998783757,0.19634954084936207,8.673617379884035e-19,0.1775643997239972,0.4739436578029006,-1.2804427657053807e-16,0.18109029256764703,0.6900110857830279,-5.551115123125783e-17,2.622758931803023,4.9676736667845125,2.7755575615628914e-17,0.5773508161203486,1.6523882345112564,-5.551115123125783e-17,1.0379541463339963,3.139025762959066,0.019296964547540416,3.439432207176266,0.1666669824374163,3.6253961541612227,4.082947315269461,-0.025417213755741932,0.0,0.048741111027688404,0.023323897271946472,1.0,0.00017378544639356936,0.0,4.242640687119285,0.22837360441487134,0.026077251596720072
823,124.4334290695363,0.19634954084936207,9.75781955236954e-19,0.18033577019328315,0.4571680015706343,-1.2858637765678083e-16,0.18546361984088605,0.5908502841407054,-4.163336342344337e-17,2.6338736616304383,5.041486103407957,4.163336342344337e-17,0.5713397593603831,1.6018405407334333,-2.7755575615628914e-17,1.0091647289497265,3.209275700780069,0.0198825916505222,3.468645232715266,0.16321456031299017,3.6517423846787787,4.089928576533936,-0.02535584820256998,0.0,0.045379362293218775,0.020023514090648797,1.0,0.00017378544639356936,0.0,4.242640687119285,0.22837360441487134,0.026077251596720072
824,124.62977861038567,0.19634954084936207,0.0,0.18068299230154697,0.5023220770328068,-1.2880321809127793e-16,0.18563778229755076,0.545087867979841,0.0,2.639166293444779,5.078163222816026,6.938893903907228e-17,0.5689977366420815,1.5608296866399431,-5.551115123125783e-17,0.9944214557559521,3.212708467026546,0.019894086832850943,3.4825993622275258,0.16187921215190576,3.6643726612122824,4.093247861914491,-0.025395633834979666,0.0,0.0444201230034597,0.01902448916848003,1.0,0.00017378544639356936,0.0,4.242640687119285,0.22837360441487134,0.026077251596720072
825,124.82612815123504,0.19634954084936207,2.4936649967166602e-18,0.17933014411189674,0.5315673813144394,-1.2728533504979822e-16,0.18547016249369247,0.5433829988460115,-4.163336342344337e-17,2.644161971575823,5.104589716317347,4.163336342344337e-17,0.5673833501749108,1.5362402183412158,-4.163336342344337e-17,0.9796451885634104,3.1898998160764926,0.01972784676485024,3.4957962659638713,0.1609619330278527,3.6764860457565742,4.0965682465627955,-0.025484611091003456,0.0,0.04449254875224072,0.019007937661237265,1.0,0.00017378544639356936,0.0,4.242640687119285,0.22837360441487134,0.026077251596720072
826,125.02247769208441,0.19634954084936207,8.673617379884035e-19,0.17642366998669465,0.5396876687583276,-1.2858637765678083e-16,0.18482577650092288,0.5328749965324755,-4.163336342344337e-17,2.6488979817542804,5.11542688514428,6.938893903907228e-17,0.5663742396689775,1.521283745316746,-2.7755575615628914e-17,0.9651438896033454,3.14234831632152,0.019364593045226468,3.5083302588709504,0.16038988968030615,3.6880847415964833,4.099980367739231,-0.025607377316678434,0.0,0.045103667367396655,0.01949629005071822,1.0,0.00017378544639356936,0.0,4.242640687119285,0.22837360441487134,0.026077251596720072
828,125.41517677378314,0.19634954084936207,2.168404344971009e-19,0.16954393985341193,0.5029924184298014,-1.2902005852577503e-16,0.1796367744980078,0.49023280956154336,-1.3877787807814457e-17,2.6581692592154385,5.0812287322590795,5.551115123125783e-17,0.5647635573426466,1.4951229775820984,-7.632783294297951e-17,0.9389860475081103,3.0535562829160194,0.017981217501057935,3.5329319053189767,0.15947893785116043,3.710392060671195,4.107928593824379,-0.025825941009881736,0.0,0.048241120730482236,0.0224151797206005,1.0,0.00017378544639356936,0.0,4.242640687119285,0.22837360441487134,0.026077251596720072
829,125.61152631463251,0.19634954084936207,1.951563910473908e-18,0.16740916842553863,0.4858205202216024,-1.2750217548429532e-16,0.1744263327159476,0.5239705450508522,-6.245004513516506e-17,2.663025095268216,5.0416124597417165,6.938893903907228e-17,0.5635094115102296,1.4658837514209506,-3.469446951953614e-17,0.9283906572759805,3.00616068712164,0.01701722798937417,3.5458513290141465,0.15877142843030262,3.721639985433823,4.113126901243804,-0.026046816786087904,0.0,0.054706171719377264,0.02865935493328936,1.0,0.00017378544639356936,0.0,4.242640687119285,0.22837360441487134,0.026077251596720072
830,125.80787585548188,0.19634954084936207,1.1926223897340549e-18,0.16650892502262027,0.4697677227992667,-1.2750217548429532e-16,0.16793709358222847,0.5612737024456691,-2.7755575615628914e-17,2.6681416800138287,5.034902530049085,5.551115123125783e-17,0.5618269067900734,1.4973599972282032,-5.551115123125783e-17,0.9199366085225597,2.9599482227711764,0.015983834381115065,3.5594900123135074,0.15782473659665092,3.7332985832912735,4.119619828086922,-0.026174280735769207,0.0,0.061371768674812366,0.03519748793904316,1.0,0.00017374920545439312,0.0,4.242640687119285,0.23863919971438874,0.02847433382016196
831,126.00422539633125,0.19634954084936207,2.2768245622195593e-18,0.16635340706554966,0.5025009616515328,-1.2771901591879242e-16,0.16109851838870318,0.5682993528101543,-5.551115123125783e-17,2.673494021233795,5.087710992317099,8.326672684688674e-17,0.5598784180415954,1.5250672946254942,-6.938893903907228e-17,0.913725160441286,2.9216791749679762,0.014992197134068016,3.573785140786424,0.15673192149437976,3.7455092594148716,4.1276624714915835,-0.02626397941175388,0.0,0.06926129785647538,0.042997318444721495,1.0,0.00017374920545439312,0.0,4.242640687119285,0.23863919971438874,0.02847433382016196
833,126.39692447802999,0.19634954084936207,-8.673617379884035e-19,0.16557423054736964,0.5568395403018651,-1.2685165418080402e-16,0.15064564002533404,0.49356308915482205,-2.7755575615628914e-17,2.684499874356038,5.173831998806664,6.938893903907228e-17,0.55631416946529,1.581722302394406,-3.469446951953614e-17,0.9074796455824823,2.884987463088555,0.013513222657192007,3.603269787708792,0.1547427275739277,3.7715257379399114,4.148618678443396,-0.02630418964351073,0.0,0.08158063227062917,0.05527644262711844,1.0,0.00017374920545439312,0.0,4.242640687119285,0.23863919971438874,0.02847433382016196
834,126.59327401887936,0.19634954084936207,0.0,0.164381802082345,0.5702198709704072,-1.2663481374630692e-16,0.1487090219938172,0.42556311969318394,-1.3877787807814457e-17,2.6899100666549303,5.197573753865049,2.7755575615628914e-17,0.5552626004477861,1.5966411250445047,-4.85722573273506e-17,0.9068769771529147,2.8880878814520963,0.013167473226600942,3.6178080833457655,0.15415827772801882,3.7851338343003853,4.161347091984706,-0.02620942500448009,0.0,0.0929203887763311,0.06671096377185101,1.0,0.00017374920545439312,0.0,4.242640687119285,0.23863919971438874,0.02847433382016196
835,126.78962355972872,0.19634954084936207,2.2768245622195593e-18,0.16314229461244414,0.5717320838748312,-1.2706849461530112e-16,0.14942845330653823,0.41075716965838993,1.3877787807814457e-17,2.6951338416150294,5.219986150362345,5.551115123125783e-17,0.5549888761422216,1.598450451161967,-6.245004513516506e-17,0.9075649195305248,2.902705308917493,0.013161558219876577,3.6318732121092925,0.15400632632080308,3.7990410966499724,4.175439425424637,-0.026045381934025343,0.0,0.09975856551364366,0.07371318357961831,1.0,0.00017374920545439312,0.0,4.242640687119285,0.23863919971438874,0.02847433382016196
837,127.18232264142746,0.19634954084936207,1.6263032587282567e-18,0.1638223582060306,0.5381660600688808,-1.2728533504979822e-16,0.15735115322710239,0.5279346329052275,-6.245004513516506e-17,2.704957896153596,5.224043174064467,4.163336342344337e-17,0.5571112075410268,1.5631126569260259,-4.163336342344337e-17,0.912515036504944,2.950734502479259,0.014309819907694553,3.6583986099818433,0.15518644878391052,3.8278948786734484,4.207905924256216,-0.02566301013186661,0.0,0.11036603555033878,0.08470302541847216,1.0,0.00017374920545439312,0.0,4.242640687119285,0.23863919971438874,0.02847433382016196
838,127.37867218227683,0.19634954084936207,1.1926223897340549e-18,0.1668077855001173,0.5133523357575827,-1.2815269678778662e-16,0.16300641161839705,0.5699640895620549,-2.0816681711721685e-17,2.709668794050651,5.216495851059273,5.551115123125783e-17,0.5593479049323694,1.5550155433195059,-4.163336342344337e-17,0.9171643685724814,2.9765631683877745,0.015422853542453787,3.671152486725955,0.15643503937611547,3.843010379644524,4.226566848344959,-0.02518696443295727,0.0,0.12223852354110475,0.09705155910814747,1.0,0.00017374920545439312,0.0,4.242640687119285,0.23863919971438874,0.02847433382016196
839,127.5750217231262,0.19634954084936207,9.75781955236954e-19,0.17126837187966626,0.4809562597304732,-1.2576745200831851e-16,0.16872902322997468,0.5868307469782016,-1.3877787807814457e-17,2.714380000221571,5.225238582516961,6.938893903907228e-17,0.5620336461497353,1.5581949031840703,-3.469446951953614e-17,0.9237058073886818,3.0004499856481393,0.016761371038119276,3.683929392801428,0.15794090970218294,3.85863167354173,4.2469453362668785,-0.02484802902431186,0.0,0.13056121541952448,0.10571318639521263,1.0,0.00017374920545439312,0.0,4.242640687119285,0.23863919971438874,0.02847433382016196
840,127.77137126397557,0.19634954084936207,1.0842021724855044e-19,0.17630326814301303,0.4527532590786105,-1.2836953722228372e-16,0.17402417478839166,0.6012290733081207,-5.551115123125783e-17,2.7191954652127137,5.2422171209482284,4.163336342344337e-17,0.5648053607802507,1.5544999111896634,-4.163336342344337e-17,0.932340564442809,3.02212210109638,0.018160752489177992,3.6970119890166933,0.15950254778305456,3.874675289288926,4.268877747660476,-0.02452763743366311,0.0,0.13806637540346578,0.11353873796980267,1.0,0.0001702014234379198,0.0,4.242640687119285,0.21542985697051956,0.02320501163716926
842,128.1640703456743,0.19634954084936207,0.0,0.18412510463570372,0.5020415409015118,-1.2663481374630692e-16,0.18257842645546155,0.5897359018533312,-2.7755575615628914e-17,2.7294759467136527,5.263778391530038,2.7755575615628914e-17,0.5692278087194685,1.5338057035340995,-2.7755575615628914e-17,0.9553612248120866,3.07312648866478,0.020468128113090366,3.7250194718441945,0.16201014910978398,3.907497749067069,4.315940967042954,-0.023673947882580346,0.0,0.14532062288879852,0.12164667500621817,1.0,0.0001702014234379198,0.0,4.242640687119285,0.21542985697051956,0.02320501163716926
843,128.36041988652366,0.19634954084936207,2.168404344971009e-18,0.1856940502952481,0.488500202628423,-1.2576745200831851e-16,0.18541306825603118,0.5974605903433418,-1.3877787807814457e-17,2.734952681869393,5.255115695609704,5.551115123125783e-17,0.5704138833816113,1.5229719777725728,-6.938893903907228e-17,0.9689605577413668,3.1334023449484696,0.02111787848994496,3.739983086032293,0.16268599917724513,3.923786963699483,4.339971794740512,-0.02347609413667564,0.0,0.14783823725839557,0.12436214312171992,1.0,0.0001702014234379198,0.0,4.242640687119285,0.21542985697051956,0.02320501163716926
844,128.556769427373,0.19634954084936207,8.673617379884035e-19,0.18568221834997656,0.46740331574308763,-1.2706849461530112e-16,0.1866512158929483,0.6051495774281663,-5.551115123125783e-17,2.740607253172218,5.228361734858139,2.7755575615628914e-17,0.5708993492456963,1.509422030207181,-9.71445146547012e-17,0.9834397946116794,3.207824688513081,0.021333556301771264,3.755464058070084,0.16296303348457977,3.9397606478564353,4.363855215339998,-0.023459588171100613,0.0,0.14723289256914335,0.12377330439804274,1.0,0.0001702014234379198,0.0,4.242640687119285,0.21542985697051956,0.02320501163716926
845,128.75311896822237,0.19634954084936207,1.734723475976807e-18,0.18456702839593886,0.44567436642842984,-1.2706849461530112e-16,0.18560318707409354,0.5921883535580676,-2.7755575615628914e-17,2.7463406223626023,5.184023715542418,5.551115123125783e-17,0.5709284173863882,1.5365204458508093,-5.551115123125783e-17,0.9985709372248178,3.287214503214668,0.021094330457105608,3.771193407019501,0.16297962888966294,3.9552673663662694,4.387475852756848,-0.02352885321876382,0.0,0.14607617657263205,0.12254732335386824,1.0,0.0001702014234379198,0.0,4.242640687119285,0.21542985697051956,0.02320501163716926
847,129.14581804992108,0.19634954084936207,1.951563910473908e-18,0.18105231772757532,0.49969661573720114,-1.2880321809127793e-16,0.1751549866044211,0.48562765142917397,-5.551115123125783e-17,2.7574878278710186,5.232255310208754,5.551115123125783e-17,0.5712336152084975,1.5696792984479417,-6.938893903907228e-17,1.0299305151992761,3.44566633653935,0.019393887268289587,3.801869560428414,0.16315392157208486,3.984417369268788,4.433975644698308,-0.023757201772350446,0.0,0.14439838679172418,0.12064118501937374,1.0,0.0001702014234379198,0.0,4.242640687119285,0.21542985697051956,0.02320501163716926
848,129.34216759077043,0.19634954084936207,1.6263032587282567e-18,0.1789404147995486,0.5200526312210174,-1.2836953722228372e-16,0.16661962726954238,0.47973748178598796,-2.7755575615628914e-17,2.762675501187129,5.282005012162248,4.163336342344337e-17,0.5721792291619322,1.5859225694551884,-5.551115123125783e-17,1.045239392377459,3.515134283584689,0.01812883043010178,3.8161879624297756,0.16369453514217147,3.998011328002049,4.456687717736172,-0.024027506810204095,0.0,0.14179098681676697,0.11776348000656287,1.0,0.0001702014234379198,0.0,4.242640687119285,0.21542985697051956,0.02320501163716926
849,129.53851713161978,0.19634954084936207,4.336808689942018e-19,0.17629102338789152,0.5187146601035739,-1.2706849461530112e-16,0.1576829204823627,0.47464145816526504,-4.163336342344337e-17,2.7675870750548257,5.320758909339038,5.551115123125783e-17,0.5736921576747509,1.5958429662782063,-5.551115123125783e-17,1.059218742236923,3.57159302137737,0.016784655087978117,3.8297691090052624,0.1645613458887556,4.011115109981996,4.478601428725364,-0.02417128886893446,0.0,0.1378095535038414,0.11363826463490692,1.0,0.0001702014234379198,0.0,4.242640687119285,0.21542985697051956,0.02320501163716926
851,129.9312162133185,0.19634954084936207,2.0599841277224584e-18,0.16912699291664965,0.44725165102071684,-1.2836953722228372e-16,0.1453973187221766,0.5033225755777793,-1.3877787807814457e-17,2.7770919446122395,5.347354251465075,5.551115123125783e-17,0.576902036816494,1.5829680777458055,-5.551115123125783e-17,1.079331475840451,3.6286182521458623,0.014487271716369758,3.856119834415094,0.16640798004150972,4.037015086172974,4.517961303594264,-0.024138867647170884,0.0,0.1264861139997581,0.10234724635258721,1.0,0.00016867015143440025,0.0,4.242640687119285,0.22362465598294967,0.025003993381746296
852,130.12756575416785,0.19634954084936207,2.927345865710862e-18,0.16555645424207985,0.4275594579915414,-1.2858637765678083e-16,0.14398330533996656,0.49238429040484966,-5.551115123125783e-17,2.7820119245294492,5.334261441744635,2.7755575615628914e-17,0.5776661337389772,1.5600550171232515,-4.163336342344337e-17,1.0840380924392812,3.623195525246757,0.013777137684052847,3.869795174112025,0.16684908103446888,4.050421392830547,4.534557892047052,-0.02395220263204698,0.0,0.110797941727006,0.08684573909495902,1.0,0.00016867015143440025,0.0,4.242640687119285,0.22362465598294967,0.025003993381746296
853,130.3239152950172,0.19634954084936207,8.673617379884035e-19,0.16301262052272184,0.4452081632364884,-1.2555061157382141e-16,0.14568480461304606,0.4734252879014593,-5.551115123125783e-17,2.787187165411436,5.3045059539292385,4.163336342344337e-17,0.577503822878231,1.560974017373971,-5.551115123125783e-17,1.0848365914455502,3.5943427849999194,0.01345253909456492,3.884206147517117,0.16675533271948556,4.064414019331168,4.548924368188237,-0.023805285892202994,0.0,0.09940095246057422,0.07559566656837122,1.0,0.00016867015143440025,0.0,4.242640687119285,0.22362465598294967,0.025003993381746296
854,130.52026483586656,0.19634954084936207,9.75781955236954e-19,0.16191427723416393,0.4644967246823194,-1.2858637765678083e-16,0.15000164408478117,0.44057361148467,-2.7755575615628914e-17,2.7926253602725453,5.3172960229922595,6.938893903907228e-17,0.5764625526221413,1.5550410863989166,-5.551115123125783e-17,1.0819357976319322,3.545147796484139,0.013529240452699707,3.89937820141868,0.16615453728781743,4.079061979159197,4.561274485400325,-0.02360486481462828,0.0,0.08895425159817111,0.06534938678354282,1.0,0.00016867015143440025,0.0,4.242640687119285,0.22362465598294967,0.025003993381746296
856,130.91296391756526,0.19634954084936207,1.4094628242311558e-18,0.16295481062133216,0.4628072621987217,-1.2620113287731272e-16,0.16410328222656148,0.4582157031335815,-1.3877787807814457e-17,2.803978915314891,5.307319640901083,1.3877787807814457e-17,0.5728209655890185,1.5384274478013382,-2.7755575615628914e-17,1.0671177397324667,3.4121279203158634,0.014711301988003503,3.9311488787652364,0.16406192930916774,4.109922110062408,4.581443912393541,-0.023245852242575717,0.0,0.07696105813613603,0.05371520589356031,1.0,0.00016867015143440025,0.0,4.242640687119285,0.22362465598294967,0.025003993381746296
857,131.10931345841462,0.19634954084936207,-1.734723475976807e-18,0.16404266982961563,0.4431819684833652,-1.2685165418080402e-16,0.17196253890484645,0.48420367034025635,0.0,2.809665560140661,5.325095648166663,4.163336342344337e-17,0.5708580447184068,1.5546458231421172,-4.163336342344337e-17,1.0565831291594119,3.343690008216949,0.015601953484336923,3.947110279920266,0.16293945360986123,4.125651687014464,4.590010476006885,-0.02289154644970804,0.0,0.06876370257993482,0.04587215613022678,1.0,0.00016867015143440025,0.0,4.242640687119285,0.22362465598294967,0.025003993381746296
858,131.30566299926397,0.19634954084936207,6.505213034913027e-19,0.16524755093227717,0.41662564725342643,-1.2793585635328952e-16,0.17848603745136038,0.516362242110818,-4.163336342344337e-17,2.8152203932923214,5.360043856613986,8.326672684688674e-17,0.569115357124727,1.5735883942440103,-8.326672684688674e-17,1.0449501631572762,3.2941438467977946,0.01648845451996283,3.962732931404487,0.16194614485760284,4.141167530782052,4.597932303379908,-0.02271211567425287,0.0,0.06527523430973925,0.04256311863548638,1.0,0.00016867015143440025,0.0,4.242640687119285,0.22362465598294967,0.025003993381746296
859,131.50201254011333,0.19634954084936207,4.336808689942018e-19,0.16681951609709608,0.40956521963015163,-1.24683249835833e-16,0.18233376110252825,0.5557712758909404,-5.551115123125783e-17,2.8205847363501597,5.400007671047843,8.326672684688674e-17,0.5676913719127095,1.5784267066887518,-4.163336342344337e-17,1.0328727004730152,3.2563497912619326,0.017222281691742867,3.977849127465749,0.16113674687206714,4.1562081560295585,4.605387927054879,-0.022616668281275155,0.0,0.06281681509921584,0.040200146817940687,1.0,0.00016867015143440025,0.0,4.242640687119285,0.22362465598294967,0.025003993381746296
861,131.89471162181204,0.19634954084936207,3.2526065174565133e-19,0.17178722303744748,0.42615131107816195,-1.2750217548429532e-16,0.18027517828025358,0.5992653372136343,-4.163336342344337e-17,2.830797472584693,5.412307116036918,5.551115123125783e-17,0.5657021270803311,1.563598627225737,-1.3877787807814457e-17,1.0091221503014187,3.1675973088064966,0.017925096472060566,4.006707165395944,0.16000944829160554,4.184641710159609,4.619599587293034,-0.022389457962480305,0.0,0.0608079023108958,0.038418444348415494,1.0,0.00016420396866049573,0.0,4.242640687119285,0.20274332769406642,0.0205524284622318
862,132.0910611626614,0.19634954084936207,1.3010426069826053e-18,0.17457832370921209,0.4658657750703782,-1.2923689896027213e-16,0.175865149231142,0.5984668366807607,-4.163336342344337e-17,2.8357648351179487,5.4202518443546746,5.551115123125783e-17,0.5649108974000427,1.5470209103083323,-5.551115123125783e-17,0.9978436531122945,3.121422105065582,0.017914156542986125,4.020781100045764,0.15956216100066084,4.198257417589411,4.626656406725324,-0.022373580552673633,0.0,0.06050323511980013,0.0381296545671265,1.0,0.00016420396866049573,0.0,4.242640687119285,0.20274332769406642,0.0205524284622318
863,132.28741070351074,0.19634954084936207,6.505213034913027e-19,0.176627422533147,0.49495229843232846,-1.2663481374630692e-16,0.17121794359558465,0.5902525594359066,-2.7755575615628914e-17,2.8407437024321647,5.417464194418189,6.938893903907228e-17,0.564045580159287,1.5662268565311654,-8.326672684688674e-17,0.9870793634746715,3.0790160300777574,0.017739874506187886,4.034912391454002,0.15907370824861325,4.211725974208803,4.633867613302758,-0.02265025368680949,0.0,0.06153062170787328,0.03888036802106379,1.0,0.00016420396866049573,0.0,4.242640687119285,0.20274332769406642,0.0205524284622318
865,132.68010978520945,0.19634954084936207,9.75781955236954e-19,0.17635166451384976,0.5128720479784766,-1.2836953722228372e-16,0.1652627683188506,0.5851647840898778,-6.938893903907228e-17,2.8510497178285057,5.399153655971949,5.551115123125783e-17,0.5614472796060899,1.6036053334268905,-5.551115123125783e-17,0.9678353524166108,2.983480059174474,0.017054260159074307,4.064242246765002,0.15761152388853944,4.238908030812617,4.64942997743575,-0.02309736251555621,0.0,0.06483530260976289,0.041737940094206685,1.0,0.00016420396866049573,0.0,4.242640687119285,0.20274332769406642,0.0205524284622318
866,132.8764593260588,0.19634954084936207,1.4094628242311558e-18,0.17408299748788683,0.5158173958048068,-1.2706849461530112e-16,0.1635182446252045,0.5500046933426528,-1.3877787807814457e-17,2.856470930446529,5.4152401541147945,5.551115123125783e-17,0.5594613493859231,1.6108341360311291,-1.3877787807814457e-17,0.9599176240676274,2.934519992514216,0.016544180881912493,4.079713088243029,0.15649850072835897,4.252755769853301,4.6580435687304815,-0.02352390945817333,0.0,0.06950248457730235,0.04597857511912902,1.0,0.00016420396866049573,0.0,4.242640687119285,0.20274332769406642,0.0205524284622318
867,133.07280886690816,0.19634954084936207,6.505213034913027e-19,0.1710934994202781,0.5165115070853465,-1.2793585635328952e-16,0.16136278957621616,0.4968802163328602,-5.551115123125783e-17,2.8620667517402247,5.419342097327564,6.938893903907228e-17,0.5570024243912146,1.6132015934827326,-9.71445146547012e-17,0.9534385391225473,2.889671021240286,0.015922369546161646,4.095713045708421,0.15512585038884535,4.266761265643428,4.66732927896099,-0.023778712706735837,0.0,0.07321726488620589,0.049438552179470054,1.0,0.00016420396866049573,0.0,4.242640687119285,0.20274332769406642,0.0205524284622318
868,133.26915840775752,0.19634954084936207,1.4094628242311558e-18,0.16801943727042187,0.5150957904240898,-1.2750217548429532e-16,0.15830817037971054,0.45562285947912684,-2.7755575615628914e-17,2.8677661063457367,5.423236065526142,5.551115123125783e-17,0.5542762910087161,1.6100252882573975,-8.326672684688674e-17,0.94843106798136,2.853250537467684,0.015234917423601144,4.112041220352694,0.15361110338718947,4.280887241163485,4.6773691470429855,-0.02400491286264147,0.0,0.07733140987842688,0.05332649701578541,1.0,0.00016420396866049573,0.0,4.242640687119285,0.20274332769406642,0.0205524284622318
870,133.66185748945622,0.19634954084936207,5.421010862427522e-19,0.16291640207056973,0.51371754164091,-1.2880321809127793e-16,0.15189985794079547,0.44261705352633496,-2.7755575615628914e-17,2.878972977715807,5.437925703947687,4.163336342344337e-17,0.5497239489692691,1.590992517485844,-8.326672684688674e-17,0.9423626111411957,2.819061030981889,0.014054124886348619,4.14424270320891,0.15109821003518378,4.309395038130443,4.700266016702376,-0.02426446926928386,0.0,0.08479253787021815,0.06052806860093429,1.0,0.0001635833882883044,0.0,4.242640687119285,0.22148415508527244,0.024527615476918507
871,133.85820703030558,0.19634954084936207,1.3010426069826053e-18,0.16092832783078417,0.5030640473837065,-1.2793585635328952e-16,0.15092589581216503,0.44071118350048266,0.0,2.884249576804734,5.474343359608678,5.551115123125783e-17,0.5488017588978362,1.5732396223397331,-4.163336342344337e-17,0.9410907935134379,2.8236971961993804,0.013769879888860508,4.159447810649142,0.15059168528467934,4.323809375822681,4.713527069149013,-0.02432787726118398,0.0,0.09402353839021987,0.0696956611290359,1.0,0.0001635833882883044,0.0,4.242640687119285,0.22148415508527244,0.024527615476918507
872,134.05455657115493,0.19634954084936207,-7.589415207398531e-19,0.15931357582948993,0.4873426228666379,-1.2836953722228372e-16,0.15245661448174022,0.4726832100792603,-4.163336342344337e-17,2.8892618862875006,5.502518982743611,1.3877787807814457e-17,0.5490388717560587,1.5498393510773567,-2.7755575615628914e-17,0.9409856242266753,2.8410141840719803,0.013769011029785824,4.173917123776804,0.15072184134958294,4.338407976156173,4.7282023826560975,-0.02435766594437388,0.0,0.10117271503882003,0.07681504909444614,1.0,0.0001635833882883044,0.0,4.242640687119285,0.22148415508527244,0.024527615476918507
873,134.2509061120043,0.19634954084936207,-8.673617379884035e-19,0.15829132823179595,0.4684164575568459,-1.2793585635328952e-16,0.1561597301667986,0.5031695423827783,-4.163336342344337e-17,2.894101502218364,5.5216397248315365,6.938893903907228e-17,0.5502070523568895,1.5229234198784243,-2.7755575615628914e-17,0.94209193009081,2.8676817444675744,0.014042209008296391,4.187911752571295,0.15136390023162846,4.35331786181122,4.744316807323249,-0.024341738098737915,0.0,0.10840165775356078,0.08405991965482287,1.0,0.0001635833882883044,0.0,4.242640687119285,0.22148415508527244,0.024527615476918507
875,134.643605193703,0.19634954084936207,1.0842021724855044e-18,0.15948192539184994,0.42974160154323005,-1.2793585635328952e-16,0.1658442946472352,0.5976209926664272,-4.163336342344337e-17,2.903888478964872,5.530614315500975,5.551115123125783e-17,0.5533663732686079,1.4682451154652267,-6.938893903907228e-17,0.9478316541885663,2.9333177432959605,0.015158942133212438,4.216284149132458,0.1531071715322262,4.384550262797897,4.780221342394219,-0.02427472360397325,0.0,0.11762960496067335,0.09335488135670009,1.0,0.0001635833882883044,0.0,4.242640687119285,0.22148415508527244,0.024527615476918507
876,134.83995473455235,0.19634954084936207,7.589415207398531e-19,0.1621409386316861,0.4465589047894857,-1.2706849461530112e-16,0.1696552763786736,0.5991509903100717,1.3877787807814457e-17,2.9090811342610263,5.519232066460327,4.163336342344337e-17,0.5544741935983624,1.4824930045607496,-6.938893903907228e-17,0.9522720649818641,3.003510544706978,0.0158215007161213,4.231376522856709,0.15372081568327706,4.400918839256107,4.799481618090487,-0.024209578269120506,0.0,0.12423035093567886,0.10002077266655834,1.0,0.0001635833882883044,0.0,4.242640687119285,0.22148415508527244,0.024527615476918507
877,135.0363042754017,0.19634954084936207,4.336808689942018e-19,0.1659660851833648,0.4771121181267041,-1.2663481374630692e-16,0.17181498994739686,0.5666899385031762,-5.551115123125783e-17,2.9145014478629765,5.496691524168348,4.163336342344337e-17,0.5550582754353163,1.492632610680936,-4.163336342344337e-17,0.9576594136835983,3.0705619632329024,0.016425578356762463,4.247159344797692,0.15404484456461368,4.417629767719068,4.8192947314902215,-0.02418549120188155,0.0,0.12703720977561211,0.10285171857373057,1.0,0.0001635833882883044,0.0,4.242640687119285,0.22148415508527244,0.024527615476918507
879,135.4290033571004,0.19634954084936207,5.421010862427522e-19,0.17460010621152486,0.5244930366097779,-1.2923689896027213e-16,0.17050486944129387,0.5529957949235954,-2.7755575615628914e-17,2.9256743277735993,5.489545909984521,5.551115123125783e-17,0.5554058490999174,1.487508966661758,-4.163336342344337e-17,0.9712702283702793,3.176333367082194,0.01715941258191038,4.279785136096751,0.1542378286072001,4.451182377285861,4.860128987153044,-0.024188458036463748,0.0,0.13008712940193404,0.10589867136547029,1.0,0.0001635833882883044,0.0,4.242640687119285,0.22148415508527244,0.024527615476918507
880,135.62535289794977,0.19634954084936207,7.589415207398531e-19,0.17784296601613225,0.520860260857123,-1.2750217548429532e-16,0.16765379392591045,0.5366972250064307,-1.3877787807814457e-17,2.9312088907816527,5.527629131728407,5.551115123125783e-17,0.5557337682344914,1.4794193454361104,-2.7755575615628914e-17,0.9793761015069476,3.2157170124383394,0.017219496658282346,4.295992780698705,0.1544200105780537,4.467632287935041,4.88103023652789,-0.024231423590195738,0.0,0.13251292126371444,0.1082814976735187,1.0,0.0001620332444826974,0.0,4.242640687119285,0.21441003415589258,0.02298583137336551
881,135.82170243879912,0.19634954084936207,8.673617379884035e-19,0.1795356728434424,0.5057878327414623,-1.2793585635328952e-16,0.16426606258555243,0.5082788190611296,0.0,2.936622097859294,5.550244866733465,4.163336342344337e-17,0.5564354192105533,1.494525706654086,-8.326672684688674e-17,0.9880266197108832,3.247152502109751,0.01709020872403787,4.31187467281776,0.15481018787601208,4.48377506941781,4.902158339633297,-0.02405968919470243,0.0,0.13342657619394296,0.10936688699924053,1.0,0.0001620332444826974,0.0,4.242640687119285,0.21441003415589258,0.02298583137336551
882,136.01805197964848,0.19634954084936207,6.505213034913027e-19,0.17948895551649424,0.4900451852986233,-1.3097162243624894e-16,0.16104718688079894,0.47321720908033127,-2.7755575615628914e-17,2.941882747448172,5.558619066735067,4.163336342344337e-17,0.5575333017788089,1.5027340883418079,-4.163336342344337e-17,0.9967809756258676,3.271060259126874,0.016813026433316332,4.327337049866603,0.15542169129619018,4.49957176759611,4.923257983502106,-0.02413618372617851,0.0,0.133338274503278,0.1092020907770995,1.0,0.0001620332444826974,0.0,4.242640687119285,0.21441003415589258,0.02298583137336551
884,136.41075106134718,0.19634954084936207,2.8189256484623115e-18,0.17545845815052932,0.49852768485520915,-1.2793585635328952e-16,0.15591087706116338,0.4811649508665008,0.0,2.9520524196305717,5.575538043263694,4.163336342344337e-17,0.5604683823815864,1.4899379327056086,-8.326672684688674e-17,1.0128210171272503,3.294842507381237,0.01597738380639471,4.357306744123356,0.15706240382471606,4.530346531754467,4.964376667017546,-0.024257481547489475,0.0,0.13074607322739973,0.10648859167991026,1.0,0.0001620332444826974,0.0,4.242640687119285,0.21441003415589258,0.02298583137336551
885,136.60710060219654,0.19634954084936207,-4.336808689942018e-19,0.1726101219275524,0.48111058445270144,-1.2836953722228372e-16,0.15338444535812112,0.4713642922355501,-5.551115123125783e-17,2.9570530976870946,5.571940064500222,6.938893903907228e-17,0.5619705996956779,1.5021298389819808,-2.7755575615628914e-17,1.0194663401982293,3.2932302013278743,0.01547661096104879,4.372081511270419,0.15790547746115988,4.545463599692628,4.983983214229025,-0.024353747928827996,0.0,0.12604455697663422,0.10169080904780622,1.0,0.0001620332444826974,0.0,4.242640687119285,0.21441003415589258,0.02298583137336551
886,136.8034501430459,0.19634954084936207,2.168404344971009e-19,0.16974473946864924,0.45551654047163714,-1.2923689896027213e-16,0.15061442138284714,0.45697462167947567,-5.551115123125783e-17,2.962060706873817,5.556042663062697,5.551115123125783e-17,0.5632877924628558,1.5065515999325316,-2.7755575615628914e-17,1.024925244816466,3.281934626995629,0.014963389596768286,4.386901815602909,0.1586465685688386,4.560511773768515,5.002785716852118,-0.024377393844942107,0.0,0.12198552024262445,0.09760812639768235,1.0,0.0001620332444826974,0.0,4.242640687119285,0.21441003415589258,0.02298583137336551
888,137.1961492247446,0.19634954084936207,8.673617379884035e-19,0.1639193945915857,0.42164829364564965,-1.2836953722228372e-16,0.1471414689486573,0.4430667281435938,-2.7755575615628914e-17,2.9722850330603188,5.514707964075045,5.551115123125783e-17,0.5648250034799711,1.492804373766452,-1.3877787807814457e-17,1.0314298097256867,3.232556110480482,0.014154309134210022,4.41723915887719,0.1595136422780747,4.590907110289475,5.037659564713056,-0.02431735466980271,0.0,0.11495866097190503,0.09064130630210232,1.0,0.0001620332444826974,0.0,4.242640687119285,0.21441003415589258,0.02298583137336551
889,137.39249876559396,0.19634954084936207,-8.673617379884035e-19,0.1609646892719342,0.3916838123161501,-1.2880321809127793e-16,0.14859045336281035,0.47601331071598396,-2.7755575615628914e-17,2.9775973740524653,5.502128721918586,5.551115123125783e-17,0.5647687563014488,1.478345596720421,-2.7755575615628914e-17,1.0319390738949417,3.1982670695562803,0.014017898154239379,4.433043060982066,0.15948187404714262,4.606542833183449,5.053547235333003,-0.02415373397658954,0.0,0.10691470269712366,0.08276096872053412,1.0,0.0001620332444826974,0.0,4.242640687119285,0.21441003415589258,0.02298583137336551
890,137.5888483064433,0.19634954084936207,0.0,0.15855865947415249,0.36678318204520866,-1.2706849461530112e-16,0.15259020702324907,0.4964777013639248,-5.551115123125783e-17,2.9830807111130158,5.486106894329844,5.551115123125783e-17,0.5640310754326542,1.4627291064665162,-8.326672684688674e-17,1.0303422104577196,3.161983453474648,0.014134350617562182,4.449385264507269,0.15906552702685822,4.6225851421516895,5.06828403825429,-0.02398958796165712,0.0,0.100935747322418,0.07694615936076088,1.0,0.00016174383426098983,0.0,4.242640687119285,0.22075137675385462,0.024365585169361135
891,137.78519784729266,0.19634954084936207,2.6020852139652106e-18,0.1575457426450399,0.37036953380319615,-1.2923689896027213e-16,0.15806892930019992,0.504228335368772,2.7755575615628914e-17,2.9887089069039163,5.49596943153647,4.163336342344337e-17,0.5626601387456514,1.4760672422230676,-9.71445146547012e-17,1.0266602741570665,3.128065514810222,0.014497705164841869,4.4661904651034,0.1582932158666378,4.63898138613488,5.081863058005229,-0.023768334994317658,0.0,0.09488430883513693,0.07111597384081927,1.0,0.00016174383426098983,0.0,4.242640687119285,0.22075137675385462,0.024365585169361135
893,138.17789692899137,0.19634954084936207,1.951563910473908e-18,0.16181637429657847,0.4710763005566675,-1.2880321809127793e-16,0.1671155342580886,0.5086263863423149,-4.163336342344337e-17,2.9999957021458235,5.591264150717532,6.938893903907228e-17,0.5590726286078229,1.5021544458402716,-5.551115123125783e-17,1.014347028126637,3.0846810306210903,0.015693723958318893,4.499987106446706,0.15628110202923035,4.671961932434255,5.1060460057002075,-0.023541501361042792,0.0,0.08717109234622217,0.06362959098517937,1.0,0.00016174383426098983,0.0,4.242640687119285,0.22075137675385462,0.024365585169361135
894,138.37424646984073,0.19634954084936207,4.336808689942018e-19,0.166426243462149,0.5134542066725254,-1.2663481374630692e-16,0.16869031445981988,0.5364072170082987,-2.7755575615628914e-17,3.0054131668709405,5.6282414467105815,4.163336342344337e-17,0.5575991873114448,1.5138970758294392,-6.938893903907228e-17,1.0068083278729687,3.081222543045185,0.016336125072227748,4.516254151800608,0.1554584268451918,4.688048703718027,5.117196143013297,-0.0234132668031104,0.0,0.08227070942332515,0.05885744262021475,1.0,0.00016174383426098983,0.0,4.242640687119285,0.22075137675385462,0.024365585169361135
895,138.57059601069008,0.19634954084936207,2.0599841277224584e-18,0.1713284910193164,0.5407658647193363,-1.2967057982926633e-16,0.16828643641472682,0.5548095845737957,-5.551115123125783e-17,3.010600009058008,5.650658988548437,4.163336342344337e-17,0.5566704470005627,1.5309249088548493,-4.163336342344337e-17,0.9991528080862951,3.090626336723204,0.016893492186346937,4.5318562072700415,0.1549409932819031,4.7036906927382915,5.12817439617501,-0.023410552397630013,0.0,0.08135383897370961,0.0579432865760796,1.0,0.00016174383426098983,0.0,4.242640687119285,0.22075137675385462,0.024365585169361135
896,138.76694555153944,0.19634954084936207,1.0842021724855044e-18,0.17555575627342893,0.5610029204424692,-1.3010426069826053e-16,0.16651406413186717,0.5527835946323233,-4.163336342344337e-17,3.0156104612327694,5.658864207088522,8.326672684688674e-17,0.556227163920493,1.547402111115727,-8.326672684688674e-17,0.9918861828537164,3.1104025604083123,0.017307452547478182,4.546953226948259,0.15469432894151747,4.718955008437255,5.139285651307524,-0.02346162325115382,0.0,0.08201792831505565,0.05855630506390183,1.0,0.00016174383426098983,0.0,4.242640687119285,0.22075137675385462,0.024365585169361135
898,139.15964463323814,0.19634954084936207,3.2526065174565133e-19,0.18069875173729935,0.6107258848631439,-1.2967057982926633e-16,0.16064622780270874,0.513885282207606,-2.7755575615628914e-17,3.025625390350945,5.648249422138852,4.163336342344337e-17,0.5555635674333491,1.5406013488616035,-1.3877787807814457e-17,0.9796535683570892,3.1608951014202846,0.01758571468391327,4.577204501368156,0.15432543872963472,4.749115654781704,5.162565794289928,-0.0235928398592647,0.0,0.0847440870348653,0.0611512471756006,1.0,0.00016174383426098983,0.0,4.242640687119285,0.22075137675385462,0.024365585169361135
899,139.3559941740875,0.19634954084936207,1.5178830414797062e-18,0.1819919480469589,0.6135832346968546,-1.2793585635328952e-16,0.15669628188592555,0.4867293194856823,-1.3877787807814457e-17,3.030859910309054,5.638464524585605,5.551115123125783e-17,0.5547120183139774,1.542231188013137,-4.85722573273506e-17,0.9747023469079229,3.1788154767565437,0.01744527903391933,4.593055897959304,0.15385271163098316,4.764353888624206,5.174718659823498,-0.023716643735775342,0.0,0.08742355726784817,0.06370691353207283,1.0,0.00016174383426098983,0.0,4.242640687119285,0.22075137675385462,0.024365585169361135
900,139.55234371493685,0.19634954084936207,2.168404344971009e-19,0.18267770051033544,0.6099642943731749,-1.2880321809127793e-16,0.152272637224688,0.44549182430859124,0.0,3.0362802788913825,5.629345451090521,6.938893903907228e-17,0.5533720313267898,1.5341421742977486,-2.0816681711721685e-17,0.9702060892418389,3.1835583470010773,0.017152433642636074,4.6094989659923655,0.15311030252736882,4.779761702162371,5.1870229657022655,-0.023758250036352714,0.0,0.08824423766077591,0.0644859876244232,1.0,0.00016095524772198218,0.0,4.242640687119285,0.21696817207968214,0.02353759384779928
902,139.94504279663556,0.19634954084936207,1.734723475976807e-18,0.1809695743369005,0.5667190800419948,-1.2923689896027213e-16,0.1458245797784916,0.4419588588586313,-4.163336342344337e-17,3.0473776340297403,5.6980220348620705,9.71445146547012e-17,0.5499671549803977,1.492700924926931,-6.245004513516506e-17,0.9613466018069351,3.1376866604247637,0.01629407706804499,4.643255222192348,0.15123193577861643,4.810781235039009,5.211543738795176,-0.02360813345603423,0.0,0.08792591722277433,0.0643177837667401,1.0,0.00016095524772198218,0.0,4.242640687119285,0.21696817207968214,0.02353759384779928
903,140.14139233748492,0.19634954084936207,1.6263032587282567e-18,0.17762293670653256,0.533398997628158,-1.2793585635328952e-16,0.14619561125026123,0.4726571676772503,-4.163336342344337e-17,3.052859333934233,5.762790199821322,8.326672684688674e-17,0.5484316007369223,1.5006503243320908,-4.163336342344337e-17,0.9567920719880133,3.0854900127686333,0.015807650096466987,4.659975056394681,0.1503886103434315,4.8261713168345795,5.223731715813173,-0.023467110330416492,0.0,0.08748081024996267,0.06401369991954617,1.0,0.00016095524772198218,0.0,4.242640687119285,0.21696817207968214,0.02353759384779928
904,140.33774187833427,0.19634954084936207,9.75781955236954e-19,0.1725397394878474,0.4922831424447171,-1.3010426069826053e-16,0.14931411564633185,0.4763740136239122,0.0,3.0582308420536903,5.809711641130214,5.551115123125783e-17,0.5472541526914866,1.5165393727353162,-2.0816681711721685e-17,0.9524727392751149,3.039220609632873,0.01530902901768692,4.676387941644211,0.14974355381903848,4.841440524480936,5.236129244446781,-0.02331171884762238,0.0,0.08840047435658976,0.06508875550896738,1.0,0.00016095524772198218,0.0,4.242640687119285,0.21696817207968214,0.02353759384779928
905,140.53409141918362,0.19634954084936207,-4.336808689942018e-19,0.16647796773188026,0.4451716884258063,-1.2967057982926633e-16,0.15393702451371644,0.452985377149279,0.0,3.0635090380026266,5.836307885342935,4.163336342344337e-17,0.5464642494021279,1.5401388843065176,-2.7755575615628914e-17,0.9488479556045357,2.988486375207856,0.0148063555065727,4.69254381296189,0.14931158793731553,4.856661756405779,5.249057703913918,-0.023132140126467967,0.0,0.09089792657171561,0.06776578644524764,1.0,0.00016095524772198218,0.0,4.242640687119285,0.21696817207968214,0.02353759384779928
907,140.92679050088233,0.19634954084936207,1.6263032587282567e-18,0.15667939486882532,0.3674446260003827,-1.2880321809127793e-16,0.16115905829193375,0.42058688913432685,-5.551115123125783e-17,3.073992399299511,5.834391084033241,5.551115123125783e-17,0.5457626788411585,1.5450220605782796,-5.551115123125783e-17,0.9450817458590801,2.878588963147536,0.013894789827420356,4.724714635475582,0.14892845080793876,4.887537876110941,5.277624793635013,-0.02288365441119129,0.0,0.09747696280961639,0.0745933083984251,1.0,0.00016095524772198218,0.0,4.242640687119285,0.21696817207968214,0.02353759384779928
908,141.1231400417317,0.19634954084936207,8.673617379884035e-19,0.15510671785490646,0.35347505391250145,-1.2706849461530112e-16,0.16212842604270544,0.4476183549335966,-4.163336342344337e-17,3.0792822244691638,5.816247321486701,6.938893903907228e-17,0.5457077282068532,1.5277442305582274,-2.7755575615628914e-17,0.9450402164365085,2.831886750968828,0.013595521986532404,4.740989508965881,0.14889846231234233,4.903483493264756,5.293519228461335,-0.022731073302374206,0.0,0.10546749696820286,0.08273642366582865,1.0,0.00016095524772198218,0.0,4.242640687119285,0.21696817207968214,0.02353759384779928
909,141.31948958258104,0.19634954084936207,2.3852447794681098e-18,0.1559062043148974,0.3833747319503997,-1.3010426069826053e-16,0.16184464352235475,0.46808426105787554,-4.163336342344337e-17,3.0846133752812945,5.838464626039088,6.938893903907228e-17,0.5458299655286203,1.5008983707461463,-2.7755575615628914e-17,0.9459638422399914,2.7978137745114426,0.013482292055557465,4.75741983748213,0.14896517563448736,4.919867305172175,5.3104413303295335,-0.02273378721540525,0.0,0.11068591140086499,0.08795212418545974,1.0,0.00016095524772198218,0.0,4.242640687119285,0.21696817207968214,0.02353759384779928
910,141.5158391234304,0.19634954084936207,5.421010862427522e-19,0.1582112011225733,0.4168150016516029,-1.2880321809127793e-16,0.16140274449991568,0.4859669823837086,-4.163336342344337e-17,3.0899658501853344,5.873235387360471,4.163336342344337e-17,0.5461418658367623,1.4684297385535956,-9.71445146547012e-17,0.9476396843742647,2.779325688367657,0.013582511710547989,4.773944477655788,0.14913546880983,4.9366624581761664,5.328263589264254,-0.02283029932285117,0.0,0.1153601248486681,0.09252982552581693,1.0,0.00015651399304559156,0.0,4.242640687119285,0.192365221468062,0.018502189215228275
912,141.9085382051291,0.19634954084936207,7.589415207398531e-19,0.16329698723846134,0.45201124280204635,-1.3010426069826053e-16,0.16301269666571017,0.5796876697223428,-2.7755575615628914e-17,3.1007636569377355,5.900535167959586,6.938893903907228e-17,0.5471520294298929,1.5142673937369957,-4.163336342344337e-17,0.9532105496058411,2.7915298861699203,0.014294870810529006,4.807367628092937,0.14968767165462524,4.971350170558091,5.3663626372202815,-0.022537398449578416,0.0,0.12126707086424214,0.09872967241466372,1.0,0.00015651399304559156,0.0,4.242640687119285,0.192365221468062,0.018502189215228275
913,142.10488774597846,0.19634954084936207,3.2526065174565133e-19,0.16503761261246452,0.4487171701404273,-1.3010426069826053e-16,0.16463261013551925,0.5869705018075082,-2.7755575615628914e-17,3.106202705188253,5.891336007235243,6.938893903907228e-17,0.5475700357247347,1.544338109136611,-6.938893903907228e-17,0.9573715223157621,2.853485082152683,0.014754666757020874,4.82424762285941,0.1499164720117936,4.9889187616282245,5.386306496210141,-0.023030206492285064,0.0,0.12631275728386004,0.10328255079157497,1.0,0.00015651399304559156,0.0,4.242640687119285,0.192365221468062,0.018502189215228275
914,142.3012372868278,0.19634954084936207,4.336808689942018e-19,0.16641192688082346,0.43492427021064306,-1.2750217548429532e-16,0.16553123888249127,0.5769463401405243,-2.7755575615628914e-17,3.1116895666009836,5.868370300461269,2.7755575615628914e-17,0.5477678766870607,1.5658944478908454,-6.938893903907228e-17,0.9626202646430219,2.924621770502846,0.015174900535456719,4.841305979446708,0.15002482336512546,5.00650570334729,5.406722725665794,-0.02342638670013684,0.0,0.1291184156236129,0.10569202892347605,1.0,0.00015651399304559156,0.0,4.242640687119285,0.192365221468062,0.018502189215228275
916,142.69393636852652,0.19634954084936207,1.5178830414797062e-18,0.16990265673968133,0.4779340786290853,-1.2836953722228372e-16,0.1615882465877833,0.5155988413249994,-2.7755575615628914e-17,3.1226848523064783,5.791764730192841,4.163336342344337e-17,0.5476945826498686,1.579502912948315,-2.7755575615628914e-17,0.975953634426438,3.071496472014535,0.0156991318426079,4.875580343412166,0.14998467793200684,5.04126415318678,5.448419915187333,-0.02404619369517464,0.0,0.1319434747157884,0.10789728102061377,1.0,0.00015651399304559156,0.0,4.242640687119285,0.192365221468062,0.018502189215228275
917,142.89028590937588,0.19634954084936207,-1.0842021724855044e-19,0.17228939084450368,0.4866864760977774,-1.3010426069826053e-16,0.15643077675146172,0.4885050722252803,0.0,3.128062443899477,5.7755998140438845,4.163336342344337e-17,0.5477699574952478,1.5714875982314893,-6.938893903907228e-17,0.9833598366038355,3.1382229279148754,0.01576569800019336,4.892387326467185,0.1500259631671728,5.058178987634552,5.469294024228014,-0.02460456039249616,0.0,0.1326169191641624,0.10801235877166625,1.0,0.00015651399304559156,0.0,4.242640687119285,0.192365221468062,0.018502189215228275
918,143.08663545022523,0.19634954084936207,1.0842021724855044e-19,0.17446199075624616,0.4853050758923406,-1.2923689896027213e-16,0.150274253820551,0.45647841119588906,-2.7755575615628914e-17,3.1332947213315405,5.817055453487945,6.938893903907228e-17,0.548103321389263,1.5545667109453891,-5.551115123125783e-17,0.9906033860973159,3.1964511017796093,0.015704358484741783,4.908767905362046,0.15020862545897082,5.074680889305759,5.489839183272546,-0.024868907969179278,0.0,0.13118937512152945,0.10632046715235018,1.0,0.00015651399304559156,0.0,4.242640687119285,0.192365221468062,0.018502189215228275
919,143.28298499107458,0.19634954084936207,9.75781955236954e-19,0.1755230554534953,0.47964592470308576,-1.2923689896027213e-16,0.1448173493617092,0.4480168231808603,-2.7755575615628914e-17,3.138401398575909,5.852092335311117,4.163336342344337e-17,0.5486411344476391,1.5307281114528168,-5.551115123125783e-17,0.9971656021359453,3.2446353982880036,0.015530751984699158,4.924781669291611,0.15050354720399617,5.090815968480307,5.50979110996675,-0.025005323139634227,0.0,0.12830099654558635,0.10329567340595212,1.0,0.00015651399304559156,0.0,4.242640687119285,0.192365221468062,0.018502189215228275
921,143.6756840727733,0.19634954084936207,6.505213034913027e-19,0.1717748328131884,0.43784493958829984,-1.2967057982926633e-16,0.14219110421842054,0.3993680397808354,-5.551115123125783e-17,3.1485706975649705,5.878673235066421,4.163336342344337e-17,0.549439931843788,1.489930948174582,-8.326672684688674e-17,1.0067170679881385,3.3092325309042736,0.014949893366472487,4.956748718782382,0.15094211935225324,5.122640731501108,5.547222249697592,-0.024954269348259783,0.0,0.1219966816247036,0.09704241227644382,1.0,0.0001571415776964084,0.0,4.242640687119285,0.2194947426896431,0.02408897103419632
922,143.87203361362265,0.19634954084936207,9.75781955236954e-19,0.16722405284388647,0.4143551274828219,-1.2880321809127793e-16,0.14545408783239888,0.43923816148494854,-5.551115123125783e-17,3.153811062031344,5.880901377619827,5.551115123125783e-17,0.5492794063124128,1.4659867334340302,-4.163336342344337e-17,1.0094321679531781,3.3260126122919433,0.014597254708071297,4.973262107495634,0.15085393309945833,5.138713295303164,5.564684619861259,-0.024609697971604057,0.0,0.11532725014328933,0.09071755217168527,1.0,0.0001571415776964084,0.0,4.242640687119285,0.2194947426896431,0.02408897103419632
923,144.068383154472,0.19634954084936207,2.168404344971009e-18,0.16220524502963443,0.4139400633651259,-1.2836953722228372e-16,0.15002003197801203,0.4914627079741601,0.0,3.1591975251874365,5.871119593659718,4.163336342344337e-17,0.5487007668721318,1.4577521691380737,-5.551115123125783e-17,1.0109249722151243,3.332648627972983,0.014227212320775035,4.99026450157521,0.15053626578303275,5.1550279796790175,5.581495956313051,-0.024206606300563045,0.0,0.11161444407423049,0.08740783777366745,1.0,0.0001571415776964084,0.0,4.242640687119285,0.2194947426896431,0.02408897103419632
924,144.26473269532136,0.19634954084936207,1.0842021724855044e-19,0.1581015214160298,0.40395448956250046,-1.2923689896027213e-16,0.15419260892975972,0.5277334505740396,-2.7755575615628914e-17,3.1646826865028213,5.849646297829017,6.938893903907228e-17,0.5478752346113405,1.4598859670807887,-1.3877787807814457e-17,1.0114222716821806,3.3287752772643784,0.01384907425127574,5.0076082531253565,0.15008363635021565,5.171540963726848,5.597827853223842,-0.023759499348974072,0.0,0.10869233451309293,0.08493283516411886,1.0,0.0001571415776964084,0.0,4.242640687119285,0.2194947426896431,0.02408897103419632
926,144.65743177702007,0.19634954084936207,8.673617379884035e-19,0.15555484898195837,0.48268763736833037,-1.2793585635328952e-16,0.15872871530145558,0.5128988108841597,0.0,3.1756292940652533,5.89067089915344,2.7755575615628914e-17,0.5463995249276524,1.4597503826001152,-6.938893903907228e-17,1.0098137831906846,3.285685341661184,0.013153594137412931,5.04231070666269,0.1492762204205821,5.2047405212206845,5.629342188356176,-0.023123207591014123,0.0,0.10504548473330728,0.08192227714229317,1.0,0.0001571415776964084,0.0,4.242640687119285,0.2194947426896431,0.02408897103419632
927,144.85378131786942,0.19634954084936207,1.1926223897340549e-18,0.15630067418006927,0.5318964851926499,-1.2706849461530112e-16,0.1602222479911231,0.4879703623853795,0.0,3.1809812895791656,5.928134914182261,2.7755575615628914e-17,0.546009738195092,1.4508798971742354,-6.938893903907228e-17,1.0074676192205072,3.2544794788851994,0.012930027534285893,5.059320982326366,0.1490633171019365,5.221314326962588,5.6444252150845395,-0.02261641967934067,0.0,0.10107226103562424,0.07845584135628357,1.0,0.0001571415776964084,0.0,4.242640687119285,0.2194947426896431,0.02408897103419632
928,145.05013085871877,0.19634954084936207,5.421010862427522e-19,0.15703717385140134,0.5687867701437488,-1.2706849461530112e-16,0.16252484025542324,0.4942947063249344,2.7755575615628914e-17,3.1862567975018434,5.949443140480148,5.551115123125783e-17,0.5458044189575141,1.4369810434694597,-2.7755575615628914e-17,1.0038260089687179,3.2262658390660985,0.012870984779169484,5.0761161898133516,0.14895123187677478,5.237938406469296,5.658959635542229,-0.022406804579927782,0.0,0.09811684053094481,0.07571003595101702,1.0,0.0001571415776964084,0.0,4.242640687119285,0.2194947426896431,0.02408897103419632
930,145.44282994041748,0.19634954084936207,2.0599841277224584e-18,0.1570582317783421,0.5903462553417562,-1.2815269678778662e-16,0.16935724483628506,0.5484649422831723,0.0,3.196796835222789,5.943474714568704,5.551115123125783e-17,0.5453796068043983,1.4408665775125744,-2.7755575615628914e-17,0.9929621601116541,3.1187017225232943,0.013378767493146397,5.109755002845221,0.14871945775906004,5.271853228097427,5.686785625738159,-0.022325810434120578,0.0,0.09499910421454558,0.072673293780425,1.0,0.00015060831155491833,0.0,4.242640687119285,0.17468737747381236,0.015257839924339104
931,145.63917948126684,0.19634954084936207,4.336808689942018e-19,0.15761556187096581,0.5790467065428595,-1.2793585635328952e-16,0.1716232980283143,0.5826524344142845,-5.551115123125783e-17,3.2022079150254164,5.922513720238332,5.551115123125783e-17,0.5450179527507432,1.4607000595917472,-5.551115123125783e-17,0.9867063549852906,3.044612295952861,0.013911937449609144,5.127067765525712,0.14852228441030563,5.289501987385627,5.7008934181573885,-0.02156651734955722,0.0,0.09524507543957254,0.07367855809001532,1.0,0.00015060831155491833,0.0,4.242640687119285,0.17468737747381236,0.015257839924339104
932,145.8355290221162,0.19634954084936207,-7.589415207398531e-19,0.1598431583971949,0.5542360995316638,-1.2750217548429532e-16,0.1714168208500875,0.5883751912340656,-5.551115123125783e-17,3.2076912399887965,5.910640634491394,4.163336342344337e-17,0.5446114199693418,1.4717458973511035,-2.7755575615628914e-17,0.9808484989518251,2.964457926776718,0.014549335020630529,5.144641545550431,0.14830079938051136,5.307491679951572,5.715549699364015,-0.02183912539713085,0.0,0.09828048580935256,0.07644136041222171,1.0,0.00015060831155491833,0.0,4.242640687119285,0.17468737747381236,0.015257839924339104
933,146.03187856296555,0.19634954084936207,2.168404344971009e-18,0.16397430184917405,0.5222509035562259,-1.2967057982926633e-16,0.16839377555811516,0.5779474049406559,0.0,3.213213191942548,5.897344908186887,5.551115123125783e-17,0.5443071382286381,1.4717325430634103,-4.163336342344337e-17,0.9760504997166327,2.886240550490348,0.015211706902699103,5.162369508436809,0.14813513036332487,5.3257163457028325,5.73107361212537,-0.0221907313434051,0.0,0.10296789708884224,0.08077716574543714,1.0,0.00015060831155491833,0.0,4.242640687119285,0.17468737747381236,0.015257839924339104
935,146.42457764466425,0.19634954084936207,5.421010862427522e-19,0.17418100411046705,0.476879508705244,-1.2771901591879242e-16,0.1573118373842194,0.5032341791007158,-1.3877787807814457e-17,3.2242076299757385,5.962397042750292,5.551115123125783e-17,0.5443919910843458,1.436011321688337,-2.7755575615628914e-17,0.9709352895080717,2.8065853511404057,0.016313747638971626,5.1977574205968855,0.14818131997838918,5.362252488214246,5.764966949023909,-0.0227945812424465,0.0,0.11070096354032742,0.08790638229788092,1.0,0.00015060831155491833,0.0,4.242640687119285,0.17468737747381236,0.015257839924339104
936,146.6209271855136,0.19634954084936207,2.3852447794681098e-18,0.17755484676283387,0.45447390737244064,-1.2858637765678083e-16,0.1520634306424376,0.5095791286837155,-2.7755575615628914e-17,3.2296401021581884,5.968420249811927,5.551115123125783e-17,0.5447122416856187,1.4279768258614376,-4.163336342344337e-17,0.9705986784748293,2.8005763023975776,0.016629052375315916,5.2152875947341775,0.14835571312108597,5.380272360230579,5.7829847579090785,-0.023389194970392616,0.0,0.1167416482859453,0.09335245331555268,1.0,0.00015060831155491833,0.0,4.242640687119285,0.17468737747381236,0.015257839924339104
937,146.81727672636296,0.19634954084936207,9.75781955236954e-19,0.1786912068471951,0.45355606776388335,-1.2836953722228372e-16,0.14833049945040136,0.5458580515638414,1.3877787807814457e-17,3.2350356222607712,5.966578178388709,4.163336342344337e-17,0.5450488085640837,1.430047442065165,-4.163336342344337e-17,0.9714803881237574,2.8071158161549485,0.016731702588685567,5.2327277386480695,0.1485391018585635,5.397998543095319,5.801356663971334,-0.023732197873347266,0.0,0.11896347338839464,0.09523127551504737,1.0,0.00015060831155491833,0.0,4.242640687119285,0.17468737747381236,0.015257839924339104
938,147.01362626721232,0.19634954084936207,6.505213034913027e-19,0.17774963651505465,0.4444818428758924,-1.2923689896027213e-16,0.14615645061847518,0.5461869727891482,-2.7755575615628914e-17,3.240404974977151,5.955820457931346,5.551115123125783e-17,0.5453033713082384,1.45373622565924,-2.7755575615628914e-17,0.9733397307480072,2.8240283808024387,0.01661651624040901,5.250112200928334,0.1486778833800652,5.415406600548808,5.819879846421075,-0.024011501876871028,0.0,0.12011092899349972,0.0960994271166287,1.0,0.00015060831155491833,0.0,4.242640687119285,0.17468737747381236,0.015257839924339104
940,147.40632534891103,0.19634954084936207,2.168404344971009e-19,0.17290104298452902,0.43368832925960143,-1.2923689896027213e-16,0.14486624399027753,0.4700758577611289,-1.3877787807814457e-17,3.2510691309451913,5.940121228765079,6.938893903907228e-17,0.5456195866919721,1.4957352636470962,-5.551115123125783e-17,0.9790757507940956,2.8737657303790667,0.015897873845621576,5.284725247092361,0.1488503666909592,5.449473487628941,5.857142972284015,-0.024281641601837434,0.0,0.12102409010429863,0.09674244850246119,1.0,0.0001502637207657738,0.0,4.242640687119285,0.20467094558923543,0.020945097984195884
941,147.60267488976038,0.19634954084936207,2.168404344971009e-19,0.1706350555323549,0.43839547323921213,-1.2836953722228372e-16,0.14533351870908714,0.3955846537507884,-5.551115123125783e-17,3.256368294480888,5.9413277662025346,4.163336342344337e-17,0.545816883123275,1.5083354343768174,-5.551115123125783e-17,0.9825349538012178,2.9113819713405,0.015431966172662405,5.301967234650182,0.1489580349512034,5.466357235774048,5.875966503294366,-0.024344515124009525,0.0,0.1220565929547158,0.09771207783070628,1.0,0.0001502637207657738,0.0,4.242640687119285,0.20467094558923543,0.020945097984195884
942,147.79902443060973,0.19634954084936207,1.1926223897340549e-18,0.16887835187020897,0.43660863661769395,-1.2923689896027213e-16,0.1466145689767769,0.36981753337354617,-1.3877787807814457e-17,3.2616667459277155,5.957827474484001,6.938893903907228e-17,0.546057114780419,1.5126609249172887,-4.163336342344337e-17,0.9861772503575713,2.9516315455075266,0.01497379608412763,5.319234980745345,0.1490891863011578,5.483297963130631,5.89497445309495,-0.02433186855196367,0.0,0.12293806339259986,0.09860619484063618,1.0,0.0001502637207657738,0.0,4.242640687119285,0.20467094558923543,0.020945097984195884
944,148.19172351230844,0.19634954084936207,8.673617379884035e-19,0.16573957491869148,0.417256534179106,-1.2923689896027213e-16,0.15112076490050672,0.41981163147387573,-1.3877787807814457e-17,3.2723972847093172,5.998858490763459,5.551115123125783e-17,0.5463059375350325,1.5026599324090628,-8.326672684688674e-17,0.9937789988594868,3.00298044701609,0.014146970542702506,5.3542919944864575,0.14922508869301543,5.517664053722175,5.933540251030214,-0.024209571945219402,0.0,0.12415531948998154,0.09994574754476214,1.0,0.0001502637207657738,0.0,4.242640687119285,0.20467094558923543,0.020945097984195884
945,148.3880730531578,0.19634954084936207,6.505213034913027e-19,0.16378768379668218,0.4121594170946503,-1.3053794156725473e-16,0.15355726745077192,0.4387570796076134,-4.163336342344337e-17,3.277865252001056,5.9937731368972935,4.163336342344337e-17,0.546168384713239,1.4948000240170596,-2.7755575615628914e-17,0.9976987588140823,3.0165100743205895,0.01377326646108285,5.3722003051379765,0.14914995223013436,5.535123523829194,5.953032235660901,-0.024022984774214384,0.0,0.1250078230588651,0.10098483828465071,1.0,0.0001502637207657738,0.0,4.242640687119285,0.20467094558923543,0.020945097984195884
946,148.58442259400715,0.19634954084936207,2.4936649967166602e-18,0.16168110564564175,0.39956350390360185,-1.3010426069826053e-16,0.15561213301612536,0.4352776433570547,0.0,3.283374447171515,6.011839903081358,6.938893903907228e-17,0.5459205227292663,1.4781728139411419,-5.551115123125783e-17,1.0016173624191795,3.026774460210455,0.013439902395754086,5.390273880169428,0.14901460856849763,5.552728391133679,5.972617081691054,-0.02387949760734724,0.0,0.12533520859116057,0.10145571098381333,1.0,0.0001502637207657738,0.0,4.242640687119285,0.20467094558923543,0.020945097984195884
947,148.7807721348565,0.19634954084936207,2.2768245622195593e-18,0.15987526762489676,0.39644584082515943,-1.2945373939476923e-16,0.15715031011105893,0.43513311871436955,0.0,3.288870740378144,6.0473241898445105,8.326672684688674e-17,0.5457392275298142,1.4537530906644138,-6.938893903907228e-17,1.0054025770164945,3.038469905453249,0.01318306959277124,5.408335373457742,0.14891565223241912,5.570434095282932,5.99227501982063,-0.02373521418422914,0.0,0.1255541216207722,0.10181890743654307,1.0,0.0001502637207657738,0.0,4.242640687119285,0.20467094558923543,0.020945097984195884
949,149.1734712165552,0.19634954084936207,3.2526065174565133e-19,0.15899404144648854,0.42987308962156734,-1.2967057982926633e-16,0.158669264797951,0.45713323222166424,0.0,3.2996244582929264,6.111335577415615,4.163336342344337e-17,0.5462586526058505,1.41139404569288,-2.7755575615628914e-17,1.01199206358804,3.0813636825542416,0.013040070249278161,5.4437607828824435,0.14919925777337958,5.606000110905102,6.031713911605078,-0.023538408511025427,0.0,0.12561520525034586,0.10207679673932044,1.0,0.0001502637207657738,0.0,4.242640687119285,0.20467094558923543,0.020945097984195884
950,149.36982075740457,0.19634954084936207,-4.336808689942018e-19,0.16008515156012573,0.44588556749136005,-1.3097162243624894e-16,0.1585575336279471,0.4751531046975944,-2.7755575615628914e-17,3.3048555758317506,6.1236291947451775,5.551115123125783e-17,0.5470119502835181,1.4382886363688685,-4.163336342344337e-17,1.0145832181475607,3.123653526298335,0.013158749696716422,5.461035188553105,0.14961103687648905,5.62380497512631,6.0513483707703974,-0.02338423525319931,0.0,0.1249397011060323,0.10155546585283298,1.0,0.0001469455959900406,0.0,4.242640687119285,0.18473431825598696,0.01706338417075214
951,149.56617029825392,0.19634954084936207,4.336808689942018e-19,0.16169029593516374,0.45074655473717073,-1.2750217548429532e-16,0.15778775381539836,0.47691153627035954,5.551115123125783e-17,3.31006110917692,6.12432778250349,5.551115123125783e-17,0.5478796900733229,1.461432710551579,-5.551115123125783e-17,1.0165958839548872,3.1786171583234104,0.013355609827054311,5.478252273242772,0.1500860773974202,5.641693960467246,6.070816179508651,-0.022820699382845387,0.0,0.12344538148650744,0.10062468210366204,1.0,0.0001469455959900406,0.0,4.242640687119285,0.18473431825598696,0.01706338417075214
952,149.76251983910328,0.19634954084936207,1.0842021724855044e-19,0.16324619399452678,0.44662007771406803,-1.2750217548429532e-16,0.15640579267336066,0.460688092715583,0.0,3.315278350984938,6.117809437867347,4.163336342344337e-17,0.5485559554674161,1.4753686144228482,-6.938893903907228e-17,1.0178634785454876,3.231566540113329,0.01357937956248654,5.495535272254706,0.15045681813938488,5.659571469956577,6.089760724554277,-0.022826254881612232,0.0,0.12077615278639658,0.09794989790478435,1.0,0.0001469455959900406,0.0,4.242640687119285,0.18473431825598696,0.01706338417075214
954,150.15521892080199,0.19634954084936207,7.589415207398531e-19,0.16520020156579757,0.4490689096633868,-1.3097162243624894e-16,0.15271111605447102,0.41108055509768593,-5.551115123125783e-17,3.3259612575856696,6.172293731460965,4.163336342344337e-17,0.5483882329045721,1.4729134355214741,-5.551115123125783e-17,1.017160396070688,3.32444645563936,0.014014163658269572,5.531009143480424,0.15036482699409956,5.695388134132793,6.125099084387257,-0.0229307873184486,0.0,0.11446205390670176,0.09153126658825317,1.0,0.0001469455959900406,0.0,4.242640687119285,0.18473431825598696,0.01706338417075214
955,150.35156846165134,0.19634954084936207,2.168404344971009e-19,0.16608838869095618,0.4487623020060254,-1.2988742026376343e-16,0.15070736523469988,0.4336525948546088,0.0,3.3314536648392976,6.232481553720331,5.551115123125783e-17,0.5474405997979177,1.4588792411769131,-6.938893903907228e-17,1.0146702332356499,3.3523175313999505,0.014253005154039614,5.549291760485593,0.14984560515355194,5.713390370793185,6.141216010144648,-0.023122681462557935,0.0,0.10687165209699662,0.08374897063443867,1.0,0.0001469455959900406,0.0,4.242640687119285,0.18473431825598696,0.01706338417075214
956,150.5479180025007,0.19634954084936207,8.673617379884035e-19,0.1676335981695624,0.4396258780954743,-1.2945373939476923e-16,0.14851945833015998,0.452225619736598,-5.551115123125783e-17,3.337003602607302,6.28158847522906,5.551115123125783e-17,0.546120842440797,1.4396862539262316,-1.3877787807814457e-16,1.0105747338733415,3.3532078402723795,0.014548722378488477,5.567796521907056,0.1491239872741229,5.731469231559667,6.156333767874447,-0.023289316203372677,0.0,0.10200988390534892,0.07872056770197625,1.0,0.0001469455959900406,0.0,4.242640687119285,0.18473431825598696,0.01706338417075214
958,150.9406170841994,0.19634954084936207,6.505213034913027e-19,0.17328281708650886,0.49452368888730247,-1.2836953722228372e-16,0.14391056507004052,0.4114658744541067,-2.7755575615628914e-17,3.3480512980882544,6.324428591549057,5.551115123125783e-17,0.5433579504733461,1.4974512023944817,-6.938893903907228e-17,0.9980144402496147,3.278647287553706,0.015346600616529406,5.604723747315223,0.14761893117129765,5.76768927910305,6.184237072469972,-0.02354167185742284,0.0,0.09632974770933676,0.07278807585191392,1.0,0.0001469455959900406,0.0,4.242640687119285,0.18473431825598696,0.01706338417075214
959,151.13696662504876,0.19634954084936207,1.8431436932253575e-18,0.1762142620439982,0.5164006305055104,-1.2967057982926633e-16,0.14280013986974233,0.42628665062564103,0.0,3.3534684217984556,6.3125103011089925,4.163336342344337e-17,0.5422350638425545,1.5292821227448274,-5.551115123125783e-17,0.9901195249603157,3.2142602196962775,0.01578249791987347,5.622875227999712,0.14700943223016955,5.785667158149755,6.197367492280988,-0.023746909783050676,0.0,0.09231242206748941,0.06856551228443873,1.0,0.0001469455959900406,0.0,4.242640687119285,0.18473431825598696,0.01706338417075214
960,151.3333161658981,0.19634954084936207,-3.2526065174565133e-19,0.17783891827341522,0.5299405982511374,-1.2923689896027213e-16,0.14381506840705294,0.44439243745713236,-5.551115123125783e-17,3.3588019998037875,6.278854540949536,4.163336342344337e-17,0.541298060936627,1.5533746975207152,-5.551115123125783e-17,0.9816897619076246,3.160931881595497,0.016148106569141764,5.640775436942961,0.1465017953868762,5.803425338898978,6.210130127217104,-0.0238281196557803,0.0,0.09051118227764188,0.06668306262186158,1.0,0.00014672976627426074,0.0,4.242640687119285,0.20051464279614997,0.020103060987833807
961,151.52966570674747,0.19634954084936207,-2.168404344971009e-19,0.17736022222272482,0.5340900117718372,-1.2771901591879242e-16,0.14733994174830453,0.44953945777990806,-5.551115123125783e-17,3.3640706897644517,6.230136710211912,6.938893903907228e-17,0.5404543994163015,1.56870533948055,-2.7755575615628914e-17,0.9732377407541434,3.1063075571499925,0.016356559296731025,5.658485802866138,0.14604547892421754,5.820887841087086,6.2226750790189245,-0.023828128984974523,0.0,0.08942482260647744,0.06559669362150292,1.0,0.00014672976627426074,0.0,4.242640687119285,0.20051464279614997,0.020103060987833807
963,151.92236478844617,0.19634954084936207,1.951563910473908e-18,0.17026425724016314,0.5147609620976659,-1.3053794156725473e-16,0.15818957319941143,0.421646335015033,-5.551115123125783e-17,3.3745218266383543,6.136647972425498,4.163336342344337e-17,0.5386875912503882,1.5743731447021627,-8.326672684688674e-17,0.9586361648871524,3.0074117904961732,0.01604808999746541,5.693698779229328,0.14509216048357262,5.854839029710365,6.248056680283917,-0.023815857279079002,0.0,0.09022437407073271,0.0664085167916537,1.0,0.00014672976627426074,0.0,4.242640687119285,0.20051464279614997,0.020103060987833807
964,152.11871432929553,0.19634954084936207,1.3010426069826053e-18,0.16530352858014102,0.49989369097646325,-1.2967057982926633e-16,0.16241965035898537,0.502465418275554,0.0,3.379773409567453,6.106734859226785,5.551115123125783e-17,0.5376795635658027,1.566927451365584,-4.163336342344337e-17,0.9536125839916023,2.9671575764081966,0.015514594985631288,5.7114341500096035,0.144549656538156,5.87149840153339,6.261579837365275,-0.02379125615361803,0.0,0.09447268676568293,0.0706814306120649,1.0,0.00014672976627426074,0.0,4.242640687119285,0.20051464279614997,0.020103060987833807
965,152.31506387014488,0.19634954084936207,-9.75781955236954e-19,0.16081203065624153,0.47964286989995253,-1.2956215961201778e-16,0.16449036445032067,0.5817490756069696,2.7755575615628914e-17,3.385093302223196,6.156309747856362,5.551115123125783e-17,0.5365795348257569,1.554345441726694,-5.551115123125783e-17,0.9505782818597328,2.933840904280035,0.014810415813569608,5.729428332378169,0.1439587985969128,5.888197546788652,6.276128094270285,-0.023808404361335425,0.0,0.09968145899493214,0.07587305463359671,1.0,0.00014672976627426074,0.0,4.242640687119285,0.20051464279614997,0.020103060987833807
966,152.51141341099424,0.19634954084936207,-2.168404344971009e-19,0.15736841138609212,0.45641234499465333,-1.3108004265349749e-16,0.16453228233831277,0.6387557178330636,1.3877787807814457e-17,3.3905122256889015,6.201100713161185,6.938893903907228e-17,0.5354017812780588,1.5376691757689018,-6.938893903907228e-17,0.94954187811959,2.9072875777433786,0.014052653527713153,5.747786576272955,0.14332753369785914,5.905166763498528,6.291934337338165,-0.023876407312173307,0.0,0.10609715481815535,0.08222074750598204,1.0,0.00014672976627426074,0.0,4.242640687119285,0.20051464279614997,0.020103060987833807
968,152.90411249269295,0.19634954084936207,-2.168404344971009e-19,0.1531536421070074,0.4324087350463318,-1.2977900004651488e-16,0.16220360354664579,0.6710125901789826,2.7755575615628914e-17,3.401637438210172,6.229056105597478,5.551115123125783e-17,0.5330641073541408,1.5028870983517835,-4.163336342344337e-17,0.9523477780558037,2.874032545805409,0.012855292520430316,5.785568630516533,0.14207867127463347,5.940502594311597,6.327462163985543,-0.024096344092909394,0.0,0.1162059207396369,0.0921095766467275,1.0,0.00014672976627426074,0.0,4.242640687119285,0.20051464279614997,0.020103060987833807
969,153.1004620335423,0.19634954084936207,7.589415207398531e-19,0.15182804771515288,0.4196876097717417,-1.2967057982926633e-16,0.16135303098473028,0.6716512901094195,-5.551115123125783e-17,3.40724783008822,6.21568808766982,4.163336342344337e-17,0.5321863610064798,1.488074751949165,-5.551115123125783e-17,0.9554696992343295,2.867836021330308,0.01256158352926472,5.804668887820439,0.14161116142065958,5.958841632770363,6.346941827652859,-0.02441577130515322,0.0,0.12524375818772465,0.10082798688257143,1.0,0.00014672976627426074,0.0,4.242640687119285,0.20051464279614997,0.020103060987833807
970,153.29681157439165,0.19634954084936207,-4.336808689942018e-19,0.15122150632131334,0.40072439825929834,-1.3140530330524314e-16,0.1605122512914657,0.640151784823227,0.0,3.4127850686290517,6.190322051361336,4.163336342344337e-17,0.5317666274453909,1.4733693176387854,-1.3877787807814457e-17,0.9594018095519549,2.869060549310985,0.01247617244034517,5.823550962328703,0.1413878730323226,5.977415007801371,6.367324875520014,-0.0246664320801426,0.0,0.13012459175233423,0.10545815967219163,1.0,0.00014623435426669088,0.0,4.242640687119285,0.1983149333510407,0.019664406395013857
972,153.68951065609036,0.19634954084936207,1.3010426069826053e-18,0.15443379535099386,0.375876755923176,-1.2988742026376343e-16,0.1552566504342822,0.4811961872961684,0.0,3.4234084737532813,6.222585380562743,4.163336342344337e-17,0.5328652912403617,1.458060866781786,0.0,0.9693664227903572,2.8925203928528243,0.012721397737410642,5.859862789082885,0.14197270930433778,6.014556896124634,6.410240846069982,-0.024953034362759655,0.0,0.13592712310965385,0.1109740887468942,1.0,0.00014623435426669088,0.0,4.242640687119285,0.1983149333510407,0.019664406395013857
973,153.88586019693972,0.19634954084936207,1.734723475976807e-18,0.15858201527221202,0.39518191456144547,-1.2918268885164785e-16,0.14996318117449506,0.4023318967039798,0.0,3.428486908953741,6.240618766797881,4.163336342344337e-17,0.5343366758849736,1.447704632750776,-5.551115123125783e-17,0.9752394800622287,2.9122735932189627,0.012945254161128524,5.8772612424335895,0.1427578415979017,6.03296433819262,6.432517031527973,-0.025261926557718823,0.0,0.14040397919945846,0.11514205264173964,1.0,0.00014623435426669088,0.0,4.242640687119285,0.1983149333510407,0.019664406395013857
974,154.08220973778907,0.19634954084936207,2.2768245622195593e-18,0.1635345602349769,0.41837989544863974,-1.2934531917752068e-16,0.1438458808543123,0.38802500606169843,1.3877787807814457e-17,3.4334930026105366,6.240422420524672,2.7755575615628914e-17,0.5361387311522722,1.439133477594677,-9.71445146547012e-17,0.981455770958642,2.934779937202625,0.013195664305308559,5.894437099487758,0.1437223695207842,6.051355133313851,6.455156469028601,-0.025390130320625294,0.0,0.142350249233807,0.11696011891318173,1.0,0.00014623435426669088,0.0,4.242640687119285,0.1983149333510407,0.019664406395013857
975,154.27855927863843,0.19634954084936207,-1.0842021724855044e-18,0.16808083317367953,0.4337461839303825,-1.2880321809127793e-16,0.13868881907426697,0.4100791068856809,-5.551115123125783e-17,3.4385260732922647,6.22403534216266,5.551115123125783e-17,0.53793517650126,1.4368660046967978,-4.163336342344337e-17,0.9877184331930033,2.9579200828133025,0.013459970405883667,5.911730778355361,0.1446871270587209,6.069877875819966,6.477973682761381,-0.02543693706234242,0.0,0.14326876179683093,0.11783182473448851,1.0,0.00014623435426669088,0.0,4.242640687119285,0.1983149333510407,0.019664406395013857
977,154.67125836033713,0.19634954084936207,3.2526065174565133e-19,0.17215170677877567,0.4375618847205453,-1.2999584048101198e-16,0.1376110002459247,0.4333495017169816,4.163336342344337e-17,3.44899796913881,6.163644334715129,4.163336342344337e-17,0.5403374423334487,1.4497087010080996,-4.163336342344337e-17,0.9993123353141984,2.9993570248802044,0.013959211486969988,5.947793495561819,0.1459822757937265,6.107734982842516,6.523346047384242,-0.02533133782944285,0.0,0.14249710738736357,0.11716576955792071,1.0,0.00014623435426669088,0.0,4.242640687119285,0.1983149333510407,0.019664406395013857
978,154.8676079011865,0.19634954084936207,1.6263032587282567e-18,0.1711478064542732,0.4284661229735686,-1.3086320221900039e-16,0.14193543980103063,0.4315016762101505,-2.7755575615628914e-17,3.4544856069271668,6.20260230147555,4.163336342344337e-17,0.5407187983395253,1.4478966185945574,-6.938893903907228e-17,1.0044215091208062,3.0155919752041296,0.014132754936924292,5.9667354042334795,0.1461884094388701,6.127056568609274,6.545637871403964,-0.025081819246255514,0.0,0.14030486044563395,0.11522304119937843,1.0,0.00014623435426669088,0.0,4.242640687119285,0.1983149333510407,0.019664406395013857
979,155.06395744203584,0.19634954084936207,3.2526065174565133e-19,0.1686884112826782,0.4225660352865802,-1.2847795743953228e-16,0.14765620024138565,0.4198718614080028,-2.7755575615628914e-17,3.4600845591811256,6.266443118107688,2.7755575615628914e-17,0.5407217412664576,1.439009482770984,-4.163336342344337e-17,1.009196539954137,3.028263896120197,0.014211641757619926,5.986092578341822,0.14619000073911495,6.146494220838557,6.56767318876663,-0.024867039241042305,0.0,0.13883946892947907,0.11397242968843677,1.0,0.00014623435426669088,0.0,4.242640687119285,0.1983149333510407,0.019664406395013857
980,155.2603069828852,0.19634954084936207,1.6263032587282567e-18,0.1655742355585659,0.4268773167759867,-1.3189319428286161e-16,0.1530363754457007,0.4258942333673846,-2.7755575615628914e-17,3.465709124677998,6.307848329266644,6.938893903907228e-17,0.5406478697430889,1.4227795418491913,-4.163336342344337e-17,1.0138807046903857,3.037372960085402,0.014178179453385911,6.005569868438168,0.14615005952886995,6.165898107420424,6.589595769452033,-0.024659322279726722,0.0,0.13808358801242154,0.11342426573269482,1.0,0.00014396744287258894,0.0,4.242640687119285,0.18591099281896376,0.0172814486254664
982,155.6530060645839,0.19634954084936207,7.589415207398531e-19,0.16001980184866268,0.4168133644660672,-1.288574281999022e-16,0.15883166106897018,0.4564873898548545,2.7755575615628914e-17,3.4767599242688125,6.318606840502939,6.938893903907228e-17,0.5414328623596917,1.4062581008606034,-4.163336342344337e-17,1.023913853792366,3.0464562682034217,0.013805372902699765,6.04392978550084,0.14657477222150433,6.204309930625044,6.6339525894432905,-0.024061808407023596,0.0,0.13870560783786048,0.11464379943083688,1.0,0.00014396744287258894,0.0,4.242640687119285,0.18591099281896376,0.0172814486254664
983,155.84935560543326,0.19634954084936207,8.673617379884035e-19,0.15810790032880995,0.4042524086620072,-1.3297739645534712e-16,0.1590200643209977,0.4661938063357039,0.0,3.482094548111802,6.299482356671505,5.551115123125783e-17,0.5425267232695947,1.4169490416036212,-5.551115123125783e-17,1.0293688317359706,3.048140781716676,0.013526410406022694,6.062491220994967,0.14716762273082168,6.223185254131812,6.656444928634992,-0.023964105145292413,0.0,0.14008116331138176,0.11611705816608935,1.0,0.00014396744287258894,0.0,4.242640687119285,0.18591099281896376,0.0172814486254664
984,156.04570514628261,0.19634954084936207,8.673617379884035e-19,0.15669463517726168,0.38852277857720546,-1.3108004265349749e-16,0.15809283492652473,0.45655999093683164,-2.7755575615628914e-17,3.487319772159739,6.278271447328808,5.551115123125783e-17,0.5439652375847233,1.4282995457143834,-5.551115123125783e-17,1.034832581868298,3.049993554334577,0.013248832436757632,6.080699596648128,0.14794908985030217,6.241897518935188,6.678983796359467,-0.023973682975046453,0.0,0.14025673740477007,0.11628305442972361,1.0,0.00014396744287258894,0.0,4.242640687119285,0.18591099281896376,0.0172814486254664
986,156.43840422798132,0.19634954084936207,1.0842021724855044e-19,0.15516957511671156,0.3499373241637489,-1.2988742026376343e-16,0.15565505367797924,0.46652073846383146,-2.7755575615628914e-17,3.4976401652856035,6.277778251896187,2.7755575615628914e-17,0.5468767277185766,1.4501338382701696,-2.7755575615628914e-17,1.0439150861612654,3.0630133188506243,0.012915498354077503,6.116743362909553,0.1495370776600891,6.27919593892372,6.722967867504881,-0.024074870047300218,0.0,0.13757556831966533,0.11350069827236511,1.0,0.00014396744287258894,0.0,4.242640687119285,0.18591099281896376,0.0172814486254664
987,156.63475376883068,0.19634954084936207,0.0,0.15538174008781638,0.36750641991486227,-1.3026689102413336e-16,0.1549498311571053,0.4863902548935455,-5.551115123125783e-17,3.502842604645134,6.281531262660935,5.551115123125783e-17,0.5478501069381856,1.4579885785855011,-2.7755575615628914e-17,1.0466124054662225,3.078384733155527,0.012942733220774985,6.134953156458555,0.15006986983609072,6.29796575951542,6.743792961715976,-0.024240872294917056,0.0,0.13190827239418795,0.1076674000992709,1.0,0.00014396744287258894,0.0,4.242640687119285,0.18591099281896376,0.0172814486254664
988,156.83110330968003,0.19634954084936207,-5.421010862427522e-19,0.15659075577800896,0.4008705193083868,-1.2999584048101198e-16,0.1545434600973773,0.486608221063351,-2.7755575615628914e-17,3.508129033138745,6.282903169345959,5.551115123125783e-17,0.5482799716354798,1.4617775081763824,-2.7755575615628914e-17,1.0477602527431014,3.1012987195520587,0.013112975028252238,6.153484656575492,0.1503054636483013,6.316903095252046,6.763614976651984,-0.02438739759838378,0.0,0.12704272686758053,0.10265532926919675,1.0,0.00014396744287258894,0.0,4.242640687119285,0.18591099281896376,0.0172814486254664
989,157.0274528505294,0.19634954084936207,8.673617379884035e-19,0.15888596710981934,0.44755830386396683,-1.3118846287074604e-16,0.15410182392020236,0.4871293896459522,0.0,3.513518423319351,6.3129776640923785,5.551115123125783e-17,0.5481261245890017,1.4603327542264057,-4.163336342344337e-17,1.0474380388777973,3.131505276538411,0.013397949563013375,6.172405855502251,0.15022112422847891,6.336024929293743,6.782470193750028,-0.024560329511313976,0.0,0.12235857707613089,0.09779824756481692,1.0,0.00014396744287258894,0.0,4.242640687119285,0.18591099281896376,0.0172814486254664
991,157.4201519322281,0.19634954084936207,9.75781955236954e-19,0.16565797053564674,0.5388425352400961,-1.3091741232762466e-16,0.15201238222231717,0.49854672441806386,-5.551115123125783e-17,3.5245534516365247,6.345297149999676,6.938893903907228e-17,0.5464544289271245,1.478061092541346,-6.938893903907228e-17,1.0435201709268365,3.206433943200702,0.014112663171408715,6.21123851672147,0.14930622144703487,6.374657401339913,6.817975896512366,-0.024842229017480278,0.0,0.11702608776456563,0.09218385874708536,1.0,0.0001436391420183272,0.0,4.242640687119285,0.19565372065345024,0.01914018920276917
992,157.61650147307745,0.19634954084936207,7.589415207398531e-19,0.16912103786466157,0.5749552308630883,-1.3075478200175183e-16,0.15036151080933452,0.4982498754819442,0.0,3.53010523436478,6.351035434961876,5.551115123125783e-17,0.5453483077365828,1.4892794822498872,-1.3877787807814457e-17,1.0404717307599394,3.2450666379566777,0.014453760465166216,6.230821482844809,0.1487023883755773,6.393977631685552,6.834977004138988,-0.025162008340102262,0.0,0.11345683433052904,0.08829482599042678,1.0,0.0001436391420183272,0.0,4.242640687119285,0.19565372065345024,0.01914018920276917
993,157.8128510139268,0.19634954084936207,2.4936649967166602e-18,0.17200858855882187,0.5961596339077423,-1.3042952135000618e-16,0.14865590106558862,0.47855838354005037,0.0,3.53559077450746,6.34167286467803,4.163336342344337e-17,0.5443923840658814,1.491364822401265,-5.551115123125783e-17,1.0368315812778977,3.279636483072463,0.014756299170514322,6.250201062391131,0.14818153391446703,6.413138895476113,6.851575755933089,-0.025401629206667692,0.0,0.11162345690547415,0.08622182769880646,1.0,0.0001436391420183272,0.0,4.242640687119285,0.19565372065345024,0.01914018920276917
994,158.00920055477616,0.19634954084936207,4.336808689942018e-19,0.17410622766340275,0.6002254800094441,-1.2999584048101198e-16,0.14723847650190056,0.43460363415209513,-2.7755575615628914e-17,3.5409511967404756,6.33988827242451,6.938893903907228e-17,0.5437816384073183,1.507108049723462,-4.163336342344337e-17,1.0325228091089975,3.3066080739136936,0.01501967652077489,6.269167688848903,0.1478492351344737,6.432036600504151,6.867733740497816,-0.02563191068801994,0.0,0.10962956725276289,0.08399765656474295,1.0,0.0001436391420183272,0.0,4.242640687119285,0.19565372065345024,0.01914018920276917
996,158.40189963647487,0.19634954084936207,1.4094628242311558e-18,0.17599868833888935,0.5617785066047988,-1.3097162243624894e-16,0.14625986192161747,0.4610335515269943,-2.7755575615628914e-17,3.551218862449885,6.376230317217041,4.163336342344337e-17,0.5437785206591472,1.5434205547264854,-2.7755575615628914e-17,1.0215705972843094,3.3271738128349444,0.015414272027267787,6.305577704509925,0.14784753976512532,6.468839516302318,6.898460807081115,-0.025935731762476176,0.0,0.10599393520757076,0.0800582034450946,1.0,0.0001436391420183272,0.0,4.242640687119285,0.19565372065345024,0.01914018920276917
997,158.59824917732422,0.19634954084936207,1.0842021724855044e-19,0.175843257262408,0.5374557066961364,-1.2977900004651488e-16,0.14705754773660404,0.45181232792339987,0.0,3.5561921865320247,6.363694143131709,4.163336342344337e-17,0.5441301436070447,1.5715617547917176,-5.551115123125783e-17,1.015070111350605,3.3184834174791966,0.015503282753082524,6.3232514337757095,0.14803880659091156,6.486793523119704,6.9130315090690955,-0.026185311646031724,0.0,0.10232095838975278,0.07613564674372106,1.0,0.0001436391420183272,0.0,4.242640687119285,0.19565372065345024,0.01914018920276917
998,158.79459871817357,0.19634954084936207,-3.2526065174565133e-19,0.17475084231269578,0.5066740710727899,-1.3042952135000618e-16,0.14893466294973443,0.49185104938136975,-5.551115123125783e-17,3.5611616527858634,6.334934954243668,4.163336342344337e-17,0.5443730021344869,1.5890888168076391,-6.938893903907228e-17,1.008260293833878,3.298032854371852,0.015473046919993355,6.3409361586362705,0.14817098272645707,6.504580188282721,6.927230152442113,-0.026314255353457515,0.0,0.10059494635223541,0.0742806909987779,1.0,0.0001436391420183272,0.0,4.242640687119285,0.19565372065345024,0.01914018920276917
1000,159.18729779987228,0.19634954084936207,2.168404344971009e-18,0.16882678525793143,0.44810399497751147,-1.3162214373974024e-16,0.15570427498387032,0.5411667836798505,-2.7755575615628914e-17,3.5714351277562106,6.3360139122444785,5.551115123125783e-17,0.5434805122695211,1.5856704585060377,-5.551115123125783e-17,0.9954229523645283,3.230811479740311,0.01494584107433407,6.37757443588551,0.1476855336083705,6.540205810568215,6.9554253947819955,-0.026468606023060667,0.0,0.10023224301765939,0.07376363699459872,1.0,0.0001457432511620122,0.0,4.242640687119285,0.21234024782899924,0.022544190424040406
1001,159.38364734072164,0.19634954084936207,-3.2526065174565133e-19,0.16416218315484554,0.42293746949105,-1.3075478200175183e-16,0.1595261376950799,0.5266026114092719,-5.551115123125783e-17,3.576811402679074,6.3706815348192345,4.163336342344337e-17,0.542109945636346,1.5654082459328824,-6.938893903907228e-17,0.9901776998526537,3.188611853747243,0.014450583222886781,6.396789905167522,0.14694159657892097,6.558182084969331,6.969845688415334,-0.02700512354550174,0.0,0.10241277782589739,0.07540765428039564,1.0,0.0001457432511620122,0.0,4.242640687119285,0.21234024782899924,0.022544190424040406
1002,159.579996881571,0.19634954084936207,4.336808689942018e-19,0.1592197279391561,0.40171331839749047,-1.3183898417423734e-16,0.1623562694130653,0.5600888351918689,-8.326672684688674e-17,3.582328472067047,6.431199262168698,8.326672684688674e-17,0.5402901628377449,1.5582719457853893,-5.551115123125783e-17,0.9860513082620609,3.1426312818597366,0.01385238152197518,6.416538640891111,0.1459567300296184,6.576347752442704,6.984824721754159,-0.027133169663591892,0.0,0.1053774920660154,0.07824432240242352,1.0,0.0001457432511620122,0.0,4.242640687119285,0.21234024782899924,0.022544190424040406
1003,159.77634642242035,0.19634954084936207,1.0842021724855044e-18,0.1550695568647574,0.38757745511964137,-1.3010426069826053e-16,0.16322205891570682,0.5796944068415653,-1.3877787807814457e-17,3.587897121589471,6.476559562784319,5.551115123125783e-17,0.5383615734187741,1.5440327702157717,-6.938893903907228e-17,0.9830807069011992,3.09336221380373,0.013225225650603939,6.436502877555006,0.14491659186696904,6.59464469507258,7.000502159535516,-0.027318242700211548,0.0,0.10912025208864064,0.08180200938842909,1.0,0.0001457432511620122,0.0,4.242640687119285,0.21234024782899924,0.022544190424040406
1005,160.16904550411905,0.19634954084936207,1.8431436932253575e-18,0.15242205321137225,0.4107332296695035,-1.3053794156725473e-16,0.15770363882898408,0.5308533757571895,1.3877787807814457e-17,3.598766685170659,6.50008215283528,4.163336342344337e-17,0.5357551129457121,1.5239349490263812,-5.551115123125783e-17,0.9800391456781373,2.987235898277546,0.012253115971335346,6.475560827147109,0.14351677052373635,6.63133071364218,7.034176200472529,-0.027736076970336372,0.0,0.11544848434805004,0.08771240737771366,1.0,0.0001457432511620122,0.0,4.242640687119285,0.21234024782899924,0.022544190424040406
1006,160.3653950449684,0.19634954084936207,7.589415207398531e-19,0.1540140731795407,0.4151246623107358,-1.3097162243624894e-16,0.15239633770659666,0.5124487147264868,1.3877787807814457e-17,3.603931141244505,6.473758892346717,6.938893903907228e-17,0.5355981280788197,1.5230389702304266,-5.551115123125783e-17,0.9795693494016268,2.9338038577205072,0.012075629577052459,6.494159835415958,0.14343267740076782,6.649668142393779,7.052180969572072,-0.028269320389661252,0.0,0.1219225016996473,0.09365318130998605,1.0,0.0001457432511620122,0.0,4.242640687119285,0.21234024782899924,0.022544190424040406
1007,160.56174458581776,0.19634954084936207,1.1926223897340549e-18,0.15670865384923638,0.41677675507649636,-1.3053794156725473e-16,0.1469587018564856,0.518472744991046,0.0,3.608917329067161,6.424253427948076,5.551115123125783e-17,0.536217591822341,1.5358146470514777,-5.551115123125783e-17,0.9796624015375628,2.884557751824964,0.012163942207741236,6.512142144020626,0.1437646528898753,6.668070739118243,7.0709647656744306,-0.02865211797513827,0.0,0.1262564075266088,0.09760428955147053,1.0,0.0001457432511620122,0.0,4.242640687119285,0.21234024782899924,0.022544190424040406
1008,160.75809412666712,0.19634954084936207,9.75781955236954e-19,0.15981523307685555,0.4160055417882932,-1.2967057982926633e-16,0.14251715798495826,0.5185608566279173,0.0,3.6137922756822776,6.3568413301548325,4.163336342344337e-17,0.5373822815859973,1.5431802491870072,-6.938893903907228e-17,0.9804042118995578,2.844019966018725,0.012504391701609451,6.529747305890447,0.14438985828128603,6.686641555873343,7.090553367206436,-0.02900572160983321,0.0,0.13068262478934956,0.10167690317951635,1.0,0.0001457432511620122,0.0,4.242640687119285,0.21234024782899924,0.022544190424040406
1010,161.15079320836583,0.19634954084936207,8.673617379884035e-19,0.16626839271198532,0.4225139801700159,-1.3183898417423734e-16,0.13796502014124817,0.47487095453405503,-2.7755575615628914e-17,3.623571449842783,6.313302536826184,5.551115123125783e-17,0.5400368729050077,1.5432581267009091,-1.3877787807814457e-17,0.9846395266213432,2.806530659686193,0.013679570139250592,6.565135026057866,0.1458199120485097,6.724634508245626,7.132223469588112,-0.02939339755835251,0.0,0.13736524481297452,0.107971847254622,1.0,0.00014965831540871154,0.0,4.242640687119285,0.2287345196670787,0.026159740243664603
1011,161.34714274921518,0.19634954084936207,4.336808689942018e-19,0.16966794322235673,0.450650473128944,-1.3270634591222574e-16,0.13723027188809328,0.4557453795767308,0.0,3.6285827437439617,6.346656517158602,4.163336342344337e-17,0.5409524174498199,1.5363210853707547,-8.326672684688674e-17,0.9883977942413874,2.815294464767409,0.014336180700283854,6.5833063640982274,0.14631475897240206,6.743957303770913,7.15404321665185,-0.030370634597828364,0.0,0.14335565269351935,0.11298501809569099,1.0,0.00014965831540871154,0.0,4.242640687119285,0.2287345196670787,0.026159740243664603
1012,161.54349229006453,0.19634954084936207,-2.168404344971009e-19,0.17299593627598636,0.46673631965133144,-1.3075478200175183e-16,0.13723208206305923,0.44472973636908464,-2.7755575615628914e-17,3.6337377486945153,6.381773632136968,5.551115123125783e-17,0.5414227434037396,1.5293578677681183,-5.551115123125783e-17,0.9932006100744177,2.843186377117501,0.014930207933967932,6.6020250131437415,0.14656929353741577,6.763524514615126,7.176434620152633,-0.030332994820222385,0.0,0.1462128472278864,0.11587985240766402,1.0,0.00014965831540871154,0.0,4.242640687119285,0.2287345196670787,0.026159740243664603
1014,161.93619137176324,0.19634954084936207,2.8189256484623115e-18,0.1770054570672149,0.46043855337959705,-1.3053794156725473e-16,0.14091119761742468,0.40603182619369854,0.0,3.644354684397646,6.441160479896154,6.938893903907228e-17,0.5413135375745505,1.5288470566540282,-8.326672684688674e-17,1.0051425430884553,2.9466044369862106,0.015707651841413633,6.6406605328455335,0.14651017298073715,6.802878357667685,7.222172644268531,-0.030051116075799217,0.0,0.148374675580824,0.1183235595050248,1.0,0.00014965831540871154,0.0,4.242640687119285,0.2287345196670787,0.026159740243664603
1015,162.1325409126126,0.19634954084936207,4.336808689942018e-19,0.17634429105370478,0.44502843423362815,-1.3248950547772864e-16,0.14525427263043258,0.43647058699898955,-2.7755575615628914e-17,3.649699374607087,6.466381877417374,5.551115123125783e-17,0.5411242420280682,1.5182362887713727,-5.551115123125783e-17,1.0120201569884781,3.0137131077799935,0.01581236460945013,6.6601527625036825,0.14640772265522567,6.8223728497683584,7.24531046792435,-0.029562056361401204,0.0,0.14927544260260223,0.11971338624120102,1.0,0.00014965831540871154,0.0,4.242640687119285,0.2287345196670787,0.026159740243664603
1016,162.32889045346195,0.19634954084936207,1.734723475976807e-18,0.1735461818851134,0.42631073492432237,-1.3097162243624894e-16,0.15076198789398712,0.46651075329243613,0.0,3.654989192506848,6.485006330799917,5.551115123125783e-17,0.5411557601411752,1.5191254981814204,-8.326672684688674e-17,1.0195452746691407,3.084361912666667,0.015689772408395218,6.679472998670929,0.14642477836698656,6.84158754944631,7.268669920930343,-0.029133444472292803,0.0,0.14996861982541074,0.12083517535311794,1.0,0.00014965831540871154,0.0,4.242640687119285,0.2287345196670787,0.026159740243664603
1017,162.5252399943113,0.19634954084936207,0.0,0.16901402780007063,0.41688127485610105,-1.3140530330524314e-16,0.15627368058033422,0.49844890415241094,0.0,3.6601866144096014,6.496124222464575,4.163336342344337e-17,0.5415859241300847,1.522942026055004,-4.163336342344337e-17,1.027829590778119,3.153524283579806,0.015328068819721168,6.698483026151609,0.14665765660791888,6.860468751579249,7.292363498460529,-0.028673156897248763,0.0,0.1511750197637329,0.12250186286648414,1.0,0.00014965831540871154,0.0,4.242640687119285,0.2287345196670787,0.026159740243664603
1019,162.91793907601001,0.19634954084936207,1.0842021724855044e-19,0.15849434855524439,0.42818262039189436,-1.3140530330524314e-16,0.162314595132307,0.5624793829069028,0.0,3.6702863435526956,6.539285170761424,5.551115123125783e-17,0.5438271201615258,1.5220954656763068,-4.163336342344337e-17,1.046481248383442,3.270168541987893,0.01396951098044358,6.735500921834708,0.14787396831158925,6.89734440112674,7.340901580307237,-0.02802557897741442,0.0,0.1533669486238757,0.12534136964646128,1.0,0.00014965831540871154,0.0,4.242640687119285,0.2287345196670787,0.026159740243664603
1020,163.11428861685937,0.19634954084936207,-2.168404344971009e-19,0.1545295056189183,0.4256889377610044,-1.3205582460873444e-16,0.16136566972604824,0.5652763850707914,2.7755575615628914e-17,3.6752431471561002,6.5263957028766315,4.163336342344337e-17,0.5454265010619832,1.5193205590438579,-8.326672684688674e-17,1.0561619989645679,3.311310041778971,0.013088976998411455,6.753706095358938,0.14874503403035874,6.915540106387708,7.365464245793412,-0.027504530262264678,0.0,0.15425538085878895,0.12675085059652427,1.0,0.00014751807645272966,0.0,4.242640687119285,0.19142738083602473,0.018322221066870224
1021,163.31063815770872,0.19634954084936207,2.4936649967166602e-18,0.152166069423971,0.41213353507147976,-1.3140530330524314e-16,0.15784142465912518,0.5424837765199726,0.0,3.680225783648587,6.489155536662933,4.163336342344337e-17,0.5470374270886716,1.506968182914097,-6.938893903907228e-17,1.065283055280383,3.3387677653499668,0.012189995240024872,6.7720309093159266,0.1496249733178969,6.933845877873848,7.389874407915974,-0.026884459971880506,0.0,0.15281189192105385,0.12592743194917333,1.0,0.00014751807645272966,0.0,4.242640687119285,0.19142738083602473,0.018322221066870224
1022,163.50698769855808,0.19634954084936207,4.336808689942018e-19,0.1512397142823081,0.44207659162960267,-1.3097162243624894e-16,0.15254035434051738,0.5005127517885537,5.551115123125783e-17,3.685279467811414,6.431063345292955,5.551115123125783e-17,0.5483534315282454,1.4877118769057427,-6.938893903907228e-17,1.0731395151155163,3.352364436404733,0.01136903687874001,6.790642377936188,0.1503457429344011,6.952357157749329,7.41364257378737,-0.02674601565560911,0.0,0.1494177366933369,0.1226717210377278,1.0,0.00014751807645272966,0.0,4.242640687119285,0.19142738083602473,0.018322221066870224
1024,163.8996867802568,0.19634954084936207,1.3010426069826053e-18,0.1515306811615924,0.5146652747774889,-1.3118846287074604e-16,0.14160111707831144,0.42101289385059737,0.0,3.6957963170074257,6.403508066635828,6.938893903907228e-17,0.549178287523005,1.4735721643426216,-5.551115123125783e-17,1.0827536693849962,3.3438130254651264,0.010313294550609404,6.829455208402826,0.15079839574335013,6.990566898696786,7.457901281753138,-0.026683155070787473,0.0,0.14108968138048616,0.11440652630969869,1.0,0.00014751807645272966,0.0,4.242640687119285,0.19142738083602473,0.018322221066870224
1025,164.09603632110614,0.19634954084936207,1.3010426069826053e-18,0.15199065589474506,0.5366129232663673,-1.3053794156725473e-16,0.13830990067477375,0.4177262049956318,0.0,3.7012728673810527,6.400822331553916,4.163336342344337e-17,0.5485905206455287,1.4563213984297085,-5.551115123125783e-17,1.083818481771658,3.327147681799329,0.010211203321697815,6.8497104194055805,0.15047577967106615,7.010397402398345,7.478032057455462,-0.02674501625795047,0.0,0.1310818378467996,0.10433682158884913,1.0,0.00014751807645272966,0.0,4.242640687119285,0.19142738083602473,0.018322221066870224
1026,164.2923858619555,0.19634954084936207,7.589415207398531e-19,0.15277537601214355,0.5483299528550145,-1.3097162243624894e-16,0.13715674905965303,0.41464742487443795,-5.551115123125783e-17,3.706828803983589,6.483047102113077,4.163336342344337e-17,0.5475760500953091,1.4401588037830502,-5.551115123125783e-17,1.082288409946991,3.306873177224852,0.0104328132771763,6.870289891021201,0.14991976531899018,7.0306424696173675,7.4968262495588665,-0.026859692063039172,0.0,0.12445546528708518,0.097595773224046,1.0,0.00014751807645272966,0.0,4.242640687119285,0.19142738083602473,0.018322221066870224
1028,164.6850849436542,0.19634954084936207,1.1926223897340549e-18,0.15686155142101413,0.5547836684503592,-1.3183898417423734e-16,0.1391978226358311,0.4210986118885878,2.7755575615628914e-17,3.71781179662187,6.575529502771244,5.551115123125783e-17,0.5456222448964614,1.4646279553817878,-4.163336342344337e-17,1.0723955317933263,3.268096454261196,0.01170980364286573,6.911062277550368,0.14885181706292705,7.071623898256161,7.530984403003865,-0.027127472703923957,0.0,0.11604367649726759,0.08891620379334363,1.0,0.00014751807645272966,0.0,4.242640687119285,0.19142738083602473,0.018322221066870224
1029,164.88143448450356,0.19634954084936207,1.0842021724855044e-19,0.16033861074015712,0.5478824403117425,-1.3248950547772864e-16,0.14074691254472918,0.3963459297376636,0.0,3.723085859194114,6.571257275881507,6.938893903907228e-17,0.5452234409750837,1.4790278641190027,-8.326672684688674e-17,1.064894306333888,3.252865255312366,0.012589453200951204,6.9306841574655875,0.14863430029435526,7.091907910960894,7.546722179844078,-0.027474385719541156,0.0,0.10956517839028039,0.08209079267073924,1.0,0.00014751807645272966,0.0,4.242640687119285,0.19142738083602473,0.018322221066870224
1030,165.0777840253529,0.19634954084936207,4.336808689942018e-19,0.16414500188246603,0.5343741602831209,-1.3053794156725473e-16,0.1420183790072387,0.40440813888973065,-2.7755575615628914e-17,3.7281868574442214,6.536287105352728,5.551115123125783e-17,0.5452860094306321,1.4987579204846984,-9.71445146547012e-17,1.056371945471398,3.2396645052438107,0.01347611509101226,6.9496886220099094,0.14866841604039172,7.111833153141314,7.561800424720042,-0.027741364716575248,0.0,0.10645600494708066,0.07871464023050541,1.0,0.0001494008655925137,0.0,4.242640687119285,0.21605576942830954,0.023340047751629425
1031,165.27413356620227,0.19634954084936207,1.5178830414797062e-18,0.16747029886084772,0.515869469412243,-1.3053794156725473e-16,0.14317152120261145,0.40641366947963997,0.0,3.733144449274718,6.477277023552997,5.551115123125783e-17,0.545622368454534,1.5198598837682415,-5.551115123125783e-17,1.0472846451652194,3.2258233821950917,0.014267380131491172,6.968183739575316,0.14885188447896763,7.131303004185775,7.576292273224431,-0.028370559953138808,0.0,0.10410425638725618,0.07573369643411737,1.0,0.0001494008655925137,0.0,4.242640687119285,0.21605576942830954,0.023340047751629425
1033,165.66683264790097,0.19634954084936207,1.3010426069826053e-18,0.17042518807026405,0.4709796880623548,-1.3183898417423734e-16,0.14710128085351012,0.4104459623133252,0.0,3.7430146678055904,6.429758400719434,4.163336342344337e-17,0.545981998517472,1.5385718665993577,-4.163336342344337e-17,1.028770614028369,3.183422509575411,0.01534129069391257,7.005079401703895,0.14904817135256637,7.1694688637503745,7.604276658700785,-0.028759224473224432,0.0,0.10194869029487574,0.07318946582165131,1.0,0.0001494008655925137,0.0,4.242640687119285,0.21605576942830954,0.023340047751629425
1034,165.86318218875033,0.19634954084936207,1.4094628242311558e-18,0.17004831292688619,0.45376477992015996,-1.3118846287074604e-16,0.15032442916602629,0.4078872297314123,-2.7755575615628914e-17,3.7480785536497767,6.471420945321973,4.163336342344337e-17,0.545533226394022,1.534691357830156,-4.163336342344337e-17,1.0198082200568286,3.1497209488662143,0.01559610832523836,7.024046422164699,0.14880325054993562,7.1884457810398725,7.618051409127587,-0.029109427311350355,0.0,0.10122367415192893,0.07211424684057857,1.0,0.0001494008655925137,0.0,4.242640687119285,0.21605576942830954,0.023340047751629425
1035,166.05953172959968,0.19634954084936207,1.0842021724855044e-18,0.1690685824350435,0.43958089297895614,-1.3053794156725473e-16,0.15383597456096404,0.41951969080011814,2.7755575615628914e-17,3.7532685790542986,6.52574111047238,5.551115123125783e-17,0.5445699642239191,1.5225014354636393,-5.551115123125783e-17,1.0113343075998806,3.106683856894724,0.015666677726479287,7.043512513258135,0.1482782229674203,7.207457413952034,7.631890848986158,-0.029321142214915705,0.0,0.10179885260556278,0.07247771039064707,1.0,0.0001494008655925137,0.0,4.242640687119285,0.21605576942830954,0.023340047751629425
1036,166.25588127044904,0.19634954084936207,-7.589415207398531e-19,0.16801836588880492,0.428835670567,-1.3140530330524314e-16,0.15675197394858006,0.4185675035950779,-5.551115123125783e-17,3.7585574521104608,6.576714314599868,4.163336342344337e-17,0.5432094894037426,1.51370341942929,-4.163336342344337e-17,1.0036287387498064,3.055900270341685,0.015550241041922307,7.063377060407537,0.14753827468913738,7.2264655761385965,7.645966925043756,-0.029533566371087193,0.0,0.10324890514989454,0.07371533877880734,1.0,0.0001494008655925137,0.0,4.242640687119285,0.21605576942830954,0.023340047751629425
1038,166.64858035214775,0.19634954084936207,7.589415207398531e-19,0.16607710711827184,0.4280943616267538,-1.3205582460873444e-16,0.15790228254788455,0.4391120189167267,0.0,3.769183639385678,6.5896543614301795,5.551115123125783e-17,0.5402234184004086,1.5186564554844002,-5.551115123125783e-17,0.9918520406768072,2.9458197922499734,0.014731468010089099,7.103372653706332,0.1459206708941114,7.264024792610532,7.675563490565224,-0.029898148724674552,0.0,0.10731991000658822,0.07742176128191366,1.0,0.0001494008655925137,0.0,4.242640687119285,0.21605576942830954,0.023340047751629425
1039,166.8449298929971,0.19634954084936207,-6.505213034913027e-19,0.16451938276850459,0.42654548775660067,-1.3183898417423734e-16,0.15575690219813626,0.43561723615904,-5.551115123125783e-17,3.774396336016818,6.550659201887498,5.551115123125783e-17,0.5390901724727354,1.5288058553148665,-6.938893903907228e-17,0.9883874566054855,2.89629117558358,0.014052560326762177,7.123033850668589,0.14530910702834177,7.2823955180236934,7.691470261433301,-0.030335984799032018,0.0,0.11340605201067341,0.0830700672116414,1.0,0.0001494008655925137,0.0,4.242640687119285,0.21605576942830954,0.023340047751629425
1040,167.04127943384646,0.19634954084936207,3.2526065174565133e-19,0.1621389439492865,0.427223004221976,-1.3097162243624894e-16,0.15222740396551793,0.41701546359759256,1.3877787807814457e-17,3.7794942952459176,6.531086177146989,5.551115123125783e-17,0.5384393599653157,1.5466979034042119,-1.3877787807814457e-17,0.9867744324718695,2.8568286251087387,0.013259232344314018,7.142288563898219,0.1449584721799294,7.300506268422463,7.708370161359039,-0.030673469340378522,0.0,0.1187900485644648,0.08811657922408628,1.0,0.00015087576519564984,0.0,4.242640687119285,0.2157079922835362,0.02326496896749706
1042,167.43397851554516,0.19634954084936207,1.8431436932253575e-18,0.1561591031272358,0.39403367024160185,-1.3097162243624894e-16,0.14298177875276294,0.4358185372662517,-1.3877787807814457e-17,3.7893374017322263,6.5631254171448035,6.938893903907228e-17,0.5388278602240063,1.5897441306443145,-4.163336342344337e-17,0.988825171301182,2.819625443270563,0.011706380859702475,7.179538972083368,0.1451677314767906,7.336413084419862,7.745580125134332,-0.03149515185591965,0.0,0.12828542745364543,0.0967902755977258,1.0,0.00015087576519564984,0.0,4.242640687119285,0.2157079922835362,0.02326496896749706
1043,167.63032805639452,0.19634954084936207,1.0842021724855044e-18,0.1542008836745513,0.3709843979029696,-1.3227266504323154e-16,0.1380513051481818,0.4288335726325052,-6.938893903907228e-17,3.794156178881245,6.548100195300443,8.326672684688674e-17,0.539803539868962,1.6238481720415343,-5.551115123125783e-17,0.9919420897367202,2.823024064744901,0.01116605488793905,7.197810554871364,0.14569393082753096,7.354670540586834,7.766030730950003,-0.031953814979075186,0.0,0.13810706278423857,0.10615324780516339,1.0,0.00015087576519564984,0.0,4.242640687119285,0.2157079922835362,0.02326496896749706
1044,167.82667759724387,0.19634954084936207,8.673617379884035e-19,0.15392290938883152,0.38720762089277627,-1.3183898417423734e-16,0.13351614650405214,0.40149885762757137,-2.7755575615628914e-17,3.7989662156282615,6.511456581927516,6.938893903907228e-17,0.5411287598417616,1.6522166271974907,-8.326672684688674e-17,0.9958890766675601,2.83889514098334,0.010907725024478414,7.216072153742457,0.14641016736394136,7.373390046130877,7.787584877811774,-0.032169205882718224,0.0,0.14391763110438344,0.11174842522166521,1.0,0.00015087576519564984,0.0,4.242640687119285,0.2157079922835362,0.02326496896749706
1045,168.02302713809323,0.19634954084936207,8.673617379884035e-19,0.15533818613576075,0.4156862572635268,-1.3118846287074604e-16,0.13018175261124462,0.370889308678555,-4.163336342344337e-17,3.803819265809324,6.4568153780636575,5.551115123125783e-17,0.5425948362148717,1.6727183157719108,-4.163336342344337e-17,1.0002253665698575,2.864238857793703,0.01097759205834484,7.234520503471092,0.14720457814352172,7.392702673672959,7.810028963477528,-0.032283223204290654,0.0,0.148545717200186,0.11626249399589535,1.0,0.00015087576519564984,0.0,4.242640687119285,0.2157079922835362,0.02326496896749706
1047,168.41572621979194,0.19634954084936207,2.6020852139652106e-18,0.16044026258264535,0.45875152900325145,-1.319474043914859e-16,0.13089462842409239,0.34290947916728143,-1.3877787807814457e-17,3.813825778360517,6.5145390158726215,5.551115123125783e-17,0.5450759382383744,1.6858843751081436,-5.551115123125783e-17,1.008956762170006,2.93086687303747,0.01201388927469667,7.272633533843602,0.14855388922322207,7.433201312341521,7.8566135135054616,-0.032224949886975864,0.0,0.1528081011651426,0.12058315127816674,1.0,0.00015087576519564984,0.0,4.242640687119285,0.2157079922835362,0.02326496896749706
1048,168.6120757606413,0.19634954084936207,4.336808689942018e-19,0.1626366307957259,0.4621942477338272,-1.3162214373974024e-16,0.135512925055674,0.38021400177881465,-5.551115123125783e-17,3.8190071008371183,6.5813442744616655,5.551115123125783e-17,0.545842081839314,1.6789206154936014,-4.163336342344337e-17,1.013300925085554,2.967209629077736,0.012814043287354793,7.292407618122167,0.14897178915333814,7.454193450562859,7.880395506206591,-0.03196014760644242,0.0,0.15506541072920071,0.1231052631227583,1.0,0.00015087576519564984,0.0,4.242640687119285,0.2157079922835362,0.02326496896749706
1049,168.80842530149064,0.19634954084936207,-4.336808689942018e-19,0.1643129152912579,0.46465419681336784,-1.3140530330524314e-16,0.14178831586581497,0.42677729443589996,-4.163336342344337e-17,3.8242688707514962,6.6348844476666216,6.938893903907228e-17,0.5463583382521607,1.6723151697614267,-2.7755575615628914e-17,1.0178803658608395,3.0035069346106167,0.013649412961486886,7.31251619789946,0.1492537168888313,7.475419327749779,7.90441476322396,-0.03169330634699742,0.0,0.15602882147243533,0.1243355151254379,1.0,0.00015087576519564984,0.0,4.242640687119285,0.2157079922835362,0.02326496896749706
1050,169.00477484234,0.19634954084936207,8.673617379884035e-19,0.16583883361434948,0.4667438182093281,-1.3227266504323154e-16,0.14808974215434625,0.46493535791355056,0.0,3.8295462486316914,6.669256113893009,5.551115123125783e-17,0.5468377883779392,1.6684773101158417,-5.551115123125783e-17,1.0229383690881002,3.038963267873665,0.014413191385965472,7.33271223520453,0.14951578339903787,7.496641209989534,7.928685778265779,-0.03141060434838748,0.0,0.15703795491194955,0.12562735056356206,1.0,0.00015114464589519443,0.0,4.242640687119285,0.2092508145246414,0.021892951689612937
1052,169.3974739240387,0.19634954084936207,8.673617379884035e-19,0.1700378770526531,0.4618161484344767,-1.3248950547772864e-16,0.1554481319807238,0.4806846805705266,-2.7755575615628914e-17,3.8398826547552973,6.666418818941055,5.551115123125783e-17,0.5485956853208351,1.6404834902845127,-6.938893903907228e-17,1.0348629947189658,3.105323758089215,0.015450526319759836,7.372349401145294,0.15047861297631832,7.538278540441372,7.977911336234142,-0.03111413871403385,0.0,0.15846700353298748,0.12735286481895364,1.0,0.00015114464589519443,0.0,4.242640687119285,0.2092508145246414,0.021892951689612937
1053,169.59382346488806,0.19634954084936207,4.336808689942018e-19,0.17257737119777053,0.47443628106688107,-1.3075478200175183e-16,0.15546220247327458,0.4562286592773127,-2.7755575615628914e-17,3.8448840415634606,6.631141818715988,5.551115123125783e-17,0.5500504326475728,1.6324710780555094,-1.3877787807814457e-17,1.0414887615862323,3.135165575264893,0.015662726470464322,7.391566646534687,0.15127773922789106,7.558507112233042,8.002653538398748,-0.030907447569273626,0.0,0.15888397895835465,0.12797653138908102,1.0,0.00015114464589519443,0.0,4.242640687119285,0.2092508145246414,0.021892951689612937
1054,169.79017300573742,0.19634954084936207,4.336808689942018e-19,0.17461109737959613,0.504415989559816,-1.332484469984685e-16,0.15345412907424658,0.44258559079755544,0.0,3.8498020162085225,6.57500148041804,5.551115123125783e-17,0.5517259773242135,1.6248287263789905,-4.163336342344337e-17,1.0481949159955826,3.1618153364164403,0.01566165414055216,7.410487782001605,0.1522007770271792,7.578350213169336,8.027203387314641,-0.030879876054491228,0.0,0.15785835746537502,0.1269784814108838,1.0,0.00015114464589519443,0.0,4.242640687119285,0.2092508145246414,0.021892951689612937
1056,170.18287208743612,0.19634954084936207,1.4094628242311558e-18,0.174452666554868,0.5634812770708076,-1.3042952135000618e-16,0.14672679969932287,0.4707289249487148,-2.7755575615628914e-17,3.859629995457372,6.555694701698423,5.551115123125783e-17,0.5546463021485534,1.6358259419930066,-8.326672684688674e-17,1.0607434226840453,3.201938173402338,0.015048935389881762,7.448371850917136,0.15381626024353218,7.61723704655055,8.074850991161297,-0.03094915648923103,0.0,0.1542274422010947,0.12327828571186367,1.0,0.00015114464589519443,0.0,4.242640687119285,0.2092508145246414,0.021892951689612937
1057,170.37922162828548,0.19634954084936207,7.589415207398531e-19,0.17182396424407,0.5715869399641478,-1.332484469984685e-16,0.14339054288371333,0.4864986740806787,2.7755575615628914e-17,3.8646478381941907,6.605249327621996,4.163336342344337e-17,0.555439943292331,1.6398250044115483,-2.7755575615628914e-17,1.0662057830306035,3.21370584229049,0.014481194577706148,7.467751456629516,0.15425676530229393,7.636489416509516,8.097680770189145,-0.031045069613748272,0.0,0.14928154105163094,0.11823647143788267,1.0,0.00015114464589519443,0.0,4.242640687119285,0.2092508145246414,0.021892951689612937
1058,170.57557116913483,0.19634954084936207,1.8431436932253575e-18,0.16802111164980685,0.5639780547232103,-1.315137235224917e-16,0.14036733470389082,0.48774758126523454,5.551115123125783e-17,3.869759969549588,6.641230530930755,6.938893903907228e-17,0.5557018455864379,1.6415702845195441,-1.3877787807814457e-17,1.0709735209464077,3.219226268753824,0.013798866151508469,7.487521110964215,0.15440227059408662,7.65572224770981,8.119810274597349,-0.031072443634854598,0.0,0.1457628604595957,0.1146904168247411,1.0,0.00015114464589519443,0.0,4.242640687119285,0.2092508145246414,0.021892951689612937
1059,170.7719207099842,0.19634954084936207,1.3010426069826053e-18,0.16386464272653556,0.5420926029244332,-1.3270634591222574e-16,0.1375073058238341,0.4626431526331551,-2.7755575615628914e-17,3.8749433734495202,6.663055752654346,4.163336342344337e-17,0.5555404079521886,1.6451014140620992,-4.163336342344337e-17,1.0749534768298528,3.2186137245922564,0.013070065852302531,7.507593073720175,0.15431257243384205,7.674975712006319,8.14128002832428,-0.031046083240304792,0.0,0.14239222371382398,0.11134614047351919,1.0,0.00015114464589519443,0.0,4.242640687119285,0.2092508145246414,0.021892951689612937
1061,171.1646197916829,0.19634954084936207,1.3010426069826053e-18,0.1573912297366427,0.4717340928085235,-1.3140530330524314e-16,0.13230604593188255,0.38084825412994827,0.0,3.8853296474021093,6.669308429473891,6.938893903907228e-17,0.5546723818970571,1.6361784794420826,-5.551115123125783e-17,1.0800870286682216,3.203479057609707,0.011778842507312537,7.547893234490898,0.15383072561967745,7.713502802617888,8.18231228540185,-0.031117498111905322,0.0,0.13762460593896456,0.10650710782705923,1.0,0.00015338516086467002,0.0,4.242640687119285,0.22362838304520727,0.025004826851706973
1062,171.36096933253225,0.19634954084936207,1.0842021724855044e-18,0.1555653097074272,0.4372223641653797,-1.3183898417423734e-16,0.13093198444911758,0.4223623888359167,0.0,3.8904588062030836,6.658958030755611,5.551115123125783e-17,0.5542672058407191,1.6476118387457548,-5.551115123125783e-17,1.0810013455770784,3.19353378047485,0.011349056961497846,7.567834861381562,0.15360606773523897,7.7327899860782985,8.20190830928119,-0.03108500614587295,0.0,0.1329122262791631,0.10182722013329015,1.0,0.00015338516086467002,0.0,4.242640687119285,0.22362838304520727,0.025004826851706973
1063,171.5573188733816,0.19634954084936207,1.4094628242311558e-18,0.15436056828148467,0.40486748050623766,-1.3097162243624894e-16,0.1313960963973031,0.4499501410615352,0.0,3.895533048025275,6.64540119166365,6.938893903907228e-17,0.5539673328383299,1.6533657378112343,-4.163336342344337e-17,1.0807196224174604,3.1861346556723387,0.01111858756833494,7.587588864128544,0.15343990292600646,7.752147354622886,8.220935081163988,-0.030878676974030163,0.0,0.1298105808790301,0.09893190390499995,1.0,0.00015338516086467002,0.0,4.242640687119285,0.22362838304520727,0.025004826851706973
1064,171.75366841423096,0.19634954084936207,6.505213034913027e-19,0.15343838404325383,0.3961782572416125,-1.3357370765021415e-16,0.13406484247723455,0.4901484535928978,0.0,3.900559784890888,6.65494642788309,5.551115123125783e-17,0.5537638252420949,1.6522046328129345,-8.326672684688674e-17,1.07928272807905,3.1842277161990826,0.011096683117254336,7.607183317754024,0.15332718707337867,7.7716071879446575,8.23944420094307,-0.030678676604841325,0.0,0.12699432153041473,0.0963156449255734,1.0,0.00015338516086467002,0.0,4.242640687119285,0.22362838304520727,0.025004826851706973
1066,172.14636749592967,0.19634954084936207,1.4094628242311558e-18,0.1526131437897922,0.3961576838878951,-1.3140530330524314e-16,0.14354289596042483,0.5135869172320325,2.7755575615628914e-17,3.9105348144182166,6.651628241479569,5.551115123125783e-17,0.5535538579124946,1.6432111367641247,-6.938893903907228e-17,1.0737372801709073,3.202563704130197,0.011584640388964864,7.646141267388457,0.15321093680490308,7.810936844582326,8.275433953031008,-0.030458950188316705,0.0,0.12420060445711932,0.09374165426880261,1.0,0.00015338516086467002,0.0,4.242640687119285,0.22362838304520727,0.025004826851706973
1067,172.34271703677902,0.19634954084936207,7.589415207398531e-19,0.15356978917096292,0.37839505154228126,-1.3162214373974024e-16,0.14781027870487526,0.49383996589682366,0.0,3.915518086709873,6.62317326228471,5.551115123125783e-17,0.5535036246875867,1.622937227692706,-5.551115123125783e-17,1.0702566307596737,3.2210211226719268,0.011994669012160633,7.6656409436760695,0.15318313127114835,7.830818743959378,8.293273174265492,-0.030387878316726066,0.0,0.12335406460258258,0.09296618628585651,1.0,0.00015338516086467002,0.0,4.242640687119285,0.22362838304520727,0.025004826851706973
1068,172.53906657762838,0.19634954084936207,2.0599841277224584e-18,0.15596909962372021,0.3822120497656143,-1.3140530330524314e-16,0.15025846132499876,0.4566075464106518,-2.7755575615628914e-17,3.920524107600393,6.577522169177897,4.163336342344337e-17,0.5534291722274207,1.59397086942676,-6.938893903907228e-17,1.0667140231227374,3.2415573025486983,0.012431687849121742,7.685254639137929,0.15314192433616408,7.850828251323215,8.311197453583587,-0.030475077712229872,0.0,0.123846970885822,0.09337189317359212,1.0,0.00015338516086467002,0.0,4.242640687119285,0.22362838304520727,0.025004826851706973
1070,172.93176565932708,0.19634954084936207,-5.421010862427522e-19,0.163860845599473,0.46454681283061167,-1.3183898417423734e-16,0.14925371628877065,0.456080176874898,4.163336342344337e-17,3.930678764955714,6.563072149008839,8.326672684688674e-17,0.5528419206924701,1.5716228098769651,-4.163336342344337e-17,1.0598508166324245,3.271918838857291,0.013179280307430773,7.725117776636888,0.15281709463746967,7.891114151581789,8.34721785966869,-0.03082444090605491,0.0,0.124567632697457,0.0937431917914021,1.0,0.00015344844880730887,0.0,4.242640687119285,0.21128097433201587,0.022319825057342972
1071,173.12811520017644,0.19634954084936207,1.8431436932253575e-18,0.1675780686163821,0.4844452647722337,-1.319474043914859e-16,0.1474116301570294,0.4862237668953461,-4.163336342344337e-17,3.9358358652281624,6.576154837885316,2.7755575615628914e-17,0.5521785995056375,1.570746300634018,-5.551115123125783e-17,1.0562930845090515,3.274410112529944,0.013436599471234205,7.74540197900816,0.15245060287600362,7.911289181355397,8.364993655934445,-0.031374939005658485,0.0,0.1239093228819278,0.0925343838762693,1.0,0.00015344844880730887,0.0,4.242640687119285,0.21128097433201587,0.022319825057342972
1072,173.3244647410258,0.19634954084936207,0.0,0.16988841511334019,0.48530023971589825,-1.334652874329656e-16,0.14619951387855748,0.5004262877803161,2.7755575615628914e-17,3.941016287789782,6.61549964536923,5.551115123125783e-17,0.5512947143409114,1.570382935198553,-5.551115123125783e-17,1.0523654360993324,3.2654249976973198,0.013612075814115124,7.7658046903121765,0.15196293103011355,7.931379697156405,8.382360341182586,-0.03182385641616845,0.0,0.12233605269313849,0.09051219627697005,1.0,0.00015344844880730887,0.0,4.242640687119285,0.21128097433201587,0.022319825057342972
1073,173.52081428187515,0.19634954084936207,1.951563910473908e-18,0.1703496265786056,0.467086027135614,-1.3292318634672284e-16,0.14617960639496286,0.49635480527186004,2.7755575615628914e-17,3.946171793700719,6.650136608781208,4.163336342344337e-17,0.5503353374096612,1.5624448293212292,-5.551115123125783e-17,1.047970481125492,3.244270093693636,0.013710913231516294,7.786135912699573,0.15143449180090282,7.951281317731992,8.399241184446703,-0.032313849509234674,0.0,0.12046105335580354,0.08814720384656886,1.0,0.00015344844880730887,0.0,4.242640687119285,0.21128097433201587,0.022319825057342972
1075,173.91351336357386,0.19634954084936207,4.336808689942018e-19,0.16677162638280524,0.4348435642807362,-1.328147661294743e-16,0.14760569181389493,0.4546046771130895,-1.3877787807814457e-17,3.9562254999992774,6.686388929773696,6.938893903907228e-17,0.5489504207260828,1.551277894544916,-4.163336342344337e-17,1.0385351787584602,3.16755600962691,0.013661426500494735,7.825860103422267,0.15067328220767165,7.990194812130433,8.432078030068196,-0.03309006504005495,0.0,0.11905310399124512,0.08596303895119017,1.0,0.00015344844880730887,0.0,4.242640687119285,0.21128097433201587,0.022319825057342972
1076,174.1098629044232,0.19634954084936207,-4.336808689942018e-19,0.1640948755389486,0.41997835655781607,-1.3118846287074604e-16,0.14698869228153344,0.42454036949265705,1.3877787807814457e-17,3.9610970125934895,6.675344673505293,5.551115123125783e-17,0.5487524784603245,1.5831775465746643,-6.938893903907228e-17,1.0343492288758114,3.1148444515682403,0.013485753147715385,7.845144771588533,0.15056464130817443,8.009195166044423,8.448626955717113,-0.033870939670818834,0.0,0.12058547100232993,0.0867145313315111,1.0,0.00015344844880730887,0.0,4.242640687119285,0.21128097433201587,0.022319825057342972
1077,174.30621244527256,0.19634954084936207,6.505213034913027e-19,0.1616140246229102,0.42314954765489843,-1.3156793363111596e-16,0.14469151788173135,0.38306169252929323,-2.7755575615628914e-17,3.965905595799308,6.640083779277261,5.551115123125783e-17,0.548836799060825,1.6151901599162588,-6.938893903907228e-17,1.0311391630753002,3.0555056633213793,0.013198776801593485,7.8642035973961315,0.1506109160016662,8.028013290199391,8.465701159080519,-0.03436462439193748,0.0,0.12373491365969616,0.08937028926775868,1.0,0.00015344844880730887,0.0,4.242640687119285,0.21128097433201587,0.022319825057342972
1078,174.50256198612192,0.19634954084936207,2.168404344971009e-19,0.15944333485628095,0.42808079105885743,-1.3248950547772864e-16,0.141120880700878,0.3794686192420867,-6.938893903907228e-17,3.9707092024739863,6.584551971495382,6.938893903907228e-17,0.5490486723902482,1.6445357088882504,-5.551115123125783e-17,1.0291825721740473,2.9925633511892187,0.012816683026590708,7.883265785305801,0.15072722232674707,8.046809690659138,8.48352544003992,-0.03480933685884527,0.0,0.12794436386809682,0.09313502700925155,1.0,0.00015344844880730887,0.0,4.242640687119285,0.21128097433201587,0.022319825057342972
1080,174.89526106782063,0.19634954084936207,2.168404344971009e-19,0.15510047831800194,0.413037651664709,-1.3140530330524314e-16,0.13489977518141685,0.4476291596782044,0.0,3.980479932925495,6.562707462931319,5.551115123125783e-17,0.5493043861854873,1.6855098012968157,-8.326672684688674e-17,1.0289314473841928,2.870741991248694,0.011956153888744592,7.922110248211277,0.15086765434130744,8.08493405644133,8.521650690104991,-0.03532300583385478,0.0,0.1346925364711081,0.09936953063725332,1.0,0.00015820418155525003,0.0,4.242640687119285,0.24570898851666637,0.03018645351894164
1081,175.09161060866998,0.19634954084936207,-4.336808689942018e-19,0.15269491189874068,0.39440542209398854,-1.3227266504323154e-16,0.13453994598106464,0.47248101817503535,-2.7755575615628914e-17,3.985409214401942,6.598321872637564,6.938893903907228e-17,0.5492927588655365,1.6935259403225227,-8.326672684688674e-17,1.0301183897967636,2.8194795834541826,0.011609050114175137,7.94174330311995,0.15086126747105616,8.104213620705181,8.541583740365557,-0.03674403395368471,0.0,0.1406068384698992,0.10386280451621448,1.0,0.00015820418155525003,0.0,4.242640687119285,0.24570898851666637,0.03018645351894164
1082,175.28796014951934,0.19634954084936207,1.0842021724855044e-18,0.1505708532701355,0.3714619238638457,-1.3379054808471125e-16,0.13643255946317936,0.48206437038358285,0.0,3.9903560269890788,6.631194487444666,6.938893903907228e-17,0.549353909891836,1.69201605400827,-1.3877787807814457e-17,1.0317906223641713,2.7792208409090438,0.011401857279336574,7.96147061106403,0.1508948591567237,8.12376732750009,8.562101996524447,-0.03682413429761847,0.0,0.1436993422282247,0.10687520793060623,1.0,0.00015820418155525003,0.0,4.242640687119285,0.24570898851666637,0.03018645351894164
1084,175.68065923121804,0.19634954084936207,4.336808689942018e-19,0.14979825273268926,0.3995650759712801,-1.3183898417423734e-16,0.14379141201665685,0.4556943810609919,0.0,4.000127003764021,6.681252179802925,5.551115123125783e-17,0.550305243310616,1.6619655060643053,0.0,1.0358953019489567,2.7669438404226168,0.011528571510219368,8.000508023121064,0.15141793040757817,8.163454525038862,8.604603806128418,-0.03682912534796979,0.0,0.1474844959551994,0.11065537060722963,1.0,0.00015820418155525003,0.0,4.242640687119285,0.24570898851666637,0.03018645351894164
1085,175.8770087720674,0.19634954084936207,1.0842021724855044e-18,0.1518783151428309,0.4429191143946618,-1.32164244825983e-16,0.14726225446333235,0.487344974919786,-1.3877787807814457e-17,4.004914719643599,6.674475394178428,4.163336342344337e-17,0.5513150098020477,1.6366092527932539,0.0,1.038324609904896,2.7776106787341814,0.011843377915788636,8.019670955808984,0.151974120016516,8.183488453741289,8.626554432552025,-0.036781111365933775,0.0,0.15100741375592666,0.11422630238999289,1.0,0.00015820418155525003,0.0,4.242640687119285,0.24570898851666637,0.03018645351894164
1086,176.07335831291675,0.19634954084936207,1.0842021724855044e-18,0.1552582690876458,0.48255330246631695,-1.334652874329656e-16,0.14964490288935128,0.4971848311838112,0.0,4.009658141828116,6.678259524835953,4.163336342344337e-17,0.5525889605226939,1.6320115943712847,-6.938893903907228e-17,1.041180035054972,2.796552727952105,0.012263768935961993,8.03867920716425,0.15267727964577565,8.203620255745989,8.648992619048972,-0.03674646110589061,0.0,0.1534301398741942,0.1166836787683036,1.0,0.00015820418155525003,0.0,4.242640687119285,0.24570898851666637,0.03018645351894164
1087,176.2697078537661,0.19634954084936207,-4.336808689942018e-19,0.159210424428837,0.510139089085557,-1.317305639569888e-16,0.15060008902572208,0.4930125278355045,0.0,4.014391735536518,6.6936393329495365,2.7755575615628914e-17,0.5539830976678988,1.6562441188926587,-2.7755575615628914e-17,1.0446302011632331,2.8236868799723096,0.012721283941465407,8.057670503171947,0.15344863625086036,8.223840423364273,8.671927169054364,-0.03672038813185294,0.0,0.1558986494502052,0.11917826131835227,1.0,0.00015820418155525003,0.0,4.242640687119285,0.24570898851666637,0.03018645351894164
1089,176.66240693546482,0.19634954084936207,-2.168404344971009e-19,0.16615387927023748,0.5334898396350051,-1.3140530330524314e-16,0.14789745747437638,0.44847631154658274,-5.551115123125783e-17,4.023932065064357,6.681599345823307,5.551115123125783e-17,0.5566825519044307,1.7181112313825704,-1.3877787807814457e-17,1.0536289476831087,2.900298749252514,0.013494263541372807,8.09601463212655,0.15494773179741458,8.264456627465337,8.71914052829962,-0.03668403948015843,0.0,0.15925608854503961,0.12257204906488119,1.0,0.00015820418155525003,0.0,4.242640687119285,0.24570898851666637,0.03018645351894164
1090,176.85875647631417,0.19634954084936207,1.734723475976807e-18,0.16847786203534224,0.5283172523210552,-1.3227266504323154e-16,0.14454428916480586,0.4099386478310645,0.0,4.028753069395848,6.647009802385499,5.551115123125783e-17,0.5579094821075149,1.743959562737251,-5.551115123125783e-17,1.0590235071223462,2.947280074329004,0.013731469281445518,8.115425647083237,0.15563149511273774,8.28478861147742,8.74323341952234,-0.03661399832055735,0.0,0.16166587369650331,0.12505187537594598,1.0,0.00016335046994639507,0.0,4.242640687119285,0.2552180409519761,0.03256812421368227
1091,177.05510601716352,0.19634954084936207,8.673617379884035e-19,0.16999705658100678,0.5168370869289752,-1.317305639569888e-16,0.1404426148169001,0.3647068746310018,5.551115123125783e-17,4.033551827033392,6.63302285158645,5.551115123125783e-17,0.5590426197902901,1.7721345859930004,-6.938893903907228e-17,1.0646937013290376,2.9971095958597695,0.013854453508135032,8.134770170682208,0.15626432537099547,8.304888949561338,8.767217897897758,-0.03768403608570009,0.0,0.16227230698132805,0.12458827089562796,1.0,0.00016335046994639507,0.0,4.242640687119285,0.2552180409519761,0.03256812421368227
1092,177.25145555801288,0.19634954084936207,1.3010426069826053e-18,0.170763981881234,0.5074215982092062,-1.3270634591222574e-16,0.1363927033817201,0.3539572792288441,0.0,4.038380017729742,6.664452649649662,6.938893903907228e-17,0.5600991883203843,1.7947947132986468,-9.71445146547012e-17,1.0703812977709117,3.0468434991043947,0.013870402285476747,8.154256583799436,0.15685555037857668,8.324982536463489,8.791181439948854,-0.037482406973080654,0.0,0.16196907798997828,0.12448667101689763,1.0,0.00016335046994639507,0.0,4.242640687119285,0.2552180409519761,0.03256812421368227
1094,177.6441546397116,0.19634954084936207,-7.589415207398531e-19,0.1697300296007924,0.4779115931590797,-1.3205582460873444e-16,0.1318474767483286,0.3682472856616631,0.0,4.048138240860534,6.767045734998507,5.551115123125783e-17,0.5618504370531645,1.8200503763950713,-6.938893903907228e-17,1.0808532943035598,3.131763050787131,0.013595657463446433,8.193711608558706,0.157837956808416,8.365145222830568,8.838409017466837,-0.03703014041482931,0.0,0.15971220703179467,0.12268206661696536,1.0,0.00016335046994639507,0.0,4.242640687119285,0.2552180409519761,0.03256812421368227
1095,177.84050418056094,0.19634954084936207,-3.2526065174565133e-19,0.16759327110262992,0.46513895971115,-1.3227266504323154e-16,0.1323794104967884,0.3632477074773659,0.0,4.053061421929588,6.8082064197796885,4.163336342344337e-17,0.5624986410811295,1.8209108294013137,-5.551115123125783e-17,1.0853088728075553,3.1597926492539234,0.013299640564825781,8.213653444966946,0.1582023606090586,8.38515544614083,8.861389551086486,-0.03643559709874879,0.0,0.1558470819651652,0.11941148486641641,1.0,0.00016335046994639507,0.0,4.242640687119285,0.2552180409519761,0.03256812421368227
1096,178.0368537214103,0.19634954084936207,2.4936649967166602e-18,0.1643142941694983,0.45053330743774656,-1.3248950547772864e-16,0.13463534427495133,0.3705539292357344,2.7755575615628914e-17,4.057989684611146,6.82823169620034,6.938893903907228e-17,0.5630271794283842,1.813185272109909,-1.1102230246251565e-16,1.089070137099323,3.177956961946039,0.012903455297229693,8.233640140205232,0.15849980238754097,8.405043397890001,8.883783116428358,-0.035975820474149704,0.0,0.1523724989362006,0.1163966784620509,1.0,0.00016335046994639507,0.0,4.242640687119285,0.2552180409519761,0.03256812421368227
1098,178.429552803109,0.19634954084936207,7.589415207398531e-19,0.1559155489977053,0.4270922525179823,-1.3248950547772864e-16,0.14150458853607306,0.45902952089013715,0.0,4.067769395726085,6.819081565335531,4.163336342344337e-17,0.5639479349693151,1.773632520567573,-2.7755575615628914e-17,1.0938507820108254,3.2058968104478267,0.011957118898758865,8.273373928402878,0.15901863667807742,8.444349683979713,8.926425894650327,-0.03529193620481813,0.0,0.14622866716172206,0.11093673095690393,1.0,0.00016335046994639507,0.0,4.242640687119285,0.2552180409519761,0.03256812421368227
1099,178.62590234395836,0.19634954084936207,1.0842021724855044e-18,0.15235072063218652,0.4250920724960347,-1.334652874329656e-16,0.14452678655451076,0.4744415125531548,-5.551115123125783e-17,4.072613209410993,6.7861556553681694,4.163336342344337e-17,0.5643646165547093,1.7448891130700164,-2.7755575615628914e-17,1.0945000034368153,3.205066982417306,0.0115393390300715,8.293089176734455,0.159253710209472,8.463882225973997,8.94657710571473,-0.03471254526852206,0.0,0.13972679167418328,0.10501424640566122,1.0,0.00016335046994639507,0.0,4.242640687119285,0.2552180409519761,0.03256812421368227
1100,178.8222518848077,0.19634954084936207,2.168404344971009e-19,0.1503545695026393,0.4303952815015606,-1.332484469984685e-16,0.1464777477404807,0.470512315542577,-2.7755575615628914e-17,4.077459475296479,6.734107495228944,8.326672684688674e-17,0.5646650792264164,1.7303418765923229,-5.551115123125783e-17,1.0938176779547484,3.190625829076328,0.011260577672351814,8.31283788634252,0.15942332584888752,8.48352178986376,8.96598313611635,-0.03445471610870658,0.0,0.13570434232456935,0.10124962621586277,1.0,0.0001642066423488558,0.0,4.242640687119285,0.2304906507421716,0.026562970039774862
1101,179.01860142565707,0.19634954084936207,0.0,0.1503967871920356,0.43453370156814236,-1.3379054808471125e-16,0.14712100694132255,0.46531275806388683,-5.551115123125783e-17,4.082341395045956,6.668853711052714,2.7755575615628914e-17,0.5647383145299639,1.7369244283169798,-5.551115123125783e-17,1.091813264809091,3.164485242546205,0.011179846251918455,8.332755632852884,0.1594646819490722,8.503400161053875,8.98472001841048,-0.034500932310541875,0.0,0.1323711332218912,0.09787020091134932,1.0,0.0001642066423488558,0.0,4.242640687119285,0.2304906507421716,0.026562970039774862
1103,179.41130050735578,0.19634954084936207,1.951563910473908e-18,0.15570343664332145,0.4307826130528585,-1.3183898417423734e-16,0.14523845599472907,0.42019655856254956,-2.7755575615628914e-17,4.0923267092951585,6.674099020632145,4.163336342344337e-17,0.5640207387409908,1.7283484439116266,-5.551115123125783e-17,1.0845716249794481,3.092211562055437,0.011684793141168838,8.37356894780527,0.15905969686496652,8.544313437811406,9.020972949298223,-0.03456435231589705,0.0,0.12931060871272704,0.09474625639682999,1.0,0.0001642066423488558,0.0,4.242640687119285,0.2304906507421716,0.026562970039774862
1104,179.60765004820513,0.19634954084936207,-3.2526065174565133e-19,0.15960110868404764,0.42089598429808994,-1.336821278674627e-16,0.14367688546899046,0.3965881921209673,-2.7755575615628914e-17,4.097397024647721,6.721706485104003,5.551115123125783e-17,0.5633747175733589,1.7430759053545035,-5.551115123125783e-17,1.0799221585459227,3.0555421110775134,0.0122154349455486,8.394331188795997,0.1586955362004309,8.565242159941977,9.038820300642397,-0.03487004084181578,0.0,0.1281586151609963,0.09328857431918053,1.0,0.0001642066423488558,0.0,4.242640687119285,0.2304906507421716,0.026562970039774862
1105,179.80399958905448,0.19634954084936207,5.421010862427522e-19,0.16340806411998882,0.41512786199716095,-1.315137235224917e-16,0.14234762223974645,0.38765981981344444,4.163336342344337e-17,4.1024495155259855,6.758173308062144,5.551115123125783e-17,0.5627677593590336,1.7486005008917267,-5.551115123125783e-17,1.0750256837708736,3.0244967988450044,0.012844721984512003,8.415046013719692,0.1583537754869935,8.586244511191198,9.056631946285293,-0.03519824461469281,0.0,0.12829264811961383,0.09309440350492101,1.0,0.0001642066423488558,0.0,4.242640687119285,0.2304906507421716,0.026562970039774862
1106,180.00034912990384,0.19634954084936207,-4.336808689942018e-19,0.16673625895075617,0.406036181124672,-1.3248950547772864e-16,0.14141183782942013,0.39381116343265216,1.3877787807814457e-17,4.107424710257885,6.785967486797795,4.163336342344337e-17,0.5623763288695712,1.7428122381940316,-5.551115123125783e-17,1.0701889328596106,3.001982429963247,0.013485767600758296,8.435468875218538,0.15813356763640807,8.607088210455705,9.074453953136215,-0.03558523201135489,0.0,0.12874417282917028,0.0931589408178154,1.0,0.0001642066423488558,0.0,4.242640687119285,0.2304906507421716,0.026562970039774862
1108,180.39304821160255,0.19634954084936207,1.0842021724855044e-18,0.17147534556339722,0.4150498966546477,-1.3270634591222574e-16,0.13996203468978718,0.40011877003688534,2.7755575615628914e-17,4.117039276974741,6.810054372287586,4.163336342344337e-17,0.562454602555245,1.7012084389835342,-5.551115123125783e-17,1.0617486315513596,2.9841896541152195,0.014465878561276433,8.475006204076344,0.1581775899677893,8.647649672605409,9.110201004855519,-0.036217416679212494,0.0,0.1296980315929391,0.09348061491372661,1.0,0.0001642066423488558,0.0,4.242640687119285,0.2304906507421716,0.026562970039774862
1109,180.5893977524519,0.19634954084936207,4.336808689942018e-19,0.17272932282422876,0.417928721500369,-1.338989683019598e-16,0.139067796712839,0.39400806901200913,0.0,4.121721898970896,6.799961894255398,2.7755575615628914e-17,0.5627285871001161,1.7000930380097825,-2.7755575615628914e-17,1.058581536064392,2.9851126128265593,0.014683608715332107,8.494295706228124,0.15833173136984646,8.667311046313303,9.12820339217719,-0.036846393698089036,0.0,0.1310519493073814,0.09420555560929236,1.0,0.0001642066423488558,0.0,4.242640687119285,0.2304906507421716,0.026562970039774862
1110,180.78574729330126,0.19634954084936207,1.0842021724855044e-19,0.1729787541671449,0.41157628515243394,-1.330316065639714e-16,0.13826286688412187,0.37561686350755247,1.3877787807814457e-17,4.1263937907353245,6.774928650051339,4.163336342344337e-17,0.5629183148026161,1.719169255059838,-8.326672684688674e-17,1.0563358267969478,2.9882312217481575,0.014688536847055128,8.513562858109518,0.15843851457010857,8.686689909526681,9.146406676419986,-0.037235035768281265,0.0,0.13249424370165183,0.09525920793337056,1.0,0.0001648007123608671,0.0,4.242640687119285,0.22983374966186593,0.026411776241816627
1112,181.17844637499996,0.19634954084936207,2.2768245622195593e-18,0.1695669375796827,0.38962233726769824,-1.325979256949772e-16,0.13870400894620843,0.3794110660590787,2.7755575615628914e-17,4.135881004141985,6.7227269475458264,6.938893903907228e-17,0.5625726522024836,1.7293108121689238,-8.326672684688674e-17,1.054944395967274,2.9882782863255364,0.014133229073466938,8.552755840211258,0.1582439945030683,8.725133063787794,9.183862131508207,-0.037871874069765415,0.0,0.1358266376676791,0.09795476359791369,1.0,0.0001648007123608671,0.0,4.242640687119285,0.22983374966186593,0.026411776241816627
1113,181.37479591584932,0.19634954084936207,1.4094628242311558e-18,0.16596777726422465,0.39645425756656816,-1.3335686721571705e-16,0.14027305409039492,0.3762030260833643,4.163336342344337e-17,4.140725985958249,6.781060237792809,6.938893903907228e-17,0.5620730324716731,1.7176398876027503,-5.551115123125783e-17,1.055840228090185,2.9811618250128396,0.013645836349557306,8.572805845394958,0.15796304691595126,8.744414728660466,9.203373394134873,-0.038283751483544334,0.0,0.14023358214366716,0.10194983066012282,1.0,0.0001648007123608671,0.0,4.242640687119285,0.22983374966186593,0.026411776241816627
1114,181.57114545669867,0.19634954084936207,1.4094628242311558e-18,0.1616996053779681,0.40275715888690367,-1.3314002678121994e-16,0.14217705267648853,0.3804713395599407,2.7755575615628914e-17,4.145610350595556,6.845689123430678,5.551115123125783e-17,0.5615214857403795,1.6959045980175596,-8.326672684688674e-17,1.0577427550924934,2.989359717550013,0.013072468736007783,8.5930425894825,0.1576531894740416,8.76376824769255,9.22350276587327,-0.03850436016493339,0.0,0.14361019579870934,0.10510583563377596,1.0,0.0001648007123608671,0.0,4.242640687119285,0.22983374966186593,0.026411776241816627
1115,181.76749499754803,0.19634954084936207,-8.673617379884035e-19,0.1575265984596855,0.4097785958195537,-1.332484469984685e-16,0.14364086863847417,0.42056810911333203,-1.3877787807814457e-17,4.150499390237932,6.9025489229056864,5.551115123125783e-17,0.5610708691055507,1.6681989261332775,-5.551115123125783e-17,1.0605518629581712,2.9992647487512905,0.012453244744614827,8.613322594182721,0.15740026007942903,8.783176099006765,9.244264327672687,-0.03869390047744084,0.0,0.14703231755893487,0.10833841708149403,1.0,0.0001648007123608671,0.0,4.242640687119285,0.22983374966186593,0.026411776241816627
1117,182.16019407924674,0.19634954084936207,1.3010426069826053e-18,0.15206546934575735,0.4245412722455076,-1.336821278674627e-16,0.14331463089319724,0.45356107353235475,0.0,4.160186208114012,6.954596504177869,4.163336342344337e-17,0.560893872073647,1.6951992849641095,-1.3877787807814457e-17,1.0682338921724623,3.0039989493286683,0.011255173491877964,8.653574643091018,0.15730096786488434,8.82213078444778,9.287535137376866,-0.038933668829422764,0.0,0.1517357513890535,0.11280208255963076,1.0,0.0001648007123608671,0.0,4.242640687119285,0.22983374966186593,0.026411776241816627
1118,182.3565436200961,0.19634954084936207,2.168404344971009e-19,0.1511346793206796,0.42242808910267493,-1.3400738851920835e-16,0.1417959863907839,0.44660049525080486,-1.3877787807814457e-17,4.1649584227027505,6.951649931977784,4.163336342344337e-17,0.5612584853058522,1.6999361443181717,-5.551115123125783e-17,1.0726655516104617,3.003503532823051,0.010776262573956173,8.67343933142129,0.15750554366390973,8.841721137659155,9.309891755438247,-0.03913557283618546,0.0,0.1556043277163784,0.11646875488019293,1.0,0.0001648007123608671,0.0,4.242640687119285,0.22983374966186593,0.026411776241816627
1119,182.55289316094544,0.19634954084936207,4.336808689942018e-19,0.1509998566236152,0.44418130226948954,-1.3205582460873444e-16,0.1402347889425913,0.4240386918315212,2.7755575615628914e-17,4.169680133136665,6.933105157366457,4.163336342344337e-17,0.5619232525167716,1.6941386294526646,-5.551115123125783e-17,1.077155545582445,3.004410908469917,0.010441158011507665,8.693116206337296,0.15787887085951374,8.861436235208318,9.332586404800166,-0.0392429243104463,0.0,0.15741850853462047,0.11817558422417418,1.0,0.0001648007123608671,0.0,4.242640687119285,0.22983374966186593,0.026411776241816627
1121,182.94559224264415,0.19634954084936207,4.336808689942018e-19,0.1515942699127606,0.5160416299404635,-1.332484469984685e-16,0.1392785192472512,0.4403124944713655,-4.163336342344337e-17,4.178996448977136,6.865546971241234,5.551115123125783e-17,0.5639210445568543,1.7121644470842052,0.0,1.0853627023691799,3.0167609001677187,0.010308962634099876,8.732005660281757,0.1590034722470468,8.901318095162905,9.378384860247365,-0.03948811805277491,0.0,0.15870496775608642,0.1192168497033115,1.0,0.00016587236868758167,0.0,4.242640687119285,0.23399962249576994,0.02737791166408142
1122,183.1419417834935,0.19634954084936207,1.5178830414797062e-18,0.15216529974941892,0.5420807509886572,-1.3205582460873444e-16,0.13988920753513617,0.45863959947545957,-1.3877787807814457e-17,4.183634016393354,6.832537649230545,5.551115123125783e-17,0.5650195027991687,1.7109163287524478,-6.938893903907228e-17,1.0887135204244842,3.0287487616796676,0.010509100464733396,8.75139679156179,0.15962351927170987,8.921529411298234,9.40118315554981,-0.03969691873566489,0.0,0.1584336505090493,0.11873673177338442,1.0,0.00016587236868758167,0.0,4.242640687119285,0.23399962249576994,0.02737791166408142
1123,183.33829132434286,0.19634954084936207,-6.505213034913027e-19,0.1531646438046455,0.5561323656854369,-1.3357370765021415e-16,0.1405438447021007,0.46448714803362967,5.551115123125783e-17,4.188304755570882,6.818347919538007,5.551115123125783e-17,0.5659663409041705,1.7219548659237587,-5.551115123125783e-17,1.0914130003243636,3.043204342719793,0.010849591278479169,8.770948362768829,0.16015894951822784,8.941956903565536,9.42373508414856,-0.039742995459736655,0.0,0.15726313406402825,0.1175201386042916,1.0,0.00016587236868758167,0.0,4.242640687119285,0.23399962249576994,0.02737791166408142
1124,183.53464086519222,0.19634954084936207,1.3010426069826053e-18,0.15475710932785566,0.556832099087907,-1.32164244825983e-16,0.14066380187683172,0.44775259111935795,0.0,4.193040035576228,6.809088658011242,5.551115123125783e-17,0.5666090396168859,1.735092564486211,-5.551115123125783e-17,1.0934169992947032,3.058111802586693,0.011285809671713748,8.790792369972545,0.1605229018877849,8.962601081532043,9.44592538169342,-0.03978957477850102,0.0,0.155505698976032,0.11571612419753098,1.0,0.00016587236868758167,0.0,4.242640687119285,0.23399962249576994,0.02737791166408142
1126,183.92733994689092,0.19634954084936207,8.673617379884035e-19,0.15928702187188204,0.5205610228922356,-1.338989683019598e-16,0.13861895671202082,0.42359485724551227,-5.551115123125783e-17,4.20273755813999,6.832152882633345,6.938893903907228e-17,0.5668005239669481,1.7918226977929954,-5.551115123125783e-17,1.0953396235158233,3.0803223859871887,0.012259108491231262,8.831501491300244,0.16063141698460345,9.004392016776078,9.488961034288502,-0.0398403234443529,0.0,0.15214764169243705,0.11230731824808415,1.0,0.00016587236868758167,0.0,4.242640687119285,0.23399962249576994,0.02737791166408142
1127,184.12368948774028,0.19634954084936207,2.168404344971009e-19,0.16159462337884947,0.4930088826500764,-1.3314002678121994e-16,0.13704872178880909,0.43082427416053976,5.551115123125783e-17,4.20765004351718,6.868791944775663,4.163336342344337e-17,0.5665479710868824,1.807665238571749,-5.551115123125783e-17,1.0952709112644037,3.0838715734337865,0.012717616731973962,8.852159444355063,0.16048830177133144,9.02536536285837,9.50975062427643,-0.039821667948177784,0.0,0.14838380178469412,0.10856213383651633,1.0,0.00016587236868758167,0.0,4.242640687119285,0.23399962249576994,0.02737791166408142
1128,184.32003902858963,0.19634954084936207,8.673617379884035e-19,0.16352166115026862,0.4636498167493033,-1.3221845493460727e-16,0.13583764145902685,0.44872980705930954,0.0,4.212538643863544,6.892005687335615,5.551115123125783e-17,0.5663315532160036,1.8141475778199894,-4.163336342344337e-17,1.0944856299504857,3.0808598454259344,0.013118734550633435,8.872740913021854,0.1603657140840256,9.046225361656514,9.53002375016593,-0.03971971946433779,0.0,0.14561116865310372,0.10589144918876593,1.0,0.00016587236868758167,0.0,4.242640687119285,0.23399962249576994,0.02737791166408142
1129,184.516388569439,0.19634954084936207,8.673617379884035e-19,0.16492101423866865,0.4365782241363317,-1.330316065639714e-16,0.13542594478735107,0.437695811566019,-2.7755575615628914e-17,4.217354054283066,6.900722605687214,5.551115123125783e-17,0.5663425001549601,1.811725018539052,-5.551115123125783e-17,1.092929973261083,3.0709899279971413,0.013440235076376894,8.893037609588907,0.16037191374088544,9.06684975840617,9.549735572289222,-0.03952433127245268,0.0,0.14252990112701103,0.10300556985455835,1.0,0.00016587236868758167,0.0,4.242640687119285,0.23399962249576994,0.02737791166408142
1131,184.9090876511377,0.19634954084936207,8.673617379884035e-19,0.16605731631685242,0.43730926810100584,-1.3292318634672284e-16,0.1371520481395259,0.38209276079911025,2.7755575615628914e-17,4.226648000269112,6.928145276834356,2.7755575615628914e-17,0.5672146019780847,1.7854023132229353,-4.163336342344337e-17,1.0873945202296815,3.032200026230391,0.013748524335487794,8.93227665908944,0.1608662023485785,9.106891385773508,9.587012835630981,-0.03967764437041211,0.0,0.13727371150399562,0.09759606713358351,1.0,0.00017139360391170774,0.0,4.242640687119285,0.2685703906649692,0.03606502737096709
1132,185.10543719198705,0.19634954084936207,4.336808689942018e-19,0.16577086017325368,0.4277893899969287,-1.3292318634672284e-16,0.1386326273360686,0.3824172758041887,0.0,4.231184058149914,6.934633747267272,4.163336342344337e-17,0.567825780724095,1.7653983131010424,-4.163336342344337e-17,1.0836053770049043,3.020137951412762,0.013679976466197423,8.95145926697099,0.161213058627464,9.12635230206465,9.604599526222078,-0.03964040548867827,0.0,0.1319721194182454,0.09233171392956714,1.0,0.00017139360391170774,0.0,4.242640687119285,0.2685703906649692,0.03606502737096709
1133,185.3017867328364,0.19634954084936207,-1.3010426069826053e-18,0.16481268306498442,0.4145192738998126,-1.3379054808471125e-16,0.13991499909743194,0.39174022025237915,-2.7755575615628914e-17,4.235742525006308,6.925082243960839,5.551115123125783e-17,0.5682603483188575,1.7439300669130666,-5.551115123125783e-17,1.0794896602399262,3.0215234075123902,0.013432073278193919,8.970757369073407,0.16145991173573462,9.145649354087336,9.621739705995596,-0.03914340916275391,0.0,0.12922761878829522,0.09008420962554131,1.0,0.00017139360391170774,0.0,4.242640687119285,0.2685703906649692,0.03606502737096709
1135,185.6944858145351,0.19634954084936207,1.0842021724855044e-18,0.16054075365275758,0.435188488957988,-1.3335686721571705e-16,0.14084217470175422,0.40990782092583644,-2.7755575615628914e-17,4.2451398376957705,6.858095961729701,5.551115123125783e-17,0.5679557301441605,1.7446965073023375,-4.163336342344337e-17,1.0718248995517143,3.007957030967748,0.012423713710631166,9.010606120795838,0.16128685570179319,9.184316690208263,9.655781872040798,-0.03847310303246464,0.0,0.12792737740613916,0.08945427437367452,1.0,0.00017139360391170774,0.0,4.242640687119285,0.2685703906649692,0.03606502737096709
1136,185.89083535538447,0.19634954084936207,9.75781955236954e-19,0.15736575645474754,0.4335016826813446,-1.332484469984685e-16,0.14051954570887235,0.4106132673266901,-2.7755575615628914e-17,4.25001603561035,6.874821970295064,4.163336342344337e-17,0.5672240535640906,1.7575747231523138,-9.71445146547012e-17,1.0689661399980939,2.9916743431328645,0.011758166031069833,9.031318151472556,0.16087156347083914,9.203947880974466,9.673345368730159,-0.037949898883800195,0.0,0.13008174919959867,0.09213185031579847,1.0,0.00017139360391170774,0.0,4.242640687119285,0.2685703906649692,0.03606502737096709
1137,186.08718489623382,0.19634954084936207,2.168404344971009e-19,0.15395414680164982,0.4206103794302379,-1.325979256949772e-16,0.13992258656416126,0.41538830288089734,2.7755575615628914e-17,4.254982074172535,6.939918600164197,5.551115123125783e-17,0.5663252233050757,1.7819926046119692,-8.326672684688674e-17,1.06699942195815,2.968808514271378,0.011098223149913284,9.052436225764803,0.16036212927577187,9.223896578190487,9.691650404410197,-0.03772229143542312,0.0,0.1335595260408353,0.09583723460541217,1.0,0.00017139360391170774,0.0,4.242640687119285,0.2685703906649692,0.03606502737096709
1138,186.28353443708318,0.19634954084936207,3.2526065174565133e-19,0.15090232376531526,0.3980646667227141,-1.3292318634672284e-16,0.13924202804257088,0.4118481084472815,1.3877787807814457e-17,4.259989710014141,6.990481208109144,1.3877787807814457e-17,0.5655035871776082,1.8055704949363305,-6.938893903907228e-17,1.0659040190406348,2.9399298848997177,0.010543936035718623,9.073756164713183,0.15989715355537137,9.244197254304273,9.710855279867527,-0.03758746996592502,0.0,0.13794950512980406,0.10036203516387904,1.0,0.00017139360391170774,0.0,4.242640687119285,0.2685703906649692,0.03606502737096709
1140,186.67623351878188,0.19634954084936207,1.4094628242311558e-18,0.14816658017903866,0.3703569351235761,-1.3156793363111596e-16,0.13810033521367115,0.40403668278766736,-1.3877787807814457e-17,4.26992878484051,7.037127697354956,4.163336342344337e-17,0.5649226871856481,1.8436854645343412,-8.326672684688674e-17,1.0657531166817145,2.8705561747316994,0.01006494750916141,9.11614591380478,0.15956882124852673,9.285779682562469,9.752022524354526,-0.03755458810323953,0.0,0.14489903222447492,0.1073444441212354,1.0,0.000170506413772596,0.0,4.242640687119285,0.2295653935387579,0.026350134955302397
1141,186.87258305963124,0.19634954084936207,0.0,0.14892609527825715,0.3614099415736215,-1.3314002678121994e-16,0.13787040626896,0.3995894159271101,0.0,4.2747968819219535,7.031692460480692,4.163336342344337e-17,0.5653872132392883,1.8618343963381565,-6.938893903907228e-17,1.066407815791037,2.8354290922544356,0.010206103633971099,9.136944190844828,0.15983135044724422,9.306981644926044,9.773863915359945,-0.037474843775408676,0.0,0.1512120756861839,0.11373723191077521,1.0,0.000170506413772596,0.0,4.242640687119285,0.2295653935387579,0.026350134955302397
1142,187.0689326004806,0.19634954084936207,1.5178830414797062e-18,0.15076381522699125,0.38063684417032606,-1.3351949754158987e-16,0.13808262673264557,0.3926203266287322,1.3877787807814457e-17,4.279575897934398,7.008615891781947,4.163336342344337e-17,0.5663481757412935,1.8714280709664726,-5.551115123125783e-17,1.0674677501029326,2.8324997710751685,0.010576768957351247,9.157384933090505,0.16037512808274546,9.328336830130603,9.796373555540995,-0.037633546380146786,0.0,0.15478568194576314,0.11715213556561635,1.0,0.000170506413772596,0.0,4.242640687119285,0.2295653935387579,0.026350134955302397
1143,187.26528214132995,0.19634954084936207,6.505213034913027e-19,0.1531581091748746,0.3962929877186263,-1.3243529536910437e-16,0.13885578288429118,0.38910557162597786,-6.938893903907228e-17,4.284280226398495,6.970857613473174,6.938893903907228e-17,0.5676998591992999,1.8709900386746074,-4.163336342344337e-17,1.0689873949575641,2.8652355473904696,0.011118803230397482,9.177528529154571,0.16114156506745245,9.349788897452422,9.819468656175976,-0.03783991303017293,0.0,0.15798636394624455,0.12014645091607162,1.0,0.000170506413772596,0.0,4.242640687119285,0.2295653935387579,0.026350134955302397
1145,187.65798122302866,0.19634954084936207,3.0357660829594124e-18,0.15816201690511855,0.4209748591828051,-1.3400738851920835e-16,0.14146961474433192,0.37023218556264365,-1.3877787807814457e-17,4.293610275503019,6.934439407702829,4.163336342344337e-17,0.5708599041737211,1.8394493934157479,-2.7755575615628914e-17,1.073850097922593,2.8933360846622027,0.012415124986722493,9.217544598952552,0.162940515096615,9.392900239035889,9.86719234299076,-0.038233694444426834,0.0,0.16230867278185407,0.12407497833742723,1.0,0.000170506413772596,0.0,4.242640687119285,0.2295653935387579,0.026350134955302397
1146,187.854330763878,0.19634954084936207,8.673617379884035e-19,0.1606634760344732,0.43108645533588674,-1.34332649170954e-16,0.14239442141797023,0.375621995608813,6.938893903907228e-18,4.29832709630648,6.951307553198733,5.551115123125783e-17,0.5722534852952328,1.8214349546892767,-5.551115123125783e-17,1.0773577199263997,2.8925017671800473,0.013019401790136905,9.23780791342125,0.16373702571627063,9.414564340927658,9.89169027394888,-0.038710167739038834,0.0,0.16606230184701232,0.12735213410797347,1.0,0.000170506413772596,0.0,4.242640687119285,0.2295653935387579,0.026350134955302397
1147,188.05068030472736,0.19634954084936207,1.0842021724855044e-18,0.16329624913951477,0.44408878654768824,-1.3270634591222574e-16,0.14237382641568572,0.39471535082379705,-2.7755575615628914e-17,4.303125036871311,6.986040748534934,5.551115123125783e-17,0.5732978004532319,1.803920611282959,-1.3877787807814457e-17,1.0815568249702223,2.885297898624621,0.013512242681294095,9.258442541474357,0.16433518400225683,9.436289968157908,9.916461746882874,-0.03908032101320988,0.0,0.16786337215929215,0.12878305114608227,1.0,0.000170506413772596,0.0,4.242640687119285,0.2295653935387579,0.026350134955302397
1149,188.44337938642607,0.19634954084936207,8.673617379884035e-19,0.16842817334206098,0.49687842220040174,-1.3254371558635292e-16,0.13914999340069836,0.41058459409426473,2.7755575615628914e-17,4.31295126894053,7.057129465939436,5.551115123125783e-17,0.5742393579247217,1.7943666993798317,-5.551115123125783e-17,1.0913782873453464,2.8632095952494634,0.014024316278831283,9.300774324127865,0.1648754200948983,9.479674060501594,9.966148253440487,-0.039678912413593365,0.0,0.16889564259133574,0.12921673017774238,1.0,0.000170506413772596,0.0,4.242640687119285,0.2295653935387579,0.026350134955302397
1150,188.63972892727543,0.19634954084936207,1.734723475976807e-18,0.170060777988594,0.5225050596533001,-1.3373633797608697e-16,0.13684735945591392,0.40380724605535134,-9.71445146547012e-17,4.317900577664313,7.094063113154695,5.551115123125783e-17,0.5743889820339737,1.8031307104993595,-8.326672684688674e-17,1.0965657566057059,2.852880754645007,0.014023177825482538,9.322132699296901,0.16496135134101225,9.501117228463396,9.990741823615675,-0.04025621699197687,0.0,0.16826532413836331,0.12800910714638644,1.0,0.00016822084928572122,0.0,4.242640687119285,0.219087444016189,0.023999654062773372
1151,188.83607846812478,0.19634954084936207,1.734723475976807e-18,0.17041846334726635,0.5420138517440827,-1.332484469984685e-16,0.13506692313415017,0.40353951848612235,-2.7755575615628914e-17,4.32281728585957,7.12100861888118,6.938893903907228e-17,0.5746346362741459,1.8316611498609618,-5.551115123125783e-17,1.1017046727397175,2.8810500831895576,0.01386389696970213,9.34337464346315,0.16510248260295995,9.522341023035812,10.015156865841632,-0.04003621209883283,0.0,0.1671287868022342,0.12709257470340135,1.0,0.00016822084928572122,0.0,4.242640687119285,0.219087444016189,0.023999654062773372
1152,189.03242800897414,0.19634954084936207,-6.505213034913027e-19,0.16931295973134008,0.5508607402735138,-1.3227266504323154e-16,0.13427423705052763,0.42950321058419677,0.0,4.32762943963758,7.143633099660703,5.551115123125783e-17,0.5751795199782596,1.8468424406253063,-5.551115123125783e-17,1.106684901921913,2.89244296589652,0.013567351167158233,9.364188283408936,0.16541574010121052,9.543171374677303,10.03927001225683,-0.040277955386438316,0.0,0.1658459240866382,0.12556796870019987,1.0,0.00016822084928572122,0.0,4.242640687119285,0.219087444016189,0.023999654062773372
1154,189.42512709067285,0.19634954084936207,1.734723475976807e-18,0.1639268338083431,0.5292460810041815,-1.3384475819333552e-16,0.13490831882142323,0.47554653199246044,0.0,4.3368952218490575,7.147599950597935,5.551115123125783e-17,0.5774186168568451,1.8332667484454808,-1.3877787807814457e-17,1.1159387278845572,2.8922684237840883,0.012665959912972763,9.404330082648597,0.16670612954643604,9.583702172108005,10.086644497640442,-0.04044675983879765,0.0,0.1638385964235831,0.12339183658478545,1.0,0.00016822084928572122,0.0,4.242640687119285,0.219087444016189,0.023999654062773372
1155,189.6214766315222,0.19634954084936207,6.505213034913027e-19,0.16086075488601165,0.5022510570243073,-1.3156793363111596e-16,0.13517018390122018,0.47644509678187286,1.3877787807814457e-17,4.34141534736179,7.131607314708285,5.551115123125783e-17,0.5788505711119242,1.81805487894718,-8.326672684688674e-17,1.1199802829101195,2.9033007413262073,0.012125601468165343,9.423943609154241,0.16753399183830037,9.603603202460707,10.109813269508013,-0.040441436044601854,0.0,0.16117916228854717,0.12073772624394533,1.0,0.00016822084928572122,0.0,4.242640687119285,0.219087444016189,0.023999654062773372
1156,189.81782617237155,0.19634954084936207,8.673617379884035e-19,0.1582285363985916,0.47300618869299854,-1.3292318634672284e-16,0.13488490571209016,0.4579029295057482,2.7755575615628914e-17,4.345943788262606,7.106486890626725,4.163336342344337e-17,0.5801312012471557,1.8071523557518416,-2.7755575615628914e-17,1.1233096902344806,2.913174463808182,0.011583984978655978,9.443613705369167,0.16827610533023388,9.623473795678057,10.132442559255455,-0.04035305155830953,0.0,0.15834685775273494,0.1179938061944254,1.0,0.00016822084928572122,0.0,4.242640687119285,0.219087444016189,0.023999654062773372
1157,190.0141757132209,0.19634954084936207,8.673617379884035e-19,0.15612017652515622,0.4423621493183121,-1.3314002678121994e-16,0.13428450533880132,0.42229427813122833,-4.163336342344337e-17,4.35054371137539,7.074937649088562,6.938893903907228e-17,0.5809809021014686,1.8083617138565042,-6.938893903907228e-17,1.1255925990532465,2.9234811995814094,0.01109723699601186,9.463615292293976,0.1687694043033181,9.643481933593307,10.154330186638353,-0.04022711050434028,0.0,0.1544659116990803,0.11423880119474003,1.0,0.00016822084928572122,0.0,4.242640687119285,0.219087444016189,0.023999654062773372
1159,190.40687479491962,0.19634954084936207,4.336808689942018e-19,0.15255298893075103,0.3918280749186894,-1.3335686721571705e-16,0.13470262130905952,0.4862904746312886,1.3877787807814457e-17,4.3600869829020725,7.153646321189285,5.551115123125783e-17,0.5808295269771324,1.7980447088481875,-2.7755575615628914e-17,1.1259567084860294,2.9512733430433244,0.010507470358658955,9.505179249236045,0.16868146970423967,9.684368189298944,10.195349856537051,-0.040004381100028207,0.0,0.14729113026631233,0.10728674916628411,1.0,0.00016822084928572122,0.0,4.242640687119285,0.219087444016189,0.023999654062773372
1160,190.60322433576897,0.19634954084936207,4.336808689942018e-19,0.15082952822745954,0.38013471062119086,-1.3444106938820255e-16,0.13655151228245085,0.5118888562639972,-1.3877787807814457e-17,4.36501272548872,7.201984153749441,4.163336342344337e-17,0.5799340833968428,1.7773973780783463,-1.3877787807814457e-16,1.12392834627937,2.9693531159786852,0.0104735565467273,9.52666804683923,0.1681617705426681,9.705303373928626,10.214533174915271,-0.03978209091757026,0.0,0.14038158801841993,0.10059949710084967,1.0,0.00016818384688304226,0.0,4.242640687119285,0.23098479221192467,0.026676987116593005
1161,190.79957387661833,0.19634954084936207,1.951563910473908e-18,0.14952844261824877,0.37535451267108344,-1.330316065639714e-16,0.13909917554154108,0.5322796327390327,-2.7755575615628914e-17,4.369985619543006,7.243297668713824,6.938893903907228e-17,0.5787716801116339,1.7618944566805426,-2.7755575615628914e-17,1.120689689604718,2.9881368306651597,0.010615102717683463,9.548387157506335,0.1674883288496217,9.72649058907364,10.233084170627567,-0.03964880274185352,0.0,0.13705087149019896,0.09740206874834544,1.0,0.00016818384688304226,0.0,4.242640687119285,0.23098479221192467,0.026676987116593005
1163,191.19227295831703,0.19634954084936207,1.734723475976807e-18,0.15065703193278102,0.3643613662425025,-1.3297739645534712e-16,0.14273807679774766,0.4989439330807999,0.0,4.379856330075859,7.278126423728662,5.551115123125783e-17,0.5766841323697525,1.758230579430059,-5.551115123125783e-17,1.1120221865356152,3.0146022704207733,0.011281186601532161,9.591570736052784,0.1662822942635271,9.769134216917843,10.269296713885183,-0.039537771762111144,0.0,0.13465381028592735,0.0951160385238162,1.0,0.00016818384688304226,0.0,4.242640687119285,0.23098479221192467,0.026676987116593005
1164,191.3886224991664,0.19634954084936207,8.673617379884035e-19,0.15373087995309892,0.38134036362012164,-1.332484469984685e-16,0.1424559772544586,0.46057042224357825,2.7755575615628914e-17,4.384673848662276,7.273487747790147,4.163336342344337e-17,0.576124394093162,1.7778724691466499,-5.551115123125783e-17,1.1072131910033438,3.015835553058693,0.01170621695340432,9.612682379571424,0.16595965873460644,9.790348255259437,10.287306597583632,-0.0395187402843017,0.0,0.13408115228018713,0.09456241199588544,1.0,0.00016818384688304226,0.0,4.242640687119285,0.23098479221192467,0.026676987116593005
1165,191.58497204001574,0.19634954084936207,1.0842021724855044e-18,0.1580237490373174,0.4095095554621893,-1.3487475025719675e-16,0.14069704562827098,0.4482860473169179,-5.551115123125783e-17,4.389394966587511,7.257435891509412,6.938893903907228e-17,0.5759504281985133,1.79465155301219,-6.938893903907228e-17,1.1023016354798276,3.006831259289659,0.01212850312395236,9.633394086351888,0.16585944787102536,9.811382037346865,10.305310087024898,-0.0395597883207157,0.0,0.13404358418961348,0.09448379586889778,1.0,0.00016818384688304226,0.0,4.242640687119285,0.23098479221192467,0.026676987116593005
1166,191.7813215808651,0.19634954084936207,4.336808689942018e-19,0.16264458698228496,0.43562983785470843,-1.3292318634672284e-16,0.1380818121562084,0.4181493421852895,0.0,4.394037607799516,7.233203884065894,6.938893903907228e-17,0.5760679653782356,1.8061142374576094,-5.551115123125783e-17,1.0973107110572526,2.991330992912644,0.012510478942541387,9.653783249378241,0.16592715036751,9.832220878688293,10.323252544138064,-0.039622155872930775,0.0,0.13376309736659642,0.09414094149366564,1.0,0.00016818384688304226,0.0,4.242640687119285,0.23098479221192467,0.026676987116593005
1168,192.1740206625638,0.19634954084936207,1.3010426069826053e-18,0.1692969319005641,0.44339214395823034,-1.3270634591222574e-16,0.13383492254956733,0.35149770578339967,-5.551115123125783e-17,4.403257744611652,7.17677671117745,5.551115123125783e-17,0.576441129891347,1.804510658159377,-5.551115123125783e-17,1.0870905414373302,3.0221325843666778,0.013046185891049826,9.694339382741244,0.16614218811520637,9.8735277567475,10.358746723088986,-0.03970766177592941,0.0,0.13284495588284823,0.09313729410691882,1.0,0.00016818384688304226,0.0,4.242640687119285,0.23098479221192467,0.026676987116593005
1169,192.37037020341316,0.19634954084936207,1.3010426069826053e-18,0.17029191217199444,0.4326201919142636,-1.3400738851920835e-16,0.133411182795718,0.3729482968154421,-2.7755575615628914e-17,4.407938210110765,7.153672873745786,5.551115123125783e-17,0.5763008262225263,1.7940684002661174,-8.326672684688674e-17,1.0820079114384888,3.025100966506378,0.013159327860944658,9.714959632077242,0.16606132115238323,9.894180281090572,10.376341704755136,-0.03974192235625207,0.0,0.132125327906617,0.09238340555036492,1.0,0.00016818384688304226,0.0,4.242640687119285,0.23098479221192467,0.026676987116593005
1170,192.5667197442625,0.19634954084936207,6.505213034913027e-19,0.16968041831407998,0.43004110708902105,-1.3162214373974024e-16,0.13406403428440383,0.38899113846893835,0.0,4.4127178701009075,7.1317275258794846,6.938893903907228e-17,0.5757697727852669,1.7874736453761877,-6.938893903907228e-17,1.0771906591721467,3.019019057620986,0.013146239997678541,9.736039500553947,0.16575541562659887,9.914941156178225,10.393988295180911,-0.0397134954158975,0.0,0.13237936959578236,0.09266587417988487,1.0,0.0001716578779584566,0.0,4.242640687119285,0.25607243569625915,0.03278654616170738
1171,192.76306928511187,0.19634954084936207,8.673617379884035e-19,0.1677650098791985,0.42853299485502805,-1.3530843112619095e-16,0.1352067418578099,0.3984127130445253,-5.551115123125783e-17,4.417572217239977,7.167363788648532,5.551115123125783e-17,0.5748371629420569,1.7854282711883276,-5.551115123125783e-17,1.0728902524469361,3.0059206866659625,0.012992660176003406,9.75747214726526,0.16521888194963635,9.935683689390899,10.411697814665363,-0.040451667519248787,0.0,0.1335059075099722,0.09305423999072343,1.0,0.0001716578779584566,0.0,4.242640687119285,0.25607243569625915,0.03278654616170738
1173,193.15576836681058,0.19634954084936207,2.168404344971009e-19,0.16142519893490362,0.4096618150022445,-1.3422422895370545e-16,0.13688557345807592,0.3892560135033426,2.7755575615628914e-17,4.427479910136823,7.254892831723496,4.163336342344337e-17,0.5724295928615067,1.8238267022703198,-5.551115123125783e-17,1.0669682353019276,2.9638323312755714,0.012260617405956313,9.801289177332583,0.16383781939179518,9.977387614130334,10.448599161610824,-0.04024979360958537,0.0,0.13707507521529325,0.09682528160570789,1.0,0.0001716578779584566,0.0,4.242640687119285,0.25607243569625915,0.03278654616170738
1174,193.35211790765993,0.19634954084936207,1.0842021724855044e-18,0.15746987265845358,0.38895185497289364,-1.3574211199518516e-16,0.137150552333225,0.3931907421939964,-5.551115123125783e-17,4.432421069534376,7.287930090611579,6.938893903907228e-17,0.5714636491075756,1.855120552929385,-6.938893903907228e-17,1.065719076927028,2.934874108568678,0.011728363240311332,9.823178268826132,0.16328535112567313,9.998191983192115,10.468131765067861,-0.04002105599566233,0.0,0.14233149915966142,0.10231044316399909,1.0,0.0001716578779584566,0.0,4.242640687119285,0.25607243569625915,0.03278654616170738
1175,193.54846744850929,0.19634954084936207,1.0842021724855044e-19,0.15320040402795773,0.3824735660944554,-1.3357370765021415e-16,0.13738347786897626,0.3938902533102281,5.551115123125783e-17,4.437279678513539,7.308766885691102,6.938893903907228e-17,0.5710007219350639,1.8773409552812381,-1.3877787807814457e-17,1.0656815887282671,2.899694106538398,0.011158163492310691,9.844725472674607,0.1630209122251821,10.0189045483921,10.48855831772697,-0.03987802754103254,0.0,0.14671766102528416,0.10683963348425163,1.0,0.0001716578779584566,0.0,4.242640687119285,0.25607243569625915,0.03278654616170738
1177,193.941166530208,0.19634954084936207,7.589415207398531e-19,0.14508907857011338,0.37378514460828804,-1.338989683019598e-16,0.13901376784033082,0.39328000986316386,0.0,4.4466706330829044,7.3120801775947974,5.551115123125783e-17,0.5720481360852653,1.8904441830478138,-4.163336342344337e-17,1.0688476629424435,2.80850556185264,0.010225764281322597,9.886439859560959,0.1636195349993131,10.060285158841594,10.532362232016833,-0.039731998572108344,0.0,0.15405932230151106,0.11432732372940271,1.0,0.0001716578779584566,0.0,4.242640687119285,0.25607243569625915,0.03278654616170738
1178,194.13751607105735,0.19634954084936207,7.589415207398531e-19,0.14251345529076861,0.3660229984058159,-1.3270634591222574e-16,0.14037953835089895,0.4004151957327489,0.0,4.4512474189992535,7.296515130564917,6.938893903907228e-17,0.5734218833954139,1.88314402263219,-8.326672684688674e-17,1.0717452994298775,2.7534510904286797,0.010008695488803834,9.906801792573756,0.1644063281783718,10.08121681624093,10.555755400868817,-0.03969974217432759,0.0,0.16161362643756544,0.12191388426323785,1.0,0.0001716578779584566,0.0,4.242640687119285,0.25607243569625915,0.03278654616170738
1179,194.3338656119067,0.19634954084936207,4.336808689942018e-19,0.1418781175148811,0.36421372344372716,-1.3444106938820255e-16,0.1416119096035882,0.4175190628451255,0.0,4.455815708147399,7.272378906473609,4.163336342344337e-17,0.5750652457446133,1.869213708906159,-8.326672684688674e-17,1.075346839135526,2.777618613681175,0.010006175017283804,9.927146812486553,0.1653500184316562,10.102503005935493,10.580073146965615,-0.0397811936677092,0.0,0.16640859428171997,0.1266274006140108,1.0,0.0001716578779584566,0.0,4.242640687119285,0.25607243569625915,0.03278654616170738
1180,194.53021515275606,0.19634954084936207,0.0,0.14350199104849387,0.39306708977815796,-1.332484469984685e-16,0.14224951334450106,0.4210852301396086,5.551115123125783e-17,4.460434065064548,7.2425638234334615,5.551115123125783e-17,0.5766990631846718,1.8603324882098489,-4.163336342344337e-17,1.0795910064992171,2.8062569924486556,0.01020450846702695,9.947736024394121,0.16629090473903899,10.124231437600187,10.605211862494006,-0.03995393150564737,0.0,0.17076904508163646,0.13081511357598907,1.0,0.00016856282087341498,0.0,4.242640687119285,0.21544442354036364,0.0232081498173198
1182,194.92291423445477,0.19634954084936207,0.0,0.15178078687595692,0.4518484433597236,-1.3465790982269965e-16,0.14111362572947064,0.41068236877988784,-3.8163916471489756e-17,4.470009421072543,7.255497506479215,8.326672684688674e-17,0.5791779456083417,1.8519578953175635,-5.551115123125783e-17,1.0899867085024493,2.853546918781704,0.01100022356167445,9.990492112238645,0.16772354633954958,10.16921588213987,10.65771860515166,-0.03968427914529079,0.0,0.17613573987997638,0.1364514607346856,1.0,0.00016856282087341498,0.0,4.242640687119285,0.21544442354036364,0.0232081498173198
1183,195.11926377530412,0.19634954084936207,1.3010426069826053e-18,0.15658226917601006,0.4770762126630421,-1.3335686721571705e-16,0.13977233242237821,0.3966344631287544,2.0816681711721685e-17,4.474926001226448,7.290919820518931,6.938893903907228e-17,0.5799327655498402,1.858336960731199,-5.551115123125783e-17,1.0960867525715043,2.8732845028771115,0.011470757004121191,10.012481358226262,0.16816100627914293,10.192113121509525,10.684653793462612,-0.0402895610270873,0.0,0.18022633726681914,0.13993677623973183,1.0,0.00016856282087341498,0.0,4.242640687119285,0.21544442354036364,0.0232081498173198
1184,195.31561331615347,0.19634954084936207,4.336808689942018e-19,0.16067002307188982,0.49681055979689565,-1.336821278674627e-16,0.1384729386778612,0.3821079454750219,-4.163336342344337e-17,4.479874041272705,7.3165961561228015,6.938893903907228e-17,0.580522744892957,1.8596770008742363,-6.938893903907228e-17,1.10270751828706,2.8909899840445448,0.011917674732247164,10.034635712834518,0.1685033286690266,10.215056716235793,10.711870290044262,-0.040749136119207795,0.0,0.1821381206681386,0.14138898454893079,1.0,0.00016856282087341498,0.0,4.242640687119285,0.21544442354036364,0.0232081498173198
1185,195.51196285700283,0.19634954084936207,0.0,0.16363777150585299,0.5095777435506956,-1.3379054808471125e-16,0.13750577691105864,0.384572094420518,1.3877787807814457e-17,4.484796726979058,7.349299398321678,5.551115123125783e-17,0.5811539399267989,1.870357633589154,-8.326672684688674e-17,1.1097387647491173,2.9065721660563266,0.01230432852204048,10.056700841161035,0.16886995094622068,10.237875120629296,10.739255505591977,-0.04120919543993838,0.0,0.18348802221210983,0.14227882677217146,1.0,0.00016856282087341498,0.0,4.242640687119285,0.21544442354036364,0.0232081498173198
1187,195.90466193870154,0.19634954084936207,-6.505213034913027e-19,0.1663981731219617,0.5115269184095967,-1.3357370765021415e-16,0.13643422110081804,0.3742487031292172,-4.85722573273506e-17,4.494389504568652,7.39820633916574,5.551115123125783e-17,0.5832243998639227,1.9237188419889208,-4.163336342344337e-17,1.124467909570854,2.9286403920454758,0.012800846145463073,10.099768509388426,0.17007535029831639,10.282644705832206,10.794115637637276,-0.041809524579787274,0.0,0.18437180425901495,0.1425622796792277,1.0,0.00016856282087341498,0.0,4.242640687119285,0.21544442354036364,0.0232081498173198
1188,196.1010114795509,0.19634954084936207,1.5178830414797062e-18,0.16658119785344344,0.5066641531739351,-1.3379054808471125e-16,0.13590532632109673,0.3682872651124733,-4.163336342344337e-17,4.49903169899989,7.4134536006700085,6.938893903907228e-17,0.5847698715600811,1.944866718662063,-5.551115123125783e-17,1.131843850472553,2.932855436159131,0.01287506705084834,10.12064311430292,0.17097790134219681,10.304496082695964,10.821363019538348,-0.042240605834905326,0.0,0.18391494563031802,0.1416743397954127,1.0,0.00016856282087341498,0.0,4.242640687119285,0.21544442354036364,0.0232081498173198
1189,196.29736102040025,0.19634954084936207,8.673617379884035e-19,0.16602201294250263,0.4996429239412619,-1.334652874329656e-16,0.1352328259981521,0.37273055826572726,-5.551115123125783e-17,4.503598592127668,7.4154096772324944,4.163336342344337e-17,0.5865321865542202,1.958200563066504,-4.163336342344337e-17,1.1389836638099775,2.930771955832926,0.012815421337811665,10.141200139507152,0.17201000293203725,10.326025563777002,10.848302189044059,-0.042378710192632965,0.0,0.1824938701322496,0.14011515993961665,1.0,0.00016856282087341498,0.0,4.242640687119285,0.21544442354036364,0.0232081498173198
1191,196.69006010209895,0.19634954084936207,-4.336808689942018e-19,0.16196112825663259,0.47738881441574477,-1.334652874329656e-16,0.1342270388593047,0.39638865750490043,-1.3877787807814457e-17,4.51269484243848,7.3911746954868605,5.551115123125783e-17,0.5898662517254144,1.956839505039485,-2.7755575615628914e-17,1.1516910355343255,2.9448985476852227,0.01228911919312535,10.182207370485427,0.17397109746229494,10.368467587140847,10.900564589762277,-0.04236834513022166,0.0,0.1783688320587507,0.13600048692852904,1.0,0.00016876523760440124,0.0,4.242640687119285,0.23310365147732937,0.027168656166032118
1192,196.8864096429483,0.19634954084936207,-8.673617379884035e-19,0.15834010414321506,0.46788804619281255,-1.341158087364569e-16,0.1344311749279864,0.3894834532106289,-6.938893903907228e-17,4.517320496964249,7.406611183450497,5.551115123125783e-17,0.5910144673811804,1.941472598073894,-5.551115123125783e-17,1.1567844874666366,2.976688950713897,0.011857983722623335,10.203092236146666,0.17464905032693018,10.38959927019622,10.925548915142883,-0.04213769335866525,0.0,0.17230073115675745,0.1301630377980922,1.0,0.00016876523760440124,0.0,4.242640687119285,0.23310365147732937,0.027168656166032118
1193,197.08275918379766,0.19634954084936207,4.336808689942018e-19,0.15411992464880384,0.4558294142630097,-1.3292318634672284e-16,0.13519652272620727,0.3795760433599412,-1.3877787807814457e-17,4.522039090519031,7.444354068563846,5.551115123125783e-17,0.5916413433873196,1.9170696415873927,-4.163336342344337e-17,1.160715138365492,2.9987440568336283,0.011370557791355809,10.224418768091095,0.17501973960257605,10.410809065485026,10.949588905843925,-0.04185497059925531,0.0,0.16722039245945577,0.12536542186020047,1.0,0.00016876523760440124,0.0,4.242640687119285,0.23310365147732937,0.027168656166032118
1194,197.27910872464702,0.19634954084936207,8.673617379884035e-19,0.15008979612476914,0.44237400518928616,-1.3292318634672284e-16,0.13628690009597852,0.36878059874365643,-1.3877787807814457e-17,4.526852525122061,7.479114618623523,5.551115123125783e-17,0.5917428468280977,1.885117541769608,-5.551115123125783e-17,1.1632569278704477,3.0102885435124547,0.010889831300501019,10.246196892101988,0.1750797983861108,10.4321665217886,10.972601323839127,-0.0415232403211689,0.0,0.1616725386177751,0.12014929829660621,1.0,0.00016876523760440124,0.0,4.242640687119285,0.23310365147732937,0.027168656166032118
1196,197.67180780634573,0.19634954084936207,2.168404344971009e-18,0.14590200469022852,0.4146719194419552,-1.3335686721571705e-16,0.1382054609367537,0.3543373249448468,-2.7755575615628914e-17,4.536661640294472,7.5589728642270355,5.551115123125783e-17,0.5908347857079304,1.834386050508897,-2.7755575615628914e-17,1.1634683901108418,2.999805037333064,0.010219968907772471,10.290649419259664,0.17454287200126797,10.475412260168705,11.015442979762488,-0.04100572802296242,0.0,0.15306704966430934,0.11206132164134691,1.0,0.00016876523760440124,0.0,4.242640687119285,0.23310365147732937,0.027168656166032118
1197,197.86815734719508,0.19634954084936207,0.0,0.14648005138862605,0.40418181212088417,-1.3248950547772864e-16,0.1387603841300965,0.37104811838397905,4.163336342344337e-17,4.541573564468006,7.579982749044648,6.938893903907228e-17,0.5901931784827038,1.8724577308143258,-4.163336342344337e-17,1.1609604338447923,2.9770190894201436,0.010133747296816237,10.312945220737317,0.17416399396375834,10.497242961997891,11.035320820778981,-0.04054162661417983,0.0,0.14473978123067383,0.104198154616494,1.0,0.00016876523760440124,0.0,4.242640687119285,0.23310365147732937,0.027168656166032118
1198,198.06450688804443,0.19634954084936207,0.0,0.1484661252568272,0.39791657537285724,-1.3335686721571705e-16,0.13915435615401836,0.3856917598608804,0.0,4.546434097048031,7.585834008169493,6.938893903907228e-17,0.5896657953430113,1.898949975086302,-2.7755575615628914e-17,1.156754886540507,2.942526033542557,0.010235451440183844,10.33503149940047,0.17385287509875302,10.519119825939407,11.054254805272702,-0.040306745701162716,0.0,0.13967949969588417,0.09937275399472145,1.0,0.00016876523760440124,0.0,4.242640687119285,0.23310365147732937,0.027168656166032118
1199,198.2608564288938,0.19634954084936207,0.0,0.15120931916100042,0.3958970506601433,-1.3270634591222574e-16,0.13952388440272745,0.39594101026417194,0.0,4.551216873483501,7.576951895197813,4.163336342344337e-17,0.5893579647199303,1.910967381880962,-5.551115123125783e-17,1.151018659671681,2.8970542057894875,0.010500592560599951,10.356787514740464,0.17367140528940933,10.540959512590474,11.072338785706227,-0.04014576286069842,0.0,0.13516770714116563,0.09502194428046722,1.0,0.00016876523760440124,0.0,4.242640687119285,0.23310365147732937,0.027168656166032118
1201,198.6535555105925,0.19634954084936207,0.0,0.1569195584124228,0.38666161602939914,-1.34332649170954e-16,0.1400611673681589,0.3803551315989017,0.0,4.560546965806761,7.523469556047309,5.551115123125783e-17,0.5893327275729959,1.8891009307330227,-2.7755575615628914e-17,1.135999218024242,2.852115633823138,0.011314059083374696,10.39929431366463,0.17365653189431351,10.584264904642318,11.106354876841587,-0.04019236494763482,0.0,0.12972669115967,0.08953432621203519,1.0,0.00016989282269288595,0.0,4.242640687119285,0.2398415609920825,0.02876198718955942
1202,198.84990505144185,0.19634954084936207,2.168404344971009e-19,0.15948922937990379,0.37984624324152544,-1.328147661294743e-16,0.139816683399423,0.38077401604135075,-2.7755575615628914e-17,4.5651551184770325,7.492499004572722,5.551115123125783e-17,0.5893577254554085,1.8690565956845444,-5.551115123125783e-17,1.1273159387812952,2.840306469502495,0.011748310847804628,10.420320627878523,0.17367126427698637,10.605740203003315,11.122538598254494,-0.04037891631639007,0.0,0.12573416633644968,0.08535525002005961,1.0,0.00016989282269288595,0.0,4.242640687119285,0.2398415609920825,0.02876198718955942
1203,199.0462545922912,0.19634954084936207,6.505213034913027e-19,0.16187550431910247,0.3775608271897997,-1.3444106938820255e-16,0.13896351058980333,0.3862505096695976,0.0,4.5697913309159865,7.4651419133208465,4.163336342344337e-17,0.589159921429812,1.865929655600105,-4.163336342344337e-17,1.1182367370260342,2.8400331958893896,0.012142100534464495,10.441496404057453,0.1735547065095911,10.62719321110151,11.13837033562045,-0.04049812112545732,0.0,0.12408116721117536,0.08358304608571804,1.0,0.00016989282269288595,0.0,4.242640687119285,0.2398415609920825,0.02876198718955942
1205,199.43895367398991,0.19634954084936207,-1.0842021724855044e-19,0.1658401894691114,0.3959208235337772,-1.3509159069169385e-16,0.13597154083293367,0.38477062271073964,-4.163336342344337e-17,4.5792972229416105,7.487169509893066,8.326672684688674e-17,0.5875529565789154,1.872879562035174,-5.551115123125783e-17,1.0999145019972985,2.827710857806465,0.012721360431923295,10.484981528020372,0.17260923839231246,10.670312126844607,11.16957058139699,-0.04077334457957987,0.0,0.12320462308486817,0.0824312785052883,1.0,0.00016989282269288595,0.0,4.242640687119285,0.2398415609920825,0.02876198718955942
1206,199.63530321483927,0.19634954084936207,2.168404344971009e-18,0.16690924420009787,0.41444859200139655,-1.3357370765021415e-16,0.13483752919810285,0.3919254662404149,1.3877787807814457e-17,4.584179775853638,7.517724426810996,5.551115123125783e-17,0.5861340064912559,1.8574235335162184,-5.551115123125783e-17,1.0911728080593968,2.812506124618224,0.012885413033113764,10.507352108672755,0.17177653678274582,10.692014058488615,11.185268281474384,-0.04111447502361046,0.0,0.12405807550875007,0.08294360048513962,1.0,0.00016989282269288595,0.0,4.242640687119285,0.2398415609920825,0.02876198718955942
1207,199.83165275568862,0.19634954084936207,-2.168404344971009e-19,0.16691062414072536,0.4246333360960517,-1.3487475025719675e-16,0.1347753222108508,0.39514851423410674,2.7755575615628914e-17,4.589108652558269,7.546225270756216,4.163336342344337e-17,0.5844992940788498,1.830040906435395,-4.163336342344337e-17,1.0830769893287608,2.7928043259987945,0.01295373122563905,10.529959112492588,0.17081971238933683,10.713732556107564,11.20127732499653,-0.041364961095671574,0.0,0.1259032914145036,0.08453833031883203,1.0,0.00016989282269288595,0.0,4.242640687119285,0.2398415609920825,0.02876198718955942
1208,200.0,0.16834724431137715,3.2526065174565133e-19,0.16589970683520808,0.4249176483648836,-1.3400738851920835e-16,0.13580142187082278,0.4070584041982579,-4.163336342344337e-17,4.593330581505132,7.574313036454021,4.163336342344337e-17,0.583115841344512,1.8029501367525635,-2.7755575615628914e-17,1.0768909152810762,2.7939972329800553,0.01292821513511837,10.549342915495137,0.17001204221345906,10.732283172843715,11.2154126067792,-0.04160250872266577,0.0,0.1285452716506264,0.08694276292796063,1.0,0.00016989282269288595,0.0,4.242640687119285,0.2398415609920825,0.02876198718955942
