2026-06-08T21:13:44+12:00 run start {'title': 'Inhomogeneous rmhd simulation test', 'input_file': 'C:\\Users\\naoki\\Downloads\\rmhd-gpu-new\\examples\\nokias_inhomogeneous.input', 'output_dir': 'C:\\Users\\naoki\\Downloads\\rmhd-gpu-new\\examples\\outputs_nokia_rmhd_s_20', 'backend': 'numpy', 'equation_set': 'inhomogeneous_rmhd_s', 'equation_mode': 'linear', 'grid': [16, 16, 16], 'output_cadences': {'scalar': 0.25, 'spectra': 0.0, 'full_field': 0.0}, 'hostname': 'Naoki', 'python_executable': 'C:\\Users\\naoki\\AppData\\Local\\Programs\\Python\\Python313\\python.exe', 'git_commit': 'cde2789c3d6596cb8e14f232da25acf4598750f1', 'command': "'C:\\Users\\naoki\\Downloads\\rmhd-gpu-new\\rmhdgpu\\run.py' '.\\examples\\nokias_inhomogeneous.input'"}
2026-06-08T21:13:44+12:00 run setup {'resolved_output_dir': 'C:\\Users\\naoki\\Downloads\\rmhd-gpu-new\\examples\\outputs_nokia_rmhd_s_20', 'input_file': 'C:\\Users\\naoki\\Downloads\\rmhd-gpu-new\\examples\\nokias_inhomogeneous.input', 'backend': 'numpy', 'equation_set': 'inhomogeneous_rmhd_s', 'equation_mode': 'linear', 'grid': [16, 16, 16], 'output_cadences': {'scalar': 0.25, 'spectra': 0.0, 'full_field': 0.0}, 'dissipation_mode': 'auto', 'initial_condition': {'type': 'random_spectrum', 'parameters': {'n_min': 1.0, 'n_max': 3.0, 'alpha': 0.0, 'init_energy': 0.75, 'seed': 1}}}
2026-06-08T21:13:45+12:00 scalar diagnostics {'step': 0, 'time': 0.0, 'dt': 0.0, 'total_energy': 0.7500000000000001}
2026-06-08T21:13:45+12:00 scalar diagnostics {'step': 3, 'time': 0.27599217720680447, 'dt': 0.09371199724700571, 'total_energy': 0.7626811562022164}
2026-06-08T21:13:45+12:00 scalar diagnostics {'step': 6, 'time': 0.586852722925295, 'dt': 0.10970393354133692, 'total_energy': 0.7878154703165869}
2026-06-08T21:13:45+12:00 scalar diagnostics {'step': 8, 'time': 0.8187205718292557, 'dt': 0.11796194818802297, 'total_energy': 0.8045394191378246}
2026-06-08T21:13:45+12:00 scalar diagnostics {'step': 10, 'time': 1.0599223979885248, 'dt': 0.12003861640527656, 'total_energy': 0.8215462136409102}
2026-06-08T21:13:45+12:00 scalar diagnostics {'step': 12, 'time': 1.2874869732638734, 'dt': 0.1115563807273345, 'total_energy': 0.8381345180762723}
2026-06-08T21:13:45+12:00 scalar diagnostics {'step': 15, 'time': 1.6005721055956574, 'dt': 0.1016221496570189, 'total_energy': 0.8573438998494097}
2026-06-08T21:13:45+12:00 scalar diagnostics {'step': 17, 'time': 1.8006994426738714, 'dt': 0.09989357447673239, 'total_energy': 0.8677523248133915}
2026-06-08T21:13:45+12:00 scalar diagnostics {'step': 19, 'time': 2.003681870009182, 'dt': 0.10237685051126064, 'total_energy': 0.880244519663846}
2026-06-08T21:13:45+12:00 scalar diagnostics {'step': 22, 'time': 2.323757631470191, 'dt': 0.10772787253634888, 'total_energy': 0.9090609047097027}
2026-06-08T21:13:45+12:00 scalar diagnostics {'step': 24, 'time': 2.5439054286696376, 'dt': 0.11106971909272131, 'total_energy': 0.935575159344777}
2026-06-08T21:13:45+12:00 scalar diagnostics {'step': 26, 'time': 2.7671919546045327, 'dt': 0.11134350570448587, 'total_energy': 0.9672122318020722}
2026-06-08T21:13:45+12:00 scalar diagnostics {'step': 29, 'time': 3.099318160812512, 'dt': 0.10730865177934484, 'total_energy': 1.0204061542204312}
2026-06-08T21:13:45+12:00 scalar diagnostics {'step': 31, 'time': 3.301817430622363, 'dt': 0.09964378766539565, 'total_energy': 1.053936831862471}
2026-06-08T21:13:45+12:00 scalar diagnostics {'step': 34, 'time': 3.595446097328636, 'dt': 0.09845524645856162, 'total_energy': 1.1026780932187572}
2026-06-08T21:13:45+12:00 scalar diagnostics {'step': 36, 'time': 3.8013627764370024, 'dt': 0.10473500001329311, 'total_energy': 1.138757894601767}
2026-06-08T21:13:45+12:00 scalar diagnostics {'step': 38, 'time': 4.006521945522358, 'dt': 0.10258791047574707, 'total_energy': 1.1776010681474587}
2026-06-08T21:13:45+12:00 scalar diagnostics {'step': 41, 'time': 4.326517148949966, 'dt': 0.10849216503318881, 'total_energy': 1.2425284706613338}
2026-06-08T21:13:45+12:00 scalar diagnostics {'step': 43, 'time': 4.549015488945247, 'dt': 0.11154224742167528, 'total_energy': 1.2890559934728265}
2026-06-08T21:13:45+12:00 scalar diagnostics {'step': 45, 'time': 4.763355315134544, 'dt': 0.10516785590853353, 'total_energy': 1.3342654680455888}
2026-06-08T21:13:45+12:00 scalar diagnostics {'step': 48, 'time': 5.062654602069339, 'dt': 0.09790537238874807, 'total_energy': 1.3969932470680138}
2026-06-08T21:13:45+12:00 scalar diagnostics {'step': 51, 'time': 5.337022905288264, 'dt': 0.08820858781726966, 'total_energy': 1.4548811931814116}
2026-06-08T21:13:45+12:00 scalar diagnostics {'step': 53, 'time': 5.508969204660036, 'dt': 0.08555473968716555, 'total_energy': 1.492676624976492}
2026-06-08T21:13:45+12:00 scalar diagnostics {'step': 56, 'time': 5.770173719708724, 'dt': 0.08880824834222198, 'total_energy': 1.5511523457053151}
2026-06-08T21:13:45+12:00 scalar diagnostics {'step': 59, 'time': 6.057831028692105, 'dt': 0.10053463064775592, 'total_energy': 1.6105263200592956}
2026-06-08T21:13:45+12:00 scalar diagnostics {'step': 61, 'time': 6.270331798027055, 'dt': 0.10568108558858555, 'total_energy': 1.6505323928451945}
2026-06-08T21:13:45+12:00 scalar diagnostics {'step': 64, 'time': 6.586457511110936, 'dt': 0.10621393392467661, 'total_energy': 1.7137469051085643}
2026-06-08T21:13:45+12:00 scalar diagnostics {'step': 66, 'time': 6.8055352614226265, 'dt': 0.11063343870232156, 'total_energy': 1.762211879372068}
2026-06-08T21:13:45+12:00 scalar diagnostics {'step': 68, 'time': 7.014613364820705, 'dt': 0.10247408174885717, 'total_energy': 1.809276717533092}
2026-06-08T21:13:45+12:00 scalar diagnostics {'step': 71, 'time': 7.302183479311179, 'dt': 0.09324058052318956, 'total_energy': 1.8747793102687993}
2026-06-08T21:13:45+12:00 scalar diagnostics {'step': 74, 'time': 7.575344089175947, 'dt': 0.09070662592608782, 'total_energy': 1.9403053850982812}
2026-06-08T21:13:45+12:00 scalar diagnostics {'step': 76, 'time': 7.7592421043063045, 'dt': 0.09258783009761545, 'total_energy': 1.9840220305485787}
2026-06-08T21:13:45+12:00 scalar diagnostics {'step': 79, 'time': 8.050569927767109, 'dt': 0.09986855130393843, 'total_energy': 2.047475125819097}
2026-06-08T21:13:45+12:00 scalar diagnostics {'step': 81, 'time': 8.25970462303301, 'dt': 0.10611911031949753, 'total_energy': 2.0905263908364704}
2026-06-08T21:13:45+12:00 scalar diagnostics {'step': 84, 'time': 8.591047299386567, 'dt': 0.11174460221461342, 'total_energy': 2.161427197497411}
2026-06-08T21:13:45+12:00 scalar diagnostics {'step': 86, 'time': 8.813748081507743, 'dt': 0.11097016152389715, 'total_energy': 2.211420332232527}
2026-06-08T21:13:45+12:00 scalar diagnostics {'step': 88, 'time': 9.030337274026836, 'dt': 0.10771467945824513, 'total_energy': 2.263567119099768}
2026-06-08T21:13:45+12:00 scalar diagnostics {'step': 91, 'time': 9.35448356406193, 'dt': 0.10833451307356702, 'total_energy': 2.354406081784543}
2026-06-08T21:13:45+12:00 scalar diagnostics {'step': 93, 'time': 9.574539120761798, 'dt': 0.11051361173527824, 'total_energy': 2.4234679109393635}
2026-06-08T21:13:45+12:00 scalar diagnostics {'step': 95, 'time': 9.796497309725474, 'dt': 0.11107606193613755, 'total_energy': 2.494859662991871}
2026-06-08T21:13:45+12:00 scalar diagnostics {'step': 97, 'time': 10.018019406897553, 'dt': 0.110541228486992, 'total_energy': 2.5663756121566825}
2026-06-08T21:13:45+12:00 progress {'step': 100, 'time': 10.334386007556281, 'dt': 0.1018972674731138}
2026-06-08T21:13:45+12:00 scalar diagnostics {'step': 100, 'time': 10.334386007556281, 'dt': 0.1018972674731138, 'total_energy': 2.669433774492034}
2026-06-08T21:13:45+12:00 scalar diagnostics {'step': 102, 'time': 10.532169852907527, 'dt': 0.098222623368001, 'total_energy': 2.734686030180233}
2026-06-08T21:13:45+12:00 scalar diagnostics {'step': 105, 'time': 10.829317707057749, 'dt': 0.10056488186559302, 'total_energy': 2.8373295715615994}
2026-06-08T21:13:45+12:00 scalar diagnostics {'step': 107, 'time': 11.029171390911383, 'dt': 0.09990050619085414, 'total_energy': 2.9115632282112944}
2026-06-08T21:13:45+12:00 scalar diagnostics {'step': 110, 'time': 11.339391403736457, 'dt': 0.10627059832762295, 'total_energy': 3.032291753766355}
2026-06-08T21:13:45+12:00 scalar diagnostics {'step': 112, 'time': 11.565640775679032, 'dt': 0.11568418215303432, 'total_energy': 3.1227291785546005}
2026-06-08T21:13:45+12:00 scalar diagnostics {'step': 114, 'time': 11.811327894812479, 'dt': 0.12462721116035616, 'total_energy': 3.22610780494415}
2026-06-08T21:13:45+12:00 scalar diagnostics {'step': 116, 'time': 12.06288994776402, 'dt': 0.1253731062839543, 'total_energy': 3.3383057555300772}
2026-06-08T21:13:45+12:00 scalar diagnostics {'step': 118, 'time': 12.299849523397631, 'dt': 0.11567290171434866, 'total_energy': 3.4451958150883844}
2026-06-08T21:13:45+12:00 scalar diagnostics {'step': 120, 'time': 12.514456483578206, 'dt': 0.10474777302604442, 'total_energy': 3.5408017411961694}
2026-06-08T21:13:45+12:00 scalar diagnostics {'step': 123, 'time': 12.809772861560027, 'dt': 0.09652540528884437, 'total_energy': 3.674678140792105}
2026-06-08T21:13:45+12:00 scalar diagnostics {'step': 125, 'time': 13.001827399212644, 'dt': 0.09626758056762148, 'total_energy': 3.7651841816335128}
2026-06-08T21:13:45+12:00 scalar diagnostics {'step': 128, 'time': 13.30627482229038, 'dt': 0.10544299927973402, 'total_energy': 3.912328439345137}
2026-06-08T21:13:45+12:00 scalar diagnostics {'step': 130, 'time': 13.529844803809585, 'dt': 0.1122125396203299, 'total_energy': 4.022547471370579}
2026-06-08T21:13:45+12:00 scalar diagnostics {'step': 132, 'time': 13.754093841249857, 'dt': 0.11214870318034084, 'total_energy': 4.135585927101803}
2026-06-08T21:13:45+12:00 scalar diagnostics {'step': 135, 'time': 14.091447310315987, 'dt': 0.11334071448123297, 'total_energy': 4.307685263782012}
2026-06-08T21:13:45+12:00 scalar diagnostics {'step': 137, 'time': 14.316196841867917, 'dt': 0.11145698611706902, 'total_energy': 4.422720409450015}
2026-06-08T21:13:45+12:00 scalar diagnostics {'step': 139, 'time': 14.532292382406347, 'dt': 0.10709487765216937, 'total_energy': 4.536811353528186}
2026-06-08T21:13:45+12:00 scalar diagnostics {'step': 142, 'time': 14.843417192443791, 'dt': 0.10199490217347981, 'total_energy': 4.71248841378936}
2026-06-08T21:13:45+12:00 scalar diagnostics {'step': 144, 'time': 15.04761924829729, 'dt': 0.10224760269701388, 'total_energy': 4.833922666890175}
2026-06-08T21:13:45+12:00 scalar diagnostics {'step': 146, 'time': 15.255450344242114, 'dt': 0.1048128887993597, 'total_energy': 4.959578199208612}
2026-06-08T21:13:45+12:00 scalar diagnostics {'step': 149, 'time': 15.569288505135516, 'dt': 0.10356002111314692, 'total_energy': 5.149608745014483}
2026-06-08T21:13:45+12:00 scalar diagnostics {'step': 151, 'time': 15.776321450997084, 'dt': 0.10371918379330475, 'total_energy': 5.273343660329366}
2026-06-08T21:13:45+12:00 scalar diagnostics {'step': 154, 'time': 16.094009178599666, 'dt': 0.10635518290891108, 'total_energy': 5.458729024369225}
2026-06-08T21:13:45+12:00 scalar diagnostics {'step': 156, 'time': 16.3055092759056, 'dt': 0.10600958757473956, 'total_energy': 5.582060425532491}
2026-06-08T21:13:45+12:00 scalar diagnostics {'step': 158, 'time': 16.521373307447266, 'dt': 0.10803628876823339, 'total_energy': 5.7121822392944965}
2026-06-08T21:13:45+12:00 scalar diagnostics {'step': 161, 'time': 16.86554574222047, 'dt': 0.11884251124219453, 'total_energy': 5.929222148302923}
2026-06-08T21:13:45+12:00 scalar diagnostics {'step': 163, 'time': 17.1122179333144, 'dt': 0.12310376936529661, 'total_energy': 6.087488959880702}
2026-06-08T21:13:45+12:00 scalar diagnostics {'step': 165, 'time': 17.34049371820577, 'dt': 0.11010503573071737, 'total_energy': 6.236041995516965}
2026-06-08T21:13:45+12:00 scalar diagnostics {'step': 167, 'time': 17.54781237270882, 'dt': 0.10225184991963289, 'total_energy': 6.3736901599696765}
2026-06-08T21:13:45+12:00 scalar diagnostics {'step': 169, 'time': 17.750833997660553, 'dt': 0.10179308739655964, 'total_energy': 6.508613752632442}
2026-06-08T21:13:45+12:00 scalar diagnostics {'step': 172, 'time': 18.039023603639038, 'dt': 0.09333154577405207, 'total_energy': 6.693171007414687}
2026-06-08T21:13:45+12:00 scalar diagnostics {'step': 175, 'time': 18.3115020629813, 'dt': 0.08988787178907437, 'total_energy': 6.860714454965618}
2026-06-08T21:13:45+12:00 scalar diagnostics {'step': 178, 'time': 18.588972670337117, 'dt': 0.09502576005340851, 'total_energy': 7.033543454044483}
2026-06-08T21:13:45+12:00 scalar diagnostics {'step': 180, 'time': 18.790233561190387, 'dt': 0.10201117201719857, 'total_energy': 7.162905633831688}
2026-06-08T21:13:45+12:00 scalar diagnostics {'step': 183, 'time': 19.11013062382153, 'dt': 0.1103814420774931, 'total_energy': 7.372246348924213}
2026-06-08T21:13:45+12:00 scalar diagnostics {'step': 185, 'time': 19.335867042884367, 'dt': 0.1111689357438333, 'total_energy': 7.519446624414467}
2026-06-08T21:13:46+12:00 scalar diagnostics {'step': 187, 'time': 19.549403494289734, 'dt': 0.10545858854434285, 'total_energy': 7.655249266867987}
2026-06-08T21:13:46+12:00 scalar diagnostics {'step': 189, 'time': 19.753537642533495, 'dt': 0.10075005899144844, 'total_energy': 7.781121451017242}
2026-06-08T21:13:46+12:00 scalar diagnostics {'step': 192, 'time': 20.044412463653874, 'dt': 0.09589868598803908, 'total_energy': 7.957875553217825}
2026-06-08T21:13:46+12:00 scalar diagnostics {'step': 195, 'time': 20.335537381883736, 'dt': 0.098371258864439, 'total_energy': 8.13906535507913}
2026-06-08T21:13:46+12:00 scalar diagnostics {'step': 197, 'time': 20.539288964940727, 'dt': 0.10319113549007933, 'total_energy': 8.269302195941982}
2026-06-08T21:13:46+12:00 progress {'step': 200, 'time': 20.854453079192794, 'dt': 0.10552292951766877}
2026-06-08T21:13:46+12:00 scalar diagnostics {'step': 200, 'time': 20.854453079192794, 'dt': 0.10552292951766877, 'total_energy': 8.477321925080606}
2026-06-08T21:13:46+12:00 scalar diagnostics {'step': 202, 'time': 21.065752179385406, 'dt': 0.10562747605966782, 'total_energy': 8.621910855411375}
2026-06-08T21:13:46+12:00 scalar diagnostics {'step': 204, 'time': 21.276562842883767, 'dt': 0.1053344543355721, 'total_energy': 8.770264436061575}
2026-06-08T21:13:46+12:00 scalar diagnostics {'step': 207, 'time': 21.588549563975192, 'dt': 0.10253978773591985, 'total_energy': 8.992570647472744}
2026-06-08T21:13:46+12:00 scalar diagnostics {'step': 209, 'time': 21.79171402262941, 'dt': 0.10152795822789723, 'total_energy': 9.139288143049605}
2026-06-08T21:13:46+12:00 scalar diagnostics {'step': 212, 'time': 22.104208769308073, 'dt': 0.1063321709866584, 'total_energy': 9.366821096595256}
2026-06-08T21:13:46+12:00 scalar diagnostics {'step': 214, 'time': 22.326679591629816, 'dt': 0.11300484006737246, 'total_energy': 9.52864112458302}
2026-06-08T21:13:46+12:00 scalar diagnostics {'step': 216, 'time': 22.562223068614692, 'dt': 0.11909259889294349, 'total_energy': 9.699848441861414}
2026-06-08T21:13:46+12:00 scalar diagnostics {'step': 218, 'time': 22.801603408810696, 'dt': 0.11921216300625866, 'total_energy': 9.876561590796372}
2026-06-08T21:13:46+12:00 scalar diagnostics {'step': 220, 'time': 23.030247912022006, 'dt': 0.11228566353016588, 'total_energy': 10.04827282372529}
2026-06-08T21:13:46+12:00 scalar diagnostics {'step': 223, 'time': 23.342030421199613, 'dt': 0.10025073915570945, 'total_energy': 10.27414696165992}
2026-06-08T21:13:46+12:00 scalar diagnostics {'step': 225, 'time': 23.535811803476484, 'dt': 0.09608947270960026, 'total_energy': 10.417107254337282}
2026-06-08T21:13:46+12:00 scalar diagnostics {'step': 228, 'time': 23.824327570169086, 'dt': 0.09721802729846468, 'total_energy': 10.642151523915075}
2026-06-08T21:13:46+12:00 scalar diagnostics {'step': 230, 'time': 24.02721747295769, 'dt': 0.10322526137097165, 'total_energy': 10.809012021020184}
2026-06-08T21:13:46+12:00 scalar diagnostics {'step': 233, 'time': 24.365214087353035, 'dt': 0.11816653087302234, 'total_energy': 11.068332191687453}
2026-06-08T21:13:46+12:00 scalar diagnostics {'step': 235, 'time': 24.60635160272925, 'dt': 0.12092341445880994, 'total_energy': 11.248236436852492}
2026-06-08T21:13:46+12:00 scalar diagnostics {'step': 237, 'time': 24.859650785848917, 'dt': 0.12539122069491968, 'total_energy': 11.432748384938016}
2026-06-08T21:13:46+12:00 scalar diagnostics {'step': 239, 'time': 25.093572871897305, 'dt': 0.11473201039427251, 'total_energy': 11.60141129735743}
2026-06-08T21:13:46+12:00 scalar diagnostics {'step': 241, 'time': 25.313972168164348, 'dt': 0.10906485582900442, 'total_energy': 11.746828563617495}
2026-06-08T21:13:46+12:00 scalar diagnostics {'step': 243, 'time': 25.52668252568547, 'dt': 0.10549242526350568, 'total_energy': 11.875185920403059}
2026-06-08T21:13:46+12:00 scalar diagnostics {'step': 246, 'time': 25.844478888146018, 'dt': 0.10679135037339509, 'total_energy': 12.071057047063634}
2026-06-08T21:13:46+12:00 scalar diagnostics {'step': 248, 'time': 26.061767855924924, 'dt': 0.10850155671206595, 'total_energy': 12.206965968279944}
2026-06-08T21:13:46+12:00 scalar diagnostics {'step': 250, 'time': 26.283460762138358, 'dt': 0.11179985616885728, 'total_energy': 12.347334555830003}
2026-06-08T21:13:46+12:00 scalar diagnostics {'step': 252, 'time': 26.52046530265616, 'dt': 0.12147530258622335, 'total_energy': 12.433304730340229}
2026-06-08T21:13:46+12:00 scalar diagnostics {'step': 254, 'time': 26.778288553771727, 'dt': 0.12860647741881862, 'total_energy': 12.525661466254741}
2026-06-08T21:13:46+12:00 scalar diagnostics {'step': 256, 'time': 27.017607469746842, 'dt': 0.11692843631766507, 'total_energy': 12.609644022908956}
2026-06-08T21:13:46+12:00 scalar diagnostics {'step': 259, 'time': 27.352856576951666, 'dt': 0.11109535073422758, 'total_energy': 12.728526625095782}
2026-06-08T21:13:46+12:00 scalar diagnostics {'step': 261, 'time': 27.57549843662368, 'dt': 0.11196830872302392, 'total_energy': 12.748881097222569}
2026-06-08T21:13:46+12:00 scalar diagnostics {'step': 263, 'time': 27.80842798621443, 'dt': 0.11700382034773248, 'total_energy': 12.710330631564226}
2026-06-08T21:13:46+12:00 scalar diagnostics {'step': 265, 'time': 28.0406843358539, 'dt': 0.11625769641930053, 'total_energy': 12.67597895373628}
2026-06-08T21:13:46+12:00 scalar diagnostics {'step': 267, 'time': 28.27774604410617, 'dt': 0.11951902486133247, 'total_energy': 12.644844081496412}
2026-06-08T21:13:46+12:00 scalar diagnostics {'step': 269, 'time': 28.51685697401075, 'dt': 0.11905348162520432, 'total_energy': 12.61427152624952}
2026-06-08T21:13:46+12:00 scalar diagnostics {'step': 271, 'time': 28.752898439681395, 'dt': 0.11618684566950396, 'total_energy': 12.49286022721148}
2026-06-08T21:13:46+12:00 scalar diagnostics {'step': 274, 'time': 29.06851533498008, 'dt': 0.10200917858443481, 'total_energy': 12.218351301733248}
2026-06-08T21:13:46+12:00 scalar diagnostics {'step': 276, 'time': 29.27289701038793, 'dt': 0.10288414073400096, 'total_energy': 12.05224851495743}
2026-06-08T21:13:46+12:00 scalar diagnostics {'step': 279, 'time': 29.59361011011197, 'dt': 0.10766489918605085, 'total_energy': 11.808693752681952}
2026-06-08T21:13:46+12:00 scalar diagnostics {'step': 281, 'time': 29.813280491713062, 'dt': 0.11068215043201068, 'total_energy': 11.563883732057658}
2026-06-08T21:13:46+12:00 scalar diagnostics {'step': 283, 'time': 30.037492656489828, 'dt': 0.11152927669743062, 'total_energy': 11.246969385555397}
2026-06-08T21:13:46+12:00 scalar diagnostics {'step': 285, 'time': 30.258513191435284, 'dt': 0.1103976441415594, 'total_energy': 10.958264292919413}
2026-06-08T21:13:46+12:00 scalar diagnostics {'step': 288, 'time': 30.596241171810647, 'dt': 0.11449665330911515, 'total_energy': 10.558624139678756}
2026-06-08T21:13:46+12:00 scalar diagnostics {'step': 290, 'time': 30.825612503867386, 'dt': 0.11459423106091672, 'total_energy': 10.30955027972794}
2026-06-08T21:13:46+12:00 scalar diagnostics {'step': 292, 'time': 31.05774215396419, 'dt': 0.11695906721227473, 'total_energy': 9.949108765288974}
2026-06-08T21:13:46+12:00 scalar diagnostics {'step': 294, 'time': 31.297432295522967, 'dt': 0.12019332268984259, 'total_energy': 9.612591418058518}
2026-06-08T21:13:46+12:00 scalar diagnostics {'step': 296, 'time': 31.55190161471306, 'dt': 0.13023398046441298, 'total_energy': 9.28987949834377}
2026-06-08T21:13:46+12:00 scalar diagnostics {'step': 298, 'time': 31.82564424310972, 'dt': 0.1385162873637347, 'total_energy': 8.975441173791221}
2026-06-08T21:13:46+12:00 progress {'step': 300, 'time': 32.098588461438545, 'dt': 0.1359263477482434}
2026-06-08T21:13:46+12:00 scalar diagnostics {'step': 300, 'time': 32.098588461438545, 'dt': 0.1359263477482434, 'total_energy': 8.691277434555651}
2026-06-08T21:13:46+12:00 scalar diagnostics {'step': 302, 'time': 32.37124600362539, 'dt': 0.13691809675432118, 'total_energy': 8.365154426207642}
2026-06-08T21:13:46+12:00 scalar diagnostics {'step': 303, 'time': 32.51073996709394, 'dt': 0.13949396346855492, 'total_energy': 8.212360882746227}
2026-06-08T21:13:46+12:00 scalar diagnostics {'step': 305, 'time': 32.76087084658704, 'dt': 0.12170210484370754, 'total_energy': 7.960536098810062}
2026-06-08T21:13:46+12:00 scalar diagnostics {'step': 308, 'time': 33.11763042518424, 'dt': 0.12024372068981992, 'total_energy': 7.643627327716892}
2026-06-08T21:13:46+12:00 scalar diagnostics {'step': 310, 'time': 33.37679203011749, 'dt': 0.13386733346695767, 'total_energy': 7.437339309667088}
2026-06-08T21:13:46+12:00 scalar diagnostics {'step': 311, 'time': 33.52222938126821, 'dt': 0.14543735115071946, 'total_energy': 7.319150704688722}
2026-06-08T21:13:46+12:00 scalar diagnostics {'step': 313, 'time': 33.8444892519242, 'dt': 0.1663379117949714, 'total_energy': 7.078797751264186}
2026-06-08T21:13:46+12:00 scalar diagnostics {'step': 314, 'time': 34.005683570984324, 'dt': 0.1611943190601202, 'total_energy': 6.9686035580909085}
2026-06-08T21:13:46+12:00 scalar diagnostics {'step': 316, 'time': 34.30673879784154, 'dt': 0.1451703925484023, 'total_energy': 6.7772050724239365}
2026-06-08T21:13:46+12:00 scalar diagnostics {'step': 318, 'time': 34.579876967955556, 'dt': 0.1350594265322686, 'total_energy': 6.6170796658371795}
2026-06-08T21:13:46+12:00 scalar diagnostics {'step': 320, 'time': 34.85608400023617, 'dt': 0.14038822625408412, 'total_energy': 6.464890568575744}
2026-06-08T21:13:46+12:00 scalar diagnostics {'step': 321, 'time': 35.005246694412136, 'dt': 0.14916269417596373, 'total_energy': 6.391652371373235}
2026-06-08T21:13:46+12:00 scalar diagnostics {'step': 323, 'time': 35.33950550873356, 'dt': 0.17287824860779702, 'total_energy': 6.237079485974261}
2026-06-08T21:13:46+12:00 scalar diagnostics {'step': 324, 'time': 35.50261144659909, 'dt': 0.16310593786553426, 'total_energy': 6.167918198538643}
2026-06-08T21:13:46+12:00 scalar diagnostics {'step': 326, 'time': 35.82850068087825, 'dt': 0.1646574931602003, 'total_energy': 6.039430476383581}
2026-06-08T21:13:46+12:00 scalar diagnostics {'step': 327, 'time': 36.0029799630416, 'dt': 0.17447928216334657, 'total_energy': 5.973278696201584}
2026-06-08T21:13:46+12:00 scalar diagnostics {'step': 329, 'time': 36.350762530717496, 'dt': 0.17025232671487978, 'total_energy': 5.844746450987028}
2026-06-08T21:13:46+12:00 scalar diagnostics {'step': 330, 'time': 36.52128395745727, 'dt': 0.17052142673977552, 'total_energy': 5.78383982252394}
2026-06-08T21:13:46+12:00 scalar diagnostics {'step': 332, 'time': 36.88452442566734, 'dt': 0.18866911617266213, 'total_energy': 5.6873927656162095}
2026-06-08T21:13:46+12:00 scalar diagnostics {'step': 333, 'time': 37.0808739665167, 'dt': 0.19634954084936207, 'total_energy': 5.637550516880708}
2026-06-08T21:13:46+12:00 scalar diagnostics {'step': 334, 'time': 37.27722350736606, 'dt': 0.19634954084936207, 'total_energy': 5.589949281942325}
2026-06-08T21:13:46+12:00 scalar diagnostics {'step': 336, 'time': 37.66992258906478, 'dt': 0.19634954084936207, 'total_energy': 5.50006668917504}
2026-06-08T21:13:46+12:00 scalar diagnostics {'step': 337, 'time': 37.866272129914144, 'dt': 0.19634954084936207, 'total_energy': 5.456616882044918}
2026-06-08T21:13:46+12:00 scalar diagnostics {'step': 338, 'time': 38.062621670763505, 'dt': 0.19634954084936207, 'total_energy': 5.4142135937326055}
2026-06-08T21:13:46+12:00 scalar diagnostics {'step': 339, 'time': 38.25897121161287, 'dt': 0.19634954084936207, 'total_energy': 5.3734212787600395}
2026-06-08T21:13:46+12:00 scalar diagnostics {'step': 341, 'time': 38.65167029331159, 'dt': 0.19634954084936207, 'total_energy': 5.314672080544528}
2026-06-08T21:13:46+12:00 scalar diagnostics {'step': 342, 'time': 38.84801983416095, 'dt': 0.19634954084936207, 'total_energy': 5.295677621132722}
2026-06-08T21:13:46+12:00 scalar diagnostics {'step': 343, 'time': 39.04436937501031, 'dt': 0.19634954084936207, 'total_energy': 5.276921625982318}
2026-06-08T21:13:46+12:00 scalar diagnostics {'step': 345, 'time': 39.42812873351579, 'dt': 0.18740981765611497, 'total_energy': 5.239264849881163}
2026-06-08T21:13:46+12:00 scalar diagnostics {'step': 346, 'time': 39.61332506520066, 'dt': 0.18519633168487176, 'total_energy': 5.220791574949223}
2026-06-08T21:13:46+12:00 scalar diagnostics {'step': 347, 'time': 39.800200799697365, 'dt': 0.18687573449670533, 'total_energy': 5.2024437842107485}
2026-06-08T21:13:46+12:00 scalar diagnostics {'step': 349, 'time': 40.16374305337535, 'dt': 0.18097816666993852, 'total_energy': 5.169408688763513}
2026-06-08T21:13:46+12:00 scalar diagnostics {'step': 350, 'time': 40.34373945336183, 'dt': 0.179996399986482, 'total_energy': 5.154782060615604}
2026-06-08T21:13:47+12:00 scalar diagnostics {'step': 351, 'time': 40.52507509844431, 'dt': 0.1813356450824873, 'total_energy': 5.153917394280858}
2026-06-08T21:13:47+12:00 scalar diagnostics {'step': 353, 'time': 40.898450825081625, 'dt': 0.18885184133439512, 'total_energy': 5.151097981517882}
2026-06-08T21:13:47+12:00 scalar diagnostics {'step': 354, 'time': 41.09131859477574, 'dt': 0.19286776969412042, 'total_energy': 5.148099484710061}
2026-06-08T21:13:47+12:00 scalar diagnostics {'step': 355, 'time': 41.28632029136026, 'dt': 0.1950016965845179, 'total_energy': 5.14394332683063}
2026-06-08T21:13:47+12:00 scalar diagnostics {'step': 357, 'time': 41.67167984895414, 'dt': 0.19168840080636784, 'total_energy': 5.1331779736955205}
2026-06-08T21:13:47+12:00 scalar diagnostics {'step': 358, 'time': 41.86120605827605, 'dt': 0.18952620932191042, 'total_energy': 5.127407086388806}
2026-06-08T21:13:47+12:00 scalar diagnostics {'step': 359, 'time': 42.04678811536613, 'dt': 0.1855820570900737, 'total_energy': 5.122124106917116}
2026-06-08T21:13:47+12:00 scalar diagnostics {'step': 361, 'time': 42.41866007714956, 'dt': 0.18732686275707677, 'total_energy': 5.123511667927545}
2026-06-08T21:13:47+12:00 scalar diagnostics {'step': 362, 'time': 42.60949465123891, 'dt': 0.1908345740893476, 'total_energy': 5.129748923408095}
2026-06-08T21:13:47+12:00 scalar diagnostics {'step': 363, 'time': 42.805091229557824, 'dt': 0.19559657831891505, 'total_energy': 5.135802582813748}
2026-06-08T21:13:47+12:00 scalar diagnostics {'step': 364, 'time': 43.001440770407186, 'dt': 0.19634954084936207, 'total_energy': 5.140986958279133}
2026-06-08T21:13:47+12:00 scalar diagnostics {'step': 366, 'time': 43.39413985210591, 'dt': 0.19634954084936207, 'total_energy': 5.146566622094283}
2026-06-08T21:13:47+12:00 scalar diagnostics {'step': 367, 'time': 43.59048939295527, 'dt': 0.19634954084936207, 'total_energy': 5.1473019256648165}
2026-06-08T21:13:47+12:00 scalar diagnostics {'step': 368, 'time': 43.78683893380463, 'dt': 0.19634954084936207, 'total_energy': 5.147800193872459}
2026-06-08T21:13:47+12:00 scalar diagnostics {'step': 370, 'time': 44.179538015503354, 'dt': 0.19634954084936207, 'total_energy': 5.150530450390213}
2026-06-08T21:13:47+12:00 scalar diagnostics {'step': 371, 'time': 44.375887556352716, 'dt': 0.19634954084936207, 'total_energy': 5.1613446418859485}
2026-06-08T21:13:47+12:00 scalar diagnostics {'step': 372, 'time': 44.57223709720208, 'dt': 0.19634954084936207, 'total_energy': 5.173172351482149}
2026-06-08T21:13:47+12:00 scalar diagnostics {'step': 373, 'time': 44.76858663805144, 'dt': 0.19634954084936207, 'total_energy': 5.185602627612246}
2026-06-08T21:13:47+12:00 scalar diagnostics {'step': 375, 'time': 45.13501426885204, 'dt': 0.17759544809844208, 'total_energy': 5.2075437210661315}
2026-06-08T21:13:47+12:00 scalar diagnostics {'step': 376, 'time': 45.30724535810615, 'dt': 0.17223108925411268, 'total_energy': 5.216704279213465}
2026-06-08T21:13:47+12:00 scalar diagnostics {'step': 378, 'time': 45.65998955833339, 'dt': 0.1797208294597482, 'total_energy': 5.235128823560321}
2026-06-08T21:13:47+12:00 scalar diagnostics {'step': 379, 'time': 45.85012029547114, 'dt': 0.19013073713774675, 'total_energy': 5.245859111187945}
2026-06-08T21:13:47+12:00 scalar diagnostics {'step': 380, 'time': 46.046469836320504, 'dt': 0.19634954084936207, 'total_energy': 5.257638033770589}
2026-06-08T21:13:47+12:00 scalar diagnostics {'step': 382, 'time': 46.43916891801923, 'dt': 0.19634954084936207, 'total_energy': 5.293689405662929}
2026-06-08T21:13:47+12:00 scalar diagnostics {'step': 383, 'time': 46.63551845886859, 'dt': 0.19634954084936207, 'total_energy': 5.31123135779985}
2026-06-08T21:13:47+12:00 scalar diagnostics {'step': 384, 'time': 46.83186799971795, 'dt': 0.19634954084936207, 'total_energy': 5.3282123111708515}
2026-06-08T21:13:47+12:00 scalar diagnostics {'step': 385, 'time': 47.02821754056731, 'dt': 0.19634954084936207, 'total_energy': 5.344887828926824}
2026-06-08T21:13:47+12:00 scalar diagnostics {'step': 387, 'time': 47.420916622266034, 'dt': 0.19634954084936207, 'total_energy': 5.379105117518586}
2026-06-08T21:13:47+12:00 scalar diagnostics {'step': 388, 'time': 47.617266163115396, 'dt': 0.19634954084936207, 'total_energy': 5.397306833114474}
2026-06-08T21:13:47+12:00 scalar diagnostics {'step': 389, 'time': 47.81361570396476, 'dt': 0.19634954084936207, 'total_energy': 5.416292009896479}
2026-06-08T21:13:47+12:00 scalar diagnostics {'step': 390, 'time': 48.00996524481412, 'dt': 0.19634954084936207, 'total_energy': 5.435653109085069}
2026-06-08T21:13:47+12:00 scalar diagnostics {'step': 392, 'time': 48.40266432651284, 'dt': 0.19634954084936207, 'total_energy': 5.481944802655427}
2026-06-08T21:13:47+12:00 scalar diagnostics {'step': 393, 'time': 48.5990138673622, 'dt': 0.19634954084936207, 'total_energy': 5.504555397876126}
2026-06-08T21:13:47+12:00 scalar diagnostics {'step': 394, 'time': 48.795363408211564, 'dt': 0.19634954084936207, 'total_energy': 5.527702674063937}
2026-06-08T21:13:47+12:00 scalar diagnostics {'step': 396, 'time': 49.18806248991029, 'dt': 0.19634954084936207, 'total_energy': 5.576136375826949}
2026-06-08T21:13:47+12:00 scalar diagnostics {'step': 397, 'time': 49.38441203075965, 'dt': 0.19634954084936207, 'total_energy': 5.600010204526325}
2026-06-08T21:13:47+12:00 scalar diagnostics {'step': 398, 'time': 49.58076157160901, 'dt': 0.19634954084936207, 'total_energy': 5.622868521027053}
2026-06-08T21:13:47+12:00 scalar diagnostics {'step': 399, 'time': 49.77711111245837, 'dt': 0.19634954084936207, 'total_energy': 5.64495760222186}
2026-06-08T21:13:47+12:00 progress {'step': 400, 'time': 49.97346065330773, 'dt': 0.19634954084936207}
2026-06-08T21:13:47+12:00 scalar diagnostics {'step': 401, 'time': 50.169810194157094, 'dt': 0.19634954084936207, 'total_energy': 5.692740773438265}
2026-06-08T21:13:47+12:00 scalar diagnostics {'step': 402, 'time': 50.366159735006455, 'dt': 0.19634954084936207, 'total_energy': 5.719557015036165}
2026-06-08T21:13:47+12:00 scalar diagnostics {'step': 403, 'time': 50.56250927585582, 'dt': 0.19634954084936207, 'total_energy': 5.747598651037169}
2026-06-08T21:13:47+12:00 scalar diagnostics {'step': 404, 'time': 50.75885881670518, 'dt': 0.19634954084936207, 'total_energy': 5.7767459751890335}
2026-06-08T21:13:47+12:00 scalar diagnostics {'step': 406, 'time': 51.1515578984039, 'dt': 0.19634954084936207, 'total_energy': 5.836256363211529}
2026-06-08T21:13:47+12:00 scalar diagnostics {'step': 407, 'time': 51.34790743925326, 'dt': 0.19634954084936207, 'total_energy': 5.86549936763371}
2026-06-08T21:13:47+12:00 scalar diagnostics {'step': 408, 'time': 51.544256980102624, 'dt': 0.19634954084936207, 'total_energy': 5.894265608172894}
2026-06-08T21:13:47+12:00 scalar diagnostics {'step': 410, 'time': 51.93695606180135, 'dt': 0.19634954084936207, 'total_energy': 5.952029959560439}
2026-06-08T21:13:47+12:00 scalar diagnostics {'step': 411, 'time': 52.13330560265071, 'dt': 0.19634954084936207, 'total_energy': 5.983855645035247}
2026-06-08T21:13:47+12:00 scalar diagnostics {'step': 412, 'time': 52.32965514350007, 'dt': 0.19634954084936207, 'total_energy': 6.015499828876399}
2026-06-08T21:13:47+12:00 scalar diagnostics {'step': 413, 'time': 52.52600468434943, 'dt': 0.19634954084936207, 'total_energy': 6.046505728359826}
2026-06-08T21:13:47+12:00 scalar diagnostics {'step': 415, 'time': 52.91868892038222, 'dt': 0.19633469518343427, 'total_energy': 6.106704475040365}
2026-06-08T21:13:47+12:00 scalar diagnostics {'step': 416, 'time': 53.114499992209126, 'dt': 0.1958110718269011, 'total_energy': 6.136233519042475}
2026-06-08T21:13:47+12:00 scalar diagnostics {'step': 417, 'time': 53.31084953305849, 'dt': 0.19634954084936207, 'total_energy': 6.165542301248196}
2026-06-08T21:13:47+12:00 scalar diagnostics {'step': 418, 'time': 53.50719907390785, 'dt': 0.19634954084936207, 'total_energy': 6.194614954092245}
2026-06-08T21:13:47+12:00 scalar diagnostics {'step': 420, 'time': 53.89989815560657, 'dt': 0.19634954084936207, 'total_energy': 6.253465589277081}
2026-06-08T21:13:47+12:00 scalar diagnostics {'step': 421, 'time': 54.09624769645593, 'dt': 0.19634954084936207, 'total_energy': 6.2855584652827545}
2026-06-08T21:13:47+12:00 scalar diagnostics {'step': 422, 'time': 54.292597237305294, 'dt': 0.19634954084936207, 'total_energy': 6.317756263358914}
2026-06-08T21:13:47+12:00 scalar diagnostics {'step': 424, 'time': 54.68529631900402, 'dt': 0.19634954084936207, 'total_energy': 6.380871429127709}
2026-06-08T21:13:47+12:00 scalar diagnostics {'step': 425, 'time': 54.88164585985338, 'dt': 0.19634954084936207, 'total_energy': 6.411495911046655}
2026-06-08T21:13:47+12:00 scalar diagnostics {'step': 426, 'time': 55.07799540070274, 'dt': 0.19634954084936207, 'total_energy': 6.441382451828018}
2026-06-08T21:13:47+12:00 scalar diagnostics {'step': 427, 'time': 55.2743449415521, 'dt': 0.19634954084936207, 'total_energy': 6.470353260966755}
2026-06-08T21:13:47+12:00 scalar diagnostics {'step': 429, 'time': 55.66540843759296, 'dt': 0.19471395519149792, 'total_energy': 6.525091111390125}
2026-06-08T21:13:47+12:00 scalar diagnostics {'step': 430, 'time': 55.86175797844232, 'dt': 0.19634954084936207, 'total_energy': 6.551630769187899}
2026-06-08T21:13:47+12:00 scalar diagnostics {'step': 431, 'time': 56.05810751929168, 'dt': 0.19634954084936207, 'total_energy': 6.579861014629774}
2026-06-08T21:13:47+12:00 scalar diagnostics {'step': 432, 'time': 56.25445706014104, 'dt': 0.19634954084936207, 'total_energy': 6.60888049626425}
2026-06-08T21:13:47+12:00 scalar diagnostics {'step': 434, 'time': 56.647156141839766, 'dt': 0.19634954084936207, 'total_energy': 6.670018890029903}
2026-06-08T21:13:47+12:00 scalar diagnostics {'step': 435, 'time': 56.84350568268913, 'dt': 0.19634954084936207, 'total_energy': 6.701635142505132}
2026-06-08T21:13:47+12:00 scalar diagnostics {'step': 436, 'time': 57.03985522353849, 'dt': 0.19634954084936207, 'total_energy': 6.733416083224763}
2026-06-08T21:13:47+12:00 scalar diagnostics {'step': 438, 'time': 57.43255430523721, 'dt': 0.19634954084936207, 'total_energy': 6.796197387792377}
2026-06-08T21:13:47+12:00 scalar diagnostics {'step': 439, 'time': 57.62890384608657, 'dt': 0.19634954084936207, 'total_energy': 6.8268856941581}
2026-06-08T21:13:47+12:00 scalar diagnostics {'step': 440, 'time': 57.82487435069204, 'dt': 0.19597050460547127, 'total_energy': 6.85717265447453}
2026-06-08T21:13:47+12:00 scalar diagnostics {'step': 441, 'time': 58.01603501288787, 'dt': 0.19116066219582387, 'total_energy': 6.88778350155867}
2026-06-08T21:13:47+12:00 scalar diagnostics {'step': 443, 'time': 58.40873409458659, 'dt': 0.19634954084936207, 'total_energy': 6.950415434481451}
2026-06-08T21:13:47+12:00 scalar diagnostics {'step': 444, 'time': 58.60508363543595, 'dt': 0.19634954084936207, 'total_energy': 6.981606792009307}
2026-06-08T21:13:47+12:00 scalar diagnostics {'step': 445, 'time': 58.801433176285315, 'dt': 0.19634954084936207, 'total_energy': 7.013131954101286}
2026-06-08T21:13:47+12:00 scalar diagnostics {'step': 447, 'time': 59.19413225798404, 'dt': 0.19634954084936207, 'total_energy': 7.079249025769847}
2026-06-08T21:13:47+12:00 scalar diagnostics {'step': 448, 'time': 59.3904817988334, 'dt': 0.19634954084936207, 'total_energy': 7.113990327925864}
2026-06-08T21:13:47+12:00 scalar diagnostics {'step': 449, 'time': 59.58683133968276, 'dt': 0.19634954084936207, 'total_energy': 7.1491446289967815}
2026-06-08T21:13:47+12:00 scalar diagnostics {'step': 450, 'time': 59.78318088053212, 'dt': 0.19634954084936207, 'total_energy': 7.183960939495449}
2026-06-08T21:13:47+12:00 scalar diagnostics {'step': 452, 'time': 60.175879962230844, 'dt': 0.19634954084936207, 'total_energy': 7.253245756759537}
2026-06-08T21:13:47+12:00 scalar diagnostics {'step': 453, 'time': 60.372229503080206, 'dt': 0.19634954084936207, 'total_energy': 7.2873348118512205}
2026-06-08T21:13:47+12:00 scalar diagnostics {'step': 454, 'time': 60.56857904392957, 'dt': 0.19634954084936207, 'total_energy': 7.321901875475827}
2026-06-08T21:13:47+12:00 scalar diagnostics {'step': 455, 'time': 60.76492858477893, 'dt': 0.19634954084936207, 'total_energy': 7.357367410810883}
2026-06-08T21:13:47+12:00 scalar diagnostics {'step': 457, 'time': 61.15762766647765, 'dt': 0.19634954084936207, 'total_energy': 7.430505328002675}
2026-06-08T21:13:47+12:00 scalar diagnostics {'step': 458, 'time': 61.35397720732701, 'dt': 0.19634954084936207, 'total_energy': 7.467239810325875}
2026-06-08T21:13:47+12:00 scalar diagnostics {'step': 459, 'time': 61.550326748176374, 'dt': 0.19634954084936207, 'total_energy': 7.503501747839877}
2026-06-08T21:13:47+12:00 scalar diagnostics {'step': 461, 'time': 61.9430258298751, 'dt': 0.19634954084936207, 'total_energy': 7.575521751298558}
2026-06-08T21:13:47+12:00 scalar diagnostics {'step': 462, 'time': 62.13937537072446, 'dt': 0.19634954084936207, 'total_energy': 7.612164688124487}
2026-06-08T21:13:47+12:00 scalar diagnostics {'step': 463, 'time': 62.33572491157382, 'dt': 0.19634954084936207, 'total_energy': 7.649615676534193}
2026-06-08T21:13:47+12:00 scalar diagnostics {'step': 464, 'time': 62.53207445242318, 'dt': 0.19634954084936207, 'total_energy': 7.687989104445487}
2026-06-08T21:13:47+12:00 scalar diagnostics {'step': 466, 'time': 62.924773534121904, 'dt': 0.19634954084936207, 'total_energy': 7.766410510719245}
2026-06-08T21:13:47+12:00 scalar diagnostics {'step': 467, 'time': 63.121123074971266, 'dt': 0.19634954084936207, 'total_energy': 7.805799313081678}
2026-06-08T21:13:47+12:00 scalar diagnostics {'step': 468, 'time': 63.31747261582063, 'dt': 0.19634954084936207, 'total_energy': 7.845074482830915}
2026-06-08T21:13:47+12:00 scalar diagnostics {'step': 469, 'time': 63.51382215666999, 'dt': 0.19634954084936207, 'total_energy': 7.8841935127445435}
2026-06-08T21:13:47+12:00 scalar diagnostics {'step': 471, 'time': 63.90652123836871, 'dt': 0.19634954084936207, 'total_energy': 7.962649993345261}
2026-06-08T21:13:47+12:00 scalar diagnostics {'step': 472, 'time': 64.10287077921808, 'dt': 0.19634954084936207, 'total_energy': 8.00205637836855}
2026-06-08T21:13:47+12:00 scalar diagnostics {'step': 473, 'time': 64.29922032006745, 'dt': 0.19634954084936207, 'total_energy': 8.041385095093311}
2026-06-08T21:13:47+12:00 scalar diagnostics {'step': 475, 'time': 64.69191940176619, 'dt': 0.19634954084936207, 'total_energy': 8.119594453752445}
2026-06-08T21:13:47+12:00 scalar diagnostics {'step': 476, 'time': 64.88826894261555, 'dt': 0.19634954084936207, 'total_energy': 8.158470254366655}
2026-06-08T21:13:47+12:00 scalar diagnostics {'step': 477, 'time': 65.08461848346492, 'dt': 0.19634954084936207, 'total_energy': 8.197501578172309}
2026-06-08T21:13:48+12:00 scalar diagnostics {'step': 478, 'time': 65.28096802431429, 'dt': 0.19634954084936207, 'total_energy': 8.237097576523428}
2026-06-08T21:13:48+12:00 scalar diagnostics {'step': 480, 'time': 65.67366710601303, 'dt': 0.19634954084936207, 'total_energy': 8.318389357582085}
2026-06-08T21:13:48+12:00 scalar diagnostics {'step': 481, 'time': 65.8700166468624, 'dt': 0.19634954084936207, 'total_energy': 8.359780933592159}
2026-06-08T21:13:48+12:00 scalar diagnostics {'step': 482, 'time': 66.06636618771176, 'dt': 0.19634954084936207, 'total_energy': 8.400428860399739}
2026-06-08T21:13:48+12:00 scalar diagnostics {'step': 483, 'time': 66.26271572856113, 'dt': 0.19634954084936207, 'total_energy': 8.439994881086411}
2026-06-08T21:13:48+12:00 scalar diagnostics {'step': 485, 'time': 66.65541481025987, 'dt': 0.19634954084936207, 'total_energy': 8.5162312506843}
2026-06-08T21:13:48+12:00 scalar diagnostics {'step': 486, 'time': 66.85176435110924, 'dt': 0.19634954084936207, 'total_energy': 8.553448506558128}
2026-06-08T21:13:48+12:00 scalar diagnostics {'step': 487, 'time': 67.04811389195861, 'dt': 0.19634954084936207, 'total_energy': 8.590464956336069}
2026-06-08T21:13:48+12:00 scalar diagnostics {'step': 489, 'time': 67.44081297365734, 'dt': 0.19634954084936207, 'total_energy': 8.664713439576431}
2026-06-08T21:13:48+12:00 scalar diagnostics {'step': 490, 'time': 67.63716251450671, 'dt': 0.19634954084936207, 'total_energy': 8.701983991348838}
2026-06-08T21:13:48+12:00 scalar diagnostics {'step': 491, 'time': 67.83351205535608, 'dt': 0.19634954084936207, 'total_energy': 8.739730531504833}
2026-06-08T21:13:48+12:00 scalar diagnostics {'step': 492, 'time': 68.02986159620545, 'dt': 0.19634954084936207, 'total_energy': 8.7774795256118}
2026-06-08T21:13:48+12:00 scalar diagnostics {'step': 494, 'time': 68.42256067790419, 'dt': 0.19634954084936207, 'total_energy': 8.853234915003739}
2026-06-08T21:13:48+12:00 scalar diagnostics {'step': 495, 'time': 68.61891021875356, 'dt': 0.19634954084936207, 'total_energy': 8.891079221350205}
2026-06-08T21:13:48+12:00 scalar diagnostics {'step': 496, 'time': 68.81525975960292, 'dt': 0.19634954084936207, 'total_energy': 8.92863858451261}
2026-06-08T21:13:48+12:00 scalar diagnostics {'step': 497, 'time': 69.01160930045229, 'dt': 0.19634954084936207, 'total_energy': 8.965884247715614}
2026-06-08T21:13:48+12:00 scalar diagnostics {'step': 499, 'time': 69.40430838215103, 'dt': 0.19634954084936207, 'total_energy': 9.040571283193568}
2026-06-08T21:13:48+12:00 progress {'step': 500, 'time': 69.6006579230004, 'dt': 0.19634954084936207}
2026-06-08T21:13:48+12:00 scalar diagnostics {'step': 500, 'time': 69.6006579230004, 'dt': 0.19634954084936207, 'total_energy': 9.078613650308675}
2026-06-08T21:13:48+12:00 scalar diagnostics {'step': 501, 'time': 69.79700746384977, 'dt': 0.19634954084936207, 'total_energy': 9.117480090995658}
2026-06-08T21:13:48+12:00 scalar diagnostics {'step': 503, 'time': 70.1897065455485, 'dt': 0.19634954084936207, 'total_energy': 9.194886666459524}
2026-06-08T21:13:48+12:00 scalar diagnostics {'step': 504, 'time': 70.38605608639787, 'dt': 0.19634954084936207, 'total_energy': 9.2330046921062}
2026-06-08T21:13:48+12:00 scalar diagnostics {'step': 505, 'time': 70.58240562724724, 'dt': 0.19634954084936207, 'total_energy': 9.270984924062972}
2026-06-08T21:13:48+12:00 scalar diagnostics {'step': 506, 'time': 70.77875516809661, 'dt': 0.19634954084936207, 'total_energy': 9.309287599505133}
2026-06-08T21:13:48+12:00 scalar diagnostics {'step': 508, 'time': 71.17145424979535, 'dt': 0.19634954084936207, 'total_energy': 9.388586728973266}
2026-06-08T21:13:48+12:00 scalar diagnostics {'step': 509, 'time': 71.36780379064471, 'dt': 0.19634954084936207, 'total_energy': 9.429977167268083}
2026-06-08T21:13:48+12:00 scalar diagnostics {'step': 510, 'time': 71.56415333149408, 'dt': 0.19634954084936207, 'total_energy': 9.472260939114737}
2026-06-08T21:13:48+12:00 scalar diagnostics {'step': 511, 'time': 71.76050287234345, 'dt': 0.19634954084936207, 'total_energy': 9.515234408090489}
2026-06-08T21:13:48+12:00 scalar diagnostics {'step': 513, 'time': 72.15320195404219, 'dt': 0.19634954084936207, 'total_energy': 9.600199339789985}
2026-06-08T21:13:48+12:00 scalar diagnostics {'step': 514, 'time': 72.34955149489156, 'dt': 0.19634954084936207, 'total_energy': 9.642041677035818}
2026-06-08T21:13:48+12:00 scalar diagnostics {'step': 515, 'time': 72.54590103574093, 'dt': 0.19634954084936207, 'total_energy': 9.683769273482593}
2026-06-08T21:13:48+12:00 scalar diagnostics {'step': 517, 'time': 72.93860011743966, 'dt': 0.19634954084936207, 'total_energy': 9.76731484895017}
2026-06-08T21:13:48+12:00 scalar diagnostics {'step': 518, 'time': 73.13494965828903, 'dt': 0.19634954084936207, 'total_energy': 9.808991356598977}
2026-06-08T21:13:48+12:00 scalar diagnostics {'step': 519, 'time': 73.3312991991384, 'dt': 0.19634954084936207, 'total_energy': 9.850584590505083}
2026-06-08T21:13:48+12:00 scalar diagnostics {'step': 520, 'time': 73.52764873998777, 'dt': 0.19634954084936207, 'total_energy': 9.892262753916302}
2026-06-08T21:13:48+12:00 scalar diagnostics {'step': 522, 'time': 73.9203478216865, 'dt': 0.19634954084936207, 'total_energy': 9.977338316260127}
2026-06-08T21:13:48+12:00 scalar diagnostics {'step': 523, 'time': 74.11669736253587, 'dt': 0.19634954084936207, 'total_energy': 10.020629258193221}
2026-06-08T21:13:48+12:00 scalar diagnostics {'step': 524, 'time': 74.31304690338524, 'dt': 0.19634954084936207, 'total_energy': 10.064405981026795}
2026-06-08T21:13:48+12:00 scalar diagnostics {'step': 525, 'time': 74.50939644423461, 'dt': 0.19634954084936207, 'total_energy': 10.108559797629272}
2026-06-08T21:13:48+12:00 scalar diagnostics {'step': 527, 'time': 74.90209552593335, 'dt': 0.19634954084936207, 'total_energy': 10.197258985774347}
2026-06-08T21:13:48+12:00 scalar diagnostics {'step': 528, 'time': 75.09844506678272, 'dt': 0.19634954084936207, 'total_energy': 10.241509448229825}
2026-06-08T21:13:48+12:00 scalar diagnostics {'step': 529, 'time': 75.29479460763208, 'dt': 0.19634954084936207, 'total_energy': 10.285769684364078}
2026-06-08T21:13:48+12:00 scalar diagnostics {'step': 531, 'time': 75.68749368933082, 'dt': 0.19634954084936207, 'total_energy': 10.375580211757747}
2026-06-08T21:13:48+12:00 scalar diagnostics {'step': 532, 'time': 75.88384323018019, 'dt': 0.19634954084936207, 'total_energy': 10.421269082997124}
2026-06-08T21:13:48+12:00 scalar diagnostics {'step': 533, 'time': 76.08019277102956, 'dt': 0.19634954084936207, 'total_energy': 10.467025220675186}
2026-06-08T21:13:48+12:00 scalar diagnostics {'step': 534, 'time': 76.27654231187893, 'dt': 0.19634954084936207, 'total_energy': 10.512429564152235}
2026-06-08T21:13:48+12:00 scalar diagnostics {'step': 536, 'time': 76.66924139357766, 'dt': 0.19634954084936207, 'total_energy': 10.601536546620649}
2026-06-08T21:13:48+12:00 scalar diagnostics {'step': 537, 'time': 76.86559093442703, 'dt': 0.19634954084936207, 'total_energy': 10.645682652111269}
2026-06-08T21:13:48+12:00 scalar diagnostics {'step': 538, 'time': 77.0619404752764, 'dt': 0.19634954084936207, 'total_energy': 10.690171602033633}
2026-06-08T21:13:48+12:00 scalar diagnostics {'step': 539, 'time': 77.25829001612577, 'dt': 0.19634954084936207, 'total_energy': 10.735420985335503}
2026-06-08T21:13:48+12:00 scalar diagnostics {'step': 541, 'time': 77.6509890978245, 'dt': 0.19634954084936207, 'total_energy': 10.828778447588324}
2026-06-08T21:13:48+12:00 scalar diagnostics {'step': 542, 'time': 77.84733863867388, 'dt': 0.19634954084936207, 'total_energy': 10.876223350649393}
2026-06-08T21:13:48+12:00 scalar diagnostics {'step': 543, 'time': 78.04368817952324, 'dt': 0.19634954084936207, 'total_energy': 10.923302524019608}
2026-06-08T21:13:48+12:00 scalar diagnostics {'step': 545, 'time': 78.43638726122198, 'dt': 0.19634954084936207, 'total_energy': 11.01449646816275}
2026-06-08T21:13:48+12:00 scalar diagnostics {'step': 546, 'time': 78.63273680207135, 'dt': 0.19634954084936207, 'total_energy': 11.058401226725989}
2026-06-08T21:13:48+12:00 scalar diagnostics {'step': 547, 'time': 78.82908634292072, 'dt': 0.19634954084936207, 'total_energy': 11.101414396885986}
2026-06-08T21:13:48+12:00 scalar diagnostics {'step': 548, 'time': 79.02543588377009, 'dt': 0.19634954084936207, 'total_energy': 11.143753937466663}
2026-06-08T21:13:48+12:00 scalar diagnostics {'step': 550, 'time': 79.41813496546882, 'dt': 0.19634954084936207, 'total_energy': 11.22705971776572}
2026-06-08T21:13:48+12:00 scalar diagnostics {'step': 551, 'time': 79.61448450631819, 'dt': 0.19634954084936207, 'total_energy': 11.26874054446835}
2026-06-08T21:13:48+12:00 scalar diagnostics {'step': 552, 'time': 79.81083404716756, 'dt': 0.19634954084936207, 'total_energy': 11.31075477959116}
2026-06-08T21:13:48+12:00 scalar diagnostics {'step': 553, 'time': 80.00718358801693, 'dt': 0.19634954084936207, 'total_energy': 11.35335990425176}
2026-06-08T21:13:48+12:00 scalar diagnostics {'step': 555, 'time': 80.39988266971567, 'dt': 0.19634954084936207, 'total_energy': 11.440043559903557}
2026-06-08T21:13:48+12:00 scalar diagnostics {'step': 556, 'time': 80.59623221056503, 'dt': 0.19634954084936207, 'total_energy': 11.48349930631105}
2026-06-08T21:13:48+12:00 scalar diagnostics {'step': 557, 'time': 80.7925817514144, 'dt': 0.19634954084936207, 'total_energy': 11.526637037405143}
2026-06-08T21:13:48+12:00 scalar diagnostics {'step': 559, 'time': 81.18528083311314, 'dt': 0.19634954084936207, 'total_energy': 11.611729165220616}
2026-06-08T21:13:48+12:00 scalar diagnostics {'step': 560, 'time': 81.38163037396251, 'dt': 0.19634954084936207, 'total_energy': 11.653978174832648}
2026-06-08T21:13:48+12:00 scalar diagnostics {'step': 561, 'time': 81.57797991481188, 'dt': 0.19634954084936207, 'total_energy': 11.696598053860157}
2026-06-08T21:13:48+12:00 scalar diagnostics {'step': 562, 'time': 81.77432945566125, 'dt': 0.19634954084936207, 'total_energy': 11.739605057709863}
2026-06-08T21:13:48+12:00 scalar diagnostics {'step': 564, 'time': 82.16702853735998, 'dt': 0.19634954084936207, 'total_energy': 11.826997997916667}
2026-06-08T21:13:48+12:00 scalar diagnostics {'step': 565, 'time': 82.36337807820935, 'dt': 0.19634954084936207, 'total_energy': 11.87124411068412}
2026-06-08T21:13:49+12:00 scalar diagnostics {'step': 566, 'time': 82.55972761905872, 'dt': 0.19634954084936207, 'total_energy': 11.915835962748286}
2026-06-08T21:13:49+12:00 scalar diagnostics {'step': 567, 'time': 82.75607715990809, 'dt': 0.19634954084936207, 'total_energy': 11.960902270607027}
2026-06-08T21:13:49+12:00 scalar diagnostics {'step': 569, 'time': 83.14877624160683, 'dt': 0.19634954084936207, 'total_energy': 12.052819888765768}
2026-06-08T21:13:49+12:00 scalar diagnostics {'step': 570, 'time': 83.3451257824562, 'dt': 0.19634954084936207, 'total_energy': 12.099425322898199}
2026-06-08T21:13:49+12:00 scalar diagnostics {'step': 571, 'time': 83.54147532330556, 'dt': 0.19634954084936207, 'total_energy': 12.146314997130993}
2026-06-08T21:13:49+12:00 scalar diagnostics {'step': 573, 'time': 83.9341744050043, 'dt': 0.19634954084936207, 'total_energy': 12.23994455379662}
2026-06-08T21:13:49+12:00 scalar diagnostics {'step': 574, 'time': 84.13052394585367, 'dt': 0.19634954084936207, 'total_energy': 12.286830956392999}
2026-06-08T21:13:49+12:00 scalar diagnostics {'step': 575, 'time': 84.32687348670304, 'dt': 0.19634954084936207, 'total_energy': 12.333825476596019}
2026-06-08T21:13:49+12:00 scalar diagnostics {'step': 576, 'time': 84.5232230275524, 'dt': 0.19634954084936207, 'total_energy': 12.380812283984149}
2026-06-08T21:13:49+12:00 scalar diagnostics {'step': 578, 'time': 84.91592210925114, 'dt': 0.19634954084936207, 'total_energy': 12.474059515537336}
2026-06-08T21:13:49+12:00 scalar diagnostics {'step': 579, 'time': 85.11227165010051, 'dt': 0.19634954084936207, 'total_energy': 12.52012920721502}
2026-06-08T21:13:49+12:00 scalar diagnostics {'step': 580, 'time': 85.30862119094988, 'dt': 0.19634954084936207, 'total_energy': 12.565912429557962}
2026-06-08T21:13:49+12:00 scalar diagnostics {'step': 581, 'time': 85.50497073179925, 'dt': 0.19634954084936207, 'total_energy': 12.611855526039196}
2026-06-08T21:13:49+12:00 scalar diagnostics {'step': 583, 'time': 85.89766981349798, 'dt': 0.19634954084936207, 'total_energy': 12.705252854032391}
2026-06-08T21:13:49+12:00 scalar diagnostics {'step': 584, 'time': 86.09401935434735, 'dt': 0.19634954084936207, 'total_energy': 12.753337925994199}
2026-06-08T21:13:49+12:00 scalar diagnostics {'step': 585, 'time': 86.29036889519672, 'dt': 0.19634954084936207, 'total_energy': 12.802322462993054}
2026-06-08T21:13:49+12:00 scalar diagnostics {'step': 587, 'time': 86.68306797689546, 'dt': 0.19634954084936207, 'total_energy': 12.90130923457906}
2026-06-08T21:13:49+12:00 scalar diagnostics {'step': 588, 'time': 86.87941751774483, 'dt': 0.19634954084936207, 'total_energy': 12.950434468078019}
2026-06-08T21:13:49+12:00 scalar diagnostics {'step': 589, 'time': 87.0757670585942, 'dt': 0.19634954084936207, 'total_energy': 12.999058252037766}
2026-06-08T21:13:49+12:00 scalar diagnostics {'step': 590, 'time': 87.27211659944356, 'dt': 0.19634954084936207, 'total_energy': 13.04729754376534}
2026-06-08T21:13:49+12:00 scalar diagnostics {'step': 592, 'time': 87.6648156811423, 'dt': 0.19634954084936207, 'total_energy': 13.144163980731962}
2026-06-08T21:13:49+12:00 scalar diagnostics {'step': 593, 'time': 87.86116522199167, 'dt': 0.19634954084936207, 'total_energy': 13.193242218526805}
2026-06-08T21:13:49+12:00 scalar diagnostics {'step': 594, 'time': 88.05751476284104, 'dt': 0.19634954084936207, 'total_energy': 13.242982498807923}
2026-06-08T21:13:49+12:00 scalar diagnostics {'step': 595, 'time': 88.2538643036904, 'dt': 0.19634954084936207, 'total_energy': 13.293338636484615}
2026-06-08T21:13:49+12:00 scalar diagnostics {'step': 597, 'time': 88.64656338538914, 'dt': 0.19634954084936207, 'total_energy': 13.395301009009145}
2026-06-08T21:13:49+12:00 scalar diagnostics {'step': 598, 'time': 88.84291292623851, 'dt': 0.19634954084936207, 'total_energy': 13.446735003374418}
2026-06-08T21:13:49+12:00 scalar diagnostics {'step': 599, 'time': 89.03926246708788, 'dt': 0.19634954084936207, 'total_energy': 13.498435511730438}
2026-06-08T21:13:49+12:00 progress {'step': 600, 'time': 89.23561200793725, 'dt': 0.19634954084936207}
2026-06-08T21:13:49+12:00 scalar diagnostics {'step': 601, 'time': 89.43196154878662, 'dt': 0.19634954084936207, 'total_energy': 13.601996131083801}
2026-06-08T21:13:49+12:00 scalar diagnostics {'step': 602, 'time': 89.62831108963599, 'dt': 0.19634954084936207, 'total_energy': 13.653064089143182}
2026-06-08T21:13:49+12:00 scalar diagnostics {'step': 603, 'time': 89.82466063048535, 'dt': 0.19634954084936207, 'total_energy': 13.70313127353366}
2026-06-08T21:13:49+12:00 scalar diagnostics {'step': 604, 'time': 90.02101017133472, 'dt': 0.19634954084936207, 'total_energy': 13.752149297418828}
2026-06-08T21:13:49+12:00 scalar diagnostics {'step': 606, 'time': 90.41370925303346, 'dt': 0.19634954084936207, 'total_energy': 13.848043454757171}
2026-06-08T21:13:49+12:00 scalar diagnostics {'step': 607, 'time': 90.61005879388283, 'dt': 0.19634954084936207, 'total_energy': 13.895583069849783}
2026-06-08T21:13:49+12:00 scalar diagnostics {'step': 608, 'time': 90.8064083347322, 'dt': 0.19634954084936207, 'total_energy': 13.943136108524191}
2026-06-08T21:13:49+12:00 scalar diagnostics {'step': 609, 'time': 91.00275787558157, 'dt': 0.19634954084936207, 'total_energy': 13.990731829026618}
2026-06-08T21:13:49+12:00 scalar diagnostics {'step': 611, 'time': 91.3954569572803, 'dt': 0.19634954084936207, 'total_energy': 14.085901149627595}
2026-06-08T21:13:49+12:00 scalar diagnostics {'step': 612, 'time': 91.59180649812967, 'dt': 0.19634954084936207, 'total_energy': 14.133333936944766}
2026-06-08T21:13:49+12:00 scalar diagnostics {'step': 613, 'time': 91.78815603897904, 'dt': 0.19634954084936207, 'total_energy': 14.180630382584283}
2026-06-08T21:13:49+12:00 scalar diagnostics {'step': 615, 'time': 92.18085512067778, 'dt': 0.19634954084936207, 'total_energy': 14.2751102079058}
2026-06-08T21:13:49+12:00 scalar diagnostics {'step': 616, 'time': 92.37720466152714, 'dt': 0.19634954084936207, 'total_energy': 14.32231726399083}
2026-06-08T21:13:49+12:00 scalar diagnostics {'step': 617, 'time': 92.57355420237651, 'dt': 0.19634954084936207, 'total_energy': 14.36941063024003}
2026-06-08T21:13:49+12:00 scalar diagnostics {'step': 618, 'time': 92.76990374322588, 'dt': 0.19634954084936207, 'total_energy': 14.416348152071004}
2026-06-08T21:13:49+12:00 scalar diagnostics {'step': 620, 'time': 93.16260282492462, 'dt': 0.19634954084936207, 'total_energy': 14.510158806853543}
2026-06-08T21:13:49+12:00 scalar diagnostics {'step': 621, 'time': 93.35895236577399, 'dt': 0.19634954084936207, 'total_energy': 14.557549746245122}
2026-06-08T21:13:49+12:00 scalar diagnostics {'step': 622, 'time': 93.55530190662336, 'dt': 0.19634954084936207, 'total_energy': 14.60531368705016}
2026-06-08T21:13:49+12:00 scalar diagnostics {'step': 623, 'time': 93.75165144747272, 'dt': 0.19634954084936207, 'total_energy': 14.653459132837405}
2026-06-08T21:13:49+12:00 scalar diagnostics {'step': 625, 'time': 94.14435052917146, 'dt': 0.19634954084936207, 'total_energy': 14.750928074526069}
2026-06-08T21:13:49+12:00 scalar diagnostics {'step': 626, 'time': 94.34070007002083, 'dt': 0.19634954084936207, 'total_energy': 14.800379124138301}
2026-06-08T21:13:49+12:00 scalar diagnostics {'step': 627, 'time': 94.5370496108702, 'dt': 0.19634954084936207, 'total_energy': 14.850380399608344}
2026-06-08T21:13:49+12:00 scalar diagnostics {'step': 629, 'time': 94.92974869256894, 'dt': 0.19634954084936207, 'total_energy': 14.951709017788621}
2026-06-08T21:13:49+12:00 scalar diagnostics {'step': 630, 'time': 95.1260982334183, 'dt': 0.19634954084936207, 'total_energy': 15.002652324632308}
2026-06-08T21:13:49+12:00 scalar diagnostics {'step': 631, 'time': 95.32244777426767, 'dt': 0.19634954084936207, 'total_energy': 15.053639021638528}
2026-06-08T21:13:49+12:00 scalar diagnostics {'step': 632, 'time': 95.51879731511704, 'dt': 0.19634954084936207, 'total_energy': 15.104348167251569}
2026-06-08T21:13:49+12:00 scalar diagnostics {'step': 634, 'time': 95.91149639681578, 'dt': 0.19634954084936207, 'total_energy': 15.204831207701872}
2026-06-08T21:13:49+12:00 scalar diagnostics {'step': 635, 'time': 96.10784593766515, 'dt': 0.19634954084936207, 'total_energy': 15.254868811124009}
2026-06-08T21:13:49+12:00 scalar diagnostics {'step': 636, 'time': 96.30419547851452, 'dt': 0.19634954084936207, 'total_energy': 15.305055067289217}
2026-06-08T21:13:49+12:00 scalar diagnostics {'step': 637, 'time': 96.50054501936388, 'dt': 0.19634954084936207, 'total_energy': 15.355537244940706}
2026-06-08T21:13:49+12:00 scalar diagnostics {'step': 639, 'time': 96.89324410106262, 'dt': 0.19634954084936207, 'total_energy': 15.457288296222377}
2026-06-08T21:13:49+12:00 scalar diagnostics {'step': 640, 'time': 97.08959364191199, 'dt': 0.19634954084936207, 'total_energy': 15.508291116127765}
2026-06-08T21:13:49+12:00 scalar diagnostics {'step': 641, 'time': 97.28594318276136, 'dt': 0.19634954084936207, 'total_energy': 15.559391933310252}
2026-06-08T21:13:49+12:00 scalar diagnostics {'step': 643, 'time': 97.6786422644601, 'dt': 0.19634954084936207, 'total_energy': 15.661550984379147}
2026-06-08T21:13:49+12:00 scalar diagnostics {'step': 644, 'time': 97.87499180530946, 'dt': 0.19634954084936207, 'total_energy': 15.712824846191532}
2026-06-08T21:13:49+12:00 scalar diagnostics {'step': 645, 'time': 98.07134134615883, 'dt': 0.19634954084936207, 'total_energy': 15.7643983330011}
2026-06-08T21:13:49+12:00 scalar diagnostics {'step': 646, 'time': 98.2676908870082, 'dt': 0.19634954084936207, 'total_energy': 15.81636649456349}
2026-06-08T21:13:49+12:00 scalar diagnostics {'step': 648, 'time': 98.66038996870694, 'dt': 0.19634954084936207, 'total_energy': 15.921568456523048}
2026-06-08T21:13:49+12:00 scalar diagnostics {'step': 649, 'time': 98.8567395095563, 'dt': 0.19634954084936207, 'total_energy': 15.974737397343546}
2026-06-08T21:13:49+12:00 scalar diagnostics {'step': 650, 'time': 99.05308905040567, 'dt': 0.19634954084936207, 'total_energy': 16.02826811863683}
2026-06-08T21:13:49+12:00 scalar diagnostics {'step': 652, 'time': 99.44578813210441, 'dt': 0.19634954084936207, 'total_energy': 16.136843686595004}
2026-06-08T21:13:49+12:00 scalar diagnostics {'step': 653, 'time': 99.64213767295378, 'dt': 0.19634954084936207, 'total_energy': 16.191646260744687}
2026-06-08T21:13:49+12:00 scalar diagnostics {'step': 654, 'time': 99.83848721380315, 'dt': 0.19634954084936207, 'total_energy': 16.246520805800113}
2026-06-08T21:13:49+12:00 scalar diagnostics {'step': 655, 'time': 100.03483675465252, 'dt': 0.19634954084936207, 'total_energy': 16.301206574555557}
2026-06-08T21:13:49+12:00 scalar diagnostics {'step': 657, 'time': 100.42753583635125, 'dt': 0.19634954084936207, 'total_energy': 16.40970700113208}
2026-06-08T21:13:49+12:00 scalar diagnostics {'step': 658, 'time': 100.62388537720062, 'dt': 0.19634954084936207, 'total_energy': 16.463843093211107}
2026-06-08T21:13:49+12:00 scalar diagnostics {'step': 659, 'time': 100.82023491804999, 'dt': 0.19634954084936207, 'total_energy': 16.518219050723403}
2026-06-08T21:13:49+12:00 scalar diagnostics {'step': 660, 'time': 101.01658445889936, 'dt': 0.19634954084936207, 'total_energy': 16.57293287490736}
2026-06-08T21:13:49+12:00 scalar diagnostics {'step': 662, 'time': 101.4092835405981, 'dt': 0.19634954084936207, 'total_energy': 16.683193643543383}
2026-06-08T21:13:49+12:00 scalar diagnostics {'step': 663, 'time': 101.60563308144746, 'dt': 0.19634954084936207, 'total_energy': 16.73809709173486}
2026-06-08T21:13:49+12:00 scalar diagnostics {'step': 664, 'time': 101.80198262229683, 'dt': 0.19634954084936207, 'total_energy': 16.792523644121758}
2026-06-08T21:13:49+12:00 scalar diagnostics {'step': 666, 'time': 102.19468170399557, 'dt': 0.19634954084936207, 'total_energy': 16.899596290135975}
2026-06-08T21:13:49+12:00 scalar diagnostics {'step': 667, 'time': 102.39103124484494, 'dt': 0.19634954084936207, 'total_energy': 16.952379889024115}
2026-06-08T21:13:49+12:00 scalar diagnostics {'step': 668, 'time': 102.58738078569431, 'dt': 0.19634954084936207, 'total_energy': 17.00482250942533}
2026-06-08T21:13:49+12:00 scalar diagnostics {'step': 669, 'time': 102.78373032654368, 'dt': 0.19634954084936207, 'total_energy': 17.056960925612245}
2026-06-08T21:13:50+12:00 scalar diagnostics {'step': 671, 'time': 103.17642940824241, 'dt': 0.19634954084936207, 'total_energy': 17.160275356943366}
2026-06-08T21:13:50+12:00 scalar diagnostics {'step': 672, 'time': 103.37277894909178, 'dt': 0.19634954084936207, 'total_energy': 17.211445194505178}
2026-06-08T21:13:50+12:00 scalar diagnostics {'step': 673, 'time': 103.56912848994115, 'dt': 0.19634954084936207, 'total_energy': 17.262408265846904}
2026-06-08T21:13:50+12:00 scalar diagnostics {'step': 674, 'time': 103.76547803079052, 'dt': 0.19634954084936207, 'total_energy': 17.313359526871146}
2026-06-08T21:13:50+12:00 scalar diagnostics {'step': 676, 'time': 104.15817711248926, 'dt': 0.19634954084936207, 'total_energy': 17.415762854537324}
2026-06-08T21:13:50+12:00 scalar diagnostics {'step': 677, 'time': 104.35452665333862, 'dt': 0.19634954084936207, 'total_energy': 17.467324224056483}
2026-06-08T21:13:50+12:00 scalar diagnostics {'step': 678, 'time': 104.55087619418799, 'dt': 0.19634954084936207, 'total_energy': 17.519154634342726}
2026-06-08T21:13:50+12:00 scalar diagnostics {'step': 680, 'time': 104.94357527588673, 'dt': 0.19634954084936207, 'total_energy': 17.623644930292755}
2026-06-08T21:13:50+12:00 scalar diagnostics {'step': 681, 'time': 105.1399248167361, 'dt': 0.19634954084936207, 'total_energy': 17.676388276871123}
2026-06-08T21:13:50+12:00 scalar diagnostics {'step': 682, 'time': 105.33627435758547, 'dt': 0.19634954084936207, 'total_energy': 17.729277421573368}
2026-06-08T21:13:50+12:00 scalar diagnostics {'step': 683, 'time': 105.53262389843484, 'dt': 0.19634954084936207, 'total_energy': 17.782237091621177}
2026-06-08T21:13:50+12:00 scalar diagnostics {'step': 685, 'time': 105.92532298013357, 'dt': 0.19634954084936207, 'total_energy': 17.88812111918463}
2026-06-08T21:13:50+12:00 scalar diagnostics {'step': 686, 'time': 106.12167252098294, 'dt': 0.19634954084936207, 'total_energy': 17.94099621314921}
2026-06-08T21:13:50+12:00 scalar diagnostics {'step': 687, 'time': 106.31802206183231, 'dt': 0.19634954084936207, 'total_energy': 17.993896817887}
2026-06-08T21:13:50+12:00 scalar diagnostics {'step': 688, 'time': 106.51437160268168, 'dt': 0.19634954084936207, 'total_energy': 18.046962350245693}
2026-06-08T21:13:50+12:00 scalar diagnostics {'step': 690, 'time': 106.90707068438041, 'dt': 0.19634954084936207, 'total_energy': 18.154141371304355}
2026-06-08T21:13:50+12:00 scalar diagnostics {'step': 691, 'time': 107.10342022522978, 'dt': 0.19634954084936207, 'total_energy': 18.208492524533735}
2026-06-08T21:13:50+12:00 scalar diagnostics {'step': 692, 'time': 107.29976976607915, 'dt': 0.19634954084936207, 'total_energy': 18.26318157584208}
2026-06-08T21:13:50+12:00 scalar diagnostics {'step': 694, 'time': 107.69246884777789, 'dt': 0.19634954084936207, 'total_energy': 18.37321154922565}
2026-06-08T21:13:50+12:00 scalar diagnostics {'step': 695, 'time': 107.88881838862726, 'dt': 0.19634954084936207, 'total_energy': 18.428379425425256}
2026-06-08T21:13:50+12:00 scalar diagnostics {'step': 696, 'time': 108.08516792947663, 'dt': 0.19634954084936207, 'total_energy': 18.48351015860947}
2026-06-08T21:13:50+12:00 scalar diagnostics {'step': 697, 'time': 108.281517470326, 'dt': 0.19634954084936207, 'total_energy': 18.538484062041345}
2026-06-08T21:13:50+12:00 scalar diagnostics {'step': 699, 'time': 108.67421655202473, 'dt': 0.19634954084936207, 'total_energy': 18.647671851557412}
2026-06-08T21:13:50+12:00 progress {'step': 700, 'time': 108.8705660928741, 'dt': 0.19634954084936207}
2026-06-08T21:13:50+12:00 scalar diagnostics {'step': 700, 'time': 108.8705660928741, 'dt': 0.19634954084936207, 'total_energy': 18.70192577357207}
2026-06-08T21:13:50+12:00 scalar diagnostics {'step': 701, 'time': 109.06691563372347, 'dt': 0.19634954084936207, 'total_energy': 18.75625187716551}
2026-06-08T21:13:50+12:00 scalar diagnostics {'step': 702, 'time': 109.26326517457284, 'dt': 0.19634954084936207, 'total_energy': 18.810695303593526}
2026-06-08T21:13:50+12:00 scalar diagnostics {'step': 704, 'time': 109.65596425627157, 'dt': 0.19634954084936207, 'total_energy': 18.920790748957785}
2026-06-08T21:13:50+12:00 scalar diagnostics {'step': 705, 'time': 109.85231379712094, 'dt': 0.19634954084936207, 'total_energy': 18.976757955437982}
2026-06-08T21:13:50+12:00 scalar diagnostics {'step': 706, 'time': 110.04866333797031, 'dt': 0.19634954084936207, 'total_energy': 19.033356247597986}
2026-06-08T21:13:50+12:00 scalar diagnostics {'step': 708, 'time': 110.44136241966905, 'dt': 0.19634954084936207, 'total_energy': 19.14780217871853}
2026-06-08T21:13:50+12:00 scalar diagnostics {'step': 709, 'time': 110.63771196051842, 'dt': 0.19634954084936207, 'total_energy': 19.205282250642668}
2026-06-08T21:13:50+12:00 scalar diagnostics {'step': 710, 'time': 110.83406150136778, 'dt': 0.19634954084936207, 'total_energy': 19.26280287805617}
2026-06-08T21:13:50+12:00 scalar diagnostics {'step': 711, 'time': 111.03041104221715, 'dt': 0.19634954084936207, 'total_energy': 19.3205112003127}
2026-06-08T21:13:50+12:00 scalar diagnostics {'step': 713, 'time': 111.42311012391589, 'dt': 0.19634954084936207, 'total_energy': 19.43617466735776}
2026-06-08T21:13:50+12:00 scalar diagnostics {'step': 714, 'time': 111.61945966476526, 'dt': 0.19634954084936207, 'total_energy': 19.494141557808785}
2026-06-08T21:13:50+12:00 scalar diagnostics {'step': 715, 'time': 111.81580920561463, 'dt': 0.19634954084936207, 'total_energy': 19.552183971272427}
2026-06-08T21:13:50+12:00 scalar diagnostics {'step': 716, 'time': 112.012158746464, 'dt': 0.19634954084936207, 'total_energy': 19.610309522500938}
2026-06-08T21:13:50+12:00 scalar diagnostics {'step': 718, 'time': 112.40485782816273, 'dt': 0.19634954084936207, 'total_energy': 19.727025191578356}
2026-06-08T21:13:50+12:00 scalar diagnostics {'step': 719, 'time': 112.6012073690121, 'dt': 0.19634954084936207, 'total_energy': 19.785776160692333}
2026-06-08T21:13:50+12:00 scalar diagnostics {'step': 720, 'time': 112.79755690986147, 'dt': 0.19634954084936207, 'total_energy': 19.84484015750683}
2026-06-08T21:13:50+12:00 scalar diagnostics {'step': 722, 'time': 113.1902559915602, 'dt': 0.19634954084936207, 'total_energy': 19.963694384338073}
2026-06-08T21:13:50+12:00 scalar diagnostics {'step': 723, 'time': 113.38660553240958, 'dt': 0.19634954084936207, 'total_energy': 20.02281902759875}
2026-06-08T21:13:50+12:00 scalar diagnostics {'step': 724, 'time': 113.58295507325894, 'dt': 0.19634954084936207, 'total_energy': 20.08138411849268}
2026-06-08T21:13:50+12:00 scalar diagnostics {'step': 725, 'time': 113.77930461410831, 'dt': 0.19634954084936207, 'total_energy': 20.139269845558875}
2026-06-08T21:13:50+12:00 scalar diagnostics {'step': 727, 'time': 114.17200369580705, 'dt': 0.19634954084936207, 'total_energy': 20.25328829357494}
2026-06-08T21:13:50+12:00 scalar diagnostics {'step': 728, 'time': 114.36835323665642, 'dt': 0.19634954084936207, 'total_energy': 20.309733336254478}
2026-06-08T21:13:50+12:00 scalar diagnostics {'step': 729, 'time': 114.56470277750579, 'dt': 0.19634954084936207, 'total_energy': 20.36596558712791}
2026-06-08T21:13:50+12:00 scalar diagnostics {'step': 730, 'time': 114.76105231835515, 'dt': 0.19634954084936207, 'total_energy': 20.422037400571003}
2026-06-08T21:13:50+12:00 scalar diagnostics {'step': 732, 'time': 115.15375140005389, 'dt': 0.19634954084936207, 'total_energy': 20.534120206137366}
2026-06-08T21:13:50+12:00 scalar diagnostics {'step': 733, 'time': 115.35010094090326, 'dt': 0.19634954084936207, 'total_energy': 20.59008665985045}
2026-06-08T21:13:50+12:00 scalar diagnostics {'step': 734, 'time': 115.54645048175263, 'dt': 0.19634954084936207, 'total_energy': 20.646090953906498}
2026-06-08T21:13:50+12:00 scalar diagnostics {'step': 736, 'time': 115.93914956345137, 'dt': 0.19634954084936207, 'total_energy': 20.758389570535456}
2026-06-08T21:13:50+12:00 scalar diagnostics {'step': 737, 'time': 116.13549910430073, 'dt': 0.19634954084936207, 'total_energy': 20.814673577362765}
2026-06-08T21:13:50+12:00 scalar diagnostics {'step': 738, 'time': 116.3318486451501, 'dt': 0.19634954084936207, 'total_energy': 20.870977621731186}
2026-06-08T21:13:50+12:00 scalar diagnostics {'step': 739, 'time': 116.52819818599947, 'dt': 0.19634954084936207, 'total_energy': 20.927240740675856}
2026-06-08T21:13:50+12:00 scalar diagnostics {'step': 741, 'time': 116.92089726769821, 'dt': 0.19634954084936207, 'total_energy': 21.039719220795263}
2026-06-08T21:13:50+12:00 scalar diagnostics {'step': 742, 'time': 117.11724680854758, 'dt': 0.19634954084936207, 'total_energy': 21.0959853471292}
2026-06-08T21:13:50+12:00 scalar diagnostics {'step': 743, 'time': 117.31359634939695, 'dt': 0.19634954084936207, 'total_energy': 21.15226723443017}
2026-06-08T21:13:50+12:00 scalar diagnostics {'step': 744, 'time': 117.50994589024631, 'dt': 0.19634954084936207, 'total_energy': 21.208596204784925}
2026-06-08T21:13:50+12:00 scalar diagnostics {'step': 746, 'time': 117.90264497194505, 'dt': 0.19634954084936207, 'total_energy': 21.32165382316981}
2026-06-08T21:13:50+12:00 scalar diagnostics {'step': 747, 'time': 118.09899451279442, 'dt': 0.19634954084936207, 'total_energy': 21.378603687108363}
2026-06-08T21:13:50+12:00 scalar diagnostics {'step': 748, 'time': 118.29534405364379, 'dt': 0.19634954084936207, 'total_energy': 21.435978226456246}
2026-06-08T21:13:50+12:00 scalar diagnostics {'step': 750, 'time': 118.68804313534253, 'dt': 0.19634954084936207, 'total_energy': 21.552055381232975}
2026-06-08T21:13:50+12:00 scalar diagnostics {'step': 751, 'time': 118.8843926761919, 'dt': 0.19634954084936207, 'total_energy': 21.610754019780117}
2026-06-08T21:13:50+12:00 scalar diagnostics {'step': 752, 'time': 119.08074221704126, 'dt': 0.19634954084936207, 'total_energy': 21.66963768183386}
2026-06-08T21:13:50+12:00 scalar diagnostics {'step': 753, 'time': 119.27709175789063, 'dt': 0.19634954084936207, 'total_energy': 21.728579961139136}
2026-06-08T21:13:50+12:00 scalar diagnostics {'step': 755, 'time': 119.66979083958937, 'dt': 0.19634954084936207, 'total_energy': 21.846192644395593}
2026-06-08T21:13:50+12:00 scalar diagnostics {'step': 756, 'time': 119.86614038043874, 'dt': 0.19634954084936207, 'total_energy': 21.90472011585751}
2026-06-08T21:13:50+12:00 scalar diagnostics {'step': 757, 'time': 120.0624899212881, 'dt': 0.19634954084936207, 'total_energy': 21.963055080139476}
2026-06-08T21:13:50+12:00 scalar diagnostics {'step': 758, 'time': 120.25883946213747, 'dt': 0.19634954084936207, 'total_energy': 22.021258009674867}
2026-06-08T21:13:50+12:00 scalar diagnostics {'step': 760, 'time': 120.65153854383621, 'dt': 0.19634954084936207, 'total_energy': 22.13764641135196}
2026-06-08T21:13:50+12:00 scalar diagnostics {'step': 761, 'time': 120.84788808468558, 'dt': 0.19634954084936207, 'total_energy': 22.196198954697792}
2026-06-08T21:13:50+12:00 scalar diagnostics {'step': 762, 'time': 121.04423762553495, 'dt': 0.19634954084936207, 'total_energy': 22.255052609372477}
2026-06-08T21:13:50+12:00 scalar diagnostics {'step': 764, 'time': 121.43693670723368, 'dt': 0.19634954084936207, 'total_energy': 22.37401125466947}
2026-06-08T21:13:50+12:00 scalar diagnostics {'step': 765, 'time': 121.63328624808305, 'dt': 0.19634954084936207, 'total_energy': 22.434145793823415}
2026-06-08T21:13:50+12:00 scalar diagnostics {'step': 766, 'time': 121.82963578893242, 'dt': 0.19634954084936207, 'total_energy': 22.494633189168866}
2026-06-08T21:13:50+12:00 scalar diagnostics {'step': 767, 'time': 122.02598532978179, 'dt': 0.19634954084936207, 'total_energy': 22.55536950517363}
2026-06-08T21:13:50+12:00 scalar diagnostics {'step': 769, 'time': 122.41868441148053, 'dt': 0.19634954084936207, 'total_energy': 22.677239916080005}
2026-06-08T21:13:50+12:00 scalar diagnostics {'step': 770, 'time': 122.6150339523299, 'dt': 0.19634954084936207, 'total_energy': 22.738297452660156}
2026-06-08T21:13:50+12:00 scalar diagnostics {'step': 771, 'time': 122.81138349317926, 'dt': 0.19634954084936207, 'total_energy': 22.79960862680025}
2026-06-08T21:13:50+12:00 scalar diagnostics {'step': 772, 'time': 123.00773303402863, 'dt': 0.19634954084936207, 'total_energy': 22.861088114808897}
2026-06-08T21:13:50+12:00 scalar diagnostics {'step': 774, 'time': 123.40043211572737, 'dt': 0.19634954084936207, 'total_energy': 22.98468014692788}
2026-06-08T21:13:50+12:00 scalar diagnostics {'step': 775, 'time': 123.59678165657674, 'dt': 0.19634954084936207, 'total_energy': 23.046722863027217}
2026-06-08T21:13:50+12:00 scalar diagnostics {'step': 776, 'time': 123.7931311974261, 'dt': 0.19634954084936207, 'total_energy': 23.108828275248463}
2026-06-08T21:13:50+12:00 scalar diagnostics {'step': 778, 'time': 124.18583027912484, 'dt': 0.19634954084936207, 'total_energy': 23.233133958282487}
2026-06-08T21:13:50+12:00 scalar diagnostics {'step': 779, 'time': 124.38217981997421, 'dt': 0.19634954084936207, 'total_energy': 23.295439233206615}
2026-06-08T21:13:50+12:00 scalar diagnostics {'step': 780, 'time': 124.57852936082358, 'dt': 0.19634954084936207, 'total_energy': 23.35793400302827}
2026-06-08T21:13:50+12:00 scalar diagnostics {'step': 781, 'time': 124.77487890167295, 'dt': 0.19634954084936207, 'total_energy': 23.42076021040491}
2026-06-08T21:13:51+12:00 scalar diagnostics {'step': 783, 'time': 125.16757798337169, 'dt': 0.19634954084936207, 'total_energy': 23.54660343934335}
2026-06-08T21:13:51+12:00 scalar diagnostics {'step': 784, 'time': 125.36392752422105, 'dt': 0.19634954084936207, 'total_energy': 23.609359744195793}
2026-06-08T21:13:51+12:00 scalar diagnostics {'step': 785, 'time': 125.56027706507042, 'dt': 0.19634954084936207, 'total_energy': 23.671858619590473}
2026-06-08T21:13:51+12:00 scalar diagnostics {'step': 786, 'time': 125.75662660591979, 'dt': 0.19634954084936207, 'total_energy': 23.734036142139942}
2026-06-08T21:13:51+12:00 scalar diagnostics {'step': 788, 'time': 126.14932568761853, 'dt': 0.19634954084936207, 'total_energy': 23.857308153232804}
2026-06-08T21:13:51+12:00 scalar diagnostics {'step': 789, 'time': 126.3456752284679, 'dt': 0.19634954084936207, 'total_energy': 23.918366815941752}
2026-06-08T21:13:51+12:00 scalar diagnostics {'step': 790, 'time': 126.54202476931727, 'dt': 0.19634954084936207, 'total_energy': 23.979024864253194}
2026-06-08T21:13:51+12:00 scalar diagnostics {'step': 792, 'time': 126.934723851016, 'dt': 0.19634954084936207, 'total_energy': 24.099556073994584}
2026-06-08T21:13:51+12:00 scalar diagnostics {'step': 793, 'time': 127.13107339186537, 'dt': 0.19634954084936207, 'total_energy': 24.159484290630786}
2026-06-08T21:13:51+12:00 scalar diagnostics {'step': 794, 'time': 127.32742293271474, 'dt': 0.19634954084936207, 'total_energy': 24.219388346408536}
2026-06-08T21:13:51+12:00 scalar diagnostics {'step': 795, 'time': 127.52377247356411, 'dt': 0.19634954084936207, 'total_energy': 24.279401590953597}
2026-06-08T21:13:51+12:00 scalar diagnostics {'step': 797, 'time': 127.91647155526285, 'dt': 0.19634954084936207, 'total_energy': 24.39994352186872}
2026-06-08T21:13:51+12:00 scalar diagnostics {'step': 798, 'time': 128.1128210961122, 'dt': 0.19634954084936207, 'total_energy': 24.460410635269625}
2026-06-08T21:13:51+12:00 scalar diagnostics {'step': 799, 'time': 128.30917063696157, 'dt': 0.19634954084936207, 'total_energy': 24.52093357089511}
2026-06-08T21:13:51+12:00 progress {'step': 800, 'time': 128.50552017781092, 'dt': 0.19634954084936207}
2026-06-08T21:13:51+12:00 scalar diagnostics {'step': 800, 'time': 128.50552017781092, 'dt': 0.19634954084936207, 'total_energy': 24.58147246253022}
2026-06-08T21:13:51+12:00 scalar diagnostics {'step': 802, 'time': 128.89821925950963, 'dt': 0.19634954084936207, 'total_energy': 24.702806215145145}
2026-06-08T21:13:51+12:00 scalar diagnostics {'step': 803, 'time': 129.09456880035899, 'dt': 0.19634954084936207, 'total_energy': 24.76343641574001}
2026-06-08T21:13:51+12:00 scalar diagnostics {'step': 804, 'time': 129.29091834120834, 'dt': 0.19634954084936207, 'total_energy': 24.824053670606084}
2026-06-08T21:13:51+12:00 scalar diagnostics {'step': 806, 'time': 129.68361742290705, 'dt': 0.19634954084936207, 'total_energy': 24.94539963070548}
2026-06-08T21:13:51+12:00 scalar diagnostics {'step': 807, 'time': 129.8799669637564, 'dt': 0.19634954084936207, 'total_energy': 25.006223112740592}
2026-06-08T21:13:51+12:00 scalar diagnostics {'step': 808, 'time': 130.07631650460576, 'dt': 0.19634954084936207, 'total_energy': 25.067204736701257}
2026-06-08T21:13:51+12:00 scalar diagnostics {'step': 809, 'time': 130.2726660454551, 'dt': 0.19634954084936207, 'total_energy': 25.128384456901735}
2026-06-08T21:13:51+12:00 scalar diagnostics {'step': 811, 'time': 130.66536512715382, 'dt': 0.19634954084936207, 'total_energy': 25.251651362681393}
2026-06-08T21:13:51+12:00 scalar diagnostics {'step': 812, 'time': 130.86171466800317, 'dt': 0.19634954084936207, 'total_energy': 25.31380982224944}
2026-06-08T21:13:51+12:00 scalar diagnostics {'step': 813, 'time': 131.05806420885253, 'dt': 0.19634954084936207, 'total_energy': 25.376287169710338}
2026-06-08T21:13:51+12:00 scalar diagnostics {'step': 814, 'time': 131.25441374970188, 'dt': 0.19634954084936207, 'total_energy': 25.439060197617398}
2026-06-08T21:13:51+12:00 scalar diagnostics {'step': 816, 'time': 131.6471128314006, 'dt': 0.19634954084936207, 'total_energy': 25.565206690394042}
2026-06-08T21:13:51+12:00 scalar diagnostics {'step': 817, 'time': 131.84346237224995, 'dt': 0.19634954084936207, 'total_energy': 25.628335928082127}
2026-06-08T21:13:51+12:00 scalar diagnostics {'step': 818, 'time': 132.0398119130993, 'dt': 0.19634954084936207, 'total_energy': 25.691306245710827}
2026-06-08T21:13:51+12:00 scalar diagnostics {'step': 820, 'time': 132.432510994798, 'dt': 0.19634954084936207, 'total_energy': 25.816406773220493}
2026-06-08T21:13:51+12:00 scalar diagnostics {'step': 821, 'time': 132.62886053564736, 'dt': 0.19634954084936207, 'total_energy': 25.87873082539308}
2026-06-08T21:13:51+12:00 scalar diagnostics {'step': 822, 'time': 132.82521007649672, 'dt': 0.19634954084936207, 'total_energy': 25.941000891251377}
2026-06-08T21:13:51+12:00 scalar diagnostics {'step': 823, 'time': 133.02155961734607, 'dt': 0.19634954084936207, 'total_energy': 26.00343320226795}
2026-06-08T21:13:51+12:00 scalar diagnostics {'step': 825, 'time': 133.41425869904478, 'dt': 0.19634954084936207, 'total_energy': 26.129587165423573}
2026-06-08T21:13:51+12:00 scalar diagnostics {'step': 826, 'time': 133.61060823989413, 'dt': 0.19634954084936207, 'total_energy': 26.193546243553797}
2026-06-08T21:13:51+12:00 scalar diagnostics {'step': 827, 'time': 133.8069577807435, 'dt': 0.19634954084936207, 'total_energy': 26.25808868436147}
2026-06-08T21:13:51+12:00 scalar diagnostics {'step': 828, 'time': 134.00330732159284, 'dt': 0.19634954084936207, 'total_energy': 26.32309092222383}
2026-06-08T21:13:51+12:00 scalar diagnostics {'step': 830, 'time': 134.39600640329155, 'dt': 0.19634954084936207, 'total_energy': 26.453759851546206}
2026-06-08T21:13:51+12:00 scalar diagnostics {'step': 831, 'time': 134.5923559441409, 'dt': 0.19634954084936207, 'total_energy': 26.519251784979677}
2026-06-08T21:13:51+12:00 scalar diagnostics {'step': 832, 'time': 134.78870548499026, 'dt': 0.19634954084936207, 'total_energy': 26.58462695743729}
2026-06-08T21:13:51+12:00 scalar diagnostics {'step': 834, 'time': 135.18140456668897, 'dt': 0.19634954084936207, 'total_energy': 26.7149982820174}
2026-06-08T21:13:51+12:00 scalar diagnostics {'step': 835, 'time': 135.37775410753832, 'dt': 0.19634954084936207, 'total_energy': 26.780112485943594}
2026-06-08T21:13:51+12:00 scalar diagnostics {'step': 836, 'time': 135.57410364838768, 'dt': 0.19634954084936207, 'total_energy': 26.845338933572272}
2026-06-08T21:13:51+12:00 scalar diagnostics {'step': 837, 'time': 135.77045318923703, 'dt': 0.19634954084936207, 'total_energy': 26.910833548725748}
2026-06-08T21:13:51+12:00 scalar diagnostics {'step': 839, 'time': 136.16315227093574, 'dt': 0.19634954084936207, 'total_energy': 27.043119676196312}
2026-06-08T21:13:51+12:00 scalar diagnostics {'step': 840, 'time': 136.3595018117851, 'dt': 0.19634954084936207, 'total_energy': 27.109963833459332}
2026-06-08T21:13:51+12:00 scalar diagnostics {'step': 841, 'time': 136.55585135263445, 'dt': 0.19634954084936207, 'total_energy': 27.177285946082627}
2026-06-08T21:13:51+12:00 scalar diagnostics {'step': 842, 'time': 136.7522008934838, 'dt': 0.19634954084936207, 'total_energy': 27.244733746525178}
2026-06-08T21:13:51+12:00 scalar diagnostics {'step': 844, 'time': 137.1448999751825, 'dt': 0.19634954084936207, 'total_energy': 27.37907210609491}
2026-06-08T21:13:51+12:00 scalar diagnostics {'step': 845, 'time': 137.34124951603187, 'dt': 0.19634954084936207, 'total_energy': 27.445617391253208}
2026-06-08T21:13:51+12:00 scalar diagnostics {'step': 846, 'time': 137.53759905688122, 'dt': 0.19634954084936207, 'total_energy': 27.511670171916382}
2026-06-08T21:13:51+12:00 scalar diagnostics {'step': 848, 'time': 137.93029813857993, 'dt': 0.19634954084936207, 'total_energy': 27.64251554602697}
2026-06-08T21:13:51+12:00 scalar diagnostics {'step': 849, 'time': 138.12664767942928, 'dt': 0.19634954084936207, 'total_energy': 27.70745018050569}
2026-06-08T21:13:51+12:00 scalar diagnostics {'step': 850, 'time': 138.32299722027864, 'dt': 0.19634954084936207, 'total_energy': 27.772122131806}
2026-06-08T21:13:51+12:00 scalar diagnostics {'step': 851, 'time': 138.519346761128, 'dt': 0.19634954084936207, 'total_energy': 27.836715369891635}
2026-06-08T21:13:51+12:00 scalar diagnostics {'step': 853, 'time': 138.9120458428267, 'dt': 0.19634954084936207, 'total_energy': 27.965521758778284}
2026-06-08T21:13:51+12:00 scalar diagnostics {'step': 854, 'time': 139.10839538367605, 'dt': 0.19634954084936207, 'total_energy': 28.029945648037604}
2026-06-08T21:13:51+12:00 scalar diagnostics {'step': 855, 'time': 139.3047449245254, 'dt': 0.19634954084936207, 'total_energy': 28.094513001265284}
2026-06-08T21:13:51+12:00 scalar diagnostics {'step': 856, 'time': 139.50109446537476, 'dt': 0.19634954084936207, 'total_energy': 28.159267710142757}
2026-06-08T21:13:51+12:00 scalar diagnostics {'step': 858, 'time': 139.89379354707347, 'dt': 0.19634954084936207, 'total_energy': 28.28922902192616}
2026-06-08T21:13:51+12:00 scalar diagnostics {'step': 859, 'time': 140.09014308792283, 'dt': 0.19634954084936207, 'total_energy': 28.354266960633613}
2026-06-08T21:13:51+12:00 scalar diagnostics {'step': 860, 'time': 140.28649262877218, 'dt': 0.19634954084936207, 'total_energy': 28.419192172087847}
2026-06-08T21:13:51+12:00 scalar diagnostics {'step': 862, 'time': 140.6791917104709, 'dt': 0.19634954084936207, 'total_energy': 28.54859775402564}
2026-06-08T21:13:51+12:00 scalar diagnostics {'step': 863, 'time': 140.87554125132024, 'dt': 0.19634954084936207, 'total_energy': 28.612842461423874}
2026-06-08T21:13:51+12:00 scalar diagnostics {'step': 864, 'time': 141.0718907921696, 'dt': 0.19634954084936207, 'total_energy': 28.676835622243075}
2026-06-08T21:13:51+12:00 scalar diagnostics {'step': 865, 'time': 141.26824033301895, 'dt': 0.19634954084936207, 'total_energy': 28.740719774858135}
2026-06-08T21:13:51+12:00 scalar diagnostics {'step': 867, 'time': 141.66093941471766, 'dt': 0.19634954084936207, 'total_energy': 28.869041319450563}
2026-06-08T21:13:51+12:00 scalar diagnostics {'step': 868, 'time': 141.85728895556701, 'dt': 0.19634954084936207, 'total_energy': 28.93393180679588}
2026-06-08T21:13:51+12:00 scalar diagnostics {'step': 869, 'time': 142.05363849641637, 'dt': 0.19634954084936207, 'total_energy': 28.999492688383615}
2026-06-08T21:13:51+12:00 scalar diagnostics {'step': 871, 'time': 142.44633757811508, 'dt': 0.19634954084936207, 'total_energy': 29.132552765461305}
2026-06-08T21:13:51+12:00 scalar diagnostics {'step': 872, 'time': 142.64268711896443, 'dt': 0.19634954084936207, 'total_energy': 29.19966449215366}
2026-06-08T21:13:51+12:00 scalar diagnostics {'step': 873, 'time': 142.8390366598138, 'dt': 0.19634954084936207, 'total_energy': 29.266782414957472}
2026-06-08T21:13:51+12:00 scalar diagnostics {'step': 874, 'time': 143.03538620066314, 'dt': 0.19634954084936207, 'total_energy': 29.333689961651213}
2026-06-08T21:13:51+12:00 scalar diagnostics {'step': 876, 'time': 143.42808528236185, 'dt': 0.19634954084936207, 'total_energy': 29.4663935677401}
2026-06-08T21:13:51+12:00 scalar diagnostics {'step': 877, 'time': 143.6244348232112, 'dt': 0.19634954084936207, 'total_energy': 29.532174026238433}
2026-06-08T21:13:51+12:00 scalar diagnostics {'step': 878, 'time': 143.82078436406056, 'dt': 0.19634954084936207, 'total_energy': 29.59770467051179}
2026-06-08T21:13:51+12:00 scalar diagnostics {'step': 879, 'time': 144.0171339049099, 'dt': 0.19634954084936207, 'total_energy': 29.66316437807567}
2026-06-08T21:13:51+12:00 scalar diagnostics {'step': 881, 'time': 144.40983298660862, 'dt': 0.19634954084936207, 'total_energy': 29.794831903263372}
2026-06-08T21:13:51+12:00 scalar diagnostics {'step': 882, 'time': 144.60618252745797, 'dt': 0.19634954084936207, 'total_energy': 29.86138422056674}
2026-06-08T21:13:51+12:00 scalar diagnostics {'step': 883, 'time': 144.80253206830733, 'dt': 0.19634954084936207, 'total_energy': 29.928489870208843}
2026-06-08T21:13:52+12:00 scalar diagnostics {'step': 885, 'time': 145.19523115000604, 'dt': 0.19634954084936207, 'total_energy': 30.064231076400233}
2026-06-08T21:13:52+12:00 scalar diagnostics {'step': 886, 'time': 145.3915806908554, 'dt': 0.19634954084936207, 'total_energy': 30.13263551988461}
2026-06-08T21:13:52+12:00 scalar diagnostics {'step': 887, 'time': 145.58793023170475, 'dt': 0.19634954084936207, 'total_energy': 30.20119837240293}
2026-06-08T21:13:52+12:00 scalar diagnostics {'step': 888, 'time': 145.7842797725541, 'dt': 0.19634954084936207, 'total_energy': 30.269798317009602}
2026-06-08T21:13:52+12:00 scalar diagnostics {'step': 890, 'time': 146.1769788542528, 'dt': 0.19634954084936207, 'total_energy': 30.406902146689305}
2026-06-08T21:13:52+12:00 scalar diagnostics {'step': 891, 'time': 146.37332839510216, 'dt': 0.19634954084936207, 'total_energy': 30.47557820482465}
2026-06-08T21:13:52+12:00 scalar diagnostics {'step': 892, 'time': 146.56967793595152, 'dt': 0.19634954084936207, 'total_energy': 30.544310501412134}
2026-06-08T21:13:52+12:00 scalar diagnostics {'step': 893, 'time': 146.76602747680087, 'dt': 0.19634954084936207, 'total_energy': 30.613154939578937}
2026-06-08T21:13:52+12:00 scalar diagnostics {'step': 895, 'time': 147.15872655849958, 'dt': 0.19634954084936207, 'total_energy': 30.751342541261323}
2026-06-08T21:13:52+12:00 scalar diagnostics {'step': 896, 'time': 147.35507609934893, 'dt': 0.19634954084936207, 'total_energy': 30.82074624634196}
2026-06-08T21:13:52+12:00 scalar diagnostics {'step': 897, 'time': 147.5514256401983, 'dt': 0.19634954084936207, 'total_energy': 30.890403019349982}
2026-06-08T21:13:52+12:00 scalar diagnostics {'step': 899, 'time': 147.944124721897, 'dt': 0.19634954084936207, 'total_energy': 31.03064548435607}
2026-06-08T21:13:52+12:00 progress {'step': 900, 'time': 148.14047426274635, 'dt': 0.19634954084936207}
2026-06-08T21:13:52+12:00 scalar diagnostics {'step': 900, 'time': 148.14047426274635, 'dt': 0.19634954084936207, 'total_energy': 31.10125897886897}
2026-06-08T21:13:52+12:00 scalar diagnostics {'step': 901, 'time': 148.3368238035957, 'dt': 0.19634954084936207, 'total_energy': 31.172263544440337}
2026-06-08T21:13:52+12:00 scalar diagnostics {'step': 902, 'time': 148.53317334444506, 'dt': 0.19634954084936207, 'total_energy': 31.243362789068257}
2026-06-08T21:13:52+12:00 scalar diagnostics {'step': 904, 'time': 148.92587242614377, 'dt': 0.19634954084936207, 'total_energy': 31.385071915267424}
2026-06-08T21:13:52+12:00 scalar diagnostics {'step': 905, 'time': 149.12222196699312, 'dt': 0.19634954084936207, 'total_energy': 31.455373972637695}
2026-06-08T21:13:52+12:00 scalar diagnostics {'step': 906, 'time': 149.31857150784248, 'dt': 0.19634954084936207, 'total_energy': 31.52522704643895}
2026-06-08T21:13:52+12:00 scalar diagnostics {'step': 907, 'time': 149.51492104869183, 'dt': 0.19634954084936207, 'total_energy': 31.59466458812368}
2026-06-08T21:13:52+12:00 scalar diagnostics {'step': 909, 'time': 149.90762013039054, 'dt': 0.19634954084936207, 'total_energy': 31.7326289361214}
2026-06-08T21:13:52+12:00 scalar diagnostics {'step': 910, 'time': 150.1039696712399, 'dt': 0.19634954084936207, 'total_energy': 31.80136252971932}
2026-06-08T21:13:52+12:00 scalar diagnostics {'step': 911, 'time': 150.30031921208925, 'dt': 0.19634954084936207, 'total_energy': 31.8702204843385}
2026-06-08T21:13:52+12:00 scalar diagnostics {'step': 913, 'time': 150.69301829378796, 'dt': 0.19634954084936207, 'total_energy': 32.00826622137855}
2026-06-08T21:13:52+12:00 scalar diagnostics {'step': 914, 'time': 150.8893678346373, 'dt': 0.19634954084936207, 'total_energy': 32.0775517361415}
2026-06-08T21:13:52+12:00 scalar diagnostics {'step': 915, 'time': 151.08571737548667, 'dt': 0.19634954084936207, 'total_energy': 32.1469683741748}
2026-06-08T21:13:52+12:00 scalar diagnostics {'step': 916, 'time': 151.28206691633602, 'dt': 0.19634954084936207, 'total_energy': 32.21639781694647}
2026-06-08T21:13:52+12:00 scalar diagnostics {'step': 918, 'time': 151.67476599803473, 'dt': 0.19634954084936207, 'total_energy': 32.35471788788833}
2026-06-08T21:13:52+12:00 scalar diagnostics {'step': 919, 'time': 151.87111553888408, 'dt': 0.19634954084936207, 'total_energy': 32.42342718097556}
2026-06-08T21:13:52+12:00 scalar diagnostics {'step': 920, 'time': 152.06746507973344, 'dt': 0.19634954084936207, 'total_energy': 32.4918572687644}
2026-06-08T21:13:52+12:00 scalar diagnostics {'step': 921, 'time': 152.2638146205828, 'dt': 0.19634954084936207, 'total_energy': 32.560266357815046}
2026-06-08T21:13:52+12:00 scalar diagnostics {'step': 923, 'time': 152.6565137022815, 'dt': 0.19634954084936207, 'total_energy': 32.69715128190652}
2026-06-08T21:13:52+12:00 scalar diagnostics {'step': 924, 'time': 152.85286324313086, 'dt': 0.19634954084936207, 'total_energy': 32.76583559439954}
2026-06-08T21:13:52+12:00 scalar diagnostics {'step': 925, 'time': 153.0492127839802, 'dt': 0.19634954084936207, 'total_energy': 32.83474215414809}
2026-06-08T21:13:52+12:00 scalar diagnostics {'step': 927, 'time': 153.44191186567892, 'dt': 0.19634954084936207, 'total_energy': 32.97317936701846}
2026-06-08T21:13:52+12:00 scalar diagnostics {'step': 928, 'time': 153.63826140652827, 'dt': 0.19634954084936207, 'total_energy': 33.04262785155871}
2026-06-08T21:13:52+12:00 scalar diagnostics {'step': 929, 'time': 153.83461094737763, 'dt': 0.19634954084936207, 'total_energy': 33.11214828550381}
2026-06-08T21:13:52+12:00 scalar diagnostics {'step': 930, 'time': 154.03096048822698, 'dt': 0.19634954084936207, 'total_energy': 33.181676922808634}
2026-06-08T21:13:52+12:00 scalar diagnostics {'step': 932, 'time': 154.4236595699257, 'dt': 0.19634954084936207, 'total_energy': 33.32089714478815}
2026-06-08T21:13:52+12:00 scalar diagnostics {'step': 933, 'time': 154.62000911077504, 'dt': 0.19634954084936207, 'total_energy': 33.39045874322156}
2026-06-08T21:13:52+12:00 scalar diagnostics {'step': 934, 'time': 154.8163586516244, 'dt': 0.19634954084936207, 'total_energy': 33.46004812282245}
2026-06-08T21:13:52+12:00 scalar diagnostics {'step': 935, 'time': 155.01270819247375, 'dt': 0.19634954084936207, 'total_energy': 33.52972501157277}
2026-06-08T21:13:52+12:00 scalar diagnostics {'step': 937, 'time': 155.40540727417246, 'dt': 0.19634954084936207, 'total_energy': 33.66949940059908}
2026-06-08T21:13:52+12:00 scalar diagnostics {'step': 938, 'time': 155.60175681502182, 'dt': 0.19634954084936207, 'total_energy': 33.739607337770835}
2026-06-08T21:13:52+12:00 scalar diagnostics {'step': 939, 'time': 155.79810635587117, 'dt': 0.19634954084936207, 'total_energy': 33.80983878117071}
2026-06-08T21:13:52+12:00 scalar diagnostics {'step': 941, 'time': 156.19080543756988, 'dt': 0.19634954084936207, 'total_energy': 33.950800958211474}
2026-06-08T21:13:52+12:00 scalar diagnostics {'step': 942, 'time': 156.38715497841923, 'dt': 0.19634954084936207, 'total_energy': 34.02159507589411}
2026-06-08T21:13:52+12:00 scalar diagnostics {'step': 943, 'time': 156.5835045192686, 'dt': 0.19634954084936207, 'total_energy': 34.092621412548326}
2026-06-08T21:13:52+12:00 scalar diagnostics {'step': 944, 'time': 156.77985406011794, 'dt': 0.19634954084936207, 'total_energy': 34.163919458117924}
2026-06-08T21:13:52+12:00 scalar diagnostics {'step': 946, 'time': 157.17255314181665, 'dt': 0.19634954084936207, 'total_energy': 34.30730387429754}
2026-06-08T21:13:52+12:00 scalar diagnostics {'step': 947, 'time': 157.368902682666, 'dt': 0.19634954084936207, 'total_energy': 34.37929111026647}
2026-06-08T21:13:52+12:00 scalar diagnostics {'step': 948, 'time': 157.56525222351536, 'dt': 0.19634954084936207, 'total_energy': 34.45139095323154}
2026-06-08T21:13:52+12:00 scalar diagnostics {'step': 949, 'time': 157.7616017643647, 'dt': 0.19634954084936207, 'total_energy': 34.52356547329869}
2026-06-08T21:13:52+12:00 scalar diagnostics {'step': 951, 'time': 158.15430084606342, 'dt': 0.19634954084936207, 'total_energy': 34.6683347725441}
2026-06-08T21:13:52+12:00 scalar diagnostics {'step': 952, 'time': 158.35065038691278, 'dt': 0.19634954084936207, 'total_energy': 34.74103812176657}
2026-06-08T21:13:52+12:00 scalar diagnostics {'step': 953, 'time': 158.54699992776213, 'dt': 0.19634954084936207, 'total_energy': 34.81398309541121}
2026-06-08T21:13:52+12:00 scalar diagnostics {'step': 955, 'time': 158.93969900946084, 'dt': 0.19634954084936207, 'total_energy': 34.96063770437036}
2026-06-08T21:13:52+12:00 scalar diagnostics {'step': 956, 'time': 159.1360485503102, 'dt': 0.19634954084936207, 'total_energy': 35.03427628435912}
2026-06-08T21:13:52+12:00 scalar diagnostics {'step': 957, 'time': 159.33239809115955, 'dt': 0.19634954084936207, 'total_energy': 35.10804814908845}
2026-06-08T21:13:52+12:00 scalar diagnostics {'step': 958, 'time': 159.5287476320089, 'dt': 0.19634954084936207, 'total_energy': 35.181902241212256}
2026-06-08T21:13:52+12:00 scalar diagnostics {'step': 960, 'time': 159.9214467137076, 'dt': 0.19634954084936207, 'total_energy': 35.3296749598192}
2026-06-08T21:13:52+12:00 scalar diagnostics {'step': 961, 'time': 160.11779625455696, 'dt': 0.19634954084936207, 'total_energy': 35.40363309314147}
2026-06-08T21:13:52+12:00 scalar diagnostics {'step': 962, 'time': 160.31414579540632, 'dt': 0.19634954084936207, 'total_energy': 35.47747729400281}
2026-06-08T21:13:52+12:00 scalar diagnostics {'step': 963, 'time': 160.51049533625567, 'dt': 0.19634954084936207, 'total_energy': 35.55118485961462}
2026-06-08T21:13:52+12:00 scalar diagnostics {'step': 965, 'time': 160.90319441795438, 'dt': 0.19634954084936207, 'total_energy': 35.69833557165023}
2026-06-08T21:13:52+12:00 scalar diagnostics {'step': 966, 'time': 161.09954395880374, 'dt': 0.19634954084936207, 'total_energy': 35.77194459184393}
2026-06-08T21:13:52+12:00 scalar diagnostics {'step': 967, 'time': 161.2958934996531, 'dt': 0.19634954084936207, 'total_energy': 35.84567920791082}
2026-06-08T21:13:52+12:00 scalar diagnostics {'step': 969, 'time': 161.6885925813518, 'dt': 0.19634954084936207, 'total_energy': 35.993489663200776}
2026-06-08T21:13:52+12:00 scalar diagnostics {'step': 970, 'time': 161.88494212220115, 'dt': 0.19634954084936207, 'total_energy': 36.067380181212386}
2026-06-08T21:13:52+12:00 scalar diagnostics {'step': 971, 'time': 162.0812916630505, 'dt': 0.19634954084936207, 'total_energy': 36.14123825356078}
2026-06-08T21:13:52+12:00 scalar diagnostics {'step': 972, 'time': 162.27764120389986, 'dt': 0.19634954084936207, 'total_energy': 36.2148455428212}
2026-06-08T21:13:52+12:00 scalar diagnostics {'step': 974, 'time': 162.67034028559857, 'dt': 0.19634954084936207, 'total_energy': 36.361367652054625}
2026-06-08T21:13:52+12:00 scalar diagnostics {'step': 975, 'time': 162.86668982644792, 'dt': 0.19634954084936207, 'total_energy': 36.43444857609204}
2026-06-08T21:13:52+12:00 scalar diagnostics {'step': 976, 'time': 163.06303936729728, 'dt': 0.19634954084936207, 'total_energy': 36.50753621559034}
2026-06-08T21:13:52+12:00 scalar diagnostics {'step': 977, 'time': 163.25938890814663, 'dt': 0.19634954084936207, 'total_energy': 36.580690829913706}
2026-06-08T21:13:52+12:00 scalar diagnostics {'step': 979, 'time': 163.65208798984534, 'dt': 0.19634954084936207, 'total_energy': 36.72725003928763}
2026-06-08T21:13:52+12:00 scalar diagnostics {'step': 980, 'time': 163.8484375306947, 'dt': 0.19634954084936207, 'total_energy': 36.800604659005415}
2026-06-08T21:13:52+12:00 scalar diagnostics {'step': 981, 'time': 164.04478707154405, 'dt': 0.19634954084936207, 'total_energy': 36.874079994495354}
2026-06-08T21:13:52+12:00 scalar diagnostics {'step': 983, 'time': 164.43748615324276, 'dt': 0.19634954084936207, 'total_energy': 37.020668956473244}
2026-06-08T21:13:52+12:00 scalar diagnostics {'step': 984, 'time': 164.6338356940921, 'dt': 0.19634954084936207, 'total_energy': 37.093640453055045}
2026-06-08T21:13:52+12:00 scalar diagnostics {'step': 985, 'time': 164.83018523494147, 'dt': 0.19634954084936207, 'total_energy': 37.16635535876374}
2026-06-08T21:13:52+12:00 scalar diagnostics {'step': 986, 'time': 165.02653477579082, 'dt': 0.19634954084936207, 'total_energy': 37.238854087865704}
2026-06-08T21:13:52+12:00 scalar diagnostics {'step': 988, 'time': 165.41923385748953, 'dt': 0.19634954084936207, 'total_energy': 37.38363810831149}
2026-06-08T21:13:52+12:00 scalar diagnostics {'step': 989, 'time': 165.61558339833888, 'dt': 0.19634954084936207, 'total_energy': 37.45618987943259}
2026-06-08T21:13:52+12:00 scalar diagnostics {'step': 990, 'time': 165.81193293918824, 'dt': 0.19634954084936207, 'total_energy': 37.528981050654295}
2026-06-08T21:13:52+12:00 scalar diagnostics {'step': 991, 'time': 166.0082824800376, 'dt': 0.19634954084936207, 'total_energy': 37.602179129280145}
2026-06-08T21:13:52+12:00 scalar diagnostics {'step': 993, 'time': 166.4009815617363, 'dt': 0.19634954084936207, 'total_energy': 37.7492322288516}
2026-06-08T21:13:52+12:00 scalar diagnostics {'step': 994, 'time': 166.59733110258566, 'dt': 0.19634954084936207, 'total_energy': 37.82297263237138}
2026-06-08T21:13:52+12:00 scalar diagnostics {'step': 995, 'time': 166.793680643435, 'dt': 0.19634954084936207, 'total_energy': 37.89680116067431}
2026-06-08T21:13:52+12:00 scalar diagnostics {'step': 997, 'time': 167.18637972513372, 'dt': 0.19634954084936207, 'total_energy': 38.044681574208475}
2026-06-08T21:13:52+12:00 scalar diagnostics {'step': 998, 'time': 167.38272926598307, 'dt': 0.19634954084936207, 'total_energy': 38.118730733805705}
2026-06-08T21:13:53+12:00 scalar diagnostics {'step': 999, 'time': 167.57907880683243, 'dt': 0.19634954084936207, 'total_energy': 38.19284928910305}
2026-06-08T21:13:53+12:00 progress {'step': 1000, 'time': 167.77542834768178, 'dt': 0.19634954084936207}
2026-06-08T21:13:53+12:00 scalar diagnostics {'step': 1000, 'time': 167.77542834768178, 'dt': 0.19634954084936207, 'total_energy': 38.267040604635966}
2026-06-08T21:13:53+12:00 scalar diagnostics {'step': 1002, 'time': 168.1681274293805, 'dt': 0.19634954084936207, 'total_energy': 38.416028225948324}
2026-06-08T21:13:53+12:00 scalar diagnostics {'step': 1003, 'time': 168.36447697022984, 'dt': 0.19634954084936207, 'total_energy': 38.490793524503616}
2026-06-08T21:13:53+12:00 scalar diagnostics {'step': 1004, 'time': 168.5608265110792, 'dt': 0.19634954084936207, 'total_energy': 38.56582820820056}
2026-06-08T21:13:53+12:00 scalar diagnostics {'step': 1005, 'time': 168.75717605192855, 'dt': 0.19634954084936207, 'total_energy': 38.641183519955135}
2026-06-08T21:13:53+12:00 scalar diagnostics {'step': 1007, 'time': 169.14987513362726, 'dt': 0.19634954084936207, 'total_energy': 38.792894884129595}
2026-06-08T21:13:53+12:00 scalar diagnostics {'step': 1008, 'time': 169.34622467447662, 'dt': 0.19634954084936207, 'total_energy': 38.86918302605537}
2026-06-08T21:13:53+12:00 scalar diagnostics {'step': 1009, 'time': 169.54257421532597, 'dt': 0.19634954084936207, 'total_energy': 38.94567732903585}
2026-06-08T21:13:53+12:00 scalar diagnostics {'step': 1011, 'time': 169.93527329702468, 'dt': 0.19634954084936207, 'total_energy': 39.09915382111381}
2026-06-08T21:13:53+12:00 scalar diagnostics {'step': 1012, 'time': 170.13162283787403, 'dt': 0.19634954084936207, 'total_energy': 39.176009748952055}
2026-06-08T21:13:53+12:00 scalar diagnostics {'step': 1013, 'time': 170.3279723787234, 'dt': 0.19634954084936207, 'total_energy': 39.25281572252157}
2026-06-08T21:13:53+12:00 scalar diagnostics {'step': 1014, 'time': 170.52432191957274, 'dt': 0.19634954084936207, 'total_energy': 39.32951635572918}
2026-06-08T21:13:53+12:00 scalar diagnostics {'step': 1016, 'time': 170.91702100127145, 'dt': 0.19634954084936207, 'total_energy': 39.482514890592455}
2026-06-08T21:13:53+12:00 scalar diagnostics {'step': 1017, 'time': 171.1133705421208, 'dt': 0.19634954084936207, 'total_energy': 39.55889327470065}
2026-06-08T21:13:53+12:00 scalar diagnostics {'step': 1018, 'time': 171.30972008297016, 'dt': 0.19634954084936207, 'total_energy': 39.63533468080655}
2026-06-08T21:13:53+12:00 scalar diagnostics {'step': 1019, 'time': 171.5060696238195, 'dt': 0.19634954084936207, 'total_energy': 39.711981106431104}
2026-06-08T21:13:53+12:00 scalar diagnostics {'step': 1021, 'time': 171.89876870551822, 'dt': 0.19634954084936207, 'total_energy': 39.86643596121306}
2026-06-08T21:13:53+12:00 scalar diagnostics {'step': 1022, 'time': 172.09511824636758, 'dt': 0.19634954084936207, 'total_energy': 39.94426841779831}
2026-06-08T21:13:53+12:00 scalar diagnostics {'step': 1023, 'time': 172.29146778721693, 'dt': 0.19634954084936207, 'total_energy': 40.0223494647214}
2026-06-08T21:13:53+12:00 scalar diagnostics {'step': 1025, 'time': 172.68416686891564, 'dt': 0.19634954084936207, 'total_energy': 40.17875247379486}
2026-06-08T21:13:53+12:00 scalar diagnostics {'step': 1026, 'time': 172.880516409765, 'dt': 0.19634954084936207, 'total_energy': 40.25687846774068}
2026-06-08T21:13:53+12:00 scalar diagnostics {'step': 1027, 'time': 173.07686595061435, 'dt': 0.19634954084936207, 'total_energy': 40.334888054222475}
2026-06-08T21:13:53+12:00 scalar diagnostics {'step': 1028, 'time': 173.2732154914637, 'dt': 0.19634954084936207, 'total_energy': 40.41276539257733}
2026-06-08T21:13:53+12:00 scalar diagnostics {'step': 1030, 'time': 173.6659145731624, 'dt': 0.19634954084936207, 'total_energy': 40.56810886057381}
2026-06-08T21:13:53+12:00 scalar diagnostics {'step': 1031, 'time': 173.86226411401177, 'dt': 0.19634954084936207, 'total_energy': 40.64574103876157}
2026-06-08T21:13:53+12:00 scalar diagnostics {'step': 1032, 'time': 174.05861365486112, 'dt': 0.19634954084936207, 'total_energy': 40.72331743894314}
2026-06-08T21:13:53+12:00 scalar diagnostics {'step': 1033, 'time': 174.25496319571047, 'dt': 0.19634954084936207, 'total_energy': 40.80091524689695}
2026-06-08T21:13:53+12:00 scalar diagnostics {'step': 1035, 'time': 174.64766227740918, 'dt': 0.19634954084936207, 'total_energy': 40.95642732084167}
2026-06-08T21:13:53+12:00 scalar diagnostics {'step': 1036, 'time': 174.84401181825854, 'dt': 0.19634954084936207, 'total_energy': 41.03434539107781}
2026-06-08T21:13:53+12:00 scalar diagnostics {'step': 1037, 'time': 175.0403613591079, 'dt': 0.19634954084936207, 'total_energy': 41.1122722525437}
2026-06-08T21:13:53+12:00 scalar diagnostics {'step': 1039, 'time': 175.4330604408066, 'dt': 0.19634954084936207, 'total_energy': 41.2676943297368}
2026-06-08T21:13:53+12:00 scalar diagnostics {'step': 1040, 'time': 175.62940998165595, 'dt': 0.19634954084936207, 'total_energy': 41.345030649119465}
2026-06-08T21:13:53+12:00 scalar diagnostics {'step': 1041, 'time': 175.8257595225053, 'dt': 0.19634954084936207, 'total_energy': 41.422237685407566}
2026-06-08T21:13:53+12:00 scalar diagnostics {'step': 1042, 'time': 176.02210906335466, 'dt': 0.19634954084936207, 'total_energy': 41.4992176382991}
2026-06-08T21:13:53+12:00 scalar diagnostics {'step': 1044, 'time': 176.41480814505337, 'dt': 0.19634954084936207, 'total_energy': 41.65268212830509}
2026-06-08T21:13:53+12:00 scalar diagnostics {'step': 1045, 'time': 176.61115768590273, 'dt': 0.19634954084936207, 'total_energy': 41.729228417403675}
2026-06-08T21:13:53+12:00 scalar diagnostics {'step': 1046, 'time': 176.80750722675208, 'dt': 0.19634954084936207, 'total_energy': 41.805682290675506}
2026-06-08T21:13:53+12:00 scalar diagnostics {'step': 1047, 'time': 177.00385676760143, 'dt': 0.19634954084936207, 'total_energy': 41.882082539662775}
2026-06-08T21:13:53+12:00 scalar diagnostics {'step': 1049, 'time': 177.39655584930014, 'dt': 0.19634954084936207, 'total_energy': 42.03496704657967}
2026-06-08T21:13:53+12:00 scalar diagnostics {'step': 1050, 'time': 177.5929053901495, 'dt': 0.19634954084936207, 'total_energy': 42.111581092680254}
2026-06-08T21:13:53+12:00 scalar diagnostics {'step': 1051, 'time': 177.78925493099885, 'dt': 0.19634954084936207, 'total_energy': 42.18850656532614}
2026-06-08T21:13:53+12:00 scalar diagnostics {'step': 1053, 'time': 178.18195401269756, 'dt': 0.19634954084936207, 'total_energy': 42.342924390420556}
2026-06-08T21:13:53+12:00 scalar diagnostics {'step': 1054, 'time': 178.3783035535469, 'dt': 0.19634954084936207, 'total_energy': 42.42040810891921}
2026-06-08T21:13:53+12:00 scalar diagnostics {'step': 1055, 'time': 178.57465309439627, 'dt': 0.19634954084936207, 'total_energy': 42.4980684664475}
2026-06-08T21:13:53+12:00 scalar diagnostics {'step': 1056, 'time': 178.77100263524562, 'dt': 0.19634954084936207, 'total_energy': 42.575903593431725}
2026-06-08T21:13:53+12:00 scalar diagnostics {'step': 1058, 'time': 179.16370171694433, 'dt': 0.19634954084936207, 'total_energy': 42.73206825688832}
2026-06-08T21:13:53+12:00 scalar diagnostics {'step': 1059, 'time': 179.36005125779369, 'dt': 0.19634954084936207, 'total_energy': 42.81036147144366}
2026-06-08T21:13:53+12:00 scalar diagnostics {'step': 1060, 'time': 179.55640079864304, 'dt': 0.19634954084936207, 'total_energy': 42.88876603659068}
2026-06-08T21:13:53+12:00 scalar diagnostics {'step': 1061, 'time': 179.7527503394924, 'dt': 0.19634954084936207, 'total_energy': 42.967409046716746}
2026-06-08T21:13:53+12:00 scalar diagnostics {'step': 1063, 'time': 180.1454494211911, 'dt': 0.19634954084936207, 'total_energy': 43.12506936604124}
2026-06-08T21:13:53+12:00 scalar diagnostics {'step': 1064, 'time': 180.34179896204046, 'dt': 0.19634954084936207, 'total_energy': 43.204154078045754}
2026-06-08T21:13:53+12:00 scalar diagnostics {'step': 1065, 'time': 180.5381485028898, 'dt': 0.19634954084936207, 'total_energy': 43.28344303164817}
2026-06-08T21:13:53+12:00 scalar diagnostics {'step': 1067, 'time': 180.93084758458852, 'dt': 0.19634954084936207, 'total_energy': 43.44257360975691}
2026-06-08T21:13:53+12:00 scalar diagnostics {'step': 1068, 'time': 181.12719712543787, 'dt': 0.19634954084936207, 'total_energy': 43.52231834642469}
2026-06-08T21:13:53+12:00 scalar diagnostics {'step': 1069, 'time': 181.32354666628723, 'dt': 0.19634954084936207, 'total_energy': 43.60210930780091}
2026-06-08T21:13:53+12:00 scalar diagnostics {'step': 1070, 'time': 181.51989620713658, 'dt': 0.19634954084936207, 'total_energy': 43.681917536809955}
2026-06-08T21:13:53+12:00 scalar diagnostics {'step': 1072, 'time': 181.9125952888353, 'dt': 0.19634954084936207, 'total_energy': 43.84190123712643}
2026-06-08T21:13:53+12:00 scalar diagnostics {'step': 1073, 'time': 182.10894482968465, 'dt': 0.19634954084936207, 'total_energy': 43.922005007483605}
2026-06-08T21:13:53+12:00 scalar diagnostics {'step': 1074, 'time': 182.305294370534, 'dt': 0.19634954084936207, 'total_energy': 44.002211704038345}
2026-06-08T21:13:53+12:00 scalar diagnostics {'step': 1075, 'time': 182.50164391138335, 'dt': 0.19634954084936207, 'total_energy': 44.08251475340554}
2026-06-08T21:13:53+12:00 scalar diagnostics {'step': 1077, 'time': 182.89434299308206, 'dt': 0.19634954084936207, 'total_energy': 44.24334105629653}
2026-06-08T21:13:53+12:00 scalar diagnostics {'step': 1078, 'time': 183.09069253393142, 'dt': 0.19634954084936207, 'total_energy': 44.32386778513772}
2026-06-08T21:13:53+12:00 scalar diagnostics {'step': 1079, 'time': 183.28704207478077, 'dt': 0.19634954084936207, 'total_energy': 44.40451371511515}
2026-06-08T21:13:53+12:00 scalar diagnostics {'step': 1081, 'time': 183.67974115647948, 'dt': 0.19634954084936207, 'total_energy': 44.56645967166281}
2026-06-08T21:13:53+12:00 scalar diagnostics {'step': 1082, 'time': 183.87609069732883, 'dt': 0.19634954084936207, 'total_energy': 44.64778391034386}
2026-06-08T21:13:53+12:00 scalar diagnostics {'step': 1083, 'time': 184.0724402381782, 'dt': 0.19634954084936207, 'total_energy': 44.729270488886876}
2026-06-08T21:13:53+12:00 scalar diagnostics {'step': 1084, 'time': 184.26878977902754, 'dt': 0.19634954084936207, 'total_energy': 44.81089289618974}
2026-06-08T21:13:53+12:00 scalar diagnostics {'step': 1086, 'time': 184.66148886072625, 'dt': 0.19634954084936207, 'total_energy': 44.97453702122286}
2026-06-08T21:13:53+12:00 scalar diagnostics {'step': 1087, 'time': 184.8578384015756, 'dt': 0.19634954084936207, 'total_energy': 45.05658820450764}
2026-06-08T21:13:53+12:00 scalar diagnostics {'step': 1088, 'time': 185.05418794242496, 'dt': 0.19634954084936207, 'total_energy': 45.13878559070329}
2026-06-08T21:13:53+12:00 scalar diagnostics {'step': 1089, 'time': 185.25053748327431, 'dt': 0.19634954084936207, 'total_energy': 45.22107064894527}
2026-06-08T21:13:53+12:00 scalar diagnostics {'step': 1091, 'time': 185.64323656497302, 'dt': 0.19634954084936207, 'total_energy': 45.385626634080396}
2026-06-08T21:13:53+12:00 scalar diagnostics {'step': 1092, 'time': 185.83958610582238, 'dt': 0.19634954084936207, 'total_energy': 45.46770282658889}
2026-06-08T21:13:53+12:00 scalar diagnostics {'step': 1093, 'time': 186.03593564667173, 'dt': 0.19634954084936207, 'total_energy': 45.549545499250854}
2026-06-08T21:13:53+12:00 scalar diagnostics {'step': 1095, 'time': 186.42863472837044, 'dt': 0.19634954084936207, 'total_energy': 45.71270077456607}
2026-06-08T21:13:53+12:00 scalar diagnostics {'step': 1096, 'time': 186.6249842692198, 'dt': 0.19634954084936207, 'total_energy': 45.794156160354625}
2026-06-08T21:13:53+12:00 scalar diagnostics {'step': 1097, 'time': 186.82133381006915, 'dt': 0.19634954084936207, 'total_energy': 45.87560187201892}
2026-06-08T21:13:53+12:00 scalar diagnostics {'step': 1098, 'time': 187.0176833509185, 'dt': 0.19634954084936207, 'total_energy': 45.957051518209575}
2026-06-08T21:13:53+12:00 progress {'step': 1100, 'time': 187.4103824326172, 'dt': 0.19634954084936207}
2026-06-08T21:13:53+12:00 scalar diagnostics {'step': 1100, 'time': 187.4103824326172, 'dt': 0.19634954084936207, 'total_energy': 46.11989654588446}
2026-06-08T21:13:53+12:00 scalar diagnostics {'step': 1101, 'time': 187.60673197346657, 'dt': 0.19634954084936207, 'total_energy': 46.20136597016618}
2026-06-08T21:13:53+12:00 scalar diagnostics {'step': 1102, 'time': 187.80308151431592, 'dt': 0.19634954084936207, 'total_energy': 46.28272538655348}
2026-06-08T21:13:53+12:00 scalar diagnostics {'step': 1104, 'time': 188.19578059601463, 'dt': 0.19634954084936207, 'total_energy': 46.44490848908745}
2026-06-08T21:13:53+12:00 scalar diagnostics {'step': 1105, 'time': 188.39213013686398, 'dt': 0.19634954084936207, 'total_energy': 46.52563625140985}
2026-06-08T21:13:53+12:00 scalar diagnostics {'step': 1106, 'time': 188.58847967771334, 'dt': 0.19634954084936207, 'total_energy': 46.60610315792367}
2026-06-08T21:13:53+12:00 scalar diagnostics {'step': 1107, 'time': 188.7848292185627, 'dt': 0.19634954084936207, 'total_energy': 46.68635968541699}
2026-06-08T21:13:53+12:00 scalar diagnostics {'step': 1109, 'time': 189.1775283002614, 'dt': 0.19634954084936207, 'total_energy': 46.846702975152}
2026-06-08T21:13:53+12:00 scalar diagnostics {'step': 1110, 'time': 189.37387784111075, 'dt': 0.19634954084936207, 'total_energy': 46.92707501711077}
2026-06-08T21:13:53+12:00 scalar diagnostics {'step': 1111, 'time': 189.5702273819601, 'dt': 0.19634954084936207, 'total_energy': 47.007870931211826}
2026-06-08T21:13:53+12:00 scalar diagnostics {'step': 1112, 'time': 189.76657692280946, 'dt': 0.19634954084936207, 'total_energy': 47.08901005901563}
2026-06-08T21:13:54+12:00 scalar diagnostics {'step': 1114, 'time': 190.15927600450817, 'dt': 0.19634954084936207, 'total_energy': 47.25225734614152}
2026-06-08T21:13:54+12:00 scalar diagnostics {'step': 1115, 'time': 190.35562554535753, 'dt': 0.19634954084936207, 'total_energy': 47.33425327326246}
2026-06-08T21:13:54+12:00 scalar diagnostics {'step': 1116, 'time': 190.55197508620688, 'dt': 0.19634954084936207, 'total_energy': 47.416407603560614}
2026-06-08T21:13:54+12:00 scalar diagnostics {'step': 1118, 'time': 190.9446741679056, 'dt': 0.19634954084936207, 'total_energy': 47.580944711541285}
2026-06-08T21:13:54+12:00 scalar diagnostics {'step': 1119, 'time': 191.14102370875494, 'dt': 0.19634954084936207, 'total_energy': 47.663214248748886}
2026-06-08T21:13:54+12:00 scalar diagnostics {'step': 1120, 'time': 191.3373732496043, 'dt': 0.19634954084936207, 'total_energy': 47.745420642326266}
2026-06-08T21:13:54+12:00 scalar diagnostics {'step': 1121, 'time': 191.53372279045365, 'dt': 0.19634954084936207, 'total_energy': 47.82767384193176}
2026-06-08T21:13:54+12:00 scalar diagnostics {'step': 1123, 'time': 191.92642187215236, 'dt': 0.19634954084936207, 'total_energy': 47.99202731927734}
2026-06-08T21:13:54+12:00 scalar diagnostics {'step': 1124, 'time': 192.12277141300171, 'dt': 0.19634954084936207, 'total_energy': 48.07428489328857}
2026-06-08T21:13:54+12:00 scalar diagnostics {'step': 1125, 'time': 192.31912095385107, 'dt': 0.19634954084936207, 'total_energy': 48.15674072913103}
2026-06-08T21:13:54+12:00 scalar diagnostics {'step': 1126, 'time': 192.51547049470042, 'dt': 0.19634954084936207, 'total_energy': 48.239490136673524}
2026-06-08T21:13:54+12:00 scalar diagnostics {'step': 1128, 'time': 192.90816957639913, 'dt': 0.19634954084936207, 'total_energy': 48.40602266408438}
2026-06-08T21:13:54+12:00 scalar diagnostics {'step': 1129, 'time': 193.1045191172485, 'dt': 0.19634954084936207, 'total_energy': 48.489751138394865}
2026-06-08T21:13:54+12:00 scalar diagnostics {'step': 1130, 'time': 193.30086865809784, 'dt': 0.19634954084936207, 'total_energy': 48.57368883757885}
2026-06-08T21:13:54+12:00 scalar diagnostics {'step': 1132, 'time': 193.69356773979655, 'dt': 0.19634954084936207, 'total_energy': 48.742091533757964}
2026-06-08T21:13:54+12:00 scalar diagnostics {'step': 1133, 'time': 193.8899172806459, 'dt': 0.19634954084936207, 'total_energy': 48.82625426473027}
2026-06-08T21:13:54+12:00 scalar diagnostics {'step': 1134, 'time': 194.08626682149526, 'dt': 0.19634954084936207, 'total_energy': 48.91029518302635}
2026-06-08T21:13:54+12:00 scalar diagnostics {'step': 1135, 'time': 194.2826163623446, 'dt': 0.19634954084936207, 'total_energy': 48.99416868653162}
2026-06-08T21:13:54+12:00 scalar diagnostics {'step': 1137, 'time': 194.67531544404332, 'dt': 0.19634954084936207, 'total_energy': 49.16146266549654}
2026-06-08T21:13:54+12:00 scalar diagnostics {'step': 1138, 'time': 194.87166498489267, 'dt': 0.19634954084936207, 'total_energy': 49.245067419186086}
2026-06-08T21:13:54+12:00 scalar diagnostics {'step': 1139, 'time': 195.06801452574203, 'dt': 0.19634954084936207, 'total_energy': 49.32886071283779}
2026-06-08T21:13:54+12:00 scalar diagnostics {'step': 1140, 'time': 195.26436406659138, 'dt': 0.19634954084936207, 'total_energy': 49.413025004253946}
2026-06-08T21:13:54+12:00 scalar diagnostics {'step': 1142, 'time': 195.6570631482901, 'dt': 0.19634954084936207, 'total_energy': 49.583202156252796}
2026-06-08T21:13:54+12:00 scalar diagnostics {'step': 1143, 'time': 195.85341268913945, 'dt': 0.19634954084936207, 'total_energy': 49.66909426715007}
2026-06-08T21:13:54+12:00 scalar diagnostics {'step': 1144, 'time': 196.0497622299888, 'dt': 0.19634954084936207, 'total_energy': 49.755380105807525}
2026-06-08T21:13:54+12:00 scalar diagnostics {'step': 1146, 'time': 196.4424613116875, 'dt': 0.19634954084936207, 'total_energy': 49.92842690899661}
2026-06-08T21:13:54+12:00 scalar diagnostics {'step': 1147, 'time': 196.63881085253686, 'dt': 0.19634954084936207, 'total_energy': 50.01484391493457}
2026-06-08T21:13:54+12:00 scalar diagnostics {'step': 1148, 'time': 196.83516039338622, 'dt': 0.19634954084936207, 'total_energy': 50.101011089841876}
2026-06-08T21:13:54+12:00 scalar diagnostics {'step': 1149, 'time': 197.03150993423557, 'dt': 0.19634954084936207, 'total_energy': 50.18684745552091}
2026-06-08T21:13:54+12:00 scalar diagnostics {'step': 1151, 'time': 197.42420901593428, 'dt': 0.19634954084936207, 'total_energy': 50.357606329667995}
2026-06-08T21:13:54+12:00 scalar diagnostics {'step': 1152, 'time': 197.62055855678364, 'dt': 0.19634954084936207, 'total_energy': 50.44266319366429}
2026-06-08T21:13:54+12:00 scalar diagnostics {'step': 1153, 'time': 197.816908097633, 'dt': 0.19634954084936207, 'total_energy': 50.52765061335181}
2026-06-08T21:13:54+12:00 scalar diagnostics {'step': 1154, 'time': 198.01325763848234, 'dt': 0.19634954084936207, 'total_energy': 50.61274564034417}
2026-06-08T21:13:54+12:00 scalar diagnostics {'step': 1156, 'time': 198.40595672018105, 'dt': 0.19634954084936207, 'total_energy': 50.783776587576874}
2026-06-08T21:13:54+12:00 scalar diagnostics {'step': 1157, 'time': 198.6023062610304, 'dt': 0.19634954084936207, 'total_energy': 50.86975556668183}
2026-06-08T21:13:54+12:00 scalar diagnostics {'step': 1158, 'time': 198.79865580187976, 'dt': 0.19634954084936207, 'total_energy': 50.95591128528258}
2026-06-08T21:13:54+12:00 scalar diagnostics {'step': 1160, 'time': 199.19135488357847, 'dt': 0.19634954084936207, 'total_energy': 51.128043784779614}
2026-06-08T21:13:54+12:00 scalar diagnostics {'step': 1161, 'time': 199.38770442442782, 'dt': 0.19634954084936207, 'total_energy': 51.21383690636474}
2026-06-08T21:13:54+12:00 scalar diagnostics {'step': 1162, 'time': 199.58405396527718, 'dt': 0.19634954084936207, 'total_energy': 51.29924540360128}
2026-06-08T21:13:54+12:00 scalar diagnostics {'step': 1163, 'time': 199.78040350612653, 'dt': 0.19634954084936207, 'total_energy': 51.384263994843124}
2026-06-08T21:13:54+12:00 progress {'step': 1165, 'time': 200.0, 'dt': 0.02324695302411328}
2026-06-08T21:13:54+12:00 scalar diagnostics {'step': 1165, 'time': 200.0, 'dt': 0.02324695302411328, 'total_energy': 51.478945823579565}
2026-06-08T21:13:54+12:00 run complete {'backend': 'numpy', 'equation_set': 'inhomogeneous_rmhd_s', 'equation_mode': 'linear', 'grid': [16, 16, 16], 'steps': 1165, 't_final': 200.0, 'dt_last': 0.02324695302411328, 'total_energy_initial': 0.7500000000000001, 'total_energy_final': 51.478945823579565, 'psi_hat_max_abs': 283.1432756161789, 'output_dir': 'C:\\Users\\naoki\\Downloads\\rmhd-gpu-new\\examples\\outputs_nokia_rmhd_s_20', 'scalar_diagnostics_csv': 'C:\\Users\\naoki\\Downloads\\rmhd-gpu-new\\examples\\outputs_nokia_rmhd_s_20\\scalar_diagnostics.csv'}
