2026-06-08T12:35:42+12:00 run start {'title': 'Inhomogeneous rmhd simulation test', 'input_file': 'C:\\Users\\naoki\\Downloads\\rmhd-gpu-new\\examples\\nokias_inhomogeneous.input', 'output_dir': 'C:\\Users\\naoki\\Downloads\\rmhd-gpu-new\\examples\\outputs_nokia_rmhd_s_12', 'backend': 'numpy', 'equation_set': 'inhomogeneous_rmhd_s', 'equation_mode': 'nonlinear', 'grid': [16, 16, 16], 'output_cadences': {'scalar': 0.25, 'spectra': 0.0, 'full_field': 0.0}, 'hostname': 'Naoki', 'python_executable': 'C:\\Users\\naoki\\AppData\\Local\\Programs\\Python\\Python313\\python.exe', 'git_commit': 'cde2789c3d6596cb8e14f232da25acf4598750f1', 'command': "'C:\\Users\\naoki\\Downloads\\rmhd-gpu-new\\rmhdgpu\\run.py' '.\\examples\\nokias_inhomogeneous.input'"}
2026-06-08T12:35:42+12:00 run setup {'resolved_output_dir': 'C:\\Users\\naoki\\Downloads\\rmhd-gpu-new\\examples\\outputs_nokia_rmhd_s_12', 'input_file': 'C:\\Users\\naoki\\Downloads\\rmhd-gpu-new\\examples\\nokias_inhomogeneous.input', 'backend': 'numpy', 'equation_set': 'inhomogeneous_rmhd_s', 'equation_mode': 'nonlinear', 'grid': [16, 16, 16], 'output_cadences': {'scalar': 0.25, 'spectra': 0.0, 'full_field': 0.0}, 'dissipation_mode': 'auto', 'initial_condition': {'type': 'random_spectrum', 'parameters': {'n_min': 1.0, 'n_max': 3.0, 'alpha': 0.0, 'init_energy': 0.75, 'seed': 1}}}
2026-06-08T12:35:42+12:00 scalar diagnostics {'step': 0, 'time': 0.0, 'dt': 0.0, 'total_energy': 0.7500000000000001}
2026-06-08T12:35:42+12:00 scalar diagnostics {'step': 3, 'time': 0.2770602532997675, 'dt': 0.09340431763973012, 'total_energy': 0.7755418030638354}
2026-06-08T12:35:42+12:00 scalar diagnostics {'step': 6, 'time': 0.5996395812929952, 'dt': 0.11559328591912067, 'total_energy': 0.8693266004494947}
2026-06-08T12:35:42+12:00 scalar diagnostics {'step': 8, 'time': 0.8212365626902849, 'dt': 0.10693658591951051, 'total_energy': 0.9711446721400356}
2026-06-08T12:35:42+12:00 scalar diagnostics {'step': 10, 'time': 1.0294618048886237, 'dt': 0.10336235689026375, 'total_energy': 1.0815010431844292}
2026-06-08T12:35:42+12:00 scalar diagnostics {'step': 13, 'time': 1.3412303214139008, 'dt': 0.10648115161389865, 'total_energy': 1.2428791519830535}
2026-06-08T12:35:42+12:00 scalar diagnostics {'step': 15, 'time': 1.567471828746367, 'dt': 0.11385895089079522, 'total_energy': 1.3442165809343294}
2026-06-08T12:35:42+12:00 scalar diagnostics {'step': 17, 'time': 1.7860571980962396, 'dt': 0.10869201269049975, 'total_energy': 1.4294362103094187}
2026-06-08T12:35:42+12:00 scalar diagnostics {'step': 19, 'time': 2.008995273519523, 'dt': 0.11319210588737279, 'total_energy': 1.507211089106503}
2026-06-08T12:35:42+12:00 scalar diagnostics {'step': 22, 'time': 2.317111442765918, 'dt': 0.10005911840115382, 'total_energy': 1.6043444109931708}
2026-06-08T12:35:42+12:00 scalar diagnostics {'step': 24, 'time': 2.535109971528441, 'dt': 0.11424602267272461, 'total_energy': 1.668127380881459}
2026-06-08T12:35:42+12:00 scalar diagnostics {'step': 27, 'time': 2.8408004105429274, 'dt': 0.09207851570716188, 'total_energy': 1.7588592364481381}
2026-06-08T12:35:42+12:00 scalar diagnostics {'step': 29, 'time': 3.019346443203693, 'dt': 0.09000002464256805, 'total_energy': 1.8176706411519676}
2026-06-08T12:35:42+12:00 scalar diagnostics {'step': 32, 'time': 3.303048183801117, 'dt': 0.09601182340385858, 'total_energy': 1.9257824556358762}
2026-06-08T12:35:42+12:00 scalar diagnostics {'step': 35, 'time': 3.567808468694787, 'dt': 0.08462613227464297, 'total_energy': 2.0446351587294487}
2026-06-08T12:35:42+12:00 scalar diagnostics {'step': 38, 'time': 3.807095804635297, 'dt': 0.07810598333116238, 'total_energy': 2.1640318700217}
2026-06-08T12:35:42+12:00 scalar diagnostics {'step': 41, 'time': 4.04293789033224, 'dt': 0.07994424851408122, 'total_energy': 2.2918335478102927}
2026-06-08T12:35:42+12:00 scalar diagnostics {'step': 44, 'time': 4.30522410919517, 'dt': 0.09182516418706393, 'total_energy': 2.4453800955227827}
2026-06-08T12:35:43+12:00 scalar diagnostics {'step': 47, 'time': 4.592091533475716, 'dt': 0.09825104097292381, 'total_energy': 2.6271499560820413}
2026-06-08T12:35:43+12:00 scalar diagnostics {'step': 49, 'time': 4.77757514657746, 'dt': 0.0909877120717591, 'total_energy': 2.7506757751924154}
2026-06-08T12:35:43+12:00 scalar diagnostics {'step': 52, 'time': 5.022922934278537, 'dt': 0.07853650047468497, 'total_energy': 2.912362912477842}
2026-06-08T12:35:43+12:00 scalar diagnostics {'step': 55, 'time': 5.255500832342769, 'dt': 0.07806768340531503, 'total_energy': 3.0602059702289637}
2026-06-08T12:35:43+12:00 scalar diagnostics {'step': 59, 'time': 5.578373480324968, 'dt': 0.08336115148976228, 'total_energy': 3.255336872982479}
2026-06-08T12:35:43+12:00 scalar diagnostics {'step': 61, 'time': 5.760389783875981, 'dt': 0.0944844582972006, 'total_energy': 3.3563094678971916}
2026-06-08T12:35:43+12:00 scalar diagnostics {'step': 64, 'time': 6.034920160270398, 'dt': 0.08748641461759032, 'total_energy': 3.499360298136137}
2026-06-08T12:35:43+12:00 scalar diagnostics {'step': 67, 'time': 6.279499595614408, 'dt': 0.07794191550204273, 'total_energy': 3.6280830713542804}
2026-06-08T12:35:43+12:00 scalar diagnostics {'step': 70, 'time': 6.534833943714389, 'dt': 0.09300061575553142, 'total_energy': 3.7738660783602844}
2026-06-08T12:35:43+12:00 scalar diagnostics {'step': 73, 'time': 6.799396435624612, 'dt': 0.08634818776925274, 'total_energy': 3.9330526815999507}
2026-06-08T12:35:43+12:00 scalar diagnostics {'step': 76, 'time': 7.054370039617962, 'dt': 0.08179513478059704, 'total_energy': 4.088439280880216}
2026-06-08T12:35:43+12:00 scalar diagnostics {'step': 79, 'time': 7.303367857427321, 'dt': 0.08511973697654339, 'total_energy': 4.249148342807222}
2026-06-08T12:35:43+12:00 scalar diagnostics {'step': 82, 'time': 7.561508582534112, 'dt': 0.08733919498644703, 'total_energy': 4.423181037862356}
2026-06-08T12:35:43+12:00 scalar diagnostics {'step': 85, 'time': 7.830406805515169, 'dt': 0.09059639016923877, 'total_energy': 4.593628934875049}
2026-06-08T12:35:43+12:00 scalar diagnostics {'step': 87, 'time': 8.007658599907474, 'dt': 0.08881037673512598, 'total_energy': 4.70552085549588}
2026-06-08T12:35:43+12:00 scalar diagnostics {'step': 90, 'time': 8.263878685462371, 'dt': 0.08021446699479273, 'total_energy': 4.8817881685063025}
2026-06-08T12:35:43+12:00 scalar diagnostics {'step': 94, 'time': 8.55902511086628, 'dt': 0.07068887982340312, 'total_energy': 5.119199835778087}
2026-06-08T12:35:43+12:00 scalar diagnostics {'step': 97, 'time': 8.783163729930827, 'dt': 0.0751063447085773, 'total_energy': 5.315580377705421}
2026-06-08T12:35:43+12:00 progress {'step': 100, 'time': 8.9965766426816, 'dt': 0.0690364817639291}
2026-06-08T12:35:43+12:00 scalar diagnostics {'step': 101, 'time': 9.065928533373622, 'dt': 0.0693518906920223, 'total_energy': 5.561519319482359}
2026-06-08T12:35:43+12:00 scalar diagnostics {'step': 104, 'time': 9.288551125473212, 'dt': 0.07688722973761845, 'total_energy': 5.758125599641227}
2026-06-08T12:35:43+12:00 scalar diagnostics {'step': 107, 'time': 9.518889042027162, 'dt': 0.07081355216583368, 'total_energy': 5.9632648749404495}
2026-06-08T12:35:43+12:00 scalar diagnostics {'step': 111, 'time': 9.776144506688887, 'dt': 0.06568774578501815, 'total_energy': 6.197040973508416}
2026-06-08T12:35:43+12:00 scalar diagnostics {'step': 115, 'time': 10.064664182195376, 'dt': 0.0720045674363334, 'total_energy': 6.479519040853891}
2026-06-08T12:35:43+12:00 scalar diagnostics {'step': 118, 'time': 10.28551662816989, 'dt': 0.0716432048286179, 'total_energy': 6.699049316448568}
2026-06-08T12:35:43+12:00 scalar diagnostics {'step': 122, 'time': 10.563756076028096, 'dt': 0.06912713581627059, 'total_energy': 6.960350790947167}
2026-06-08T12:35:43+12:00 scalar diagnostics {'step': 125, 'time': 10.769073175878704, 'dt': 0.06679827894861415, 'total_energy': 7.1719569734212465}
2026-06-08T12:35:43+12:00 scalar diagnostics {'step': 129, 'time': 11.014608611794092, 'dt': 0.05961113676464551, 'total_energy': 7.461239560317604}
2026-06-08T12:35:44+12:00 scalar diagnostics {'step': 134, 'time': 11.30706421333812, 'dt': 0.06339632332931375, 'total_energy': 7.809782691899403}
2026-06-08T12:35:44+12:00 scalar diagnostics {'step': 138, 'time': 11.540335545777456, 'dt': 0.055186277692867346, 'total_energy': 8.095646630917711}
2026-06-08T12:35:44+12:00 scalar diagnostics {'step': 142, 'time': 11.778703407487425, 'dt': 0.061198109835348694, 'total_energy': 8.367059295209023}
2026-06-08T12:35:44+12:00 scalar diagnostics {'step': 146, 'time': 12.004069995171955, 'dt': 0.05329322938389798, 'total_energy': 8.616280680164772}
2026-06-08T12:35:44+12:00 scalar diagnostics {'step': 151, 'time': 12.283142817998458, 'dt': 0.058147122929264446, 'total_energy': 8.947005429147183}
2026-06-08T12:35:44+12:00 scalar diagnostics {'step': 156, 'time': 12.549324368858628, 'dt': 0.0503590029168243, 'total_energy': 9.262329715581942}
2026-06-08T12:35:44+12:00 scalar diagnostics {'step': 160, 'time': 12.775394047952682, 'dt': 0.0548228808061276, 'total_energy': 9.513282571262218}
2026-06-08T12:35:44+12:00 scalar diagnostics {'step': 165, 'time': 13.037489101535659, 'dt': 0.05321446119998432, 'total_energy': 9.814455072626483}
2026-06-08T12:35:44+12:00 scalar diagnostics {'step': 170, 'time': 13.288006730511016, 'dt': 0.04685576783644545, 'total_energy': 10.111643931618632}
2026-06-08T12:35:44+12:00 scalar diagnostics {'step': 175, 'time': 13.510446769945922, 'dt': 0.046363239045089565, 'total_energy': 10.362342499746406}
2026-06-08T12:35:44+12:00 scalar diagnostics {'step': 180, 'time': 13.758858026083251, 'dt': 0.046880066409187786, 'total_energy': 10.625302640145865}
2026-06-08T12:35:44+12:00 scalar diagnostics {'step': 186, 'time': 14.023612549772045, 'dt': 0.04137561524593071, 'total_energy': 10.89182864287141}
2026-06-08T12:35:44+12:00 scalar diagnostics {'step': 192, 'time': 14.293723772334596, 'dt': 0.048410290570599486, 'total_energy': 11.065490876544104}
2026-06-08T12:35:44+12:00 scalar diagnostics {'step': 197, 'time': 14.536798433170224, 'dt': 0.049669598325599335, 'total_energy': 11.16411639011643}
2026-06-08T12:35:44+12:00 progress {'step': 200, 'time': 14.676032575471725, 'dt': 0.04657453669923089}
2026-06-08T12:35:44+12:00 scalar diagnostics {'step': 202, 'time': 14.768227219535294, 'dt': 0.04601078284587224, 'total_energy': 11.259421123349252}
2026-06-08T12:35:45+12:00 scalar diagnostics {'step': 207, 'time': 15.003633810268006, 'dt': 0.044840429770893905, 'total_energy': 11.394173521874645}
2026-06-08T12:35:45+12:00 scalar diagnostics {'step': 213, 'time': 15.285796310200821, 'dt': 0.049276971556252686, 'total_energy': 11.423145874839673}
2026-06-08T12:35:45+12:00 scalar diagnostics {'step': 218, 'time': 15.522181970272962, 'dt': 0.04159676356757669, 'total_energy': 11.374604560379332}
2026-06-08T12:35:45+12:00 scalar diagnostics {'step': 224, 'time': 15.780708684650593, 'dt': 0.048394754525408853, 'total_energy': 11.06532914645081}
2026-06-08T12:35:45+12:00 scalar diagnostics {'step': 229, 'time': 16.02874408815258, 'dt': 0.050550029829580456, 'total_energy': 10.613843281262511}
2026-06-08T12:35:45+12:00 scalar diagnostics {'step': 234, 'time': 16.267664222715453, 'dt': 0.045399922598523816, 'total_energy': 9.8039588848208}
2026-06-08T12:35:45+12:00 scalar diagnostics {'step': 240, 'time': 16.53033828630679, 'dt': 0.04552630559813771, 'total_energy': 9.066682839710822}
2026-06-08T12:35:45+12:00 scalar diagnostics {'step': 245, 'time': 16.777838979231678, 'dt': 0.04884307867809726, 'total_energy': 7.896181558403105}
2026-06-08T12:35:46+12:00 scalar diagnostics {'step': 250, 'time': 17.035069147195788, 'dt': 0.050788035183235165, 'total_energy': 7.024154618651861}
2026-06-08T12:35:46+12:00 scalar diagnostics {'step': 255, 'time': 17.305830631643886, 'dt': 0.05869741534443163, 'total_energy': 5.677423201270297}
2026-06-08T12:35:46+12:00 scalar diagnostics {'step': 258, 'time': 17.50927805703737, 'dt': 0.06841156132635358, 'total_energy': 5.020553679318546}
2026-06-08T12:35:46+12:00 scalar diagnostics {'step': 262, 'time': 17.77589381775233, 'dt': 0.0679516010038596, 'total_energy': 4.18220932636451}
2026-06-08T12:35:46+12:00 scalar diagnostics {'step': 266, 'time': 18.06672801676768, 'dt': 0.07709998830891317, 'total_energy': 3.5693831523500363}
2026-06-08T12:35:46+12:00 scalar diagnostics {'step': 269, 'time': 18.287271747346793, 'dt': 0.07464434746088269, 'total_energy': 3.262333956341456}
2026-06-08T12:35:46+12:00 scalar diagnostics {'step': 272, 'time': 18.55367077309162, 'dt': 0.09187965692634179, 'total_energy': 2.854998376662391}
2026-06-08T12:35:46+12:00 scalar diagnostics {'step': 275, 'time': 18.818527235803906, 'dt': 0.0882930274830362, 'total_energy': 2.571402118933344}
2026-06-08T12:35:46+12:00 scalar diagnostics {'step': 277, 'time': 19.008699877235706, 'dt': 0.09245870514699313, 'total_energy': 2.423782184471892}
2026-06-08T12:35:47+12:00 scalar diagnostics {'step': 280, 'time': 19.290509351971735, 'dt': 0.09081483914137134, 'total_energy': 2.232158260520427}
2026-06-08T12:35:47+12:00 scalar diagnostics {'step': 283, 'time': 19.592602205806628, 'dt': 0.09931152994426223, 'total_energy': 2.0172968665137048}
2026-06-08T12:35:47+12:00 scalar diagnostics {'step': 285, 'time': 19.807805797187093, 'dt': 0.11443344941932602, 'total_energy': 1.9249053541146464}
2026-06-08T12:35:47+12:00 scalar diagnostics {'step': 287, 'time': 20.041819670995437, 'dt': 0.11703665878094549, 'total_energy': 1.8690549682361972}
2026-06-08T12:35:47+12:00 scalar diagnostics {'step': 289, 'time': 20.288048174875694, 'dt': 0.12224912124519802, 'total_energy': 1.8356392901218737}
2026-06-08T12:35:47+12:00 scalar diagnostics {'step': 291, 'time': 20.524117893422012, 'dt': 0.11731878638942948, 'total_energy': 1.7995143132138485}
2026-06-08T12:35:47+12:00 scalar diagnostics {'step': 293, 'time': 20.75034865044639, 'dt': 0.10921012142846671, 'total_energy': 1.7608996120274107}
2026-06-08T12:35:47+12:00 scalar diagnostics {'step': 296, 'time': 21.086343750184138, 'dt': 0.11340950443757525, 'total_energy': 1.6967761918264412}
2026-06-08T12:35:47+12:00 scalar diagnostics {'step': 298, 'time': 21.30848256033175, 'dt': 0.112111567138491, 'total_energy': 1.6464957554444941}
2026-06-08T12:35:47+12:00 progress {'step': 300, 'time': 21.556191209363934, 'dt': 0.12464683689596714}
2026-06-08T12:35:47+12:00 scalar diagnostics {'step': 300, 'time': 21.556191209363934, 'dt': 0.12464683689596714, 'total_energy': 1.5936941373375981}
2026-06-08T12:35:47+12:00 scalar diagnostics {'step': 302, 'time': 21.804391422033063, 'dt': 0.12510054401121037, 'total_energy': 1.5426259470927755}
2026-06-08T12:35:47+12:00 scalar diagnostics {'step': 304, 'time': 22.06164489174973, 'dt': 0.128856970971757, 'total_energy': 1.499060702595141}
2026-06-08T12:35:47+12:00 scalar diagnostics {'step': 306, 'time': 22.332838242541346, 'dt': 0.13635962754760372, 'total_energy': 1.4663356838551524}
2026-06-08T12:35:48+12:00 scalar diagnostics {'step': 308, 'time': 22.618336356446413, 'dt': 0.14688664449572933, 'total_energy': 1.436131223756727}
2026-06-08T12:35:48+12:00 scalar diagnostics {'step': 309, 'time': 22.760982197240292, 'dt': 0.14264584079387937, 'total_energy': 1.4198601807822988}
2026-06-08T12:35:48+12:00 scalar diagnostics {'step': 311, 'time': 23.024133770389152, 'dt': 0.13560595078394988, 'total_energy': 1.386900132921524}
2026-06-08T12:35:48+12:00 scalar diagnostics {'step': 313, 'time': 23.310481443327646, 'dt': 0.14612751427894316, 'total_energy': 1.3484667129991246}
2026-06-08T12:35:48+12:00 scalar diagnostics {'step': 315, 'time': 23.615466000890947, 'dt': 0.15154024990370327, 'total_energy': 1.3224737377186773}
2026-06-08T12:35:48+12:00 scalar diagnostics {'step': 316, 'time': 23.777303669254945, 'dt': 0.16183766836399588, 'total_energy': 1.316723567980023}
2026-06-08T12:35:48+12:00 scalar diagnostics {'step': 318, 'time': 24.070769822243992, 'dt': 0.14577314143652034, 'total_energy': 1.3026182623376963}
2026-06-08T12:35:48+12:00 scalar diagnostics {'step': 320, 'time': 24.321704797583372, 'dt': 0.1198152182050311, 'total_energy': 1.2816479547555844}
2026-06-08T12:35:48+12:00 scalar diagnostics {'step': 322, 'time': 24.58314205252265, 'dt': 0.1393424617721039, 'total_energy': 1.2609088381628324}
2026-06-08T12:35:48+12:00 scalar diagnostics {'step': 324, 'time': 24.893632694287906, 'dt': 0.1529260937795409, 'total_energy': 1.2451199294131796}
2026-06-08T12:35:48+12:00 scalar diagnostics {'step': 325, 'time': 25.06696513180697, 'dt': 0.17333243751906421, 'total_energy': 1.2419598995221761}
2026-06-08T12:35:48+12:00 scalar diagnostics {'step': 327, 'time': 25.379923999041125, 'dt': 0.15185659268933527, 'total_energy': 1.2350041887769112}
2026-06-08T12:35:48+12:00 scalar diagnostics {'step': 328, 'time': 25.53725549702826, 'dt': 0.15733149798713494, 'total_energy': 1.2299062114128416}
2026-06-08T12:35:48+12:00 scalar diagnostics {'step': 330, 'time': 25.89733432123275, 'dt': 0.18895165923053325, 'total_energy': 1.228266423479282}
2026-06-08T12:35:48+12:00 scalar diagnostics {'step': 331, 'time': 26.08331585737167, 'dt': 0.18598153613891638, 'total_energy': 1.2301776432147338}
2026-06-08T12:35:49+12:00 scalar diagnostics {'step': 333, 'time': 26.413527888838214, 'dt': 0.16491992603189648, 'total_energy': 1.2320450463736095}
2026-06-08T12:35:49+12:00 scalar diagnostics {'step': 334, 'time': 26.59736315564406, 'dt': 0.18383526680584583, 'total_energy': 1.2325026004216713}
2026-06-08T12:35:49+12:00 scalar diagnostics {'step': 335, 'time': 26.793712696493422, 'dt': 0.19634954084936207, 'total_energy': 1.230507762384032}
2026-06-08T12:35:49+12:00 scalar diagnostics {'step': 337, 'time': 27.161249995309078, 'dt': 0.17709651552245326, 'total_energy': 1.2260809571703082}
2026-06-08T12:35:49+12:00 scalar diagnostics {'step': 338, 'time': 27.342631144621947, 'dt': 0.1813811493128698, 'total_energy': 1.2269077569463103}
2026-06-08T12:35:49+12:00 scalar diagnostics {'step': 339, 'time': 27.53898068547131, 'dt': 0.19634954084936207, 'total_energy': 1.2268725201853565}
2026-06-08T12:35:49+12:00 scalar diagnostics {'step': 341, 'time': 27.93167976717003, 'dt': 0.19634954084936207, 'total_energy': 1.2308116860821667}
2026-06-08T12:35:49+12:00 scalar diagnostics {'step': 342, 'time': 28.128029308019393, 'dt': 0.19634954084936207, 'total_energy': 1.2401925174569062}
2026-06-08T12:35:49+12:00 scalar diagnostics {'step': 343, 'time': 28.324378848868754, 'dt': 0.19634954084936207, 'total_energy': 1.2523091420855172}
2026-06-08T12:35:49+12:00 scalar diagnostics {'step': 344, 'time': 28.520728389718116, 'dt': 0.19634954084936207, 'total_energy': 1.2663787413897578}
2026-06-08T12:35:49+12:00 scalar diagnostics {'step': 346, 'time': 28.909955325136938, 'dt': 0.19318946231019773, 'total_energy': 1.2950215850821274}
2026-06-08T12:35:49+12:00 scalar diagnostics {'step': 347, 'time': 29.1063048659863, 'dt': 0.19634954084936207, 'total_energy': 1.3074440534631229}
2026-06-08T12:35:49+12:00 scalar diagnostics {'step': 348, 'time': 29.30265440683566, 'dt': 0.19634954084936207, 'total_energy': 1.3205925122610611}
2026-06-08T12:35:49+12:00 scalar diagnostics {'step': 350, 'time': 29.695353488534384, 'dt': 0.19634954084936207, 'total_energy': 1.3475360068545108}
2026-06-08T12:35:49+12:00 scalar diagnostics {'step': 351, 'time': 29.891703029383745, 'dt': 0.19634954084936207, 'total_energy': 1.363789319584256}
2026-06-08T12:35:49+12:00 scalar diagnostics {'step': 352, 'time': 30.088052570233106, 'dt': 0.19634954084936207, 'total_energy': 1.3846706178810562}
2026-06-08T12:35:49+12:00 scalar diagnostics {'step': 353, 'time': 30.284402111082468, 'dt': 0.19634954084936207, 'total_energy': 1.4080510054162583}
2026-06-08T12:35:49+12:00 scalar diagnostics {'step': 355, 'time': 30.67710119278119, 'dt': 0.19634954084936207, 'total_energy': 1.4523128928236972}
2026-06-08T12:35:49+12:00 scalar diagnostics {'step': 356, 'time': 30.873450733630552, 'dt': 0.19634954084936207, 'total_energy': 1.4721380347089357}
2026-06-08T12:35:50+12:00 scalar diagnostics {'step': 357, 'time': 31.069800274479913, 'dt': 0.19634954084936207, 'total_energy': 1.4879097587083692}
2026-06-08T12:35:50+12:00 scalar diagnostics {'step': 358, 'time': 31.266149815329275, 'dt': 0.19634954084936207, 'total_energy': 1.4989955483120738}
2026-06-08T12:35:50+12:00 scalar diagnostics {'step': 360, 'time': 31.658848897027998, 'dt': 0.19634954084936207, 'total_energy': 1.5136810995947831}
2026-06-08T12:35:50+12:00 scalar diagnostics {'step': 361, 'time': 31.85519843787736, 'dt': 0.19634954084936207, 'total_energy': 1.5176432072661008}
2026-06-08T12:35:50+12:00 scalar diagnostics {'step': 362, 'time': 32.051547978726724, 'dt': 0.19634954084936207, 'total_energy': 1.5186020440297108}
2026-06-08T12:35:50+12:00 scalar diagnostics {'step': 364, 'time': 32.43753021882374, 'dt': 0.18963269924764972, 'total_energy': 1.5157038332973847}
2026-06-08T12:35:50+12:00 scalar diagnostics {'step': 365, 'time': 32.63226711331721, 'dt': 0.1947368944934727, 'total_energy': 1.5132275157611106}
2026-06-08T12:35:50+12:00 scalar diagnostics {'step': 366, 'time': 32.828616654166574, 'dt': 0.19634954084936207, 'total_energy': 1.510865970142836}
2026-06-08T12:35:50+12:00 scalar diagnostics {'step': 367, 'time': 33.024966195015935, 'dt': 0.19634954084936207, 'total_energy': 1.5084032922773458}
2026-06-08T12:35:50+12:00 scalar diagnostics {'step': 369, 'time': 33.41766527671466, 'dt': 0.19634954084936207, 'total_energy': 1.5053877953369221}
2026-06-08T12:35:50+12:00 scalar diagnostics {'step': 370, 'time': 33.61401481756402, 'dt': 0.19634954084936207, 'total_energy': 1.5090270886147308}
2026-06-08T12:35:50+12:00 scalar diagnostics {'step': 371, 'time': 33.81036435841338, 'dt': 0.19634954084936207, 'total_energy': 1.5163595680033994}
2026-06-08T12:35:50+12:00 scalar diagnostics {'step': 372, 'time': 34.00671389926274, 'dt': 0.19634954084936207, 'total_energy': 1.5250420774692224}
2026-06-08T12:35:50+12:00 scalar diagnostics {'step': 374, 'time': 34.399412980961465, 'dt': 0.19634954084936207, 'total_energy': 1.5437403492773392}
2026-06-08T12:35:50+12:00 scalar diagnostics {'step': 375, 'time': 34.595762521810826, 'dt': 0.19634954084936207, 'total_energy': 1.5536196224642387}
2026-06-08T12:35:50+12:00 scalar diagnostics {'step': 376, 'time': 34.79211206266019, 'dt': 0.19634954084936207, 'total_energy': 1.5631680126849639}
2026-06-08T12:35:50+12:00 scalar diagnostics {'step': 378, 'time': 35.18481114435891, 'dt': 0.19634954084936207, 'total_energy': 1.5825170218342053}
2026-06-08T12:35:50+12:00 scalar diagnostics {'step': 379, 'time': 35.38116068520827, 'dt': 0.19634954084936207, 'total_energy': 1.592331119080598}
2026-06-08T12:35:50+12:00 scalar diagnostics {'step': 380, 'time': 35.57751022605763, 'dt': 0.19634954084936207, 'total_energy': 1.601873442584903}
2026-06-08T12:35:50+12:00 scalar diagnostics {'step': 381, 'time': 35.773859766906995, 'dt': 0.19634954084936207, 'total_energy': 1.611849577221034}
2026-06-08T12:35:50+12:00 scalar diagnostics {'step': 383, 'time': 36.16655884860572, 'dt': 0.19634954084936207, 'total_energy': 1.6336643932005452}
2026-06-08T12:35:50+12:00 scalar diagnostics {'step': 384, 'time': 36.36290838945508, 'dt': 0.19634954084936207, 'total_energy': 1.6470836724572813}
2026-06-08T12:35:50+12:00 scalar diagnostics {'step': 385, 'time': 36.55925793030444, 'dt': 0.19634954084936207, 'total_energy': 1.6631903755849704}
2026-06-08T12:35:50+12:00 scalar diagnostics {'step': 386, 'time': 36.7556074711538, 'dt': 0.19634954084936207, 'total_energy': 1.6818783536376214}
2026-06-08T12:35:51+12:00 scalar diagnostics {'step': 388, 'time': 37.148306552852524, 'dt': 0.19634954084936207, 'total_energy': 1.7252746428801289}
2026-06-08T12:35:51+12:00 scalar diagnostics {'step': 389, 'time': 37.344656093701886, 'dt': 0.19634954084936207, 'total_energy': 1.7469481625437355}
2026-06-08T12:35:51+12:00 scalar diagnostics {'step': 390, 'time': 37.54100563455125, 'dt': 0.19634954084936207, 'total_energy': 1.7649752762637747}
2026-06-08T12:35:51+12:00 scalar diagnostics {'step': 392, 'time': 37.93370471624997, 'dt': 0.19634954084936207, 'total_energy': 1.7884088211428018}
2026-06-08T12:35:51+12:00 scalar diagnostics {'step': 393, 'time': 38.13005425709933, 'dt': 0.19634954084936207, 'total_energy': 1.79672077273129}
2026-06-08T12:35:51+12:00 scalar diagnostics {'step': 394, 'time': 38.32640379794869, 'dt': 0.19634954084936207, 'total_energy': 1.8044688081770133}
2026-06-08T12:35:51+12:00 scalar diagnostics {'step': 395, 'time': 38.522753338798054, 'dt': 0.19634954084936207, 'total_energy': 1.8120098536282883}
2026-06-08T12:35:51+12:00 scalar diagnostics {'step': 397, 'time': 38.91545242049678, 'dt': 0.19634954084936207, 'total_energy': 1.826218960340331}
2026-06-08T12:35:51+12:00 scalar diagnostics {'step': 398, 'time': 39.11180196134614, 'dt': 0.19634954084936207, 'total_energy': 1.8329799641087343}
2026-06-08T12:35:51+12:00 scalar diagnostics {'step': 399, 'time': 39.3081515021955, 'dt': 0.19634954084936207, 'total_energy': 1.8400659138482336}
2026-06-08T12:35:51+12:00 progress {'step': 400, 'time': 39.50450104304486, 'dt': 0.19634954084936207}
2026-06-08T12:35:51+12:00 scalar diagnostics {'step': 400, 'time': 39.50450104304486, 'dt': 0.19634954084936207, 'total_energy': 1.8478283914247193}
2026-06-08T12:35:51+12:00 scalar diagnostics {'step': 402, 'time': 39.897200124743584, 'dt': 0.19634954084936207, 'total_energy': 1.8674558937096295}
2026-06-08T12:35:51+12:00 scalar diagnostics {'step': 403, 'time': 40.093549665592946, 'dt': 0.19634954084936207, 'total_energy': 1.8802832319480958}
2026-06-08T12:35:51+12:00 scalar diagnostics {'step': 404, 'time': 40.28989920644231, 'dt': 0.19634954084936207, 'total_energy': 1.8957086747397645}
2026-06-08T12:35:51+12:00 scalar diagnostics {'step': 406, 'time': 40.68259828814103, 'dt': 0.19634954084936207, 'total_energy': 1.934246217886467}
2026-06-08T12:35:51+12:00 scalar diagnostics {'step': 407, 'time': 40.87894782899039, 'dt': 0.19634954084936207, 'total_energy': 1.9563212086848376}
2026-06-08T12:35:51+12:00 scalar diagnostics {'step': 408, 'time': 41.07529736983975, 'dt': 0.19634954084936207, 'total_energy': 1.9790014988676057}
2026-06-08T12:35:51+12:00 scalar diagnostics {'step': 409, 'time': 41.271646910689114, 'dt': 0.19634954084936207, 'total_energy': 2.001840925488516}
2026-06-08T12:35:51+12:00 scalar diagnostics {'step': 411, 'time': 41.66434599238784, 'dt': 0.19634954084936207, 'total_energy': 2.0497954365439313}
2026-06-08T12:35:51+12:00 scalar diagnostics {'step': 412, 'time': 41.8606955332372, 'dt': 0.19634954084936207, 'total_energy': 2.0757041977077613}
2026-06-08T12:35:51+12:00 scalar diagnostics {'step': 413, 'time': 42.05704507408656, 'dt': 0.19634954084936207, 'total_energy': 2.102781121787767}
2026-06-08T12:35:51+12:00 scalar diagnostics {'step': 414, 'time': 42.25339461493592, 'dt': 0.19634954084936207, 'total_energy': 2.130732669679263}
2026-06-08T12:35:51+12:00 scalar diagnostics {'step': 416, 'time': 42.646093696634644, 'dt': 0.19634954084936207, 'total_energy': 2.187897914266291}
2026-06-08T12:35:51+12:00 scalar diagnostics {'step': 417, 'time': 42.842443237484005, 'dt': 0.19634954084936207, 'total_energy': 2.2160192806699155}
2026-06-08T12:35:51+12:00 scalar diagnostics {'step': 418, 'time': 43.03879277833337, 'dt': 0.19634954084936207, 'total_energy': 2.2426281522090714}
2026-06-08T12:35:51+12:00 scalar diagnostics {'step': 420, 'time': 43.43149186003209, 'dt': 0.19634954084936207, 'total_energy': 2.288914246082125}
2026-06-08T12:35:51+12:00 scalar diagnostics {'step': 421, 'time': 43.62784140088145, 'dt': 0.19634954084936207, 'total_energy': 2.309059079945512}
2026-06-08T12:35:51+12:00 scalar diagnostics {'step': 422, 'time': 43.82419094173081, 'dt': 0.19634954084936207, 'total_energy': 2.3288711742615966}
2026-06-08T12:35:51+12:00 scalar diagnostics {'step': 423, 'time': 44.020540482580174, 'dt': 0.19634954084936207, 'total_energy': 2.349448818022455}
2026-06-08T12:35:51+12:00 scalar diagnostics {'step': 425, 'time': 44.413239564278896, 'dt': 0.19634954084936207, 'total_energy': 2.393798056872206}
2026-06-08T12:35:51+12:00 scalar diagnostics {'step': 426, 'time': 44.60958910512826, 'dt': 0.19634954084936207, 'total_energy': 2.4159291397968357}
2026-06-08T12:35:51+12:00 scalar diagnostics {'step': 427, 'time': 44.80593864597762, 'dt': 0.19634954084936207, 'total_energy': 2.43689048902818}
2026-06-08T12:35:51+12:00 scalar diagnostics {'step': 428, 'time': 45.00228818682698, 'dt': 0.19634954084936207, 'total_energy': 2.456949779472055}
2026-06-08T12:35:51+12:00 scalar diagnostics {'step': 430, 'time': 45.3949872685257, 'dt': 0.19634954084936207, 'total_energy': 2.499150266317702}
2026-06-08T12:35:51+12:00 scalar diagnostics {'step': 431, 'time': 45.591336809375065, 'dt': 0.19634954084936207, 'total_energy': 2.522885538277327}
2026-06-08T12:35:51+12:00 scalar diagnostics {'step': 432, 'time': 45.787686350224426, 'dt': 0.19634954084936207, 'total_energy': 2.5494644888627267}
2026-06-08T12:35:51+12:00 scalar diagnostics {'step': 434, 'time': 46.18038543192315, 'dt': 0.19634954084936207, 'total_energy': 2.607703083246907}
2026-06-08T12:35:51+12:00 scalar diagnostics {'step': 435, 'time': 46.37673497277251, 'dt': 0.19634954084936207, 'total_energy': 2.6365336619189432}
2026-06-08T12:35:51+12:00 scalar diagnostics {'step': 436, 'time': 46.57308451362187, 'dt': 0.19634954084936207, 'total_energy': 2.6634885297034825}
2026-06-08T12:35:51+12:00 scalar diagnostics {'step': 437, 'time': 46.76943405447123, 'dt': 0.19634954084936207, 'total_energy': 2.6879782815083892}
2026-06-08T12:35:51+12:00 scalar diagnostics {'step': 439, 'time': 47.162133136169956, 'dt': 0.19634954084936207, 'total_energy': 2.729980206290223}
2026-06-08T12:35:51+12:00 scalar diagnostics {'step': 440, 'time': 47.35848267701932, 'dt': 0.19634954084936207, 'total_energy': 2.7486642441926645}
2026-06-08T12:35:51+12:00 scalar diagnostics {'step': 441, 'time': 47.55483221786868, 'dt': 0.19634954084936207, 'total_energy': 2.7653195254025755}
2026-06-08T12:35:51+12:00 scalar diagnostics {'step': 442, 'time': 47.75118175871804, 'dt': 0.19634954084936207, 'total_energy': 2.78276154554817}
2026-06-08T12:35:51+12:00 scalar diagnostics {'step': 444, 'time': 48.14388084041676, 'dt': 0.19634954084936207, 'total_energy': 2.8212924607330927}
2026-06-08T12:35:51+12:00 scalar diagnostics {'step': 445, 'time': 48.340230381266124, 'dt': 0.19634954084936207, 'total_energy': 2.842553245796298}
2026-06-08T12:35:51+12:00 scalar diagnostics {'step': 446, 'time': 48.536579922115486, 'dt': 0.19634954084936207, 'total_energy': 2.865548240576844}
2026-06-08T12:35:51+12:00 scalar diagnostics {'step': 448, 'time': 48.92927900381421, 'dt': 0.19634954084936207, 'total_energy': 2.9172830023012093}
2026-06-08T12:35:51+12:00 scalar diagnostics {'step': 449, 'time': 49.12562854466357, 'dt': 0.19634954084936207, 'total_energy': 2.944977711663673}
2026-06-08T12:35:51+12:00 scalar diagnostics {'step': 450, 'time': 49.32197808551293, 'dt': 0.19634954084936207, 'total_energy': 2.972787754778242}
2026-06-08T12:35:51+12:00 scalar diagnostics {'step': 451, 'time': 49.51832762636229, 'dt': 0.19634954084936207, 'total_energy': 2.999172535518645}
2026-06-08T12:35:51+12:00 scalar diagnostics {'step': 453, 'time': 49.911026708061016, 'dt': 0.19634954084936207, 'total_energy': 3.0531976402004686}
2026-06-08T12:35:51+12:00 scalar diagnostics {'step': 454, 'time': 50.10737624891038, 'dt': 0.19634954084936207, 'total_energy': 3.0822317311786933}
2026-06-08T12:35:51+12:00 scalar diagnostics {'step': 455, 'time': 50.30372578975974, 'dt': 0.19634954084936207, 'total_energy': 3.1128651706811707}
2026-06-08T12:35:51+12:00 scalar diagnostics {'step': 456, 'time': 50.5000753306091, 'dt': 0.19634954084936207, 'total_energy': 3.144122403527593}
2026-06-08T12:35:51+12:00 scalar diagnostics {'step': 458, 'time': 50.89277441230782, 'dt': 0.19634954084936207, 'total_energy': 3.2007782714050386}
2026-06-08T12:35:51+12:00 scalar diagnostics {'step': 459, 'time': 51.089123953157184, 'dt': 0.19634954084936207, 'total_energy': 3.222392894303543}
2026-06-08T12:35:51+12:00 scalar diagnostics {'step': 460, 'time': 51.285473494006546, 'dt': 0.19634954084936207, 'total_energy': 3.2382382329403887}
2026-06-08T12:35:51+12:00 scalar diagnostics {'step': 462, 'time': 51.67817257570527, 'dt': 0.19634954084936207, 'total_energy': 3.252721713375764}
2026-06-08T12:35:51+12:00 scalar diagnostics {'step': 463, 'time': 51.87452211655463, 'dt': 0.19634954084936207, 'total_energy': 3.2532423784668216}
2026-06-08T12:35:51+12:00 scalar diagnostics {'step': 464, 'time': 52.07087165740399, 'dt': 0.19634954084936207, 'total_energy': 3.250623662529336}
2026-06-08T12:35:51+12:00 scalar diagnostics {'step': 465, 'time': 52.26722119825335, 'dt': 0.19634954084936207, 'total_energy': 3.2458235993858118}
2026-06-08T12:35:51+12:00 scalar diagnostics {'step': 467, 'time': 52.659920279952075, 'dt': 0.19634954084936207, 'total_energy': 3.2318915960591585}
2026-06-08T12:35:52+12:00 scalar diagnostics {'step': 468, 'time': 52.85626982080144, 'dt': 0.19634954084936207, 'total_energy': 3.2231928478228014}
2026-06-08T12:35:52+12:00 scalar diagnostics {'step': 469, 'time': 53.0526193616508, 'dt': 0.19634954084936207, 'total_energy': 3.213575466483956}
2026-06-08T12:35:52+12:00 scalar diagnostics {'step': 471, 'time': 53.44531844334952, 'dt': 0.19634954084936207, 'total_energy': 3.1929701286267886}
2026-06-08T12:35:52+12:00 scalar diagnostics {'step': 472, 'time': 53.64166798419888, 'dt': 0.19634954084936207, 'total_energy': 3.182877924294031}
2026-06-08T12:35:52+12:00 scalar diagnostics {'step': 473, 'time': 53.838017525048244, 'dt': 0.19634954084936207, 'total_energy': 3.1733627018762354}
2026-06-08T12:35:52+12:00 scalar diagnostics {'step': 474, 'time': 54.034367065897605, 'dt': 0.19634954084936207, 'total_energy': 3.164311486775426}
2026-06-08T12:35:52+12:00 scalar diagnostics {'step': 476, 'time': 54.42706614759633, 'dt': 0.19634954084936207, 'total_energy': 3.1453875033451353}
2026-06-08T12:35:52+12:00 scalar diagnostics {'step': 477, 'time': 54.62341568844569, 'dt': 0.19634954084936207, 'total_energy': 3.134589117027093}
2026-06-08T12:35:52+12:00 scalar diagnostics {'step': 478, 'time': 54.81976522929505, 'dt': 0.19634954084936207, 'total_energy': 3.1231570332167307}
2026-06-08T12:35:52+12:00 scalar diagnostics {'step': 479, 'time': 55.01611477014441, 'dt': 0.19634954084936207, 'total_energy': 3.1120122581207195}
2026-06-08T12:35:52+12:00 scalar diagnostics {'step': 481, 'time': 55.408813851843135, 'dt': 0.19634954084936207, 'total_energy': 3.0951401957906617}
2026-06-08T12:35:52+12:00 scalar diagnostics {'step': 482, 'time': 55.605163392692496, 'dt': 0.19634954084936207, 'total_energy': 3.091224703054784}
2026-06-08T12:35:52+12:00 scalar diagnostics {'step': 483, 'time': 55.80151293354186, 'dt': 0.19634954084936207, 'total_energy': 3.0905916617020033}
2026-06-08T12:35:52+12:00 scalar diagnostics {'step': 485, 'time': 56.19421201524058, 'dt': 0.19634954084936207, 'total_energy': 3.0959121852460174}
2026-06-08T12:35:52+12:00 scalar diagnostics {'step': 486, 'time': 56.39056155608994, 'dt': 0.19634954084936207, 'total_energy': 3.0999460466760205}
2026-06-08T12:35:52+12:00 scalar diagnostics {'step': 487, 'time': 56.5869110969393, 'dt': 0.19634954084936207, 'total_energy': 3.1044450188459574}
2026-06-08T12:35:52+12:00 scalar diagnostics {'step': 488, 'time': 56.783260637788665, 'dt': 0.19634954084936207, 'total_energy': 3.1098010014429627}
2026-06-08T12:35:52+12:00 scalar diagnostics {'step': 490, 'time': 57.17595971948739, 'dt': 0.19634954084936207, 'total_energy': 3.124503932954287}
2026-06-08T12:35:52+12:00 scalar diagnostics {'step': 491, 'time': 57.37230926033675, 'dt': 0.19634954084936207, 'total_energy': 3.1334824252490923}
2026-06-08T12:35:52+12:00 scalar diagnostics {'step': 492, 'time': 57.56865880118611, 'dt': 0.19634954084936207, 'total_energy': 3.1425505764080044}
2026-06-08T12:35:52+12:00 scalar diagnostics {'step': 493, 'time': 57.76500834203547, 'dt': 0.19634954084936207, 'total_energy': 3.150768832464507}
2026-06-08T12:35:52+12:00 scalar diagnostics {'step': 495, 'time': 58.157707423734195, 'dt': 0.19634954084936207, 'total_energy': 3.161488122317385}
2026-06-08T12:35:52+12:00 scalar diagnostics {'step': 496, 'time': 58.354056964583556, 'dt': 0.19634954084936207, 'total_energy': 3.1632515573601747}
2026-06-08T12:35:52+12:00 scalar diagnostics {'step': 497, 'time': 58.55040650543292, 'dt': 0.19634954084936207, 'total_energy': 3.1628108805669886}
2026-06-08T12:35:52+12:00 scalar diagnostics {'step': 499, 'time': 58.94310558713164, 'dt': 0.19634954084936207, 'total_energy': 3.157238298569677}
2026-06-08T12:35:52+12:00 progress {'step': 500, 'time': 59.139455127981, 'dt': 0.19634954084936207}
2026-06-08T12:35:52+12:00 scalar diagnostics {'step': 500, 'time': 59.139455127981, 'dt': 0.19634954084936207, 'total_energy': 3.1529053363050683}
2026-06-08T12:35:52+12:00 scalar diagnostics {'step': 501, 'time': 59.33580466883036, 'dt': 0.19634954084936207, 'total_energy': 3.1477844422057024}
2026-06-08T12:35:52+12:00 scalar diagnostics {'step': 502, 'time': 59.532154209679724, 'dt': 0.19634954084936207, 'total_energy': 3.141392260105099}
2026-06-08T12:35:52+12:00 scalar diagnostics {'step': 504, 'time': 59.92485329137845, 'dt': 0.19634954084936207, 'total_energy': 3.123415020498863}
2026-06-08T12:35:52+12:00 scalar diagnostics {'step': 505, 'time': 60.12120283222781, 'dt': 0.19634954084936207, 'total_energy': 3.1120923754486993}
2026-06-08T12:35:52+12:00 scalar diagnostics {'step': 506, 'time': 60.31755237307717, 'dt': 0.19634954084936207, 'total_energy': 3.100218964771331}
2026-06-08T12:35:52+12:00 scalar diagnostics {'step': 507, 'time': 60.51390191392653, 'dt': 0.19634954084936207, 'total_energy': 3.0887126642048677}
2026-06-08T12:35:52+12:00 scalar diagnostics {'step': 509, 'time': 60.906600995625254, 'dt': 0.19634954084936207, 'total_energy': 3.0682678995704045}
2026-06-08T12:35:52+12:00 scalar diagnostics {'step': 510, 'time': 61.102950536474616, 'dt': 0.19634954084936207, 'total_energy': 3.0590102581417407}
2026-06-08T12:35:52+12:00 scalar diagnostics {'step': 511, 'time': 61.29930007732398, 'dt': 0.19634954084936207, 'total_energy': 3.0504775450754753}
2026-06-08T12:35:52+12:00 scalar diagnostics {'step': 513, 'time': 61.6919991590227, 'dt': 0.19634954084936207, 'total_energy': 3.0350062528544006}
2026-06-08T12:35:52+12:00 scalar diagnostics {'step': 514, 'time': 61.88834869987206, 'dt': 0.19634954084936207, 'total_energy': 3.027837258788689}
2026-06-08T12:35:52+12:00 scalar diagnostics {'step': 515, 'time': 62.08469824072142, 'dt': 0.19634954084936207, 'total_energy': 3.020359463780776}
2026-06-08T12:35:52+12:00 scalar diagnostics {'step': 516, 'time': 62.281047781570784, 'dt': 0.19634954084936207, 'total_energy': 3.0120567283394983}
2026-06-08T12:35:52+12:00 scalar diagnostics {'step': 518, 'time': 62.67374686326951, 'dt': 0.19634954084936207, 'total_energy': 2.992996967022819}
2026-06-08T12:35:52+12:00 scalar diagnostics {'step': 519, 'time': 62.87009640411887, 'dt': 0.19634954084936207, 'total_energy': 2.983090342445098}
2026-06-08T12:35:52+12:00 scalar diagnostics {'step': 520, 'time': 63.06644594496823, 'dt': 0.19634954084936207, 'total_energy': 2.973557467692882}
2026-06-08T12:35:52+12:00 scalar diagnostics {'step': 521, 'time': 63.26279548581759, 'dt': 0.19634954084936207, 'total_energy': 2.9643595227270425}
2026-06-08T12:35:52+12:00 scalar diagnostics {'step': 523, 'time': 63.655494567516314, 'dt': 0.19634954084936207, 'total_energy': 2.9493019831969782}
2026-06-08T12:35:52+12:00 scalar diagnostics {'step': 524, 'time': 63.851844108365675, 'dt': 0.19634954084936207, 'total_energy': 2.944191493139181}
2026-06-08T12:35:52+12:00 scalar diagnostics {'step': 525, 'time': 64.04819364921504, 'dt': 0.19634954084936207, 'total_energy': 2.9411608808989396}
2026-06-08T12:35:52+12:00 scalar diagnostics {'step': 527, 'time': 64.44089273091377, 'dt': 0.19634954084936207, 'total_energy': 2.9413759001070754}
2026-06-08T12:35:52+12:00 scalar diagnostics {'step': 528, 'time': 64.63724227176314, 'dt': 0.19634954084936207, 'total_energy': 2.944083727708173}
2026-06-08T12:35:52+12:00 scalar diagnostics {'step': 529, 'time': 64.83359181261251, 'dt': 0.19634954084936207, 'total_energy': 2.9482651753519464}
2026-06-08T12:35:52+12:00 scalar diagnostics {'step': 530, 'time': 65.02994135346188, 'dt': 0.19634954084936207, 'total_energy': 2.954083415679116}
2026-06-08T12:35:52+12:00 scalar diagnostics {'step': 532, 'time': 65.42264043516062, 'dt': 0.19634954084936207, 'total_energy': 2.972273600913373}
2026-06-08T12:35:52+12:00 scalar diagnostics {'step': 533, 'time': 65.61898997600998, 'dt': 0.19634954084936207, 'total_energy': 2.983906970520623}
2026-06-08T12:35:52+12:00 scalar diagnostics {'step': 534, 'time': 65.81533951685935, 'dt': 0.19634954084936207, 'total_energy': 2.996373032020948}
2026-06-08T12:35:52+12:00 scalar diagnostics {'step': 535, 'time': 66.01168905770872, 'dt': 0.19634954084936207, 'total_energy': 3.008977324164011}
2026-06-08T12:35:52+12:00 scalar diagnostics {'step': 537, 'time': 66.40438813940746, 'dt': 0.19634954084936207, 'total_energy': 3.0335851803698493}
2026-06-08T12:35:52+12:00 scalar diagnostics {'step': 538, 'time': 66.60073768025683, 'dt': 0.19634954084936207, 'total_energy': 3.045917132941975}
2026-06-08T12:35:52+12:00 scalar diagnostics {'step': 539, 'time': 66.7970872211062, 'dt': 0.19634954084936207, 'total_energy': 3.0587122376505227}
2026-06-08T12:35:53+12:00 scalar diagnostics {'step': 541, 'time': 67.18978630280493, 'dt': 0.19634954084936207, 'total_energy': 3.087894419891415}
2026-06-08T12:35:53+12:00 scalar diagnostics {'step': 542, 'time': 67.3861358436543, 'dt': 0.19634954084936207, 'total_energy': 3.104305924675324}
2026-06-08T12:35:53+12:00 scalar diagnostics {'step': 543, 'time': 67.58248538450367, 'dt': 0.19634954084936207, 'total_energy': 3.121145344270344}
2026-06-08T12:35:53+12:00 scalar diagnostics {'step': 544, 'time': 67.77883492535304, 'dt': 0.19634954084936207, 'total_energy': 3.137816195250585}
2026-06-08T12:35:53+12:00 scalar diagnostics {'step': 546, 'time': 68.17153400705178, 'dt': 0.19634954084936207, 'total_energy': 3.1687092367614205}
2026-06-08T12:35:53+12:00 scalar diagnostics {'step': 547, 'time': 68.36788354790114, 'dt': 0.19634954084936207, 'total_energy': 3.182901920186131}
2026-06-08T12:35:53+12:00 scalar diagnostics {'step': 548, 'time': 68.56423308875051, 'dt': 0.19634954084936207, 'total_energy': 3.1968185870629604}
2026-06-08T12:35:53+12:00 scalar diagnostics {'step': 549, 'time': 68.76058262959988, 'dt': 0.19634954084936207, 'total_energy': 3.2108605350423276}
2026-06-08T12:35:53+12:00 scalar diagnostics {'step': 551, 'time': 69.15328171129862, 'dt': 0.19634954084936207, 'total_energy': 3.2382270513067324}
2026-06-08T12:35:53+12:00 scalar diagnostics {'step': 552, 'time': 69.34963125214799, 'dt': 0.19634954084936207, 'total_energy': 3.2502474361966978}
2026-06-08T12:35:53+12:00 scalar diagnostics {'step': 553, 'time': 69.54598079299736, 'dt': 0.19634954084936207, 'total_energy': 3.2601911646260042}
2026-06-08T12:35:53+12:00 scalar diagnostics {'step': 555, 'time': 69.93867987469609, 'dt': 0.19634954084936207, 'total_energy': 3.271879499579178}
2026-06-08T12:35:53+12:00 scalar diagnostics {'step': 556, 'time': 70.13502941554546, 'dt': 0.19634954084936207, 'total_energy': 3.2738712357741453}
2026-06-08T12:35:53+12:00 scalar diagnostics {'step': 557, 'time': 70.33137895639483, 'dt': 0.19634954084936207, 'total_energy': 3.274200234541782}
2026-06-08T12:35:53+12:00 scalar diagnostics {'step': 558, 'time': 70.5277284972442, 'dt': 0.19634954084936207, 'total_energy': 3.2737943644370864}
2026-06-08T12:35:53+12:00 scalar diagnostics {'step': 560, 'time': 70.92042757894293, 'dt': 0.19634954084936207, 'total_energy': 3.273468549931205}
2026-06-08T12:35:53+12:00 scalar diagnostics {'step': 561, 'time': 71.1167771197923, 'dt': 0.19634954084936207, 'total_energy': 3.27143064388605}
2026-06-08T12:35:53+12:00 scalar diagnostics {'step': 562, 'time': 71.31312666064167, 'dt': 0.19634954084936207, 'total_energy': 3.269639045664636}
2026-06-08T12:35:53+12:00 scalar diagnostics {'step': 563, 'time': 71.50947620149104, 'dt': 0.19634954084936207, 'total_energy': 3.267577999684817}
2026-06-08T12:35:53+12:00 scalar diagnostics {'step': 565, 'time': 71.90217528318978, 'dt': 0.19634954084936207, 'total_energy': 3.2625628822044566}
2026-06-08T12:35:53+12:00 scalar diagnostics {'step': 566, 'time': 72.09852482403915, 'dt': 0.19634954084936207, 'total_energy': 3.2604213761397753}
2026-06-08T12:35:53+12:00 scalar diagnostics {'step': 567, 'time': 72.29487436488851, 'dt': 0.19634954084936207, 'total_energy': 3.2589431329808525}
2026-06-08T12:35:53+12:00 scalar diagnostics {'step': 569, 'time': 72.68757344658725, 'dt': 0.19634954084936207, 'total_energy': 3.2564729966160773}
2026-06-08T12:35:53+12:00 scalar diagnostics {'step': 570, 'time': 72.88392298743662, 'dt': 0.19634954084936207, 'total_energy': 3.2539672966327444}
2026-06-08T12:35:53+12:00 scalar diagnostics {'step': 571, 'time': 73.08027252828599, 'dt': 0.19634954084936207, 'total_energy': 3.2482444699564184}
2026-06-08T12:35:53+12:00 scalar diagnostics {'step': 572, 'time': 73.27662206913536, 'dt': 0.19634954084936207, 'total_energy': 3.240983772037841}
2026-06-08T12:35:53+12:00 scalar diagnostics {'step': 574, 'time': 73.6693211508341, 'dt': 0.19634954084936207, 'total_energy': 3.2222341239709102}
2026-06-08T12:35:53+12:00 scalar diagnostics {'step': 575, 'time': 73.86567069168346, 'dt': 0.19634954084936207, 'total_energy': 3.210987630064147}
2026-06-08T12:35:53+12:00 scalar diagnostics {'step': 576, 'time': 74.06202023253283, 'dt': 0.19634954084936207, 'total_energy': 3.198551599496704}
2026-06-08T12:35:53+12:00 scalar diagnostics {'step': 577, 'time': 74.2583697733822, 'dt': 0.19634954084936207, 'total_energy': 3.184990047481514}
2026-06-08T12:35:53+12:00 scalar diagnostics {'step': 579, 'time': 74.65106885508094, 'dt': 0.19634954084936207, 'total_energy': 3.1551294551775557}
2026-06-08T12:35:53+12:00 scalar diagnostics {'step': 580, 'time': 74.8474183959303, 'dt': 0.19634954084936207, 'total_energy': 3.1391998037400133}
2026-06-08T12:35:53+12:00 scalar diagnostics {'step': 581, 'time': 75.04376793677967, 'dt': 0.19634954084936207, 'total_energy': 3.1226980548238865}
2026-06-08T12:35:53+12:00 scalar diagnostics {'step': 583, 'time': 75.43646701847841, 'dt': 0.19634954084936207, 'total_energy': 3.0894378409574634}
2026-06-08T12:35:53+12:00 scalar diagnostics {'step': 584, 'time': 75.63281655932778, 'dt': 0.19634954084936207, 'total_energy': 3.073275524840601}
2026-06-08T12:35:53+12:00 scalar diagnostics {'step': 585, 'time': 75.82916610017715, 'dt': 0.19634954084936207, 'total_energy': 3.0575844403170858}
2026-06-08T12:35:53+12:00 scalar diagnostics {'step': 586, 'time': 76.02551564102652, 'dt': 0.19634954084936207, 'total_energy': 3.0421324482034535}
2026-06-08T12:35:54+12:00 scalar diagnostics {'step': 588, 'time': 76.41821472272525, 'dt': 0.19634954084936207, 'total_energy': 3.0104391875699084}
2026-06-08T12:35:54+12:00 scalar diagnostics {'step': 589, 'time': 76.61456426357462, 'dt': 0.19634954084936207, 'total_energy': 2.9938500560350265}
2026-06-08T12:35:54+12:00 scalar diagnostics {'step': 590, 'time': 76.81091380442399, 'dt': 0.19634954084936207, 'total_energy': 2.9769965843088935}
2026-06-08T12:35:54+12:00 scalar diagnostics {'step': 591, 'time': 77.00726334527336, 'dt': 0.19634954084936207, 'total_energy': 2.9599783725749673}
2026-06-08T12:35:54+12:00 scalar diagnostics {'step': 593, 'time': 77.3999624269721, 'dt': 0.19634954084936207, 'total_energy': 2.927487206166162}
2026-06-08T12:35:54+12:00 scalar diagnostics {'step': 594, 'time': 77.59631196782146, 'dt': 0.19634954084936207, 'total_energy': 2.9121291947071244}
2026-06-08T12:35:54+12:00 scalar diagnostics {'step': 595, 'time': 77.79266150867083, 'dt': 0.19634954084936207, 'total_energy': 2.897242787574978}
2026-06-08T12:35:54+12:00 scalar diagnostics {'step': 597, 'time': 78.18536059036957, 'dt': 0.19634954084936207, 'total_energy': 2.8686021242610398}
2026-06-08T12:35:54+12:00 scalar diagnostics {'step': 598, 'time': 78.38171013121894, 'dt': 0.19634954084936207, 'total_energy': 2.854780105079026}
2026-06-08T12:35:54+12:00 scalar diagnostics {'step': 599, 'time': 78.5780596720683, 'dt': 0.19634954084936207, 'total_energy': 2.8411538133007412}
2026-06-08T12:35:54+12:00 progress {'step': 600, 'time': 78.77440921291767, 'dt': 0.19634954084936207}
2026-06-08T12:35:54+12:00 scalar diagnostics {'step': 600, 'time': 78.77440921291767, 'dt': 0.19634954084936207, 'total_energy': 2.8275425224742166}
2026-06-08T12:35:54+12:00 scalar diagnostics {'step': 602, 'time': 79.16710829461641, 'dt': 0.19634954084936207, 'total_energy': 2.799307275696405}
2026-06-08T12:35:54+12:00 scalar diagnostics {'step': 603, 'time': 79.36345783546578, 'dt': 0.19634954084936207, 'total_energy': 2.785480591291273}
2026-06-08T12:35:54+12:00 scalar diagnostics {'step': 604, 'time': 79.55980737631515, 'dt': 0.19634954084936207, 'total_energy': 2.7722319568274423}
2026-06-08T12:35:54+12:00 scalar diagnostics {'step': 605, 'time': 79.75615691716452, 'dt': 0.19634954084936207, 'total_energy': 2.759814390583504}
2026-06-08T12:35:54+12:00 scalar diagnostics {'step': 607, 'time': 80.14885599886325, 'dt': 0.19634954084936207, 'total_energy': 2.7379193204025016}
2026-06-08T12:35:54+12:00 scalar diagnostics {'step': 608, 'time': 80.34520553971262, 'dt': 0.19634954084936207, 'total_energy': 2.7282864307584815}
2026-06-08T12:35:54+12:00 scalar diagnostics {'step': 609, 'time': 80.54155508056199, 'dt': 0.19634954084936207, 'total_energy': 2.7190933313270986}
2026-06-08T12:35:54+12:00 scalar diagnostics {'step': 611, 'time': 80.93425416226073, 'dt': 0.19634954084936207, 'total_energy': 2.699793524161917}
2026-06-08T12:35:54+12:00 scalar diagnostics {'step': 612, 'time': 81.1306037031101, 'dt': 0.19634954084936207, 'total_energy': 2.6886618116737466}
2026-06-08T12:35:54+12:00 scalar diagnostics {'step': 613, 'time': 81.32695324395947, 'dt': 0.19634954084936207, 'total_energy': 2.676229170631849}
2026-06-08T12:35:54+12:00 scalar diagnostics {'step': 614, 'time': 81.52330278480883, 'dt': 0.19634954084936207, 'total_energy': 2.6626383433931586}
2026-06-08T12:35:54+12:00 scalar diagnostics {'step': 616, 'time': 81.91600186650757, 'dt': 0.19634954084936207, 'total_energy': 2.6336948858428824}
2026-06-08T12:35:54+12:00 scalar diagnostics {'step': 617, 'time': 82.11235140735694, 'dt': 0.19634954084936207, 'total_energy': 2.619430827839243}
2026-06-08T12:35:54+12:00 scalar diagnostics {'step': 618, 'time': 82.30870094820631, 'dt': 0.19634954084936207, 'total_energy': 2.6059283603831513}
2026-06-08T12:35:54+12:00 scalar diagnostics {'step': 619, 'time': 82.50505048905568, 'dt': 0.19634954084936207, 'total_energy': 2.593438677481193}
2026-06-08T12:35:54+12:00 scalar diagnostics {'step': 621, 'time': 82.89774957075441, 'dt': 0.19634954084936207, 'total_energy': 2.5723721889798776}
2026-06-08T12:35:54+12:00 scalar diagnostics {'step': 622, 'time': 83.09409911160378, 'dt': 0.19634954084936207, 'total_energy': 2.563770833786693}
2026-06-08T12:35:54+12:00 scalar diagnostics {'step': 623, 'time': 83.29044865245315, 'dt': 0.19634954084936207, 'total_energy': 2.5564555321391427}
2026-06-08T12:35:54+12:00 scalar diagnostics {'step': 625, 'time': 83.68314773415189, 'dt': 0.19634954084936207, 'total_energy': 2.547053568725941}
2026-06-08T12:35:54+12:00 scalar diagnostics {'step': 626, 'time': 83.87949727500126, 'dt': 0.19634954084936207, 'total_energy': 2.5454528907791505}
2026-06-08T12:35:54+12:00 scalar diagnostics {'step': 627, 'time': 84.07584681585062, 'dt': 0.19634954084936207, 'total_energy': 2.545833655030236}
2026-06-08T12:35:54+12:00 scalar diagnostics {'step': 628, 'time': 84.2721963567, 'dt': 0.19634954084936207, 'total_energy': 2.5478144858823972}
2026-06-08T12:35:54+12:00 scalar diagnostics {'step': 630, 'time': 84.66489543839873, 'dt': 0.19634954084936207, 'total_energy': 2.554831052629913}
2026-06-08T12:35:54+12:00 scalar diagnostics {'step': 631, 'time': 84.8612449792481, 'dt': 0.19634954084936207, 'total_energy': 2.560192632411728}
2026-06-08T12:35:54+12:00 scalar diagnostics {'step': 632, 'time': 85.05759452009747, 'dt': 0.19634954084936207, 'total_energy': 2.5660774121550576}
2026-06-08T12:35:54+12:00 scalar diagnostics {'step': 633, 'time': 85.25394406094684, 'dt': 0.19634954084936207, 'total_energy': 2.572547319691076}
2026-06-08T12:35:54+12:00 scalar diagnostics {'step': 635, 'time': 85.64664314264557, 'dt': 0.19634954084936207, 'total_energy': 2.5871924212924657}
2026-06-08T12:35:54+12:00 scalar diagnostics {'step': 636, 'time': 85.84299268349494, 'dt': 0.19634954084936207, 'total_energy': 2.5951678610732034}
2026-06-08T12:35:54+12:00 scalar diagnostics {'step': 637, 'time': 86.03934222434431, 'dt': 0.19634954084936207, 'total_energy': 2.6033793704257966}
2026-06-08T12:35:54+12:00 scalar diagnostics {'step': 639, 'time': 86.43204130604305, 'dt': 0.19634954084936207, 'total_energy': 2.6197935327285413}
2026-06-08T12:35:54+12:00 scalar diagnostics {'step': 640, 'time': 86.62839084689242, 'dt': 0.19634954084936207, 'total_energy': 2.6276645956847804}
2026-06-08T12:35:54+12:00 scalar diagnostics {'step': 641, 'time': 86.82474038774178, 'dt': 0.19634954084936207, 'total_energy': 2.6359759412349106}
2026-06-08T12:35:54+12:00 scalar diagnostics {'step': 642, 'time': 87.02108992859115, 'dt': 0.19634954084936207, 'total_energy': 2.6438746139040292}
2026-06-08T12:35:54+12:00 scalar diagnostics {'step': 644, 'time': 87.41378901028989, 'dt': 0.19634954084936207, 'total_energy': 2.6580487848499836}
2026-06-08T12:35:54+12:00 scalar diagnostics {'step': 645, 'time': 87.61013855113926, 'dt': 0.19634954084936207, 'total_energy': 2.6636690777408285}
2026-06-08T12:35:54+12:00 scalar diagnostics {'step': 646, 'time': 87.80648809198863, 'dt': 0.19634954084936207, 'total_energy': 2.6676127139901578}
2026-06-08T12:35:54+12:00 scalar diagnostics {'step': 647, 'time': 88.002837632838, 'dt': 0.19634954084936207, 'total_energy': 2.669406753622013}
2026-06-08T12:35:54+12:00 scalar diagnostics {'step': 649, 'time': 88.39553671453673, 'dt': 0.19634954084936207, 'total_energy': 2.6662373528231966}
2026-06-08T12:35:54+12:00 scalar diagnostics {'step': 650, 'time': 88.5918862553861, 'dt': 0.19634954084936207, 'total_energy': 2.6620678419959622}
2026-06-08T12:35:54+12:00 scalar diagnostics {'step': 651, 'time': 88.78823579623547, 'dt': 0.19634954084936207, 'total_energy': 2.6576868838955803}
2026-06-08T12:35:54+12:00 scalar diagnostics {'step': 653, 'time': 89.1809348779342, 'dt': 0.19634954084936207, 'total_energy': 2.648535983262248}
2026-06-08T12:35:54+12:00 scalar diagnostics {'step': 654, 'time': 89.37728441878357, 'dt': 0.19634954084936207, 'total_energy': 2.6442615428649914}
2026-06-08T12:35:54+12:00 scalar diagnostics {'step': 655, 'time': 89.57363395963294, 'dt': 0.19634954084936207, 'total_energy': 2.6401959623447473}
2026-06-08T12:35:54+12:00 scalar diagnostics {'step': 656, 'time': 89.76998350048231, 'dt': 0.19634954084936207, 'total_energy': 2.636313976164788}
2026-06-08T12:35:54+12:00 scalar diagnostics {'step': 658, 'time': 90.16268258218105, 'dt': 0.19634954084936207, 'total_energy': 2.6296624806957216}
2026-06-08T12:35:54+12:00 scalar diagnostics {'step': 659, 'time': 90.35903212303042, 'dt': 0.19634954084936207, 'total_energy': 2.6275230264456115}
2026-06-08T12:35:54+12:00 scalar diagnostics {'step': 660, 'time': 90.55538166387979, 'dt': 0.19634954084936207, 'total_energy': 2.626656512887375}
2026-06-08T12:35:54+12:00 scalar diagnostics {'step': 661, 'time': 90.75173120472915, 'dt': 0.19634954084936207, 'total_energy': 2.6277969578815004}
2026-06-08T12:35:54+12:00 scalar diagnostics {'step': 663, 'time': 91.14443028642789, 'dt': 0.19634954084936207, 'total_energy': 2.6342487645760535}
2026-06-08T12:35:54+12:00 scalar diagnostics {'step': 664, 'time': 91.34077982727726, 'dt': 0.19634954084936207, 'total_energy': 2.6390452283734547}
2026-06-08T12:35:54+12:00 scalar diagnostics {'step': 665, 'time': 91.53712936812663, 'dt': 0.19634954084936207, 'total_energy': 2.6445045955946638}
2026-06-08T12:35:55+12:00 scalar diagnostics {'step': 667, 'time': 91.92982844982537, 'dt': 0.19634954084936207, 'total_energy': 2.657060677278889}
2026-06-08T12:35:55+12:00 scalar diagnostics {'step': 668, 'time': 92.12617799067473, 'dt': 0.19634954084936207, 'total_energy': 2.664330411204703}
2026-06-08T12:35:55+12:00 scalar diagnostics {'step': 669, 'time': 92.3225275315241, 'dt': 0.19634954084936207, 'total_energy': 2.6724022315803206}
2026-06-08T12:35:55+12:00 scalar diagnostics {'step': 670, 'time': 92.51887707237347, 'dt': 0.19634954084936207, 'total_energy': 2.681240273834224}
2026-06-08T12:35:55+12:00 scalar diagnostics {'step': 672, 'time': 92.91157615407221, 'dt': 0.19634954084936207, 'total_energy': 2.7015705429708747}
2026-06-08T12:35:55+12:00 scalar diagnostics {'step': 673, 'time': 93.10792569492158, 'dt': 0.19634954084936207, 'total_energy': 2.7120240623876506}
2026-06-08T12:35:55+12:00 scalar diagnostics {'step': 674, 'time': 93.30427523577094, 'dt': 0.19634954084936207, 'total_energy': 2.7225305488304308}
2026-06-08T12:35:55+12:00 scalar diagnostics {'step': 675, 'time': 93.50062477662031, 'dt': 0.19634954084936207, 'total_energy': 2.7331238064668324}
2026-06-08T12:35:55+12:00 scalar diagnostics {'step': 677, 'time': 93.89332385831905, 'dt': 0.19634954084936207, 'total_energy': 2.7547890548204026}
2026-06-08T12:35:55+12:00 scalar diagnostics {'step': 678, 'time': 94.08967339916842, 'dt': 0.19634954084936207, 'total_energy': 2.7657735085946094}
2026-06-08T12:35:55+12:00 scalar diagnostics {'step': 679, 'time': 94.28602294001779, 'dt': 0.19634954084936207, 'total_energy': 2.7766260158256557}
2026-06-08T12:35:55+12:00 scalar diagnostics {'step': 681, 'time': 94.67872202171652, 'dt': 0.19634954084936207, 'total_energy': 2.797306059608085}
2026-06-08T12:35:55+12:00 scalar diagnostics {'step': 682, 'time': 94.87507156256589, 'dt': 0.19634954084936207, 'total_energy': 2.8068929462696843}
2026-06-08T12:35:55+12:00 scalar diagnostics {'step': 683, 'time': 95.07142110341526, 'dt': 0.19634954084936207, 'total_energy': 2.81594885600057}
2026-06-08T12:35:55+12:00 scalar diagnostics {'step': 684, 'time': 95.26777064426463, 'dt': 0.19634954084936207, 'total_energy': 2.824606389207319}
2026-06-08T12:35:55+12:00 scalar diagnostics {'step': 686, 'time': 95.66046972596337, 'dt': 0.19634954084936207, 'total_energy': 2.8410543359919207}
2026-06-08T12:35:55+12:00 scalar diagnostics {'step': 687, 'time': 95.85681926681274, 'dt': 0.19634954084936207, 'total_energy': 2.848837557654784}
2026-06-08T12:35:55+12:00 scalar diagnostics {'step': 688, 'time': 96.0531688076621, 'dt': 0.19634954084936207, 'total_energy': 2.8563322226119774}
2026-06-08T12:35:55+12:00 scalar diagnostics {'step': 690, 'time': 96.44586788936084, 'dt': 0.19634954084936207, 'total_energy': 2.8712481250741675}
2026-06-08T12:35:55+12:00 scalar diagnostics {'step': 691, 'time': 96.64221743021021, 'dt': 0.19634954084936207, 'total_energy': 2.8794197541682562}
2026-06-08T12:35:55+12:00 scalar diagnostics {'step': 692, 'time': 96.83856697105958, 'dt': 0.19634954084936207, 'total_energy': 2.8887457475467455}
2026-06-08T12:35:55+12:00 scalar diagnostics {'step': 693, 'time': 97.03491651190895, 'dt': 0.19634954084936207, 'total_energy': 2.899668579098197}
2026-06-08T12:35:55+12:00 scalar diagnostics {'step': 695, 'time': 97.42761559360768, 'dt': 0.19634954084936207, 'total_energy': 2.927464524460786}
2026-06-08T12:35:55+12:00 scalar diagnostics {'step': 696, 'time': 97.62396513445705, 'dt': 0.19634954084936207, 'total_energy': 2.944576291391348}
2026-06-08T12:35:55+12:00 scalar diagnostics {'step': 697, 'time': 97.82031467530642, 'dt': 0.19634954084936207, 'total_energy': 2.963803026153852}
2026-06-08T12:35:55+12:00 scalar diagnostics {'step': 698, 'time': 98.01666421615579, 'dt': 0.19634954084936207, 'total_energy': 2.9850381501528025}
2026-06-08T12:35:55+12:00 progress {'step': 700, 'time': 98.40936329785453, 'dt': 0.19634954084936207}
2026-06-08T12:35:55+12:00 scalar diagnostics {'step': 700, 'time': 98.40936329785453, 'dt': 0.19634954084936207, 'total_energy': 3.0329960336245727}
2026-06-08T12:35:55+12:00 scalar diagnostics {'step': 701, 'time': 98.6057128387039, 'dt': 0.19634954084936207, 'total_energy': 3.0587573597240167}
2026-06-08T12:35:55+12:00 scalar diagnostics {'step': 702, 'time': 98.80206237955326, 'dt': 0.19634954084936207, 'total_energy': 3.0859426565906256}
2026-06-08T12:35:55+12:00 scalar diagnostics {'step': 704, 'time': 99.194761461252, 'dt': 0.19634954084936207, 'total_energy': 3.143193835869128}
2026-06-08T12:35:55+12:00 scalar diagnostics {'step': 705, 'time': 99.39111100210137, 'dt': 0.19634954084936207, 'total_energy': 3.1722551532326198}
2026-06-08T12:35:55+12:00 scalar diagnostics {'step': 706, 'time': 99.58746054295074, 'dt': 0.19634954084936207, 'total_energy': 3.2008641885001685}
2026-06-08T12:35:55+12:00 scalar diagnostics {'step': 707, 'time': 99.7838100838001, 'dt': 0.19634954084936207, 'total_energy': 3.228579425445666}
2026-06-08T12:35:55+12:00 scalar diagnostics {'step': 709, 'time': 100.17650916549884, 'dt': 0.19634954084936207, 'total_energy': 3.280405883824641}
2026-06-08T12:35:55+12:00 scalar diagnostics {'step': 710, 'time': 100.37285870634821, 'dt': 0.19634954084936207, 'total_energy': 3.304318512600214}
2026-06-08T12:35:55+12:00 scalar diagnostics {'step': 711, 'time': 100.56920824719758, 'dt': 0.19634954084936207, 'total_energy': 3.325041636421375}
2026-06-08T12:35:55+12:00 scalar diagnostics {'step': 712, 'time': 100.76555778804695, 'dt': 0.19634954084936207, 'total_energy': 3.344384346283192}
2026-06-08T12:35:55+12:00 scalar diagnostics {'step': 714, 'time': 101.15825686974568, 'dt': 0.19634954084936207, 'total_energy': 3.378706441878303}
2026-06-08T12:35:55+12:00 scalar diagnostics {'step': 715, 'time': 101.35460641059505, 'dt': 0.19634954084936207, 'total_energy': 3.393918144127394}
2026-06-08T12:35:55+12:00 scalar diagnostics {'step': 716, 'time': 101.55095595144442, 'dt': 0.19634954084936207, 'total_energy': 3.4081926367588258}
2026-06-08T12:35:55+12:00 scalar diagnostics {'step': 718, 'time': 101.94365503314316, 'dt': 0.19634954084936207, 'total_energy': 3.435223860739339}
2026-06-08T12:35:55+12:00 scalar diagnostics {'step': 719, 'time': 102.14000457399253, 'dt': 0.19634954084936207, 'total_energy': 3.4484816691674496}
2026-06-08T12:35:55+12:00 scalar diagnostics {'step': 720, 'time': 102.3363541148419, 'dt': 0.19634954084936207, 'total_energy': 3.4617369828550832}
2026-06-08T12:35:55+12:00 scalar diagnostics {'step': 721, 'time': 102.53270365569126, 'dt': 0.19634954084936207, 'total_energy': 3.472981643645384}
2026-06-08T12:35:55+12:00 scalar diagnostics {'step': 723, 'time': 102.92540273739, 'dt': 0.19634954084936207, 'total_energy': 3.495597112482115}
2026-06-08T12:35:55+12:00 scalar diagnostics {'step': 724, 'time': 103.12175227823937, 'dt': 0.19634954084936207, 'total_energy': 3.506492312062713}
2026-06-08T12:35:55+12:00 scalar diagnostics {'step': 725, 'time': 103.31810181908874, 'dt': 0.19634954084936207, 'total_energy': 3.5168190806377533}
2026-06-08T12:35:55+12:00 scalar diagnostics {'step': 726, 'time': 103.5144513599381, 'dt': 0.19634954084936207, 'total_energy': 3.526428756225419}
2026-06-08T12:35:55+12:00 scalar diagnostics {'step': 728, 'time': 103.90715044163684, 'dt': 0.19634954084936207, 'total_energy': 3.5431146190441276}
2026-06-08T12:35:55+12:00 scalar diagnostics {'step': 729, 'time': 104.10349998248621, 'dt': 0.19634954084936207, 'total_energy': 3.549972138159763}
2026-06-08T12:35:55+12:00 scalar diagnostics {'step': 730, 'time': 104.29984952333558, 'dt': 0.19634954084936207, 'total_energy': 3.5556342995706656}
2026-06-08T12:35:55+12:00 scalar diagnostics {'step': 732, 'time': 104.69254860503432, 'dt': 0.19634954084936207, 'total_energy': 3.560410733921052}
2026-06-08T12:35:55+12:00 scalar diagnostics {'step': 733, 'time': 104.88889814588369, 'dt': 0.19634954084936207, 'total_energy': 3.560945048230822}
2026-06-08T12:35:55+12:00 scalar diagnostics {'step': 734, 'time': 105.08524768673306, 'dt': 0.19634954084936207, 'total_energy': 3.5603939479988402}
2026-06-08T12:35:55+12:00 scalar diagnostics {'step': 735, 'time': 105.28159722758242, 'dt': 0.19634954084936207, 'total_energy': 3.5589451795870657}
2026-06-08T12:35:55+12:00 scalar diagnostics {'step': 737, 'time': 105.67429630928116, 'dt': 0.19634954084936207, 'total_energy': 3.5539439971811966}
2026-06-08T12:35:55+12:00 scalar diagnostics {'step': 738, 'time': 105.87064585013053, 'dt': 0.19634954084936207, 'total_energy': 3.5505354390669877}
2026-06-08T12:35:55+12:00 scalar diagnostics {'step': 739, 'time': 106.0669953909799, 'dt': 0.19634954084936207, 'total_energy': 3.546571612824531}
2026-06-08T12:35:55+12:00 scalar diagnostics {'step': 740, 'time': 106.26334493182927, 'dt': 0.19634954084936207, 'total_energy': 3.5421298317269176}
2026-06-08T12:35:55+12:00 scalar diagnostics {'step': 742, 'time': 106.656044013528, 'dt': 0.19634954084936207, 'total_energy': 3.5317686831445947}
2026-06-08T12:35:55+12:00 scalar diagnostics {'step': 743, 'time': 106.85239355437737, 'dt': 0.19634954084936207, 'total_energy': 3.5266434721814326}
2026-06-08T12:35:55+12:00 scalar diagnostics {'step': 744, 'time': 107.04874309522674, 'dt': 0.19634954084936207, 'total_energy': 3.521769822677683}
2026-06-08T12:35:56+12:00 scalar diagnostics {'step': 746, 'time': 107.44144217692548, 'dt': 0.19634954084936207, 'total_energy': 3.512900746178138}
2026-06-08T12:35:56+12:00 scalar diagnostics {'step': 747, 'time': 107.63779171777485, 'dt': 0.19634954084936207, 'total_energy': 3.5087491415765584}
2026-06-08T12:35:56+12:00 scalar diagnostics {'step': 748, 'time': 107.83414125862421, 'dt': 0.19634954084936207, 'total_energy': 3.504611230966736}
2026-06-08T12:35:56+12:00 scalar diagnostics {'step': 749, 'time': 108.03049079947358, 'dt': 0.19634954084936207, 'total_energy': 3.5003643003977123}
2026-06-08T12:35:56+12:00 scalar diagnostics {'step': 751, 'time': 108.42318988117232, 'dt': 0.19634954084936207, 'total_energy': 3.4915371787180116}
2026-06-08T12:35:56+12:00 scalar diagnostics {'step': 752, 'time': 108.61953942202169, 'dt': 0.19634954084936207, 'total_energy': 3.4867780103523405}
2026-06-08T12:35:56+12:00 scalar diagnostics {'step': 753, 'time': 108.81588896287106, 'dt': 0.19634954084936207, 'total_energy': 3.4815564494305296}
2026-06-08T12:35:56+12:00 scalar diagnostics {'step': 754, 'time': 109.01223850372043, 'dt': 0.19634954084936207, 'total_energy': 3.4757656011583875}
2026-06-08T12:35:56+12:00 scalar diagnostics {'step': 756, 'time': 109.40493758541916, 'dt': 0.19634954084936207, 'total_energy': 3.461958812066582}
2026-06-08T12:35:56+12:00 scalar diagnostics {'step': 757, 'time': 109.60128712626853, 'dt': 0.19634954084936207, 'total_energy': 3.4537133002149254}
2026-06-08T12:35:56+12:00 scalar diagnostics {'step': 758, 'time': 109.7976366671179, 'dt': 0.19634954084936207, 'total_energy': 3.4445283366651513}
2026-06-08T12:35:56+12:00 scalar diagnostics {'step': 760, 'time': 110.19033574881664, 'dt': 0.19634954084936207, 'total_energy': 3.423903057907279}
2026-06-08T12:35:56+12:00 scalar diagnostics {'step': 761, 'time': 110.386685289666, 'dt': 0.19634954084936207, 'total_energy': 3.4135031706749626}
2026-06-08T12:35:56+12:00 scalar diagnostics {'step': 762, 'time': 110.58303483051537, 'dt': 0.19634954084936207, 'total_energy': 3.402990420275165}
2026-06-08T12:35:56+12:00 scalar diagnostics {'step': 763, 'time': 110.77938437136474, 'dt': 0.19634954084936207, 'total_energy': 3.392557613010381}
2026-06-08T12:35:56+12:00 scalar diagnostics {'step': 765, 'time': 111.17208345306348, 'dt': 0.19634954084936207, 'total_energy': 3.372461095481386}
2026-06-08T12:35:56+12:00 scalar diagnostics {'step': 766, 'time': 111.36843299391285, 'dt': 0.19634954084936207, 'total_energy': 3.3631301619148273}
2026-06-08T12:35:56+12:00 scalar diagnostics {'step': 767, 'time': 111.56478253476222, 'dt': 0.19634954084936207, 'total_energy': 3.354599725683208}
2026-06-08T12:35:56+12:00 scalar diagnostics {'step': 768, 'time': 111.76113207561158, 'dt': 0.19634954084936207, 'total_energy': 3.3471137168098037}
2026-06-08T12:35:56+12:00 scalar diagnostics {'step': 770, 'time': 112.15383115731032, 'dt': 0.19634954084936207, 'total_energy': 3.3356411288240166}
2026-06-08T12:35:56+12:00 scalar diagnostics {'step': 771, 'time': 112.35018069815969, 'dt': 0.19634954084936207, 'total_energy': 3.3319422770552776}
2026-06-08T12:35:56+12:00 scalar diagnostics {'step': 772, 'time': 112.54653023900906, 'dt': 0.19634954084936207, 'total_energy': 3.328891410374295}
2026-06-08T12:35:56+12:00 scalar diagnostics {'step': 774, 'time': 112.9392293207078, 'dt': 0.19634954084936207, 'total_energy': 3.3237748339480695}
2026-06-08T12:35:56+12:00 scalar diagnostics {'step': 775, 'time': 113.13557886155716, 'dt': 0.19634954084936207, 'total_energy': 3.3213070994730685}
2026-06-08T12:35:56+12:00 scalar diagnostics {'step': 776, 'time': 113.33192840240653, 'dt': 0.19634954084936207, 'total_energy': 3.3186445824463426}
2026-06-08T12:35:56+12:00 scalar diagnostics {'step': 777, 'time': 113.5282779432559, 'dt': 0.19634954084936207, 'total_energy': 3.315589294538738}
2026-06-08T12:35:56+12:00 scalar diagnostics {'step': 779, 'time': 113.92097702495464, 'dt': 0.19634954084936207, 'total_energy': 3.307605159107723}
2026-06-08T12:35:56+12:00 scalar diagnostics {'step': 780, 'time': 114.117326565804, 'dt': 0.19634954084936207, 'total_energy': 3.3024250155966097}
2026-06-08T12:35:56+12:00 scalar diagnostics {'step': 781, 'time': 114.31367610665338, 'dt': 0.19634954084936207, 'total_energy': 3.2967217723790823}
2026-06-08T12:35:56+12:00 scalar diagnostics {'step': 782, 'time': 114.51002564750274, 'dt': 0.19634954084936207, 'total_energy': 3.2900613822983322}
2026-06-08T12:35:56+12:00 scalar diagnostics {'step': 784, 'time': 114.90272472920148, 'dt': 0.19634954084936207, 'total_energy': 3.2740250499932095}
2026-06-08T12:35:56+12:00 scalar diagnostics {'step': 785, 'time': 115.09907427005085, 'dt': 0.19634954084936207, 'total_energy': 3.2648800446686397}
2026-06-08T12:35:56+12:00 scalar diagnostics {'step': 786, 'time': 115.29542381090022, 'dt': 0.19634954084936207, 'total_energy': 3.255208627298811}
2026-06-08T12:35:56+12:00 scalar diagnostics {'step': 788, 'time': 115.68812289259895, 'dt': 0.19634954084936207, 'total_energy': 3.2349851784586967}
2026-06-08T12:35:56+12:00 scalar diagnostics {'step': 789, 'time': 115.88447243344832, 'dt': 0.19634954084936207, 'total_energy': 3.22476529941206}
2026-06-08T12:35:56+12:00 scalar diagnostics {'step': 790, 'time': 116.08082197429769, 'dt': 0.19634954084936207, 'total_energy': 3.214722695136704}
2026-06-08T12:35:56+12:00 scalar diagnostics {'step': 791, 'time': 116.27717151514706, 'dt': 0.19634954084936207, 'total_energy': 3.2053601447977824}
2026-06-08T12:35:56+12:00 scalar diagnostics {'step': 793, 'time': 116.6698705968458, 'dt': 0.19634954084936207, 'total_energy': 3.1886765498565506}
2026-06-08T12:35:56+12:00 scalar diagnostics {'step': 794, 'time': 116.86622013769517, 'dt': 0.19634954084936207, 'total_energy': 3.181589194339402}
2026-06-08T12:35:56+12:00 scalar diagnostics {'step': 795, 'time': 117.06256967854453, 'dt': 0.19634954084936207, 'total_energy': 3.175256579707952}
2026-06-08T12:35:56+12:00 scalar diagnostics {'step': 796, 'time': 117.2589192193939, 'dt': 0.19634954084936207, 'total_energy': 3.1694583328687362}
2026-06-08T12:35:56+12:00 scalar diagnostics {'step': 798, 'time': 117.65161830109264, 'dt': 0.19634954084936207, 'total_energy': 3.1584112951724173}
2026-06-08T12:35:56+12:00 scalar diagnostics {'step': 799, 'time': 117.84796784194201, 'dt': 0.19634954084936207, 'total_energy': 3.1527536850919224}
2026-06-08T12:35:56+12:00 progress {'step': 800, 'time': 118.04431738279138, 'dt': 0.19634954084936207}
2026-06-08T12:35:56+12:00 scalar diagnostics {'step': 800, 'time': 118.04431738279138, 'dt': 0.19634954084936207, 'total_energy': 3.14688326513306}
2026-06-08T12:35:56+12:00 scalar diagnostics {'step': 802, 'time': 118.43701646449011, 'dt': 0.19634954084936207, 'total_energy': 3.1350562199397105}
2026-06-08T12:35:56+12:00 scalar diagnostics {'step': 803, 'time': 118.63336600533948, 'dt': 0.19634954084936207, 'total_energy': 3.1290382675283777}
2026-06-08T12:35:56+12:00 scalar diagnostics {'step': 804, 'time': 118.82971554618885, 'dt': 0.19634954084936207, 'total_energy': 3.123076447853925}
2026-06-08T12:35:56+12:00 scalar diagnostics {'step': 805, 'time': 119.02606508703822, 'dt': 0.19634954084936207, 'total_energy': 3.117241640575889}
2026-06-08T12:35:56+12:00 scalar diagnostics {'step': 807, 'time': 119.41876416873696, 'dt': 0.19634954084936207, 'total_energy': 3.1061621673576103}
2026-06-08T12:35:56+12:00 scalar diagnostics {'step': 808, 'time': 119.61511370958632, 'dt': 0.19634954084936207, 'total_energy': 3.101016529932817}
2026-06-08T12:35:56+12:00 scalar diagnostics {'step': 809, 'time': 119.8114632504357, 'dt': 0.19634954084936207, 'total_energy': 3.096195394364316}
2026-06-08T12:35:56+12:00 scalar diagnostics {'step': 810, 'time': 120.00781279128506, 'dt': 0.19634954084936207, 'total_energy': 3.0917188774530686}
2026-06-08T12:35:56+12:00 scalar diagnostics {'step': 812, 'time': 120.4005118729838, 'dt': 0.19634954084936207, 'total_energy': 3.0840070576101604}
2026-06-08T12:35:56+12:00 scalar diagnostics {'step': 813, 'time': 120.59686141383317, 'dt': 0.19634954084936207, 'total_energy': 3.080415607039661}
2026-06-08T12:35:56+12:00 scalar diagnostics {'step': 814, 'time': 120.79321095468254, 'dt': 0.19634954084936207, 'total_energy': 3.07687208547794}
2026-06-08T12:35:56+12:00 scalar diagnostics {'step': 816, 'time': 121.18591003638127, 'dt': 0.19634954084936207, 'total_energy': 3.0696904672422285}
2026-06-08T12:35:56+12:00 scalar diagnostics {'step': 817, 'time': 121.38225957723064, 'dt': 0.19634954084936207, 'total_energy': 3.0660048058477107}
2026-06-08T12:35:56+12:00 scalar diagnostics {'step': 818, 'time': 121.57860911808001, 'dt': 0.19634954084936207, 'total_energy': 3.062224566112296}
2026-06-08T12:35:56+12:00 scalar diagnostics {'step': 819, 'time': 121.77495865892938, 'dt': 0.19634954084936207, 'total_energy': 3.0582862025697977}
2026-06-08T12:35:56+12:00 scalar diagnostics {'step': 821, 'time': 122.16765774062812, 'dt': 0.19634954084936207, 'total_energy': 3.049457600553476}
2026-06-08T12:35:56+12:00 scalar diagnostics {'step': 822, 'time': 122.36400728147748, 'dt': 0.19634954084936207, 'total_energy': 3.044407614368185}
2026-06-08T12:35:56+12:00 scalar diagnostics {'step': 823, 'time': 122.56035682232685, 'dt': 0.19634954084936207, 'total_energy': 3.03896997923619}
2026-06-08T12:35:57+12:00 scalar diagnostics {'step': 824, 'time': 122.75670636317622, 'dt': 0.19634954084936207, 'total_energy': 3.033274706053958}
2026-06-08T12:35:57+12:00 scalar diagnostics {'step': 826, 'time': 123.14940544487496, 'dt': 0.19634954084936207, 'total_energy': 3.0218978249326915}
2026-06-08T12:35:57+12:00 scalar diagnostics {'step': 827, 'time': 123.34575498572433, 'dt': 0.19634954084936207, 'total_energy': 3.0165777059897705}
2026-06-08T12:35:57+12:00 scalar diagnostics {'step': 828, 'time': 123.5421045265737, 'dt': 0.19634954084936207, 'total_energy': 3.011668480905541}
2026-06-08T12:35:57+12:00 scalar diagnostics {'step': 830, 'time': 123.93480360827243, 'dt': 0.19634954084936207, 'total_energy': 3.003497870706359}
2026-06-08T12:35:57+12:00 scalar diagnostics {'step': 831, 'time': 124.1311531491218, 'dt': 0.19634954084936207, 'total_energy': 3.0002777768787396}
2026-06-08T12:35:57+12:00 scalar diagnostics {'step': 832, 'time': 124.32750268997117, 'dt': 0.19634954084936207, 'total_energy': 2.9981056035370073}
2026-06-08T12:35:57+12:00 scalar diagnostics {'step': 833, 'time': 124.52385223082054, 'dt': 0.19634954084936207, 'total_energy': 2.9972031497339477}
2026-06-08T12:35:57+12:00 scalar diagnostics {'step': 835, 'time': 124.91655131251927, 'dt': 0.19634954084936207, 'total_energy': 2.9999583316101575}
2026-06-08T12:35:57+12:00 scalar diagnostics {'step': 836, 'time': 125.11290085336864, 'dt': 0.19634954084936207, 'total_energy': 3.0039044923021927}
2026-06-08T12:35:57+12:00 scalar diagnostics {'step': 837, 'time': 125.30925039421801, 'dt': 0.19634954084936207, 'total_energy': 3.009710159315426}
2026-06-08T12:35:57+12:00 scalar diagnostics {'step': 838, 'time': 125.50559993506738, 'dt': 0.19634954084936207, 'total_energy': 3.017456247407938}
2026-06-08T12:35:57+12:00 scalar diagnostics {'step': 840, 'time': 125.89829901676612, 'dt': 0.19634954084936207, 'total_energy': 3.0389452331579037}
2026-06-08T12:35:57+12:00 scalar diagnostics {'step': 841, 'time': 126.09464855761549, 'dt': 0.19634954084936207, 'total_energy': 3.052194943507864}
2026-06-08T12:35:57+12:00 scalar diagnostics {'step': 842, 'time': 126.29099809846485, 'dt': 0.19634954084936207, 'total_energy': 3.067430229995481}
2026-06-08T12:35:57+12:00 scalar diagnostics {'step': 844, 'time': 126.68369718016359, 'dt': 0.19634954084936207, 'total_energy': 3.103395553388067}
2026-06-08T12:35:57+12:00 scalar diagnostics {'step': 845, 'time': 126.88004672101296, 'dt': 0.19634954084936207, 'total_energy': 3.1238045439435793}
2026-06-08T12:35:57+12:00 scalar diagnostics {'step': 846, 'time': 127.07639626186233, 'dt': 0.19634954084936207, 'total_energy': 3.14561728269941}
2026-06-08T12:35:57+12:00 scalar diagnostics {'step': 847, 'time': 127.2727458027117, 'dt': 0.19634954084936207, 'total_energy': 3.168752152792134}
2026-06-08T12:35:57+12:00 scalar diagnostics {'step': 849, 'time': 127.66544488441043, 'dt': 0.19634954084936207, 'total_energy': 3.2192537668083996}
2026-06-08T12:35:57+12:00 scalar diagnostics {'step': 850, 'time': 127.8617944252598, 'dt': 0.19634954084936207, 'total_energy': 3.247018759848305}
2026-06-08T12:35:57+12:00 scalar diagnostics {'step': 851, 'time': 128.05814396610916, 'dt': 0.19634954084936207, 'total_energy': 3.27559429542554}
2026-06-08T12:35:57+12:00 scalar diagnostics {'step': 852, 'time': 128.2544935069585, 'dt': 0.19634954084936207, 'total_energy': 3.3065792948444233}
2026-06-08T12:35:57+12:00 scalar diagnostics {'step': 854, 'time': 128.64719258865722, 'dt': 0.19634954084936207, 'total_energy': 3.3762630972471306}
2026-06-08T12:35:57+12:00 scalar diagnostics {'step': 855, 'time': 128.84354212950657, 'dt': 0.19634954084936207, 'total_energy': 3.4150440219461013}
2026-06-08T12:35:57+12:00 scalar diagnostics {'step': 856, 'time': 129.03989167035593, 'dt': 0.19634954084936207, 'total_energy': 3.4563841603497374}
2026-06-08T12:35:57+12:00 scalar diagnostics {'step': 858, 'time': 129.43259075205464, 'dt': 0.19634954084936207, 'total_energy': 3.54597674787691}
2026-06-08T12:35:57+12:00 scalar diagnostics {'step': 859, 'time': 129.628940292904, 'dt': 0.19634954084936207, 'total_energy': 3.5935575363092065}
2026-06-08T12:35:57+12:00 scalar diagnostics {'step': 860, 'time': 129.82528983375335, 'dt': 0.19634954084936207, 'total_energy': 3.6423507755117672}
2026-06-08T12:35:57+12:00 scalar diagnostics {'step': 861, 'time': 130.0216393746027, 'dt': 0.19634954084936207, 'total_energy': 3.6896108207018665}
2026-06-08T12:35:57+12:00 scalar diagnostics {'step': 863, 'time': 130.4143384563014, 'dt': 0.19634954084936207, 'total_energy': 3.7844648258810616}
2026-06-08T12:35:57+12:00 scalar diagnostics {'step': 864, 'time': 130.61068799715076, 'dt': 0.19634954084936207, 'total_energy': 3.830687173949677}
2026-06-08T12:35:57+12:00 scalar diagnostics {'step': 865, 'time': 130.80703753800012, 'dt': 0.19634954084936207, 'total_energy': 3.8753854263366767}
2026-06-08T12:35:57+12:00 scalar diagnostics {'step': 866, 'time': 131.00338707884947, 'dt': 0.19634954084936207, 'total_energy': 3.9181923434668544}
2026-06-08T12:35:57+12:00 scalar diagnostics {'step': 868, 'time': 131.39608616054818, 'dt': 0.19634954084936207, 'total_energy': 3.997232154232054}
2026-06-08T12:35:57+12:00 scalar diagnostics {'step': 869, 'time': 131.59243570139753, 'dt': 0.19634954084936207, 'total_energy': 4.033178550620307}
2026-06-08T12:35:58+12:00 scalar diagnostics {'step': 870, 'time': 131.7887852422469, 'dt': 0.19634954084936207, 'total_energy': 4.066597382885906}
2026-06-08T12:35:58+12:00 scalar diagnostics {'step': 872, 'time': 132.1814843239456, 'dt': 0.19634954084936207, 'total_energy': 4.120679503749552}
2026-06-08T12:35:58+12:00 scalar diagnostics {'step': 873, 'time': 132.37783386479495, 'dt': 0.19634954084936207, 'total_energy': 4.1444355602326395}
2026-06-08T12:35:58+12:00 scalar diagnostics {'step': 874, 'time': 132.5741834056443, 'dt': 0.19634954084936207, 'total_energy': 4.165926383572047}
2026-06-08T12:35:58+12:00 scalar diagnostics {'step': 875, 'time': 132.77053294649366, 'dt': 0.19634954084936207, 'total_energy': 4.185205255189384}
2026-06-08T12:35:58+12:00 scalar diagnostics {'step': 877, 'time': 133.16323202819237, 'dt': 0.19634954084936207, 'total_energy': 4.217556558081096}
2026-06-08T12:35:58+12:00 scalar diagnostics {'step': 878, 'time': 133.35958156904172, 'dt': 0.19634954084936207, 'total_energy': 4.2308474916674665}
2026-06-08T12:35:58+12:00 scalar diagnostics {'step': 879, 'time': 133.55593110989108, 'dt': 0.19634954084936207, 'total_energy': 4.242309634616866}
2026-06-08T12:35:58+12:00 scalar diagnostics {'step': 880, 'time': 133.75228065074043, 'dt': 0.19634954084936207, 'total_energy': 4.251959949704811}
2026-06-08T12:35:58+12:00 scalar diagnostics {'step': 882, 'time': 134.14497973243914, 'dt': 0.19634954084936207, 'total_energy': 4.262546980398032}
2026-06-08T12:35:58+12:00 scalar diagnostics {'step': 883, 'time': 134.3413292732885, 'dt': 0.19634954084936207, 'total_energy': 4.265381769209123}
2026-06-08T12:35:58+12:00 scalar diagnostics {'step': 884, 'time': 134.53767881413785, 'dt': 0.19634954084936207, 'total_energy': 4.2663408980166455}
2026-06-08T12:35:58+12:00 scalar diagnostics {'step': 886, 'time': 134.93037789583656, 'dt': 0.19634954084936207, 'total_energy': 4.261791861168499}
2026-06-08T12:35:58+12:00 scalar diagnostics {'step': 887, 'time': 135.1267274366859, 'dt': 0.19634954084936207, 'total_energy': 4.255873741562706}
2026-06-08T12:35:58+12:00 scalar diagnostics {'step': 888, 'time': 135.32307697753527, 'dt': 0.19634954084936207, 'total_energy': 4.24735353354337}
2026-06-08T12:35:58+12:00 scalar diagnostics {'step': 889, 'time': 135.51942651838462, 'dt': 0.19634954084936207, 'total_energy': 4.2362478214068755}
2026-06-08T12:35:58+12:00 scalar diagnostics {'step': 891, 'time': 135.91212560008333, 'dt': 0.19634954084936207, 'total_energy': 4.206523241870945}
2026-06-08T12:35:58+12:00 scalar diagnostics {'step': 892, 'time': 136.10847514093268, 'dt': 0.19634954084936207, 'total_energy': 4.188655661774098}
2026-06-08T12:35:58+12:00 scalar diagnostics {'step': 893, 'time': 136.30482468178204, 'dt': 0.19634954084936207, 'total_energy': 4.169498283852914}
2026-06-08T12:35:58+12:00 scalar diagnostics {'step': 894, 'time': 136.5011742226314, 'dt': 0.19634954084936207, 'total_energy': 4.149418050810831}
2026-06-08T12:35:58+12:00 scalar diagnostics {'step': 896, 'time': 136.8938733043301, 'dt': 0.19634954084936207, 'total_energy': 4.107659206499333}
2026-06-08T12:35:59+12:00 scalar diagnostics {'step': 897, 'time': 137.09022284517945, 'dt': 0.19634954084936207, 'total_energy': 4.086396596372896}
2026-06-08T12:35:59+12:00 scalar diagnostics {'step': 898, 'time': 137.2865723860288, 'dt': 0.19634954084936207, 'total_energy': 4.065080934794574}
2026-06-08T12:35:59+12:00 progress {'step': 900, 'time': 137.67927146772752, 'dt': 0.19634954084936207}
2026-06-08T12:35:59+12:00 scalar diagnostics {'step': 900, 'time': 137.67927146772752, 'dt': 0.19634954084936207, 'total_energy': 4.022854390105586}
2026-06-08T12:35:59+12:00 scalar diagnostics {'step': 901, 'time': 137.87562100857687, 'dt': 0.19634954084936207, 'total_energy': 4.002271389150002}
2026-06-08T12:35:59+12:00 scalar diagnostics {'step': 902, 'time': 138.07197054942623, 'dt': 0.19634954084936207, 'total_energy': 3.9821706452673262}
2026-06-08T12:35:59+12:00 scalar diagnostics {'step': 903, 'time': 138.26832009027558, 'dt': 0.19634954084936207, 'total_energy': 3.962611808039253}
2026-06-08T12:35:59+12:00 scalar diagnostics {'step': 905, 'time': 138.6610191719743, 'dt': 0.19634954084936207, 'total_energy': 3.9251212665788984}
2026-06-08T12:35:59+12:00 scalar diagnostics {'step': 906, 'time': 138.85736871282364, 'dt': 0.19634954084936207, 'total_energy': 3.907148948368084}
2026-06-08T12:35:59+12:00 scalar diagnostics {'step': 907, 'time': 139.053718253673, 'dt': 0.19634954084936207, 'total_energy': 3.8896799694182875}
2026-06-08T12:35:59+12:00 scalar diagnostics {'step': 908, 'time': 139.25006779452235, 'dt': 0.19634954084936207, 'total_energy': 3.8727161601218967}
2026-06-08T12:35:59+12:00 scalar diagnostics {'step': 910, 'time': 139.64276687622106, 'dt': 0.19634954084936207, 'total_energy': 3.8402531991205358}
2026-06-08T12:35:59+12:00 scalar diagnostics {'step': 911, 'time': 139.83911641707041, 'dt': 0.19634954084936207, 'total_energy': 3.8252787957182015}
2026-06-08T12:35:59+12:00 scalar diagnostics {'step': 912, 'time': 140.03546595791977, 'dt': 0.19634954084936207, 'total_energy': 3.8106350051771276}
2026-06-08T12:35:59+12:00 scalar diagnostics {'step': 914, 'time': 140.42816503961848, 'dt': 0.19634954084936207, 'total_energy': 3.782430593725653}
2026-06-08T12:35:59+12:00 scalar diagnostics {'step': 915, 'time': 140.62451458046783, 'dt': 0.19634954084936207, 'total_energy': 3.768965698168186}
2026-06-08T12:35:59+12:00 scalar diagnostics {'step': 916, 'time': 140.8208641213172, 'dt': 0.19634954084936207, 'total_energy': 3.7559880662762817}
2026-06-08T12:35:59+12:00 scalar diagnostics {'step': 917, 'time': 141.01721366216654, 'dt': 0.19634954084936207, 'total_energy': 3.74351283306273}
2026-06-08T12:35:59+12:00 scalar diagnostics {'step': 919, 'time': 141.40991274386525, 'dt': 0.19634954084936207, 'total_energy': 3.7199261704536006}
2026-06-08T12:35:59+12:00 scalar diagnostics {'step': 920, 'time': 141.6062622847146, 'dt': 0.19634954084936207, 'total_energy': 3.7086450289726196}
2026-06-08T12:35:59+12:00 scalar diagnostics {'step': 921, 'time': 141.80261182556396, 'dt': 0.19634954084936207, 'total_energy': 3.6978250073798926}
2026-06-08T12:36:00+12:00 scalar diagnostics {'step': 923, 'time': 142.19531090726267, 'dt': 0.19634954084936207, 'total_energy': 3.676168983518636}
2026-06-08T12:36:00+12:00 scalar diagnostics {'step': 924, 'time': 142.39166044811202, 'dt': 0.19634954084936207, 'total_energy': 3.6651708415046}
2026-06-08T12:36:00+12:00 scalar diagnostics {'step': 925, 'time': 142.58800998896137, 'dt': 0.19634954084936207, 'total_energy': 3.6539808482314275}
2026-06-08T12:36:00+12:00 scalar diagnostics {'step': 926, 'time': 142.78435952981073, 'dt': 0.19634954084936207, 'total_energy': 3.6425339364233835}
2026-06-08T12:36:00+12:00 scalar diagnostics {'step': 928, 'time': 143.17705861150944, 'dt': 0.19634954084936207, 'total_energy': 3.6184632820116374}
2026-06-08T12:36:00+12:00 scalar diagnostics {'step': 929, 'time': 143.3734081523588, 'dt': 0.19634954084936207, 'total_energy': 3.605579232209703}
2026-06-08T12:36:00+12:00 scalar diagnostics {'step': 930, 'time': 143.56975769320815, 'dt': 0.19634954084936207, 'total_energy': 3.591962126974579}
2026-06-08T12:36:00+12:00 scalar diagnostics {'step': 931, 'time': 143.7661072340575, 'dt': 0.19634954084936207, 'total_energy': 3.5771181324039025}
2026-06-08T12:36:00+12:00 scalar diagnostics {'step': 933, 'time': 144.1588063157562, 'dt': 0.19634954084936207, 'total_energy': 3.545004270193838}
2026-06-08T12:36:00+12:00 scalar diagnostics {'step': 934, 'time': 144.35515585660556, 'dt': 0.19634954084936207, 'total_energy': 3.5277178545367276}
2026-06-08T12:36:00+12:00 scalar diagnostics {'step': 935, 'time': 144.55150539745492, 'dt': 0.19634954084936207, 'total_energy': 3.509665244187591}
2026-06-08T12:36:00+12:00 scalar diagnostics {'step': 937, 'time': 144.94420447915363, 'dt': 0.19634954084936207, 'total_energy': 3.471669723232034}
2026-06-08T12:36:00+12:00 scalar diagnostics {'step': 938, 'time': 145.14055402000298, 'dt': 0.19634954084936207, 'total_energy': 3.4520201784458866}
2026-06-08T12:36:00+12:00 scalar diagnostics {'step': 939, 'time': 145.33690356085233, 'dt': 0.19634954084936207, 'total_energy': 3.432157329118643}
2026-06-08T12:36:00+12:00 scalar diagnostics {'step': 940, 'time': 145.5332531017017, 'dt': 0.19634954084936207, 'total_energy': 3.412233138274517}
2026-06-08T12:36:00+12:00 scalar diagnostics {'step': 942, 'time': 145.9259521834004, 'dt': 0.19634954084936207, 'total_energy': 3.3713112820308595}
2026-06-08T12:36:01+12:00 scalar diagnostics {'step': 943, 'time': 146.12230172424975, 'dt': 0.19634954084936207, 'total_energy': 3.3513282489167833}
2026-06-08T12:36:01+12:00 scalar diagnostics {'step': 944, 'time': 146.3186512650991, 'dt': 0.19634954084936207, 'total_energy': 3.331715483599255}
2026-06-08T12:36:01+12:00 scalar diagnostics {'step': 945, 'time': 146.51500080594846, 'dt': 0.19634954084936207, 'total_energy': 3.3125235345927573}
2026-06-08T12:36:01+12:00 scalar diagnostics {'step': 947, 'time': 146.90769988764717, 'dt': 0.19634954084936207, 'total_energy': 3.2756753919944974}
2026-06-08T12:36:01+12:00 scalar diagnostics {'step': 948, 'time': 147.10404942849652, 'dt': 0.19634954084936207, 'total_energy': 3.2581816958529055}
2026-06-08T12:36:01+12:00 scalar diagnostics {'step': 949, 'time': 147.30039896934588, 'dt': 0.19634954084936207, 'total_energy': 3.2414158802333235}
2026-06-08T12:36:01+12:00 scalar diagnostics {'step': 951, 'time': 147.6930980510446, 'dt': 0.19634954084936207, 'total_energy': 3.209836063068467}
2026-06-08T12:36:01+12:00 scalar diagnostics {'step': 952, 'time': 147.88944759189394, 'dt': 0.19634954084936207, 'total_energy': 3.1951668079566238}
2026-06-08T12:36:01+12:00 scalar diagnostics {'step': 953, 'time': 148.0857971327433, 'dt': 0.19634954084936207, 'total_energy': 3.1814116956342433}
2026-06-08T12:36:01+12:00 scalar diagnostics {'step': 954, 'time': 148.28214667359265, 'dt': 0.19634954084936207, 'total_energy': 3.168559536897102}
2026-06-08T12:36:01+12:00 scalar diagnostics {'step': 956, 'time': 148.67484575529136, 'dt': 0.19634954084936207, 'total_energy': 3.145617783368964}
2026-06-08T12:36:01+12:00 scalar diagnostics {'step': 957, 'time': 148.8711952961407, 'dt': 0.19634954084936207, 'total_energy': 3.135593043246417}
2026-06-08T12:36:01+12:00 scalar diagnostics {'step': 958, 'time': 149.06754483699007, 'dt': 0.19634954084936207, 'total_energy': 3.1265643838872563}
2026-06-08T12:36:01+12:00 scalar diagnostics {'step': 959, 'time': 149.26389437783942, 'dt': 0.19634954084936207, 'total_energy': 3.1185131128598336}
2026-06-08T12:36:01+12:00 scalar diagnostics {'step': 961, 'time': 149.65659345953813, 'dt': 0.19634954084936207, 'total_energy': 3.105245654906953}
2026-06-08T12:36:01+12:00 scalar diagnostics {'step': 962, 'time': 149.85294300038748, 'dt': 0.19634954084936207, 'total_energy': 3.0997686569028975}
2026-06-08T12:36:01+12:00 scalar diagnostics {'step': 963, 'time': 150.04929254123684, 'dt': 0.19634954084936207, 'total_energy': 3.094838555547533}
2026-06-08T12:36:01+12:00 scalar diagnostics {'step': 965, 'time': 150.44199162293555, 'dt': 0.19634954084936207, 'total_energy': 3.0862763759939}
2026-06-08T12:36:02+12:00 scalar diagnostics {'step': 966, 'time': 150.6383411637849, 'dt': 0.19634954084936207, 'total_energy': 3.082491898236758}
2026-06-08T12:36:02+12:00 scalar diagnostics {'step': 967, 'time': 150.83469070463426, 'dt': 0.19634954084936207, 'total_energy': 3.0789350776515585}
2026-06-08T12:36:02+12:00 scalar diagnostics {'step': 968, 'time': 151.0310402454836, 'dt': 0.19634954084936207, 'total_energy': 3.0755354899394067}
2026-06-08T12:36:02+12:00 scalar diagnostics {'step': 970, 'time': 151.42373932718232, 'dt': 0.19634954084936207, 'total_energy': 3.069096461481786}
2026-06-08T12:36:02+12:00 scalar diagnostics {'step': 971, 'time': 151.62008886803167, 'dt': 0.19634954084936207, 'total_energy': 3.066571789293799}
2026-06-08T12:36:02+12:00 scalar diagnostics {'step': 972, 'time': 151.81643840888103, 'dt': 0.19634954084936207, 'total_energy': 3.064281270931387}
2026-06-08T12:36:02+12:00 scalar diagnostics {'step': 973, 'time': 152.01278794973038, 'dt': 0.19634954084936207, 'total_energy': 3.062360621538608}
2026-06-08T12:36:02+12:00 scalar diagnostics {'step': 975, 'time': 152.4054870314291, 'dt': 0.19634954084936207, 'total_energy': 3.0600228639016143}
2026-06-08T12:36:02+12:00 scalar diagnostics {'step': 976, 'time': 152.60183657227844, 'dt': 0.19634954084936207, 'total_energy': 3.05968327034533}
2026-06-08T12:36:02+12:00 scalar diagnostics {'step': 977, 'time': 152.7981861131278, 'dt': 0.19634954084936207, 'total_energy': 3.0598815850376297}
2026-06-08T12:36:02+12:00 scalar diagnostics {'step': 979, 'time': 153.1908851948265, 'dt': 0.19634954084936207, 'total_energy': 3.0618392023325134}
2026-06-08T12:36:02+12:00 scalar diagnostics {'step': 980, 'time': 153.38723473567586, 'dt': 0.19634954084936207, 'total_energy': 3.063674305403876}
2026-06-08T12:36:02+12:00 scalar diagnostics {'step': 981, 'time': 153.58358427652522, 'dt': 0.19634954084936207, 'total_energy': 3.0668362969764487}
2026-06-08T12:36:02+12:00 scalar diagnostics {'step': 982, 'time': 153.77993381737457, 'dt': 0.19634954084936207, 'total_energy': 3.0707369239083193}
2026-06-08T12:36:02+12:00 scalar diagnostics {'step': 984, 'time': 154.17263289907328, 'dt': 0.19634954084936207, 'total_energy': 3.0810947259776063}
2026-06-08T12:36:02+12:00 scalar diagnostics {'step': 985, 'time': 154.36898243992263, 'dt': 0.19634954084936207, 'total_energy': 3.087493338972112}
2026-06-08T12:36:02+12:00 scalar diagnostics {'step': 986, 'time': 154.565331980772, 'dt': 0.19634954084936207, 'total_energy': 3.0945171771659234}
2026-06-08T12:36:02+12:00 scalar diagnostics {'step': 987, 'time': 154.76168152162134, 'dt': 0.19634954084936207, 'total_energy': 3.101961529069173}
2026-06-08T12:36:02+12:00 scalar diagnostics {'step': 989, 'time': 155.15438060332005, 'dt': 0.19634954084936207, 'total_energy': 3.1172928300773117}
2026-06-08T12:36:02+12:00 scalar diagnostics {'step': 990, 'time': 155.3507301441694, 'dt': 0.19634954084936207, 'total_energy': 3.1248154815906553}
2026-06-08T12:36:03+12:00 scalar diagnostics {'step': 991, 'time': 155.54707968501876, 'dt': 0.19634954084936207, 'total_energy': 3.132891673588265}
2026-06-08T12:36:03+12:00 scalar diagnostics {'step': 993, 'time': 155.93977876671747, 'dt': 0.19634954084936207, 'total_energy': 3.147246556513526}
2026-06-08T12:36:03+12:00 scalar diagnostics {'step': 994, 'time': 156.13612830756682, 'dt': 0.19634954084936207, 'total_energy': 3.1533883948583084}
2026-06-08T12:36:03+12:00 scalar diagnostics {'step': 995, 'time': 156.33247784841618, 'dt': 0.19634954084936207, 'total_energy': 3.15885600477631}
2026-06-08T12:36:03+12:00 scalar diagnostics {'step': 996, 'time': 156.52882738926553, 'dt': 0.19634954084936207, 'total_energy': 3.1637563084774047}
2026-06-08T12:36:03+12:00 scalar diagnostics {'step': 998, 'time': 156.92152647096424, 'dt': 0.19634954084936207, 'total_energy': 3.172529495491625}
2026-06-08T12:36:03+12:00 scalar diagnostics {'step': 999, 'time': 157.1178760118136, 'dt': 0.19634954084936207, 'total_energy': 3.17674729994856}
2026-06-08T12:36:03+12:00 progress {'step': 1000, 'time': 157.31422555266295, 'dt': 0.19634954084936207}
2026-06-08T12:36:03+12:00 scalar diagnostics {'step': 1000, 'time': 157.31422555266295, 'dt': 0.19634954084936207, 'total_energy': 3.181011346599871}
2026-06-08T12:36:03+12:00 scalar diagnostics {'step': 1001, 'time': 157.5105750935123, 'dt': 0.19634954084936207, 'total_energy': 3.1861342235395567}
2026-06-08T12:36:03+12:00 scalar diagnostics {'step': 1003, 'time': 157.903274175211, 'dt': 0.19634954084936207, 'total_energy': 3.196214521999692}
2026-06-08T12:36:03+12:00 scalar diagnostics {'step': 1004, 'time': 158.09962371606036, 'dt': 0.19634954084936207, 'total_energy': 3.2010871615223606}
2026-06-08T12:36:03+12:00 scalar diagnostics {'step': 1005, 'time': 158.29597325690972, 'dt': 0.19634954084936207, 'total_energy': 3.205828242664188}
2026-06-08T12:36:03+12:00 scalar diagnostics {'step': 1007, 'time': 158.68867233860843, 'dt': 0.19634954084936207, 'total_energy': 3.215085896850246}
2026-06-08T12:36:03+12:00 scalar diagnostics {'step': 1008, 'time': 158.88502187945778, 'dt': 0.19634954084936207, 'total_energy': 3.2197153415060766}
2026-06-08T12:36:03+12:00 scalar diagnostics {'step': 1009, 'time': 159.08137142030714, 'dt': 0.19634954084936207, 'total_energy': 3.2243749466532146}
2026-06-08T12:36:03+12:00 scalar diagnostics {'step': 1010, 'time': 159.2777209611565, 'dt': 0.19634954084936207, 'total_energy': 3.2290262819560454}
2026-06-08T12:36:03+12:00 scalar diagnostics {'step': 1012, 'time': 159.6704200428552, 'dt': 0.19634954084936207, 'total_energy': 3.239243978811058}
2026-06-08T12:36:04+12:00 scalar diagnostics {'step': 1013, 'time': 159.86676958370455, 'dt': 0.19634954084936207, 'total_energy': 3.2439274740536486}
2026-06-08T12:36:04+12:00 scalar diagnostics {'step': 1014, 'time': 160.0631191245539, 'dt': 0.19634954084936207, 'total_energy': 3.2482777892139385}
2026-06-08T12:36:04+12:00 scalar diagnostics {'step': 1015, 'time': 160.25946866540326, 'dt': 0.19634954084936207, 'total_energy': 3.2522904990900745}
2026-06-08T12:36:04+12:00 scalar diagnostics {'step': 1017, 'time': 160.65216774710197, 'dt': 0.19634954084936207, 'total_energy': 3.259325505416667}
2026-06-08T12:36:04+12:00 scalar diagnostics {'step': 1018, 'time': 160.84851728795132, 'dt': 0.19634954084936207, 'total_energy': 3.2623422903461576}
2026-06-08T12:36:04+12:00 scalar diagnostics {'step': 1019, 'time': 161.04486682880068, 'dt': 0.19634954084936207, 'total_energy': 3.2650111402011954}
2026-06-08T12:36:04+12:00 scalar diagnostics {'step': 1021, 'time': 161.4375659104994, 'dt': 0.19634954084936207, 'total_energy': 3.2698430792560864}
2026-06-08T12:36:04+12:00 scalar diagnostics {'step': 1022, 'time': 161.63391545134874, 'dt': 0.19634954084936207, 'total_energy': 3.272045391017932}
2026-06-08T12:36:04+12:00 scalar diagnostics {'step': 1023, 'time': 161.8302649921981, 'dt': 0.19634954084936207, 'total_energy': 3.274038990895565}
2026-06-08T12:36:04+12:00 scalar diagnostics {'step': 1024, 'time': 162.02661453304745, 'dt': 0.19634954084936207, 'total_energy': 3.275921998090943}
2026-06-08T12:36:04+12:00 scalar diagnostics {'step': 1026, 'time': 162.41931361474616, 'dt': 0.19634954084936207, 'total_energy': 3.2795691126660786}
2026-06-08T12:36:04+12:00 scalar diagnostics {'step': 1027, 'time': 162.6156631555955, 'dt': 0.19634954084936207, 'total_energy': 3.281296574009236}
2026-06-08T12:36:04+12:00 scalar diagnostics {'step': 1028, 'time': 162.81201269644487, 'dt': 0.19634954084936207, 'total_energy': 3.2828522646667357}
2026-06-08T12:36:04+12:00 scalar diagnostics {'step': 1029, 'time': 163.00836223729422, 'dt': 0.19634954084936207, 'total_energy': 3.2841357521094516}
2026-06-08T12:36:04+12:00 scalar diagnostics {'step': 1031, 'time': 163.40106131899293, 'dt': 0.19634954084936207, 'total_energy': 3.285982543699485}
2026-06-08T12:36:04+12:00 scalar diagnostics {'step': 1032, 'time': 163.59741085984228, 'dt': 0.19634954084936207, 'total_energy': 3.2865145610708417}
2026-06-08T12:36:04+12:00 scalar diagnostics {'step': 1033, 'time': 163.79376040069164, 'dt': 0.19634954084936207, 'total_energy': 3.2867488302545986}
2026-06-08T12:36:04+12:00 scalar diagnostics {'step': 1035, 'time': 164.18645948239035, 'dt': 0.19634954084936207, 'total_energy': 3.2867134229509576}
2026-06-08T12:36:04+12:00 scalar diagnostics {'step': 1036, 'time': 164.3828090232397, 'dt': 0.19634954084936207, 'total_energy': 3.2866495536385916}
2026-06-08T12:36:04+12:00 scalar diagnostics {'step': 1037, 'time': 164.57915856408906, 'dt': 0.19634954084936207, 'total_energy': 3.286705357881805}
2026-06-08T12:36:05+12:00 scalar diagnostics {'step': 1038, 'time': 164.7755081049384, 'dt': 0.19634954084936207, 'total_energy': 3.287010145116274}
2026-06-08T12:36:05+12:00 scalar diagnostics {'step': 1040, 'time': 165.16820718663712, 'dt': 0.19634954084936207, 'total_energy': 3.288888276433818}
2026-06-08T12:36:05+12:00 scalar diagnostics {'step': 1041, 'time': 165.36455672748647, 'dt': 0.19634954084936207, 'total_energy': 3.290813229658997}
2026-06-08T12:36:05+12:00 scalar diagnostics {'step': 1042, 'time': 165.56090626833583, 'dt': 0.19634954084936207, 'total_energy': 3.293325454175797}
2026-06-08T12:36:05+12:00 scalar diagnostics {'step': 1043, 'time': 165.75725580918518, 'dt': 0.19634954084936207, 'total_energy': 3.296405345784253}
2026-06-08T12:36:05+12:00 scalar diagnostics {'step': 1045, 'time': 166.1499548908839, 'dt': 0.19634954084936207, 'total_energy': 3.3040625558251753}
2026-06-08T12:36:05+12:00 scalar diagnostics {'step': 1046, 'time': 166.34630443173324, 'dt': 0.19634954084936207, 'total_energy': 3.308552113468686}
2026-06-08T12:36:05+12:00 scalar diagnostics {'step': 1047, 'time': 166.5426539725826, 'dt': 0.19634954084936207, 'total_energy': 3.3134674236260855}
2026-06-08T12:36:05+12:00 scalar diagnostics {'step': 1049, 'time': 166.9353530542813, 'dt': 0.19634954084936207, 'total_energy': 3.3246667641280125}
2026-06-08T12:36:05+12:00 scalar diagnostics {'step': 1050, 'time': 167.13170259513066, 'dt': 0.19634954084936207, 'total_energy': 3.3309866809265234}
2026-06-08T12:36:05+12:00 scalar diagnostics {'step': 1051, 'time': 167.32805213598002, 'dt': 0.19634954084936207, 'total_energy': 3.3377055370280013}
2026-06-08T12:36:05+12:00 scalar diagnostics {'step': 1052, 'time': 167.52440167682937, 'dt': 0.19634954084936207, 'total_energy': 3.3447932591177}
2026-06-08T12:36:05+12:00 scalar diagnostics {'step': 1054, 'time': 167.91710075852808, 'dt': 0.19634954084936207, 'total_energy': 3.3595155818424947}
2026-06-08T12:36:05+12:00 scalar diagnostics {'step': 1055, 'time': 168.11345029937743, 'dt': 0.19634954084936207, 'total_energy': 3.3668520114429583}
2026-06-08T12:36:05+12:00 scalar diagnostics {'step': 1056, 'time': 168.3097998402268, 'dt': 0.19634954084936207, 'total_energy': 3.3740235336217896}
2026-06-08T12:36:05+12:00 scalar diagnostics {'step': 1057, 'time': 168.50614938107614, 'dt': 0.19634954084936207, 'total_energy': 3.380983146072773}
2026-06-08T12:36:05+12:00 scalar diagnostics {'step': 1059, 'time': 168.89884846277485, 'dt': 0.19634954084936207, 'total_energy': 3.394293169807523}
2026-06-08T12:36:05+12:00 scalar diagnostics {'step': 1060, 'time': 169.0951980036242, 'dt': 0.19634954084936207, 'total_energy': 3.4007103558600784}
2026-06-08T12:36:05+12:00 scalar diagnostics {'step': 1061, 'time': 169.29154754447356, 'dt': 0.19634954084936207, 'total_energy': 3.4068474984566537}
2026-06-08T12:36:06+12:00 scalar diagnostics {'step': 1063, 'time': 169.68424662617227, 'dt': 0.19634954084936207, 'total_energy': 3.4191233487284194}
2026-06-08T12:36:06+12:00 scalar diagnostics {'step': 1064, 'time': 169.88059616702162, 'dt': 0.19634954084936207, 'total_energy': 3.425414810590441}
2026-06-08T12:36:06+12:00 scalar diagnostics {'step': 1065, 'time': 170.07694570787098, 'dt': 0.19634954084936207, 'total_energy': 3.4319241458863763}
2026-06-08T12:36:06+12:00 scalar diagnostics {'step': 1066, 'time': 170.27329524872033, 'dt': 0.19634954084936207, 'total_energy': 3.4387199308639778}
2026-06-08T12:36:06+12:00 scalar diagnostics {'step': 1068, 'time': 170.66599433041904, 'dt': 0.19634954084936207, 'total_energy': 3.4532451569544724}
2026-06-08T12:36:06+12:00 scalar diagnostics {'step': 1069, 'time': 170.8623438712684, 'dt': 0.19634954084936207, 'total_energy': 3.4608933004900377}
2026-06-08T12:36:06+12:00 scalar diagnostics {'step': 1070, 'time': 171.05869341211775, 'dt': 0.19634954084936207, 'total_energy': 3.468678432140394}
2026-06-08T12:36:06+12:00 scalar diagnostics {'step': 1071, 'time': 171.2550429529671, 'dt': 0.19634954084936207, 'total_energy': 3.47635298922202}
2026-06-08T12:36:06+12:00 scalar diagnostics {'step': 1073, 'time': 171.6477420346658, 'dt': 0.19634954084936207, 'total_energy': 3.491360425659627}
2026-06-08T12:36:06+12:00 scalar diagnostics {'step': 1074, 'time': 171.84409157551517, 'dt': 0.19634954084936207, 'total_energy': 3.498512566407112}
2026-06-08T12:36:06+12:00 scalar diagnostics {'step': 1075, 'time': 172.04044111636452, 'dt': 0.19634954084936207, 'total_energy': 3.505353783198958}
2026-06-08T12:36:06+12:00 scalar diagnostics {'step': 1077, 'time': 172.43314019806323, 'dt': 0.19634954084936207, 'total_energy': 3.518017695761272}
2026-06-08T12:36:06+12:00 scalar diagnostics {'step': 1078, 'time': 172.62948973891258, 'dt': 0.19634954084936207, 'total_energy': 3.5238571384576076}
2026-06-08T12:36:06+12:00 scalar diagnostics {'step': 1079, 'time': 172.82583927976194, 'dt': 0.19634954084936207, 'total_energy': 3.529433849910465}
2026-06-08T12:36:06+12:00 scalar diagnostics {'step': 1080, 'time': 173.0221888206113, 'dt': 0.19634954084936207, 'total_energy': 3.5348519604313253}
2026-06-08T12:36:06+12:00 scalar diagnostics {'step': 1082, 'time': 173.41488790231, 'dt': 0.19634954084936207, 'total_energy': 3.5459557166184013}
2026-06-08T12:36:06+12:00 scalar diagnostics {'step': 1083, 'time': 173.61123744315935, 'dt': 0.19634954084936207, 'total_energy': 3.5519275807848976}
2026-06-08T12:36:06+12:00 scalar diagnostics {'step': 1084, 'time': 173.8075869840087, 'dt': 0.19634954084936207, 'total_energy': 3.558393869474756}
2026-06-08T12:36:06+12:00 scalar diagnostics {'step': 1085, 'time': 174.00393652485806, 'dt': 0.19634954084936207, 'total_energy': 3.5654648742552215}
2026-06-08T12:36:07+12:00 scalar diagnostics {'step': 1087, 'time': 174.39663560655677, 'dt': 0.19634954084936207, 'total_energy': 3.5816182582436014}
2026-06-08T12:36:07+12:00 scalar diagnostics {'step': 1088, 'time': 174.59298514740613, 'dt': 0.19634954084936207, 'total_energy': 3.590689417584553}
2026-06-08T12:36:07+12:00 scalar diagnostics {'step': 1089, 'time': 174.78933468825548, 'dt': 0.19634954084936207, 'total_energy': 3.600351237535211}
2026-06-08T12:36:07+12:00 scalar diagnostics {'step': 1091, 'time': 175.1820337699542, 'dt': 0.19634954084936207, 'total_energy': 3.6212671002346672}
2026-06-08T12:36:07+12:00 scalar diagnostics {'step': 1092, 'time': 175.37838331080354, 'dt': 0.19634954084936207, 'total_energy': 3.632209489169837}
2026-06-08T12:36:07+12:00 scalar diagnostics {'step': 1093, 'time': 175.5747328516529, 'dt': 0.19634954084936207, 'total_energy': 3.64317820268146}
2026-06-08T12:36:07+12:00 scalar diagnostics {'step': 1094, 'time': 175.77108239250225, 'dt': 0.19634954084936207, 'total_energy': 3.654036843057037}
2026-06-08T12:36:07+12:00 scalar diagnostics {'step': 1096, 'time': 176.16378147420096, 'dt': 0.19634954084936207, 'total_energy': 3.675105987804682}
2026-06-08T12:36:07+12:00 scalar diagnostics {'step': 1097, 'time': 176.3601310150503, 'dt': 0.19634954084936207, 'total_energy': 3.6853344664178946}
2026-06-08T12:36:07+12:00 scalar diagnostics {'step': 1098, 'time': 176.55648055589967, 'dt': 0.19634954084936207, 'total_energy': 3.695510880543967}
2026-06-08T12:36:07+12:00 scalar diagnostics {'step': 1099, 'time': 176.75283009674902, 'dt': 0.19634954084936207, 'total_energy': 3.7058442429258784}
2026-06-08T12:36:07+12:00 progress {'step': 1100, 'time': 176.94917963759838, 'dt': 0.19634954084936207}
2026-06-08T12:36:07+12:00 scalar diagnostics {'step': 1101, 'time': 177.14552917844773, 'dt': 0.19634954084936207, 'total_energy': 3.728329286869492}
2026-06-08T12:36:07+12:00 scalar diagnostics {'step': 1102, 'time': 177.34187871929709, 'dt': 0.19634954084936207, 'total_energy': 3.740926106943287}
2026-06-08T12:36:07+12:00 scalar diagnostics {'step': 1103, 'time': 177.53822826014644, 'dt': 0.19634954084936207, 'total_energy': 3.7545436922627142}
2026-06-08T12:36:07+12:00 scalar diagnostics {'step': 1105, 'time': 177.93092734184515, 'dt': 0.19634954084936207, 'total_energy': 3.785192681250124}
2026-06-08T12:36:07+12:00 scalar diagnostics {'step': 1106, 'time': 178.1272768826945, 'dt': 0.19634954084936207, 'total_energy': 3.8022699519542162}
2026-06-08T12:36:07+12:00 scalar diagnostics {'step': 1107, 'time': 178.32362642354386, 'dt': 0.19634954084936207, 'total_energy': 3.8204729700507416}
2026-06-08T12:36:07+12:00 scalar diagnostics {'step': 1108, 'time': 178.5199759643932, 'dt': 0.19634954084936207, 'total_energy': 3.83971242134018}
2026-06-08T12:36:07+12:00 scalar diagnostics {'step': 1110, 'time': 178.91267504609192, 'dt': 0.19634954084936207, 'total_energy': 3.880698491388408}
2026-06-08T12:36:07+12:00 scalar diagnostics {'step': 1111, 'time': 179.10902458694127, 'dt': 0.19634954084936207, 'total_energy': 3.902276610578034}
2026-06-08T12:36:07+12:00 scalar diagnostics {'step': 1112, 'time': 179.30537412779063, 'dt': 0.19634954084936207, 'total_energy': 3.924135109830903}
2026-06-08T12:36:07+12:00 scalar diagnostics {'step': 1113, 'time': 179.50172366863998, 'dt': 0.19634954084936207, 'total_energy': 3.9461048187371484}
2026-06-08T12:36:07+12:00 scalar diagnostics {'step': 1115, 'time': 179.8944227503387, 'dt': 0.19634954084936207, 'total_energy': 3.9899962518764793}
2026-06-08T12:36:07+12:00 scalar diagnostics {'step': 1116, 'time': 180.09077229118805, 'dt': 0.19634954084936207, 'total_energy': 4.011900648941918}
2026-06-08T12:36:07+12:00 scalar diagnostics {'step': 1117, 'time': 180.2871218320374, 'dt': 0.19634954084936207, 'total_energy': 4.033872430827156}
2026-06-08T12:36:07+12:00 scalar diagnostics {'step': 1119, 'time': 180.6798209137361, 'dt': 0.19634954084936207, 'total_energy': 4.078558529915829}
2026-06-08T12:36:07+12:00 scalar diagnostics {'step': 1120, 'time': 180.87617045458546, 'dt': 0.19634954084936207, 'total_energy': 4.1015813093857165}
2026-06-08T12:36:07+12:00 scalar diagnostics {'step': 1121, 'time': 181.07251999543482, 'dt': 0.19634954084936207, 'total_energy': 4.125080651652748}
2026-06-08T12:36:07+12:00 scalar diagnostics {'step': 1122, 'time': 181.26886953628417, 'dt': 0.19634954084936207, 'total_energy': 4.149369058527561}
2026-06-08T12:36:07+12:00 scalar diagnostics {'step': 1124, 'time': 181.66156861798288, 'dt': 0.19634954084936207, 'total_energy': 4.2006454996006095}
2026-06-08T12:36:07+12:00 scalar diagnostics {'step': 1125, 'time': 181.85791815883223, 'dt': 0.19634954084936207, 'total_energy': 4.227692274642686}
2026-06-08T12:36:07+12:00 scalar diagnostics {'step': 1126, 'time': 182.0542676996816, 'dt': 0.19634954084936207, 'total_energy': 4.255618484011993}
2026-06-08T12:36:07+12:00 scalar diagnostics {'step': 1127, 'time': 182.25061724053094, 'dt': 0.19634954084936207, 'total_energy': 4.284292186122685}
2026-06-08T12:36:07+12:00 scalar diagnostics {'step': 1129, 'time': 182.64331632222965, 'dt': 0.19634954084936207, 'total_energy': 4.3430578508305615}
2026-06-08T12:36:07+12:00 scalar diagnostics {'step': 1130, 'time': 182.839665863079, 'dt': 0.19634954084936207, 'total_energy': 4.372664614267961}
2026-06-08T12:36:08+12:00 scalar diagnostics {'step': 1131, 'time': 183.03601540392836, 'dt': 0.19634954084936207, 'total_energy': 4.40126501611169}
2026-06-08T12:36:08+12:00 scalar diagnostics {'step': 1133, 'time': 183.42871448562707, 'dt': 0.19634954084936207, 'total_energy': 4.457546006462486}
2026-06-08T12:36:08+12:00 scalar diagnostics {'step': 1134, 'time': 183.62506402647642, 'dt': 0.19634954084936207, 'total_energy': 4.484928763187297}
2026-06-08T12:36:08+12:00 scalar diagnostics {'step': 1135, 'time': 183.82141356732578, 'dt': 0.19634954084936207, 'total_energy': 4.51167378863171}
2026-06-08T12:36:08+12:00 scalar diagnostics {'step': 1136, 'time': 184.01776310817513, 'dt': 0.19634954084936207, 'total_energy': 4.537715725215768}
2026-06-08T12:36:08+12:00 scalar diagnostics {'step': 1138, 'time': 184.41046218987384, 'dt': 0.19634954084936207, 'total_energy': 4.587520924307531}
2026-06-08T12:36:08+12:00 scalar diagnostics {'step': 1139, 'time': 184.6068117307232, 'dt': 0.19634954084936207, 'total_energy': 4.611232696973196}
2026-06-08T12:36:08+12:00 scalar diagnostics {'step': 1140, 'time': 184.80316127157255, 'dt': 0.19634954084936207, 'total_energy': 4.634129070784422}
2026-06-08T12:36:08+12:00 scalar diagnostics {'step': 1142, 'time': 185.19586035327126, 'dt': 0.19634954084936207, 'total_energy': 4.674489793967139}
2026-06-08T12:36:08+12:00 scalar diagnostics {'step': 1143, 'time': 185.3922098941206, 'dt': 0.19634954084936207, 'total_energy': 4.693688374000226}
2026-06-08T12:36:08+12:00 scalar diagnostics {'step': 1144, 'time': 185.58855943496997, 'dt': 0.19634954084936207, 'total_energy': 4.712098862675793}
2026-06-08T12:36:08+12:00 scalar diagnostics {'step': 1145, 'time': 185.78490897581932, 'dt': 0.19634954084936207, 'total_energy': 4.729622137013453}
2026-06-08T12:36:08+12:00 scalar diagnostics {'step': 1147, 'time': 186.17760805751803, 'dt': 0.19634954084936207, 'total_energy': 4.761647105378843}
2026-06-08T12:36:08+12:00 scalar diagnostics {'step': 1148, 'time': 186.37395759836738, 'dt': 0.19634954084936207, 'total_energy': 4.776018200886406}
2026-06-08T12:36:08+12:00 scalar diagnostics {'step': 1149, 'time': 186.57030713921674, 'dt': 0.19634954084936207, 'total_energy': 4.7892491640292585}
2026-06-08T12:36:08+12:00 scalar diagnostics {'step': 1150, 'time': 186.7666566800661, 'dt': 0.19634954084936207, 'total_energy': 4.8013270892746664}
2026-06-08T12:36:08+12:00 scalar diagnostics {'step': 1152, 'time': 187.1593557617648, 'dt': 0.19634954084936207, 'total_energy': 4.818912560742069}
2026-06-08T12:36:08+12:00 scalar diagnostics {'step': 1153, 'time': 187.35570530261415, 'dt': 0.19634954084936207, 'total_energy': 4.826359029171693}
2026-06-08T12:36:08+12:00 scalar diagnostics {'step': 1154, 'time': 187.5520548434635, 'dt': 0.19634954084936207, 'total_energy': 4.832821775514863}
2026-06-08T12:36:08+12:00 scalar diagnostics {'step': 1156, 'time': 187.94475392516222, 'dt': 0.19634954084936207, 'total_energy': 4.842824098285126}
2026-06-08T12:36:08+12:00 scalar diagnostics {'step': 1157, 'time': 188.14110346601157, 'dt': 0.19634954084936207, 'total_energy': 4.846475067185143}
2026-06-08T12:36:08+12:00 scalar diagnostics {'step': 1158, 'time': 188.33745300686093, 'dt': 0.19634954084936207, 'total_energy': 4.8493299303226785}
2026-06-08T12:36:08+12:00 scalar diagnostics {'step': 1159, 'time': 188.53380254771028, 'dt': 0.19634954084936207, 'total_energy': 4.851458442241041}
2026-06-08T12:36:08+12:00 scalar diagnostics {'step': 1161, 'time': 188.926501629409, 'dt': 0.19634954084936207, 'total_energy': 4.852440361571598}
2026-06-08T12:36:08+12:00 scalar diagnostics {'step': 1162, 'time': 189.12285117025834, 'dt': 0.19634954084936207, 'total_energy': 4.851613370294258}
2026-06-08T12:36:08+12:00 scalar diagnostics {'step': 1163, 'time': 189.3192007111077, 'dt': 0.19634954084936207, 'total_energy': 4.850365537876959}
2026-06-08T12:36:08+12:00 scalar diagnostics {'step': 1164, 'time': 189.51555025195705, 'dt': 0.19634954084936207, 'total_energy': 4.848668372107671}
2026-06-08T12:36:08+12:00 scalar diagnostics {'step': 1166, 'time': 189.90824933365576, 'dt': 0.19634954084936207, 'total_energy': 4.843912881693791}
2026-06-08T12:36:08+12:00 scalar diagnostics {'step': 1167, 'time': 190.10459887450511, 'dt': 0.19634954084936207, 'total_energy': 4.8408623711259136}
2026-06-08T12:36:08+12:00 scalar diagnostics {'step': 1168, 'time': 190.30094841535447, 'dt': 0.19634954084936207, 'total_energy': 4.837352948196017}
2026-06-08T12:36:08+12:00 scalar diagnostics {'step': 1170, 'time': 190.69364749705318, 'dt': 0.19634954084936207, 'total_energy': 4.828824555547342}
2026-06-08T12:36:08+12:00 scalar diagnostics {'step': 1171, 'time': 190.88999703790253, 'dt': 0.19634954084936207, 'total_energy': 4.823040990475468}
2026-06-08T12:36:08+12:00 scalar diagnostics {'step': 1172, 'time': 191.0863465787519, 'dt': 0.19634954084936207, 'total_energy': 4.816830222735996}
2026-06-08T12:36:08+12:00 scalar diagnostics {'step': 1173, 'time': 191.28269611960124, 'dt': 0.19634954084936207, 'total_energy': 4.810180895557701}
2026-06-08T12:36:08+12:00 scalar diagnostics {'step': 1175, 'time': 191.67539520129995, 'dt': 0.19634954084936207, 'total_energy': 4.7957833754779085}
2026-06-08T12:36:08+12:00 scalar diagnostics {'step': 1176, 'time': 191.8717447421493, 'dt': 0.19634954084936207, 'total_energy': 4.788218817178861}
2026-06-08T12:36:08+12:00 scalar diagnostics {'step': 1177, 'time': 192.06809428299866, 'dt': 0.19634954084936207, 'total_energy': 4.780548075290426}
2026-06-08T12:36:08+12:00 scalar diagnostics {'step': 1178, 'time': 192.264443823848, 'dt': 0.19634954084936207, 'total_energy': 4.772873797202907}
2026-06-08T12:36:08+12:00 scalar diagnostics {'step': 1180, 'time': 192.65714290554672, 'dt': 0.19634954084936207, 'total_energy': 4.757942407140252}
2026-06-08T12:36:08+12:00 scalar diagnostics {'step': 1181, 'time': 192.85349244639607, 'dt': 0.19634954084936207, 'total_energy': 4.750577971411191}
2026-06-08T12:36:08+12:00 scalar diagnostics {'step': 1182, 'time': 193.04984198724543, 'dt': 0.19634954084936207, 'total_energy': 4.7437452959047945}
2026-06-08T12:36:08+12:00 scalar diagnostics {'step': 1184, 'time': 193.44254106894414, 'dt': 0.19634954084936207, 'total_energy': 4.73198265652608}
2026-06-08T12:36:08+12:00 scalar diagnostics {'step': 1185, 'time': 193.6388906097935, 'dt': 0.19634954084936207, 'total_energy': 4.727148913462017}
2026-06-08T12:36:08+12:00 scalar diagnostics {'step': 1186, 'time': 193.83524015064285, 'dt': 0.19634954084936207, 'total_energy': 4.7230282879356835}
2026-06-08T12:36:08+12:00 scalar diagnostics {'step': 1187, 'time': 194.0315896914922, 'dt': 0.19634954084936207, 'total_energy': 4.719592683510066}
2026-06-08T12:36:08+12:00 scalar diagnostics {'step': 1189, 'time': 194.4242887731909, 'dt': 0.19634954084936207, 'total_energy': 4.714490911063741}
2026-06-08T12:36:08+12:00 scalar diagnostics {'step': 1190, 'time': 194.62063831404026, 'dt': 0.19634954084936207, 'total_energy': 4.7125838742502175}
2026-06-08T12:36:08+12:00 scalar diagnostics {'step': 1191, 'time': 194.81698785488962, 'dt': 0.19634954084936207, 'total_energy': 4.711060989685119}
2026-06-08T12:36:08+12:00 scalar diagnostics {'step': 1192, 'time': 195.01333739573897, 'dt': 0.19634954084936207, 'total_energy': 4.709490539220276}
2026-06-08T12:36:08+12:00 scalar diagnostics {'step': 1194, 'time': 195.40603647743768, 'dt': 0.19634954084936207, 'total_energy': 4.705394222186381}
2026-06-08T12:36:08+12:00 scalar diagnostics {'step': 1195, 'time': 195.60238601828704, 'dt': 0.19634954084936207, 'total_energy': 4.702535478865453}
2026-06-08T12:36:08+12:00 scalar diagnostics {'step': 1196, 'time': 195.7987355591364, 'dt': 0.19634954084936207, 'total_energy': 4.699022666893105}
2026-06-08T12:36:08+12:00 scalar diagnostics {'step': 1198, 'time': 196.1914346408351, 'dt': 0.19634954084936207, 'total_energy': 4.690181755419593}
2026-06-08T12:36:08+12:00 scalar diagnostics {'step': 1199, 'time': 196.38778418168445, 'dt': 0.19634954084936207, 'total_energy': 4.685072727925487}
2026-06-08T12:36:08+12:00 progress {'step': 1200, 'time': 196.5841337225338, 'dt': 0.19634954084936207}
2026-06-08T12:36:08+12:00 scalar diagnostics {'step': 1200, 'time': 196.5841337225338, 'dt': 0.19634954084936207, 'total_energy': 4.679669469832769}
2026-06-08T12:36:08+12:00 scalar diagnostics {'step': 1201, 'time': 196.78048326338316, 'dt': 0.19634954084936207, 'total_energy': 4.674745206880533}
2026-06-08T12:36:09+12:00 scalar diagnostics {'step': 1203, 'time': 197.17318234508187, 'dt': 0.19634954084936207, 'total_energy': 4.663940698758117}
2026-06-08T12:36:09+12:00 scalar diagnostics {'step': 1204, 'time': 197.36953188593122, 'dt': 0.19634954084936207, 'total_energy': 4.658006256771518}
2026-06-08T12:36:09+12:00 scalar diagnostics {'step': 1205, 'time': 197.56588142678058, 'dt': 0.19634954084936207, 'total_energy': 4.651642879729335}
2026-06-08T12:36:09+12:00 scalar diagnostics {'step': 1206, 'time': 197.76223096762993, 'dt': 0.19634954084936207, 'total_energy': 4.644801478684039}
2026-06-08T12:36:09+12:00 scalar diagnostics {'step': 1208, 'time': 198.15493004932864, 'dt': 0.19634954084936207, 'total_energy': 4.6295698402841055}
2026-06-08T12:36:09+12:00 scalar diagnostics {'step': 1209, 'time': 198.351279590178, 'dt': 0.19634954084936207, 'total_energy': 4.621157174846351}
2026-06-08T12:36:09+12:00 scalar diagnostics {'step': 1210, 'time': 198.54762913102735, 'dt': 0.19634954084936207, 'total_energy': 4.612219462308226}
2026-06-08T12:36:09+12:00 scalar diagnostics {'step': 1212, 'time': 198.94032821272606, 'dt': 0.19634954084936207, 'total_energy': 4.594041410206417}
2026-06-08T12:36:09+12:00 scalar diagnostics {'step': 1213, 'time': 199.1366777535754, 'dt': 0.19634954084936207, 'total_energy': 4.584266743079416}
2026-06-08T12:36:09+12:00 scalar diagnostics {'step': 1214, 'time': 199.33302729442477, 'dt': 0.19634954084936207, 'total_energy': 4.574185825840993}
2026-06-08T12:36:09+12:00 scalar diagnostics {'step': 1215, 'time': 199.52937683527412, 'dt': 0.19634954084936207, 'total_energy': 4.563928700409331}
2026-06-08T12:36:09+12:00 scalar diagnostics {'step': 1217, 'time': 199.92207591697283, 'dt': 0.19634954084936207, 'total_energy': 4.5433697138802955}
2026-06-08T12:36:09+12:00 progress {'step': 1218, 'time': 200.0, 'dt': 0.07792408302717035}
2026-06-08T12:36:09+12:00 scalar diagnostics {'step': 1218, 'time': 200.0, 'dt': 0.07792408302717035, 'total_energy': 4.539345221617152}
2026-06-08T12:36:09+12:00 run complete {'backend': 'numpy', 'equation_set': 'inhomogeneous_rmhd_s', 'equation_mode': 'nonlinear', 'grid': [16, 16, 16], 'steps': 1218, 't_final': 200.0, 'dt_last': 0.07792408302717035, 'total_energy_initial': 0.7500000000000001, 'total_energy_final': 4.539345221617152, 'psi_hat_max_abs': 213.21949123856845, 'output_dir': 'C:\\Users\\naoki\\Downloads\\rmhd-gpu-new\\examples\\outputs_nokia_rmhd_s_12', 'scalar_diagnostics_csv': 'C:\\Users\\naoki\\Downloads\\rmhd-gpu-new\\examples\\outputs_nokia_rmhd_s_12\\scalar_diagnostics.csv'}
